;grid_import_el;pv_el;grid_export_el;gas_import;hp_heat;boiler_heat;heat_demand
2025-01-01 00:00:00;94.421149;0.0;0.0;0.0;344.27;0.0;344.27
2025-01-01 01:00:00;102.37483;0.0;0.0;0.0;373.27;0.0;373.27
2025-01-01 02:00:00;102.37483;0.0;0.0;-1.0579649e-12;373.27;-1.1755165e-12;373.27
2025-01-01 03:00:00;102.37483;0.0;0.0;-8.8836932e-12;373.27;-9.8707702e-12;373.27
2025-01-01 04:00:00;101.55203;0.0;0.0;0.0;370.27;0.0;370.27
2025-01-01 05:00:00;101.55203;0.0;0.0;-6.7741635e-12;370.27;-7.5268483e-12;370.27
2025-01-01 06:00:00;101.55203;0.0;0.0;-6.7401187e-12;370.27;-7.4890208e-12;370.27
2025-01-01 07:00:00;105.66601;0.0;0.0;0.0;385.27;0.0;385.27
2025-01-01 08:00:00;105.66601;0.0;0.0;0.0;385.27;0.0;385.27
2025-01-01 09:00:00;105.66601;0.0;0.0;-5.262539e-12;385.27;-5.8472656e-12;385.27
2025-01-01 10:00:00;99.149474;0.0;0.0;0.0;361.51;0.0;361.51
2025-01-01 11:00:00;99.149474;0.0;0.0;-2.7970913e-12;361.51;-3.1078793e-12;361.51
2025-01-01 12:00:00;99.149474;0.0;0.0;0.0;361.51;0.0;361.51
2025-01-01 13:00:00;102.64635;0.0;0.0;0.0;374.26;0.0;374.26
2025-01-01 14:00:00;102.64635;0.0;0.0;-1.4893761e-12;374.26;-1.6548623e-12;374.26
2025-01-01 15:00:00;102.64635;0.0;0.0;-2.1159297e-12;374.26;-2.351033e-12;374.26
2025-01-01 16:00:00;93.872619;0.0;0.0;0.0;342.27;0.0;342.27
2025-01-01 17:00:00;93.872619;0.0;0.0;-1.0579649e-12;342.27;-1.1755165e-12;342.27
2025-01-01 18:00:00;93.872619;0.0;0.0;-2.1159297e-12;342.27;-2.351033e-12;342.27
2025-01-01 19:00:00;78.516532;0.0;0.0;0.0;286.28;0.0;286.28
2025-01-01 20:00:00;78.516532;0.0;0.0;-1.0579649e-12;286.28;-1.1755165e-12;286.28
2025-01-01 21:00:00;78.516532;0.0;0.0;-2.1159297e-12;286.28;-2.351033e-12;286.28
2025-01-01 22:00:00;89.215603;0.0;0.0;0.0;325.29;0.0;325.29
2025-01-01 23:00:00;89.215603;0.0;0.0;-1.0579649e-12;325.29;-1.1755165e-12;325.29
2025-01-02 00:00:00;89.215603;0.0;0.0;-2.1159297e-12;325.29;-2.351033e-12;325.29
2025-01-02 01:00:00;105.66875;0.0;0.0;0.0;385.28;0.0;385.28
2025-01-02 02:00:00;105.66875;0.0;0.0;-1.0579649e-12;385.28;-1.1755165e-12;385.28
2025-01-02 03:00:00;105.66875;0.0;0.0;-2.1159297e-12;385.28;-2.351033e-12;385.28
2025-01-02 04:00:00;121.30459;0.0;0.0;0.0;442.29;0.0;442.29
2025-01-02 05:00:00;121.30459;0.0;0.0;-1.0579649e-12;442.29;-1.1755165e-12;442.29
2025-01-02 06:00:00;121.30459;0.0;-2.5717002e-10;-2.1159297e-12;442.29;-2.351033e-12;442.29
2025-01-02 07:00:00;132.23678;0.0;-2.5809659e-10;13.59;482.15;15.1;497.25
2025-01-02 08:00:00;132.23678;0.0;-5.2370299e-13;13.59;482.15;15.1;497.25
2025-01-02 09:00:00;132.23678;0.0;-5.2370299e-13;13.59;482.15;15.1;497.25
2025-01-02 10:00:00;132.03678;0.2;0.0;0.108;482.15;0.12;482.27
2025-01-02 11:00:00;129.40678;2.8299999999999996;0.0;0.108;482.15;0.12;482.27
2025-01-02 12:00:00;126.40678;5.83;0.0;0.108;482.15;0.12;482.27
2025-01-02 13:00:00;95.334938;23.6;0.0;0.0;433.65;0.0;433.65
2025-01-02 14:00:00;101.23494;17.7;0.0;-1.1337989e-12;433.65;-1.2597765e-12;433.65
2025-01-02 15:00:00;106.03494;12.899999999999999;0.0;0.0;433.65;0.0;433.65
2025-01-02 16:00:00;103.78787;13.4;0.0;0.0;427.28;0.0;427.28
2025-01-02 17:00:00;112.45787;4.73;0.0;0.0;427.28;0.0;427.28
2025-01-02 18:00:00;117.18787;0.0;-5.2370299e-13;0.0;427.28;0.0;427.28
2025-01-02 19:00:00;117.45117;0.0;-5.2370299e-13;0.0;428.24;0.0;428.24
2025-01-02 20:00:00;117.45117;0.0;-5.2370299e-13;0.0;428.24;0.0;428.24
2025-01-02 21:00:00;117.45117;0.0;-5.2370299e-13;0.0;428.24;0.0;428.24
2025-01-02 22:00:00;122.39067;0.0;-5.2370299e-13;0.0;446.25;0.0;446.25000000000006
2025-01-02 23:00:00;122.39067;0.0;-2.6325503e-10;-1.0579649e-12;446.25;-1.1755165e-12;446.25000000000006
2025-01-03 00:00:00;122.39067;0.0;-2.635774e-10;-2.1159297e-12;446.25;-2.351033e-12;446.25000000000006
2025-01-03 01:00:00;124.59028;0.0;-2.6486704e-10;0.0;454.27;0.0;454.27
2025-01-03 02:00:00;124.59028;0.0;-2.7163749e-10;-1.0579649e-12;454.27;-1.1755165e-12;454.27
2025-01-03 03:00:00;124.59028;0.0;-2.7228231e-10;-2.1159297e-12;454.27;-2.351033e-12;454.27
2025-01-03 04:00:00;123.49048;0.0;-2.7772249e-10;0.0;450.26;0.0;450.26
2025-01-03 05:00:00;123.49048;0.0;-2.8582323e-10;-1.0579649e-12;450.26;-1.1755165e-12;450.26
2025-01-03 06:00:00;123.49048;0.0;-2.8646804e-10;-2.1159297e-12;450.26;-2.351033e-12;450.26
2025-01-03 07:00:00;132.23678;0.0;-2.8739458e-10;32.472;482.15;36.08;518.23
2025-01-03 08:00:00;132.23678;0.0;-2.9259369e-10;32.472;482.15;36.08;518.23
2025-01-03 09:00:00;132.23678;0.0;-2.9549531e-10;32.472;482.15;36.08;518.23
2025-01-03 10:00:00;128.23678;4.0;-4.4215978e-13;20.565;482.15;22.85;505.0
2025-01-03 11:00:00;99.536782;32.7;-1.5920092e-13;20.565;482.15;22.85;505.0
2025-01-03 12:00:00;60.836782;71.4;0.0;20.565;482.15;22.85;505.0
2025-01-03 13:00:00;45.623252;84.2;0.0;0.0;473.35;0.0;473.35
2025-01-03 14:00:00;66.923252;62.900000000000006;-2.1801125e-12;-1.0579649e-12;473.35;-1.1755165e-12;473.35
2025-01-03 15:00:00;96.823252;33.0;0.0;-2.1159297e-12;473.35;-2.351033e-12;473.35
2025-01-03 16:00:00;112.82808;15.1;0.0;0.0;466.44;0.0;466.44
2025-01-03 17:00:00;126.19808;1.7300000000000002;0.0;-1.0579649e-12;466.44;-1.1755165e-12;466.44
2025-01-03 18:00:00;127.92808;0.0;-5.2370299e-13;-2.1159297e-12;466.44;-2.351033e-12;466.44
2025-01-03 19:00:00;119.64254;0.0;-5.2370299e-13;0.0;436.23;0.0;436.23
2025-01-03 20:00:00;119.64254;0.0;-5.2370299e-13;-1.0579649e-12;436.23;-1.1755165e-12;436.23
2025-01-03 21:00:00;119.64254;0.0;-2.3282811e-10;-2.1159297e-12;436.23;-2.351033e-12;436.23
2025-01-03 22:00:00;121.29636;0.0;-3.0806903e-10;0.0;442.26;0.0;442.26
2025-01-03 23:00:00;121.29636;0.0;-3.1000343e-10;-1.0579649e-12;442.26;-1.1755165e-12;442.26
2025-01-04 00:00:00;121.29636;0.0;-3.180635e-10;-2.1159297e-12;442.26;-2.351033e-12;442.26
2025-01-04 01:00:00;122.11641;0.0;-3.3515085e-10;0.0;445.25;0.0;445.24999999999994
2025-01-04 02:00:00;122.11641;0.0;-3.3869728e-10;-1.0579649e-12;445.25;-1.1755165e-12;445.24999999999994
2025-01-04 03:00:00;122.11641;0.0;-3.4417813e-10;-2.1159297e-12;445.25;-2.351033e-12;445.24999999999994
2025-01-04 04:00:00;122.94469;0.0;-3.4740216e-10;0.0;448.27;0.0;448.27000000000004
2025-01-04 05:00:00;122.94469;0.0;-3.5578457e-10;-1.0579649e-12;448.27;-1.1755165e-12;448.27000000000004
2025-01-04 06:00:00;122.94469;0.0;-2.5431219e-12;-2.1159297e-12;448.27;-2.351033e-12;448.27000000000004
2025-01-04 07:00:00;126.49093;0.0;-5.2370299e-13;0.0;461.2;0.0;461.2
2025-01-04 08:00:00;126.49093;0.0;-5.2370299e-13;-1.0579649e-12;461.2;-1.1755165e-12;461.2
2025-01-04 09:00:00;126.49093;0.0;-5.2370299e-13;-2.1159297e-12;461.2;-2.351033e-12;461.2
2025-01-04 10:00:00;116.97584;2.9300000000000006;0.0;0.0;437.19;0.0;437.19
2025-01-04 11:00:00;109.30584;10.6;0.0;0.0;437.19;0.0;437.19
2025-01-04 12:00:00;101.30584;18.6;0.0;0.0;437.19;0.0;437.19
2025-01-04 13:00:00;95.591452;21.1;0.0;0.0;425.47;0.0;425.47
2025-01-04 14:00:00;94.091452;22.600000000000005;0.0;0.0;425.47;0.0;425.47
2025-01-04 15:00:00;94.491452;22.2;0.0;0.0;425.47;0.0;425.47
2025-01-04 16:00:00;107.51393;18.7;0.0;0.0;460.19;0.0;460.19
2025-01-04 17:00:00;123.66393;2.55;0.0;0.0;460.19;0.0;460.19
2025-01-04 18:00:00;126.21393;0.0;-5.2370299e-13;-1.2187962e-12;460.19;-1.3542179e-12;460.19
2025-01-04 19:00:00;123.21621;0.0;-5.2370299e-13;0.0;449.26;0.0;449.26
2025-01-04 20:00:00;123.21621;0.0;-5.2370299e-13;0.0;449.26;0.0;449.26
2025-01-04 21:00:00;123.21621;0.0;-5.2370299e-13;-1.0579649e-12;449.26;-1.1755165e-12;449.26
2025-01-04 22:00:00;127.62639;0.0;-5.2370299e-13;0.0;465.34;0.0;465.34
2025-01-04 23:00:00;127.62639;0.0;-3.4490778e-10;-1.0579649e-12;465.34;-1.1755165e-12;465.34
2025-01-05 00:00:00;127.62639;0.0;-5.2370299e-13;-2.0938701e-12;465.34;-2.3265224e-12;465.34
2025-01-05 01:00:00;127.33018;0.0;-3.5642941e-10;0.0;464.26;0.0;464.26000000000005
2025-01-05 02:00:00;127.33018;0.0;-3.5739665e-10;-1.0579649e-12;464.26;-1.1755165e-12;464.26000000000005
2025-01-05 03:00:00;127.33018;0.0;-3.6674632e-10;-2.1159297e-12;464.26;-2.351033e-12;464.26000000000005
2025-01-05 04:00:00;131.71842;0.0;-3.6739114e-10;0.0;480.26;0.0;480.26
2025-01-05 05:00:00;131.71842;0.0;-3.6964796e-10;-6.9188551e-10;480.26;-7.6876168e-10;480.26
2025-01-05 06:00:00;131.71842;0.0;-3.7190478e-10;-6.7819629e-10;480.26;-7.5355143e-10;480.26
2025-01-05 07:00:00;127.04221;0.0;-3.7545121e-10;0.0;463.21;0.0;463.21
2025-01-05 08:00:00;127.04221;0.0;-3.7674082e-10;0.0;463.21;0.0;463.21
2025-01-05 09:00:00;127.04221;0.0;-3.7738563e-10;-1.0579649e-12;463.21;-1.1755165e-12;463.21
2025-01-05 10:00:00;103.38413;0.65;-6.4480565e-13;0.0;379.32;0.0;379.32
2025-01-05 11:00:00;101.30413;2.73;-2.016155e-12;-1.0579649e-12;379.32;-1.1755165e-12;379.32
2025-01-05 12:00:00;100.93413;3.1;-4.8258247e-13;-2.1159297e-12;379.32;-2.351033e-12;379.32
2025-01-05 13:00:00;52.993334;8.25;-1.4904995e-12;0.0;223.3;0.0;223.30000000000004
2025-01-05 14:00:00;49.443334;11.8;0.0;-1.0579649e-12;223.3;-1.1755165e-12;223.30000000000004
2025-01-05 15:00:00;54.713334;6.53;0.0;-2.1159297e-12;223.3;-2.351033e-12;223.30000000000004
2025-01-05 16:00:00;49.336448;4.03;0.0;0.0;194.58;0.0;194.58
2025-01-05 17:00:00;51.636448;1.7300000000000002;0.0;-1.0579649e-12;194.58;-1.1755165e-12;194.58
2025-01-05 18:00:00;53.366448;0.0;-3.7831217e-10;-1.1565049e-09;194.58;-1.2850055e-09;194.58
2025-01-05 19:00:00;51.339631;0.0;-3.7996484e-10;0.0;187.19;0.0;187.19
2025-01-05 20:00:00;51.339631;0.0;0.0;0.0;187.19;0.0;187.19
2025-01-05 21:00:00;51.339631;0.0;0.0;-1.0579649e-12;187.19;-1.1755165e-12;187.19
2025-01-05 22:00:00;53.594088;0.0;0.0;0.0;195.41;0.0;195.41
2025-01-05 23:00:00;53.594088;0.0;0.0;-1.0579715e-12;195.41;-1.1755238e-12;195.41
2025-01-06 00:00:00;53.594088;0.0;0.0;-2.1159363e-12;195.41;-2.3510404e-12;195.41
2025-01-06 01:00:00;53.300625;0.0;0.0;0.0;194.34;0.0;194.34
2025-01-06 02:00:00;53.300625;0.0;0.0;-1.0580175e-12;194.34;-1.175575e-12;194.34
2025-01-06 03:00:00;53.300625;0.0;0.0;-2.1159824e-12;194.34;-2.3510916e-12;194.34
2025-01-06 04:00:00;58.152369;0.0;0.0;0.0;212.03;0.0;212.03
2025-01-06 05:00:00;58.152369;0.0;0.0;-1.0579649e-12;212.03;-1.1755165e-12;212.03
2025-01-06 06:00:00;58.152369;0.0;0.0;-2.1159297e-12;212.03;-2.351033e-12;212.03
2025-01-06 07:00:00;72.732287;0.0;0.0;-1.0512656e-12;265.19;-1.1680729e-12;265.19
2025-01-06 08:00:00;72.732287;0.0;0.0;-2.1092304e-12;265.19;-2.3435894e-12;265.19
2025-01-06 09:00:00;72.732287;0.0;0.0;-3.1671953e-12;265.19;-3.5191059e-12;265.19
2025-01-06 10:00:00;67.444461;0.0;0.0;-1.0516477e-12;245.91;-1.1684974e-12;245.90999999999997
2025-01-06 11:00:00;67.444461;0.0;0.0;-7.1382496e-12;245.91;-7.9313884e-12;245.90999999999997
2025-01-06 12:00:00;67.443277;0.0;0.0;0.0;245.91;0.0;245.90999999999997
2025-01-06 13:00:00;64.378181;0.0;0.0;0.0;234.73;0.0;234.73
2025-01-06 14:00:00;64.378181;0.0;0.0;-1.0579649e-12;234.73;-1.1755165e-12;234.73
2025-01-06 15:00:00;64.378181;0.0;0.0;-2.1159297e-12;234.73;-2.351033e-12;234.73
2025-01-06 16:00:00;87.279293;0.0;0.0;0.0;318.23;0.0;318.23
2025-01-06 17:00:00;87.279293;0.0;0.0;-1.0579665e-12;318.23;-1.1755184e-12;318.23
2025-01-06 18:00:00;87.279293;0.0;0.0;-2.1159314e-12;318.23;-2.3510349e-12;318.23
2025-01-06 19:00:00;86.533293;0.0;0.0;0.0;315.51;0.0;315.51
2025-01-06 20:00:00;86.533293;0.0;0.0;-6.0866019e-12;315.51;-6.762891e-12;315.51
2025-01-06 21:00:00;86.533293;0.0;0.0;-2.1159297e-12;315.51;-2.351033e-12;315.51
2025-01-06 22:00:00;89.328051;0.0;0.0;0.0;325.7;0.0;325.7
2025-01-06 23:00:00;89.328051;0.0;0.0;-1.0579649e-12;325.7;-1.1755165e-12;325.7
2025-01-07 00:00:00;89.328051;0.0;0.0;-2.1159297e-12;325.7;-2.351033e-12;325.7
2025-01-07 01:00:00;100.167;0.0;0.0;0.0;365.22;0.0;365.22
2025-01-07 02:00:00;100.167;0.0;0.0;-1.0579649e-12;365.22;-1.1755165e-12;365.22
2025-01-07 03:00:00;100.167;0.0;0.0;-2.1159297e-12;365.22;-2.351033e-12;365.22
2025-01-07 04:00:00;110.31205;0.0;0.0;0.0;402.21;0.0;402.21
2025-01-07 05:00:00;110.31205;0.0;0.0;-1.0579122e-12;402.21;-1.175458e-12;402.21
2025-01-07 06:00:00;110.31205;0.0;-9.9272924e-11;-2.1158771e-12;402.21;-2.3509745e-12;402.21
2025-01-07 07:00:00;132.23678;0.0;-9.9554668e-11;70.065;482.15;77.85;560.0
2025-01-07 08:00:00;132.23678;0.0;-1.0056253e-10;70.065;482.15;77.85;560.0
2025-01-07 09:00:00;132.23678;0.0;-1.0475377e-10;70.065;482.15;77.85;560.0
2025-01-07 10:00:00;128.51678;3.7200000000000006;0.0;85.365;482.15;94.85;577.0
2025-01-07 11:00:00;115.83678;16.4;-6.0401698e-13;85.365;482.15;94.85;577.0
2025-01-07 12:00:00;105.73678;26.5;0.0;85.365;482.15;94.85;577.0
2025-01-07 13:00:00;93.236782;39.0;0.0;53.865;482.15;59.85;542.0
2025-01-07 14:00:00;88.936782;43.3;0.0;53.865;482.15;59.85;542.0
2025-01-07 15:00:00;99.436782;32.8;-1.5919797e-13;53.865;482.15;59.85;542.0
2025-01-07 16:00:00;117.21746;7.68;-1.8539318e-12;0.0;455.39;0.0;455.39
2025-01-07 17:00:00;124.43046;0.467;-3.2240282e-13;-1.0579649e-12;455.39;-1.1755165e-12;455.39
2025-01-07 18:00:00;124.89746;0.0;-1.1571542e-10;-2.1159297e-12;455.39;-2.351033e-12;455.39
2025-01-07 19:00:00;107.04556;0.0;-1.189395e-10;0.0;390.3;0.0;390.3
2025-01-07 20:00:00;107.04556;0.0;-1.2728131e-10;-1.0579649e-12;390.3;-1.1755165e-12;390.3
2025-01-07 21:00:00;107.04556;0.0;-1.3211734e-10;-2.1159297e-12;390.3;-2.351033e-12;390.3
2025-01-07 22:00:00;105.66326;0.0;-1.3630858e-10;0.0;385.26;0.0;385.26
2025-01-07 23:00:00;105.66326;0.0;-1.3925087e-10;-1.0579649e-12;385.26;-1.1755165e-12;385.26
2025-01-08 00:00:00;105.66326;0.0;-1.3953261e-10;-2.1159297e-12;385.26;-2.351033e-12;385.26
2025-01-08 01:00:00;108.40591;0.0;-1.4017741e-10;0.0;395.26;0.0;395.26
2025-01-08 02:00:00;108.40591;0.0;-1.4146703e-10;-1.0579649e-12;395.26;-1.1755165e-12;395.26
2025-01-08 03:00:00;108.40591;0.0;-1.4634374e-10;-2.1159297e-12;395.26;-2.351033e-12;395.26
2025-01-08 04:00:00;120.47631;0.0;-1.4694788e-10;0.0;439.27;0.0;439.27
2025-01-08 05:00:00;120.47631;0.0;-1.4791508e-10;-1.0579649e-12;439.27;-1.1755165e-12;439.27
2025-01-08 06:00:00;120.47631;0.0;-1.5343661e-10;-2.1159297e-12;439.27;-2.351033e-12;439.27
2025-01-08 07:00:00;132.23678;0.0;-1.5375897e-10;97.425;482.15;108.25;590.4
2025-01-08 08:00:00;132.23678;0.0;-5.2370299e-13;97.425;482.15;108.25;590.4
2025-01-08 09:00:00;132.23678;0.0;-2.4121058e-10;97.425;482.15;108.25;590.4
2025-01-08 10:00:00;128.01678;4.22;-1.8539318e-12;83.565;482.15;92.85;575.0
2025-01-08 11:00:00;112.33678;19.9;-1.4586064e-12;83.565;482.15;92.85;575.0
2025-01-08 12:00:00;110.03678;22.2;-3.2240282e-13;83.565;482.15;92.85;575.0
2025-01-08 13:00:00;108.33678;23.9;-2.1770902e-12;31.365;482.15;34.85;517.0
2025-01-08 14:00:00;109.23678;23.0;-3.2240282e-13;31.365;482.15;34.85;517.0
2025-01-08 15:00:00;114.23678;18.0;0.0;31.365;482.15;34.85;517.0
2025-01-08 16:00:00;116.25206;5.9;0.0;0.0;445.38;0.0;445.38
2025-01-08 17:00:00;121.00206;1.15;0.0;0.0;445.38;0.0;445.38
2025-01-08 18:00:00;122.15206;0.0;-5.2370299e-13;0.0;445.38;0.0;445.38
2025-01-08 19:00:00;127.64559;0.0;-5.2370299e-13;0.0;465.41;0.0;465.41
2025-01-08 20:00:00;127.64559;0.0;-5.2370299e-13;-1.0579649e-12;465.41;-1.1755165e-12;465.41
2025-01-08 21:00:00;127.64559;0.0;-5.2370299e-13;-2.1159297e-12;465.41;-2.351033e-12;465.41
2025-01-08 22:00:00;126.78988;0.0;-5.2370299e-13;0.0;462.29;0.0;462.29
2025-01-08 23:00:00;126.78988;0.0;-1.5577384e-10;-1.0579649e-12;462.29;-1.1755165e-12;462.29
2025-01-09 00:00:00;126.78988;0.0;-1.8374242e-10;-2.1159297e-12;462.29;-2.351033e-12;462.29
2025-01-09 01:00:00;130.0838;0.0;-1.8503205e-10;0.0;474.3;0.0;474.3
2025-01-09 02:00:00;130.0838;0.0;-1.8890092e-10;-1.0579649e-12;474.3;-1.1755165e-12;474.3
2025-01-09 03:00:00;130.0838;0.0;-1.8954571e-10;-2.1159297e-12;474.3;-2.351033e-12;474.3
2025-01-09 04:00:00;132.23678;0.0;-1.9341456e-10;19.26;482.15;21.4;503.55
2025-01-09 05:00:00;132.23678;0.0;-1.9070544e-10;19.26;482.15;21.4;503.55
2025-01-09 06:00:00;132.23678;0.0;-5.2370299e-13;19.26;482.15;21.4;503.55
2025-01-09 07:00:00;132.23678;0.0;-5.2370299e-13;159.165;482.15;176.85;659.0
2025-01-09 08:00:00;132.23678;0.0;-5.2370299e-13;159.165;482.15;176.85;659.0
2025-01-09 09:00:00;132.23678;0.0;-5.2370299e-13;159.165;482.15;176.85;659.0
2025-01-09 10:00:00;132.23678;0.0;-5.2370299e-13;174.465;482.15;193.85;676.0
2025-01-09 11:00:00;132.23678;0.0;-5.2370299e-13;174.465;482.15;193.85;676.0
2025-01-09 12:00:00;132.23678;0.0;-5.2370299e-13;174.465;482.15;193.85;676.0
2025-01-09 13:00:00;132.23678;0.0;-5.2370299e-13;171.765;482.15;190.85;673.0
2025-01-09 14:00:00;132.23678;0.0;-5.2370299e-13;171.765;482.15;190.85;673.0
2025-01-09 15:00:00;132.23678;0.0;-5.2370299e-13;171.765;482.15;190.85;673.0
2025-01-09 16:00:00;132.23678;0.0;-5.2370299e-13;54.693;482.15;60.77;542.92
2025-01-09 17:00:00;132.23678;0.0;-5.2370299e-13;54.693;482.15;60.77;542.92
2025-01-09 18:00:00;132.23678;0.0;-5.2370299e-13;54.693;482.15;60.77;542.92
2025-01-09 19:00:00;128.94012;0.0;-5.2370299e-13;0.0;470.13;0.0;470.12999999999994
2025-01-09 20:00:00;128.94012;0.0;-5.2370299e-13;-1.0579649e-12;470.13;-1.1755165e-12;470.12999999999994
2025-01-09 21:00:00;128.94012;0.0;-3.9455339e-10;-2.1159297e-12;470.13;-2.351033e-12;470.12999999999994
2025-01-09 22:00:00;131.44964;0.0;-2.1630511e-10;0.0;479.28;0.0;479.28000000000003
2025-01-09 23:00:00;131.44964;0.0;-2.1888437e-10;-1.0579649e-12;479.28;-1.1755165e-12;479.28000000000003
2025-01-10 00:00:00;131.44964;0.0;-2.2823405e-10;-2.1159297e-12;479.28;-2.351033e-12;479.28000000000003
2025-01-10 01:00:00;130.34161;0.0;-2.3468212e-10;0.0;475.24;0.0;475.24000000000007
2025-01-10 02:00:00;130.34161;0.0;-2.417343e-10;-1.0579649e-12;475.24;-1.1755165e-12;475.24000000000007
2025-01-10 03:00:00;130.34161;0.0;-2.4270151e-10;-2.1159297e-12;475.24;-2.351033e-12;475.24000000000007
2025-01-10 04:00:00;132.23678;0.0;-2.4753755e-10;24.723;482.15;27.47;509.62000000000006
2025-01-10 05:00:00;132.23678;0.0;-2.5241427e-10;24.723;482.15;27.47;509.62000000000006
2025-01-10 06:00:00;132.23678;0.0;-2.553159e-10;24.723;482.15;27.47;509.62000000000006
2025-01-10 07:00:00;132.23678;0.0;-5.2370299e-13;178.065;482.15;197.85;680.0
2025-01-10 08:00:00;132.23678;0.0;-5.2370299e-13;178.065;482.15;197.85;680.0
2025-01-10 09:00:00;132.23678;0.0;-5.2370299e-13;178.065;482.15;197.85;680.0
2025-01-10 10:00:00;132.23678;0.0;-5.2370299e-13;162.765;482.15;180.85;663.0
2025-01-10 11:00:00;132.23678;0.0;-5.2370299e-13;162.765;482.15;180.85;663.0
2025-01-10 12:00:00;132.23678;0.0;-9.5162105e-11;162.765;482.15;180.85;663.0
2025-01-10 13:00:00;132.13678;0.1;-4.5136395e-12;108.468;482.15;120.52;602.67
2025-01-10 14:00:00;131.08678;1.15;0.0;108.468;482.15;120.52;602.67
2025-01-10 15:00:00;130.55678;1.6799999999999997;0.0;108.468;482.15;120.52;602.67
2025-01-10 16:00:00;131.31178;0.9249999999999999;0.0;41.337;482.15;45.93;528.08
2025-01-10 17:00:00;132.13678;0.1;0.0;41.337;482.15;45.93;528.08
2025-01-10 18:00:00;132.23678;0.0;-5.2370299e-13;41.337;482.15;45.93;528.08
2025-01-10 19:00:00;132.23678;0.0;-5.2370299e-13;28.908;482.15;32.12;514.27
2025-01-10 20:00:00;132.23678;0.0;-5.2370299e-13;28.908;482.15;32.12;514.27
2025-01-10 21:00:00;132.23678;0.0;-5.2370299e-13;28.908;482.15;32.12;514.27
2025-01-10 22:00:00;132.23678;0.0;-5.2370299e-13;14.481;482.15;16.09;498.24
2025-01-10 23:00:00;132.23678;0.0;-5.2370299e-13;14.481;482.15;16.09;498.24
2025-01-11 00:00:00;132.23678;0.0;-3.5634094e-11;14.481;482.15;16.09;498.24
2025-01-11 01:00:00;132.23678;0.0;-2.5757272e-10;19.008;482.15;21.12;503.27
2025-01-11 02:00:00;132.23678;0.0;-2.5821751e-10;19.008;482.15;21.12;503.27
2025-01-11 03:00:00;132.23678;0.0;-2.6788961e-10;19.008;482.15;21.12;503.27
2025-01-11 04:00:00;132.23678;0.0;-2.7196432e-10;14.472;482.15;16.08;498.23
2025-01-11 05:00:00;132.23678;0.0;-2.7551075e-10;14.472;482.15;16.08;498.23
2025-01-11 06:00:00;132.23678;0.0;-2.7680036e-10;14.472;482.15;16.08;498.23
2025-01-11 07:00:00;132.23678;0.0;-2.816364e-10;35.145;482.15;39.05;521.2
2025-01-11 08:00:00;132.23678;0.0;-1.2998161e-10;35.145;482.15;39.05;521.2
2025-01-11 09:00:00;132.23678;0.0;-2.8268403e-10;35.145;482.15;39.05;521.2
2025-01-11 10:00:00;132.23678;0.0;-2.8937403e-10;17.208;482.15;19.12;501.27
2025-01-11 11:00:00;132.23678;0.0;-2.9453249e-10;17.208;482.15;19.12;501.27
2025-01-11 12:00:00;132.23678;0.0;-2.9614453e-10;17.208;482.15;19.12;501.27
2025-01-11 13:00:00;132.23678;0.0;-2.9678934e-10;35.136;482.15;39.04;521.19
2025-01-11 14:00:00;132.06978;0.167;0.0;35.136;482.15;39.04;521.19
2025-01-11 15:00:00;132.13678;0.1;-4.1912367e-12;35.136;482.15;39.04;521.19
2025-01-11 16:00:00;132.03678;0.2;-2.5792226e-12;35.145;482.15;39.05;521.2
2025-01-11 17:00:00;132.23678;0.0;-5.2370299e-13;35.145;482.15;39.05;521.2
2025-01-11 18:00:00;132.23678;0.0;-5.2370299e-13;35.145;482.15;39.05;521.2
2025-01-11 19:00:00;132.23678;0.0;-5.2370299e-13;15.426;482.15;17.14;499.28999999999996
2025-01-11 20:00:00;132.23678;0.0;-5.2370299e-13;15.426;482.15;17.14;499.28999999999996
2025-01-11 21:00:00;132.23678;0.0;-3.7811085e-10;15.426;482.15;17.14;499.28999999999996
2025-01-11 22:00:00;132.23678;0.0;-1.9812071e-10;12.906;482.15;14.34;496.49
2025-01-11 23:00:00;132.23678;0.0;-4.0003424e-10;12.906;482.15;14.34;496.49
2025-01-12 00:00:00;132.23678;0.0;-3.1000786e-10;12.906;482.15;14.34;496.49
2025-01-12 01:00:00;132.23678;0.0;-3.141991e-10;14.499;482.15;16.11;498.26
2025-01-12 02:00:00;132.23678;0.0;-3.1581111e-10;14.499;482.15;16.11;498.26
2025-01-12 03:00:00;132.23678;0.0;-3.1774552e-10;14.499;482.15;16.11;498.26
2025-01-12 04:00:00;132.23678;0.0;-3.2225915e-10;17.199;482.15;19.11;501.26
2025-01-12 05:00:00;132.23678;0.0;-3.254832e-10;17.199;482.15;19.11;501.26
2025-01-12 06:00:00;132.23678;0.0;-3.2677279e-10;17.199;482.15;19.11;501.26
2025-01-12 07:00:00;132.23678;0.0;-3.432153e-10;10.908;482.15;12.12;494.27000000000004
2025-01-12 08:00:00;132.23678;0.0;-5.2370299e-13;10.908;482.15;12.12;494.27000000000004
2025-01-12 09:00:00;132.23678;0.0;-5.2370299e-13;10.908;482.15;12.12;494.27000000000004
2025-01-12 10:00:00;129.80405;0.0;-5.2370299e-13;0.0;473.28;0.0;473.28
2025-01-12 11:00:00;129.80405;0.0;-3.8230208e-10;-1.0579649e-12;473.28;-1.1755165e-12;473.28
2025-01-12 12:00:00;129.65405;0.15;0.0;-2.0938701e-12;473.28;-2.3265224e-12;473.28
2025-01-12 13:00:00;123.7658;0.35;-1.531542e-12;0.0;452.54;0.0;452.5400000000001
2025-01-12 14:00:00;123.8408;0.275;0.0;-1.0579649e-12;452.54;-1.1755165e-12;452.5400000000001
2025-01-12 15:00:00;123.7158;0.4;0.0;-2.1159297e-12;452.54;-2.351033e-12;452.5400000000001
2025-01-12 16:00:00;127.13567;0.2;0.0;0.0;464.28;0.0;464.28000000000003
2025-01-12 17:00:00;127.33567;0.0;-5.2370299e-13;-1.0579649e-12;464.28;-1.1755165e-12;464.28000000000003
2025-01-12 18:00:00;127.33567;0.0;-5.2370299e-13;-2.7284802e-12;464.28;-3.0316447e-12;464.28000000000003
2025-01-12 19:00:00;129.8068;0.0;-5.2370299e-13;0.0;473.29;0.0;473.29
2025-01-12 20:00:00;129.8068;0.0;-5.2370299e-13;-1.0579665e-12;473.29;-1.1755184e-12;473.29
2025-01-12 21:00:00;129.8068;0.0;-5.2370299e-13;-2.1159314e-12;473.29;-2.3510349e-12;473.29
2025-01-12 22:00:00;132.23678;0.0;-5.2370299e-13;7.542;482.15;8.38;490.53000000000003
2025-01-12 23:00:00;132.23678;0.0;-5.2370299e-13;7.542;482.15;8.38;490.53000000000003
2025-01-13 00:00:00;132.23678;0.0;-5.2370299e-13;7.542;482.15;8.38;490.53000000000003
2025-01-13 01:00:00;132.23678;0.0;-3.4780498e-10;42.426;482.15;47.14;529.29
2025-01-13 02:00:00;132.23678;0.0;-3.1459749e-10;42.426;482.15;47.14;529.29
2025-01-13 03:00:00;132.23678;0.0;-3.5063058e-10;42.426;482.15;47.14;529.29
2025-01-13 04:00:00;132.23678;0.0;-3.5643383e-10;87.552;482.15;97.28;579.43
2025-01-13 05:00:00;132.23678;0.0;-4.2764878e-10;87.552;482.15;97.28;579.43
2025-01-13 06:00:00;132.23678;0.0;-5.2370299e-13;87.552;482.15;97.28;579.43
2025-01-13 07:00:00;132.23678;0.0;-5.2370299e-13;316.665;482.15;351.85;834.0
2025-01-13 08:00:00;132.23678;0.0;-5.2370299e-13;316.665;482.15;351.85;834.0
2025-01-13 09:00:00;132.23678;0.0;-5.2370299e-13;316.665;482.15;351.85;834.0
2025-01-13 10:00:00;132.13678;0.1;0.0;286.965;482.15;318.85;801.0
2025-01-13 11:00:00;130.75678;1.4800000000000002;0.0;286.965;482.15;318.85;801.0
2025-01-13 12:00:00;127.26678;4.97;0.0;286.965;482.15;318.85;801.0
2025-01-13 13:00:00;124.83678;7.3999999999999995;0.0;202.392;482.15;224.88;707.03
2025-01-13 14:00:00;123.10678;9.13;0.0;202.392;482.15;224.88;707.03
2025-01-13 15:00:00;122.73678;9.5;0.0;202.392;482.15;224.88;707.03
2025-01-13 16:00:00;125.08678;7.15;0.0;110.916;482.15;123.24;605.39
2025-01-13 17:00:00;130.36678;1.87;0.0;110.916;482.15;123.24;605.39
2025-01-13 18:00:00;132.23678;0.0;-5.2370299e-13;110.916;482.15;123.24;605.39
2025-01-13 19:00:00;132.23678;0.0;-5.2370299e-13;69.399;482.15;77.11;559.26
2025-01-13 20:00:00;132.23678;0.0;-5.2370299e-13;69.399;482.15;77.11;559.26
2025-01-13 21:00:00;132.23678;0.0;-5.2370299e-13;69.399;482.15;77.11;559.26
2025-01-13 22:00:00;132.23678;0.0;-5.2370299e-13;85.563;482.15;95.07;577.22
2025-01-13 23:00:00;132.23678;0.0;-3.6534456e-10;85.563;482.15;95.07;577.22
2025-01-14 00:00:00;132.23678;0.0;-6.4119557e-12;85.563;482.15;95.07;577.22
2025-01-14 01:00:00;132.23678;0.0;-3.6671465e-10;117.072;482.15;130.08;612.23
2025-01-14 02:00:00;132.23678;0.0;-3.737271e-10;117.072;482.15;130.08;612.23
2025-01-14 03:00:00;132.23678;0.0;-3.7501671e-10;117.072;482.15;130.08;612.23
2025-01-14 04:00:00;132.23678;0.0;-3.8275433e-10;182.583;482.15;202.87;685.02
2025-01-14 05:00:00;132.23678;0.0;-1.2965921e-10;182.583;482.15;202.87;685.02
2025-01-14 06:00:00;132.23678;0.0;-5.2370299e-13;182.583;482.15;202.87;685.02
2025-01-14 07:00:00;132.23678;0.0;-5.2370299e-13;357.075;482.15;396.75;878.9
2025-01-14 08:00:00;132.23678;0.0;-5.2370299e-13;357.075;482.15;396.75;878.9
2025-01-14 09:00:00;132.23678;0.0;-5.2370299e-13;357.075;482.15;396.75;878.9
2025-01-14 10:00:00;132.06978;0.167;0.0;303.165;482.15;336.85;819.0
2025-01-14 11:00:00;131.98678;0.25;0.0;303.165;482.15;336.85;819.0
2025-01-14 12:00:00;128.60678;3.63;0.0;303.165;482.15;336.85;819.0
2025-01-14 13:00:00;124.91678;7.32;0.0;139.473;482.15;154.97;637.12
2025-01-14 14:00:00;125.05678;7.18;0.0;139.473;482.15;154.97;637.12
2025-01-14 15:00:00;124.93678;7.299999999999999;0.0;139.473;482.15;154.97;637.12
2025-01-14 16:00:00;128.35678;3.88;0.0;21.735;482.15;24.15;506.3
2025-01-14 17:00:00;131.58678;0.65;0.0;21.735;482.15;24.15;506.3
2025-01-14 18:00:00;132.23678;0.0;-5.2370299e-13;21.735;482.15;24.15;506.3
2025-01-14 19:00:00;117.73914;0.0;-5.2370299e-13;0.0;429.29;0.0;429.29
2025-01-14 20:00:00;117.73914;0.0;-5.2370299e-13;0.0;429.29;0.0;429.29
2025-01-14 21:00:00;117.73914;0.0;-5.2370299e-13;0.0;429.29;0.0;429.29
2025-01-14 22:00:00;123.48225;0.0;-5.2370299e-13;0.0;450.23;0.0;450.23
2025-01-14 23:00:00;123.48225;0.0;-5.2370299e-13;-1.0579649e-12;450.23;-1.1755165e-12;450.23
2025-01-15 00:00:00;123.48225;0.0;-1.8221087e-10;-2.1159297e-12;450.23;-2.351033e-12;450.23
2025-01-15 01:00:00;127.86774;0.0;-1.2772479e-10;0.0;466.22;0.0;466.22
2025-01-15 02:00:00;127.86774;0.0;-2.1477355e-10;-1.0579649e-12;466.22;-1.1755165e-12;466.22
2025-01-15 03:00:00;127.86774;0.0;-1.4513454e-10;-2.1159297e-12;466.22;-2.351033e-12;466.22
2025-01-15 04:00:00;132.23678;0.0;-2.3024889e-10;8.226;482.15;9.14;491.29
2025-01-15 05:00:00;132.23678;0.0;-5.2370299e-13;8.226;482.15;9.14;491.29
2025-01-15 06:00:00;132.23678;0.0;-5.2370299e-13;8.226;482.15;9.14;491.29
2025-01-15 07:00:00;132.23678;0.0;-5.2370299e-13;118.665;482.15;131.85;614.0
2025-01-15 08:00:00;132.23678;0.0;-5.2370299e-13;118.665;482.15;131.85;614.0
2025-01-15 09:00:00;132.23678;0.0;-5.2370299e-13;118.665;482.15;131.85;614.0
2025-01-15 10:00:00;132.23678;0.0;-5.2370299e-13;115.965;482.15;128.85;611.0
2025-01-15 11:00:00;131.51178;0.725;0.0;115.965;482.15;128.85;611.0
2025-01-15 12:00:00;129.85678;2.38;0.0;115.965;482.15;128.85;611.0
2025-01-15 13:00:00;127.98678;4.25;0.0;112.365;482.15;124.85;607.0
2025-01-15 14:00:00;127.70678;4.53;0.0;112.365;482.15;124.85;607.0
2025-01-15 15:00:00;127.88678;4.35;0.0;112.365;482.15;124.85;607.0
2025-01-15 16:00:00;128.95678;3.2800000000000002;0.0;23.445;482.15;26.05;508.2
2025-01-15 17:00:00;131.60378;0.633;0.0;23.445;482.15;26.05;508.2
2025-01-15 18:00:00;132.23678;0.0;-5.2370299e-13;23.445;482.15;26.05;508.2
2025-01-15 19:00:00;125.4021;0.0;-5.2370299e-13;0.0;457.23;0.0;457.22999999999996
2025-01-15 20:00:00;125.4021;0.0;-5.2370299e-13;0.0;457.23;0.0;457.22999999999996
2025-01-15 21:00:00;125.4021;0.0;-5.2370299e-13;0.0;457.23;0.0;457.22999999999996
2025-01-15 22:00:00;130.0646;0.0;-5.2370299e-13;0.0;474.23;0.0;474.22999999999996
2025-01-15 23:00:00;130.0646;0.0;-5.2370299e-13;-1.0579649e-12;474.23;-1.1755165e-12;474.22999999999996
2025-01-16 00:00:00;130.0646;0.0;-5.2370299e-13;-2.1159297e-12;474.23;-2.351033e-12;474.22999999999996
2025-01-16 01:00:00;129.24455;0.0;-5.2370299e-13;0.0;471.24;0.0;471.24
2025-01-16 02:00:00;129.24455;0.0;-5.2370299e-13;-1.0579649e-12;471.24;-1.1755165e-12;471.24
2025-01-16 03:00:00;129.24455;0.0;-5.2370299e-13;-2.1159297e-12;471.24;-2.351033e-12;471.24
2025-01-16 04:00:00;132.23678;0.0;-5.2370299e-13;11.205;482.15;12.45;494.6
2025-01-16 05:00:00;132.23678;0.0;-5.2370299e-13;11.205;482.15;12.45;494.6
2025-01-16 06:00:00;132.23678;0.0;-5.2370299e-13;11.205;482.15;12.45;494.6
2025-01-16 07:00:00;132.23678;0.0;-5.2370299e-13;132.165;482.15;146.85;629.0
2025-01-16 08:00:00;132.23678;0.0;-5.2370299e-13;132.165;482.15;146.85;629.0
2025-01-16 09:00:00;132.23678;0.0;-5.2370299e-13;132.165;482.15;146.85;629.0
2025-01-16 10:00:00;131.60378;0.633;0.0;133.965;482.15;148.85;631.0
2025-01-16 11:00:00;128.58678;3.6499999999999995;0.0;133.965;482.15;148.85;631.0
2025-01-16 12:00:00;124.05678;8.18;0.0;133.965;482.15;148.85;631.0
2025-01-16 13:00:00;120.93678;11.300000000000002;0.0;115.965;482.15;128.85;611.0
2025-01-16 14:00:00;119.63678;12.599999999999998;0.0;115.965;482.15;128.85;611.0
2025-01-16 15:00:00;112.93678;19.3;0.0;115.965;482.15;128.85;611.0
2025-01-16 16:00:00;91.536782;40.7;0.0;22.131;482.15;24.59;506.74
2025-01-16 17:00:00;121.83678;10.4;0.0;22.131;482.15;24.59;506.74
2025-01-16 18:00:00;131.73678;0.5;0.0;22.131;482.15;24.59;506.74
2025-01-16 19:00:00;124.36538;0.0;-5.2370299e-13;0.0;453.45;0.0;453.45
2025-01-16 20:00:00;124.36538;0.0;-5.2370299e-13;0.0;453.45;0.0;453.45
2025-01-16 21:00:00;124.36538;0.0;-5.2370299e-13;0.0;453.45;0.0;453.45
2025-01-16 22:00:00;131.98994;0.0;-5.2370299e-13;0.0;481.25;0.0;481.25
2025-01-16 23:00:00;131.98994;0.0;-5.2370299e-13;-1.0579912e-12;481.25;-1.1755458e-12;481.25
2025-01-17 00:00:00;131.98994;0.0;-5.2370299e-13;-2.1159561e-12;481.25;-2.3510623e-12;481.25
2025-01-17 01:00:00;132.23678;0.0;-5.2370299e-13;39.672;482.15;44.08;526.23
2025-01-17 02:00:00;132.23678;0.0;-5.2370299e-13;39.672;482.15;44.08;526.23
2025-01-17 03:00:00;132.23678;0.0;-5.2370299e-13;39.672;482.15;44.08;526.23
2025-01-17 04:00:00;132.23678;0.0;-5.2370299e-13;74.502;482.15;82.78;564.93
2025-01-17 05:00:00;132.23678;0.0;-5.2370299e-13;74.502;482.15;82.78;564.93
2025-01-17 06:00:00;132.23678;0.0;-5.2370299e-13;74.502;482.15;82.78;564.93
2025-01-17 07:00:00;132.23678;0.0;-5.2370299e-13;225.765;482.15;250.85;733.0
2025-01-17 08:00:00;132.23678;0.0;-5.2370299e-13;225.765;482.15;250.85;733.0
2025-01-17 09:00:00;132.23678;0.0;-5.2370299e-13;225.765;482.15;250.85;733.0
2025-01-17 10:00:00;130.15678;2.08;0.0;215.865;482.15;239.85;722.0
2025-01-17 11:00:00;125.10678;7.13;0.0;215.865;482.15;239.85;722.0
2025-01-17 12:00:00;119.53678;12.700000000000001;0.0;215.865;482.15;239.85;722.0
2025-01-17 13:00:00;117.43678;14.799999999999999;0.0;193.365;482.15;214.85;697.0
2025-01-17 14:00:00;117.43678;14.799999999999999;0.0;193.365;482.15;214.85;697.0
2025-01-17 15:00:00;122.03678;10.2;0.0;193.365;482.15;214.85;697.0
2025-01-17 16:00:00;126.00678;6.230000000000001;0.0;62.109;482.15;69.01;551.16
2025-01-17 17:00:00;130.68678;1.55;0.0;62.109;482.15;69.01;551.16
2025-01-17 18:00:00;132.23678;0.0;-5.2370299e-13;62.109;482.15;69.01;551.16
2025-01-17 19:00:00;132.23678;0.0;-5.2370299e-13;25.353;482.15;28.17;510.32
2025-01-17 20:00:00;132.23678;0.0;-5.2370299e-13;25.353;482.15;28.17;510.32
2025-01-17 21:00:00;132.23678;0.0;-5.2370299e-13;25.353;482.15;28.17;510.32
2025-01-17 22:00:00;132.23678;0.0;-5.2370299e-13;25.308;482.15;28.12;510.27000000000004
2025-01-17 23:00:00;132.23678;0.0;-5.2370299e-13;25.308;482.15;28.12;510.27000000000004
2025-01-18 00:00:00;132.23678;0.0;-5.2370299e-13;25.308;482.15;28.12;510.27000000000004
2025-01-18 01:00:00;132.23678;0.0;-5.2370299e-13;28.89;482.15;32.1;514.25
2025-01-18 02:00:00;132.23678;0.0;-5.2370299e-13;28.89;482.15;32.1;514.25
2025-01-18 03:00:00;132.23678;0.0;-5.2370299e-13;28.89;482.15;32.1;514.25
2025-01-18 04:00:00;132.23678;0.0;-5.2370299e-13;28.008;482.15;31.12;513.27
2025-01-18 05:00:00;132.23678;0.0;-5.2370299e-13;28.008;482.15;31.12;513.27
2025-01-18 06:00:00;132.23678;0.0;-5.2370299e-13;28.008;482.15;31.12;513.27
2025-01-18 07:00:00;132.23678;0.0;-5.2370299e-13;36.954;482.15;41.06;523.21
2025-01-18 08:00:00;132.23678;0.0;-5.2370299e-13;36.954;482.15;41.06;523.21
2025-01-18 09:00:00;132.23678;0.0;-5.2370299e-13;36.954;482.15;41.06;523.21
2025-01-18 10:00:00;130.55678;1.6799999999999997;0.0;28.845;482.15;32.05;514.2
2025-01-18 11:00:00;124.08678;8.15;0.0;28.845;482.15;32.05;514.2
2025-01-18 12:00:00;110.13678;22.099999999999998;0.0;28.845;482.15;32.05;514.2
2025-01-18 13:00:00;60.731799;60.4;0.0;0.0;441.66;0.0;441.6600000000001
2025-01-18 14:00:00;23.631799;97.49999999999999;0.0;-1.0579649e-12;441.66;-1.1755165e-12;441.6600000000001
2025-01-18 15:00:00;35.731799;85.4;0.0;0.0;441.66;0.0;441.6600000000001
2025-01-18 16:00:00;82.836782;49.4;0.0;0.081;482.15;0.09;482.24
2025-01-18 17:00:00;123.41678;8.82;0.0;0.081;482.15;0.09;482.24
2025-01-18 18:00:00;131.63678;0.6;0.0;0.081;482.15;0.09;482.24
2025-01-18 19:00:00;132.23678;0.0;-5.2370299e-13;17.262;482.15;19.18;501.3299999999999
2025-01-18 20:00:00;132.23678;0.0;-5.2370299e-13;17.262;482.15;19.18;501.3299999999999
2025-01-18 21:00:00;132.23678;0.0;-5.2370299e-13;17.262;482.15;19.18;501.3299999999999
2025-01-18 22:00:00;132.23678;0.0;-5.2370299e-13;36.171;482.15;40.19;522.34
2025-01-18 23:00:00;132.23678;0.0;-5.2370299e-13;36.171;482.15;40.19;522.34
2025-01-19 00:00:00;132.23678;0.0;-5.2370299e-13;36.171;482.15;40.19;522.34
2025-01-19 01:00:00;132.23678;0.0;-5.2370299e-13;39.708;482.15;44.12;526.27
2025-01-19 02:00:00;132.23678;0.0;-5.2370299e-13;39.708;482.15;44.12;526.27
2025-01-19 03:00:00;132.23678;0.0;-5.2370299e-13;39.708;482.15;44.12;526.27
2025-01-19 04:00:00;132.23678;0.0;-5.2370299e-13;52.281;482.15;58.09;540.24
2025-01-19 05:00:00;132.23678;0.0;-5.2370299e-13;52.281;482.15;58.09;540.24
2025-01-19 06:00:00;132.23678;0.0;-5.2370299e-13;52.281;482.15;58.09;540.24
2025-01-19 07:00:00;132.23678;0.0;-5.2370299e-13;58.662;482.15;65.18;547.33
2025-01-19 08:00:00;132.23678;0.0;-5.2370299e-13;58.662;482.15;65.18;547.33
2025-01-19 09:00:00;132.23678;0.0;-5.2370299e-13;58.662;482.15;65.18;547.33
2025-01-19 10:00:00;130.20678;2.03;0.0;53.334;482.15;59.26;541.41
2025-01-19 11:00:00;125.03678;7.2;0.0;53.334;482.15;59.26;541.41
2025-01-19 12:00:00;120.03678;12.2;0.0;53.334;482.15;59.26;541.41
2025-01-19 13:00:00;117.73678;14.5;0.0;50.076;482.15;55.64;537.79
2025-01-19 14:00:00;118.13678;14.1;0.0;50.076;482.15;55.64;537.79
2025-01-19 15:00:00;122.41678;9.82;0.0;50.076;482.15;55.64;537.79
2025-01-19 16:00:00;125.88678;6.3500000000000005;0.0;57.699;482.15;64.11;546.26
2025-01-19 17:00:00;130.43678;1.8;0.0;57.699;482.15;64.11;546.26
2025-01-19 18:00:00;132.03678;0.2;0.0;57.699;482.15;64.11;546.26
2025-01-19 19:00:00;132.23678;0.0;-5.2370299e-13;64.899;482.15;72.11;554.26
2025-01-19 20:00:00;132.23678;0.0;-5.2370299e-13;64.899;482.15;72.11;554.26
2025-01-19 21:00:00;132.23678;0.0;-5.2370299e-13;64.899;482.15;72.11;554.26
2025-01-19 22:00:00;132.23678;0.0;-5.2370299e-13;52.389;482.15;58.21;540.36
2025-01-19 23:00:00;132.23678;0.0;-5.2370299e-13;52.389;482.15;58.21;540.36
2025-01-20 00:00:00;132.23678;0.0;-5.2370299e-13;52.389;482.15;58.21;540.36
2025-01-20 01:00:00;132.23678;0.0;-5.2370299e-13;62.181;482.15;69.09;551.24
2025-01-20 02:00:00;132.23678;0.0;-5.2370299e-13;62.181;482.15;69.09;551.24
2025-01-20 03:00:00;132.23678;0.0;-5.2370299e-13;62.181;482.15;69.09;551.24
2025-01-20 04:00:00;132.23678;0.0;-5.2370299e-13;98.523;482.15;109.47;591.62
2025-01-20 05:00:00;132.23678;0.0;-5.2370299e-13;98.523;482.15;109.47;591.62
2025-01-20 06:00:00;132.23678;0.0;-5.2370299e-13;98.523;482.15;109.47;591.62
2025-01-20 07:00:00;132.23678;0.0;-5.2370299e-13;257.265;482.15;285.85;768.0
2025-01-20 08:00:00;0.0;0.0;0.0;691.2;0.0;768.0;768.0
2025-01-20 09:00:00;132.23678;0.0;-5.2370299e-13;257.265;482.15;285.85;768.0
2025-01-20 10:00:00;131.08678;1.15;0.0;244.665;482.15;271.85;754.0
2025-01-20 11:00:00;126.28678;5.95;0.0;244.665;482.15;271.85;754.0
2025-01-20 12:00:00;116.13678;16.1;0.0;244.665;482.15;271.85;754.0
2025-01-20 13:00:00;117.83678;14.4;0.0;219.465;482.15;243.85;726.0
2025-01-20 14:00:00;116.83678;15.4;0.0;219.465;482.15;243.85;726.0
2025-01-20 15:00:00;118.73678;13.5;0.0;219.465;482.15;243.85;726.0
2025-01-20 16:00:00;0.0;12.700000000000001;12.7;540.081;0.0;600.09;600.09
2025-01-20 17:00:00;0.0;2.03;2.03;540.081;0.0;600.09;600.09
2025-01-20 18:00:00;0.0;0.3;0.3;540.081;0.0;600.09;600.09
2025-01-20 19:00:00;132.23678;0.0;-5.2370299e-13;41.787;482.15;46.43;528.58
2025-01-20 20:00:00;132.23678;0.0;-5.2370299e-13;41.787;482.15;46.43;528.58
2025-01-20 21:00:00;132.23678;0.0;-5.2370299e-13;41.787;482.15;46.43;528.58
2025-01-20 22:00:00;132.23678;0.0;-5.2370299e-13;36.045;482.15;40.05;522.2
2025-01-20 23:00:00;132.23678;0.0;-5.2370299e-13;36.045;482.15;40.05;522.2
2025-01-21 00:00:00;132.23678;0.0;-5.2370299e-13;36.045;482.15;40.05;522.2
2025-01-21 01:00:00;132.23678;0.0;-5.2370299e-13;56.79;482.15;63.1;545.25
2025-01-21 02:00:00;132.23678;0.0;-5.2370299e-13;56.79;482.15;63.1;545.25
2025-01-21 03:00:00;132.23678;0.0;-5.2370299e-13;56.79;482.15;63.1;545.25
2025-01-21 04:00:00;132.23678;0.0;-5.2370299e-13;101.358;482.15;112.62;594.77
2025-01-21 05:00:00;132.23678;0.0;-5.2370299e-13;101.358;482.15;112.62;594.77
2025-01-21 06:00:00;132.23678;0.0;-5.2370299e-13;101.358;482.15;112.62;594.77
2025-01-21 07:00:00;132.23678;0.0;-5.2370299e-13;279.765;482.15;310.85;793.0
2025-01-21 08:00:00;132.23678;0.0;-5.2370299e-13;279.765;482.15;310.85;793.0
2025-01-21 09:00:00;130.93678;1.3;0.0;279.765;482.15;310.85;793.0
2025-01-21 10:00:00;127.30678;4.93;0.0;242.865;482.15;269.85;752.0
2025-01-21 11:00:00;119.83678;12.4;0.0;242.865;482.15;269.85;752.0
2025-01-21 12:00:00;109.03678;23.2;0.0;242.865;482.15;269.85;752.0
2025-01-21 13:00:00;99.836782;32.4;0.0;190.44;482.15;211.6;693.75
2025-01-21 14:00:00;80.936782;51.3;0.0;190.44;482.15;211.6;693.75
2025-01-21 15:00:00;62.236782;70.0;0.0;190.44;482.15;211.6;693.75
2025-01-21 16:00:00;89.336782;42.9;0.0;27.117;482.15;30.13;512.28
2025-01-21 17:00:00;119.33678;12.899999999999999;0.0;27.117;482.15;30.13;512.28
2025-01-21 18:00:00;131.13678;1.1;0.0;27.117;482.15;30.13;512.28
2025-01-21 19:00:00;121.58708;0.0;-5.2370299e-13;0.0;443.32;0.0;443.32000000000005
2025-01-21 20:00:00;121.58708;0.0;-5.2370299e-13;0.0;443.32;0.0;443.32000000000005
2025-01-21 21:00:00;121.58708;0.0;-5.2370299e-13;0.0;443.32;0.0;443.32000000000005
2025-01-21 22:00:00;122.74996;0.0;-5.2370299e-13;0.0;447.56;0.0;447.56
2025-01-21 23:00:00;122.74996;0.0;-5.2370299e-13;-6.4719735e-13;447.56;-7.1910817e-13;447.56
2025-01-22 00:00:00;122.74996;0.0;-5.2370299e-13;0.0;447.56;0.0;447.56
2025-01-22 01:00:00;132.23678;0.0;-5.2370299e-13;3.672;482.15;4.08;486.23
2025-01-22 02:00:00;132.23678;0.0;-5.2370299e-13;3.672;482.15;4.08;486.23
2025-01-22 03:00:00;132.23678;0.0;-5.2370299e-13;3.672;482.15;4.08;486.23
2025-01-22 04:00:00;130.97516;0.0;-5.2370299e-13;0.0;477.55;0.0;477.55
2025-01-22 05:00:00;130.97516;0.0;-5.2370299e-13;-1.0579649e-12;477.55;-1.1755165e-12;477.55
2025-01-22 06:00:00;130.97516;0.0;-5.2370299e-13;-2.1159297e-12;477.55;-2.351033e-12;477.55
2025-01-22 07:00:00;132.23678;0.0;-5.2370299e-13;127.656;482.15;141.84;623.99
2025-01-22 08:00:00;132.23678;0.0;-5.2370299e-13;127.656;482.15;141.84;623.99
2025-01-22 09:00:00;131.13678;1.1;0.0;127.656;482.15;141.84;623.99
2025-01-22 10:00:00;126.95678;5.28;0.0;103.185;482.15;114.65;596.8
2025-01-22 11:00:00;121.03678;11.2;0.0;103.185;482.15;114.65;596.8
2025-01-22 12:00:00;121.13678;11.1;0.0;103.185;482.15;114.65;596.8
2025-01-22 13:00:00;116.83678;15.4;0.0;41.445;482.15;46.05;528.2
2025-01-22 14:00:00;115.13678;17.1;0.0;41.445;482.15;46.05;528.2
2025-01-22 15:00:00;123.75678;8.48;0.0;41.445;482.15;46.05;528.2
2025-01-22 16:00:00;110.72648;6.7;0.0;0.0;428.15;0.0;428.15
2025-01-22 17:00:00;112.19648;5.23;0.0;0.0;428.15;0.0;428.15
2025-01-22 18:00:00;117.12648;0.3;0.0;0.0;428.15;0.0;428.15
2025-01-22 19:00:00;99.922901;0.0;-5.2370299e-13;0.0;364.33;0.0;364.33
2025-01-22 20:00:00;99.922901;0.0;-5.2370299e-13;0.0;364.33;0.0;364.33
2025-01-22 21:00:00;99.922901;0.0;-5.2370299e-13;0.0;364.33;0.0;364.33
2025-01-22 22:00:00;102.36934;0.0;-5.2370299e-13;0.0;373.25;0.0;373.25
2025-01-22 23:00:00;102.36934;0.0;-5.2370299e-13;0.0;373.25;0.0;373.25
2025-01-23 00:00:00;102.36934;0.0;-5.2370299e-13;0.0;373.25;0.0;373.25
2025-01-23 01:00:00;108.18101;0.0;-2.2928168e-10;0.0;394.44;0.0;394.44
2025-01-23 02:00:00;108.18101;0.0;-3.7359721e-10;-4.1590364e-13;394.44;-4.6211516e-13;394.44
2025-01-23 03:00:00;108.18101;0.0;-3.8565597e-10;-1.4772389e-12;394.44;-1.6413766e-12;394.44
2025-01-23 04:00:00;122.26726;0.0;-3.8823519e-10;0.0;445.8;0.0;445.79999999999995
2025-01-23 05:00:00;122.26726;0.0;-4.2595632e-10;-1.0579649e-12;445.8;-1.1755165e-12;445.79999999999995
2025-01-23 06:00:00;122.26726;0.0;-3.1442857e-11;-2.1159297e-12;445.8;-2.351033e-12;445.79999999999995
2025-01-23 07:00:00;132.23678;0.0;-5.2370299e-13;70.965;482.15;78.85;561.0
2025-01-23 08:00:00;132.23678;0.0;-5.2370299e-13;70.965;482.15;78.85;561.0
2025-01-23 09:00:00;131.93678;0.3;0.0;70.965;482.15;78.85;561.0
2025-01-23 10:00:00;128.35678;3.88;0.0;69.165;482.15;76.85;559.0
2025-01-23 11:00:00;122.25678;9.98;0.0;69.165;482.15;76.85;559.0
2025-01-23 12:00:00;105.83678;26.4;-1.6222317e-13;69.165;482.15;76.85;559.0
2025-01-23 13:00:00;109.63678;22.600000000000005;-1.8546874e-12;30.438;482.15;33.82;515.97
2025-01-23 14:00:00;81.636782;50.6;-3.2240282e-13;30.438;482.15;33.82;515.97
2025-01-23 15:00:00;71.436782;60.8;0.0;30.438;482.15;33.82;515.97
2025-01-23 16:00:00;91.124272;17.8;-1.5313058e-12;0.0;397.15;0.0;397.15
2025-01-23 17:00:00;102.47427;6.449999999999999;0.0;-1.0613353e-12;397.15;-1.1792614e-12;397.15
2025-01-23 18:00:00;108.42427;0.5;-2.2568198e-12;0.0;397.15;0.0;397.15
2025-01-23 19:00:00;94.44309;0.0;-4.2853553e-10;0.0;344.35;0.0;344.35
2025-01-23 20:00:00;94.44309;0.0;-4.2853556e-10;-1.0579649e-12;344.35;-1.1755165e-12;344.35
2025-01-23 21:00:00;94.44309;0.0;-4.2821316e-10;-2.1159297e-12;344.35;-2.351033e-12;344.35
2025-01-23 22:00:00;88.675301;0.0;-4.2789076e-10;0.0;323.32;0.0;323.32
2025-01-23 23:00:00;88.675301;0.0;-4.2756835e-10;-1.3023088e-09;323.32;-1.4470098e-09;323.32
2025-01-24 00:00:00;88.675301;0.0;-4.2724595e-10;-2.1159297e-12;323.32;-2.351033e-12;323.32
2025-01-24 01:00:00;89.775103;0.0;-4.2692355e-10;0.0;327.33;0.0;327.33
2025-01-24 02:00:00;89.775103;0.0;-4.2660114e-10;-4.1273579e-11;327.33;-4.5859532e-11;327.33
2025-01-24 03:00:00;89.775103;0.0;0.0;0.0;327.33;0.0;327.33
2025-01-24 04:00:00;92.986744;0.0;-4.2563394e-10;0.0;339.04;0.0;339.04
2025-01-24 05:00:00;92.986744;0.0;-4.2531153e-10;0.0;339.04;0.0;339.04
2025-01-24 06:00:00;92.986744;0.0;-4.2466673e-10;-1.0579649e-12;339.04;-1.1755165e-12;339.04
2025-01-24 07:00:00;109.72787;0.0;-4.2281274e-10;0.0;400.08;0.0;400.08
2025-01-24 08:00:00;109.72787;0.0;-5.2370299e-13;0.0;400.08;0.0;400.08
2025-01-24 09:00:00;109.12787;0.6;-3.3053413e-12;-3.7903989e-13;400.08;-4.2115544e-13;400.08
2025-01-24 10:00:00;99.246512;2.7800000000000002;0.0;0.0;372.0;0.0;372.0
2025-01-24 11:00:00;92.926512;9.1;0.0;-1.0579649e-12;372.0;-1.1755165e-12;372.0
2025-01-24 12:00:00;81.526512;20.5;-3.2240282e-13;-2.1159297e-12;372.0;-2.351033e-12;372.0
2025-01-24 13:00:00;92.06916;12.700000000000001;-1.8531763e-12;0.0;382.0;0.0;382.0
2025-01-24 14:00:00;91.66916;13.1;0.0;-1.0579649e-12;382.0;-1.1755165e-12;382.0
2025-01-24 15:00:00;91.86916;12.899999999999999;-6.4479384e-13;-2.1159297e-12;382.0;-2.351033e-12;382.0
2025-01-24 16:00:00;68.72003;5.879999999999999;0.0;0.0;272.0;0.0;272.0
2025-01-24 17:00:00;72.65003;1.95;-6.4465104e-13;-1.0578595e-12;272.0;-1.1753995e-12;272.0
2025-01-24 18:00:00;74.30003;0.3;-5.0779601e-12;-2.1158244e-12;272.0;-2.350916e-12;272.0
2025-01-24 19:00:00;69.748286;0.0;-4.236995e-10;0.0;254.31;0.0;254.31000000000003
2025-01-24 20:00:00;69.748286;0.0;-4.2369952e-10;-1.0579649e-12;254.31;-1.1755165e-12;254.31000000000003
2025-01-24 21:00:00;69.748286;0.0;-4.2337712e-10;-2.1159297e-12;254.31;-2.351033e-12;254.31000000000003
2025-01-24 22:00:00;66.171873;0.0;-4.2273229e-10;0.0;241.27;0.0;241.27000000000004
2025-01-24 23:00:00;66.171873;0.0;-4.2273231e-10;-1.0579649e-12;241.27;-1.1755165e-12;241.27000000000004
2025-01-25 00:00:00;66.171873;0.0;-4.2240991e-10;-2.1159297e-12;241.27;-2.351033e-12;241.27000000000004
2025-01-25 01:00:00;64.800549;0.0;-4.2208751e-10;0.0;236.27;0.0;236.27
2025-01-25 02:00:00;64.800549;0.0;-4.217651e-10;-1.0579649e-12;236.27;-1.1755165e-12;236.27
2025-01-25 03:00:00;64.800549;0.0;-4.214427e-10;-2.1159297e-12;236.27;-2.351033e-12;236.27
2025-01-25 04:00:00;56.866067;0.0;-4.211203e-10;0.0;207.34;0.0;207.34
2025-01-25 05:00:00;56.866067;0.0;-4.2079789e-10;-1.0579649e-12;207.34;-1.1755165e-12;207.34
2025-01-25 06:00:00;56.866067;0.0;-4.2047549e-10;-2.1159297e-12;207.34;-2.351033e-12;207.34
2025-01-25 07:00:00;56.279141;0.0;-4.2015309e-10;0.0;205.2;0.0;205.2
2025-01-25 08:00:00;56.279141;0.0;-4.1983069e-10;-1.0579649e-12;205.2;-1.1755165e-12;205.2
2025-01-25 09:00:00;55.879141;0.4;-2.4592638e-12;-2.1159297e-12;205.2;-2.351033e-12;205.2
2025-01-25 10:00:00;63.660308;5.8;0.0;0.0;253.26;0.0;253.26000000000002
2025-01-25 11:00:00;60.080308;9.38;0.0;-1.0579649e-12;253.26;-1.1755165e-12;253.26000000000002
2025-01-25 12:00:00;55.860308;13.6;-3.2239102e-13;-2.1159297e-12;253.26;-2.351033e-12;253.26000000000002
2025-01-25 13:00:00;60.128554;18.1;-1.637343e-13;0.0;285.23;0.0;285.23
2025-01-25 14:00:00;61.028554;17.2;-8.0347417e-13;-1.0579649e-12;285.23;-1.1755165e-12;285.23
2025-01-25 15:00:00;57.128554;21.1;1.7179545e-28;0.0;285.23;0.0;285.23
2025-01-25 16:00:00;65.014384;10.2;0.0;0.0;274.24;0.0;274.24
2025-01-25 17:00:00;70.894384;4.32;0.0;0.0;274.24;0.0;274.24
2025-01-25 18:00:00;74.414384;0.8;0.0;0.0;274.24;0.0;274.24
2025-01-25 19:00:00;86.20966;0.0;-5.2370299e-13;0.0;314.33;0.0;314.33
2025-01-25 20:00:00;86.20966;0.0;-5.2370299e-13;0.0;314.33;0.0;314.33
2025-01-25 21:00:00;86.20966;0.0;-5.2370299e-13;0.0;314.33;0.0;314.33
2025-01-25 22:00:00;81.270151;0.0;-5.2370299e-13;0.0;296.32;0.0;296.32
2025-01-25 23:00:00;81.270151;0.0;-5.2370299e-13;0.0;296.32;0.0;296.32
2025-01-26 00:00:00;81.270151;0.0;-5.2370299e-13;0.0;296.32;0.0;296.32
2025-01-26 01:00:00;89.764132;0.0;-4.189846e-10;0.0;327.29;0.0;327.29
2025-01-26 02:00:00;89.764132;0.0;-5.2370299e-13;0.0;327.29;0.0;327.29
2025-01-26 03:00:00;89.764132;0.0;-4.176543e-10;0.0;327.29;0.0;327.29
2025-01-26 04:00:00;94.983392;0.0;-3.6714915e-10;0.0;346.32;0.0;346.32
2025-01-26 05:00:00;94.983392;0.0;-1.283696e-10;0.0;346.32;0.0;346.32
2025-01-26 06:00:00;94.983392;0.0;-2.220719e-12;0.0;346.32;0.0;346.32
2025-01-26 07:00:00;116.73808;0.0;-5.2370299e-13;0.0;425.64;0.0;425.64
2025-01-26 08:00:00;116.73808;0.0;-5.2370299e-13;0.0;425.64;0.0;425.64
2025-01-26 09:00:00;116.63808;0.1;0.0;0.0;425.64;0.0;425.64
2025-01-26 10:00:00;105.13435;2.8299999999999996;0.0;0.0;393.65;0.0;393.65
2025-01-26 11:00:00;100.76435;7.2;0.0;-1.0580175e-12;393.65;-1.175575e-12;393.65
2025-01-26 12:00:00;92.464346;15.5;0.0;-2.1159824e-12;393.65;-2.3510916e-12;393.65
2025-01-26 13:00:00;37.020357;61.8;0.0;0.0;360.31;0.0;360.31
2025-01-26 14:00:00;35.320357;63.50000000000001;0.0;-1.0579649e-12;360.31;-1.1755165e-12;360.31
2025-01-26 15:00:00;14.920357;83.9;0.0;0.0;360.31;0.0;360.31
2025-01-26 16:00:00;90.257321;12.4;0.0;0.0;374.3;0.0;374.3
2025-01-26 17:00:00;90.357321;12.3;0.0;0.0;374.3;0.0;374.3
2025-01-26 18:00:00;101.15732;1.5;0.0;0.0;374.3;0.0;374.3
2025-01-26 19:00:00;101.27777;0.0;-4.188635e-10;0.0;369.27;0.0;369.27
2025-01-26 20:00:00;101.27777;0.0;-4.1854109e-10;-1.0579649e-12;369.27;-1.1755165e-12;369.27
2025-01-26 21:00:00;101.27777;0.0;-4.1821869e-10;-2.1159297e-12;369.27;-2.351033e-12;369.27
2025-01-26 22:00:00;76.053634;0.0;-4.1789629e-10;0.0;277.3;0.0;277.3
2025-01-26 23:00:00;76.053634;0.0;0.0;-1.0579517e-12;277.3;-1.1755019e-12;277.3
2025-01-27 00:00:00;76.053634;0.0;0.0;-2.1159166e-12;277.3;-2.3510184e-12;277.3
2025-01-27 01:00:00;69.207984;0.0;0.0;0.0;252.34;0.0;252.34000000000003
2025-01-27 02:00:00;69.207984;0.0;0.0;-1.0579649e-12;252.34;-1.1755165e-12;252.34000000000003
2025-01-27 03:00:00;69.207984;0.0;0.0;-2.1159297e-12;252.34;-2.351033e-12;252.34000000000003
2025-01-27 04:00:00;61.846716;0.0;0.0;0.0;225.5;0.0;225.50000000000003
2025-01-27 05:00:00;61.846716;0.0;0.0;-1.0579649e-12;225.5;-1.1755165e-12;225.50000000000003
2025-01-27 06:00:00;61.846716;0.0;0.0;-2.1159297e-12;225.5;-2.351033e-12;225.50000000000003
2025-01-27 07:00:00;73.645589;0.0;-4.1757389e-10;0.0;268.52;0.0;268.52
2025-01-27 08:00:00;73.645589;0.0;-4.1725148e-10;0.0;268.52;0.0;268.52
2025-01-27 09:00:00;73.195589;0.45;-6.448529e-13;-1.0579649e-12;268.52;-1.1755165e-12;268.52
2025-01-27 10:00:00;69.364347;6.33;-6.8507373e-13;0.0;275.99;0.0;275.99
2025-01-27 11:00:00;47.994347;27.7;-1.8546874e-12;-1.0579649e-12;275.99;-1.1755165e-12;275.99
2025-01-27 12:00:00;3.6943471;72.0;0.0;0.0;275.99;0.0;275.99
2025-01-27 13:00:00;6.9058815;62.900000000000006;-1.8577097e-12;0.0;254.52;0.0;254.52
2025-01-27 14:00:00;0.0;93.4;23.594119;-4.3786516e-12;254.52;-4.8651684e-12;254.52
2025-01-27 15:00:00;0.0;76.0;6.1941185;-7.1428815e-12;254.52;-7.936535e-12;254.52
2025-01-27 16:00:00;22.687445;40.1;0.0;0.0;228.93;0.0;228.93000000000004
2025-01-27 17:00:00;49.687445;13.1;0.0;0.0;228.93;0.0;228.93000000000004
2025-01-27 18:00:00;60.887445;1.9;0.0;0.0;228.93;0.0;228.93000000000004
2025-01-27 19:00:00;68.659455;0.0;-4.1660664e-10;0.0;250.34;0.0;250.33999999999997
2025-01-27 20:00:00;68.659455;0.0;-4.1660668e-10;-1.0579649e-12;250.34;-1.1755165e-12;250.33999999999997
2025-01-27 21:00:00;68.659455;0.0;-4.1628427e-10;-2.1159297e-12;250.34;-2.351033e-12;250.33999999999997
2025-01-27 22:00:00;71.105897;0.0;-4.1596187e-10;0.0;259.26;0.0;259.26
2025-01-27 23:00:00;71.105897;0.0;-4.1563947e-10;-1.0579649e-12;259.26;-1.1755165e-12;259.26
2025-01-28 00:00:00;71.105897;0.0;-4.1531707e-10;-2.1159297e-12;259.26;-2.351033e-12;259.26
2025-01-28 01:00:00;74.956575;0.0;-4.1499466e-10;0.0;273.3;0.0;273.3
2025-01-28 02:00:00;74.956575;0.0;-4.1467226e-10;-1.2853624e-09;273.3;-1.4281805e-09;273.3
2025-01-28 03:00:00;74.956575;0.0;-4.1434986e-10;-2.1159297e-12;273.3;-2.351033e-12;273.3
2025-01-28 04:00:00;88.200823;0.0;-4.1402745e-10;0.0;321.59;0.0;321.59
2025-01-28 05:00:00;88.200823;0.0;-4.1370505e-10;-1.0579649e-12;321.59;-1.1755165e-12;321.59
2025-01-28 06:00:00;88.200823;0.0;-4.1338265e-10;-2.1159297e-12;321.59;-2.351033e-12;321.59
2025-01-28 07:00:00;114.65092;0.0;-5.2370299e-13;0.0;418.03;0.0;418.03
2025-01-28 08:00:00;114.65092;0.0;-5.2370299e-13;0.0;418.03;0.0;418.03
2025-01-28 09:00:00;114.65092;0.0;-5.2370299e-13;0.0;418.03;0.0;418.03
2025-01-28 10:00:00;97.654731;0.0;-5.2370299e-13;0.0;356.06;0.0;356.06
2025-01-28 11:00:00;97.646092;0.0;-5.2367982e-13;0.0;356.06;0.0;356.06
2025-01-28 12:00:00;97.645961;0.0;-5.2367947e-13;0.0;356.06;0.0;356.06
2025-01-28 13:00:00;91.89386;0.0;-5.2369925e-13;0.0;335.06;0.0;335.06
2025-01-28 14:00:00;91.89517;0.0;-5.2370299e-13;0.0;335.06;0.0;335.06
2025-01-28 15:00:00;91.89517;0.0;-5.2370299e-13;0.0;335.06;0.0;335.06
2025-01-28 16:00:00;76.555539;0.0;-5.2370299e-13;0.0;279.13;0.0;279.13
2025-01-28 17:00:00;76.555539;0.0;-5.2370299e-13;0.0;279.13;0.0;279.13
2025-01-28 18:00:00;76.555539;0.0;-5.2370299e-13;0.0;279.13;0.0;279.13
2025-01-28 19:00:00;68.371476;0.0;-5.2370299e-13;0.0;249.29;0.0;249.28999999999996
2025-01-28 20:00:00;68.371476;0.0;-4.1306025e-10;0.0;249.29;0.0;249.28999999999996
2025-01-28 21:00:00;68.371476;0.0;-4.1273784e-10;-1.0579649e-12;249.29;-1.1755165e-12;249.28999999999996
2025-01-28 22:00:00;73.585251;0.0;-4.1241544e-10;0.0;268.3;0.0;268.3
2025-01-28 23:00:00;73.585251;0.0;-4.1209304e-10;-1.0579649e-12;268.3;-1.1755165e-12;268.3
2025-01-29 00:00:00;73.585251;0.0;-4.1177064e-10;-2.1159297e-12;268.3;-2.351033e-12;268.3
2025-01-29 01:00:00;77.433186;0.0;-4.1144823e-10;0.0;282.33;0.0;282.33
2025-01-29 02:00:00;77.433186;0.0;-4.1112583e-10;-1.0579649e-12;282.33;-1.1755165e-12;282.33
2025-01-29 03:00:00;77.433186;0.0;-4.1080343e-10;-2.1159297e-12;282.33;-2.351033e-12;282.33
2025-01-29 04:00:00;84.67652;0.0;-4.1048102e-10;0.0;308.74;0.0;308.74
2025-01-29 05:00:00;84.67652;0.0;-4.1015862e-10;-1.0579649e-12;308.74;-1.1755165e-12;308.74
2025-01-29 06:00:00;84.67652;0.0;-4.0983622e-10;-2.1159297e-12;308.74;-2.351033e-12;308.74
2025-01-29 07:00:00;120.95627;0.0;-5.2370299e-13;0.0;441.02;0.0;441.02
2025-01-29 08:00:00;120.95627;0.0;-5.2370299e-13;0.0;441.02;0.0;441.02
2025-01-29 09:00:00;120.30627;0.65;0.0;0.0;441.02;0.0;441.02
2025-01-29 10:00:00;102.91523;8.45;0.0;-1.0754509e-12;406.05;-1.1949455e-12;406.05
2025-01-29 11:00:00;86.463439;24.899999999999995;0.0;0.0;406.05;0.0;406.05
2025-01-29 12:00:00;48.565229;62.8;0.0;-2.1334158e-12;406.05;-2.370462e-12;406.05
2025-01-29 13:00:00;68.287007;32.1;0.0;0.0;366.04;0.0;366.04
2025-01-29 14:00:00;49.791894;50.6;0.0;-9.9630352e-13;366.04;-1.1070039e-12;366.04
2025-01-29 15:00:00;69.291894;31.1;0.0;-2.0542684e-12;366.04;-2.2825204e-12;366.04
2025-01-29 16:00:00;34.609416;48.8;0.0;0.0;304.12;0.0;304.12
2025-01-29 17:00:00;69.409416;14.0;0.0;0.0;304.12;0.0;304.12
2025-01-29 18:00:00;82.179416;1.23;0.0;0.0;304.12;0.0;304.12
2025-01-29 19:00:00;77.430443;0.0;-5.2370299e-13;0.0;282.32;0.0;282.32
2025-01-29 20:00:00;77.430443;0.0;-5.2370299e-13;0.0;282.32;0.0;282.32
2025-01-29 21:00:00;77.430443;0.0;-5.2370299e-13;0.0;282.32;0.0;282.32
2025-01-29 22:00:00;82.358982;0.0;-5.2370299e-13;0.0;300.29;0.0;300.29
2025-01-29 23:00:00;82.358982;0.0;-4.0951382e-10;0.0;300.29;0.0;300.29
2025-01-30 00:00:00;82.358982;0.0;-4.0919141e-10;-1.0579632e-12;300.29;-1.1755147e-12;300.29
2025-01-30 01:00:00;81.261923;0.0;-4.0886901e-10;0.0;296.29;0.0;296.29
2025-01-30 02:00:00;81.261923;0.0;-4.0854661e-10;-1.0579649e-12;296.29;-1.1755165e-12;296.29
2025-01-30 03:00:00;81.261923;0.0;-4.082242e-10;-2.1159297e-12;296.29;-2.351033e-12;296.29
2025-01-30 04:00:00;95.241201;0.0;-4.079018e-10;0.0;347.26;0.0;347.26
2025-01-30 05:00:00;95.241201;0.0;-2.2992649e-10;0.0;347.26;0.0;347.26
2025-01-30 06:00:00;95.241201;0.0;-5.2370299e-13;0.0;347.26;0.0;347.26
2025-01-30 07:00:00;124.79872;0.0;-5.2370299e-13;0.0;455.03;0.0;455.03
2025-01-30 08:00:00;124.79872;0.0;-5.2370299e-13;0.0;455.03;0.0;455.03
2025-01-30 09:00:00;124.29872;0.5;0.0;0.0;455.03;0.0;455.03
2025-01-30 10:00:00;122.35695;2.45;0.0;0.0;455.06;0.0;455.06
2025-01-30 11:00:00;116.20695;8.6;0.0;-7.2259031e-13;455.06;-8.0287812e-13;455.06
2025-01-30 12:00:00;109.90695;14.899999999999999;0.0;-1.7805552e-12;455.06;-1.9783946e-12;455.06
2025-01-30 13:00:00;120.95808;10.7;-1.7179545e-28;0.0;480.04;0.0;480.04
2025-01-30 14:00:00;121.90808;9.75;0.0;-1.0579649e-12;480.04;-1.1755165e-12;480.04
2025-01-30 15:00:00;123.25808;8.4;0.0;-2.1159297e-12;480.04;-2.351033e-12;480.04
2025-01-30 16:00:00;106.47448;5.73;0.0;0.0;409.11;0.0;409.11
2025-01-30 17:00:00;110.42448;1.78;0.0;0.0;409.11;0.0;409.11
2025-01-30 18:00:00;112.00448;0.2;0.0;0.0;409.11;0.0;409.11
2025-01-30 19:00:00;100.19442;0.0;-5.2370299e-13;0.0;365.32;0.0;365.32
2025-01-30 20:00:00;100.19442;0.0;-5.2370299e-13;0.0;365.32;0.0;365.32
2025-01-30 21:00:00;100.19442;0.0;-5.2370299e-13;0.0;365.32;0.0;365.32
2025-01-30 22:00:00;107.04282;0.0;-5.2370299e-13;0.0;390.29;0.0;390.29
2025-01-30 23:00:00;107.04282;0.0;-5.2370299e-13;0.0;390.29;0.0;390.29
2025-01-31 00:00:00;107.04282;0.0;-5.2370299e-13;0.0;390.29;0.0;390.29
2025-01-31 01:00:00;116.91635;0.0;-5.2370299e-13;0.0;426.29;0.0;426.29
2025-01-31 02:00:00;116.91635;0.0;-5.2370299e-13;-1.0579649e-12;426.29;-1.1755165e-12;426.29
2025-01-31 03:00:00;116.91635;0.0;-5.2370299e-13;-2.1159297e-12;426.29;-2.351033e-12;426.29
2025-01-31 04:00:00;126.58693;0.0;-5.2370299e-13;0.0;461.55;0.0;461.55
2025-01-31 05:00:00;126.58693;0.0;-5.2370299e-13;-1.0579649e-12;461.55;-1.1755165e-12;461.55
2025-01-31 06:00:00;126.58693;0.0;-5.2370299e-13;-2.1159297e-12;461.55;-2.351033e-12;461.55
2025-01-31 07:00:00;132.23678;0.0;-5.2370299e-13;126.783;482.15;140.87;623.02
2025-01-31 08:00:00;132.23678;0.0;-5.2370299e-13;126.783;482.15;140.87;623.02
2025-01-31 09:00:00;129.40678;2.8299999999999996;0.0;126.783;482.15;140.87;623.02
2025-01-31 10:00:00;123.93678;8.3;0.0;46.692;482.15;51.88;534.03
2025-01-31 11:00:00;100.03678;32.2;0.0;46.692;482.15;51.88;534.03
2025-01-31 12:00:00;84.423354;47.8;0.0;46.692;482.15;51.88;534.03
2025-01-31 13:00:00;19.772576;101.99999999999999;0.0;0.0;444.03;0.0;444.03
2025-01-31 14:00:00;1.7818071;120.00000000000001;0.0;-9.8898702e-13;444.03;-1.0988745e-12;444.03
2025-01-31 15:00:00;46.981807;74.8;0.0;0.0;444.03;0.0;444.03
2025-01-31 16:00:00;55.433491;48.0;0.0;0.0;377.13;0.0;377.13
2025-01-31 17:00:00;84.233491;19.2;0.0;0.0;377.13;0.0;377.13
2025-01-31 18:00:00;101.46349;1.9699999999999998;0.0;0.0;377.13;0.0;377.13
2025-01-31 19:00:00;107.86835;0.0;-5.2370299e-13;0.0;393.3;0.0;393.3
2025-01-31 20:00:00;107.86835;0.0;-5.2370299e-13;0.0;393.3;0.0;393.3
2025-01-31 21:00:00;107.86835;0.0;-5.2370299e-13;0.0;393.3;0.0;393.3
2025-01-31 22:00:00;118.01341;0.0;-5.2370299e-13;0.0;430.29;0.0;430.29
2025-01-31 23:00:00;118.01341;0.0;-5.2370299e-13;0.0;430.29;0.0;430.29
2025-02-01 00:00:00;118.01341;0.0;-5.2370299e-13;0.0;430.29;0.0;430.29
2025-02-01 01:00:00;128.71522;0.0;-5.2370299e-13;0.0;469.31;0.0;469.30999999999995
2025-02-01 02:00:00;128.71522;0.0;-5.2370299e-13;-1.0579649e-12;469.31;-1.1755165e-12;469.30999999999995
2025-02-01 03:00:00;128.71522;0.0;-5.2370299e-13;-2.1159297e-12;469.31;-2.351033e-12;469.30999999999995
2025-02-01 04:00:00;132.23678;0.0;-5.2370299e-13;10.044;482.15;11.16;493.31
2025-02-01 05:00:00;132.23678;0.0;-5.2370299e-13;10.044;482.15;11.16;493.31
2025-02-01 06:00:00;132.23678;0.0;-5.2370299e-13;10.044;482.15;11.16;493.31
2025-02-01 07:00:00;132.23678;0.0;-5.2370299e-13;31.707;482.15;35.23;517.38
2025-02-01 08:00:00;132.23678;0.0;-5.2370299e-13;31.707;482.15;35.23;517.38
2025-02-01 09:00:00;129.98678;2.25;0.0;31.707;482.15;35.23;517.38
2025-02-01 10:00:00;98.813866;22.2;0.0;0.0;441.23;0.0;441.22999999999996
2025-02-01 11:00:00;55.901064;65.1;0.0;0.0;441.23;0.0;441.22999999999996
2025-02-01 12:00:00;23.391048;97.6;0.0;-1.0200619e-12;441.23;-1.1334021e-12;441.22999999999996
2025-02-01 13:00:00;0.0;120.00000000000001;13.263969;0.0;389.24;0.0;389.24
2025-02-01 14:00:00;0.0;123.0;16.252799;-1.0108026e-12;389.24;-1.123114e-12;389.24
2025-02-01 15:00:00;0.0;108.0;1.2451623;0.0;389.24;0.0;389.24
2025-02-01 16:00:00;32.80323;80.8;0.0;0.0;414.21;0.0;414.21
2025-02-01 17:00:00;82.30323;31.3;0.0;0.0;414.21;0.0;414.21
2025-02-01 18:00:00;111.07323;2.53;0.0;0.0;414.21;0.0;414.21
2025-02-01 19:00:00;126.51562;0.0;-5.2370299e-13;0.0;461.29;0.0;461.29
2025-02-01 20:00:00;126.51562;0.0;-5.2370299e-13;0.0;461.29;0.0;461.29
2025-02-01 21:00:00;126.51562;0.0;-5.2370299e-13;0.0;461.29;0.0;461.29
2025-02-01 22:00:00;132.00091;0.0;-5.2370299e-13;0.0;481.29;0.0;481.29
2025-02-01 23:00:00;132.00091;0.0;-5.2370299e-13;-1.0579649e-12;481.29;-1.1755165e-12;481.29
2025-02-02 00:00:00;132.00091;0.0;-5.2370299e-13;-2.1159297e-12;481.29;-2.351033e-12;481.29
2025-02-02 01:00:00;132.23678;0.0;-5.2370299e-13;9.117;482.15;10.13;492.2799999999999
2025-02-02 02:00:00;132.23678;0.0;-5.2370299e-13;9.117;482.15;10.13;492.2799999999999
2025-02-02 03:00:00;132.23678;0.0;-5.2370299e-13;9.117;482.15;10.13;492.2799999999999
2025-02-02 04:00:00;132.23678;0.0;-5.2370299e-13;36.99;482.15;41.1;523.25
2025-02-02 05:00:00;132.23678;0.0;-5.2370299e-13;36.99;482.15;41.1;523.25
2025-02-02 06:00:00;132.23678;0.0;-5.2370299e-13;36.99;482.15;41.1;523.25
2025-02-02 07:00:00;132.23678;0.0;-5.2370299e-13;42.444;482.15;47.16;529.31
2025-02-02 08:00:00;132.23678;0.0;-5.2370299e-13;42.444;482.15;47.16;529.31
2025-02-02 09:00:00;130.50678;1.7300000000000002;0.0;42.444;482.15;47.16;529.31
2025-02-02 10:00:00;103.36395;24.8;0.0;-9.8833792e-13;467.3;-1.0981532e-12;467.29999999999995
2025-02-02 11:00:00;62.949905;65.2;0.0;-2.0460131e-12;467.3;-2.2733479e-12;467.29999999999995
2025-02-02 12:00:00;28.738954;99.4;0.0;0.0;467.3;0.0;467.29999999999995
2025-02-02 13:00:00;0.0;117.99999999999999;8.7911214;0.0;398.26;0.0;398.26
2025-02-02 14:00:00;0.0;123.0;13.780181;-1.0883225e-12;398.26;-1.2092472e-12;398.26
2025-02-02 15:00:00;1.2287064;108.0;0.0;0.0;398.26;0.0;398.26
2025-02-02 16:00:00;28.305516;82.3;0.0;0.0;403.28;0.0;403.28
2025-02-02 17:00:00;79.905516;30.7;0.0;0.0;403.28;0.0;403.28
2025-02-02 18:00:00;106.70552;3.9;0.0;0.0;403.28;0.0;403.28
2025-02-02 19:00:00;125.96435;0.0;-5.2370299e-13;0.0;459.28;0.0;459.28
2025-02-02 20:00:00;125.96435;0.0;-5.2370299e-13;0.0;459.28;0.0;459.28
2025-02-02 21:00:00;125.96435;0.0;-5.2370299e-13;0.0;459.28;0.0;459.28
2025-02-02 22:00:00;132.23678;0.0;-5.2370299e-13;9.171;482.15;10.19;492.34
2025-02-02 23:00:00;132.23678;0.0;-5.2370299e-13;9.171;482.15;10.19;492.34
2025-02-03 00:00:00;132.23678;0.0;-5.2370299e-13;9.171;482.15;10.19;492.34
2025-02-03 01:00:00;132.23678;0.0;-5.2370299e-13;21.744;482.15;24.16;506.31
2025-02-03 02:00:00;132.23678;0.0;-5.2370299e-13;21.744;482.15;24.16;506.31
2025-02-03 03:00:00;132.23678;0.0;-5.2370299e-13;21.744;482.15;24.16;506.31
2025-02-03 04:00:00;132.23678;0.0;-5.2370299e-13;56.637;482.15;62.93;545.08
2025-02-03 05:00:00;132.23678;0.0;-5.2370299e-13;56.637;482.15;62.93;545.08
2025-02-03 06:00:00;132.23678;0.0;-5.2370299e-13;56.637;482.15;62.93;545.08
2025-02-03 07:00:00;132.23678;0.0;-5.2370299e-13;217.737;482.15;241.93;724.08
2025-02-03 08:00:00;132.23678;0.0;-5.2370299e-13;217.737;482.15;241.93;724.08
2025-02-03 09:00:00;130.36678;1.87;0.0;217.737;482.15;241.93;724.08
2025-02-03 10:00:00;111.33678;20.9;0.0;136.701;482.15;151.89;634.04
2025-02-03 11:00:00;72.72116;59.5;0.0;136.701;482.15;151.89;634.04
2025-02-03 12:00:00;52.31087;79.9;0.0;136.701;482.15;151.89;634.04
2025-02-03 13:00:00;29.212137;103.0;0.0;39.51;482.15;43.9;526.05
2025-02-03 14:00:00;16.224648;116.0;0.0;39.51;482.15;43.9;526.05
2025-02-03 15:00:00;29.236782;103.0;0.0;39.51;482.15;43.9;526.05
2025-02-03 16:00:00;42.697806;76.1;0.0;0.0;433.15;0.0;433.15
2025-02-03 17:00:00;87.097806;31.7;0.0;0.0;433.15;0.0;433.15
2025-02-03 18:00:00;115.34781;3.45;0.0;0.0;433.15;0.0;433.15
2025-02-03 19:00:00;117.1961;0.0;-5.2370299e-13;0.0;427.31;0.0;427.31
2025-02-03 20:00:00;117.1961;0.0;-5.2370299e-13;0.0;427.31;0.0;427.31
2025-02-03 21:00:00;117.1961;0.0;-5.2370299e-13;0.0;427.31;0.0;427.31
2025-02-03 22:00:00;125.67637;0.0;-5.2370299e-13;0.0;458.23;0.0;458.22999999999996
2025-02-03 23:00:00;125.67637;0.0;-5.2370299e-13;0.0;458.23;0.0;458.22999999999996
2025-02-04 00:00:00;125.67637;0.0;-5.2370299e-13;-1.0579649e-12;458.23;-1.1755165e-12;458.22999999999996
2025-02-04 01:00:00;132.23678;0.0;-5.2370299e-13;9.162;482.15;10.18;492.33
2025-02-04 02:00:00;132.23678;0.0;-5.2370299e-13;9.162;482.15;10.18;492.33
2025-02-04 03:00:00;132.23678;0.0;-5.2370299e-13;9.162;482.15;10.18;492.33
2025-02-04 04:00:00;132.23678;0.0;-5.2370299e-13;56.421;482.15;62.69;544.84
2025-02-04 05:00:00;132.23678;0.0;-5.2370299e-13;56.421;482.15;62.69;544.84
2025-02-04 06:00:00;132.23678;0.0;-5.2370299e-13;56.421;482.15;62.69;544.84
2025-02-04 07:00:00;132.23678;0.0;-5.2370299e-13;213.219;482.15;236.91;719.06
2025-02-04 08:00:00;132.23678;0.0;-5.2370299e-13;213.219;482.15;236.91;719.06
2025-02-04 09:00:00;129.03678;3.2;0.0;213.219;482.15;236.91;719.06
2025-02-04 10:00:00;108.33678;23.9;0.0;171.81;482.15;190.9;673.05
2025-02-04 11:00:00;85.836782;46.4;0.0;171.81;482.15;190.9;673.05
2025-02-04 12:00:00;33.717596;98.5;0.0;171.81;482.15;190.9;673.05
2025-02-04 13:00:00;14.214675;117.99999999999999;0.0;79.974;482.15;88.86;571.01
2025-02-04 14:00:00;10.22616;122.0;0.0;79.974;482.15;88.86;571.01
2025-02-04 15:00:00;23.236782;108.99999999999999;0.0;79.974;482.15;88.86;571.01
2025-02-04 16:00:00;51.536782;80.7;0.0;10.782;482.15;11.98;494.13
2025-02-04 17:00:00;97.636782;34.6;0.0;10.782;482.15;11.98;494.13
2025-02-04 18:00:00;129.10678;3.13;0.0;10.782;482.15;11.98;494.13
2025-02-04 19:00:00;124.05272;0.0;-5.2370299e-13;0.0;452.31;0.0;452.31
2025-02-04 20:00:00;124.05272;0.0;-5.2370299e-13;0.0;452.31;0.0;452.31
2025-02-04 21:00:00;124.05272;0.0;-5.2370299e-13;0.0;452.31;0.0;452.31
2025-02-04 22:00:00;122.95018;0.0;-5.2370299e-13;0.0;448.29;0.0;448.29
2025-02-04 23:00:00;122.95018;0.0;-5.2370299e-13;-1.0579649e-12;448.29;-1.1755165e-12;448.29
2025-02-05 00:00:00;122.95018;0.0;-5.2370299e-13;-2.1159297e-12;448.29;-2.351033e-12;448.29
2025-02-05 01:00:00;116.64208;0.0;-3.4168375e-10;0.0;425.29;0.0;425.29
2025-02-05 02:00:00;116.64208;0.0;-3.1589152e-10;-1.0579649e-12;425.29;-1.1755165e-12;425.29
2025-02-05 03:00:00;116.64208;0.0;-4.0604779e-10;-2.1159297e-12;425.29;-2.351033e-12;425.29
2025-02-05 04:00:00;118.1862;0.0;-5.2370299e-13;-9.0424303e-13;430.92;-1.0047145e-12;430.92
2025-02-05 05:00:00;118.1862;0.0;-5.2370299e-13;0.0;430.92;0.0;430.92
2025-02-05 06:00:00;118.1862;0.0;-5.2370299e-13;0.0;430.92;0.0;430.92
2025-02-05 07:00:00;132.23678;0.0;-5.2370299e-13;82.692;482.15;91.88;574.03
2025-02-05 08:00:00;132.23678;0.0;-5.2370299e-13;82.692;482.15;91.88;574.03
2025-02-05 09:00:00;131.73678;0.5;0.0;82.692;482.15;91.88;574.03
2025-02-05 10:00:00;128.95678;3.2800000000000002;0.0;72.792;482.15;80.88;563.03
2025-02-05 11:00:00;121.83678;10.4;0.0;72.792;482.15;80.88;563.03
2025-02-05 12:00:00;116.83678;15.4;0.0;72.792;482.15;80.88;563.03
2025-02-05 13:00:00;117.83678;14.4;0.0;58.392;482.15;64.88;547.03
2025-02-05 14:00:00;119.13678;13.1;0.0;58.392;482.15;64.88;547.03
2025-02-05 15:00:00;120.73678;11.5;0.0;58.392;482.15;64.88;547.03
2025-02-05 16:00:00;114.23726;8.68;0.0;0.0;448.17;0.0;448.16999999999996
2025-02-05 17:00:00;120.16726;2.7500000000000004;0.0;0.0;448.17;0.0;448.16999999999996
2025-02-05 18:00:00;122.38426;0.533;0.0;0.0;448.17;0.0;448.16999999999996
2025-02-05 19:00:00;103.19762;0.0;-5.2370299e-13;0.0;376.27;0.0;376.27
2025-02-05 20:00:00;103.19762;0.0;-5.2370299e-13;0.0;376.27;0.0;376.27
2025-02-05 21:00:00;103.19762;0.0;-5.2370299e-13;0.0;376.27;0.0;376.27
2025-02-05 22:00:00;110.06521;0.0;-5.2370299e-13;0.0;401.31;0.0;401.31
2025-02-05 23:00:00;110.06521;0.0;-5.2370299e-13;0.0;401.31;0.0;401.31
2025-02-06 00:00:00;110.06521;0.0;-5.2370299e-13;0.0;401.31;0.0;401.31
2025-02-06 01:00:00;110.33674;0.0;-5.2370299e-13;0.0;402.3;0.0;402.3
2025-02-06 02:00:00;110.33674;0.0;-5.2370299e-13;0.0;402.3;0.0;402.3
2025-02-06 03:00:00;110.33674;0.0;-5.2370299e-13;0.0;402.3;0.0;402.3
2025-02-06 04:00:00;121.57611;0.0;-5.2370299e-13;0.0;443.28;0.0;443.28
2025-02-06 05:00:00;121.57611;0.0;-5.2370299e-13;0.0;443.28;0.0;443.28
2025-02-06 06:00:00;121.57611;0.0;-5.2370299e-13;0.0;443.28;0.0;443.28
2025-02-06 07:00:00;132.23678;0.0;-5.2370299e-13;93.501;482.15;103.89;586.04
2025-02-06 08:00:00;132.23678;0.0;-5.2370299e-13;93.501;482.15;103.89;586.04
2025-02-06 09:00:00;132.13678;0.1;0.0;93.501;482.15;103.89;586.04
2025-02-06 10:00:00;130.23678;2.0;0.0;88.11;482.15;97.9;580.05
2025-02-06 11:00:00;123.30678;8.93;0.0;88.11;482.15;97.9;580.05
2025-02-06 12:00:00;125.45678;6.78;0.0;88.11;482.15;97.9;580.05
2025-02-06 13:00:00;129.81678;2.42;0.0;45.783;482.15;50.87;533.02
2025-02-06 14:00:00;113.83678;18.4;0.0;45.783;482.15;50.87;533.02
2025-02-06 15:00:00;119.23678;13.000000000000002;0.0;45.783;482.15;50.87;533.02
2025-02-06 16:00:00;110.04668;6.28;0.0;0.0;424.14;0.0;424.14
2025-02-06 17:00:00;107.34668;8.98;0.0;0.0;424.14;0.0;424.14
2025-02-06 18:00:00;114.92668;1.4;0.0;0.0;424.14;0.0;424.14
2025-02-06 19:00:00;110.88252;0.0;-5.2370299e-13;0.0;404.29;0.0;404.29
2025-02-06 20:00:00;110.88252;0.0;-5.2370299e-13;0.0;404.29;0.0;404.29
2025-02-06 21:00:00;110.88252;0.0;-5.2370299e-13;0.0;404.29;0.0;404.29
2025-02-06 22:00:00;111.71355;0.0;-5.2370299e-13;0.0;407.32;0.0;407.32
2025-02-06 23:00:00;111.71355;0.0;-5.2370299e-13;0.0;407.32;0.0;407.32
2025-02-07 00:00:00;111.71355;0.0;-5.2370299e-13;0.0;407.32;0.0;407.32
2025-02-07 01:00:00;117.46762;0.0;-5.2370299e-13;0.0;428.3;0.0;428.3
2025-02-07 02:00:00;117.46762;0.0;-2.1896479e-10;-1.0579649e-12;428.3;-1.1755165e-12;428.3
2025-02-07 03:00:00;117.46762;0.0;-4.0572539e-10;-2.1159297e-12;428.3;-2.351033e-12;428.3
2025-02-07 04:00:00;123.83057;0.0;-3.0589262e-10;0.0;451.5;0.0;451.5
2025-02-07 05:00:00;123.83057;0.0;-4.0540299e-10;-1.0579649e-12;451.5;-1.1755165e-12;451.5
2025-02-07 06:00:00;123.83057;0.0;-5.2370299e-13;-2.1159297e-12;451.5;-2.351033e-12;451.5
2025-02-07 07:00:00;132.23678;0.0;-5.2370299e-13;90.783;482.15;100.87;583.02
2025-02-07 08:00:00;132.23678;0.0;-5.2370299e-13;90.783;482.15;100.87;583.02
2025-02-07 09:00:00;132.23678;0.0;-5.2370299e-13;90.783;482.15;100.87;583.02
2025-02-07 10:00:00;132.23678;0.0;-5.2370299e-13;78.183;482.15;86.87;569.02
2025-02-07 11:00:00;132.23678;0.0;-5.2370299e-13;78.183;482.15;86.87;569.02
2025-02-07 12:00:00;132.23678;0.0;-5.2370299e-13;78.183;482.15;86.87;569.02
2025-02-07 13:00:00;132.23678;0.0;-3.0798052e-11;62.001;482.15;68.89;551.04
2025-02-07 14:00:00;132.23678;0.0;-3.4136134e-10;62.001;482.15;68.89;551.04
2025-02-07 15:00:00;132.23678;0.0;-5.2370299e-13;62.001;482.15;68.89;551.04
2025-02-07 16:00:00;122.08898;0.0;-5.2370299e-13;0.0;445.15;0.0;445.15
2025-02-07 17:00:00;122.08898;0.0;-5.2370299e-13;0.0;445.15;0.0;445.15
2025-02-07 18:00:00;122.08898;0.0;-5.2370299e-13;0.0;445.15;0.0;445.15
2025-02-07 19:00:00;110.17218;0.0;-5.2370299e-13;0.0;401.7;0.0;401.7
2025-02-07 20:00:00;110.17218;0.0;-5.2370299e-13;0.0;401.7;0.0;401.7
2025-02-07 21:00:00;110.17218;0.0;-4.0628975e-10;0.0;401.7;0.0;401.7
2025-02-07 22:00:00;109.66479;0.0;-4.0628979e-10;0.0;399.85;0.0;399.85
2025-02-07 23:00:00;109.66479;0.0;-4.0564494e-10;-1.0611246e-12;399.85;-1.1790274e-12;399.85
2025-02-08 00:00:00;109.66479;0.0;-4.0564497e-10;-2.1190895e-12;399.85;-2.3545439e-12;399.85
2025-02-08 01:00:00;113.97349;0.0;-4.0532256e-10;0.0;415.56;0.0;415.56
2025-02-08 02:00:00;113.97349;0.0;-4.0500016e-10;-1.0579649e-12;415.56;-1.1755165e-12;415.56
2025-02-08 03:00:00;113.97349;0.0;-4.0467776e-10;-2.1159297e-12;415.56;-2.351033e-12;415.56
2025-02-08 04:00:00;115.37772;0.0;-4.0435536e-10;0.0;420.68;0.0;420.68
2025-02-08 05:00:00;115.37772;0.0;-4.0403295e-10;-1.0579649e-12;420.68;-1.1755165e-12;420.68
2025-02-08 06:00:00;115.37772;0.0;-4.0371055e-10;-2.1159297e-12;420.68;-2.351033e-12;420.68
2025-02-08 07:00:00;117.79674;0.0;-4.0338815e-10;0.0;429.5;0.0;429.5
2025-02-08 08:00:00;117.79674;0.0;-5.2370299e-13;-1.0579649e-12;429.5;-1.1755165e-12;429.5
2025-02-08 09:00:00;116.09674;1.7;-2.1763339e-12;-2.1159297e-12;429.5;-2.351033e-12;429.5
2025-02-08 10:00:00;81.358906;12.5;-1.6945078e-12;-1.9944329e-12;342.22;-2.2160365e-12;342.22
2025-02-08 11:00:00;50.146017;43.7;0.0;0.0;342.22;0.0;342.22
2025-02-08 12:00:00;28.137587;65.7;0.0;-9.7688278e-13;342.22;-1.0854253e-12;342.22
2025-02-08 13:00:00;21.323792;63.2;0.0;-1.0301489e-12;308.24;-1.1446099e-12;308.24
2025-02-08 14:00:00;13.429052;71.1;0.0;0.0;308.24;0.0;308.24
2025-02-08 15:00:00;51.739387;32.8;0.0;0.0;308.24;0.0;308.24
2025-02-08 16:00:00;58.590462;27.6;0.0;0.0;314.26;0.0;314.26
2025-02-08 17:00:00;79.560462;6.63;0.0;0.0;314.26;0.0;314.26
2025-02-08 18:00:00;85.110462;1.08;0.0;0.0;314.26;0.0;314.26
2025-02-08 19:00:00;87.833308;0.0;-5.2370299e-13;0.0;320.25;0.0;320.25
2025-02-08 20:00:00;87.833308;0.0;-5.2370299e-13;0.0;320.25;0.0;320.25
2025-02-08 21:00:00;87.833308;0.0;-5.2370299e-13;0.0;320.25;0.0;320.25
2025-02-08 22:00:00;96.351973;0.0;-5.2370299e-13;0.0;351.31;0.0;351.31
2025-02-08 23:00:00;96.351973;0.0;-5.2370299e-13;0.0;351.31;0.0;351.31
2025-02-09 00:00:00;96.351973;0.0;-5.2370299e-13;0.0;351.31;0.0;351.31
2025-02-09 01:00:00;108.42511;0.0;-5.2370299e-13;0.0;395.33;0.0;395.33
2025-02-09 02:00:00;108.42511;0.0;-5.2370299e-13;0.0;395.33;0.0;395.33
2025-02-09 03:00:00;108.42511;0.0;-5.2370299e-13;0.0;395.33;0.0;395.33
2025-02-09 04:00:00;111.43654;0.0;-5.2370299e-13;0.0;406.31;0.0;406.31
2025-02-09 05:00:00;111.43654;0.0;-5.2370299e-13;0.0;406.31;0.0;406.31
2025-02-09 06:00:00;111.43654;0.0;-5.2370299e-13;0.0;406.31;0.0;406.31
2025-02-09 07:00:00;114.17644;0.0;-5.2370299e-13;0.0;416.3;0.0;416.3
2025-02-09 08:00:00;114.17644;0.0;-5.2370299e-13;0.0;416.3;0.0;416.3
2025-02-09 09:00:00;111.77644;2.4;0.0;0.0;416.3;0.0;416.3
2025-02-09 10:00:00;89.216342;9.05;0.0;0.0;358.29;0.0;358.29
2025-02-09 11:00:00;84.366342;13.9;0.0;0.0;358.29;0.0;358.29
2025-02-09 12:00:00;67.266342;31.0;0.0;-1.0579649e-12;358.29;-1.1755165e-12;358.29
2025-02-09 13:00:00;34.106979;57.3;0.0;0.0;333.28;0.0;333.28
2025-02-09 14:00:00;40.606979;50.800000000000004;0.0;0.0;333.28;0.0;333.28
2025-02-09 15:00:00;46.706979;44.7;0.0;0.0;333.28;0.0;333.28
2025-02-09 16:00:00;72.420753;24.2;0.0;0.0;352.29;0.0;352.29
2025-02-09 17:00:00;86.020753;10.6;0.0;0.0;352.29;0.0;352.29
2025-02-09 18:00:00;93.840753;2.7800000000000002;0.0;0.0;352.29;0.0;352.29
2025-02-09 19:00:00;105.67698;0.0;-5.2370299e-13;0.0;385.31;0.0;385.31
2025-02-09 20:00:00;105.67698;0.0;-5.2370299e-13;0.0;385.31;0.0;385.31
2025-02-09 21:00:00;105.67698;0.0;-5.2370299e-13;0.0;385.31;0.0;385.31
2025-02-09 22:00:00;116.92732;0.0;-5.2370299e-13;0.0;426.33;0.0;426.33
2025-02-09 23:00:00;116.92732;0.0;-5.2370299e-13;0.0;426.33;0.0;426.33
2025-02-10 00:00:00;116.92732;0.0;-5.2370299e-13;0.0;426.33;0.0;426.33
2025-02-10 01:00:00;121.30184;0.0;-5.2370299e-13;0.0;442.28;0.0;442.28
2025-02-10 02:00:00;121.30184;0.0;-2.8784248e-10;-1.0579649e-12;442.28;-1.1755165e-12;442.28
2025-02-10 03:00:00;121.30184;0.0;-2.8778633e-11;-2.1159297e-12;442.28;-2.351033e-12;442.28
2025-02-10 04:00:00;128.41627;0.0;-3.9100696e-10;0.0;468.22;0.0;468.22
2025-02-10 05:00:00;128.41627;0.0;-5.2370299e-13;-1.0579649e-12;468.22;-1.1755165e-12;468.22
2025-02-10 06:00:00;128.41627;0.0;-5.2370299e-13;-2.1159297e-12;468.22;-2.351033e-12;468.22
2025-02-10 07:00:00;132.23678;0.0;-5.2370299e-13;98.127;482.15;109.03;591.18
2025-02-10 08:00:00;132.23678;0.0;-5.2370299e-13;98.127;482.15;109.03;591.18
2025-02-10 09:00:00;131.33678;0.9;0.0;98.127;482.15;109.03;591.18
2025-02-10 10:00:00;125.55678;6.68;0.0;76.482;482.15;84.98;567.13
2025-02-10 11:00:00;116.43678;15.8;0.0;76.482;482.15;84.98;567.13
2025-02-10 12:00:00;109.73678;22.5;0.0;76.482;482.15;84.98;567.13
2025-02-10 13:00:00;120.13678;12.1;0.0;63.891;482.15;70.99;553.14
2025-02-10 14:00:00;120.83678;11.4;0.0;63.891;482.15;70.99;553.14
2025-02-10 15:00:00;125.00678;7.230000000000001;0.0;63.891;482.15;70.99;553.14
2025-02-10 16:00:00;107.45827;7.53;0.0;0.0;419.26;0.0;419.26
2025-02-10 17:00:00;113.06827;1.92;0.0;0.0;419.26;0.0;419.26
2025-02-10 18:00:00;114.26327;0.725;0.0;0.0;419.26;0.0;419.26
2025-02-10 19:00:00;103.47463;0.0;-5.2370299e-13;0.0;377.28;0.0;377.28
2025-02-10 20:00:00;103.47463;0.0;-4.0306574e-10;0.0;377.28;0.0;377.28
2025-02-10 21:00:00;103.47463;0.0;-4.0274334e-10;-1.0579649e-12;377.28;-1.1755165e-12;377.28
2025-02-10 22:00:00;102.64909;0.0;-4.0242094e-10;0.0;374.27;0.0;374.27
2025-02-10 23:00:00;102.64909;0.0;-4.0209854e-10;-1.0579649e-12;374.27;-1.1755165e-12;374.27
2025-02-11 00:00:00;102.64909;0.0;-4.0177613e-10;-2.1159297e-12;374.27;-2.351033e-12;374.27
2025-02-11 01:00:00;102.10879;0.0;-4.0145373e-10;0.0;372.3;0.0;372.3
2025-02-11 02:00:00;102.10879;0.0;-4.0113133e-10;-1.0579649e-12;372.3;-1.1755165e-12;372.3
2025-02-11 03:00:00;102.10879;0.0;-4.0080893e-10;-2.1159297e-12;372.3;-2.351033e-12;372.3
2025-02-11 04:00:00;105.3314;0.0;-4.0048652e-10;0.0;384.05;0.0;384.05
2025-02-11 05:00:00;105.3314;0.0;-4.0016412e-10;-1.0579649e-12;384.05;-1.1755165e-12;384.05
2025-02-11 06:00:00;105.3314;0.0;-3.9951929e-10;-2.1159297e-12;384.05;-2.351033e-12;384.05
2025-02-11 07:00:00;132.23678;0.0;-5.2370299e-13;0.0;482.15;0.0;482.15
2025-02-11 08:00:00;132.23678;0.0;-5.2370299e-13;0.0;482.15;0.0;482.15
2025-02-11 09:00:00;130.80678;1.4299999999999997;0.0;0.0;482.15;0.0;482.15
2025-02-11 10:00:00;124.18678;8.05;-4.84626e-13;1.233;482.15;1.37;483.52
2025-02-11 11:00:00;114.33678;17.9;-2.428454e-13;1.233;482.15;1.37;483.52
2025-02-11 12:00:00;103.23491;29.0;0.0;1.233;482.15;1.37;483.52
2025-02-11 13:00:00;103.70869;25.3;-1.7179545e-28;0.0;470.38;0.0;470.38
2025-02-11 14:00:00;102.20869;26.8;0.0;-1.0579649e-12;470.38;-1.1755165e-12;470.38
2025-02-11 15:00:00;114.60869;14.4;0.0;-2.1159297e-12;470.38;-2.351033e-12;470.38
2025-02-11 16:00:00;100.90312;6.68;0.0;0.0;392.26;0.0;392.26
2025-02-11 17:00:00;102.86312;4.72;0.0;0.0;392.26;0.0;392.26
2025-02-11 18:00:00;106.68312;0.9;0.0;0.0;392.26;0.0;392.26
2025-02-11 19:00:00;104.5854;0.0;-5.2370299e-13;0.0;381.33;0.0;381.33
2025-02-11 20:00:00;104.5854;0.0;-5.2370299e-13;0.0;381.33;0.0;381.33
2025-02-11 21:00:00;104.5854;0.0;-5.2370299e-13;0.0;381.33;0.0;381.33
2025-02-11 22:00:00;107.5886;0.0;-5.2370299e-13;0.0;392.28;0.0;392.28
2025-02-11 23:00:00;107.5886;0.0;-5.2370299e-13;0.0;392.28;0.0;392.28
2025-02-12 00:00:00;107.5886;0.0;-5.2370299e-13;0.0;392.28;0.0;392.28
2025-02-12 01:00:00;109.23693;0.0;-5.2370299e-13;0.0;398.29;0.0;398.29
2025-02-12 02:00:00;109.23693;0.0;-5.2370299e-13;0.0;398.29;0.0;398.29
2025-02-12 03:00:00;109.23693;0.0;-5.2370299e-13;0.0;398.29;0.0;398.29
2025-02-12 04:00:00;119.93052;0.0;-5.2370299e-13;0.0;437.28;0.0;437.28
2025-02-12 05:00:00;119.93052;0.0;-5.2370299e-13;0.0;437.28;0.0;437.28
2025-02-12 06:00:00;119.93052;0.0;-5.2370299e-13;0.0;437.28;0.0;437.28
2025-02-12 07:00:00;132.23678;0.0;-5.2370299e-13;74.844;482.15;83.16;565.31
2025-02-12 08:00:00;132.23678;0.0;-5.2370299e-13;74.844;482.15;83.16;565.31
2025-02-12 09:00:00;130.50678;1.7300000000000002;0.0;74.844;482.15;83.16;565.31
2025-02-12 10:00:00;110.33678;21.9;0.0;20.646;482.15;22.94;505.0899999999999
2025-02-12 11:00:00;61.836782;70.4;0.0;20.646;482.15;22.94;505.0899999999999
2025-02-12 12:00:00;35.036782;97.2;0.0;20.646;482.15;22.94;505.0899999999999
2025-02-12 13:00:00;0.46305043;123.0;0.0;0.0;450.16;0.0;450.1600000000001
2025-02-12 14:00:00;75.36305;48.10000000000001;0.0;0.0;450.16;0.0;450.1600000000001
2025-02-12 15:00:00;94.76305;28.7;0.0;0.0;450.16;0.0;450.1600000000001
2025-02-12 16:00:00;90.429042;11.4;0.0;0.0;371.28;0.0;371.28
2025-02-12 17:00:00;97.529042;4.3;0.0;0.0;371.28;0.0;371.28
2025-02-12 18:00:00;101.37904;0.45;0.0;0.0;371.28;0.0;371.28
2025-02-12 19:00:00;102.10605;0.0;-5.2370299e-13;0.0;372.29;0.0;372.29
2025-02-12 20:00:00;102.10605;0.0;-5.2370299e-13;0.0;372.29;0.0;372.29
2025-02-12 21:00:00;102.10605;0.0;-5.2370299e-13;0.0;372.29;0.0;372.29
2025-02-12 22:00:00;101.29971;0.0;-5.2370299e-13;0.0;369.35;0.0;369.35
2025-02-12 23:00:00;101.29971;0.0;-5.2370299e-13;0.0;369.35;0.0;369.35
2025-02-13 00:00:00;101.29971;0.0;-5.2370299e-13;0.0;369.35;0.0;369.35
2025-02-13 01:00:00;106.21179;0.0;-5.2370299e-13;0.0;387.26;0.0;387.26
2025-02-13 02:00:00;106.21179;0.0;-5.2370299e-13;0.0;387.26;0.0;387.26
2025-02-13 03:00:00;106.21179;0.0;-5.2370299e-13;0.0;387.26;0.0;387.26
2025-02-13 04:00:00;118.29042;0.0;-5.2370299e-13;0.0;431.3;0.0;431.3
2025-02-13 05:00:00;118.29042;0.0;-5.2370299e-13;0.0;431.3;0.0;431.3
2025-02-13 06:00:00;118.29042;0.0;-5.2370299e-13;0.0;431.3;0.0;431.3
2025-02-13 07:00:00;132.23678;0.0;-5.2370299e-13;77.373;482.15;85.97;568.12
2025-02-13 08:00:00;132.23678;0.0;-5.2370299e-13;77.373;482.15;85.97;568.12
2025-02-13 09:00:00;132.13678;0.1;0.0;77.373;482.15;85.97;568.12
2025-02-13 10:00:00;130.53678;1.7;0.0;129.609;482.15;144.01;626.16
2025-02-13 11:00:00;127.90678;4.33;0.0;129.609;482.15;144.01;626.16
2025-02-13 12:00:00;125.15678;7.080000000000001;0.0;129.609;482.15;144.01;626.16
2025-02-13 13:00:00;125.20678;7.029999999999999;0.0;137.205;482.15;152.45;634.6
2025-02-13 14:00:00;126.00678;6.230000000000001;0.0;137.205;482.15;152.45;634.6
2025-02-13 15:00:00;127.38678;4.85;0.0;137.205;482.15;152.45;634.6
2025-02-13 16:00:00;128.80678;3.43;0.0;60.975;482.15;67.75;549.9
2025-02-13 17:00:00;128.70678;3.53;0.0;60.975;482.15;67.75;549.9
2025-02-13 18:00:00;131.06678;1.17;0.0;60.975;482.15;67.75;549.9
2025-02-13 19:00:00;132.23678;0.0;-5.2370299e-13;19.908;482.15;22.12;504.27
2025-02-13 20:00:00;132.23678;0.0;-5.2370299e-13;19.908;482.15;22.12;504.27
2025-02-13 21:00:00;132.23678;0.0;-5.2370299e-13;19.908;482.15;22.12;504.27
2025-02-13 22:00:00;132.23678;0.0;-5.2370299e-13;20.781;482.15;23.09;505.23999999999995
2025-02-13 23:00:00;132.23678;0.0;-5.2370299e-13;20.781;482.15;23.09;505.23999999999995
2025-02-14 00:00:00;132.23678;0.0;-5.2370299e-13;20.781;482.15;23.09;505.23999999999995
2025-02-14 01:00:00;132.23678;0.0;-5.2370299e-13;26.829;482.15;29.81;511.96
2025-02-14 02:00:00;132.23678;0.0;-5.2370299e-13;26.829;482.15;29.81;511.96
2025-02-14 03:00:00;132.23678;0.0;-5.2370299e-13;26.829;482.15;29.81;511.96
2025-02-14 04:00:00;132.23678;0.0;-5.2370299e-13;62.19;482.15;69.1;551.25
2025-02-14 05:00:00;132.23678;0.0;-5.2370299e-13;62.19;482.15;69.1;551.25
2025-02-14 06:00:00;132.23678;0.0;-5.2370299e-13;62.19;482.15;69.1;551.25
2025-02-14 07:00:00;132.23678;0.0;-5.2370299e-13;172.602;482.15;191.78;673.93
2025-02-14 08:00:00;132.23678;0.0;-5.2370299e-13;172.602;482.15;191.78;673.93
2025-02-14 09:00:00;131.53678;0.7000000000000002;0.0;172.602;482.15;191.78;673.93
2025-02-14 10:00:00;128.90678;3.3299999999999996;0.0;154.458;482.15;171.62;653.77
2025-02-14 11:00:00;121.43678;10.8;0.0;154.458;482.15;171.62;653.77
2025-02-14 12:00:00;117.43678;14.799999999999999;0.0;154.458;482.15;171.62;653.77
2025-02-14 13:00:00;117.63678;14.599999999999998;0.0;128.898;482.15;143.22;625.37
2025-02-14 14:00:00;123.50678;8.73;0.0;128.898;482.15;143.22;625.37
2025-02-14 15:00:00;124.95678;7.28;0.0;128.898;482.15;143.22;625.37
2025-02-14 16:00:00;127.38678;4.85;0.0;29.844;482.15;33.16;515.31
2025-02-14 17:00:00;128.75678;3.48;0.0;29.844;482.15;33.16;515.31
2025-02-14 18:00:00;131.36978;0.867;0.0;29.844;482.15;33.16;515.31
2025-02-14 19:00:00;130.42115;0.0;-5.2370299e-13;0.0;475.53;0.0;475.53000000000003
2025-02-14 20:00:00;130.42115;0.0;-5.2370299e-13;0.0;475.53;0.0;475.53000000000003
2025-02-14 21:00:00;130.42115;0.0;-5.2370299e-13;-8.1577002e-13;475.53;-9.0641114e-13;475.53000000000003
2025-02-14 22:00:00;125.00442;0.0;-5.2370299e-13;0.0;455.78;0.0;455.78000000000003
2025-02-14 23:00:00;125.00442;0.0;-5.2370299e-13;0.0;455.78;0.0;455.78000000000003
2025-02-15 00:00:00;125.00442;0.0;-5.2370299e-13;-1.0579649e-12;455.78;-1.1755165e-12;455.78000000000003
2025-02-15 01:00:00;131.2412;0.0;-5.2370299e-13;0.0;478.52;0.0;478.52
2025-02-15 02:00:00;131.2412;0.0;-5.2370299e-13;-1.0579649e-12;478.52;-1.1755165e-12;478.52
2025-02-15 03:00:00;131.2412;0.0;-5.2370299e-13;-2.1159297e-12;478.52;-2.351033e-12;478.52
2025-02-15 04:00:00;131.9488;0.0;-5.2370299e-13;0.0;481.1;0.0;481.09999999999997
2025-02-15 05:00:00;131.9488;0.0;-5.2370299e-13;-1.0579649e-12;481.1;-1.1755165e-12;481.09999999999997
2025-02-15 06:00:00;131.9488;0.0;-5.2370299e-13;-2.1159297e-12;481.1;-2.351033e-12;481.09999999999997
2025-02-15 07:00:00;132.23678;0.0;-5.2370299e-13;9.522;482.15;10.58;492.73
2025-02-15 08:00:00;132.23678;0.0;-5.2370299e-13;9.522;482.15;10.58;492.73
2025-02-15 09:00:00;131.03678;1.2;0.0;9.522;482.15;10.58;492.73
2025-02-15 10:00:00;121.0443;8.48;0.0;-2.0833747e-12;472.26;-2.3148607e-12;472.26
2025-02-15 11:00:00;105.00456;24.5;0.0;0.0;472.26;0.0;472.26
2025-02-15 12:00:00;85.301922;44.199999999999996;0.0;-1.021016e-12;472.26;-1.1344622e-12;472.26
2025-02-15 13:00:00;78.822869;49.6;0.0;0.0;468.31;0.0;468.30999999999995
2025-02-15 14:00:00;82.940957;45.5;0.0;-1.1203359e-12;468.31;-1.2448177e-12;468.30999999999995
2025-02-15 15:00:00;93.140957;35.3;0.0;-2.1783008e-12;468.31;-2.4203342e-12;468.30999999999995
2025-02-15 16:00:00;106.13678;26.099999999999998;0.0;15.408;482.15;17.12;499.27
2025-02-15 17:00:00;121.73678;10.5;0.0;15.408;482.15;17.12;499.27
2025-02-15 18:00:00;129.78678;2.45;0.0;15.408;482.15;17.12;499.27
2025-02-15 19:00:00;132.23678;0.0;-5.2370299e-13;12.087;482.15;13.43;495.58
2025-02-15 20:00:00;132.23678;0.0;-5.2370299e-13;12.087;482.15;13.43;495.58
2025-02-15 21:00:00;132.23678;0.0;-5.2370299e-13;12.087;482.15;13.43;495.58
2025-02-15 22:00:00;132.23678;0.0;-5.2370299e-13;18.045;482.15;20.05;502.2
2025-02-15 23:00:00;132.23678;0.0;-5.2370299e-13;18.045;482.15;20.05;502.2
2025-02-16 00:00:00;132.23678;0.0;-5.2370299e-13;18.045;482.15;20.05;502.2
2025-02-16 01:00:00;132.23678;0.0;-5.2370299e-13;10.881;482.15;12.09;494.24
2025-02-16 02:00:00;132.23678;0.0;-5.2370299e-13;10.881;482.15;12.09;494.24
2025-02-16 03:00:00;132.23678;0.0;-5.2370299e-13;10.881;482.15;12.09;494.24
2025-02-16 04:00:00;132.23678;0.0;-5.2370299e-13;29.763;482.15;33.07;515.22
2025-02-16 05:00:00;132.23678;0.0;-5.2370299e-13;29.763;482.15;33.07;515.22
2025-02-16 06:00:00;132.23678;0.0;-5.2370299e-13;29.763;482.15;33.07;515.22
2025-02-16 07:00:00;132.23678;0.0;-5.2370299e-13;29.781;482.15;33.09;515.24
2025-02-16 08:00:00;132.23678;0.0;-5.2370299e-13;29.781;482.15;33.09;515.24
2025-02-16 09:00:00;131.26978;0.9670000000000001;0.0;29.781;482.15;33.09;515.24
2025-02-16 10:00:00;106.2175;19.5;0.0;0.0;458.4;0.0;458.4
2025-02-16 11:00:00;85.699885;40.0;0.0;-2.0803414e-12;458.4;-2.3114904e-12;458.4
2025-02-16 12:00:00;36.69254;89.0;0.0;-9.9940995e-13;458.4;-1.1104555e-12;458.4
2025-02-16 13:00:00;0.0;128.0;12.478347;0.0;421.31;0.0;421.31
2025-02-16 14:00:00;0.0;127.00000000000001;11.465507;0.0;421.31;0.0;421.31
2025-02-16 15:00:00;3.5505104;112.0;0.0;0.0;421.31;0.0;421.31
2025-02-16 16:00:00;15.024379;103.0;0.0;0.0;430.33;0.0;430.33
2025-02-16 17:00:00;59.824379;58.2;0.0;0.0;430.33;0.0;430.33
2025-02-16 18:00:00;106.12438;11.9;0.0;0.0;430.33;0.0;430.33
2025-02-16 19:00:00;132.03678;0.2;0.0;19.908;482.15;22.12;504.27
2025-02-16 20:00:00;132.23678;0.0;-5.2370299e-13;19.908;482.15;22.12;504.27
2025-02-16 21:00:00;132.23678;0.0;-5.2370299e-13;19.908;482.15;22.12;504.27
2025-02-16 22:00:00;132.23678;0.0;-5.2370299e-13;27.153;482.15;30.17;512.32
2025-02-16 23:00:00;132.23678;0.0;-5.2370299e-13;27.153;482.15;30.17;512.32
2025-02-17 00:00:00;132.23678;0.0;-5.2370299e-13;27.153;482.15;30.17;512.32
2025-02-17 01:00:00;132.23678;0.0;-5.2370299e-13;49.437;482.15;54.93;537.08
2025-02-17 02:00:00;132.23678;0.0;-5.2370299e-13;49.437;482.15;54.93;537.08
2025-02-17 03:00:00;132.23678;0.0;-5.2370299e-13;49.437;482.15;54.93;537.08
2025-02-17 04:00:00;132.23678;0.0;-5.2370299e-13;81.972;482.15;91.08;573.23
2025-02-17 05:00:00;132.23678;0.0;-5.2370299e-13;81.972;482.15;91.08;573.23
2025-02-17 06:00:00;132.23678;0.0;-5.2370299e-13;81.972;482.15;91.08;573.23
2025-02-17 07:00:00;132.23678;0.0;-5.2370299e-13;207.855;482.15;230.95;713.1
2025-02-17 08:00:00;132.13678;0.1;0.0;207.855;482.15;230.95;713.1
2025-02-17 09:00:00;123.83678;8.4;0.0;207.855;482.15;230.95;713.1
2025-02-17 10:00:00;88.729723;43.5;0.0;160.173;482.15;177.97;660.12
2025-02-17 11:00:00;48.806808;83.4;0.0;160.173;482.15;177.97;660.12
2025-02-17 12:00:00;17.195254;115.0;0.0;160.173;482.15;177.97;660.12
2025-02-17 13:00:00;0.0;133.0;0.80133576;117.783;482.15;130.87;613.02
2025-02-17 14:00:00;0.0;138.0;5.7861336;117.783;482.15;130.87;613.02
2025-02-17 15:00:00;1.236782;131.0;0.0;117.783;482.15;130.87;613.02
2025-02-17 16:00:00;26.236782;106.0;0.0;36.018;482.15;40.02;522.17
2025-02-17 17:00:00;69.036782;63.2;0.0;36.018;482.15;40.02;522.17
2025-02-17 18:00:00;119.93678;12.3;0.0;36.018;482.15;40.02;522.17
2025-02-17 19:00:00;132.03678;0.2;0.0;7.353;482.15;8.17;490.32
2025-02-17 20:00:00;132.23678;0.0;-5.2370299e-13;7.353;482.15;8.17;490.32
2025-02-17 21:00:00;132.23678;0.0;-5.2370299e-13;7.353;482.15;8.17;490.32
2025-02-17 22:00:00;132.23678;0.0;-5.2370299e-13;28.035;482.15;31.15;513.3
2025-02-17 23:00:00;132.23678;0.0;-5.2370299e-13;28.035;482.15;31.15;513.3
2025-02-18 00:00:00;132.23678;0.0;-5.2370299e-13;28.035;482.15;31.15;513.3
2025-02-18 01:00:00;132.23678;0.0;-5.2370299e-13;45.18;482.15;50.2;532.35
2025-02-18 02:00:00;132.23678;0.0;-5.2370299e-13;45.18;482.15;50.2;532.35
2025-02-18 03:00:00;132.23678;0.0;-5.2370299e-13;45.18;482.15;50.2;532.35
2025-02-18 04:00:00;132.23678;0.0;-5.2370299e-13;98.181;482.15;109.09;591.24
2025-02-18 05:00:00;132.23678;0.0;-5.2370299e-13;98.181;482.15;109.09;591.24
2025-02-18 06:00:00;132.23678;0.0;-5.2370299e-13;98.181;482.15;109.09;591.24
2025-02-18 07:00:00;132.23678;0.0;-5.2370299e-13;218.664;482.15;242.96;725.11
2025-02-18 08:00:00;132.13678;0.1;0.0;218.664;482.15;242.96;725.11
2025-02-18 09:00:00;123.48678;8.75;0.0;218.664;482.15;242.96;725.11
2025-02-18 10:00:00;88.727815;43.5;0.0;162.981;482.15;181.09;663.24
2025-02-18 11:00:00;57.605133;74.6;0.0;162.981;482.15;181.09;663.24
2025-02-18 12:00:00;21.193841;111.00000000000001;0.0;162.981;482.15;181.09;663.24
2025-02-18 13:00:00;3.1953231;129.0;0.0;91.782;482.15;101.98;584.13
2025-02-18 14:00:00;0.0;139.0;6.7905436;91.782;482.15;101.98;584.13
2025-02-18 15:00:00;0.23427386;132.0;0.0;91.782;482.15;101.98;584.13
2025-02-18 16:00:00;25.236782;107.0;0.0;4.599;482.15;5.11;487.26
2025-02-18 17:00:00;81.536782;50.7;0.0;4.599;482.15;5.11;487.26
2025-02-18 18:00:00;115.53678;16.7;0.0;4.599;482.15;5.11;487.26
2025-02-18 19:00:00;129.13802;0.4;0.0;0.0;472.31;0.0;472.31000000000006
2025-02-18 20:00:00;129.53802;0.0;-5.2370299e-13;-7.4877674e-13;472.31;-8.3197415e-13;472.31000000000006
2025-02-18 21:00:00;129.53802;0.0;-5.2370299e-13;-1.8067416e-12;472.31;-2.0074907e-12;472.31000000000006
2025-02-18 22:00:00;131.72665;0.0;-5.2370299e-13;0.0;480.29;0.0;480.29
2025-02-18 23:00:00;131.72665;0.0;-5.2370299e-13;-1.0579649e-12;480.29;-1.1755165e-12;480.29
2025-02-19 00:00:00;131.72665;0.0;-3.152423e-10;-2.1159297e-12;480.29;-2.351033e-12;480.29
2025-02-19 01:00:00;132.23678;0.0;-3.9951933e-10;18.999;482.15;21.11;503.26
2025-02-19 02:00:00;132.23678;0.0;-3.9887449e-10;18.999;482.15;21.11;503.26
2025-02-19 03:00:00;132.23678;0.0;-3.9887451e-10;18.999;482.15;21.11;503.26
2025-02-19 04:00:00;132.23678;0.0;-3.985521e-10;58.995;482.15;65.55;547.7
2025-02-19 05:00:00;132.23678;0.0;-3.982297e-10;58.995;482.15;65.55;547.7
2025-02-19 06:00:00;132.23678;0.0;-5.2370299e-13;58.995;482.15;65.55;547.7
2025-02-19 07:00:00;132.23678;0.0;-5.2370299e-13;177.246;482.15;196.94;679.09
2025-02-19 08:00:00;131.73678;0.5;0.0;177.246;482.15;196.94;679.09
2025-02-19 09:00:00;122.13678;10.1;0.0;177.246;482.15;196.94;679.09
2025-02-19 10:00:00;103.83426;28.4;0.0;137.025;482.15;152.25;634.4
2025-02-19 11:00:00;93.514489;38.7;0.0;137.025;482.15;152.25;634.4
2025-02-19 12:00:00;61.30474;70.9;0.0;137.025;482.15;152.25;634.4
2025-02-19 13:00:00;21.207672;111.00000000000001;0.0;66.582;482.15;73.98;556.13
2025-02-19 14:00:00;37.721699;94.5;0.0;66.582;482.15;73.98;556.13
2025-02-19 15:00:00;39.936782;92.3;0.0;66.582;482.15;73.98;556.13
2025-02-19 16:00:00;44.265123;76.0;0.0;0.0;438.5;0.0;438.5
2025-02-19 17:00:00;63.665123;56.6;0.0;0.0;438.5;0.0;438.5
2025-02-19 18:00:00;111.68512;8.58;0.0;0.0;438.5;0.0;438.5
2025-02-19 19:00:00;117.98493;0.3;0.0;0.0;431.28;0.0;431.28
2025-02-19 20:00:00;118.28493;0.0;-5.2370299e-13;0.0;431.28;0.0;431.28
2025-02-19 21:00:00;118.28493;0.0;-5.2370299e-13;-1.0579649e-12;431.28;-1.1755165e-12;431.28
2025-02-19 22:00:00;117.74737;0.0;-3.9637571e-10;0.0;429.32;0.0;429.32
2025-02-19 23:00:00;117.74737;0.0;-3.9726247e-10;-1.0579682e-12;429.32;-1.1755202e-12;429.32
2025-02-20 00:00:00;117.74737;0.0;-3.9726249e-10;-2.115933e-12;429.32;-2.3510367e-12;429.32
2025-02-20 01:00:00;115.2735;0.0;-3.9694009e-10;0.0;420.3;0.0;420.3
2025-02-20 02:00:00;115.2735;0.0;-3.9661769e-10;-1.0579649e-12;420.3;-1.1755165e-12;420.3
2025-02-20 03:00:00;115.2735;0.0;-3.9629528e-10;-2.1159297e-12;420.3;-2.351033e-12;420.3
2025-02-20 04:00:00;117.16044;0.0;-3.9597288e-10;0.0;427.18;0.0;427.18
2025-02-20 05:00:00;117.16044;0.0;-3.9565048e-10;-1.0579649e-12;427.18;-1.1755165e-12;427.18
2025-02-20 06:00:00;117.16044;0.0;-3.9532808e-10;-2.1159297e-12;427.18;-2.351033e-12;427.18
2025-02-20 07:00:00;129.49688;0.0;-1.1685086e-12;0.0;472.16;0.0;472.16
2025-02-20 08:00:00;129.49688;0.0;-5.2370299e-13;-1.0579649e-12;472.16;-1.1755165e-12;472.16
2025-02-20 09:00:00;128.41688;1.08;0.0;-2.1159297e-12;472.16;-2.351033e-12;472.16
2025-02-20 10:00:00;82.263107;19.8;0.0;0.0;372.14;0.0;372.14
2025-02-20 11:00:00;51.94834;50.1;0.0;-1.098412e-12;372.14;-1.2204578e-12;372.14
2025-02-20 12:00:00;45.13874;56.9;0.0;-2.0881477e-12;372.14;-2.3201642e-12;372.14
2025-02-20 13:00:00;0.0;72.9;1.7208877;0.0;259.61;0.0;259.61
2025-02-20 14:00:00;0.0;88.3;17.108087;-5.0295593e-12;259.61;-5.5883992e-12;259.61
2025-02-20 15:00:00;54.501889;16.7;-4.8560473e-13;0.0;259.61;0.0;259.61
2025-02-20 16:00:00;38.843227;13.300000000000002;-1.6920179e-12;0.0;190.12;0.0;190.12
2025-02-20 17:00:00;45.543227;6.6;0.0;0.0;190.12;0.0;190.12
2025-02-20 18:00:00;50.543227;1.6;0.0;0.0;190.12;0.0;190.12
2025-02-20 19:00:00;59.348164;0.0;-5.2370299e-13;0.0;216.39;0.0;216.39
2025-02-20 20:00:00;59.348164;0.0;-3.9390859e-10;0.0;216.39;0.0;216.39
2025-02-20 21:00:00;59.348164;0.0;-3.9500567e-10;0.0;216.39;0.0;216.39
2025-02-20 22:00:00;66.191071;0.0;-3.9468327e-10;0.0;241.34;0.0;241.34
2025-02-20 23:00:00;66.191071;0.0;-3.9436087e-10;-1.0579649e-12;241.34;-1.1755165e-12;241.34
2025-02-21 00:00:00;66.191071;0.0;-3.9403846e-10;-2.1159297e-12;241.34;-2.351033e-12;241.34
2025-02-21 01:00:00;55.360353;0.0;-3.9371606e-10;0.0;201.85;0.0;201.85
2025-02-21 02:00:00;55.360353;0.0;-3.9339366e-10;-1.0579649e-12;201.85;-1.1755165e-12;201.85
2025-02-21 03:00:00;55.360353;0.0;-3.9307126e-10;-2.1159297e-12;201.85;-2.351033e-12;201.85
2025-02-21 04:00:00;60.757885;0.0;-3.9274885e-10;0.0;221.53;0.0;221.52999999999997
2025-02-21 05:00:00;60.757885;0.0;-3.9242645e-10;-1.0579649e-12;221.53;-1.1755165e-12;221.52999999999997
2025-02-21 06:00:00;60.757885;0.0;-3.176526e-11;0.0;221.53;0.0;221.52999999999997
2025-02-21 07:00:00;75.727259;0.0;-5.2370299e-13;0.0;276.11;0.0;276.11
2025-02-21 08:00:00;75.727259;0.0;-5.2370299e-13;0.0;276.11;0.0;276.11
2025-02-21 09:00:00;73.057259;2.67;0.0;0.0;276.11;0.0;276.11
2025-02-21 10:00:00;50.184872;5.48;0.0;0.0;202.98;0.0;202.98
2025-02-21 11:00:00;29.749698;25.9;0.0;-1.0444698e-12;202.98;-1.160522e-12;202.98
2025-02-21 12:00:00;36.645615;19.0;0.0;-2.1294467e-12;202.98;-2.3660519e-12;202.98
2025-02-21 13:00:00;0.0;66.9;28.126957;0.0;141.43;0.0;141.43
2025-02-21 14:00:00;0.0;42.5;3.7206111;-2.1160032e-12;141.43;-2.3511147e-12;141.43
2025-02-21 15:00:00;0.0;39.4;0.61700237;-1.0463259e-12;141.43;-1.1625843e-12;141.43
2025-02-21 16:00:00;0.0;40.9;9.2278988;0.0;115.48;0.0;115.48
2025-02-21 17:00:00;9.0721012;22.600000000000005;-1.7179545e-28;0.0;115.48;0.0;115.48
2025-02-21 18:00:00;22.602101;9.07;0.0;0.0;115.48;0.0;115.48
2025-02-21 19:00:00;40.634451;0.7000000000000002;-3.1435431e-12;0.0;150.71;0.0;150.71
2025-02-21 20:00:00;41.334451;0.0;-3.9210405e-10;-1.0579649e-12;150.71;-1.1755165e-12;150.71
2025-02-21 21:00:00;41.334451;0.0;-3.9178164e-10;-2.1159297e-12;150.71;-2.351033e-12;150.71
2025-02-21 22:00:00;52.055462;0.0;-3.9145924e-10;0.0;189.8;0.0;189.8
2025-02-21 23:00:00;52.055462;0.0;-3.9113684e-10;-1.0579649e-12;189.8;-1.1755165e-12;189.8
2025-02-22 00:00:00;52.055462;0.0;-3.9081444e-10;-1.2176575e-09;189.8;-1.3529528e-09;189.8
2025-02-22 01:00:00;56.270913;0.0;-3.9049203e-10;0.0;205.17;0.0;205.17
2025-02-22 02:00:00;56.270913;0.0;-3.9053271e-10;-1.0579649e-12;205.17;-1.1755165e-12;205.17
2025-02-22 03:00:00;56.270913;0.0;-3.9021031e-10;-2.1159297e-12;205.17;-2.351033e-12;205.17
2025-02-22 04:00:00;56.248972;0.0;0.0;0.0;205.09;0.0;205.09
2025-02-22 05:00:00;56.248972;0.0;-3.8952482e-10;-1.0579649e-12;205.09;-1.1755165e-12;205.09
2025-02-22 06:00:00;56.248972;0.0;-3.8920242e-10;-2.1159297e-12;205.09;-2.351033e-12;205.09
2025-02-22 07:00:00;58.859973;0.0;-3.8888002e-10;0.0;214.61;0.0;214.61
2025-02-22 08:00:00;58.859973;0.0;-3.8791281e-10;0.0;214.61;0.0;214.61
2025-02-22 09:00:00;55.759973;3.1;0.0;-1.0579649e-12;214.61;-1.1755165e-12;214.61
2025-02-22 10:00:00;24.008137;22.2;0.0;0.0;168.48;0.0;168.48
2025-02-22 11:00:00;19.608137;26.600000000000005;-2.2143242e-12;-1.0579649e-12;168.48;-1.1755165e-12;168.48
2025-02-22 12:00:00;19.108137;27.1;0.0;-2.1159297e-12;168.48;-2.351033e-12;168.48
2025-02-22 13:00:00;4.7015085;34.0;0.0;0.0;141.11;0.0;141.11
2025-02-22 14:00:00;19.901508;18.8;0.0;-1.0562797e-12;141.11;-1.1736441e-12;141.11
2025-02-22 15:00:00;16.901508;21.799999999999997;-1.8546874e-12;-2.1142445e-12;141.11;-2.3491606e-12;141.11
2025-02-22 16:00:00;33.509738;8.93;0.0;0.0;154.74;0.0;154.74
2025-02-22 17:00:00;37.369738;5.07;0.0;0.0;154.74;0.0;154.74
2025-02-22 18:00:00;38.739738;3.6999999999999997;-1.7179545e-28;0.0;154.74;0.0;154.74
2025-02-22 19:00:00;58.137391;0.1;0.0;0.0;212.34;0.0;212.34
2025-02-22 20:00:00;58.237391;0.0;-1.9199505e-10;0.0;212.34;0.0;212.34
2025-02-22 21:00:00;58.237391;0.0;-3.8726797e-10;-1.0579649e-12;212.34;-1.1755165e-12;212.34
2025-02-22 22:00:00;64.534512;0.0;-3.8726801e-10;0.0;235.3;0.0;235.3
2025-02-22 23:00:00;64.534512;0.0;-3.869456e-10;-1.0579616e-12;235.3;-1.1755129e-12;235.3
2025-02-23 00:00:00;64.534512;0.0;-3.866232e-10;-2.1159264e-12;235.3;-2.3510294e-12;235.3
2025-02-23 01:00:00;67.831175;0.0;-3.863008e-10;0.0;247.32;0.0;247.32000000000002
2025-02-23 02:00:00;67.831175;0.0;-3.8533359e-10;-1.0579649e-12;247.32;-1.1755165e-12;247.32000000000002
2025-02-23 03:00:00;67.831175;0.0;-3.8501119e-10;-2.1159297e-12;247.32;-2.351033e-12;247.32000000000002
2025-02-23 04:00:00;74.136523;0.0;-3.8468878e-10;0.0;270.31;0.0;270.31
2025-02-23 05:00:00;74.136523;0.0;-3.8436638e-10;-1.0579649e-12;270.31;-1.1755165e-12;270.31
2025-02-23 06:00:00;74.136523;0.0;-3.8404398e-10;-2.1159297e-12;270.31;-2.351033e-12;270.31
2025-02-23 07:00:00;79.347554;0.0;-1.5319461e-10;0.0;289.31;0.0;289.31
2025-02-23 08:00:00;79.047554;0.3;-3.2240282e-12;0.0;289.31;0.0;289.31
2025-02-23 09:00:00;70.797554;8.55;0.0;0.0;289.31;0.0;289.31
2025-02-23 10:00:00;7.6794808;43.599999999999994;0.0;0.0;187.01;0.0;187.01
2025-02-23 11:00:00;0.0;83.2;31.93007;-6.0739521e-12;187.01;-6.7488357e-12;187.01
2025-02-23 12:00:00;0.0;112.0;60.729922;-5.0552609e-12;187.01;-5.6169566e-12;187.01
2025-02-23 13:00:00;0.0;127.00000000000001;89.428403;0.0;137.04;0.0;137.04
2025-02-23 14:00:00;0.0;133.0;95.42037;-2.1135302e-12;137.04;-2.3483669e-12;137.04
2025-02-23 15:00:00;0.0;126.0;88.415103;-2.1121056e-12;137.04;-2.346784e-12;137.04
2025-02-23 16:00:00;0.0;103.0;62.485601;0.0;147.72;0.0;147.72
2025-02-23 17:00:00;0.0;68.7;28.185601;0.0;147.72;0.0;147.72
2025-02-23 18:00:00;21.514399;19.0;0.0;0.0;147.72;0.0;147.72
2025-02-23 19:00:00;61.166128;0.9;0.0;0.0;226.3;0.0;226.3
2025-02-23 20:00:00;62.066128;0.0;-3.8372158e-10;0.0;226.3;0.0;226.3
2025-02-23 21:00:00;62.066128;0.0;-3.8339917e-10;-1.0579649e-12;226.3;-1.1755165e-12;226.3
2025-02-23 22:00:00;63.437452;0.0;-3.8275437e-10;0.0;231.3;0.0;231.30000000000004
2025-02-23 23:00:00;63.437452;0.0;-3.8243196e-10;-1.1732157e-09;231.3;-1.303573e-09;231.30000000000004
2025-02-24 00:00:00;63.437452;0.0;-3.8210956e-10;-2.1159297e-12;231.3;-2.351033e-12;231.30000000000004
2025-02-24 01:00:00;52.911169;0.0;-3.8178716e-10;0.0;192.92;0.0;192.92
2025-02-24 02:00:00;52.911169;0.0;0.0;-1.0579649e-12;192.92;-1.1755165e-12;192.92
2025-02-24 03:00:00;52.911169;0.0;0.0;-2.1159297e-12;192.92;-2.351033e-12;192.92
2025-02-24 04:00:00;54.699375;0.0;-3.8146475e-10;0.0;199.44;0.0;199.44
2025-02-24 05:00:00;54.699375;0.0;-3.8114235e-10;-1.0579385e-12;199.44;-1.1754873e-12;199.44
2025-02-24 06:00:00;54.699375;0.0;-3.8081995e-10;-2.1159034e-12;199.44;-2.3510038e-12;199.44
2025-02-24 07:00:00;63.281121;0.0;-3.8049755e-10;0.0;230.73;0.0;230.72999999999996
2025-02-24 08:00:00;63.281121;0.0;-3.5311691e-11;0.0;230.73;0.0;230.72999999999996
2025-02-24 09:00:00;61.401121;1.88;0.0;0.0;230.73;0.0;230.72999999999996
2025-02-24 10:00:00;52.058885;7.58;0.0;-1.0343723e-12;217.45;-1.1493026e-12;217.45
2025-02-24 11:00:00;49.638885;10.0;-1.6945078e-12;-2.0923372e-12;217.45;-2.3248191e-12;217.45
2025-02-24 12:00:00;48.03876;11.6;0.0;0.0;217.45;0.0;217.45
2025-02-24 13:00:00;39.067088;14.899999999999999;-1.8531763e-12;0.0;196.77;0.0;196.77
2025-02-24 14:00:00;33.367088;20.6;0.0;-1.0579649e-12;196.77;-1.1755165e-12;196.77
2025-02-24 15:00:00;36.067088;17.9;-7.9111092e-14;-2.1159297e-12;196.77;-2.351033e-12;196.77
2025-02-24 16:00:00;38.215999;12.8;-3.2293522e-13;0.0;186.01;0.0;186.01
2025-02-24 17:00:00;39.815999;11.2;0.0;0.0;186.01;0.0;186.01
2025-02-24 18:00:00;49.035999;1.98;0.0;0.0;186.01;0.0;186.01
2025-02-24 19:00:00;55.294743;0.2;0.0;0.0;202.34;0.0;202.34
2025-02-24 20:00:00;55.494743;0.0;-5.2370299e-13;0.0;202.34;0.0;202.34
2025-02-24 21:00:00;55.494743;0.0;-5.2370299e-13;0.0;202.34;0.0;202.34
2025-02-24 22:00:00;65.645284;0.0;-5.2370299e-13;0.0;239.35;0.0;239.35
2025-02-24 23:00:00;65.645284;0.0;-3.2410066e-11;0.0;239.35;0.0;239.35
2025-02-25 00:00:00;65.645284;0.0;-3.8017514e-10;0.0;239.35;0.0;239.35
2025-02-25 01:00:00;71.116867;0.0;-3.7985274e-10;0.0;259.3;0.0;259.3
2025-02-25 02:00:00;71.116867;0.0;-3.7953034e-10;-1.0579649e-12;259.3;-1.1755165e-12;259.3
2025-02-25 03:00:00;71.116867;0.0;-3.7920793e-10;-2.1159297e-12;259.3;-2.351033e-12;259.3
2025-02-25 04:00:00;83.999086;0.0;-3.7888553e-10;0.0;306.27;0.0;306.27
2025-02-25 05:00:00;83.999086;0.0;-3.8101247e-10;-1.0579649e-12;306.27;-1.1755165e-12;306.27
2025-02-25 06:00:00;83.999086;0.0;-5.2370299e-13;0.0;306.27;0.0;306.27
2025-02-25 07:00:00;108.65275;0.0;-5.2370299e-13;0.0;396.16;0.0;396.16
2025-02-25 08:00:00;107.55275;1.1;0.0;0.0;396.16;0.0;396.16
2025-02-25 09:00:00;95.05275;13.6;0.0;0.0;396.16;0.0;396.16
2025-02-25 10:00:00;34.37013;47.699999999999996;0.0;0.0;299.28;0.0;299.28
2025-02-25 11:00:00;3.4676168;78.6;0.0;0.0;299.28;0.0;299.28
2025-02-25 12:00:00;9.3631338;72.7;0.0;0.0;299.28;0.0;299.28
2025-02-25 13:00:00;0.0;72.5;4.5446798;0.0;247.82;0.0;247.82000000000002
2025-02-25 14:00:00;0.0;83.0;15.033615;0.0;247.82;0.0;247.82000000000002
2025-02-25 15:00:00;31.168307;36.8;0.0;0.0;247.82;0.0;247.82000000000002
2025-02-25 16:00:00;37.586332;20.3;0.0;0.0;211.06;0.0;211.06
2025-02-25 17:00:00;46.286332;11.6;0.0;0.0;211.06;0.0;211.06
2025-02-25 18:00:00;53.636332;4.25;0.0;0.0;211.06;0.0;211.06
2025-02-25 19:00:00;66.59741;0.4;0.0;0.0;244.28;0.0;244.28
2025-02-25 20:00:00;66.99741;0.0;-5.2370299e-13;0.0;244.28;0.0;244.28
2025-02-25 21:00:00;66.99741;0.0;-5.2370299e-13;0.0;244.28;0.0;244.28
2025-02-25 22:00:00;68.11641;0.0;-5.2370299e-13;0.0;248.36;0.0;248.36000000000004
2025-02-25 23:00:00;68.11641;0.0;-5.2370299e-13;0.0;248.36;0.0;248.36000000000004
2025-02-26 00:00:00;68.11641;0.0;-5.2370299e-13;0.0;248.36;0.0;248.36000000000004
2025-02-26 01:00:00;74.685053;0.0;-5.2370299e-13;0.0;272.31;0.0;272.31
2025-02-26 02:00:00;74.685053;0.0;-5.2370299e-13;0.0;272.31;0.0;272.31
2025-02-26 03:00:00;74.685053;0.0;-5.2370299e-13;0.0;272.31;0.0;272.31
2025-02-26 04:00:00;95.032759;0.0;-5.2370299e-13;0.0;346.5;0.0;346.5
2025-02-26 05:00:00;95.032759;0.0;-5.2370299e-13;0.0;346.5;0.0;346.5
2025-02-26 06:00:00;95.032759;0.0;-5.2370299e-13;0.0;346.5;0.0;346.5
2025-02-26 07:00:00;123.74006;0.0;-5.2370299e-13;0.0;451.17;0.0;451.1700000000001
2025-02-26 08:00:00;123.74006;0.0;-5.2370299e-13;0.0;451.17;0.0;451.1700000000001
2025-02-26 09:00:00;115.67006;8.07;0.0;0.0;451.17;0.0;451.1700000000001
2025-02-26 10:00:00;86.995932;15.9;0.0;0.0;375.17;0.0;375.17
2025-02-26 11:00:00;56.476119;46.4;0.0;0.0;375.17;0.0;375.17
2025-02-26 12:00:00;0.0;108.0;5.1237648;0.0;375.17;0.0;375.17
2025-02-26 13:00:00;0.0;129.0;48.615397;0.0;293.14;0.0;293.14
2025-02-26 14:00:00;0.0;121.0;40.612134;0.0;293.14;0.0;293.14
2025-02-26 15:00:00;0.0;116.0;35.602011;0.0;293.14;0.0;293.14
2025-02-26 16:00:00;0.0;111.00000000000001;46.956422;0.0;233.51;0.0;233.51000000000002
2025-02-26 17:00:00;19.843578;44.199999999999996;0.0;0.0;233.51;0.0;233.51000000000002
2025-02-26 18:00:00;55.643578;8.4;0.0;0.0;233.51;0.0;233.51000000000002
2025-02-26 19:00:00;70.739662;1.2;0.0;0.0;262.3;0.0;262.3
2025-02-26 20:00:00;71.939662;0.0;-5.2370299e-13;0.0;262.3;0.0;262.3
2025-02-26 21:00:00;71.939662;0.0;-5.2370299e-13;0.0;262.3;0.0;262.3
2025-02-26 22:00:00;77.142465;0.0;-5.2370299e-13;0.0;281.27;0.0;281.27
2025-02-26 23:00:00;77.142465;0.0;-5.2370299e-13;0.0;281.27;0.0;281.27
2025-02-27 00:00:00;77.142465;0.0;-3.7824069e-10;0.0;281.27;0.0;281.27
2025-02-27 01:00:00;85.375895;0.0;-3.7670914e-10;0.0;311.29;0.0;311.29
2025-02-27 02:00:00;85.375895;0.0;-3.7759588e-10;-1.0579649e-12;311.29;-1.1755165e-12;311.29
2025-02-27 03:00:00;85.375895;0.0;-3.772735e-10;-2.1159297e-12;311.29;-2.351033e-12;311.29
2025-02-27 04:00:00;93.634009;0.0;-3.7695109e-10;0.0;341.4;0.0;341.4
2025-02-27 05:00:00;93.634009;0.0;-3.9197417e-10;-1.0579649e-12;341.4;-1.1755165e-12;341.4
2025-02-27 06:00:00;93.634009;0.0;-5.2370299e-13;0.0;341.4;0.0;341.4
2025-02-27 07:00:00;118.24653;0.0;-5.2370299e-13;0.0;431.14;0.0;431.14
2025-02-27 08:00:00;118.04653;0.2;0.0;0.0;431.14;0.0;431.14
2025-02-27 09:00:00;110.46653;7.78;0.0;0.0;431.14;0.0;431.14
2025-02-27 10:00:00;77.063321;32.4;0.0;0.0;399.14;0.0;399.14
2025-02-27 11:00:00;50.750919;58.7;0.0;0.0;399.14;0.0;399.14
2025-02-27 12:00:00;46.844151;62.6;0.0;-1.2497848e-12;399.14;-1.3886498e-12;399.14
2025-02-27 13:00:00;37.89807;82.5;0.0;0.0;439.15;0.0;439.15
2025-02-27 14:00:00;95.527897;24.899999999999995;0.0;-1.0771838e-12;439.15;-1.1968709e-12;439.15
2025-02-27 15:00:00;117.54339;2.9;0.0;-2.0692322e-12;439.15;-2.2991469e-12;439.15
2025-02-27 16:00:00;60.732973;34.5;0.0;0.0;347.23;0.0;347.23
2025-02-27 17:00:00;58.832973;36.4;0.0;0.0;347.23;0.0;347.23
2025-02-27 18:00:00;77.132973;18.1;0.0;0.0;347.23;0.0;347.23
2025-02-27 19:00:00;97.523297;0.2;0.0;0.0;356.31;0.0;356.31
2025-02-27 20:00:00;97.723297;0.0;-5.2370299e-13;0.0;356.31;0.0;356.31
2025-02-27 21:00:00;97.723297;0.0;-5.2370299e-13;0.0;356.31;0.0;356.31
2025-02-27 22:00:00;91.952766;0.0;-5.2370299e-13;0.0;335.27;0.0;335.27
2025-02-27 23:00:00;91.952766;0.0;-5.2370299e-13;0.0;335.27;0.0;335.27
2025-02-28 00:00:00;91.952766;0.0;-5.2370299e-13;0.0;335.27;0.0;335.27
2025-02-28 01:00:00;101.01448;0.0;-1.5759134e-12;0.0;368.31;0.0;368.31
2025-02-28 02:00:00;101.01448;0.0;-3.1202269e-10;0.0;368.31;0.0;368.31
2025-02-28 03:00:00;101.01448;0.0;-6.1748723e-11;0.0;368.31;0.0;368.31
2025-02-28 04:00:00;104.45101;0.0;-5.2370299e-13;0.0;380.84;0.0;380.84
2025-02-28 05:00:00;104.45101;0.0;-5.2370299e-13;0.0;380.84;0.0;380.84
2025-02-28 06:00:00;104.45101;0.0;-5.2370299e-13;0.0;380.84;0.0;380.84
2025-02-28 07:00:00;131.68551;0.0;-5.2370299e-13;0.0;480.14;0.0;480.14
2025-02-28 08:00:00;131.68551;0.0;-5.2370299e-13;-1.0579649e-12;480.14;-1.1755165e-12;480.14
2025-02-28 09:00:00;129.76551;1.92;0.0;-2.1159297e-12;480.14;-2.351033e-12;480.14
2025-02-28 10:00:00;121.23444;8.8;0.0;0.0;474.12;0.0;474.12
2025-02-28 11:00:00;113.63444;16.4;0.0;-1.0579649e-12;474.12;-1.1755165e-12;474.12
2025-02-28 12:00:00;105.23444;24.8;-1.7179545e-28;-2.1159297e-12;474.12;-2.351033e-12;474.12
2025-02-28 13:00:00;87.975011;30.000000000000004;-3.2240282e-13;0.0;430.15;0.0;430.15
2025-02-28 14:00:00;83.775011;34.2;0.0;-1.0579649e-12;430.15;-1.1755165e-12;430.15
2025-02-28 15:00:00;85.575011;32.4;0.0;0.0;430.15;0.0;430.15
2025-02-28 16:00:00;52.327091;45.1;0.0;0.0;355.23;0.0;355.23
2025-02-28 17:00:00;79.827091;17.6;0.0;0.0;355.23;0.0;355.23
2025-02-28 18:00:00;80.927091;16.5;0.0;0.0;355.23;0.0;355.23
2025-02-28 19:00:00;99.874173;0.6;0.0;0.0;366.34;0.0;366.34
2025-02-28 20:00:00;100.47417;0.0;-5.2370299e-13;0.0;366.34;0.0;366.34
2025-02-28 21:00:00;100.47417;0.0;-5.2370299e-13;0.0;366.34;0.0;366.34
2025-02-28 22:00:00;106.76032;0.0;-5.2370299e-13;0.0;389.26;0.0;389.26
2025-02-28 23:00:00;106.76032;0.0;-5.2370299e-13;0.0;389.26;0.0;389.26
2025-03-01 00:00:00;106.76032;0.0;-5.2370299e-13;0.0;389.26;0.0;389.26
2025-03-01 01:00:00;124.3215;0.0;-5.2370299e-13;0.0;453.29;0.0;453.28999999999996
2025-03-01 02:00:00;124.3215;0.0;-5.2370299e-13;-1.0579649e-12;453.29;-1.1755165e-12;453.28999999999996
2025-03-01 03:00:00;124.3215;0.0;-5.2370299e-13;-2.1159297e-12;453.29;-2.351033e-12;453.28999999999996
2025-03-01 04:00:00;126.79537;0.0;-3.4909901e-10;0.0;462.31;0.0;462.31
2025-03-01 05:00:00;126.79537;0.0;-5.2370299e-13;-1.0579682e-12;462.31;-1.1755202e-12;462.31
2025-03-01 06:00:00;126.79537;0.0;-5.2370299e-13;-2.115933e-12;462.31;-2.3510367e-12;462.31
2025-03-01 07:00:00;130.9066;0.0;-5.2370299e-13;0.0;477.3;0.0;477.3
2025-03-01 08:00:00;130.6066;0.3;0.0;-1.0579649e-12;477.3;-1.1755165e-12;477.3
2025-03-01 09:00:00;128.0066;2.9;0.0;-2.1159297e-12;477.3;-2.351033e-12;477.3
2025-03-01 10:00:00;103.55725;10.6;0.0;0.0;416.23;0.0;416.23
2025-03-01 11:00:00;89.457245;24.7;0.0;0.0;416.23;0.0;416.23
2025-03-01 12:00:00;81.057245;33.1;0.0;-1.0579649e-12;416.23;-1.1755165e-12;416.23
2025-03-01 13:00:00;90.372147;17.2;-4.8107135e-13;0.0;392.22;0.0;392.22
2025-03-01 14:00:00;93.872147;13.7;0.0;-1.0579649e-12;392.22;-1.1755165e-12;392.22
2025-03-01 15:00:00;92.672147;14.899999999999999;1.7179545e-28;-2.8673183e-12;392.22;-3.1859092e-12;392.22
2025-03-01 16:00:00;85.02636;22.000000000000004;0.0;0.0;390.23;0.0;390.23
2025-03-01 17:00:00;93.12636;13.9;0.0;0.0;390.23;0.0;390.23
2025-03-01 18:00:00;102.27636;4.75;0.0;0.0;390.23;0.0;390.23
2025-03-01 19:00:00;109.38948;0.95;0.0;0.0;402.31;0.0;402.31
2025-03-01 20:00:00;110.33948;0.0;-5.2370299e-13;0.0;402.31;0.0;402.31
2025-03-01 21:00:00;110.33948;0.0;-5.2370299e-13;0.0;402.31;0.0;402.31
2025-03-01 22:00:00;121.31281;0.0;-5.2370299e-13;0.0;442.32;0.0;442.32000000000005
2025-03-01 23:00:00;121.31281;0.0;-5.2370299e-13;-1.0579649e-12;442.32;-1.1755165e-12;442.32000000000005
2025-03-02 00:00:00;121.31281;0.0;-5.2370299e-13;-2.1159297e-12;442.32;-2.351033e-12;442.32000000000005
2025-03-02 01:00:00;123.50145;0.0;-3.7642742e-10;0.0;450.3;0.0;450.3
2025-03-02 02:00:00;123.50145;0.0;-3.7662873e-10;-1.0579649e-12;450.3;-1.1755165e-12;450.3
2025-03-02 03:00:00;123.50145;0.0;-3.7630632e-10;-2.1159297e-12;450.3;-2.351033e-12;450.3
2025-03-02 04:00:00;129.54624;0.0;-3.7598391e-10;0.0;472.34;0.0;472.3399999999999
2025-03-02 05:00:00;129.54624;0.0;-3.756615e-10;-1.0579649e-12;472.34;-1.1755165e-12;472.3399999999999
2025-03-02 06:00:00;129.54624;0.0;-3.753391e-10;-2.1159297e-12;472.34;-2.351033e-12;472.3399999999999
2025-03-02 07:00:00;132.23678;0.0;-1.8748141e-10;1.035;482.15;1.15;483.29999999999995
2025-03-02 08:00:00;130.58678;1.65;0.0;1.035;482.15;1.15;483.29999999999995
2025-03-02 09:00:00;119.13678;13.1;0.0;1.035;482.15;1.15;483.29999999999995
2025-03-02 10:00:00;46.313429;51.400000000000006;0.0;0.0;356.34;0.0;356.34
2025-03-02 11:00:00;5.0905217;92.59999999999998;0.0;0.0;356.34;0.0;356.34
2025-03-02 12:00:00;0.0;122.0;24.312193;-1.0680789e-12;356.34;-1.1867543e-12;356.34
2025-03-02 13:00:00;0.0;140.0;64.530164;0.0;275.31;0.0;275.31
2025-03-02 14:00:00;0.0;142.0;66.522184;-2.1030662e-12;275.31;-2.3367402e-12;275.31
2025-03-02 15:00:00;0.0;135.0;59.508039;-2.1253175e-12;275.31;-2.3614639e-12;275.31
2025-03-02 16:00:00;0.0;115.0;37.029255;0.0;284.29;0.0;284.29
2025-03-02 17:00:00;0.0;80.3;2.3292549;0.0;284.29;0.0;284.29
2025-03-02 18:00:00;49.170745;28.8;0.0;0.0;284.29;0.0;284.29
2025-03-02 19:00:00;94.898981;1.7300000000000002;0.0;0.0;352.32;0.0;352.32
2025-03-02 20:00:00;96.628981;0.0;-5.2370299e-13;0.0;352.32;0.0;352.32
2025-03-02 21:00:00;96.628981;0.0;-5.2370299e-13;0.0;352.32;0.0;352.32
2025-03-02 22:00:00;117.19061;0.0;-5.2370299e-13;0.0;427.29;0.0;427.29
2025-03-02 23:00:00;117.19061;0.0;-5.2370299e-13;-1.0579649e-12;427.29;-1.1755165e-12;427.29
2025-03-03 00:00:00;117.19061;0.0;-1.5545143e-10;-2.1159297e-12;427.29;-2.351033e-12;427.29
2025-03-03 01:00:00;129.00046;0.0;-3.725179e-10;0.0;470.35;0.0;470.35
2025-03-03 02:00:00;129.00046;0.0;-1.9263986e-10;-1.0579649e-12;470.35;-1.1755165e-12;470.35
2025-03-03 03:00:00;129.00046;0.0;-3.7275986e-10;-2.1159297e-12;470.35;-2.351033e-12;470.35
2025-03-03 04:00:00;132.23678;0.0;-1.977983e-10;37.953;482.15;42.17;524.32
2025-03-03 05:00:00;132.23678;0.0;-5.2370299e-13;37.953;482.15;42.17;524.32
2025-03-03 06:00:00;132.23678;0.0;-5.2370299e-13;37.953;482.15;42.17;524.32
2025-03-03 07:00:00;132.23678;0.0;-5.2370299e-13;73.062;482.15;81.18;563.33
2025-03-03 08:00:00;130.53678;1.7;0.0;73.062;482.15;81.18;563.33
2025-03-03 09:00:00;116.42991;15.8;0.0;73.062;482.15;81.18;563.33
2025-03-03 10:00:00;55.925332;56.9;0.0;0.0;411.5;0.0;411.5
2025-03-03 11:00:00;16.405091;96.4;0.0;-6.0635743e-12;411.5;-6.7373048e-12;411.5
2025-03-03 12:00:00;0.0;124.0;11.204456;-5.0755224e-12;411.5;-5.6394694e-12;411.5
2025-03-03 13:00:00;0.0;140.0;61.239163;-3.1156341e-12;287.33;-3.4618156e-12;287.33
2025-03-03 14:00:00;0.0;143.0;64.230196;0.0;287.33;0.0;287.33
2025-03-03 15:00:00;0.0;137.0;58.21503;-3.4264253e-13;287.33;-3.8071392e-13;287.33
2025-03-03 16:00:00;0.0;119.0;49.246229;0.0;254.33;0.0;254.33
2025-03-03 17:00:00;0.0;85.5;15.746229;0.0;254.33;0.0;254.33
2025-03-03 18:00:00;36.353771;33.4;0.0;0.0;254.33;0.0;254.33
2025-03-03 19:00:00;90.856531;1.9299999999999997;0.0;0.0;338.31;0.0;338.31
2025-03-03 20:00:00;92.786531;0.0;-5.2370299e-13;0.0;338.31;0.0;338.31
2025-03-03 21:00:00;92.786531;0.0;-5.2370299e-13;0.0;338.31;0.0;338.31
2025-03-03 22:00:00;116.10178;0.0;-5.2370299e-13;0.0;423.32;0.0;423.32
2025-03-03 23:00:00;116.10178;0.0;-5.2370299e-13;0.0;423.32;0.0;423.32
2025-03-04 00:00:00;116.10178;0.0;-5.2370299e-13;0.0;423.32;0.0;423.32
2025-03-04 01:00:00;124.85906;0.0;-3.1782594e-10;0.0;455.25;0.0;455.25
2025-03-04 02:00:00;124.85906;0.0;-3.7122829e-10;-1.0579649e-12;455.25;-1.1755165e-12;455.25
2025-03-04 03:00:00;124.85906;0.0;-3.0621502e-10;-2.1159297e-12;455.25;-2.351033e-12;455.25
2025-03-04 04:00:00;132.23678;0.0;-3.7211505e-10;19.026;482.15;21.14;503.29
2025-03-04 05:00:00;132.23678;0.0;-5.2370299e-13;19.026;482.15;21.14;503.29
2025-03-04 06:00:00;132.23678;0.0;-5.2370299e-13;19.026;482.15;21.14;503.29
2025-03-04 07:00:00;132.23678;0.0;-5.2370299e-13;119.7;482.15;133.0;615.15
2025-03-04 08:00:00;130.48678;1.75;0.0;119.7;482.15;133.0;615.15
2025-03-04 09:00:00;115.33055;16.9;0.0;119.7;482.15;133.0;615.15
2025-03-04 10:00:00;71.894791;48.6;0.0;-9.7624789e-13;439.48;-1.0847199e-12;439.47999999999996
2025-03-04 11:00:00;34.57205;85.9;0.0;0.0;439.48;0.0;439.47999999999996
2025-03-04 12:00:00;3.4623488;117.0;0.0;-6.1408776e-12;439.48;-6.8231973e-12;439.47999999999996
2025-03-04 13:00:00;0.0;135.0;60.961356;0.0;270.11;0.0;270.11
2025-03-04 14:00:00;0.0;140.0;65.953717;-1.0349229e-12;270.11;-1.1499143e-12;270.11
2025-03-04 15:00:00;0.0;137.0;62.93881;-2.0794693e-12;270.11;-2.3105215e-12;270.11
2025-03-04 16:00:00;0.0;117.99999999999999;60.885089;0.0;208.25;0.0;208.25
2025-03-04 17:00:00;0.0;83.8;26.684352;0.0;208.25;0.0;208.25
2025-03-04 18:00:00;23.815648;33.3;0.0;0.0;208.25;0.0;208.25
2025-03-04 19:00:00;72.504082;2.17;0.0;0.0;272.27;0.0;272.27
2025-03-04 20:00:00;74.674082;0.0;-5.2370299e-13;0.0;272.27;0.0;272.27
2025-03-04 21:00:00;74.674082;0.0;-5.2370299e-13;0.0;272.27;0.0;272.27
2025-03-04 22:00:00;89.484382;0.0;-5.2370299e-13;0.0;326.27;0.0;326.27
2025-03-04 23:00:00;89.484382;0.0;-3.7890914e-11;0.0;326.27;0.0;326.27
2025-03-05 00:00:00;89.484382;0.0;-3.7211508e-10;-1.0579649e-12;326.27;-1.1755165e-12;326.27
2025-03-05 01:00:00;110.88252;0.0;-3.7179268e-10;0.0;404.29;0.0;404.29
2025-03-05 02:00:00;110.88252;0.0;-3.7147028e-10;-1.0579649e-12;404.29;-1.1755165e-12;404.29
2025-03-05 03:00:00;110.88252;0.0;-3.7114787e-10;-2.1159297e-12;404.29;-2.351033e-12;404.29
2025-03-05 04:00:00;119.90584;0.0;-3.7082547e-10;0.0;437.19;0.0;437.19
2025-03-05 05:00:00;119.90584;0.0;-3.7050307e-10;-1.0579649e-12;437.19;-1.1755165e-12;437.19
2025-03-05 06:00:00;119.90584;0.0;-5.2370299e-13;-2.1159297e-12;437.19;-2.351033e-12;437.19
2025-03-05 07:00:00;132.23678;0.0;-5.2370299e-13;41.373;482.15;45.97;528.12
2025-03-05 08:00:00;130.60678;1.63;0.0;41.373;482.15;45.97;528.12
2025-03-05 09:00:00;113.72165;18.5;0.0;41.373;482.15;45.97;528.12
2025-03-05 10:00:00;16.822584;56.2;0.0;0.0;266.35;0.0;266.35
2025-03-05 11:00:00;0.0;96.4;23.390884;-2.7309184e-12;266.35;-3.0343538e-12;266.35
2025-03-05 12:00:00;0.0;115.0;41.997261;0.0;266.35;0.0;266.35
2025-03-05 13:00:00;0.0;127.00000000000001;80.355365;0.0;170.18;0.0;170.18
2025-03-05 14:00:00;0.0;131.0;84.350022;-3.0077156e-14;170.18;-3.3419062e-14;170.18
2025-03-05 15:00:00;0.0;123.0;76.340664;-1.0678888e-12;170.18;-1.1865431e-12;170.18
2025-03-05 16:00:00;0.0;105.0;67.842031;0.0;135.49;0.0;135.49
2025-03-05 17:00:00;0.0;74.1;36.93986;0.0;135.49;0.0;135.49
2025-03-05 18:00:00;8.4601402;28.7;0.0;0.0;135.49;0.0;135.49
2025-03-05 19:00:00;56.439296;2.3;0.0;0.0;214.17;0.0;214.17
2025-03-05 20:00:00;58.739296;0.0;-5.2370299e-13;0.0;214.17;0.0;214.17
2025-03-05 21:00:00;58.739296;0.0;-1.5287221e-10;0.0;214.17;0.0;214.17
2025-03-05 22:00:00;73.044949;0.0;-2.660356e-10;0.0;266.33;0.0;266.33
2025-03-05 23:00:00;73.044949;0.0;-3.7018066e-10;0.0;266.33;0.0;266.33
2025-03-06 00:00:00;73.044949;0.0;-3.6985826e-10;-1.0579649e-12;266.33;-1.1755165e-12;266.33
2025-03-06 01:00:00;74.685053;0.0;-3.6953586e-10;0.0;272.31;0.0;272.31
2025-03-06 02:00:00;74.685053;0.0;-3.6921346e-10;-1.0579649e-12;272.31;-1.1755165e-12;272.31
2025-03-06 03:00:00;74.685053;0.0;-3.6889105e-10;-2.1159297e-12;272.31;-2.351033e-12;272.31
2025-03-06 04:00:00;87.737315;0.0;-3.6760143e-10;0.0;319.9;0.0;319.9
2025-03-06 05:00:00;87.737315;0.0;-3.6727903e-10;-1.0579649e-12;319.9;-1.1755165e-12;319.9
2025-03-06 06:00:00;87.737315;0.0;-5.2370299e-13;0.0;319.9;0.0;319.9
2025-03-06 07:00:00;100.26847;0.0;-5.2370299e-13;0.0;365.59;0.0;365.59
2025-03-06 08:00:00;98.798475;1.4699999999999998;-1.7179545e-28;0.0;365.59;0.0;365.59
2025-03-06 09:00:00;84.053337;16.2;0.0;0.0;365.59;0.0;365.59
2025-03-06 10:00:00;0.0;50.1;7.7926836;0.0;154.32;0.0;154.32
2025-03-06 11:00:00;0.0;87.8;45.499488;-1.0734093e-12;154.32;-1.192677e-12;154.32
2025-03-06 12:00:00;0.0;75.2;32.902211;-2.1112138e-12;154.32;-2.3457931e-12;154.32
2025-03-06 13:00:00;0.0;117.0;95.217951;0.0;79.47;0.0;79.47
2025-03-06 14:00:00;0.0;127.00000000000001;105.21533;-2.1026285e-12;79.47;-2.3362539e-12;79.47
2025-03-06 15:00:00;0.0;124.0;102.21144;-1.0504651e-12;79.47;-1.1671834e-12;79.47
2025-03-06 16:00:00;0.0;105.0;87.226165;0.0;64.81;0.0;64.81
2025-03-06 17:00:00;0.0;75.6;57.824897;0.0;64.81;0.0;64.81
2025-03-06 18:00:00;0.0;31.2;13.424897;0.0;64.81;0.0;64.81
2025-03-06 19:00:00;34.775376;2.67;0.0;0.0;136.53;0.0;136.53
2025-03-06 20:00:00;37.445376;0.0;-5.2370299e-13;0.0;136.53;0.0;136.53
2025-03-06 21:00:00;37.445376;0.0;-3.4344483e-11;0.0;136.53;0.0;136.53
2025-03-06 22:00:00;49.65016;0.0;-3.6663419e-10;0.0;181.03;0.0;181.03
2025-03-06 23:00:00;49.65016;0.0;-3.6663424e-10;-1.0579649e-12;181.03;-1.1755165e-12;181.03
2025-03-07 00:00:00;49.65016;0.0;-3.6631183e-10;-2.1159297e-12;181.03;-2.351033e-12;181.03
2025-03-07 01:00:00;60.423282;0.0;-3.6598943e-10;0.0;220.31;0.0;220.31
2025-03-07 02:00:00;60.423282;0.0;-3.6502222e-10;-1.0579649e-12;220.31;-1.1755165e-12;220.31
2025-03-07 03:00:00;60.423282;0.0;-3.6469982e-10;-2.1159297e-12;220.31;-2.351033e-12;220.31
2025-03-07 04:00:00;73.310986;0.0;-3.6437742e-10;0.0;267.3;0.0;267.3
2025-03-07 05:00:00;73.310986;0.0;-5.2370299e-13;0.0;267.3;0.0;267.3
2025-03-07 06:00:00;73.310986;0.0;-5.2370299e-13;0.0;267.3;0.0;267.3
2025-03-07 07:00:00;93.642237;0.0;-5.2370299e-13;0.0;341.43;0.0;341.43
2025-03-07 08:00:00;92.072237;1.57;0.0;0.0;341.43;0.0;341.43
2025-03-07 09:00:00;80.530044;13.1;0.0;0.0;341.43;0.0;341.43
2025-03-07 10:00:00;3.7228668;43.4;0.0;0.0;171.88;0.0;171.88
2025-03-07 11:00:00;0.0;79.5;32.38493;-5.0533476e-12;171.88;-5.6148307e-12;171.88
2025-03-07 12:00:00;0.0;95.7;48.589094;0.0;171.88;0.0;171.88
2025-03-07 13:00:00;0.0;123.0;102.72754;-1.0638859e-12;73.96;-1.1820955e-12;73.96
2025-03-07 14:00:00;0.0;124.0;103.72493;0.0;73.96;0.0;73.96
2025-03-07 15:00:00;0.0;110.0;89.721009;-2.106342e-12;73.96;-2.34038e-12;73.96
2025-03-07 16:00:00;0.0;86.7;68.149451;0.0;67.64;0.0;67.64
2025-03-07 17:00:00;0.0;36.2;17.648728;0.0;67.64;0.0;67.64
2025-03-07 18:00:00;0.0;23.7;5.1487277;0.0;67.64;0.0;67.64
2025-03-07 19:00:00;36.491972;2.13;0.0;0.0;140.82;0.0;140.82
2025-03-07 20:00:00;38.621972;0.0;-5.2370299e-13;0.0;140.82;0.0;140.82
2025-03-07 21:00:00;38.621972;0.0;-5.2370299e-13;0.0;140.82;0.0;140.82
2025-03-07 22:00:00;60.107877;0.0;-5.2370299e-13;0.0;219.16;0.0;219.16
2025-03-07 23:00:00;60.107877;0.0;-5.2370299e-13;0.0;219.16;0.0;219.16
2025-03-08 00:00:00;60.107877;0.0;-5.2370299e-13;0.0;219.16;0.0;219.16
2025-03-08 01:00:00;75.494134;0.0;-5.2370299e-13;0.0;275.26;0.0;275.26
2025-03-08 02:00:00;75.494134;0.0;-5.2370299e-13;0.0;275.26;0.0;275.26
2025-03-08 03:00:00;75.494134;0.0;-5.2370299e-13;0.0;275.26;0.0;275.26
2025-03-08 04:00:00;91.423434;0.0;-5.2370299e-13;0.0;333.34;0.0;333.34
2025-03-08 05:00:00;91.423434;0.0;-5.2370299e-13;0.0;333.34;0.0;333.34
2025-03-08 06:00:00;91.423434;0.0;-5.2370299e-13;0.0;333.34;0.0;333.34
2025-03-08 07:00:00;76.020722;0.0;-5.2370299e-13;0.0;277.18;0.0;277.18
2025-03-08 08:00:00;73.620722;2.4;-2.660394e-12;-1.0479559e-12;277.18;-1.1643954e-12;277.18
2025-03-08 09:00:00;57.907394;18.1;0.0;0.0;277.18;0.0;277.18
2025-03-08 10:00:00;0.0;53.0;13.22659;0.0;145.08;0.0;145.08
2025-03-08 11:00:00;0.0;89.0;49.23306;-1.0546507e-12;145.08;-1.1718342e-12;145.08
2025-03-08 12:00:00;0.0;112.0;72.236585;-3.1608879e-12;145.08;-3.5120976e-12;145.08
2025-03-08 13:00:00;0.0;119.0;98.797218;0.0;73.71;0.0;73.71
2025-03-08 14:00:00;0.0;131.0;110.79483;0.0;73.71;0.0;73.71
2025-03-08 15:00:00;0.0;124.0;103.79072;0.0;73.71;0.0;73.71
2025-03-08 16:00:00;0.0;105.0;84.319314;0.0;75.41;0.0;75.41
2025-03-08 17:00:00;0.0;74.2;53.51769;0.0;75.41;0.0;75.41
2025-03-08 18:00:00;0.0;29.1;8.4176901;0.0;75.41;0.0;75.41
2025-03-08 19:00:00;34.983559;2.3;0.0;0.0;135.94;0.0;135.94
2025-03-08 20:00:00;37.283559;0.0;-5.2370299e-13;0.0;135.94;0.0;135.94
2025-03-08 21:00:00;37.283559;0.0;-3.6373258e-10;0.0;135.94;0.0;135.94
2025-03-08 22:00:00;54.532074;0.0;-3.6373261e-10;0.0;198.83;0.0;198.83
2025-03-08 23:00:00;54.532074;0.0;-3.6288192e-10;-6.0528979e-12;198.83;-6.7254421e-12;198.83
2025-03-09 00:00:00;54.532074;0.0;-3.6255951e-10;-2.1159297e-12;198.83;-2.351033e-12;198.83
2025-03-09 01:00:00;64.789578;0.0;-3.622371e-10;0.0;236.23;0.0;236.23
2025-03-09 02:00:00;64.789578;0.0;-3.619147e-10;-1.0579649e-12;236.23;-1.1755165e-12;236.23
2025-03-09 03:00:00;64.789578;0.0;-3.615923e-10;-2.1159297e-12;236.23;-2.351033e-12;236.23
2025-03-09 04:00:00;70.036264;0.0;-3.6126991e-10;0.0;255.36;0.0;255.35999999999999
2025-03-09 05:00:00;70.036264;0.0;-3.6062505e-10;-1.0579649e-12;255.36;-1.1755165e-12;255.35999999999999
2025-03-09 06:00:00;70.036264;0.0;-3.6030266e-10;-2.1159297e-12;255.36;-2.351033e-12;255.35999999999999
2025-03-09 07:00:00;64.487887;0.0;-3.603027e-10;-1.0253385e-12;235.13;-1.139265e-12;235.13
2025-03-09 08:00:00;61.987887;2.5;-1.616565e-13;-2.0833034e-12;235.13;-2.3147816e-12;235.13
2025-03-09 09:00:00;46.575982;17.9;0.0;0.0;235.13;0.0;235.13
2025-03-09 10:00:00;0.0;50.7;14.606011;0.0;131.66;0.0;131.66
2025-03-09 11:00:00;0.0;86.0;49.912252;-1.0710436e-12;131.66;-1.1900484e-12;131.66
2025-03-09 12:00:00;0.0;113.0;76.915126;-1.0605502e-12;131.66;-1.1783892e-12;131.66
2025-03-09 13:00:00;0.0;126.0;105.20267;0.0;75.88;0.0;75.88
2025-03-09 14:00:00;0.0;127.00000000000001;106.20026;-2.7917027e-12;75.88;-3.1018919e-12;75.88
2025-03-09 15:00:00;0.0;117.0;96.196123;-2.7817384e-12;75.88;-3.0908204e-12;75.88
2025-03-09 16:00:00;0.0;95.80000000000001;72.843429;0.0;83.71;0.0;83.71
2025-03-09 17:00:00;0.0;61.4;38.441292;0.0;83.71;0.0;83.71
2025-03-09 18:00:00;0.0;30.7;7.7412921;0.0;83.71;0.0;83.71
2025-03-09 19:00:00;38.700443;2.73;0.0;0.0;151.06;0.0;151.06
2025-03-09 20:00:00;41.430443;0.0;-5.2370299e-13;0.0;151.06;0.0;151.06
2025-03-09 21:00:00;41.430443;0.0;-5.2370299e-13;0.0;151.06;0.0;151.06
2025-03-09 22:00:00;53.925948;0.0;-5.2370299e-13;0.0;196.62;0.0;196.62
2025-03-09 23:00:00;53.925948;0.0;-3.5844869e-10;0.0;196.62;0.0;196.62
2025-03-10 00:00:00;53.925948;0.0;-3.5965788e-10;0.0;196.62;0.0;196.62
2025-03-10 01:00:00;77.024531;0.0;-3.5933548e-10;0.0;280.84;0.0;280.84
2025-03-10 02:00:00;77.024531;0.0;-3.5901308e-10;-1.0579649e-12;280.84;-1.1755165e-12;280.84
2025-03-10 03:00:00;77.024531;0.0;-3.5869067e-10;-2.1159297e-12;280.84;-2.351033e-12;280.84
2025-03-10 04:00:00;101.9744;0.0;-3.5836827e-10;0.0;371.81;0.0;371.81
2025-03-10 05:00:00;101.9744;0.0;-4.7999416e-12;-1.0579649e-12;371.81;-1.1755165e-12;371.81
2025-03-10 06:00:00;101.9744;0.0;-5.2370299e-13;0.0;371.81;0.0;371.81
2025-03-10 07:00:00;117.15222;0.0;-5.2370299e-13;0.0;427.15;0.0;427.15
2025-03-10 08:00:00;114.68222;2.47;0.0;0.0;427.15;0.0;427.15
2025-03-10 09:00:00;98.132691;19.0;0.0;0.0;427.15;0.0;427.15
2025-03-10 10:00:00;7.3605213;52.7;0.0;0.0;219.08;0.0;219.08
2025-03-10 11:00:00;0.0;89.6;29.549577;-1.0829828e-12;219.08;-1.2033143e-12;219.08
2025-03-10 12:00:00;0.0;113.0;52.955593;-2.1211195e-12;219.08;-2.3567994e-12;219.08
2025-03-10 13:00:00;0.0;131.0;103.16462;0.0;101.56;0.0;101.56
2025-03-10 14:00:00;0.0;135.0;107.16154;-1.0605695e-12;101.56;-1.1784106e-12;101.56
2025-03-10 15:00:00;0.0;127.00000000000001;99.155778;-6.0918244e-12;101.56;-6.7686938e-12;101.56
2025-03-10 16:00:00;0.0;110.0;87.298478;0.0;82.78;0.0;82.78
2025-03-10 17:00:00;0.0;75.3;52.596358;0.0;82.78;0.0;82.78
2025-03-10 18:00:00;0.0;28.2;5.4963584;0.0;82.78;0.0;82.78
2025-03-10 19:00:00;37.042892;4.5;0.0;0.0;151.47;0.0;151.47
2025-03-10 20:00:00;41.542892;0.0;-5.2370299e-13;0.0;151.47;0.0;151.47
2025-03-10 21:00:00;41.542892;0.0;-5.2370299e-13;0.0;151.47;0.0;151.47
2025-03-10 22:00:00;60.65915;0.0;-3.5651428e-10;0.0;221.17;0.0;221.17000000000002
2025-03-10 23:00:00;60.65915;0.0;-3.5772348e-10;0.0;221.17;0.0;221.17000000000002
2025-03-11 00:00:00;60.65915;0.0;-2.6140103e-10;-1.0579649e-12;221.17;-1.1755165e-12;221.17000000000002
2025-03-11 01:00:00;74.429986;0.0;-3.5707862e-10;0.0;271.38;0.0;271.38
2025-03-11 02:00:00;74.429986;0.0;-3.5675623e-10;-1.0579385e-12;271.38;-1.1754873e-12;271.38
2025-03-11 03:00:00;74.429986;0.0;-3.5578902e-10;-2.1159034e-12;271.38;-2.3510038e-12;271.38
2025-03-11 04:00:00;89.665397;0.0;-1.8715901e-10;0.0;326.93;0.0;326.93
2025-03-11 05:00:00;89.665397;0.0;-2.4466749e-11;0.0;326.93;0.0;326.93
2025-03-11 06:00:00;89.665397;0.0;-5.2370299e-13;0.0;326.93;0.0;326.93
2025-03-11 07:00:00;125.64894;0.0;-5.2370299e-13;0.0;458.13;0.0;458.13000000000005
2025-03-11 08:00:00;123.41894;2.23;0.0;0.0;458.13;0.0;458.13000000000005
2025-03-11 09:00:00;115.54894;10.1;0.0;0.0;458.13;0.0;458.13000000000005
2025-03-11 10:00:00;94.611245;36.8;-1.7179545e-28;0.0;479.14;0.0;479.14
2025-03-11 11:00:00;120.61124;10.8;0.0;-1.0579649e-12;479.14;-1.1755165e-12;479.14
2025-03-11 12:00:00;117.31124;14.1;-1.6373578e-13;-2.1159297e-12;479.14;-2.351033e-12;479.14
2025-03-11 13:00:00;96.882772;15.6;0.0;0.0;410.16;0.0;410.16
2025-03-11 14:00:00;90.692458;21.799999999999997;0.0;-1.0579763e-12;410.16;-1.1755292e-12;410.16
2025-03-11 15:00:00;102.49246;10.0;0.0;0.0;410.16;0.0;410.16
2025-03-11 16:00:00;83.042794;7.78;0.0;0.0;331.15;0.0;331.15
2025-03-11 17:00:00;86.822794;4.0;0.0;0.0;331.15;0.0;331.15
2025-03-11 18:00:00;87.822794;3.0;0.0;0.0;331.15;0.0;331.15
2025-03-11 19:00:00;84.623153;0.75;0.0;0.0;311.28;0.0;311.28
2025-03-11 20:00:00;85.373153;0.0;-5.2370299e-13;0.0;311.28;0.0;311.28
2025-03-11 21:00:00;85.373153;0.0;-5.2370299e-13;0.0;311.28;0.0;311.28
2025-03-11 22:00:00;93.886332;0.0;-5.2370299e-13;0.0;342.32;0.0;342.32
2025-03-11 23:00:00;93.886332;0.0;-9.5806911e-11;0.0;342.32;0.0;342.32
2025-03-12 00:00:00;93.886332;0.0;-3.5546661e-10;0.0;342.32;0.0;342.32
2025-03-12 01:00:00;111.42008;0.0;-3.5514422e-10;0.0;406.25;0.0;406.25
2025-03-12 02:00:00;111.42008;0.0;-3.5514426e-10;-1.0579649e-12;406.25;-1.1755165e-12;406.25
2025-03-12 03:00:00;111.42008;0.0;-3.5482184e-10;-2.1159297e-12;406.25;-2.351033e-12;406.25
2025-03-12 04:00:00;126.36477;0.0;-3.5417699e-10;0.0;460.74;0.0;460.74
2025-03-12 05:00:00;126.36477;0.0;-4.2797119e-10;-1.0579649e-12;460.74;-1.1755165e-12;460.74
2025-03-12 06:00:00;126.36477;0.0;-5.2370299e-13;-2.4869897e-12;460.74;-2.7633219e-12;460.74
2025-03-12 07:00:00;132.23678;0.0;-5.2370299e-13;52.2;482.15;58.0;540.15
2025-03-12 08:00:00;129.70678;2.53;0.0;52.2;482.15;58.0;540.15
2025-03-12 09:00:00;109.13678;23.1;0.0;52.2;482.15;58.0;540.15
2025-03-12 10:00:00;77.002804;41.5;0.0;0.0;432.14;0.0;432.14
2025-03-12 11:00:00;79.516107;39.0;0.0;-2.0761442e-12;432.14;-2.3068269e-12;432.14
2025-03-12 12:00:00;79.714315;38.8;0.0;-1.0578796e-12;432.14;-1.1754218e-12;432.14
2025-03-12 13:00:00;43.83096;61.8;0.0;0.0;385.15;0.0;385.15
2025-03-12 14:00:00;40.625297;65.0;0.0;-1.0236316e-12;385.15;-1.1373684e-12;385.15
2025-03-12 15:00:00;35.433095;70.2;0.0;0.0;385.15;0.0;385.15
2025-03-12 16:00:00;0.0;113.0;28.743105;0.0;307.21;0.0;307.21
2025-03-12 17:00:00;65.356895;18.9;0.0;0.0;307.21;0.0;307.21
2025-03-12 18:00:00;80.526895;3.73;0.0;0.0;307.21;0.0;307.21
2025-03-12 19:00:00;91.108251;0.85;0.0;0.0;335.29;0.0;335.29
2025-03-12 20:00:00;91.958251;0.0;-5.2370299e-13;0.0;335.29;0.0;335.29
2025-03-12 21:00:00;91.958251;0.0;-5.2370299e-13;0.0;335.29;0.0;335.29
2025-03-12 22:00:00;97.172025;0.0;-5.2370299e-13;0.0;354.3;0.0;354.3
2025-03-12 23:00:00;97.172025;0.0;-3.6703705e-10;0.0;354.3;0.0;354.3
2025-03-13 00:00:00;97.172025;0.0;-2.1928719e-10;0.0;354.3;0.0;354.3
2025-03-13 01:00:00;107.85464;0.0;-3.5385457e-10;0.0;393.25;0.0;393.25
2025-03-13 02:00:00;107.85464;0.0;-3.5385465e-10;-1.0579682e-12;393.25;-1.1755202e-12;393.25
2025-03-13 03:00:00;107.85464;0.0;-3.5353223e-10;-2.115933e-12;393.25;-2.3510367e-12;393.25
2025-03-13 04:00:00;119.21469;0.0;-3.5320984e-10;0.0;434.67;0.0;434.67
2025-03-13 05:00:00;119.21469;0.0;-3.9294138e-10;-1.0579649e-12;434.67;-1.1755165e-12;434.67
2025-03-13 06:00:00;119.21469;0.0;-5.2370299e-13;0.0;434.67;0.0;434.67
2025-03-13 07:00:00;132.23678;0.0;-5.2370299e-13;110.655;482.15;122.95;605.1
2025-03-13 08:00:00;130.90678;1.33;0.0;110.655;482.15;122.95;605.1
2025-03-13 09:00:00;121.53678;10.7;0.0;110.655;482.15;122.95;605.1
2025-03-13 10:00:00;108.80549;23.4;0.0;35.037;482.15;38.93;521.08
2025-03-13 11:00:00;88.506471;43.7;0.0;35.037;482.15;38.93;521.08
2025-03-13 12:00:00;12.20005;120.00000000000001;0.0;35.037;482.15;38.93;521.08
2025-03-13 13:00:00;16.663381;101.0;0.0;0.0;429.13;0.0;429.13
2025-03-13 14:00:00;32.584633;85.1;0.0;-1.1149815e-12;429.13;-1.2388684e-12;429.13
2025-03-13 15:00:00;70.595261;47.099999999999994;0.0;-2.1722211e-12;429.13;-2.413579e-12;429.13
2025-03-13 16:00:00;49.807649;44.8;0.0;0.0;344.95;0.0;344.95
2025-03-13 17:00:00;52.707649;41.9;0.0;0.0;344.95;0.0;344.95
2025-03-13 18:00:00;71.107649;23.5;0.0;0.0;344.95;0.0;344.95
2025-03-13 19:00:00;93.965696;6.78;0.0;0.0;367.33;0.0;367.33
2025-03-13 20:00:00;100.7457;0.0;-5.2370299e-13;0.0;367.33;0.0;367.33
2025-03-13 21:00:00;100.7457;0.0;-5.2370299e-13;0.0;367.33;0.0;367.33
2025-03-13 22:00:00;114.72223;0.0;-5.2370299e-13;0.0;418.29;0.0;418.29
2025-03-13 23:00:00;114.72223;0.0;-5.2370299e-13;0.0;418.29;0.0;418.29
2025-03-14 00:00:00;114.72223;0.0;-2.5346189e-10;-1.0579649e-12;418.29;-1.1755165e-12;418.29
2025-03-14 01:00:00;118.28767;0.0;-4.0358067e-10;0.0;431.29;0.0;431.29
2025-03-14 02:00:00;118.28767;0.0;-3.9358618e-10;-1.0579649e-12;431.29;-1.1755165e-12;431.29
2025-03-14 03:00:00;118.28767;0.0;-3.5135583e-10;-2.1159297e-12;431.29;-2.351033e-12;431.29
2025-03-14 04:00:00;123.7236;0.0;-3.5554265e-10;0.0;451.11;0.0;451.10999999999996
2025-03-14 05:00:00;123.7236;0.0;-5.2370299e-13;-1.0579649e-12;451.11;-1.1755165e-12;451.10999999999996
2025-03-14 06:00:00;123.7236;0.0;-5.2370299e-13;0.0;451.11;0.0;451.10999999999996
2025-03-14 07:00:00;132.23678;0.0;-5.2370299e-13;83.664;482.15;92.96;575.11
2025-03-14 08:00:00;129.55678;2.68;0.0;83.664;482.15;92.96;575.11
2025-03-14 09:00:00;117.13678;15.1;0.0;83.664;482.15;92.96;575.11
2025-03-14 10:00:00;103.41894;28.8;0.0;19.764;482.15;21.96;504.11
2025-03-14 11:00:00;86.304427;45.9;0.0;19.764;482.15;21.96;504.11
2025-03-14 12:00:00;18.195101;114.0;0.0;19.764;482.15;21.96;504.11
2025-03-14 13:00:00;40.218478;84.3;0.0;0.0;454.11;0.0;454.11000000000007
2025-03-14 14:00:00;68.324256;56.2;0.0;-2.0347663e-12;454.11;-2.2608515e-12;454.11000000000007
2025-03-14 15:00:00;79.633055;44.9;0.0;-1.0104913e-12;454.11;-1.1227681e-12;454.11000000000007
2025-03-14 16:00:00;77.298415;21.5;0.0;0.0;360.23;0.0;360.23
2025-03-14 17:00:00;84.198415;14.599999999999998;0.0;0.0;360.23;0.0;360.23
2025-03-14 18:00:00;90.228415;8.57;0.0;0.0;360.23;0.0;360.23
2025-03-14 19:00:00;98.34021;2.4;0.0;0.0;367.31;0.0;367.31
2025-03-14 20:00:00;100.74021;0.0;-5.2370299e-13;0.0;367.31;0.0;367.31
2025-03-14 21:00:00;100.74021;0.0;-5.2370299e-13;0.0;367.31;0.0;367.31
2025-03-14 22:00:00;108.4114;0.0;-5.2370299e-13;0.0;395.28;0.0;395.28
2025-03-14 23:00:00;108.4114;0.0;-3.4232413e-10;0.0;395.28;0.0;395.28
2025-03-15 00:00:00;108.4114;0.0;-5.2370299e-13;0.0;395.28;0.0;395.28
2025-03-15 01:00:00;116.38976;0.0;-2.2057239e-10;0.0;424.37;0.0;424.37
2025-03-15 02:00:00;116.38976;0.0;-3.5256502e-10;-1.0579649e-12;424.37;-1.1755165e-12;424.37
2025-03-15 03:00:00;116.38976;0.0;-3.5224263e-10;-2.1159297e-12;424.37;-2.351033e-12;424.37
2025-03-15 04:00:00;125.15252;0.0;-3.5192022e-10;0.0;456.32;0.0;456.32000000000005
2025-03-15 05:00:00;125.15252;0.0;-3.5159782e-10;0.0;456.32;0.0;456.32000000000005
2025-03-15 06:00:00;125.15252;0.0;-3.5127541e-10;-1.0579649e-12;456.32;-1.1755165e-12;456.32000000000005
2025-03-15 07:00:00;128.15298;0.0;-3.4998581e-10;0.0;467.26;0.0;467.26
2025-03-15 08:00:00;124.15298;4.0;0.0;-1.0579912e-12;467.26;-1.1755458e-12;467.26
2025-03-15 09:00:00;117.34809;10.8;0.0;-2.1597713e-12;467.26;-2.3997459e-12;467.26
2025-03-15 10:00:00;70.913004;21.0;0.0;0.0;335.22;0.0;335.22
2025-03-15 11:00:00;36.300603;55.6;0.0;-1.0074332e-12;335.22;-1.1193702e-12;335.22
2025-03-15 12:00:00;0.0;127.00000000000001;35.094894;-5.9923974e-12;335.22;-6.6582193e-12;335.22
2025-03-15 13:00:00;0.0;156.0;78.133487;0.0;283.98;0.0;283.98
2025-03-15 14:00:00;0.0;159.0;81.124764;-1.0354579e-12;283.98;-1.1505088e-12;283.98
2025-03-15 15:00:00;0.0;120.00000000000001;42.114277;-2.5922598e-12;283.98;-2.8802887e-12;283.98
2025-03-15 16:00:00;0.0;127.00000000000001;39.72345;0.0;318.22;0.0;318.22
2025-03-15 17:00:00;0.0;89.1;1.8234496;0.0;318.22;0.0;318.22
2025-03-15 18:00:00;51.27655;36.0;0.0;0.0;318.22;0.0;318.22
2025-03-15 19:00:00;96.557519;5.0;0.0;0.0;370.29;0.0;370.29
2025-03-15 20:00:00;101.55752;0.0;-5.2370299e-13;0.0;370.29;0.0;370.29
2025-03-15 21:00:00;101.55752;0.0;-2.1703037e-10;0.0;370.29;0.0;370.29
2025-03-15 22:00:00;103.20311;0.0;-3.481318e-10;0.0;376.29;0.0;376.29
2025-03-15 23:00:00;103.20311;0.0;-3.4934099e-10;-1.0581755e-12;376.29;-1.1757506e-12;376.29
2025-03-16 00:00:00;103.20311;0.0;-3.490186e-10;-2.1161404e-12;376.29;-2.3512671e-12;376.29
2025-03-16 01:00:00;104.57718;0.0;-3.486962e-10;0.0;381.3;0.0;381.3
2025-03-16 02:00:00;104.57718;0.0;-3.4837379e-10;0.0;381.3;0.0;381.3
2025-03-16 03:00:00;104.57718;0.0;-3.4805139e-10;-1.0579649e-12;381.3;-1.1755165e-12;381.3
2025-03-16 04:00:00;125.15252;0.0;-3.4772899e-10;-2.1159297e-12;456.32;-2.351033e-12;456.32000000000005
2025-03-16 05:00:00;125.15252;0.0;-3.4740657e-10;-3.1738946e-12;456.32;-3.5265496e-12;456.32000000000005
2025-03-16 06:00:00;125.15252;0.0;-3.4708417e-10;-1.137634e-09;456.32;-1.2640378e-09;456.32000000000005
2025-03-16 07:00:00;117.1961;0.0;-3.4676177e-10;0.0;427.31;0.0;427.31
2025-03-16 08:00:00;112.3461;4.85;0.0;-1.0579649e-12;427.31;-1.1755165e-12;427.31
2025-03-16 09:00:00;89.381072;27.8;0.0;-2.0366727e-12;427.31;-2.2629696e-12;427.31
2025-03-16 10:00:00;20.23206;65.3;0.0;0.0;311.98;0.0;311.98
2025-03-16 11:00:00;0.0;106.0;20.483814;-4.9547252e-12;311.98;-5.5052502e-12;311.98
2025-03-16 12:00:00;0.0;135.0;49.48665;-6.0060249e-12;311.98;-6.673361e-12;311.98
2025-03-16 13:00:00;0.0;152.0;83.279358;-3.3072042e-12;250.64;-3.6746713e-12;250.64
2025-03-16 14:00:00;0.0;157.0;88.268152;0.0;250.64;0.0;250.64
2025-03-16 15:00:00;0.0;144.0;75.270654;0.0;250.64;0.0;250.64
2025-03-16 16:00:00;0.0;128.0;53.715374;0.0;270.85;0.0;270.85
2025-03-16 17:00:00;0.0;92.50000000000001;18.215374;0.0;270.85;0.0;270.85
2025-03-16 18:00:00;27.784626;46.49999999999999;0.0;0.0;270.85;0.0;270.85
2025-03-16 19:00:00;88.731921;6.8;0.0;0.0;348.32;0.0;348.32
2025-03-16 20:00:00;95.531921;0.0;-5.2370299e-13;0.0;348.32;0.0;348.32
2025-03-16 21:00:00;95.531921;0.0;-1.2546797e-10;0.0;348.32;0.0;348.32
2025-03-16 22:00:00;115.27625;0.0;-3.4547213e-10;0.0;420.31;0.0;420.31
2025-03-16 23:00:00;115.27625;0.0;-3.4547216e-10;-1.0579649e-12;420.31;-1.1755165e-12;420.31
2025-03-17 00:00:00;115.27625;0.0;-3.4514975e-10;-2.1159297e-12;420.31;-2.351033e-12;420.31
2025-03-17 01:00:00;115.27076;0.0;-3.4482735e-10;0.0;420.29;0.0;420.29
2025-03-17 02:00:00;115.27076;0.0;-3.4450495e-10;-1.0579649e-12;420.29;-1.1755165e-12;420.29
2025-03-17 03:00:00;115.27076;0.0;-3.4418255e-10;-2.1159297e-12;420.29;-2.351033e-12;420.29
2025-03-17 04:00:00;113.71842;0.0;-3.4386014e-10;0.0;414.63;0.0;414.63
2025-03-17 05:00:00;113.71842;0.0;-1.974759e-10;-1.0579649e-12;414.63;-1.1755165e-12;414.63
2025-03-17 06:00:00;113.71842;0.0;-5.2370299e-13;0.0;414.63;0.0;414.63
2025-03-17 07:00:00;132.23678;0.0;-5.2370299e-13;31.446;482.15;34.94;517.09
2025-03-17 08:00:00;131.10678;1.13;0.0;31.446;482.15;34.94;517.09
2025-03-17 09:00:00;128.98678;3.2500000000000004;0.0;31.446;482.15;34.94;517.09
2025-03-17 10:00:00;104.05522;17.2;0.0;-9.8303118e-13;442.11;-1.0922569e-12;442.11
2025-03-17 11:00:00;39.83527;81.4;0.0;-2.0763853e-12;442.11;-2.3070947e-12;442.11
2025-03-17 12:00:00;64.050586;57.2;0.0;0.0;442.11;0.0;442.11
2025-03-17 13:00:00;43.120008;52.9;0.0;-1.0911629e-12;350.12;-1.2124032e-12;350.12
2025-03-17 14:00:00;17.210612;78.8;0.0;0.0;350.12;0.0;350.12
2025-03-17 15:00:00;0.0;129.0;32.996923;-6.0842883e-12;350.12;-6.7603203e-12;350.12
2025-03-17 16:00:00;0.0;80.5;5.759217;0.0;272.53;0.0;272.53
2025-03-17 17:00:00;0.0;96.8;22.054609;0.0;272.53;0.0;272.53
2025-03-17 18:00:00;22.645391;52.1;0.0;0.0;272.53;0.0;272.53
2025-03-17 19:00:00;85.32409;8.0;0.0;0.0;340.27;0.0;340.27
2025-03-17 20:00:00;93.32409;0.0;-5.2370299e-13;0.0;340.27;0.0;340.27
2025-03-17 21:00:00;93.32409;0.0;-5.2370299e-13;0.0;340.27;0.0;340.27
2025-03-17 22:00:00;106.49154;0.0;-1.2804719e-10;0.0;388.28;0.0;388.28
2025-03-17 23:00:00;106.49154;0.0;-3.4224814e-10;-1.0579649e-12;388.28;-1.1755165e-12;388.28
2025-03-18 00:00:00;106.49154;0.0;-3.4192574e-10;-2.1159297e-12;388.28;-2.351033e-12;388.28
2025-03-18 01:00:00;117.18239;0.0;-3.4160332e-10;0.0;427.26;0.0;427.26
2025-03-18 02:00:00;117.18239;0.0;-3.4128093e-10;-1.0579649e-12;427.26;-1.1755165e-12;427.26
2025-03-18 03:00:00;117.18239;0.0;-3.4095852e-10;-2.1159297e-12;427.26;-2.351033e-12;427.26
2025-03-18 04:00:00;132.23678;0.0;-3.4063611e-10;10.494;482.15;11.66;493.81000000000006
2025-03-18 05:00:00;132.23678;0.0;-1.9308212e-11;10.494;482.15;11.66;493.81000000000006
2025-03-18 06:00:00;132.23678;0.0;-5.2370299e-13;10.494;482.15;11.66;493.81000000000006
2025-03-18 07:00:00;132.13678;0.1;0.0;100.773;482.15;111.97;594.12
2025-03-18 08:00:00;128.13678;4.1;0.0;100.773;482.15;111.97;594.12
2025-03-18 09:00:00;101.30849;30.9;0.0;100.773;482.15;111.97;594.12
2025-03-18 10:00:00;47.906727;75.2;0.0;0.0;449.07;0.0;449.07
2025-03-18 11:00:00;6.0851506;117.0;0.0;0.0;449.07;0.0;449.07
2025-03-18 12:00:00;0.0;146.0;22.924912;-3.2424671e-12;449.07;-3.6027412e-12;449.07
2025-03-18 13:00:00;0.0;159.0;71.839752;-3.0829419e-12;318.02;-3.425491e-12;318.02
2025-03-18 14:00:00;0.0;162.0;74.829585;-9.9250358e-13;318.02;-1.1027818e-12;318.02
2025-03-18 15:00:00;0.0;154.0;66.811841;0.0;318.02;0.0;318.02
2025-03-18 16:00:00;0.0;135.0;65.448926;0.0;253.62;0.0;253.62000000000003
2025-03-18 17:00:00;0.0;103.0;33.440957;0.0;253.62;0.0;253.62000000000003
2025-03-18 18:00:00;14.359043;55.2;0.0;0.0;253.62;0.0;253.62000000000003
2025-03-18 19:00:00;70.122871;9.2;0.0;0.0;289.22;0.0;289.22
2025-03-18 20:00:00;79.322871;0.0;-5.2370299e-13;0.0;289.22;0.0;289.22
2025-03-18 21:00:00;79.322871;0.0;-5.2370299e-13;0.0;289.22;0.0;289.22
2025-03-18 22:00:00;97.997562;0.0;-5.2370299e-13;0.0;357.31;0.0;357.31
2025-03-18 23:00:00;97.997562;0.0;-1.971535e-10;-7.5441821e-13;357.31;-8.3824245e-13;357.31
2025-03-19 00:00:00;97.997562;0.0;-3.3878212e-10;0.0;357.31;0.0;357.31
2025-03-19 01:00:00;100.7265;0.0;-3.3966883e-10;0.0;367.26;0.0;367.26
2025-03-19 02:00:00;100.7265;0.0;-3.3934646e-10;-1.0579649e-12;367.26;-1.1755165e-12;367.26
2025-03-19 03:00:00;100.7265;0.0;-3.3902406e-10;-2.1159297e-12;367.26;-2.351033e-12;367.26
2025-03-19 04:00:00;114.26969;0.0;-3.3054872e-11;0.0;416.64;0.0;416.64
2025-03-19 05:00:00;114.26969;0.0;-5.2370299e-13;0.0;416.64;0.0;416.64
2025-03-19 06:00:00;114.26969;0.0;-5.2370299e-13;0.0;416.64;0.0;416.64
2025-03-19 07:00:00;131.02875;0.1;0.0;0.0;478.11;0.0;478.11
2025-03-19 08:00:00;126.47875;4.65;0.0;-1.0579649e-12;478.11;-1.1755165e-12;478.11
2025-03-19 09:00:00;101.39274;29.700000000000003;0.0;-2.1614301e-12;478.11;-2.401589e-12;478.11
2025-03-19 10:00:00;0.0;71.7;5.6179941;0.0;241.07;0.0;241.07
2025-03-19 11:00:00;0.0;111.00000000000001;44.929521;-3.772141e-13;241.07;-4.1912678e-13;241.07
2025-03-19 12:00:00;0.0;136.0;69.934783;-2.0788079e-12;241.07;-2.3097865e-12;241.07
2025-03-19 13:00:00;0.0;147.0;110.35881;0.0;133.7;0.0;133.7
2025-03-19 14:00:00;0.0;144.0;107.35456;0.0;133.7;0.0;133.7
2025-03-19 15:00:00;0.0;135.0;98.34721;-2.7819071e-12;133.7;-3.0910079e-12;133.7
2025-03-19 16:00:00;0.0;117.99999999999999;90.71291;0.0;99.51;0.0;99.51
2025-03-19 17:00:00;0.0;88.6;61.307908;0.0;99.51;0.0;99.51
2025-03-19 18:00:00;0.0;45.20000000000001;17.907908;0.0;99.51;0.0;99.51
2025-03-19 19:00:00;36.65554;7.63;0.0;0.0;161.47;0.0;161.47
2025-03-19 20:00:00;44.28554;0.0;-5.2370299e-13;0.0;161.47;0.0;161.47
2025-03-19 21:00:00;44.28554;0.0;-5.2370299e-13;0.0;161.47;0.0;161.47
2025-03-19 22:00:00;56.257199;0.0;-5.2370299e-13;0.0;205.12;0.0;205.12
2025-03-19 23:00:00;56.257199;0.0;-5.2370299e-13;0.0;205.12;0.0;205.12
2025-03-20 00:00:00;56.257199;0.0;-5.2370299e-13;0.0;205.12;0.0;205.12
2025-03-20 01:00:00;65.595917;0.0;-1.8844862e-10;0.0;239.17;0.0;239.17
2025-03-20 02:00:00;65.595917;0.0;-3.3902412e-10;-1.0579649e-12;239.17;-1.1755165e-12;239.17
2025-03-20 03:00:00;65.595917;0.0;-3.3837927e-10;-2.1159297e-12;239.17;-2.351033e-12;239.17
2025-03-20 04:00:00;93.296663;0.0;-1.8812622e-10;0.0;340.17;0.0;340.17
2025-03-20 05:00:00;93.296663;0.0;-5.2370299e-13;0.0;340.17;0.0;340.17
2025-03-20 06:00:00;93.296663;0.0;-5.2370299e-13;0.0;340.17;0.0;340.17
2025-03-20 07:00:00;114.17012;0.5;0.0;0.0;418.1;0.0;418.1
2025-03-20 08:00:00;107.52012;7.15;0.0;-1.0695848e-12;418.1;-1.1884276e-12;418.1
2025-03-20 09:00:00;87.340463;27.3;0.0;0.0;418.1;0.0;418.1
2025-03-20 10:00:00;0.0;67.5;19.586226;-1.0437663e-12;174.79;-1.1597403e-12;174.79
2025-03-20 11:00:00;0.0;103.0;55.092449;0.0;174.79;0.0;174.79
2025-03-20 12:00:00;0.0;126.0;78.096546;-2.0848954e-12;174.79;-2.3165504e-12;174.79
2025-03-20 13:00:00;0.0;137.0;110.94036;0.0;95.08;0.0;95.08
2025-03-20 14:00:00;0.0;140.0;113.93639;-1.0360932e-12;95.08;-1.1512147e-12;95.08
2025-03-20 15:00:00;0.0;136.0;109.92954;-2.1056069e-12;95.08;-2.3395632e-12;95.08
2025-03-20 16:00:00;0.0;120.00000000000001;100.02852;0.0;72.82;0.0;72.82
2025-03-20 17:00:00;0.0;91.2;71.228036;0.0;72.82;0.0;72.82
2025-03-20 18:00:00;0.0;42.4;22.428036;0.0;72.82;0.0;72.82
2025-03-20 19:00:00;26.550206;9.0;0.0;0.0;129.62;0.0;129.62
2025-03-20 20:00:00;35.550206;0.0;-5.2370299e-13;0.0;129.62;0.0;129.62
2025-03-20 21:00:00;35.550206;0.0;-5.2370299e-13;0.0;129.62;0.0;129.62
2025-03-20 22:00:00;50.730763;0.0;-5.2370299e-13;0.0;184.97;0.0;184.97
2025-03-20 23:00:00;50.730763;0.0;-5.2370299e-13;0.0;184.97;0.0;184.97
2025-03-21 00:00:00;50.730763;0.0;-5.2370299e-13;0.0;184.97;0.0;184.97
2025-03-21 01:00:00;69.454822;0.0;-5.2370299e-13;0.0;253.24;0.0;253.24
2025-03-21 02:00:00;69.454822;0.0;-5.2370299e-13;0.0;253.24;0.0;253.24
2025-03-21 03:00:00;69.454822;0.0;-3.9003975e-10;0.0;253.24;0.0;253.24
2025-03-21 04:00:00;68.834984;0.0;-2.6248917e-10;0.0;250.98;0.0;250.98000000000002
2025-03-21 05:00:00;68.834984;0.0;-5.2370299e-13;0.0;250.98;0.0;250.98000000000002
2025-03-21 06:00:00;68.834984;0.0;-5.2370299e-13;0.0;250.98;0.0;250.98000000000002
2025-03-21 07:00:00;68.264726;0.2;0.0;0.0;249.63;0.0;249.63
2025-03-21 08:00:00;63.062055;5.4;0.0;0.0;249.63;0.0;249.63
2025-03-21 09:00:00;38.641132;29.799999999999997;0.0;0.0;249.63;0.0;249.63
2025-03-21 10:00:00;0.0;66.0;40.618068;-5.011518e-12;92.6;-5.5683533e-12;92.6
2025-03-21 11:00:00;0.0;101.99999999999999;76.622293;0.0;92.6;0.0;92.6
2025-03-21 12:00:00;0.0;127.00000000000001;101.62404;-2.0948849e-12;92.6;-2.3276499e-12;92.6
2025-03-21 13:00:00;0.0;139.0;130.64424;-2.1090371e-12;30.49;-2.3433746e-12;30.49
2025-03-21 14:00:00;0.0;132.0;123.64299;-2.1111438e-12;30.49;-2.3457154e-12;30.49
2025-03-21 15:00:00;0.0;115.0;106.64148;0.0;30.49;0.0;30.49
2025-03-21 16:00:00;0.0;96.29999999999998;86.669798;0.0;35.12;0.0;35.12
2025-03-21 17:00:00;0.0;71.8;62.16782;0.0;35.12;0.0;35.12
2025-03-21 18:00:00;0.0;20.4;10.76782;0.0;35.12;0.0;35.12
2025-03-21 19:00:00;10.945374;4.77;-1.6937522e-12;0.0;57.3;0.0;57.3
2025-03-21 20:00:00;15.715374;0.0;-3.3837929e-10;0.0;57.3;0.0;57.3
2025-03-21 21:00:00;15.715374;0.0;-3.3805689e-10;-1.0579385e-12;57.3;-1.1754873e-12;57.3
2025-03-21 22:00:00;18.811824;0.0;0.0;0.0;68.59;0.0;68.59
2025-03-21 23:00:00;18.811824;0.0;0.0;-1.0496425e-12;68.59;-1.1662695e-12;68.59
2025-03-22 00:00:00;18.811824;0.0;0.0;-2.1076074e-12;68.59;-2.341786e-12;68.59
2025-03-22 01:00:00;22.242877;0.0;0.0;0.0;81.1;0.0;81.1
2025-03-22 02:00:00;22.242877;0.0;0.0;-1.0579649e-12;81.1;-1.1755165e-12;81.1
2025-03-22 03:00:00;22.242877;0.0;0.0;-2.1159297e-12;81.1;-2.351033e-12;81.1
2025-03-22 04:00:00;30.498248;0.0;0.0;0.0;111.2;0.0;111.19999999999999
2025-03-22 05:00:00;30.498248;0.0;0.0;-1.0579649e-12;111.2;-1.1755165e-12;111.19999999999999
2025-03-22 06:00:00;30.498248;0.0;0.0;-2.1159297e-12;111.2;-2.351033e-12;111.19999999999999
2025-03-22 07:00:00;31.994263;0.55;-4.8420099e-13;-1.0553401e-12;118.66;-1.1726001e-12;118.66
2025-03-22 08:00:00;27.594263;4.95;-5.2488818e-13;-2.1133049e-12;118.66;-2.3481166e-12;118.66
2025-03-22 09:00:00;13.042218;19.5;0.0;0.0;118.66;0.0;118.66
2025-03-22 10:00:00;0.0;28.8;8.7067515;0.0;73.28;0.0;73.28
2025-03-22 11:00:00;0.0;77.6;57.508829;-9.1712477e-13;73.28;-1.0190275e-12;73.28
2025-03-22 12:00:00;0.0;92.3;72.208084;-1.9724496e-12;73.28;-2.1916107e-12;73.28
2025-03-22 13:00:00;0.0;49.7;33.295444;0.0;59.84;0.0;59.839999999999996
2025-03-22 14:00:00;0.0;60.4;43.996012;-1.0626526e-12;59.84;-1.1807252e-12;59.839999999999996
2025-03-22 15:00:00;0.0;113.0;96.593187;-2.1139479e-12;59.84;-2.348831e-12;59.839999999999996
2025-03-22 16:00:00;0.0;30.4;9.1969923;0.0;77.32;0.0;77.32
2025-03-22 17:00:00;0.0;56.6;35.393844;-3.9043134e-13;77.32;-4.338126e-13;77.32
2025-03-22 18:00:00;0.40615572;20.8;-2.0138883e-12;0.0;77.32;0.0;77.32
2025-03-22 19:00:00;26.98813;4.3;-1.6222317e-13;0.0;114.08;0.0;114.08000000000001
2025-03-22 20:00:00;31.18813;0.1;-5.2397937e-12;-1.0579649e-12;114.08;-1.1755165e-12;114.08000000000001
2025-03-22 21:00:00;31.28813;0.0;0.0;-2.1159297e-12;114.08;-2.351033e-12;114.08000000000001
2025-03-22 22:00:00;39.543501;0.0;0.0;0.0;144.18;0.0;144.18
2025-03-22 23:00:00;39.543501;0.0;0.0;-1.0579649e-12;144.18;-1.1755165e-12;144.18
2025-03-23 00:00:00;39.543501;0.0;0.0;-2.1159297e-12;144.18;-2.351033e-12;144.18
2025-03-23 01:00:00;45.511504;0.0;0.0;0.0;165.94;0.0;165.94
2025-03-23 02:00:00;45.511504;0.0;0.0;-1.0579649e-12;165.94;-1.1755165e-12;165.94
2025-03-23 03:00:00;45.511504;0.0;0.0;-2.1159297e-12;165.94;-2.351033e-12;165.94
2025-03-23 04:00:00;48.873991;0.0;0.0;0.0;178.2;0.0;178.2
2025-03-23 05:00:00;48.873991;0.0;0.0;-1.0579649e-12;178.2;-1.1755165e-12;178.2
2025-03-23 06:00:00;48.873991;0.0;0.0;-2.1159297e-12;178.2;-2.351033e-12;178.2
2025-03-23 07:00:00;44.600945;0.0;0.0;0.0;162.62;0.0;162.62
2025-03-23 08:00:00;41.250945;3.35;0.0;-1.0579649e-12;162.62;-1.1755165e-12;162.62
2025-03-23 09:00:00;26.700945;17.9;0.0;-2.1159297e-12;162.62;-2.351033e-12;162.62
2025-03-23 10:00:00;1.2497215;35.6;0.0;0.0;134.36;0.0;134.36
2025-03-23 11:00:00;12.538331;24.3;0.0;-1.0777414e-12;134.36;-1.1974905e-12;134.36
2025-03-23 12:00:00;0.0;48.4;11.567875;-6.0994712e-12;134.36;-6.7771902e-12;134.36
2025-03-23 13:00:00;0.0;41.0;14.665751;0.0;96.05;0.0;96.05
2025-03-23 14:00:00;0.0;119.0;92.663202;-1.0505314e-12;96.05;-1.1672571e-12;96.05
2025-03-23 15:00:00;0.0;49.4;23.061106;-2.1220097e-12;96.05;-2.3577886e-12;96.05
2025-03-23 16:00:00;0.0;71.9;45.721423;0.0;95.45;0.0;95.45
2025-03-23 17:00:00;11.178577;15.000000000000002;0.0;0.0;95.45;0.0;95.45
2025-03-23 18:00:00;6.7785769;19.4;0.0;0.0;95.45;0.0;95.45
2025-03-23 19:00:00;27.733773;9.75;0.0;0.0;136.67;0.0;136.67
2025-03-23 20:00:00;37.283773;0.2;0.0;0.0;136.67;0.0;136.67
2025-03-23 21:00:00;37.483773;0.0;-5.2370299e-13;0.0;136.67;0.0;136.67
2025-03-23 22:00:00;43.846716;0.0;-5.2370299e-13;0.0;159.87;0.0;159.87
2025-03-23 23:00:00;43.846716;0.0;-5.2370299e-13;0.0;159.87;0.0;159.87
2025-03-24 00:00:00;43.846716;0.0;-8.4610581e-13;0.0;159.87;0.0;159.87
2025-03-24 01:00:00;55.086089;0.0;-3.362029e-10;0.0;200.85;0.0;200.85
2025-03-24 02:00:00;55.086089;0.0;-3.3708964e-10;0.0;200.85;0.0;200.85
2025-03-24 03:00:00;55.086089;0.0;-3.370897e-10;-1.0579649e-12;200.85;-1.1755165e-12;200.85
2025-03-24 04:00:00;69.685205;0.0;-3.3644484e-10;0.0;254.08;0.0;254.07999999999998
2025-03-24 05:00:00;69.685205;0.0;-5.2370299e-13;0.0;254.08;0.0;254.07999999999998
2025-03-24 06:00:00;69.685205;0.0;-5.2370299e-13;0.0;254.08;0.0;254.07999999999998
2025-03-24 07:00:00;71.753375;0.2;0.0;0.0;262.35;0.0;262.35
2025-03-24 08:00:00;64.168908;7.78;0.0;0.0;262.35;0.0;262.35
2025-03-24 09:00:00;52.828151;19.1;0.0;0.0;262.35;0.0;262.35
2025-03-24 10:00:00;0.0;44.60000000000001;5.6636268;0.0;142.05;0.0;142.05
2025-03-24 11:00:00;0.0;86.3;47.366241;-1.0462464e-12;142.05;-1.162496e-12;142.05
2025-03-24 12:00:00;0.0;81.2;42.262707;-2.0941868e-12;142.05;-2.3268743e-12;142.05
2025-03-24 13:00:00;0.0;128.0;106.01228;-5.0265649e-12;80.2;-5.5850721e-12;80.2
2025-03-24 14:00:00;0.0;129.0;107.01052;0.0;80.2;0.0;80.2
2025-03-24 15:00:00;0.0;117.99999999999999;96.008189;0.0;80.2;0.0;80.2
2025-03-24 16:00:00;0.0;79.8;50.448715;0.0;107.02;0.0;107.02
2025-03-24 17:00:00;0.0;58.2;28.848179;0.0;107.02;0.0;107.02
2025-03-24 18:00:00;18.651821;10.7;0.0;0.0;107.02;0.0;107.02
2025-03-24 19:00:00;34.752721;3.03;0.0;0.0;137.76;0.0;137.76
2025-03-24 20:00:00;37.782721;0.0;-5.2370299e-13;0.0;137.76;0.0;137.76
2025-03-24 21:00:00;37.782721;0.0;-5.2370299e-13;0.0;137.76;0.0;137.76
2025-03-24 22:00:00;56.515008;0.0;-5.2370299e-13;0.0;206.06;0.0;206.06
2025-03-24 23:00:00;56.515008;0.0;-5.2370299e-13;0.0;206.06;0.0;206.06
2025-03-25 00:00:00;56.515008;0.0;-3.3612242e-10;0.0;206.06;0.0;206.06
2025-03-25 01:00:00;69.202499;0.0;-3.3580003e-10;0.0;252.32;0.0;252.32
2025-03-25 02:00:00;69.202499;0.0;-3.3547765e-10;-1.0579583e-12;252.32;-1.1755092e-12;252.32
2025-03-25 03:00:00;69.202499;0.0;-1.7265088e-10;-2.1159232e-12;252.32;-2.3510257e-12;252.32
2025-03-25 04:00:00;84.506476;0.0;-3.3515523e-10;0.0;308.12;0.0;308.12
2025-03-25 05:00:00;84.506476;0.0;-9.6129314e-11;0.0;308.12;0.0;308.12
2025-03-25 06:00:00;84.506476;0.0;-5.2370299e-13;0.0;308.12;0.0;308.12
2025-03-25 07:00:00;117.70075;0.0;-5.2370299e-13;0.0;429.15;0.0;429.15
2025-03-25 08:00:00;111.88075;5.819999999999999;0.0;0.0;429.15;0.0;429.15
2025-03-25 09:00:00;106.80075;10.899999999999999;0.0;0.0;429.15;0.0;429.15
2025-03-25 10:00:00;69.414664;23.3;0.0;0.0;338.1;0.0;338.1
2025-03-25 11:00:00;30.786935;61.89999999999999;0.0;-1.0862123e-12;338.1;-1.2069026e-12;338.1
2025-03-25 12:00:00;0.0;133.0;40.318219;-6.0915418e-12;338.1;-6.7683798e-12;338.1
2025-03-25 13:00:00;0.0;151.0;95.06042;0.0;204.08;8.5148918e-28;204.08
2025-03-25 14:00:00;0.0;142.0;86.049974;0.0;204.08;0.0;204.08
2025-03-25 15:00:00;0.0;117.99999999999999;62.036709;-5.0753016e-12;204.08;-5.639224e-12;204.08
2025-03-25 16:00:00;0.0;110.0;73.4405;0.0;133.3;0.0;133.3
2025-03-25 17:00:00;0.0;62.900000000000006;26.3405;0.0;133.3;0.0;133.3
2025-03-25 18:00:00;9.3595002;27.2;0.0;0.0;133.3;0.0;133.3
2025-03-25 19:00:00;36.539099;9.03;0.0;0.0;166.15;0.0;166.15
2025-03-25 20:00:00;45.269099;0.3;0.0;0.0;166.15;0.0;166.15
2025-03-25 21:00:00;45.569099;0.0;-5.2370299e-13;0.0;166.15;0.0;166.15
2025-03-25 22:00:00;62.044187;0.0;-5.2370299e-13;0.0;226.22;0.0;226.22
2025-03-25 23:00:00;62.044187;0.0;-3.3483282e-10;0.0;226.22;0.0;226.22
2025-03-26 00:00:00;62.044187;0.0;-3.3451043e-10;-1.0579649e-12;226.22;-1.1755165e-12;226.22
2025-03-26 01:00:00;70.017065;0.0;-3.3451048e-10;0.0;255.29;0.0;255.29
2025-03-26 02:00:00;70.017065;0.0;-3.3418806e-10;-1.0579616e-12;255.29;-1.1755129e-12;255.29
2025-03-26 03:00:00;70.017065;0.0;-3.3386566e-10;-2.1159264e-12;255.29;-2.3510294e-12;255.29
2025-03-26 04:00:00;75.573671;0.0;-3.3354325e-10;0.0;275.55;0.0;275.55
2025-03-26 05:00:00;75.573671;0.0;-3.3322086e-10;-1.0579649e-12;275.55;-1.1755165e-12;275.55
2025-03-26 06:00:00;75.573671;0.0;-5.2370299e-13;0.0;275.55;0.0;275.55
2025-03-26 07:00:00;107.27868;0.0;-5.2370299e-13;0.0;391.15;0.0;391.15
2025-03-26 08:00:00;105.39868;1.88;0.0;0.0;391.15;0.0;391.15
2025-03-26 09:00:00;101.02868;6.25;0.0;0.0;391.15;0.0;391.15
2025-03-26 10:00:00;71.654472;21.9;-3.2241463e-13;0.0;341.11;0.0;341.11
2025-03-26 11:00:00;62.754472;30.8;-1.6914855e-12;-1.0579649e-12;341.11;-1.1755165e-12;341.11
2025-03-26 12:00:00;52.951121;40.6;0.0;-2.1833377e-12;341.11;-2.4259308e-12;341.11
2025-03-26 13:00:00;39.589019;44.199999999999996;0.0;0.0;305.51;0.0;305.51
2025-03-26 14:00:00;33.18367;50.6;0.0;-1.1131577e-12;305.51;-1.2368419e-12;305.51
2025-03-26 15:00:00;32.190645;51.599999999999994;0.0;-2.0788689e-12;305.51;-2.3098543e-12;305.51
2025-03-26 16:00:00;23.130641;35.2;0.0;0.0;212.68;0.0;212.68
2025-03-26 17:00:00;24.230641;34.1;0.0;0.0;212.68;0.0;212.68
2025-03-26 18:00:00;37.930641;20.4;0.0;0.0;212.68;0.0;212.68
2025-03-26 19:00:00;57.087011;4.65;0.0;0.0;225.1;0.0;225.09999999999997
2025-03-26 20:00:00;61.637011;0.1;0.0;0.0;225.1;0.0;225.09999999999997
2025-03-26 21:00:00;61.737011;0.0;-5.2370299e-13;0.0;225.1;0.0;225.09999999999997
2025-03-26 22:00:00;70.97425;0.0;-5.2370299e-13;0.0;258.78;0.0;258.78
2025-03-26 23:00:00;70.97425;0.0;-2.5313949e-10;0.0;258.78;0.0;258.78
2025-03-27 00:00:00;70.97425;0.0;-3.3136686e-10;0.0;258.78;0.0;258.78
2025-03-27 01:00:00;79.07329;0.0;-3.3257606e-10;0.0;288.31;0.0;288.31
2025-03-27 02:00:00;79.07329;0.0;-3.3225366e-10;-1.0579649e-12;288.31;-1.1755165e-12;288.31
2025-03-27 03:00:00;79.07329;0.0;-3.3193125e-10;-2.1159297e-12;288.31;-2.351033e-12;288.31
2025-03-27 04:00:00;101.1187;0.0;-3.3160884e-10;0.0;368.69;0.0;368.69
2025-03-27 05:00:00;101.1187;0.0;-3.1298548e-10;-1.0579649e-12;368.69;-1.1755165e-12;368.69
2025-03-27 06:00:00;101.1187;0.0;-5.2370299e-13;0.0;368.69;0.0;368.69
2025-03-27 07:00:00;113.57286;1.1;0.0;0.0;418.11;0.0;418.11
2025-03-27 08:00:00;104.37286;10.3;0.0;0.0;418.11;0.0;418.11
2025-03-27 09:00:00;73.246659;41.4;0.0;0.0;418.11;0.0;418.11
2025-03-27 10:00:00;0.0;84.5;5.5991485;0.0;287.84;0.0;287.84
2025-03-27 11:00:00;0.0;124.0;45.112939;-1.0685177e-12;287.84;-1.1872418e-12;287.84
2025-03-27 12:00:00;0.0;149.0;70.1215;-2.1245453e-12;287.84;-2.3606059e-12;287.84
2025-03-27 13:00:00;0.0;163.0;117.51713;0.0;165.97;0.0;165.97
2025-03-27 14:00:00;0.0;164.0;118.51198;-4.9946994e-12;165.97;-5.549666e-12;165.97
2025-03-27 15:00:00;0.0;156.0;110.50283;0.0;165.97;0.0;165.97
2025-03-27 16:00:00;0.0;137.0;103.27873;0.0;122.98;0.0;122.98
2025-03-27 17:00:00;0.0;106.0;72.270913;0.0;122.98;0.0;122.98
2025-03-27 18:00:00;0.0;61.4;27.670913;0.0;122.98;0.0;122.98
2025-03-27 19:00:00;36.533719;14.4;0.0;0.0;185.71;0.0;185.71
2025-03-27 20:00:00;50.533719;0.4;0.0;0.0;185.71;0.0;185.71
2025-03-27 21:00:00;50.933719;0.0;-5.2370299e-13;0.0;185.71;0.0;185.71
2025-03-27 22:00:00;65.003504;0.0;-5.2370299e-13;0.0;237.01;0.0;237.01
2025-03-27 23:00:00;65.003504;0.0;-3.30964e-10;0.0;237.01;0.0;237.01
2025-03-28 00:00:00;65.003504;0.0;-3.3096403e-10;-1.0579649e-12;237.01;-1.1755165e-12;237.01
2025-03-28 01:00:00;82.912997;0.0;-3.3064163e-10;0.0;302.31;0.0;302.31
2025-03-28 02:00:00;82.912997;0.0;-3.3031922e-10;-1.0579649e-12;302.31;-1.1755165e-12;302.31
2025-03-28 03:00:00;82.912997;0.0;-3.2999682e-10;-2.1159297e-12;302.31;-2.351033e-12;302.31
2025-03-28 04:00:00;91.195795;0.0;-3.2967442e-10;0.0;332.51;0.0;332.51
2025-03-28 05:00:00;91.195795;0.0;-2.0284023e-10;-1.0579649e-12;332.51;-1.1755165e-12;332.51
2025-03-28 06:00:00;91.195795;0.0;-5.2370299e-13;0.0;332.51;0.0;332.51
2025-03-28 07:00:00;99.432615;1.25;0.0;0.0;367.1;0.0;367.1
2025-03-28 08:00:00;91.971353;8.7;0.0;0.0;367.1;0.0;367.1
2025-03-28 09:00:00;59.14122;41.5;0.0;-1.0286993e-12;367.1;-1.1429992e-12;367.1
2025-03-28 10:00:00;0.0;83.0;39.275053;0.0;159.53;0.0;159.53
2025-03-28 11:00:00;0.0;123.0;79.281975;0.0;159.53;0.0;159.53
2025-03-28 12:00:00;0.0;147.0;103.28476;-3.3047334e-12;159.53;-3.671926e-12;159.53
2025-03-28 13:00:00;0.0;159.0;131.8551;0.0;99.05;0.0;99.05
2025-03-28 14:00:00;0.0;161.0;133.84761;-2.7769714e-12;99.05;-3.0855237e-12;99.05
2025-03-28 15:00:00;0.0;147.0;119.84145;0.0;99.05;0.0;99.05
2025-03-28 16:00:00;0.0;133.0;94.603023;0.0;140.01;0.0;140.01
2025-03-28 17:00:00;0.0;96.29999999999998;57.900183;0.0;140.01;0.0;140.01
2025-03-28 18:00:00;0.0;49.79999999999999;11.400183;0.0;140.01;0.0;140.01
2025-03-28 19:00:00;38.083529;14.599999999999998;0.0;0.0;192.09;0.0;192.09
2025-03-28 20:00:00;51.483529;1.2;0.0;0.0;192.09;0.0;192.09
2025-03-28 21:00:00;52.683529;0.0;-5.2370299e-13;0.0;192.09;0.0;192.09
2025-03-28 22:00:00;59.732135;0.0;-5.2370299e-13;0.0;217.79;0.0;217.79
2025-03-28 23:00:00;59.732135;0.0;-4.2442475e-10;0.0;217.79;0.0;217.79
2025-03-29 00:00:00;59.732135;0.0;-5.2370299e-13;0.0;217.79;0.0;217.79
2025-03-29 01:00:00;68.621057;0.0;-3.2782043e-10;0.0;250.2;0.0;250.20000000000002
2025-03-29 02:00:00;68.621057;0.0;-3.2902961e-10;-1.0579649e-12;250.2;-1.1755165e-12;250.20000000000002
2025-03-29 03:00:00;68.621057;0.0;-3.2870721e-10;-2.1159297e-12;250.2;-2.351033e-12;250.20000000000002
2025-03-29 04:00:00;73.033978;0.0;-3.2838481e-10;0.0;266.29;0.0;266.29
2025-03-29 05:00:00;73.033978;0.0;-3.2806241e-10;-1.0579649e-12;266.29;-1.1755165e-12;266.29
2025-03-29 06:00:00;73.033978;0.0;-3.2774e-10;-2.1159297e-12;266.29;-2.351033e-12;266.29
2025-03-29 07:00:00;67.042778;0.75;-3.2240282e-13;0.0;247.18;0.0;247.17999999999998
2025-03-29 08:00:00;58.218816;9.57;0.0;-1.0579649e-12;247.18;-1.1755165e-12;247.17999999999998
2025-03-29 09:00:00;29.467526;38.3;0.0;-2.1498521e-12;247.18;-2.3887246e-12;247.17999999999998
2025-03-29 10:00:00;0.0;88.5;40.660583;-2.1317915e-12;174.53;-2.3686572e-12;174.53
2025-03-29 11:00:00;0.0;126.0;78.16537;-1.0840051e-12;174.53;-1.2044502e-12;174.53
2025-03-29 12:00:00;0.0;140.0;92.160662;0.0;174.53;0.0;174.53
2025-03-29 13:00:00;0.0;143.0;104.9859;0.0;138.68;0.0;138.68
2025-03-29 14:00:00;0.0;144.0;105.98577;-2.1153768e-12;138.68;-2.3504186e-12;138.68
2025-03-29 15:00:00;0.0;138.0;99.981865;-1.0704134e-12;138.68;-1.1893482e-12;138.68
2025-03-29 16:00:00;0.0;105.0;64.618608;0.0;147.27;0.0;147.27
2025-03-29 17:00:00;0.0;122.0;81.60902;0.0;147.27;0.0;147.27
2025-03-29 18:00:00;0.0;58.6;18.20902;0.0;147.27;0.0;147.27
2025-03-29 19:00:00;43.462502;15.2;0.0;0.0;213.89;0.0;213.89
2025-03-29 20:00:00;57.862502;0.8;0.0;0.0;213.89;0.0;213.89
2025-03-29 21:00:00;58.662502;0.0;-3.2709517e-10;0.0;213.89;0.0;213.89
2025-03-29 22:00:00;74.679567;0.0;-3.270952e-10;0.0;272.29;0.0;272.29
2025-03-29 23:00:00;74.679567;0.0;-3.2612799e-10;-1.0579649e-12;272.29;-1.1755165e-12;272.29
2025-03-30 00:00:00;74.679567;0.0;-3.2580558e-10;-2.1159297e-12;272.29;-2.351033e-12;272.29
2025-03-30 01:00:00;77.688252;0.0;0.0;0.0;283.26;0.0;283.26
2025-03-30 02:00:00;77.688252;0.0;0.0;-1.0579649e-12;283.26;-1.1755165e-12;283.26
2025-03-30 03:00:00;77.688252;0.0;0.0;-2.1159297e-12;283.26;-2.351033e-12;283.26
2025-03-30 04:00:00;77.688252;0.0;0.0;-3.1738946e-12;283.26;-3.5265496e-12;283.26
2025-03-30 05:00:00;73.845802;0.0;0.0;0.0;269.25;0.0;269.25
2025-03-30 06:00:00;73.845802;0.0;0.0;-1.0579649e-12;269.25;-1.1755165e-12;269.25
2025-03-30 07:00:00;73.845802;0.0;0.0;-7.1445667e-12;269.25;-7.9384075e-12;269.25
2025-03-30 08:00:00;76.881914;0.0;0.0;0.0;280.32;0.0;280.32
2025-03-30 09:00:00;76.681914;0.2;-3.99084e-12;0.0;280.32;0.0;280.32
2025-03-30 10:00:00;74.601914;2.28;0.0;-1.0579649e-12;280.32;-1.1755165e-12;280.32
2025-03-30 11:00:00;47.342216;8.68;0.0;0.0;204.31;0.0;204.31
2025-03-30 12:00:00;40.821113;15.2;0.0;-2.0872655e-12;204.31;-2.3191839e-12;204.31
2025-03-30 13:00:00;24.215549;31.8;0.0;-1.0571525e-12;204.31;-1.1746139e-12;204.31
2025-03-30 14:00:00;0.0;45.8;6.9275931;0.0;141.77;0.0;141.77
2025-03-30 15:00:00;0.0;71.8;32.922525;-3.9824007e-12;141.77;-4.4248896e-12;141.77
2025-03-30 16:00:00;0.0;95.1;56.217477;-4.4752614e-12;141.77;-4.9725127e-12;141.77
2025-03-30 17:00:00;0.0;100.0;54.828584;0.0;164.7;0.0;164.7
2025-03-30 18:00:00;0.0;91.69999999999999;46.528584;-1.0579649e-12;164.7;-1.1755165e-12;164.7
2025-03-30 19:00:00;0.0;80.7;35.528584;-2.1159297e-12;164.7;-2.351033e-12;164.7
2025-03-30 20:00:00;31.653619;25.1;0.0;0.0;206.93;0.0;206.93
2025-03-30 21:00:00;51.573619;5.18;-5.2565555e-13;-1.0579649e-12;206.93;-1.1755165e-12;206.93
2025-03-30 22:00:00;56.753619;0.0;-3.2483838e-10;-2.1159297e-12;206.93;-2.351033e-12;206.93
2025-03-30 23:00:00;61.413378;0.0;-3.2451597e-10;0.0;223.92;0.0;223.91999999999996
2025-03-31 00:00:00;61.413378;0.0;-3.2419357e-10;-1.0579649e-12;223.92;-1.1755165e-12;223.91999999999996
2025-03-31 01:00:00;61.413378;0.0;-3.2387117e-10;-2.1159297e-12;223.92;-2.351033e-12;223.91999999999996
2025-03-31 02:00:00;70.294073;0.0;-3.2354876e-10;0.0;256.3;0.0;256.3
2025-03-31 03:00:00;70.294073;0.0;-3.2322636e-10;-1.0579682e-12;256.3;-1.1755202e-12;256.3
2025-03-31 04:00:00;70.294073;0.0;-3.2290396e-10;-2.115933e-12;256.3;-2.3510367e-12;256.3
2025-03-31 05:00:00;95.040987;0.0;-2.9429053e-10;0.0;346.53;0.0;346.53
2025-03-31 06:00:00;95.040987;0.0;-5.2370299e-13;0.0;346.53;0.0;346.53
2025-03-31 07:00:00;95.040987;0.0;-5.2370299e-13;0.0;346.53;0.0;346.53
2025-03-31 08:00:00;111.93021;0.0;-5.2370299e-13;0.0;408.11;0.0;408.11
2025-03-31 09:00:00;111.3076;0.6;0.0;-2.0718593e-12;408.11;-2.3020659e-12;408.11
2025-03-31 10:00:00;105.82976;6.07;0.0;0.0;408.11;0.0;408.11
2025-03-31 11:00:00;70.798037;19.1;0.0;-1.0804807e-12;327.89;-1.2005341e-12;327.89
2025-03-31 12:00:00;51.891133;38.0;0.0;0.0;327.89;0.0;327.89
2025-03-31 13:00:00;35.377415;54.49999999999999;0.0;-2.1633473e-12;327.89;-2.4037193e-12;327.89
2025-03-31 14:00:00;0.0;72.4;16.79385;0.0;202.87;0.0;202.87
2025-03-31 15:00:00;0.0;85.6;29.979742;-5.0391201e-12;202.87;-5.5990223e-12;202.87
2025-03-31 16:00:00;0.0;133.0;77.366762;-6.0946043e-12;202.87;-6.7717826e-12;202.87
2025-03-31 17:00:00;0.0;130.0;86.309615;0.0;159.3;0.0;159.3
2025-03-31 18:00:00;0.0;124.0;80.309615;0.0;159.3;0.0;159.3
2025-03-31 19:00:00;0.0;93.79999999999998;50.109615;0.0;159.3;0.0;159.3
2025-03-31 20:00:00;0.0;65.6;5.2946518;0.0;219.88;0.0;219.88000000000002
2025-03-31 21:00:00;40.405348;19.9;0.0;0.0;219.88;0.0;219.88000000000002
2025-03-31 22:00:00;59.255348;1.05;0.0;0.0;219.88;0.0;219.88000000000002
2025-03-31 23:00:00;72.770684;0.0;-3.2225911e-10;0.0;265.33;0.0;265.33
2025-04-01 00:00:00;72.770684;0.0;-3.2161435e-10;-1.0579649e-12;265.33;-1.1755165e-12;265.33
2025-04-01 01:00:00;72.770684;0.0;-3.2129196e-10;-2.1159297e-12;265.33;-2.351033e-12;265.33
2025-04-01 02:00:00;93.066281;0.0;-3.2096955e-10;0.0;339.33;0.0;339.33
2025-04-01 03:00:00;93.066281;0.0;-3.2064714e-10;-1.0579649e-12;339.33;-1.1755165e-12;339.33
2025-04-01 04:00:00;93.066281;0.0;-3.2000231e-10;-2.1159297e-12;339.33;-2.351033e-12;339.33
2025-04-01 05:00:00;123.45482;0.0;-5.2370299e-13;0.0;450.13;0.0;450.13
2025-04-01 06:00:00;123.45482;0.0;-5.2370299e-13;0.0;450.13;0.0;450.13
2025-04-01 07:00:00;123.45482;0.0;-5.2370299e-13;0.0;450.13;0.0;450.13
2025-04-01 08:00:00;118.7677;0.0;-1.4148056e-11;0.0;433.09;0.0;433.09
2025-04-01 09:00:00;116.43281;2.3;0.0;-9.5228643e-13;433.09;-1.058096e-12;433.09
2025-04-01 10:00:00;107.70726;11.000000000000002;0.0;-2.0046441e-12;433.09;-2.2273824e-12;433.09
2025-04-01 11:00:00;20.153616;46.0;0.0;0.0;241.37;0.0;241.37000000000003
2025-04-01 12:00:00;0.0;92.4;26.2368;0.0;241.37;0.0;241.37000000000003
2025-04-01 13:00:00;0.0;132.0;65.827826;-6.0395076e-12;241.37;-6.710564e-12;241.37000000000003
2025-04-01 14:00:00;0.0;153.0;105.89138;0.0;171.82;0.0;171.82
2025-04-01 15:00:00;0.0;163.0;115.88543;-2.1003965e-12;171.82;-2.3337739e-12;171.82
2025-04-01 16:00:00;0.0;121.0;73.879819;-1.0669743e-12;171.82;-1.185527e-12;171.82
2025-04-01 17:00:00;0.0;94.8;57.483529;0.0;136.06;0.0;136.06
2025-04-01 18:00:00;0.0;138.0;100.68353;0.0;136.06;0.0;136.06
2025-04-01 19:00:00;0.0;104.00000000000001;66.683529;0.0;136.06;0.0;136.06
2025-04-01 20:00:00;0.0;65.8;13.733567;0.0;189.84;0.0;189.84
2025-04-01 21:00:00;33.666433;18.4;-1.6920179e-12;-1.0579649e-12;189.84;-1.1755165e-12;189.84
2025-04-01 22:00:00;50.616433;1.45;-1.6931855e-12;-2.1159297e-12;189.84;-2.351033e-12;189.84
2025-04-01 23:00:00;70.823404;0.0;-3.2000233e-10;0.0;258.23;0.0;258.23
2025-04-02 00:00:00;70.823404;0.0;-3.1967993e-10;-1.0579649e-12;258.23;-1.1755165e-12;258.23
2025-04-02 01:00:00;70.823404;0.0;-3.1903512e-10;-2.1159297e-12;258.23;-2.351033e-12;258.23
2025-04-02 02:00:00;77.987201;0.0;-3.1871272e-10;0.0;284.35;0.0;284.35
2025-04-02 03:00:00;77.987201;0.0;-3.1839032e-10;-1.0579649e-12;284.35;-1.1755165e-12;284.35
2025-04-02 04:00:00;77.987201;0.0;-3.1806792e-10;-2.1159297e-12;284.35;-2.351033e-12;284.35
2025-04-02 05:00:00;107.04007;0.0;-5.2370299e-13;0.0;390.28;0.0;390.28
2025-04-02 06:00:00;107.04007;0.0;-5.2370299e-13;0.0;390.28;0.0;390.28
2025-04-02 07:00:00;107.04007;0.0;-5.2370299e-13;0.0;390.28;0.0;390.28
2025-04-02 08:00:00;96.820496;0.0;-1.8257867e-11;0.0;353.07;0.0;353.07
2025-04-02 09:00:00;94.592364;2.2;0.0;-2.110666e-12;353.07;-2.3451845e-12;353.07
2025-04-02 10:00:00;86.669895;10.1;0.0;-1.0453452e-12;353.07;-1.1614947e-12;353.07
2025-04-02 11:00:00;0.0;41.9;2.3148149;0.0;144.45;0.0;144.45
2025-04-02 12:00:00;0.0;85.6;46.018519;-2.7803474e-12;144.45;-3.0892749e-12;144.45
2025-04-02 13:00:00;0.0;128.0;88.414727;-3.8451736e-12;144.45;-4.2724151e-12;144.45
2025-04-02 14:00:00;0.0;151.0;128.673;0.0;81.46;0.0;81.46
2025-04-02 15:00:00;0.0;138.0;115.66594;0.0;81.46;0.0;81.46
2025-04-02 16:00:00;0.0;155.0;132.65902;-2.7684876e-12;81.46;-3.0760974e-12;81.46
2025-04-02 17:00:00;0.0;153.0;133.41475;0.0;71.41;0.0;71.41
2025-04-02 18:00:00;0.0;119.0;99.414749;0.0;71.41;0.0;71.41
2025-04-02 19:00:00;0.0;80.5;60.914749;0.0;71.41;0.0;71.41
2025-04-02 20:00:00;0.0;58.9;29.397334;0.0;107.57;0.0;107.57
2025-04-02 21:00:00;12.202666;17.3;0.0;0.0;107.57;0.0;107.57
2025-04-02 22:00:00;28.602666;0.9;-9.6720847e-13;-1.0579649e-12;107.57;-1.1755165e-12;107.57
2025-04-02 23:00:00;39.252781;0.0;-3.1710071e-10;0.0;143.12;0.0;143.12
2025-04-03 00:00:00;39.252781;0.0;-3.1677831e-10;-1.0579517e-12;143.12;-1.1755019e-12;143.12
2025-04-03 01:00:00;39.252781;0.0;-3.164559e-10;-2.1159166e-12;143.12;-2.3510184e-12;143.12
2025-04-03 02:00:00;47.74402;0.0;-3.161335e-10;0.0;174.08;0.0;174.08
2025-04-03 03:00:00;47.74402;0.0;-3.1516629e-10;-1.0579649e-12;174.08;-1.1755165e-12;174.08
2025-04-03 04:00:00;47.74402;0.0;-3.143202e-10;-1.0258649e-09;174.08;-1.1398498e-09;174.08
2025-04-03 05:00:00;66.07588;0.0;-5.2370299e-13;0.0;240.92;0.0;240.92000000000002
2025-04-03 06:00:00;66.07588;0.0;-5.2370299e-13;0.0;240.92;0.0;240.92000000000002
2025-04-03 07:00:00;66.07588;0.0;-5.2370299e-13;0.0;240.92;0.0;240.92000000000002
2025-04-03 08:00:00;60.406886;0.0;-2.4381891e-11;-1.0704826e-12;220.29;-1.1894251e-12;220.29000000000002
2025-04-03 09:00:00;55.489015;4.9;0.0;0.0;220.29;0.0;220.29000000000002
2025-04-03 10:00:00;39.174782;21.2;0.0;-2.0771451e-12;220.29;-2.307939e-12;220.29000000000002
2025-04-03 11:00:00;0.0;28.7;3.3224598;-1.7115109e-12;92.61;-1.9016788e-12;92.61
2025-04-03 12:00:00;0.0;74.5;49.124236;0.0;92.61;0.0;92.61
2025-04-03 13:00:00;0.0;127.00000000000001;101.62356;-2.7767531e-12;92.61;-3.0852812e-12;92.61
2025-04-03 14:00:00;0.0;150.0;139.53963;0.0;38.17;0.0;38.17
2025-04-03 15:00:00;0.0;160.0;149.53753;-1.0559635e-12;38.17;-1.1732928e-12;38.17
2025-04-03 16:00:00;10.465221;0.0;-3.1791258e-11;0.0;38.17;0.0;38.17
2025-04-03 17:00:00;9.3109923;0.0;-5.236946e-13;0.0;33.95;0.0;33.95
2025-04-03 18:00:00;9.3112906;0.0;-5.2370299e-13;0.0;33.95;0.0;33.95
2025-04-03 19:00:00;9.3112906;0.0;-5.2370299e-13;0.0;33.95;0.0;33.95
2025-04-03 20:00:00;20.632942;0.0;-5.2370299e-13;0.0;75.23;0.0;75.23
2025-04-03 21:00:00;20.632942;0.0;-5.2370299e-13;0.0;75.23;0.0;75.23
2025-04-03 22:00:00;20.632942;0.0;-3.1620951e-10;0.0;75.23;0.0;75.23
2025-04-03 23:00:00;32.813043;0.0;-3.129899e-10;0.0;119.64;0.0;119.64
2025-04-04 00:00:00;32.813043;0.0;-1.9231746e-10;0.0;119.64;0.0;119.64
2025-04-04 01:00:00;32.813043;0.0;-1.8877102e-10;0.0;119.64;0.0;119.64
2025-04-04 02:00:00;46.213622;0.0;-2.0509705e-10;0.0;168.5;0.0;168.5
2025-04-04 03:00:00;46.213622;0.0;-4.0035664e-10;0.0;168.5;0.0;168.5
2025-04-04 04:00:00;46.213622;0.0;-5.2370299e-13;0.0;168.5;0.0;168.5
2025-04-04 05:00:00;71.94789;0.0;-5.2370299e-13;0.0;262.33;0.0;262.33
2025-04-04 06:00:00;71.94789;0.0;-5.2370299e-13;0.0;262.33;0.0;262.33
2025-04-04 07:00:00;71.94789;0.0;-5.2370299e-13;0.0;262.33;0.0;262.33
2025-04-04 08:00:00;60.57692;0.0;-2.7281836e-11;0.0;220.92;0.0;220.92
2025-04-04 09:00:00;58.62886;1.9299999999999997;0.0;-1.0371403e-12;220.92;-1.1523782e-12;220.92
2025-04-04 10:00:00;49.744434;10.8;0.0;-2.0985449e-12;220.92;-2.3317165e-12;220.92
2025-04-04 11:00:00;0.0;46.29999999999999;29.892126;0.0;59.88;0.0;59.88
2025-04-04 12:00:00;0.0;90.10000000000001;73.693181;-1.0580866e-12;59.88;-1.1756517e-12;59.88
2025-04-04 13:00:00;0.0;128.0;111.59267;-2.1095922e-12;59.88;-2.3439913e-12;59.88
2025-04-04 14:00:00;0.0;148.0;140.99287;0.0;25.57;0.0;25.57
2025-04-04 15:00:00;0.0;162.0;154.99144;-2.774767e-12;25.57;-3.0830744e-12;25.57
2025-04-04 16:00:00;0.0;163.0;155.98958;-3.8284569e-12;25.57;-4.253841e-12;25.57
2025-04-04 17:00:00;0.0;156.0;149.28091;0.0;24.5;0.0;24.5
2025-04-04 18:00:00;0.0;137.0;130.28051;0.0;24.5;0.0;24.5
2025-04-04 19:00:00;0.0;108.0;101.28051;0.0;24.5;0.0;24.5
2025-04-04 20:00:00;0.0;64.5;44.942176;0.0;71.31;0.0;71.31
2025-04-04 21:00:00;0.95782417;18.6;-3.2240282e-13;0.0;71.31;0.0;71.31
2025-04-04 22:00:00;18.057824;1.5;-2.3381458e-12;0.0;71.31;0.0;71.31
2025-04-04 23:00:00;33.323175;0.0;-2.910665e-10;0.0;121.5;0.0;121.5
2025-04-05 00:00:00;33.323175;0.0;-1.7651972e-10;0.0;121.5;0.0;121.5
2025-04-05 01:00:00;33.323175;0.0;-3.1323189e-10;0.0;121.5;0.0;121.5
2025-04-05 02:00:00;45.585555;0.0;-3.1290949e-10;0.0;166.21;0.0;166.21
2025-04-05 03:00:00;45.585555;0.0;-3.1258708e-10;-1.0579517e-12;166.21;-1.1755019e-12;166.21
2025-04-05 04:00:00;45.585555;0.0;-3.1226467e-10;-2.1159166e-12;166.21;-2.3510184e-12;166.21
2025-04-05 05:00:00;59.488039;0.0;-1.9167265e-10;0.0;216.9;0.0;216.9
2025-04-05 06:00:00;59.488039;0.0;-3.9229657e-10;0.0;216.9;0.0;216.9
2025-04-05 07:00:00;59.488039;0.0;-3.1194228e-10;-1.0579649e-12;216.9;-1.1755165e-12;216.9
2025-04-05 08:00:00;47.468207;0.0;-2.6637684e-11;0.0;173.11;0.0;173.11
2025-04-05 09:00:00;45.154238;2.3;0.0;-2.0711858e-12;173.11;-2.3013176e-12;173.11
2025-04-05 10:00:00;35.343059;12.1;0.0;-1.0209177e-12;173.11;-1.134353e-12;173.11
2025-04-05 11:00:00;0.0;46.7;21.93407;0.0;90.38;0.0;90.38
2025-04-05 12:00:00;0.0;89.20000000000002;64.435668;-4.0475196e-13;90.38;-4.4972441e-13;90.38
2025-04-05 13:00:00;0.0;127.00000000000001;102.23485;-3.1812209e-12;90.38;-3.5346899e-12;90.38
2025-04-05 14:00:00;0.0;152.0;135.11602;-1.0533164e-12;61.61;-1.1703516e-12;61.61
2025-04-05 15:00:00;0.0;167.0;150.11243;0.0;61.61;0.0;61.61
2025-04-05 16:00:00;0.0;166.0;149.10747;-2.2509533e-12;61.61;-2.5010592e-12;61.61
2025-04-05 17:00:00;0.0;151.0;131.47234;0.0;71.2;0.0;71.2
2025-04-05 18:00:00;0.0;132.0;112.47234;0.0;71.2;0.0;71.2
2025-04-05 19:00:00;0.0;94.0;74.472345;-1.0591629e-12;71.2;-1.1768477e-12;71.2
2025-04-05 20:00:00;0.0;59.3;15.768688;0.0;158.72;0.0;158.72
2025-04-05 21:00:00;23.131312;20.4;-1.5920092e-13;0.0;158.72;0.0;158.72
2025-04-05 22:00:00;41.081312;2.45;0.0;-1.0579649e-12;158.72;-1.1755165e-12;158.72
2025-04-05 23:00:00;60.3794;0.0;-3.1161987e-10;0.0;220.15;0.0;220.15000000000003
2025-04-06 00:00:00;60.3794;0.0;-3.1129747e-10;-1.0579385e-12;220.15;-1.1754873e-12;220.15000000000003
2025-04-06 01:00:00;60.3794;0.0;-3.1097507e-10;-2.1159034e-12;220.15;-2.3510038e-12;220.15000000000003
2025-04-06 02:00:00;70.806948;0.0;-3.1065267e-10;0.0;258.17;0.0;258.17
2025-04-06 03:00:00;70.806948;0.0;-3.1033026e-10;-1.0579649e-12;258.17;-1.1755165e-12;258.17
2025-04-06 04:00:00;70.806948;0.0;-3.0936305e-10;-2.1159297e-12;258.17;-2.351033e-12;258.17
2025-04-06 05:00:00;84.010056;0.0;-3.0904065e-10;0.0;306.31;0.0;306.31
2025-04-06 06:00:00;84.010056;0.0;-3.0871825e-10;-1.0579649e-12;306.31;-1.1755165e-12;306.31
2025-04-06 07:00:00;84.010056;0.0;0.0;-2.1159297e-12;306.31;-2.351033e-12;306.31
2025-04-06 08:00:00;82.342295;0.0;0.0;-1.0546873e-12;300.28;-1.1718747e-12;300.28
2025-04-06 09:00:00;80.118015;2.2;0.0;-2.0890817e-12;300.28;-2.3212019e-12;300.28
2025-04-06 10:00:00;70.398476;11.9;0.0;0.0;300.28;0.0;300.28
2025-04-06 11:00:00;8.0957648;51.1;0.0;0.0;216.02;0.0;216.02
2025-04-06 12:00:00;0.0;98.30000000000001;39.108155;-4.3633352e-12;216.02;-4.8481502e-12;216.02
2025-04-06 13:00:00;0.0;139.0;79.806318;-4.3727541e-12;216.02;-4.8586157e-12;216.02
2025-04-06 14:00:00;0.0;163.0;122.24548;-1.0272983e-12;148.71;-1.1414425e-12;148.71
2025-04-06 15:00:00;0.0;174.0;133.23703;0.0;148.71;0.0;148.71
2025-04-06 16:00:00;0.0;174.0;133.226;-2.2567432e-12;148.71;-2.5074924e-12;148.71
2025-04-06 17:00:00;0.0;168.0;128.77739;0.0;143.01;0.0;143.01
2025-04-06 18:00:00;0.0;149.0;109.77739;0.0;143.01;0.0;143.01
2025-04-06 19:00:00;0.0;117.99999999999999;78.777388;0.0;143.01;0.0;143.01
2025-04-06 20:00:00;0.0;72.7;9.9043273;0.0;228.96;0.0;228.96
2025-04-06 21:00:00;39.895673;22.9;0.0;0.0;228.96;0.0;228.96
2025-04-06 22:00:00;60.895673;1.9;0.0;0.0;228.96;0.0;228.96
2025-04-06 23:00:00;80.107268;0.0;-3.0839585e-10;0.0;292.08;0.0;292.08
2025-04-07 00:00:00;80.107268;0.0;-3.0807344e-10;-1.0579649e-12;292.08;-1.1755165e-12;292.08
2025-04-07 01:00:00;80.107268;0.0;-3.0775104e-10;-2.1159297e-12;292.08;-2.351033e-12;292.08
2025-04-07 02:00:00;96.900503;0.0;-3.0742864e-10;0.0;353.31;0.0;353.31
2025-04-07 03:00:00;96.900503;0.0;-3.0710623e-10;-1.0579649e-12;353.31;-1.1755165e-12;353.31
2025-04-07 04:00:00;96.900503;0.0;-3.0678383e-10;-2.1159297e-12;353.31;-2.351033e-12;353.31
2025-04-07 05:00:00;127.83483;0.0;-5.2370299e-13;0.0;466.1;0.0;466.09999999999997
2025-04-07 06:00:00;127.83483;0.0;-5.2370299e-13;0.0;466.1;0.0;466.09999999999997
2025-04-07 07:00:00;127.83483;0.0;-5.2370299e-13;-1.0579632e-12;466.1;-1.1755147e-12;466.09999999999997
2025-04-07 08:00:00;124.52198;0.0;-2.1883665e-11;0.0;454.1;0.0;454.1000000000001
2025-04-07 09:00:00;121.9855;2.5;0.0;-1.0866363e-12;454.1;-1.2073737e-12;454.1000000000001
2025-04-07 10:00:00;112.05637;12.4;0.0;-2.1320239e-12;454.1;-2.3689155e-12;454.1000000000001
2025-04-07 11:00:00;31.573269;51.2;0.0;0.0;302.06;0.0;302.06
2025-04-07 12:00:00;0.0;99.4;16.632249;-2.0841959e-12;302.06;-2.3157732e-12;302.06
2025-04-07 13:00:00;0.0;136.0;53.229863;-1.0563933e-12;302.06;-1.1737704e-12;302.06
2025-04-07 14:00:00;0.0;159.0;110.41875;0.0;177.27;0.0;177.27
2025-04-07 15:00:00;0.0;170.0;121.40888;-1.1180483e-12;177.27;-1.2422759e-12;177.27
2025-04-07 16:00:00;0.0;171.0;122.39598;-6.1497906e-12;177.27;-6.8331007e-12;177.27
2025-04-07 17:00:00;0.0;164.0;128.88887;0.0;128.02;0.0;128.02
2025-04-07 18:00:00;0.0;146.0;110.88862;0.0;128.02;0.0;128.02
2025-04-07 19:00:00;0.0;113.0;77.888618;0.0;128.02;0.0;128.02
2025-04-07 20:00:00;0.0;71.6;20.806156;0.0;185.2;0.0;185.2
2025-04-07 21:00:00;27.993844;22.8;0.0;0.0;185.2;0.0;185.2
2025-04-07 22:00:00;49.223844;1.57;-3.2240282e-13;0.0;185.2;0.0;185.2
2025-04-07 23:00:00;70.008837;0.0;-3.0646141e-10;0.0;255.26;0.0;255.26
2025-04-08 00:00:00;70.008837;0.0;-3.0613903e-10;-1.0579649e-12;255.26;-1.1755165e-12;255.26
2025-04-08 01:00:00;70.008837;0.0;-3.0581662e-10;-2.1159297e-12;255.26;-2.351033e-12;255.26
2025-04-08 02:00:00;90.872162;0.0;-3.0549422e-10;0.0;331.33;0.0;331.33
2025-04-08 03:00:00;90.872162;0.0;-3.051718e-10;-1.0579649e-12;331.33;-1.1755165e-12;331.33
2025-04-08 04:00:00;90.872162;0.0;-3.7488682e-10;-2.1159297e-12;331.33;-2.351033e-12;331.33
2025-04-08 05:00:00;127.83209;0.0;-5.2370299e-13;0.0;466.09;0.0;466.09
2025-04-08 06:00:00;127.83209;0.0;-5.2370299e-13;0.0;466.09;0.0;466.09
2025-04-08 07:00:00;127.83209;0.0;-5.2370299e-13;-1.0579649e-12;466.09;-1.1755165e-12;466.09
2025-04-08 08:00:00;112.17708;0.0;-2.6959655e-11;-1.9953918e-12;409.1;-2.217102e-12;409.1
2025-04-08 09:00:00;109.34389;2.8;0.0;0.0;409.1;0.0;409.1
2025-04-08 10:00:00;99.120025;13.000000000000002;0.0;-1.0070558e-12;409.1;-1.1189508e-12;409.1
2025-04-08 11:00:00;0.0;50.7;8.2352902;0.0;154.97;0.0;154.97
2025-04-08 12:00:00;0.0;94.7;52.237913;-1.0301921e-12;154.97;-1.1446579e-12;154.97
2025-04-08 13:00:00;0.0;132.0;89.536448;-2.1080849e-12;154.97;-2.3423166e-12;154.97
2025-04-08 14:00:00;0.0;155.0;121.75274;-1.0518825e-12;121.32;-1.1687584e-12;121.32
2025-04-08 15:00:00;0.0;160.0;126.74611;0.0;121.32;0.0;121.32
2025-04-08 16:00:00;0.0;163.0;129.73733;-6.0600619e-12;121.32;-6.7334022e-12;121.32
2025-04-08 17:00:00;0.0;160.0;137.34653;0.0;82.6;0.0;82.6
2025-04-08 18:00:00;0.0;141.0;118.34573;0.0;82.6;0.0;82.6
2025-04-08 19:00:00;0.0;111.00000000000001;88.345726;0.0;82.6;0.0;82.6
2025-04-08 20:00:00;0.0;64.1;24.199954;0.0;145.48;0.0;145.48
2025-04-08 21:00:00;16.200046;23.7;0.0;0.0;145.48;0.0;145.48
2025-04-08 22:00:00;37.270046;2.63;-6.4480565e-13;0.0;145.48;0.0;145.48
2025-04-08 23:00:00;59.17812;0.0;-3.0331781e-10;0.0;215.77;0.0;215.77
2025-04-09 00:00:00;59.17812;0.0;-3.04527e-10;-1.0579649e-12;215.77;-1.1755165e-12;215.77
2025-04-09 01:00:00;59.17812;0.0;-3.0420459e-10;-2.1159297e-12;215.77;-2.351033e-12;215.77
2025-04-09 02:00:00;75.494134;0.0;-3.0388219e-10;0.0;275.26;0.0;275.26
2025-04-09 03:00:00;75.494134;0.0;-3.0355979e-10;-1.0579649e-12;275.26;-1.1755165e-12;275.26
2025-04-09 04:00:00;75.494134;0.0;-3.2040516e-10;0.0;275.26;0.0;275.26
2025-04-09 05:00:00;105.89365;0.0;-5.2370299e-13;0.0;386.1;0.0;386.1
2025-04-09 06:00:00;105.89365;0.0;-5.2370299e-13;0.0;386.1;0.0;386.1
2025-04-09 07:00:00;105.89365;0.0;-5.2370299e-13;0.0;386.1;0.0;386.1
2025-04-09 08:00:00;104.77122;0.0;-2.5026361e-11;-2.1050188e-12;382.08;-2.3389098e-12;382.08
2025-04-09 09:00:00;101.03945;3.6999999999999997;0.0;-1.0115995e-12;382.08;-1.1239995e-12;382.08
2025-04-09 10:00:00;80.914944;23.8;0.0;0.0;382.08;0.0;382.08
2025-04-09 11:00:00;0.0;57.5;5.07125;0.0;191.33;0.0;191.33
2025-04-09 12:00:00;0.0;81.4;28.974728;-1.0509723e-12;191.33;-1.167747e-12;191.33
2025-04-09 13:00:00;0.0;122.0;69.574047;-2.1094314e-12;191.33;-2.3438127e-12;191.33
2025-04-09 14:00:00;0.0;152.0;119.32043;0.0;119.25;0.0;119.24999999999999
2025-04-09 15:00:00;0.0;167.0;134.31385;-1.042484e-12;119.25;-1.1583155e-12;119.24999999999999
2025-04-09 16:00:00;0.0;169.0;136.30499;0.0;119.25;0.0;119.24999999999999
2025-04-09 17:00:00;0.0;163.0;134.25544;0.0;104.81;0.0;104.81
2025-04-09 18:00:00;0.0;145.0;116.2543;0.0;104.81;0.0;104.81
2025-04-09 19:00:00;0.0;114.0;85.254304;0.0;104.81;0.0;104.81
2025-04-09 20:00:00;0.0;68.6;23.146092;0.0;165.73;0.0;165.73
2025-04-09 21:00:00;22.253908;23.2;0.0;-2.1769129e-12;165.73;-2.4187921e-12;165.73
2025-04-09 22:00:00;43.023908;2.43;0.0;-1.0579649e-12;165.73;-1.1755165e-12;165.73
2025-04-09 23:00:00;73.505714;0.0;-3.032374e-10;0.0;268.01;0.0;268.01
2025-04-10 00:00:00;73.505714;0.0;-3.02915e-10;-1.0579649e-12;268.01;-1.1755165e-12;268.01
2025-04-10 01:00:00;73.505714;0.0;-3.0259259e-10;-2.1159297e-12;268.01;-2.351033e-12;268.01
2025-04-10 02:00:00;81.25918;0.0;-3.0227019e-10;0.0;296.28;0.0;296.28
2025-04-10 03:00:00;81.25918;0.0;-3.0194778e-10;-1.0579649e-12;296.28;-1.1755165e-12;296.28
2025-04-10 04:00:00;81.25918;0.0;-3.0162537e-10;-2.1159297e-12;296.28;-2.351033e-12;296.28
2025-04-10 05:00:00;93.820509;0.0;-5.2370299e-13;0.0;342.08;0.0;342.08
2025-04-10 06:00:00;93.820509;0.0;-5.2370299e-13;0.0;342.08;0.0;342.08
2025-04-10 07:00:00;93.820509;0.0;-5.2370299e-13;0.0;342.08;0.0;342.08
2025-04-10 08:00:00;101.24486;0.0;-1.5975477e-10;-1.0043146e-12;369.15;-1.1159051e-12;369.15
2025-04-10 09:00:00;99.914858;1.33;-1.6931859e-12;-2.0622794e-12;369.15;-2.2914216e-12;369.15
2025-04-10 10:00:00;95.435076;5.8;0.0;0.0;369.15;0.0;369.15
2025-04-10 11:00:00;74.136174;15.000000000000002;0.0;0.0;325.11;0.0;325.11
2025-04-10 12:00:00;66.31611;22.8;0.0;-1.0562189e-12;325.11;-1.1735766e-12;325.11
2025-04-10 13:00:00;55.808471;33.3;0.0;-2.0693897e-12;325.11;-2.2993219e-12;325.11
2025-04-10 14:00:00;14.846184;45.5;0.0;-3.1400453e-12;220.18;-3.4889392e-12;220.18
2025-04-10 15:00:00;0.0;69.7;9.3469056;0.0;220.18;0.0;220.18
2025-04-10 16:00:00;0.0;93.70000000000002;33.331786;-5.0550685e-12;220.18;-5.6167427e-12;220.18
2025-04-10 17:00:00;0.0;136.0;98.366494;0.0;137.22;0.0;137.22
2025-04-10 18:00:00;0.0;127.00000000000001;89.365382;0.0;137.22;0.0;137.22
2025-04-10 19:00:00;0.0;108.99999999999999;71.365382;0.0;137.22;0.0;137.22
2025-04-10 20:00:00;0.0;66.1;17.434451;0.0;177.44;0.0;177.44
2025-04-10 21:00:00;26.965549;21.7;-3.2240282e-13;0.0;177.44;0.0;177.44
2025-04-10 22:00:00;46.365549;2.3;-1.6931855e-12;-1.0579649e-12;177.44;-1.1755165e-12;177.44
2025-04-10 23:00:00;67.458175;0.0;-3.0130298e-10;0.0;245.96;0.0;245.96
2025-04-11 00:00:00;67.458175;0.0;-3.0098058e-10;-1.0579649e-12;245.96;-1.1755165e-12;245.96
2025-04-11 01:00:00;67.458175;0.0;-3.0065818e-10;-2.1159297e-12;245.96;-2.351033e-12;245.96
2025-04-11 02:00:00;80.727107;0.0;-3.0033578e-10;0.0;294.34;0.0;294.34
2025-04-11 03:00:00;80.727107;0.0;-3.0001337e-10;-1.0579649e-12;294.34;-1.1755165e-12;294.34
2025-04-11 04:00:00;80.727107;0.0;-2.9969097e-10;-2.1159297e-12;294.34;-2.351033e-12;294.34
2025-04-11 05:00:00;109.46183;0.0;-2.9936855e-10;0.0;399.11;0.0;399.11
2025-04-11 06:00:00;109.46183;0.0;-5.2370299e-13;0.0;399.11;0.0;399.11
2025-04-11 07:00:00;109.46183;0.0;-2.9904616e-10;-1.0613353e-12;399.11;-1.1792614e-12;399.11
2025-04-11 08:00:00;96.571622;0.0;-7.9433511e-12;0.0;352.12;0.0;352.12
2025-04-11 09:00:00;93.351436;3.18;0.0;-9.8208164e-13;352.12;-1.0912018e-12;352.12
2025-04-11 10:00:00;79.904;16.6;0.0;-2.0226737e-12;352.12;-2.2474152e-12;352.12
2025-04-11 11:00:00;0.0;52.00000000000001;7.2617799;0.0;163.27;0.0;163.27
2025-04-11 12:00:00;0.0;98.8;54.065054;-1.0648268e-12;163.27;-1.1831409e-12;163.27
2025-04-11 13:00:00;0.0;133.0;88.263875;-3.7776617e-13;163.27;-4.1974019e-13;163.27
2025-04-11 14:00:00;0.0;153.0;131.89931;0.0;77.0;0.0;77.0
2025-04-11 15:00:00;0.0;165.0;143.89499;-2.7600752e-12;77.0;-3.0667502e-12;77.0
2025-04-11 16:00:00;0.0;166.0;144.88902;-3.8375037e-12;77.0;-4.263893e-12;77.0
2025-04-11 17:00:00;0.0;157.0;140.47901;0.0;60.24;0.0;60.239999999999995
2025-04-11 18:00:00;0.0;135.0;118.47829;0.0;60.24;0.0;60.239999999999995
2025-04-11 19:00:00;0.0;106.0;89.478287;0.0;60.24;0.0;60.239999999999995
2025-04-11 20:00:00;0.0;59.599999999999994;31.893768;0.0;101.02;0.0;101.02
2025-04-11 21:00:00;8.0062319;19.7;0.0;0.0;101.02;0.0;101.02
2025-04-11 22:00:00;25.636232;2.07;0.0;0.0;101.02;0.0;101.02
2025-04-11 23:00:00;45.552644;0.0;-1.2740239e-10;0.0;166.09;0.0;166.09
2025-04-12 00:00:00;45.552644;0.0;-3.1363028e-10;0.0;166.09;0.0;166.09
2025-04-12 01:00:00;45.552644;0.0;-2.9840132e-10;0.0;166.09;0.0;166.09
2025-04-12 02:00:00;61.097973;0.0;-2.9840136e-10;0.0;222.77;0.0;222.77
2025-04-12 03:00:00;61.097973;0.0;-2.9807896e-10;-1.0579122e-12;222.77;-1.175458e-12;222.77
2025-04-12 04:00:00;61.097973;0.0;-2.9775655e-10;-2.1158771e-12;222.77;-2.3509745e-12;222.77
2025-04-12 05:00:00;78.785312;0.0;-3.1395269e-10;0.0;287.26;0.0;287.26
2025-04-12 06:00:00;78.785312;0.0;-2.9711171e-10;-1.0579649e-12;287.26;-1.1755165e-12;287.26
2025-04-12 07:00:00;78.785312;0.0;-2.9711173e-10;-2.1159297e-12;287.26;-2.351033e-12;287.26
2025-04-12 08:00:00;47.617244;0.0;-3.0825264e-11;-2.1194884e-12;173.67;-2.3549871e-12;173.67
2025-04-12 09:00:00;44.053251;3.55;0.0;0.0;173.67;0.0;173.67
2025-04-12 10:00:00;31.792107;15.8;0.0;-1.0859547e-12;173.67;-1.2066163e-12;173.67
2025-04-12 11:00:00;0.0;51.1;36.485096;0.0;53.34;0.0;53.34
2025-04-12 12:00:00;0.0;93.70000000000002;79.086036;-2.7806854e-12;53.34;-3.0896504e-12;53.34
2025-04-12 13:00:00;0.0;130.0;115.38561;-2.1127227e-12;53.34;-2.3474696e-12;53.34
2025-04-12 14:00:00;0.0;151.0;144.73594;0.0;22.86;0.0;22.86
2025-04-12 15:00:00;0.0;163.0;156.73468;0.0;22.86;0.0;22.86
2025-04-12 16:00:00;0.0;165.0;158.73304;-2.7732225e-12;22.86;-3.0813583e-12;22.86
2025-04-12 17:00:00;0.0;157.0;150.9094;0.0;22.21;0.0;22.21
2025-04-12 18:00:00;0.0;139.0;132.90858;0.0;22.21;0.0;22.21
2025-04-12 19:00:00;0.0;111.00000000000001;104.90858;0.0;22.21;0.0;22.21
2025-04-12 20:00:00;0.0;68.3;57.89165;0.0;37.95;0.0;37.95
2025-04-12 21:00:00;0.0;14.5;4.0916502;-1.0579649e-12;37.95;-1.1755165e-12;37.95
2025-04-12 22:00:00;7.1383498;3.27;0.0;0.0;37.95;0.0;37.95
2025-04-12 23:00:00;17.223831;0.0;-2.9513666e-10;0.0;62.8;0.0;62.8
2025-04-13 00:00:00;17.223831;0.0;-2.9517733e-10;-1.0579517e-12;62.8;-1.1755019e-12;62.8
2025-04-13 01:00:00;17.223831;0.0;0.0;-2.1159166e-12;62.8;-2.3510184e-12;62.8
2025-04-13 02:00:00;18.710346;0.0;0.0;0.0;68.22;0.0;68.22
2025-04-13 03:00:00;18.710346;0.0;0.0;-1.0579649e-12;68.22;-1.1755165e-12;68.22
2025-04-13 04:00:00;18.710346;0.0;0.0;-2.1159297e-12;68.22;-2.351033e-12;68.22
2025-04-13 05:00:00;27.047996;0.0;0.0;0.0;98.62;0.0;98.62
2025-04-13 06:00:00;27.047996;0.0;0.0;-1.0579649e-12;98.62;-1.1755165e-12;98.62
2025-04-13 07:00:00;27.047996;0.0;0.0;-2.1159297e-12;98.62;-2.351033e-12;98.62
2025-04-13 08:00:00;26.669511;0.0;0.0;-2.083659e-12;97.24;-2.3151766e-12;97.24
2025-04-13 09:00:00;23.966968;2.7;0.0;-1.032001e-12;97.24;-1.1466678e-12;97.24
2025-04-13 10:00:00;11.764454;14.899999999999999;0.0;0.0;97.24;0.0;97.24
2025-04-13 11:00:00;0.0;30.2;11.033072;0.0;69.91;0.0;69.91
2025-04-13 12:00:00;0.86745145;18.3;0.0;0.0;69.91;0.0;69.91
2025-04-13 13:00:00;0.0;22.000000000000004;2.8343597;-1.0540893e-12;69.91;-1.1712103e-12;69.91
2025-04-13 14:00:00;0.0;58.1;42.50697;0.0;56.88;0.0;56.879999999999995
2025-04-13 15:00:00;0.0;80.7;65.104791;0.0;56.88;0.0;56.879999999999995
2025-04-13 16:00:00;0.0;103.0;87.401466;-2.9044782e-12;56.88;-3.227198e-12;56.879999999999995
2025-04-13 17:00:00;0.0;61.1;37.850571;0.0;84.77;0.0;84.77
2025-04-13 18:00:00;0.0;26.5;3.2505714;0.0;84.77;0.0;84.77
2025-04-13 19:00:00;0.0;41.7;18.450571;0.0;84.77;0.0;84.77
2025-04-13 20:00:00;0.0;42.8;7.5624562;0.0;128.48;0.0;128.48
2025-04-13 21:00:00;14.437544;20.8;-3.2240282e-13;0.0;128.48;0.0;128.48
2025-04-13 22:00:00;32.867544;2.37;0.0;-1.0579649e-12;128.48;-1.1755165e-12;128.48
2025-04-13 23:00:00;45.895475;0.0;-2.9388772e-10;0.0;167.34;0.0;167.34
2025-04-14 00:00:00;45.895475;0.0;-2.9356532e-10;0.0;167.34;0.0;167.34
2025-04-14 01:00:00;45.895475;0.0;-2.9324291e-10;-1.0579649e-12;167.34;-1.1755165e-12;167.34
2025-04-14 02:00:00;49.757123;0.0;-2.9292051e-10;0.0;181.42;0.0;181.42
2025-04-14 03:00:00;49.757123;0.0;-2.922757e-10;-1.0579649e-12;181.42;-1.1755165e-12;181.42
2025-04-14 04:00:00;49.757123;0.0;-2.9195329e-10;-2.1159297e-12;181.42;-2.351033e-12;181.42
2025-04-14 05:00:00;67.266189;0.0;-5.2370299e-13;0.0;245.26;0.0;245.26000000000002
2025-04-14 06:00:00;67.266189;0.0;-5.2370299e-13;0.0;245.26;0.0;245.26000000000002
2025-04-14 07:00:00;67.266189;0.0;-5.2370299e-13;0.0;245.26;0.0;245.26000000000002
2025-04-14 08:00:00;64.544525;0.1;0.0;0.0;235.74;0.0;235.74000000000004
2025-04-14 09:00:00;57.652137;6.98;0.0;-1.0900055e-12;235.74;-1.2111172e-12;235.74000000000004
2025-04-14 10:00:00;40.324982;24.3;0.0;-2.1813529e-12;235.74;-2.4237254e-12;235.74000000000004
2025-04-14 11:00:00;0.0;49.4;17.517299;0.0;116.31;0.0;116.31
2025-04-14 12:00:00;0.0;95.7;63.815706;-6.0622673e-12;116.31;-6.7358526e-12;116.31
2025-04-14 13:00:00;0.0;130.0;98.115114;-5.0216195e-12;116.31;-5.5795772e-12;116.31
2025-04-14 14:00:00;0.0;139.0;121.47384;0.0;63.93;0.0;63.93
2025-04-14 15:00:00;0.0;132.0;114.47364;-2.1098946e-12;63.93;-2.3443273e-12;63.93
2025-04-14 16:00:00;0.0;115.0;97.47192;-1.0580221e-12;63.93;-1.1755801e-12;63.93
2025-04-14 17:00:00;0.0;128.0;118.29707;0.0;35.38;0.0;35.38
2025-04-14 18:00:00;0.0;94.3;84.596511;0.0;35.38;0.0;35.38
2025-04-14 19:00:00;0.0;73.2;63.496511;0.0;35.38;0.0;35.38
2025-04-14 20:00:00;0.0;51.2;35.531251;-1.1242933e-12;57.13;-1.2492148e-12;57.129999999999995
2025-04-14 21:00:00;0.0;24.4;8.731251;-7.2041544e-12;57.13;-8.0046159e-12;57.129999999999995
2025-04-14 22:00:00;12.838749;2.8299999999999996;0.0;0.0;57.13;0.0;57.129999999999995
2025-04-14 23:00:00;27.497791;0.0;-2.916309e-10;0.0;100.26;0.0;100.26
2025-04-15 00:00:00;27.497791;0.0;-2.913085e-10;-1.0579649e-12;100.26;-1.1755165e-12;100.26
2025-04-15 01:00:00;27.497791;0.0;-2.9098609e-10;-2.1159297e-12;100.26;-2.351033e-12;100.26
2025-04-15 02:00:00;35.558434;0.0;-2.9066369e-10;0.0;129.65;0.0;129.65
2025-04-15 03:00:00;35.558434;0.0;-2.9034129e-10;-1.0579649e-12;129.65;-1.1755165e-12;129.65
2025-04-15 04:00:00;35.558434;0.0;-2.9001888e-10;-2.1159297e-12;129.65;-2.351033e-12;129.65
2025-04-15 05:00:00;45.906445;0.0;-2.8905168e-10;0.0;167.38;0.0;167.38
2025-04-15 06:00:00;45.906445;0.0;-2.8872926e-10;-1.0579649e-12;167.38;-1.1755165e-12;167.38
2025-04-15 07:00:00;45.906266;0.0;-5.0419069e-12;-2.1238291e-12;167.38;-2.3598101e-12;167.38
2025-04-15 08:00:00;34.971431;0.0;-3.1469433e-11;-1.0585836e-12;127.55;-1.176204e-12;127.54999999999998
2025-04-15 09:00:00;30.813842;4.15;0.0;-2.0988957e-12;127.55;-2.3321063e-12;127.54999999999998
2025-04-15 10:00:00;17.658118;17.3;0.0;0.0;127.55;0.0;127.54999999999998
2025-04-15 11:00:00;0.0;56.2;46.674352;0.0;34.75;0.0;34.75
2025-04-15 12:00:00;0.0;98.6;89.074074;-2.112523e-12;34.75;-2.3472478e-12;34.75
2025-04-15 13:00:00;0.0;96.4;86.871525;-2.1156453e-12;34.75;-2.350717e-12;34.75
2025-04-15 14:00:00;0.0;49.5;37.014016;0.0;45.54;0.0;45.54
2025-04-15 15:00:00;0.0;58.0;45.510851;-1.0498844e-12;45.54;-1.1665382e-12;45.54
2025-04-15 16:00:00;0.0;37.8;25.30998;-2.6385056e-12;45.54;-2.9316729e-12;45.54
2025-04-15 17:00:00;0.0;52.7;36.488207;0.0;59.11;0.0;59.10999999999999
2025-04-15 18:00:00;0.0;36.2;19.988207;0.0;59.11;0.0;59.10999999999999
2025-04-15 19:00:00;0.0;17.3;1.0882066;0.0;59.11;0.0;59.10999999999999
2025-04-15 20:00:00;8.6551272;14.799999999999999;-3.2240282e-13;0.0;85.52;0.0;85.52
2025-04-15 21:00:00;10.855127;12.599999999999998;-5.32396e-16;0.0;85.52;0.0;85.52
2025-04-15 22:00:00;21.125127;2.33;-2.5393833e-12;0.0;85.52;0.0;85.52
2025-04-15 23:00:00;31.718726;0.0;-2.8840687e-10;0.0;115.65;0.0;115.65000000000002
2025-04-16 00:00:00;31.718726;0.0;-2.8808447e-10;-1.0579517e-12;115.65;-1.1755019e-12;115.65000000000002
2025-04-16 01:00:00;31.718726;0.0;-2.8776206e-10;-2.1159166e-12;115.65;-2.3510184e-12;115.65000000000002
2025-04-16 02:00:00;33.5563;0.0;-2.8743966e-10;0.0;122.35;0.0;122.35
2025-04-16 03:00:00;33.5563;0.0;-2.8711726e-10;-1.0579649e-12;122.35;-1.1755165e-12;122.35
2025-04-16 04:00:00;33.5563;0.0;-2.8679486e-10;-2.1159297e-12;122.35;-2.351033e-12;122.35
2025-04-16 05:00:00;44.894408;0.0;-5.2370299e-13;0.0;163.69;0.0;163.69
2025-04-16 06:00:00;44.894408;0.0;-5.2370299e-13;0.0;163.69;0.0;163.69
2025-04-16 07:00:00;44.894408;0.0;-3.728403e-10;0.0;163.69;0.0;163.69
2025-04-16 08:00:00;63.952019;0.3;-4.4331544e-12;0.0;234.27;0.0;234.27000000000004
2025-04-16 09:00:00;63.452019;0.8;-2.8211388e-12;-1.0579649e-12;234.27;-1.1755165e-12;234.27000000000004
2025-04-16 10:00:00;58.932019;5.32;0.0;-2.1159297e-12;234.27;-2.351033e-12;234.27000000000004
2025-04-16 11:00:00;58.957611;14.4;-1.8531763e-12;0.0;267.47;0.0;267.47
2025-04-16 12:00:00;56.557611;16.8;-3.2240282e-13;-1.0579649e-12;267.47;-1.1755165e-12;267.47
2025-04-16 13:00:00;46.957611;26.4;0.0;-2.1159297e-12;267.47;-2.351033e-12;267.47
2025-04-16 14:00:00;48.252933;22.000000000000004;-1.5920092e-13;0.0;256.15;0.0;256.15
2025-04-16 15:00:00;48.152933;22.099999999999998;-1.6914973e-12;-1.0579649e-12;256.15;-1.1755165e-12;256.15
2025-04-16 16:00:00;47.252933;23.0;0.0;-2.1159297e-12;256.15;-2.351033e-12;256.15
2025-04-16 17:00:00;29.046396;23.5;0.0;0.0;191.59;0.0;191.59
2025-04-16 18:00:00;33.746396;18.8;0.0;0.0;191.59;0.0;191.59
2025-04-16 19:00:00;39.946396;12.599999999999998;0.0;0.0;191.59;0.0;191.59
2025-04-16 20:00:00;46.625493;8.03;0.0;0.0;199.28;0.0;199.28
2025-04-16 21:00:00;51.325493;3.3299999999999996;0.0;0.0;199.28;0.0;199.28
2025-04-16 22:00:00;54.055493;0.6;-3.1435904e-12;0.0;199.28;0.0;199.28
2025-04-16 23:00:00;59.194576;0.0;-2.8647245e-10;0.0;215.83;0.0;215.83
2025-04-17 00:00:00;59.194576;0.0;-2.8615005e-10;-1.0579649e-12;215.83;-1.1755165e-12;215.83
2025-04-17 01:00:00;59.194576;0.0;-2.8582765e-10;-2.1159297e-12;215.83;-2.351033e-12;215.83
2025-04-17 02:00:00;62.041444;0.0;-2.8550525e-10;0.0;226.21;0.0;226.21
2025-04-17 03:00:00;62.041444;0.0;-2.8518284e-10;-1.0579649e-12;226.21;-1.1755165e-12;226.21
2025-04-17 04:00:00;62.041444;0.0;-2.8486044e-10;-8.8796494e-10;226.21;-9.8662771e-10;226.21
2025-04-17 05:00:00;80.428158;0.0;-1.5512903e-10;0.0;293.25;0.0;293.25
2025-04-17 06:00:00;80.428158;0.0;-5.2370299e-13;0.0;293.25;0.0;293.25
2025-04-17 07:00:00;80.428158;0.0;-5.2370299e-13;0.0;293.25;0.0;293.25
2025-04-17 08:00:00;93.206156;0.0;-5.2370299e-13;0.0;339.84;0.0;339.84
2025-04-17 09:00:00;92.573156;0.633;0.0;0.0;339.84;0.0;339.84
2025-04-17 10:00:00;89.326156;3.88;0.0;0.0;339.84;0.0;339.84
2025-04-17 11:00:00;82.058037;9.7;0.0;0.0;334.56;0.0;334.56
2025-04-17 12:00:00;73.458037;18.3;0.0;-1.0579649e-12;334.56;-1.1755165e-12;334.56
2025-04-17 13:00:00;74.956879;16.8;0.0;-2.1294113e-12;334.56;-2.3660126e-12;334.56
2025-04-17 14:00:00;60.922718;23.4;-1.8546874e-12;0.0;307.45;0.0;307.45
2025-04-17 15:00:00;56.822718;27.5;-5.2187182e-13;-1.0579649e-12;307.45;-1.1755165e-12;307.45
2025-04-17 16:00:00;61.822718;22.5;-6.4480565e-13;-2.1159297e-12;307.45;-2.351033e-12;307.45
2025-04-17 17:00:00;45.626969;23.4;0.0;0.0;251.68;0.0;251.68
2025-04-17 18:00:00;50.626969;18.4;0.0;0.0;251.68;0.0;251.68
2025-04-17 19:00:00;54.626969;14.4;0.0;0.0;251.68;0.0;251.68
2025-04-17 20:00:00;62.537881;5.03;0.0;0.0;246.36;0.0;246.36
2025-04-17 21:00:00;66.037881;1.53;0.0;0.0;246.36;0.0;246.36
2025-04-17 22:00:00;67.067881;0.5;-3.465946e-12;-1.0579649e-12;246.36;-1.1755165e-12;246.36
2025-04-17 23:00:00;65.903093;0.0;-2.8453802e-10;0.0;240.29;0.0;240.28999999999996
2025-04-18 00:00:00;65.903093;0.0;-2.8357083e-10;-1.0579649e-12;240.29;-1.1755165e-12;240.28999999999996
2025-04-18 01:00:00;65.903093;0.0;-2.8324843e-10;-2.1159297e-12;240.29;-2.351033e-12;240.28999999999996
2025-04-18 02:00:00;70.568338;0.0;-2.8292602e-10;0.0;257.3;0.0;257.3
2025-04-18 03:00:00;70.568338;0.0;-2.8260362e-10;-1.0579649e-12;257.3;-1.1755165e-12;257.3
2025-04-18 04:00:00;70.568338;0.0;-2.8228122e-10;-2.1159297e-12;257.3;-2.351033e-12;257.3
2025-04-18 05:00:00;76.07009;0.0;-2.8195881e-10;0.0;277.36;0.0;277.36
2025-04-18 06:00:00;76.07009;0.0;-2.8099161e-10;-1.0579649e-12;277.36;-1.1755165e-12;277.36
2025-04-18 07:00:00;76.07009;0.0;-2.8066919e-10;-2.1159297e-12;277.36;-2.351033e-12;277.36
2025-04-18 08:00:00;82.912997;0.0;-2.8034679e-10;-3.1738946e-12;302.31;-3.5265496e-12;302.31
2025-04-18 09:00:00;81.132997;1.78;0.0;-4.2318595e-12;302.31;-4.7020661e-12;302.31
2025-04-18 10:00:00;77.524593;5.38;0.0;-5.348859e-12;302.31;-5.9431767e-12;302.31
2025-04-18 11:00:00;56.443106;12.0;0.0;0.0;249.61;0.0;249.61
2025-04-18 12:00:00;44.131705;24.3;0.0;-1.0837414e-12;249.61;-1.2041571e-12;249.61
2025-04-18 13:00:00;9.3295846;59.1;0.0;-2.1447613e-12;249.61;-2.3830681e-12;249.61
2025-04-18 14:00:00;0.0;58.39999999999999;10.704315;-2.0901168e-12;173.98;-2.322352e-12;173.98
2025-04-18 15:00:00;0.0;79.7;31.997154;0.0;173.98;0.0;173.98
2025-04-18 16:00:00;0.0;135.0;87.285664;-1.074618e-12;173.98;-1.19402e-12;173.98
2025-04-18 17:00:00;0.0;131.0;88.285997;0.0;155.74;0.0;155.74
2025-04-18 18:00:00;0.0;55.8;13.085997;0.0;155.74;0.0;155.74
2025-04-18 19:00:00;0.0;52.60000000000001;9.8859973;0.0;155.74;0.0;155.74
2025-04-18 20:00:00;9.2919397;41.0;0.0;0.0;183.37;0.0;183.37
2025-04-18 21:00:00;45.06194;5.23;0.0;0.0;183.37;0.0;183.37
2025-04-18 22:00:00;48.32194;1.9699999999999998;-3.2240282e-13;0.0;183.37;0.0;183.37
2025-04-18 23:00:00;54.811824;0.0;-2.800244e-10;0.0;199.85;0.0;199.85
2025-04-19 00:00:00;54.811824;0.0;-2.7970199e-10;-1.0579649e-12;199.85;-1.1755165e-12;199.85
2025-04-19 01:00:00;54.811824;0.0;-2.7937959e-10;-2.1159297e-12;199.85;-2.351033e-12;199.85
2025-04-19 02:00:00;60.321804;0.0;-2.7905719e-10;0.0;219.94;0.0;219.94
2025-04-19 03:00:00;60.321804;0.0;-2.7873479e-10;-1.0579649e-12;219.94;-1.1755165e-12;219.94
2025-04-19 04:00:00;60.321804;0.0;-2.7841237e-10;-2.1159297e-12;219.94;-2.351033e-12;219.94
2025-04-19 05:00:00;60.842907;0.0;-2.7808997e-10;0.0;221.84;0.0;221.84000000000003
2025-04-19 06:00:00;60.842907;0.0;-2.7776756e-10;-1.0579649e-12;221.84;-1.1755165e-12;221.84000000000003
2025-04-19 07:00:00;60.842907;0.0;-2.7744517e-10;-2.1159297e-12;221.84;-2.351033e-12;221.84000000000003
2025-04-19 08:00:00;51.759635;0.0;-2.9214931e-11;-1.0199107e-12;188.77;-1.1332341e-12;188.77
2025-04-19 09:00:00;46.094202;5.650000000000001;0.0;0.0;188.77;0.0;188.77
2025-04-19 10:00:00;30.030994;21.7;0.0;-2.0846505e-12;188.77;-2.3162783e-12;188.77
2025-04-19 11:00:00;0.0;54.89999999999999;22.081703;0.0;119.77;0.0;119.77000000000001
2025-04-19 12:00:00;0.0;80.0;47.181602;-1.0097826e-12;119.77;-1.1219807e-12;119.77000000000001
2025-04-19 13:00:00;0.0;135.0;102.17652;0.0;119.77;0.0;119.77000000000001
2025-04-19 14:00:00;0.0;144.0;117.8293;-4.1208733e-13;95.48;-4.5787481e-13;95.48
2025-04-19 15:00:00;0.0;132.0;105.82803;0.0;95.48;0.0;95.48
2025-04-19 16:00:00;0.0;95.3;69.119725;0.0;95.48;0.0;95.48
2025-04-19 17:00:00;0.0;152.0;129.99573;0.0;80.23;0.0;80.23
2025-04-19 18:00:00;0.0;105.0;82.995734;0.0;80.23;0.0;80.23
2025-04-19 19:00:00;0.0;103.0;80.995734;0.0;80.23;0.0;80.23
2025-04-19 20:00:00;0.0;53.4;17.734603;0.0;130.04;0.0;130.04
2025-04-19 21:00:00;19.565397;16.1;-1.7179545e-28;0.0;130.04;0.0;130.04
2025-04-19 22:00:00;32.935397;2.73;-1.8539318e-12;0.0;130.04;0.0;130.04
2025-04-19 23:00:00;48.621667;0.0;-2.7680033e-10;0.0;177.28;0.0;177.28
2025-04-20 00:00:00;48.621667;0.0;-2.7615555e-10;-1.0579649e-12;177.28;-1.1755165e-12;177.28
2025-04-20 01:00:00;48.621667;0.0;-2.7583316e-10;-2.1159297e-12;177.28;-2.351033e-12;177.28
2025-04-20 02:00:00;59.353649;0.0;-2.7518834e-10;0.0;216.41;0.0;216.41
2025-04-20 03:00:00;59.353649;0.0;-2.7486595e-10;-1.0579649e-12;216.41;-1.1755165e-12;216.41
2025-04-20 04:00:00;59.353649;0.0;-2.2960408e-10;0.0;216.41;0.0;216.41
2025-04-20 05:00:00;63.43471;0.0;-3.1234509e-10;0.0;231.29;0.0;231.29
2025-04-20 06:00:00;63.43471;0.0;-2.7454354e-10;0.0;231.29;0.0;231.29
2025-04-20 07:00:00;63.43471;0.0;-2.7422114e-10;-1.0579649e-12;231.29;-1.1755165e-12;231.29
2025-04-20 08:00:00;45.525707;0.7000000000000002;0.0;0.0;168.6;0.0;168.6
2025-04-20 09:00:00;41.212477;5.0;0.0;-1.0555599e-12;168.6;-1.1728444e-12;168.6
2025-04-20 10:00:00;26.102206;20.1;0.0;-2.1058125e-12;168.6;-2.3397917e-12;168.6
2025-04-20 11:00:00;0.0;57.79999999999999;34.26334;-2.1076397e-12;85.9;-2.3418219e-12;85.9
2025-04-20 12:00:00;0.0;99.89999999999999;76.360446;0.0;85.9;0.0;85.9
2025-04-20 13:00:00;0.0;130.0;106.4552;-1.4299759e-12;85.9;-1.5888621e-12;85.9
2025-04-20 14:00:00;0.0;121.0;107.96159;0.0;47.56;0.0;47.56
2025-04-20 15:00:00;0.0;161.0;147.95765;-2.2456814e-12;47.56;-2.4952015e-12;47.56
2025-04-20 16:00:00;0.0;117.0;103.95597;-5.2753936e-13;47.56;-5.8615484e-13;47.56
2025-04-20 17:00:00;0.0;60.9;35.695063;0.0;91.9;0.0;91.9
2025-04-20 18:00:00;5.0049368;20.2;0.0;0.0;91.9;0.0;91.9
2025-04-20 19:00:00;0.0;34.0;8.7950632;0.0;91.9;0.0;91.9
2025-04-20 20:00:00;32.808876;4.45;0.0;0.0;135.85;0.0;135.85
2025-04-20 21:00:00;34.458876;2.8;0.0;0.0;135.85;0.0;135.85
2025-04-20 22:00:00;36.725876;0.533;0.0;0.0;135.85;0.0;135.85
2025-04-20 23:00:00;49.156483;0.0;-2.3250571e-10;0.0;179.23;0.0;179.23
2025-04-21 00:00:00;49.156483;0.0;-2.7389873e-10;0.0;179.23;0.0;179.23
2025-04-21 01:00:00;49.156483;0.0;-2.7357633e-10;-1.0579649e-12;179.23;-1.1755165e-12;179.23
2025-04-21 02:00:00;63.152217;0.0;-2.7325393e-10;0.0;230.26;0.0;230.26000000000002
2025-04-21 03:00:00;63.152217;0.0;-2.7293154e-10;-1.0579649e-12;230.26;-1.1755165e-12;230.26000000000002
2025-04-21 04:00:00;63.152217;0.0;-2.7260913e-10;-2.1159297e-12;230.26;-2.351033e-12;230.26000000000002
2025-04-21 05:00:00;68.925491;0.0;-2.7228672e-10;0.0;251.31;0.0;251.31
2025-04-21 06:00:00;68.925491;0.0;-2.709971e-10;-1.0579649e-12;251.31;-1.1755165e-12;251.31
2025-04-21 07:00:00;68.924817;0.0;-5.6866769e-12;-2.1143499e-12;251.31;-2.3492776e-12;251.31
2025-04-21 08:00:00;46.346349;0.6;0.0;0.0;171.22;0.0;171.22
2025-04-21 09:00:00;42.636061;4.3;0.0;-1.0672709e-12;171.22;-1.1858565e-12;171.22
2025-04-21 10:00:00;25.633909;21.3;0.0;-2.1040264e-12;171.22;-2.3378072e-12;171.22
2025-04-21 11:00:00;0.0;63.099999999999994;32.232599;-2.1105929e-12;112.62;-2.3451032e-12;112.62
2025-04-21 12:00:00;0.0;96.1;65.22764;0.0;112.62;0.0;112.62
2025-04-21 13:00:00;0.0;47.50000000000001;16.630417;-1.0731974e-12;112.62;-1.1924415e-12;112.62
2025-04-21 14:00:00;0.0;33.2;4.3224285;0.0;105.33;0.0;105.33
2025-04-21 15:00:00;0.0;40.4;11.518154;-1.0837134e-12;105.33;-1.2041259e-12;105.33
2025-04-21 16:00:00;0.0;37.0;8.1174952;-2.1244345e-12;105.33;-2.3604828e-12;105.33
2025-04-21 17:00:00;12.973153;18.4;-3.2240282e-13;0.0;114.39;0.0;114.39
2025-04-21 18:00:00;11.273153;20.1;0.0;0.0;114.39;0.0;114.39
2025-04-21 19:00:00;12.073153;19.3;0.0;0.0;114.39;0.0;114.39
2025-04-21 20:00:00;21.456971;15.3;0.0;0.0;134.02;0.0;134.02
2025-04-21 21:00:00;27.456971;9.3;0.0;0.0;134.02;0.0;134.02
2025-04-21 22:00:00;33.306971;3.45;0.0;0.0;134.02;0.0;134.02
2025-04-21 23:00:00;46.597593;0.0;-2.706747e-10;0.0;169.9;0.0;169.9
2025-04-22 00:00:00;46.597593;0.0;-2.703523e-10;-1.0579649e-12;169.9;-1.1755165e-12;169.9
2025-04-22 01:00:00;46.597593;0.0;-2.700299e-10;-2.1159297e-12;169.9;-2.351033e-12;169.9
2025-04-22 02:00:00;44.949261;0.0;-2.697075e-10;0.0;163.89;0.0;163.89
2025-04-22 03:00:00;44.949261;0.0;-2.6938509e-10;-1.0579649e-12;163.89;-1.1755165e-12;163.89
2025-04-22 04:00:00;44.949261;0.0;-2.6906269e-10;-2.1159297e-12;163.89;-2.351033e-12;163.89
2025-04-22 05:00:00;56.191376;0.0;-5.2370299e-13;0.0;204.88;0.0;204.88
2025-04-22 06:00:00;56.191376;0.0;-5.2370299e-13;0.0;204.88;0.0;204.88
2025-04-22 07:00:00;56.191376;0.0;-5.2370299e-13;0.0;204.88;0.0;204.88
2025-04-22 08:00:00;69.922438;0.0;-5.2366702e-13;0.0;254.98;0.0;254.98
2025-04-22 09:00:00;65.282002;4.63;0.0;0.0;254.98;0.0;254.98
2025-04-22 10:00:00;51.30269;18.6;0.0;-1.0926547e-12;254.98;-1.2140608e-12;254.98
2025-04-22 11:00:00;0.46888968;38.3;0.0;0.0;141.41;0.0;141.41
2025-04-22 12:00:00;0.0;51.3;12.535644;0.0;141.41;0.0;141.41
2025-04-22 13:00:00;0.0;92.90000000000002;54.141848;0.0;141.41;0.0;141.41
2025-04-22 14:00:00;0.0;133.0;116.69694;0.0;59.48;0.0;59.48
2025-04-22 15:00:00;0.0;116.0;99.694664;-6.0918422e-12;59.48;-6.7687135e-12;59.48
2025-04-22 16:00:00;0.0;143.0;126.69099;-5.0383322e-12;59.48;-5.5981469e-12;59.48
2025-04-22 17:00:00;0.0;139.0;125.20231;0.0;50.31;0.0;50.31
2025-04-22 18:00:00;0.0;126.0;112.20174;0.0;50.31;0.0;50.31
2025-04-22 19:00:00;0.0;73.0;59.201737;0.0;50.31;0.0;50.31
2025-04-22 20:00:00;0.0;43.3;21.712616;0.0;78.71;0.0;78.71
2025-04-22 21:00:00;3.6873838;17.9;0.0;0.0;78.71;0.0;78.71
2025-04-22 22:00:00;19.187384;2.4;-2.2171009e-12;0.0;78.71;0.0;78.71
2025-04-22 23:00:00;32.991315;0.0;-3.6601303e-11;0.0;120.29;0.0;120.29000000000002
2025-04-23 00:00:00;32.991315;0.0;-2.669224e-10;0.0;120.29;0.0;120.29000000000002
2025-04-23 01:00:00;32.991315;0.0;-2.6659998e-10;-1.0579649e-12;120.29;-1.1755165e-12;120.29000000000002
2025-04-23 02:00:00;40.555539;0.0;-2.6627758e-10;0.0;147.87;0.0;147.87
2025-04-23 03:00:00;40.555539;0.0;-2.6563274e-10;-1.0579649e-12;147.87;-1.1755165e-12;147.87
2025-04-23 04:00:00;40.555539;0.0;-2.6410119e-10;0.0;147.87;0.0;147.87
2025-04-23 05:00:00;54.32089;0.0;-5.2370299e-13;0.0;198.06;0.0;198.06
2025-04-23 06:00:00;54.32089;0.0;-5.2370299e-13;0.0;198.06;0.0;198.06
2025-04-23 07:00:00;54.32089;0.0;-5.2370299e-13;0.0;198.06;0.0;198.06
2025-04-23 08:00:00;59.707881;0.0;-2.3737276e-11;-2.1516693e-12;217.74;-2.3907437e-12;217.74
2025-04-23 09:00:00;54.591205;5.1;0.0;-1.0736324e-12;217.74;-1.1929249e-12;217.74
2025-04-23 10:00:00;39.681087;20.0;0.0;0.0;217.74;0.0;217.74
2025-04-23 11:00:00;20.850622;16.5;0.0;0.0;136.25;0.0;136.25
2025-04-23 12:00:00;0.0;86.8;49.443026;-6.0744654e-12;136.25;-6.7494059e-12;136.25
2025-04-23 13:00:00;0.0;70.2;32.843401;-4.9961303e-12;136.25;-5.5512559e-12;136.25
2025-04-23 14:00:00;0.0;51.9;4.2794492;0.0;173.68;0.0;173.68
2025-04-23 15:00:00;26.330517;21.3;0.0;0.0;173.68;0.0;173.68
2025-04-23 16:00:00;28.532767;19.1;0.0;0.0;173.68;0.0;173.68
2025-04-23 17:00:00;0.0;49.4;8.5948804;0.0;148.78;0.0;148.78
2025-04-23 18:00:00;10.30512;30.5;0.0;0.0;148.78;0.0;148.78
2025-04-23 19:00:00;15.20512;25.6;0.0;0.0;148.78;0.0;148.78
2025-04-23 20:00:00;23.703718;23.5;0.0;0.0;172.11;0.0;172.11
2025-04-23 21:00:00;29.403718;17.8;0.0;0.0;172.11;0.0;172.11
2025-04-23 22:00:00;44.953718;2.25;0.0;0.0;172.11;0.0;172.11
2025-04-23 23:00:00;49.951851;0.0;-2.6531037e-10;0.0;182.13;0.0;182.13
2025-04-24 00:00:00;49.951851;0.0;-2.6498797e-10;-1.0579649e-12;182.13;-1.1755165e-12;182.13
2025-04-24 01:00:00;49.951851;0.0;-2.6466557e-10;-2.1159297e-12;182.13;-2.351033e-12;182.13
2025-04-24 02:00:00;47.656255;0.0;-2.6434317e-10;0.0;173.76;0.0;173.76
2025-04-24 03:00:00;47.656255;0.0;-2.6369836e-10;-1.0579649e-12;173.76;-1.1755165e-12;173.76
2025-04-24 04:00:00;47.656255;0.0;-2.6337595e-10;-2.1159297e-12;173.76;-2.351033e-12;173.76
2025-04-24 05:00:00;60.028341;0.0;-8.4610581e-13;0.0;218.87;0.0;218.87
2025-04-24 06:00:00;60.028341;0.0;-5.2370299e-13;0.0;218.87;0.0;218.87
2025-04-24 07:00:00;60.028341;0.0;-5.2370299e-13;0.0;218.87;0.0;218.87
2025-04-24 08:00:00;65.110468;0.0;-2.4088818e-10;0.0;237.4;0.0;237.39999999999998
2025-04-24 09:00:00;64.243468;0.867;0.0;0.0;237.4;0.0;237.39999999999998
2025-04-24 10:00:00;62.430468;2.68;0.0;-1.0579649e-12;237.4;-1.1755165e-12;237.39999999999998
2025-04-24 11:00:00;47.090797;13.7;-2.3393134e-12;0.0;221.65;0.0;221.65
2025-04-24 12:00:00;45.490797;15.3;0.0;-1.057978e-12;221.65;-1.1755312e-12;221.65
2025-04-24 13:00:00;42.990797;17.8;0.0;-2.1159429e-12;221.65;-2.3510477e-12;221.65
2025-04-24 14:00:00;26.863279;26.099999999999998;0.0;-1.151658e-12;193.11;-1.27962e-12;193.11
2025-04-24 15:00:00;20.863279;32.1;0.0;-2.2096229e-12;193.11;-2.4551366e-12;193.11
2025-04-24 16:00:00;11.863279;41.1;0.0;0.0;193.11;0.0;193.11
2025-04-24 17:00:00;6.8289197;30.6;0.0;0.0;136.47;0.0;136.47
2025-04-24 18:00:00;13.52892;23.9;-3.2240282e-13;0.0;136.47;0.0;136.47
2025-04-24 19:00:00;10.82892;26.600000000000005;0.0;0.0;136.47;0.0;136.47
2025-04-24 20:00:00;30.356209;13.4;0.0;0.0;159.54;0.0;159.54
2025-04-24 21:00:00;38.626209;5.13;-3.2240282e-13;0.0;159.54;0.0;159.54
2025-04-24 22:00:00;42.286209;1.4699999999999998;0.0;0.0;159.54;0.0;159.54
2025-04-24 23:00:00;49.776322;0.0;-2.6305355e-10;0.0;181.49;0.0;181.49
2025-04-25 00:00:00;49.776322;0.0;-2.6273115e-10;-1.0579649e-12;181.49;-1.1755165e-12;181.49
2025-04-25 01:00:00;49.776322;0.0;-2.6240875e-10;-2.1159297e-12;181.49;-2.351033e-12;181.49
2025-04-25 02:00:00;49.312814;0.0;-2.6208635e-10;0.0;179.8;0.0;179.8
2025-04-25 03:00:00;49.312814;0.0;-2.6176394e-10;-1.0579649e-12;179.8;-1.1755165e-12;179.8
2025-04-25 04:00:00;49.312814;0.0;-2.6144154e-10;-2.1159297e-12;179.8;-2.351033e-12;179.8
2025-04-25 05:00:00;64.559195;0.0;-2.5958755e-10;0.0;235.39;0.0;235.39000000000001
2025-04-25 06:00:00;64.559195;0.0;-5.2370299e-13;0.0;235.39;0.0;235.39000000000001
2025-04-25 07:00:00;64.559195;0.0;-5.2370299e-13;0.0;235.39;0.0;235.39000000000001
2025-04-25 08:00:00;79.865915;0.0;-2.6079675e-10;-2.0501561e-12;291.2;-2.2779512e-12;291.2
2025-04-25 09:00:00;76.888657;2.97;0.0;-1.0638002e-12;291.2;-1.1820002e-12;291.2
2025-04-25 10:00:00;66.240281;13.6;0.0;0.0;291.2;0.0;291.2
2025-04-25 11:00:00;54.693804;18.8;0.0;0.0;268.1;0.0;268.1
2025-04-25 12:00:00;43.783814;29.700000000000003;0.0;-1.0424294e-12;268.1;-1.1582549e-12;268.1
2025-04-25 13:00:00;35.793959;37.7;0.0;-2.0836261e-12;268.1;-2.3151401e-12;268.1
2025-04-25 14:00:00;19.176257;34.0;0.0;-2.1066716e-12;193.99;-2.3407462e-12;193.99
2025-04-25 15:00:00;11.984004;41.2;0.0;-1.0975262e-12;193.99;-1.2194736e-12;193.99
2025-04-25 16:00:00;10.899869;42.3;0.0;0.0;193.99;0.0;193.99
2025-04-25 17:00:00;0.0;53.8;14.79721;0.0;142.21;0.0;142.21
2025-04-25 18:00:00;0.0;49.9;10.8968;0.0;142.21;0.0;142.21
2025-04-25 19:00:00;1.3031998;37.7;0.0;0.0;142.21;0.0;142.21
2025-04-25 20:00:00;0.0;60.8;10.941399;0.0;181.79;0.0;181.79
2025-04-25 21:00:00;22.258601;27.6;0.0;-1.0579649e-12;181.79;-1.1755165e-12;181.79
2025-04-25 22:00:00;44.758601;5.1;0.0;-2.1159297e-12;181.79;-2.351033e-12;181.79
2025-04-25 23:00:00;63.988725;0.0;-2.601519e-10;0.0;233.31;0.0;233.31
2025-04-26 00:00:00;63.988725;0.0;-2.6015194e-10;-1.0579665e-12;233.31;-1.1755184e-12;233.31
2025-04-26 01:00:00;63.988725;0.0;-2.5982952e-10;-2.1159314e-12;233.31;-2.3510349e-12;233.31
2025-04-26 02:00:00;70.593021;0.0;-2.5950713e-10;0.0;257.39;0.0;257.39
2025-04-26 03:00:00;70.593021;0.0;-2.5918473e-10;-1.0579649e-12;257.39;-1.1755165e-12;257.39
2025-04-26 04:00:00;70.593021;0.0;-2.5886232e-10;-2.1159297e-12;257.39;-2.351033e-12;257.39
2025-04-26 05:00:00;86.766418;0.0;-2.5853992e-10;-1.0192095e-12;316.36;-1.132455e-12;316.36
2025-04-26 06:00:00;86.766418;0.0;-2.569279e-10;-2.0771743e-12;316.36;-2.3079715e-12;316.36
2025-04-26 07:00:00;86.763663;0.0;-9.5552736e-12;0.0;316.36;0.0;316.36
2025-04-26 08:00:00;57.292306;1.3;0.0;0.0;213.71;0.0;213.71
2025-04-26 09:00:00;50.823969;7.75;0.0;-1.0613823e-12;213.71;-1.1793136e-12;213.71
2025-04-26 10:00:00;33.068551;25.499999999999996;0.0;-2.1073758e-12;213.71;-2.3415287e-12;213.71
2025-04-26 11:00:00;0.0;63.50000000000001;37.566734;0.0;94.62;0.0;94.62
2025-04-26 12:00:00;0.0;104.00000000000001;78.069274;-1.7178108e-12;94.62;-1.9086786e-12;94.62
2025-04-26 13:00:00;0.0;133.0;107.06906;-1.0488909e-12;94.62;-1.1654344e-12;94.62
2025-04-26 14:00:00;0.0;155.0;140.31933;0.0;53.56;0.0;53.56
2025-04-26 15:00:00;0.0;150.0;135.31699;0.0;53.56;0.0;53.56
2025-04-26 16:00:00;0.0;104.00000000000001;89.315032;-1.7131407e-12;53.56;-1.9034896e-12;53.56
2025-04-26 17:00:00;0.0;103.0;95.828395;0.0;26.15;0.0;26.15
2025-04-26 18:00:00;0.0;138.0;130.82798;0.0;26.15;8.5148918e-28;26.15
2025-04-26 19:00:00;0.0;113.0;105.82798;-1.0579649e-12;26.15;-1.1755165e-12;26.15
2025-04-26 20:00:00;0.0;73.4;54.182264;-6.1468873e-12;70.07;-6.8298747e-12;70.07
2025-04-26 21:00:00;0.0;30.5;11.282264;-7.2048521e-12;70.07;-8.0053913e-12;70.07
2025-04-26 22:00:00;14.687736;4.53;0.0;0.0;70.07;0.0;70.07
2025-04-26 23:00:00;30.671035;0.0;-2.566055e-10;0.0;111.83;0.0;111.83
2025-04-27 00:00:00;30.671035;0.0;-2.562831e-10;-1.0579649e-12;111.83;-1.1755165e-12;111.83
2025-04-27 01:00:00;30.671035;0.0;-2.5596069e-10;-2.513637e-12;111.83;-2.7929299e-12;111.83
2025-04-27 02:00:00;41.23023;0.0;-2.5563829e-10;0.0;150.33;0.0;150.33
2025-04-27 03:00:00;41.23023;0.0;-2.5434868e-10;-1.0579649e-12;150.33;-1.1755165e-12;150.33
2025-04-27 04:00:00;41.23023;0.0;-2.5402628e-10;-2.1159297e-12;150.33;-2.351033e-12;150.33
2025-04-27 05:00:00;58.478744;0.0;-2.5370387e-10;0.0;213.22;0.0;213.22
2025-04-27 06:00:00;58.478744;0.0;-2.5338147e-10;-1.0579649e-12;213.22;-1.1755165e-12;213.22
2025-04-27 07:00:00;58.474606;0.0;0.0;-2.1496337e-12;213.22;-2.3884819e-12;213.22
2025-04-27 08:00:00;34.670181;1.3;0.0;0.0;131.2;0.0;131.2
2025-04-27 09:00:00;30.4793;5.48;0.0;-1.0295762e-12;131.2;-1.1439736e-12;131.2
2025-04-27 10:00:00;14.051459;21.9;0.0;-2.0817847e-12;131.2;-2.3130941e-12;131.2
2025-04-27 11:00:00;0.0;62.2;47.092661;0.0;55.14;0.0;55.14000000000001
2025-04-27 12:00:00;0.0;104.00000000000001;88.893546;-1.0490897e-12;55.14;-1.1656552e-12;55.14000000000001
2025-04-27 13:00:00;0.0;134.0;118.89232;-2.1100362e-12;55.14;-2.3444847e-12;55.14000000000001
2025-04-27 14:00:00;0.0;153.0;148.00713;0.0;18.22;0.0;18.22
2025-04-27 15:00:00;0.0;160.0;155.00599;-2.1175676e-12;18.22;-2.3528528e-12;18.22
2025-04-27 16:00:00;0.0;159.0;154.00483;-3.1721387e-12;18.22;-3.5245985e-12;18.22
2025-04-27 17:00:00;0.0;150.0;145.93601;0.0;14.82;0.0;14.819999999999999
2025-04-27 18:00:00;0.0;140.0;135.9354;0.0;14.82;0.0;14.819999999999999
2025-04-27 19:00:00;0.0;110.0;105.9354;0.0;14.82;0.0;14.819999999999999
2025-04-27 20:00:00;0.0;68.1;55.623693;0.0;45.49;0.0;45.49
2025-04-27 21:00:00;0.0;29.400000000000002;16.923693;-6.0815463e-12;45.49;-6.7572736e-12;45.49
2025-04-27 22:00:00;7.0463066;5.43;0.0;0.0;45.49;0.0;45.49
2025-04-27 23:00:00;30.244659;0.1;-5.0780427e-12;0.0;110.64;0.0;110.64
2025-04-28 00:00:00;30.344659;0.0;-2.5305907e-10;-1.0579649e-12;110.64;-1.1755165e-12;110.64
2025-04-28 01:00:00;30.344659;0.0;-2.5273667e-10;-2.1159297e-12;110.64;-2.351033e-12;110.64
2025-04-28 02:00:00;46.51257;0.0;-2.5176946e-10;0.0;169.59;0.0;169.59
2025-04-28 03:00:00;46.51257;0.0;-2.5144705e-10;-1.0578595e-12;169.59;-1.1753995e-12;169.59
2025-04-28 04:00:00;46.51257;0.0;-2.5112466e-10;-2.1158244e-12;169.59;-2.350916e-12;169.59
2025-04-28 05:00:00;69.416425;0.0;-5.2370299e-13;0.0;253.1;0.0;253.1
2025-04-28 06:00:00;69.416425;0.0;-5.2370299e-13;0.0;253.1;0.0;253.1
2025-04-28 07:00:00;69.407195;0.0;-1.6968645e-11;0.0;253.1;0.0;253.1
2025-04-28 08:00:00;50.546078;1.5;0.0;-1.0694475e-12;189.85;-1.188275e-12;189.85
2025-04-28 09:00:00;45.901703;6.130000000000001;0.0;-2.1244249e-12;189.85;-2.3604721e-12;189.85
2025-04-28 10:00:00;28.020384;24.0;0.0;0.0;189.85;0.0;189.85
2025-04-28 11:00:00;0.0;63.099999999999994;51.532999;0.0;42.22;0.0;42.22
2025-04-28 12:00:00;0.0;104.00000000000001;92.433596;0.0;42.22;2.128723e-28;42.22
2025-04-28 13:00:00;0.0;132.0;120.43307;-2.7742534e-12;42.22;-3.0825037e-12;42.22
2025-04-28 14:00:00;0.0;152.0;149.51756;0.0;9.06;0.0;9.06
2025-04-28 15:00:00;0.0;161.0;158.51707;-1.0587225e-12;9.06;-1.1763584e-12;9.06
2025-04-28 16:00:00;0.0;162.0;159.51643;-6.0845927e-12;9.06;-6.7606585e-12;9.06
2025-04-28 17:00:00;0.0;154.0;152.15734;0.0;6.72;0.0;6.72
2025-04-28 18:00:00;0.0;135.0;133.15694;0.0;6.72;0.0;6.72
2025-04-28 19:00:00;0.0;107.0;105.15694;0.0;6.72;0.0;6.72
2025-04-28 20:00:00;0.0;69.1;58.469496;0.0;38.76;0.0;38.76
2025-04-28 21:00:00;0.0;30.000000000000004;19.369496;0.0;38.76;0.0;38.76
2025-04-28 22:00:00;5.6305043;5.0;0.0;0.0;38.76;0.0;38.76
2025-04-28 23:00:00;26.728584;0.1;-4.7556281e-12;0.0;97.82;0.0;97.82
2025-04-29 00:00:00;26.828584;0.0;-2.5080225e-10;-8.1850807e-10;97.82;-9.0945341e-10;97.82
2025-04-29 01:00:00;26.828584;0.0;-2.5047985e-10;-2.1159297e-12;97.82;-2.351033e-12;97.82
2025-04-29 02:00:00;42.777084;0.0;-2.5015744e-10;0.0;155.97;0.0;155.97
2025-04-29 03:00:00;42.777084;0.0;-2.4983504e-10;-1.0579649e-12;155.97;-1.1755165e-12;155.97
2025-04-29 04:00:00;42.777084;0.0;-2.4951263e-10;-2.1159297e-12;155.97;-2.351033e-12;155.97
2025-04-29 05:00:00;63.802225;0.0;-2.4765864e-10;0.0;232.63;0.0;232.63
2025-04-29 06:00:00;63.802225;0.0;-5.2370299e-13;0.0;232.63;0.0;232.63
2025-04-29 07:00:00;63.793236;0.0;-1.7613238e-11;0.0;232.63;0.0;232.63
2025-04-29 08:00:00;42.801526;2.05;0.0;0.0;163.61;0.0;163.61
2025-04-29 09:00:00;38.108724;6.73;0.0;-2.1318926e-12;163.61;-2.3687695e-12;163.61
2025-04-29 10:00:00;20.428824;24.4;0.0;-1.0772221e-12;163.61;-1.1969134e-12;163.61
2025-04-29 11:00:00;0.0;62.7;56.026327;-3.8275524e-12;24.36;-4.252836e-12;24.36
2025-04-29 12:00:00;0.0;101.99999999999999;95.326672;-2.7745947e-12;24.36;-3.082883e-12;24.36
2025-04-29 13:00:00;0.0;132.0;125.32639;0.0;24.36;0.0;24.36
2025-04-29 14:00:00;0.0;152.0;150.63004;-3.1741857e-12;5.0;-3.526873e-12;5.0
2025-04-29 15:00:00;0.0;162.0;160.62976;0.0;5.0;0.0;5.0
2025-04-29 16:00:00;0.0;161.0;159.6294;-5.0260998e-12;5.0;-5.5845554e-12;5.0
2025-04-29 17:00:00;0.0;152.0;150.629;0.0;5.0;0.0;5.0
2025-04-29 18:00:00;0.0;133.0;131.62868;0.0;5.0;0.0;5.0
2025-04-29 19:00:00;0.0;104.00000000000001;102.62868;0.0;5.0;0.0;5.0
2025-04-29 20:00:00;0.0;67.4;61.906476;0.0;20.03;0.0;20.03
2025-04-29 21:00:00;0.0;29.599999999999998;24.106476;0.0;20.03;0.0;20.03
2025-04-29 22:00:00;0.2435243;5.25;0.0;0.0;20.03;0.0;20.03
2025-04-29 23:00:00;15.697654;0.1;-4.4332253e-12;0.0;57.6;0.0;57.599999999999994
2025-04-30 00:00:00;15.797654;0.0;-2.4886783e-10;-1.0579649e-12;57.6;-1.1755165e-12;57.599999999999994
2025-04-30 01:00:00;15.797654;0.0;-2.4854543e-10;-7.4974483e-10;57.6;-8.3304981e-10;57.599999999999994
2025-04-30 02:00:00;27.346945;0.0;-2.4822303e-10;0.0;99.71;0.0;99.71
2025-04-30 03:00:00;27.346945;0.0;-2.4757822e-10;-1.0579649e-12;99.71;-1.1755165e-12;99.71
2025-04-30 04:00:00;27.346945;0.0;-2.4725581e-10;-2.1159297e-12;99.71;-2.351033e-12;99.71
2025-04-30 05:00:00;47.689167;0.0;-5.2370299e-13;0.0;173.88;0.0;173.88
2025-04-30 06:00:00;47.689167;0.0;-5.2370299e-13;0.0;173.88;0.0;173.88
2025-04-30 07:00:00;47.681243;0.0;-2.1481041e-11;0.0;173.88;0.0;173.88
2025-04-30 08:00:00;27.377562;1.95;0.0;0.0;106.98;0.0;106.98
2025-04-30 09:00:00;22.069073;7.25;0.0;-2.1014743e-12;106.98;-2.3349714e-12;106.98
2025-04-30 10:00:00;5.1128135;24.2;0.0;-1.0827729e-12;106.98;-1.203081e-12;106.98
2025-04-30 11:00:00;0.0;57.3;54.938444;0.0;8.62;0.0;8.62
2025-04-30 12:00:00;0.0;96.4;94.03855;-1.0570888e-12;8.62;-1.1745431e-12;8.62
2025-04-30 13:00:00;0.0;121.0;118.63837;-3.9703051e-13;8.62;-4.4114501e-13;8.62
2025-04-30 14:00:00;0.0;145.0;143.47112;0.0;5.58;0.0;5.58
2025-04-30 15:00:00;0.0;156.0;154.47083;0.0;5.58;0.0;5.58
2025-04-30 16:00:00;0.0;157.0;155.47044;-1.0571487e-12;5.58;-1.1746097e-12;5.58
2025-04-30 17:00:00;0.0;149.0;147.35483;0.0;6.0;0.0;6.0
2025-04-30 18:00:00;0.0;132.0;130.35441;0.0;6.0;0.0;6.0
2025-04-30 19:00:00;0.0;104.00000000000001;102.35441;0.0;6.0;0.0;6.0
2025-04-30 20:00:00;0.0;69.0;65.86241;0.0;11.44;0.0;11.44
2025-04-30 21:00:00;0.0;29.9;26.76241;0.0;11.44;0.0;11.44
2025-04-30 22:00:00;0.0;5.33;2.1924105;-1.0579649e-12;11.44;-1.1755165e-12;11.44
2025-04-30 23:00:00;6.0424806;0.4;-7.6593662e-13;0.0;23.49;0.0;23.49
2025-05-01 00:00:00;6.4424806;0.0;-2.4693342e-10;-1.0579649e-12;23.49;-1.1755165e-12;23.49
2025-05-01 01:00:00;6.4424806;0.0;-2.4661101e-10;-2.1159297e-12;23.49;-2.351033e-12;23.49
2025-05-01 02:00:00;19.012037;0.0;-2.4628861e-10;0.0;69.32;0.0;69.32
2025-05-01 03:00:00;19.012037;0.0;-2.459662e-10;-1.0562731e-12;69.32;-1.1736368e-12;69.32
2025-05-01 04:00:00;19.012037;0.0;-2.456438e-10;-2.114238e-12;69.32;-2.3491533e-12;69.32
2025-05-01 05:00:00;32.176748;0.0;-2.453214e-10;0.0;117.32;0.0;117.32
2025-05-01 06:00:00;32.176748;0.0;-2.44999e-10;-1.0579649e-12;117.32;-1.1755165e-12;117.32
2025-05-01 07:00:00;32.170342;0.0;-2.6315516e-11;-2.1066085e-12;117.32;-2.3406761e-12;117.32
2025-05-01 08:00:00;12.174125;1.8499999999999999;0.0;0.0;51.16;0.0;51.16
2025-05-01 09:00:00;8.0902189;5.929999999999999;0.0;-1.0606138e-12;51.16;-1.1784598e-12;51.16
2025-05-01 10:00:00;0.0;22.8;8.7828077;-7.1464784e-12;51.16;-7.9405315e-12;51.16
2025-05-01 11:00:00;0.0;64.1;62.719296;0.0;5.04;0.0;5.04
2025-05-01 12:00:00;0.0;99.8;98.419365;-1.0570112e-12;5.04;-1.1744569e-12;5.04
2025-05-01 13:00:00;0.0;124.99999999999999;123.61931;-2.1155233e-12;5.04;-2.3505815e-12;5.04
2025-05-01 14:00:00;0.0;142.0;140.6301;-6.4814353e-12;5.0;-7.2015948e-12;5.0
2025-05-01 15:00:00;0.0;152.0;150.62983;0.0;5.0;0.0;5.0
2025-05-01 16:00:00;0.0;151.0;149.62947;-1.0582594e-12;5.0;-1.1758438e-12;5.0
2025-05-01 17:00:00;0.0;142.0;140.62908;-6.0838881e-12;5.0;-6.7598757e-12;5.0
2025-05-01 18:00:00;0.0;126.0;124.62868;0.0;5.0;0.0;5.0
2025-05-01 19:00:00;0.0;100.0;98.628676;0.0;5.0;0.0;5.0
2025-05-01 20:00:00;0.0;65.6;63.680146;0.0;7.0;0.0;6.999999999999999
2025-05-01 21:00:00;0.0;26.2;24.280146;0.0;7.0;0.0;6.999999999999999
2025-05-01 22:00:00;0.0;5.929999999999999;4.0101463;-5.5561851e-12;7.0;-6.173539e-12;6.999999999999999
2025-05-01 23:00:00;4.2854944;0.1;-4.1108342e-12;0.0;15.99;0.0;15.99
2025-05-02 00:00:00;4.3854944;0.0;-2.4467659e-10;-1.0579649e-12;15.99;-1.1755165e-12;15.99
2025-05-02 01:00:00;4.3854944;0.0;-2.4435419e-10;-2.1159297e-12;15.99;-2.351033e-12;15.99
2025-05-02 02:00:00;5.6608258;0.0;-2.4403179e-10;0.0;20.64;0.0;20.64
2025-05-02 03:00:00;5.6608258;0.0;-2.4370939e-10;-1.0579649e-12;20.64;-1.1755165e-12;20.64
2025-05-02 04:00:00;5.6608258;0.0;-2.4338698e-10;-2.1159297e-12;20.64;-2.351033e-12;20.64
2025-05-02 05:00:00;10.471431;0.0;-2.4145257e-10;-1.0579556e-12;38.18;-1.1755062e-12;38.18
2025-05-02 06:00:00;10.471431;0.0;-2.4113016e-10;-2.1159205e-12;38.18;-2.3510227e-12;38.18
2025-05-02 07:00:00;10.469951;0.0;-1.7935597e-11;0.0;38.18;0.0;38.18
2025-05-02 08:00:00;0.77778038;1.75;0.0;0.0;9.22;0.0;9.22
2025-05-02 09:00:00;0.0;6.299999999999999;3.7729355;-1.720074e-12;9.22;-1.9111934e-12;9.22
2025-05-02 10:00:00;0.0;23.8;21.273731;0.0;9.22;0.0;9.22
2025-05-02 11:00:00;0.0;60.7;59.53558;0.0;4.25;0.0;4.25
2025-05-02 12:00:00;0.0;93.9;92.735566;0.0;4.25;0.0;4.25
2025-05-02 13:00:00;0.0;117.99999999999999;116.83529;-3.8354665e-12;4.25;-4.2616294e-12;4.25
2025-05-02 14:00:00;0.0;140.0;138.83505;-1.0585215e-12;4.25;-1.176135e-12;4.25
2025-05-02 15:00:00;0.0;105.0;103.835;-4.8931144e-12;4.25;-5.4367938e-12;4.25
2025-05-02 16:00:00;0.0;145.0;143.83495;-4.8925381e-12;4.25;-5.4361535e-12;4.25
2025-05-02 17:00:00;0.0;142.0;140.28631;-9.2573629e-12;6.25;-1.0285959e-11;6.25
2025-05-02 18:00:00;0.0;127.00000000000001;125.28584;0.0;6.25;0.0;6.25
2025-05-02 19:00:00;0.0;95.00000000000001;93.285845;0.0;6.25;0.0;6.25
2025-05-02 20:00:00;0.0;62.29999999999999;60.105881;0.0;8.0;0.0;8.0
2025-05-02 21:00:00;0.0;26.8;24.605881;0.0;8.0;0.0;8.0
2025-05-02 22:00:00;0.0;6.05;3.8558815;-6.0836528e-12;8.0;-6.7596142e-12;8.0
2025-05-02 23:00:00;2.6662807;0.4;-1.97511e-12;0.0;11.18;0.0;11.18
2025-05-03 00:00:00;3.0662807;0.0;-2.4080777e-10;-1.0579649e-12;11.18;-1.1755165e-12;11.18
2025-05-03 01:00:00;3.0662807;0.0;-2.4048537e-10;-2.1159297e-12;11.18;-2.351033e-12;11.18
2025-05-03 02:00:00;8.8505257;0.0;-2.4016296e-10;0.0;32.27;0.0;32.27
2025-05-03 03:00:00;8.8505257;0.0;-2.3984055e-10;-1.0579616e-12;32.27;-1.1755129e-12;32.27
2025-05-03 04:00:00;8.8505257;0.0;-2.3951816e-10;-2.1159264e-12;32.27;-2.3510294e-12;32.27
2025-05-03 05:00:00;16.285845;0.0;-2.3919575e-10;0.0;59.38;0.0;59.38000000000001
2025-05-03 06:00:00;16.285845;0.0;-2.3887334e-10;-7.0106985e-10;59.38;-7.789665e-10;59.38000000000001
2025-05-03 07:00:00;16.285845;0.0;-2.3855094e-10;-2.1159297e-12;59.38;-2.351033e-12;59.38000000000001
2025-05-03 08:00:00;11.272342;2.37;0.0;0.0;49.75;0.0;49.75
2025-05-03 09:00:00;4.2422294;9.4;0.0;-2.1081956e-12;49.75;-2.3424395e-12;49.75
2025-05-03 10:00:00;0.0;18.5;4.8591711;-4.3677204e-12;49.75;-4.8530227e-12;49.75
2025-05-03 11:00:00;0.0;25.6;16.763276;0.0;32.24;0.0;32.24
2025-05-03 12:00:00;0.0;34.4;25.56314;-1.061366e-12;32.24;-1.1792955e-12;32.24
2025-05-03 13:00:00;0.0;96.29999999999998;87.463598;-4.0350991e-13;32.24;-4.4834435e-13;32.24
2025-05-03 14:00:00;0.0;88.3;81.72082;0.0;24.0;0.0;24.0
2025-05-03 15:00:00;0.0;77.3;70.717644;-1.053164e-12;24.0;-1.1701822e-12;24.0
2025-05-03 16:00:00;0.0;65.8;59.217644;-1.5853464e-12;24.0;-1.7614961e-12;24.0
2025-05-03 17:00:00;0.94993143;11.2;-2.6617162e-12;0.0;44.3;0.0;44.3
2025-05-03 18:00:00;0.94993143;11.2;-2.3393134e-12;0.0;44.3;0.0;44.3
2025-05-03 19:00:00;0.0;12.2;0.050068566;0.0;44.3;0.0;44.3
2025-05-03 20:00:00;6.4240591;12.3;-3.2239102e-13;0.0;68.27;0.0;68.27
2025-05-03 21:00:00;12.824059;5.9;-6.4480565e-13;0.0;68.27;0.0;68.27
2025-05-03 22:00:00;16.744059;1.98;-1.8539318e-12;-1.142633e-12;68.27;-1.2695922e-12;68.27
2025-05-03 23:00:00;30.795299;0.15;0.0;0.0;112.83;0.0;112.83
2025-05-04 00:00:00;30.945299;0.0;-2.3822854e-10;-1.0579517e-12;112.83;-1.1755019e-12;112.83
2025-05-04 01:00:00;30.945299;0.0;0.0;-2.1159166e-12;112.83;-2.3510184e-12;112.83
2025-05-04 02:00:00;47.192747;0.0;0.0;0.0;172.07;0.0;172.07
2025-05-04 03:00:00;47.192747;0.0;0.0;-1.0579649e-12;172.07;-1.1755165e-12;172.07
2025-05-04 04:00:00;47.192747;0.0;0.0;-2.1159297e-12;172.07;-2.351033e-12;172.07
2025-05-04 05:00:00;57.581899;0.0;0.0;0.0;209.95;0.0;209.95
2025-05-04 06:00:00;57.581899;0.0;0.0;-1.0580175e-12;209.95;-1.175575e-12;209.95
2025-05-04 07:00:00;57.581899;0.0;0.0;-2.1159824e-12;209.95;-2.3510916e-12;209.95
2025-05-04 08:00:00;38.977068;2.27;0.0;0.0;150.43;0.0;150.43
2025-05-04 09:00:00;30.447173;10.8;0.0;-2.1058949e-12;150.43;-2.3398832e-12;150.43
2025-05-04 10:00:00;8.4444365;32.8;0.0;-1.0661615e-12;150.43;-1.1846239e-12;150.43
2025-05-04 11:00:00;0.0;56.6;24.375272;-1.5767008e-12;117.52;-1.7518897e-12;117.52
2025-05-04 12:00:00;0.0;33.4;1.1846062;0.0;117.52;0.0;117.52
2025-05-04 13:00:00;0.0;51.400000000000006;19.17677;-3.4523452e-12;117.52;-3.8359391e-12;117.52
2025-05-04 14:00:00;0.0;93.70000000000002;68.309252;-2.1227687e-12;92.62;-2.3586319e-12;92.62
2025-05-04 15:00:00;0.0;104.00000000000001;78.60921;0.0;92.62;0.0;92.62
2025-05-04 16:00:00;0.0;81.8;56.403562;-1.7254798e-12;92.62;-1.9171998e-12;92.62
2025-05-04 17:00:00;0.0;80.2;53.385129;0.0;97.77;0.0;97.77
2025-05-04 18:00:00;0.0;45.20000000000001;18.385129;0.0;97.77;0.0;97.77
2025-05-04 19:00:00;0.0;67.0;40.185129;-1.0579649e-12;97.77;-1.1755165e-12;97.77
2025-05-04 20:00:00;8.5479202;30.000000000000004;0.0;0.0;140.55;0.0;140.55
2025-05-04 21:00:00;23.74792;14.799999999999999;0.0;0.0;140.55;0.0;140.55
2025-05-04 22:00:00;33.74792;4.8;0.0;-1.0579715e-12;140.55;-1.1755238e-12;140.55
2025-05-04 23:00:00;49.524638;0.6;-2.8211403e-12;0.0;182.76;0.0;182.76
2025-05-05 00:00:00;50.124638;0.0;-2.3790614e-10;-1.0579649e-12;182.76;-1.1755165e-12;182.76
2025-05-05 01:00:00;50.124638;0.0;-2.3758373e-10;-2.1159297e-12;182.76;-2.351033e-12;182.76
2025-05-05 02:00:00;62.584489;0.0;-2.3726133e-10;0.0;228.19;0.0;228.19
2025-05-05 03:00:00;62.584489;0.0;-2.3693893e-10;-1.0579649e-12;228.19;-1.1755165e-12;228.19
2025-05-05 04:00:00;62.584489;0.0;-2.3661653e-10;-2.1159297e-12;228.19;-2.351033e-12;228.19
2025-05-05 05:00:00;86.486668;0.0;-5.2370299e-13;0.0;315.34;0.0;315.34
2025-05-05 06:00:00;86.486668;0.0;-5.2370299e-13;0.0;315.34;0.0;315.34
2025-05-05 07:00:00;86.486668;0.0;-3.62789e-11;0.0;315.34;0.0;315.34
2025-05-05 08:00:00;70.840866;1.87;0.0;-4.265605e-12;265.19;-4.7395611e-12;265.19
2025-05-05 09:00:00;61.092831;11.6;0.0;-5.3010693e-12;265.19;-5.8900769e-12;265.19
2025-05-05 10:00:00;39.894993;32.8;0.0;0.0;265.19;0.0;265.19
2025-05-05 11:00:00;0.0;71.6;21.277396;-2.1027877e-12;183.55;-2.3364308e-12;183.55
2025-05-05 12:00:00;0.0;101.99999999999999;51.674394;-1.0289039e-12;183.55;-1.1432265e-12;183.55
2025-05-05 13:00:00;0.0;69.0;18.67202;0.0;183.55;0.0;183.55
2025-05-05 14:00:00;0.0;89.29999999999998;54.8341;0.0;125.7;0.0;125.7
2025-05-05 15:00:00;0.0;89.5;55.030342;-2.1092242e-12;125.7;-2.3435824e-12;125.7
2025-05-05 16:00:00;0.0;88.9;54.424912;-5.187361e-13;125.7;-5.7637344e-13;125.7
2025-05-05 17:00:00;0.0;88.7;65.669983;0.0;83.97;0.0;83.97
2025-05-05 18:00:00;0.0;124.99999999999999;101.96998;0.0;83.97;0.0;83.97
2025-05-05 19:00:00;0.0;73.4;50.369983;0.0;83.97;0.0;83.97
2025-05-05 20:00:00;10.919351;20.1;-3.2240282e-13;0.0;113.1;0.0;113.09999999999998
2025-05-05 21:00:00;11.019351;20.0;-1.5313058e-12;0.0;113.1;0.0;113.09999999999998
2025-05-05 22:00:00;25.019351;6.0;0.0;0.0;113.1;0.0;113.09999999999998
2025-05-05 23:00:00;43.923099;0.9;-4.8415377e-13;0.0;163.43;0.0;163.43
2025-05-06 00:00:00;44.823099;0.0;-2.3629412e-10;-1.0568326e-12;163.43;-1.1742585e-12;163.43
2025-05-06 01:00:00;44.823099;0.0;-2.3597172e-10;-2.1147975e-12;163.43;-2.349775e-12;163.43
2025-05-06 02:00:00;61.235106;0.0;-2.3564932e-10;0.0;223.27;0.0;223.27
2025-05-06 03:00:00;61.235106;0.0;-2.3532691e-10;-1.0579649e-12;223.27;-1.1755165e-12;223.27
2025-05-06 04:00:00;61.235106;0.0;-2.3500451e-10;-2.1159297e-12;223.27;-2.351033e-12;223.27
2025-05-06 05:00:00;88.878257;0.0;-5.2370299e-13;0.0;324.06;0.0;324.06
2025-05-06 06:00:00;88.878257;0.0;-5.2370299e-13;0.0;324.06;0.0;324.06
2025-05-06 07:00:00;88.878257;0.0;-2.3218331e-10;0.0;324.06;0.0;324.06
2025-05-06 08:00:00;68.880122;2.13;0.0;0.0;258.98;0.0;258.98
2025-05-06 09:00:00;63.395867;7.6;0.0;-1.0422015e-12;258.98;-1.1580016e-12;258.98
2025-05-06 10:00:00;43.293725;27.7;0.0;-2.0854827e-12;258.98;-2.317203e-12;258.98
2025-05-06 11:00:00;0.0;70.1;30.325084;-1.0119587e-12;145.12;-1.1243985e-12;145.12
2025-05-06 12:00:00;0.0;108.0;68.224764;0.0;145.12;0.0;145.12
2025-05-06 13:00:00;0.0;113.0;73.216399;-2.0780752e-12;145.12;-2.3089725e-12;145.12
2025-05-06 14:00:00;0.0;130.0;106.627;0.0;85.26;0.0;85.26
2025-05-06 15:00:00;0.0;115.0;91.627942;-1.0647142e-12;85.26;-1.1830158e-12;85.26
2025-05-06 16:00:00;0.0;138.0;114.62001;-2.1109492e-12;85.26;-2.3454991e-12;85.26
2025-05-06 17:00:00;0.0;137.0;117.97151;0.0;69.38;0.0;69.38
2025-05-06 18:00:00;0.0;137.0;117.97151;0.0;69.38;0.0;69.38
2025-05-06 19:00:00;0.0;92.1;73.071507;0.0;69.38;0.0;69.38
2025-05-06 20:00:00;0.0;58.9;32.422474;0.0;96.54;0.0;96.54
2025-05-06 21:00:00;10.377526;16.1;0.0;0.0;96.54;0.0;96.54
2025-05-06 22:00:00;22.257526;4.22;0.0;0.0;96.54;0.0;96.54
2025-05-06 23:00:00;40.0817;0.6;-9.6720847e-13;0.0;148.33;0.0;148.33
2025-05-07 00:00:00;40.6817;0.0;-2.333925e-10;-7.5184493e-10;148.33;-8.3538325e-10;148.33
2025-05-07 01:00:00;40.6817;0.0;-2.3307009e-10;-2.1159297e-12;148.33;-2.351033e-12;148.33
2025-05-07 02:00:00;54.334603;0.0;-2.3274769e-10;0.0;198.11;0.0;198.11
2025-05-07 03:00:00;54.334603;0.0;-2.3242528e-10;-1.0579649e-12;198.11;-1.1755165e-12;198.11
2025-05-07 04:00:00;54.334603;0.0;-2.2638005e-10;0.0;198.11;0.0;198.11
2025-05-07 05:00:00;68.86241;0.0;-5.2370299e-13;0.0;251.08;0.0;251.08
2025-05-07 06:00:00;68.86241;0.0;-5.2370299e-13;0.0;251.08;0.0;251.08
2025-05-07 07:00:00;68.86241;0.0;-5.2370299e-13;0.0;251.08;0.0;251.08
2025-05-07 08:00:00;66.276153;3.17;0.0;0.0;253.23;0.0;253.22999999999996
2025-05-07 09:00:00;56.940385;12.5;0.0;-2.1598044e-12;253.23;-2.3997827e-12;253.22999999999996
2025-05-07 10:00:00;35.426789;34.0;0.0;-1.0588188e-12;253.23;-1.1764653e-12;253.22999999999996
2025-05-07 11:00:00;0.0;51.5;11.397088;-1.0478729e-12;146.27;-1.1643033e-12;146.27
2025-05-07 12:00:00;0.0;103.0;62.89311;-2.0981946e-12;146.27;-2.3313273e-12;146.27
2025-05-07 13:00:00;0.0;115.0;74.893122;0.0;146.27;0.0;146.27
2025-05-07 14:00:00;0.0;122.0;104.90803;0.0;62.34;0.0;62.34000000000001
2025-05-07 15:00:00;0.0;158.0;140.90358;-1.056745e-12;62.34;-1.1741611e-12;62.34000000000001
2025-05-07 16:00:00;0.0;129.0;111.90288;-3.1724986e-12;62.34;-3.5249984e-12;62.34000000000001
2025-05-07 17:00:00;0.0;101.99999999999999;90.831937;0.0;40.72;0.0;40.72
2025-05-07 18:00:00;0.0;99.4;88.231937;0.0;40.72;0.0;40.72
2025-05-07 19:00:00;0.0;78.9;67.731937;0.0;40.72;0.0;40.72
2025-05-07 20:00:00;0.0;70.9;51.567073;0.0;70.49;0.0;70.49
2025-05-07 21:00:00;0.0;30.4;11.067073;0.0;70.49;0.0;70.49
2025-05-07 22:00:00;10.902927;8.43;0.0;0.0;70.49;0.0;70.49
2025-05-07 23:00:00;28.086409;0.3;-4.1107516e-12;0.0;103.5;0.0;103.5
2025-05-08 00:00:00;28.386409;0.0;-2.3210288e-10;-1.0579649e-12;103.5;-1.1755165e-12;103.5
2025-05-08 01:00:00;28.386409;0.0;-2.3016846e-10;-2.1159297e-12;103.5;-2.351033e-12;103.5
2025-05-08 02:00:00;36.987353;0.0;-2.2984607e-10;0.0;134.86;0.0;134.86
2025-05-08 03:00:00;36.987353;0.0;-2.2952366e-10;-1.0579649e-12;134.86;-1.1755165e-12;134.86
2025-05-08 04:00:00;36.987353;0.0;-2.2867756e-10;0.0;134.86;0.0;134.86
2025-05-08 05:00:00;56.032302;0.0;-5.2370299e-13;0.0;204.3;0.0;204.3
2025-05-08 06:00:00;56.032302;0.0;-5.2370299e-13;0.0;204.3;0.0;204.3
2025-05-08 07:00:00;56.022649;0.0;-5.2365787e-13;0.0;204.3;0.0;204.3
2025-05-08 08:00:00;46.468201;1.7300000000000002;0.0;-2.0840947e-12;175.82;-2.3156607e-12;175.82
2025-05-08 09:00:00;41.156177;7.029999999999999;0.0;0.0;175.82;0.0;175.82
2025-05-08 10:00:00;23.079744;25.1;0.0;-1.0306766e-12;175.82;-1.1451962e-12;175.82
2025-05-08 11:00:00;0.0;67.6;45.396596;0.0;81.03;0.0;81.03
2025-05-08 12:00:00;0.0;97.7;75.496835;-1.0606134e-12;81.03;-1.1784593e-12;81.03
2025-05-08 13:00:00;0.0;117.0;94.794542;-2.1296542e-12;81.03;-2.3662824e-12;81.03
2025-05-08 14:00:00;0.0;137.0;122.59868;0.0;52.54;0.0;52.54
2025-05-08 15:00:00;0.0;157.0;142.59497;-5.0229999e-12;52.54;-5.5811109e-12;52.54
2025-05-08 16:00:00;0.0;168.0;153.59156;-6.0771155e-12;52.54;-6.7523505e-12;52.54
2025-05-08 17:00:00;0.0;156.0;143.44964;0.0;45.76;0.0;45.76
2025-05-08 18:00:00;0.0;99.10000000000001;86.549642;0.0;45.76;0.0;45.76
2025-05-08 19:00:00;0.0;75.6;63.049642;0.0;45.76;0.0;45.76
2025-05-08 20:00:00;0.0;46.0;21.00899;0.0;91.12;0.0;91.12
2025-05-08 21:00:00;0.0;30.100000000000005;5.1089898;0.0;91.12;0.0;91.12
2025-05-08 22:00:00;16.74101;8.25;0.0;0.0;91.12;0.0;91.12
2025-05-08 23:00:00;38.488435;0.8;-2.1762989e-12;0.0;143.25;0.0;143.25
2025-05-09 00:00:00;39.288435;0.0;-2.2887885e-10;-1.0579649e-12;143.25;-1.1755165e-12;143.25
2025-05-09 01:00:00;39.288435;0.0;-2.2891953e-10;-2.1159297e-12;143.25;-2.351033e-12;143.25
2025-05-09 02:00:00;55.683986;0.0;-2.2726684e-10;0.0;203.03;0.0;203.03
2025-05-09 03:00:00;55.683986;0.0;-2.2662201e-10;-1.0579649e-12;203.03;-1.1755165e-12;203.03
2025-05-09 04:00:00;55.683986;0.0;-5.2370299e-13;0.0;203.03;0.0;203.03
2025-05-09 05:00:00;70.113058;0.0;-5.2370299e-13;0.0;255.64;0.0;255.64000000000001
2025-05-09 06:00:00;70.113058;0.0;-5.2370299e-13;0.0;255.64;0.0;255.64000000000001
2025-05-09 07:00:00;70.101202;0.0;-2.2125687e-11;0.0;255.64;0.0;255.64000000000001
2025-05-09 08:00:00;50.266391;2.37;0.0;-1.0703871e-12;192.01;-1.1893189e-12;192.01
2025-05-09 09:00:00;45.672119;6.95;0.0;0.0;192.01;0.0;192.01
2025-05-09 10:00:00;25.5135;27.1;0.0;-2.1057703e-12;192.01;-2.3397448e-12;192.01
2025-05-09 11:00:00;0.0;69.3;53.480994;0.0;57.73;0.0;57.73
2025-05-09 12:00:00;0.0;108.0;92.18174;-3.8426932e-12;57.73;-4.2696591e-12;57.73
2025-05-09 13:00:00;0.0;134.0;118.17862;0.0;57.73;0.0;57.73
2025-05-09 14:00:00;0.0;151.0;144.61571;-2.1170183e-12;23.29;-2.3522425e-12;23.29
2025-05-09 15:00:00;0.0;161.0;154.61467;0.0;23.29;0.0;23.29
2025-05-09 16:00:00;0.0;158.0;151.61305;-1.0546158e-12;23.29;-1.1717953e-12;23.29
2025-05-09 17:00:00;0.0;154.0;148.63264;0.0;19.57;0.0;19.57
2025-05-09 18:00:00;0.0;123.0;117.63264;0.0;19.57;0.0;19.57
2025-05-09 19:00:00;0.0;93.3;87.932638;0.0;19.57;0.0;19.57
2025-05-09 20:00:00;0.0;66.4;52.993936;0.0;48.88;0.0;48.88
2025-05-09 21:00:00;0.0;32.9;19.493936;0.0;48.88;0.0;48.88
2025-05-09 22:00:00;4.2060643;9.2;-6.4427325e-13;0.0;48.88;0.0;48.88
2025-05-09 23:00:00;29.97863;0.75;0.0;0.0;112.04;0.0;112.03999999999999
2025-05-10 00:00:00;30.72863;0.0;-1.9135025e-10;0.0;112.04;0.0;112.03999999999999
2025-05-10 01:00:00;30.72863;0.0;-2.2662205e-10;0.0;112.04;0.0;112.03999999999999
2025-05-10 02:00:00;42.138047;0.0;-2.2629963e-10;0.0;153.64;0.0;153.64
2025-05-10 03:00:00;42.138047;0.0;-2.256548e-10;-1.0579649e-12;153.64;-1.1755165e-12;153.64
2025-05-10 04:00:00;42.138047;0.0;-2.253324e-10;-2.1159297e-12;153.64;-2.351033e-12;153.64
2025-05-10 05:00:00;50.171263;0.0;-2.2533244e-10;0.0;182.93;0.0;182.93
2025-05-10 06:00:00;50.171263;0.0;-2.2501002e-10;-1.0579912e-12;182.93;-1.1755458e-12;182.93
2025-05-10 07:00:00;50.161364;0.0;-2.5348528e-11;-2.1041597e-12;182.93;-2.3379552e-12;182.93
2025-05-10 08:00:00;24.076567;2.13;0.0;0.0;95.6;0.0;95.6
2025-05-10 09:00:00;19.86947;6.33;0.0;-1.0681951e-12;95.6;-1.1868834e-12;95.6
2025-05-10 10:00:00;0.0;26.600000000000005;0.40598911;-7.1465258e-12;95.6;-7.9405842e-12;95.6
2025-05-10 11:00:00;0.0;68.8;61.600345;0.0;26.28;0.0;26.28
2025-05-10 12:00:00;0.0;105.0;97.800696;0.0;26.28;0.0;26.28
2025-05-10 13:00:00;0.0;130.0;122.80041;-1.0600046e-12;26.28;-1.1777829e-12;26.28
2025-05-10 14:00:00;0.0;149.0;147.21907;0.0;6.5;0.0;6.5
2025-05-10 15:00:00;0.0;157.0;155.21872;0.0;6.5;0.0;6.5
2025-05-10 16:00:00;0.0;158.0;156.21827;-1.0580717e-12;6.5;-1.1756352e-12;6.5
2025-05-10 17:00:00;0.0;148.0;146.33018;0.0;6.09;0.0;6.09
2025-05-10 18:00:00;0.0;131.0;129.32973;0.0;6.09;0.0;6.09
2025-05-10 19:00:00;0.0;105.0;103.32973;0.0;6.09;0.0;6.09
2025-05-10 20:00:00;0.0;70.5;64.636218;0.0;21.38;0.0;21.38
2025-05-10 21:00:00;0.0;33.5;27.636218;0.0;21.38;0.0;21.38
2025-05-10 22:00:00;0.0;7.2;1.3362182;-1.0579649e-12;21.38;-1.1755165e-12;21.38
2025-05-10 23:00:00;21.477899;0.85;-1.7179545e-28;0.0;81.41;0.0;81.41
2025-05-11 00:00:00;22.327899;0.0;-2.2468762e-10;-1.0579649e-12;81.41;-1.1755165e-12;81.41
2025-05-11 01:00:00;22.327899;0.0;-2.2436521e-10;-2.1159297e-12;81.41;-2.351033e-12;81.41
2025-05-11 02:00:00;32.651227;0.0;-2.2404281e-10;0.0;119.05;0.0;119.05
2025-05-11 03:00:00;32.651227;0.0;-2.23398e-10;-1.0579649e-12;119.05;-1.1755165e-12;119.05
2025-05-11 04:00:00;32.651227;0.0;-2.230756e-10;-2.1159297e-12;119.05;-2.351033e-12;119.05
2025-05-11 05:00:00;39.154045;0.0;-2.2275321e-10;0.0;142.76;0.0;142.76
2025-05-11 06:00:00;39.154045;0.0;-2.2243081e-10;0.0;142.76;0.0;142.76
2025-05-11 07:00:00;39.145047;0.0;0.0;-1.0504078e-12;142.76;-1.1671198e-12;142.76
2025-05-11 08:00:00;17.128013;2.37;0.0;-1.0572287e-12;71.13;-1.1746986e-12;71.13
2025-05-11 09:00:00;12.962759;6.53;0.0;0.0;71.13;0.0;71.13
2025-05-11 10:00:00;0.0;26.600000000000005;7.1113499;0.0;71.13;0.0;71.13
2025-05-11 11:00:00;0.0;68.7;65.902974;0.0;10.21;0.0;10.21
2025-05-11 12:00:00;0.0;106.0;103.20311;-1.0591702e-12;10.21;-1.1768558e-12;10.21
2025-05-11 13:00:00;0.0;132.0;129.20301;-2.1172937e-12;10.21;-2.3525485e-12;10.21
2025-05-11 14:00:00;0.0;149.0;147.58353;-4.3658019e-12;5.17;-4.8508911e-12;5.17
2025-05-11 15:00:00;0.0;157.0;155.58325;0.0;5.17;0.0;5.17
2025-05-11 16:00:00;0.0;158.0;156.58288;-2.1160923e-12;5.17;-2.3512137e-12;5.17
2025-05-11 17:00:00;0.0;149.0;147.62909;-8.2004359e-12;5.0;-9.1115954e-12;5.0
2025-05-11 18:00:00;0.0;130.0;128.62868;0.0;5.0;0.0;5.0
2025-05-11 19:00:00;0.0;104.00000000000001;102.62868;0.0;5.0;0.0;5.0
2025-05-11 20:00:00;0.0;69.9;68.174874;0.0;6.29;0.0;6.29
2025-05-11 21:00:00;0.0;32.8;31.074874;-6.0836462e-12;6.29;-6.7596069e-12;6.29
2025-05-11 22:00:00;0.0;7.32;5.5948743;-7.141611e-12;6.29;-7.9351234e-12;6.29
2025-05-11 23:00:00;4.7279141;0.9;-3.2240282e-13;0.0;20.52;0.0;20.52
2025-05-12 00:00:00;5.6279141;0.0;-2.221084e-10;-1.0579649e-12;20.52;-1.1755165e-12;20.52
2025-05-12 01:00:00;5.6279141;0.0;-2.21786e-10;-2.1159297e-12;20.52;-2.351033e-12;20.52
2025-05-12 02:00:00;11.776931;0.0;-2.214636e-10;0.0;42.94;0.0;42.94
2025-05-12 03:00:00;11.776931;0.0;-2.211412e-10;-1.0579649e-12;42.94;-1.1755165e-12;42.94
2025-05-12 04:00:00;11.776931;0.0;-2.1985157e-10;-2.1159297e-12;42.94;-2.351033e-12;42.94
2025-05-12 05:00:00;26.159378;0.0;-5.2370299e-13;0.0;95.38;0.0;95.38
2025-05-12 06:00:00;26.159378;0.0;-5.2370299e-13;0.0;95.38;0.0;95.38
2025-05-12 07:00:00;26.153269;0.0;-2.6717379e-11;0.0;95.38;0.0;95.38
2025-05-12 08:00:00;13.274588;1.78;0.0;-1.0534889e-12;54.92;-1.1705432e-12;54.92
2025-05-12 09:00:00;8.5705974;6.48;0.0;0.0;54.92;0.0;54.92
2025-05-12 10:00:00;0.0;26.600000000000005;11.552524;-5.4200197e-12;54.92;-6.0222441e-12;54.92
2025-05-12 11:00:00;0.0;68.0;66.526139;-2.1155751e-12;5.38;-2.350639e-12;5.38
2025-05-12 12:00:00;0.0;104.00000000000001;102.52616;0.0;5.38;0.0;5.38
2025-05-12 13:00:00;0.0;128.0;126.52603;-1.0578904e-12;5.38;-1.1754338e-12;5.38
2025-05-12 14:00:00;0.0;146.0;144.56146;-4.8924982e-12;5.25;-5.4361091e-12;5.25
2025-05-12 15:00:00;0.0;154.0;152.56112;0.0;5.25;0.0;5.25
2025-05-12 16:00:00;0.0;153.0;151.56064;-2.7751256e-12;5.25;-3.0834729e-12;5.25
2025-05-12 17:00:00;0.0;146.0;144.62906;-5.2907424e-12;5.0;-5.8786027e-12;5.0
2025-05-12 18:00:00;0.0;130.0;128.62869;0.0;5.0;0.0;5.0
2025-05-12 19:00:00;0.0;103.0;101.62868;0.0;5.0;0.0;5.0
2025-05-12 20:00:00;0.0;68.7;65.430763;0.0;11.92;0.0;11.92
2025-05-12 21:00:00;0.0;31.7;28.430763;0.0;11.92;0.0;11.92
2025-05-12 22:00:00;0.0;7.25;3.9807634;-2.1166918e-12;11.92;-2.3518798e-12;11.92
2025-05-12 23:00:00;6.2036721;1.1;0.0;0.0;26.63;0.0;26.63
2025-05-13 00:00:00;7.3036721;0.0;-2.1952917e-10;-1.0579649e-12;26.63;-1.1755165e-12;26.63
2025-05-13 01:00:00;7.3036721;0.0;-2.1920678e-10;-2.1159297e-12;26.63;-2.351033e-12;26.63
2025-05-13 02:00:00;14.088984;0.0;-2.1791716e-10;0.0;51.37;0.0;51.37
2025-05-13 03:00:00;14.088984;0.0;-2.1759476e-10;-1.0579649e-12;51.37;-1.1755165e-12;51.37
2025-05-13 04:00:00;14.088984;0.0;-2.1574076e-10;0.0;51.37;0.0;51.37
2025-05-13 05:00:00;6.5850983;0.0;-5.2370299e-13;0.0;24.01;0.0;24.01
2025-05-13 06:00:00;6.5850983;0.0;-5.2370299e-13;0.0;24.01;0.0;24.01
2025-05-13 07:00:00;6.5836031;0.0;-2.7604131e-11;0.0;24.01;0.0;24.01
2025-05-13 08:00:00;0.0;2.25;1.3070303;0.0;3.44;0.0;3.4399999999999995
2025-05-13 09:00:00;0.0;7.13;6.1872867;0.0;3.44;8.5148918e-28;3.4399999999999995
2025-05-13 10:00:00;0.0;27.5;26.557487;-6.084809e-12;3.44;-6.7608989e-12;3.4399999999999995
2025-05-13 11:00:00;0.0;69.3;69.206858;-2.0763953e-11;0.34;-2.3071059e-11;0.34
2025-05-13 12:00:00;0.0;106.0;105.90686;-1.0579897e-12;0.34;-1.1755441e-12;0.34
2025-05-13 13:00:00;0.0;131.0;130.90686;0.0;0.34;0.0;0.34
2025-05-13 14:00:00;0.0;149.0;148.95342;-1.2432754e-11;0.17;-1.3814171e-11;0.17
2025-05-13 15:00:00;0.0;156.0;155.95341;-1.6928672e-11;0.17;-1.8809635e-11;0.17
2025-05-13 16:00:00;0.0;155.0;154.9534;0.0;0.17;0.0;0.17
2025-05-13 17:00:00;0.0;147.0;146.74775;0.0;0.92;0.0;0.9199999999999999
2025-05-13 18:00:00;0.0;130.0;129.74768;0.0;0.92;0.0;0.9199999999999999
2025-05-13 19:00:00;0.0;104.00000000000001;103.74768;0.0;0.92;0.0;0.9199999999999999
2025-05-13 20:00:00;0.0;70.0;69.396617;0.0;2.2;0.0;2.2
2025-05-13 21:00:00;0.0;34.3;33.696617;-1.3211794e-12;2.2;-1.4679771e-12;2.2
2025-05-13 22:00:00;0.0;8.07;7.4666174;-3.4371318e-12;2.2;-3.8190353e-12;2.2
2025-05-13 23:00:00;0.93715526;1.15;-3.2240282e-13;0.0;7.61;0.0;7.609999999999999
2025-05-14 00:00:00;2.0871553;0.0;-2.1694995e-10;0.0;7.61;0.0;7.609999999999999
2025-05-14 01:00:00;2.0871553;0.0;-2.1566034e-10;-1.0579649e-12;7.61;-1.1755165e-12;7.609999999999999
2025-05-14 02:00:00;2.9181777;0.0;-2.1533794e-10;0.0;10.64;0.0;10.64
2025-05-14 03:00:00;2.9181777;0.0;-2.1501555e-10;-1.0579649e-12;10.64;-1.1755165e-12;10.64
2025-05-14 04:00:00;2.9181777;0.0;-2.1316154e-10;0.0;10.64;0.0;10.64
2025-05-14 05:00:00;2.3038245;0.0;-5.2370299e-13;0.0;8.4;0.0;8.4
2025-05-14 06:00:00;2.3038245;0.0;-5.2370299e-13;0.0;8.4;0.0;8.4
2025-05-14 07:00:00;2.3032537;0.0;-2.8892896e-11;0.0;8.4;0.0;8.4
2025-05-14 08:00:00;0.0;2.23;1.8709074;0.0;1.31;0.0;1.31
2025-05-14 09:00:00;0.0;8.1;7.7409939;-9.2583164e-12;1.31;-1.0287018e-11;1.31
2025-05-14 10:00:00;0.0;27.8;27.441051;-7.142392e-12;1.31;-7.9359912e-12;1.31
2025-05-14 11:00:00;0.0;67.5;67.49452;-8.2000765e-12;0.02;-9.1111962e-12;0.02
2025-05-14 12:00:00;0.0;104.00000000000001;103.99452;-2.407108e-11;0.02;-2.6745645e-11;0.02
2025-05-14 13:00:00;0.0;114.0;113.99452;-2.7245183e-11;0.02;-3.0272425e-11;0.02
2025-05-14 14:00:00;0.0;131.0;130.90957;-5.0262669e-12;0.33;-5.584741e-12;0.33
2025-05-14 15:00:00;0.0;134.0;133.90956;-1.1771387e-11;0.33;-1.3079319e-11;0.33
2025-05-14 16:00:00;0.0;153.0;152.90954;-1.2432444e-11;0.33;-1.3813827e-11;0.33
2025-05-14 17:00:00;0.0;148.0;147.93145;-1.2432601e-11;0.25;-1.3814001e-11;0.25
2025-05-14 18:00:00;0.0;130.0;129.93143;0.0;0.25;0.0;0.25
2025-05-14 19:00:00;0.0;104.00000000000001;103.93143;0.0;0.25;0.0;0.25
2025-05-14 20:00:00;0.0;71.1;70.663919;0.0;1.59;0.0;1.59
2025-05-14 21:00:00;0.0;35.4;34.963919;0.0;1.59;0.0;1.59
2025-05-14 22:00:00;0.0;8.75;8.3139189;-1.0579649e-12;1.59;-1.1755165e-12;1.59
2025-05-14 23:00:00;1.5346336;1.4;-6.4480565e-13;0.0;10.7;0.0;10.7
2025-05-15 00:00:00;2.9346336;0.0;-2.1437074e-10;0.0;10.7;0.0;10.7
2025-05-15 01:00:00;2.9346336;0.0;-2.1404833e-10;-6.0056915e-10;10.7;-6.6729906e-10;10.7
2025-05-15 02:00:00;2.7783026;0.0;-2.1372593e-10;0.0;10.13;0.0;10.13
2025-05-15 03:00:00;2.7783026;0.0;-2.1340352e-10;0.0;10.13;0.0;10.13
2025-05-15 04:00:00;2.7783026;0.0;-2.1308113e-10;-1.0579649e-12;10.13;-1.1755165e-12;10.13
2025-05-15 05:00:00;2.3861039;0.0;-5.2370299e-13;0.0;8.7;0.0;8.7
2025-05-15 06:00:00;2.3861039;0.0;-5.2370299e-13;0.0;8.7;0.0;8.7
2025-05-15 07:00:00;2.3861039;0.0;-2.1243627e-10;0.0;8.7;0.0;8.7
2025-05-15 08:00:00;0.28491224;0.867;-3.2240135e-13;0.0;4.2;0.0;4.2
2025-05-15 09:00:00;0.0;3.58;2.4282405;0.0;4.2;0.0;4.2
2025-05-15 10:00:00;0.0;10.1;8.9487084;0.0;4.2;0.0;4.2
2025-05-15 11:00:00;0.0;39.3;39.206847;0.0;0.34;-2.128723e-28;0.34
2025-05-15 12:00:00;0.0;83.7;83.606852;-1.0580403e-11;0.34;-1.1756003e-11;0.34
2025-05-15 13:00:00;0.0;123.0;122.90684;-3.1742098e-12;0.34;-3.5268997e-12;0.34
2025-05-15 14:00:00;0.0;148.0;147.90409;0.0;0.35;0.0;0.35
2025-05-15 15:00:00;0.0;120.00000000000001;119.90408;0.0;0.35;0.0;0.35
2025-05-15 16:00:00;0.0;110.0;109.90406;-1.0579302e-12;0.35;-1.175478e-12;0.35
2025-05-15 17:00:00;0.0;111.00000000000001;110.8492;-1.3489583e-11;0.55;-1.4988426e-11;0.55
2025-05-15 18:00:00;0.0;129.0;128.84915;0.0;0.55;0.0;0.55
2025-05-15 19:00:00;0.0;108.99999999999999;108.84915;0.0;0.55;0.0;0.55
2025-05-15 20:00:00;0.0;74.3;72.706521;0.0;5.81;0.0;5.81
2025-05-15 21:00:00;0.0;36.7;35.106521;0.0;5.81;0.0;5.81
2025-05-15 22:00:00;0.0;8.68;7.0865214;-1.0579649e-12;5.81;-1.1755165e-12;5.81
2025-05-15 23:00:00;1.2645894;1.5;-2.4987375e-12;0.0;10.08;0.0;10.08
2025-05-16 00:00:00;2.7645894;0.0;-2.1243631e-10;0.0;10.08;0.0;10.08
2025-05-16 01:00:00;2.7645894;0.0;-2.1211392e-10;-1.0579682e-12;10.08;-1.1755202e-12;10.08
2025-05-16 02:00:00;2.9264056;0.0;-2.1179151e-10;0.0;10.67;0.0;10.67
2025-05-16 03:00:00;2.9264056;0.0;-2.114691e-10;-1.0579649e-12;10.67;-1.1755165e-12;10.67
2025-05-16 04:00:00;2.9264056;0.0;-2.1114671e-10;-2.1159297e-12;10.67;-2.351033e-12;10.67
2025-05-16 05:00:00;2.7837879;0.0;-5.2370299e-13;0.0;10.15;0.0;10.15
2025-05-16 06:00:00;2.7837879;0.0;-5.2370299e-13;0.0;10.15;0.0;10.15
2025-05-16 07:00:00;2.7832832;0.0;-2.3495256e-11;0.0;10.15;0.0;10.15
2025-05-16 08:00:00;0.0;2.55;1.9989826;0.0;2.01;0.0;2.01
2025-05-16 09:00:00;0.0;8.15;7.599132;0.0;2.01;0.0;2.01
2025-05-16 10:00:00;0.0;29.1;28.549255;-6.0841053e-12;2.01;-6.7601169e-12;2.01
2025-05-16 11:00:00;0.0;69.6;69.558905;-4.893588e-12;0.15;-5.43732e-12;0.15
2025-05-16 12:00:00;0.0;104.00000000000001;103.95891;0.0;0.15;0.0;0.15
2025-05-16 13:00:00;0.0;134.0;133.95891;-5.9516843e-12;0.15;-6.6129825e-12;0.15
2025-05-16 14:00:00;0.0;155.0;154.94794;-7.1424008e-12;0.19;-7.9360008e-12;0.19
2025-05-16 15:00:00;0.0;163.0;162.94793;-1.0579479e-12;0.19;-1.1754977e-12;0.19
2025-05-16 16:00:00;0.0;161.0;160.94792;-1.1374446e-11;0.19;-1.2638273e-11;0.19
2025-05-16 17:00:00;0.0;152.0;151.92596;-6.0840336e-12;0.27;-6.7600374e-12;0.27
2025-05-16 18:00:00;0.0;134.0;133.92595;-3.1740369e-12;0.27;-3.5267076e-12;0.27
2025-05-16 19:00:00;0.0;106.0;105.92595;0.0;0.27;0.0;0.27
2025-05-16 20:00:00;0.0;73.5;71.475926;0.0;7.38;0.0;7.380000000000001
2025-05-16 21:00:00;0.0;37.9;35.875926;0.0;7.38;0.0;7.380000000000001
2025-05-16 22:00:00;0.0;11.300000000000002;9.2759256;0.0;7.38;0.0;7.380000000000001
2025-05-16 23:00:00;1.5865306;1.2;-3.2240282e-13;0.0;10.16;0.0;10.16
2025-05-17 00:00:00;2.7865305;0.0;-2.1082431e-10;-1.0579649e-12;10.16;-1.1755165e-12;10.16
2025-05-17 01:00:00;2.7865305;0.0;-2.1050191e-10;-2.1159297e-12;10.16;-2.351033e-12;10.16
2025-05-17 02:00:00;2.0871553;0.0;-2.101795e-10;-2.1159297e-12;7.61;-2.351033e-12;7.609999999999999
2025-05-17 03:00:00;2.0871553;0.0;-2.098571e-10;-3.1738946e-12;7.61;-3.5265496e-12;7.609999999999999
2025-05-17 04:00:00;2.0871553;0.0;-2.0953469e-10;-4.2318595e-12;7.61;-4.7020661e-12;7.609999999999999
2025-05-17 05:00:00;2.1118391;0.0;-2.0921228e-10;0.0;7.7;0.0;7.699999999999999
2025-05-17 06:00:00;2.1118391;0.0;-2.0888989e-10;-1.0579649e-12;7.7;-1.1755165e-12;7.699999999999999
2025-05-17 07:00:00;2.1118391;0.0;-2.0856749e-10;-2.1159297e-12;7.7;-2.351033e-12;7.699999999999999
2025-05-17 08:00:00;0.0;3.2;2.7914216;-1.7182095e-12;1.49;-1.9091217e-12;1.49
2025-05-17 09:00:00;0.0;10.8;10.39147;0.0;1.49;0.0;1.49
2025-05-17 10:00:00;0.0;31.8;31.391503;0.0;1.49;0.0;1.49
2025-05-17 11:00:00;0.0;65.2;64.953305;0.0;0.9;0.0;0.8999999999999999
2025-05-17 12:00:00;0.0;88.00000000000001;87.753341;-2.1158956e-12;0.9;-2.3509952e-12;0.8999999999999999
2025-05-17 13:00:00;0.0;91.69999999999999;91.453288;-4.2321933e-12;0.9;-4.702437e-12;0.8999999999999999
2025-05-17 14:00:00;0.0;104.00000000000001;103.79439;-7.0095495e-12;0.75;-7.7883883e-12;0.75
2025-05-17 15:00:00;0.0;117.99999999999999;117.79435;0.0;0.75;0.0;0.75
2025-05-17 16:00:00;0.0;133.0;132.79432;0.0;0.75;0.0;0.75
2025-05-17 17:00:00;0.0;96.6;96.517721;0.0;0.3;0.0;0.3
2025-05-17 18:00:00;0.0;96.4;96.317721;-5.2697215e-13;0.3;-5.8552461e-13;0.3
2025-05-17 19:00:00;0.0;62.1;62.017721;0.0;0.3;0.0;0.3
2025-05-17 20:00:00;0.0;69.2;68.078257;0.0;4.09;0.0;4.09
2025-05-17 21:00:00;0.0;37.6;36.478257;0.0;4.09;0.0;4.09
2025-05-17 22:00:00;0.0;9.45;8.3282569;0.0;4.09;0.0;4.09
2025-05-17 23:00:00;1.4753908;1.27;0.0;0.0;10.01;0.0;10.01
2025-05-18 00:00:00;2.7453908;0.0;-2.0792263e-10;0.0;10.01;0.0;10.01
2025-05-18 01:00:00;2.7453908;0.0;-2.0792268e-10;0.0;10.01;0.0;10.01
2025-05-18 02:00:00;2.7563614;0.0;-2.0760027e-10;0.0;10.05;0.0;10.05
2025-05-18 03:00:00;2.7563614;0.0;-2.0727788e-10;-1.0579649e-12;10.05;-1.1755165e-12;10.05
2025-05-18 04:00:00;2.7563614;0.0;-2.0695548e-10;-2.1159297e-12;10.05;-2.351033e-12;10.05
2025-05-18 05:00:00;1.7580375;0.0;-2.0663306e-10;0.0;6.41;0.0;6.41
2025-05-18 06:00:00;1.7580375;0.0;-2.0631067e-10;-6.3336778e-10;6.41;-7.0374198e-10;6.41
2025-05-18 07:00:00;1.7580375;0.0;-2.0598826e-10;-2.1159297e-12;6.41;-2.351033e-12;6.41
2025-05-18 08:00:00;0.74727259;0.55;-3.2240282e-13;0.0;4.73;0.0;4.73
2025-05-18 09:00:00;0.0;3.7500000000000004;2.4527305;0.0;4.73;0.0;4.73
2025-05-18 10:00:00;0.0;8.82;7.5227912;-1.0581758e-12;4.73;-1.1757509e-12;4.73
2025-05-18 11:00:00;0.0;13.1;12.738021;-2.115839e-12;1.32;-2.3509322e-12;1.32
2025-05-18 12:00:00;0.0;19.4;19.038058;0.0;1.32;0.0;1.32
2025-05-18 13:00:00;0.0;41.4;41.038044;-5.8227421e-12;1.32;-6.4697134e-12;1.32
2025-05-18 14:00:00;0.0;64.9;64.694325;-3.968637e-12;0.75;-4.4095966e-12;0.75
2025-05-18 15:00:00;0.0;108.0;107.79434;-9.2588606e-12;0.75;-1.0287623e-11;0.75
2025-05-18 16:00:00;0.0;101.0;100.79436;-1.1374832e-11;0.75;-1.2638702e-11;0.75
2025-05-18 17:00:00;0.0;101.99999999999999;101.65993;-1.0580449e-12;1.24;-1.1756054e-12;1.24
2025-05-18 18:00:00;0.0;120.00000000000001;119.65991;-1.0579629e-12;1.24;-1.1755143e-12;1.24
2025-05-18 19:00:00;0.0;85.4;85.059912;0.0;1.24;0.0;1.24
2025-05-18 20:00:00;0.0;61.8;60.052933;0.0;6.37;0.0;6.37
2025-05-18 21:00:00;0.0;27.4;25.652933;0.0;6.37;0.0;6.37
2025-05-18 22:00:00;0.0;7.449999999999999;5.7029331;0.0;6.37;0.0;6.37
2025-05-18 23:00:00;1.841082;0.833;0.0;0.0;9.75;0.0;9.75
2025-05-19 00:00:00;2.674082;0.0;-1.7136127e-10;0.0;9.75;0.0;9.75
2025-05-19 01:00:00;2.674082;0.0;-2.0566585e-10;0.0;9.75;0.0;9.75
2025-05-19 02:00:00;2.4628981;0.0;-2.0534346e-10;0.0;8.98;0.0;8.98
2025-05-19 03:00:00;2.4628981;0.0;-2.0502106e-10;-1.0579715e-12;8.98;-1.1755238e-12;8.98
2025-05-19 04:00:00;2.4628981;0.0;-3.139571e-10;0.0;8.98;0.0;8.98
2025-05-19 05:00:00;2.2709127;0.0;-5.2370299e-13;0.0;8.28;0.0;8.28
2025-05-19 06:00:00;2.2709127;0.0;-5.2370299e-13;0.0;8.28;0.0;8.28
2025-05-19 07:00:00;2.2703555;0.0;-5.2363874e-13;0.0;8.28;0.0;8.28
2025-05-19 08:00:00;0.0;2.98;2.8593889;0.0;0.44;0.0;0.43999999999999995
2025-05-19 09:00:00;0.0;9.25;9.1294205;-1.0579246e-12;0.44;-1.1754718e-12;0.43999999999999995
2025-05-19 10:00:00;0.0;29.700000000000003;29.579431;-2.1160107e-12;0.44;-2.351123e-12;0.43999999999999995
2025-05-19 11:00:00;0.0;69.9;69.85341;-1.0580446e-11;0.17;-1.1756052e-11;0.17
2025-05-19 12:00:00;0.0;104.00000000000001;103.95341;-1.0581478e-12;0.17;-1.1757198e-12;0.17
2025-05-19 13:00:00;0.0;129.0;128.95341;-1.0580588e-12;0.17;-1.1756209e-12;0.17
2025-05-19 14:00:00;0.0;144.0;143.97534;0.0;0.09;0.0;0.09
2025-05-19 15:00:00;0.0;154.0;153.97533;-5.2901296e-12;0.09;-5.8779218e-12;0.09
2025-05-19 16:00:00;0.0;158.0;157.97533;-6.3481798e-12;0.09;-7.0535331e-12;0.09
2025-05-19 17:00:00;0.0;149.0;149.0;0.0;0.0;0.0;0.0
2025-05-19 18:00:00;0.0;132.0;132.0;0.0;0.0;0.0;0.0
2025-05-19 19:00:00;0.0;106.0;106.0;0.0;0.0;0.0;0.0
2025-05-19 20:00:00;0.0;73.0;72.270456;0.0;2.66;0.0;2.66
2025-05-19 21:00:00;0.0;36.9;36.170456;0.0;2.66;0.0;2.66
2025-05-19 22:00:00;0.0;10.1;9.3704556;0.0;2.66;0.0;2.66
2025-05-19 23:00:00;0.78483925;1.7;0.0;0.0;9.06;0.0;9.06
2025-05-20 00:00:00;2.4848392;0.0;-4.0325827e-10;0.0;9.06;0.0;9.06
2025-05-20 01:00:00;2.4848393;0.0;-1.865142e-10;0.0;9.06;0.0;9.06
2025-05-20 02:00:00;2.3449642;0.0;-2.6301304e-10;0.0;8.55;0.0;8.55
2025-05-20 03:00:00;2.3449642;0.0;-2.7978241e-10;0.0;8.55;0.0;8.55
2025-05-20 04:00:00;2.3449642;0.0;-5.2370299e-13;0.0;8.55;0.0;8.55
2025-05-20 05:00:00;2.331251;0.0;-5.2370299e-13;0.0;8.5;0.0;8.5
2025-05-20 06:00:00;2.331251;0.0;-5.2370299e-13;0.0;8.5;0.0;8.5
2025-05-20 07:00:00;2.2306245;0.1;0.0;0.0;8.5;0.0;8.5
2025-05-20 08:00:00;0.0;3.6999999999999997;3.4834498;0.0;0.79;0.0;0.79
2025-05-20 09:00:00;0.0;9.15;8.9335061;-2.116006e-12;0.79;-2.3511178e-12;0.79
2025-05-20 10:00:00;0.0;29.700000000000003;29.483552;-1.0578532e-12;0.79;-1.1753925e-12;0.79
2025-05-20 11:00:00;0.0;68.4;68.4;0.0;0.0;0.0;0.0
2025-05-20 12:00:00;0.0;103.0;103.0;0.0;0.0;0.0;0.0
2025-05-20 13:00:00;0.0;128.0;128.0;0.0;0.0;0.0;0.0
2025-05-20 14:00:00;0.0;120.00000000000001;119.9534;-1.5606595e-11;0.17;-1.7340661e-11;0.17
2025-05-20 15:00:00;0.0;89.9;89.853384;0.0;0.17;0.0;0.17
2025-05-20 16:00:00;0.0;80.6;80.55338;-8.200185e-12;0.17;-9.1113167e-12;0.17
2025-05-20 17:00:00;0.0;124.0;123.84093;0.0;0.58;0.0;0.58
2025-05-20 18:00:00;0.0;129.0;128.84093;0.0;0.58;0.0;0.58
2025-05-20 19:00:00;0.0;74.9;74.740926;0.0;0.58;0.0;0.58
2025-05-20 20:00:00;0.0;55.6;55.451897;0.0;0.54;0.0;0.54
2025-05-20 21:00:00;0.0;31.9;31.751897;0.0;0.54;0.0;0.54
2025-05-20 22:00:00;0.0;9.65;9.501897;0.0;0.54;0.0;0.54
2025-05-20 23:00:00;0.29833917;2.0;1.7179545e-28;0.0;8.38;0.0;8.38
2025-05-21 00:00:00;2.2983392;0.0;-2.0437618e-10;0.0;8.38;0.0;8.38
2025-05-21 01:00:00;2.2983392;0.0;-2.0437625e-10;0.0;8.38;0.0;8.38
2025-05-21 02:00:00;2.767332;0.0;-2.0405384e-10;0.0;10.09;0.0;10.09
2025-05-21 03:00:00;2.767332;0.0;-2.0409451e-10;-1.0579665e-12;10.09;-1.1755184e-12;10.09
2025-05-21 04:00:00;2.767332;0.0;-1.989714e-10;0.0;10.09;0.0;10.09
2025-05-21 05:00:00;2.4601554;0.0;-5.2370299e-13;0.0;8.97;0.0;8.97
2025-05-21 06:00:00;2.4601554;0.0;-5.2370299e-13;0.0;8.97;0.0;8.97
2025-05-21 07:00:00;2.359801;0.1;0.0;0.0;8.97;0.0;8.97
2025-05-21 08:00:00;0.0;3.88;3.6579069;-1.0576394e-12;0.81;-1.1751549e-12;0.81
2025-05-21 09:00:00;0.0;12.3;12.077926;0.0;0.81;0.0;0.81
2025-05-21 10:00:00;0.0;37.9;37.67796;-2.1157839e-12;0.81;-2.3508711e-12;0.81
2025-05-21 11:00:00;0.0;59.1;59.015043;-3.306996e-12;0.31;-3.67444e-12;0.31
2025-05-21 12:00:00;0.0;89.29999999999998;89.215052;0.0;0.31;0.0;0.31
2025-05-21 13:00:00;0.0;133.0;132.91504;-2.7772133e-12;0.31;-3.0857926e-12;0.31
2025-05-21 14:00:00;0.0;110.0;109.72589;-6.0842604e-12;1.0;-6.7602894e-12;1.0
2025-05-21 15:00:00;0.0;97.09999999999998;96.825849;-9.2580599e-12;1.0;-1.0286733e-11;1.0
2025-05-21 16:00:00;0.0;101.99999999999999;101.7258;-9.2578055e-12;1.0;-1.0286451e-11;1.0
2025-05-21 17:00:00;0.0;136.0;135.97806;-3.1737476e-12;0.08;-3.5263862e-12;0.08
2025-05-21 18:00:00;0.0;116.0;115.97806;-8.7280114e-12;0.08;-9.6977904e-12;0.08
2025-05-21 19:00:00;0.0;91.5;91.478059;0.0;0.08;0.0;0.08
2025-05-21 20:00:00;0.0;58.5;57.194499;0.0;4.76;0.0;4.76
2025-05-21 21:00:00;0.0;32.5;31.194499;-5.0254524e-12;4.76;-5.5838361e-12;4.76
2025-05-21 22:00:00;0.0;6.78;5.4744995;-7.1416966e-12;4.76;-7.9352185e-12;4.76
2025-05-21 23:00:00;1.7165306;1.07;0.0;-3.1738946e-12;10.16;-3.5265496e-12;10.16
2025-05-22 00:00:00;2.7865305;0.0;-2.0340903e-10;-4.2318595e-12;10.16;-4.7020661e-12;10.16
2025-05-22 01:00:00;2.7865305;0.0;-2.0308664e-10;-5.2898243e-12;10.16;-5.8775826e-12;10.16
2025-05-22 02:00:00;3.0141703;0.0;-2.0276423e-10;0.0;10.99;0.0;10.99
2025-05-22 03:00:00;3.0141703;0.0;-2.0244183e-10;-1.0579649e-12;10.99;-1.1755165e-12;10.99
2025-05-22 04:00:00;3.0141703;0.0;-2.0179702e-10;-2.1159297e-12;10.99;-2.351033e-12;10.99
2025-05-22 05:00:00;2.2791406;0.0;-1.3030401e-10;0.0;8.31;0.0;8.31
2025-05-22 06:00:00;2.2791406;0.0;-4.0293587e-10;0.0;8.31;0.0;8.31
2025-05-22 07:00:00;2.2791046;0.0;-6.331439e-12;0.0;8.31;0.0;8.31
2025-05-22 08:00:00;0.0;4.35;3.6835941;0.0;2.43;0.0;2.43
2025-05-22 09:00:00;0.0;17.5;16.833679;-2.1162744e-12;2.43;-2.351416e-12;2.43
2025-05-22 10:00:00;0.0;34.8;34.133872;-1.0588518e-12;2.43;-1.176502e-12;2.43
2025-05-22 11:00:00;0.0;48.0;47.062665;0.0;3.42;0.0;3.42
2025-05-22 12:00:00;0.0;46.29999999999999;45.362647;-6.0841538e-12;3.42;-6.7601709e-12;3.42
2025-05-22 13:00:00;0.0;59.8;58.862678;-5.0264969e-12;3.42;-5.5849965e-12;3.42
2025-05-22 14:00:00;0.0;83.0;82.846538;0.0;0.56;0.0;0.56
2025-05-22 15:00:00;0.0;122.0;121.84652;-2.7771719e-12;0.56;-3.0857466e-12;0.56
2025-05-22 16:00:00;0.0;124.0;123.84648;-3.1741566e-12;0.56;-3.5268406e-12;0.56
2025-05-22 17:00:00;0.0;134.0;133.23225;0.0;2.8;0.0;2.8
2025-05-22 18:00:00;0.0;144.0;143.23206;0.0;2.8;0.0;2.8
2025-05-22 19:00:00;0.0;104.00000000000001;103.23206;0.0;2.8;0.0;2.8
2025-05-22 20:00:00;0.0;69.6;66.882036;0.0;9.91;0.0;9.91
2025-05-22 21:00:00;0.0;29.9;27.182036;0.0;9.91;0.0;9.91
2025-05-22 22:00:00;0.0;10.3;7.5820357;0.0;9.91;0.0;9.91
2025-05-22 23:00:00;1.3249718;1.67;0.0;0.0;10.92;0.0;10.92
2025-05-23 00:00:00;2.9949718;0.0;-2.0147462e-10;0.0;10.92;0.0;10.92
2025-05-23 01:00:00;2.9949718;0.0;-2.0115222e-10;-6.4500451e-10;10.92;-7.1667167e-10;10.92
2025-05-23 02:00:00;3.1595307;0.0;-2.0082982e-10;0.0;11.52;0.0;11.52
2025-05-23 03:00:00;3.1595307;0.0;-2.0050741e-10;-1.0579649e-12;11.52;-1.1755165e-12;11.52
2025-05-23 04:00:00;3.1595307;0.0;-1.9865341e-10;0.0;11.52;0.0;11.52
2025-05-23 05:00:00;2.377876;0.0;-5.2370299e-13;0.0;8.67;0.0;8.67
2025-05-23 06:00:00;2.377876;0.0;-5.2370299e-13;0.0;8.67;0.0;8.67
2025-05-23 07:00:00;2.2776077;0.1;0.0;0.0;8.67;0.0;8.67
2025-05-23 08:00:00;0.0;3.7500000000000004;3.1139242;-5.0260048e-12;2.32;-5.5844498e-12;2.32
2025-05-23 09:00:00;0.0;15.7;15.064004;-6.0842258e-12;2.32;-6.7602509e-12;2.32
2025-05-23 10:00:00;0.0;32.5;31.864099;0.0;2.32;0.0;2.32
2025-05-23 11:00:00;0.0;58.1;57.998588;0.0;0.37;0.0;0.37
2025-05-23 12:00:00;0.0;62.1;61.998585;-7.1420355e-12;0.37;-7.935595e-12;0.37
2025-05-23 13:00:00;0.0;84.4;84.298585;-9.2581822e-12;0.37;-1.0286869e-11;0.37
2025-05-23 14:00:00;0.0;119.0;118.70395;-1.0316511e-11;1.08;-1.146279e-11;1.08
2025-05-23 15:00:00;0.0;91.30000000000001;91.00391;0.0;1.08;0.0;1.08
2025-05-23 16:00:00;0.0;149.0;148.7039;-1.1374596e-11;1.08;-1.263844e-11;1.08
2025-05-23 17:00:00;0.0;106.0;105.30073;0.0;2.55;0.0;2.55
2025-05-23 18:00:00;0.0;104.00000000000001;103.30062;0.0;2.55;0.0;2.55
2025-05-23 19:00:00;0.0;63.4;62.700625;0.0;2.55;0.0;2.55
2025-05-23 20:00:00;0.0;61.3;58.861786;0.0;8.89;0.0;8.89
2025-05-23 21:00:00;0.0;35.4;32.961786;0.0;8.89;0.0;8.89
2025-05-23 22:00:00;0.0;11.2;8.7617858;0.0;8.89;0.0;8.89
2025-05-23 23:00:00;1.1344644;1.7700000000000002;0.0;0.0;10.59;0.0;10.59
2025-05-24 00:00:00;2.9044644;0.0;-1.998626e-10;0.0;10.59;0.0;10.59
2025-05-24 01:00:00;2.9044644;0.0;-1.995402e-10;-1.0579649e-12;10.59;-1.1755165e-12;10.59
2025-05-24 02:00:00;2.7591041;0.0;-1.9873474e-10;0.0;10.06;0.0;10.06
2025-05-24 03:00:00;2.7591041;0.0;-1.988954e-10;-1.0579649e-12;10.06;-1.1755165e-12;10.06
2025-05-24 04:00:00;2.7591041;0.0;-1.98573e-10;-2.1159297e-12;10.06;-2.351033e-12;10.06
2025-05-24 05:00:00;0.92701508;0.0;-1.9825059e-10;-1.0573349e-12;3.38;-1.1748165e-12;3.38
2025-05-24 06:00:00;0.92701508;0.0;-1.9792819e-10;-2.1152998e-12;3.38;-2.3503331e-12;3.38
2025-05-24 07:00:00;0.82687441;0.1;0.0;0.0;3.38;0.0;3.38
2025-05-24 08:00:00;0.0;6.3500000000000005;6.0922115;-1.0449403e-11;0.94;-1.1610448e-11;0.94
2025-05-24 09:00:00;0.0;12.1;11.842222;-1.084674e-11;0.94;-1.2051934e-11;0.94
2025-05-24 10:00:00;0.0;30.7;30.442239;-5.5565929e-12;0.94;-6.1739921e-12;0.94
2025-05-24 11:00:00;0.0;28.5;28.291616;0.0;0.76;0.0;0.76
2025-05-24 12:00:00;0.0;19.3;19.091607;-9.2464447e-13;0.76;-1.0273827e-12;0.76
2025-05-24 13:00:00;0.0;66.5;66.291605;-2.9130277e-12;0.76;-3.2366974e-12;0.76
2025-05-24 14:00:00;0.0;93.1;91.303565;0.0;6.55;0.0;6.55
2025-05-24 15:00:00;0.0;71.6;69.803565;-1.0579649e-12;6.55;-1.1755165e-12;6.55
2025-05-24 16:00:00;0.0;40.1;38.303565;-3.3077875e-12;6.55;-3.6753194e-12;6.55
2025-05-24 17:00:00;0.0;33.9;31.845757;0.0;7.49;0.0;7.489999999999999
2025-05-24 18:00:00;0.0;24.3;22.245757;0.0;7.49;0.0;7.489999999999999
2025-05-24 19:00:00;0.0;13.4;11.345757;-1.0579649e-12;7.49;-1.1755165e-12;7.489999999999999
2025-05-24 20:00:00;0.0;5.33;4.4304114;0.0;3.28;0.0;3.28
2025-05-24 21:00:00;0.0;2.45;1.5504114;-6.0836528e-12;3.28;-6.7596142e-12;3.28
2025-05-24 22:00:00;0.0;2.0;1.1004114;-7.1416176e-12;3.28;-7.9351307e-12;3.28
2025-05-24 23:00:00;0.14009599;0.85;0.0;0.0;3.61;0.0;3.6100000000000003
2025-05-25 00:00:00;0.99009599;0.0;0.0;-1.0588272e-12;3.61;-1.1764747e-12;3.6100000000000003
2025-05-25 01:00:00;0.99009599;0.0;0.0;-2.1167921e-12;3.61;-2.3519912e-12;3.6100000000000003
2025-05-25 02:00:00;0.48819138;0.0;0.0;0.0;1.78;0.0;1.7799999999999998
2025-05-25 03:00:00;0.48819138;0.0;0.0;-1.0579649e-12;1.78;-1.1755165e-12;1.7799999999999998
2025-05-25 04:00:00;0.48819138;0.0;0.0;-2.1159297e-12;1.78;-2.351033e-12;1.7799999999999998
2025-05-25 05:00:00;0.48270608;0.0;0.0;0.0;1.76;0.0;1.7599999999999998
2025-05-25 06:00:00;0.48270608;0.0;0.0;-1.0579649e-12;1.76;-1.1755165e-12;1.7599999999999998
2025-05-25 07:00:00;0.48270608;0.0;0.0;-2.1159297e-12;1.76;-2.351033e-12;1.7599999999999998
2025-05-25 08:00:00;0.0;1.4;1.2546396;-7.1418629e-12;0.53;-7.9354032e-12;0.53
2025-05-25 09:00:00;0.0;8.85;8.7046396;-9.2577976e-12;0.53;-1.0286442e-11;0.53
2025-05-25 10:00:00;0.0;13.5;13.35464;-9.7886108e-12;0.53;-1.0876234e-11;0.53
2025-05-25 11:00:00;0.0;22.5;22.321761;0.0;0.65;0.0;0.65
2025-05-25 12:00:00;0.0;44.9;44.721789;-3.1741909e-12;0.65;-3.5268788e-12;0.65
2025-05-25 13:00:00;0.0;56.10000000000001;55.921816;0.0;0.65;0.0;0.65
2025-05-25 14:00:00;0.0;78.0;77.97533;-1.0713419e-11;0.09;-1.1903798e-11;0.09
2025-05-25 15:00:00;0.0;114.0;113.97533;-6.0841847e-12;0.09;-6.7602052e-12;0.09
2025-05-25 16:00:00;0.0;117.0;116.97532;-1.4548394e-11;0.09;-1.6164882e-11;0.09
2025-05-25 17:00:00;0.0;72.0;72.0;0.0;0.0;0.0;0.0
2025-05-25 18:00:00;0.0;100.0;100.0;0.0;0.0;0.0;0.0
2025-05-25 19:00:00;0.0;87.1;87.1;0.0;0.0;0.0;0.0
2025-05-25 20:00:00;0.0;44.9;44.217081;0.0;2.49;0.0;2.49
2025-05-25 21:00:00;0.0;40.3;39.617081;-5.0259132e-12;2.49;-5.584348e-12;2.49
2025-05-25 22:00:00;0.0;11.2;10.517081;-7.1416835e-12;2.49;-7.9352038e-12;2.49
2025-05-25 23:00:00;0.34415511;1.37;0.0;0.0;6.25;0.0;6.25
2025-05-26 00:00:00;1.7141551;0.0;-1.9760578e-10;0.0;6.25;0.0;6.25
2025-05-26 01:00:00;1.7141551;0.0;-1.9728338e-10;-1.0579649e-12;6.25;-1.1755165e-12;6.25
2025-05-26 02:00:00;1.9363096;0.0;-1.9696097e-10;0.0;7.06;0.0;7.0600000000000005
2025-05-26 03:00:00;1.9363096;0.0;-1.9663857e-10;-1.0579649e-12;7.06;-1.1755165e-12;7.0600000000000005
2025-05-26 04:00:00;1.9363096;0.0;-1.9631617e-10;-2.1159297e-12;7.06;-2.351033e-12;7.0600000000000005
2025-05-26 05:00:00;1.9116258;0.0;-5.2370299e-13;0.0;6.97;0.0;6.970000000000001
2025-05-26 06:00:00;1.9116258;0.0;-5.2370299e-13;0.0;6.97;0.0;6.970000000000001
2025-05-26 07:00:00;1.8115499;0.1;0.0;0.0;6.97;0.0;6.970000000000001
2025-05-26 08:00:00;0.0;4.35;4.1032301;-5.9508934e-12;0.9;-6.6121038e-12;0.8999999999999999
2025-05-26 09:00:00;0.0;14.0;13.753288;-1.7189843e-12;0.9;-1.9099825e-12;0.8999999999999999
2025-05-26 10:00:00;0.0;41.8;41.553324;-7.0090612e-12;0.9;-7.7878458e-12;0.8999999999999999
2025-05-26 11:00:00;0.0;62.1;61.891702;-4.365446e-12;0.76;-4.8504956e-12;0.76
2025-05-26 12:00:00;0.0;107.0;106.79174;-6.0844182e-12;0.76;-6.7604647e-12;0.76
2025-05-26 13:00:00;0.0;77.3;77.091642;-8.2004172e-12;0.76;-9.1115747e-12;0.76
2025-05-26 14:00:00;0.0;108.0;107.93693;-8.2053588e-12;0.23;-9.1170654e-12;0.22999999999999998
2025-05-26 15:00:00;0.0;124.99999999999999;124.93694;0.0;0.23;0.0;0.22999999999999998
2025-05-26 16:00:00;0.0;120.00000000000001;119.93693;-1.0579379e-12;0.23;-1.1754866e-12;0.22999999999999998
2025-05-26 17:00:00;0.0;129.0;128.97532;-7.1420362e-12;0.09;-7.9355958e-12;0.09
2025-05-26 18:00:00;0.0;85.1;85.075316;0.0;0.09;0.0;0.09
2025-05-26 19:00:00;0.0;74.1;74.075316;0.0;0.09;0.0;0.09
2025-05-26 20:00:00;0.0;50.7;50.187125;0.0;1.87;0.0;1.8699999999999999
2025-05-26 21:00:00;0.0;29.599999999999998;29.087125;0.0;1.87;0.0;1.8699999999999999
2025-05-26 22:00:00;0.0;9.92;9.4071248;0.0;1.87;0.0;1.8699999999999999
2025-05-26 23:00:00;1.0122505;0.2;-3.4659932e-12;0.0;4.42;0.0;4.42
2025-05-27 00:00:00;1.2122505;0.0;-1.9599376e-10;-1.0579649e-12;4.42;-1.1755165e-12;4.42
2025-05-27 01:00:00;1.2122505;0.0;-1.9567136e-10;-2.1159297e-12;4.42;-2.351033e-12;4.42
2025-05-27 02:00:00;1.4618315;0.0;-1.9534896e-10;0.0;5.33;0.0;5.33
2025-05-27 03:00:00;1.4618315;0.0;-1.9502656e-10;-1.0579649e-12;5.33;-1.1755165e-12;5.33
2025-05-27 04:00:00;1.4618315;0.0;-1.9470415e-10;-2.1159297e-12;5.33;-2.351033e-12;5.33
2025-05-27 05:00:00;1.4014932;0.0;-1.9438175e-10;0.0;5.11;0.0;5.11
2025-05-27 06:00:00;1.4014932;0.0;-1.9405935e-10;-1.0579649e-12;5.11;-1.1755165e-12;5.11
2025-05-27 07:00:00;1.4014932;0.0;-1.9276974e-10;-2.1159297e-12;5.11;-2.351033e-12;5.11
2025-05-27 08:00:00;0.0;3.1;2.7215146;-3.1735917e-12;1.38;-3.526213e-12;1.38
2025-05-27 09:00:00;0.0;11.1;10.721584;0.0;1.38;0.0;1.38
2025-05-27 10:00:00;0.0;19.5;19.121515;-2.1157156e-12;1.38;-2.3507951e-12;1.38
2025-05-27 11:00:00;0.0;53.6;53.54789;-1.4548309e-11;0.19;-1.6164788e-11;0.19
2025-05-27 12:00:00;0.0;53.89999999999999;53.84789;-1.9047202e-11;0.19;-2.1163558e-11;0.19
2025-05-27 13:00:00;0.0;65.9;65.84789;-1.8780353e-11;0.19;-2.0867059e-11;0.19
2025-05-27 14:00:00;0.0;54.8;54.772574;0.0;0.1;0.0;0.1
2025-05-27 15:00:00;0.0;59.1;59.072574;-1.0579612e-12;0.1;-1.1755124e-12;0.1
2025-05-27 16:00:00;0.0;78.0;77.972574;-6.0839185e-12;0.1;-6.7599095e-12;0.1
2025-05-27 17:00:00;0.0;56.4;55.4675;0.0;3.4;0.0;3.4
2025-05-27 18:00:00;0.0;27.3;26.3675;0.0;3.4;0.0;3.4
2025-05-27 19:00:00;0.0;28.0;27.0675;0.0;3.4;0.0;3.4
2025-05-27 20:00:00;0.0;17.4;16.505897;-1.0579649e-12;3.26;-1.1755165e-12;3.26
2025-05-27 21:00:00;0.0;9.1;8.2058967;-6.0839439e-12;3.26;-6.7599377e-12;3.26
2025-05-27 22:00:00;0.0;4.4;3.5058967;-8.1995825e-12;3.26;-9.1106472e-12;3.26
2025-05-27 23:00:00;0.0;1.7;0.92383057;0.0;2.83;0.0;2.83
2025-05-28 00:00:00;0.77616943;0.0;-1.9244733e-10;0.0;2.83;0.0;2.83
2025-05-28 01:00:00;0.77616943;0.0;-1.9212493e-10;-1.0579649e-12;2.83;-1.1755165e-12;2.83
2025-05-28 02:00:00;1.0312357;0.0;-1.9180253e-10;0.0;3.76;0.0;3.76
2025-05-28 03:00:00;1.0312357;0.0;-1.9148012e-10;-1.0579649e-12;3.76;-1.1755165e-12;3.76
2025-05-28 04:00:00;1.0312357;0.0;-1.9115772e-10;-2.1159297e-12;3.76;-2.351033e-12;3.76
2025-05-28 05:00:00;0.83650769;0.0;-1.9083533e-10;0.0;3.05;0.0;3.05
2025-05-28 06:00:00;0.83650769;0.0;-1.9019049e-10;0.0;3.05;0.0;3.05
2025-05-28 07:00:00;0.83650769;0.0;-1.9019051e-10;-1.0579649e-12;3.05;-1.1755165e-12;3.05
2025-05-28 08:00:00;0.0;1.3;0.86391894;-7.1417756e-12;1.59;-7.9353062e-12;1.59
2025-05-28 09:00:00;0.0;2.8299999999999996;2.3939189;-8.1997405e-12;1.59;-9.1108228e-12;1.59
2025-05-28 10:00:00;0.0;14.3;13.863919;-9.2577054e-12;1.59;-1.0286339e-11;1.59
2025-05-28 11:00:00;0.0;19.8;19.684823;-2.4070123e-11;0.42;-2.6744581e-11;0.42
2025-05-28 12:00:00;0.0;44.8;44.684895;-2.116019e-11;0.42;-2.3511323e-11;0.42
2025-05-28 13:00:00;0.0;64.9;64.784895;0.0;0.42;0.0;0.42
2025-05-28 14:00:00;0.0;58.0;57.906794;-4.893428e-12;0.34;-5.4371422e-12;0.34
2025-05-28 15:00:00;0.0;112.0;111.90679;-1.0183436e-11;0.34;-1.1314928e-11;0.34
2025-05-28 16:00:00;0.0;139.0;138.90676;-2.7771945e-12;0.34;-3.0857716e-12;0.34
2025-05-28 17:00:00;0.0;59.5;59.176396;0.0;1.18;0.0;1.18
2025-05-28 18:00:00;0.0;99.59999999999998;99.276368;0.0;1.18;0.0;1.18
2025-05-28 19:00:00;0.0;82.6;82.276368;0.0;1.18;0.0;1.18
2025-05-28 20:00:00;0.0;45.5;44.268551;0.0;4.49;0.0;4.49
2025-05-28 21:00:00;0.0;29.3;28.068551;0.0;4.49;0.0;4.49
2025-05-28 22:00:00;0.0;10.6;9.368551;0.0;4.49;0.0;4.49
2025-05-28 23:00:00;0.0;2.6;0.15081518;0.0;8.93;0.0;8.93
2025-05-29 00:00:00;2.4491848;0.0;-1.8986811e-10;-1.0579649e-12;8.93;-1.1755165e-12;8.93
2025-05-29 01:00:00;2.4491848;0.0;-1.8825611e-10;-2.1159297e-12;8.93;-2.351033e-12;8.93
2025-05-29 02:00:00;2.4409569;0.0;-1.8793369e-10;0.0;8.9;0.0;8.9
2025-05-29 03:00:00;2.4409569;0.0;-1.8761129e-10;-1.0579649e-12;8.9;-1.1755165e-12;8.9
2025-05-29 04:00:00;2.4409569;0.0;-1.8728889e-10;-2.1159297e-12;8.9;-2.351033e-12;8.9
2025-05-29 05:00:00;1.2835593;0.0;-1.869665e-10;-1.0574833e-12;4.68;-1.1749815e-12;4.68
2025-05-29 06:00:00;1.2835593;0.0;-1.8664409e-10;-2.1154482e-12;4.68;-2.350498e-12;4.68
2025-05-29 07:00:00;0.9835529;0.3;0.0;0.0;4.68;0.0;4.68
2025-05-29 08:00:00;0.0;4.9;4.6421911;-1.2431912e-11;0.94;-1.3813236e-11;0.94
2025-05-29 09:00:00;0.0;16.0;15.742191;-1.5605979e-11;0.94;-1.7339976e-11;0.94
2025-05-29 10:00:00;0.0;37.7;37.442192;-1.666395e-11;0.94;-1.85155e-11;0.94
2025-05-29 11:00:00;0.0;46.2;45.8325;-6.2169933e-12;1.34;-6.9077703e-12;1.34
2025-05-29 12:00:00;0.0;34.4;34.032485;-8.7302095e-12;1.34;-9.7002328e-12;1.34
2025-05-29 13:00:00;0.0;49.0;48.632485;-1.1506762e-11;1.34;-1.2785292e-11;1.34
2025-05-29 14:00:00;0.0;58.2;58.14789;-2.5261969e-11;0.19;-2.8068854e-11;0.19
2025-05-29 15:00:00;0.0;68.7;68.647892;-2.6319977e-11;0.19;-2.9244419e-11;0.19
2025-05-29 16:00:00;0.0;54.0;53.94789;-1.9838318e-11;0.19;-2.2042576e-11;0.19
2025-05-29 17:00:00;0.0;55.6;55.542404;0.0;0.21;0.0;0.21
2025-05-29 18:00:00;0.0;91.9;91.842404;-1.0579649e-12;0.21;-1.1755165e-12;0.21
2025-05-29 19:00:00;0.0;85.9;85.842404;-1.5888439e-12;0.21;-1.7653821e-12;0.21
2025-05-29 20:00:00;0.0;65.1;64.707801;0.0;1.43;0.0;1.43
2025-05-29 21:00:00;0.0;19.9;19.507801;-5.307079e-13;1.43;-5.8967544e-13;1.43
2025-05-29 22:00:00;0.0;2.7500000000000004;2.3578013;-2.1159297e-12;1.43;-2.351033e-12;1.43
2025-05-29 23:00:00;0.0;1.6;0.94724973;0.0;2.38;0.0;2.38
2025-05-30 00:00:00;0.65275027;0.0;0.0;0.0;2.38;8.5148918e-28;2.38
2025-05-30 01:00:00;0.65275027;0.0;0.0;-1.0579649e-12;2.38;-1.1755165e-12;2.38
2025-05-30 02:00:00;0.74051501;0.0;0.0;0.0;2.7;0.0;2.7
2025-05-30 03:00:00;0.74051501;0.0;0.0;-1.0579649e-12;2.7;-1.1755165e-12;2.7
2025-05-30 04:00:00;0.74051501;0.0;-1.8632168e-10;-2.1159297e-12;2.7;-2.351033e-12;2.7
2025-05-30 05:00:00;0.85022094;0.0;-1.8599928e-10;0.0;3.1;0.0;3.1
2025-05-30 06:00:00;0.85022094;0.0;-1.8567687e-10;-1.0579649e-12;3.1;-1.1755165e-12;3.1
2025-05-30 07:00:00;0.64998497;0.2;0.0;-2.1155348e-12;3.1;-2.3505942e-12;3.1
2025-05-30 08:00:00;0.0;3.0;2.9533973;-1.8780757e-11;0.17;-2.0867508e-11;0.17
2025-05-30 09:00:00;0.0;8.15;8.1034012;-1.0316383e-11;0.17;-1.1462647e-11;0.17
2025-05-30 10:00:00;0.0;30.300000000000004;30.2534;-1.3490568e-11;0.17;-1.498952e-11;0.17
2025-05-30 11:00:00;0.0;73.0;72.975329;-9.2583003e-12;0.09;-1.0287e-11;0.09
2025-05-30 12:00:00;0.0;94.3;94.275332;-1.1771404e-11;0.09;-1.3079337e-11;0.09
2025-05-30 13:00:00;0.0;75.7;75.675332;-1.666454e-11;0.09;-1.8516156e-11;0.09
2025-05-30 14:00:00;0.0;92.1;91.773859;0.0;1.19;0.0;1.19
2025-05-30 15:00:00;0.0;87.7;87.373826;-3.8352169e-12;1.19;-4.2613521e-12;1.19
2025-05-30 16:00:00;0.0;127.00000000000001;126.67378;-3.8350152e-12;1.19;-4.261128e-12;1.19
2025-05-30 17:00:00;0.0;140.0;139.84369;-6.0838855e-12;0.57;-6.7598727e-12;0.57
2025-05-30 18:00:00;0.0;130.0;129.84367;-1.0579097e-12;0.57;-1.1754552e-12;0.57
2025-05-30 19:00:00;0.0;105.0;104.84367;0.0;0.57;0.0;0.57
2025-05-30 20:00:00;0.0;74.0;73.983544;0.0;0.06;0.0;0.060000000000000005
2025-05-30 21:00:00;0.0;39.7;39.683544;0.0;0.06;0.0;0.060000000000000005
2025-05-30 22:00:00;0.0;11.5;11.483544;-7.406514e-12;0.06;-8.22946e-12;0.060000000000000005
2025-05-30 23:00:00;0.0;2.03;1.9175514;0.0;0.41;0.0;0.41
2025-05-31 00:00:00;0.11244858;0.0;-1.8438724e-10;0.0;0.41;0.0;0.41
2025-05-31 01:00:00;0.11244858;0.0;-1.8438728e-10;0.0;0.41;0.0;0.41
2025-05-31 02:00:00;1.036721;0.0;-1.8309767e-10;0.0;3.78;0.0;3.78
2025-05-31 03:00:00;1.036721;0.0;-1.8245282e-10;0.0;3.78;0.0;3.78
2025-05-31 04:00:00;1.036721;0.0;-1.8245286e-10;-3.1910198e-12;3.78;-3.5455776e-12;3.78
2025-05-31 05:00:00;1.0339784;0.0;-1.8180804e-10;0.0;3.77;0.0;3.7700000000000005
2025-05-31 06:00:00;1.0339784;0.0;-1.8148564e-10;-1.0579649e-12;3.77;-1.1755165e-12;3.7700000000000005
2025-05-31 07:00:00;0.33384789;0.7000000000000002;0.0;0.0;3.77;0.0;3.7700000000000005
2025-05-31 08:00:00;0.0;5.9;5.7300146;-9.1251011e-12;0.62;-1.0139001e-11;0.62
2025-05-31 09:00:00;0.0;15.5;15.330075;0.0;0.62;0.0;0.62
2025-05-31 10:00:00;0.0;33.6;33.430099;-1.4812056e-11;0.62;-1.645784e-11;0.62
2025-05-31 11:00:00;0.0;64.8;64.778078;-7.4062853e-12;0.08;-8.2292059e-12;0.08
2025-05-31 12:00:00;0.0;101.0;100.97807;-2.5392446e-11;0.08;-2.8213829e-11;0.08
2025-05-31 13:00:00;0.0;121.0;120.97806;-1.7727475e-11;0.08;-1.9697195e-11;0.08
2025-05-31 14:00:00;0.0;122.0;121.97806;-1.2309072e-11;0.08;-1.3676747e-11;0.08
2025-05-31 15:00:00;0.0;117.99999999999999;117.97807;-2.22183e-11;0.08;-2.4687e-11;0.08
2025-05-31 16:00:00;0.0;133.0;132.97807;-1.0580059e-11;0.08;-1.1755621e-11;0.08
2025-05-31 17:00:00;0.0;67.5;67.456128;-1.05794e-12;0.16;-1.1754889e-12;0.16
2025-05-31 18:00:00;0.0;52.60000000000001;52.556119;0.0;0.16;0.0;0.16
2025-05-31 19:00:00;0.0;74.9;74.856118;0.0;0.16;0.0;0.16
2025-05-31 20:00:00;0.0;31.3;31.283544;0.0;0.06;0.0;0.060000000000000005
2025-05-31 21:00:00;0.0;18.7;18.683544;0.0;0.06;0.0;0.060000000000000005
2025-05-31 22:00:00;0.0;7.819999999999999;7.8035441;-8.4644789e-12;0.06;-9.4049765e-12;0.060000000000000005
2025-05-31 23:00:00;0.0;2.07;2.07;0.0;0.0;0.0;0.0
2025-06-01 00:00:00;0.0;0.0;0.0;0.0;0.0;0.0;0.0
2025-06-01 01:00:00;0.0;0.0;0.0;0.0;0.0;0.0;0.0
2025-06-01 02:00:00;0.13713241;0.0;-1.8116323e-10;0.0;0.5;0.0;0.5
2025-06-01 03:00:00;0.13713241;0.0;-1.8084083e-10;-1.0579649e-12;0.5;-1.1755165e-12;0.5
2025-06-01 04:00:00;0.13713241;0.0;-1.8051843e-10;-2.1159297e-12;0.5;-2.351033e-12;0.5
2025-06-01 05:00:00;0.0082279445;0.0;0.0;0.0;0.03;0.0;0.030000000000000002
2025-06-01 06:00:00;0.0082279445;0.0;0.0;0.0;0.03;0.0;0.030000000000000002
2025-06-01 07:00:00;0.0082258202;0.0;0.0;0.0;0.03;0.0;0.030000000000000002
2025-06-01 08:00:00;0.0;5.48;4.8987831;0.0;2.12;0.0;2.12
2025-06-01 09:00:00;0.0;19.6;19.018809;-2.7771323e-12;2.12;-3.0857026e-12;2.12
2025-06-01 10:00:00;0.0;18.6;18.018838;-3.8349434e-12;2.12;-4.2610483e-12;2.12
2025-06-01 11:00:00;0.0;37.5;37.447921;-8.2003128e-12;0.19;-9.1114587e-12;0.19
2025-06-01 12:00:00;0.0;56.6;56.547914;-9.2583421e-12;0.19;-1.0287047e-11;0.19
2025-06-01 13:00:00;0.0;98.1;98.047923;-1.1374475e-11;0.19;-1.2638306e-11;0.19
2025-06-01 14:00:00;0.0;115.0;115.0;0.0;0.0;0.0;0.0
2025-06-01 15:00:00;0.0;79.0;79.0;0.0;0.0;0.0;0.0
2025-06-01 16:00:00;0.0;84.4;84.4;0.0;0.0;0.0;0.0
2025-06-01 17:00:00;0.0;106.0;106.0;0.0;0.0;0.0;0.0
2025-06-01 18:00:00;0.0;98.8;98.8;0.0;0.0;0.0;0.0
2025-06-01 19:00:00;0.0;94.0;94.0;0.0;0.0;0.0;0.0
2025-06-01 20:00:00;0.0;55.50000000000001;55.357382;0.0;0.52;0.0;0.52
2025-06-01 21:00:00;0.0;26.099999999999998;25.957382;-2.1160184e-12;0.52;-2.3511316e-12;0.52
2025-06-01 22:00:00;0.0;12.3;12.157382;-8.1998818e-12;0.52;-9.1109798e-12;0.52
2025-06-01 23:00:00;0.0;2.43;1.5057276;0.0;3.37;0.0;3.37
2025-06-02 00:00:00;0.92427244;0.0;-1.8019603e-10;0.0;3.37;0.0;3.37
2025-06-02 01:00:00;0.92427244;0.0;-1.7987362e-10;-1.0579649e-12;3.37;-1.1755165e-12;3.37
2025-06-02 02:00:00;2.2380009;0.0;-1.7955122e-10;0.0;8.16;0.0;8.16
2025-06-02 03:00:00;2.2380009;0.0;-1.7922882e-10;-1.0579649e-12;8.16;-1.1755165e-12;8.16
2025-06-02 04:00:00;2.2380009;0.0;-1.7890643e-10;-2.1159297e-12;8.16;-2.351033e-12;8.16
2025-06-02 05:00:00;2.6877952;0.0;-1.7705242e-10;0.0;9.8;0.0;9.8
2025-06-02 06:00:00;2.6877952;0.0;-5.2370299e-13;0.0;9.8;0.0;9.8
2025-06-02 07:00:00;2.4872564;0.2;0.0;0.0;9.8;0.0;9.8
2025-06-02 08:00:00;0.0;4.75;4.3305562;0.0;1.53;0.0;1.53
2025-06-02 09:00:00;0.0;15.4;14.980606;-1.0577801e-12;1.53;-1.1753113e-12;1.53
2025-06-02 10:00:00;0.0;34.4;33.980594;-6.084171e-12;1.53;-6.7601899e-12;1.53
2025-06-02 11:00:00;0.0;71.0;70.906805;-1.3357691e-11;0.34;-1.4841879e-11;0.34
2025-06-02 12:00:00;0.0;108.99999999999999;108.90682;-4.0992948e-12;0.34;-4.5547719e-12;0.34
2025-06-02 13:00:00;0.0;133.0;132.90681;-7.0094547e-12;0.34;-7.788283e-12;0.34
2025-06-02 14:00:00;0.0;135.0;134.99178;-1.6664184e-11;0.03;-1.851576e-11;0.030000000000000002
2025-06-02 15:00:00;0.0;146.0;145.99178;-1.2432129e-11;0.03;-1.3813476e-11;0.030000000000000002
2025-06-02 16:00:00;0.0;137.0;136.99177;-1.7722116e-11;0.03;-1.9691241e-11;0.030000000000000002
2025-06-02 17:00:00;0.0;99.10000000000001;98.872379;0.0;0.83;0.0;0.83
2025-06-02 18:00:00;0.0;83.2;82.97236;-2.1159264e-12;0.83;-2.3510294e-12;0.83
2025-06-02 19:00:00;0.0;69.1;68.87236;0.0;0.83;0.0;0.83
2025-06-02 20:00:00;0.0;72.0;71.470669;0.0;1.93;0.0;1.9300000000000002
2025-06-02 21:00:00;0.0;36.6;36.070669;0.0;1.93;0.0;1.9300000000000002
2025-06-02 22:00:00;0.0;14.899999999999999;14.370669;0.0;1.93;0.0;1.9300000000000002
2025-06-02 23:00:00;0.0;2.27;0.042969679;0.0;8.12;0.0;8.12
2025-06-03 00:00:00;2.2270303;0.0;-3.6639225e-10;0.0;8.12;0.0;8.12
2025-06-03 01:00:00;2.2270303;0.0;-1.7793917e-10;0.0;8.12;0.0;8.12
2025-06-03 02:00:00;2.3614201;0.0;-1.7793922e-10;0.0;8.61;0.0;8.61
2025-06-03 03:00:00;2.3614201;0.0;-1.776168e-10;-1.0371895e-12;8.61;-1.1524328e-12;8.61
2025-06-03 04:00:00;2.3614201;0.0;-1.28692e-10;0.0;8.61;0.0;8.61
2025-06-03 05:00:00;1.1464269;0.0;-5.2370299e-13;0.0;4.18;0.0;4.18
2025-06-03 06:00:00;1.1464241;0.0;-5.2370234e-13;0.0;4.18;0.0;4.18
2025-06-03 07:00:00;0.24617538;0.9;0.0;0.0;4.18;0.0;4.18
2025-06-03 08:00:00;0.0;4.7;4.584862;-5.0260452e-12;0.42;-5.5844946e-12;0.42
2025-06-03 09:00:00;0.0;11.4;11.284878;-9.2581633e-12;0.42;-1.0286848e-11;0.42
2025-06-03 10:00:00;0.0;34.1;33.984881;-1.0713272e-11;0.42;-1.1903635e-11;0.42
2025-06-03 11:00:00;0.0;72.3;72.184878;-1.560631e-11;0.42;-1.7340345e-11;0.42
2025-06-03 12:00:00;0.0;73.4;73.284909;-1.6003285e-11;0.42;-1.7781428e-11;0.42
2025-06-03 13:00:00;0.0;81.7;81.584891;-3.0418475e-11;0.42;-3.3798306e-11;0.42
2025-06-03 14:00:00;0.0;119.0;118.72593;-8.5970099e-12;1.0;-9.5522332e-12;1.0
2025-06-03 15:00:00;0.0;152.0;151.72588;-1.1374089e-11;1.0;-1.2637877e-11;1.0
2025-06-03 16:00:00;0.0;144.0;143.72584;-1.3490011e-11;1.0;-1.4988901e-11;1.0
2025-06-03 17:00:00;0.0;130.0;129.78611;-7.1416955e-12;0.78;-7.9352173e-12;0.78
2025-06-03 18:00:00;0.0;113.0;112.78608;0.0;0.78;0.0;0.78
2025-06-03 19:00:00;0.0;79.5;79.286073;0.0;0.78;0.0;0.78
2025-06-03 20:00:00;0.0;42.5;42.332698;0.0;0.61;0.0;0.61
2025-06-03 21:00:00;0.0;28.3;28.132698;0.0;0.61;0.0;0.61
2025-06-03 22:00:00;0.0;12.5;12.332698;-2.6431062e-12;0.61;-2.9367846e-12;0.61
2025-06-03 23:00:00;0.0;2.73;2.5654411;0.0;0.6;0.0;0.6
2025-06-04 00:00:00;0.16455889;0.0;-1.772944e-10;0.0;0.6;0.0;0.6
2025-06-04 01:00:00;0.16455889;0.0;-1.76972e-10;-2.1159712e-12;0.6;-2.3510792e-12;0.6
2025-06-04 02:00:00;1.3301844;0.0;-1.7664959e-10;0.0;4.85;0.0;4.85
2025-06-04 03:00:00;1.3301844;0.0;-1.7632719e-10;-1.0579649e-12;4.85;-1.1755165e-12;4.85
2025-06-04 04:00:00;1.3301844;0.0;-1.7600479e-10;-2.1159297e-12;4.85;-2.351033e-12;4.85
2025-06-04 05:00:00;1.2835593;0.0;-1.7535996e-10;0.0;4.68;0.0;4.68
2025-06-04 06:00:00;1.2835593;0.0;-5.2370299e-13;0.0;4.68;0.0;4.68
2025-06-04 07:00:00;1.0832347;0.2;0.0;0.0;4.68;0.0;4.68
2025-06-04 08:00:00;0.0;4.93;4.757293;0.0;0.63;0.0;0.63
2025-06-04 09:00:00;0.0;15.1;14.927328;-4.232141e-12;0.63;-4.7023789e-12;0.63
2025-06-04 10:00:00;0.0;34.6;34.427313;-7.1421141e-12;0.63;-7.9356823e-12;0.63
2025-06-04 11:00:00;0.0;69.5;69.453415;-1.3754535e-11;0.17;-1.5282816e-11;0.17
2025-06-04 12:00:00;0.0;110.0;109.9534;-1.9838761e-11;0.17;-2.2043067e-11;0.17
2025-06-04 13:00:00;0.0;108.99999999999999;108.95339;-1.3490402e-11;0.17;-1.4989336e-11;0.17
2025-06-04 14:00:00;0.0;87.5;87.351938;-5.0258984e-12;0.54;-5.5843316e-12;0.54
2025-06-04 15:00:00;0.0;130.0;129.85193;-7.141911e-12;0.54;-7.9354567e-12;0.54
2025-06-04 16:00:00;0.0;153.0;152.85192;-6.0839261e-12;0.54;-6.7599178e-12;0.54
2025-06-04 17:00:00;0.0;140.0;139.94789;0.0;0.19;0.0;0.19
2025-06-04 18:00:00;0.0;72.6;72.54789;0.0;0.19;0.0;0.19
2025-06-04 19:00:00;0.0;79.7;79.64789;0.0;0.19;0.0;0.19
2025-06-04 20:00:00;0.0;46.8;46.289867;0.0;1.86;0.0;1.8599999999999999
2025-06-04 21:00:00;0.0;22.5;21.989867;0.0;1.86;0.0;1.8599999999999999
2025-06-04 22:00:00;0.0;13.5;12.989867;-6.0838634e-12;1.86;-6.7598482e-12;1.8599999999999999
2025-06-04 23:00:00;0.0;1.98;0.75129362;0.0;4.48;0.0;4.48
2025-06-05 00:00:00;1.2287064;0.0;-1.7535999e-10;0.0;4.48;0.0;4.48
2025-06-05 01:00:00;1.2287064;0.0;-1.7503759e-10;-5.6988966e-10;4.48;-6.3321074e-10;4.48
2025-06-05 02:00:00;1.6154198;0.0;-1.7471519e-10;0.0;5.89;0.0;5.89
2025-06-05 03:00:00;1.6154198;0.0;-1.7439279e-10;-5.593104e-10;5.89;-6.21456e-10;5.89
2025-06-05 04:00:00;1.6154198;0.0;-1.7310317e-10;-2.1159297e-12;5.89;-2.351033e-12;5.89
2025-06-05 05:00:00;0.89684595;0.0;-5.2370299e-13;0.0;3.27;0.0;3.27
2025-06-05 06:00:00;0.89684595;0.0;-5.2370299e-13;0.0;3.27;0.0;3.27
2025-06-05 07:00:00;0.59684595;0.3;0.0;0.0;3.27;0.0;3.27
2025-06-05 08:00:00;0.0;3.3;3.0915997;-1.2432208e-11;0.76;-1.3813564e-11;0.76
2025-06-05 09:00:00;0.0;10.3;10.091644;-8.200554e-12;0.76;-9.1117266e-12;0.76
2025-06-05 10:00:00;0.0;31.0;30.791717;0.0;0.76;0.0;0.76
2025-06-05 11:00:00;0.0;36.6;36.358821;0.0;0.88;0.0;0.8799999999999999
2025-06-05 12:00:00;0.0;74.6;74.358774;-5.0261336e-12;0.88;-5.5845929e-12;0.8799999999999999
2025-06-05 13:00:00;0.0;80.0;79.758722;-8.2000161e-12;0.88;-9.111129e-12;0.8799999999999999
2025-06-05 14:00:00;0.0;96.9;96.672424;-2.1159588e-12;0.83;-2.3510653e-12;0.83
2025-06-05 15:00:00;0.0;59.199999999999996;58.972445;-7.1419911e-12;0.83;-7.9355457e-12;0.83
2025-06-05 16:00:00;0.0;50.2;49.972445;-1.0581189e-12;0.83;-1.1756877e-12;0.83
2025-06-05 17:00:00;0.0;91.4;91.240956;-1.6664308e-11;0.58;-1.8515898e-11;0.58
2025-06-05 18:00:00;0.0;81.7;81.540926;0.0;0.58;0.0;0.58
2025-06-05 19:00:00;0.0;54.2;54.040926;0.0;0.58;0.0;0.58
2025-06-05 20:00:00;0.0;39.6;39.33122;0.0;0.98;0.0;0.9800000000000001
2025-06-05 21:00:00;0.0;15.7;15.43122;-1.0579468e-12;0.98;-1.1754964e-12;0.9800000000000001
2025-06-05 22:00:00;0.0;9.4;9.1312205;-6.6146766e-12;0.98;-7.3496407e-12;0.9800000000000001
2025-06-05 23:00:00;0.19241963;1.05;-3.2240282e-13;0.0;4.53;0.0;4.53
2025-06-06 00:00:00;1.2424196;0.0;-1.7278076e-10;0.0;4.53;0.0;4.53
2025-06-06 01:00:00;1.2424196;0.0;-1.7245836e-10;-1.0579649e-12;4.53;-1.1755165e-12;4.53
2025-06-06 02:00:00;0.84199299;0.0;-1.7213596e-10;0.0;3.07;0.0;3.07
2025-06-06 03:00:00;0.84199299;0.0;-1.7181355e-10;-1.0579649e-12;3.07;-1.1755165e-12;3.07
2025-06-06 04:00:00;0.84199299;0.0;-1.7149115e-10;-2.1159297e-12;3.07;-2.351033e-12;3.07
2025-06-06 05:00:00;1.1820814;0.0;-1.7116875e-10;0.0;4.31;0.0;4.31
2025-06-06 06:00:00;1.1820814;0.0;-1.7084634e-10;-1.0579649e-12;4.31;-1.1755165e-12;4.31
2025-06-06 07:00:00;1.082076;0.1;0.0;-2.1159232e-12;4.31;-2.3510257e-12;4.31
2025-06-06 08:00:00;0.0;4.45;3.8467178;-1.151187e-11;2.2;-1.2790966e-11;2.2
2025-06-06 09:00:00;0.0;8.25;7.6468477;-2.5126188e-12;2.2;-2.7917987e-12;2.2
2025-06-06 10:00:00;0.0;32.5;31.897013;-4.2314432e-12;2.2;-4.7016036e-12;2.2
2025-06-06 11:00:00;0.0;53.7;53.623258;-1.0713143e-11;0.28;-1.1903492e-11;0.28
2025-06-06 12:00:00;0.0;64.1;64.023265;-3.3070174e-12;0.28;-3.6744638e-12;0.28
2025-06-06 13:00:00;0.0;90.89999999999999;90.82325;-1.5606329e-11;0.28;-1.7340365e-11;0.28
2025-06-06 14:00:00;0.0;116.0;115.76977;-6.0842952e-12;0.84;-6.760328e-12;0.84
2025-06-06 15:00:00;0.0;101.99999999999999;101.76972;0.0;0.84;0.0;0.84
2025-06-06 16:00:00;0.0;106.0;105.76967;0.0;0.84;0.0;0.84
2025-06-06 17:00:00;0.0;85.1;85.1;0.0;0.0;0.0;0.0
2025-06-06 18:00:00;0.0;59.9;59.9;0.0;0.0;0.0;0.0
2025-06-06 19:00:00;0.0;87.0;87.0;0.0;0.0;0.0;0.0
2025-06-06 20:00:00;0.0;65.1;64.839448;0.0;0.95;0.0;0.95
2025-06-06 21:00:00;0.0;31.1;30.839448;0.0;0.95;0.0;0.95
2025-06-06 22:00:00;0.0;10.5;10.239448;0.0;0.95;4.2574459e-28;0.95
2025-06-06 23:00:00;0.0;2.07;0.059638885;0.0;7.33;0.0;7.329999999999999
2025-06-07 00:00:00;2.0103611;0.0;-1.7052394e-10;0.0;7.33;0.0;7.329999999999999
2025-06-07 01:00:00;2.0103611;0.0;-1.7020154e-10;-1.0579649e-12;7.33;-1.1755165e-12;7.329999999999999
2025-06-07 02:00:00;1.6263904;0.0;-1.6987914e-10;0.0;5.93;0.0;5.93
2025-06-07 03:00:00;1.6263904;0.0;-1.6955675e-10;-1.0579649e-12;5.93;-1.1755165e-12;5.93
2025-06-07 04:00:00;1.6263904;0.0;-1.6923433e-10;-2.1159297e-12;5.93;-2.351033e-12;5.93
2025-06-07 05:00:00;1.3274417;0.0;-1.6891193e-10;0.0;4.84;0.0;4.84
2025-06-07 06:00:00;1.3274417;0.0;-1.6858954e-10;-1.0579649e-12;4.84;-1.1755165e-12;4.84
2025-06-07 07:00:00;1.3274417;0.0;-1.6826712e-10;-2.1159297e-12;4.84;-2.351033e-12;4.84
2025-06-07 08:00:00;0.0;2.85;2.0848921;0.0;2.79;0.0;2.79
2025-06-07 09:00:00;0.0;15.5;14.735114;-1.0585319e-12;2.79;-1.1761466e-12;2.79
2025-06-07 10:00:00;0.0;24.0;23.235019;-3.1739348e-12;2.79;-3.5265943e-12;2.79
2025-06-07 11:00:00;0.0;27.7;27.535493;-1.0581821e-12;0.6;-1.1757579e-12;0.6
2025-06-07 12:00:00;0.0;54.0;53.835493;-4.3652227e-12;0.6;-4.8502474e-12;0.6
2025-06-07 13:00:00;0.0;84.9;84.735514;-8.1999367e-12;0.6;-9.1110408e-12;0.6
2025-06-07 14:00:00;0.0;92.3;92.278071;-6.3481041e-12;0.08;-7.053449e-12;0.08
2025-06-07 15:00:00;0.0;79.8;79.77807;-2.750842e-11;0.08;-3.0564911e-11;0.08
2025-06-07 16:00:00;0.0;93.6;93.578064;-1.1637995e-11;0.08;-1.2931105e-11;0.08
2025-06-07 17:00:00;0.0;63.0;62.681853;0.0;1.16;0.0;1.16
2025-06-07 18:00:00;0.0;90.2;89.881853;-1.0579649e-12;1.16;-1.1755165e-12;1.16
2025-06-07 19:00:00;0.0;83.1;82.781853;0.0;1.16;0.0;1.16
2025-06-07 20:00:00;0.0;55.2;53.743654;0.0;5.31;0.0;5.31
2025-06-07 21:00:00;0.0;21.5;20.043654;-6.0836528e-12;5.31;-6.7596142e-12;5.31
2025-06-07 22:00:00;0.0;8.92;7.4636538;-7.1416176e-12;5.31;-7.9351307e-12;5.31
2025-06-07 23:00:00;0.38292702;0.95;0.0;0.0;4.86;0.0;4.86
2025-06-08 00:00:00;1.332927;0.0;-1.6794472e-10;0.0;4.86;0.0;4.86
2025-06-08 01:00:00;1.332927;0.0;-1.6725926e-10;-1.0579632e-12;4.86;-1.1755147e-12;4.86
2025-06-08 02:00:00;1.1052872;0.0;-1.6729991e-10;0.0;4.03;0.0;4.03
2025-06-08 03:00:00;1.1052872;0.0;-1.6697751e-10;-1.0579649e-12;4.03;-1.1755165e-12;4.03
2025-06-08 04:00:00;1.1052872;0.0;-1.6665511e-10;-2.1159297e-12;4.03;-2.351033e-12;4.03
2025-06-08 05:00:00;1.6922139;0.0;0.0;0.0;6.17;0.0;6.17
2025-06-08 06:00:00;1.6922139;0.0;0.0;-1.0579649e-12;6.17;-1.1755165e-12;6.17
2025-06-08 07:00:00;1.3922139;0.3;0.0;-2.1159297e-12;6.17;-2.351033e-12;6.17
2025-06-08 08:00:00;0.0;5.32;4.4207366;0.0;3.28;0.0;3.28
2025-06-08 09:00:00;0.0;11.4;10.500702;-1.0588026e-12;3.28;-1.1764474e-12;3.28
2025-06-08 10:00:00;0.0;28.6;27.700823;-2.1164942e-12;3.28;-2.3516602e-12;3.28
2025-06-08 11:00:00;0.0;30.8;29.92023;0.0;3.21;0.0;3.21
2025-06-08 12:00:00;0.0;36.1;35.220223;-2.7772846e-12;3.21;-3.0858718e-12;3.21
2025-06-08 13:00:00;0.0;52.7;51.820353;-3.1738085e-12;3.21;-3.5264539e-12;3.21
2025-06-08 14:00:00;0.0;52.00000000000001;51.59168;-3.8345968e-12;1.49;-4.2606632e-12;1.49
2025-06-08 15:00:00;0.0;124.99999999999999;124.59163;-3.834878e-12;1.49;-4.2609755e-12;1.49
2025-06-08 16:00:00;0.0;86.1;85.691525;-5.9507279e-12;1.49;-6.6119199e-12;1.49
2025-06-08 17:00:00;0.0;76.6;75.730739;0.0;3.17;0.0;3.17
2025-06-08 18:00:00;0.0;103.0;102.13058;0.0;3.17;8.5148918e-28;3.17
2025-06-08 19:00:00;0.0;85.3;84.430581;0.0;3.17;0.0;3.17
2025-06-08 20:00:00;0.0;63.8;62.061161;0.0;6.34;0.0;6.34
2025-06-08 21:00:00;0.0;34.9;33.161161;-5.3049725e-13;6.34;-5.8944139e-13;6.34
2025-06-08 22:00:00;0.0;15.1;13.361161;-3.440497e-12;6.34;-3.8227744e-12;6.34
2025-06-08 23:00:00;0.089273198;2.7;0.0;0.0;10.17;0.0;10.17
2025-06-09 00:00:00;2.7892732;0.0;0.0;0.0;10.17;0.0;10.17
2025-06-09 01:00:00;2.7892732;0.0;0.0;-1.0579649e-12;10.17;-1.1755165e-12;10.17
2025-06-09 02:00:00;2.2325156;0.0;0.0;0.0;8.14;0.0;8.14
2025-06-09 03:00:00;2.2325156;0.0;0.0;-1.0579649e-12;8.14;-1.1755165e-12;8.14
2025-06-09 04:00:00;2.2325156;0.0;0.0;-2.1159297e-12;8.14;-2.351033e-12;8.14
2025-06-09 05:00:00;1.4974859;0.0;-1.6673643e-10;0.0;5.46;0.0;5.46
2025-06-09 06:00:00;1.4974859;0.0;0.0;-1.0579649e-12;5.46;-1.1755165e-12;5.46
2025-06-09 07:00:00;0.99722798;0.5;0.0;-2.1161404e-12;5.46;-2.3512671e-12;5.46
2025-06-09 08:00:00;0.0;5.57;5.3205254;-1.0579793e-12;0.91;-1.1755326e-12;0.9099999999999999
2025-06-09 09:00:00;0.0;17.6;17.35056;-3.9717224e-13;0.91;-4.4130249e-13;0.9099999999999999
2025-06-09 10:00:00;0.0;37.4;37.150512;0.0;0.91;0.0;0.9099999999999999
2025-06-09 11:00:00;0.0;67.9;67.839699;0.0;0.22;0.0;0.21999999999999997
2025-06-09 12:00:00;0.0;101.0;100.93969;-4.2321643e-12;0.22;-4.7024048e-12;0.21999999999999997
2025-06-09 13:00:00;0.0;121.0;120.93968;-1.0581716e-12;0.22;-1.1757462e-12;0.21999999999999997
2025-06-09 14:00:00;0.0;131.0;130.93145;-1.0713914e-11;0.25;-1.1904348e-11;0.25
2025-06-09 15:00:00;0.0;105.0;104.93145;-5.0130159e-11;0.25;-5.5700176e-11;0.25
2025-06-09 16:00:00;0.0;77.7;77.631446;0.0;0.25;0.0;0.25
2025-06-09 17:00:00;0.0;50.9;50.831438;-1.3490576e-11;0.25;-1.4989529e-11;0.25
2025-06-09 18:00:00;0.0;47.699999999999996;47.631434;0.0;0.25;0.0;0.25
2025-06-09 19:00:00;0.0;63.300000000000004;63.231434;0.0;0.25;0.0;0.25
2025-06-09 20:00:00;0.0;45.1;44.337544;0.0;2.78;0.0;2.78
2025-06-09 21:00:00;0.0;37.8;37.037544;0.0;2.78;0.0;2.78
2025-06-09 22:00:00;0.0;15.000000000000002;14.237544;0.0;2.78;0.0;2.78
2025-06-09 23:00:00;0.0;3.9;1.0833003;0.0;10.27;0.0;10.27
2025-06-10 00:00:00;2.8166997;0.0;-1.660103e-10;0.0;10.27;0.0;10.27
2025-06-10 01:00:00;2.8166997;0.0;-1.656879e-10;-1.0579649e-12;10.27;-1.1755165e-12;10.27
2025-06-10 02:00:00;1.777236;0.0;-1.653655e-10;0.0;6.48;0.0;6.48
2025-06-10 03:00:00;1.777236;0.0;-1.6504309e-10;-1.0579682e-12;6.48;-1.1755202e-12;6.48
2025-06-10 04:00:00;1.777236;0.0;-1.6435763e-10;-2.115933e-12;6.48;-2.3510367e-12;6.48
2025-06-10 05:00:00;0.83925034;0.0;-1.6439829e-10;-1.0598583e-12;3.06;-1.1776204e-12;3.06
2025-06-10 06:00:00;0.83925034;0.0;-1.6407588e-10;-2.1178232e-12;3.06;-2.3531369e-12;3.06
2025-06-10 07:00:00;0.33916117;0.5;0.0;0.0;3.06;0.0;3.06
2025-06-10 08:00:00;0.0;5.1;5.0561208;-6.3478046e-12;0.16;-7.0531162e-12;0.16
2025-06-10 09:00:00;0.0;15.000000000000002;14.956127;-4.2319326e-12;0.16;-4.7021474e-12;0.16
2025-06-10 10:00:00;0.0;23.6;23.556127;-3.1739702e-12;0.16;-3.5266336e-12;0.16
2025-06-10 11:00:00;0.0;33.7;33.697258;-1.3887933e-11;0.01;-1.5431037e-11;0.01
2025-06-10 12:00:00;0.0;50.3;50.297259;-6.0839816e-12;0.01;-6.7599795e-12;0.01
2025-06-10 13:00:00;0.0;82.6;82.597258;0.0;0.01;0.0;0.01
2025-06-10 14:00:00;0.0;115.0;114.98629;0.0;0.05;0.0;0.05
2025-06-10 15:00:00;0.0;101.99999999999999;101.98629;-9.3965452e-12;0.05;-1.0440606e-11;0.05
2025-06-10 16:00:00;0.0;106.0;105.98629;-7.1420975e-12;0.05;-7.9356639e-12;0.05
2025-06-10 17:00:00;0.0;66.2;66.049154;-4.892427e-12;0.55;-5.43603e-12;0.55
2025-06-10 18:00:00;0.0;49.7;49.549154;-7.1417756e-12;0.55;-7.9353062e-12;0.55
2025-06-10 19:00:00;0.0;33.4;33.249154;-8.1997405e-12;0.55;-9.1108228e-12;0.55
2025-06-10 20:00:00;0.0;37.1;36.356742;0.0;2.71;0.0;2.71
2025-06-10 21:00:00;0.0;35.9;35.156742;-1.0579649e-12;2.71;-1.1755165e-12;2.71
2025-06-10 22:00:00;0.0;11.4;10.656742;-2.1159297e-12;2.71;-2.351033e-12;2.71
2025-06-10 23:00:00;0.20066281;2.35;0.0;0.0;9.3;0.0;9.3
2025-06-11 00:00:00;2.5506628;0.0;-1.6375348e-10;-1.0565323e-12;9.3;-1.1739248e-12;9.3
2025-06-11 01:00:00;2.5506628;0.0;-1.6343108e-10;-2.1144972e-12;9.3;-2.3494413e-12;9.3
2025-06-11 02:00:00;2.6411702;0.0;-1.6310868e-10;0.0;9.63;0.0;9.63
2025-06-11 03:00:00;2.6411702;0.0;-1.6278627e-10;-1.0579649e-12;9.63;-1.1755165e-12;9.63
2025-06-11 04:00:00;2.6411702;0.0;-1.6246387e-10;-2.1159297e-12;9.63;-2.351033e-12;9.63
2025-06-11 05:00:00;2.0021332;0.0;-1.6181903e-10;0.0;7.3;0.0;7.300000000000001
2025-06-11 06:00:00;2.0021332;0.0;-1.2707998e-10;0.0;7.3;0.0;7.300000000000001
2025-06-11 07:00:00;1.251695;0.75;0.0;0.0;7.3;0.0;7.300000000000001
2025-06-11 08:00:00;0.0;4.8;4.5039252;-1.0580366e-12;1.08;-1.1755962e-12;1.08
2025-06-11 09:00:00;0.0;11.300000000000002;11.003994;-2.1159317e-12;1.08;-2.3510352e-12;1.08
2025-06-11 10:00:00;0.0;34.1;33.804049;0.0;1.08;0.0;1.08
2025-06-11 11:00:00;0.0;76.4;76.380821;0.0;0.07;0.0;0.07
2025-06-11 12:00:00;0.0;95.80000000000001;95.780824;0.0;0.07;0.0;0.07
2025-06-11 13:00:00;0.0;114.0;113.98082;-1.0581086e-12;0.07;-1.1756762e-12;0.07
2025-06-11 14:00:00;0.0;144.0;144.0;0.0;0.0;0.0;0.0
2025-06-11 15:00:00;0.0;158.0;158.0;0.0;0.0;0.0;0.0
2025-06-11 16:00:00;0.0;157.0;157.0;0.0;0.0;0.0;0.0
2025-06-11 17:00:00;0.0;149.0;149.0;0.0;0.0;0.0;0.0
2025-06-11 18:00:00;0.0;132.0;132.0;0.0;0.0;0.0;0.0
2025-06-11 19:00:00;0.0;108.99999999999999;109.0;0.0;0.0;0.0;0.0
2025-06-11 20:00:00;0.0;77.9;77.592823;0.0;1.12;0.0;1.12
2025-06-11 21:00:00;0.0;43.1;42.792823;0.0;1.12;0.0;1.12
2025-06-11 22:00:00;0.0;14.5;14.192823;0.0;1.12;0.0;1.12
2025-06-11 23:00:00;0.0;2.88;1.4017126;0.0;5.39;0.0;5.39
2025-06-12 00:00:00;1.4782874;0.0;-1.6181908e-10;-4.8128479e-10;5.39;-5.3476088e-10;5.39
2025-06-12 01:00:00;1.4782874;0.0;-1.6149666e-10;0.0;5.39;8.5148918e-28;5.39
2025-06-12 02:00:00;1.036721;0.0;-1.6117426e-10;0.0;3.78;0.0;3.78
2025-06-12 03:00:00;1.036721;0.0;-1.6085187e-10;-1.0579649e-12;3.78;-1.1755165e-12;3.78
2025-06-12 04:00:00;1.036721;0.0;-1.6052946e-10;-2.1159297e-12;3.78;-2.351033e-12;3.78
2025-06-12 05:00:00;0.92152979;0.0;-5.2370299e-13;0.0;3.36;0.0;3.36
2025-06-12 06:00:00;0.92150492;0.0;-7.0565783e-12;0.0;3.36;0.0;3.36
2025-06-12 07:00:00;0.32123388;0.6;0.0;0.0;3.36;0.0;3.36
2025-06-12 08:00:00;0.0;4.33;4.1463547;-7.1421345e-12;0.67;-7.935705e-12;0.67
2025-06-12 09:00:00;0.0;10.899999999999999;10.716402;-7.1423175e-12;0.67;-7.9359083e-12;0.67
2025-06-12 10:00:00;0.0;32.5;32.31644;-8.5972025e-12;0.67;-9.5524472e-12;0.67
2025-06-12 11:00:00;0.0;72.8;72.594551;0.0;0.75;0.0;0.75
2025-06-12 12:00:00;0.0;107.0;106.79456;-3.1741186e-12;0.75;-3.5267985e-12;0.75
2025-06-12 13:00:00;0.0;132.0;131.79456;-3.8354965e-12;0.75;-4.2616627e-12;0.75
2025-06-12 14:00:00;0.0;150.0;149.61098;-8.2006502e-12;1.42;-9.1118335e-12;1.42
2025-06-12 15:00:00;0.0;157.0;156.61089;0.0;1.42;0.0;1.42
2025-06-12 16:00:00;0.0;156.0;155.61082;-9.2584022e-12;1.42;-1.0287114e-11;1.42
2025-06-12 17:00:00;0.0;149.0;148.78069;-5.0260333e-12;0.8;-5.5844814e-12;0.8
2025-06-12 18:00:00;0.0;127.00000000000001;126.78062;-2.1158844e-12;0.8;-2.3509826e-12;0.8
2025-06-12 19:00:00;0.0;103.0;102.78059;0.0;0.8;0.0;0.8
2025-06-12 20:00:00;0.0;65.9;65.869831;-1.6927578e-11;0.11;-1.880842e-11;0.10999999999999999
2025-06-12 21:00:00;0.0;36.6;36.569831;-2.1159988e-12;0.11;-2.3511098e-12;0.10999999999999999
2025-06-12 22:00:00;0.0;16.1;16.069831;-8.1999149e-12;0.11;-9.1110166e-12;0.10999999999999999
2025-06-12 23:00:00;0.0;3.35;3.35;0.0;0.0;0.0;0.0
2025-06-13 00:00:00;0.0;0.0;0.0;0.0;0.0;0.0;0.0
2025-06-13 01:00:00;0.0;0.0;0.0;0.0;0.0;0.0;0.0
2025-06-13 02:00:00;0.11519122;0.0;-1.6061077e-10;-1.3754282e-11;0.42;-1.5282535e-11;0.42
2025-06-13 03:00:00;0.11519122;0.0;-1.5988465e-10;-1.6928291e-11;0.42;-1.8809212e-11;0.42
2025-06-13 04:00:00;0.11519122;0.0;-1.5956225e-10;-1.9044271e-11;0.42;-2.1160301e-11;0.42
2025-06-13 05:00:00;0.085022093;0.0;-1.5923984e-10;0.0;0.31;0.0;0.31
2025-06-13 06:00:00;0.085019912;0.0;-7.6209579e-12;-2.1160314e-12;0.31;-2.351146e-12;0.31
2025-06-13 07:00:00;0.0;0.7000000000000002;0.61500304;-8.2000151e-12;0.31;-9.1111279e-12;0.31
2025-06-13 08:00:00;0.0;4.57;4.2739658;-5.0261983e-12;1.08;-5.5846648e-12;1.08
2025-06-13 09:00:00;0.0;12.0;11.704038;-2.116336e-12;1.08;-2.3514844e-12;1.08
2025-06-13 10:00:00;0.0;30.9;30.604076;-8.5973441e-12;1.08;-9.5526046e-12;1.08
2025-06-13 11:00:00;0.0;60.8;60.161729;-3.9648439e-13;2.33;-4.4053821e-13;2.33
2025-06-13 12:00:00;0.0;94.0;93.361759;0.0;2.33;0.0;2.33
2025-06-13 13:00:00;0.0;122.0;121.3617;-1.0577083e-12;2.33;-1.1752315e-12;2.33
2025-06-13 14:00:00;0.0;136.0;135.67946;-6.4812874e-12;1.17;-7.2014305e-12;1.17
2025-06-13 15:00:00;0.0;145.0;144.67941;-9.258579e-12;1.17;-1.028731e-11;1.17
2025-06-13 16:00:00;0.0;146.0;145.67933;-5.0262401e-12;1.17;-5.5847112e-12;1.17
2025-06-13 17:00:00;0.0;126.0;125.81632;-1.0316372e-11;0.67;-1.1462636e-11;0.67
2025-06-13 18:00:00;0.0;122.0;121.81627;0.0;0.67;0.0;0.67
2025-06-13 19:00:00;0.0;99.8;99.616243;-1.058048e-11;0.67;-1.1756089e-11;0.67
2025-06-13 20:00:00;0.0;70.8;70.709493;-2.8833685e-11;0.33;-3.2037428e-11;0.33
2025-06-13 21:00:00;0.0;39.5;39.409493;-3.0418775e-11;0.33;-3.3798639e-11;0.33
2025-06-13 22:00:00;0.0;13.9;13.809493;-3.2668124e-11;0.33;-3.6297916e-11;0.33
2025-06-13 23:00:00;0.0;2.65;2.5402941;0.0;0.4;0.0;0.4
2025-06-14 00:00:00;0.10970593;0.0;-1.5928051e-10;0.0;0.4;8.5148918e-28;0.4
2025-06-14 01:00:00;0.10970593;0.0;-1.5895811e-10;-1.0579649e-12;0.4;-1.1755165e-12;0.4
2025-06-14 02:00:00;0.032911778;0.0;-1.586357e-10;-1.0579517e-12;0.12;-1.1755019e-12;0.12000000000000001
2025-06-14 03:00:00;0.032911778;0.0;-1.5758716e-10;-2.1159166e-12;0.12;-2.3510184e-12;0.12000000000000001
2025-06-14 04:00:00;0.032911778;0.0;-1.579909e-10;-3.1738814e-12;0.12;-3.5265349e-12;0.12000000000000001
2025-06-14 05:00:00;0.14536035;0.0;-1.5670129e-10;-6.3478288e-12;0.53;-7.0531431e-12;0.53
2025-06-14 06:00:00;0.1453485;0.0;0.0;0.0;0.53;0.0;0.53
2025-06-14 07:00:00;0.0;0.9;0.75469139;-1.6663869e-11;0.53;-1.851541e-11;0.53
2025-06-14 08:00:00;0.0;7.55;6.842835;-2.7766406e-12;2.58;-3.0851562e-12;2.58
2025-06-14 09:00:00;0.0;17.4;16.693017;-3.8346413e-12;2.58;-4.2607126e-12;2.58
2025-06-14 10:00:00;0.0;36.3;35.593129;0.0;2.58;0.0;2.58
2025-06-14 11:00:00;0.0;59.3;58.683626;-1.0575738e-12;2.25;-1.175082e-12;2.25
2025-06-14 12:00:00;0.0;98.0;97.383567;0.0;2.25;0.0;2.25
2025-06-14 13:00:00;0.0;117.0;116.38348;-3.9686847e-13;2.25;-4.4096497e-13;2.25
2025-06-14 14:00:00;0.0;133.0;133.0;0.0;0.0;0.0;0.0
2025-06-14 15:00:00;0.0;134.0;134.0;0.0;0.0;0.0;0.0
2025-06-14 16:00:00;0.0;55.699999999999996;55.7;0.0;0.0;0.0;0.0
2025-06-14 17:00:00;0.0;37.9;37.801293;0.0;0.36;0.0;0.36
2025-06-14 18:00:00;0.0;18.9;18.801265;0.0;0.36;0.0;0.36
2025-06-14 19:00:00;0.0;46.0;45.901265;0.0;0.36;0.0;0.36
2025-06-14 20:00:00;0.0;61.6;61.416243;0.0;0.67;0.0;0.67
2025-06-14 21:00:00;0.0;44.7;44.516243;0.0;0.67;0.0;0.67
2025-06-14 22:00:00;0.0;13.7;13.516243;-1.2696474e-11;0.67;-1.4107193e-11;0.67
2025-06-14 23:00:00;0.0;1.53;1.3846396;-1.2431745e-11;0.53;-1.381305e-11;0.53
2025-06-15 00:00:00;0.14536035;0.0;-1.5601582e-10;-8.4637585e-12;0.53;-9.4041762e-12;0.53
2025-06-15 01:00:00;0.14536035;0.0;-1.5569342e-10;-4.8525281e-10;0.53;-5.3916978e-10;0.53
2025-06-15 02:00:00;0.03016913;0.0;-1.5537101e-10;0.0;0.11;0.0;0.10999999999999999
2025-06-15 03:00:00;0.03016913;0.0;-1.5504862e-10;0.0;0.11;0.0;0.10999999999999999
2025-06-15 04:00:00;0.03016913;0.0;-1.5375901e-10;0.0;0.11;0.0;0.10999999999999999
2025-06-15 05:00:00;1.434405;0.0;-1.5279179e-10;0.0;5.23;0.0;5.23
2025-06-15 06:00:00;1.434405;0.0;-1.5283245e-10;-1.0579649e-12;5.23;-1.1755165e-12;5.23
2025-06-15 07:00:00;1.434405;0.0;-1.5251005e-10;-2.1159297e-12;5.23;-2.351033e-12;5.23
2025-06-15 08:00:00;0.48988268;0.3;-4.1514447e-12;0.0;2.88;8.5148918e-28;2.88
2025-06-15 09:00:00;0.0;3.0;2.2103015;0.0;2.88;0.0;2.88
2025-06-15 10:00:00;0.0;12.5;11.710287;0.0;2.88;0.0;2.88
2025-06-15 11:00:00;0.0;35.6;35.6;0.0;0.0;0.0;0.0
2025-06-15 12:00:00;0.0;76.6;76.6;0.0;0.0;0.0;0.0
2025-06-15 13:00:00;0.0;74.8;74.8;0.0;0.0;0.0;0.0
2025-06-15 14:00:00;0.0;90.8;90.791774;-2.1693272e-11;0.03;-2.4103636e-11;0.030000000000000002
2025-06-15 15:00:00;0.0;74.8;74.791775;-1.2432104e-11;0.03;-1.3813449e-11;0.030000000000000002
2025-06-15 16:00:00;0.0;83.6;83.591774;0.0;0.03;0.0;0.030000000000000002
2025-06-15 17:00:00;0.0;131.0;130.87111;-1.0316068e-11;0.47;-1.1462298e-11;0.47
2025-06-15 18:00:00;0.0;101.99999999999999;101.8711;-2.1160901e-12;0.47;-2.3512112e-12;0.47
2025-06-15 19:00:00;0.0;46.49999999999999;46.371096;0.0;0.47;0.0;0.47
2025-06-15 20:00:00;0.0;53.4;53.339662;0.0;0.22;0.0;0.21999999999999997
2025-06-15 21:00:00;0.0;41.5;41.439662;0.0;0.22;0.0;0.21999999999999997
2025-06-15 22:00:00;0.0;26.600000000000005;26.539662;-1.9830091e-12;0.22;-2.2033435e-12;0.21999999999999997
2025-06-15 23:00:00;0.0;7.65;6.9122276;-6.4599719e-13;2.69;-7.1777466e-13;2.69
2025-06-16 00:00:00;0.53777236;0.2;-3.1435904e-12;-1.7039621e-12;2.69;-1.8932912e-12;2.69
2025-06-16 01:00:00;0.73777236;0.0;-1.5182459e-10;-4.9330497e-10;2.69;-5.4811663e-10;2.69
2025-06-16 02:00:00;2.3970745;0.0;-1.5150219e-10;0.0;8.74;0.0;8.74
2025-06-16 03:00:00;2.3970745;0.0;-1.5117979e-10;-1.0579649e-12;8.74;-1.1755165e-12;8.74
2025-06-16 04:00:00;2.3970745;0.0;-1.5085737e-10;-2.1159297e-12;8.74;-2.351033e-12;8.74
2025-06-16 05:00:00;1.3301844;0.0;-5.2370299e-13;0.0;4.85;0.0;4.85
2025-06-16 06:00:00;1.3301511;0.0;-5.2369644e-13;0.0;4.85;0.0;4.85
2025-06-16 07:00:00;0.32978666;1.0;0.0;0.0;4.85;0.0;4.85
2025-06-16 08:00:00;0.0;4.9;4.7958395;-1.692816e-11;0.38;-1.8809067e-11;0.38
2025-06-16 09:00:00;0.0;12.0;11.895866;0.0;0.38;0.0;0.38
2025-06-16 10:00:00;0.0;32.1;31.995867;-1.0581177e-12;0.38;-1.1756863e-12;0.38
2025-06-16 11:00:00;0.0;70.6;70.6;0.0;0.0;0.0;0.0
2025-06-16 12:00:00;0.0;104.00000000000001;104.0;0.0;0.0;0.0;0.0
2025-06-16 13:00:00;0.0;127.00000000000001;127.0;0.0;0.0;0.0;0.0
2025-06-16 14:00:00;0.0;142.0;141.72589;-1.8780293e-11;1.0;-2.0866992e-11;1.0
2025-06-16 15:00:00;0.0;136.0;135.72584;-1.2432249e-11;1.0;-1.381361e-11;1.0
2025-06-16 16:00:00;0.0;107.0;106.7258;-1.9838042e-11;1.0;-2.2042269e-11;1.0
2025-06-16 17:00:00;0.0;103.0;102.8574;-8.1998504e-12;0.52;-9.1109449e-12;0.52
2025-06-16 18:00:00;0.0;86.9;86.757382;0.0;0.52;0.0;0.52
2025-06-16 19:00:00;0.0;93.3;93.157382;0.0;0.52;0.0;0.52
2025-06-16 20:00:00;0.0;64.8;64.528478;0.0;0.99;0.0;0.9900000000000001
2025-06-16 21:00:00;0.0;41.3;41.028478;0.0;0.99;0.0;0.9900000000000001
2025-06-16 22:00:00;0.0;15.4;15.128478;0.0;0.99;0.0;0.9900000000000001
2025-06-16 23:00:00;0.0;3.38;2.9686028;-3.1740131e-12;1.5;-3.5266812e-12;1.5
2025-06-17 00:00:00;0.31139723;0.1;-3.7884314e-12;0.0;1.5;0.0;1.5
2025-06-17 01:00:00;0.41139723;0.0;-1.5053497e-10;-4.2319779e-12;1.5;-4.7021977e-12;1.5
2025-06-17 02:00:00;1.1573975;0.0;-1.5021256e-10;0.0;4.22;0.0;4.22
2025-06-17 03:00:00;1.1573975;0.0;-1.4989016e-10;-1.0579649e-12;4.22;-1.1755165e-12;4.22
2025-06-17 04:00:00;1.1573975;0.0;-1.8683661e-10;0.0;4.22;0.0;4.22
2025-06-17 05:00:00;1.3466403;0.0;-5.2370299e-13;0.0;4.91;0.0;4.91
2025-06-17 06:00:00;1.3465828;0.0;-9.635591e-12;0.0;4.91;0.0;4.91
2025-06-17 07:00:00;0.34619151;1.0;0.0;0.0;4.91;0.0;4.91
2025-06-17 08:00:00;0.0;4.63;4.6272591;0.0;0.01;0.0;0.01
2025-06-17 09:00:00;0.0;10.8;10.79726;-2.1160793e-12;0.01;-2.3511992e-12;0.01
2025-06-17 10:00:00;0.0;31.8;31.79726;-1.6664597e-11;0.01;-1.8516219e-11;0.01
2025-06-17 11:00:00;0.0;70.6;70.347975;-6.0842691e-12;0.92;-6.760299e-12;0.9199999999999999
2025-06-17 12:00:00;0.0;104.00000000000001;103.74799;0.0;0.92;0.0;0.9199999999999999
2025-06-17 13:00:00;0.0;124.99999999999999;124.74797;-6.4810208e-12;0.92;-7.2011342e-12;0.9199999999999999
2025-06-17 14:00:00;0.0;135.0;134.63559;-5.4229508e-12;1.33;-6.0255009e-12;1.33
2025-06-17 15:00:00;0.0;135.0;134.63553;-1.057833e-12;1.33;-1.17537e-12;1.33
2025-06-17 16:00:00;0.0;146.0;145.63547;0.0;1.33;0.0;1.33
2025-06-17 17:00:00;0.0;146.0;145.70118;0.0;1.09;0.0;1.09
2025-06-17 18:00:00;0.0;120.00000000000001;119.70109;0.0;1.09;0.0;1.09
2025-06-17 19:00:00;0.0;104.00000000000001;103.70105;0.0;1.09;0.0;1.09
2025-06-17 20:00:00;0.0;77.7;77.634176;0.0;0.24;0.0;0.24000000000000002
2025-06-17 21:00:00;0.0;45.0;44.934176;0.0;0.24;0.0;0.24000000000000002
2025-06-17 22:00:00;0.0;11.8;11.734176;0.0;0.24;0.0;0.24000000000000002
2025-06-17 23:00:00;0.0;1.98;1.7880146;-5.5540013e-12;0.7;-6.1711125e-12;0.7
2025-06-18 00:00:00;0.19198537;0.0;-3.7246108e-11;0.0;0.7;0.0;0.7
2025-06-18 01:00:00;0.19198537;0.0;-1.4924532e-10;0.0;0.7;0.0;0.7
2025-06-18 02:00:00;0.37300015;0.0;-1.4924536e-10;-4.231942e-12;1.36;-4.7021578e-12;1.36
2025-06-18 03:00:00;0.37300015;0.0;-1.4892295e-10;-6.3479762e-12;1.36;-7.0533069e-12;1.36
2025-06-18 04:00:00;0.37300015;0.0;-2.0412984e-10;0.0;1.36;0.0;1.36
2025-06-18 05:00:00;0.88587536;0.0;-5.2370299e-13;0.0;3.23;0.0;3.23
2025-06-18 06:00:00;0.88586189;0.0;-5.23699e-13;0.0;3.23;0.0;3.23
2025-06-18 07:00:00;0.085643634;0.8;0.0;0.0;3.23;0.0;3.23
2025-06-18 08:00:00;0.0;4.78;4.7114707;-4.0205831e-11;0.25;-4.4673146e-11;0.25
2025-06-18 09:00:00;0.0;13.300000000000002;13.231487;0.0;0.25;0.0;0.25
2025-06-18 10:00:00;0.0;33.5;33.431503;-1.0580656e-11;0.25;-1.1756284e-11;0.25
2025-06-18 11:00:00;0.0;69.8;69.435656;-6.4811532e-12;1.33;-7.2012814e-12;1.33
2025-06-18 12:00:00;0.0;98.0;97.635665;-8.5971677e-12;1.33;-9.5524085e-12;1.33
2025-06-18 13:00:00;0.0;120.00000000000001;119.63562;-7.5393788e-12;1.33;-8.3770875e-12;1.33
2025-06-18 14:00:00;0.0;134.0;133.66848;0.0;1.21;0.0;1.21
2025-06-18 15:00:00;0.0;150.0;149.66844;0.0;1.21;0.0;1.21
2025-06-18 16:00:00;0.0;151.0;150.66837;-1.0582143e-12;1.21;-1.1757937e-12;1.21
2025-06-18 17:00:00;0.0;145.0;144.81357;-2.1161511e-12;0.68;-2.351279e-12;0.68
2025-06-18 18:00:00;0.0;131.0;130.81352;0.0;0.68;0.0;0.68
2025-06-18 19:00:00;0.0;107.0;106.8135;0.0;0.68;0.0;0.68
2025-06-18 20:00:00;0.0;76.9;76.710757;0.0;0.69;0.0;0.69
2025-06-18 21:00:00;0.0;42.9;42.710757;0.0;0.69;0.0;0.69
2025-06-18 22:00:00;0.0;15.4;15.210757;0.0;0.69;0.0;0.69
2025-06-18 23:00:00;0.0;3.6499999999999995;3.5924044;0.0;0.21;0.0;0.21
2025-06-19 00:00:00;0.057595612;0.0;-6.0895529e-12;0.0;0.21;0.0;0.21
2025-06-19 01:00:00;0.057595611;0.0;-3.5425304e-10;0.0;0.21;0.0;0.21
2025-06-19 02:00:00;0.70760323;0.0;-1.4860056e-10;0.0;2.58;0.0;2.58
2025-06-19 03:00:00;0.70760323;0.0;-1.4763331e-10;0.0;2.58;0.0;2.58
2025-06-19 04:00:00;0.70760323;0.0;-1.4763334e-10;0.0;2.58;0.0;2.58
2025-06-19 05:00:00;1.1464269;0.0;-1.4537648e-10;0.0;4.18;0.0;4.18
2025-06-19 06:00:00;1.1463872;0.0;-9.877639e-12;-2.1160153e-12;4.18;-2.3511281e-12;4.18
2025-06-19 07:00:00;0.54606076;0.6;0.0;-3.1748109e-12;4.18;-3.5275677e-12;4.18
2025-06-19 08:00:00;0.0;4.08;4.063554;-7.1425081e-12;0.06;-7.9361201e-12;0.060000000000000005
2025-06-19 09:00:00;0.0;9.08;9.0635581;0.0;0.06;0.0;0.060000000000000005
2025-06-19 10:00:00;0.0;30.100000000000005;30.083561;-1.1374857e-11;0.06;-1.263873e-11;0.060000000000000005
2025-06-19 11:00:00;0.0;70.0;69.991782;-1.9177058e-11;0.03;-2.1307842e-11;0.030000000000000002
2025-06-19 12:00:00;0.0;104.00000000000001;103.99178;-3.147705e-11;0.03;-3.49745e-11;0.030000000000000002
2025-06-19 13:00:00;0.0;129.0;128.99178;-2.7244834e-11;0.03;-3.0272038e-11;0.030000000000000002
2025-06-19 14:00:00;0.0;145.0;145.0;0.0;0.0;0.0;0.0
2025-06-19 15:00:00;0.0;154.0;154.0;0.0;0.0;0.0;0.0
2025-06-19 16:00:00;0.0;155.0;155.0;0.0;0.0;0.0;0.0
2025-06-19 17:00:00;0.0;147.0;146.88486;-1.0316093e-11;0.42;-1.1462325e-11;0.42
2025-06-19 18:00:00;0.0;133.0;132.88483;0.0;0.42;0.0;0.42
2025-06-19 19:00:00;0.0;108.99999999999999;108.88481;0.0;0.42;0.0;0.42
2025-06-19 20:00:00;0.0;79.3;79.278059;0.0;0.08;0.0;0.08
2025-06-19 21:00:00;0.0;44.3;44.278059;0.0;0.08;0.0;0.08
2025-06-19 22:00:00;0.0;15.000000000000002;14.978059;-1.8250192e-11;0.08;-2.0277991e-11;0.08
2025-06-19 23:00:00;0.0;3.1;2.6364925;0.0;1.69;0.0;1.69
2025-06-20 00:00:00;0.36350754;0.1;-1.9344169e-12;0.0;1.69;0.0;1.69
2025-06-20 01:00:00;0.46350754;0.0;-1.968311e-10;0.0;1.69;0.0;1.69
2025-06-20 02:00:00;1.7333536;0.0;-1.4384493e-10;0.0;6.32;0.0;6.32
2025-06-20 03:00:00;1.7333536;0.0;-2.4947212e-10;0.0;6.32;0.0;6.32
2025-06-20 04:00:00;1.7333536;0.0;-2.5056027e-10;0.0;6.32;0.0;6.32
2025-06-20 05:00:00;1.8841993;0.0;-5.2370299e-13;0.0;6.87;0.0;6.869999999999999
2025-06-20 06:00:00;1.8841316;0.0;-5.2369358e-13;0.0;6.87;0.0;6.869999999999999
2025-06-20 07:00:00;1.3835902;0.5;0.0;0.0;6.87;0.0;6.869999999999999
2025-06-20 08:00:00;0.0;3.97;3.9453313;-9.5223127e-12;0.09;-1.0580347e-11;0.09
2025-06-20 09:00:00;0.0;9.18;9.1553376;-1.4812466e-11;0.09;-1.6458295e-11;0.09
2025-06-20 10:00:00;0.0;30.300000000000004;30.275343;-1.3754365e-11;0.09;-1.5282628e-11;0.09
2025-06-20 11:00:00;0.0;71.6;71.509602;-1.0580372e-11;0.33;-1.1755969e-11;0.33
2025-06-20 12:00:00;0.0;107.0;106.90961;-1.9839092e-11;0.33;-2.2043436e-11;0.33
2025-06-20 13:00:00;0.0;132.0;131.90961;-3.3989756e-11;0.33;-3.7766395e-11;0.33
2025-06-20 14:00:00;0.0;148.0;147.42196;0.0;2.11;0.0;2.11
2025-06-20 15:00:00;0.0;156.0;155.42186;-1.0579053e-12;2.11;-1.1754504e-12;2.11
2025-06-20 16:00:00;0.0;156.0;155.42172;-2.1162612e-12;2.11;-2.3514013e-12;2.11
2025-06-20 17:00:00;0.0;135.0;134.76972;0.0;0.84;0.0;0.84
2025-06-20 18:00:00;0.0;122.0;121.76965;0.0;0.84;0.0;0.84
2025-06-20 19:00:00;0.0;108.0;107.76962;0.0;0.84;0.0;0.84
2025-06-20 20:00:00;0.0;77.6;77.523206;0.0;0.28;0.0;0.28
2025-06-20 21:00:00;0.0;38.2;38.123206;0.0;0.28;0.0;0.28
2025-06-20 22:00:00;0.0;17.0;16.923206;0.0;0.28;0.0;0.28
2025-06-20 23:00:00;0.0;3.2800000000000002;3.2580588;0.0;0.08;0.0;0.08
2025-06-21 00:00:00;0.021941185;0.0;-1.2535106e-12;0.0;0.08;0.0;0.08
2025-06-21 01:00:00;0.021941185;0.0;-1.515826e-10;0.0;0.08;0.0;0.08
2025-06-21 02:00:00;0.51561786;0.0;-3.7568511e-11;0.0;1.88;0.0;1.88
2025-06-21 03:00:00;0.51561786;0.0;-2.5571871e-10;0.0;1.88;0.0;1.88
2025-06-21 04:00:00;0.51561786;0.0;-3.1427509e-10;0.0;1.88;0.0;1.88
2025-06-21 05:00:00;1.0751181;0.0;-1.4473169e-10;0.0;3.92;0.0;3.9200000000000004
2025-06-21 06:00:00;1.0750974;0.0;-6.9762122e-12;0.0;3.92;0.0;3.9200000000000004
2025-06-21 07:00:00;0.57478105;0.5;0.0;-1.0590338e-12;3.92;-1.1767042e-12;3.9200000000000004
2025-06-21 08:00:00;0.0;4.02;3.9295504;-1.983881e-11;0.33;-2.2043122e-11;0.33
2025-06-21 09:00:00;0.0;9.53;9.439575;-2.3013125e-11;0.33;-2.5570139e-11;0.33
2025-06-21 10:00:00;0.0;30.8;30.709594;-3.2535179e-11;0.33;-3.6150199e-11;0.33
2025-06-21 11:00:00;0.0;71.4;71.33152;-1.7061847e-11;0.25;-1.8957607e-11;0.25
2025-06-21 12:00:00;0.0;105.0;104.93152;-1.3491213e-11;0.25;-1.4990237e-11;0.25
2025-06-21 13:00:00;0.0;129.0;128.93152;-4.3649331e-12;0.25;-4.8499256e-12;0.25
2025-06-21 14:00:00;0.0;144.0;143.96987;0.0;0.11;0.0;0.10999999999999999
2025-06-21 15:00:00;0.0;151.0;150.96986;-1.0580883e-12;0.11;-1.1756537e-12;0.10999999999999999
2025-06-21 16:00:00;0.0;150.0;149.96985;-1.057942e-12;0.11;-1.1754912e-12;0.10999999999999999
2025-06-21 17:00:00;0.0;143.0;142.83826;-1.0579831e-12;0.59;-1.1755367e-12;0.59
2025-06-21 18:00:00;0.0;128.0;127.83822;0.0;0.59;0.0;0.59
2025-06-21 19:00:00;0.0;105.0;104.83818;0.0;0.59;0.0;0.59
2025-06-21 20:00:00;0.0;77.5;77.308015;0.0;0.7;0.0;0.7
2025-06-21 21:00:00;0.0;43.7;43.508015;0.0;0.7;0.0;0.7
2025-06-21 22:00:00;0.0;14.799999999999999;14.608015;0.0;0.7;0.0;0.7
2025-06-21 23:00:00;0.0;2.98;2.7797867;0.0;0.73;0.0;0.73
2025-06-22 00:00:00;0.10021332;0.1;-2.8211769e-12;0.0;0.73;0.0;0.73
2025-06-22 01:00:00;0.20021332;0.0;-1.4473172e-10;0.0;0.73;0.0;0.73
2025-06-22 02:00:00;0.03016913;0.0;-1.4440932e-10;0.0;0.11;0.0;0.10999999999999999
2025-06-22 03:00:00;0.03016913;0.0;-1.4408692e-10;-3.8686116e-10;0.11;-4.2984573e-10;0.10999999999999999
2025-06-22 04:00:00;0.03016913;0.0;-1.4376451e-10;-5.2898934e-12;0.11;-5.8776594e-12;0.10999999999999999
2025-06-22 05:00:00;0.0;0.0;0.0;0.0;0.0;0.0;0.0
2025-06-22 06:00:00;0.0;0.0;0.0;0.0;0.0;0.0;0.0
2025-06-22 07:00:00;0.0;0.9;0.9;0.0;0.0;0.0;0.0
2025-06-22 08:00:00;0.0;4.58;4.5279262;-1.9838632e-11;0.19;-2.2042925e-11;0.19
2025-06-22 09:00:00;0.0;9.88;9.8279397;-2.0235532e-11;0.19;-2.2483924e-11;0.19
2025-06-22 10:00:00;0.0;30.5;30.447949;-2.4467521e-11;0.19;-2.7186134e-11;0.19
2025-06-22 11:00:00;0.0;68.6;68.347994;-1.0581023e-12;0.92;-1.1756692e-12;0.9199999999999999
2025-06-22 12:00:00;0.0;98.69999999999999;98.447994;-8.5970641e-12;0.92;-9.5522934e-12;0.9199999999999999
2025-06-22 13:00:00;0.0;101.99999999999999;101.74798;-1.0713235e-11;0.92;-1.1903595e-11;0.9199999999999999
2025-06-22 14:00:00;0.0;136.0;136.0;0.0;0.0;0.0;0.0
2025-06-22 15:00:00;0.0;143.0;143.0;0.0;0.0;0.0;0.0
2025-06-22 16:00:00;0.0;132.0;132.0;0.0;0.0;0.0;0.0
2025-06-22 17:00:00;0.0;103.0;102.88484;-6.0839789e-12;0.42;-6.7599766e-12;0.42
2025-06-22 18:00:00;0.0;59.9;59.78482;-4.2320825e-12;0.42;-4.7023139e-12;0.42
2025-06-22 19:00:00;0.0;47.900000000000006;47.784809;0.0;0.42;0.0;0.42
2025-06-22 20:00:00;0.0;60.00000000000001;59.701051;0.0;1.09;0.0;1.09
2025-06-22 21:00:00;0.0;38.5;38.201051;0.0;1.09;0.0;1.09
2025-06-22 22:00:00;0.0;15.8;15.501051;-8.1999505e-12;1.09;-9.1110561e-12;1.09
2025-06-22 23:00:00;0.0;2.08;1.9922353;-3.3073224e-12;0.32;-3.6748026e-12;0.32
2025-06-23 00:00:00;0.087764742;0.0;-1.4380517e-10;0.0;0.32;0.0;0.32
2025-06-23 01:00:00;0.087764742;0.0;-1.4275664e-10;-1.0579649e-12;0.32;-1.1755165e-12;0.32
2025-06-23 02:00:00;0.27426482;0.0;-1.4316037e-10;-1.0579983e-11;1.0;-1.1755537e-11;1.0
2025-06-23 03:00:00;0.27426482;0.0;-1.4283797e-10;-1.2696015e-11;1.0;-1.4106683e-11;1.0
2025-06-23 04:00:00;0.27426482;0.0;-1.4215249e-10;-1.4812017e-11;1.0;-1.6457797e-11;1.0
2025-06-23 05:00:00;0.013713241;0.0;-1.411853e-10;-4.2600755e-10;0.05;-4.7334172e-10;0.05
2025-06-23 06:00:00;0.013713241;0.0;-1.4086289e-10;0.0;0.05;0.0;0.05
2025-06-23 07:00:00;0.0;1.0;0.98628945;-1.0579126e-12;0.05;-1.1754584e-12;0.05
2025-06-23 08:00:00;0.0;3.8;3.7917745;-1.0580017e-12;0.03;-1.1755574e-12;0.030000000000000002
2025-06-23 09:00:00;0.0;10.8;10.791774;-4.3653333e-12;0.03;-4.8503703e-12;0.030000000000000002
2025-06-23 10:00:00;0.0;30.7;30.691773;-1.746341e-11;0.03;-1.9403789e-11;0.030000000000000002
2025-06-23 11:00:00;0.0;36.4;36.331464;-1.91784e-11;0.25;-2.1309333e-11;0.25
2025-06-23 12:00:00;0.0;55.699999999999996;55.631495;0.0;0.25;0.0;0.25
2025-06-23 13:00:00;0.0;47.0;46.931489;-9.6556443e-12;0.25;-1.0728494e-11;0.25
2025-06-23 14:00:00;0.0;54.0;53.641048;-1.0316368e-11;1.31;-1.1462631e-11;1.31
2025-06-23 15:00:00;0.0;152.0;151.6409;-4.3651444e-12;1.31;-4.8501605e-12;1.31
2025-06-23 16:00:00;0.0;143.0;142.6409;-6.48137e-12;1.31;-7.2015222e-12;1.31
2025-06-23 17:00:00;0.0;129.0;128.80807;-2.1160394e-12;0.7;-2.3511549e-12;0.7
2025-06-23 18:00:00;0.0;105.0;104.80803;-4.3653468e-12;0.7;-4.8503853e-12;0.7
2025-06-23 19:00:00;0.0;82.5;82.308015;-5.2898582e-12;0.7;-5.8776202e-12;0.7
2025-06-23 20:00:00;0.0;66.2;66.024471;-4.0984773e-12;0.64;-4.5538636e-12;0.64
2025-06-23 21:00:00;0.0;47.2;47.024471;-7.2724825e-12;0.64;-8.0805361e-12;0.64
2025-06-23 22:00:00;0.0;16.6;16.424471;-8.3304474e-12;0.64;-9.2560527e-12;0.64
2025-06-23 23:00:00;0.0;3.68;2.0344111;-3.3062302e-12;6.0;-3.6735892e-12;6.0
2025-06-24 00:00:00;1.5455889;0.1;-3.1842834e-12;0.0;6.0;0.0;6.0
2025-06-24 01:00:00;1.6455889;0.0;-1.3929153e-10;-1.0579649e-12;6.0;-1.1755165e-12;6.0
2025-06-24 02:00:00;1.8512875;0.0;-1.3896913e-10;0.0;6.75;0.0;6.75
2025-06-24 03:00:00;1.8512875;0.0;-1.3864673e-10;-1.0579649e-12;6.75;-1.1755165e-12;6.75
2025-06-24 04:00:00;1.8512875;0.0;-1.3832433e-10;-2.1159297e-12;6.75;-2.351033e-12;6.75
2025-06-24 05:00:00;2.4190157;0.0;-1.3763886e-10;-1.0572952e-12;8.82;-1.1747724e-12;8.82
2025-06-24 06:00:00;2.4189835;0.0;-6.0090558e-12;0.0;8.82;0.0;8.82
2025-06-24 07:00:00;1.9684027;0.45;0.0;-2.1146676e-12;8.82;-2.3496307e-12;8.82
2025-06-24 08:00:00;0.0;3.8;3.5395823;0.0;0.95;0.0;0.95
2025-06-24 09:00:00;0.0;9.07;8.8096105;-4.3653658e-12;0.95;-4.8504065e-12;0.95
2025-06-24 10:00:00;0.0;31.0;30.739638;-5.4230248e-12;0.95;-6.0255831e-12;0.95
2025-06-24 11:00:00;0.0;69.4;69.301338;-7.8033915e-12;0.36;-8.670435e-12;0.36
2025-06-24 12:00:00;0.0;108.0;107.90134;-7.4064431e-12;0.36;-8.2293812e-12;0.36
2025-06-24 13:00:00;0.0;136.0;135.90131;-1.4553386e-12;0.36;-1.6170429e-12;0.36
2025-06-24 14:00:00;0.0;107.0;106.92325;-1.7722433e-11;0.28;-1.9691592e-11;0.28
2025-06-24 15:00:00;0.0;107.0;106.92323;-1.0316159e-11;0.28;-1.1462399e-11;0.28
2025-06-24 16:00:00;0.0;82.7;82.62323;-6.0839879e-12;0.28;-6.7599866e-12;0.28
2025-06-24 17:00:00;0.0;35.8;35.778059;-1.5869908e-11;0.08;-1.7633231e-11;0.08
2025-06-24 18:00:00;0.0;50.99999999999999;50.978059;-2.8566208e-11;0.08;-3.1740231e-11;0.08
2025-06-24 19:00:00;0.0;61.0;60.978059;0.0;0.08;0.0;0.08
2025-06-24 20:00:00;0.0;34.9;34.784809;0.0;0.42;0.0;0.42
2025-06-24 21:00:00;0.0;42.4;42.284809;-2.724416e-11;0.42;-3.0271288e-11;0.42
2025-06-24 22:00:00;0.0;15.2;15.084809;-2.8302184e-11;0.42;-3.1446871e-11;0.42
2025-06-24 23:00:00;0.0;2.13;2.0614338;-2.5262571e-11;0.25;-2.8069524e-11;0.25
2025-06-25 00:00:00;0.068566204;0.0;-1.3767952e-10;-2.4335476e-11;0.25;-2.7039418e-11;0.25
2025-06-25 01:00:00;0.068566204;0.0;-1.3735712e-10;-2.5393441e-11;0.25;-2.8214935e-11;0.25
2025-06-25 02:00:00;0.027426482;0.0;-1.3671231e-10;-5.2900923e-12;0.1;-5.8778803e-12;0.1
2025-06-25 03:00:00;0.027426482;0.0;-1.3638991e-10;-6.3480571e-12;0.1;-7.0533968e-12;0.1
2025-06-25 04:00:00;0.027426482;0.0;-1.3574509e-10;-7.406022e-12;0.1;-8.2289134e-12;0.1
2025-06-25 05:00:00;0.0082279442;0.0;-3.7456442e-10;0.0;0.03;0.0;0.030000000000000002
2025-06-25 06:00:00;0.0082276968;0.0;-5.236951e-13;0.0;0.03;0.0;0.030000000000000002
2025-06-25 07:00:00;0.0;0.8;0.79177469;-2.089623e-11;0.03;-2.3218034e-11;0.030000000000000002
2025-06-25 08:00:00;0.0;3.1499999999999995;3.147259;-4.2322292e-12;0.01;-4.7024769e-12;0.01
2025-06-25 09:00:00;0.0;7.75;7.7472596;-1.375486e-11;0.01;-1.5283177e-11;0.01
2025-06-25 10:00:00;0.0;28.3;28.29726;-1.3490409e-11;0.01;-1.4989344e-11;0.01
2025-06-25 11:00:00;0.0;68.8;68.320533;0.0;1.75;0.0;1.7499999999999998
2025-06-25 12:00:00;0.0;104.00000000000001;103.52056;-2.777697e-12;1.75;-3.08633e-12;1.7499999999999998
2025-06-25 13:00:00;0.0;128.0;127.52049;0.0;1.75;0.0;1.7499999999999998
2025-06-25 14:00:00;0.0;141.0;140.91781;-2.643506e-12;0.3;-2.9372289e-12;0.3
2025-06-25 15:00:00;0.0;154.0;153.9178;-2.1159444e-12;0.3;-2.3510493e-12;0.3
2025-06-25 16:00:00;0.0;95.1;95.017775;0.0;0.3;0.0;0.3
2025-06-25 17:00:00;0.0;38.2;37.772324;-3.1741508e-12;1.56;-3.5268342e-12;1.56
2025-06-25 18:00:00;0.0;85.9;85.472203;0.0;1.56;0.0;1.56
2025-06-25 19:00:00;0.0;100.0;99.572147;0.0;1.56;0.0;1.56
2025-06-25 20:00:00;0.0;54.2;53.851684;0.0;1.27;0.0;1.27
2025-06-25 21:00:00;0.0;30.9;30.551684;0.0;1.27;0.0;1.27
2025-06-25 22:00:00;0.0;14.899999999999999;14.551684;0.0;1.27;0.0;1.27
2025-06-25 23:00:00;0.0;3.2;2.9339631;0.0;0.97;0.0;0.9700000000000001
2025-06-26 00:00:00;0.26603687;0.0;-1.290144e-10;0.0;0.97;0.0;0.9700000000000001
2025-06-26 01:00:00;0.26603687;0.0;-1.8780382e-10;0.0;0.97;0.0;0.9700000000000001
2025-06-26 02:00:00;0.11793387;0.0;-1.3538205e-10;0.0;0.43;0.0;0.42999999999999994
2025-06-26 03:00:00;0.11793387;0.0;-1.3505965e-10;0.0;0.43;0.0;0.42999999999999994
2025-06-26 04:00:00;0.11793387;0.0;-1.8941583e-10;0.0;0.43;0.0;0.42999999999999994
2025-06-26 05:00:00;0.0082279445;0.0;-5.2370299e-13;0.0;0.03;0.0;0.030000000000000002
2025-06-26 06:00:00;0.0082279445;0.0;-5.2370299e-13;0.0;0.03;0.0;0.030000000000000002
2025-06-26 07:00:00;0.0082279445;0.0;-3.6923705e-11;0.0;0.03;0.0;0.030000000000000002
2025-06-26 08:00:00;0.0;2.5;2.4780645;-2.1158157e-12;0.08;-2.3509063e-12;0.08
2025-06-26 09:00:00;0.0;13.4;13.378066;-8.4640214e-12;0.08;-9.4044682e-12;0.08
2025-06-26 10:00:00;0.0;26.2;26.178065;-1.3753964e-11;0.08;-1.5282182e-11;0.08
2025-06-26 11:00:00;0.0;48.8;48.725971;0.0;0.27;0.0;0.27
2025-06-26 12:00:00;0.0;43.7;43.625985;-9.2581009e-12;0.27;-1.0286779e-11;0.27
2025-06-26 13:00:00;0.0;51.400000000000006;51.325998;0.0;0.27;0.0;0.27
2025-06-26 14:00:00;0.0;84.7;84.48897;0.0;0.77;0.0;0.77
2025-06-26 15:00:00;0.0;75.1;74.888893;-7.1420239e-12;0.77;-7.9355821e-12;0.77
2025-06-26 16:00:00;0.0;31.8;31.588896;-5.0261526e-12;0.77;-5.584614e-12;0.77
2025-06-26 17:00:00;0.0;74.7;74.557423;-1.5605994e-11;0.52;-1.7339993e-11;0.52
2025-06-26 18:00:00;0.0;94.1;93.957396;-9.2577756e-12;0.52;-1.0286417e-11;0.52
2025-06-26 19:00:00;0.0;98.1;97.957382;-1.2431921e-11;0.52;-1.3813245e-11;0.52
2025-06-26 20:00:00;0.0;57.3;57.182066;0.0;0.43;0.0;0.42999999999999994
2025-06-26 21:00:00;0.0;35.6;35.482066;0.0;0.43;0.0;0.42999999999999994
2025-06-26 22:00:00;0.0;11.8;11.682066;-6.0838437e-12;0.43;-6.7598263e-12;0.42999999999999994
2025-06-26 23:00:00;0.0;1.78;1.7306323;-2.1159326e-12;0.18;-2.3510362e-12;0.18
2025-06-27 00:00:00;0.049367667;0.0;-1.351003e-10;0.0;0.18;0.0;0.18
2025-06-27 01:00:00;0.049367667;0.0;-1.347779e-10;-1.0579649e-12;0.18;-1.1755165e-12;0.18
2025-06-27 02:00:00;0.29072071;0.0;-1.3445549e-10;-1.057781e-12;1.06;-1.1753122e-12;1.06
2025-06-27 03:00:00;0.29072071;0.0;-1.3381067e-10;-3.1737881e-12;1.06;-3.5264313e-12;1.06
2025-06-27 04:00:00;0.29072071;0.0;-1.3344762e-10;-5.2897543e-12;1.06;-5.8775048e-12;1.06
2025-06-27 05:00:00;0.32363248;0.0;-3.7005078e-10;0.0;1.18;0.0;1.18
2025-06-27 06:00:00;0.32363249;0.0;-5.2370299e-13;0.0;1.18;0.0;1.18
2025-06-27 07:00:00;0.023632485;0.3;-1.9344169e-12;0.0;1.18;0.0;1.18
2025-06-27 08:00:00;0.0;4.83;3.5767287;-2.1152457e-12;4.57;-2.3502729e-12;4.57
2025-06-27 09:00:00;0.0;8.88;7.6271105;0.0;4.57;0.0;4.57
2025-06-27 10:00:00;0.0;19.1;17.846707;-1.0580111e-12;4.57;-1.1755679e-12;4.57
2025-06-27 11:00:00;0.0;45.9;45.743765;0.0;0.57;0.0;0.57
2025-06-27 12:00:00;0.0;58.0;57.843834;-3.1739346e-12;0.57;-3.526594e-12;0.57
2025-06-27 13:00:00;0.0;82.0;81.843763;-8.2000825e-12;0.57;-9.1112028e-12;0.57
2025-06-27 14:00:00;0.0;117.0;116.92598;-6.0841383e-12;0.27;-6.7601537e-12;0.27
2025-06-27 15:00:00;0.0;120.00000000000001;119.92596;-2.2493891e-12;0.27;-2.4993212e-12;0.27
2025-06-27 16:00:00;0.0;133.0;132.92595;-8.1999616e-12;0.27;-9.1110685e-12;0.27
2025-06-27 17:00:00;0.0;130.0;129.96435;-6.0838996e-12;0.13;-6.7598884e-12;0.13
2025-06-27 18:00:00;0.0;73.2;73.164346;-3.1740065e-12;0.13;-3.5266739e-12;0.13
2025-06-27 19:00:00;0.0;101.0;100.96435;0.0;0.13;0.0;0.13
2025-06-27 20:00:00;0.0;58.3;58.217721;0.0;0.3;0.0;0.3
2025-06-27 21:00:00;0.0;39.7;39.617721;0.0;0.3;0.0;0.3
2025-06-27 22:00:00;0.0;15.1;15.017721;-3.1740449e-12;0.3;-3.5267165e-12;0.3
2025-06-27 23:00:00;0.0;3.6199999999999997;3.6062868;-1.6664415e-11;0.05;-1.8516016e-11;0.05
2025-06-28 00:00:00;0.0;0.1;0.086286759;-1.7722426e-11;0.05;-1.9691584e-11;0.05
2025-06-28 01:00:00;0.013713241;0.0;-1.3316587e-10;-1.3754436e-11;0.05;-1.5282707e-11;0.05
2025-06-28 02:00:00;0.13164711;0.0;-1.3316588e-10;0.0;0.48;0.0;0.48000000000000004
2025-06-28 03:00:00;0.13164711;0.0;-1.2704023e-10;-1.0579649e-12;0.48;-1.1755165e-12;0.48000000000000004
2025-06-28 04:00:00;0.13164711;0.0;-1.2671782e-10;-2.1159297e-12;0.48;-2.351033e-12;0.48000000000000004
2025-06-28 05:00:00;0.082279445;0.0;-1.2639542e-10;-4.2320097e-12;0.3;-4.702233e-12;0.3
2025-06-28 06:00:00;0.082275698;0.0;-1.1811846e-11;-7.4059578e-12;0.3;-8.228842e-12;0.3
2025-06-28 07:00:00;0.0;0.7000000000000002;0.61774315;-1.0315958e-11;0.3;-1.1462175e-11;0.3
2025-06-28 08:00:00;0.0;3.2800000000000002;3.28;0.0;0.0;0.0;0.0
2025-06-28 09:00:00;0.0;8.53;8.53;0.0;0.0;0.0;0.0
2025-06-28 10:00:00;0.0;26.5;26.5;0.0;0.0;0.0;0.0
2025-06-28 11:00:00;0.0;59.1;59.031497;-5.4232544e-12;0.25;-6.0258382e-12;0.25
2025-06-28 12:00:00;0.0;103.0;102.93149;-1.6003969e-11;0.25;-1.7782188e-11;0.25
2025-06-28 13:00:00;0.0;133.0;132.93149;-7.5394866e-12;0.25;-8.3772073e-12;0.25
2025-06-28 14:00:00;0.0;143.0;142.65749;-7.1423261e-12;1.25;-7.9359178e-12;1.25
2025-06-28 15:00:00;0.0;138.0;137.65742;0.0;1.25;-2.128723e-28;1.25
2025-06-28 16:00:00;0.0;133.0;132.65733;-5.0260874e-12;1.25;-5.5845416e-12;1.25
2025-06-28 17:00:00;0.0;145.0;144.67369;-4.8929452e-12;1.19;-5.4366058e-12;1.19
2025-06-28 18:00:00;0.0;129.0;128.67366;-5.9510407e-12;1.19;-6.6122674e-12;1.19
2025-06-28 19:00:00;0.0;94.60000000000001;94.273625;-3.0409095e-12;1.19;-3.3787883e-12;1.19
2025-06-28 20:00:00;0.0;74.4;74.353375;0.0;0.17;0.0;0.17
2025-06-28 21:00:00;0.0;45.3;45.253375;0.0;0.17;0.0;0.17
2025-06-28 22:00:00;0.0;14.899999999999999;14.853375;-2.1161026e-11;0.17;-2.3512251e-11;0.17
2025-06-28 23:00:00;0.0;2.63;2.5970882;-9.2577449e-12;0.12;-1.0286383e-11;0.12000000000000001
2025-06-29 00:00:00;0.0;0.1;0.067088222;-1.0315762e-11;0.12;-1.1461958e-11;0.12000000000000001
2025-06-29 01:00:00;0.032911778;0.0;-1.2570996e-10;-3.30789e-10;0.12;-3.6754333e-10;0.12000000000000001
2025-06-29 02:00:00;0.15084565;0.0;-1.2538756e-10;-4.2318595e-12;0.55;-4.7020661e-12;0.55
2025-06-29 03:00:00;0.15084565;0.0;-1.2506514e-10;-5.2898243e-12;0.55;-5.8775826e-12;0.55
2025-06-29 04:00:00;0.15084565;0.0;-1.2474274e-10;-6.3477892e-12;0.55;-7.0530991e-12;0.55
2025-06-29 05:00:00;0.26055158;0.0;-1.2442035e-10;-4.2320811e-12;0.95;-4.7023124e-12;0.95
2025-06-29 06:00:00;0.26054007;0.0;-1.116708e-11;-5.2900378e-12;0.95;-5.8778197e-12;0.95
2025-06-29 07:00:00;0.0;0.6;0.33953322;-6.0840114e-12;0.95;-6.7600127e-12;0.95
2025-06-29 08:00:00;0.0;3.45;3.3979207;-1.4548565e-11;0.19;-1.6165073e-11;0.19
2025-06-29 09:00:00;0.0;7.95;7.8979327;-1.0316404e-11;0.19;-1.1462672e-11;0.19
2025-06-29 10:00:00;0.0;28.0;27.94794;-1.177138e-11;0.19;-1.3079311e-11;0.19
2025-06-29 11:00:00;0.0;67.8;67.580816;0.0;0.8;0.0;0.8
2025-06-29 12:00:00;0.0;101.0;100.78084;-1.2432604e-11;0.8;-1.3814004e-11;0.8
2025-06-29 13:00:00;0.0;124.0;123.78081;-8.2003232e-12;0.8;-9.1114703e-12;0.8
2025-06-29 14:00:00;0.0;140.0;139.99178;-3.3593121e-11;0.03;-3.732569e-11;0.030000000000000002
2025-06-29 15:00:00;0.0;150.0;149.99178;-1.4548224e-11;0.03;-1.6164694e-11;0.030000000000000002
2025-06-29 16:00:00;0.0;139.0;138.99178;-1.6664228e-11;0.03;-1.8515809e-11;0.030000000000000002
2025-06-29 17:00:00;0.0;138.0;137.88485;-2.8302225e-11;0.42;-3.1446916e-11;0.42
2025-06-29 18:00:00;0.0;126.0;125.88483;-1.2432095e-11;0.42;-1.3813438e-11;0.42
2025-06-29 19:00:00;0.0;106.0;105.88481;-2.8566265e-11;0.42;-3.1740295e-11;0.42
2025-06-29 20:00:00;0.0;81.9;81.702529;0.0;0.72;0.0;0.72
2025-06-29 21:00:00;0.0;36.8;36.602529;0.0;0.72;0.0;0.72
2025-06-29 22:00:00;0.0;12.2;12.002529;0.0;0.72;0.0;0.72
2025-06-29 23:00:00;0.0;2.8;2.5997867;-1.0579649e-12;0.73;-1.1755165e-12;0.73
2025-06-30 00:00:00;0.00021331708;0.2;-2.8211875e-12;0.0;0.73;0.0;0.73
2025-06-30 01:00:00;0.20021332;0.0;-1.2409793e-10;-2.1159297e-12;0.73;-2.351033e-12;0.73
2025-06-30 02:00:00;0.054852963;0.0;-1.2377554e-10;0.0;0.2;0.0;0.2
2025-06-30 03:00:00;0.054852963;0.0;-1.2345314e-10;-1.0579649e-12;0.2;-1.1755165e-12;0.2
2025-06-30 04:00:00;0.054852963;0.0;-1.2313073e-10;0.0;0.2;0.0;0.2
2025-06-30 05:00:00;0.038397075;0.0;-5.2370299e-13;0.0;0.14;0.0;0.14
2025-06-30 06:00:00;0.03839467;0.0;-5.2368659e-13;0.0;0.14;0.0;0.14
2025-06-30 07:00:00;0.0;0.7000000000000002;0.66161637;0.0;0.14;0.0;0.14
2025-06-30 08:00:00;0.0;3.68;3.4497641;-1.0580213e-12;0.84;-1.1755792e-12;0.84
2025-06-30 09:00:00;0.0;8.55;8.3198234;-3.1740954e-12;0.84;-3.5267727e-12;0.84
2025-06-30 10:00:00;0.0;28.0;27.769869;-4.2322509e-12;0.84;-4.702501e-12;0.84
2025-06-30 11:00:00;0.0;67.1;66.779507;-2.1160457e-12;1.17;-2.3511619e-12;1.17
2025-06-30 12:00:00;0.0;101.99999999999999;101.67953;-6.3483617e-12;1.17;-7.0537353e-12;1.17
2025-06-30 13:00:00;0.0;124.99999999999999;124.67952;0.0;1.17;0.0;1.17
2025-06-30 14:00:00;0.0;141.0;140.58908;0.0;1.5;0.0;1.5
2025-06-30 15:00:00;0.0;148.0;147.58901;-1.0580266e-12;1.5;-1.1755851e-12;1.5
2025-06-30 16:00:00;0.0;149.0;148.58892;-2.1159623e-12;1.5;-2.3510692e-12;1.5
2025-06-30 17:00:00;0.0;142.0;141.77247;-1.0578253e-12;0.83;-1.1753614e-12;0.83
2025-06-30 18:00:00;0.0;128.0;127.77241;0.0;0.83;0.0;0.83
2025-06-30 19:00:00;0.0;106.0;105.77236;0.0;0.83;0.0;0.83
2025-06-30 20:00:00;0.0;77.9;77.869831;0.0;0.11;0.0;0.10999999999999999
2025-06-30 21:00:00;0.0;44.199999999999996;44.169831;0.0;0.11;0.0;0.10999999999999999
2025-06-30 22:00:00;0.0;14.3;14.269831;0.0;0.11;0.0;0.10999999999999999
2025-06-30 23:00:00;0.0;2.68;2.3728234;-1.0579649e-12;1.12;-1.1755165e-12;1.12
2025-07-01 00:00:00;0.1071766;0.2;-2.4987847e-12;0.0;1.12;0.0;1.12
2025-07-01 01:00:00;0.3071766;0.0;-1.2280834e-10;-3.9744185e-10;1.12;-4.4160206e-10;1.12
2025-07-01 02:00:00;0.20295597;0.0;-1.2248592e-10;-3.174089e-12;0.74;-3.5267656e-12;0.74
2025-07-01 03:00:00;0.20295597;0.0;-1.2216352e-10;-5.290049e-12;0.74;-5.8778322e-12;0.74
2025-07-01 04:00:00;0.20295597;0.0;-1.2184112e-10;0.0;0.74;0.0;0.74
2025-07-01 05:00:00;0.13164711;0.0;-5.2370299e-13;0.0;0.48;0.0;0.48000000000000004
2025-07-01 06:00:00;0.13163419;0.0;-5.2367727e-13;0.0;0.48;0.0;0.48000000000000004
2025-07-01 07:00:00;0.0;0.6;0.46840094;0.0;0.48;0.0;0.48000000000000004
2025-07-01 08:00:00;0.0;3.45;3.1512555;-1.0581106e-12;1.09;-1.1756785e-12;1.09
2025-07-01 09:00:00;0.0;8.18;7.8813294;-5.2900164e-12;1.09;-5.877796e-12;1.09
2025-07-01 10:00:00;0.0;27.4;27.101393;-2.1161527e-12;1.09;-2.3512808e-12;1.09
2025-07-01 11:00:00;0.0;65.6;64.77825;0.0;3.0;0.0;3.0
2025-07-01 12:00:00;0.0;98.0;97.178299;-1.0575272e-12;3.0;-1.1750303e-12;3.0
2025-07-01 13:00:00;0.0;121.0;120.1782;-2.1161683e-12;3.0;-2.3512981e-12;3.0
2025-07-01 14:00:00;0.0;134.0;133.61097;-6.3485523e-12;1.42;-7.053947e-12;1.42
2025-07-01 15:00:00;0.0;127.00000000000001;126.61089;0.0;1.42;0.0;1.42
2025-07-01 16:00:00;0.0;126.0;125.61082;-7.4065054e-12;1.42;-8.2294504e-12;1.42
2025-07-01 17:00:00;0.0;139.0;138.70394;0.0;1.08;0.0;1.08
2025-07-01 18:00:00;0.0;117.0;116.70387;0.0;1.08;0.0;1.08
2025-07-01 19:00:00;0.0;98.1;98.1;0.972;0.0;1.08;1.08
2025-07-01 20:00:00;0.0;44.4;44.4;1.053;0.0;1.17;1.17
2025-07-01 21:00:00;0.0;42.2;41.87911;0.0;1.17;0.0;1.17
2025-07-01 22:00:00;0.0;17.6;17.27911;0.0;1.17;0.0;1.17
2025-07-01 23:00:00;0.0;2.95;2.6757352;0.0;1.0;0.0;1.0
2025-07-02 00:00:00;0.27426482;0.0;-1.7232848e-10;0.0;1.0;0.0;1.0
2025-07-02 01:00:00;0.27426482;0.0;-1.2151872e-10;-1.6927979e-11;1.0;-1.8808866e-11;1.0
2025-07-02 02:00:00;0.17004419;0.0;-1.2119632e-10;-1.9830603e-12;0.62;-2.2034004e-12;0.62
2025-07-02 03:00:00;0.17004419;0.0;-1.2087391e-10;-4.0990825e-12;0.62;-4.5545361e-12;0.62
2025-07-02 04:00:00;0.17004419;0.0;-1.2022907e-10;0.0;0.62;0.0;0.62
2025-07-02 05:00:00;0.17004419;0.0;-5.2370299e-13;0.0;0.62;0.0;0.62
2025-07-02 06:00:00;0.17002412;0.0;-1.503015e-11;0.0;0.62;0.0;0.62
2025-07-02 07:00:00;0.0;0.5;0.33002528;-9.2514675e-13;0.62;-1.0279408e-12;0.62
2025-07-02 08:00:00;0.0;3.98;3.4099274;-1.0582074e-12;2.08;-1.175786e-12;2.08
2025-07-02 09:00:00;0.0;9.95;9.3800768;-2.1158433e-12;2.08;-2.350937e-12;2.08
2025-07-02 10:00:00;0.0;28.1;27.530192;0.0;2.08;0.0;2.08
2025-07-02 11:00:00;0.0;63.8;62.520819;-1.0582347e-12;4.67;-1.1758163e-12;4.67
2025-07-02 12:00:00;0.0;95.39999999999999;94.120712;0.0;4.67;0.0;4.67
2025-07-02 13:00:00;0.0;117.0;115.72044;-2.116362e-12;4.67;-2.3515133e-12;4.67
2025-07-02 14:00:00;0.0;132.0;131.8164;-4.2321165e-12;0.67;-4.7023517e-12;0.67
2025-07-02 15:00:00;0.0;49.4;49.216398;-7.4064012e-12;0.67;-8.2293346e-12;0.67
2025-07-02 16:00:00;0.0;66.1;65.916356;-1.3754491e-11;0.67;-1.5282768e-11;0.67
2025-07-02 17:00:00;0.0;28.1;27.790176;0.0;1.13;0.0;1.13
2025-07-02 18:00:00;0.0;46.29999999999999;45.9901;0.0;1.13;0.0;1.13
2025-07-02 19:00:00;0.0;8.78;8.4700808;0.0;1.13;0.0;1.13
2025-07-02 20:00:00;0.0;0.55;0.50611763;0.0;0.16;0.0;0.16
2025-07-02 21:00:00;0.0;1.8;1.7561176;0.0;0.16;0.0;0.16
2025-07-02 22:00:00;0.0;19.0;18.956118;-1.3219078e-12;0.16;-1.4687865e-12;0.16
2025-07-02 23:00:00;0.0;3.6499999999999995;3.447044;-1.2431903e-11;0.74;-1.3813225e-11;0.74
2025-07-03 00:00:00;0.10295597;0.1;-2.4988201e-12;-8.4639985e-12;0.74;-9.4044428e-12;0.74
2025-07-03 01:00:00;0.20295597;0.0;-1.2022911e-10;-9.5219469e-12;0.74;-1.0579941e-11;0.74
2025-07-03 02:00:00;0.76794149;0.0;-1.1990671e-10;-1.0579649e-12;2.8;-1.1755165e-12;2.8
2025-07-03 03:00:00;0.76794149;0.0;-1.1958431e-10;-2.1159297e-12;2.8;-2.351033e-12;2.8
2025-07-03 04:00:00;0.76794149;0.0;-1.192619e-10;-3.1738946e-12;2.8;-3.5265496e-12;2.8
2025-07-03 05:00:00;2.0652141;0.0;-3.1330788e-10;0.0;7.53;0.0;7.529999999999999
2025-07-03 06:00:00;2.0652141;0.0;-1.399761e-10;0.0;7.53;0.0;7.529999999999999
2025-07-03 07:00:00;1.6650358;0.4;0.0;0.0;7.53;0.0;7.529999999999999
2025-07-03 08:00:00;0.0;3.88;2.9642454;-5.0258094e-12;3.34;-5.5842326e-12;3.34
2025-07-03 09:00:00;0.0;10.6;9.684558;0.0;3.34;0.0;3.34
2025-07-03 10:00:00;0.0;36.6;35.684765;-2.1155715e-12;3.34;-2.350635e-12;3.34
2025-07-03 11:00:00;0.0;68.3;68.283563;0.0;0.06;0.0;0.060000000000000005
2025-07-03 12:00:00;0.0;84.9;84.883565;-1.0581253e-12;0.06;-1.1756948e-12;0.060000000000000005
2025-07-03 13:00:00;0.0;114.0;113.98356;-2.1162485e-12;0.06;-2.3513873e-12;0.060000000000000005
2025-07-03 14:00:00;0.0;140.0;139.9863;0.0;0.05;0.0;0.05
2025-07-03 15:00:00;0.0;137.0;136.9863;-9.5224641e-12;0.05;-1.0580516e-11;0.05
2025-07-03 16:00:00;0.0;163.0;162.9863;-1.4812412e-11;0.05;-1.6458236e-11;0.05
2025-07-03 17:00:00;0.0;155.0;154.79164;-5.2902299e-12;0.76;-5.8780333e-12;0.76
2025-07-03 18:00:00;0.0;138.0;137.79159;-1.0580285e-11;0.76;-1.1755873e-11;0.76
2025-07-03 19:00:00;0.0;112.0;111.79156;0.0;0.76;0.0;0.76
2025-07-03 20:00:00;0.0;66.2;66.150632;0.0;0.18;0.0;0.18
2025-07-03 21:00:00;0.0;50.6;50.550632;0.0;0.18;0.0;0.18
2025-07-03 22:00:00;0.0;17.3;17.250632;0.0;0.18;0.0;0.18
2025-07-03 23:00:00;0.0;2.8;1.8153893;0.0;3.59;0.0;3.5900000000000003
2025-07-04 00:00:00;0.9846107;0.0;-3.6489233e-10;0.0;3.59;0.0;3.5900000000000003
2025-07-04 01:00:00;0.9846107;0.0;-1.1764984e-10;0.0;3.59;0.0;3.5900000000000003
2025-07-04 02:00:00;1.9555082;0.0;-1.1764989e-10;0.0;7.13;0.0;7.130000000000001
2025-07-04 03:00:00;1.9555082;0.0;-1.1579589e-10;0.0;7.13;0.0;7.130000000000001
2025-07-04 04:00:00;1.9555082;0.0;-3.402208e-11;0.0;7.13;0.0;7.130000000000001
2025-07-04 05:00:00;1.9116258;0.0;-5.2370299e-13;0.0;6.97;0.0;6.970000000000001
2025-07-04 06:00:00;1.9115971;0.0;-5.2369905e-13;0.0;6.97;0.0;6.970000000000001
2025-07-04 07:00:00;1.5110501;0.4;0.0;0.0;6.97;0.0;6.970000000000001
2025-07-04 08:00:00;0.0;3.6999999999999997;3.5876174;-1.0580175e-12;0.41;-1.175575e-12;0.41
2025-07-04 09:00:00;0.0;9.78;9.6676464;-3.1740249e-12;0.41;-3.5266943e-12;0.41
2025-07-04 10:00:00;0.0;29.3;29.18767;-4.2320028e-12;0.41;-4.7022253e-12;0.41
2025-07-04 11:00:00;0.0;71.6;71.531515;-2.6187717e-11;0.25;-2.9097464e-11;0.25
2025-07-04 12:00:00;0.0;107.0;106.93152;-8.2007844e-12;0.25;-9.1119827e-12;0.25
2025-07-04 13:00:00;0.0;132.0;131.93151;-1.8120031e-11;0.25;-2.0133367e-11;0.25
2025-07-04 14:00:00;0.0;149.0;148.91231;0.0;0.32;0.0;0.32
2025-07-04 15:00:00;0.0;158.0;157.9123;-6.0842336e-12;0.32;-6.7602595e-12;0.32
2025-07-04 16:00:00;0.0;158.0;157.91229;-3.1740718e-12;0.32;-3.5267465e-12;0.32
2025-07-04 17:00:00;0.0;151.0;150.83822;-6.084038e-12;0.59;-6.7600422e-12;0.59
2025-07-04 18:00:00;0.0;121.0;120.8382;-4.2321207e-12;0.59;-4.7023563e-12;0.59
2025-07-04 19:00:00;0.0;92.59999999999998;92.438184;0.0;0.59;0.0;0.59
2025-07-04 20:00:00;0.0;69.6;69.482066;0.0;0.43;0.0;0.42999999999999994
2025-07-04 21:00:00;0.0;42.3;42.182066;0.0;0.43;0.0;0.42999999999999994
2025-07-04 22:00:00;0.0;15.8;15.682066;-2.1159297e-12;0.43;-2.351033e-12;0.42999999999999994
2025-07-04 23:00:00;0.0;3.0;2.7531617;-5.1569517e-12;0.9;-5.7299464e-12;0.8999999999999999
2025-07-05 00:00:00;0.24683834;0.0;-1.1700507e-10;-7.272938e-12;0.9;-8.0810422e-12;0.8999999999999999
2025-07-05 01:00:00;0.24683834;0.0;-1.1668267e-10;-4.0981953e-12;0.9;-4.5535503e-12;0.8999999999999999
2025-07-05 02:00:00;0.70760323;0.0;-1.1636028e-10;-1.0579649e-12;2.58;-1.1755165e-12;2.58
2025-07-05 03:00:00;0.70760323;0.0;-1.1571546e-10;-2.1159297e-12;2.58;-2.351033e-12;2.58
2025-07-05 04:00:00;0.70760323;0.0;-1.1539307e-10;-3.1738946e-12;2.58;-3.5265496e-12;2.58
2025-07-05 05:00:00;1.0422063;0.0;-1.1507066e-10;0.0;3.8;0.0;3.8
2025-07-05 06:00:00;1.0422063;0.0;-1.1474827e-10;-2.1159592e-12;3.8;-2.3510658e-12;3.8
2025-07-05 07:00:00;0.54200017;0.5;0.0;-1.0588634e-12;3.8;-1.1765149e-12;3.8
2025-07-05 08:00:00;0.0;5.2;5.0300497;-2.7771492e-12;0.62;-3.0857214e-12;0.62
2025-07-05 09:00:00;0.0;18.5;18.330095;-1.1241327e-11;0.62;-1.2490363e-11;0.62
2025-07-05 10:00:00;0.0;35.7;35.530117;-1.7589418e-11;0.62;-1.9543797e-11;0.62
2025-07-05 11:00:00;0.0;49.5;49.363034;-1.8119419e-11;0.5;-2.0132688e-11;0.5
2025-07-05 12:00:00;0.0;88.2;88.063038;0.0;0.5;0.0;0.5
2025-07-05 13:00:00;0.0;108.0;107.86302;-1.0316415e-11;0.5;-1.1462684e-11;0.5
2025-07-05 14:00:00;0.0;139.0;138.76164;-1.0582982e-12;0.87;-1.1758869e-12;0.8699999999999999
2025-07-05 15:00:00;0.0;145.0;144.7616;-7.1422512e-12;0.87;-7.9358346e-12;0.8699999999999999
2025-07-05 16:00:00;0.0;147.0;146.76152;0.0;0.87;0.0;0.8699999999999999
2025-07-05 17:00:00;0.0;91.9;91.69709;-8.2001487e-12;0.74;-9.1112764e-12;0.74
2025-07-05 18:00:00;0.0;110.0;109.79704;-1.56058e-11;0.74;-1.7339778e-11;0.74
2025-07-05 19:00:00;0.0;45.3;45.097044;-1.1637877e-11;0.74;-1.2930974e-11;0.74
2025-07-05 20:00:00;0.0;56.0;55.980801;0.0;0.07;0.0;0.07
2025-07-05 21:00:00;0.0;20.9;20.880801;0.0;0.07;0.0;0.07
2025-07-05 22:00:00;0.0;7.8;7.7808015;0.0;0.07;0.0;0.07
2025-07-05 23:00:00;0.0;1.57;1.4575514;-7.1418862e-12;0.41;-7.9354291e-12;0.41
2025-07-06 00:00:00;0.11244858;0.0;-1.1442586e-10;-3.0222454e-10;0.41;-3.3580504e-10;0.41
2025-07-06 01:00:00;0.11244858;0.0;-1.1410345e-10;-6.3481181e-12;0.41;-7.0534646e-12;0.41
2025-07-06 02:00:00;0.098735334;0.0;-1.1378106e-10;-8.7283956e-12;0.36;-9.6982174e-12;0.36
2025-07-06 03:00:00;0.098735334;0.0;-1.1345866e-10;-1.0844428e-11;0.36;-1.2049364e-11;0.36
2025-07-06 04:00:00;0.098735334;0.0;-1.1313625e-10;-1.1902392e-11;0.36;-1.322488e-11;0.36
2025-07-06 05:00:00;0.016455889;0.0;-1.1281385e-10;-9.5224437e-12;0.06;-1.0580493e-11;0.060000000000000005
2025-07-06 06:00:00;0.016455889;0.0;-1.1249145e-10;-1.0580409e-11;0.06;-1.175601e-11;0.060000000000000005
2025-07-06 07:00:00;0.0;0.1;0.083544111;-1.6664325e-11;0.06;-1.8515916e-11;0.060000000000000005
2025-07-06 08:00:00;0.0;4.98;4.5932866;-6.0835385e-12;1.41;-6.7594872e-12;1.41
2025-07-06 09:00:00;0.0;15.9;15.513287;-7.1415034e-12;1.41;-7.9350037e-12;1.41
2025-07-06 10:00:00;0.0;19.5;19.113287;-8.1994682e-12;1.41;-9.1105203e-12;1.41
2025-07-06 11:00:00;0.0;18.1;17.27172;0.0;3.02;0.0;3.02
2025-07-06 12:00:00;0.0;28.8;27.97172;-1.0579682e-12;3.02;-1.1755202e-12;3.02
2025-07-06 13:00:00;0.0;37.5;36.67172;-2.115933e-12;3.02;-2.3510367e-12;3.02
2025-07-06 14:00:00;0.0;24.6;23.061374;0.0;5.61;0.0;5.61
2025-07-06 15:00:00;0.0;19.0;17.461374;0.0;5.61;0.0;5.61
2025-07-06 16:00:00;0.0;27.1;25.561374;-1.1910957e-12;5.61;-1.3234396e-12;5.61
2025-07-06 17:00:00;0.0;21.1;20.266235;0.0;3.04;0.0;3.04
2025-07-06 18:00:00;0.0;27.2;26.366235;-1.0579649e-12;3.04;-1.1755165e-12;3.04
2025-07-06 19:00:00;0.0;29.799999999999997;28.966235;0.0;3.04;0.0;3.04
2025-07-06 20:00:00;0.0;16.2;15.511595;0.0;2.51;0.0;2.51
2025-07-06 21:00:00;0.0;12.5;11.811595;0.0;2.51;0.0;2.51
2025-07-06 22:00:00;0.0;7.15;6.4615953;0.0;2.51;0.0;2.51
2025-07-06 23:00:00;0.0;0.9;0.014124638;0.0;3.23;0.0;3.23
2025-07-07 00:00:00;0.88587536;0.0;-9.6774119e-11;0.0;3.23;0.0;3.23
2025-07-07 01:00:00;0.88587536;0.0;-1.1184659e-10;0.0;3.23;0.0;3.23
2025-07-07 02:00:00;0.75422825;0.0;-1.1184664e-10;0.0;2.75;0.0;2.75
2025-07-07 03:00:00;0.75422825;0.0;-1.1120179e-10;0.0;2.75;0.0;2.75
2025-07-07 04:00:00;0.75422825;0.0;-1.7253878e-10;0.0;2.75;0.0;2.75
2025-07-07 05:00:00;0.76794149;0.0;-5.2370299e-13;0.0;2.8;0.0;2.8
2025-07-07 06:00:00;0.76794149;0.0;-5.2370299e-13;0.0;2.8;0.0;2.8
2025-07-07 07:00:00;0.76794149;0.0;-5.2370299e-13;0.0;2.8;0.0;2.8
2025-07-07 08:00:00;0.0;4.07;3.6558601;0.0;1.51;0.0;1.51
2025-07-07 09:00:00;0.0;11.9;11.485981;-1.0576735e-12;1.51;-1.1751927e-12;1.51
2025-07-07 10:00:00;0.0;20.5;20.085999;0.0;1.51;0.0;1.51
2025-07-07 11:00:00;0.0;39.3;39.116321;-1.0580156e-12;0.67;-1.1755729e-12;0.67
2025-07-07 12:00:00;0.0;41.6;41.416332;-1.5606528e-11;0.67;-1.7340587e-11;0.67
2025-07-07 13:00:00;0.0;49.1;48.916337;-1.3490586e-11;0.67;-1.498954e-11;0.67
2025-07-07 14:00:00;0.0;76.9;76.87533;-6.0841345e-12;0.09;-6.7601495e-12;0.09
2025-07-07 15:00:00;0.0;93.79999999999998;93.77533;-1.7986565e-11;0.09;-1.9985072e-11;0.09
2025-07-07 16:00:00;0.0;44.9;44.875326;-2.0896577e-11;0.09;-2.3218419e-11;0.09
2025-07-07 17:00:00;0.0;86.8;86.8;0.0;0.0;0.0;0.0
2025-07-07 18:00:00;0.0;62.29999999999999;62.3;0.0;0.0;0.0;0.0
2025-07-07 19:00:00;0.0;63.6;63.6;0.0;0.0;0.0;0.0
2025-07-07 20:00:00;0.0;59.1;58.641978;0.0;1.67;0.0;1.67
2025-07-07 21:00:00;0.0;23.4;22.941978;-1.0579649e-12;1.67;-1.1755165e-12;1.67
2025-07-07 22:00:00;0.0;14.799999999999999;14.341978;-7.1418283e-12;1.67;-7.9353648e-12;1.67
2025-07-07 23:00:00;0.0;2.85;0.83415359;0.0;7.35;0.0;7.3500000000000005
2025-07-08 00:00:00;2.0158464;0.0;-1.1120183e-10;-1.0579649e-12;7.35;-1.1755165e-12;7.3500000000000005
2025-07-08 01:00:00;2.0158464;0.0;-1.1087943e-10;-2.1159297e-12;7.35;-2.351033e-12;7.3500000000000005
2025-07-08 02:00:00;2.2955965;0.0;-1.1055702e-10;0.0;8.37;0.0;8.37
2025-07-08 03:00:00;2.2955965;0.0;-1.0991221e-10;-1.0579649e-12;8.37;-1.1755165e-12;8.37
2025-07-08 04:00:00;2.2955965;0.0;-1.0958981e-10;-2.1159297e-12;8.37;-2.351033e-12;8.37
2025-07-08 05:00:00;1.5770227;0.0;-1.3868649e-10;0.0;5.75;0.0;5.75
2025-07-08 06:00:00;1.5770227;0.0;-5.2370299e-13;0.0;5.75;0.0;5.75
2025-07-08 07:00:00;1.5770227;0.0;-5.2370299e-13;0.0;5.75;0.0;5.75
2025-07-08 08:00:00;0.0;2.25;1.2434959;0.0;3.67;0.0;3.6700000000000004
2025-07-08 09:00:00;0.0;11.1;10.093749;-1.0576519e-12;3.67;-1.1751688e-12;3.6700000000000004
2025-07-08 10:00:00;0.0;38.0;36.993792;-2.1156563e-12;3.67;-2.3507293e-12;3.6700000000000004
2025-07-08 11:00:00;0.0;39.8;39.641;-1.243232e-11;0.58;-1.3813689e-11;0.58
2025-07-08 12:00:00;0.0;98.1;97.941047;-1.7986358e-11;0.58;-1.9984843e-11;0.58
2025-07-08 13:00:00;0.0;133.0;132.84106;-1.0580459e-12;0.58;-1.1756065e-12;0.58
2025-07-08 14:00:00;0.0;124.0;123.84103;-3.1741762e-12;0.58;-3.5268624e-12;0.58
2025-07-08 15:00:00;0.0;107.0;106.84101;-9.2584607e-12;0.58;-1.0287179e-11;0.58
2025-07-08 16:00:00;0.0;83.6;83.440978;-1.0316173e-11;0.58;-1.1462415e-11;0.58
2025-07-08 17:00:00;0.0;49.2;49.090304;-6.0838255e-12;0.4;-6.7598061e-12;0.4
2025-07-08 18:00:00;0.0;146.0;145.89029;-7.1416842e-12;0.4;-7.9352046e-12;0.4
2025-07-08 19:00:00;0.0;40.0;39.890294;0.0;0.4;0.0;0.4
2025-07-08 20:00:00;0.0;65.3;64.578684;0.0;2.63;0.0;2.63
2025-07-08 21:00:00;0.0;38.8;38.078684;0.0;2.63;0.0;2.63
2025-07-08 22:00:00;0.0;16.4;15.678684;0.0;2.63;0.0;2.63
2025-07-08 23:00:00;0.0;3.05;1.7061024;-6.084296e-12;4.9;-6.7603289e-12;4.9
2025-07-09 00:00:00;1.2438976;0.1;-2.1764173e-12;-2.116573e-12;4.9;-2.3517477e-12;4.9
2025-07-09 01:00:00;1.3438976;0.0;-1.0926742e-10;-3.1745378e-12;4.9;-3.5272643e-12;4.9
2025-07-09 02:00:00;1.8540302;0.0;-1.08945e-10;0.0;6.76;0.0;6.76
2025-07-09 03:00:00;1.8540302;0.0;-1.086226e-10;-1.0579649e-12;6.76;-1.1755165e-12;6.76
2025-07-09 04:00:00;1.8540302;0.0;-1.0797779e-10;-2.1159297e-12;6.76;-2.351033e-12;6.76
2025-07-09 05:00:00;0.83650769;0.0;-5.2370299e-13;0.0;3.05;0.0;3.05
2025-07-09 06:00:00;0.83650769;0.0;-5.2370299e-13;0.0;3.05;0.0;3.05
2025-07-09 07:00:00;0.83631659;0.0;-5.2364316e-13;0.0;3.05;0.0;3.05
2025-07-09 08:00:00;0.0;3.95;3.7416478;-6.348263e-12;0.76;-7.0536255e-12;0.76
2025-07-09 09:00:00;0.0;16.2;15.991664;-1.7722529e-11;0.76;-1.9691699e-11;0.76
2025-07-09 10:00:00;0.0;33.7;33.491614;-1.1374254e-11;0.76;-1.263806e-11;0.76
2025-07-09 11:00:00;0.0;47.6;47.591774;-7.1419732e-12;0.03;-7.9355258e-12;0.030000000000000002
2025-07-09 12:00:00;0.0;82.0;81.991774;-5.0259803e-12;0.03;-5.5844226e-12;0.030000000000000002
2025-07-09 13:00:00;0.0;62.29999999999999;62.291775;-2.7244521e-11;0.03;-3.027169e-11;0.030000000000000002
2025-07-09 14:00:00;0.0;85.4;85.4;0.0;0.0;0.0;0.0
2025-07-09 15:00:00;0.0;86.7;86.7;0.0;0.0;0.0;0.0
2025-07-09 16:00:00;0.0;115.0;115.0;0.0;0.0;0.0;0.0
2025-07-09 17:00:00;0.0;146.0;146.0;0.0;0.0;0.0;0.0
2025-07-09 18:00:00;0.0;124.0;124.0;0.0;0.0;0.0;0.0
2025-07-09 19:00:00;0.0;110.0;110.0;0.0;0.0;0.0;0.0
2025-07-09 20:00:00;0.0;78.6;78.410757;0.0;0.69;0.0;0.69
2025-07-09 21:00:00;0.0;52.4;52.210757;0.0;0.69;0.0;0.69
2025-07-09 22:00:00;0.0;15.1;14.910757;-3.174395e-12;0.69;-3.5271056e-12;0.69
2025-07-09 23:00:00;0.0;2.73;1.7508746;0.0;3.57;0.0;3.5700000000000003
2025-07-10 00:00:00;0.9791254;0.0;-1.0765539e-10;0.0;3.57;0.0;3.5700000000000003
2025-07-10 01:00:00;0.9791254;0.0;-1.07333e-10;-1.0579649e-12;3.57;-1.1755165e-12;3.5700000000000003
2025-07-10 02:00:00;2.3669054;0.0;-1.070106e-10;0.0;8.63;0.0;8.63
2025-07-10 03:00:00;2.3669054;0.0;-1.0668819e-10;-1.0579649e-12;8.63;-1.1755165e-12;8.63
2025-07-10 04:00:00;2.3669054;0.0;-1.0636579e-10;-2.1159297e-12;8.63;-2.351033e-12;8.63
2025-07-10 05:00:00;1.4042359;0.0;-1.0676861e-10;0.0;5.12;0.0;5.12
2025-07-10 06:00:00;1.4042359;0.0;-1.0451179e-10;0.0;5.12;0.0;5.12
2025-07-10 07:00:00;1.2039671;0.2;0.0;0.0;5.12;0.0;5.12
2025-07-10 08:00:00;0.0;3.2500000000000004;3.1458271;-3.1741485e-12;0.38;-3.5268317e-12;0.38
2025-07-10 09:00:00;0.0;14.899999999999999;14.795847;-4.2321806e-12;0.38;-4.7024229e-12;0.38
2025-07-10 10:00:00;0.0;32.2;32.095869;-5.2902077e-12;0.38;-5.8780085e-12;0.38
2025-07-10 11:00:00;0.0;67.9;67.9;0.0;0.0;0.0;0.0
2025-07-10 12:00:00;0.0;105.0;105.0;0.0;0.0;0.0;0.0
2025-07-10 13:00:00;0.0;133.0;133.0;0.0;0.0;0.0;0.0
2025-07-10 14:00:00;0.0;139.0;138.86292;-7.1420454e-12;0.5;-7.935606e-12;0.5
2025-07-10 15:00:00;0.0;141.0;140.86291;-8.1998983e-12;0.5;-9.1109981e-12;0.5
2025-07-10 16:00:00;0.0;103.0;102.86289;-1.0315958e-11;0.5;-1.1462176e-11;0.5
2025-07-10 17:00:00;0.0;129.0;128.94515;-6.0839044e-12;0.2;-6.7598938e-12;0.2
2025-07-10 18:00:00;0.0;81.2;81.145149;0.0;0.2;0.0;0.2
2025-07-10 19:00:00;0.0;75.7;75.645147;0.0;0.2;0.0;0.2
2025-07-10 20:00:00;0.0;52.8;52.66561;0.0;0.49;0.0;0.49000000000000005
2025-07-10 21:00:00;0.0;39.9;39.76561;0.0;0.49;0.0;0.49000000000000005
2025-07-10 22:00:00;0.0;16.1;15.96561;0.0;0.49;0.0;0.49000000000000005
2025-07-10 23:00:00;0.0;2.7800000000000002;2.5660734;-4.2319049e-12;0.78;-4.7021165e-12;0.78
2025-07-11 00:00:00;0.21392656;0.0;-1.0539855e-10;0.0;0.78;0.0;0.78
2025-07-11 01:00:00;0.21392656;0.0;-1.0539857e-10;-5.289878e-12;0.78;-5.8776422e-12;0.78
2025-07-11 02:00:00;0.57869877;0.0;-1.0507617e-10;-3.1737758e-12;2.11;-3.5264176e-12;2.11
2025-07-11 03:00:00;0.57869877;0.0;-1.0378656e-10;-4.2317407e-12;2.11;-4.7019341e-12;2.11
2025-07-11 04:00:00;0.57869877;0.0;-1.0346417e-10;0.0;2.11;0.0;2.11
2025-07-11 05:00:00;0.92701508;0.0;-9.6451717e-11;0.0;3.38;0.0;3.38
2025-07-11 06:00:00;0.92701508;0.0;-3.9261898e-10;0.0;3.38;0.0;3.38
2025-07-11 07:00:00;0.92701508;0.0;-3.4200173e-10;0.0;3.38;0.0;3.38
2025-07-11 08:00:00;0.0;3.03;2.736568;0.0;1.07;0.0;1.07
2025-07-11 09:00:00;0.0;9.88;9.5866081;-1.0579263e-12;1.07;-1.1754737e-12;1.07
2025-07-11 10:00:00;0.0;31.0;30.706641;-2.1162345e-12;1.07;-2.3513716e-12;1.07
2025-07-11 11:00:00;0.0;35.4;35.391775;-2.9360598e-11;0.03;-3.2622886e-11;0.030000000000000002
2025-07-11 12:00:00;0.0;36.7;36.691775;-2.5128368e-11;0.03;-2.7920409e-11;0.030000000000000002
2025-07-11 13:00:00;0.0;58.39999999999999;58.391775;-2.1954313e-11;0.03;-2.4393681e-11;0.030000000000000002
2025-07-11 14:00:00;0.0;68.1;68.094517;-8.2003757e-12;0.02;-9.1115286e-12;0.02
2025-07-11 15:00:00;0.0;59.7;59.694516;-1.2432363e-11;0.02;-1.3813737e-11;0.02
2025-07-11 16:00:00;0.0;60.5;60.494515;-1.3490283e-11;0.02;-1.4989203e-11;0.02
2025-07-11 17:00:00;0.0;78.7;78.686287;-2.0896364e-11;0.05;-2.3218182e-11;0.05
2025-07-11 18:00:00;0.0;65.8;65.786287;-2.0896231e-11;0.05;-2.3218035e-11;0.05
2025-07-11 19:00:00;0.0;59.5;59.486287;0.0;0.05;0.0;0.05
2025-07-11 20:00:00;0.0;68.8;68.693037;0.0;0.39;0.0;0.39
2025-07-11 21:00:00;0.0;45.1;44.993037;0.0;0.39;0.0;0.39
2025-07-11 22:00:00;0.0;14.799999999999999;14.693037;-1.0580479e-12;0.39;-1.1756088e-12;0.39
2025-07-11 23:00:00;0.0;2.65;2.4826985;0.0;0.61;0.0;0.61
2025-07-12 00:00:00;0.16730154;0.0;-3.155647e-10;0.0;0.61;0.0;0.61
2025-07-12 01:00:00;0.16730154;0.0;-2.1670355e-10;0.0;0.61;0.0;0.61
2025-07-12 02:00:00;1.1354563;0.0;-1.0314175e-10;0.0;4.14;0.0;4.14
2025-07-12 03:00:00;1.1354563;0.0;-1.0281936e-10;-1.0579649e-12;4.14;-1.1755165e-12;4.14
2025-07-12 04:00:00;1.1354563;0.0;-1.0249696e-10;-2.1159297e-12;4.14;-2.351033e-12;4.14
2025-07-12 05:00:00;1.0586622;0.0;-1.0217454e-10;-1.0574482e-12;3.86;-1.1749424e-12;3.8600000000000003
2025-07-12 06:00:00;1.0586622;0.0;-1.0185214e-10;-2.115413e-12;3.86;-2.3504589e-12;3.8600000000000003
2025-07-12 07:00:00;1.0585695;0.0;-1.3745622e-11;0.0;3.86;0.0;3.8600000000000003
2025-07-12 08:00:00;0.0;2.8;2.451776;0.0;1.27;0.0;1.27
2025-07-12 09:00:00;0.0;12.5;12.151887;-1.057944e-12;1.27;-1.1754933e-12;1.27
2025-07-12 10:00:00;0.0;17.2;16.852007;0.0;1.27;0.0;1.27
2025-07-12 11:00:00;0.0;17.6;17.463013;-7.4060117e-12;0.5;-8.2289019e-12;0.5
2025-07-12 12:00:00;0.0;31.9;31.76302;-1.1638303e-11;0.5;-1.2931447e-11;0.5
2025-07-12 13:00:00;0.0;61.2;61.063016;-8.4640936e-12;0.5;-9.4045485e-12;0.5
2025-07-12 14:00:00;0.0;123.0;122.87123;0.0;0.47;0.0;0.47
2025-07-12 15:00:00;0.0;124.0;123.87121;-3.1741109e-12;0.47;-3.5267899e-12;0.47
2025-07-12 16:00:00;0.0;107.0;106.87116;-9.2582374e-12;0.47;-1.028693e-11;0.47
2025-07-12 17:00:00;0.0;145.0;144.70384;-9.5223941e-12;1.08;-1.0580438e-11;1.08
2025-07-12 18:00:00;0.0;133.0;132.70379;-1.0580389e-11;1.08;-1.1755988e-11;1.08
2025-07-12 19:00:00;0.0;89.29999999999998;89.003794;0.0;1.08;0.0;1.08
2025-07-12 20:00:00;0.0;53.6;53.575316;0.0;0.09;0.0;0.09
2025-07-12 21:00:00;0.0;19.9;19.875316;0.0;0.09;0.0;0.09
2025-07-12 22:00:00;0.0;14.799999999999999;14.775316;0.0;0.09;0.0;0.09
2025-07-12 23:00:00;0.0;2.65;2.6417721;0.0;0.03;0.0;0.030000000000000002
2025-07-13 00:00:00;0.0082279443;0.0;-2.7494636e-10;0.0;0.03;0.0;0.030000000000000002
2025-07-13 01:00:00;0.0082279444;0.0;-1.8188847e-10;0.0;0.03;0.0;0.030000000000000002
2025-07-13 02:00:00;0.35654426;0.0;-9.5484508e-11;0.0;1.3;0.0;1.3
2025-07-13 03:00:00;0.35654426;0.0;-2.8461403e-10;0.0;1.3;0.0;1.3
2025-07-13 04:00:00;0.35654426;0.0;-1.0120731e-10;0.0;1.3;0.0;1.3
2025-07-13 05:00:00;0.88587536;0.0;-1.0120734e-10;-1.0567977e-12;3.23;-1.1742197e-12;3.23
2025-07-13 06:00:00;0.88587536;0.0;-1.0088494e-10;-2.1147626e-12;3.23;-2.3497362e-12;3.23
2025-07-13 07:00:00;0.78584451;0.1;0.0;0.0;3.23;0.0;3.23
2025-07-13 08:00:00;0.0;4.6;4.4848332;-2.9360231e-11;0.42;-3.2622479e-11;0.42
2025-07-13 09:00:00;0.0;9.75;9.6348697;-1.8780432e-11;0.42;-2.0867147e-11;0.42
2025-07-13 10:00:00;0.0;19.7;19.584853;-2.1954329e-11;0.42;-2.4393699e-11;0.42
2025-07-13 11:00:00;0.0;29.199999999999996;29.131469;-2.0897405e-11;0.25;-2.3219339e-11;0.25
2025-07-13 12:00:00;0.0;41.8;41.73149;-3.1477675e-11;0.25;-3.4975194e-11;0.25
2025-07-13 13:00:00;0.0;64.4;64.331495;-3.2535813e-11;0.25;-3.6150903e-11;0.25
2025-07-13 14:00:00;0.0;116.0;115.84655;0.0;0.56;0.0;0.56
2025-07-13 15:00:00;0.0;92.3;92.146519;-5.9511952e-12;0.56;-6.6124391e-12;0.56
2025-07-13 16:00:00;0.0;144.0;143.8465;-3.0410125e-12;0.56;-3.3789027e-12;0.56
2025-07-13 17:00:00;0.0;116.0;115.7971;-1.0316043e-11;0.74;-1.146227e-11;0.74
2025-07-13 18:00:00;0.0;127.00000000000001;126.79707;0.0;0.74;0.0;0.74
2025-07-13 19:00:00;0.0;110.0;109.79704;0.0;0.74;0.0;0.74
2025-07-13 20:00:00;0.0;66.9;66.782066;0.0;0.43;0.0;0.42999999999999994
2025-07-13 21:00:00;0.0;24.5;24.382066;0.0;0.43;0.0;0.42999999999999994
2025-07-13 22:00:00;0.0;15.3;15.182066;0.0;0.43;0.0;0.42999999999999994
2025-07-13 23:00:00;0.0;2.7500000000000004;2.6622353;0.0;0.32;0.0;0.32
2025-07-14 00:00:00;0.087764741;0.0;-2.6269064e-10;0.0;0.32;0.0;0.32
2025-07-14 01:00:00;0.087764742;0.0;-9.8628127e-11;0.0;0.32;0.0;0.32
2025-07-14 02:00:00;0.46350754;0.0;-9.6048889e-11;-1.0579649e-12;1.69;-1.1755165e-12;1.69
2025-07-14 03:00:00;0.46350754;0.0;-9.5726501e-11;0.0;1.69;0.0;1.69
2025-07-14 04:00:00;0.46350754;0.0;-2.4024338e-10;0.0;1.69;0.0;1.69
2025-07-14 05:00:00;0.62258114;0.0;-5.2370299e-13;0.0;2.27;0.0;2.27
2025-07-14 06:00:00;0.62258114;0.0;-5.2370299e-13;0.0;2.27;0.0;2.27
2025-07-14 07:00:00;0.12255239;0.5;0.0;0.0;2.27;0.0;2.27
2025-07-14 08:00:00;0.0;8.03;8.0025803;-1.0580242e-12;0.1;-1.1755824e-12;0.1
2025-07-14 09:00:00;0.0;19.5;19.472585;-2.1160745e-12;0.1;-2.3511939e-12;0.1
2025-07-14 10:00:00;0.0;23.2;23.17259;0.0;0.1;0.0;0.1
2025-07-14 11:00:00;0.0;41.8;41.8;0.0;0.0;0.0;0.0
2025-07-14 12:00:00;0.0;38.2;38.2;0.0;0.0;0.0;0.0
2025-07-14 13:00:00;0.0;61.1;61.1;0.0;0.0;0.0;0.0
2025-07-14 14:00:00;0.0;46.4;46.125947;-1.1638088e-11;1.0;-1.2931209e-11;1.0
2025-07-14 15:00:00;0.0;73.4;73.12592;0.0;1.0;0.0;1.0
2025-07-14 16:00:00;0.0;66.9;66.625875;-6.0840911e-12;1.0;-6.7601013e-12;1.0
2025-07-14 17:00:00;0.0;95.7;95.461446;-7.142001e-12;0.87;-7.9355567e-12;0.8699999999999999
2025-07-14 18:00:00;0.0;47.099999999999994;46.861396;0.0;0.87;-8.5148918e-28;0.8699999999999999
2025-07-14 19:00:00;0.0;86.5;86.26139;0.0;0.87;0.0;0.8699999999999999
2025-07-14 20:00:00;0.0;76.4;76.361603;0.0;0.14;0.0;0.14
2025-07-14 21:00:00;0.0;43.599999999999994;43.561603;0.0;0.14;0.0;0.14
2025-07-14 22:00:00;0.0;16.2;16.161603;0.0;0.14;0.0;0.14
2025-07-14 23:00:00;0.0;2.5;2.2805881;-4.2320187e-12;0.8;-4.702243e-12;0.8
2025-07-15 00:00:00;0.21941185;0.0;-2.1799316e-10;0.0;0.8;0.0;0.8
2025-07-15 01:00:00;0.21941185;0.0;-9.5404083e-11;-6.3480704e-12;0.8;-7.0534116e-12;0.8
2025-07-15 02:00:00;0.27426482;0.0;-9.5081684e-11;-1.7986043e-11;1.0;-1.9984492e-11;1.0
2025-07-15 03:00:00;0.27426482;0.0;-9.4759288e-11;-1.9044008e-11;1.0;-2.1160009e-11;1.0
2025-07-15 04:00:00;0.27426482;0.0;-9.4436885e-11;-2.0101973e-11;1.0;-2.2335525e-11;1.0
2025-07-15 05:00:00;1.332927;0.0;-4.2861599e-10;0.0;4.86;0.0;4.86
2025-07-15 06:00:00;1.332927;0.0;-5.2370299e-13;0.0;4.86;0.0;4.86
2025-07-15 07:00:00;1.3328876;0.0;-7.3789542e-12;0.0;4.86;0.0;4.86
2025-07-15 08:00:00;0.0;1.05;0.83611749;-1.0315717e-11;0.78;-1.1461908e-11;0.78
2025-07-15 09:00:00;0.0;9.98;9.7661866;-5.0259814e-12;0.78;-5.5844238e-12;0.78
2025-07-15 10:00:00;0.0;36.6;36.386252;-7.4057461e-12;0.78;-8.2286068e-12;0.78
2025-07-15 11:00:00;0.0;66.8;66.8;0.0;0.0;0.0;0.0
2025-07-15 12:00:00;0.0;86.9;86.9;0.0;0.0;0.0;0.0
2025-07-15 13:00:00;0.0;135.0;135.0;0.0;0.0;0.0;0.0
2025-07-15 14:00:00;0.0;120.00000000000001;119.90682;-5.1574473e-12;0.34;-5.730497e-12;0.34
2025-07-15 15:00:00;0.0;100.0;99.906789;-2.2879679e-11;0.34;-2.5421865e-11;0.34
2025-07-15 16:00:00;0.0;146.0;145.90677;-5.9512935e-12;0.34;-6.6125484e-12;0.34
2025-07-15 17:00:00;0.0;144.0;143.76413;-6.084049e-12;0.86;-6.7600545e-12;0.8599999999999999
2025-07-15 18:00:00;0.0;119.0;118.76413;-3.174184e-12;0.86;-3.5268711e-12;0.8599999999999999
2025-07-15 19:00:00;0.0;93.4;93.164132;0.0;0.86;0.0;0.8599999999999999
2025-07-15 20:00:00;0.0;38.6;38.6;0.0;0.0;0.0;0.0
2025-07-15 21:00:00;0.0;33.7;33.7;0.0;0.0;0.0;0.0
2025-07-15 22:00:00;0.0;12.700000000000001;12.7;0.0;0.0;0.0;0.0
2025-07-15 23:00:00;0.0;2.45;2.35675;-1.6531529e-11;0.34;-1.8368365e-11;0.34
2025-07-16 00:00:00;0.093250038;0.0;-9.4114472e-11;0.0;0.34;0.0;0.34
2025-07-16 01:00:00;0.093250038;0.0;-9.379208e-11;-1.2563542e-11;0.34;-1.3959492e-11;0.34
2025-07-16 02:00:00;1.5084565;0.0;-9.346968e-11;0.0;5.5;0.0;5.5
2025-07-16 03:00:00;1.5084565;0.0;-9.3147265e-11;-1.0579649e-12;5.5;-1.1755165e-12;5.5
2025-07-16 04:00:00;1.5084565;0.0;-9.2824861e-11;-2.1159297e-12;5.5;-2.351033e-12;5.5
2025-07-16 05:00:00;0.81182386;0.0;-3.7553163e-10;0.0;2.96;0.0;2.96
2025-07-16 06:00:00;0.81182386;0.0;-5.2370299e-13;0.0;2.96;0.0;2.96
2025-07-16 07:00:00;0.81182386;0.0;-5.2370299e-13;0.0;2.96;0.0;2.96
2025-07-16 08:00:00;0.0;3.55;3.3360902;-8.4638756e-12;0.78;-9.4043062e-12;0.78
2025-07-16 09:00:00;0.0;15.1;14.88612;-6.0837316e-12;0.78;-6.7597018e-12;0.78
2025-07-16 10:00:00;0.0;19.8;19.5862;-1.0579788e-11;0.78;-1.175532e-11;0.78
2025-07-16 11:00:00;0.0;34.0;33.931483;-2.2219361e-11;0.25;-2.4688178e-11;0.25
2025-07-16 12:00:00;0.0;55.099999999999994;55.031488;-3.0683696e-11;0.25;-3.4092996e-11;0.25
2025-07-16 13:00:00;0.0;68.6;68.531471;-2.0103244e-11;0.25;-2.2336938e-11;0.25
2025-07-16 14:00:00;0.0;89.69999999999999;89.615029;-3.1739865e-12;0.31;-3.5266517e-12;0.31
2025-07-16 15:00:00;0.0;84.4;84.315023;-1.7191025e-12;0.31;-1.9101139e-12;0.31
2025-07-16 16:00:00;0.0;66.1;66.015009;-9.2580882e-12;0.31;-1.0286765e-11;0.31
2025-07-16 17:00:00;0.0;29.199999999999996;29.2;0.0;0.0;0.0;0.0
2025-07-16 18:00:00;0.0;40.7;40.7;0.0;0.0;0.0;0.0
2025-07-16 19:00:00;0.0;26.7;26.7;0.0;0.0;0.0;0.0
2025-07-16 20:00:00;0.0;28.5;28.387551;0.0;0.41;0.0;0.41
2025-07-16 21:00:00;0.0;28.2;28.087551;0.0;0.41;0.0;0.41
2025-07-16 22:00:00;0.0;12.899999999999999;12.787551;-7.406083e-12;0.41;-8.2289811e-12;0.41
2025-07-16 23:00:00;0.0;3.0;1.3461831;0.0;6.03;0.0;6.03
2025-07-17 00:00:00;1.6538169;0.0;-9.2502473e-11;-1.0579649e-12;6.03;-1.1755165e-12;6.03
2025-07-17 01:00:00;1.6538169;0.0;-9.1857666e-11;-2.1159297e-12;6.03;-2.351033e-12;6.03
2025-07-17 02:00:00;1.9500229;0.0;-9.1535251e-11;0.0;7.11;0.0;7.109999999999999
2025-07-17 03:00:00;1.9500229;0.0;-9.1212846e-11;-1.0579649e-12;7.11;-1.1755165e-12;7.109999999999999
2025-07-17 04:00:00;1.9500229;0.0;-9.0890458e-11;-2.1159297e-12;7.11;-2.351033e-12;7.109999999999999
2025-07-17 05:00:00;1.5633095;0.0;-2.6204583e-10;0.0;5.7;0.0;5.7
2025-07-17 06:00:00;1.5633095;0.0;-4.2829359e-10;0.0;5.7;0.0;5.7
2025-07-17 07:00:00;1.5633095;0.0;-3.9809982e-10;0.0;5.7;0.0;5.7
2025-07-17 08:00:00;0.0;3.35;3.245804;-1.0316274e-11;0.38;-1.1462527e-11;0.38
2025-07-17 09:00:00;0.0;14.700000000000001;14.595824;-2.1161944e-12;0.38;-2.3513271e-12;0.38
2025-07-17 10:00:00;0.0;29.499999999999996;29.395849;-1.4812097e-11;0.38;-1.6457885e-11;0.38
2025-07-17 11:00:00;0.0;46.4;46.254749;-1.3753852e-11;0.53;-1.5282058e-11;0.53
2025-07-17 12:00:00;0.0;74.7;74.554711;-1.4547874e-11;0.53;-1.6164304e-11;0.53
2025-07-17 13:00:00;0.0;107.0;106.8547;-7.1419599e-12;0.53;-7.935511e-12;0.53
2025-07-17 14:00:00;0.0;134.0;133.95339;-9.2582242e-12;0.17;-1.0286916e-11;0.17
2025-07-17 15:00:00;0.0;165.0;164.95339;-2.7245051e-11;0.17;-3.0272279e-11;0.17
2025-07-17 16:00:00;0.0;152.0;151.95339;-6.0841178e-12;0.17;-6.7601309e-12;0.17
2025-07-17 17:00:00;0.0;131.0;130.91774;-9.2579098e-12;0.3;-1.0286566e-11;0.3
2025-07-17 18:00:00;0.0;138.0;137.91772;-1.0580653e-12;0.3;-1.1756282e-12;0.3
2025-07-17 19:00:00;0.0;92.4;92.317721;0.0;0.3;0.0;0.3
2025-07-17 20:00:00;0.0;89.9;89.867088;0.0;0.12;0.0;0.12000000000000001
2025-07-17 21:00:00;0.0;47.6;47.567088;0.0;0.12;0.0;0.12000000000000001
2025-07-17 22:00:00;0.0;13.8;13.767088;0.0;0.12;0.0;0.12000000000000001
2025-07-17 23:00:00;0.0;2.8;2.5202499;0.0;1.02;0.0;1.02
2025-07-18 00:00:00;0.27975011;0.0;-9.0568056e-11;0.0;1.02;0.0;1.02
2025-07-18 01:00:00;0.27975011;0.0;-8.7138128e-11;-6.0838634e-12;1.02;-6.7598482e-12;1.02
2025-07-18 02:00:00;1.1354563;0.0;-8.6815725e-11;-3.1738946e-12;4.14;-3.5265496e-12;4.14
2025-07-18 03:00:00;1.1354563;0.0;-8.6493323e-11;-7.4233532e-12;4.14;-8.2481703e-12;4.14
2025-07-18 04:00:00;1.1354563;0.0;-1.7221638e-10;0.0;4.14;0.0;4.14
2025-07-18 05:00:00;1.4974859;0.0;-5.2370299e-13;0.0;5.46;0.0;5.46
2025-07-18 06:00:00;1.4974859;0.0;-5.2370299e-13;0.0;5.46;0.0;5.46
2025-07-18 07:00:00;1.4970743;0.0;-2.8972545e-11;0.0;5.46;0.0;5.46
2025-07-18 08:00:00;0.0;2.8;2.6629376;-1.0580274e-11;0.5;-1.175586e-11;0.5
2025-07-18 09:00:00;0.0;11.6;11.462967;-1.2696388e-11;0.5;-1.4107098e-11;0.5
2025-07-18 10:00:00;0.0;28.6;28.462985;-1.9044594e-11;0.5;-2.116066e-11;0.5
2025-07-18 11:00:00;0.0;73.7;73.510953;0.0;0.69;0.0;0.69
2025-07-18 12:00:00;0.0;91.69999999999999;91.51097;-2.1161846e-12;0.69;-2.3513162e-12;0.69
2025-07-18 13:00:00;0.0;106.0;105.81096;-1.0580491e-12;0.69;-1.1756102e-12;0.69
2025-07-18 14:00:00;0.0;142.0;141.65476;-1.0580811e-12;1.26;-1.1756457e-12;1.26
2025-07-18 15:00:00;0.0;119.0;118.65473;0.0;1.26;0.0;1.26
2025-07-18 16:00:00;0.0;115.0;114.65466;-2.1162875e-12;1.26;-2.3514306e-12;1.26
2025-07-18 17:00:00;0.0;124.99999999999999;124.86292;-2.1160655e-11;0.5;-2.3511838e-11;0.5
2025-07-18 18:00:00;0.0;121.0;120.86289;0.0;0.5;0.0;0.5
2025-07-18 19:00:00;0.0;111.00000000000001;110.86287;0.0;0.5;0.0;0.5
2025-07-18 20:00:00;0.0;87.0;86.887551;0.0;0.41;0.0;0.41
2025-07-18 21:00:00;0.0;44.7;44.587551;0.0;0.41;0.0;0.41
2025-07-18 22:00:00;0.0;12.8;12.687551;0.0;0.41;0.0;0.41
2025-07-18 23:00:00;0.0;1.92;1.7664117;-9.2502688e-13;0.56;-1.0278076e-12;0.56
2025-07-19 00:00:00;0.1535883;0.0;-3.6779396e-10;0.0;0.56;0.0;0.56
2025-07-19 01:00:00;0.1535883;0.0;-8.4639324e-11;0.0;0.56;0.0;0.56
2025-07-19 02:00:00;0.19198537;0.0;-8.5526068e-11;0.0;0.7;0.0;0.7
2025-07-19 03:00:00;0.19198537;0.0;-8.5526114e-11;0.0;0.7;0.0;0.7
2025-07-19 04:00:00;0.19198537;0.0;-8.5566784e-11;-1.3219492e-12;0.7;-1.4688325e-12;0.7
2025-07-19 05:00:00;0.54578699;0.0;-8.4881309e-11;0.0;1.99;0.0;1.9900000000000002
2025-07-19 06:00:00;0.54578699;0.0;-8.4558906e-11;-1.0574144e-12;1.99;-1.1749048e-12;1.9900000000000002
2025-07-19 07:00:00;0.54564108;0.0;-2.9859301e-11;0.0;1.99;0.0;1.9900000000000002
2025-07-19 08:00:00;0.0;2.45;2.4445176;-5.2902822e-12;0.02;-5.8780914e-12;0.02
2025-07-19 09:00:00;0.0;8.25;8.2445185;-1.6664588e-11;0.02;-1.8516209e-11;0.02
2025-07-19 10:00:00;0.0;24.7;24.694519;0.0;0.02;8.5148918e-28;0.02
2025-07-19 11:00:00;0.0;70.2;69.857536;-3.1740555e-12;1.25;-3.5267283e-12;1.25
2025-07-19 12:00:00;0.0;92.8;92.457525;0.0;1.25;0.0;1.25
2025-07-19 13:00:00;0.0;116.0;115.65753;0.0;1.25;-8.5148918e-28;1.25
2025-07-19 14:00:00;0.0;133.0;132.64922;0.0;1.28;0.0;1.28
2025-07-19 15:00:00;0.0;126.0;125.64915;0.0;1.28;0.0;1.28
2025-07-19 16:00:00;0.0;133.0;132.6491;-5.0263215e-12;1.28;-5.5848017e-12;1.28
2025-07-19 17:00:00;0.0;105.0;104.87934;-8.1999519e-12;0.44;-9.1110577e-12;0.43999999999999995
2025-07-19 18:00:00;0.0;38.1;37.979323;0.0;0.44;0.0;0.43999999999999995
2025-07-19 19:00:00;0.0;19.6;19.479323;0.0;0.44;0.0;0.43999999999999995
2025-07-19 20:00:00;0.0;19.4;19.155904;0.0;0.89;0.0;0.8899999999999999
2025-07-19 21:00:00;0.0;9.7;9.4559043;-1.057932e-12;0.89;-1.17548e-12;0.8899999999999999
2025-07-19 22:00:00;0.0;3.7800000000000002;3.5359043;-7.1419336e-12;0.89;-7.9354818e-12;0.8899999999999999
2025-07-19 23:00:00;0.0;0.35;0.15527198;-6.0839241e-12;0.71;-6.7599156e-12;0.71
2025-07-20 00:00:00;0.19472802;0.0;-8.4236503e-11;-2.1160167e-12;0.71;-2.3511297e-12;0.71
2025-07-20 01:00:00;0.19472802;0.0;-8.39141e-11;-3.1739816e-12;0.71;-3.5266462e-12;0.71
2025-07-20 02:00:00;0.041139723;0.0;-8.3269263e-11;0.0;0.15;0.0;0.15
2025-07-20 03:00:00;0.041139723;0.0;-8.2946846e-11;0.0;0.15;0.0;0.15
2025-07-20 04:00:00;0.041139723;0.0;-8.2946892e-11;0.0;0.15;0.0;0.15
2025-07-20 05:00:00;0.024683834;0.0;-8.2624489e-11;0.0;0.09;0.0;0.09
2025-07-20 06:00:00;0.024683834;0.0;-8.2302086e-11;-1.9044564e-11;0.09;-2.1160626e-11;0.09
2025-07-20 07:00:00;0.0;0.3;0.27531617;-2.3937083e-11;0.09;-2.6596759e-11;0.09
2025-07-20 08:00:00;0.0;3.08;3.0114577;-3.2535605e-11;0.25;-3.6150673e-11;0.25
2025-07-20 09:00:00;0.0;8.18;8.1114819;-2.7245685e-11;0.25;-3.0272983e-11;0.25
2025-07-20 10:00:00;0.0;23.4;23.331495;-2.9625602e-11;0.25;-3.2917336e-11;0.25
2025-07-20 11:00:00;0.0;40.5;40.439707;-3.835132e-12;0.22;-4.2612578e-12;0.21999999999999997
2025-07-20 12:00:00;0.0;59.599999999999994;59.539704;-7.0092647e-12;0.22;-7.7880719e-12;0.21999999999999997
2025-07-20 13:00:00;0.0;123.0;122.9397;-3.8352924e-12;0.22;-4.2614361e-12;0.21999999999999997
2025-07-20 14:00:00;0.0;134.0;133.89307;-6.0840599e-12;0.39;-6.7600665e-12;0.39
2025-07-20 15:00:00;0.0;113.0;112.89304;-8.1999013e-12;0.39;-9.1110015e-12;0.39
2025-07-20 16:00:00;0.0;80.7;80.593049;-8.199949e-12;0.39;-9.1110544e-12;0.39
2025-07-20 17:00:00;0.0;99.50000000000001;99.275154;-5.0258567e-12;0.82;-5.5842852e-12;0.82
2025-07-20 18:00:00;0.0;23.5;23.27511;-2.1158113e-12;0.82;-2.3509015e-12;0.82
2025-07-20 19:00:00;0.0;6.63;6.4051028;0.0;0.82;0.0;0.82
2025-07-20 20:00:00;0.0;46.49999999999999;46.22025;0.0;1.02;0.0;1.02
2025-07-20 21:00:00;0.0;28.899999999999995;28.62025;0.0;1.02;0.0;1.02
2025-07-20 22:00:00;0.0;14.799999999999999;14.52025;-2.1159429e-12;1.02;-2.3510477e-12;1.02
2025-07-20 23:00:00;0.0;3.6499999999999995;3.5101249;-6.0840184e-12;0.51;-6.7600205e-12;0.51
2025-07-21 00:00:00;0.13987506;0.0;-8.1979683e-11;-2.1160847e-12;0.51;-2.3512053e-12;0.51
2025-07-21 01:00:00;0.13987506;0.0;-8.165728e-11;-3.1740496e-12;0.51;-3.5267218e-12;0.51
2025-07-21 02:00:00;0.4552796;0.0;-8.1334877e-11;0.0;1.66;0.0;1.66
2025-07-21 03:00:00;0.4552796;0.0;-8.1012475e-11;-1.0579649e-12;1.66;-1.1755165e-12;1.66
2025-07-21 04:00:00;0.4552796;0.0;-8.0690072e-11;-2.1159297e-12;1.66;-2.351033e-12;1.66
2025-07-21 05:00:00;1.2506476;0.0;-5.2370299e-13;0.0;4.56;0.0;4.56
2025-07-21 06:00:00;1.2506476;0.0;-5.2370299e-13;0.0;4.56;0.0;4.56
2025-07-21 07:00:00;1.2506373;0.0;-5.2370083e-13;0.0;4.56;0.0;4.56
2025-07-21 08:00:00;0.0;2.37;2.2987052;0.0;0.26;0.0;0.26
2025-07-21 09:00:00;0.0;10.0;9.9287252;-2.1159788e-12;0.26;-2.3510876e-12;0.26
2025-07-21 10:00:00;0.0;27.0;26.928737;-3.1739756e-12;0.26;-3.5266396e-12;0.26
2025-07-21 11:00:00;0.0;51.599999999999994;51.547931;-1.163844e-11;0.19;-1.29316e-11;0.19
2025-07-21 12:00:00;0.0;78.2;78.147932;-1.798656e-11;0.19;-1.9985067e-11;0.19
2025-07-21 13:00:00;0.0;126.0;125.94793;-2.327663e-11;0.19;-2.5862923e-11;0.19
2025-07-21 14:00:00;0.0;100.0;99.690171;0.0;1.13;0.0;1.13
2025-07-21 15:00:00;0.0;108.99999999999999;108.69019;-1.0578109e-12;1.13;-1.1753455e-12;1.13
2025-07-21 16:00:00;0.0;86.2;85.890128;0.0;1.13;0.0;1.13
2025-07-21 17:00:00;0.0;97.7;97.571116;-1.0581605e-12;0.47;-1.1757339e-12;0.47
2025-07-21 18:00:00;0.0;37.4;37.271096;0.0;0.47;0.0;0.47
2025-07-21 19:00:00;0.0;116.0;115.8711;0.0;0.47;0.0;0.47
2025-07-21 20:00:00;0.0;71.1;70.866875;0.0;0.85;0.0;0.85
2025-07-21 21:00:00;0.0;23.4;23.166875;0.0;0.85;0.0;0.85
2025-07-21 22:00:00;0.0;18.3;18.066875;-5.0257948e-12;0.85;-5.5842164e-12;0.85
2025-07-21 23:00:00;0.0;4.53;4.0253527;-3.1733947e-12;1.84;-3.5259941e-12;1.8399999999999999
2025-07-22 00:00:00;0.50464726;0.0;-8.0367669e-11;0.0;1.84;0.0;1.8399999999999999
2025-07-22 01:00:00;0.50464726;0.0;-8.0045266e-11;-1.0579649e-12;1.84;-1.1755165e-12;1.8399999999999999
2025-07-22 02:00:00;1.3384123;0.0;-7.9722863e-11;0.0;4.88;0.0;4.88
2025-07-22 03:00:00;1.3384123;0.0;-7.9400461e-11;-1.0579682e-12;4.88;-1.1755202e-12;4.88
2025-07-22 04:00:00;1.3384123;0.0;-7.9078058e-11;-2.115933e-12;4.88;-2.3510367e-12;4.88
2025-07-22 05:00:00;1.7662654;0.0;-2.1670797e-10;0.0;6.44;0.0;6.44
2025-07-22 06:00:00;1.7662654;0.0;-2.9493534e-10;0.0;6.44;0.0;6.44
2025-07-22 07:00:00;1.7660037;0.0;-1.7371184e-11;0.0;6.44;0.0;6.44
2025-07-22 08:00:00;0.0;2.7;2.4532401;-2.7768027e-12;0.9;-3.0853363e-12;0.8999999999999999
2025-07-22 09:00:00;0.0;11.2;10.953267;-1.0182939e-11;0.9;-1.1314377e-11;0.8999999999999999
2025-07-22 10:00:00;0.0;27.0;26.753274;-1.2298836e-11;0.9;-1.3665374e-11;0.8999999999999999
2025-07-22 11:00:00;0.0;49.3;49.157488;-6.3479493e-12;0.52;-7.053277e-12;0.52
2025-07-22 12:00:00;0.0;93.9;93.757458;-1.3490034e-11;0.52;-1.4988926e-11;0.52
2025-07-22 13:00:00;0.0;113.0;112.85748;-5.0261831e-12;0.52;-5.5846479e-12;0.52
2025-07-22 14:00:00;0.0;146.0;145.96163;0.0;0.14;0.0;0.14
2025-07-22 15:00:00;0.0;129.0;128.96162;-5.0261077e-12;0.14;-5.5845641e-12;0.14
2025-07-22 16:00:00;0.0;104.00000000000001;103.96162;-6.084134e-12;0.14;-6.7601489e-12;0.14
2025-07-22 17:00:00;0.0;49.3;49.283547;-1.6664269e-11;0.06;-1.8515854e-11;0.060000000000000005
2025-07-22 18:00:00;0.0;89.4;89.383544;-1.3754326e-11;0.06;-1.5282584e-11;0.060000000000000005
2025-07-22 19:00:00;0.0;50.3;50.283544;0.0;0.06;0.0;0.060000000000000005
2025-07-22 20:00:00;0.0;63.4;63.34789;0.0;0.19;0.0;0.19
2025-07-22 21:00:00;0.0;28.8;28.74789;-2.2218649e-11;0.19;-2.4687388e-11;0.19
2025-07-22 22:00:00;0.0;11.4;11.34789;-2.4334688e-11;0.19;-2.7038542e-11;0.19
2025-07-22 23:00:00;0.0;2.23;1.8432866;-9.2574331e-12;1.41;-1.0286037e-11;1.41
2025-07-23 00:00:00;0.38671339;0.0;-7.8755655e-11;-5.2895521e-12;1.41;-5.8772801e-12;1.41
2025-07-23 01:00:00;0.38671339;0.0;-7.807019e-11;-6.347517e-12;1.41;-7.0527966e-12;1.41
2025-07-23 02:00:00;0.65823556;0.0;-7.8110849e-11;-1.0583971e-12;2.4;-1.1759968e-12;2.4
2025-07-23 03:00:00;0.65823556;0.0;-7.7425384e-11;-2.1163619e-12;2.4;-2.3515133e-12;2.4
2025-07-23 04:00:00;0.65823556;0.0;-7.7466044e-11;-3.1743268e-12;2.4;-3.5270298e-12;2.4
2025-07-23 05:00:00;1.3438976;0.0;-7.7143641e-11;-4.2325027e-12;4.9;-4.7027808e-12;4.9
2025-07-23 06:00:00;1.3438976;0.0;-7.6498806e-11;-5.2904676e-12;4.9;-5.8782973e-12;4.9
2025-07-23 07:00:00;1.3437161;0.0;-1.7290975e-11;0.0;4.9;0.0;4.9
2025-07-23 08:00:00;0.0;2.17;1.9808327;-8.2003872e-12;0.69;-9.1115414e-12;0.69
2025-07-23 09:00:00;0.0;6.43;6.2408804;-9.5224617e-12;0.69;-1.0580513e-11;0.69
2025-07-23 10:00:00;0.0;23.2;23.010902;-7.4064463e-12;0.69;-8.2293848e-12;0.69
2025-07-23 11:00:00;0.0;66.0;66.0;0.0;0.0;0.0;0.0
2025-07-23 12:00:00;0.0;82.6;82.6;0.0;0.0;0.0;0.0
2025-07-23 13:00:00;0.0;127.00000000000001;127.0;0.0;0.0;0.0;0.0
2025-07-23 14:00:00;0.0;141.0;140.90131;-1.0582591e-12;0.36;-1.1758434e-12;0.36
2025-07-23 15:00:00;0.0;113.0;112.90133;-2.6416693e-13;0.36;-2.9351881e-13;0.36
2025-07-23 16:00:00;0.0;110.0;109.90129;-7.4061813e-12;0.36;-8.2290903e-12;0.36
2025-07-23 17:00:00;0.0;117.0;116.95338;-2.1954747e-11;0.17;-2.4394163e-11;0.17
2025-07-23 18:00:00;0.0;134.0;133.95337;-2.539314e-11;0.17;-2.82146e-11;0.17
2025-07-23 19:00:00;0.0;107.0;106.95337;0.0;0.17;0.0;0.17
2025-07-23 20:00:00;0.0;48.0;47.956118;0.0;0.16;0.0;0.16
2025-07-23 21:00:00;0.0;51.400000000000006;51.356118;-3.4378471e-12;0.16;-3.8198301e-12;0.16
2025-07-23 22:00:00;0.0;10.3;10.256118;-4.4958119e-12;0.16;-4.9953466e-12;0.16
2025-07-23 23:00:00;0.0;1.13;1.0093235;-8.200003e-12;0.44;-9.1111145e-12;0.43999999999999995
2025-07-24 00:00:00;0.12067652;0.0;-7.6498835e-11;0.0;0.44;0.0;0.43999999999999995
2025-07-24 01:00:00;0.12067652;0.0;-7.6176432e-11;-2.4970921e-10;0.44;-2.7745468e-10;0.43999999999999995
2025-07-24 02:00:00;0.69663264;0.0;-7.5854029e-11;0.0;2.54;0.0;2.54
2025-07-24 03:00:00;0.69663264;0.0;-7.5531627e-11;-1.0579649e-12;2.54;-1.1755165e-12;2.54
2025-07-24 04:00:00;0.69663264;0.0;-1.7103887e-10;0.0;2.54;0.0;2.54
2025-07-24 05:00:00;0.94895627;0.0;-5.2370299e-13;0.0;3.46;0.0;3.4599999999999995
2025-07-24 06:00:00;0.94895627;0.0;-5.2370299e-13;0.0;3.46;0.0;3.4599999999999995
2025-07-24 07:00:00;0.94895221;0.0;-4.3925194e-12;0.0;3.46;0.0;3.4599999999999995
2025-07-24 08:00:00;0.0;2.03;1.7968892;0.0;0.85;0.0;0.85
2025-07-24 09:00:00;0.0;9.1;8.8669521;-1.0315893e-11;0.85;-1.1462103e-11;0.85
2025-07-24 10:00:00;0.0;12.0;11.766998;-9.2578866e-12;0.85;-1.0286541e-11;0.85
2025-07-24 11:00:00;0.0;22.9;22.89726;-9.5225767e-12;0.01;-1.0580641e-11;0.01
2025-07-24 12:00:00;0.0;53.5;53.49726;-1.2696769e-11;0.01;-1.4107521e-11;0.01
2025-07-24 13:00:00;0.0;48.3;48.29726;-3.1741581e-12;0.01;-3.5268423e-12;0.01
2025-07-24 14:00:00;0.0;93.1;93.094519;-2.6450968e-11;0.02;-2.9389964e-11;0.02
2025-07-24 15:00:00;0.0;95.1;95.094518;-1.0580656e-12;0.02;-1.1756284e-12;0.02
2025-07-24 16:00:00;0.0;86.6;86.594517;-1.5606389e-11;0.02;-1.7340432e-11;0.02
2025-07-24 17:00:00;0.0;85.5;85.401279;-1.2960384e-11;0.36;-1.4400426e-11;0.36
2025-07-24 18:00:00;0.0;78.3;78.201265;0.0;0.36;0.0;0.36
2025-07-24 19:00:00;0.0;73.5;73.401265;0.0;0.36;0.0;0.36
2025-07-24 20:00:00;0.0;68.8;68.684809;0.0;0.42;0.0;0.42
2025-07-24 21:00:00;0.0;46.2;46.084809;0.0;0.42;0.0;0.42
2025-07-24 22:00:00;0.0;6.500000000000001;6.3848088;-2.962423e-11;0.42;-3.2915811e-11;0.42
2025-07-24 23:00:00;0.0;1.8;1.6710955;-4.2321398e-12;0.47;-4.7023776e-12;0.47
2025-07-25 00:00:00;0.12890446;0.0;-2.1638115e-10;0.0;0.47;0.0;0.47
2025-07-25 01:00:00;0.12890446;0.0;-7.5209224e-11;0.0;0.47;0.0;0.47
2025-07-25 02:00:00;0.72680177;0.0;-7.4886821e-11;0.0;2.65;0.0;2.65
2025-07-25 03:00:00;0.72680177;0.0;-7.4564418e-11;-1.0579649e-12;2.65;-1.1755165e-12;2.65
2025-07-25 04:00:00;0.72680177;0.0;-7.4242015e-11;-2.1159297e-12;2.65;-2.351033e-12;2.65
2025-07-25 05:00:00;1.3932653;0.0;-2.2218882e-10;0.0;5.08;0.0;5.08
2025-07-25 06:00:00;1.3932653;0.0;-5.2370299e-13;0.0;5.08;0.0;5.08
2025-07-25 07:00:00;1.3932653;0.0;-2.1242662e-11;0.0;5.08;0.0;5.08
2025-07-25 08:00:00;0.0;2.23;2.0051426;-1.0315842e-11;0.82;-1.1462047e-11;0.82
2025-07-25 09:00:00;0.0;12.3;12.075171;0.0;0.82;0.0;0.82
2025-07-25 10:00:00;0.0;21.3;21.075267;0.0;0.82;0.0;0.82
2025-07-25 11:00:00;0.0;54.4;54.309559;-1.3754533e-11;0.33;-1.5282814e-11;0.33
2025-07-25 12:00:00;0.0;88.2;88.109572;0.0;0.33;0.0;0.33
2025-07-25 13:00:00;0.0;124.99999999999999;124.90958;-2.1160459e-12;0.33;-2.3511621e-12;0.33
2025-07-25 14:00:00;0.0;123.0;122.7095;0.0;1.06;0.0;1.06
2025-07-25 15:00:00;0.0;162.0;161.70945;-2.1159499e-12;1.06;-2.3510554e-12;1.06
2025-07-25 16:00:00;0.0;140.0;139.70936;-8.1999713e-12;1.06;-9.1110792e-12;1.06
2025-07-25 17:00:00;0.0;111.00000000000001;110.93966;-9.1249443e-12;0.22;-1.0138827e-11;0.21999999999999997
2025-07-25 18:00:00;0.0;120.00000000000001;119.93966;-9.124801e-12;0.22;-1.0138668e-11;0.21999999999999997
2025-07-25 19:00:00;0.0;115.0;114.93966;-6.2149623e-12;0.22;-6.9055137e-12;0.21999999999999997
2025-07-25 20:00:00;0.0;86.2;86.153375;0.0;0.17;0.0;0.17
2025-07-25 21:00:00;0.0;42.5;42.453375;0.0;0.17;0.0;0.17
2025-07-25 22:00:00;0.0;10.4;10.353375;-2.8567228e-11;0.17;-3.1741364e-11;0.17
2025-07-25 23:00:00;0.0;0.7000000000000002;0.64240439;0.0;0.21;0.0;0.21
2025-07-26 00:00:00;0.057595612;0.0;-7.3597175e-11;0.0;0.21;0.0;0.21
2025-07-26 01:00:00;0.057595612;0.0;-7.359721e-11;0.0;0.21;0.0;0.21
2025-07-26 02:00:00;0.32363249;0.0;-7.3274807e-11;0.0;1.18;0.0;1.18
2025-07-26 03:00:00;0.32363249;0.0;-7.2952404e-11;-1.0579649e-12;1.18;-1.1755165e-12;1.18
2025-07-26 04:00:00;0.32363249;0.0;-7.2630001e-11;-2.1159297e-12;1.18;-2.351033e-12;1.18
2025-07-26 05:00:00;0.58692671;0.0;-7.2307598e-11;-1.0571986e-12;2.14;-1.1746651e-12;2.14
2025-07-26 06:00:00;0.58692671;0.0;-7.1985196e-11;-2.1151635e-12;2.14;-2.3501817e-12;2.14
2025-07-26 07:00:00;0.58683616;0.0;-2.0191866e-11;0.0;2.14;0.0;2.14
2025-07-26 08:00:00;0.0;3.1;3.023233;-1.5606209e-11;0.28;-1.7340233e-11;0.28
2025-07-26 09:00:00;0.0;11.5;11.423251;-3.1740332e-12;0.28;-3.5267035e-12;0.28
2025-07-26 10:00:00;0.0;31.6;31.523264;-4.2320765e-12;0.28;-4.7023073e-12;0.28
2025-07-26 11:00:00;0.0;57.2;57.186298;-1.0581075e-12;0.05;-1.175675e-12;0.05
2025-07-26 12:00:00;0.0;67.7;67.686297;-3.1741565e-12;0.05;-3.5268405e-12;0.05
2025-07-26 13:00:00;0.0;87.6;87.586298;-4.2322132e-12;0.05;-4.7024591e-12;0.05
2025-07-26 14:00:00;0.0;93.2;93.15615;-5.5538031e-12;0.16;-6.1708924e-12;0.16
2025-07-26 15:00:00;0.0;96.29999999999998;96.25614;-2.1160945e-12;0.16;-2.3512161e-12;0.16
2025-07-26 16:00:00;0.0;51.400000000000006;51.356134;0.0;0.16;0.0;0.16
2025-07-26 17:00:00;0.0;77.2;77.123212;-1.9838165e-11;0.28;-2.2042405e-11;0.28
2025-07-26 18:00:00;0.0;97.49999999999999;97.423206;-2.6450511e-11;0.28;-2.9389457e-11;0.28
2025-07-26 19:00:00;0.0;105.0;104.92321;0.0;0.28;0.0;0.28
2025-07-26 20:00:00;0.0;56.70000000000001;56.667088;0.0;0.12;0.0;0.12000000000000001
2025-07-26 21:00:00;0.0;10.899999999999999;10.867088;0.0;0.12;0.0;0.12000000000000001
2025-07-26 22:00:00;0.0;2.88;2.8470882;-7.4057409e-12;0.12;-8.228601e-12;0.12000000000000001
2025-07-26 23:00:00;0.0;0.6;0.57531617;-2.1160493e-11;0.09;-2.3511659e-11;0.09
2025-07-27 00:00:00;0.024683834;0.0;-7.1662793e-11;0.0;0.09;0.0;0.09
2025-07-27 01:00:00;0.024683834;0.0;-7.134039e-11;0.0;0.09;0.0;0.09
2025-07-27 02:00:00;0.19747067;0.0;-7.1017987e-11;0.0;0.72;0.0;0.72
2025-07-27 03:00:00;0.19747067;0.0;-7.0695584e-11;-1.0579649e-12;0.72;-1.1755165e-12;0.72
2025-07-27 04:00:00;0.19747067;0.0;-7.0373181e-11;-1.3544743e-10;0.72;-1.5049715e-10;0.72
2025-07-27 05:00:00;0.27426482;0.0;-7.0050779e-11;-2.1159938e-11;1.0;-2.3511042e-11;1.0
2025-07-27 06:00:00;0.27426482;0.0;-6.9728376e-11;-2.2217903e-11;1.0;-2.4686558e-11;1.0
2025-07-27 07:00:00;0.27425756;0.0;-8.2657423e-12;-3.1739873e-12;1.0;-3.5266525e-12;1.0
2025-07-27 08:00:00;0.0;0.3;0.12174635;-4.2316773e-12;0.65;-4.7018637e-12;0.65
2025-07-27 09:00:00;0.0;6.879999999999999;6.7017821;0.0;0.65;-2.128723e-28;0.65
2025-07-27 10:00:00;0.0;14.2;14.02179;-1.0579714e-12;0.65;-1.1755238e-12;0.65
2025-07-27 11:00:00;0.0;37.1;37.078073;-2.0366168e-11;0.08;-2.2629075e-11;0.08
2025-07-27 12:00:00;0.0;79.7;79.678075;-1.1901958e-11;0.08;-1.3224398e-11;0.08
2025-07-27 13:00:00;0.0;101.0;100.97808;-2.6384995e-13;0.08;-2.9316661e-13;0.08
2025-07-27 14:00:00;0.0;98.5;98.423258;-2.0896372e-11;0.28;-2.3218191e-11;0.28
2025-07-27 15:00:00;0.0;110.0;109.92323;-1.8780263e-11;0.28;-2.0866959e-11;0.28
2025-07-27 16:00:00;0.0;124.99999999999999;124.92322;-1.0316085e-11;0.28;-1.1462317e-11;0.28
2025-07-27 17:00:00;0.0;123.0;122.96435;-1.0315912e-11;0.13;-1.1462124e-11;0.13
2025-07-27 18:00:00;0.0;62.1;62.064346;-6.3479784e-12;0.13;-7.0533093e-12;0.13
2025-07-27 19:00:00;0.0;42.1;42.064346;-7.4059432e-12;0.13;-8.2288258e-12;0.13
2025-07-27 20:00:00;0.0;23.9;23.801265;0.0;0.36;0.0;0.36
2025-07-27 21:00:00;0.0;12.2;12.101265;-1.6134454e-11;0.36;-1.7927171e-11;0.36
2025-07-27 22:00:00;0.0;2.7500000000000004;2.6512647;-1.7192418e-11;0.36;-1.9102687e-11;0.36
2025-07-27 23:00:00;0.18186805;0.8;-1.8538961e-12;0.0;3.58;0.0;3.5799999999999996
2025-07-28 00:00:00;0.98186805;0.0;-6.9405973e-11;0.0;3.58;0.0;3.5799999999999996
2025-07-28 01:00:00;0.98186805;0.0;-6.908357e-11;-1.0579649e-12;3.58;-1.1755165e-12;3.5799999999999996
2025-07-28 02:00:00;1.6071918;0.0;-6.8761167e-11;0.0;5.86;0.0;5.86
2025-07-28 03:00:00;1.6071918;0.0;-6.8438764e-11;-1.0579649e-12;5.86;-1.1755165e-12;5.86
2025-07-28 04:00:00;1.6071918;0.0;-6.8116362e-11;-2.1159297e-12;5.86;-2.351033e-12;5.86
2025-07-28 05:00:00;2.3120524;0.0;-2.2895928e-10;0.0;8.43;0.0;8.43
2025-07-28 06:00:00;2.3120524;0.0;-5.2370299e-13;0.0;8.43;0.0;8.43
2025-07-28 07:00:00;2.3120524;0.0;-5.2370299e-13;0.0;8.43;0.0;8.43
2025-07-28 08:00:00;0.0;2.03;1.8270975;-1.0580383e-12;0.74;-1.1755982e-12;0.74
2025-07-28 09:00:00;0.0;8.88;8.6771131;-6.084174e-12;0.74;-6.7601933e-12;0.74
2025-07-28 10:00:00;0.0;26.4;26.197172;0.0;0.74;0.0;0.74
2025-07-28 11:00:00;0.0;56.4;56.262948;-1.3754508e-11;0.5;-1.5282787e-11;0.5
2025-07-28 12:00:00;0.0;75.1;74.962972;-2.3276683e-11;0.5;-2.5862981e-11;0.5
2025-07-28 13:00:00;0.0;49.7;49.562944;-2.433475e-11;0.5;-2.7038611e-11;0.5
2025-07-28 14:00:00;0.0;66.5;66.491777;-1.9044286e-11;0.03;-2.1160318e-11;0.030000000000000002
2025-07-28 15:00:00;0.0;79.2;79.191777;-2.7508686e-11;0.03;-3.0565207e-11;0.030000000000000002
2025-07-28 16:00:00;0.0;122.0;121.99177;-6.08394e-12;0.03;-6.7599333e-12;0.030000000000000002
2025-07-28 17:00:00;0.0;139.0;139.0;0.0;0.0;0.0;0.0
2025-07-28 18:00:00;0.0;111.00000000000001;111.0;0.0;0.0;0.0;0.0
2025-07-28 19:00:00;0.0;79.2;79.2;0.0;0.0;0.0;0.0
2025-07-28 20:00:00;0.0;31.5;31.025522;0.0;1.73;0.0;1.7299999999999998
2025-07-28 21:00:00;0.0;15.000000000000002;14.525522;0.0;1.73;0.0;1.7299999999999998
2025-07-28 22:00:00;0.0;5.13;4.6555219;-6.0838634e-12;1.73;-6.7598482e-12;1.7299999999999998
2025-07-28 23:00:00;0.0;1.2;0.18247753;0.0;3.71;0.0;3.7100000000000004
2025-07-29 00:00:00;1.0175225;0.0;-6.7793959e-11;0.0;3.71;0.0;3.7100000000000004
2025-07-29 01:00:00;1.0175225;0.0;-6.7471556e-11;-1.0579649e-12;3.71;-1.1755165e-12;3.7100000000000004
2025-07-29 02:00:00;1.2698461;0.0;-6.7149153e-11;0.0;4.63;0.0;4.63
2025-07-29 03:00:00;1.2698461;0.0;-6.682675e-11;-1.0579649e-12;4.63;-1.1755165e-12;4.63
2025-07-29 04:00:00;1.2698461;0.0;-6.6504348e-11;-2.1159297e-12;4.63;-2.351033e-12;4.63
2025-07-29 05:00:00;1.0257504;0.0;-6.5859498e-11;0.0;3.74;0.0;3.7399999999999998
2025-07-29 06:00:00;1.0257504;0.0;-2.9300092e-10;0.0;3.74;0.0;3.7399999999999998
2025-07-29 07:00:00;1.0257504;0.0;-6.5859542e-11;0.0;3.74;0.0;3.7399999999999998
2025-07-29 08:00:00;0.0;2.07;1.7299861;0.0;1.24;0.0;1.24
2025-07-29 09:00:00;0.0;12.700000000000001;12.360056;-2.1160944e-12;1.24;-2.351216e-12;1.24
2025-07-29 10:00:00;0.0;30.8;30.460105;0.0;1.24;0.0;1.24
2025-07-29 11:00:00;0.0;52.3;52.272585;-7.1420847e-12;0.1;-7.9356497e-12;0.1
2025-07-29 12:00:00;0.0;96.7;96.672587;-6.0841143e-12;0.1;-6.760127e-12;0.1
2025-07-29 13:00:00;0.0;104.00000000000001;103.97259;-8.2002632e-12;0.1;-9.1114035e-12;0.1
2025-07-29 14:00:00;0.0;92.4;92.391776;-1.0316046e-11;0.03;-1.1462273e-11;0.030000000000000002
2025-07-29 15:00:00;0.0;40.9;40.891774;-1.3489994e-11;0.03;-1.4988882e-11;0.030000000000000002
2025-07-29 16:00:00;0.0;140.0;139.99177;-8.1999183e-12;0.03;-9.1110203e-12;0.030000000000000002
2025-07-29 17:00:00;0.0;97.7;97.661604;-7.1419097e-12;0.14;-7.9354552e-12;0.14
2025-07-29 18:00:00;0.0;91.8;91.761603;-6.3482156e-12;0.14;-7.0535728e-12;0.14
2025-07-29 19:00:00;0.0;37.6;37.561603;0.0;0.14;0.0;0.14
2025-07-29 20:00:00;0.0;6.48;6.2468749;0.0;0.85;0.0;0.85
2025-07-29 21:00:00;0.0;8.35;8.1168749;-2.1159297e-12;0.85;-2.351033e-12;0.85
2025-07-29 22:00:00;0.0;8.0;7.7668749;-7.1416192e-12;0.85;-7.9351324e-12;0.85
2025-07-29 23:00:00;0.0;1.35;0.62868353;-2.1157702e-12;2.63;-2.3508558e-12;2.63
2025-07-30 00:00:00;0.72131647;0.0;-6.5537139e-11;0.0;2.63;0.0;2.63
2025-07-30 01:00:00;0.72131647;0.0;-6.5214736e-11;-1.0579649e-12;2.63;-1.1755165e-12;2.63
2025-07-30 02:00:00;1.0559195;0.0;-6.4892333e-11;0.0;3.85;0.0;3.8499999999999996
2025-07-30 03:00:00;1.0559195;0.0;-6.4569931e-11;-1.0579649e-12;3.85;-1.1755165e-12;3.8499999999999996
2025-07-30 04:00:00;1.0559195;0.0;-6.4247528e-11;-2.1159297e-12;3.85;-2.351033e-12;3.8499999999999996
2025-07-30 05:00:00;0.9736401;0.0;-6.3280288e-11;0.0;3.55;0.0;3.5500000000000003
2025-07-30 06:00:00;0.9736401;0.0;-6.2313111e-11;0.0;3.55;0.0;3.5500000000000003
2025-07-30 07:00:00;0.97359628;0.0;-1.1489458e-11;-1.0588075e-12;3.55;-1.1764527e-12;3.5500000000000003
2025-07-30 08:00:00;0.0;1.7700000000000002;1.5945121;-8.3306086e-12;0.64;-9.2562317e-12;0.64
2025-07-30 09:00:00;0.0;10.8;10.624539;-9.2459868e-13;0.64;-1.0273319e-12;0.64
2025-07-30 10:00:00;0.0;23.6;23.424582;-4.098729e-12;0.64;-4.5541433e-12;0.64
2025-07-30 11:00:00;0.0;44.5;44.365708;-1.0579254e-12;0.49;-1.1754726e-12;0.49000000000000005
2025-07-30 12:00:00;0.0;66.8;66.665693;-9.2582157e-12;0.49;-1.0286906e-11;0.49000000000000005
2025-07-30 13:00:00;0.0;71.4;71.265676;-7.1422019e-12;0.49;-7.9357799e-12;0.49000000000000005
2025-07-30 14:00:00;0.0;85.8;85.684882;-3.4650247e-11;0.42;-3.8500275e-11;0.42
2025-07-30 15:00:00;0.0;129.0;128.88487;-1.163812e-11;0.42;-1.2931245e-11;0.42
2025-07-30 16:00:00;0.0;76.2;76.084847;-1.9838305e-11;0.42;-2.2042562e-11;0.42
2025-07-30 17:00:00;0.0;110.0;109.97806;-1.6927994e-11;0.08;-1.8808882e-11;0.08
2025-07-30 18:00:00;0.0;152.0;151.97806;-2.8566078e-11;0.08;-3.1740086e-11;0.08
2025-07-30 19:00:00;0.0;45.1;45.078059;-2.5656219e-11;0.08;-2.850691e-11;0.08
2025-07-30 20:00:00;0.0;61.3;61.234176;0.0;0.24;0.0;0.24000000000000002
2025-07-30 21:00:00;0.0;37.9;37.834176;-1.0579649e-12;0.24;-1.1755165e-12;0.24000000000000002
2025-07-30 22:00:00;0.0;7.73;7.6641764;-7.1418941e-12;0.24;-7.9354379e-12;0.24000000000000002
2025-07-30 23:00:00;0.0;2.17;0.9577495;-8.1995825e-12;4.42;-9.1106472e-12;4.42
2025-07-31 00:00:00;1.2122505;0.0;-6.1990708e-11;-4.2318595e-12;4.42;-4.7020661e-12;4.42
2025-07-31 01:00:00;1.2122505;0.0;-6.1668305e-11;-5.2898243e-12;4.42;-5.8775826e-12;4.42
2025-07-31 02:00:00;1.138199;0.0;-6.098284e-11;0.0;4.15;0.0;4.15
2025-07-31 03:00:00;1.138199;0.0;-6.1023499e-11;-1.0579649e-12;4.15;-1.1755165e-12;4.15
2025-07-31 04:00:00;1.138199;0.0;-6.0701097e-11;-2.1159297e-12;4.15;-2.351033e-12;4.15
2025-07-31 05:00:00;0.59515465;0.0;-6.0378694e-11;-2.1180608e-12;2.17;-2.3534009e-12;2.17
2025-07-31 06:00:00;0.59515465;0.0;-5.9733855e-11;0.0;2.17;0.0;2.17
2025-07-31 07:00:00;0.59515465;0.0;-5.9733888e-11;-5.2896909e-12;2.17;-5.8774344e-12;2.17
2025-07-31 08:00:00;0.0;0.8;0.29535274;-7.1418283e-12;1.84;-7.9353648e-12;1.8399999999999999
2025-07-31 09:00:00;0.0;2.33;1.8254292;0.0;1.84;0.0;1.8399999999999999
2025-07-31 10:00:00;0.0;11.5;10.995529;-1.0579849e-12;1.84;-1.1755388e-12;1.8399999999999999
2025-07-31 11:00:00;0.0;33.7;33.678071;-1.4018005e-11;0.08;-1.5575561e-11;0.08
2025-07-31 12:00:00;0.0;38.5;38.478072;-2.6714199e-11;0.08;-2.9682443e-11;0.08
2025-07-31 13:00:00;0.0;103.0;102.97807;-3.3856287e-11;0.08;-3.7618097e-11;0.08
2025-07-31 14:00:00;0.0;85.3;85.286292;-2.1159824e-12;0.05;-2.3510916e-12;0.05
2025-07-31 15:00:00;0.0;126.0;125.98629;-2.3012298e-11;0.05;-2.556922e-11;0.05
2025-07-31 16:00:00;0.0;69.0;68.986287;-2.4070322e-11;0.05;-2.6744802e-11;0.05
2025-07-31 17:00:00;0.0;49.4;49.325948;-1.1373945e-11;0.27;-1.2637717e-11;0.27
2025-07-31 18:00:00;0.0;46.4;46.325948;-7.4061237e-12;0.27;-8.2290263e-12;0.27
2025-07-31 19:00:00;0.0;30.7;30.625948;0.0;0.27;0.0;0.27
2025-07-31 20:00:00;0.0;16.7;16.211809;0.0;1.78;0.0;1.7799999999999998
2025-07-31 21:00:00;0.0;4.18;3.6918086;0.0;1.78;0.0;1.7799999999999998
2025-07-31 22:00:00;0.0;2.23;1.7418086;-3.1738946e-12;1.78;-3.5265496e-12;1.7799999999999998
2025-07-31 23:00:00;0.0;1.3;0.85843364;0.0;1.61;0.0;1.61
2025-08-01 00:00:00;0.44156636;0.0;-5.9411485e-11;0.0;1.61;0.0;1.61
2025-08-01 01:00:00;0.44156636;0.0;-5.9089083e-11;-1.0579649e-12;1.61;-1.1755165e-12;1.61
2025-08-01 02:00:00;0.76519884;0.0;-5.876668e-11;0.0;2.79;0.0;2.79
2025-08-01 03:00:00;0.76519884;0.0;-5.8444277e-11;-1.0579649e-12;2.79;-1.1755165e-12;2.79
2025-08-01 04:00:00;0.76519884;0.0;-5.7799437e-11;0.0;2.79;0.0;2.79
2025-08-01 05:00:00;1.044949;0.0;-3.5956497e-11;0.0;3.81;0.0;3.8100000000000005
2025-08-01 06:00:00;1.044949;0.0;-3.1879275e-12;0.0;3.81;0.0;3.8100000000000005
2025-08-01 07:00:00;1.044949;0.0;-3.4666886e-11;0.0;3.81;0.0;3.8100000000000005
2025-08-01 08:00:00;0.0;1.15;0.85385507;-3.1743029e-12;1.08;-3.5270032e-12;1.08
2025-08-01 09:00:00;0.0;11.8;11.503929;-4.232188e-12;1.08;-4.7024312e-12;1.08
2025-08-01 10:00:00;0.0;18.3;18.003991;-8.4644312e-12;1.08;-9.4049236e-12;1.08
2025-08-01 11:00:00;0.0;57.0;56.989038;0.0;0.04;0.0;0.04
2025-08-01 12:00:00;0.0;78.3;78.289036;-1.0580535e-12;0.04;-1.175615e-12;0.04
2025-08-01 13:00:00;0.0;85.0;84.989037;-2.1161053e-12;0.04;-2.3512281e-12;0.04
2025-08-01 14:00:00;0.0;113.0;112.90679;-2.3937699e-11;0.34;-2.6597443e-11;0.34
2025-08-01 15:00:00;0.0;44.7;44.606787;-1.4415685e-11;0.34;-1.6017428e-11;0.34
2025-08-01 16:00:00;0.0;97.09999999999998;97.00678;-1.7589551e-11;0.34;-1.9543946e-11;0.34
2025-08-01 17:00:00;0.0;108.0;107.89579;-1.1374282e-11;0.38;-1.2638091e-11;0.38
2025-08-01 18:00:00;0.0;84.0;83.895779;-8.4643241e-12;0.38;-9.4048046e-12;0.38
2025-08-01 19:00:00;0.0;28.8;28.695779;0.0;0.38;0.0;0.38
2025-08-01 20:00:00;0.0;51.7;51.272147;0.0;1.56;0.0;1.56
2025-08-01 21:00:00;0.0;29.9;29.472147;-4.2320617e-12;1.56;-4.7022908e-12;1.56
2025-08-01 22:00:00;0.0;9.73;9.3021469;-5.2900266e-12;1.56;-5.8778073e-12;1.56
2025-08-01 23:00:00;0.0;1.45;0.081418559;0.0;4.99;0.0;4.99
2025-08-02 00:00:00;1.3685814;0.0;-5.7477037e-11;-1.0579649e-12;4.99;-1.1755165e-12;4.99
2025-08-02 01:00:00;1.3685814;0.0;-5.7477068e-11;-2.1159297e-12;4.99;-2.351033e-12;4.99
2025-08-02 02:00:00;1.4179491;0.0;-5.7154666e-11;0.0;5.17;0.0;5.17
2025-08-02 03:00:00;1.4179491;0.0;-5.6832263e-11;-2.1160679e-12;5.17;-2.3511865e-12;5.17
2025-08-02 04:00:00;1.4179491;0.0;-5.650986e-11;-3.1740327e-12;5.17;-3.526703e-12;5.17
2025-08-02 05:00:00;1.2835593;0.0;-5.6187457e-11;-3.1734131e-12;4.68;-3.5260145e-12;4.68
2025-08-02 06:00:00;1.2835593;0.0;-5.5865054e-11;-4.231378e-12;4.68;-4.7015311e-12;4.68
2025-08-02 07:00:00;1.2835593;0.0;-5.5179589e-11;-5.2893428e-12;4.68;-5.8770476e-12;4.68
2025-08-02 08:00:00;0.0;1.83;1.5173381;-1.0576452e-12;1.14;-1.1751613e-12;1.14
2025-08-02 09:00:00;0.0;8.13;7.8173381;-2.1156101e-12;1.14;-2.3506778e-12;1.14
2025-08-02 10:00:00;0.0;22.7;22.387364;0.0;1.14;0.0;1.14
2025-08-02 11:00:00;0.0;29.799999999999997;29.624482;0.0;0.64;0.0;0.64
2025-08-02 12:00:00;0.0;21.0;20.824506;-7.4059865e-12;0.64;-8.2288739e-12;0.64
2025-08-02 13:00:00;0.0;64.9;64.724502;-2.1159553e-12;0.64;-2.3510614e-12;0.64
2025-08-02 14:00:00;0.0;53.0;52.780689;-1.3490417e-11;0.8;-1.4989353e-11;0.8
2025-08-02 15:00:00;0.0;73.3;73.080622;-1.573938e-11;0.8;-1.74882e-11;0.8
2025-08-02 16:00:00;0.21937859;0.0;-1.9950764e-11;-1.269613e-11;0.8;-1.4106811e-11;0.8
2025-08-02 17:00:00;0.18101478;0.0;-5.5220249e-11;0.0;0.66;0.0;0.66
2025-08-02 18:00:00;0.18101478;0.0;-5.4575395e-11;0.0;0.66;0.0;0.66
2025-08-02 19:00:00;0.18101478;0.0;-3.249188e-10;0.0;0.66;0.0;0.66
2025-08-02 20:00:00;0.55127228;0.0;-1.8059885e-10;0.0;2.01;0.0;2.01
2025-08-02 21:00:00;0.55127228;0.0;-2.6075622e-10;0.0;2.01;0.0;2.01
2025-08-02 22:00:00;0.55127228;0.0;-5.4575443e-11;-2.1158004e-12;2.01;-2.3508893e-12;2.01
2025-08-02 23:00:00;1.0230078;0.0;-5.425304e-11;0.0;3.73;0.0;3.7300000000000004
2025-08-03 00:00:00;1.0230078;0.0;-5.3567575e-11;-1.0579649e-12;3.73;-1.1755165e-12;3.7300000000000004
2025-08-03 01:00:00;1.0230078;0.0;-5.324516e-11;-2.1159297e-12;3.73;-2.351033e-12;3.7300000000000004
2025-08-03 02:00:00;1.2424196;0.0;-5.2922757e-11;-2.1159297e-12;4.53;-2.351033e-12;4.53
2025-08-03 03:00:00;1.2424196;0.0;-5.2963429e-11;-3.174525e-12;4.53;-3.52725e-12;4.53
2025-08-03 04:00:00;1.2424196;0.0;-5.2641026e-11;-4.2324899e-12;4.53;-4.7027665e-12;4.53
2025-08-03 05:00:00;1.0778607;0.0;-5.2318623e-11;0.0;3.93;0.0;3.9299999999999997
2025-08-03 06:00:00;1.0778607;0.0;0.0;-1.0579649e-12;3.93;-1.1755165e-12;3.9299999999999997
2025-08-03 07:00:00;1.0778607;0.0;0.0;-2.1159297e-12;3.93;-2.351033e-12;3.9299999999999997
2025-08-03 08:00:00;0.0;1.25;1.20887;-1.7191625e-12;0.15;-1.9101805e-12;0.15
2025-08-03 09:00:00;0.0;8.63;8.5888828;-7.0095498e-12;0.15;-7.7883886e-12;0.15
2025-08-03 10:00:00;0.0;28.4;28.358894;-7.4064304e-12;0.15;-8.2293671e-12;0.15
2025-08-03 11:00:00;0.0;48.0;47.909574;-8.200527e-12;0.33;-9.1116967e-12;0.33
2025-08-03 12:00:00;0.0;101.99999999999999;101.90953;-2.341009e-11;0.33;-2.6011211e-11;0.33
2025-08-03 13:00:00;0.0;132.0;131.90954;-3.465102e-11;0.33;-3.8501134e-11;0.33
2025-08-03 14:00:00;0.0;107.0;107.0;0.0;0.0;0.0;0.0
2025-08-03 15:00:00;0.0;86.7;86.7;0.0;0.0;0.0;0.0
2025-08-03 16:00:00;0.0;101.0;101.0;0.0;0.0;0.0;0.0
2025-08-03 17:00:00;0.0;144.0;144.0;0.0;0.0;0.0;0.0
2025-08-03 18:00:00;0.0;92.3;92.3;0.0;0.0;0.0;0.0
2025-08-03 19:00:00;0.0;57.7;57.7;0.0;0.0;0.0;0.0
2025-08-03 20:00:00;0.0;49.5;49.401265;-2.3276334e-11;0.36;-2.5862594e-11;0.36
2025-08-03 21:00:00;0.0;29.199999999999996;29.101265;-2.4334299e-11;0.36;-2.703811e-11;0.36
2025-08-03 22:00:00;0.0;5.38;5.2812647;-2.5392238e-11;0.36;-2.8213598e-11;0.36
2025-08-03 23:00:00;0.1533826;0.45;-3.2240285e-13;0.0;2.2;0.0;2.2
2025-08-04 00:00:00;0.6033826;0.0;-5.1633146e-11;-4.4950966e-12;2.2;-4.9945518e-12;2.2
2025-08-04 01:00:00;0.6033826;0.0;-5.1310743e-11;-5.5530615e-12;2.2;-6.1700683e-12;2.2
2025-08-04 02:00:00;0.6774341;0.0;-5.098834e-11;0.0;2.47;0.0;2.47
2025-08-04 03:00:00;0.6774341;0.0;-5.1029012e-11;-1.0579649e-12;2.47;-1.1755165e-12;2.47
2025-08-04 04:00:00;0.6774341;0.0;-5.0706609e-11;-2.1159297e-12;2.47;-2.351033e-12;2.47
2025-08-04 05:00:00;0.2221545;0.0;-5.0384206e-11;0.0;0.81;0.0;0.81
2025-08-04 06:00:00;0.2221545;0.0;-1.9102784e-10;0.0;0.81;0.0;0.81
2025-08-04 07:00:00;0.2221545;0.0;-4.9739355e-11;0.0;0.81;0.0;0.81
2025-08-04 08:00:00;0.0;0.8;0.79725794;-2.3012995e-11;0.01;-2.5569994e-11;0.01
2025-08-04 09:00:00;0.0;3.8300000000000005;3.8272586;-1.9839033e-11;0.01;-2.204337e-11;0.01
2025-08-04 10:00:00;0.0;10.899999999999999;10.897258;-9.2582893e-12;0.01;-1.0286988e-11;0.01
2025-08-04 11:00:00;0.0;17.9;17.87807;-3.4914344e-11;0.08;-3.8793716e-11;0.08
2025-08-04 12:00:00;0.0;59.199999999999996;59.178075;-1.5076055e-11;0.08;-1.6751172e-11;0.08
2025-08-04 13:00:00;0.0;78.1;78.078078;-1.6134116e-11;0.08;-1.7926796e-11;0.08
2025-08-04 14:00:00;0.0;129.0;128.73417;-1.0577541e-12;0.97;-1.1752824e-12;0.9700000000000001
2025-08-04 15:00:00;0.0;136.0;135.73413;-1.0578318e-12;0.97;-1.1753686e-12;0.9700000000000001
2025-08-04 16:00:00;0.0;131.0;130.73406;-2.1157258e-12;0.97;-2.3508064e-12;0.9700000000000001
2025-08-04 17:00:00;0.0;150.0;149.78607;-1.4547749e-11;0.78;-1.6164166e-11;0.78
2025-08-04 18:00:00;0.0;108.99999999999999;108.78607;-1.6663765e-11;0.78;-1.8515295e-11;0.78
2025-08-04 19:00:00;0.0;44.00000000000001;43.786073;-1.772173e-11;0.78;-1.9690811e-11;0.78
2025-08-04 20:00:00;0.0;29.0;28.969831;-1.0182373e-11;0.11;-1.1313748e-11;0.10999999999999999
2025-08-04 21:00:00;0.0;16.1;16.069831;-1.2565142e-11;0.11;-1.3961269e-11;0.10999999999999999
2025-08-04 22:00:00;0.0;4.72;4.6898309;-1.3623107e-11;0.11;-1.5136786e-11;0.10999999999999999
2025-08-04 23:00:00;0.0;1.5;1.4670882;-1.3623025e-11;0.12;-1.5136694e-11;0.12000000000000001
2025-08-05 00:00:00;0.032911778;0.0;0.0;-1.4811648e-11;0.12;-1.6457386e-11;0.12000000000000001
2025-08-05 01:00:00;0.032911778;0.0;0.0;0.0;0.12;0.0;0.12000000000000001
2025-08-05 02:00:00;0.016455889;0.0;0.0;0.0;0.06;0.0;0.060000000000000005
2025-08-05 03:00:00;0.016455889;0.0;-4.9739401e-11;-1.5870289e-11;0.06;-1.7633655e-11;0.060000000000000005
2025-08-05 04:00:00;0.016455889;0.0;-4.9416998e-11;-1.6928254e-11;0.06;-1.8809171e-11;0.060000000000000005
2025-08-05 05:00:00;1.8951699;0.0;-4.9094595e-11;0.0;6.91;0.0;6.909999999999999
2025-08-05 06:00:00;1.8951699;0.0;-4.8772192e-11;-1.0579649e-12;6.91;-1.1755165e-12;6.909999999999999
2025-08-05 07:00:00;1.8951699;0.0;-4.8449789e-11;-2.1159297e-12;6.91;-2.351033e-12;6.909999999999999
2025-08-05 08:00:00;0.39410331;0.5;-3.1842492e-12;0.0;3.26;0.0;3.26
2025-08-05 09:00:00;0.0;6.05;5.1558967;-9.2575474e-12;3.26;-1.0286164e-11;3.26
2025-08-05 10:00:00;0.0;11.2;10.306244;-8.5970426e-12;3.26;-9.5522696e-12;3.26
2025-08-05 11:00:00;0.0;24.8;24.79726;-2.1954913e-11;0.01;-2.4394348e-11;0.01
2025-08-05 12:00:00;0.0;84.7;84.69726;-1.1374212e-11;0.01;-1.2638014e-11;0.01
2025-08-05 13:00:00;0.0;119.0;118.99726;-1.0713409e-11;0.01;-1.1903788e-11;0.01
2025-08-05 14:00:00;0.0;129.0;128.90135;-1.1638773e-11;0.36;-1.293197e-11;0.36
2025-08-05 15:00:00;0.0;146.0;145.90132;-2.4731457e-11;0.36;-2.7479396e-11;0.36
2025-08-05 16:00:00;0.0;106.0;105.9013;-4.2322486e-12;0.36;-4.7024984e-12;0.36
2025-08-05 17:00:00;0.0;101.99999999999999;101.8574;-1.3623322e-11;0.52;-1.5137025e-11;0.52
2025-08-05 18:00:00;0.0;104.00000000000001;103.85738;-1.7588613e-11;0.52;-1.9542903e-11;0.52
2025-08-05 19:00:00;0.0;66.2;66.057382;-1.9838014e-11;0.52;-2.2042238e-11;0.52
2025-08-05 20:00:00;0.0;50.5;50.025522;-2.1159297e-12;1.73;-2.351033e-12;1.7299999999999998
2025-08-05 21:00:00;0.0;37.4;36.925522;-8.1997932e-12;1.73;-9.1108813e-12;1.7299999999999998
2025-08-05 22:00:00;0.0;11.1;10.625522;-9.257758e-12;1.73;-1.0286398e-11;1.7299999999999998
2025-08-05 23:00:00;0.016426939;1.13;-9.6724275e-13;0.0;4.18;0.0;4.18
2025-08-06 00:00:00;1.1464269;0.0;-4.8127387e-11;0.0;4.18;0.0;4.18
2025-08-06 01:00:00;1.1464269;0.0;-4.7804984e-11;-1.0579649e-12;4.18;-1.1755165e-12;4.18
2025-08-06 02:00:00;1.3384123;0.0;-4.7482581e-11;-3.1738979e-12;4.88;-3.5265532e-12;4.88
2025-08-06 03:00:00;1.3384123;0.0;-4.7160178e-11;-4.2318628e-12;4.88;-4.7020697e-12;4.88
2025-08-06 04:00:00;1.3384123;0.0;-4.6837775e-11;-5.2898276e-12;4.88;-5.8775863e-12;4.88
2025-08-06 05:00:00;1.9884199;0.0;-4.4983776e-11;0.0;7.25;0.0;7.249999999999999
2025-08-06 06:00:00;1.9884199;0.0;-1.9038304e-10;0.0;7.25;0.0;7.249999999999999
2025-08-06 07:00:00;1.9882175;0.0;-1.471255e-11;0.0;7.25;0.0;7.249999999999999
2025-08-06 08:00:00;0.0;1.7;1.3189445;0.0;1.39;0.0;1.39
2025-08-06 09:00:00;0.0;8.35;7.9690357;-2.1158235e-12;1.39;-2.350915e-12;1.39
2025-08-06 10:00:00;0.0;23.5;23.119114;-3.1740906e-12;1.39;-3.5267673e-12;1.39
2025-08-06 11:00:00;0.0;56.5;56.384903;0.0;0.42;0.0;0.42
2025-08-06 12:00:00;0.0;94.60000000000001;94.484887;-3.6766508e-11;0.42;-4.0851675e-11;0.42
2025-08-06 13:00:00;0.0;113.0;112.88487;-4.3114304e-11;0.42;-4.7904782e-11;0.42
2025-08-06 14:00:00;0.0;135.0;134.99452;0.0;0.02;0.0;0.02
2025-08-06 15:00:00;0.0;141.0;140.99452;-2.2351874e-11;0.02;-2.4835416e-11;0.02
2025-08-06 16:00:00;0.0;127.00000000000001;126.99452;-2.1161112e-12;0.02;-2.3512347e-12;0.02
2025-08-06 17:00:00;0.0;139.0;138.97806;-2.3276153e-11;0.08;-2.5862392e-11;0.08
2025-08-06 18:00:00;0.0;92.59999999999998;92.578059;0.0;0.08;0.0;0.08
2025-08-06 19:00:00;0.0;110.0;109.97806;0.0;0.08;0.0;0.08
2025-08-06 20:00:00;0.0;74.6;74.388816;0.0;0.77;0.0;0.77
2025-08-06 21:00:00;0.0;33.7;33.488816;-2.1161732e-12;0.77;-2.3513036e-12;0.77
2025-08-06 22:00:00;0.0;7.48;7.2688161;-8.1999808e-12;0.77;-9.1110898e-12;0.77
2025-08-06 23:00:00;0.0;0.9;0.07172025;-3.1738979e-12;3.02;-3.5265532e-12;3.02
2025-08-07 00:00:00;0.82827975;0.0;-4.619297e-11;0.0;3.02;0.0;3.02
2025-08-07 01:00:00;0.82827975;0.0;-4.5870567e-11;-1.0579649e-12;3.02;-1.1755165e-12;3.02
2025-08-07 02:00:00;0.84199299;0.0;-4.5548164e-11;-3.1738946e-12;3.07;-3.5265496e-12;3.07
2025-08-07 03:00:00;0.84199299;0.0;-4.5225761e-11;-4.2318595e-12;3.07;-4.7020661e-12;3.07
2025-08-07 04:00:00;0.84199299;0.0;-4.4903358e-11;-5.2898243e-12;3.07;-5.8775826e-12;3.07
2025-08-07 05:00:00;0.78165473;0.0;-9.8708536e-11;0.0;2.85;0.0;2.85
2025-08-07 06:00:00;0.78165473;0.0;-3.2732469e-11;0.0;2.85;0.0;2.85
2025-08-07 07:00:00;0.78155493;0.0;-1.6646366e-11;0.0;2.85;0.0;2.85
2025-08-07 08:00:00;0.0;0.65;0.64451719;-1.9838562e-11;0.02;-2.2042847e-11;0.02
2025-08-07 09:00:00;0.0;7.58;7.5745187;-6.3483164e-12;0.02;-7.0536849e-12;0.02
2025-08-07 10:00:00;0.0;26.7;26.69452;-2.1954873e-11;0.02;-2.4394304e-11;0.02
2025-08-07 11:00:00;0.0;49.2;49.010967;-1.6665036e-11;0.69;-1.8516707e-11;0.69
2025-08-07 12:00:00;0.0;79.5;79.310977;-1.0316862e-11;0.69;-1.146318e-11;0.69
2025-08-07 13:00:00;0.0;130.0;129.81097;-1.9839206e-11;0.69;-2.2043563e-11;0.69
2025-08-07 14:00:00;0.0;149.0;148.79451;-9.1258353e-12;0.75;-1.0139817e-11;0.75
2025-08-07 15:00:00;0.0;158.0;157.79444;-4.8934815e-12;0.75;-5.4372017e-12;0.75
2025-08-07 16:00:00;0.20564815;0.0;-2.857064e-11;-6.2155236e-12;0.75;-6.9061374e-12;0.75
2025-08-07 17:00:00;0.098722965;0.0;-1.6324039e-11;0.0;0.36;0.0;0.36
2025-08-07 18:00:00;0.098735334;0.0;-5.2370299e-13;0.0;0.36;0.0;0.36
2025-08-07 19:00:00;0.098735334;0.0;-5.2370299e-13;0.0;0.36;0.0;0.36
2025-08-07 20:00:00;0.016455889;0.0;-5.2370299e-13;0.0;0.06;0.0;0.060000000000000005
2025-08-07 21:00:00;0.016455889;0.0;-3.841244e-10;0.0;0.06;0.0;0.060000000000000005
2025-08-07 22:00:00;0.016455889;0.0;-4.4258507e-11;0.0;0.06;0.0;0.060000000000000005
2025-08-07 23:00:00;0.0;0.0;0.0;0.0;0.0;0.0;0.0
2025-08-08 00:00:00;0.0;0.0;0.0;0.0;0.0;0.0;0.0
2025-08-08 01:00:00;0.0;0.0;0.0;0.0;0.0;0.0;0.0
2025-08-08 02:00:00;0.14536035;0.0;-4.4258553e-11;-1.4811862e-11;0.53;-1.6457625e-11;0.53
2025-08-08 03:00:00;0.14536035;0.0;-4.393615e-11;-1.5869827e-11;0.53;-1.7633141e-11;0.53
2025-08-08 04:00:00;0.14536035;0.0;-4.3613747e-11;-1.6927792e-11;0.53;-1.8808658e-11;0.53
2025-08-08 05:00:00;0.12067652;0.0;-4.296891e-11;0.0;0.44;0.0;0.43999999999999995
2025-08-08 06:00:00;0.12067652;0.0;-2.1734836e-10;0.0;0.44;0.0;0.43999999999999995
2025-08-08 07:00:00;0.12066801;0.0;-1.1569614e-11;0.0;0.44;0.0;0.43999999999999995
2025-08-08 08:00:00;0.0;1.2;0.94772385;-1.2432377e-11;0.92;-1.3813752e-11;0.9199999999999999
2025-08-08 09:00:00;0.0;6.78;6.5277687;-1.7722637e-11;0.92;-1.9691819e-11;0.9199999999999999
2025-08-08 10:00:00;0.0;18.5;18.247857;-6.084432e-12;0.92;-6.76048e-12;0.9199999999999999
2025-08-08 11:00:00;0.0;37.7;37.593116;-1.1374338e-11;0.39;-1.2638154e-11;0.39
2025-08-08 12:00:00;0.0;54.49999999999999;54.393128;-1.0316239e-11;0.39;-1.1462488e-11;0.39
2025-08-08 13:00:00;0.0;65.9;65.793116;0.0;0.39;0.0;0.39
2025-08-08 14:00:00;0.0;65.0;64.767046;-2.1163823e-12;0.85;-2.3515359e-12;0.85
2025-08-08 15:00:00;0.0;65.6;65.367029;-8.2000185e-12;0.85;-9.1111317e-12;0.85
2025-08-08 16:00:00;0.0;62.49999999999999;62.266953;-1.1374022e-11;0.85;-1.2637802e-11;0.85
2025-08-08 17:00:00;0.0;69.6;69.460147;-7.4058433e-12;0.51;-8.2287147e-12;0.51
2025-08-08 18:00:00;0.0;74.8;74.660125;0.0;0.51;0.0;0.51
2025-08-08 19:00:00;0.0;46.29999999999999;46.160125;0.0;0.51;0.0;0.51
2025-08-08 20:00:00;0.0;34.2;34.178059;0.0;0.08;0.0;0.08
2025-08-08 21:00:00;0.0;19.9;19.878059;0.0;0.08;0.0;0.08
2025-08-08 22:00:00;0.0;6.819999999999999;6.7980588;-2.7772228e-11;0.08;-3.0858031e-11;0.08
2025-08-08 23:00:00;0.0;0.9;0.85611763;-1.0579669e-11;0.16;-1.1755188e-11;0.16
2025-08-09 00:00:00;0.043882371;0.0;-4.2646507e-11;0.0;0.16;0.0;0.16
2025-08-09 01:00:00;0.043882371;0.0;-4.2324107e-11;0.0;0.16;0.0;0.16
2025-08-09 02:00:00;0.76794149;0.0;-4.184108e-11;-4.2318595e-12;2.8;-4.7020661e-12;2.8
2025-08-09 03:00:00;0.76794149;0.0;-4.2001733e-11;-5.2898243e-12;2.8;-5.8775826e-12;2.8
2025-08-09 04:00:00;0.76794149;0.0;-4.167933e-11;-6.3477892e-12;2.8;-7.0530991e-12;2.8
2025-08-09 05:00:00;1.7470669;0.0;-4.1356927e-11;-1.0579649e-12;6.37;-1.1755165e-12;6.37
2025-08-09 06:00:00;1.7470669;0.0;-4.1034524e-11;-2.1159297e-12;6.37;-2.351033e-12;6.37
2025-08-09 07:00:00;1.7470669;0.0;-4.0349047e-11;-3.1738946e-12;6.37;-3.5265496e-12;6.37
2025-08-09 08:00:00;0.0;1.35;1.1278692;-6.2175653e-12;0.81;-6.9084059e-12;0.81
2025-08-09 09:00:00;0.0;9.2;8.9779511;-7.1419543e-12;0.81;-7.9355048e-12;0.81
2025-08-09 10:00:00;0.0;25.799999999999997;25.578042;-6.4811685e-12;0.81;-7.2012984e-12;0.81
2025-08-09 11:00:00;0.0;41.1;41.086302;-1.0316733e-11;0.05;-1.1463037e-11;0.05
2025-08-09 12:00:00;0.0;77.6;77.586302;-1.0713318e-11;0.05;-1.1903687e-11;0.05
2025-08-09 13:00:00;0.0;119.0;118.9863;-2.2351372e-11;0.05;-2.4834857e-11;0.05
2025-08-09 14:00:00;0.0;142.0;141.85752;-2.0896448e-11;0.52;-2.3218276e-11;0.52
2025-08-09 15:00:00;0.0;154.0;153.85749;-1.5606335e-11;0.52;-1.7340372e-11;0.52
2025-08-09 16:00:00;0.0;155.0;154.85747;-2.1954334e-11;0.52;-2.4393704e-11;0.52
2025-08-09 17:00:00;0.0;153.0;152.84098;-1.3490361e-11;0.58;-1.498929e-11;0.58
2025-08-09 18:00:00;0.0;139.0;138.84093;-1.0580356e-11;0.58;-1.1755951e-11;0.58
2025-08-09 19:00:00;0.0;116.0;115.84093;0.0;0.58;0.0;0.58
2025-08-09 20:00:00;0.0;81.0;80.969831;0.0;0.11;0.0;0.10999999999999999
2025-08-09 21:00:00;0.0;38.6;38.569831;-9.5217529e-12;0.11;-1.0579725e-11;0.10999999999999999
2025-08-09 22:00:00;0.0;7.3999999999999995;7.3698309;-1.5605616e-11;0.11;-1.7339574e-11;0.10999999999999999
2025-08-09 23:00:00;0.0;0.55;0.14683072;0.0;1.47;0.0;1.47
2025-08-10 00:00:00;0.40316928;0.0;-4.0389719e-11;0.0;1.47;0.0;1.47
2025-08-10 01:00:00;0.40316928;0.0;-4.0067316e-11;-1.0579649e-12;1.47;-1.1755165e-12;1.47
2025-08-10 02:00:00;1.6949566;0.0;-3.132178e-11;0.0;6.18;0.0;6.18
2025-08-10 03:00:00;1.6949566;0.0;-3.136244e-11;-1.0579649e-12;6.18;-1.1755165e-12;6.18
2025-08-10 04:00:00;1.6949566;0.0;-3.1040037e-11;-2.1159297e-12;6.18;-2.351033e-12;6.18
2025-08-10 05:00:00;2.4848393;0.0;-3.0717634e-11;-3.1739789e-12;9.06;-3.5266432e-12;9.06
2025-08-10 06:00:00;2.4848393;0.0;-3.0395231e-11;-4.2319438e-12;9.06;-4.7021598e-12;9.06
2025-08-10 07:00:00;2.4844563;0.0;0.0;0.0;9.06;0.0;9.06
2025-08-10 08:00:00;0.0;1.4;1.134083;-3.5711683e-12;0.97;-3.9679648e-12;0.9700000000000001
2025-08-10 09:00:00;0.0;6.43;6.1641549;0.0;0.97;0.0;0.9700000000000001
2025-08-10 10:00:00;0.0;20.5;20.234213;-2.5127403e-12;0.97;-2.7919337e-12;0.9700000000000001
2025-08-10 11:00:00;0.0;56.4;56.4;0.0;0.0;0.0;0.0
2025-08-10 12:00:00;0.0;96.8;96.8;0.0;0.0;0.0;0.0
2025-08-10 13:00:00;0.0;126.0;126.0;0.0;0.0;0.0;0.0
2025-08-10 14:00:00;0.0;146.0;145.90136;-9.522618e-12;0.36;-1.0580687e-11;0.36
2025-08-10 15:00:00;0.0;155.0;154.90134;-1.7325553e-11;0.36;-1.9250614e-11;0.36
2025-08-10 16:00:00;0.0;161.0;160.90132;-1.9044539e-11;0.36;-2.1160599e-11;0.36
2025-08-10 17:00:00;0.0;153.0;152.96984;-1.5605671e-11;0.11;-1.7339634e-11;0.10999999999999999
2025-08-10 18:00:00;0.0;137.0;136.96983;0.0;0.11;0.0;0.10999999999999999
2025-08-10 19:00:00;0.0;113.0;112.96983;0.0;0.11;0.0;0.10999999999999999
2025-08-10 20:00:00;0.0;76.3;76.250632;0.0;0.18;0.0;0.18
2025-08-10 21:00:00;0.0;35.5;35.450632;-2.1159297e-12;0.18;-2.351033e-12;0.18
2025-08-10 22:00:00;0.0;7.25;7.2006323;-8.1998623e-12;0.18;-9.1109581e-12;0.18
2025-08-10 23:00:00;0.0;1.0;0.69008076;-5.0257739e-12;1.13;-5.5841932e-12;1.13
2025-08-11 00:00:00;0.30991924;0.0;-2.8899736e-11;-2.1158957e-12;1.13;-2.3509953e-12;1.13
2025-08-11 01:00:00;0.30991924;0.0;-2.8577333e-11;-3.1738606e-12;1.13;-3.5265118e-12;1.13
2025-08-11 02:00:00;1.0120372;0.0;-2.825493e-11;0.0;3.69;0.0;3.6900000000000004
2025-08-11 03:00:00;1.0120372;0.0;-2.7932527e-11;-1.0579649e-12;3.69;-1.1755165e-12;3.6900000000000004
2025-08-11 04:00:00;1.0120372;0.0;-2.0251783e-10;0.0;3.69;0.0;3.6900000000000004
2025-08-11 05:00:00;1.8019199;0.0;-5.2370299e-13;0.0;6.57;0.0;6.57
2025-08-11 06:00:00;1.8019199;0.0;-5.2370299e-13;0.0;6.57;0.0;6.57
2025-08-11 07:00:00;1.8016122;0.0;-2.1561383e-11;0.0;6.57;0.0;6.57
2025-08-11 08:00:00;0.0;1.3;1.2945173;-3.0683003e-11;0.02;-3.4092225e-11;0.02
2025-08-11 09:00:00;0.0;5.68;5.6745188;-1.7986597e-11;0.02;-1.9985107e-11;0.02
2025-08-11 10:00:00;0.0;19.1;19.09452;-2.3276901e-11;0.02;-2.5863223e-11;0.02
2025-08-11 11:00:00;0.0;56.3;56.253427;-2.0102897e-11;0.17;-2.2336552e-11;0.17
2025-08-11 12:00:00;0.0;99.0;98.95343;-1.9044776e-11;0.17;-2.1160863e-11;0.17
2025-08-11 13:00:00;0.0;128.0;127.95343;-3.1741402e-12;0.17;-3.5268225e-12;0.17
2025-08-11 14:00:00;0.0;147.0;146.93151;-5.290525e-12;0.25;-5.8783611e-12;0.25
2025-08-11 15:00:00;0.0;158.0;157.93149;-3.1741753e-11;0.25;-3.5268615e-11;0.25
2025-08-11 16:00:00;0.0;159.0;158.93148;-3.2799847e-11;0.25;-3.6444275e-11;0.25
2025-08-11 17:00:00;0.0;152.0;151.92323;-2.0102338e-11;0.28;-2.2335931e-11;0.28
2025-08-11 18:00:00;0.0;137.0;136.92321;0.0;0.28;0.0;0.28
2025-08-11 19:00:00;0.0;113.0;112.92321;0.0;0.28;0.0;0.28
2025-08-11 20:00:00;0.0;77.2;77.169831;0.0;0.11;0.0;0.10999999999999999
2025-08-11 21:00:00;0.0;36.2;36.169831;-1.2695688e-11;0.11;-1.410632e-11;0.10999999999999999
2025-08-11 22:00:00;0.0;6.55;6.5198309;-1.8779551e-11;0.11;-2.0866168e-11;0.10999999999999999
2025-08-11 23:00:00;0.0;0.7000000000000002;0.67257352;-1.3489938e-11;0.1;-1.498882e-11;0.1
2025-08-12 00:00:00;0.027426482;0.0;-2.7610124e-11;-9.5219518e-12;0.1;-1.0579946e-11;0.1
2025-08-12 01:00:00;0.027426482;0.0;-2.7287722e-11;-1.0579917e-11;0.1;-1.1755463e-11;0.1
2025-08-12 02:00:00;0.36751486;0.0;-2.6965319e-11;-6.3474977e-12;1.34;-7.0527752e-12;1.34
2025-08-12 03:00:00;0.36751486;0.0;-2.6642916e-11;-7.4054625e-12;1.34;-8.2282917e-12;1.34
2025-08-12 04:00:00;0.36751486;0.0;-2.6320513e-11;-8.4634274e-12;1.34;-9.4038082e-12;1.34
2025-08-12 05:00:00;0.97638275;0.0;-8.8714049e-11;0.0;3.56;0.0;3.5599999999999996
2025-08-12 06:00:00;0.97638275;0.0;-3.158871e-10;0.0;3.56;0.0;3.5599999999999996
2025-08-12 07:00:00;0.97621026;0.0;-2.4059625e-11;0.0;3.56;0.0;3.5599999999999996
2025-08-12 08:00:00;0.0;1.35;1.1635856;-3.1743564e-12;0.68;-3.5270626e-12;0.68
2025-08-12 09:00:00;0.0;7.15;6.9636376;0.0;0.68;0.0;0.68
2025-08-12 10:00:00;0.0;21.3;21.113683;-1.0580626e-12;0.68;-1.1756251e-12;0.68
2025-08-12 11:00:00;0.0;51.8;51.517827;-1.0581838e-12;1.03;-1.1757597e-12;1.03
2025-08-12 12:00:00;0.0;90.40000000000002;90.117845;0.0;1.03;0.0;1.03
2025-08-12 13:00:00;0.0;119.0;118.71784;-2.1162921e-12;1.03;-2.3514356e-12;1.03
2025-08-12 14:00:00;0.0;94.8;94.657534;-1.6928105e-11;0.52;-1.8809006e-11;0.52
2025-08-12 15:00:00;0.0;148.0;147.85751;-1.2695951e-11;0.52;-1.4106612e-11;0.52
2025-08-12 16:00:00;0.0;149.0;148.85747;-1.9044268e-11;0.52;-2.1160297e-11;0.52
2025-08-12 17:00:00;0.0;141.0;140.93146;-1.7987293e-11;0.25;-1.9985881e-11;0.25
2025-08-12 18:00:00;0.0;124.99999999999999;124.93144;0.0;0.25;0.0;0.25
2025-08-12 19:00:00;0.0;101.99999999999999;101.93143;0.0;0.25;0.0;0.25
2025-08-12 20:00:00;0.0;67.5;67.35464;0.0;0.53;0.0;0.53
2025-08-12 21:00:00;0.0;30.100000000000005;29.95464;0.0;0.53;0.0;0.53
2025-08-12 22:00:00;0.0;6.299999999999999;6.1546396;-2.3011708e-11;0.53;-2.5568564e-11;0.53
2025-08-12 23:00:00;0.0;0.3;0.2314338;-3.9941836e-11;0.25;-4.4379817e-11;0.25
2025-08-13 00:00:00;0.068566204;0.0;-2.599811e-11;-9.0341721e-11;0.25;-1.0037969e-10;0.25
2025-08-13 01:00:00;0.068566204;0.0;-2.5675707e-11;-3.7031827e-11;0.25;-4.1146475e-11;0.25
2025-08-13 02:00:00;0.29072071;0.0;-2.5353305e-11;-6.3477883e-12;1.06;-7.0530981e-12;1.06
2025-08-13 03:00:00;0.29072071;0.0;-2.5030902e-11;-7.4056841e-12;1.06;-8.2285379e-12;1.06
2025-08-13 04:00:00;0.29072071;0.0;-2.4708499e-11;-8.4637181e-12;1.06;-9.4041312e-12;1.06
2025-08-13 05:00:00;0.035654426;0.0;-2.2605765e-10;0.0;0.13;0.0;0.13
2025-08-13 06:00:00;0.035654426;0.0;-1.0289977e-10;0.0;0.13;0.0;0.13
2025-08-13 07:00:00;0.035647333;0.0;-2.478422e-11;0.0;0.13;0.0;0.13
2025-08-13 08:00:00;0.0;0.9;0.64231863;0.0;0.94;0.0;0.94
2025-08-13 09:00:00;0.0;6.230000000000001;5.9723756;-9.521866e-12;0.94;-1.0579851e-11;0.94
2025-08-13 10:00:00;0.0;19.9;19.642429;-3.1737586e-12;0.94;-3.5263984e-12;0.94
2025-08-13 11:00:00;0.0;51.1;50.505464;0.0;2.17;0.0;2.17
2025-08-13 12:00:00;0.0;89.0;88.405517;-4.2318975e-12;2.17;-4.7021084e-12;2.17
2025-08-13 13:00:00;0.0;117.0;116.40552;-1.0584876e-12;2.17;-1.1760973e-12;2.17
2025-08-13 14:00:00;0.0;134.0;133.86301;-2.0102593e-11;0.5;-2.2336214e-11;0.5
2025-08-13 15:00:00;0.0;143.0;142.86299;-2.6450788e-11;0.5;-2.9389764e-11;0.5
2025-08-13 16:00:00;0.0;144.0;143.86295;-9.522202e-12;0.5;-1.0580224e-11;0.5
2025-08-13 17:00:00;0.0;137.0;136.90952;0.0;0.33;0.0;0.33
2025-08-13 18:00:00;0.0;124.0;123.9095;0.0;0.33;0.0;0.33
2025-08-13 19:00:00;0.0;98.9;98.809493;0.0;0.33;0.0;0.33
2025-08-13 20:00:00;0.0;60.00000000000001;59.876581;0.0;0.45;0.0;0.44999999999999996
2025-08-13 21:00:00;0.0;11.8;11.676581;0.0;0.45;0.0;0.44999999999999996
2025-08-13 22:00:00;0.0;6.819999999999999;6.6965808;0.0;0.45;0.0;0.44999999999999996
2025-08-13 23:00:00;0.0;0.2;0.084808776;-3.7824237e-11;0.42;-4.202693e-11;0.42
2025-08-14 00:00:00;0.11519122;0.0;-2.4386096e-11;-3.3856264e-11;0.42;-3.7618071e-11;0.42
2025-08-14 01:00:00;0.11519122;0.0;-2.4063693e-11;-3.4914229e-11;0.42;-3.8793587e-11;0.42
2025-08-14 02:00:00;0.06033826;0.0;-2.374129e-11;-7.2729272e-12;0.22;-8.0810302e-12;0.21999999999999997
2025-08-14 03:00:00;0.06033826;0.0;-2.3418888e-11;-8.3308921e-12;0.22;-9.2565468e-12;0.21999999999999997
2025-08-14 04:00:00;0.06033826;0.0;-2.3096485e-11;0.0;0.22;0.0;0.21999999999999997
2025-08-14 05:00:00;0.11244858;0.0;-1.3804168e-10;0.0;0.41;0.0;0.41
2025-08-14 06:00:00;0.11244857;0.0;-3.7187309e-10;0.0;0.41;0.0;0.41
2025-08-14 07:00:00;0.11243133;0.0;-1.9869519e-11;0.0;0.41;0.0;0.41
2025-08-14 08:00:00;0.0;0.9;0.75468572;-5.0259356e-12;0.53;-5.5843728e-12;0.53
2025-08-14 09:00:00;0.0;9.5;9.3546974;-2.7243699e-11;0.53;-3.0270776e-11;0.53
2025-08-14 10:00:00;0.0;25.0;24.854721;-2.5391564e-11;0.53;-2.8212849e-11;0.53
2025-08-14 11:00:00;0.0;22.000000000000004;21.062752;-3.1744208e-12;3.42;-3.5271342e-12;3.42
2025-08-14 12:00:00;0.0;60.7;59.762891;-4.2322461e-12;3.42;-4.7024957e-12;3.42
2025-08-14 13:00:00;0.0;113.0;112.06296;0.0;3.42;0.0;3.42
2025-08-14 14:00:00;0.0;133.0;132.84108;-1.1638378e-11;0.58;-1.2931531e-11;0.58
2025-08-14 15:00:00;0.0;117.0;116.84104;-1.4812372e-11;0.58;-1.6458191e-11;0.58
2025-08-14 16:00:00;0.0;58.6;58.441014;-4.2322298e-12;0.58;-4.7024775e-12;0.58
2025-08-14 17:00:00;0.0;99.2;99.109515;0.0;0.33;0.0;0.33
2025-08-14 18:00:00;0.0;55.699999999999996;55.609493;0.0;0.33;0.0;0.33
2025-08-14 19:00:00;0.0;73.7;73.609493;0.0;0.33;0.0;0.33
2025-08-14 20:00:00;0.0;61.6;61.418985;0.0;0.66;0.0;0.66
2025-08-14 21:00:00;0.0;25.700000000000003;25.518985;0.0;0.66;0.0;0.66
2025-08-14 22:00:00;0.0;6.07;5.8889852;-1.0579649e-12;0.66;-1.1755165e-12;0.66
2025-08-14 23:00:00;0.0;0.5;0.39577937;-1.3490185e-11;0.38;-1.4989094e-11;0.38
2025-08-15 00:00:00;0.10422063;0.0;-2.2774082e-11;0.0;0.38;0.0;0.38
2025-08-15 01:00:00;0.10422063;0.0;-2.2451679e-11;-1.0580254e-11;0.38;-1.1755838e-11;0.38
2025-08-15 02:00:00;0.31540454;0.0;-2.2129276e-11;0.0;1.15;0.0;1.15
2025-08-15 03:00:00;0.31540454;0.0;-2.1806873e-11;-1.0579649e-12;1.15;-1.1755165e-12;1.15
2025-08-15 04:00:00;0.31540454;0.0;-2.1484471e-11;-2.1159297e-12;1.15;-2.351033e-12;1.15
2025-08-15 05:00:00;0.076794149;0.0;-2.0839619e-11;0.0;0.28;0.0;0.28
2025-08-15 06:00:00;0.076794149;0.0;-2.0517217e-11;0.0;0.28;0.0;0.28
2025-08-15 07:00:00;0.076786461;0.0;-1.4390197e-11;0.0;0.28;0.0;0.28
2025-08-15 08:00:00;0.0;1.2;1.0930797;-1.1374099e-11;0.39;-1.2637888e-11;0.39
2025-08-15 09:00:00;0.0;6.75;6.6431117;-8.464067e-12;0.39;-9.4045189e-12;0.39
2025-08-15 10:00:00;0.0;21.2;21.093136;0.0;0.39;0.0;0.39
2025-08-15 11:00:00;0.0;48.9;48.705482;-4.2319432e-12;0.71;-4.7021591e-12;0.71
2025-08-15 12:00:00;0.0;85.1;84.905495;-5.2899849e-12;0.71;-5.877761e-12;0.71
2025-08-15 13:00:00;0.0;116.0;115.80549;0.0;0.71;0.0;0.71
2025-08-15 14:00:00;0.0;129.0;128.7589;-2.1159365e-12;0.88;-2.3510406e-12;0.8799999999999999
2025-08-15 15:00:00;0.0;147.0;146.75885;-3.1740873e-12;0.88;-3.5267636e-12;0.8799999999999999
2025-08-15 16:00:00;0.0;150.0;149.75879;-6.348043e-12;0.88;-7.0533812e-12;0.8799999999999999
2025-08-15 17:00:00;0.0;137.0;136.6134;0.0;1.41;0.0;1.41
2025-08-15 18:00:00;0.0;133.0;132.6133;0.0;1.41;0.0;1.41
2025-08-15 19:00:00;0.0;112.0;111.61329;0.0;1.41;0.0;1.41
2025-08-15 20:00:00;0.0;72.3;72.198522;0.0;0.37;0.0;0.37
2025-08-15 21:00:00;0.0;24.2;24.098522;-1.0579649e-12;0.37;-1.1755165e-12;0.37
2025-08-15 22:00:00;0.0;4.93;4.828522;-7.1418077e-12;0.37;-7.9353419e-12;0.37
2025-08-15 23:00:00;0.0;0.2;0.12320585;-3.2534414e-11;0.28;-3.6149349e-11;0.28
2025-08-16 00:00:00;0.076794149;0.0;-2.0517262e-11;0.0;0.28;0.0;0.28
2025-08-16 01:00:00;0.076794149;0.0;-2.0194859e-11;-2.8566441e-11;0.28;-3.174049e-11;0.28
2025-08-16 02:00:00;0.11793387;0.0;-1.9872457e-11;-3.1738946e-12;0.43;-3.5265496e-12;0.42999999999999994
2025-08-16 03:00:00;0.11793387;0.0;-1.9550054e-11;-4.2318595e-12;0.43;-4.7020661e-12;0.42999999999999994
2025-08-16 04:00:00;0.11793387;0.0;-1.9227651e-11;-5.2898243e-12;0.43;-5.8775826e-12;0.42999999999999994
2025-08-16 05:00:00;0.032911778;0.0;-1.8905248e-11;0.0;0.12;0.0;0.12000000000000001
2025-08-16 06:00:00;0.032911778;0.0;-1.8582845e-11;-9.5216707e-12;0.12;-1.0579634e-11;0.12000000000000001
2025-08-16 07:00:00;0.032911778;0.0;-1.8260442e-11;-1.0579636e-11;0.12;-1.1755151e-11;0.12000000000000001
2025-08-16 08:00:00;0.0054852084;0.0;-6.653836e-12;0.0;0.02;0.0;0.02
2025-08-16 09:00:00;0.0;4.1;4.094516;-1.8780493e-11;0.02;-2.0867214e-11;0.02
2025-08-16 10:00:00;0.0;15.5;15.494517;-1.772257e-11;0.02;-1.9691744e-11;0.02
2025-08-16 11:00:00;0.0;16.1;15.814912;-1.7188393e-12;1.04;-1.9098215e-12;1.04
2025-08-16 12:00:00;0.0;25.1;24.814909;0.0;1.04;0.0;1.04
2025-08-16 13:00:00;0.0;27.4;27.11491;-3.8350464e-12;1.04;-4.2611626e-12;1.04
2025-08-16 14:00:00;0.0;30.2;30.084846;-4.099829e-11;0.42;-4.5553655e-11;0.42
2025-08-16 15:00:00;0.0;33.0;32.88483;-3.147621e-11;0.42;-3.4973567e-11;0.42
2025-08-16 16:00:00;0.0;27.1;26.984835;-4.5230287e-11;0.42;-5.0255874e-11;0.42
2025-08-16 17:00:00;0.0;28.8;28.701272;-2.7508333e-11;0.36;-3.0564815e-11;0.36
2025-08-16 18:00:00;0.0;31.9;31.801265;-3.1740376e-11;0.36;-3.5267085e-11;0.36
2025-08-16 19:00:00;0.0;16.2;16.101265;-2.7772416e-11;0.36;-3.085824e-11;0.36
2025-08-16 20:00:00;0.0;12.700000000000001;12.595779;-1.5606055e-11;0.38;-1.7340061e-11;0.38
2025-08-16 21:00:00;0.0;6.3500000000000005;6.2457794;-1.7722062e-11;0.38;-1.969118e-11;0.38
2025-08-16 22:00:00;0.0;1.42;1.3157794;-1.8780027e-11;0.38;-2.0866697e-11;0.38
2025-08-16 23:00:00;0.85022094;0.0;-1.793804e-11;-3.1739313e-12;3.1;-3.5265904e-12;3.1
2025-08-17 00:00:00;0.85022094;0.0;-1.7615637e-11;-4.2318962e-12;3.1;-4.7021069e-12;3.1
2025-08-17 01:00:00;0.85022094;0.0;-1.7293234e-11;-5.2898611e-12;3.1;-5.8776234e-12;3.1
2025-08-17 02:00:00;3.7629133;0.0;-1.6970831e-11;0.0;13.72;0.0;13.72
2025-08-17 03:00:00;3.7629133;0.0;-1.6648428e-11;-1.0579649e-12;13.72;-1.1755165e-12;13.72
2025-08-17 04:00:00;3.7629133;0.0;-1.6326025e-11;-5.0136548e-11;13.72;-5.5707276e-11;13.72
2025-08-17 05:00:00;3.4283102;0.0;-1.6003623e-11;0.0;12.5;0.0;12.5
2025-08-17 06:00:00;3.4283102;0.0;-1.568122e-11;-1.0579649e-12;12.5;-1.1755165e-12;12.5
2025-08-17 07:00:00;3.4283102;0.0;-1.5358817e-11;-2.1159297e-12;12.5;-2.351033e-12;12.5
2025-08-17 08:00:00;0.0;1.1;0.49672079;-6.3474234e-12;2.2;-7.0526927e-12;2.2
2025-08-17 09:00:00;0.0;4.93;4.3268244;0.0;2.2;0.0;2.2
2025-08-17 10:00:00;0.0;18.8;18.196913;-1.0578605e-12;2.2;-1.1754005e-12;2.2
2025-08-17 11:00:00;0.0;55.300000000000004;54.927196;-5.4231312e-12;1.36;-6.0257013e-12;1.36
2025-08-17 12:00:00;0.0;86.8;86.427177;-5.4232381e-12;1.36;-6.0258201e-12;1.36
2025-08-17 13:00:00;0.0;124.99999999999999;124.62721;0.0;1.36;0.0;1.36
2025-08-17 14:00:00;0.0;108.0;107.97807;0.0;0.08;0.0;0.08
2025-08-17 15:00:00;0.0;117.0;116.97806;-3.5047449e-11;0.08;-3.894161e-11;0.08
2025-08-17 16:00:00;0.0;96.7;96.678059;-3.5838768e-11;0.08;-3.9820853e-11;0.08
2025-08-17 17:00:00;0.0;85.6;85.45464;-2.406962e-11;0.53;-2.6744022e-11;0.53
2025-08-17 18:00:00;0.0;77.6;77.45464;-2.0101686e-11;0.53;-2.2335207e-11;0.53
2025-08-17 19:00:00;0.0;38.1;37.95464;-2.1159651e-11;0.53;-2.3510724e-11;0.53
2025-08-17 20:00:00;0.0;17.9;17.883544;-1.7986219e-11;0.06;-1.9984688e-11;0.060000000000000005
2025-08-17 21:00:00;0.0;9.35;9.3335441;-1.9044184e-11;0.06;-2.1160205e-11;0.060000000000000005
2025-08-17 22:00:00;0.0;2.35;2.3335441;-2.0102149e-11;0.06;-2.2335721e-11;0.060000000000000005
2025-08-17 23:00:00;0.11244858;0.0;-1.5036414e-11;-8.4640479e-12;0.41;-9.4044976e-12;0.41
2025-08-18 00:00:00;0.11244858;0.0;-1.4714011e-11;-9.5220127e-12;0.41;-1.0580014e-11;0.41
2025-08-18 01:00:00;0.11244858;0.0;-1.4391609e-11;-1.0579978e-11;0.41;-1.1755531e-11;0.41
2025-08-18 02:00:00;0.59241201;0.0;-1.4069206e-11;-4.2246288e-12;2.16;-4.694032e-12;2.16
2025-08-18 03:00:00;0.59241201;0.0;-1.3746803e-11;-5.2825936e-12;2.16;-5.8695485e-12;2.16
2025-08-18 04:00:00;0.59241201;0.0;-1.34244e-11;0.0;2.16;0.0;2.16
2025-08-18 05:00:00;1.6510742;0.0;-5.2370299e-13;0.0;6.02;0.0;6.02
2025-08-18 06:00:00;1.6510742;0.0;-5.2370299e-13;0.0;6.02;0.0;6.02
2025-08-18 07:00:00;1.6510067;0.0;-9.3132171e-12;0.0;6.02;0.0;6.02
2025-08-18 08:00:00;0.0;0.9;0.76017285;-1.243184e-11;0.51;-1.3813156e-11;0.51
2025-08-18 09:00:00;0.0;4.25;4.1102157;0.0;0.51;0.0;0.51
2025-08-18 10:00:00;0.0;17.0;16.860239;-9.5218165e-12;0.51;-1.0579796e-11;0.51
2025-08-18 11:00:00;0.0;53.3;53.253419;-2.2218948e-11;0.17;-2.468772e-11;0.17
2025-08-18 12:00:00;0.0;92.59999999999998;92.553427;-2.6451089e-11;0.17;-2.9390098e-11;0.17
2025-08-18 13:00:00;0.0;87.3;87.253426;-2.9625202e-11;0.17;-3.2916891e-11;0.17
2025-08-18 14:00:00;0.0;133.0;132.62737;0.0;1.36;0.0;1.36
2025-08-18 15:00:00;0.0;153.0;152.62729;-5.2901076e-12;1.36;-5.8778974e-12;1.36
2025-08-18 16:00:00;0.0;157.0;156.6272;-1.0580242e-12;1.36;-1.1755824e-12;1.36
2025-08-18 17:00:00;0.0;150.0;149.84097;-1.9044478e-11;0.58;-2.1160531e-11;0.58
2025-08-18 18:00:00;0.0;134.0;133.84093;0.0;0.58;0.0;0.58
2025-08-18 19:00:00;0.0;108.0;107.84093;0.0;0.58;0.0;0.58
2025-08-18 20:00:00;0.0;71.3;71.149154;0.0;0.55;0.0;0.55
2025-08-18 21:00:00;0.0;29.9;29.749154;-7.4057541e-12;0.55;-8.2286157e-12;0.55
2025-08-18 22:00:00;0.0;4.38;4.2291544;-1.2431523e-11;0.55;-1.3812803e-11;0.55
2025-08-18 23:00:00;0.16055158;0.1;-1.5315656e-12;0.0;0.95;0.0;0.95
2025-08-19 00:00:00;0.26055158;0.0;-1.3101997e-11;-6.3480167e-12;0.95;-7.0533519e-12;0.95
2025-08-19 01:00:00;0.26055158;0.0;-1.2779594e-11;-7.406026e-12;0.95;-8.2289178e-12;0.95
2025-08-19 02:00:00;1.2012799;0.0;-1.2457192e-11;0.0;4.38;0.0;4.38
2025-08-19 03:00:00;1.2012799;0.0;-1.2134789e-11;-1.0579649e-12;4.38;-1.1755165e-12;4.38
2025-08-19 04:00:00;1.2012799;0.0;-1.861918e-10;0.0;4.38;0.0;4.38
2025-08-19 05:00:00;2.5506628;0.0;-5.2370299e-13;0.0;9.3;0.0;9.3
2025-08-19 06:00:00;2.5506628;0.0;-3.7316271e-10;0.0;9.3;0.0;9.3
2025-08-19 07:00:00;2.5503604;0.0;-1.6001782e-11;0.0;9.3;0.0;9.3
2025-08-19 08:00:00;0.0;0.7000000000000002;0.4806808;0.0;0.8;0.0;0.8
2025-08-19 09:00:00;0.0;4.15;3.9307413;-1.0580267e-11;0.8;-1.1755852e-11;0.8
2025-08-19 10:00:00;0.0;16.3;16.08079;-5.2900642e-12;0.8;-5.8778491e-12;0.8
2025-08-19 11:00:00;0.0;52.4;52.164385;0.0;0.86;0.0;0.8599999999999999
2025-08-19 12:00:00;0.0;92.99999999999999;92.764399;-5.2900644e-12;0.86;-5.8778493e-12;0.8599999999999999
2025-08-19 13:00:00;0.0;123.0;122.76439;-1.058146e-12;0.86;-1.1757178e-12;0.8599999999999999
2025-08-19 14:00:00;0.0;144.0;143.92328;-2.2218311e-11;0.28;-2.4687013e-11;0.28
2025-08-19 15:00:00;0.0;153.0;152.92326;-2.4334427e-11;0.28;-2.7038252e-11;0.28
2025-08-19 16:00:00;0.0;145.0;144.92324;-2.11603e-11;0.28;-2.3511444e-11;0.28
2025-08-19 17:00:00;0.0;134.0;133.7587;-9.258114e-12;0.88;-1.0286793e-11;0.8799999999999999
2025-08-19 18:00:00;0.0;126.0;125.75865;0.0;0.88;0.0;0.8799999999999999
2025-08-19 19:00:00;0.0;105.0;104.75865;0.0;0.88;0.0;0.8799999999999999
2025-08-19 20:00:00;0.0;61.5;61.288816;-5.2901191e-12;0.77;-5.8779101e-12;0.77
2025-08-19 21:00:00;0.0;25.3;25.088816;-6.3480839e-12;0.77;-7.0534266e-12;0.77
2025-08-19 22:00:00;0.0;5.449999999999999;5.2388161;-1.2431934e-11;0.77;-1.381326e-11;0.77
2025-08-19 23:00:00;0.26329423;0.0;-1.1812386e-11;0.0;0.96;0.0;0.9600000000000001
2025-08-20 00:00:00;0.26329423;0.0;-1.1489983e-11;0.0;0.96;0.0;0.9600000000000001
2025-08-20 01:00:00;0.26329423;0.0;-1.116758e-11;-1.0579682e-12;0.96;-1.1755202e-12;0.9600000000000001
2025-08-20 02:00:00;0.3016913;0.0;-1.0845177e-11;0.0;1.1;0.0;1.1
2025-08-20 03:00:00;0.3016913;0.0;-1.0522775e-11;-1.0579649e-12;1.1;-1.1755165e-12;1.1
2025-08-20 04:00:00;0.3016913;0.0;-1.0200372e-11;0.0;1.1;0.0;1.1
2025-08-20 05:00:00;1.683986;0.0;-2.1864239e-10;0.0;6.14;0.0;6.14
2025-08-20 06:00:00;1.683986;0.0;-4.2345755e-10;0.0;6.14;0.0;6.14
2025-08-20 07:00:00;1.683986;0.0;-8.3463727e-12;0.0;6.14;0.0;6.14
2025-08-20 08:00:00;0.7846107;0.2;-2.1763819e-12;-1.0579649e-12;3.59;-1.1755165e-12;3.5900000000000003
2025-08-20 09:00:00;0.0;2.7500000000000004;1.7656501;-6.0843652e-12;3.59;-6.7604058e-12;3.5900000000000003
2025-08-20 10:00:00;0.0;9.03;8.0459449;-3.1739296e-12;3.59;-3.5265885e-12;3.5900000000000003
2025-08-20 11:00:00;0.0;19.0;18.841053;-2.0102477e-11;0.58;-2.2336086e-11;0.58
2025-08-20 12:00:00;0.0;50.3;50.141035;0.0;0.58;0.0;0.58
2025-08-20 13:00:00;0.0;103.0;102.84108;-7.4062275e-12;0.58;-8.2291417e-12;0.58
2025-08-20 14:00:00;0.0;138.0;137.82737;0.0;0.63;0.0;0.63
2025-08-20 15:00:00;0.0;150.0;149.82733;-2.1161041e-12;0.63;-2.3512268e-12;0.63
2025-08-20 16:00:00;0.0;151.0;150.8273;-1.0581323e-12;0.63;-1.1757026e-12;0.63
2025-08-20 17:00:00;0.0;145.0;144.8958;-1.5870176e-11;0.38;-1.7633529e-11;0.38
2025-08-20 18:00:00;0.0;119.0;118.89578;0.0;0.38;0.0;0.38
2025-08-20 19:00:00;0.0;69.7;69.595779;0.0;0.38;0.0;0.38
2025-08-20 20:00:00;0.0;49.0;48.961603;0.0;0.14;0.0;0.14
2025-08-20 21:00:00;0.0;24.899999999999995;24.861603;-7.4061804e-12;0.14;-8.2290894e-12;0.14
2025-08-20 22:00:00;0.0;4.13;4.0916029;-1.3490044e-11;0.14;-1.4988938e-11;0.14
2025-08-20 23:00:00;0.44430901;0.0;-9.5555661e-12;0.0;1.62;0.0;1.62
2025-08-21 00:00:00;0.44430901;0.0;-9.2331633e-12;-1.0579649e-12;1.62;-1.1755165e-12;1.62
2025-08-21 01:00:00;0.44430901;0.0;-8.9107605e-12;-2.1159297e-12;1.62;-2.351033e-12;1.62
2025-08-21 02:00:00;1.2917873;0.0;-8.5883577e-12;0.0;4.71;0.0;4.71
2025-08-21 03:00:00;1.2917873;0.0;-8.2659548e-12;-1.0579649e-12;4.71;-1.1755165e-12;4.71
2025-08-21 04:00:00;1.2917873;0.0;-2.0058783e-10;0.0;4.71;0.0;4.71
2025-08-21 05:00:00;2.4903245;0.0;-5.2370299e-13;0.0;9.08;0.0;9.08
2025-08-21 06:00:00;2.4903245;0.0;-5.2370299e-13;0.0;9.08;0.0;9.08
2025-08-21 07:00:00;2.4902488;0.0;-7.7013425e-12;0.0;9.08;0.0;9.08
2025-08-21 08:00:00;0.47995937;0.2;0.0;-1.0577226e-12;2.48;-1.1752474e-12;2.48
2025-08-21 09:00:00;0.0;5.85;5.1702447;0.0;2.48;0.0;2.48
2025-08-21 10:00:00;0.0;19.5;18.820392;-2.1157824e-12;2.48;-2.3508694e-12;2.48
2025-08-21 11:00:00;0.0;47.099999999999994;47.00134;-2.4598371e-11;0.36;-2.7331523e-11;0.36
2025-08-21 12:00:00;0.0;77.4;77.301326;-2.5656491e-11;0.36;-2.8507213e-11;0.36
2025-08-21 13:00:00;0.0;117.99999999999999;117.90131;-1.1638596e-11;0.36;-1.2931774e-11;0.36
2025-08-21 14:00:00;0.0;154.0;153.95066;-8.1999872e-12;0.18;-9.1110969e-12;0.18
2025-08-21 15:00:00;0.0;117.99999999999999;117.95065;-9.2579347e-12;0.18;-1.0286594e-11;0.18
2025-08-21 16:00:00;0.0;103.0;102.95065;0.0;0.18;0.0;0.18
2025-08-21 17:00:00;0.0;110.0;109.94515;-3.1739642e-12;0.2;-3.5266269e-12;0.2
2025-08-21 18:00:00;0.0;100.0;99.945147;-4.2318859e-12;0.2;-4.7020955e-12;0.2
2025-08-21 19:00:00;0.0;98.1;98.045147;-5.2898508e-12;0.2;-5.877612e-12;0.2
2025-08-21 20:00:00;0.0;62.29999999999999;62.140926;-1.3754407e-11;0.58;-1.5282674e-11;0.58
2025-08-21 21:00:00;0.0;15.6;15.440926;-1.6928464e-11;0.58;-1.8809405e-11;0.58
2025-08-21 22:00:00;0.0;3.48;3.3209264;-2.6186462e-11;0.58;-2.9096069e-11;0.58
2025-08-21 23:00:00;1.2177358;0.0;-7.2987464e-12;0.0;4.44;0.0;4.44
2025-08-22 00:00:00;1.2177358;0.0;-6.9763435e-12;-1.0579649e-12;4.44;-1.1755165e-12;4.44
2025-08-22 01:00:00;1.2177358;0.0;-6.6539407e-12;-2.1159297e-12;4.44;-2.351033e-12;4.44
2025-08-22 02:00:00;2.6356849;0.0;-5.646073e-12;0.0;9.61;0.0;9.61
2025-08-22 03:00:00;2.6356849;0.0;-5.3236702e-12;-1.0579649e-12;9.61;-1.1755165e-12;9.61
2025-08-22 04:00:00;2.6356849;0.0;-5.3643294e-12;-2.1159297e-12;9.61;-2.351033e-12;9.61
2025-08-22 05:00:00;1.7744934;0.0;-3.7940046e-10;0.0;6.47;0.0;6.47
2025-08-22 06:00:00;1.7744934;0.0;-9.7418925e-11;0.0;6.47;0.0;6.47
2025-08-22 07:00:00;1.7744934;0.0;-1.629788e-10;0.0;6.47;0.0;6.47
2025-08-22 08:00:00;0.49663202;0.2;-2.2517571e-23;-2.1166999e-12;2.54;-2.3518888e-12;2.54
2025-08-22 09:00:00;0.0;4.05;3.3536213;-7.1420669e-12;2.54;-7.9356299e-12;2.54
2025-08-22 10:00:00;0.0;13.300000000000002;12.603745;-8.199527e-12;2.54;-9.1105856e-12;2.54
2025-08-22 11:00:00;0.0;31.2;31.016318;-1.9838548e-11;0.67;-2.2042832e-11;0.67
2025-08-22 12:00:00;0.0;41.8;41.616297;-2.0896607e-11;0.67;-2.3218453e-11;0.67
2025-08-22 13:00:00;0.0;62.29999999999999;62.116286;-2.0896414e-11;0.67;-2.3218238e-11;0.67
2025-08-22 14:00:00;0.0;53.20000000000001;53.186288;-1.1507768e-11;0.05;-1.2786409e-11;0.05
2025-08-22 15:00:00;0.0;55.50000000000001;55.486287;-2.6186342e-11;0.05;-2.9095936e-11;0.05
2025-08-22 16:00:00;0.0;51.9;51.886287;-1.2432382e-11;0.05;-1.3813758e-11;0.05
2025-08-22 17:00:00;0.0;66.1;65.625522;-1.0315723e-11;1.73;-1.1461914e-11;1.7299999999999998
2025-08-22 18:00:00;0.0;48.4;47.925522;-6.3477892e-12;1.73;-7.0530991e-12;1.7299999999999998
2025-08-22 19:00:00;0.0;21.0;20.525522;-7.4057541e-12;1.73;-8.2286157e-12;1.7299999999999998
2025-08-22 20:00:00;0.0;5.929999999999999;5.0742938;0.0;3.12;0.0;3.12
2025-08-22 21:00:00;0.0;6.95;6.0942938;-1.0579616e-12;3.12;-1.1755129e-12;3.12
2025-08-22 22:00:00;0.0;2.97;2.1142938;-7.1416143e-12;3.12;-7.935127e-12;3.12
2025-08-22 23:00:00;1.1354563;0.0;-5.0419266e-12;-4.2318595e-12;4.14;-4.7020661e-12;4.14
2025-08-23 00:00:00;1.1354563;0.0;-4.7195238e-12;-5.2898243e-12;4.14;-5.8775826e-12;4.14
2025-08-23 01:00:00;1.1354563;0.0;-4.3971209e-12;-6.3477892e-12;4.14;-7.0530991e-12;4.14
2025-08-23 02:00:00;1.4673168;0.0;-4.0747181e-12;0.0;5.35;0.0;5.35
2025-08-23 03:00:00;1.4673168;0.0;-3.7523153e-12;-1.0579649e-12;5.35;-1.1755165e-12;5.35
2025-08-23 04:00:00;1.4673168;0.0;-3.4299125e-12;-2.1159297e-12;5.35;-2.351033e-12;5.35
2025-08-23 05:00:00;0.9846107;0.0;-3.1075096e-12;-4.2319692e-12;3.59;-4.7021879e-12;3.5900000000000003
2025-08-23 06:00:00;0.9846107;0.0;-2.7851068e-12;-5.289934e-12;3.59;-5.8777045e-12;3.5900000000000003
2025-08-23 07:00:00;0.9846107;0.0;-2.462704e-12;-6.3478989e-12;3.59;-7.053221e-12;3.5900000000000003
2025-08-23 08:00:00;0.60063995;0.0;-1.4548308e-12;0.0;2.19;0.0;2.19
2025-08-23 09:00:00;0.0;2.17;1.56936;-6.0838634e-12;2.19;-6.7598482e-12;2.19
2025-08-23 10:00:00;0.0;5.25;4.64936;-7.1418283e-12;2.19;-7.9353648e-12;2.19
2025-08-23 11:00:00;0.0;10.899999999999999;10.809493;-3.3592792e-11;0.33;-3.7325324e-11;0.33
2025-08-23 12:00:00;0.0;29.199999999999996;29.1095;-2.976063e-11;0.33;-3.3067366e-11;0.33
2025-08-23 13:00:00;0.0;62.49999999999999;62.409516;-1.137431e-11;0.33;-1.2638122e-11;0.33
2025-08-23 14:00:00;0.0;59.199999999999996;59.183552;-8.200503e-12;0.06;-9.11167e-12;0.060000000000000005
2025-08-23 15:00:00;0.0;63.6;63.583548;-1.878027e-11;0.06;-2.0866967e-11;0.060000000000000005
2025-08-23 16:00:00;0.0;46.1;46.083545;-9.2583298e-12;0.06;-1.0287033e-11;0.060000000000000005
2025-08-23 17:00:00;0.0;49.9;49.9;0.0;0.0;0.0;0.0
2025-08-23 18:00:00;0.0;80.1;80.1;0.0;0.0;0.0;0.0
2025-08-23 19:00:00;0.0;62.29999999999999;62.3;0.0;0.0;0.0;0.0
2025-08-23 20:00:00;0.0;62.900000000000006;62.066235;0.0;3.04;0.0;3.04
2025-08-23 21:00:00;0.0;21.0;20.166235;-2.1159297e-12;3.04;-2.351033e-12;3.04
2025-08-23 22:00:00;0.0;3.2200000000000006;2.386235;-3.1738946e-12;3.04;-3.5265496e-12;3.04
2025-08-23 23:00:00;1.9747067;0.0;-1.1730598e-12;0.0;7.2;0.0;7.199999999999999
2025-08-24 00:00:00;1.9747067;0.0;-1.1730927e-12;-1.0579649e-12;7.2;-1.1755165e-12;7.199999999999999
2025-08-24 01:00:00;1.9747067;0.0;-8.5068987e-13;-2.1159297e-12;7.2;-2.351033e-12;7.199999999999999
2025-08-24 02:00:00;2.572604;0.0;-4.2606845e-10;0.0;9.38;0.0;9.38
2025-08-24 03:00:00;2.572604;0.0;-4.2574604e-10;-1.0579649e-12;9.38;-1.1755165e-12;9.38
2025-08-24 04:00:00;2.572604;0.0;-4.2542364e-10;-2.1159297e-12;9.38;-2.351033e-12;9.38
2025-08-24 05:00:00;2.3998172;0.0;-4.2546432e-10;-1.0577815e-12;8.75;-1.1753128e-12;8.75
2025-08-24 06:00:00;2.3998172;0.0;-4.2477883e-10;-8.389802e-10;8.75;-9.3220022e-10;8.75
2025-08-24 07:00:00;2.3997692;0.0;-7.2986038e-12;0.0;8.75;0.0;8.75
2025-08-24 08:00:00;0.3277259;0.1;0.0;0.0;1.56;0.0;1.56
2025-08-24 09:00:00;0.0;4.68;4.2523943;-3.3072164e-12;1.56;-3.6746849e-12;1.56
2025-08-24 10:00:00;0.0;18.3;17.87242;-7.1426748e-12;1.56;-7.9363053e-12;1.56
2025-08-24 11:00:00;0.0;60.5;60.354731;0.0;0.53;0.0;0.53
2025-08-24 12:00:00;0.0;94.4;94.254753;-1.6663949e-11;0.53;-1.8515499e-11;0.53
2025-08-24 13:00:00;0.0;111.00000000000001;110.85475;-3.2534032e-11;0.53;-3.6148925e-11;0.53
2025-08-24 14:00:00;0.0;138.0;137.90956;-3.782536e-11;0.33;-4.2028178e-11;0.33
2025-08-24 15:00:00;0.0;130.0;129.90956;-3.5709291e-11;0.33;-3.967699e-11;0.33
2025-08-24 16:00:00;0.0;113.0;112.90953;-2.0896801e-11;0.33;-2.3218668e-11;0.33
2025-08-24 17:00:00;0.0;127.00000000000001;126.80804;0.0;0.7;0.0;0.7
2025-08-24 18:00:00;0.0;94.7;94.508015;-2.3799141e-12;0.7;-2.644349e-12;0.7
2025-08-24 19:00:00;0.0;108.99999999999999;108.80801;0.0;0.7;0.0;0.7
2025-08-24 20:00:00;0.0;68.8;67.872985;-5.2962775e-12;3.38;-5.8847527e-12;3.38
2025-08-24 21:00:00;0.0;26.600000000000005;25.672985;-3.1732646e-12;3.38;-3.5258496e-12;3.38
2025-08-24 22:00:00;0.0;2.7200000000000006;1.7929849;-8.1992437e-12;3.38;-9.1102708e-12;3.38
2025-08-24 23:00:00;2.0131038;0.0;-4.2445643e-10;0.0;7.34;0.0;7.340000000000001
2025-08-25 00:00:00;2.0131038;0.0;-4.2413404e-10;-5.6179396e-10;7.34;-6.2421551e-10;7.340000000000001
2025-08-25 01:00:00;2.0131038;0.0;-4.2381164e-10;-8.9505289e-10;7.34;-9.9450321e-10;7.340000000000001
2025-08-25 02:00:00;2.7728173;0.0;-4.2348924e-10;0.0;10.11;0.0;10.11
2025-08-25 03:00:00;2.7728173;0.0;-4.2316683e-10;0.0;10.11;0.0;10.11
2025-08-25 04:00:00;2.7728173;0.0;-1.6426841e-10;0.0;10.11;0.0;10.11
2025-08-25 05:00:00;2.712479;0.0;-5.2370299e-13;0.0;9.89;0.0;9.89
2025-08-25 06:00:00;2.712479;0.0;-5.2370299e-13;0.0;9.89;0.0;9.89
2025-08-25 07:00:00;2.7123771;0.0;-8.6684632e-12;0.0;9.89;0.0;9.89
2025-08-25 08:00:00;0.28397762;0.3;0.0;0.0;2.13;0.0;2.13
2025-08-25 09:00:00;0.0;5.63;5.0461844;-1.0577144e-12;2.13;-1.1752382e-12;2.13
2025-08-25 10:00:00;0.0;20.1;19.516294;0.0;2.13;0.0;2.13
2025-08-25 11:00:00;0.0;50.9;50.861641;-4.232043e-12;0.14;-4.70227e-12;0.14
2025-08-25 12:00:00;0.0;93.2;93.161644;-5.290092e-12;0.14;-5.87788e-12;0.14
2025-08-25 13:00:00;0.0;107.0;106.96164;-9.5220921e-12;0.14;-1.0580102e-11;0.14
2025-08-25 14:00:00;0.0;146.0;145.81641;-2.2218818e-11;0.67;-2.4687575e-11;0.67
2025-08-25 15:00:00;0.0;147.0;146.81638;-8.4645337e-12;0.67;-9.4050375e-12;0.67
2025-08-25 16:00:00;0.0;157.0;156.81633;-2.6451097e-11;0.67;-2.9390108e-11;0.67
2025-08-25 17:00:00;0.0;146.0;145.96984;0.0;0.11;0.0;0.10999999999999999
2025-08-25 18:00:00;0.0;129.0;128.96983;0.0;0.11;0.0;0.10999999999999999
2025-08-25 19:00:00;0.0;101.99999999999999;101.96983;0.0;0.11;0.0;0.10999999999999999
2025-08-25 20:00:00;0.0;64.3;64.140926;0.0;0.58;0.0;0.58
2025-08-25 21:00:00;0.0;23.9;23.740926;0.0;0.58;0.0;0.58
2025-08-25 22:00:00;0.0;3.3299999999999996;3.1709264;-2.2218529e-11;0.58;-2.4687254e-11;0.58
2025-08-25 23:00:00;0.91604449;0.0;-3.8262449e-10;0.0;3.34;0.0;3.34
2025-08-26 00:00:00;0.91604449;0.0;-4.2252199e-10;-3.1738639e-12;3.34;-3.5265154e-12;3.34
2025-08-26 01:00:00;0.91604449;0.0;-4.2252201e-10;-4.2318287e-12;3.34;-4.7020319e-12;3.34
2025-08-26 02:00:00;0.80359592;0.0;-4.2219961e-10;0.0;2.93;0.0;2.93
2025-08-26 03:00:00;0.80359592;0.0;-4.2187721e-10;-1.0579649e-12;2.93;-1.1755165e-12;2.93
2025-08-26 04:00:00;0.80359592;0.0;-3.3377274e-11;0.0;2.93;0.0;2.93
2025-08-26 05:00:00;1.7991772;0.0;-5.2370299e-13;0.0;6.56;0.0;6.56
2025-08-26 06:00:00;1.7991772;0.0;-5.2370299e-13;0.0;6.56;0.0;6.56
2025-08-26 07:00:00;1.7990799;0.0;-1.1247417e-11;0.0;6.56;0.0;6.56
2025-08-26 08:00:00;0.26739435;0.1;0.0;-2.1157251e-12;1.34;-2.3508057e-12;1.34
2025-08-26 09:00:00;0.0;4.28;3.9127066;0.0;1.34;0.0;1.34
2025-08-26 10:00:00;0.0;17.9;17.532777;-3.1735688e-12;1.34;-3.5261876e-12;1.34
2025-08-26 11:00:00;0.0;48.5;48.272582;0.0;0.83;0.0;0.83
2025-08-26 12:00:00;0.0;86.9;86.672592;-5.2899152e-12;0.83;-5.8776836e-12;0.83
2025-08-26 13:00:00;0.0;120.00000000000001;119.77257;-4.2318361e-12;0.83;-4.7020401e-12;0.83
2025-08-26 14:00:00;0.0;135.0;134.8109;-1.2696622e-11;0.69;-1.4107358e-11;0.69
2025-08-26 15:00:00;0.0;143.0;142.81084;-1.3754677e-11;0.69;-1.5282974e-11;0.69
2025-08-26 16:00:00;0.0;135.0;134.81078;-1.5870628e-11;0.69;-1.7634031e-11;0.69
2025-08-26 17:00:00;0.0;92.90000000000002;92.839662;0.0;0.22;0.0;0.21999999999999997
2025-08-26 18:00:00;0.0;40.7;40.639662;0.0;0.22;0.0;0.21999999999999997
2025-08-26 19:00:00;0.0;14.899999999999999;14.839662;0.0;0.22;0.0;0.21999999999999997
2025-08-26 20:00:00;0.0;25.1;24.976581;0.0;0.45;0.0;0.44999999999999996
2025-08-26 21:00:00;0.0;16.8;16.676581;-1.0579649e-12;0.45;-1.1755165e-12;0.44999999999999996
2025-08-26 22:00:00;0.0;2.63;2.5065808;-7.141802e-12;0.45;-7.9353355e-12;0.44999999999999996
2025-08-26 23:00:00;0.021941185;0.0;-4.2155481e-10;0.0;0.08;0.0;0.08
2025-08-27 00:00:00;0.021941185;0.0;-4.2123242e-10;-1.6079761e-10;0.08;-1.7866401e-10;0.08
2025-08-27 01:00:00;0.021941185;0.0;-4.2091001e-10;-6.6045027e-10;0.080000001;-7.3383363e-10;0.08
2025-08-27 02:00:00;0.17827213;0.0;-4.2058761e-10;-5.610001e-10;0.65;-6.2333344e-10;0.65
2025-08-27 03:00:00;0.17827213;0.0;-4.2026519e-10;-6.3333812e-12;0.65;-7.0370902e-12;0.65
2025-08-27 04:00:00;0.17827213;0.0;-4.1994281e-10;0.0;0.65;0.0;0.65
2025-08-27 05:00:00;0.3702575;0.0;-3.8670362e-10;0.0;1.35;0.0;1.35
2025-08-27 06:00:00;0.3702575;0.0;-5.2370299e-13;0.0;1.35;0.0;1.35
2025-08-27 07:00:00;0.3702575;0.0;-5.2370299e-13;0.0;1.35;0.0;1.35
2025-08-27 08:00:00;0.1371253;0.0;-1.2134153e-11;0.0;0.5;0.0;0.5
2025-08-27 09:00:00;0.0;5.0;4.8629012;-2.61867e-11;0.5;-2.9096334e-11;0.5
2025-08-27 10:00:00;0.0;20.0;19.862918;-2.9360828e-11;0.5;-3.2623142e-11;0.5
2025-08-27 11:00:00;0.0;41.0;40.679289;-5.2904384e-12;1.17;-5.8782649e-12;1.17
2025-08-27 12:00:00;0.0;58.1;57.779223;-1.2432467e-11;1.17;-1.3813852e-11;1.17
2025-08-27 13:00:00;0.0;111.00000000000001;110.67921;-1.1374719e-11;1.17;-1.2638577e-11;1.17
2025-08-27 14:00:00;0.0;108.0;107.8108;-1.0316425e-11;0.69;-1.1462694e-11;0.69
2025-08-27 15:00:00;0.0;86.3;86.110795;-1.4548514e-11;0.69;-1.6165015e-11;0.69
2025-08-27 16:00:00;0.0;59.1;58.910803;-8.464603e-12;0.69;-9.4051144e-12;0.69
2025-08-27 17:00:00;0.0;69.5;69.236722;0.0;0.96;0.0;0.9600000000000001
2025-08-27 18:00:00;0.0;86.9;86.636706;0.0;0.96;0.0;0.9600000000000001
2025-08-27 19:00:00;0.0;86.0;85.736706;0.0;0.96;0.0;0.9600000000000001
2025-08-27 20:00:00;0.0;24.6;24.462868;0.0;0.5;0.0;0.5
2025-08-27 21:00:00;0.0;5.4;5.2628676;0.0;0.5;0.0;0.5
2025-08-27 22:00:00;0.0;1.05;0.91286759;-1.5870645e-11;0.5;-1.763405e-11;0.5
2025-08-27 23:00:00;0.027426481;0.0;-4.1962039e-10;0.0;0.1;0.0;0.1
2025-08-28 00:00:00;0.027426481;0.0;-4.19298e-10;0.0;0.1;0.0;0.1
2025-08-28 01:00:00;0.027426481;0.0;-4.1897559e-10;-3.6962725e-10;0.1;-4.1069694e-10;0.1
2025-08-28 02:00:00;0.0;0.0;0.0;0.0;0.0;0.0;0.0
2025-08-28 03:00:00;0.0;0.0;0.0;0.0;0.0;0.0;0.0
2025-08-28 04:00:00;0.0;0.0;0.0;0.0;0.0;0.0;0.0
2025-08-28 05:00:00;0.016455889;0.0;-5.2370299e-13;0.0;0.06;0.0;0.060000000000000005
2025-08-28 06:00:00;0.016455889;0.0;-5.2370299e-13;0.0;0.06;0.0;0.060000000000000005
2025-08-28 07:00:00;0.016455889;0.0;-5.2370299e-13;0.0;0.06;0.0;0.060000000000000005
2025-08-28 08:00:00;0.019198537;0.0;-5.2370299e-13;0.0;0.07;0.0;0.07
2025-08-28 09:00:00;0.019194745;0.0;-5.2365126e-13;0.0;0.07;0.0;0.07
2025-08-28 10:00:00;0.019190834;0.0;-3.1547173e-11;0.0;0.07;0.0;0.07
2025-08-28 11:00:00;0.060310819;0.0;-3.1867755e-11;0.0;0.22;0.0;0.21999999999999997
2025-08-28 12:00:00;0.06031457;0.0;-3.1225153e-11;0.0;0.22;0.0;0.21999999999999997
2025-08-28 13:00:00;0.060309031;0.0;-3.2189076e-11;0.0;0.22;0.0;0.21999999999999997
2025-08-28 14:00:00;0.29884031;0.0;-3.2112565e-11;0.0;1.09;0.0;1.09
2025-08-28 15:00:00;0.29886614;0.0;-3.0503689e-11;-3.1742147e-12;1.09;-3.5269052e-12;1.09
2025-08-28 16:00:00;0.29889124;0.0;-5.236527e-13;0.0;1.09;0.0;1.09
2025-08-28 17:00:00;0.17278679;0.0;-5.2370292e-13;0.0;0.63;0.0;0.63
2025-08-28 18:00:00;0.17278684;0.0;-5.2370299e-13;0.0;0.63;0.0;0.63
2025-08-28 19:00:00;0.17278684;0.0;-5.2370299e-13;0.0;0.63;0.0;0.63
2025-08-28 20:00:00;0.35380162;0.0;-5.2370299e-13;0.0;1.29;0.0;1.29
2025-08-28 21:00:00;0.35380162;0.0;-8.8391646e-11;0.0;1.29;0.0;1.29
2025-08-28 22:00:00;0.35380161;0.0;-4.1865319e-10;0.0;1.29;0.0;1.29
2025-08-28 23:00:00;1.0230078;0.0;-4.1833078e-10;-7.8396711e-10;3.73;-8.7107456e-10;3.7300000000000004
2025-08-29 00:00:00;1.0230078;0.0;-4.1800839e-10;-9.024595e-10;3.73;-1.0027328e-09;3.7300000000000004
2025-08-29 01:00:00;1.0230078;0.0;-4.1768598e-10;-9.1092245e-10;3.73;-1.0121361e-09;3.7300000000000004
2025-08-29 02:00:00;1.637361;0.0;-4.1736358e-10;0.0;5.97;0.0;5.97
2025-08-29 03:00:00;1.637361;0.0;-4.1704118e-10;0.0;5.97;-1.3623827e-26;5.97
2025-08-29 04:00:00;1.637361;0.0;-4.1671876e-10;0.0;5.97;0.0;5.97
2025-08-29 05:00:00;1.5770227;0.0;-5.2370299e-13;0.0;5.75;0.0;5.75
2025-08-29 06:00:00;1.5770227;0.0;-5.2370299e-13;0.0;5.75;0.0;5.75
2025-08-29 07:00:00;1.5769922;0.0;-5.2369792e-13;0.0;5.75;0.0;5.75
2025-08-29 08:00:00;0.068545483;0.0;-2.9938703e-11;0.0;0.25;0.0;0.25
2025-08-29 09:00:00;0.0;2.03;1.961475;-3.3857868e-11;0.25;-3.7619853e-11;0.25
2025-08-29 10:00:00;0.0;19.6;19.531487;-3.8089792e-11;0.25;-4.2321991e-11;0.25
2025-08-29 11:00:00;0.0;50.800000000000004;50.709563;-3.5973201e-11;0.33;-3.9970223e-11;0.33
2025-08-29 12:00:00;0.0;93.3;93.209548;-3.3857184e-11;0.33;-3.7619093e-11;0.33
2025-08-29 13:00:00;0.0;115.0;114.90955;-2.2218862e-11;0.33;-2.4687624e-11;0.33
2025-08-29 14:00:00;0.0;99.2;99.180812;-2.1159472e-12;0.07;-2.3510524e-12;0.07
2025-08-29 15:00:00;0.0;103.0;102.98081;-2.7772889e-12;0.07;-3.0858765e-12;0.07
2025-08-29 16:00:00;0.0;41.1;41.080802;-1.0579632e-12;0.07;-1.1755147e-12;0.07
2025-08-29 17:00:00;0.0;23.9;23.724471;0.0;0.64;0.0;0.64
2025-08-29 18:00:00;0.0;23.5;23.324471;0.0;0.64;0.0;0.64
2025-08-29 19:00:00;0.0;15.5;15.324471;0.0;0.64;0.0;0.64
2025-08-29 20:00:00;0.0;33.3;33.097044;-1.2695858e-11;0.74;-1.4106509e-11;0.74
2025-08-29 21:00:00;0.0;19.1;18.897044;-1.8779692e-11;0.74;-2.0866324e-11;0.74
2025-08-29 22:00:00;0.0;2.7500000000000004;2.547044;-1.983766e-11;0.74;-2.2041844e-11;0.74
2025-08-29 23:00:00;0.68840469;0.0;-4.1639637e-10;-1.0579649e-12;2.51;-1.1755165e-12;2.51
2025-08-30 00:00:00;0.68840469;0.0;-4.1607397e-10;-6.0305477e-10;2.51;-6.7006086e-10;2.51
2025-08-30 01:00:00;0.68840469;0.0;-4.1575157e-10;-8.9399531e-10;2.51;-9.9332812e-10;2.51
2025-08-30 02:00:00;1.0476916;0.0;-4.1542916e-10;0.0;3.82;0.0;3.82
2025-08-30 03:00:00;1.0476916;0.0;-4.1510676e-10;0.0;3.82;0.0;3.82
2025-08-30 04:00:00;1.0476916;0.0;-4.1478436e-10;0.0;3.82;0.0;3.82
2025-08-30 05:00:00;0.95718421;0.0;-4.1446194e-10;0.0;3.49;0.0;3.49
2025-08-30 06:00:00;0.95718421;0.0;-4.1413955e-10;-1.0579649e-12;3.49;-1.1755165e-12;3.49
2025-08-30 07:00:00;0.95718421;0.0;-4.1381715e-10;-1.7428608e-10;3.49;-1.936512e-10;3.49
2025-08-30 08:00:00;0.14533756;0.0;-2.1158886e-11;-2.4333676e-11;0.53;-2.7037417e-11;0.53
2025-08-30 09:00:00;0.0;3.03;2.8846825;-3.0417688e-11;0.53;-3.3797431e-11;0.53
2025-08-30 10:00:00;0.0;14.2;14.054703;-2.6185749e-11;0.53;-2.9095277e-11;0.53
2025-08-30 11:00:00;0.0;32.8;32.767114;0.0;0.12;0.0;0.12000000000000001
2025-08-30 12:00:00;0.0;72.6;72.567112;-1.6663874e-11;0.12;-1.8515416e-11;0.12000000000000001
2025-08-30 13:00:00;0.0;85.1;85.067106;0.0;0.12;0.0;0.12000000000000001
2025-08-30 14:00:00;0.0;96.9;96.878066;-4.2320422e-11;0.08;-4.7022691e-11;0.08
2025-08-30 15:00:00;0.0;64.3;64.278068;-4.1262263e-11;0.08;-4.5846959e-11;0.08
2025-08-30 16:00:00;0.0;114.0;113.97806;-7.405992e-12;0.08;-8.22888e-12;0.08
2025-08-30 17:00:00;0.0;74.8;74.791772;-2.9624821e-11;0.03;-3.2916468e-11;0.030000000000000002
2025-08-30 18:00:00;0.0;116.0;115.99177;0.0;0.03;0.0;0.030000000000000002
2025-08-30 19:00:00;0.0;99.4;99.391772;0.0;0.03;0.0;0.030000000000000002
2025-08-30 20:00:00;0.0;66.2;66.062868;0.0;0.5;0.0;0.5
2025-08-30 21:00:00;0.0;21.1;20.962868;-1.692861e-11;0.5;-1.8809566e-11;0.5
2025-08-30 22:00:00;0.0;0.933;0.79586759;-2.3012447e-11;0.5;-2.5569385e-11;0.5
2025-08-30 23:00:00;0.61709584;0.0;-4.1349474e-10;-2.6938332e-10;2.25;-2.9931479e-10;2.25
2025-08-31 00:00:00;0.61709584;0.0;-4.1317235e-10;-1.1192224e-09;2.25;-1.2435805e-09;2.25
2025-08-31 01:00:00;0.61709584;0.0;-4.1248686e-10;-1.2629722e-09;2.25;-1.4033024e-09;2.25
2025-08-31 02:00:00;0.83650769;0.0;-4.1256818e-10;-1.2689415e-09;3.05;-1.409935e-09;3.05
2025-08-31 03:00:00;0.83650769;0.0;-4.1184206e-10;-1.2824284e-09;3.05;-1.4249205e-09;3.05
2025-08-31 04:00:00;0.83650769;0.0;-4.1151966e-10;-1.2781963e-09;3.05;-1.4202182e-09;3.05
2025-08-31 05:00:00;0.56224288;0.0;-4.1119726e-10;0.0;2.05;0.0;2.05
2025-08-31 06:00:00;0.56224288;0.0;-4.1087485e-10;-6.3478079e-12;2.05;-7.0531199e-12;2.05
2025-08-31 07:00:00;0.56224288;0.0;0.0;0.0;2.05;0.0;2.05
2025-08-31 08:00:00;0.071308853;0.0;0.0;-1.0579876e-12;0.26;-1.1755418e-12;0.26
2025-08-31 09:00:00;0.0;3.0;2.9286911;-9.2579955e-12;0.26;-1.0286662e-11;0.26
2025-08-31 10:00:00;0.0;8.65;8.5786911;-1.031596e-11;0.26;-1.1462178e-11;0.26
2025-08-31 11:00:00;0.0;9.45;9.3512823;-3.3856418e-11;0.36;-3.7618242e-11;0.36
2025-08-31 12:00:00;0.0;23.7;23.601273;-7.0121481e-12;0.36;-7.7912757e-12;0.36
2025-08-31 13:00:00;0.0;93.9;93.801301;-3.8088445e-11;0.36;-4.2320494e-11;0.36
2025-08-31 14:00:00;0.0;101.0;100.90953;-3.8883296e-11;0.33;-4.3203662e-11;0.33
2025-08-31 15:00:00;0.0;101.0;100.90953;-1.1374366e-11;0.33;-1.2638184e-11;0.33
2025-08-31 16:00:00;0.0;94.19999999999999;94.109507;-9.2581726e-12;0.33;-1.0286858e-11;0.33
2025-08-31 17:00:00;0.0;70.4;70.345147;0.0;0.2;0.0;0.2
2025-08-31 18:00:00;0.0;55.8;55.745147;0.0;0.2;0.0;0.2
2025-08-31 19:00:00;0.0;20.5;20.445147;0.0;0.2;0.0;0.2
2025-08-31 20:00:00;0.0;13.300000000000002;13.264346;0.0;0.13;0.0;0.13
2025-08-31 21:00:00;0.0;9.03;8.9943456;-8.4639081e-12;0.13;-9.4043423e-12;0.13
2025-08-31 22:00:00;0.0;1.7300000000000002;1.6943456;-1.4547824e-11;0.13;-1.6164249e-11;0.13
2025-08-31 23:00:00;0.0;0.0;0.0;0.0;0.0;0.0;0.0
2025-09-01 00:00:00;0.0;0.0;0.0;0.0;0.0;0.0;0.0
2025-09-01 01:00:00;0.0;0.0;0.0;0.0;0.0;0.0;0.0
2025-09-01 02:00:00;0.95992686;0.0;-4.1091553e-10;0.0;3.5;0.0;3.4999999999999996
2025-09-01 03:00:00;0.95992686;0.0;-4.1059312e-10;0.0;3.5;6.8119135e-27;3.4999999999999996
2025-09-01 04:00:00;0.95992686;0.0;-4.1027072e-10;0.0;3.5;0.0;3.4999999999999996
2025-09-01 05:00:00;0.92427244;0.0;-5.2370299e-13;0.0;3.37;0.0;3.37
2025-09-01 06:00:00;0.92427244;0.0;-5.2370299e-13;0.0;3.37;0.0;3.37
2025-09-01 07:00:00;0.92427244;0.0;-5.2370299e-13;0.0;3.37;0.0;3.37
2025-09-01 08:00:00;0.40042663;0.0;-4.0994832e-10;0.0;1.46;0.0;1.46
2025-09-01 09:00:00;0.0;1.3;0.89957337;-6.0840023e-12;1.46;-6.7600025e-12;1.46
2025-09-01 10:00:00;0.0;9.85;9.4496568;0.0;1.46;0.0;1.46
2025-09-01 11:00:00;0.0;27.1;27.091774;-3.4650784e-11;0.03;-3.8500871e-11;0.030000000000000002
2025-09-01 12:00:00;0.0;25.400000000000002;25.391775;-2.4070369e-11;0.03;-2.6744855e-11;0.030000000000000002
2025-09-01 13:00:00;0.0;22.000000000000004;21.991778;-2.433449e-11;0.03;-2.7038322e-11;0.030000000000000002
2025-09-01 14:00:00;0.0;80.4;80.364364;-1.4547957e-11;0.13;-1.6164397e-11;0.13
2025-09-01 15:00:00;0.0;121.0;120.96436;-1.1637845e-11;0.13;-1.2930939e-11;0.13
2025-09-01 16:00:00;0.0;104.00000000000001;103.96435;0.0;0.13;0.0;0.13
2025-09-01 17:00:00;0.0;124.99999999999999;124.92321;0.0;0.28;0.0;0.28
2025-09-01 18:00:00;0.0;117.0;116.92321;0.0;0.28;0.0;0.28
2025-09-01 19:00:00;0.0;105.0;104.92321;0.0;0.28;0.0;0.28
2025-09-01 20:00:00;0.0;52.3;52.291772;0.0;0.03;0.0;0.030000000000000002
2025-09-01 21:00:00;0.0;17.9;17.891772;0.0;0.03;0.0;0.030000000000000002
2025-09-01 22:00:00;0.0;1.5;1.4917721;-3.5708653e-11;0.03;-3.9676281e-11;0.030000000000000002
2025-09-01 23:00:00;0.46076489;0.0;-4.096259e-10;0.0;1.68;0.0;1.68
2025-09-02 00:00:00;0.46076489;0.0;-4.093035e-10;-1.3408313e-10;1.68;-1.4898125e-10;1.68
2025-09-02 01:00:00;0.46076489;0.0;-4.0898109e-10;-2.1159297e-12;1.68;-2.351033e-12;1.68
2025-09-02 02:00:00;0.99558129;0.0;-4.086587e-10;0.0;3.63;0.0;3.6300000000000003
2025-09-02 03:00:00;0.99558129;0.0;-4.0833629e-10;0.0;3.63;0.0;3.6300000000000003
2025-09-02 04:00:00;0.99558129;0.0;-3.8213317e-11;0.0;3.63;0.0;3.6300000000000003
2025-09-02 05:00:00;1.2451623;0.0;-5.2370299e-13;0.0;4.54;0.0;4.54
2025-09-02 06:00:00;1.2451623;0.0;-5.2370299e-13;0.0;4.54;0.0;4.54
2025-09-02 07:00:00;1.2451623;0.0;-5.2370299e-13;0.0;4.54;0.0;4.54
2025-09-02 08:00:00;0.65814517;0.0;-5.2366703e-13;0.0;2.4;0.0;2.4
2025-09-02 09:00:00;0.0;3.77;3.1119712;0.0;2.4;0.0;2.4
2025-09-02 10:00:00;0.0;13.000000000000002;12.342217;0.0;2.4;0.0;2.4
2025-09-02 11:00:00;0.0;49.6;49.553411;-2.4335065e-11;0.17;-2.7038961e-11;0.17
2025-09-02 12:00:00;0.0;84.9;84.853403;-2.7509225e-11;0.17;-3.0565806e-11;0.17
2025-09-02 13:00:00;0.0;128.0;127.9534;-1.2696518e-11;0.17;-1.4107242e-11;0.17
2025-09-02 14:00:00;0.0;130.0;129.99726;-2.4071176e-11;0.01;-2.6745751e-11;0.01
2025-09-02 15:00:00;0.0;158.0;157.99726;-1.4812937e-11;0.01;-1.6458819e-11;0.01
2025-09-02 16:00:00;0.0;117.0;116.99726;-1.7987055e-11;0.01;-1.9985617e-11;0.01
2025-09-02 17:00:00;0.0;112.0;111.94789;0.0;0.19;0.0;0.19
2025-09-02 18:00:00;0.0;137.0;136.94789;0.0;0.19;0.0;0.19
2025-09-02 19:00:00;0.0;71.0;70.94789;0.0;0.19;0.0;0.19
2025-09-02 20:00:00;0.0;15.2;15.2;0.0;0.0;0.0;0.0
2025-09-02 21:00:00;0.0;5.9;5.9;0.0;0.0;0.0;0.0
2025-09-02 22:00:00;0.0;1.6;1.6;0.0;0.0;0.0;0.0
2025-09-02 23:00:00;0.18650008;0.0;-4.0801389e-10;0.0;0.68;0.0;0.68
2025-09-03 00:00:00;0.18650008;0.0;-4.0769148e-10;-8.5417132e-11;0.68;-9.4907925e-11;0.68
2025-09-03 01:00:00;0.18650008;0.0;-4.0736909e-10;-6.2844637e-10;0.68;-6.9827374e-10;0.68
2025-09-03 02:00:00;0.54030169;0.0;-4.0704669e-10;0.0;1.97;0.0;1.9700000000000002
2025-09-03 03:00:00;0.54030169;0.0;-4.0672429e-10;-2.9240724e-11;1.97;-3.2489693e-11;1.9700000000000002
2025-09-03 04:00:00;0.54030169;0.0;-4.0640188e-10;0.0;1.97;0.0;1.9700000000000002
2025-09-03 05:00:00;0.296206;0.0;-4.0454788e-10;0.0;1.08;0.0;1.08
2025-09-03 06:00:00;0.296206;0.0;-5.2370299e-13;0.0;1.08;0.0;1.08
2025-09-03 07:00:00;0.296206;0.0;-2.657132e-10;0.0;1.08;0.0;1.08
2025-09-03 08:00:00;0.032906733;0.0;-1.9547166e-11;0.0;0.12;0.0;0.12000000000000001
2025-09-03 09:00:00;0.0;3.53;3.4970945;-1.6663653e-11;0.12;-1.851517e-11;0.12000000000000001
2025-09-03 10:00:00;0.0;17.6;17.567093;-1.8913017e-11;0.12;-2.1014463e-11;0.12000000000000001
2025-09-03 11:00:00;0.0;35.0;34.865653;-9.2581325e-12;0.49;-1.0286814e-11;0.49000000000000005
2025-09-03 12:00:00;0.0;31.4;31.265658;0.0;0.49;0.0;0.49000000000000005
2025-09-03 13:00:00;0.0;73.6;73.46566;-5.4233e-12;0.49;-6.0258888e-12;0.49000000000000005
2025-09-03 14:00:00;0.0;103.0;102.90128;-3.4914433e-11;0.36;-3.8793814e-11;0.36
2025-09-03 15:00:00;0.0;119.0;118.90127;-3.5972306e-11;0.36;-3.9969229e-11;0.36
2025-09-03 16:00:00;0.0;79.1;79.001265;-3.4780897e-11;0.36;-3.8645442e-11;0.36
2025-09-03 17:00:00;0.0;36.6;36.429956;-7.2731308e-12;0.62;-8.0812565e-12;0.62
2025-09-03 18:00:00;0.0;57.0;56.829956;-8.3310957e-12;0.62;-9.256773e-12;0.62
2025-09-03 19:00:00;0.0;50.3;50.129956;-9.3890606e-12;0.62;-1.043229e-11;0.62
2025-09-03 20:00:00;0.0;37.2;37.101265;-3.9146231e-11;0.36;-4.3495812e-11;0.36
2025-09-03 21:00:00;0.0;15.6;15.501265;-4.0204248e-11;0.36;-4.4671387e-11;0.36
2025-09-03 22:00:00;0.0;0.5;0.40126467;-4.126216e-11;0.36;-4.5846845e-11;0.36
2025-09-03 23:00:00;0.019198537;0.0;0.0;0.0;0.07;0.0;0.07
2025-09-04 00:00:00;0.019198537;0.0;0.0;0.0;0.07;0.0;0.07
2025-09-04 01:00:00;0.019198537;0.0;0.0;0.0;0.07;0.0;0.07
2025-09-04 02:00:00;0.14261771;0.0;0.0;-2.0102318e-11;0.52;-2.2335908e-11;0.52
2025-09-04 03:00:00;0.14261771;0.0;-4.0575707e-10;-1.29949e-09;0.52;-1.4438777e-09;0.52
2025-09-04 04:00:00;0.14261771;0.0;-4.0543468e-10;-9.5430024e-10;0.52;-1.0603336e-09;0.52
2025-09-04 05:00:00;0.43608106;0.0;-1.293368e-10;0.0;1.59;0.0;1.59
2025-09-04 06:00:00;0.43608106;0.0;-5.2370299e-13;0.0;1.59;0.0;1.59
2025-09-04 07:00:00;0.43608106;0.0;-1.4448974e-10;0.0;1.59;0.0;1.59
2025-09-04 08:00:00;0.25226395;0.0;-2.824855e-11;-1.0580409e-11;0.92;-1.175601e-11;0.9199999999999999
2025-09-04 09:00:00;0.0;2.95;2.6977757;-8.2003153e-12;0.92;-9.1114615e-12;0.9199999999999999
2025-09-04 10:00:00;0.0;17.2;16.947819;-1.0316569e-11;0.92;-1.1462855e-11;0.9199999999999999
2025-09-04 11:00:00;0.0;46.49999999999999;46.5;0.0;0.0;0.0;0.0
2025-09-04 12:00:00;0.0;73.9;73.9;0.0;0.0;0.0;0.0
2025-09-04 13:00:00;0.0;99.7;99.7;0.0;0.0;0.0;0.0
2025-09-04 14:00:00;0.0;122.0;121.88485;-4.3114249e-11;0.42;-4.7904721e-11;0.42
2025-09-04 15:00:00;0.0;129.0;128.88483;-1.3490145e-11;0.42;-1.498905e-11;0.42
2025-09-04 16:00:00;0.0;91.9;91.784817;-3.7030135e-11;0.42;-4.1144595e-11;0.42
2025-09-04 17:00:00;0.0;71.5;71.431434;0.0;0.25;0.0;0.25
2025-09-04 18:00:00;0.0;54.4;54.331434;0.0;0.25;0.0;0.25
2025-09-04 19:00:00;0.0;41.5;41.431434;0.0;0.25;0.0;0.25
2025-09-04 20:00:00;0.0;15.6;15.150206;0.0;1.64;0.0;1.64
2025-09-04 21:00:00;0.0;6.43;5.9802057;0.0;1.64;0.0;1.64
2025-09-04 22:00:00;0.0;0.7000000000000002;0.2502057;-5.0258737e-12;1.64;-5.5843042e-12;1.64
2025-09-04 23:00:00;1.5386256;0.0;-4.0414505e-10;0.0;5.61;0.0;5.61
2025-09-05 00:00:00;1.5386256;0.0;-4.0382266e-10;-6.125762e-10;5.61;-6.8064022e-10;5.61
2025-09-05 01:00:00;1.5386256;0.0;-4.0350025e-10;-7.0356129e-10;5.61;-7.8173476e-10;5.61
2025-09-05 02:00:00;1.7799787;0.0;-4.0317784e-10;0.0;6.49;0.0;6.49
2025-09-05 03:00:00;1.7799787;0.0;-4.0285544e-10;0.0;6.49;0.0;6.49
2025-09-05 04:00:00;1.7799787;0.0;-4.0253304e-10;0.0;6.49;0.0;6.49
2025-09-05 05:00:00;2.5287216;0.0;-5.2370299e-13;0.0;9.22;0.0;9.22
2025-09-05 06:00:00;2.5287216;0.0;-5.2370299e-13;0.0;9.22;0.0;9.22
2025-09-05 07:00:00;2.5287216;0.0;-5.2370299e-13;0.0;9.22;0.0;9.22
2025-09-05 08:00:00;0.4168177;0.0;-2.0836548e-11;0.0;1.52;0.0;1.52
2025-09-05 09:00:00;0.0;2.9;2.4832443;0.0;1.52;0.0;1.52
2025-09-05 10:00:00;0.0;14.700000000000001;14.283313;-1.0576743e-12;1.52;-1.1751937e-12;1.52
2025-09-05 11:00:00;0.0;42.4;42.28487;-4.4172393e-11;0.42;-4.9080437e-11;0.42
2025-09-05 12:00:00;0.0;72.8;72.684899;-3.1739875e-12;0.42;-3.5266528e-12;0.42
2025-09-05 13:00:00;0.0;108.99999999999999;108.88487;-4.232026e-11;0.42;-4.7022511e-11;0.42
2025-09-05 14:00:00;0.0;124.99999999999999;124.90953;-1.5606556e-11;0.33;-1.7340618e-11;0.33
2025-09-05 15:00:00;0.0;126.0;125.90952;-1.6664552e-11;0.33;-1.8516169e-11;0.33
2025-09-05 16:00:00;0.0;104.00000000000001;103.90951;-2.3012768e-11;0.33;-2.5569742e-11;0.33
2025-09-05 17:00:00;0.0;146.0;145.78059;-1.1638219e-11;0.8;-1.2931354e-11;0.8
2025-09-05 18:00:00;0.0;117.99999999999999;117.78059;0.0;0.8;0.0;0.8
2025-09-05 19:00:00;0.0;87.19999999999999;86.980588;0.0;0.8;0.0;0.8
2025-09-05 20:00:00;0.0;26.000000000000004;25.520037;0.0;1.75;0.0;1.7499999999999998
2025-09-05 21:00:00;0.0;9.78;9.3000366;0.0;1.75;0.0;1.7499999999999998
2025-09-05 22:00:00;0.0;0.9;0.42003657;-5.0257684e-12;1.75;-5.5841871e-12;1.7499999999999998
2025-09-05 23:00:00;1.1738534;0.0;-4.0092099e-10;-2.1423663e-12;4.28;-2.380407e-12;4.28
2025-09-06 00:00:00;1.1738534;0.0;-4.0059859e-10;-1.0741026e-12;4.28;-1.1934474e-12;4.28
2025-09-06 01:00:00;1.1738534;0.0;-4.002762e-10;0.0;4.28;0.0;4.28
2025-09-06 02:00:00;2.7481335;0.0;-4.0027623e-10;0.0;10.02;0.0;10.02
2025-09-06 03:00:00;2.7481335;0.0;-3.9995382e-10;-1.0579649e-12;10.02;-1.1755165e-12;10.02
2025-09-06 04:00:00;2.7481335;0.0;-3.9930903e-10;-2.1159297e-12;10.02;-2.351033e-12;10.02
2025-09-06 05:00:00;2.9072071;0.0;-1.858694e-10;0.0;10.6;0.0;10.6
2025-09-06 06:00:00;2.9072071;0.0;-3.9866418e-10;-1.0579649e-12;10.6;-1.1755165e-12;10.6
2025-09-06 07:00:00;2.9072071;0.0;-3.9866421e-10;-2.1159297e-12;10.6;-2.351033e-12;10.6
2025-09-06 08:00:00;0.59225558;0.0;-2.953707e-11;-3.1671062e-12;2.16;-3.5190069e-12;2.16
2025-09-06 09:00:00;0.0;2.63;2.0379022;-5.0197715e-12;2.16;-5.5775239e-12;2.16
2025-09-06 10:00:00;0.0;14.700000000000001;14.108034;-7.1351511e-12;2.16;-7.9279456e-12;2.16
2025-09-06 11:00:00;0.0;46.29999999999999;45.910896;-5.4232026e-12;1.42;-6.0257806e-12;1.42
2025-09-06 12:00:00;0.0;89.20000000000002;88.810916;-1.997927e-11;1.42;-2.2199189e-11;1.42
2025-09-06 13:00:00;0.0;119.0;118.61089;-4.3651732e-12;1.42;-4.8501924e-12;1.42
2025-09-06 14:00:00;0.0;142.0;141.96437;-5.4230667e-12;0.13;-6.0256297e-12;0.13
2025-09-06 15:00:00;0.0;154.0;153.96437;-8.2000251e-12;0.13;-9.111139e-12;0.13
2025-09-06 16:00:00;0.0;155.0;154.96436;-1.6663858e-11;0.13;-1.8515397e-11;0.13
2025-09-06 17:00:00;0.0;110.0;109.8327;0.0;0.61;0.0;0.61
2025-09-06 18:00:00;0.0;101.0;100.8327;0.0;0.61;0.0;0.61
2025-09-06 19:00:00;0.0;66.9;66.732698;0.0;0.61;0.0;0.61
2025-09-06 20:00:00;0.0;46.7;46.576581;-3.1738946e-12;0.45;-3.5265496e-12;0.44999999999999996
2025-09-06 21:00:00;0.0;13.4;13.276581;-9.2577975e-12;0.45;-1.0286442e-11;0.44999999999999996
2025-09-06 22:00:00;0.0;1.4;1.2765808;-1.0315762e-11;0.45;-1.1461958e-11;0.44999999999999996
2025-09-06 23:00:00;0.49916197;0.0;-3.9834182e-10;0.0;1.82;0.0;1.8199999999999998
2025-09-07 00:00:00;0.49916197;0.0;-3.980194e-10;-3.8894857e-10;1.82;-4.3216507e-10;1.8199999999999998
2025-09-07 01:00:00;0.49916197;0.0;-3.9769701e-10;-6.7633277e-10;1.82;-7.5148085e-10;1.8199999999999998
2025-09-07 02:00:00;0.87216212;0.0;-3.9737461e-10;0.0;3.18;0.0;3.18
2025-09-07 03:00:00;0.87216212;0.0;-3.970522e-10;-1.3754052e-11;3.18;-1.5282279e-11;3.18
2025-09-07 04:00:00;0.87216212;0.0;-3.967298e-10;-2.3275302e-11;3.18;-2.5861446e-11;3.18
2025-09-07 05:00:00;1.0504343;0.0;-3.964074e-10;0.0;3.83;0.0;3.8299999999999996
2025-09-07 06:00:00;1.0504343;0.0;-3.9576259e-10;-2.3198809e-10;3.83;-2.5776455e-10;3.8299999999999996
2025-09-07 07:00:00;1.0504343;0.0;0.0;0.0;3.83;0.0;3.8299999999999996
2025-09-07 08:00:00;0.37015564;0.0;0.0;0.0;1.35;0.0;1.35
2025-09-07 09:00:00;0.0;2.53;2.1599489;-1.4396727e-12;1.35;-1.5996364e-12;1.35
2025-09-07 10:00:00;0.0;12.1;11.730028;-1.8367542e-12;1.35;-2.040838e-12;1.35
2025-09-07 11:00:00;0.0;49.79999999999999;49.616411;-2.129345e-11;0.67;-2.3659388e-11;0.67
2025-09-07 12:00:00;0.0;89.5;89.316424;-2.4070851e-11;0.67;-2.674539e-11;0.67
2025-09-07 13:00:00;0.0;123.0;122.81642;-2.5128894e-11;0.67;-2.7920993e-11;0.67
2025-09-07 14:00:00;0.0;147.0;146.90957;-4.0338343e-11;0.33;-4.4820381e-11;0.33
2025-09-07 15:00:00;0.0;156.0;155.90955;-7.5394768e-12;0.33;-8.3771964e-12;0.33
2025-09-07 16:00:00;0.0;157.0;156.90953;-2.7245056e-11;0.33;-3.0272284e-11;0.33
2025-09-07 17:00:00;0.0;144.0;143.96161;-1.4548094e-11;0.14;-1.6164549e-11;0.14
2025-09-07 18:00:00;0.0;126.0;125.9616;-1.1638186e-11;0.14;-1.2931318e-11;0.14
2025-09-07 19:00:00;0.0;95.3;95.261603;-1.7722049e-11;0.14;-1.9691166e-11;0.14
2025-09-07 20:00:00;0.0;53.89999999999999;53.84789;-3.041862e-11;0.19;-3.3798467e-11;0.19
2025-09-07 21:00:00;0.0;13.8;13.74789;-3.1476526e-11;0.19;-3.4973918e-11;0.19
2025-09-07 22:00:00;0.0;0.5;0.44788968;-3.253455e-11;0.19;-3.61495e-11;0.19
2025-09-07 23:00:00;0.0054852963;0.0;-3.9318337e-10;-1.0544253e-09;0.020000001;-1.1715837e-09;0.02
2025-09-08 00:00:00;0.0054852962;0.0;-3.9286095e-10;-7.1943297e-10;0.020000001;-7.9936997e-10;0.02
2025-09-08 01:00:00;0.0054852962;0.0;-3.9221615e-10;-8.844755e-10;0.020000001;-9.8275056e-10;0.02
2025-09-08 02:00:00;0.019198537;0.0;-3.9189376e-10;-9.5535724e-10;0.070000001;-1.061508e-09;0.07
2025-09-08 03:00:00;0.019198537;0.0;-3.9124895e-10;-8.8976342e-10;0.070000001;-9.8862602e-10;0.07
2025-09-08 04:00:00;0.019198537;0.0;-3.9092654e-10;0.0;0.07;0.0;0.07
2025-09-08 05:00:00;0.148103;0.0;-3.6381302e-10;0.0;0.54;0.0;0.54
2025-09-08 06:00:00;0.148103;0.0;-5.2370299e-13;0.0;0.54;0.0;0.54
2025-09-08 07:00:00;0.148103;0.0;-5.2370299e-13;0.0;0.54;0.0;0.54
2025-09-08 08:00:00;0.041139722;0.0;-3.9028169e-10;0.0;0.15;0.0;0.15
2025-09-08 09:00:00;0.0;1.7;1.6588623;-7.0092682e-12;0.15;-7.7880757e-12;0.15
2025-09-08 10:00:00;0.0;7.3500000000000005;7.3088693;-2.7771717e-12;0.15;-3.0857463e-12;0.15
2025-09-08 11:00:00;0.0;13.9;13.894517;-2.9361001e-11;0.02;-3.2623334e-11;0.02
2025-09-08 12:00:00;0.0;28.4;28.394516;-1.4548389e-11;0.02;-1.6164877e-11;0.02
2025-09-08 13:00:00;0.0;34.9;34.894517;-1.1374454e-11;0.02;-1.2638282e-11;0.02
2025-09-08 14:00:00;0.0;64.2;64.035521;-8.2001321e-12;0.6;-9.1112579e-12;0.6
2025-09-08 15:00:00;0.0;62.49999999999999;62.335499;-1.058148e-12;0.6;-1.17572e-12;0.6
2025-09-08 16:00:00;0.0;105.0;104.83546;0.0;0.6;0.0;0.6
2025-09-08 17:00:00;0.0;95.80000000000001;95.6135;0.0;0.68;0.0;0.68
2025-09-08 18:00:00;0.0;104.00000000000001;104.0;0.612;0.0;0.68;0.68
2025-09-08 19:00:00;0.0;47.699999999999996;47.5135;0.0;0.68;0.0;0.68
2025-09-08 20:00:00;0.0;32.0;31.942404;0.0;0.21;0.0;0.21
2025-09-08 21:00:00;0.0;8.85;8.7924044;0.0;0.21;0.0;0.21
2025-09-08 22:00:00;0.057595612;0.0;-5.2370299e-13;0.0;0.21;0.0;0.21
2025-09-08 23:00:00;0.41962517;0.0;-5.2370299e-13;0.0;1.53;0.0;1.53
2025-09-09 00:00:00;0.41962517;0.0;-5.2370299e-13;0.0;1.53;0.0;1.53
2025-09-09 01:00:00;0.41962517;0.0;-8.4610581e-13;0.0;1.53;0.0;1.53
2025-09-09 02:00:00;1.8266037;0.0;-3.5490226e-10;0.0;6.66;0.0;6.66
2025-09-09 03:00:00;1.8266037;0.0;-2.2209884e-11;0.0;6.66;0.0;6.66
2025-09-09 04:00:00;1.8266037;0.0;-5.2370299e-13;0.0;6.66;0.0;6.66
2025-09-09 05:00:00;2.3038245;0.0;-5.2370299e-13;0.0;8.4;0.0;8.4
2025-09-09 06:00:00;2.3038245;0.0;-5.2370299e-13;0.0;8.4;0.0;8.4
2025-09-09 07:00:00;2.3038245;0.0;-5.2370299e-13;0.0;8.4;0.0;8.4
2025-09-09 08:00:00;1.2972726;0.0;-5.2370299e-13;0.0;4.73;0.0;4.73
2025-09-09 09:00:00;1.2972726;0.0;-3.8995929e-10;0.0;4.73;0.0;4.73
2025-09-09 10:00:00;0.0;2.6;1.3027274;-6.0837318e-12;4.73;-6.759702e-12;4.73
2025-09-09 11:00:00;0.0;2.25;1.3997791;-1.1373514e-11;3.1;-1.2637238e-11;3.1
2025-09-09 12:00:00;0.0;6.28;5.4297791;-1.2431479e-11;3.1;-1.3812754e-11;3.1
2025-09-09 13:00:00;0.0;12.1;11.249779;-1.3489444e-11;3.1;-1.4988271e-11;3.1
2025-09-09 14:00:00;0.0;25.3;24.773412;0.0;1.92;0.0;1.9200000000000002
2025-09-09 15:00:00;0.0;37.6;37.073412;0.0;1.92;0.0;1.9200000000000002
2025-09-09 16:00:00;0.0;27.1;26.573412;0.0;1.92;0.0;1.9200000000000002
2025-09-09 17:00:00;0.0;28.3;27.534801;0.0;2.79;0.0;2.79
2025-09-09 18:00:00;0.0;27.9;27.134801;0.0;2.79;0.0;2.79
2025-09-09 19:00:00;0.0;38.1;37.334801;0.0;2.79;0.0;2.79
2025-09-09 20:00:00;0.0;9.73;8.2379994;0.0;5.44;0.0;5.44
2025-09-09 21:00:00;0.0;5.15;3.6579994;0.0;5.44;0.0;5.44
2025-09-09 22:00:00;1.3920006;0.1;0.0;0.0;5.44;0.0;5.44
2025-09-09 23:00:00;1.6702727;0.0;-6.142632e-11;0.0;6.09;0.0;6.09
2025-09-10 00:00:00;1.6702727;0.0;-8.8069243e-11;0.0;6.09;0.0;6.09
2025-09-10 01:00:00;1.6702727;0.0;-3.8842774e-10;0.0;6.09;0.0;6.09
2025-09-10 02:00:00;1.8375743;0.0;-2.9364131e-10;0.0;6.7;0.0;6.7
2025-09-10 03:00:00;1.8375743;0.0;-3.1491989e-10;0.0;6.7;0.0;6.7
2025-09-10 04:00:00;1.8375743;0.0;-5.2370299e-13;0.0;6.7;0.0;6.7
2025-09-10 05:00:00;1.6318757;0.0;-5.2370299e-13;0.0;5.95;0.0;5.95
2025-09-10 06:00:00;1.6318757;0.0;-5.2370299e-13;0.0;5.95;0.0;5.95
2025-09-10 07:00:00;1.6318757;0.0;-5.2370299e-13;0.0;5.95;0.0;5.95
2025-09-10 08:00:00;0.8310224;0.0;-5.2370299e-13;0.0;3.03;0.0;3.03
2025-09-10 09:00:00;0.0;3.5;2.6691624;-1.0570093e-12;3.03;-1.1744548e-12;3.03
2025-09-10 10:00:00;0.0;16.8;15.969415;0.0;3.03;0.0;3.03
2025-09-10 11:00:00;0.0;31.8;31.638293;-5.2899981e-12;0.59;-5.8777757e-12;0.59
2025-09-10 12:00:00;0.0;71.2;71.038307;-3.1740482e-12;0.59;-3.5267202e-12;0.59
2025-09-10 13:00:00;0.0;119.0;118.83832;0.0;0.59;0.0;0.59
2025-09-10 14:00:00;0.0;122.0;121.99452;-2.7509044e-11;0.02;-3.0565604e-11;0.02
2025-09-10 15:00:00;0.0;138.0;137.99452;-2.1160801e-11;0.02;-2.3512001e-11;0.02
2025-09-10 16:00:00;0.0;157.0;156.99452;0.0;0.02;0.0;0.02
2025-09-10 17:00:00;0.0;139.0;138.7559;0.0;0.89;0.0;0.8899999999999999
2025-09-10 18:00:00;0.0;108.99999999999999;108.7559;0.0;0.89;0.0;0.8899999999999999
2025-09-10 19:00:00;0.0;98.4;98.155904;0.0;0.89;0.0;0.8899999999999999
2025-09-10 20:00:00;0.0;37.6;37.243456;0.0;1.3;0.0;1.3
2025-09-10 21:00:00;0.0;8.3;7.9434557;0.0;1.3;0.0;1.3
2025-09-10 22:00:00;0.0;0.4;0.043455737;-2.1160072e-12;1.3;-2.3511191e-12;1.3
2025-09-10 23:00:00;0.72680177;0.0;-3.8963693e-10;-3.7597459e-10;2.65;-4.1774954e-10;2.65
2025-09-11 00:00:00;0.72680177;0.0;-3.8971825e-10;-7.5037883e-10;2.65;-8.3375426e-10;2.65
2025-09-11 01:00:00;0.72680177;0.0;-3.8862906e-10;-1.0585218e-09;2.65;-1.1761353e-09;2.65
2025-09-11 02:00:00;0.64177967;0.0;-3.8830665e-10;0.0;2.34;0.0;2.34
2025-09-11 03:00:00;0.64177967;0.0;-3.8798425e-10;0.0;2.34;0.0;2.34
2025-09-11 04:00:00;0.64177967;0.0;-3.8802492e-10;0.0;2.34;0.0;2.34
2025-09-11 05:00:00;0.6719488;0.0;-5.2370299e-13;0.0;2.45;0.0;2.45
2025-09-11 06:00:00;0.6719488;0.0;-5.2370299e-13;0.0;2.45;0.0;2.45
2025-09-11 07:00:00;0.6719488;0.0;-5.2370299e-13;0.0;2.45;0.0;2.45
2025-09-11 08:00:00;0.59515465;0.0;-3.8738005e-10;0.0;2.17;0.0;2.17
2025-09-11 09:00:00;0.0;1.53;0.93492843;-7.142195e-12;2.17;-7.9357722e-12;2.17
2025-09-11 10:00:00;0.0;8.9;8.3051087;0.0;2.17;0.0;2.17
2025-09-11 11:00:00;0.0;40.7;40.587611;-1.4945176e-11;0.41;-1.6605751e-11;0.41
2025-09-11 12:00:00;0.0;78.9;78.787625;0.0;0.41;0.0;0.41
2025-09-11 13:00:00;0.0;91.30000000000001;91.187613;-1.5606169e-11;0.41;-1.7340188e-11;0.41
2025-09-11 14:00:00;0.0;111.00000000000001;110.91228;-2.1161705e-12;0.32;-2.3513006e-12;0.32
2025-09-11 15:00:00;0.0;91.4;91.312269;-8.2001585e-12;0.32;-9.1112872e-12;0.32
2025-09-11 16:00:00;0.0;123.0;122.91224;0.0;0.32;0.0;0.32
2025-09-11 17:00:00;0.0;113.0;111.64239;0.0;4.95;0.0;4.95
2025-09-11 18:00:00;0.0;117.99999999999999;116.64239;0.0;4.95;0.0;4.95
2025-09-11 19:00:00;0.0;57.2;55.842389;0.0;4.95;0.0;4.95
2025-09-11 20:00:00;0.0;4.93;2.9909477;0.0;7.07;0.0;7.069999999999999
2025-09-11 21:00:00;0.0;2.4;0.46094774;-6.0836528e-12;7.07;-6.7596142e-12;7.069999999999999
2025-09-11 22:00:00;1.6390523;0.3;-2.7804944e-12;-2.1159297e-12;7.07;-2.351033e-12;7.069999999999999
2025-09-11 23:00:00;1.5468536;0.0;0.0;0.0;5.64;0.0;5.64
2025-09-12 00:00:00;1.5468536;0.0;0.0;-1.0579649e-12;5.64;-1.1755165e-12;5.64
2025-09-12 01:00:00;1.5468536;0.0;0.0;-2.1159297e-12;5.64;-2.351033e-12;5.64
2025-09-12 02:00:00;1.5550815;0.0;0.0;0.0;5.67;0.0;5.67
2025-09-12 03:00:00;1.5550815;0.0;0.0;-1.0579649e-12;5.67;-1.1755165e-12;5.67
2025-09-12 04:00:00;1.5550815;0.0;-3.8705771e-10;-1.2508226e-09;5.67;-1.3898029e-09;5.67
2025-09-12 05:00:00;1.3192138;0.0;-3.867353e-10;0.0;4.81;0.0;4.81
2025-09-12 06:00:00;1.3192138;0.0;-3.7424201e-10;0.0;4.81;0.0;4.81
2025-09-12 07:00:00;1.3192138;0.0;-3.8609045e-10;0.0;4.81;0.0;4.81
2025-09-12 08:00:00;0.66914542;0.0;-1.4067957e-11;0.0;2.44;0.0;2.44
2025-09-12 09:00:00;0.0;1.9299999999999997;1.2609992;-6.0840729e-12;2.44;-6.760081e-12;2.44
2025-09-12 10:00:00;0.0;11.9;11.231142;-6.0839702e-12;2.44;-6.7599669e-12;2.44
2025-09-12 11:00:00;0.0;43.7;43.442373;-7.1422308e-12;0.94;-7.935812e-12;0.94
2025-09-12 12:00:00;0.0;74.8;74.542371;-9.2582477e-12;0.94;-1.0286942e-11;0.94
2025-09-12 13:00:00;0.0;114.0;113.74234;-1.1771131e-11;0.94;-1.3079034e-11;0.94
2025-09-12 14:00:00;0.0;130.0;129.76425;-8.2001812e-12;0.86;-9.1113124e-12;0.8599999999999999
2025-09-12 15:00:00;0.0;124.99999999999999;124.76421;-1.2432378e-11;0.86;-1.3813754e-11;0.8599999999999999
2025-09-12 16:00:00;0.0;101.0;100.76415;-1.0316207e-11;0.86;-1.1462452e-11;0.8599999999999999
2025-09-12 17:00:00;0.0;82.8;82.43797;0.0;1.32;0.0;1.32
2025-09-12 18:00:00;0.0;79.1;78.73797;0.0;1.32;0.0;1.32
2025-09-12 19:00:00;0.0;32.1;31.73797;0.0;1.32;0.0;1.32
2025-09-12 20:00:00;0.0;26.099999999999998;24.734161;0.0;4.98;0.0;4.98
2025-09-12 21:00:00;0.0;10.1;8.7341612;-1.0579649e-12;4.98;-1.1755165e-12;4.98
2025-09-12 22:00:00;0.96583879;0.4;-1.65266e-12;-2.1159297e-12;4.98;-2.351033e-12;4.98
2025-09-12 23:00:00;1.7114125;0.0;-3.8609049e-10;0.0;6.24;0.0;6.24
2025-09-13 00:00:00;1.7114125;0.0;-3.8540502e-10;-4.586416e-10;6.24;-5.0960178e-10;6.24
2025-09-13 01:00:00;1.7114125;0.0;-3.8508262e-10;-4.755691e-10;6.24;-5.2841011e-10;6.24
2025-09-13 02:00:00;0.76245619;0.0;-3.8496266e-10;-1.1324498e-09;2.78;-1.2582775e-09;2.78
2025-09-13 03:00:00;0.76245619;0.0;-3.8443781e-10;-1.1726641e-09;2.78;-1.3029601e-09;2.78
2025-09-13 04:00:00;0.76245619;0.0;-3.8411541e-10;-1.1148583e-09;2.78;-1.2387314e-09;2.78
2025-09-13 05:00:00;1.1080299;0.0;-3.8351127e-10;0.0;4.04;0.0;4.04
2025-09-13 06:00:00;1.1080299;0.0;-3.8318887e-10;-1.163723e-11;4.04;-1.2930255e-11;4.04
2025-09-13 07:00:00;1.1080299;0.0;-3.825034e-10;-6.6517957e-11;4.04;-7.3908841e-11;4.04
2025-09-13 08:00:00;0.85570623;0.0;-3.8189926e-10;-1.2328372e-09;3.12;-1.3698191e-09;3.12
2025-09-13 09:00:00;0.45541797;0.4;0.0;-4.2316719e-12;3.12;-4.7018576e-12;3.12
2025-09-13 10:00:00;0.0;7.48;6.6246888;-9.2575638e-12;3.12;-1.0286182e-11;3.12
2025-09-13 11:00:00;0.0;22.600000000000005;22.6;0.0;0.0;0.0;0.0
2025-09-13 12:00:00;0.0;60.9;60.9;0.0;0.0;0.0;0.0
2025-09-13 13:00:00;0.0;74.8;74.8;0.0;0.0;0.0;0.0
2025-09-13 14:00:00;0.0;123.0;122.91776;-1.0713091e-11;0.3;-1.1903435e-11;0.3
2025-09-13 15:00:00;0.0;142.0;141.91774;-1.5605966e-11;0.3;-1.7339962e-11;0.3
2025-09-13 16:00:00;0.0;107.0;106.91772;-1.4547909e-11;0.3;-1.6164343e-11;0.3
2025-09-13 17:00:00;0.0;79.9;79.260963;0.0;2.33;0.0;2.33
2025-09-13 18:00:00;0.0;80.8;80.160963;0.0;2.33;0.0;2.33
2025-09-13 19:00:00;0.0;41.0;40.360963;0.0;2.33;0.0;2.33
2025-09-13 20:00:00;0.0;13.4;11.019381;0.0;8.68;0.0;8.68
2025-09-13 21:00:00;1.6806186;0.7000000000000002;-2.4987032e-12;-1.0579649e-12;8.68;-1.1755165e-12;8.68
2025-09-13 22:00:00;2.3806186;0.0;-3.8157687e-10;-6.125767e-10;8.68;-6.8064078e-10;8.68
2025-09-13 23:00:00;2.6795673;0.0;-3.8125445e-10;0.0;9.77;0.0;9.77
2025-09-14 00:00:00;2.6795673;0.0;-3.7895698e-10;-1.5923727e-10;9.77;-1.769303e-10;9.77
2025-09-14 01:00:00;2.6795673;0.0;-3.7899765e-10;-1.223419e-10;9.77;-1.3593544e-10;9.77
2025-09-14 02:00:00;1.6071918;0.0;-3.7803042e-10;-6.3585171e-10;5.86;-7.0650191e-10;5.86
2025-09-14 03:00:00;1.6071918;0.0;-3.780711e-10;-4.2318595e-12;5.86;-4.7020661e-12;5.86
2025-09-14 04:00:00;1.6071918;0.0;-3.7448397e-10;-5.2898243e-12;5.86;-5.8775826e-12;5.86
2025-09-14 05:00:00;1.6949566;0.0;-3.7416156e-10;-3.1738946e-12;6.18;-3.5265496e-12;6.18
2025-09-14 06:00:00;1.6949566;0.0;-3.6650435e-10;0.0;6.18;0.0;6.18
2025-09-14 07:00:00;1.6949566;0.0;-1.8769172e-10;0.0;6.18;0.0;6.18
2025-09-14 08:00:00;0.74317414;0.0;-1.5034767e-11;0.0;2.71;0.0;2.71
2025-09-14 09:00:00;0.0;2.5;1.7569558;-5.025729e-12;2.71;-5.5841433e-12;2.71
2025-09-14 10:00:00;0.0;11.7;10.957097;-6.0829435e-12;2.71;-6.7588261e-12;2.71
2025-09-14 11:00:00;0.0;46.8;46.591693;-1.3490656e-11;0.76;-1.4989618e-11;0.76
2025-09-14 12:00:00;0.0;88.6;88.391713;-1.6664564e-11;0.76;-1.8516182e-11;0.76
2025-09-14 13:00:00;0.0;108.0;107.79171;-1.772264e-11;0.76;-1.9691822e-11;0.76
2025-09-14 14:00:00;0.0;142.0;141.74782;-1.5606581e-11;0.92;-1.7340645e-11;0.9199999999999999
2025-09-14 15:00:00;0.0;151.0;150.74776;-1.3490504e-11;0.92;-1.4989448e-11;0.9199999999999999
2025-09-14 16:00:00;0.0;156.0;155.74768;-1.7722395e-11;0.92;-1.969155e-11;0.9199999999999999
2025-09-14 17:00:00;0.0;130.0;129.83544;0.0;0.6;0.0;0.6
2025-09-14 18:00:00;0.0;94.8;94.635441;0.0;0.6;0.0;0.6
2025-09-14 19:00:00;0.0;57.9;57.735441;0.0;0.6;0.0;0.6
2025-09-14 20:00:00;0.0;8.25;7.4820585;-1.2431547e-11;2.8;-1.381283e-11;2.8
2025-09-14 21:00:00;0.0;0.875;0.10705851;-1.2298392e-11;2.8;-1.366488e-11;2.8
2025-09-14 22:00:00;0.76794149;0.0;0.0;-9.5216838e-12;2.8;-1.0579649e-11;2.8
2025-09-14 23:00:00;0.13987506;0.0;0.0;-4.2320145e-12;0.51;-4.7022383e-12;0.51
2025-09-15 00:00:00;0.13987506;0.0;0.0;-5.2899794e-12;0.51;-5.8777548e-12;0.51
2025-09-15 01:00:00;0.13987506;0.0;0.0;-6.3479442e-12;0.51;-7.0532714e-12;0.51
2025-09-15 02:00:00;0.0;0.0;0.0;0.0;0.0;0.0;0.0
2025-09-15 03:00:00;0.0;0.0;0.0;0.0;0.0;0.0;0.0
2025-09-15 04:00:00;0.0;0.0;0.0;0.0;0.0;0.0;0.0
2025-09-15 05:00:00;0.34008837;0.0;0.0;-2.1159278e-12;1.24;-2.3510309e-12;1.24
2025-09-15 06:00:00;0.34008837;0.0;-3.741616e-10;-1.1841708e-09;1.24;-1.3157453e-09;1.24
2025-09-15 07:00:00;0.34008837;0.0;0.0;-4.2318575e-12;1.24;-4.7020639e-12;1.24
2025-09-15 08:00:00;0.43880276;0.0;0.0;0.0;1.6;0.0;1.6
2025-09-15 09:00:00;0.0;0.8;0.36129978;-4.3651714e-12;1.6;-4.8501904e-12;1.6
2025-09-15 10:00:00;0.0;10.1;9.6614387;-7.1420775e-12;1.6;-7.9356417e-12;1.6
2025-09-15 11:00:00;0.0;44.4;44.230075;-8.067378e-12;0.62;-8.9637533e-12;0.62
2025-09-15 12:00:00;0.0;72.9;72.730089;-1.3754206e-11;0.62;-1.5282451e-11;0.62
2025-09-15 13:00:00;0.0;87.8;87.630043;-2.1162008e-12;0.62;-2.3513342e-12;0.62
2025-09-15 14:00:00;0.0;86.8;86.8;0.0;0.0;0.0;0.0
2025-09-15 15:00:00;0.0;108.0;108.0;0.0;0.0;0.0;0.0
2025-09-15 16:00:00;0.0;74.1;74.1;0.0;0.0;0.0;0.0
2025-09-15 17:00:00;0.0;120.00000000000001;119.02087;-7.1418283e-12;3.57;-7.9353648e-12;3.5700000000000003
2025-09-15 18:00:00;0.0;122.0;121.02087;-8.1997932e-12;3.57;-9.1108813e-12;3.5700000000000003
2025-09-15 19:00:00;0.0;37.1;36.120875;-9.257758e-12;3.57;-1.0286398e-11;3.5700000000000003
2025-09-15 20:00:00;0.0;25.6;24.461801;-8.1995825e-12;4.15;-9.1106472e-12;4.15
2025-09-15 21:00:00;0.0;5.07;3.931801;-9.2575474e-12;4.15;-1.0286164e-11;4.15
2025-09-15 22:00:00;1.138199;0.0;0.0;-5.2898243e-12;4.15;-5.8775826e-12;4.15
2025-09-15 23:00:00;1.083346;0.0;0.0;0.0;3.95;0.0;3.9499999999999997
2025-09-16 00:00:00;1.083346;0.0;0.0;-1.0579649e-12;3.95;-1.1755165e-12;3.9499999999999997
2025-09-16 01:00:00;1.083346;0.0;0.0;-2.1159297e-12;3.95;-2.351033e-12;3.9499999999999997
2025-09-16 02:00:00;1.0641475;0.0;0.0;-3.8497123e-12;3.88;-4.2774581e-12;3.8800000000000003
2025-09-16 03:00:00;1.0641475;0.0;0.0;-3.1740276e-12;3.88;-3.5266973e-12;3.8800000000000003
2025-09-16 04:00:00;1.0641475;0.0;0.0;-4.2319924e-12;3.88;-4.7022138e-12;3.8800000000000003
2025-09-16 05:00:00;1.3219564;0.0;0.0;0.0;4.82;0.0;4.82
2025-09-16 06:00:00;1.3219564;0.0;0.0;-1.0579649e-12;4.82;-1.1755165e-12;4.82
2025-09-16 07:00:00;1.3219564;0.0;0.0;-2.1159297e-12;4.82;-2.351033e-12;4.82
2025-09-16 08:00:00;0.73771057;0.0;0.0;0.0;2.69;-8.5148918e-28;2.69
2025-09-16 09:00:00;0.0;1.65;0.91234563;-7.1272154e-12;2.69;-7.9191282e-12;2.69
2025-09-16 10:00:00;0.0;10.899999999999999;10.162459;0.0;2.69;0.0;2.69
2025-09-16 11:00:00;0.0;25.799999999999997;25.62454;-1.9826894e-12;0.64;-2.2029882e-12;0.64
2025-09-16 12:00:00;0.0;45.0;44.824584;-1.044671e-11;0.64;-1.1607455e-11;0.64
2025-09-16 13:00:00;0.0;67.3;67.124534;-1.1504602e-11;0.64;-1.2782891e-11;0.64
2025-09-16 14:00:00;0.0;111.00000000000001;110.66275;0.0;1.23;0.0;1.23
2025-09-16 15:00:00;0.0;120.00000000000001;119.66272;-1.05805e-12;1.23;-1.1756111e-12;1.23
2025-09-16 16:00:00;0.0;113.0;112.66265;-2.1157021e-12;1.23;-2.3507801e-12;1.23
2025-09-16 17:00:00;0.0;73.1;72.875103;-7.0085319e-12;0.82;-7.7872577e-12;0.82
2025-09-16 18:00:00;0.0;98.30000000000001;98.075103;-4.2319557e-12;0.82;-4.702173e-12;0.82
2025-09-16 19:00:00;0.0;39.6;39.375103;-5.2899206e-12;0.82;-5.8776895e-12;0.82
2025-09-16 20:00:00;0.0;12.899999999999999;11.449139;0.0;5.29;0.0;5.29
2025-09-16 21:00:00;0.0;4.45;2.9991391;-1.0579649e-12;5.29;-1.1755165e-12;5.29
2025-09-16 22:00:00;1.4508609;0.0;-3.7347613e-10;-1.1663158e-09;5.29;-1.2959064e-09;5.29
2025-09-16 23:00:00;1.5550815;0.0;-3.7315372e-10;-1.1103619e-09;5.67;-1.2337355e-09;5.67
2025-09-17 00:00:00;1.5550815;0.0;-3.7283132e-10;-1.1745155e-09;5.67;-1.3050172e-09;5.67
2025-09-17 01:00:00;1.5550815;0.0;-3.7287198e-10;-1.2169676e-09;5.67;-1.3521863e-09;5.67
2025-09-17 02:00:00;1.7141551;0.0;-3.7254958e-10;-1.2169678e-09;6.25;-1.3521865e-09;6.25
2025-09-17 03:00:00;1.7141551;0.0;-3.7222718e-10;-1.1936923e-09;6.25;-1.3263248e-09;6.25
2025-09-17 04:00:00;1.7141551;0.0;-3.7125997e-10;-1.0480755e-09;6.25;-1.1645284e-09;6.25
2025-09-17 05:00:00;1.2451623;0.0;-3.7093758e-10;0.0;4.54;0.0;4.54
2025-09-17 06:00:00;1.2451623;0.0;-5.2370299e-13;0.0;4.54;0.0;4.54
2025-09-17 07:00:00;1.2451623;0.0;-5.2370299e-13;0.0;4.54;0.0;4.54
2025-09-17 08:00:00;0.66097821;0.0;-3.7061516e-10;0.0;2.41;0.0;2.41
2025-09-17 09:00:00;0.0;1.6;0.93902179;-4.8921472e-12;2.41;-5.4357191e-12;2.41
2025-09-17 10:00:00;0.0;16.5;15.839022;-7.14169e-12;2.41;-7.9352112e-12;2.41
2025-09-17 11:00:00;0.0;16.9;16.666875;-1.3489836e-11;0.85;-1.4988707e-11;0.85
2025-09-17 12:00:00;0.0;23.6;23.366875;-1.4547836e-11;0.85;-1.6164262e-11;0.85
2025-09-17 13:00:00;0.0;57.0;56.766875;-1.5605766e-11;0.85;-1.733974e-11;0.85
2025-09-17 14:00:00;0.0;77.5;77.308015;-8.4637578e-12;0.7;-9.4041753e-12;0.7
2025-09-17 15:00:00;0.0;68.9;68.708016;-3.174028e-12;0.7;-3.5266977e-12;0.7
2025-09-17 16:00:00;0.0;58.2;58.008015;-4.4958438e-12;0.7;-4.995382e-12;0.7
2025-09-17 17:00:00;0.0;52.8;52.657382;0.0;0.52;0.0;0.52
2025-09-17 18:00:00;0.0;27.8;27.657382;0.0;0.52;0.0;0.52
2025-09-17 19:00:00;0.0;22.300000000000004;22.157382;0.0;0.52;0.0;0.52
2025-09-17 20:00:00;0.0;11.6;11.468353;-8.1997668e-12;0.48;-9.110852e-12;0.48000000000000004
2025-09-17 21:00:00;0.0;2.8299999999999996;2.6983529;-9.2577975e-12;0.48;-1.0286442e-11;0.48000000000000004
2025-09-17 22:00:00;0.13164711;0.0;-3.6992969e-10;-1.0722754e-09;0.48;-1.1914171e-09;0.48000000000000004
2025-09-17 23:00:00;0.3071766;0.0;-3.6997035e-10;-1.1958084e-09;1.12;-1.328676e-09;1.12
2025-09-18 00:00:00;0.3071766;0.0;-3.6900315e-10;-1.2190836e-09;1.12;-1.3545373e-09;1.12
2025-09-18 01:00:00;0.3071766;0.0;0.0;-5.2898243e-12;1.12;-5.8775826e-12;1.12
2025-09-18 02:00:00;0.84747829;0.0;0.0;0.0;3.09;0.0;3.09
2025-09-18 03:00:00;0.84747829;0.0;-3.6581977e-10;-1.0579649e-12;3.09;-1.1755165e-12;3.09
2025-09-18 04:00:00;0.84747829;0.0;-3.6513431e-10;-9.9729334e-10;3.09;-1.1081037e-09;3.09
2025-09-18 05:00:00;0.91604449;0.0;-3.8584852e-10;0.0;3.34;0.0;3.34
2025-09-18 06:00:00;0.91604449;0.0;-5.2370299e-13;0.0;3.34;0.0;3.34
2025-09-18 07:00:00;0.91604449;0.0;-5.2370299e-13;0.0;3.34;0.0;3.34
2025-09-18 08:00:00;0.2385929;0.0;-1.3101047e-11;-1.0578333e-12;0.87;-1.1753704e-12;0.8699999999999999
2025-09-18 09:00:00;0.0;0.7000000000000002;0.46147688;-9.2581673e-12;0.87;-1.0286853e-11;0.8699999999999999
2025-09-18 10:00:00;0.0;5.07;4.8315167;-8.1999773e-12;0.87;-9.1110859e-12;0.8699999999999999
2025-09-18 11:00:00;0.0;16.0;15.928732;-1.1374218e-11;0.26;-1.263802e-11;0.26
2025-09-18 12:00:00;0.0;31.8;31.728739;-1.1374246e-11;0.26;-1.2638051e-11;0.26
2025-09-18 13:00:00;0.0;46.0;45.92873;0.0;0.26;0.0;0.26
2025-09-18 14:00:00;0.0;65.9;65.823244;-2.9360669e-11;0.28;-3.2622966e-11;0.28
2025-09-18 15:00:00;0.0;95.39999999999999;95.323231;-2.1954343e-11;0.28;-2.4393715e-11;0.28
2025-09-18 16:00:00;0.0;136.0;135.92322;-1.7722182e-11;0.28;-1.9691314e-11;0.28
2025-09-18 17:00:00;0.0;135.0;134.84915;0.0;0.55;0.0;0.55
2025-09-18 18:00:00;0.0;117.99999999999999;117.84915;0.0;0.55;0.0;0.55
2025-09-18 19:00:00;0.0;82.1;81.949154;0.0;0.55;0.0;0.55
2025-09-18 20:00:00;0.0;40.8;40.273412;-5.5566064e-12;1.92;-6.1740072e-12;1.9200000000000002
2025-09-18 21:00:00;0.0;5.6;5.0734115;-7.1419336e-12;1.92;-7.9354818e-12;1.9200000000000002
2025-09-18 22:00:00;0.52658845;0.0;-3.6481191e-10;-5.3957676e-10;1.92;-5.9952974e-10;1.9200000000000002
2025-09-18 23:00:00;0.77616943;0.0;-3.6448951e-10;-1.012105e-09;2.83;-1.1245612e-09;2.83
2025-09-19 00:00:00;0.77616943;0.0;-3.6380403e-10;-1.060638e-09;2.83;-1.1784867e-09;2.83
2025-09-19 01:00:00;0.77616943;0.0;-3.638447e-10;-1.0438437e-09;2.83;-1.1598264e-09;2.83
2025-09-19 02:00:00;1.0531769;0.0;-3.635223e-10;0.0;3.84;0.0;3.8400000000000003
2025-09-19 03:00:00;1.0531769;0.0;-3.6319989e-10;0.0;3.84;0.0;3.8400000000000003
2025-09-19 04:00:00;1.0531769;0.0;-3.628775e-10;0.0;3.84;0.0;3.8400000000000003
2025-09-19 05:00:00;1.0778607;0.0;-5.2370299e-13;0.0;3.93;0.0;3.9299999999999997
2025-09-19 06:00:00;1.0778607;0.0;-5.2370299e-13;0.0;3.93;0.0;3.9299999999999997
2025-09-19 07:00:00;1.0778607;0.0;-5.2370299e-13;0.0;3.93;0.0;3.9299999999999997
2025-09-19 08:00:00;0.65538255;0.0;-2.1803349e-11;0.0;2.39;0.0;2.39
2025-09-19 09:00:00;0.0;1.55;0.8948037;-5.0261692e-12;2.39;-5.5846324e-12;2.39
2025-09-19 10:00:00;0.0;10.1;9.4449526;-6.0846218e-12;2.39;-6.7606909e-12;2.39
2025-09-19 11:00:00;0.0;41.5;41.316394;-2.1160763e-11;0.67;-2.3511959e-11;0.67
2025-09-19 12:00:00;0.0;81.9;81.716404;-2.8303266e-11;0.67;-3.1448074e-11;0.67
2025-09-19 13:00:00;0.0;115.0;114.81639;-2.9361259e-11;0.67;-3.2623621e-11;0.67
2025-09-19 14:00:00;0.0;134.0;133.84104;-6.0843774e-12;0.58;-6.7604194e-12;0.58
2025-09-19 15:00:00;0.0;132.0;131.84101;-1.9838545e-11;0.58;-2.2042828e-11;0.58
2025-09-19 16:00:00;0.0;135.0;134.84096;0.0;0.58;0.0;0.58
2025-09-19 17:00:00;0.0;134.0;133.78333;0.0;0.79;0.0;0.79
2025-09-19 18:00:00;0.0;114.0;114.0;0.711;0.0;0.79;0.79
2025-09-19 19:00:00;0.0;84.3;84.083331;0.0;0.79;0.0;0.79
2025-09-19 20:00:00;0.0;41.1;41.069831;0.0;0.11;0.0;0.10999999999999999
2025-09-19 21:00:00;0.0;5.05;5.0198309;-1.9837569e-11;0.11;-2.2041743e-11;0.10999999999999999
2025-09-19 22:00:00;0.03016913;0.0;-3.625551e-10;-9.6449664e-10;0.11;-1.0716629e-09;0.10999999999999999
2025-09-19 23:00:00;0.18375743;0.0;-3.622327e-10;-5.8930331e-10;0.67;-6.5478146e-10;0.67
2025-09-20 00:00:00;0.18375743;0.0;-3.6154723e-10;-9.8129245e-10;0.67;-1.0903249e-09;0.67
2025-09-20 01:00:00;0.18375743;0.0;-3.6158788e-10;-9.9835338e-10;0.67;-1.1092815e-09;0.67
2025-09-20 02:00:00;0.99558129;0.0;-3.6126548e-10;-9.7401812e-10;3.63;-1.0822424e-09;3.6300000000000003
2025-09-20 03:00:00;0.99558129;0.0;-3.6094307e-10;-9.824817e-10;3.63;-1.0916463e-09;3.6300000000000003
2025-09-20 04:00:00;0.99558129;0.0;-3.6062068e-10;-9.2535181e-10;3.63;-1.0281687e-09;3.6300000000000003
2025-09-20 05:00:00;0.68566204;0.0;-3.6029827e-10;0.0;2.5;0.0;2.5
2025-09-20 06:00:00;0.68566204;0.0;-3.5997588e-10;-3.0152001e-10;2.5;-3.3502224e-10;2.5
2025-09-20 07:00:00;0.68566204;0.0;-3.5965346e-10;-5.3283172e-10;2.5;-5.9203525e-10;2.5
2025-09-20 08:00:00;0.076783966;0.0;0.0;-2.9624404e-11;0.28;-3.2916005e-11;0.28
2025-09-20 09:00:00;0.0;2.85;2.773234;-1.3490209e-11;0.28;-1.4989121e-11;0.28
2025-09-20 10:00:00;0.0;11.000000000000002;10.923246;-2.3012457e-11;0.28;-2.5569397e-11;0.28
2025-09-20 11:00:00;0.0;24.899999999999995;24.801336;-4.2320491e-11;0.36;-4.7022767e-11;0.36
2025-09-20 12:00:00;0.0;56.9;56.801341;-1.4812789e-11;0.36;-1.6458654e-11;0.36
2025-09-20 13:00:00;0.0;44.199999999999996;44.101322;-2.7508557e-11;0.36;-3.0565064e-11;0.36
2025-09-20 14:00:00;0.0;82.0;81.923241;-2.724455e-11;0.28;-3.0271722e-11;0.28
2025-09-20 15:00:00;0.0;93.1;93.023219;-1.1374093e-11;0.28;-1.2637882e-11;0.28
2025-09-20 16:00:00;0.0;62.29999999999999;62.223206;-3.689975e-11;0.28;-4.0999722e-11;0.28
2025-09-20 17:00:00;0.0;37.8;37.70675;0.0;0.34;0.0;0.34
2025-09-20 18:00:00;0.0;23.9;23.80675;0.0;0.34;0.0;0.34
2025-09-20 19:00:00;0.0;15.5;15.40675;-2.2879608e-11;0.34;-2.5421787e-11;0.34
2025-09-20 20:00:00;0.0;4.8;4.7286911;-1.3490019e-11;0.26;-1.498891e-11;0.26
2025-09-20 21:00:00;0.0;0.7000000000000002;0.62869115;-1.4547957e-11;0.26;-1.6164397e-11;0.26
2025-09-20 22:00:00;0.071308852;0.0;-3.5933107e-10;-1.0579984e-11;0.26;-1.1755538e-11;0.26
2025-09-20 23:00:00;0.024683834;0.0;0.0;-2.2218404e-11;0.09;-2.4687116e-11;0.09
2025-09-21 00:00:00;0.024683834;0.0;0.0;-1.1638339e-11;0.09;-1.2931488e-11;0.09
2025-09-21 01:00:00;0.024683834;0.0;0.0;-1.5870531e-11;0.09;-1.7633923e-11;0.09
2025-09-21 02:00:00;0.049367667;0.0;0.0;-6.347894e-12;0.18;-7.0532156e-12;0.18
2025-09-21 03:00:00;0.049367667;0.0;0.0;-7.4058589e-12;0.18;-8.2287321e-12;0.18
2025-09-21 04:00:00;0.049367667;0.0;0.0;-8.4638237e-12;0.18;-9.4042486e-12;0.18
2025-09-21 05:00:00;1.0257504;0.0;0.0;-1.0579649e-12;3.74;-1.1755165e-12;3.7399999999999998
2025-09-21 06:00:00;1.0257504;0.0;0.0;-2.1159297e-12;3.74;-2.351033e-12;3.7399999999999998
2025-09-21 07:00:00;1.0257504;0.0;0.0;-3.1738946e-12;3.74;-3.5265496e-12;3.7399999999999998
2025-09-21 08:00:00;1.0010666;0.0;0.0;0.0;3.65;0.0;3.6500000000000004
2025-09-21 09:00:00;0.80106659;0.2;0.0;-1.0579645e-12;3.65;-1.1755161e-12;3.6500000000000004
2025-09-21 10:00:00;0.0;1.45;0.44893341;-6.6145709e-12;3.65;-7.3495232e-12;3.6500000000000004
2025-09-21 11:00:00;0.0;11.2;10.533536;-3.7053589e-12;2.43;-4.1170655e-12;2.43
2025-09-21 12:00:00;0.0;31.3;30.633536;-6.4818921e-12;2.43;-7.2021024e-12;2.43
2025-09-21 13:00:00;0.0;35.0;34.333536;-6.3482823e-12;2.43;-7.053647e-12;2.43
2025-09-21 14:00:00;0.0;59.1;58.21961;-7.1423176e-12;3.21;-7.9359085e-12;3.21
2025-09-21 15:00:00;0.0;50.3;49.41961;-7.0088461e-12;3.21;-7.7876067e-12;3.21
2025-09-21 16:00:00;0.0;43.5;42.61961;-8.0668109e-12;3.21;-8.9631233e-12;3.21
2025-09-21 17:00:00;0.0;21.5;20.252095;0.0;4.55;0.0;4.55
2025-09-21 18:00:00;0.0;28.8;27.552095;0.0;4.55;0.0;4.55
2025-09-21 19:00:00;0.0;19.6;18.352095;0.0;4.55;0.0;4.55
2025-09-21 20:00:00;0.0;6.18;4.402764;-3.1738979e-12;6.48;-3.5265532e-12;6.48
2025-09-21 21:00:00;0.0;1.83;0.05276398;-9.2575507e-12;6.48;-1.0286167e-11;6.48
2025-09-21 22:00:00;1.777236;0.0;-3.5900866e-10;-5.2898276e-12;6.48;-5.8775863e-12;6.48
2025-09-21 23:00:00;1.6702727;0.0;-3.5868626e-10;-5.324345e-10;6.09;-5.9159388e-10;6.09
2025-09-22 00:00:00;1.6702727;0.0;-3.5836386e-10;-7.95868e-10;6.09;-8.8429778e-10;6.09
2025-09-22 01:00:00;1.6702727;0.0;-3.5804146e-10;-9.2561542e-10;6.09;-1.0284616e-09;6.09
2025-09-22 02:00:00;2.86881;0.0;-3.5771906e-10;0.0;10.46;0.0;10.46
2025-09-22 03:00:00;2.86881;0.0;-3.5546224e-10;0.0;10.46;0.0;10.46
2025-09-22 04:00:00;2.86881;0.0;-3.5513983e-10;0.0;10.46;0.0;10.46
2025-09-22 05:00:00;2.5204937;0.0;-5.2370299e-13;0.0;9.19;0.0;9.19
2025-09-22 06:00:00;2.5204937;0.0;-5.2370299e-13;0.0;9.19;0.0;9.19
2025-09-22 07:00:00;2.5204937;0.0;-5.2370299e-13;0.0;9.19;0.0;9.19
2025-09-22 08:00:00;1.0641475;0.0;-1.9220536e-10;0.0;3.88;0.0;3.8800000000000003
2025-09-22 09:00:00;0.56404586;0.5;0.0;-2.6733043e-13;3.88;-2.9703381e-13;3.8800000000000003
2025-09-22 10:00:00;0.0;7.9;6.8361138;0.0;3.88;0.0;3.8800000000000003
2025-09-22 11:00:00;0.0;29.9;29.806782;-2.0763691e-11;0.34;-2.3070768e-11;0.34
2025-09-22 12:00:00;0.0;49.79999999999999;49.706775;-1.229954e-11;0.34;-1.3666155e-11;0.34
2025-09-22 13:00:00;0.0;112.0;111.90677;-1.8647477e-11;0.34;-2.0719419e-11;0.34
2025-09-22 14:00:00;0.0;126.0;125.57772;0.0;1.54;0.0;1.54
2025-09-22 15:00:00;0.0;114.0;113.57763;-2.1156289e-12;1.54;-2.3506988e-12;1.54
2025-09-22 16:00:00;0.0;52.3;51.877632;-2.1155514e-12;1.54;-2.3506127e-12;1.54
2025-09-22 17:00:00;0.0;31.3;30.08775;0.0;4.42;0.0;4.42
2025-09-22 18:00:00;0.0;46.8;45.58775;0.0;4.42;0.0;4.42
2025-09-22 19:00:00;0.0;17.2;15.98775;0.0;4.42;0.0;4.42
2025-09-22 20:00:00;0.0;8.48;6.8069846;0.0;6.1;0.0;6.1
2025-09-22 21:00:00;0.0;1.9699999999999998;0.29698461;-6.0840741e-12;6.1;-6.7600823e-12;6.1
2025-09-22 22:00:00;1.6730154;0.0;-3.5481743e-10;-1.732486e-11;6.1;-1.9249845e-11;6.1
2025-09-22 23:00:00;2.2050891;0.0;-3.5449502e-10;0.0;8.04;0.0;8.04
2025-09-23 00:00:00;2.2050891;0.0;-3.545357e-10;0.0;8.04;-5.4495308e-26;8.04
2025-09-23 01:00:00;2.2050891;0.0;-3.5385023e-10;-2.1093236e-10;8.04;-2.3436929e-10;8.04
2025-09-23 02:00:00;1.6455889;0.0;-3.5352782e-10;-5.7526993e-11;6.0;-6.3918881e-11;6.0
2025-09-23 03:00:00;1.6455889;0.0;-3.5320541e-10;-3.1738946e-12;6.0;-3.5265496e-12;6.0
2025-09-23 04:00:00;1.6455889;0.0;-3.5288302e-10;-4.2318595e-12;6.0;-4.7020661e-12;6.0
2025-09-23 05:00:00;7.9207679;0.0;-5.2370299e-13;0.0;28.88;0.0;28.880000000000003
2025-09-23 06:00:00;7.9207679;0.0;-5.2370299e-13;0.0;28.88;0.0;28.880000000000003
2025-09-23 07:00:00;7.9207679;0.0;-5.2370299e-13;0.0;28.88;0.0;28.880000000000003
2025-09-23 08:00:00;46.965107;0.0;-5.2370299e-13;0.0;171.24;0.0;171.24
2025-09-23 09:00:00;45.809896;1.15;0.0;0.0;171.24;0.0;171.24
2025-09-23 10:00:00;37.629854;9.32;0.0;-1.0443893e-12;171.24;-1.1604326e-12;171.24
2025-09-23 11:00:00;0.0;41.8;21.551337;-1.0549776e-12;73.86;-1.1721973e-12;73.86
2025-09-23 12:00:00;0.0;71.0;50.753077;0.0;73.86;0.0;73.86
2025-09-23 13:00:00;0.0;116.0;95.746537;-2.1140251e-12;73.86;-2.3489168e-12;73.86
2025-09-23 14:00:00;0.0;113.0;100.91885;0.0;44.05;0.0;44.05
2025-09-23 15:00:00;0.0;103.0;90.918635;-1.0611797e-12;44.05;-1.1790885e-12;44.05
2025-09-23 16:00:00;0.0;80.7;68.618635;0.0;44.05;8.5148918e-28;44.05
2025-09-23 17:00:00;0.0;107.0;93.739296;0.0;48.35;0.0;48.35
2025-09-23 18:00:00;0.0;43.0;29.739296;0.0;48.35;0.0;48.35
2025-09-23 19:00:00;0.0;27.6;14.339296;0.0;48.35;0.0;48.35
2025-09-23 20:00:00;8.9534359;14.2;0.0;0.0;84.42;0.0;84.42
2025-09-23 21:00:00;21.183436;1.9699999999999998;0.0;0.0;84.42;0.0;84.42
2025-09-23 22:00:00;23.153436;0.0;-3.5256061e-10;-7.7232685e-10;84.42;-8.5814094e-10;84.42
2025-09-23 23:00:00;29.963431;0.0;-3.5223821e-10;0.0;109.25;0.0;109.25
2025-09-24 00:00:00;29.963431;0.0;-3.5191581e-10;-7.5779736e-11;109.25;-8.4199706e-11;109.25
2025-09-24 01:00:00;29.963431;0.0;-3.5159341e-10;-7.5786136e-11;109.25;-8.4206818e-11;109.25
2025-09-24 02:00:00;37.171111;0.0;-3.5090793e-10;0.0;135.53;0.0;135.53
2025-09-24 03:00:00;37.171111;0.0;-3.509486e-10;0.0;135.53;0.0;135.53
2025-09-24 04:00:00;37.171111;0.0;-3.506262e-10;0.0;135.53;0.0;135.53
2025-09-24 05:00:00;49.833917;0.0;-3.4877661e-10;0.0;181.7;0.0;181.7
2025-09-24 06:00:00;49.833917;0.0;-5.2370299e-13;0.0;181.7;0.0;181.7
2025-09-24 07:00:00;49.833917;0.0;-5.2370299e-13;0.0;181.7;0.0;181.7
2025-09-24 08:00:00;54.729544;0.0;-8.774684e-11;0.0;199.55;0.0;199.55
2025-09-24 09:00:00;53.620241;1.1;0.0;-1.8710344e-12;199.55;-2.0789271e-12;199.55
2025-09-24 10:00:00;46.261826;8.45;0.0;-2.9458738e-12;199.55;-3.2731931e-12;199.55
2025-09-24 11:00:00;14.221067;24.3;0.0;0.0;140.5;0.0;140.5
2025-09-24 12:00:00;3.525332;35.0;0.0;-1.0713862e-12;140.5;-1.1904292e-12;140.5
2025-09-24 13:00:00;0.0;44.199999999999996;5.671962;0.0;140.5;0.0;140.5
2025-09-24 14:00:00;0.0;65.8;43.810008;0.0;80.18;0.0;80.18
2025-09-24 15:00:00;0.0;60.9;38.909447;-1.1961546e-12;80.18;-1.3290607e-12;80.18
2025-09-24 16:00:00;0.0;58.6;36.609447;-2.1243591e-12;80.18;-2.360399e-12;80.18
2025-09-24 17:00:00;0.0;42.2;22.71897;0.0;71.03;0.0;71.03
2025-09-24 18:00:00;0.0;30.100000000000005;10.61897;0.0;71.03;0.0;71.03
2025-09-24 19:00:00;0.0;21.7;2.21897;-1.0579649e-12;71.03;-1.1755165e-12;71.03
2025-09-24 20:00:00;14.903672;10.4;-9.6720847e-13;-2.1962878e-12;92.26;-2.4403198e-12;92.26
2025-09-24 21:00:00;23.903672;1.4;-1.8539318e-12;0.0;92.26;0.0;92.26
2025-09-24 22:00:00;25.303672;0.0;-3.5030378e-10;-1.0579649e-12;92.26;-1.1755165e-12;92.26
2025-09-24 23:00:00;29.823556;0.0;-3.4998138e-10;0.0;108.74;0.0;108.74
2025-09-25 00:00:00;29.823556;0.0;-3.4965898e-10;0.0;108.74;0.0;108.74
2025-09-25 01:00:00;29.823556;0.0;-3.4869177e-10;-1.0579649e-12;108.74;-1.1755165e-12;108.74
2025-09-25 02:00:00;34.683529;0.0;-3.4836936e-10;0.0;126.46;0.0;126.46
2025-09-25 03:00:00;34.683529;0.0;-3.4841003e-10;-1.0579649e-12;126.46;-1.1755165e-12;126.46
2025-09-25 04:00:00;34.683529;0.0;-3.473615e-10;-1.1205428e-09;126.46;-1.2450475e-09;126.46
2025-09-25 05:00:00;54.647265;0.0;-1.9156055e-10;0.0;199.25;0.0;199.25
2025-09-25 06:00:00;54.647265;0.0;-5.2370299e-13;0.0;199.25;0.0;199.25
2025-09-25 07:00:00;54.647265;0.0;-5.2370299e-13;0.0;199.25;0.0;199.25
2025-09-25 08:00:00;68.451013;0.0;-3.0557021e-10;0.0;249.58;0.0;249.58
2025-09-25 09:00:00;68.451013;0.0;-3.4675736e-10;-1.0300774e-09;249.58;-1.1445304e-09;249.58
2025-09-25 10:00:00;65.451013;3.0;0.0;-2.1159297e-12;249.58;-2.351033e-12;249.58
2025-09-25 11:00:00;53.666732;9.48;-1.8546874e-12;0.0;230.24;0.0;230.24
2025-09-25 12:00:00;49.446732;13.7;-2.5397611e-12;-1.0579649e-12;230.24;-1.1755165e-12;230.24
2025-09-25 13:00:00;49.846732;13.300000000000002;-2.2173583e-12;-2.1159297e-12;230.24;-2.351033e-12;230.24
2025-09-25 14:00:00;41.732104;15.4;0.0;0.0;208.31;0.0;208.31
2025-09-25 15:00:00;42.632104;14.5;0.0;-1.0579649e-12;208.31;-1.1755165e-12;208.31
2025-09-25 16:00:00;47.602104;9.53;-3.2240873e-13;-2.1159297e-12;208.31;-2.351033e-12;208.31
2025-09-25 17:00:00;43.381755;5.58;0.0;0.0;178.52;0.0;178.52
2025-09-25 18:00:00;40.611755;8.35;0.0;0.0;178.52;0.0;178.52
2025-09-25 19:00:00;41.891755;7.07;0.0;0.0;178.52;0.0;178.52
2025-09-25 20:00:00;43.53218;2.1;1.7179545e-28;0.0;166.38;0.0;166.38
2025-09-25 21:00:00;45.53218;0.1;-9.6719667e-13;0.0;166.38;0.0;166.38
2025-09-25 22:00:00;45.63218;0.0;-3.4679802e-10;-9.4452393e-10;166.38;-1.049471e-09;166.38
2025-09-25 23:00:00;48.289806;0.0;-3.4611256e-10;0.0;176.07;0.0;176.07
2025-09-26 00:00:00;48.289806;0.0;-3.4615321e-10;0.0;176.07;0.0;176.07
2025-09-26 01:00:00;48.289806;0.0;-3.4256613e-10;-1.0579649e-12;176.07;-1.1755165e-12;176.07
2025-09-26 02:00:00;47.041902;0.0;-3.4260678e-10;0.0;171.52;0.0;171.52
2025-09-26 03:00:00;47.041902;0.0;-3.4192131e-10;-1.0579649e-12;171.52;-1.1755165e-12;171.52
2025-09-26 04:00:00;47.041902;0.0;-3.4163956e-10;-2.1159297e-12;171.52;-2.351033e-12;171.52
2025-09-26 05:00:00;59.803444;0.0;-1.1676309e-10;0.0;218.05;0.0;218.05
2025-09-26 06:00:00;59.803444;0.0;-5.2370299e-13;0.0;218.05;0.0;218.05
2025-09-26 07:00:00;59.803444;0.0;-5.2370299e-13;0.0;218.05;0.0;218.05
2025-09-26 08:00:00;59.309767;0.0;-8.4610581e-13;0.0;216.25;0.0;216.25
2025-09-26 09:00:00;58.508391;0.8;0.0;0.0;216.25;0.0;216.25
2025-09-26 10:00:00;52.904518;6.4;0.0;-1.0288851e-12;216.25;-1.1432056e-12;216.25
2025-09-26 11:00:00;16.920928;23.5;0.0;0.0;147.4;0.0;147.4
2025-09-26 12:00:00;0.0;46.8;6.3813987;-6.0731931e-12;147.4;-6.7479924e-12;147.4
2025-09-26 13:00:00;0.72071576;39.7;0.0;0.0;147.4;0.0;147.4
2025-09-26 14:00:00;0.0;55.300000000000004;36.65822;0.0;67.97;0.0;67.97
2025-09-26 15:00:00;0.0;51.5;32.85822;-1.0543838e-12;67.97;-1.1715376e-12;67.97
2025-09-26 16:00:00;0.0;106.0;87.35822;0.0;67.97;0.0;67.97
2025-09-26 17:00:00;0.0;130.0;114.2956;0.0;57.26;0.0;57.25999999999999
2025-09-26 18:00:00;0.0;98.9;83.195597;0.0;57.26;0.0;57.25999999999999
2025-09-26 19:00:00;0.0;69.2;53.495597;0.0;57.26;0.0;57.25999999999999
2025-09-26 20:00:00;0.0;25.199999999999996;0.69443852;0.0;89.35;0.0;89.35
2025-09-26 21:00:00;21.435561;3.0700000000000003;-3.2240282e-13;-1.0579649e-12;89.35;-1.1755165e-12;89.35
2025-09-26 22:00:00;24.505561;0.0;-3.4127652e-10;-1.0407559e-10;89.35;-1.1563954e-10;89.35
2025-09-26 23:00:00;28.78135;0.0;-3.409541e-10;0.0;104.94;0.0;104.94
2025-09-27 00:00:00;28.78135;0.0;-3.4063171e-10;0.0;104.94;0.0;104.94
2025-09-27 01:00:00;28.78135;0.0;-3.4034995e-10;-1.0579649e-12;104.94;-1.1755165e-12;104.94
2025-09-27 02:00:00;29.650769;0.0;-3.4002754e-10;0.0;108.11;0.0;108.11
2025-09-27 03:00:00;29.650769;0.0;-3.3966449e-10;-7.1731012e-10;108.11;-7.9701125e-10;108.11
2025-09-27 04:00:00;29.650769;0.0;-3.393421e-10;-2.0562575e-10;108.11;-2.2847305e-10;108.11
2025-09-27 05:00:00;32.001219;0.0;-3.3901968e-10;0.0;116.68;0.0;116.68000000000002
2025-09-27 06:00:00;32.001219;0.0;-3.6618194e-10;0.0;116.68;0.0;116.68000000000002
2025-09-27 07:00:00;32.001219;0.0;-3.4458537e-10;0.0;116.68;0.0;116.68000000000002
2025-09-27 08:00:00;28.024379;0.0;-3.3837488e-10;-2.1101928e-12;102.18;-2.3446586e-12;102.18
2025-09-27 09:00:00;28.023284;0.0;-1.0199957e-11;0.0;102.18;0.0;102.18
2025-09-27 10:00:00;24.333629;3.68;0.0;-1.0700824e-12;102.18;-1.1889805e-12;102.18
2025-09-27 11:00:00;0.0;17.1;2.0702066;-2.1113683e-12;54.82;-2.3459648e-12;54.82
2025-09-27 12:00:00;0.0;61.2;46.169844;-1.0663931e-12;54.82;-1.1848812e-12;54.82
2025-09-27 13:00:00;0.0;114.0;98.968045;0.0;54.82;0.0;54.82
2025-09-27 14:00:00;0.0;106.0;96.93909;0.0;33.04;0.0;33.04
2025-09-27 15:00:00;0.0;30.7;21.63833;-2.1211535e-12;33.04;-2.3568372e-12;33.04
2025-09-27 16:00:00;0.0;103.0;93.93829;0.0;33.04;0.0;33.04
2025-09-27 17:00:00;0.0;72.2;60.941429;0.0;41.05;0.0;41.05
2025-09-27 18:00:00;0.0;117.99999999999999;106.74143;0.0;41.05;0.0;41.05
2025-09-27 19:00:00;0.0;50.800000000000004;39.541429;0.0;41.05;0.0;41.05
2025-09-27 20:00:00;2.1345269;27.7;0.0;0.0;108.78;0.0;108.78
2025-09-27 21:00:00;28.264527;1.57;0.0;0.0;108.78;0.0;108.78
2025-09-27 22:00:00;29.834527;0.0;-3.3773005e-10;0.0;108.78;0.0;108.78
2025-09-27 23:00:00;39.746457;0.0;-3.3773007e-10;0.0;144.92;0.0;144.92
2025-09-28 00:00:00;39.746457;0.0;-3.3740767e-10;-1.0579583e-12;144.92;-1.1755092e-12;144.92
2025-09-28 01:00:00;39.746457;0.0;-3.3708526e-10;-2.1159232e-12;144.92;-2.3510257e-12;144.92
2025-09-28 02:00:00;47.919549;0.0;-3.3676286e-10;0.0;174.72;0.0;174.72
2025-09-28 03:00:00;47.919549;0.0;-3.3644047e-10;-1.0579649e-12;174.72;-1.1755165e-12;174.72
2025-09-28 04:00:00;47.919549;0.0;-3.3611806e-10;-2.1159297e-12;174.72;-2.351033e-12;174.72
2025-09-28 05:00:00;55.675758;0.0;-3.3547322e-10;0.0;203.0;0.0;203.0
2025-09-28 06:00:00;55.675758;0.0;-3.8069007e-10;-1.0579649e-12;203.0;-1.1755165e-12;203.0
2025-09-28 07:00:00;55.675758;0.0;-3.3547327e-10;-2.1159297e-12;203.0;-2.351033e-12;203.0
2025-09-28 08:00:00;43.454518;0.0;-3.3482844e-10;0.0;158.44;0.0;158.44
2025-09-28 09:00:00;42.746942;0.7000000000000002;0.0;-1.0377425e-12;158.44;-1.1530472e-12;158.44
2025-09-28 10:00:00;35.957005;7.48;0.0;-2.0821435e-12;158.44;-2.3134927e-12;158.44
2025-09-28 11:00:00;0.0;36.4;22.242662;0.0;51.65;0.0;51.65
2025-09-28 12:00:00;0.0;76.6;62.443354;-1.0515135e-12;51.65;-1.1683484e-12;51.65
2025-09-28 13:00:00;0.0;112.0;97.839227;-2.1106696e-12;51.65;-2.3451884e-12;51.65
2025-09-28 14:00:00;0.0;136.0;129.15583;0.0;24.96;0.0;24.96
2025-09-28 15:00:00;0.0;131.0;124.15484;-1.0613639e-12;24.96;-1.1792932e-12;24.96
2025-09-28 16:00:00;0.0;144.0;137.15435;0.0;24.96;0.0;24.96
2025-09-28 17:00:00;0.0;124.99999999999999;114.50663;0.0;38.26;0.0;38.26
2025-09-28 18:00:00;0.0;92.3;81.806628;0.0;38.26;0.0;38.26
2025-09-28 19:00:00;0.0;49.2;38.706628;0.0;38.26;0.0;38.26
2025-09-28 20:00:00;12.092671;10.6;0.0;0.0;82.74;0.0;82.74
2025-09-28 21:00:00;20.992671;1.7;-3.2240209e-13;0.0;82.74;0.0;82.74
2025-09-28 22:00:00;22.692671;0.0;-3.3450604e-10;-1.0579649e-12;82.74;-1.1755165e-12;82.74
2025-09-28 23:00:00;30.413226;0.0;-3.3418364e-10;0.0;110.89;0.0;110.89
2025-09-29 00:00:00;30.413226;0.0;-3.3386124e-10;-3.3114653e-10;110.89;-3.6794059e-10;110.89
2025-09-29 01:00:00;30.413226;0.0;-3.3353884e-10;-6.7604766e-10;110.89;-7.5116406e-10;110.89
2025-09-29 02:00:00;30.553101;0.0;-3.3321643e-10;0.0;111.4;0.0;111.40000000000002
2025-09-29 03:00:00;30.553101;0.0;-3.3289403e-10;0.0;111.4;0.0;111.40000000000002
2025-09-29 04:00:00;30.553101;0.0;-3.3257164e-10;0.0;111.4;0.0;111.40000000000002
2025-09-29 05:00:00;42.165473;0.0;-5.2370299e-13;0.0;153.74;0.0;153.74
2025-09-29 06:00:00;42.165473;0.0;-5.2370299e-13;0.0;153.74;0.0;153.74
2025-09-29 07:00:00;42.165473;0.0;-5.2370299e-13;0.0;153.74;0.0;153.74
2025-09-29 08:00:00;44.28554;0.0;-5.2370299e-13;0.0;161.47;0.0;161.47
2025-09-29 09:00:00;44.082888;0.2;0.0;0.0;161.47;0.0;161.47
2025-09-29 10:00:00;39.099919;5.18;0.0;-1.0221886e-12;161.47;-1.1357651e-12;161.47
2025-09-29 11:00:00;8.513876;13.1;0.0;0.0;78.83;0.0;78.83
2025-09-29 12:00:00;0.0;21.9;0.28751748;0.0;78.83;0.0;78.83
2025-09-29 13:00:00;0.0;33.3;11.685499;-1.0512719e-12;78.83;-1.1680799e-12;78.83
2025-09-29 14:00:00;0.0;52.1;47.556535;0.0;16.57;0.0;16.57
2025-09-29 15:00:00;0.0;105.0;100.45619;-1.0575625e-12;16.57;-1.1750694e-12;16.57
2025-09-29 16:00:00;0.0;112.0;107.45543;0.0;16.57;0.0;16.57
2025-09-29 17:00:00;0.0;90.10000000000001;81.756864;0.0;30.42;0.0;30.42
2025-09-29 18:00:00;0.0;103.0;103.0;27.378;0.0;30.42;30.42
2025-09-29 19:00:00;0.0;20.5;12.156864;0.0;30.42;0.0;30.42
2025-09-29 20:00:00;10.742764;5.48;0.0;0.0;59.15;0.0;59.15
2025-09-29 21:00:00;15.522764;0.7000000000000002;-9.6720847e-13;0.0;59.15;0.0;59.15
2025-09-29 22:00:00;16.222764;0.0;-3.3224923e-10;0.0;59.15;0.0;59.15
2025-09-29 23:00:00;25.709584;0.0;-3.3160438e-10;0.0;93.74;0.0;93.74
2025-09-30 00:00:00;25.709584;0.0;-3.3160443e-10;-1.0579649e-12;93.74;-1.1755165e-12;93.74
2025-09-30 01:00:00;25.709584;0.0;-3.3128203e-10;-2.1159297e-12;93.74;-2.351033e-12;93.74
2025-09-30 02:00:00;31.079689;0.0;-3.3095961e-10;0.0;113.32;0.0;113.32
2025-09-30 03:00:00;31.079689;0.0;-3.3063722e-10;-1.0579649e-12;113.32;-1.1755165e-12;113.32
2025-09-30 04:00:00;31.079689;0.0;-5.2370299e-13;0.0;113.32;0.0;113.32
2025-09-30 05:00:00;42.16273;0.0;-5.2370299e-13;0.0;153.73;0.0;153.73
2025-09-30 06:00:00;42.16273;0.0;-5.2370299e-13;0.0;153.73;0.0;153.73
2025-09-30 07:00:00;42.16273;0.0;-5.2370299e-13;0.0;153.73;0.0;153.73
2025-09-30 08:00:00;44.293768;0.0;-5.2370299e-13;0.0;161.5;0.0;161.5
2025-09-30 09:00:00;43.893768;0.4;0.0;0.0;161.5;0.0;161.5
2025-09-30 10:00:00;38.713768;5.58;0.0;0.0;161.5;0.0;161.5
2025-09-30 11:00:00;1.153664;20.3;0.0;0.0;78.24;0.0;78.24
2025-09-30 12:00:00;0.0;42.2;20.748898;0.0;78.24;0.0;78.24
2025-09-30 13:00:00;0.0;61.0;39.545253;-1.0480308e-12;78.24;-1.1644787e-12;78.24
2025-09-30 14:00:00;0.0;104.00000000000001;95.101797;0.0;32.45;0.0;32.45
2025-09-30 15:00:00;0.0;62.7;53.801451;0.0;32.45;0.0;32.45
2025-09-30 16:00:00;0.0;116.0;107.10011;0.0;32.45;0.0;32.45
2025-09-30 17:00:00;0.0;117.99999999999999;101.25339;0.0;61.06;0.0;61.06000000000001
2025-09-30 18:00:00;0.0;95.00000000000001;78.25339;0.0;61.06;0.0;61.06000000000001
2025-09-30 19:00:00;0.0;67.1;50.35339;0.0;61.06;0.0;61.06000000000001
2025-09-30 20:00:00;15.251851;16.7;0.0;0.0;116.5;0.0;116.50000000000001
2025-09-30 21:00:00;30.001851;1.95;0.0;0.0;116.5;0.0;116.50000000000001
2025-09-30 22:00:00;31.951851;0.0;-3.3031482e-10;-1.0773177e-09;116.5;-1.1970197e-09;116.50000000000001
2025-09-30 23:00:00;42.239525;0.0;-3.299924e-10;0.0;154.01;0.0;154.01
2025-10-01 00:00:00;42.239525;0.0;-3.2967001e-10;-9.0841687e-10;154.01;-1.0093521e-09;154.01
2025-10-01 01:00:00;42.239525;0.0;-3.293476e-10;-2.1159297e-12;154.01;-2.351033e-12;154.01
2025-10-01 02:00:00;53.163492;0.0;-3.290252e-10;0.0;193.84;0.0;193.84
2025-10-01 03:00:00;53.163492;0.0;-3.287028e-10;-1.6396288e-10;193.84;-1.8218098e-10;193.84
2025-10-01 04:00:00;53.163492;0.0;-3.2838039e-10;0.0;193.84;0.0;193.84
2025-10-01 05:00:00;63.824166;0.0;-5.2370299e-13;0.0;232.71;0.0;232.71
2025-10-01 06:00:00;63.824166;0.0;-5.2370299e-13;0.0;232.71;0.0;232.71
2025-10-01 07:00:00;63.824166;0.0;-5.2370299e-13;0.0;232.71;0.0;232.71
2025-10-01 08:00:00;70.820661;0.0;-3.4748258e-10;-1.0507153e-12;258.22;-1.1674614e-12;258.22
2025-10-01 09:00:00;70.809901;0.0;-1.922483e-11;-2.1019393e-12;258.22;-2.3354881e-12;258.22
2025-10-01 10:00:00;67.236456;3.55;0.0;0.0;258.22;0.0;258.22
2025-10-01 11:00:00;16.763204;15.1;0.0;0.0;116.25;0.0;116.25000000000001
2025-10-01 12:00:00;0.0;59.5;27.637574;-2.1012675e-12;116.25;-2.3347417e-12;116.25000000000001
2025-10-01 13:00:00;0.0;108.99999999999999;77.135751;-1.0551781e-12;116.25;-1.1724201e-12;116.25000000000001
2025-10-01 14:00:00;0.0;133.0;119.54981;-1.0456954e-12;49.06;-1.1618838e-12;49.06
2025-10-01 15:00:00;0.0;144.0;130.54734;0.0;49.06;0.0;49.06
2025-10-01 16:00:00;0.0;140.0;126.54457;0.0;49.06;0.0;49.06
2025-10-01 17:00:00;0.0;131.0;114.22322;0.0;61.17;0.0;61.17
2025-10-01 18:00:00;0.0;105.0;88.223221;0.0;61.17;0.0;61.17
2025-10-01 19:00:00;0.0;61.8;45.023221;0.0;61.17;0.0;61.17
2025-10-01 20:00:00;12.829499;20.0;0.0;0.0;119.7;0.0;119.70000000000002
2025-10-01 21:00:00;31.329499;1.5;-2.1763347e-12;0.0;119.7;0.0;119.70000000000002
2025-10-01 22:00:00;32.829499;0.0;-3.2805799e-10;-1.0579649e-12;119.7;-1.1755165e-12;119.70000000000002
2025-10-01 23:00:00;39.639494;0.0;-3.2773558e-10;0.0;144.53;0.0;144.53
2025-10-02 00:00:00;39.639494;0.0;-3.2777626e-10;-6.9417064e-10;144.53;-7.7130071e-10;144.53
2025-10-02 01:00:00;39.639494;0.0;-3.2709078e-10;-8.3330716e-10;144.53;-9.2589684e-10;144.53
2025-10-02 02:00:00;46.718269;0.0;-3.2676839e-10;0.0;170.34;0.0;170.34
2025-10-02 03:00:00;46.718269;0.0;-3.2644597e-10;0.0;170.34;0.0;170.34
2025-10-02 04:00:00;46.718269;0.0;-3.2612357e-10;-1.0579649e-12;170.34;-1.1755165e-12;170.34
2025-10-02 05:00:00;68.401646;0.0;-5.2370299e-13;0.0;249.4;0.0;249.4
2025-10-02 06:00:00;68.401646;0.0;-5.2370299e-13;0.0;249.4;0.0;249.4
2025-10-02 07:00:00;68.401646;0.0;-5.2370299e-13;0.0;249.4;0.0;249.4
2025-10-02 08:00:00;68.146579;0.0;-3.2547874e-10;0.0;248.47;0.0;248.46999999999997
2025-10-02 09:00:00;67.731661;0.4;0.0;-1.0893517e-12;248.47;-1.2103908e-12;248.46999999999997
2025-10-02 10:00:00;62.688019;5.43;0.0;-2.1608271e-12;248.47;-2.400919e-12;248.46999999999997
2025-10-02 11:00:00;0.0;35.3;7.5834227;0.0;101.12;0.0;101.12
2025-10-02 12:00:00;0.0;76.3;48.583734;-1.0762939e-12;101.12;-1.1958821e-12;101.12
2025-10-02 13:00:00;0.0;106.0;78.282755;-2.1152384e-12;101.12;-2.3502649e-12;101.12
2025-10-02 14:00:00;0.0;113.0;101.45049;0.0;42.13;0.0;42.13
2025-10-02 15:00:00;0.0;142.0;130.44813;-1.0588677e-12;42.13;-1.1765197e-12;42.13
2025-10-02 16:00:00;0.0;131.0;119.44522;0.0;42.13;0.0;42.13
2025-10-02 17:00:00;0.0;87.3;71.071751;0.0;59.17;0.0;59.17
2025-10-02 18:00:00;0.0;99.89999999999999;83.671751;0.0;59.17;0.0;59.17
2025-10-02 19:00:00;0.0;71.4;55.171751;0.0;59.17;0.0;59.17
2025-10-02 20:00:00;15.327396;18.1;0.0;0.0;121.88;0.0;121.87999999999998
2025-10-02 21:00:00;32.777396;0.65;-3.2240282e-13;-1.0579649e-12;121.88;-1.1755165e-12;121.87999999999998
2025-10-02 22:00:00;33.427396;0.0;-3.2584185e-10;-2.1159297e-12;121.88;-2.351033e-12;121.87999999999998
2025-10-02 23:00:00;41.408502;0.0;-3.2551944e-10;0.0;150.98;0.0;150.98
2025-10-03 00:00:00;41.408502;0.0;-3.2483397e-10;0.0;150.98;0.0;150.98
2025-10-03 01:00:00;41.408502;0.0;-3.2451157e-10;-1.0579649e-12;150.98;-1.1755165e-12;150.98
2025-10-03 02:00:00;43.939966;0.0;-3.2455223e-10;0.0;160.21;0.0;160.21
2025-10-03 03:00:00;43.939966;0.0;-3.2427047e-10;-1.0580702e-12;160.21;-1.1756335e-12;160.21
2025-10-03 04:00:00;43.939966;0.0;-3.2354435e-10;-2.1160351e-12;160.21;-2.3511501e-12;160.21
2025-10-03 05:00:00;43.465488;0.0;-3.2358502e-10;0.0;158.48;0.0;158.48
2025-10-03 06:00:00;43.465488;0.0;-3.2257711e-10;-1.0579649e-12;158.48;-1.1755165e-12;158.48
2025-10-03 07:00:00;43.465488;0.0;-3.2104555e-10;-2.1159297e-12;158.48;-2.351033e-12;158.48
2025-10-03 08:00:00;46.63599;0.0;-3.2261782e-10;0.0;170.04;0.0;170.04
2025-10-03 09:00:00;46.63599;0.0;-3.2193234e-10;-1.0579649e-12;170.04;-1.1755165e-12;170.04
2025-10-03 10:00:00;45.20599;1.4299999999999997;-2.2575921e-12;-2.1159297e-12;170.04;-2.351033e-12;170.04
2025-10-03 11:00:00;9.8233582;21.1;-3.2240282e-13;0.0;112.75;0.0;112.75000000000001
2025-10-03 12:00:00;0.0;35.2;4.2805724;-7.3067936e-12;112.75;-8.1186595e-12;112.75000000000001
2025-10-03 13:00:00;8.0233582;22.9;-1.0044543e-12;-1.1006742e-12;112.75;-1.2229713e-12;112.75000000000001
2025-10-03 14:00:00;0.0;30.300000000000004;7.6813805;0.0;82.47;0.0;82.47
2025-10-03 15:00:00;0.0;34.3;11.68138;0.0;82.47;0.0;82.47
2025-10-03 16:00:00;0.0;30.4;7.7813805;-1.0579649e-12;82.47;-1.1755165e-12;82.47
2025-10-03 17:00:00;0.064848393;24.8;0.0;0.0;90.66;0.0;90.66
2025-10-03 18:00:00;5.8648484;19.0;0.0;0.0;90.66;0.0;90.66
2025-10-03 19:00:00;14.364848;10.5;-2.5397611e-12;0.0;90.66;0.0;90.66
2025-10-03 20:00:00;32.921051;2.7800000000000002;0.0;0.0;130.17;0.0;130.17
2025-10-03 21:00:00;35.601051;0.1;-6.4479384e-13;-1.0579649e-12;130.17;-1.1755165e-12;130.17
2025-10-03 22:00:00;35.701051;0.0;0.0;-2.1159297e-12;130.17;-2.351033e-12;130.17
2025-10-03 23:00:00;33.120219;0.0;0.0;0.0;120.76;0.0;120.76
2025-10-04 00:00:00;33.120219;0.0;0.0;-9.659226e-12;120.76;-1.0732473e-11;120.76
2025-10-04 01:00:00;33.120219;0.0;0.0;-1.0717191e-11;120.76;-1.190799e-11;120.76
2025-10-04 02:00:00;22.85723;0.0;0.0;0.0;83.34;0.0;83.34
2025-10-04 03:00:00;22.85723;0.0;0.0;0.0;83.34;8.5148918e-28;83.34
2025-10-04 04:00:00;22.85723;0.0;0.0;-1.0579649e-12;83.34;-1.1755165e-12;83.34
2025-10-04 05:00:00;10.397379;0.0;0.0;0.0;37.91;0.0;37.91
2025-10-04 06:00:00;10.397379;0.0;0.0;-2.2502439e-12;37.91;-2.500271e-12;37.91
2025-10-04 07:00:00;10.397379;0.0;0.0;-3.8291212e-13;37.91;-4.2545791e-13;37.91
2025-10-04 08:00:00;23.633399;0.0;0.0;0.0;86.17;0.0;86.17
2025-10-04 09:00:00;23.633399;0.0;0.0;0.0;86.17;2.128723e-28;86.17
2025-10-04 10:00:00;20.633399;3.0;0.0;0.0;86.17;-8.5148918e-28;86.17
2025-10-04 11:00:00;27.159432;3.55;-1.6222317e-13;-1.0677322e-12;111.97;-1.1863691e-12;111.97
2025-10-04 12:00:00;23.309432;7.3999999999999995;0.0;-2.1256971e-12;111.97;-2.3618856e-12;111.97
2025-10-04 13:00:00;8.9975715;21.7;0.0;0.0;111.97;0.0;111.97
2025-10-04 14:00:00;13.265784;10.3;0.0;0.0;85.95;0.0;85.95
2025-10-04 15:00:00;0.0;101.0;77.42999;0.0;85.95;0.0;85.95
2025-10-04 16:00:00;0.0;145.0;121.42694;-5.5408485e-12;85.95;-6.1564984e-12;85.95
2025-10-04 17:00:00;0.0;40.2;11.410422;-7.3997874e-12;104.97;-8.221986e-12;104.97
2025-10-04 18:00:00;5.2895779;23.5;0.0;0.0;104.97;0.0;104.97
2025-10-04 19:00:00;0.0;70.2;41.410422;-7.133185e-12;104.97;-7.9257612e-12;104.97
2025-10-04 20:00:00;22.099619;17.4;0.0;0.0;144.02;0.0;144.02
2025-10-04 21:00:00;38.799619;0.7000000000000002;-2.0156828e-12;-1.0579385e-12;144.02;-1.1754873e-12;144.02
2025-10-04 22:00:00;39.499619;0.0;0.0;-8.8802965e-12;144.02;-9.8669961e-12;144.02
2025-10-04 23:00:00;35.750419;0.0;0.0;0.0;130.35;0.0;130.35
2025-10-05 00:00:00;35.750419;0.0;0.0;0.0;130.35;0.0;130.35
2025-10-05 01:00:00;35.750419;0.0;0.0;-2.1095297e-12;130.35;-2.3439219e-12;130.35
2025-10-05 02:00:00;35.380162;0.0;0.0;0.0;129.0;0.0;129.0
2025-10-05 03:00:00;35.380162;0.0;0.0;-3.8621378e-12;129.0;-4.2912642e-12;129.0
2025-10-05 04:00:00;35.380162;0.0;0.0;-4.9201026e-12;129.0;-5.4667807e-12;129.0
2025-10-05 05:00:00;37.659302;0.0;0.0;0.0;137.31;0.0;137.31
2025-10-05 06:00:00;37.659302;0.0;0.0;0.0;137.31;0.0;137.31
2025-10-05 07:00:00;37.659302;0.0;0.0;-1.0579649e-12;137.31;-1.1755165e-12;137.31
2025-10-05 08:00:00;37.442633;0.0;0.0;-6.0562381e-12;136.52;-6.7291534e-12;136.52
2025-10-05 09:00:00;37.442633;0.0;0.0;-8.3174358e-12;136.52;-9.2415953e-12;136.52
2025-10-05 10:00:00;34.166268;3.27;0.0;0.0;136.52;0.0;136.52
2025-10-05 11:00:00;11.271282;17.7;0.0;0.0;105.68;0.0;105.68
2025-10-05 12:00:00;0.0;43.7;14.726658;0.0;105.68;0.0;105.68
2025-10-05 13:00:00;0.0;84.3;55.323966;-5.0177178e-12;105.68;-5.575242e-12;105.68
2025-10-05 14:00:00;0.0;55.900000000000006;31.279912;0.0;89.77;0.0;89.77
2025-10-05 15:00:00;0.0;86.4;61.779247;0.0;89.77;0.0;89.77
2025-10-05 16:00:00;0.0;78.5;53.879247;-1.1944661e-12;89.77;-1.3271845e-12;89.77
2025-10-05 17:00:00;0.0;57.9;27.36884;0.0;111.32;0.0;111.31999999999998
2025-10-05 18:00:00;0.0;70.7;40.16884;-1.0579649e-12;111.32;-1.1755165e-12;111.31999999999998
2025-10-05 19:00:00;0.0;32.9;2.3688405;-2.1159297e-12;111.32;-2.351033e-12;111.31999999999998
2025-10-05 20:00:00;34.532133;3.47;-2.2173583e-12;0.0;138.56;0.0;138.56
2025-10-05 21:00:00;38.002133;0.0;0.0;-1.0579649e-12;138.56;-1.1755165e-12;138.56
2025-10-05 22:00:00;38.002133;0.0;0.0;-2.1159297e-12;138.56;-2.351033e-12;138.56
2025-10-05 23:00:00;42.552187;0.0;0.0;0.0;155.15;0.0;155.15
2025-10-06 00:00:00;42.552187;0.0;0.0;-1.0579912e-12;155.15;-1.1755458e-12;155.15
2025-10-06 01:00:00;42.552187;0.0;0.0;-2.1159561e-12;155.15;-2.3510623e-12;155.15
2025-10-06 02:00:00;38.342222;0.0;0.0;0.0;139.8;0.0;139.8
2025-10-06 03:00:00;38.342222;0.0;0.0;-1.057978e-12;139.8;-1.1755312e-12;139.8
2025-10-06 04:00:00;38.342222;0.0;0.0;-2.1159429e-12;139.8;-2.3510477e-12;139.8
2025-10-06 05:00:00;50.047844;0.0;-3.2197301e-10;0.0;182.48;0.0;182.48
2025-10-06 06:00:00;50.047844;0.0;-3.4393615e-10;-1.0579649e-12;182.48;-1.1755165e-12;182.48
2025-10-06 07:00:00;50.047844;0.0;-5.2370299e-13;0.0;182.48;0.0;182.48
2025-10-06 08:00:00;52.771294;0.0;-5.2370299e-13;0.0;192.41;0.0;192.41
2025-10-06 09:00:00;52.771294;0.0;-3.209651e-10;0.0;192.41;0.0;192.41
2025-10-06 10:00:00;51.121294;1.65;0.0;-1.0579649e-12;192.41;-1.1755165e-12;192.41
2025-10-06 11:00:00;32.294303;7.230000000000001;-3.2240282e-13;0.0;144.11;0.0;144.11
2025-10-06 12:00:00;31.674303;7.85;0.0;-1.0579649e-12;144.11;-1.1755165e-12;144.11
2025-10-06 13:00:00;16.324303;23.2;0.0;-2.1159297e-12;144.11;-2.351033e-12;144.11
2025-10-06 14:00:00;0.0;36.5;5.0692519;0.0;114.6;0.0;114.6
2025-10-06 15:00:00;4.8307481;26.600000000000005;0.0;0.0;114.6;0.0;114.6
2025-10-06 16:00:00;5.1307481;26.300000000000004;0.0;0.0;114.6;0.0;114.6
2025-10-06 17:00:00;8.5152826;17.4;0.0;0.0;94.49;0.0;94.49
2025-10-06 18:00:00;8.1152826;17.8;0.0;0.0;94.49;0.0;94.49
2025-10-06 19:00:00;14.115283;11.8;0.0;0.0;94.49;0.0;94.49
2025-10-06 20:00:00;25.277762;3.35;0.0;0.0;104.38;0.0;104.38
2025-10-06 21:00:00;28.627762;0.0;-5.2370299e-13;0.0;104.38;0.0;104.38
2025-10-06 22:00:00;28.627762;0.0;-3.6682675e-10;0.0;104.38;0.0;104.38
2025-10-06 23:00:00;28.849916;0.0;-3.206427e-10;0.0;105.19;0.0;105.19
2025-10-07 00:00:00;28.849916;0.0;-3.2064272e-10;-1.0579649e-12;105.19;-1.1755165e-12;105.19
2025-10-07 01:00:00;28.849916;0.0;-3.2032033e-10;-1.1888428e-10;105.19;-1.3209365e-10;105.19
2025-10-07 02:00:00;27.026055;0.0;-3.1999793e-10;0.0;98.54;0.0;98.54
2025-10-07 03:00:00;27.026055;0.0;-3.1967552e-10;0.0;98.54;0.0;98.54
2025-10-07 04:00:00;27.026055;0.0;-3.1935311e-10;-1.0579649e-12;98.54;-1.1755165e-12;98.54
2025-10-07 05:00:00;35.712022;0.0;-5.2370299e-13;0.0;130.21;0.0;130.21
2025-10-07 06:00:00;35.712022;0.0;-5.2370299e-13;0.0;130.21;0.0;130.21
2025-10-07 07:00:00;35.712022;0.0;-5.2370299e-13;0.0;130.21;0.0;130.21
2025-10-07 08:00:00;37.590736;0.0;-5.2370299e-13;0.0;137.06;0.0;137.06
2025-10-07 09:00:00;37.590736;0.0;-5.2370299e-13;0.0;137.06;0.0;137.06
2025-10-07 10:00:00;36.120736;1.4699999999999998;0.0;0.0;137.06;0.0;137.06
2025-10-07 11:00:00;26.22838;4.78;0.0;0.0;113.06;0.0;113.06
2025-10-07 12:00:00;20.007024;11.000000000000002;0.0;0.0;113.06;0.0;113.06
2025-10-07 13:00:00;13.707108;17.3;0.0;0.0;113.06;0.0;113.06
2025-10-07 14:00:00;3.5391734;17.6;0.0;0.0;77.08;0.0;77.08
2025-10-07 15:00:00;3.9403322;17.2;0.0;0.0;77.08;0.0;77.08
2025-10-07 16:00:00;1.8403322;19.3;0.0;0.0;77.08;0.0;77.08
2025-10-07 17:00:00;4.3978668;11.6;0.0;0.0;58.33;0.0;58.33
2025-10-07 18:00:00;0.0;16.2;0.20213317;0.0;58.33;0.0;58.33
2025-10-07 19:00:00;3.4978668;12.5;0.0;0.0;58.33;0.0;58.33
2025-10-07 20:00:00;15.848493;3.18;0.0;0.0;69.38;0.0;69.38
2025-10-07 21:00:00;19.028493;0.0;-9.4839702e-11;0.0;69.38;0.0;69.38
2025-10-07 22:00:00;19.028493;0.0;-3.1903071e-10;-1.0579649e-12;69.38;-1.1755165e-12;69.38
2025-10-07 23:00:00;21.921987;0.0;-3.1870831e-10;0.0;79.93;0.0;79.93
2025-10-08 00:00:00;21.921987;0.0;-3.183859e-10;-4.6975086e-10;79.93;-5.219454e-10;79.93
2025-10-08 01:00:00;21.921987;0.0;-3.1354987e-10;-7.1519991e-10;79.93;-7.9466657e-10;79.93
2025-10-08 02:00:00;23.186348;0.0;-3.1322747e-10;0.0;84.54;0.0;84.54
2025-10-08 03:00:00;23.186348;0.0;-3.1326814e-10;0.0;84.54;0.0;84.54
2025-10-08 04:00:00;23.186348;0.0;-3.1258265e-10;0.0;84.54;0.0;84.54
2025-10-08 05:00:00;31.831175;0.0;-5.2370299e-13;0.0;116.06;0.0;116.06
2025-10-08 06:00:00;31.831175;0.0;-5.2370299e-13;0.0;116.06;0.0;116.06
2025-10-08 07:00:00;31.831175;0.0;-5.2370299e-13;0.0;116.06;0.0;116.06
2025-10-08 08:00:00;35.4405;0.0;-5.2370299e-13;0.0;129.22;0.0;129.22
2025-10-08 09:00:00;35.4405;0.0;-5.2370299e-13;0.0;129.22;0.0;129.22
2025-10-08 10:00:00;34.0405;1.4;0.0;0.0;129.22;0.0;129.22
2025-10-08 11:00:00;23.823358;7.1;0.0;-3.2045347e-12;112.75;-3.5605941e-12;112.75000000000001
2025-10-08 12:00:00;20.222247;10.7;0.0;-4.2776795e-12;112.75;-4.7529772e-12;112.75000000000001
2025-10-08 13:00:00;18.123358;12.8;-3.2240282e-13;-5.3204692e-12;112.75;-5.9116324e-12;112.75000000000001
2025-10-08 14:00:00;0.0;28.7;7.6254914;0.0;76.84;0.0;76.84
2025-10-08 15:00:00;0.0;37.5;16.425491;0.0;76.84;0.0;76.84
2025-10-08 16:00:00;0.0;44.7;23.625491;0.0;76.84;0.0;76.84
2025-10-08 17:00:00;0.0;38.5;21.385875;0.0;62.4;0.0;62.400000000000006
2025-10-08 18:00:00;0.0;29.400000000000002;12.285875;0.0;62.4;0.0;62.400000000000006
2025-10-08 19:00:00;0.31412464;16.8;0.0;0.0;62.4;0.0;62.400000000000006
2025-10-08 20:00:00;16.07067;5.13;0.0;0.0;77.3;0.0;77.3
2025-10-08 21:00:00;21.00067;0.2;-3.2240282e-13;0.0;77.3;0.0;77.3
2025-10-08 22:00:00;21.20067;0.0;-3.1226026e-10;-1.0579649e-12;77.3;-1.1755165e-12;77.3
2025-10-08 23:00:00;25.191224;0.0;-3.1193785e-10;0.0;91.85;0.0;91.85
2025-10-09 00:00:00;25.191224;0.0;-3.1161545e-10;-9.5776963e-10;91.85;-1.0641885e-09;91.85
2025-10-09 01:00:00;25.191224;0.0;-3.1129305e-10;-2.1159297e-12;91.85;-2.351033e-12;91.85
2025-10-09 02:00:00;25.161054;0.0;-3.1097064e-10;0.0;91.74;0.0;91.74
2025-10-09 03:00:00;25.161054;0.0;-3.1064824e-10;-9.4294999e-10;91.74;-1.0477222e-09;91.74
2025-10-09 04:00:00;25.161054;0.0;-3.1000339e-10;-2.1159297e-12;91.74;-2.351033e-12;91.74
2025-10-09 05:00:00;37.154655;0.0;-5.2370299e-13;0.0;135.47;0.0;135.47
2025-10-09 06:00:00;37.154655;0.0;-5.2370299e-13;0.0;135.47;0.0;135.47
2025-10-09 07:00:00;37.154655;0.0;-5.2370299e-13;0.0;135.47;0.0;135.47
2025-10-09 08:00:00;44.258114;0.0;-5.2370299e-13;0.0;161.37;0.0;161.37
2025-10-09 09:00:00;44.258114;0.0;-3.4103894e-10;0.0;161.37;0.0;161.37
2025-10-09 10:00:00;41.305832;2.95;0.0;0.0;161.37;0.0;161.37
2025-10-09 11:00:00;11.931755;18.2;0.0;0.0;109.89;0.0;109.89000000000001
2025-10-09 12:00:00;1.4341959;28.7;0.0;0.0;109.89;0.0;109.89000000000001
2025-10-09 13:00:00;0.0;64.6;34.46491;-5.0076841e-12;109.89;-5.5640935e-12;109.89000000000001
2025-10-09 14:00:00;0.0;91.69999999999999;71.105455;0.0;75.09;0.0;75.09
2025-10-09 15:00:00;0.0;56.4;35.805455;-1.0579649e-12;75.09;-1.1755165e-12;75.09
2025-10-09 16:00:00;0.0;79.5;58.905455;0.0;75.09;0.0;75.09
2025-10-09 17:00:00;0.0;48.2;28.927411;0.0;70.27;0.0;70.27
2025-10-09 18:00:00;4.1725888;15.1;0.0;0.0;70.27;0.0;70.27
2025-10-09 19:00:00;11.842589;7.43;0.0;0.0;70.27;0.0;70.27
2025-10-09 20:00:00;22.858731;2.05;-3.2240282e-13;0.0;90.82;0.0;90.82
2025-10-09 21:00:00;24.808731;0.1;-3.2239102e-13;-1.0579649e-12;90.82;-1.1755165e-12;90.82
2025-10-09 22:00:00;24.908731;0.0;-3.0903622e-10;-3.3750445e-10;90.82;-3.7500494e-10;90.82
2025-10-09 23:00:00;28.331556;0.0;-3.0871382e-10;0.0;103.3;0.0;103.3
2025-10-10 00:00:00;28.331556;0.0;-3.0839142e-10;0.0;103.3;0.0;103.3
2025-10-10 01:00:00;28.331556;0.0;-3.0686072e-10;-1.0579649e-12;103.3;-1.1755165e-12;103.3
2025-10-10 02:00:00;30.372086;0.0;-3.0577154e-10;0.0;110.74;0.0;110.74000000000001
2025-10-10 03:00:00;30.372086;0.0;-3.058122e-10;-1.0579649e-12;110.74;-1.1755165e-12;110.74000000000001
2025-10-10 04:00:00;30.372086;0.0;-3.054898e-10;-8.9360362e-10;110.74;-9.9289291e-10;110.74000000000001
2025-10-10 05:00:00;39.329575;0.0;-1.7168367e-10;0.0;143.4;0.0;143.4
2025-10-10 06:00:00;39.329575;0.0;-5.2370299e-13;0.0;143.4;0.0;143.4
2025-10-10 07:00:00;39.329575;0.0;-5.2370299e-13;0.0;143.4;0.0;143.4
2025-10-10 08:00:00;41.861039;0.0;-1.170855e-10;0.0;152.63;0.0;152.63
2025-10-10 09:00:00;41.861039;0.0;-3.051674e-10;0.0;152.63;0.0;152.63
2025-10-10 10:00:00;38.508289;3.35;0.0;-1.0433247e-12;152.63;-1.1592497e-12;152.63
2025-10-10 11:00:00;11.354621;9.48;0.0;0.0;75.98;0.0;75.98
2025-10-10 12:00:00;0.0;23.4;2.5620411;0.0;75.98;0.0;75.98
2025-10-10 13:00:00;0.0;57.7;36.861359;-6.0812821e-12;75.98;-6.7569801e-12;75.98
2025-10-10 14:00:00;0.0;126.0;112.69541;0.0;48.51;0.0;48.51
2025-10-10 15:00:00;0.0;101.99999999999999;88.695414;-1.0579649e-12;48.51;-1.1755165e-12;48.51
2025-10-10 16:00:00;0.0;67.6;54.295414;0.0;48.51;0.0;48.51
2025-10-10 17:00:00;0.0;23.7;11.750282;0.0;43.57;0.0;43.57
2025-10-10 18:00:00;0.0;12.5;0.55028188;0.0;43.57;0.0;43.57
2025-10-10 19:00:00;5.8997181;6.05;0.0;0.0;43.57;0.0;43.57
2025-10-10 20:00:00;15.152051;1.4299999999999997;0.0;0.0;60.46;0.0;60.46
2025-10-10 21:00:00;16.582051;0.0;-3.04845e-10;-1.0579649e-12;60.46;-1.1755165e-12;60.46
2025-10-10 22:00:00;16.582051;0.0;-3.0452259e-10;-2.1159297e-12;60.46;-2.351033e-12;60.46
2025-10-10 23:00:00;16.620448;0.0;-3.0420019e-10;0.0;60.6;0.0;60.6
2025-10-11 00:00:00;16.620448;0.0;-3.0387778e-10;-2.7191006e-10;60.6;-3.0212229e-10;60.6
2025-10-11 01:00:00;16.620448;0.0;-3.0355538e-10;-6.8874058e-10;60.6;-7.6526732e-10;60.6
2025-10-11 02:00:00;19.908883;0.0;-3.0323297e-10;0.0;72.59;0.0;72.59
2025-10-11 03:00:00;19.908883;0.0;-3.0291058e-10;-1.0579649e-12;72.59;-1.1755165e-12;72.59
2025-10-11 04:00:00;19.908883;0.0;-3.0258816e-10;-2.1159297e-12;72.59;-2.351033e-12;72.59
2025-10-11 05:00:00;22.53634;0.0;-3.0226576e-10;0.0;82.17;0.0;82.17
2025-10-11 06:00:00;22.53634;0.0;-3.0194336e-10;0.0;82.17;0.0;82.17
2025-10-11 07:00:00;22.53634;0.0;-3.0129853e-10;-1.0579649e-12;82.17;-1.1755165e-12;82.17
2025-10-11 08:00:00;22.259333;0.0;-3.0129856e-10;0.0;81.16;0.0;81.16
2025-10-11 09:00:00;22.259333;0.0;-3.0097616e-10;0.0;81.16;0.0;81.16
2025-10-11 10:00:00;21.859333;0.4;-1.3302572e-12;-1.0579649e-12;81.16;-1.1755165e-12;81.16
2025-10-11 11:00:00;17.991972;2.63;-1.8539318e-12;0.0;75.19;0.0;75.19
2025-10-11 12:00:00;12.571972;8.05;-3.2240282e-13;-1.0579649e-12;75.19;-1.1755165e-12;75.19
2025-10-11 13:00:00;12.521972;8.1;0.0;-2.1159297e-12;75.19;-2.351033e-12;75.19
2025-10-11 14:00:00;0.0;20.7;3.2567576;0.0;63.6;0.0;63.60000000000001
2025-10-11 15:00:00;0.0;30.000000000000004;12.556758;-2.2510865e-12;63.6;-2.5012072e-12;63.60000000000001
2025-10-11 16:00:00;0.0;27.6;10.156758;0.0;63.6;0.0;63.60000000000001
2025-10-11 17:00:00;0.0;21.3;1.6900655;0.0;71.5;0.0;71.5
2025-10-11 18:00:00;6.8099345;12.8;0.0;0.0;71.5;0.0;71.5
2025-10-11 19:00:00;14.559934;5.05;0.0;0.0;71.5;0.0;71.5
2025-10-11 20:00:00;22.113348;0.7000000000000002;-3.2240282e-13;0.0;83.18;0.0;83.18
2025-10-11 21:00:00;22.813348;0.0;-8.7424437e-11;0.0;83.18;0.0;83.18
2025-10-11 22:00:00;22.813348;0.0;-3.0065375e-10;0.0;83.18;0.0;83.18
2025-10-11 23:00:00;23.690995;0.0;-3.0033134e-10;0.0;86.38;0.0;86.38
2025-10-12 00:00:00;23.690995;0.0;-3.0000895e-10;-1.0579649e-12;86.38;-1.1755165e-12;86.38
2025-10-12 01:00:00;23.690995;0.0;-2.9968655e-10;-1.6293963e-10;86.38;-1.8104403e-10;86.38
2025-10-12 02:00:00;25.739753;0.0;-2.9936413e-10;0.0;93.85;0.0;93.85
2025-10-12 03:00:00;25.739753;0.0;-2.9904174e-10;0.0;93.85;0.0;93.85
2025-10-12 04:00:00;25.739753;0.0;-2.9871934e-10;0.0;93.85;1.3623827e-26;93.85
2025-10-12 05:00:00;26.184062;0.0;-2.9839693e-10;0.0;95.47;0.0;95.47
2025-10-12 06:00:00;26.184062;0.0;-2.9807454e-10;0.0;95.47;0.0;95.47
2025-10-12 07:00:00;26.184062;0.0;-2.9775212e-10;-1.9466386e-10;95.47;-2.1629318e-10;95.47
2025-10-12 08:00:00;26.477526;0.0;-2.9742973e-10;0.0;96.54;0.0;96.54
2025-10-12 09:00:00;26.477526;0.0;-2.9710732e-10;-1.0579649e-12;96.54;-1.1755165e-12;96.54
2025-10-12 10:00:00;22.077526;4.4;0.0;-2.1159297e-12;96.54;-2.351033e-12;96.54
2025-10-12 11:00:00;8.6507938;8.68;0.0;0.0;63.19;0.0;63.190000000000005
2025-10-12 12:00:00;0.0;25.9;8.5700307;-6.0643954e-12;63.19;-6.7382171e-12;63.190000000000005
2025-10-12 13:00:00;0.0;44.7;27.369523;-6.0756481e-12;63.19;-6.7507201e-12;63.190000000000005
2025-10-12 14:00:00;0.0;64.9;50.841185;0.0;51.26;0.0;51.26
2025-10-12 15:00:00;0.0;107.0;92.941185;-1.0579649e-12;51.26;-1.1755165e-12;51.26
2025-10-12 16:00:00;0.0;57.9;43.841185;0.0;51.26;0.0;51.26
2025-10-12 17:00:00;0.0;69.5;51.217507;0.0;66.66;0.0;66.66
2025-10-12 18:00:00;0.0;22.2;3.9175072;0.0;66.66;0.0;66.66
2025-10-12 19:00:00;9.0324928;9.25;0.0;0.0;66.66;0.0;66.66
2025-10-12 20:00:00;21.691833;1.5;-5.5983893e-13;0.0;84.56;0.0;84.56
2025-10-12 21:00:00;23.191833;0.0;-1.2579037e-10;0.0;84.56;0.0;84.56
2025-10-12 22:00:00;23.191833;0.0;-2.9678492e-10;0.0;84.56;0.0;84.56
2025-10-12 23:00:00;26.993143;0.0;-2.9646252e-10;0.0;98.42;0.0;98.42
2025-10-13 00:00:00;26.993143;0.0;-2.9614011e-10;-2.1556738e-11;98.42;-2.3951932e-11;98.42
2025-10-13 01:00:00;26.993143;0.0;-2.958177e-10;-2.1159297e-12;98.42;-2.351033e-12;98.42
2025-10-13 02:00:00;24.500076;0.0;-2.9452811e-10;0.0;89.33;0.0;89.33
2025-10-13 03:00:00;24.500076;0.0;-2.942057e-10;0.0;89.33;0.0;89.33
2025-10-13 04:00:00;24.500076;0.0;-2.938833e-10;-1.0579649e-12;89.33;-1.1755165e-12;89.33
2025-10-13 05:00:00;32.516837;0.0;-5.2370299e-13;0.0;118.56;0.0;118.55999999999999
2025-10-13 06:00:00;32.516837;0.0;-5.2370299e-13;0.0;118.56;0.0;118.55999999999999
2025-10-13 07:00:00;32.516837;0.0;-5.2370299e-13;0.0;118.56;0.0;118.55999999999999
2025-10-13 08:00:00;33.770227;0.0;-5.2370299e-13;0.0;123.13;0.0;123.13
2025-10-13 09:00:00;33.770227;0.0;-5.2370299e-13;0.0;123.13;0.0;123.13
2025-10-13 10:00:00;32.270227;1.5;0.0;0.0;123.13;0.0;123.13
2025-10-13 11:00:00;19.849651;7.98;-1.8531763e-12;0.0;101.47;0.0;101.47
2025-10-13 12:00:00;11.429651;16.4;-6.4428506e-13;-1.0579649e-12;101.47;-1.1755165e-12;101.47
2025-10-13 13:00:00;8.6296511;19.2;-3.2240282e-13;-2.1159297e-12;101.47;-2.351033e-12;101.47
2025-10-13 14:00:00;0.0;25.6;5.1096755;0.0;74.71;0.0;74.71
2025-10-13 15:00:00;0.0;50.0;29.509675;0.0;74.71;0.0;74.71
2025-10-13 16:00:00;0.0;26.8;6.3096755;0.0;74.71;0.0;74.71
2025-10-13 17:00:00;0.0;26.000000000000004;7.7065366;0.0;66.7;0.0;66.7
2025-10-13 18:00:00;1.5934634;16.7;0.0;0.0;66.7;0.0;66.7
2025-10-13 19:00:00;9.3934634;8.9;0.0;0.0;66.7;0.0;66.7
2025-10-13 20:00:00;21.144612;1.57;0.0;0.0;82.82;0.0;82.82
2025-10-13 21:00:00;22.714612;0.0;-5.2370299e-13;0.0;82.82;0.0;82.82
2025-10-13 22:00:00;22.714612;0.0;-5.2370299e-13;0.0;82.82;0.0;82.82
2025-10-13 23:00:00;25.440805;0.0;-2.8236163e-10;0.0;92.76;0.0;92.76
2025-10-14 00:00:00;25.440805;0.0;-2.1702595e-10;0.0;92.76;0.0;92.76
2025-10-14 01:00:00;25.440805;0.0;-2.9323846e-10;-1.0579649e-12;92.76;-1.1755165e-12;92.76
2025-10-14 02:00:00;33.655036;0.0;-2.932385e-10;0.0;122.71;0.0;122.71
2025-10-14 03:00:00;33.655036;0.0;-2.9259365e-10;-1.0579649e-12;122.71;-1.1755165e-12;122.71
2025-10-14 04:00:00;33.655036;0.0;-2.9162643e-10;-2.1159297e-12;122.71;-2.351033e-12;122.71
2025-10-14 05:00:00;48.703946;0.0;-5.2370299e-13;0.0;177.58;0.0;177.58
2025-10-14 06:00:00;48.703946;0.0;-5.2370299e-13;0.0;177.58;0.0;177.58
2025-10-14 07:00:00;48.703946;0.0;-5.2370299e-13;0.0;177.58;0.0;177.58
2025-10-14 08:00:00;53.484382;0.0;-5.2370299e-13;0.0;195.01;0.0;195.01
2025-10-14 09:00:00;53.484382;0.0;-5.2370299e-13;0.0;195.01;0.0;195.01
2025-10-14 10:00:00;50.250458;3.23;0.0;0.0;195.01;0.0;195.01
2025-10-14 11:00:00;15.054479;21.799999999999997;0.0;0.0;134.38;0.0;134.38
2025-10-14 12:00:00;0.0;54.1;17.244294;0.0;134.38;0.0;134.38
2025-10-14 13:00:00;0.0;53.6;16.744294;-1.0579649e-12;134.38;-1.1755165e-12;134.38
2025-10-14 14:00:00;0.0;53.0;23.346488;0.0;108.12;0.0;108.12
2025-10-14 15:00:00;0.0;32.6;2.9464879;0.0;108.12;0.0;108.12
2025-10-14 16:00:00;0.0;32.9;3.2464879;0.0;108.12;0.0;108.12
2025-10-14 17:00:00;0.0;34.8;34.8;84.168;0.0;93.52;93.52
2025-10-14 18:00:00;0.0;12.4;12.4;84.168;0.0;93.52;93.52
2025-10-14 19:00:00;11.049246;14.599999999999998;0.0;0.0;93.52;0.0;93.52
2025-10-14 20:00:00;24.170989;2.6;0.0;0.0;97.61;0.0;97.61
2025-10-14 21:00:00;26.770989;0.0;-5.2370299e-13;0.0;97.61;0.0;97.61
2025-10-14 22:00:00;26.770989;0.0;-5.2370299e-13;0.0;97.61;0.0;97.61
2025-10-14 23:00:00;26.732592;0.0;-5.2370299e-13;0.0;97.47;0.0;97.47
2025-10-15 00:00:00;26.732592;0.0;-5.2370299e-13;0.0;97.47;0.0;97.47
2025-10-15 01:00:00;26.732592;0.0;-1.0870302e-10;0.0;97.47;0.0;97.47
2025-10-15 02:00:00;28.444004;0.0;-2.1218991e-10;0.0;103.71;0.0;103.71
2025-10-15 03:00:00;28.444004;0.0;-3.2087663e-11;0.0;103.71;0.0;103.71
2025-10-15 04:00:00;28.444004;0.0;-5.2370299e-13;0.0;103.71;0.0;103.71
2025-10-15 05:00:00;41.04373;0.0;-5.2370299e-13;0.0;149.65;0.0;149.65
2025-10-15 06:00:00;41.04373;0.0;-5.2370299e-13;0.0;149.65;0.0;149.65
2025-10-15 07:00:00;41.04373;0.0;-5.2370299e-13;0.0;149.65;0.0;149.65
2025-10-15 08:00:00;48.725888;0.0;-5.2370299e-13;0.0;177.66;0.0;177.66
2025-10-15 09:00:00;48.725888;0.0;-5.2370299e-13;0.0;177.66;0.0;177.66
2025-10-15 10:00:00;47.725888;1.0;0.0;0.0;177.66;0.0;177.66
2025-10-15 11:00:00;31.359677;5.879999999999999;0.0;0.0;135.78;0.0;135.78
2025-10-15 12:00:00;19.437188;17.8;0.0;0.0;135.78;0.0;135.78
2025-10-15 13:00:00;5.039677;32.2;0.0;0.0;135.78;0.0;135.78
2025-10-15 14:00:00;0.0;50.99999999999999;21.919701;0.0;106.03;0.0;106.03
2025-10-15 15:00:00;0.0;44.00000000000001;14.919701;0.0;106.03;0.0;106.03
2025-10-15 16:00:00;0.0;39.9;10.819701;0.0;106.03;0.0;106.03
2025-10-15 17:00:00;0.0;32.3;5.3233125;0.0;98.36;0.0;98.36
2025-10-15 18:00:00;6.6766875;20.3;0.0;0.0;98.36;0.0;98.36
2025-10-15 19:00:00;17.846687;9.13;0.0;0.0;98.36;0.0;98.36
2025-10-15 20:00:00;29.712218;1.17;0.0;0.0;112.6;0.0;112.59999999999998
2025-10-15 21:00:00;30.882218;0.0;-2.9162648e-10;0.0;112.6;0.0;112.59999999999998
2025-10-15 22:00:00;30.882218;0.0;-2.9130407e-10;-5.0889469e-10;112.6;-5.6543854e-10;112.59999999999998
2025-10-15 23:00:00;34.263904;0.0;-2.9098166e-10;-5.374992e-10;124.93;-5.9722133e-10;124.93000000000002
2025-10-16 00:00:00;34.263904;0.0;-2.9065926e-10;-9.1125601e-10;124.93;-1.0125067e-09;124.93000000000002
2025-10-16 01:00:00;34.263904;0.0;-2.9033686e-10;-5.7346743e-10;124.93;-6.3718603e-10;124.93000000000002
2025-10-16 02:00:00;38.013104;0.0;-2.9001446e-10;0.0;138.6;0.0;138.6
2025-10-16 03:00:00;38.013104;0.0;-2.8969205e-10;0.0;138.6;0.0;138.6
2025-10-16 04:00:00;38.013104;0.0;-2.8936965e-10;-4.7637117e-10;138.6;-5.293013e-10;138.6
2025-10-16 05:00:00;54.54853;0.0;-2.8904724e-10;0.0;198.89;0.0;198.89
2025-10-16 06:00:00;54.54853;0.0;-5.2370299e-13;0.0;198.89;0.0;198.89
2025-10-16 07:00:00;54.54853;0.0;-5.2370299e-13;0.0;198.89;0.0;198.89
2025-10-16 08:00:00;63.226268;0.0;-5.2370299e-13;0.0;230.53;0.0;230.53000000000003
2025-10-16 09:00:00;63.226268;0.0;-2.8872485e-10;0.0;230.53;0.0;230.53000000000003
2025-10-16 10:00:00;59.296268;3.93;0.0;-1.0579583e-12;230.53;-1.1755092e-12;230.53000000000003
2025-10-16 11:00:00;35.922699;13.2;0.0;0.0;179.11;0.0;179.11
2025-10-16 12:00:00;27.723572;21.4;0.0;-1.0866156e-12;179.11;-1.2073507e-12;179.11
2025-10-16 13:00:00;28.823572;20.3;0.0;-2.1445805e-12;179.11;-2.3828672e-12;179.11
2025-10-16 14:00:00;5.0619838;27.4;-3.2240282e-13;0.0;118.36;0.0;118.36
2025-10-16 15:00:00;0.0;46.89999999999999;14.438016;0.0;118.36;0.0;118.36
2025-10-16 16:00:00;0.0;47.2;14.738016;0.0;118.36;0.0;118.36
2025-10-16 17:00:00;0.0;43.5;15.950099;0.0;100.45;0.0;100.45
2025-10-16 18:00:00;3.749901;23.8;0.0;0.0;100.45;0.0;100.45
2025-10-16 19:00:00;23.579901;3.97;0.0;0.0;100.45;0.0;100.45
2025-10-16 20:00:00;29.879645;1.03;0.0;0.0;112.7;0.0;112.7
2025-10-16 21:00:00;30.909645;0.0;-2.8808001e-10;-1.0579649e-12;112.7;-1.1755165e-12;112.7
2025-10-16 22:00:00;30.909645;0.0;-2.8808005e-10;-8.8793629e-10;112.7;-9.8659588e-10;112.7
2025-10-16 23:00:00;32.264513;0.0;-2.8711283e-10;0.0;117.64;0.0;117.64
2025-10-17 00:00:00;32.264513;0.0;-2.8679043e-10;0.0;117.64;0.0;117.64
2025-10-17 01:00:00;32.264513;0.0;-2.8550083e-10;0.0;117.64;0.0;117.64
2025-10-17 02:00:00;35.182691;0.0;-2.8517841e-10;0.0;128.28;0.0;128.28
2025-10-17 03:00:00;35.182691;0.0;-2.8485601e-10;0.0;128.28;0.0;128.28
2025-10-17 04:00:00;35.182691;0.0;-2.845336e-10;-1.0579649e-12;128.28;-1.1755165e-12;128.28
2025-10-17 05:00:00;47.870181;0.0;-1.3062642e-10;0.0;174.54;0.0;174.54
2025-10-17 06:00:00;47.870181;0.0;-5.2370299e-13;0.0;174.54;0.0;174.54
2025-10-17 07:00:00;47.870181;0.0;-5.2370299e-13;0.0;174.54;0.0;174.54
2025-10-17 08:00:00;54.337346;0.0;-5.2370299e-13;0.0;198.12;0.0;198.12
2025-10-17 09:00:00;54.337346;0.0;-5.2370299e-13;0.0;198.12;0.0;198.12
2025-10-17 10:00:00;52.237346;2.1;-3.2240282e-13;0.0;198.12;0.0;198.12
2025-10-17 11:00:00;33.333903;9.15;0.0;0.0;154.91;0.0;154.91
2025-10-17 12:00:00;28.586363;13.9;-6.4480565e-13;-2.1146245e-12;154.91;-2.3495828e-12;154.91
2025-10-17 13:00:00;19.285183;23.2;0.0;-1.0781949e-12;154.91;-1.1979944e-12;154.91
2025-10-17 14:00:00;0.0;41.1;9.6507608;0.0;114.67;0.0;114.67000000000002
2025-10-17 15:00:00;0.0;42.0;10.550053;-1.0193926e-12;114.67;-1.1326584e-12;114.67000000000002
2025-10-17 16:00:00;0.0;35.0;3.5500533;0.0;114.67;0.0;114.67000000000002
2025-10-17 17:00:00;10.939997;17.6;0.0;0.0;104.06;0.0;104.06
2025-10-17 18:00:00;19.289997;9.25;0.0;0.0;104.06;0.0;104.06
2025-10-17 19:00:00;23.639997;4.9;0.0;0.0;104.06;0.0;104.06
2025-10-17 20:00:00;32.920867;1.45;-1.7179545e-28;0.0;125.32;0.0;125.32
2025-10-17 21:00:00;34.370867;0.0;-1.5878756e-10;-1.0579912e-12;125.32;-1.1755458e-12;125.32
2025-10-17 22:00:00;34.370867;0.0;-2.8421121e-10;-2.1159561e-12;125.32;-2.3510623e-12;125.32
2025-10-17 23:00:00;39.134847;0.0;-2.838888e-10;0.0;142.69;0.0;142.69
2025-10-18 00:00:00;39.134847;0.0;-2.8356641e-10;-2.1548312e-11;142.69;-2.3942569e-11;142.69
2025-10-18 01:00:00;39.134847;0.0;-2.8324401e-10;-3.6362565e-11;142.69;-4.0402851e-11;142.69
2025-10-18 02:00:00;43.599878;0.0;-2.8292159e-10;0.0;158.97;0.0;158.97
2025-10-18 03:00:00;43.599878;0.0;-2.8259919e-10;0.0;158.97;0.0;158.97
2025-10-18 04:00:00;43.599878;0.0;-2.8227679e-10;-3.9143486e-11;158.97;-4.3492763e-11;158.97
2025-10-18 05:00:00;47.66174;0.0;-2.8195439e-10;0.0;173.78;0.0;173.78
2025-10-18 06:00:00;47.66174;0.0;-3.2362919e-10;0.0;173.78;0.0;173.78
2025-10-18 07:00:00;47.66174;0.0;-5.2370299e-13;0.0;173.78;0.0;173.78
2025-10-18 08:00:00;44.880695;0.0;-2.0026101e-10;0.0;163.64;0.0;163.64
2025-10-18 09:00:00;44.880695;0.0;-2.8163199e-10;-1.0579649e-12;163.64;-1.1755165e-12;163.64
2025-10-18 10:00:00;42.827675;2.05;0.0;-2.122032e-12;163.64;-2.3578133e-12;163.64
2025-10-18 11:00:00;23.01854;9.75;0.0;-5.0885958e-12;119.5;-5.6539953e-12;119.49999999999999
2025-10-18 12:00:00;9.6678679;23.1;0.0;0.0;119.5;0.0;119.49999999999999
2025-10-18 13:00:00;0.0;53.8;21.030136;-6.138528e-12;119.5;-6.8205866e-12;119.49999999999999
2025-10-18 14:00:00;0.0;78.8;49.75689;0.0;105.9;0.0;105.9
2025-10-18 15:00:00;0.0;43.8;14.755356;-2.1018875e-12;105.9;-2.3354305e-12;105.9
2025-10-18 16:00:00;0.0;39.5;10.455356;0.0;105.9;0.0;105.9
2025-10-18 17:00:00;0.0;47.900000000000006;9.6208594;0.0;139.57;0.0;139.57
2025-10-18 18:00:00;8.1791406;30.100000000000005;0.0;0.0;139.57;0.0;139.57
2025-10-18 19:00:00;19.679141;18.6;1.7179545e-28;0.0;139.57;0.0;139.57
2025-10-18 20:00:00;44.646137;3.8;0.0;0.0;176.64;0.0;176.64
2025-10-18 21:00:00;48.446137;0.0;-2.8130958e-10;-1.0579649e-12;176.64;-1.1755165e-12;176.64
2025-10-18 22:00:00;48.446137;0.0;-2.8098717e-10;-2.1159297e-12;176.64;-2.351033e-12;176.64
2025-10-18 23:00:00;51.805881;0.0;-2.8066478e-10;0.0;188.89;0.0;188.89
2025-10-19 00:00:00;51.805881;0.0;-2.8034238e-10;-6.2845121e-10;188.89;-6.9827912e-10;188.89
2025-10-19 01:00:00;51.805881;0.0;-2.8001998e-10;-2.1159297e-12;188.89;-2.351033e-12;188.89
2025-10-19 02:00:00;57.348773;0.0;-2.7969758e-10;0.0;209.1;0.0;209.1
2025-10-19 03:00:00;57.348773;0.0;-2.7937517e-10;-1.0579649e-12;209.1;-1.1755165e-12;209.1
2025-10-19 04:00:00;57.348773;0.0;-2.7905277e-10;-2.1159297e-12;209.1;-2.351033e-12;209.1
2025-10-19 05:00:00;58.500686;0.0;-2.7873035e-10;0.0;213.3;0.0;213.3
2025-10-19 06:00:00;58.500686;0.0;-2.7840795e-10;0.0;213.3;0.0;213.3
2025-10-19 07:00:00;58.500686;0.0;-2.7744075e-10;0.0;213.3;0.0;213.3
2025-10-19 08:00:00;57.677891;0.0;-2.7675528e-10;0.0;210.3;0.0;210.3
2025-10-19 09:00:00;57.677891;0.0;-2.7643287e-10;-1.0579649e-12;210.3;-1.1755165e-12;210.3
2025-10-19 10:00:00;57.168838;0.5;0.0;-2.1193001e-12;210.3;-2.3547779e-12;210.3
2025-10-19 11:00:00;41.050186;3.9;0.0;0.0;163.94;0.0;163.94
2025-10-19 12:00:00;31.242469;13.7;0.0;-1.0595824e-12;163.94;-1.1773137e-12;163.94
2025-10-19 13:00:00;19.044232;25.9;0.0;-2.0892751e-12;163.94;-2.3214168e-12;163.94
2025-10-19 14:00:00;0.0;42.8;18.816636;-1.0233731e-12;87.47;-1.1370812e-12;87.47
2025-10-19 15:00:00;0.0;64.6;40.611413;0.0;87.47;0.0;87.47
2025-10-19 16:00:00;0.0;117.0;93.010056;0.0;87.47;0.0;87.47
2025-10-19 17:00:00;0.0;85.5;61.02735;0.0;89.23;0.0;89.23
2025-10-19 18:00:00;0.0;61.1;36.62735;-6.0849167e-12;89.23;-6.7610185e-12;89.23
2025-10-19 19:00:00;10.57265;13.9;-3.2240282e-13;-2.0762749e-12;89.23;-2.3069721e-12;89.23
2025-10-19 20:00:00;27.787233;2.53;0.0;0.0;110.54;0.0;110.54
2025-10-19 21:00:00;30.317233;0.0;-2.7647353e-10;-1.0579649e-12;110.54;-1.1755165e-12;110.54
2025-10-19 22:00:00;30.317233;0.0;-2.7578807e-10;-2.1159297e-12;110.54;-2.351033e-12;110.54
2025-10-19 23:00:00;29.198233;0.0;-2.7546566e-10;0.0;106.46;0.0;106.46
2025-10-20 00:00:00;29.198233;0.0;-2.7514326e-10;-1.0579649e-12;106.46;-1.1755165e-12;106.46
2025-10-20 01:00:00;29.198233;0.0;-2.7482086e-10;-2.1159297e-12;106.46;-2.351033e-12;106.46
2025-10-20 02:00:00;25.361268;0.0;-2.7486152e-10;0.0;92.47;0.0;92.47
2025-10-20 03:00:00;25.361268;0.0;-2.7417606e-10;-1.0579649e-12;92.47;-1.1755165e-12;92.47
2025-10-20 04:00:00;25.361268;0.0;-2.7421671e-10;-2.1159297e-12;92.47;-2.351033e-12;92.47
2025-10-20 05:00:00;30.182843;0.0;-2.7353126e-10;0.0;110.05;0.0;110.05
2025-10-20 06:00:00;30.182843;0.0;-2.7357192e-10;-1.0579649e-12;110.05;-1.1755165e-12;110.05
2025-10-20 07:00:00;30.182843;0.0;-5.2370299e-13;0.0;110.05;0.0;110.05
2025-10-20 08:00:00;26.376048;0.0;-2.7324952e-10;0.0;96.17;0.0;96.17
2025-10-20 09:00:00;26.376048;0.0;-2.7256403e-10;-1.0579649e-12;96.17;-1.1755165e-12;96.17
2025-10-20 10:00:00;25.976048;0.4;-6.4480565e-13;-2.1159297e-12;96.17;-2.351033e-12;96.17
2025-10-20 11:00:00;10.824838;5.929999999999999;0.0;0.0;61.09;0.0;61.09
2025-10-20 12:00:00;0.0;28.4;11.647655;-6.0814845e-12;61.09;-6.757205e-12;61.09
2025-10-20 13:00:00;0.0;23.6;6.8471524;-5.0383811e-12;61.09;-5.5982012e-12;61.09
2025-10-20 14:00:00;0.0;10.2;5.6335664;0.0;16.65;0.0;16.65
2025-10-20 15:00:00;0.0;32.1;27.533491;0.0;16.65;0.0;16.65
2025-10-20 16:00:00;0.0;60.3;55.733491;0.0;16.65;0.0;16.65
2025-10-20 17:00:00;0.0;85.7;77.126482;0.0;31.26;0.0;31.26
2025-10-20 18:00:00;0.0;54.6;46.026482;0.0;31.26;0.0;31.26
2025-10-20 19:00:00;0.0;34.8;26.226482;-6.0866019e-12;31.26;-6.762891e-12;31.26
2025-10-20 20:00:00;5.5566372;6.33;0.0;0.0;43.34;0.0;43.34
2025-10-20 21:00:00;11.886637;0.0;-2.7224163e-10;0.0;43.34;0.0;43.34
2025-10-20 22:00:00;11.886637;0.0;-2.7034789e-10;-1.0579649e-12;43.34;-1.1755165e-12;43.34
2025-10-20 23:00:00;16.15694;0.0;-2.6966242e-10;0.0;58.91;0.0;58.91
2025-10-21 00:00:00;16.15694;0.0;-2.6970308e-10;-1.0579649e-12;58.91;-1.1755165e-12;58.91
2025-10-21 01:00:00;16.15694;0.0;0.0;-2.1159297e-12;58.91;-2.351033e-12;58.91
2025-10-21 02:00:00;22.253847;0.0;0.0;0.0;81.14;0.0;81.14
2025-10-21 03:00:00;22.253847;0.0;0.0;-1.0579649e-12;81.14;-1.1755165e-12;81.14
2025-10-21 04:00:00;22.253847;0.0;-2.6938068e-10;-2.1159297e-12;81.14;-2.351033e-12;81.14
2025-10-21 05:00:00;30.972726;0.0;-2.6905827e-10;0.0;112.93;0.0;112.93000000000002
2025-10-21 06:00:00;30.972726;0.0;-2.6873587e-10;-4.6869424e-10;112.93;-5.2077138e-10;112.93000000000002
2025-10-21 07:00:00;30.972726;0.0;-2.6841347e-10;-2.1159297e-12;112.93;-2.351033e-12;112.93000000000002
2025-10-21 08:00:00;39.732744;0.0;-2.6809106e-10;0.0;144.87;0.0;144.87
2025-10-21 09:00:00;39.732744;0.0;-2.6776866e-10;-1.0579649e-12;144.87;-1.1755165e-12;144.87
2025-10-21 10:00:00;38.482744;1.25;-2.8194585e-13;-2.1159297e-12;144.87;-2.351033e-12;144.87
2025-10-21 11:00:00;19.073853;12.2;0.0;-1.1016747e-12;114.04;-1.2240831e-12;114.04
2025-10-21 12:00:00;8.1771598;23.1;0.0;0.0;114.04;0.0;114.04
2025-10-21 13:00:00;0.37630396;30.9;0.0;0.0;114.04;0.0;114.04
2025-10-21 14:00:00;0.0;28.5;6.1456343;0.0;81.51;0.0;81.51
2025-10-21 15:00:00;0.0;49.79999999999999;27.444675;-9.1304334e-13;81.51;-1.0144926e-12;81.51
2025-10-21 16:00:00;0.0;46.49999999999999;24.144675;-2.1091946e-12;81.51;-2.3435496e-12;81.51
2025-10-21 17:00:00;0.0;56.2;38.197257;0.0;65.64;0.0;65.64
2025-10-21 18:00:00;0.0;41.4;23.397257;0.0;65.64;0.0;65.64
2025-10-21 19:00:00;0.0;20.5;2.4972574;0.0;65.64;0.0;65.64
2025-10-21 20:00:00;24.260489;3.0700000000000003;0.0;0.0;99.65;0.0;99.65
2025-10-21 21:00:00;27.330489;0.0;-2.6744627e-10;-1.0579649e-12;99.65;-1.1755165e-12;99.65
2025-10-21 22:00:00;27.330489;0.0;-2.6712385e-10;-2.1159297e-12;99.65;-2.351033e-12;99.65
2025-10-21 23:00:00;22.862715;0.0;-2.6680145e-10;0.0;83.36;0.0;83.36
2025-10-22 00:00:00;22.862715;0.0;-2.6647906e-10;-8.4257977e-11;83.36;-9.3619975e-11;83.36
2025-10-22 01:00:00;22.862715;0.0;-2.6615664e-10;-3.134499e-10;83.36;-3.4827767e-10;83.36
2025-10-22 02:00:00;28.641475;0.0;-2.6583425e-10;0.0;104.43;0.0;104.43
2025-10-22 03:00:00;28.641475;0.0;-2.6551185e-10;0.0;104.43;6.8119135e-27;104.43
2025-10-22 04:00:00;28.641475;0.0;-2.6518943e-10;0.0;104.43;0.0;104.43
2025-10-22 05:00:00;39.431053;0.0;-2.61643e-10;0.0;143.77;0.0;143.77
2025-10-22 06:00:00;39.431053;0.0;-2.6099817e-10;-1.0579649e-12;143.77;-1.1755165e-12;143.77
2025-10-22 07:00:00;39.431053;0.0;-5.2370299e-13;0.0;143.77;0.0;143.77
2025-10-22 08:00:00;40.426634;0.0;-5.2370299e-13;0.0;147.4;0.0;147.4
2025-10-22 09:00:00;40.426634;0.0;-3.7907806e-10;-2.9120226e-12;147.4;-3.2355807e-12;147.4
2025-10-22 10:00:00;38.026634;2.4;-2.5393833e-12;-1.0490046e-12;147.4;-1.1655606e-12;147.4
2025-10-22 11:00:00;14.95247;14.4;0.0;0.0;107.03;0.0;107.03
2025-10-22 12:00:00;5.1490793;24.2;0.0;0.0;107.03;0.0;107.03
2025-10-22 13:00:00;0.0;43.2;13.85048;0.0;107.03;0.0;107.03
2025-10-22 14:00:00;0.0;40.5;19.926371;0.0;75.02;0.0;75.02
2025-10-22 15:00:00;1.5753466;19.0;0.0;0.0;75.02;0.0;75.02
2025-10-22 16:00:00;20.575347;0.0;-5.2370299e-13;0.0;75.02;0.0;75.02
2025-10-22 17:00:00;21.891818;0.0;-5.2370299e-13;0.0;79.82;0.0;79.82
2025-10-22 18:00:00;21.891818;0.0;-5.2370299e-13;0.0;79.82;0.0;79.82
2025-10-22 19:00:00;21.891818;0.0;-5.2370299e-13;0.0;79.82;0.0;79.82
2025-10-22 20:00:00;29.905836;0.0;-5.2370299e-13;0.0;109.04;0.0;109.04
2025-10-22 21:00:00;29.905836;0.0;-5.2370299e-13;0.0;109.04;0.0;109.04
2025-10-22 22:00:00;29.905836;0.0;-1.4545695e-10;0.0;109.04;0.0;109.04
2025-10-22 23:00:00;28.83346;0.0;-2.6067576e-10;0.0;105.13;0.0;105.13
2025-10-23 00:00:00;28.83346;0.0;-2.6067581e-10;-1.0579649e-12;105.13;-1.1755165e-12;105.13
2025-10-23 01:00:00;28.83346;0.0;-2.6035339e-10;-2.1159297e-12;105.13;-2.351033e-12;105.13
2025-10-23 02:00:00;27.456651;0.0;-2.6003098e-10;0.0;100.11;0.0;100.11
2025-10-23 03:00:00;27.456651;0.0;-2.5970858e-10;-1.0579649e-12;100.11;-1.1755165e-12;100.11
2025-10-23 04:00:00;27.456651;0.0;-2.5938618e-10;-2.1159297e-12;100.11;-2.351033e-12;100.11
2025-10-23 05:00:00;28.537254;0.0;-2.590638e-10;0.0;104.05;0.0;104.05
2025-10-23 06:00:00;28.537254;0.0;-2.5874139e-10;-1.0579649e-12;104.05;-1.1755165e-12;104.05
2025-10-23 07:00:00;28.537254;0.0;-2.5841899e-10;-2.1159297e-12;104.05;-2.351033e-12;104.05
2025-10-23 08:00:00;29.088527;0.0;-2.5745177e-10;-1.0528559e-12;106.06;-1.1698399e-12;106.06
2025-10-23 09:00:00;29.08638;0.0;-1.3423425e-11;-2.0848055e-12;106.06;-2.3164506e-12;106.06
2025-10-23 10:00:00;28.23289;0.85;0.0;0.0;106.06;0.0;106.06
2025-10-23 11:00:00;19.339558;5.75;0.0;0.0;91.5;0.0;91.5
2025-10-23 12:00:00;0.0;37.6;12.50982;-5.0180043e-12;91.5;-5.5755603e-12;91.5
2025-10-23 13:00:00;0.0;68.7;43.604769;-7.1208198e-12;91.5;-7.912022e-12;91.5
2025-10-23 14:00:00;0.0;82.3;39.978196;0.0;154.31;0.0;154.31
2025-10-23 15:00:00;0.0;47.2;4.8781959;-1.0579649e-12;154.31;-1.1755165e-12;154.31
2025-10-23 16:00:00;23.021804;19.3;0.0;0.0;154.31;0.0;154.31
2025-10-23 17:00:00;15.240332;23.9;0.0;0.0;142.71;0.0;142.71
2025-10-23 18:00:00;23.340332;15.8;0.0;0.0;142.71;0.0;142.71
2025-10-23 19:00:00;37.390332;1.75;-3.2240282e-13;0.0;142.71;0.0;142.71
2025-10-23 20:00:00;44.646518;0.3;-2.8211403e-12;0.0;163.88;0.0;163.88
2025-10-23 21:00:00;44.946518;0.0;-2.5616215e-10;-1.0579649e-12;163.88;-1.1755165e-12;163.88
2025-10-23 22:00:00;44.946518;0.0;-2.5583977e-10;-2.1159297e-12;163.88;-2.351033e-12;163.88
2025-10-23 23:00:00;46.827975;0.0;0.0;0.0;170.74;0.0;170.74
2025-10-24 00:00:00;46.827975;0.0;0.0;-1.0579649e-12;170.74;-1.1755165e-12;170.74
2025-10-24 01:00:00;46.827975;0.0;0.0;-2.1159297e-12;170.74;-2.351033e-12;170.74
2025-10-24 02:00:00;56.92092;0.0;0.0;0.0;207.54;0.0;207.54
2025-10-24 03:00:00;56.92092;0.0;0.0;-1.0579649e-12;207.54;-1.1755165e-12;207.54
2025-10-24 04:00:00;56.92092;0.0;0.0;-2.1159297e-12;207.54;-2.351033e-12;207.54
2025-10-24 05:00:00;74.898979;0.0;0.0;0.0;273.09;0.0;273.09
2025-10-24 06:00:00;74.898979;0.0;-2.5551737e-10;-1.0579649e-12;273.09;-1.1755165e-12;273.09
2025-10-24 07:00:00;74.898979;0.0;-2.5519496e-10;-2.1159297e-12;273.09;-2.351033e-12;273.09
2025-10-24 08:00:00;88.422977;0.0;-2.5487255e-10;0.0;322.4;0.0;322.4
2025-10-24 09:00:00;88.422977;0.0;-2.5455016e-10;-1.0579649e-12;322.4;-1.1755165e-12;322.4
2025-10-24 10:00:00;87.121456;1.3;0.0;-2.1917637e-12;322.4;-2.435293e-12;322.4
2025-10-24 11:00:00;57.133513;9.85;0.0;-1.0489232e-12;244.29;-1.1654702e-12;244.29
2025-10-24 12:00:00;13.985253;53.0;0.0;0.0;244.29;0.0;244.29
2025-10-24 13:00:00;0.0;92.1;25.105923;-4.3655103e-12;244.29;-4.850567e-12;244.29
2025-10-24 14:00:00;0.0;120.00000000000001;65.374676;0.0;199.17;0.0;199.17
2025-10-24 15:00:00;0.0;112.0;57.374676;-1.0579649e-12;199.17;-1.1755165e-12;199.17
2025-10-24 16:00:00;0.0;63.6;8.9746762;-2.1159297e-12;199.17;-2.351033e-12;199.17
2025-10-24 17:00:00;0.0;72.4;19.730184;-6.0465784e-12;192.04;-6.7184204e-12;192.04
2025-10-24 18:00:00;7.3698156;45.3;0.0;0.0;192.04;0.0;192.04
2025-10-24 19:00:00;44.469816;8.2;0.0;-2.1096102e-12;192.04;-2.3440114e-12;192.04
2025-10-24 20:00:00;50.016212;1.2;0.0;0.0;186.74;0.0;186.74
2025-10-24 21:00:00;51.216212;0.0;0.0;-1.0579649e-12;186.74;-1.1755165e-12;186.74
2025-10-24 22:00:00;51.216212;0.0;0.0;-2.1159297e-12;186.74;-2.351033e-12;186.74
2025-10-24 23:00:00;48.788968;0.0;0.0;0.0;177.89;0.0;177.89
2025-10-25 00:00:00;48.788968;0.0;0.0;-1.0579649e-12;177.89;-1.1755165e-12;177.89
2025-10-25 01:00:00;48.788968;0.0;0.0;-2.1159297e-12;177.89;-2.351033e-12;177.89
2025-10-25 02:00:00;50.448271;0.0;0.0;0.0;183.94;0.0;183.94
2025-10-25 03:00:00;50.448271;0.0;0.0;-8.8570708e-12;183.94;-9.8411897e-12;183.94
2025-10-25 04:00:00;50.448271;0.0;0.0;-2.1159297e-12;183.94;-2.351033e-12;183.94
2025-10-25 05:00:00;53.583117;0.0;0.0;0.0;195.37;0.0;195.37
2025-10-25 06:00:00;53.583117;0.0;0.0;-1.0579649e-12;195.37;-1.1755165e-12;195.37
2025-10-25 07:00:00;53.583117;0.0;0.0;-2.1159297e-12;195.37;-2.351033e-12;195.37
2025-10-25 08:00:00;53.476154;0.0;0.0;0.0;194.98;0.0;194.98
2025-10-25 09:00:00;53.476154;0.0;0.0;-1.0579649e-12;194.98;-1.1755165e-12;194.98
2025-10-25 10:00:00;52.026154;1.45;0.0;-2.1159297e-12;194.98;-2.351033e-12;194.98
2025-10-25 11:00:00;44.043378;4.7;0.0;0.0;177.73;0.0;177.73
2025-10-25 12:00:00;38.445086;10.3;-6.8507373e-13;-1.0592334e-12;177.73;-1.176926e-12;177.73
2025-10-25 13:00:00;23.445086;25.3;-3.2240282e-13;-2.1171983e-12;177.73;-2.3524425e-12;177.73
2025-10-25 14:00:00;25.20288;22.5;-3.2240282e-13;0.0;173.93;0.0;173.93
2025-10-25 15:00:00;27.20288;20.5;0.0;-1.0579632e-12;173.93;-1.1755147e-12;173.93
2025-10-25 16:00:00;36.50288;11.2;-2.1755791e-12;-2.1159281e-12;173.93;-2.3510312e-12;173.93
2025-10-25 17:00:00;31.037742;21.1;0.0;0.0;190.1;0.0;190.1
2025-10-25 18:00:00;42.337742;9.8;0.0;-1.0579649e-12;190.1;-1.1755165e-12;190.1
2025-10-25 19:00:00;48.687742;3.45;0.0;-2.1159297e-12;190.1;-2.351033e-12;190.1
2025-10-25 20:00:00;54.728795;0.467;0.0;0.0;201.25;0.0;201.25
2025-10-25 21:00:00;55.195795;0.0;0.0;-1.0579649e-12;201.25;-1.1755165e-12;201.25
2025-10-25 22:00:00;55.195795;0.0;0.0;-2.1159297e-12;201.25;-2.351033e-12;201.25
2025-10-25 23:00:00;62.622886;0.0;0.0;0.0;228.33;0.0;228.33000000000004
2025-10-26 00:00:00;62.622886;0.0;0.0;-3.855397e-12;228.33;-4.2837744e-12;228.33000000000004
2025-10-26 01:00:00;62.622886;0.0;0.0;-4.9133618e-12;228.33;-5.4592909e-12;228.33000000000004
2025-10-26 02:00:00;70.126771;0.0;0.0;0.0;255.69;0.0;255.68999999999997
2025-10-26 03:00:00;70.126771;0.0;0.0;-2.0943629e-12;255.69;-2.3270699e-12;255.68999999999997
2025-10-26 04:00:00;78.28615;0.0;0.0;0.0;285.44;0.0;285.44
2025-10-26 05:00:00;78.28615;0.0;0.0;0.0;285.44;0.0;285.44
2025-10-26 06:00:00;78.28615;0.0;0.0;-1.0579649e-12;285.44;-1.1755165e-12;285.44
2025-10-26 07:00:00;77.69648;0.0;0.0;0.0;283.29;0.0;283.29
2025-10-26 08:00:00;77.69648;0.0;0.0;0.0;283.29;0.0;283.29
2025-10-26 09:00:00;77.69648;0.0;0.0;-1.0579649e-12;283.29;-1.1755165e-12;283.29
2025-10-26 10:00:00;64.106659;0.0;0.0;0.0;233.74;0.0;233.73999999999998
2025-10-26 11:00:00;64.106659;0.0;0.0;-1.0579649e-12;233.74;-1.1755165e-12;233.73999999999998
2025-10-26 12:00:00;64.106659;0.0;0.0;-3.8550562e-12;233.74;-4.2833958e-12;233.73999999999998
2025-10-26 13:00:00;55.129971;0.0;0.0;0.0;201.01;0.0;201.01
2025-10-26 14:00:00;55.129971;0.0;0.0;-3.8621378e-12;201.01;-4.2912642e-12;201.01
2025-10-26 15:00:00;55.129971;0.0;0.0;-3.8887602e-12;201.01;-4.3208447e-12;201.01
2025-10-26 16:00:00;60.61801;0.0;0.0;0.0;221.02;0.0;221.01999999999998
2025-10-26 17:00:00;60.61801;0.0;0.0;0.0;221.02;0.0;221.01999999999998
2025-10-26 18:00:00;60.61801;0.0;0.0;-1.0579649e-12;221.02;-1.1755165e-12;221.01999999999998
2025-10-26 19:00:00;65.626086;0.0;0.0;0.0;239.28;0.0;239.28
2025-10-26 20:00:00;65.626086;0.0;0.0;-1.057978e-12;239.28;-1.1755312e-12;239.28
2025-10-26 21:00:00;65.626086;0.0;0.0;-7.8456231e-12;239.28;-8.717359e-12;239.28
2025-10-26 22:00:00;64.814262;0.0;0.0;0.0;236.32;0.0;236.32
2025-10-26 23:00:00;64.814262;0.0;0.0;-6.7876451e-12;236.32;-7.5418279e-12;236.32
2025-10-27 00:00:00;64.814262;0.0;0.0;-7.84561e-12;236.32;-8.7173444e-12;236.32
2025-10-27 01:00:00;63.985982;0.0;0.0;0.0;233.3;0.0;233.3
2025-10-27 02:00:00;63.985982;0.0;0.0;-1.0579649e-12;233.3;-1.1755165e-12;233.3
2025-10-27 03:00:00;63.985982;0.0;0.0;-4.2190594e-12;233.3;-4.6878438e-12;233.3
2025-10-27 04:00:00;65.047387;0.0;0.0;0.0;237.17;0.0;237.17000000000002
2025-10-27 05:00:00;65.047387;0.0;0.0;0.0;237.17;0.0;237.17000000000002
2025-10-27 06:00:00;65.047387;0.0;-2.5422774e-10;-1.0579649e-12;237.17;-1.1755165e-12;237.17000000000002
2025-10-27 07:00:00;77.37559;0.0;-2.5390535e-10;0.0;282.12;0.0;282.12
2025-10-27 08:00:00;75.17559;2.2;0.0;0.0;282.12;0.0;282.12
2025-10-27 09:00:00;64.17559;13.2;0.0;-1.0579649e-12;282.12;-1.1755165e-12;282.12
2025-10-27 10:00:00;55.822398;19.2;0.0;0.0;273.54;0.0;273.54
2025-10-27 11:00:00;49.822193;25.199999999999996;0.0;-1.0714465e-12;273.54;-1.1904961e-12;273.54
2025-10-27 12:00:00;0.0;99.2;24.177602;-7.2996055e-12;273.54;-8.1106728e-12;273.54
2025-10-27 13:00:00;69.227686;6.9;0.0;0.0;277.57;0.0;277.57
2025-10-27 14:00:00;48.727686;27.4;0.0;-1.0579649e-12;277.57;-1.1755165e-12;277.57
2025-10-27 15:00:00;53.227686;22.9;-3.2240282e-13;-2.1159297e-12;277.57;-2.351033e-12;277.57
2025-10-27 16:00:00;34.927442;20.4;0.0;0.0;201.73;0.0;201.73
2025-10-27 17:00:00;47.347442;7.98;1.7179545e-28;0.0;201.73;0.0;201.73
2025-10-27 18:00:00;53.777442;1.55;0.0;0.0;201.73;0.0;201.73
2025-10-27 19:00:00;57.968612;0.0;-5.2370299e-13;0.0;211.36;0.0;211.36
2025-10-27 20:00:00;57.968612;0.0;-2.5358293e-10;0.0;211.36;0.0;211.36
2025-10-27 21:00:00;57.968612;0.0;-2.5289748e-10;-1.0579649e-12;211.36;-1.1755165e-12;211.36
2025-10-27 22:00:00;57.754685;0.0;-2.5293813e-10;0.0;210.58;0.0;210.58
2025-10-27 23:00:00;57.754685;0.0;-2.5225266e-10;-1.0579649e-12;210.58;-1.1755165e-12;210.58
2025-10-28 00:00:00;57.754685;0.0;-2.5229332e-10;-2.1159297e-12;210.58;-2.351033e-12;210.58
2025-10-28 01:00:00;57.97684;0.0;0.0;0.0;211.39;0.0;211.39
2025-10-28 02:00:00;57.97684;0.0;0.0;-1.0579649e-12;211.39;-1.1755165e-12;211.39
2025-10-28 03:00:00;57.97684;0.0;0.0;-2.1159297e-12;211.39;-2.351033e-12;211.39
2025-10-28 04:00:00;59.36462;0.0;0.0;0.0;216.45;0.0;216.45
2025-10-28 05:00:00;59.36462;0.0;0.0;-1.0579649e-12;216.45;-1.1755165e-12;216.45
2025-10-28 06:00:00;59.36462;0.0;-2.5197092e-10;-2.1159297e-12;216.45;-2.351033e-12;216.45
2025-10-28 07:00:00;64.548225;0.0;-2.5164853e-10;0.0;235.35;0.0;235.34999999999997
2025-10-28 08:00:00;64.048225;0.5;-2.8211403e-12;-1.0579649e-12;235.35;-1.1755165e-12;235.34999999999997
2025-10-28 09:00:00;60.498225;4.05;0.0;-2.1159297e-12;235.35;-2.351033e-12;235.34999999999997
2025-10-28 10:00:00;36.553329;13.5;0.0;0.0;182.5;0.0;182.5
2025-10-28 11:00:00;0.0;57.7;7.6466707;-6.0545831e-12;182.5;-6.7273145e-12;182.5
2025-10-28 12:00:00;10.153329;39.9;-7.3344166e-13;-2.1159297e-12;182.5;-2.351033e-12;182.5
2025-10-28 13:00:00;15.516761;28.5;0.0;0.0;160.49;0.0;160.49
2025-10-28 14:00:00;15.616761;28.4;0.0;-2.0935679e-12;160.49;-2.3261866e-12;160.49
2025-10-28 15:00:00;0.0;58.3;14.283239;-4.8927561e-12;160.49;-5.4363957e-12;160.49
2025-10-28 16:00:00;25.741566;10.7;0.0;0.0;132.87;0.0;132.87
2025-10-28 17:00:00;29.891566;6.55;0.0;-1.0579649e-12;132.87;-1.1755165e-12;132.87
2025-10-28 18:00:00;35.841566;0.6;-6.4480565e-13;0.0;132.87;0.0;132.87
2025-10-28 19:00:00;36.64178;0.0;-6.1103917e-11;0.0;133.6;0.0;133.6
2025-10-28 20:00:00;36.64178;0.0;-2.5132612e-10;0.0;133.6;0.0;133.6
2025-10-28 21:00:00;36.64178;0.0;-2.5068132e-10;-1.0579649e-12;133.6;-1.1755165e-12;133.6
2025-10-28 22:00:00;42.873076;0.0;-2.5035892e-10;0.0;156.32;0.0;156.32
2025-10-28 23:00:00;42.873076;0.0;-2.4967343e-10;-1.0579649e-12;156.32;-1.1755165e-12;156.32
2025-10-29 00:00:00;42.873076;0.0;-2.497141e-10;-2.1159297e-12;156.32;-2.351033e-12;156.32
2025-10-29 01:00:00;43.454518;0.0;-2.4939169e-10;-3.173971e-12;158.44;-3.5266344e-12;158.44
2025-10-29 02:00:00;43.454518;0.0;-2.4906929e-10;-4.2319358e-12;158.44;-4.7021509e-12;158.44
2025-10-29 03:00:00;43.454518;0.0;-2.4874689e-10;-5.2899007e-12;158.44;-5.8776675e-12;158.44
2025-10-29 04:00:00;50.006704;0.0;-2.4842448e-10;0.0;182.33;0.0;182.33
2025-10-29 05:00:00;50.006704;0.0;-2.4773902e-10;-1.0579649e-12;182.33;-1.1755165e-12;182.33
2025-10-29 06:00:00;50.006704;0.0;-2.4777968e-10;-2.1159297e-12;182.33;-2.351033e-12;182.33
2025-10-29 07:00:00;51.334146;0.0;-1.0257737e-10;0.0;187.17;0.0;187.17
2025-10-29 08:00:00;50.834146;0.5;-2.1763476e-12;0.0;187.17;0.0;187.17
2025-10-29 09:00:00;44.584146;6.75;-1.8539318e-12;-1.0579649e-12;187.17;-1.1755165e-12;187.17
2025-10-29 10:00:00;17.545055;20.1;0.0;0.0;137.26;0.0;137.26
2025-10-29 11:00:00;0.0;53.1;15.45805;-5.010123e-12;137.26;-5.5668033e-12;137.26
2025-10-29 12:00:00;0.0;59.1;21.45555;0.0;137.26;0.0;137.26
2025-10-29 13:00:00;0.0;49.6;19.136264;0.0;111.08;0.0;111.08
2025-10-29 14:00:00;0.0;43.9;13.434664;-2.1076935e-12;111.08;-2.3418816e-12;111.08
2025-10-29 15:00:00;0.0;35.2;4.734664;0.0;111.08;0.0;111.08
2025-10-29 16:00:00;1.7144294;23.4;0.0;0.0;91.57;0.0;91.57
2025-10-29 17:00:00;15.984429;9.13;0.0;0.0;91.57;0.0;91.57
2025-10-29 18:00:00;24.264429;0.85;0.0;0.0;91.57;0.0;91.57
2025-10-29 19:00:00;25.25979;0.0;-5.2370299e-13;0.0;92.1;0.0;92.1
2025-10-29 20:00:00;25.25979;0.0;-1.7200608e-10;0.0;92.1;0.0;92.1
2025-10-29 21:00:00;25.25979;0.0;-2.4745728e-10;-1.0579649e-12;92.1;-1.1755165e-12;92.1
2025-10-29 22:00:00;31.076947;0.0;-2.4713488e-10;0.0;113.31;0.0;113.31
2025-10-29 23:00:00;31.076947;0.0;-2.4681248e-10;-6.0689413e-10;113.31;-6.7432681e-10;113.31
2025-10-30 00:00:00;31.076947;0.0;-2.4649007e-10;-2.1159297e-12;113.31;-2.351033e-12;113.31
2025-10-30 01:00:00;37.969221;0.0;-2.458046e-10;0.0;138.44;0.0;138.44
2025-10-30 02:00:00;37.969221;0.0;-2.454822e-10;-1.0579649e-12;138.44;-1.1755165e-12;138.44
2025-10-30 03:00:00;37.969221;0.0;-2.451598e-10;-2.1159297e-12;138.44;-2.351033e-12;138.44
2025-10-30 04:00:00;55.697699;0.0;-2.4520047e-10;0.0;203.08;0.0;203.08
2025-10-30 05:00:00;55.697699;0.0;-2.4487806e-10;-1.0579649e-12;203.08;-1.1755165e-12;203.08
2025-10-30 06:00:00;55.697699;0.0;-2.4419259e-10;-2.1159297e-12;203.08;-2.351033e-12;203.08
2025-10-30 07:00:00;73.286302;0.0;-2.4423326e-10;0.0;267.21;0.0;267.21
2025-10-30 08:00:00;72.036302;1.25;-3.2240282e-13;-1.0579649e-12;267.21;-1.1755165e-12;267.21
2025-10-30 09:00:00;56.686302;16.6;0.0;-2.1159297e-12;267.21;-2.351033e-12;267.21
2025-10-30 10:00:00;0.0;58.3;2.4057793;0.0;203.82;0.0;203.82
2025-10-30 11:00:00;0.0;92.1;36.210511;-1.0405039e-12;203.82;-1.1561154e-12;203.82
2025-10-30 12:00:00;0.0;124.0;68.109044;0.0;203.82;0.0;203.82
2025-10-30 13:00:00;0.0;134.0;96.466847;0.0;136.87;0.0;136.87
2025-10-30 14:00:00;0.0;133.0;95.463322;-1.0594587e-12;136.87;-1.1771763e-12;136.87
2025-10-30 15:00:00;0.0;113.0;75.461374;-8.0992583e-13;136.87;-8.9991759e-13;136.87
2025-10-30 16:00:00;0.0;73.6;32.786652;0.0;148.81;0.0;148.81
2025-10-30 17:00:00;25.913348;14.899999999999999;0.0;0.0;148.81;0.0;148.81
2025-10-30 18:00:00;39.513348;1.3;0.0;0.0;148.81;0.0;148.81
2025-10-30 19:00:00;49.038549;0.0;-5.2370299e-13;0.0;178.8;0.0;178.8
2025-10-30 20:00:00;49.038549;0.0;-3.5489784e-10;0.0;178.8;0.0;178.8
2025-10-30 21:00:00;49.038549;0.0;-2.4358846e-10;-1.0579649e-12;178.8;-1.1755165e-12;178.8
2025-10-30 22:00:00;58.772208;0.0;-2.4326606e-10;0.0;214.29;0.0;214.29
2025-10-30 23:00:00;58.772208;0.0;-2.4294364e-10;-1.0579649e-12;214.29;-1.1755165e-12;214.29
2025-10-31 00:00:00;58.772208;0.0;-2.4262125e-10;-4.7930224e-10;214.29;-5.3255804e-10;214.29
2025-10-31 01:00:00;60.969069;0.0;-2.4193578e-10;0.0;222.3;0.0;222.29999999999998
2025-10-31 02:00:00;60.969069;0.0;-2.4112574e-10;-6.0866019e-12;222.3;-6.762891e-12;222.29999999999998
2025-10-31 03:00:00;60.969069;0.0;-2.4044028e-10;-2.1159297e-12;222.3;-2.351033e-12;222.29999999999998
2025-10-31 04:00:00;72.024684;0.0;-2.4048095e-10;0.0;262.61;0.0;262.61
2025-10-31 05:00:00;72.024684;0.0;-2.4015854e-10;-1.0579649e-12;262.61;-1.1755165e-12;262.61
2025-10-31 06:00:00;72.024684;0.0;-5.2370299e-13;0.0;262.61;0.0;262.61
2025-10-31 07:00:00;85.42252;0.0;-5.2370299e-13;0.0;311.46;0.0;311.46
2025-10-31 08:00:00;84.82252;0.6;-3.2240282e-13;0.0;311.46;0.0;311.46
2025-10-31 09:00:00;76.10252;9.32;0.0;-1.0579649e-12;311.46;-1.1755165e-12;311.46
2025-10-31 10:00:00;48.279019;15.6;0.0;-9.999893e-13;232.91;-1.1110992e-12;232.91000000000003
2025-10-31 11:00:00;38.676193;25.199999999999996;0.0;0.0;232.91;0.0;232.91000000000003
2025-10-31 12:00:00;24.26593;39.6;0.0;-2.0832322e-12;232.91;-2.3147024e-12;232.91000000000003
2025-10-31 13:00:00;8.4172999;35.2;0.0;0.0;159.06;0.0;159.06
2025-10-31 14:00:00;17.521253;26.099999999999998;0.0;0.0;159.06;0.0;159.06
2025-10-31 15:00:00;17.824562;25.799999999999997;0.0;0.0;159.06;0.0;159.06
2025-10-31 16:00:00;6.7798872;23.2;0.0;0.0;109.31;0.0;109.31
2025-10-31 17:00:00;24.929887;5.05;0.0;0.0;109.31;0.0;109.31
2025-10-31 18:00:00;29.779887;0.2;0.0;0.0;109.31;0.0;109.31
2025-10-31 19:00:00;32.053329;0.0;-2.3983613e-10;0.0;116.87;0.0;116.86999999999999
2025-10-31 20:00:00;32.053329;0.0;-2.3951374e-10;-6.5623679e-10;116.87;-7.2915199e-10;116.86999999999999
2025-10-31 21:00:00;32.053329;0.0;-2.3919134e-10;-5.0850507e-10;116.87;-5.6500563e-10;116.86999999999999
2025-10-31 22:00:00;28.838946;0.0;-2.3886894e-10;0.0;105.15;0.0;105.15
2025-10-31 23:00:00;28.838946;0.0;-2.3858717e-10;-1.0579649e-12;105.15;-1.1755165e-12;105.15
2025-11-01 00:00:00;28.838946;0.0;-2.3822412e-10;-2.1159297e-12;105.15;-2.351033e-12;105.15
2025-11-01 01:00:00;31.694042;0.0;0.0;0.0;115.56;0.0;115.56000000000002
2025-11-01 02:00:00;31.694042;0.0;0.0;-1.0579649e-12;115.56;-1.1755165e-12;115.56000000000002
2025-11-01 03:00:00;31.694042;0.0;0.0;-2.1159297e-12;115.56;-2.351033e-12;115.56000000000002
2025-11-01 04:00:00;34.990705;0.0;0.0;0.0;127.58;0.0;127.58
2025-11-01 05:00:00;34.990705;0.0;0.0;-1.0586495e-12;127.58;-1.1762772e-12;127.58
2025-11-01 06:00:00;34.990705;0.0;0.0;-2.1166144e-12;127.58;-2.3517937e-12;127.58
2025-11-01 07:00:00;29.338108;0.0;0.0;0.0;106.97;0.0;106.97
2025-11-01 08:00:00;29.338108;0.0;0.0;-1.0579649e-12;106.97;-1.1755165e-12;106.97
2025-11-01 09:00:00;28.208108;1.13;-6.4483993e-13;-2.1159297e-12;106.97;-2.351033e-12;106.97
2025-11-01 10:00:00;12.629714;6.130000000000001;0.0;0.0;68.4;0.0;68.4
2025-11-01 11:00:00;7.1597135;11.6;-3.2240282e-13;0.0;68.4;0.0;68.4
2025-11-01 12:00:00;8.3597135;10.4;-6.4480565e-13;-9.4404271e-13;68.4;-1.0489363e-12;68.4
2025-11-01 13:00:00;15.921775;9.53;0.0;0.0;92.8;0.0;92.8
2025-11-01 14:00:00;18.321775;7.13;0.0;-1.0579715e-12;92.8;-1.1755238e-12;92.8
2025-11-01 15:00:00;17.401775;8.05;0.0;-2.1159363e-12;92.8;-2.3510404e-12;92.8
2025-11-01 16:00:00;23.080771;10.3;0.0;0.0;121.71;0.0;121.71
2025-11-01 17:00:00;29.980771;3.4;0.0;-1.0579649e-12;121.71;-1.1755165e-12;121.71
2025-11-01 18:00:00;32.730771;0.65;0.0;-2.1159297e-12;121.71;-2.351033e-12;121.71
2025-11-01 19:00:00;38.125552;0.0;-2.3790172e-10;0.0;139.01;0.0;139.01
2025-11-01 20:00:00;38.125552;0.0;-2.3757932e-10;-1.5864133e-11;139.01;-1.7626814e-11;139.01
2025-11-01 21:00:00;38.125552;0.0;-2.3725692e-10;0.0;139.01;0.0;139.01
2025-11-01 22:00:00;42.351973;0.0;-2.3693452e-10;0.0;154.42;0.0;154.42
2025-11-01 23:00:00;42.351973;0.0;-2.3624905e-10;-1.0579649e-12;154.42;-1.1755165e-12;154.42
2025-11-02 00:00:00;42.351973;0.0;-2.3592664e-10;-2.1159297e-12;154.42;-2.351033e-12;154.42
2025-11-02 01:00:00;42.074966;0.0;-2.359673e-10;0.0;153.41;0.0;153.41
2025-11-02 02:00:00;42.074966;0.0;-2.3528183e-10;-1.0579649e-12;153.41;-1.1755165e-12;153.41
2025-11-02 03:00:00;42.074966;0.0;-2.3495943e-10;-2.1159297e-12;153.41;-2.351033e-12;153.41
2025-11-02 04:00:00;38.36142;0.0;-2.3504074e-10;0.0;139.87;0.0;139.87
2025-11-02 05:00:00;38.36142;0.0;-2.3431462e-10;-1.0579649e-12;139.87;-1.1755165e-12;139.87
2025-11-02 06:00:00;38.36142;0.0;-2.3399221e-10;-2.1159297e-12;139.87;-2.351033e-12;139.87
2025-11-02 07:00:00;40.596678;0.0;-2.3403288e-10;0.0;148.02;0.0;148.02
2025-11-02 08:00:00;40.296678;0.3;-2.1356888e-12;-1.0579649e-12;148.02;-1.1755165e-12;148.02
2025-11-02 09:00:00;35.946678;4.65;4.2948863e-29;-2.1159297e-12;148.02;-2.351033e-12;148.02
2025-11-02 10:00:00;0.0;36.5;8.0829085;0.0;103.62;0.0;103.62
2025-11-02 11:00:00;0.0;65.4;36.980804;-2.1095269e-12;103.62;-2.3439188e-12;103.62
2025-11-02 12:00:00;0.0;47.900000000000006;19.48068;-3.1554195e-12;103.62;-3.5060217e-12;103.62
2025-11-02 13:00:00;0.0;59.3;34.062151;0.0;92.02;0.0;92.02
2025-11-02 14:00:00;0.0;68.7;43.462151;-1.0579649e-12;92.02;-1.1755165e-12;92.02
2025-11-02 15:00:00;0.0;76.8;51.562151;0.0;92.02;0.0;92.02
2025-11-02 16:00:00;33.928813;12.4;0.0;0.0;168.92;0.0;168.92
2025-11-02 17:00:00;44.998813;1.33;0.0;0.0;168.92;0.0;168.92
2025-11-02 18:00:00;46.228813;0.1;0.0;0.0;168.92;0.0;168.92
2025-11-02 19:00:00;49.899741;0.0;-5.2370299e-13;0.0;181.94;0.0;181.94
2025-11-02 20:00:00;49.899741;0.0;-2.3371049e-10;0.0;181.94;0.0;181.94
2025-11-02 21:00:00;49.899741;0.0;-2.3338807e-10;-1.0579649e-12;181.94;-1.1755165e-12;181.94
2025-11-02 22:00:00;57.406369;0.0;-2.3306568e-10;0.0;209.31;0.0;209.31
2025-11-02 23:00:00;57.406369;0.0;-2.3274327e-10;0.0;209.31;0.0;209.31
2025-11-03 00:00:00;57.406369;0.0;-2.3242088e-10;0.0;209.31;0.0;209.31
2025-11-03 01:00:00;63.16593;0.0;-2.3209848e-10;0.0;230.31;0.0;230.30999999999997
2025-11-03 02:00:00;63.16593;0.0;-2.3177606e-10;-1.0579649e-12;230.31;-1.1755165e-12;230.30999999999997
2025-11-03 03:00:00;63.16593;0.0;-2.3109059e-10;-2.1159297e-12;230.31;-2.351033e-12;230.30999999999997
2025-11-03 04:00:00;71.802529;0.0;-2.3113126e-10;0.0;261.8;0.0;261.8
2025-11-03 05:00:00;71.802529;0.0;-2.3080885e-10;-1.0579649e-12;261.8;-1.1755165e-12;261.8
2025-11-03 06:00:00;71.802529;0.0;-2.3048645e-10;-2.1159297e-12;261.8;-2.351033e-12;261.8
2025-11-03 07:00:00;86.777388;0.0;-5.2370299e-13;0.0;316.4;0.0;316.4
2025-11-03 08:00:00;86.077388;0.7000000000000002;0.0;0.0;316.4;0.0;316.4
2025-11-03 09:00:00;73.177388;13.6;0.0;-1.0579649e-12;316.4;-1.1755165e-12;316.4
2025-11-03 10:00:00;9.3770801;45.8;0.0;0.0;201.19;8.5148918e-28;201.19
2025-11-03 11:00:00;2.1720966;53.0;0.0;0.0;201.19;0.0;201.19
2025-11-03 12:00:00;0.0;57.9;2.7237192;0.0;201.19;0.0;201.19
2025-11-03 13:00:00;0.0;57.6;18.072954;0.0;144.12;0.0;144.12
2025-11-03 14:00:00;10.527046;29.0;0.0;0.0;144.12;0.0;144.12
2025-11-03 15:00:00;0.0;42.2;2.6729544;-2.2308641e-12;144.12;-2.4787379e-12;144.12
2025-11-03 16:00:00;13.36142;25.0;0.0;-3.1738946e-12;139.87;-3.5265496e-12;139.87
2025-11-03 17:00:00;26.86142;11.5;0.0;-4.2318595e-12;139.87;-4.7020661e-12;139.87
2025-11-03 18:00:00;37.86142;0.5;-2.1763347e-12;-5.2898243e-12;139.87;-5.8775826e-12;139.87
2025-11-03 19:00:00;33.915587;0.0;-2.3016406e-10;0.0;123.66;0.0;123.66000000000001
2025-11-03 20:00:00;33.915587;0.0;-2.2947857e-10;-1.0579649e-12;123.66;-1.1755165e-12;123.66000000000001
2025-11-03 21:00:00;33.915587;0.0;-2.2951924e-10;-2.1159297e-12;123.66;-2.351033e-12;123.66000000000001
2025-11-03 22:00:00;28.795063;0.0;-2.2919684e-10;0.0;104.99;0.0;104.99
2025-11-03 23:00:00;28.795063;0.0;0.0;-1.0579649e-12;104.99;-1.1755165e-12;104.99
2025-11-04 00:00:00;28.795063;0.0;0.0;-2.1159297e-12;104.99;-2.351033e-12;104.99
2025-11-04 01:00:00;27.209813;0.0;0.0;0.0;99.21;0.0;99.21
2025-11-04 02:00:00;27.209813;0.0;0.0;-6.7539411e-12;99.21;-7.504379e-12;99.21
2025-11-04 03:00:00;27.209813;0.0;0.0;-2.1159297e-12;99.21;-2.351033e-12;99.21
2025-11-04 04:00:00;33.630352;0.0;0.0;0.0;122.62;0.0;122.62
2025-11-04 05:00:00;33.630352;0.0;-2.2887443e-10;-1.0579649e-12;122.62;-1.1755165e-12;122.62
2025-11-04 06:00:00;33.630352;0.0;-2.2855205e-10;-2.1159297e-12;122.62;-2.351033e-12;122.62
2025-11-04 07:00:00;41.268627;0.0;-5.2370299e-13;0.0;150.47;0.0;150.47
2025-11-04 08:00:00;40.968627;0.3;-6.4480565e-13;0.0;150.47;0.0;150.47
2025-11-04 09:00:00;33.768627;7.500000000000001;-1.8539318e-12;0.0;150.47;0.0;150.47
2025-11-04 10:00:00;6.1954366;20.9;0.0;0.0;98.8;0.0;98.8
2025-11-04 11:00:00;0.0;39.5;12.408577;0.0;98.8;0.0;98.8
2025-11-04 12:00:00;0.0;95.80000000000001;68.709607;-1.0492651e-12;98.8;-1.1658501e-12;98.8
2025-11-04 13:00:00;0.0;117.99999999999999;97.603975;0.0;74.38;0.0;74.38
2025-11-04 14:00:00;0.0;115.0;94.601627;-1.0606752e-12;74.38;-1.178528e-12;74.38
2025-11-04 15:00:00;0.0;64.2;43.800183;0.0;74.38;0.0;74.38
2025-11-04 16:00:00;0.0;32.1;9.9750571;0.0;80.67;0.0;80.67
2025-11-04 17:00:00;12.994943;9.13;0.0;0.0;80.67;0.0;80.67
2025-11-04 18:00:00;21.624943;0.5;0.0;0.0;80.67;0.0;80.67
2025-11-04 19:00:00;29.379247;0.0;-3.4989289e-11;0.0;107.12;0.0;107.12
2025-11-04 20:00:00;29.379247;0.0;-2.2822963e-10;0.0;107.12;0.0;107.12
2025-11-04 21:00:00;29.379247;0.0;-2.2790723e-10;-1.0579649e-12;107.12;-1.1755165e-12;107.12
2025-11-04 22:00:00;34.428463;0.0;-2.2758483e-10;0.0;125.53;0.0;125.53000000000002
2025-11-04 23:00:00;34.428463;0.0;-2.2689936e-10;0.0;125.53;0.0;125.53000000000002
2025-11-05 00:00:00;34.428463;0.0;-2.2657696e-10;-1.0579649e-12;125.53;-1.1755165e-12;125.53000000000002
2025-11-05 01:00:00;39.450251;0.0;-2.2625456e-10;0.0;143.84;0.0;143.84
2025-11-05 02:00:00;39.450251;0.0;-2.2629521e-10;-1.0579649e-12;143.84;-1.1755165e-12;143.84
2025-11-05 03:00:00;39.450251;0.0;-2.2597281e-10;-2.1159297e-12;143.84;-2.351033e-12;143.84
2025-11-05 04:00:00;48.709432;0.0;-2.2565042e-10;0.0;177.6;0.0;177.6
2025-11-05 05:00:00;48.709432;0.0;-2.25328e-10;-7.3387056e-10;177.6;-8.1541173e-10;177.6
2025-11-05 06:00:00;48.709432;0.0;-2.250056e-10;-2.1159034e-12;177.6;-2.3510038e-12;177.6
2025-11-05 07:00:00;57.491391;0.0;-5.2370299e-13;0.0;209.62;0.0;209.62
2025-11-05 08:00:00;57.191391;0.3;-3.2240282e-13;0.0;209.62;0.0;209.62
2025-11-05 09:00:00;50.261391;7.230000000000001;0.0;-1.0579122e-12;209.62;-1.175458e-12;209.62
2025-11-05 10:00:00;9.2292032;29.199999999999996;0.0;0.0;140.13;0.0;140.13
2025-11-05 11:00:00;0.0;71.3;32.875771;0.0;140.13;0.0;140.13
2025-11-05 12:00:00;0.0;101.99999999999999;63.577963;-1.0467638e-12;140.13;-1.1630709e-12;140.13
2025-11-05 13:00:00;0.0;126.0;105.34893;-1.0589469e-12;75.31;-1.1766076e-12;75.31
2025-11-05 14:00:00;0.0;127.00000000000001;106.34632;0.0;75.31;0.0;75.31
2025-11-05 15:00:00;0.0;99.10000000000001;78.445117;0.0;75.31;0.0;75.31
2025-11-05 16:00:00;0.0;62.2;41.750815;0.0;74.56;0.0;74.56
2025-11-05 17:00:00;9.2491848;11.2;0.0;0.0;74.56;0.0;74.56
2025-11-05 18:00:00;20.049185;0.4;0.0;0.0;74.56;0.0;74.56
2025-11-05 19:00:00;27.190614;0.0;-5.2370299e-13;0.0;99.14;0.0;99.14
2025-11-05 20:00:00;27.190614;0.0;-2.9331891e-10;0.0;99.14;0.0;99.14
2025-11-05 21:00:00;27.190614;0.0;-2.2468321e-10;-1.0579649e-12;99.14;-1.1755165e-12;99.14
2025-11-05 22:00:00;29.549291;0.0;-2.2436081e-10;0.0;107.74;0.0;107.74
2025-11-05 23:00:00;29.549291;0.0;-2.240384e-10;-2.6871829e-10;107.74;-2.9857588e-10;107.74
2025-11-06 00:00:00;29.549291;0.0;-2.23716e-10;-5.5784941e-10;107.74;-6.1983268e-10;107.74
2025-11-06 01:00:00;40.796892;0.0;-2.2339359e-10;0.0;148.75;0.0;148.75
2025-11-06 02:00:00;40.796892;0.0;-2.2307118e-10;-1.0579649e-12;148.75;-1.1755165e-12;148.75
2025-11-06 03:00:00;40.796892;0.0;-2.2178157e-10;-2.1159297e-12;148.75;-2.351033e-12;148.75
2025-11-06 04:00:00;58.456803;0.0;-2.2145918e-10;0.0;213.14;0.0;213.14
2025-11-06 05:00:00;58.456803;0.0;-2.2113678e-10;-1.0579649e-12;213.14;-1.1755165e-12;213.14
2025-11-06 06:00:00;58.456803;0.0;-5.2370299e-13;0.0;213.14;0.0;213.14
2025-11-06 07:00:00;80.074356;0.0;-5.2370299e-13;0.0;291.96;0.0;291.96
2025-11-06 08:00:00;79.074356;1.0;0.0;0.0;291.96;0.0;291.96
2025-11-06 09:00:00;67.474356;12.599999999999998;0.0;0.0;291.96;0.0;291.96
2025-11-06 10:00:00;11.682069;37.1;0.0;0.0;177.88;0.0;177.88
2025-11-06 11:00:00;0.0;56.2;7.4234491;-5.055929e-12;177.88;-5.6176989e-12;177.88
2025-11-06 12:00:00;0.0;68.4;19.623403;-6.1543649e-12;177.88;-6.8381832e-12;177.88
2025-11-06 13:00:00;0.0;55.4;24.785423;0.0;111.64;0.0;111.64
2025-11-06 14:00:00;0.0;61.89999999999999;31.281936;-1.0865531e-12;111.64;-1.2072812e-12;111.64
2025-11-06 15:00:00;0.0;56.3;25.681076;0.0;111.64;0.0;111.64
2025-11-06 16:00:00;0.32399817;31.2;0.0;0.0;114.94;0.0;114.94
2025-11-06 17:00:00;23.323998;8.2;0.0;0.0;114.94;0.0;114.94
2025-11-06 18:00:00;31.323998;0.2;0.0;0.0;114.94;0.0;114.94
2025-11-06 19:00:00;43.240591;0.0;-5.2370299e-13;0.0;157.66;0.0;157.66
2025-11-06 20:00:00;43.240591;0.0;-5.2370299e-13;0.0;157.66;0.0;157.66
2025-11-06 21:00:00;43.240591;0.0;-2.2049193e-10;0.0;157.66;0.0;157.66
2025-11-06 22:00:00;51.254609;0.0;-2.2049196e-10;0.0;186.88;0.0;186.88
2025-11-06 23:00:00;51.254609;0.0;-2.2016956e-10;-1.0579583e-12;186.88;-1.1755092e-12;186.88
2025-11-07 00:00:00;51.254609;0.0;-2.1984715e-10;-2.1159232e-12;186.88;-2.3510257e-12;186.88
2025-11-07 01:00:00;52.395551;0.0;-2.1759035e-10;0.0;191.04;0.0;191.04
2025-11-07 02:00:00;52.395551;0.0;-2.1726795e-10;0.0;191.04;0.0;191.04
2025-11-07 03:00:00;52.395551;0.0;-2.1694554e-10;0.0;191.04;0.0;191.04
2025-11-07 04:00:00;75.019656;0.0;-2.1662313e-10;0.0;273.53;0.0;273.53
2025-11-07 05:00:00;75.019656;0.0;-2.1630072e-10;-1.0579649e-12;273.53;-1.1755165e-12;273.53
2025-11-07 06:00:00;75.019656;0.0;-5.2370299e-13;0.0;273.53;0.0;273.53
2025-11-07 07:00:00;100.90203;0.0;-5.2370299e-13;0.0;367.9;0.0;367.9
2025-11-07 08:00:00;100.10203;0.8;0.0;0.0;367.9;0.0;367.9
2025-11-07 09:00:00;93.222027;7.68;0.0;0.0;367.9;0.0;367.9
2025-11-07 10:00:00;29.290856;31.0;0.0;0.0;219.85;0.0;219.85
2025-11-07 11:00:00;0.0;67.8;7.5177001;-5.0344188e-12;219.85;-5.5937987e-12;219.85
2025-11-07 12:00:00;0.0;107.0;46.719858;0.0;219.85;0.0;219.85
2025-11-07 13:00:00;0.0;120.00000000000001;84.570059;0.0;129.21;0.0;129.21
2025-11-07 14:00:00;0.0;116.0;80.565302;0.0;129.21;0.0;129.21
2025-11-07 15:00:00;0.0;94.5;59.062243;0.0;129.21;0.0;129.21
2025-11-07 16:00:00;0.0;54.49999999999999;18.713927;0.0;130.48;0.0;130.48
2025-11-07 17:00:00;25.686073;10.1;0.0;0.0;130.48;0.0;130.48
2025-11-07 18:00:00;34.986073;0.8;0.0;0.0;130.48;0.0;130.48
2025-11-07 19:00:00;51.868962;0.0;-5.2370299e-13;0.0;189.12;0.0;189.12
2025-11-07 20:00:00;51.868962;0.0;-5.2370299e-13;0.0;189.12;0.0;189.12
2025-11-07 21:00:00;51.868962;0.0;-3.3699677e-11;0.0;189.12;0.0;189.12
2025-11-07 22:00:00;62.628371;0.0;-2.1597834e-10;0.0;228.35;0.0;228.34999999999997
2025-11-07 23:00:00;62.628371;0.0;-2.1565593e-10;-1.0579649e-12;228.35;-1.1755165e-12;228.34999999999997
2025-11-08 00:00:00;62.628371;0.0;-2.1533352e-10;-2.1159297e-12;228.35;-2.351033e-12;228.34999999999997
2025-11-08 01:00:00;75.239067;0.0;-2.1501111e-10;0.0;274.33;0.0;274.33
2025-11-08 02:00:00;75.239067;0.0;-2.1468871e-10;-6.079794e-10;274.33;-6.7553266e-10;274.33
2025-11-08 03:00:00;75.239067;0.0;-2.1436631e-10;-6.2597699e-10;274.33;-6.9552999e-10;274.33
2025-11-08 04:00:00;81.261923;0.0;-2.140439e-10;-3.1738946e-12;296.29;-3.5265496e-12;296.29
2025-11-08 05:00:00;81.261923;0.0;-2.133991e-10;-4.2318595e-12;296.29;-4.7020661e-12;296.29
2025-11-08 06:00:00;81.261923;0.0;-2.130767e-10;-5.2898243e-12;296.29;-5.8775826e-12;296.29
2025-11-08 07:00:00;87.836051;0.0;-2.4044484e-10;0.0;320.26;0.0;320.26
2025-11-08 08:00:00;87.336051;0.5;-3.2240282e-13;-1.0579649e-12;320.26;-1.1755165e-12;320.26
2025-11-08 09:00:00;79.456051;8.38;0.0;-2.1159297e-12;320.26;-2.351033e-12;320.26
2025-11-08 10:00:00;43.151743;25.199999999999996;0.0;0.0;249.22;0.0;249.22
2025-11-08 11:00:00;0.0;77.4;9.0507163;-5.048941e-12;249.22;-5.6099344e-12;249.22
2025-11-08 12:00:00;0.0;111.00000000000001;42.649752;-7.1369902e-12;249.22;-7.9299891e-12;249.22
2025-11-08 13:00:00;0.0;121.0;76.064452;0.0;163.84;0.0;163.84
2025-11-08 14:00:00;0.0;61.7;16.764452;-6.4000289e-15;163.84;-7.1111432e-15;163.84
2025-11-08 15:00:00;27.535548;17.4;0.0;0.0;163.84;0.0;163.84
2025-11-08 16:00:00;29.729179;11.8;0.0;0.0;151.42;0.0;151.42
2025-11-08 17:00:00;36.229179;5.3;0.0;0.0;151.42;0.0;151.42
2025-11-08 18:00:00;41.429179;0.1;0.0;0.0;151.42;0.0;151.42
2025-11-08 19:00:00;39.768399;0.0;-5.2370299e-13;0.0;145.0;0.0;145.0
2025-11-08 20:00:00;39.768399;0.0;-5.2370299e-13;0.0;145.0;0.0;145.0
2025-11-08 21:00:00;39.768399;0.0;-5.2370299e-13;0.0;145.0;0.0;145.0
2025-11-08 22:00:00;39.916502;0.0;-4.2485926e-10;0.0;145.54;0.0;145.54
2025-11-08 23:00:00;39.916502;0.0;-2.1275429e-10;0.0;145.54;0.0;145.54
2025-11-09 00:00:00;39.916502;0.0;-2.1210949e-10;-1.0579649e-12;145.54;-1.1755165e-12;145.54
2025-11-09 01:00:00;41.630657;0.0;-2.1178708e-10;0.0;151.79;0.0;151.79
2025-11-09 02:00:00;41.630657;0.0;-2.1146469e-10;-6.9048342e-10;151.79;-7.672038e-10;151.79
2025-11-09 03:00:00;41.630657;0.0;-2.1114228e-10;-2.1159297e-12;151.79;-2.351033e-12;151.79
2025-11-09 04:00:00;42.807253;0.0;-2.1081989e-10;0.0;156.08;0.0;156.08
2025-11-09 05:00:00;42.807253;0.0;-2.1049748e-10;-1.0579649e-12;156.08;-1.1755165e-12;156.08
2025-11-09 06:00:00;42.807253;0.0;-2.1017508e-10;-2.1159297e-12;156.08;-2.351033e-12;156.08
2025-11-09 07:00:00;43.106201;0.0;-2.0953027e-10;0.0;157.17;0.0;157.17
2025-11-09 08:00:00;43.106201;0.0;-2.0920786e-10;0.0;157.17;0.0;157.17
2025-11-09 09:00:00;41.106201;2.0;0.0;-1.0579649e-12;157.17;-1.1755165e-12;157.17
2025-11-09 10:00:00;33.156346;4.3;0.0;0.0;136.57;0.0;136.57
2025-11-09 11:00:00;22.556346;14.899999999999999;0.0;-1.0579649e-12;136.57;-1.1755165e-12;136.57
2025-11-09 12:00:00;0.45634618;37.0;0.0;0.0;136.57;0.0;136.57
2025-11-09 13:00:00;9.0639037;25.199999999999996;-3.2240282e-13;0.0;124.93;0.0;124.93000000000002
2025-11-09 14:00:00;11.663904;22.600000000000005;0.0;-9.2986333e-13;124.93;-1.0331815e-12;124.93000000000002
2025-11-09 15:00:00;12.463904;21.799999999999997;0.0;-1.94346e-12;124.93;-2.1594e-12;124.93000000000002
2025-11-09 16:00:00;19.912494;20.1;0.0;0.0;145.89;0.0;145.89
2025-11-09 17:00:00;28.612494;11.4;0.0;0.0;145.89;0.0;145.89
2025-11-09 18:00:00;38.912494;1.1;0.0;0.0;145.89;0.0;145.89
2025-11-09 19:00:00;54.50739;0.0;-5.2370299e-13;0.0;198.74;0.0;198.74
2025-11-09 20:00:00;54.50739;0.0;-4.0067905e-10;0.0;198.74;0.0;198.74
2025-11-09 21:00:00;54.50739;0.0;-2.0888546e-10;-6.4072621e-10;198.74;-7.1191801e-10;198.74
2025-11-09 22:00:00;65.543806;0.0;-2.0824066e-10;0.0;238.98;0.0;238.98
2025-11-09 23:00:00;65.543806;0.0;-2.0791826e-10;-3.585765e-12;238.98;-3.9841833e-12;238.98
2025-11-10 00:00:00;65.543806;0.0;-2.0759586e-10;-9.4552524e-11;238.98;-1.0505836e-10;238.98
2025-11-10 01:00:00;73.036721;0.0;-2.0727346e-10;0.0;266.3;0.0;266.3
2025-11-10 02:00:00;73.036721;0.0;-2.0695106e-10;0.0;266.3;-5.4495308e-26;266.3
2025-11-10 03:00:00;73.036721;0.0;-2.0630625e-10;-2.9479845e-10;266.3;-3.2755383e-10;266.3
2025-11-10 04:00:00;97.833003;0.0;-2.0598384e-10;0.0;356.71;0.0;356.71
2025-11-10 05:00:00;97.833003;0.0;-2.0533904e-10;0.0;356.71;0.0;356.71
2025-11-10 06:00:00;97.833003;0.0;-5.2370299e-13;0.0;356.71;0.0;356.71
2025-11-10 07:00:00;132.23678;0.0;-5.2370299e-13;29.565;482.15;32.85;515.0
2025-11-10 08:00:00;131.93678;0.3;0.0;29.565;482.15;32.85;515.0
2025-11-10 09:00:00;122.43678;9.8;0.0;29.565;482.15;32.85;515.0
2025-11-10 10:00:00;54.521316;36.2;0.0;0.0;330.78;0.0;330.78
2025-11-10 11:00:00;31.416843;59.3;0.0;0.0;330.78;0.0;330.78
2025-11-10 12:00:00;16.409192;74.3;0.0;0.0;330.78;0.0;330.78
2025-11-10 13:00:00;0.0;111.00000000000001;50.613804;-2.0925604e-12;220.18;-2.3250671e-12;220.18
2025-11-10 14:00:00;0.0;66.5;6.1123724;-4.1908796e-12;220.18;-4.6565329e-12;220.18
2025-11-10 15:00:00;28.987628;31.4;0.0;0.0;220.18;0.0;220.18
2025-11-10 16:00:00;26.283133;28.6;0.0;0.0;200.11;0.0;200.11
2025-11-10 17:00:00;50.753133;4.13;0.0;0.0;200.11;0.0;200.11
2025-11-10 18:00:00;54.883133;0.0;-5.2370299e-13;0.0;200.11;0.0;200.11
2025-11-10 19:00:00;52.949566;0.0;-2.2121719e-10;0.0;193.06;0.0;193.06
2025-11-10 20:00:00;52.949566;0.0;-2.0501662e-10;-1.0579649e-12;193.06;-1.1755165e-12;193.06
2025-11-10 21:00:00;52.949566;0.0;-2.0469424e-10;-7.2314624e-11;193.06;-8.0349582e-11;193.06
2025-11-10 22:00:00;52.417492;0.0;-2.0372702e-10;0.0;191.12;0.0;191.12
2025-11-10 23:00:00;52.417492;0.0;-2.0340462e-10;0.0;191.12;0.0;191.12
2025-11-11 00:00:00;52.417492;0.0;-2.0308222e-10;-1.0579649e-12;191.12;-1.1755165e-12;191.12
2025-11-11 01:00:00;48.495505;0.0;-2.0275982e-10;0.0;176.82;0.0;176.82
2025-11-11 02:00:00;48.495505;0.0;-2.0207435e-10;-1.0579649e-12;176.82;-1.1755165e-12;176.82
2025-11-11 03:00:00;48.495505;0.0;-2.02115e-10;-2.1159297e-12;176.82;-2.351033e-12;176.82
2025-11-11 04:00:00;56.767332;0.0;-2.014702e-10;0.0;206.98;0.0;206.98
2025-11-11 05:00:00;56.767332;0.0;-2.0078474e-10;-1.0579649e-12;206.98;-1.1755165e-12;206.98
2025-11-11 06:00:00;56.767332;0.0;-1.9804029e-10;-5.3469308e-10;206.98;-5.9410342e-10;206.98
2025-11-11 07:00:00;72.364772;0.0;-3.4361375e-10;0.0;263.85;0.0;263.85
2025-11-11 08:00:00;72.364772;0.0;-5.2370299e-13;0.0;263.85;0.0;263.85
2025-11-11 09:00:00;65.634772;6.73;0.0;-1.0579649e-12;263.85;-1.1755165e-12;263.85
2025-11-11 10:00:00;22.247021;29.599999999999998;0.0;0.0;189.04;0.0;189.04
2025-11-11 11:00:00;0.0;65.9;14.053076;-6.1135651e-12;189.04;-6.7928501e-12;189.04
2025-11-11 12:00:00;0.0;92.3;40.452979;-7.110863e-12;189.04;-7.9009589e-12;189.04
2025-11-11 13:00:00;0.0;91.69999999999999;54.435639;0.0;135.87;0.0;135.87
2025-11-11 14:00:00;0.0;72.1;34.835639;-7.2426289e-15;135.87;-8.0473655e-15;135.87
2025-11-11 15:00:00;0.0;79.7;42.435639;0.0;135.87;0.0;135.87
2025-11-11 16:00:00;0.0;46.6;9.5907055;0.0;134.94;0.0;134.94
2025-11-11 17:00:00;29.409295;7.6;0.0;0.0;134.94;0.0;134.94
2025-11-11 18:00:00;36.909295;0.1;0.0;0.0;134.94;0.0;134.94
2025-11-11 19:00:00;44.738077;0.0;-3.4329134e-10;0.0;163.12;0.0;163.12
2025-11-11 20:00:00;44.738077;0.0;-1.9771789e-10;-1.0579649e-12;163.12;-1.1755165e-12;163.12
2025-11-11 21:00:00;44.738077;0.0;-1.9739548e-10;-2.1159297e-12;163.12;-2.351033e-12;163.12
2025-11-11 22:00:00;43.418863;0.0;-1.9707308e-10;0.0;158.31;0.0;158.31
2025-11-11 23:00:00;43.418863;0.0;-1.9675067e-10;-1.0579649e-12;158.31;-1.1755165e-12;158.31
2025-11-12 00:00:00;43.418863;0.0;-1.9642827e-10;-2.1159297e-12;158.31;-2.351033e-12;158.31
2025-11-12 01:00:00;45.028798;0.0;-1.957428e-10;0.0;164.18;0.0;164.18
2025-11-12 02:00:00;45.028798;0.0;-1.954204e-10;-1.0579649e-12;164.18;-1.1755165e-12;164.18
2025-11-12 03:00:00;45.028798;0.0;-1.95098e-10;-2.1159297e-12;164.18;-2.351033e-12;164.18
2025-11-12 04:00:00;52.091117;0.0;-1.947756e-10;0.0;189.93;0.0;189.93
2025-11-12 05:00:00;52.091117;0.0;-1.9445319e-10;-1.0579649e-12;189.93;-1.1755165e-12;189.93
2025-11-12 06:00:00;52.091117;0.0;-1.941308e-10;-2.1159297e-12;189.93;-2.351033e-12;189.93
2025-11-12 07:00:00;70.392808;0.0;-8.7102035e-11;0.0;256.66;0.0;256.66
2025-11-12 08:00:00;70.392808;0.0;-1.8675615e-10;-1.0579649e-12;256.66;-1.1755165e-12;256.66
2025-11-12 09:00:00;65.212808;5.18;0.0;-2.1159297e-12;256.66;-2.351033e-12;256.66
2025-11-12 10:00:00;13.263728;24.1;0.0;0.0;136.24;0.0;136.24
2025-11-12 11:00:00;0.0;62.4;25.041415;-5.0151381e-12;136.24;-5.5723756e-12;136.24
2025-11-12 12:00:00;0.0;79.3;41.94251;-6.0741819e-12;136.24;-6.749091e-12;136.24
2025-11-12 13:00:00;0.0;76.5;51.833816;0.0;89.95;0.0;89.95
2025-11-12 14:00:00;0.0;57.9;33.229975;-2.1135795e-12;89.95;-2.3484217e-12;89.95
2025-11-12 15:00:00;0.0;31.8;7.1298796;0.0;89.95;0.0;89.95
2025-11-12 16:00:00;13.945878;12.4;-3.2240282e-13;0.0;96.06;0.0;96.06
2025-11-12 17:00:00;23.665878;2.68;0.0;0.0;96.06;0.0;96.06
2025-11-12 18:00:00;26.345878;0.0;-3.0782703e-10;0.0;96.06;0.0;96.06
2025-11-12 19:00:00;32.920006;0.0;-1.867562e-10;0.0;120.03;0.0;120.03
2025-11-12 20:00:00;32.920006;0.0;-1.8643379e-10;0.0;120.03;0.0;120.03
2025-11-12 21:00:00;32.920006;0.0;-1.8574832e-10;-1.0579649e-12;120.03;-1.1755165e-12;120.03
2025-11-12 22:00:00;30.972726;0.0;-1.8578898e-10;-3.1738946e-12;112.93;-3.5265496e-12;112.93000000000002
2025-11-12 23:00:00;30.972726;0.0;-1.8546657e-10;-4.2318595e-12;112.93;-4.7020661e-12;112.93000000000002
2025-11-13 00:00:00;30.972726;0.0;0.0;-5.2898243e-12;112.93;-5.8775826e-12;112.93000000000002
2025-11-13 01:00:00;21.038854;0.0;0.0;0.0;76.71;0.0;76.71
2025-11-13 02:00:00;21.038854;0.0;0.0;-1.0579649e-12;76.71;-1.1755165e-12;76.71
2025-11-13 03:00:00;21.038854;0.0;0.0;-5.0254277e-12;76.71;-5.5838085e-12;76.71
2025-11-13 04:00:00;19.20128;0.0;0.0;0.0;70.01;0.0;70.01
2025-11-13 05:00:00;19.20128;0.0;0.0;0.0;70.01;0.0;70.01
2025-11-13 06:00:00;19.20128;0.0;-1.8514417e-10;-1.0579649e-12;70.01;-1.1755165e-12;70.01
2025-11-13 07:00:00;24.878562;0.0;-1.8445871e-10;0.0;90.71;0.0;90.71
2025-11-13 08:00:00;24.878562;0.0;-1.841363e-10;-1.0579649e-12;90.71;-1.1755165e-12;90.71
2025-11-13 09:00:00;21.178562;3.6999999999999997;-3.2240282e-13;-2.1159297e-12;90.71;-2.351033e-12;90.71
2025-11-13 10:00:00;0.0;18.6;0.54670745;0.0;65.83;0.0;65.83
2025-11-13 11:00:00;0.0;26.9;8.8487748;-1.0580026e-12;65.83;-1.1755585e-12;65.83
2025-11-13 12:00:00;0.0;45.3;27.249459;-2.1142299e-12;65.83;-2.3491443e-12;65.83
2025-11-13 13:00:00;0.0;103.0;97.970874;0.0;18.34;0.0;18.34
2025-11-13 14:00:00;0.0;81.9;76.870088;-2.1162939e-12;18.34;-2.3514377e-12;18.34
2025-11-13 15:00:00;0.0;38.5;33.469983;-2.1123749e-12;18.34;-2.3470832e-12;18.34
2025-11-13 16:00:00;0.0;17.2;4.9815024;0.0;44.55;0.0;44.55
2025-11-13 17:00:00;9.9884976;2.23;0.0;0.0;44.55;0.0;44.55
2025-11-13 18:00:00;12.218498;0.0;-5.2370299e-13;0.0;44.55;0.0;44.55
2025-11-13 19:00:00;20.013104;0.0;-5.2370299e-13;0.0;72.97;0.0;72.97
2025-11-13 20:00:00;20.013104;0.0;-5.2370299e-13;0.0;72.97;0.0;72.97
2025-11-13 21:00:00;20.013104;0.0;-5.2370299e-13;0.0;72.97;0.0;72.97
2025-11-13 22:00:00;24.154503;0.0;-1.8983162e-12;0.0;88.07;0.0;88.07
2025-11-13 23:00:00;24.154503;0.0;-1.7748693e-10;0.0;88.07;0.0;88.07
2025-11-14 00:00:00;24.154503;0.0;-1.8417698e-10;-1.0579649e-12;88.07;-1.1755165e-12;88.07
2025-11-14 01:00:00;20.213317;0.0;-1.8385456e-10;0.0;73.7;0.0;73.7
2025-11-14 02:00:00;20.213317;0.0;-1.8353215e-10;-1.0579649e-12;73.7;-1.1755165e-12;73.7
2025-11-14 03:00:00;20.213317;0.0;-1.8320976e-10;-2.1159297e-12;73.7;-2.351033e-12;73.7
2025-11-14 04:00:00;24.074966;0.0;-1.8288736e-10;0.0;87.78;0.0;87.78
2025-11-14 05:00:00;24.074966;0.0;-1.8256496e-10;-1.0579649e-12;87.78;-1.1755165e-12;87.78
2025-11-14 06:00:00;24.074966;0.0;-5.2370299e-13;0.0;87.78;0.0;87.78
2025-11-14 07:00:00;27.388085;0.0;-5.2370299e-13;0.0;99.86;0.0;99.86
2025-11-14 08:00:00;27.388085;0.0;-5.2370299e-13;0.0;99.86;0.0;99.86
2025-11-14 09:00:00;25.558085;1.83;0.0;0.0;99.86;0.0;99.86
2025-11-14 10:00:00;10.530169;7.500000000000001;0.0;0.0;65.74;0.0;65.74
2025-11-14 11:00:00;1.8301691;16.2;-1.7179545e-28;0.0;65.74;0.0;65.74
2025-11-14 12:00:00;8.8301691;9.2;0.0;0.0;65.74;0.0;65.74
2025-11-14 13:00:00;11.62956;8.4;0.0;0.0;73.03;0.0;73.03
2025-11-14 14:00:00;5.7295597;14.3;0.0;0.0;73.03;0.0;73.03
2025-11-14 15:00:00;4.8295597;15.2;0.0;0.0;73.03;0.0;73.03
2025-11-14 16:00:00;8.3852278;9.25;0.0;0.0;64.3;0.0;64.3
2025-11-14 17:00:00;15.805228;1.83;0.0;0.0;64.3;0.0;64.3
2025-11-14 18:00:00;17.635228;0.0;-5.2370299e-13;0.0;64.3;0.0;64.3
2025-11-14 19:00:00;17.928691;0.0;-3.1120455e-11;0.0;65.37;0.0;65.37
2025-11-14 20:00:00;17.928691;0.0;-1.8224256e-10;0.0;65.37;0.0;65.37
2025-11-14 21:00:00;17.928691;0.0;-1.8192015e-10;-1.057978e-12;65.37;-1.1755312e-12;65.37
2025-11-14 22:00:00;17.531007;0.0;-1.8159774e-10;0.0;63.92;0.0;63.92000000000001
2025-11-14 23:00:00;17.531007;0.0;-1.8127535e-10;-1.0579649e-12;63.92;-1.1755165e-12;63.92000000000001
2025-11-15 00:00:00;17.531007;0.0;-1.8058988e-10;-2.1159297e-12;63.92;-2.351033e-12;63.92000000000001
2025-11-15 01:00:00;23.00259;0.0;-1.8026747e-10;0.0;83.87;0.0;83.87
2025-11-15 02:00:00;23.00259;0.0;-1.8030813e-10;-1.0579649e-12;83.87;-1.1755165e-12;83.87
2025-11-15 03:00:00;23.00259;0.0;-1.7962266e-10;-2.1159297e-12;83.87;-2.351033e-12;83.87
2025-11-15 04:00:00;30.629895;0.0;-1.7930025e-10;0.0;111.68;0.0;111.68
2025-11-15 05:00:00;30.629895;0.0;-1.7897785e-10;-1.0579649e-12;111.68;-1.1755165e-12;111.68
2025-11-15 06:00:00;30.629895;0.0;-1.7704343e-10;-2.1159297e-12;111.68;-2.351033e-12;111.68
2025-11-15 07:00:00;31.927167;0.0;-1.7672104e-10;0.0;116.41;0.0;116.41000000000001
2025-11-15 08:00:00;31.927167;0.0;-1.7676171e-10;-1.0579649e-12;116.41;-1.1755165e-12;116.41000000000001
2025-11-15 09:00:00;30.677167;1.25;0.0;-2.1159297e-12;116.41;-2.351033e-12;116.41000000000001
2025-11-15 10:00:00;22.903666;5.48;0.0;0.0;103.49;0.0;103.49
2025-11-15 11:00:00;17.483666;10.899999999999999;0.0;-1.0579649e-12;103.49;-1.1755165e-12;103.49
2025-11-15 12:00:00;16.583666;11.8;0.0;-2.1159297e-12;103.49;-2.351033e-12;103.49
2025-11-15 13:00:00;13.121179;11.9;0.0;0.0;91.23;0.0;91.23
2025-11-15 14:00:00;9.9211793;15.1;-3.2240282e-13;-9.5021739e-13;91.23;-1.0557971e-12;91.23
2025-11-15 15:00:00;4.8211793;20.2;0.0;0.0;91.23;0.0;91.23
2025-11-15 16:00:00;4.1334298;22.099999999999998;0.0;0.0;95.65;0.0;95.65
2025-11-15 17:00:00;22.15343;4.08;0.0;0.0;95.65;0.0;95.65
2025-11-15 18:00:00;26.23343;0.0;-5.2370299e-13;0.0;95.65;0.0;95.65
2025-11-15 19:00:00;29.488953;0.0;-5.2370299e-13;0.0;107.52;0.0;107.52
2025-11-15 20:00:00;29.488953;0.0;-2.6978792e-10;0.0;107.52;0.0;107.52
2025-11-15 21:00:00;29.488953;0.0;-1.9006064e-10;0.0;107.52;0.0;107.52
2025-11-15 22:00:00;33.487734;0.0;-1.7611681e-10;0.0;122.1;0.0;122.1
2025-11-15 23:00:00;33.487734;0.0;-1.761169e-10;-1.0579649e-12;122.1;-1.1755165e-12;122.1
2025-11-16 00:00:00;33.487734;0.0;-1.7579449e-10;-5.5756461e-10;122.1;-6.1951624e-10;122.1
2025-11-16 01:00:00;33.147646;0.0;-1.7547208e-10;0.0;120.86;0.0;120.86
2025-11-16 02:00:00;33.147646;0.0;-1.7514969e-10;-1.0579649e-12;120.86;-1.1755165e-12;120.86
2025-11-16 03:00:00;33.147646;0.0;-1.7482728e-10;-2.1159297e-12;120.86;-2.351033e-12;120.86
2025-11-16 04:00:00;33.419168;0.0;-1.7450488e-10;0.0;121.85;0.0;121.85
2025-11-16 05:00:00;33.419168;0.0;-1.7224806e-10;0.0;121.85;0.0;121.85
2025-11-16 06:00:00;33.419168;0.0;-1.7192565e-10;-5.2370591e-10;121.85;-5.8189546e-10;121.85
2025-11-16 07:00:00;40.234649;0.0;-1.7095845e-10;0.0;146.7;0.0;146.7
2025-11-16 08:00:00;40.234649;0.0;-1.7063606e-10;-1.0579649e-12;146.7;-1.1755165e-12;146.7
2025-11-16 09:00:00;39.104649;1.13;0.0;-2.1159297e-12;146.7;-2.351033e-12;146.7
2025-11-16 10:00:00;34.595109;16.1;0.0;0.0;184.84;0.0;184.84
2025-11-16 11:00:00;42.115109;8.58;0.0;-1.0579649e-12;184.84;-1.1755165e-12;184.84
2025-11-16 12:00:00;42.045109;8.65;0.0;-2.1159297e-12;184.84;-2.351033e-12;184.84
2025-11-16 13:00:00;48.280436;10.5;-3.2240282e-13;0.0;214.32;0.0;214.32
2025-11-16 14:00:00;48.680436;10.1;0.0;0.0;214.32;0.0;214.32
2025-11-16 15:00:00;53.460436;5.32;0.0;0.0;214.32;0.0;214.32
2025-11-16 16:00:00;61.093159;3.2;0.0;0.0;234.42;0.0;234.42
2025-11-16 17:00:00;63.943159;0.35;0.0;0.0;234.42;0.0;234.42
2025-11-16 18:00:00;64.293159;0.0;-5.2370299e-13;0.0;234.42;0.0;234.42
2025-11-16 19:00:00;71.16075;0.0;-5.2370299e-13;0.0;259.46;0.0;259.46
2025-11-16 20:00:00;71.16075;0.0;-1.8973823e-10;0.0;259.46;0.0;259.46
2025-11-16 21:00:00;71.16075;0.0;-1.7031364e-10;-1.0579649e-12;259.46;-1.1755165e-12;259.46
2025-11-16 22:00:00;76.753009;0.0;-1.6999124e-10;0.0;279.85;0.0;279.85
2025-11-16 23:00:00;76.753009;0.0;-1.6966884e-10;-4.5109401e-10;279.85;-5.0121557e-10;279.85
2025-11-17 00:00:00;76.753009;0.0;-1.6934643e-10;-1.4360533e-10;279.85;-1.5956147e-10;279.85
2025-11-17 01:00:00;91.930824;0.0;-1.6902404e-10;0.0;335.19;0.0;335.19
2025-11-17 02:00:00;91.930824;0.0;-1.6870163e-10;-1.0579649e-12;335.19;-1.1755165e-12;335.19
2025-11-17 03:00:00;91.930824;0.0;-1.6801615e-10;-2.1159297e-12;335.19;-2.351033e-12;335.19
2025-11-17 04:00:00;103.83666;0.0;-1.6805682e-10;0.0;378.6;0.0;378.6
2025-11-17 05:00:00;103.83666;0.0;-1.6773443e-10;-1.0579649e-12;378.6;-1.1755165e-12;378.6
2025-11-17 06:00:00;103.83666;0.0;-1.6741203e-10;-2.1159297e-12;378.6;-2.351033e-12;378.6
2025-11-17 07:00:00;120.67652;0.0;-5.2370299e-13;-8.9565904e-13;440.0;-9.9517671e-13;440.0
2025-11-17 08:00:00;120.67652;0.0;-5.2370299e-13;0.0;440.0;0.0;440.0
2025-11-17 09:00:00;118.04652;2.63;0.0;-1.9536239e-12;440.0;-2.1706932e-12;440.0
2025-11-17 10:00:00;94.72284;18.0;0.0;0.0;411.0;0.0;411.0
2025-11-17 11:00:00;86.92284;25.799999999999997;0.0;-1.0579649e-12;411.0;-1.1755165e-12;411.0
2025-11-17 12:00:00;71.92284;40.8;0.0;-2.1159297e-12;411.0;-2.351033e-12;411.0
2025-11-17 13:00:00;9.6915587;98.1;0.0;0.0;393.02;0.0;393.02
2025-11-17 14:00:00;12.491559;95.3;0.0;-2.2776284e-12;393.02;-2.5306982e-12;393.02
2025-11-17 15:00:00;39.791559;68.0;0.0;0.0;393.02;0.0;393.02
2025-11-17 16:00:00;76.947981;20.8;0.0;0.0;356.4;0.0;356.4
2025-11-17 17:00:00;91.467981;6.28;0.0;0.0;356.4;0.0;356.4
2025-11-17 18:00:00;97.647981;0.1;0.0;0.0;356.4;0.0;356.4
2025-11-17 19:00:00;99.283864;0.0;-2.8655247e-12;0.0;362.0;0.0;362.0
2025-11-17 20:00:00;99.283864;0.0;-1.8909343e-10;-4.2554088e-13;362.0;-4.728232e-13;362.0
2025-11-17 21:00:00;99.283864;0.0;-1.6708962e-10;-1.4835058e-12;362.0;-1.6483397e-12;362.0
2025-11-17 22:00:00;108.07954;0.0;-1.6676722e-10;0.0;394.07;0.0;394.07
2025-11-17 23:00:00;108.07954;0.0;-1.6644482e-10;-1.060914e-12;394.07;-1.1787933e-12;394.07
2025-11-18 00:00:00;108.07954;0.0;-1.661224e-10;-2.1188788e-12;394.07;-2.3543098e-12;394.07
2025-11-18 01:00:00;107.04282;0.0;-1.6515521e-10;0.0;390.29;0.0;390.29
2025-11-18 02:00:00;107.04282;0.0;-1.648328e-10;-1.0611246e-12;390.29;-1.1790274e-12;390.29
2025-11-18 03:00:00;107.04282;0.0;-1.6382493e-10;-2.1190895e-12;390.29;-2.3545439e-12;390.29
2025-11-18 04:00:00;113.86104;0.0;-1.638656e-10;0.0;415.15;0.0;415.15
2025-11-18 05:00:00;113.86104;0.0;-1.6354319e-10;-1.0579649e-12;415.15;-1.1755165e-12;415.15
2025-11-18 06:00:00;113.86104;0.0;-1.6322078e-10;-2.1159297e-12;415.15;-2.351033e-12;415.15
2025-11-18 07:00:00;132.23678;0.0;-2.9073968e-10;46.665;482.15;51.85;534.0
2025-11-18 08:00:00;132.23678;0.0;-5.2370299e-13;46.665;482.15;51.85;534.0
2025-11-18 09:00:00;125.66678;6.57;0.0;46.665;482.15;51.85;534.0
2025-11-18 10:00:00;110.79343;12.899999999999999;-3.2239102e-13;0.0;451.0;0.0;451.00000000000006
2025-11-18 11:00:00;96.993433;26.7;0.0;-1.0579649e-12;451.0;-1.1755165e-12;451.00000000000006
2025-11-18 12:00:00;42.793433;80.9;0.0;-2.1159297e-12;451.0;-2.351033e-12;451.00000000000006
2025-11-18 13:00:00;3.7464574;108.0;0.0;0.0;407.44;0.0;407.44
2025-11-18 14:00:00;51.346457;60.4;0.0;0.0;407.44;0.0;407.44
2025-11-18 15:00:00;86.546457;25.199999999999996;0.0;0.0;407.44;0.0;407.44
2025-11-18 16:00:00;94.048233;7.15;0.0;0.0;368.98;0.0;368.98
2025-11-18 17:00:00;100.09823;1.1;0.0;0.0;368.98;0.0;368.98
2025-11-18 18:00:00;101.19823;0.0;-5.2370299e-13;0.0;368.98;0.0;368.98
2025-11-18 19:00:00;93.318604;0.0;-5.2370299e-13;0.0;340.25;0.0;340.25
2025-11-18 20:00:00;93.318604;0.0;-8.6779632e-11;0.0;340.25;0.0;340.25
2025-11-18 21:00:00;93.318604;0.0;-1.6289837e-10;-1.0579649e-12;340.25;-1.1755165e-12;340.25
2025-11-18 22:00:00;87.561786;0.0;-1.6257597e-10;0.0;319.26;0.0;319.26
2025-11-18 23:00:00;87.561786;0.0;-1.6225357e-10;-1.0579649e-12;319.26;-1.1755165e-12;319.26
2025-11-19 00:00:00;87.561786;0.0;-1.6193118e-10;-3.1992444e-10;319.26;-3.554716e-10;319.26
2025-11-19 01:00:00;85.098888;0.0;-1.6160877e-10;0.0;310.28;0.0;310.28
2025-11-19 02:00:00;85.098888;0.0;-1.6064155e-10;0.0;310.28;0.0;310.28
2025-11-19 03:00:00;85.098888;0.0;-1.5999676e-10;-1.0579649e-12;310.28;-1.1755165e-12;310.28
2025-11-19 04:00:00;97.476459;0.0;-1.5967435e-10;0.0;355.41;0.0;355.41
2025-11-19 05:00:00;97.476459;0.0;-1.5935195e-10;-3.8126606e-10;355.41;-4.2362896e-10;355.41
2025-11-19 06:00:00;97.476459;0.0;-1.5902955e-10;-2.1159297e-12;355.41;-2.351033e-12;355.41
2025-11-19 07:00:00;129.45299;0.0;-5.2370299e-13;0.0;472.0;0.0;472.0
2025-11-19 08:00:00;129.45299;0.0;-5.2370299e-13;-1.0579649e-12;472.0;-1.1755165e-12;472.0
2025-11-19 09:00:00;128.22299;1.23;0.0;-2.1159297e-12;472.0;-2.351033e-12;472.0
2025-11-19 10:00:00;113.08461;13.9;0.0;0.0;463.0;0.0;462.99999999999994
2025-11-19 11:00:00;115.78461;11.2;-1.8531763e-12;-1.0579649e-12;463.0;-1.1755165e-12;462.99999999999994
2025-11-19 12:00:00;118.50461;8.48;0.0;-2.1159297e-12;463.0;-2.351033e-12;462.99999999999994
2025-11-19 13:00:00;117.68167;10.4;-3.2240282e-13;0.0;467.0;0.0;467.00000000000006
2025-11-19 14:00:00;118.35167;9.73;0.0;-1.0579649e-12;467.0;-1.1755165e-12;467.00000000000006
2025-11-19 15:00:00;115.38167;12.700000000000001;0.0;-2.1159297e-12;467.0;-2.351033e-12;467.00000000000006
2025-11-19 16:00:00;92.274775;5.55;0.0;0.0;356.68;0.0;356.68
2025-11-19 17:00:00;97.424775;0.4;0.0;0.0;356.68;0.0;356.68
2025-11-19 18:00:00;97.824775;0.0;-5.2370299e-13;0.0;356.68;0.0;356.68
2025-11-19 19:00:00;93.601097;0.0;-5.2370299e-13;0.0;341.28;0.0;341.28
2025-11-19 20:00:00;93.601097;0.0;-3.7875565e-10;0.0;341.28;0.0;341.28
2025-11-19 21:00:00;93.601097;0.0;-1.5838471e-10;-1.0579912e-12;341.28;-1.1755458e-12;341.28
2025-11-19 22:00:00;107.84915;0.0;-1.5838475e-10;0.0;393.23;0.0;393.23
2025-11-19 23:00:00;107.84915;0.0;-1.5806234e-10;-1.0579649e-12;393.23;-1.1755165e-12;393.23
2025-11-20 00:00:00;107.84915;0.0;-1.5773993e-10;-2.1159297e-12;393.23;-2.351033e-12;393.23
2025-11-20 01:00:00;103.74615;0.0;-1.5741753e-10;0.0;378.27;0.0;378.27
2025-11-20 02:00:00;103.74615;0.0;-1.5709513e-10;-2.0592352e-10;378.27;-2.2880392e-10;378.27
2025-11-20 03:00:00;103.74615;0.0;-1.5677273e-10;-2.186199e-10;378.27;-2.42911e-10;378.27
2025-11-20 04:00:00;118.10392;0.0;-1.5645033e-10;0.0;430.62;0.0;430.62
2025-11-20 05:00:00;118.10392;0.0;-1.5612791e-10;0.0;430.62;0.0;430.62
2025-11-20 06:00:00;118.10392;0.0;-2.2089479e-10;-1.0579649e-12;430.62;-1.1755165e-12;430.62
2025-11-20 07:00:00;132.23678;0.0;-5.2370299e-13;89.865;482.15;99.85;582.0
2025-11-20 08:00:00;132.23678;0.0;-5.2370299e-13;89.865;482.15;99.85;582.0
2025-11-20 09:00:00;130.96678;1.27;0.0;89.865;482.15;99.85;582.0
2025-11-20 10:00:00;119.73678;12.5;0.0;41.472;482.15;46.08;528.23
2025-11-20 11:00:00;93.636782;38.6;0.0;41.472;482.15;46.08;528.23
2025-11-20 12:00:00;86.036782;46.2;0.0;41.472;482.15;46.08;528.23
2025-11-20 13:00:00;79.404464;49.5;0.0;0.0;470.0;0.0;470.0
2025-11-20 14:00:00;92.604464;36.3;0.0;-1.0579649e-12;470.0;-1.1755165e-12;470.0
2025-11-20 15:00:00;75.704464;53.20000000000001;0.0;-2.1159297e-12;470.0;-2.351033e-12;470.0
2025-11-20 16:00:00;100.4222;11.7;0.0;0.0;408.81;0.0;408.81
2025-11-20 17:00:00;110.3722;1.75;0.0;0.0;408.81;0.0;408.81
2025-11-20 18:00:00;112.1222;0.0;-5.2370299e-13;0.0;408.81;0.0;408.81
2025-11-20 19:00:00;105.389;0.0;-5.2370299e-13;0.0;384.26;0.0;384.26
2025-11-20 20:00:00;105.389;0.0;-5.2370299e-13;0.0;384.26;0.0;384.26
2025-11-20 21:00:00;105.389;0.0;-5.2370299e-13;0.0;384.26;0.0;384.26
2025-11-20 22:00:00;113.88847;0.0;-1.7189398e-10;0.0;415.25;0.0;415.25
2025-11-20 23:00:00;113.88847;0.0;-1.5580551e-10;-4.7501458e-10;415.25;-5.2779398e-10;415.25
2025-11-21 00:00:00;113.88847;0.0;-1.5516065e-10;-2.1159297e-12;415.25;-2.351033e-12;415.25
2025-11-21 01:00:00;115.53954;0.0;-1.5516071e-10;0.0;421.27;0.0;421.27
2025-11-21 02:00:00;115.53954;0.0;-1.545159e-10;0.0;421.27;0.0;421.27
2025-11-21 03:00:00;115.53954;0.0;-1.541935e-10;-1.0579649e-12;421.27;-1.1755165e-12;421.27
2025-11-21 04:00:00;123.99512;0.0;-1.5387109e-10;-1.0033012e-12;452.1;-1.1147791e-12;452.09999999999997
2025-11-21 05:00:00;123.99512;0.0;-1.5943237e-10;-2.0612661e-12;452.1;-2.2902956e-12;452.09999999999997
2025-11-21 06:00:00;123.99512;0.0;-5.2370299e-13;0.0;452.1;0.0;452.09999999999997
2025-11-21 07:00:00;132.23678;0.0;-5.2370299e-13;103.365;482.15;114.85;597.0
2025-11-21 08:00:00;132.23678;0.0;-5.2370299e-13;103.365;482.15;114.85;597.0
2025-11-21 09:00:00;130.73678;1.5;0.0;103.365;482.15;114.85;597.0
2025-11-21 10:00:00;119.03678;13.2;0.0;59.265;482.15;65.85;548.0
2025-11-21 11:00:00;68.536782;63.699999999999996;0.0;59.265;482.15;65.85;548.0
2025-11-21 12:00:00;38.930974;93.3;0.0;59.265;482.15;65.85;548.0
2025-11-21 13:00:00;24.236782;108.0;0.0;6.174;482.15;6.86;489.01
2025-11-21 14:00:00;42.536782;89.69999999999999;0.0;6.174;482.15;6.86;489.01
2025-11-21 15:00:00;51.936782;80.3;0.0;6.174;482.15;6.86;489.01
2025-11-21 16:00:00;85.461359;37.7;0.0;0.0;449.06;0.0;449.06
2025-11-21 17:00:00;119.16136;4.0;0.0;0.0;449.06;0.0;449.06
2025-11-21 18:00:00;123.16136;0.0;-5.2370299e-13;0.0;449.06;0.0;449.06
2025-11-21 19:00:00;124.31053;0.0;-5.2370299e-13;0.0;453.25;0.0;453.25
2025-11-21 20:00:00;124.31053;0.0;-5.2370299e-13;0.0;453.25;0.0;453.25
2025-11-21 21:00:00;124.31053;0.0;-5.2370299e-13;0.0;453.25;0.0;453.25
2025-11-21 22:00:00;132.23678;0.0;-3.1266307e-10;6.39;482.15;7.1;489.24999999999994
2025-11-21 23:00:00;132.23678;0.0;-1.5354869e-10;6.39;482.15;7.1;489.24999999999994
2025-11-22 00:00:00;132.23678;0.0;-1.6394601e-10;6.39;482.15;7.1;489.24999999999994
2025-11-22 01:00:00;132.23678;0.0;-1.5322629e-10;15.39;482.15;17.1;499.25
2025-11-22 02:00:00;132.23678;0.0;-1.5290389e-10;15.39;482.15;17.1;499.25
2025-11-22 03:00:00;132.23678;0.0;-1.5258148e-10;15.39;482.15;17.1;499.25
2025-11-22 04:00:00;132.23678;0.0;-1.5225909e-10;11.997;482.15;13.33;495.48
2025-11-22 05:00:00;132.23678;0.0;-1.5193668e-10;11.997;482.15;13.33;495.48
2025-11-22 06:00:00;132.23678;0.0;-1.5161427e-10;11.997;482.15;13.33;495.48
2025-11-22 07:00:00;132.23678;0.0;-3.0475649e-11;45.918;482.15;51.02;533.17
2025-11-22 08:00:00;132.23678;0.0;-2.6043382e-10;45.918;482.15;51.02;533.17
2025-11-22 09:00:00;128.73678;3.5;0.0;45.918;482.15;51.02;533.17
2025-11-22 10:00:00;96.09098;34.3;-2.1770902e-12;0.0;475.42;0.0;475.41999999999996
2025-11-22 11:00:00;68.49098;61.89999999999999;0.0;-1.0579649e-12;475.42;-1.1755165e-12;475.41999999999996
2025-11-22 12:00:00;61.39098;69.0;0.0;-2.1159297e-12;475.42;-2.351033e-12;475.41999999999996
2025-11-22 13:00:00;31.759013;71.2;0.0;0.0;375.4;0.0;375.4
2025-11-22 14:00:00;38.159013;64.8;0.0;-9.3663046e-13;375.4;-1.0407005e-12;375.4
2025-11-22 15:00:00;41.559013;61.4;0.0;-1.9945953e-12;375.4;-2.216217e-12;375.4
2025-11-22 16:00:00;80.137376;30.8;0.0;0.0;404.49;0.0;404.49
2025-11-22 17:00:00;104.18738;6.75;0.0;0.0;404.49;0.0;404.49
2025-11-22 18:00:00;110.93738;0.0;-2.9267852e-10;-1.0613353e-12;404.49;-1.1792614e-12;404.49
2025-11-22 19:00:00;123.77571;0.0;-1.5129189e-10;0.0;451.3;0.0;451.3
2025-11-22 20:00:00;123.77571;0.0;-1.5096948e-10;-4.0944808e-10;451.3;-4.5494232e-10;451.3
2025-11-22 21:00:00;123.77571;0.0;-1.5064708e-10;-2.1159297e-12;451.3;-2.351033e-12;451.3
2025-11-22 22:00:00;126.5211;0.0;-1.5032468e-10;0.0;461.31;0.0;461.31
2025-11-22 23:00:00;126.5211;0.0;-1.5000227e-10;-1.0579649e-12;461.31;-1.1755165e-12;461.31
2025-11-23 00:00:00;126.5211;0.0;-1.4967987e-10;-2.1159297e-12;461.31;-2.351033e-12;461.31
2025-11-23 01:00:00;130.89837;0.0;-1.4935746e-10;0.0;477.27;0.0;477.27000000000004
2025-11-23 02:00:00;130.89837;0.0;-1.4867198e-10;-1.0579649e-12;477.27;-1.1755165e-12;477.27000000000004
2025-11-23 03:00:00;130.89837;0.0;-1.4834959e-10;-2.1159297e-12;477.27;-2.351033e-12;477.27000000000004
2025-11-23 04:00:00;125.13058;0.0;-1.4802719e-10;0.0;456.24;0.0;456.24
2025-11-23 05:00:00;125.13058;0.0;-1.4770478e-10;-1.0579122e-12;456.24;-1.175458e-12;456.24
2025-11-23 06:00:00;125.13058;0.0;-1.4738238e-10;-2.1158771e-12;456.24;-2.3509745e-12;456.24
2025-11-23 07:00:00;120.47356;0.0;-1.4705997e-10;0.0;439.26;0.0;439.26
2025-11-23 08:00:00;120.47356;0.0;-1.4714129e-10;-1.0579649e-12;439.26;-1.1755165e-12;439.26
2025-11-23 09:00:00;119.47356;1.0;-1.4909776e-12;-2.1159297e-12;439.26;-2.351033e-12;439.26
2025-11-23 10:00:00;100.25099;5.98;0.0;0.0;387.33;0.0;387.33
2025-11-23 11:00:00;92.530992;13.7;-1.8954879e-12;-1.0579649e-12;387.33;-1.1755165e-12;387.33
2025-11-23 12:00:00;38.730992;67.5;0.0;-2.1159297e-12;387.33;-2.351033e-12;387.33
2025-11-23 13:00:00;17.48906;75.1;0.0;-2.1276735e-12;337.59;-2.3640816e-12;337.59
2025-11-23 14:00:00;58.28906;34.3;-1.4920165e-12;0.0;337.59;0.0;337.59
2025-11-23 15:00:00;81.38906;11.2;0.0;-4.9271842e-12;337.59;-5.4746491e-12;337.59
2025-11-23 16:00:00;102.59174;2.8;0.0;0.0;384.27;0.0;384.27
2025-11-23 17:00:00;104.34174;1.05;0.0;-1.0579649e-12;384.27;-1.1755165e-12;384.27
2025-11-23 18:00:00;105.39174;0.0;-1.4677823e-10;-2.1159297e-12;384.27;-2.351033e-12;384.27
2025-11-23 19:00:00;91.393265;0.0;-1.4645584e-10;0.0;333.23;0.0;333.23
2025-11-23 20:00:00;91.393265;0.0;-1.4613343e-10;-1.0579649e-12;333.23;-1.1755165e-12;333.23
2025-11-23 21:00:00;91.393265;0.0;-1.4581103e-10;-2.1159297e-12;333.23;-2.351033e-12;333.23
2025-11-23 22:00:00;90.595155;0.0;-1.458517e-10;0.0;330.32;0.0;330.32
2025-11-23 23:00:00;90.595155;0.0;-1.4480315e-10;-1.0579649e-12;330.32;-1.1755165e-12;330.32
2025-11-24 00:00:00;90.595155;0.0;-1.452069e-10;-2.1159297e-12;330.32;-2.351033e-12;330.32
2025-11-24 01:00:00;92.501295;0.0;-1.4452141e-10;0.0;337.27;0.0;337.27
2025-11-24 02:00:00;92.501295;0.0;-1.4383594e-10;-1.0579649e-12;337.27;-1.1755165e-12;337.27
2025-11-24 03:00:00;92.501295;0.0;-1.4423969e-10;-2.1159297e-12;337.27;-2.351033e-12;337.27
2025-11-24 04:00:00;95.795216;0.0;-1.4355421e-10;0.0;349.28;0.0;349.28
2025-11-24 05:00:00;95.795216;0.0;-1.4359488e-10;-1.0579649e-12;349.28;-1.1755165e-12;349.28
2025-11-24 06:00:00;95.795216;0.0;-1.429094e-10;-2.1159297e-12;349.28;-2.351033e-12;349.28
2025-11-24 07:00:00;119.3052;0.0;-2.704283e-10;0.0;435.0;0.0;435.0
2025-11-24 08:00:00;119.3052;0.0;-1.2675758e-10;-1.0579649e-12;435.0;-1.1755165e-12;435.0
2025-11-24 09:00:00;117.9752;1.33;0.0;-2.1159297e-12;435.0;-2.351033e-12;435.0
2025-11-24 10:00:00;85.389761;13.000000000000002;0.0;0.0;358.74;0.0;358.74
2025-11-24 11:00:00;69.989761;28.4;0.0;0.0;358.74;0.0;358.74
2025-11-24 12:00:00;72.689761;25.700000000000003;0.0;0.0;358.74;0.0;358.74
2025-11-24 13:00:00;48.649566;40.3;0.0;0.0;324.32;0.0;324.32
2025-11-24 14:00:00;63.149566;25.799999999999997;0.0;0.0;324.32;0.0;324.32
2025-11-24 15:00:00;73.349566;15.6;0.0;0.0;324.32;0.0;324.32
2025-11-24 16:00:00;61.431297;16.8;0.0;0.0;285.24;0.0;285.24
2025-11-24 17:00:00;74.181297;4.05;0.0;0.0;285.24;0.0;285.24
2025-11-24 18:00:00;78.231297;0.0;-5.2370299e-13;0.0;285.24;0.0;285.24
2025-11-24 19:00:00;77.957032;0.0;-5.2370299e-13;0.0;284.24;0.0;284.24
2025-11-24 20:00:00;77.957032;0.0;-5.2370299e-13;0.0;284.24;0.0;284.24
2025-11-24 21:00:00;77.957032;0.0;-5.2370299e-13;0.0;284.24;0.0;284.24
2025-11-24 22:00:00;78.785312;0.0;-5.2370299e-13;0.0;287.26;0.0;287.26
2025-11-24 23:00:00;78.785312;0.0;-3.6553714e-10;-3.1738946e-12;287.26;-3.5265496e-12;287.26
2025-11-25 00:00:00;78.785312;0.0;-1.4226456e-10;-4.2318595e-12;287.26;-4.7020661e-12;287.26
2025-11-25 01:00:00;77.957032;0.0;-1.4194217e-10;0.0;284.24;0.0;284.24
2025-11-25 02:00:00;77.957032;0.0;-1.4194221e-10;-1.0579649e-12;284.24;-1.1755165e-12;284.24
2025-11-25 03:00:00;77.957032;0.0;-1.4161979e-10;-2.1159297e-12;284.24;-2.351033e-12;284.24
2025-11-25 04:00:00;89.495353;0.0;-1.4097496e-10;0.0;326.31;0.0;326.31
2025-11-25 05:00:00;89.495353;0.0;-2.8218829e-11;-1.0579649e-12;326.31;-1.1755165e-12;326.31
2025-11-25 06:00:00;89.495353;0.0;-5.2370299e-13;0.0;326.31;0.0;326.31
2025-11-25 07:00:00;118.20814;0.0;-5.2370299e-13;0.0;431.0;0.0;431.0
2025-11-25 08:00:00;118.20814;0.0;-5.2370299e-13;0.0;431.0;0.0;431.0
2025-11-25 09:00:00;117.20814;1.0;0.0;0.0;431.0;0.0;431.0
2025-11-25 10:00:00;119.7149;3.43;0.0;0.0;449.0;0.0;448.99999999999994
2025-11-25 11:00:00;116.0949;7.05;0.0;0.0;449.0;0.0;448.99999999999994
2025-11-25 12:00:00;117.2449;5.9;0.0;0.0;449.0;0.0;448.99999999999994
2025-11-25 13:00:00;116.12799;4.0;0.0;0.0;438.0;0.0;438.0
2025-11-25 14:00:00;112.89799;7.230000000000001;0.0;0.0;438.0;0.0;438.0
2025-11-25 15:00:00;115.07799;5.05;0.0;0.0;438.0;0.0;438.0
2025-11-25 16:00:00;81.142183;7.95;0.0;0.0;324.84;0.0;324.84
2025-11-25 17:00:00;87.192183;1.9;0.0;0.0;324.84;0.0;324.84
2025-11-25 18:00:00;89.092183;0.0;-5.2370299e-13;0.0;324.84;0.0;324.84
2025-11-25 19:00:00;79.339327;0.0;-5.2370299e-13;0.0;289.28;0.0;289.28
2025-11-25 20:00:00;79.339327;0.0;-5.2370299e-13;0.0;289.28;0.0;289.28
2025-11-25 21:00:00;79.339327;0.0;-5.2370299e-13;0.0;289.28;0.0;289.28
2025-11-25 22:00:00;77.699223;0.0;-5.2370299e-13;0.0;283.3;0.0;283.3
2025-11-25 23:00:00;77.699223;0.0;-1.7007166e-10;0.0;283.3;0.0;283.3
2025-11-26 00:00:00;77.699223;0.0;-1.4097499e-10;-1.0579649e-12;283.3;-1.1755165e-12;283.3
2025-11-26 01:00:00;85.093402;0.0;-1.4101566e-10;0.0;310.26;0.0;310.26
2025-11-26 02:00:00;85.093402;0.0;-1.4033018e-10;-3.9938901e-11;310.26;-4.4376556e-11;310.26
2025-11-26 03:00:00;85.093402;0.0;-1.3952472e-10;-2.1159297e-12;310.26;-2.351033e-12;310.26
2025-11-26 04:00:00;97.251562;0.0;-1.3968538e-10;0.0;354.59;0.0;354.59
2025-11-26 05:00:00;97.251562;0.0;-1.3936297e-10;-1.0579649e-12;354.59;-1.1755165e-12;354.59
2025-11-26 06:00:00;97.251562;0.0;-5.2370299e-13;0.0;354.59;0.0;354.59
2025-11-26 07:00:00;131.33719;0.0;-5.2370299e-13;0.0;478.87;0.0;478.87
2025-11-26 08:00:00;131.33719;0.0;-5.2370299e-13;0.0;478.87;0.0;478.87
2025-11-26 09:00:00;131.23719;0.1;0.0;-1.3894753e-12;478.87;-1.5438615e-12;478.87
2025-11-26 10:00:00;129.70678;2.53;0.0;7.965;482.15;8.85;491.0
2025-11-26 11:00:00;118.73678;13.5;0.0;7.965;482.15;8.85;491.0
2025-11-26 12:00:00;125.73678;6.500000000000001;0.0;7.965;482.15;8.85;491.0
2025-11-26 13:00:00;121.35152;8.65;0.0;0.0;474.0;0.0;474.0
2025-11-26 14:00:00;118.30152;11.7;0.0;0.0;474.0;0.0;474.0
2025-11-26 15:00:00;123.12152;6.879999999999999;0.0;0.0;474.0;0.0;474.0
2025-11-26 16:00:00;100.4139;5.85;0.0;0.0;387.45;0.0;387.45
2025-11-26 17:00:00;104.4139;1.8499999999999999;0.0;0.0;387.45;0.0;387.45
2025-11-26 18:00:00;106.2639;0.0;-5.2370299e-13;0.0;387.45;0.0;387.45
2025-11-26 19:00:00;100.17797;0.0;-5.2370299e-13;0.0;365.26;0.0;365.26
2025-11-26 20:00:00;100.17797;0.0;-5.2370299e-13;0.0;365.26;0.0;365.26
2025-11-26 21:00:00;100.17797;0.0;-5.2370299e-13;0.0;365.26;0.0;365.26
2025-11-26 22:00:00;111.69709;0.0;-1.6974926e-10;0.0;407.26;0.0;407.26
2025-11-26 23:00:00;111.69709;0.0;-1.3904056e-10;-1.0579649e-12;407.26;-1.1755165e-12;407.26
2025-11-27 00:00:00;111.69709;0.0;-1.3871817e-10;-2.1159297e-12;407.26;-2.351033e-12;407.26
2025-11-27 01:00:00;116.36782;0.0;-1.3839576e-10;0.0;424.29;0.0;424.29
2025-11-27 02:00:00;116.36782;0.0;-1.3807337e-10;-1.0579649e-12;424.29;-1.1755165e-12;424.29
2025-11-27 03:00:00;116.36782;0.0;-1.3775096e-10;-2.1159297e-12;424.29;-2.351033e-12;424.29
2025-11-27 04:00:00;120.10056;0.0;-1.3742856e-10;0.0;437.9;0.0;437.9
2025-11-27 05:00:00;120.10056;0.0;-1.371468e-10;-1.0579649e-12;437.9;-1.1755165e-12;437.9
2025-11-27 06:00:00;120.10056;0.0;-5.2370299e-13;-2.1159297e-12;437.9;-2.351033e-12;437.9
2025-11-27 07:00:00;132.23678;0.0;-5.2370299e-13;33.165;482.15;36.85;519.0
2025-11-27 08:00:00;132.23678;0.0;-5.2370299e-13;33.165;482.15;36.85;519.0
2025-11-27 09:00:00;129.83678;2.4;-3.2240282e-13;33.165;482.15;36.85;519.0
2025-11-27 10:00:00;115.11049;9.68;0.0;0.0;455.0;0.0;455.0
2025-11-27 11:00:00;106.59049;18.2;0.0;-1.0579649e-12;455.0;-1.1755165e-12;455.0
2025-11-27 12:00:00;116.19049;8.6;0.0;-2.1159297e-12;455.0;-2.351033e-12;455.0
2025-11-27 13:00:00;109.18667;9.57;0.0;0.0;433.0;0.0;433.0
2025-11-27 14:00:00;110.30667;8.45;0.0;-1.0579649e-12;433.0;-1.1755165e-12;433.0
2025-11-27 15:00:00;112.97667;5.78;0.0;-2.1159297e-12;433.0;-2.351033e-12;433.0
2025-11-27 16:00:00;82.923527;2.03;-3.2240282e-13;0.0;309.75;0.0;309.75
2025-11-27 17:00:00;84.953527;0.0;-1.3678375e-10;-1.0579649e-12;309.75;-1.1755165e-12;309.75
2025-11-27 18:00:00;84.953527;0.0;-1.3613888e-10;-2.1159297e-12;309.75;-2.351033e-12;309.75
2025-11-27 19:00:00;69.191528;0.0;-1.3613894e-10;0.0;252.28;0.0;252.28
2025-11-27 20:00:00;69.191528;0.0;-1.3581655e-10;0.0;252.28;1.3623827e-26;252.28
2025-11-27 21:00:00;69.191528;0.0;-1.3549414e-10;-1.0579649e-12;252.28;-1.1755165e-12;252.28
2025-11-27 22:00:00;70.01158;0.0;-1.3517174e-10;0.0;255.27;0.0;255.26999999999998
2025-11-27 23:00:00;70.01158;0.0;-1.3484934e-10;-1.0579649e-12;255.27;-1.1755165e-12;255.26999999999998
2025-11-28 00:00:00;70.01158;0.0;-1.3452694e-10;-2.1159297e-12;255.27;-2.351033e-12;255.26999999999998
2025-11-28 01:00:00;65.897608;0.0;-1.3420453e-10;0.0;240.27;0.0;240.26999999999998
2025-11-28 02:00:00;65.897608;0.0;-1.3388213e-10;-1.0579649e-12;240.27;-1.1755165e-12;240.26999999999998
2025-11-28 03:00:00;65.897608;0.0;-1.3355973e-10;-2.1159297e-12;240.27;-2.351033e-12;240.26999999999998
2025-11-28 04:00:00;72.205699;0.0;-1.3323732e-10;0.0;263.27;0.0;263.27
2025-11-28 05:00:00;72.205699;0.0;-1.3291492e-10;-1.0579649e-12;263.27;-1.1755165e-12;263.27
2025-11-28 06:00:00;72.205699;0.0;-1.3259252e-10;-2.1159297e-12;263.27;-2.351033e-12;263.27
2025-11-28 07:00:00;98.186805;0.0;-1.3227011e-10;0.0;358.0;0.0;358.0
2025-11-28 08:00:00;98.186805;0.0;-1.3162527e-10;0.0;358.0;0.0;358.0
2025-11-28 09:00:00;98.186805;0.0;-2.109003e-10;-1.0579649e-12;358.0;-1.1755165e-12;358.0
2025-11-28 10:00:00;88.126581;1.75;0.0;0.0;327.7;0.0;327.7
2025-11-28 11:00:00;83.556581;6.32;0.0;-1.0579649e-12;327.7;-1.1755165e-12;327.7
2025-11-28 12:00:00;76.976581;12.899999999999999;0.0;-2.1159297e-12;327.7;-2.351033e-12;327.7
2025-11-28 13:00:00;57.347234;12.700000000000001;-5.32396e-16;0.0;255.4;0.0;255.40000000000003
2025-11-28 14:00:00;53.847234;16.2;0.0;-1.0579649e-12;255.4;-1.1755165e-12;255.40000000000003
2025-11-28 15:00:00;70.047234;0.0;-3.0524781e-10;-2.1159297e-12;255.4;-2.351033e-12;255.40000000000003
2025-11-28 16:00:00;52.870029;0.0;-2.1767076e-10;0.0;192.77;0.0;192.77
2025-11-28 17:00:00;52.870029;0.0;-1.316253e-10;-1.0579649e-12;192.77;-1.1755165e-12;192.77
2025-11-28 18:00:00;52.870029;0.0;-1.3130291e-10;-2.1159297e-12;192.77;-2.351033e-12;192.77
2025-11-28 19:00:00;53.818985;0.0;-1.309805e-10;0.0;196.23;0.0;196.23
2025-11-28 20:00:00;53.818985;0.0;-1.3065809e-10;-1.0579649e-12;196.23;-1.1755165e-12;196.23
2025-11-28 21:00:00;53.818985;0.0;-1.3033569e-10;-2.1159297e-12;196.23;-2.351033e-12;196.23
2025-11-28 22:00:00;58.223678;0.0;-1.3001329e-10;0.0;212.29;0.0;212.29
2025-11-28 23:00:00;58.223678;0.0;-1.2932783e-10;0.0;212.29;0.0;212.29
2025-11-29 00:00:00;58.223678;0.0;-1.2936849e-10;-1.0579649e-12;212.29;-1.1755165e-12;212.29
2025-11-29 01:00:00;68.368734;0.0;-1.2904609e-10;0.0;249.28;0.0;249.28000000000003
2025-11-29 02:00:00;68.368734;0.0;-1.2872369e-10;-1.0579649e-12;249.28;-1.1755165e-12;249.28000000000003
2025-11-29 03:00:00;68.368734;0.0;-1.2840129e-10;-2.1159297e-12;249.28;-2.351033e-12;249.28000000000003
2025-11-29 04:00:00;66.991924;0.0;-1.2807887e-10;0.0;244.26;0.0;244.26000000000002
2025-11-29 05:00:00;66.991924;0.0;-1.2775647e-10;0.0;244.26;0.0;244.26000000000002
2025-11-29 06:00:00;66.991924;0.0;-1.2743406e-10;-1.0579649e-12;244.26;-1.1755165e-12;244.26000000000002
2025-11-29 07:00:00;74.386104;0.0;-1.2711166e-10;0.0;271.22;0.0;271.22
2025-11-29 08:00:00;74.386104;0.0;-1.2678927e-10;-1.0579649e-12;271.22;-1.1755165e-12;271.22
2025-11-29 09:00:00;74.386104;0.0;-1.5330671e-10;-2.1159297e-12;271.22;-2.351033e-12;271.22
2025-11-29 10:00:00;62.924577;0.0;-1.261444e-10;0.0;229.43;0.0;229.43000000000004
2025-11-29 11:00:00;62.924577;0.0;-1.2614445e-10;-3.1743743e-10;229.43;-3.5270825e-10;229.43000000000004
2025-11-29 12:00:00;62.924577;0.0;-1.2582206e-10;-3.4173767e-10;229.43;-3.7970852e-10;229.43000000000004
2025-11-29 13:00:00;45.467622;0.0;-1.2549965e-10;0.0;165.78;0.0;165.78
2025-11-29 14:00:00;45.467622;0.0;-1.2517725e-10;0.0;165.78;0.0;165.78
2025-11-29 15:00:00;45.467622;0.0;-1.992938e-10;-1.0579649e-12;165.78;-1.1755165e-12;165.78
2025-11-29 16:00:00;47.669968;0.0;-1.7619731e-10;0.0;173.81;0.0;173.81
2025-11-29 17:00:00;47.669968;0.0;-8.6457229e-11;0.0;173.81;0.0;173.81
2025-11-29 18:00:00;47.669968;0.0;-1.2485486e-10;-1.0579649e-12;173.81;-1.1755165e-12;173.81
2025-11-29 19:00:00;46.328813;0.0;-1.2453244e-10;0.0;168.92;0.0;168.92
2025-11-29 20:00:00;46.328813;0.0;-1.2421005e-10;-1.0579649e-12;168.92;-1.1755165e-12;168.92
2025-11-29 21:00:00;46.328813;0.0;-1.2388765e-10;-2.1159297e-12;168.92;-2.351033e-12;168.92
2025-11-29 22:00:00;42.79354;0.0;-1.2356524e-10;0.0;156.03;0.0;156.03
2025-11-29 23:00:00;42.79354;0.0;-1.2287977e-10;-1.0579649e-12;156.03;-1.1755165e-12;156.03
2025-11-30 00:00:00;42.79354;0.0;-1.2255737e-10;-2.1159297e-12;156.03;-2.351033e-12;156.03
2025-11-30 01:00:00;63.157702;0.0;-1.2223495e-10;0.0;230.28;0.0;230.28
2025-11-30 02:00:00;63.157702;0.0;-1.2231627e-10;-1.0579649e-12;230.28;-1.1755165e-12;230.28
2025-11-30 03:00:00;63.157702;0.0;-1.2159015e-10;-2.1159297e-12;230.28;-2.351033e-12;230.28
2025-11-30 04:00:00;64.243791;0.0;-1.2167147e-10;0.0;234.24;0.0;234.23999999999998
2025-11-30 05:00:00;64.243791;0.0;-1.2130842e-10;-1.0579122e-12;234.24;-1.175458e-12;234.23999999999998
2025-11-30 06:00:00;64.243791;0.0;-1.2098601e-10;-2.1158771e-12;234.24;-2.3509745e-12;234.23999999999998
2025-11-30 07:00:00;64.800549;0.0;-1.2030055e-10;-3.1738946e-12;236.27;-3.5265496e-12;236.27
2025-11-30 08:00:00;64.800549;0.0;-1.2034121e-10;-4.2318595e-12;236.27;-4.7020661e-12;236.27
2025-11-30 09:00:00;64.800549;0.0;-1.2005945e-10;-5.2898243e-12;236.27;-5.8775826e-12;236.27
2025-11-30 10:00:00;70.288588;0.0;-1.2010012e-10;0.0;256.28;0.0;256.28
2025-11-30 11:00:00;70.288588;0.0;-1.1977772e-10;-1.0579649e-12;256.28;-1.1755165e-12;256.28
2025-11-30 12:00:00;70.288588;0.0;-1.1945531e-10;-2.1159297e-12;256.28;-2.351033e-12;256.28
2025-11-30 13:00:00;66.160902;0.0;-1.187292e-10;0.0;241.23;0.0;241.23
2025-11-30 14:00:00;66.160902;0.0;-1.1840679e-10;-1.8554019e-10;241.23;-2.0615576e-10;241.23
2025-11-30 15:00:00;66.160902;0.0;-1.1808438e-10;-2.1159297e-12;241.23;-2.351033e-12;241.23
2025-11-30 16:00:00;77.973488;0.0;-1.1776199e-10;0.0;284.3;0.0;284.3
2025-11-30 17:00:00;77.973488;0.0;-2.5527537e-10;-1.0579649e-12;284.3;-1.1755165e-12;284.3
2025-11-30 18:00:00;77.973488;0.0;-8.4610581e-13;-2.1159297e-12;284.3;-2.351033e-12;284.3
2025-11-30 19:00:00;80.159378;0.0;-2.694611e-10;0.0;292.27;0.0;292.27
2025-11-30 20:00:00;80.159378;0.0;-1.1743959e-10;-1.0579649e-12;292.27;-1.1755165e-12;292.27
2025-11-30 21:00:00;80.159378;0.0;-1.1711718e-10;-2.1159297e-12;292.27;-2.351033e-12;292.27
2025-11-30 22:00:00;79.882371;0.0;-1.1679478e-10;0.0;291.26;0.0;291.26
2025-11-30 23:00:00;79.882371;0.0;-1.1647238e-10;-2.8922212e-10;291.26;-3.2135791e-10;291.26
2025-12-01 00:00:00;79.882371;0.0;-1.1614997e-10;-4.2058963e-11;291.26;-4.6732181e-11;291.26
2025-12-01 01:00:00;88.656102;0.0;-1.1582757e-10;0.0;323.25;0.0;323.25
2025-12-01 02:00:00;88.656102;0.0;-1.1550517e-10;0.0;323.25;0.0;323.25
2025-12-01 03:00:00;88.656102;0.0;-1.1518276e-10;-1.0579649e-12;323.25;-1.1755165e-12;323.25
2025-12-01 04:00:00;103.53771;0.0;-1.1486037e-10;0.0;377.51;0.0;377.51
2025-12-01 05:00:00;103.53771;0.0;-1.1453795e-10;-1.0579649e-12;377.51;-1.1755165e-12;377.51
2025-12-01 06:00:00;103.53771;0.0;-1.1421555e-10;-2.1159297e-12;377.51;-2.351033e-12;377.51
2025-12-01 07:00:00;132.23678;0.0;-5.2370299e-13;17.865;482.15;19.85;502.0
2025-12-01 08:00:00;132.23678;0.0;-5.2370299e-13;17.865;482.15;19.85;502.0
2025-12-01 09:00:00;129.56678;2.67;0.0;17.865;482.15;19.85;502.0
2025-12-01 10:00:00;100.31108;16.8;0.0;0.0;427.0;0.0;427.0
2025-12-01 11:00:00;75.211077;41.9;0.0;-1.057978e-12;427.0;-1.1755312e-12;427.0
2025-12-01 12:00:00;50.711077;66.4;0.0;-2.1159429e-12;427.0;-2.3510477e-12;427.0
2025-12-01 13:00:00;35.372101;68.3;0.0;0.0;378.0;0.0;378.0
2025-12-01 14:00:00;69.372101;34.3;0.0;-1.0579649e-12;378.0;-1.1755165e-12;378.0
2025-12-01 15:00:00;83.072101;20.6;0.0;0.0;378.0;0.0;378.0
2025-12-01 16:00:00;73.696549;9.85;0.0;0.0;304.62;0.0;304.62
2025-12-01 17:00:00;80.016549;3.53;-1.8539318e-12;0.0;304.62;0.0;304.62
2025-12-01 18:00:00;83.546549;0.0;-1.1389316e-10;-1.0579649e-12;304.62;-1.1755165e-12;304.62
2025-12-01 19:00:00;77.419473;0.0;-1.1357075e-10;0.0;282.28;0.0;282.28
2025-12-01 20:00:00;77.419473;0.0;-1.1324835e-10;0.0;282.28;0.0;282.28
2025-12-01 21:00:00;77.419473;0.0;-1.1328901e-10;-1.0579649e-12;282.28;-1.1755165e-12;282.28
2025-12-01 22:00:00;84.273351;0.0;-1.129666e-10;0.0;307.27;0.0;307.27
2025-12-01 23:00:00;84.273351;0.0;-1.1228113e-10;-1.0579649e-12;307.27;-1.1755165e-12;307.27
2025-12-02 00:00:00;84.273351;0.0;-1.1159567e-10;-2.1159297e-12;307.27;-2.351033e-12;307.27
2025-12-02 01:00:00;89.21286;0.0;-1.1199939e-10;0.0;325.28;0.0;325.28
2025-12-02 02:00:00;89.21286;0.0;-1.1167699e-10;-1.0579649e-12;325.28;-1.1755165e-12;325.28
2025-12-02 03:00:00;89.21286;0.0;-1.1135459e-10;-2.1159297e-12;325.28;-2.351033e-12;325.28
2025-12-02 04:00:00;100.77861;0.0;-1.1103219e-10;0.0;367.45;0.0;367.45
2025-12-02 05:00:00;100.77861;0.0;-1.1070978e-10;-1.0579649e-12;367.45;-1.1755165e-12;367.45
2025-12-02 06:00:00;100.77861;0.0;-1.1038738e-10;-2.1159297e-12;367.45;-2.351033e-12;367.45
2025-12-02 07:00:00;129.72726;0.0;-1.0970191e-10;0.0;473.0;0.0;473.0
2025-12-02 08:00:00;129.72726;0.0;-1.0937951e-10;-2.7443142e-11;473.0;-3.049238e-11;473.0
2025-12-02 09:00:00;129.72726;0.0;-1.0905711e-10;0.0;473.0;1.3623827e-26;473.0
2025-12-02 10:00:00;106.78715;2.65;0.0;0.0;399.02;0.0;399.02
2025-12-02 11:00:00;101.45715;7.98;0.0;-1.0579649e-12;399.02;-1.1755165e-12;399.02
2025-12-02 12:00:00;96.637148;12.8;0.0;-2.1159297e-12;399.02;-2.351033e-12;399.02
2025-12-02 13:00:00;70.187719;16.0;0.0;0.0;314.25;0.0;314.25
2025-12-02 14:00:00;73.687719;12.5;0.0;-1.0579649e-12;314.25;-1.1755165e-12;314.25
2025-12-02 15:00:00;80.307719;5.879999999999999;0.0;0.0;314.25;0.0;314.25
2025-12-02 16:00:00;64.504786;5.43;0.0;0.0;254.99;0.0;254.99000000000004
2025-12-02 17:00:00;69.367786;0.5670000000000001;0.0;0.0;254.99;0.0;254.99000000000004
2025-12-02 18:00:00;69.934786;0.0;-5.2370299e-13;0.0;254.99;0.0;254.99000000000004
2025-12-02 19:00:00;68.365991;0.0;-5.2370299e-13;0.0;249.27;0.0;249.27000000000004
2025-12-02 20:00:00;68.365991;0.0;-5.2370299e-13;0.0;249.27;0.0;249.27000000000004
2025-12-02 21:00:00;68.365991;0.0;-5.2370299e-13;0.0;249.27;0.0;249.27000000000004
2025-12-02 22:00:00;68.094469;0.0;-5.2370299e-13;0.0;248.28;0.0;248.27999999999997
2025-12-02 23:00:00;68.094469;0.0;-1.0841227e-10;0.0;248.28;0.0;248.27999999999997
2025-12-03 00:00:00;68.094469;0.0;-1.084123e-10;-1.0579649e-12;248.28;-1.1755165e-12;248.27999999999997
2025-12-03 01:00:00;70.285845;0.0;-1.0808991e-10;0.0;256.27;0.0;256.27
2025-12-03 02:00:00;70.285845;0.0;-1.0776749e-10;-1.0579649e-12;256.27;-1.1755165e-12;256.27
2025-12-03 03:00:00;70.285845;0.0;-1.074451e-10;-2.1159297e-12;256.27;-2.351033e-12;256.27
2025-12-03 04:00:00;75.288435;0.0;-1.0712268e-10;0.0;274.51;0.0;274.51
2025-12-03 05:00:00;75.288435;0.0;-1.0647786e-10;-1.0579649e-12;274.51;-1.1755165e-12;274.51
2025-12-03 06:00:00;75.288435;0.0;-5.2370299e-13;0.0;274.51;0.0;274.51
2025-12-03 07:00:00;101.75225;0.0;-5.2370299e-13;0.0;371.0;0.0;371.0
2025-12-03 08:00:00;101.75225;0.0;-5.2370299e-13;0.0;371.0;0.0;371.0
2025-12-03 09:00:00;101.35225;0.4;0.0;0.0;371.0;0.0;371.0
2025-12-03 10:00:00;96.61107;1.8499999999999999;0.0;0.0;359.0;0.0;359.0
2025-12-03 11:00:00;93.93107;4.53;0.0;0.0;359.0;0.0;359.0
2025-12-03 12:00:00;91.96107;6.500000000000001;0.0;0.0;359.0;0.0;359.0
2025-12-03 13:00:00;74.419183;14.3;0.0;0.0;323.48;0.0;323.48
2025-12-03 14:00:00;77.219183;11.5;0.0;0.0;323.48;0.0;323.48
2025-12-03 15:00:00;83.419183;5.3;0.0;0.0;323.48;0.0;323.48
2025-12-03 16:00:00;64.403079;3.93;0.0;0.0;249.15;0.0;249.14999999999998
2025-12-03 17:00:00;68.133079;0.2;0.0;0.0;249.15;0.0;249.14999999999998
2025-12-03 18:00:00;68.333079;0.0;-5.2370299e-13;0.0;249.15;0.0;249.14999999999998
2025-12-03 19:00:00;65.631571;0.0;-5.2370299e-13;0.0;239.3;0.0;239.30000000000004
2025-12-03 20:00:00;65.631571;0.0;-5.2370299e-13;0.0;239.3;0.0;239.30000000000004
2025-12-03 21:00:00;65.631571;0.0;-5.2370299e-13;0.0;239.3;0.0;239.30000000000004
2025-12-03 22:00:00;70.56011;0.0;-5.2370299e-13;0.0;257.27;0.0;257.27
2025-12-03 23:00:00;70.56011;0.0;-2.697835e-10;0.0;257.27;0.0;257.27
2025-12-04 00:00:00;70.56011;0.0;-1.0647788e-10;-1.0579649e-12;257.27;-1.1755165e-12;257.27
2025-12-04 01:00:00;70.828889;0.0;-1.0615548e-10;0.0;258.25;0.0;258.25
2025-12-04 02:00:00;70.828889;0.0;-1.0583307e-10;0.0;258.25;0.0;258.25
2025-12-04 03:00:00;70.828889;0.0;-1.0551067e-10;-1.0579649e-12;258.25;-1.1755165e-12;258.25
2025-12-04 04:00:00;82.715526;0.0;-1.0518828e-10;0.0;301.59;0.0;301.59
2025-12-04 05:00:00;82.715526;0.0;-1.0486587e-10;-1.0578595e-12;301.59;-1.1753995e-12;301.59
2025-12-04 06:00:00;82.715526;0.0;-5.2370299e-13;0.0;301.59;0.0;301.59
2025-12-04 07:00:00;113.44964;0.0;-5.2370299e-13;0.0;413.65;0.0;413.65
2025-12-04 08:00:00;113.44964;0.0;-5.2370299e-13;0.0;413.65;0.0;413.65
2025-12-04 09:00:00;112.34964;1.1;0.0;0.0;413.65;0.0;413.65
2025-12-04 10:00:00;109.94563;3.6;0.0;0.0;414.0;0.0;414.0
2025-12-04 11:00:00;70.945635;42.6;0.0;0.0;414.0;0.0;414.0
2025-12-04 12:00:00;34.145635;79.4;0.0;0.0;414.0;0.0;414.0
2025-12-04 13:00:00;21.420631;82.8;0.0;0.0;380.0;0.0;380.0
2025-12-04 14:00:00;37.420631;66.8;0.0;0.0;380.0;0.0;380.0
2025-12-04 15:00:00;70.920631;33.3;0.0;0.0;380.0;0.0;380.0
2025-12-04 16:00:00;79.830838;9.67;0.0;0.0;326.33;0.0;326.33
2025-12-04 17:00:00;88.130838;1.37;0.0;0.0;326.33;0.0;326.33
2025-12-04 18:00:00;89.500838;0.0;-5.2370299e-13;0.0;326.33;0.0;326.33
2025-12-04 19:00:00;82.358982;0.0;-5.2370299e-13;0.0;300.29;0.0;300.29
2025-12-04 20:00:00;82.358982;0.0;-5.2370299e-13;0.0;300.29;0.0;300.29
2025-12-04 21:00:00;82.358982;0.0;-2.0832108e-10;-2.1159281e-12;300.29;-2.3510312e-12;300.29
2025-12-04 22:00:00;85.096145;0.0;-2.5636352e-10;0.0;310.27;0.0;310.27
2025-12-04 23:00:00;85.096145;0.0;-1.0454348e-10;-1.0579649e-12;310.27;-1.1755165e-12;310.27
2025-12-05 00:00:00;85.096145;0.0;-1.0422106e-10;-2.1159297e-12;310.27;-2.351033e-12;310.27
2025-12-05 01:00:00;83.162578;0.0;-1.0389866e-10;0.0;303.22;0.0;303.22
2025-12-05 02:00:00;83.162578;0.0;-1.0357625e-10;-1.0579649e-12;303.22;-1.1755165e-12;303.22
2025-12-05 03:00:00;83.162578;0.0;-1.0325385e-10;-2.1159297e-12;303.22;-2.351033e-12;303.22
2025-12-05 04:00:00;89.862868;0.0;-1.0293145e-10;0.0;327.65;0.0;327.65
2025-12-05 05:00:00;89.862868;0.0;-1.022866e-10;0.0;327.65;0.0;327.65
2025-12-05 06:00:00;89.862868;0.0;-5.2370299e-13;0.0;327.65;0.0;327.65
2025-12-05 07:00:00;117.11108;0.0;-5.2370299e-13;0.0;427.0;0.0;427.0
2025-12-05 08:00:00;117.11108;0.0;-5.2370299e-13;0.0;427.0;0.0;427.0
2025-12-05 09:00:00;116.21108;0.9;0.0;0.0;427.0;0.0;427.0
2025-12-05 10:00:00;101.33607;6.449999999999999;0.0;0.0;393.0;0.0;393.0
2025-12-05 11:00:00;88.586073;19.2;0.0;0.0;393.0;0.0;393.0
2025-12-05 12:00:00;74.486073;33.3;0.0;0.0;393.0;0.0;393.0
2025-12-05 13:00:00;39.591528;47.6;0.0;0.0;317.91;0.0;317.91
2025-12-05 14:00:00;33.091528;54.1;0.0;0.0;317.91;0.0;317.91
2025-12-05 15:00:00;34.191528;53.0;0.0;0.0;317.91;0.0;317.91
2025-12-05 16:00:00;65.519747;17.3;0.0;0.0;301.97;0.0;301.97
2025-12-05 17:00:00;80.249747;2.57;0.0;0.0;301.97;0.0;301.97
2025-12-05 18:00:00;82.819747;0.0;-5.2370299e-13;0.0;301.97;0.0;301.97
2025-12-05 19:00:00;82.904769;0.0;-5.2370299e-13;0.0;302.28;0.0;302.28
2025-12-05 20:00:00;82.904769;0.0;-5.2370299e-13;0.0;302.28;0.0;302.28
2025-12-05 21:00:00;82.904769;0.0;-1.0228666e-10;0.0;302.28;0.0;302.28
2025-12-05 22:00:00;80.162121;0.0;-1.0196425e-10;0.0;292.28;0.0;292.28
2025-12-05 23:00:00;80.162121;0.0;-1.0164185e-10;-1.0579649e-12;292.28;-1.1755165e-12;292.28
2025-12-06 00:00:00;80.162121;0.0;-1.0131945e-10;-2.1159297e-12;292.28;-2.351033e-12;292.28
2025-12-06 01:00:00;75.496876;0.0;-1.0063398e-10;0.0;275.27;0.0;275.27
2025-12-06 02:00:00;75.496876;0.0;-1.0067463e-10;-1.0579649e-12;275.27;-1.1755165e-12;275.27
2025-12-06 03:00:00;75.496876;0.0;-9.9989158e-11;-2.1159297e-12;275.27;-2.351033e-12;275.27
2025-12-06 04:00:00;78.782569;0.0;-1.0007048e-10;0.0;287.25;0.0;287.25
2025-12-06 05:00:00;78.782569;0.0;-9.9344359e-11;-1.0579649e-12;287.25;-1.1755165e-12;287.25
2025-12-06 06:00:00;78.782569;0.0;-9.9021957e-11;-2.1159297e-12;287.25;-2.351033e-12;287.25
2025-12-06 07:00:00;71.912235;0.0;-9.8699546e-11;0.0;262.2;0.0;262.2
2025-12-06 08:00:00;71.912235;0.0;-9.8740225e-11;-1.0579649e-12;262.2;-1.1755165e-12;262.2
2025-12-06 09:00:00;71.212235;0.7000000000000002;0.0;-2.1159297e-12;262.2;-2.351033e-12;262.2
2025-12-06 10:00:00;54.290134;3.95;0.0;0.0;212.35;0.0;212.35
2025-12-06 11:00:00;50.360134;7.879999999999999;0.0;-1.0579649e-12;212.35;-1.1755165e-12;212.35
2025-12-06 12:00:00;39.240134;19.0;0.0;-2.1159297e-12;212.35;-2.351033e-12;212.35
2025-12-06 13:00:00;1.3458936;44.3;0.0;0.0;166.43;0.0;166.43
2025-12-06 14:00:00;12.845894;32.8;0.0;0.0;166.43;0.0;166.43
2025-12-06 15:00:00;20.445894;25.199999999999996;0.0;-1.0579649e-12;166.43;-1.1755165e-12;166.43
2025-12-06 16:00:00;44.389814;4.55;0.0;0.0;178.44;0.0;178.44
2025-12-06 17:00:00;46.839814;2.1;0.0;-1.0579649e-12;178.44;-1.1755165e-12;178.44
2025-12-06 18:00:00;48.939814;0.0;-9.8417823e-11;-2.1159297e-12;178.44;-2.351033e-12;178.44
2025-12-06 19:00:00;48.180101;0.0;-9.809542e-11;0.0;175.67;0.0;175.67
2025-12-06 20:00:00;48.180101;0.0;-9.7773017e-11;-1.0579649e-12;175.67;-1.1755165e-12;175.67
2025-12-06 21:00:00;48.180101;0.0;-9.7450614e-11;-2.1159297e-12;175.67;-2.351033e-12;175.67
2025-12-06 22:00:00;51.372543;0.0;-9.6765142e-11;0.0;187.31;0.0;187.31
2025-12-06 23:00:00;51.372543;0.0;-9.6442727e-11;-1.0579649e-12;187.31;-1.1755165e-12;187.31
2025-12-07 00:00:00;51.372543;0.0;-9.6524046e-11;-2.1159297e-12;187.31;-2.351033e-12;187.31
2025-12-07 01:00:00;49.397836;0.0;-9.5797928e-11;0.0;180.11;0.0;180.11
2025-12-07 02:00:00;49.397836;0.0;-9.5838589e-11;-1.0579649e-12;180.11;-1.1755165e-12;180.11
2025-12-07 03:00:00;49.397836;0.0;-9.5516186e-11;-2.1159297e-12;180.11;-2.351033e-12;180.11
2025-12-07 04:00:00;48.805424;0.0;-9.483072e-11;0.0;177.95;0.0;177.95
2025-12-07 05:00:00;48.805424;0.0;-9.4912032e-11;-1.0579649e-12;177.95;-1.1755165e-12;177.95
2025-12-07 06:00:00;48.805424;0.0;-9.4185914e-11;-2.1159297e-12;177.95;-2.351033e-12;177.95
2025-12-07 07:00:00;48.226726;0.0;-9.3863504e-11;0.0;175.84;0.0;175.84
2025-12-07 08:00:00;48.226726;0.0;-9.3904183e-11;-1.0579649e-12;175.84;-1.1755165e-12;175.84
2025-12-07 09:00:00;48.226726;0.0;-9.3581766e-11;-2.8141425e-10;175.84;-3.126825e-10;175.84
2025-12-07 10:00:00;37.243524;4.25;0.0;0.0;151.29;0.0;151.29
2025-12-07 11:00:00;27.693524;13.8;-3.2240282e-13;-1.0579649e-12;151.29;-1.1755165e-12;151.29
2025-12-07 12:00:00;19.793524;21.7;0.0;-2.1159297e-12;151.29;-2.351033e-12;151.29
2025-12-07 13:00:00;20.210559;16.7;0.0;0.0;134.58;0.0;134.58
2025-12-07 14:00:00;26.410559;10.5;1.7179545e-28;-1.0579385e-12;134.58;-1.1754873e-12;134.58
2025-12-07 15:00:00;30.080559;6.83;0.0;0.0;134.58;0.0;134.58
2025-12-07 16:00:00;38.898767;3.53;0.0;0.0;154.7;0.0;154.7
2025-12-07 17:00:00;42.078767;0.35;0.0;0.0;154.7;0.0;154.7
2025-12-07 18:00:00;42.428767;0.0;-9.3259365e-11;0.0;154.7;0.0;154.7
2025-12-07 19:00:00;32.632028;0.0;-9.2936971e-11;0.0;118.98;0.0;118.98
2025-12-07 20:00:00;32.632028;0.0;-9.2614566e-11;0.0;118.98;0.0;118.98
2025-12-07 21:00:00;32.632028;0.0;-9.2292156e-11;-1.0579649e-12;118.98;-1.1755165e-12;118.98
2025-12-07 22:00:00;25.108944;0.0;-9.1969753e-11;0.0;91.55;0.0;91.55
2025-12-07 23:00:00;25.108944;0.0;0.0;-1.0579649e-12;91.55;-1.1755165e-12;91.55
2025-12-08 00:00:00;25.108944;0.0;0.0;-2.1159297e-12;91.55;-2.351033e-12;91.55
2025-12-08 01:00:00;28.630504;0.0;0.0;0.0;104.39;0.0;104.39
2025-12-08 02:00:00;28.630504;0.0;0.0;-1.0579649e-12;104.39;-1.1755165e-12;104.39
2025-12-08 03:00:00;28.630504;0.0;0.0;-6.7620263e-12;104.39;-7.5133626e-12;104.39
2025-12-08 04:00:00;39.946671;0.0;0.0;0.0;145.65;0.0;145.65
2025-12-08 05:00:00;39.946671;0.0;0.0;-1.057978e-12;145.65;-1.1755312e-12;145.65
2025-12-08 06:00:00;39.946671;0.0;-9.1284289e-11;-2.1159429e-12;145.65;-2.3510477e-12;145.65
2025-12-08 07:00:00;53.380162;0.0;-9.132496e-11;0.0;194.63;0.0;194.63
2025-12-08 08:00:00;53.380162;0.0;-9.0680111e-11;-1.0579649e-12;194.63;-1.1755165e-12;194.63
2025-12-08 09:00:00;53.380162;0.0;-9.0680156e-11;-2.1159297e-12;194.63;-2.351033e-12;194.63
2025-12-08 10:00:00;32.545514;2.33;-1.8539318e-12;-1.0706039e-12;127.16;-1.1895599e-12;127.15999999999998
2025-12-08 11:00:00;19.875514;15.000000000000002;0.0;-2.1285687e-12;127.16;-2.3650764e-12;127.15999999999998
2025-12-08 12:00:00;12.875514;22.000000000000004;0.0;0.0;127.16;0.0;127.15999999999998
2025-12-08 13:00:00;6.3117324;22.7;0.0;0.0;105.78;0.0;105.78
2025-12-08 14:00:00;17.411732;11.6;0.0;-1.0998908e-12;105.78;-1.2221009e-12;105.78
2025-12-08 15:00:00;21.391732;7.62;0.0;-2.1578557e-12;105.78;-2.3976174e-12;105.78
2025-12-08 16:00:00;18.640311;4.28;0.0;0.0;83.57;0.0;83.57
2025-12-08 17:00:00;21.620311;1.3;0.0;0.0;83.57;0.0;83.57
2025-12-08 18:00:00;22.920311;0.0;-9.0035297e-11;0.0;83.57;0.0;83.57
2025-12-08 19:00:00;23.880238;0.0;-9.0035336e-11;0.0;87.07;0.0;87.07
2025-12-08 20:00:00;23.880238;0.0;-8.9712946e-11;-1.0579649e-12;87.07;-1.1755165e-12;87.07
2025-12-08 21:00:00;23.880238;0.0;-8.9390543e-11;-2.1159297e-12;87.07;-2.351033e-12;87.07
2025-12-08 22:00:00;28.649703;0.0;-8.9068141e-11;0.0;104.46;0.0;104.46
2025-12-08 23:00:00;28.649703;0.0;-8.8745725e-11;-1.0579649e-12;104.46;-1.1755165e-12;104.46
2025-12-09 00:00:00;28.649703;0.0;-8.8423322e-11;-2.1159297e-12;104.46;-2.351033e-12;104.46
2025-12-09 01:00:00;24.922444;0.0;-8.773785e-11;0.0;90.87;0.0;90.87
2025-12-09 02:00:00;24.922444;0.0;-8.7778517e-11;-1.0579649e-12;90.87;-1.1755165e-12;90.87
2025-12-09 03:00:00;24.922444;0.0;-8.7456114e-11;-2.1159297e-12;90.87;-2.351033e-12;90.87
2025-12-09 04:00:00;38.265427;0.0;-8.7133711e-11;0.0;139.52;0.0;139.52
2025-12-09 05:00:00;38.265427;0.0;-8.6811321e-11;-1.0579649e-12;139.52;-1.1755165e-12;139.52
2025-12-09 06:00:00;38.265427;0.0;-8.616648e-11;-2.1159297e-12;139.52;-2.351033e-12;139.52
2025-12-09 07:00:00;53.725735;0.0;-3.9326378e-10;0.0;195.89;0.0;195.89
2025-12-09 08:00:00;53.725735;0.0;-5.2370299e-13;0.0;195.89;0.0;195.89
2025-12-09 09:00:00;53.225735;0.5;0.0;0.0;195.89;0.0;195.89
2025-12-09 10:00:00;41.23279;2.4;0.0;0.0;159.09;0.0;159.09
2025-12-09 11:00:00;34.48279;9.15;0.0;-1.0579649e-12;159.09;-1.1755165e-12;159.09
2025-12-09 12:00:00;22.63279;21.0;0.0;-2.1159297e-12;159.09;-2.351033e-12;159.09
2025-12-09 13:00:00;0.0;60.3;30.218635;0.0;109.68;0.0;109.68
2025-12-09 14:00:00;0.0;57.5;27.418635;-1.0579649e-12;109.68;-1.1755165e-12;109.68
2025-12-09 15:00:00;0.0;40.4;10.318635;0.0;109.68;0.0;109.68
2025-12-09 16:00:00;9.5695109;17.1;0.0;0.0;97.24;0.0;97.24
2025-12-09 17:00:00;24.369511;2.3;0.0;-3.1416239e-12;97.24;-3.4906932e-12;97.24
2025-12-09 18:00:00;26.669511;0.0;-8.6166503e-11;-4.1995887e-12;97.24;-4.6662097e-12;97.24
2025-12-09 19:00:00;33.443852;0.0;-8.5844098e-11;0.0;121.94;0.0;121.94
2025-12-09 20:00:00;33.443852;0.0;-8.552171e-11;-1.0579649e-12;121.94;-1.1755165e-12;121.94
2025-12-09 21:00:00;33.443852;0.0;-8.5199307e-11;-2.1159297e-12;121.94;-2.351033e-12;121.94
2025-12-09 22:00:00;26.082584;0.0;-8.4876891e-11;0.0;95.1;0.0;95.1
2025-12-09 23:00:00;26.082584;0.0;-8.4554487e-11;-1.0579649e-12;95.1;-1.1755165e-12;95.1
2025-12-10 00:00:00;26.082584;0.0;-8.4232084e-11;-2.1159297e-12;95.1;-2.351033e-12;95.1
2025-12-10 01:00:00;27.080908;0.0;0.0;0.0;98.74;0.0;98.74
2025-12-10 02:00:00;27.080908;0.0;0.0;-1.0579649e-12;98.74;-1.1755165e-12;98.74
2025-12-10 03:00:00;27.080908;0.0;0.0;-2.1159297e-12;98.74;-2.351033e-12;98.74
2025-12-10 04:00:00;34.749352;0.0;-8.3909681e-11;0.0;126.7;0.0;126.69999999999999
2025-12-10 05:00:00;34.749352;0.0;-8.3224211e-11;-1.0579912e-12;126.7;-1.1755458e-12;126.69999999999999
2025-12-10 06:00:00;34.749352;0.0;-8.326489e-11;-2.1159561e-12;126.7;-2.3510623e-12;126.69999999999999
2025-12-10 07:00:00;44.526893;0.0;-8.2942477e-11;0.0;162.35;0.0;162.35
2025-12-10 08:00:00;44.526893;0.0;-8.262007e-11;-1.8264164e-10;162.35;-2.0293516e-10;162.35
2025-12-10 09:00:00;44.126893;0.4;-6.8545151e-13;0.0;162.35;0.0;162.35
2025-12-10 10:00:00;40.837378;1.83;0.0;0.0;155.57;0.0;155.57
2025-12-10 11:00:00;36.617378;6.05;0.0;-1.0579649e-12;155.57;-1.1755165e-12;155.57
2025-12-10 12:00:00;34.937378;7.73;0.0;-2.1159297e-12;155.57;-2.351033e-12;155.57
2025-12-10 13:00:00;24.396861;13.8;0.0;0.0;139.27;0.0;139.27
2025-12-10 14:00:00;20.696861;17.5;-1.8531763e-12;-1.0579649e-12;139.27;-1.1755165e-12;139.27
2025-12-10 15:00:00;27.696861;10.5;0.0;-2.1159297e-12;139.27;-2.351033e-12;139.27
2025-12-10 16:00:00;22.750741;8.03;0.0;0.0;112.23;0.0;112.23
2025-12-10 17:00:00;29.080741;1.7;0.0;0.0;112.23;0.0;112.23
2025-12-10 18:00:00;30.780741;0.0;-3.1234067e-10;-1.0579649e-12;112.23;-1.1755165e-12;112.23
2025-12-10 19:00:00;34.532683;0.0;-8.2297669e-11;0.0;125.91;0.0;125.91
2025-12-10 20:00:00;34.532683;0.0;-8.1975268e-11;-5.8583954e-11;125.91;-6.5093283e-11;125.91
2025-12-10 21:00:00;34.532683;0.0;-8.1652872e-11;-2.190214e-10;125.91;-2.4335711e-10;125.91
2025-12-10 22:00:00;42.563157;0.0;-8.1330473e-11;0.0;155.19;0.0;155.19
2025-12-10 23:00:00;42.563157;0.0;-8.0645001e-11;-1.0579649e-12;155.19;-1.1755165e-12;155.19
2025-12-11 00:00:00;42.563157;0.0;-8.0685654e-11;-2.1159297e-12;155.19;-2.351033e-12;155.19
2025-12-11 01:00:00;51.575499;0.0;-8.0363252e-11;0.0;188.05;0.0;188.05
2025-12-11 02:00:00;51.575499;0.0;-7.967778e-11;-1.0579649e-12;188.05;-1.1755165e-12;188.05
2025-12-11 03:00:00;51.575499;0.0;-7.9718446e-11;-2.1159297e-12;188.05;-2.351033e-12;188.05
2025-12-11 04:00:00;62.661283;0.0;-7.9032987e-11;0.0;228.47;0.0;228.47000000000003
2025-12-11 05:00:00;62.661283;0.0;-7.9073653e-11;-1.0579649e-12;228.47;-1.1755165e-12;228.47000000000003
2025-12-11 06:00:00;62.661283;0.0;-7.8751236e-11;-2.1159297e-12;228.47;-2.351033e-12;228.47000000000003
2025-12-11 07:00:00;94.347097;0.0;-7.8428849e-11;0.0;344.0;0.0;344.0
2025-12-11 08:00:00;94.347097;0.0;-1.3743929e-12;-1.0579649e-12;344.0;-1.1755165e-12;344.0
2025-12-11 09:00:00;93.547097;0.8;-1.2046172e-12;-2.1159297e-12;344.0;-2.351033e-12;344.0
2025-12-11 10:00:00;60.884169;10.4;0.0;0.0;259.91;0.0;259.91
2025-12-11 11:00:00;27.284169;44.00000000000001;0.0;-1.0579649e-12;259.91;-1.1755165e-12;259.91
2025-12-11 12:00:00;0.0;76.8;5.5158312;-7.1445667e-12;259.91;-7.9384075e-12;259.91
2025-12-11 13:00:00;0.0;93.9;37.941749;0.0;204.03;0.0;204.03
2025-12-11 14:00:00;0.0;84.1;28.141749;-1.0579649e-12;204.03;-1.1755165e-12;204.03
2025-12-11 15:00:00;0.0;58.800000000000004;2.8417492;0.0;204.03;0.0;204.03
2025-12-11 16:00:00;33.720905;21.9;0.0;0.0;202.8;0.0;202.8
2025-12-11 17:00:00;53.390905;2.23;0.0;0.0;202.8;0.0;202.8
2025-12-11 18:00:00;55.620905;0.0;-5.2370299e-13;0.0;202.8;0.0;202.8
2025-12-11 19:00:00;70.324242;0.0;-1.2643518e-10;0.0;256.41;0.0;256.41
2025-12-11 20:00:00;70.324242;0.0;-2.5624258e-10;-1.0579649e-12;256.41;-1.1755165e-12;256.41
2025-12-11 21:00:00;70.324242;0.0;-7.8106431e-11;-2.1159297e-12;256.41;-2.351033e-12;256.41
2025-12-11 22:00:00;77.422215;0.0;-7.7784028e-11;0.0;282.29;0.0;282.29
2025-12-11 23:00:00;77.422215;0.0;-7.7461625e-11;-1.0579649e-12;282.29;-1.1755165e-12;282.29
2025-12-12 00:00:00;77.422215;0.0;-7.7139231e-11;-2.1159297e-12;282.29;-2.351033e-12;282.29
2025-12-12 01:00:00;78.513789;0.0;-7.681683e-11;0.0;286.27;0.0;286.27
2025-12-12 02:00:00;78.513789;0.0;-7.649442e-11;0.0;286.27;-2.7247654e-26;286.27
2025-12-12 03:00:00;78.513789;0.0;-7.6172014e-11;-1.0579649e-12;286.27;-1.1755165e-12;286.27
2025-12-12 04:00:00;76.023465;0.0;-7.5849611e-11;0.0;277.19;0.0;277.19
2025-12-12 05:00:00;76.023465;0.0;-7.5527219e-11;-1.0579649e-12;277.19;-1.1755165e-12;277.19
2025-12-12 06:00:00;76.023465;0.0;-7.4882347e-11;-2.1159297e-12;277.19;-2.351033e-12;277.19
2025-12-12 07:00:00;99.558129;0.0;-5.2370299e-13;0.0;363.0;0.0;363.0
2025-12-12 08:00:00;99.558129;0.0;-5.2370299e-13;0.0;363.0;0.0;363.0
2025-12-12 09:00:00;98.558129;1.0;0.0;0.0;363.0;0.0;363.0
2025-12-12 10:00:00;72.883468;10.6;0.0;0.0;304.39;0.0;304.39
2025-12-12 11:00:00;54.483468;29.0;0.0;0.0;304.39;0.0;304.39
2025-12-12 12:00:00;33.083468;50.39999999999999;0.0;0.0;304.39;0.0;304.39
2025-12-12 13:00:00;0.0;64.9;2.8804967;0.0;226.13;0.0;226.13
2025-12-12 14:00:00;35.119503;26.9;0.0;0.0;226.13;0.0;226.13
2025-12-12 15:00:00;36.719503;25.3;0.0;0.0;226.13;0.0;226.13
2025-12-12 16:00:00;44.935816;8.48;0.0;0.0;194.76;0.0;194.76
2025-12-12 17:00:00;52.185816;1.23;0.0;0.0;194.76;0.0;194.76
2025-12-12 18:00:00;53.415816;0.0;-5.2370299e-13;0.0;194.76;0.0;194.76
2025-12-12 19:00:00;59.493524;0.0;-5.2370299e-13;0.0;216.92;0.0;216.92
2025-12-12 20:00:00;59.493524;0.0;-5.2370299e-13;0.0;216.92;0.0;216.92
2025-12-12 21:00:00;59.493524;0.0;-5.2370299e-13;0.0;216.92;0.0;216.92
2025-12-12 22:00:00;76.311443;0.0;-2.8590364e-10;0.0;278.24;0.0;278.24
2025-12-12 23:00:00;76.311443;0.0;-7.4882413e-11;-1.0579649e-12;278.24;-1.1755165e-12;278.24
2025-12-13 00:00:00;76.311443;0.0;-7.456001e-11;-2.1159297e-12;278.24;-2.351033e-12;278.24
2025-12-13 01:00:00;80.97943;0.0;-7.4237597e-11;0.0;295.26;0.0;295.26
2025-12-13 02:00:00;80.97943;0.0;-7.3915205e-11;-1.2631214e-10;295.26;-1.4034683e-10;295.26
2025-12-13 03:00:00;80.97943;0.0;-7.3592802e-11;-1.5381595e-10;295.26;-1.7090662e-10;295.26
2025-12-13 04:00:00;78.785312;0.0;-7.3270388e-11;-5.2898243e-12;287.26;-5.8775826e-12;287.26
2025-12-13 05:00:00;78.785312;0.0;-7.3351709e-11;-6.3477892e-12;287.26;-7.0530991e-12;287.26
2025-12-13 06:00:00;78.785312;0.0;-7.2625597e-11;-7.4057541e-12;287.26;-8.2286157e-12;287.26
2025-12-13 07:00:00;70.785007;0.0;-7.2303194e-11;0.0;258.09;0.0;258.09
2025-12-13 08:00:00;70.785007;0.0;-7.1980778e-11;-1.0579649e-12;258.09;-1.1755165e-12;258.09
2025-12-13 09:00:00;70.485007;0.3;0.0;-2.1159297e-12;258.09;-2.351033e-12;258.09
2025-12-13 10:00:00;62.088261;1.98;0.0;0.0;233.6;0.0;233.60000000000002
2025-12-13 11:00:00;58.168261;5.9;-3.2240282e-13;-1.0579649e-12;233.6;-1.1755165e-12;233.60000000000002
2025-12-13 12:00:00;56.288261;7.78;-6.8507373e-13;-2.1159297e-12;233.6;-2.351033e-12;233.60000000000002
2025-12-13 13:00:00;51.789965;6.42;0.0;0.0;212.24;0.0;212.24
2025-12-13 14:00:00;51.979965;6.230000000000001;0.0;-1.0579649e-12;212.24;-1.1755165e-12;212.24
2025-12-13 15:00:00;48.729965;9.48;0.0;0.0;212.24;0.0;212.24
2025-12-13 16:00:00;53.171547;6.78;0.0;0.0;218.59;0.0;218.59
2025-12-13 17:00:00;59.318547;0.633;0.0;0.0;218.59;0.0;218.59
2025-12-13 18:00:00;59.951547;0.0;-5.2370299e-13;0.0;218.59;0.0;218.59
2025-12-13 19:00:00;70.283102;0.0;-2.7623156e-10;0.0;256.26;0.0;256.26
2025-12-13 20:00:00;70.283102;0.0;-7.1130098e-11;-6.0849167e-12;256.26;-6.7610185e-12;256.26
2025-12-13 21:00:00;70.283102;0.0;-7.0807684e-11;-2.1159297e-12;256.26;-2.351033e-12;256.26
2025-12-13 22:00:00;76.870943;0.0;-7.0485281e-11;0.0;280.28;0.0;280.28
2025-12-13 23:00:00;76.870943;0.0;-7.016288e-11;-1.0579649e-12;280.28;-1.1755165e-12;280.28
2025-12-14 00:00:00;76.870943;0.0;-6.9840486e-11;-2.1159297e-12;280.28;-2.351033e-12;280.28
2025-12-14 01:00:00;89.758647;0.0;-6.9518073e-11;0.0;327.27;0.0;327.27
2025-12-14 02:00:00;89.758647;0.0;-6.9195684e-11;-1.0579649e-12;327.27;-1.1755165e-12;327.27
2025-12-14 03:00:00;89.758647;0.0;-6.8873281e-11;-2.1159297e-12;327.27;-2.351033e-12;327.27
2025-12-14 04:00:00;81.799482;0.0;-6.8187809e-11;0.0;298.25;0.0;298.25
2025-12-14 05:00:00;81.799482;0.0;-6.8228476e-11;-1.0579649e-12;298.25;-1.1755165e-12;298.25
2025-12-14 06:00:00;81.799482;0.0;-6.7543004e-11;-2.1159297e-12;298.25;-2.351033e-12;298.25
2025-12-14 07:00:00;74.929148;0.0;-6.7220601e-11;0.0;273.2;0.0;273.2
2025-12-14 08:00:00;74.929148;0.0;-6.7261267e-11;-1.0579649e-12;273.2;-1.1755165e-12;273.2
2025-12-14 09:00:00;74.929148;0.0;-6.6938864e-11;-2.1159297e-12;273.2;-2.351033e-12;273.2
2025-12-14 10:00:00;68.041286;2.08;0.0;0.0;255.67;0.0;255.67
2025-12-14 11:00:00;63.421286;6.7;0.0;-1.0579616e-12;255.67;-1.1755129e-12;255.67
2025-12-14 12:00:00;57.821286;12.3;0.0;-2.1159264e-12;255.67;-2.3510294e-12;255.67
2025-12-14 13:00:00;0.0;82.1;20.853924;-6.0700872e-12;223.31;-6.7445414e-12;223.30999999999997
2025-12-14 14:00:00;0.0;86.0;24.753924;-7.1280521e-12;223.31;-7.9200579e-12;223.30999999999997
2025-12-14 15:00:00;13.546076;47.699999999999996;0.0;0.0;223.31;0.0;223.30999999999997
2025-12-14 16:00:00;48.126284;16.4;0.0;0.0;235.27;0.0;235.27
2025-12-14 17:00:00;61.926284;2.6;0.0;-1.0579649e-12;235.27;-1.1755165e-12;235.27
2025-12-14 18:00:00;64.526284;0.0;-2.5495297e-10;-2.1159297e-12;235.27;-2.351033e-12;235.27
2025-12-14 19:00:00;81.448423;0.0;-6.6616458e-11;0.0;296.97;0.0;296.97
2025-12-14 20:00:00;81.448423;0.0;-6.6294045e-11;-1.0579649e-12;296.97;-1.1755165e-12;296.97
2025-12-14 21:00:00;81.448423;0.0;-6.5971642e-11;-2.1159297e-12;296.97;-2.351033e-12;296.97
2025-12-14 22:00:00;87.295749;0.0;-6.5649253e-11;0.0;318.29;0.0;318.29
2025-12-14 23:00:00;87.295749;0.0;-6.4963781e-11;-1.0579649e-12;318.29;-1.1755165e-12;318.29
2025-12-15 00:00:00;87.295749;0.0;-6.4641366e-11;-2.1159297e-12;318.29;-2.351033e-12;318.29
2025-12-15 01:00:00;90.573213;0.0;-6.4318963e-11;0.0;330.24;0.0;330.24
2025-12-15 02:00:00;90.573213;0.0;-6.399656e-11;-1.0579649e-12;330.24;-1.1755165e-12;330.24
2025-12-15 03:00:00;90.573213;0.0;-6.3674157e-11;-2.1159297e-12;330.24;-2.351033e-12;330.24
2025-12-15 04:00:00;98.370562;0.0;-6.3714823e-11;0.0;358.67;0.0;358.67
2025-12-15 05:00:00;98.370562;0.0;-6.3029364e-11;-1.0579649e-12;358.67;-1.1755165e-12;358.67
2025-12-15 06:00:00;98.370562;0.0;-6.3070027e-11;-1.5591403e-10;358.67;-1.7323781e-10;358.67
2025-12-15 07:00:00;129.62852;0.0;-6.242519e-11;0.0;472.64;0.0;472.64
2025-12-15 08:00:00;129.62852;0.0;-6.2102733e-11;-1.0580175e-12;472.64;-1.175575e-12;472.64
2025-12-15 09:00:00;128.72852;0.9;0.0;-2.1159824e-12;472.64;-2.3510916e-12;472.64
2025-12-15 10:00:00;99.578868;9.03;0.0;0.0;396.0;0.0;396.0
2025-12-15 11:00:00;66.608868;42.0;-3.2240282e-13;-1.0579649e-12;396.0;-1.1755165e-12;396.0
2025-12-15 12:00:00;33.908868;74.7;0.0;-2.1159297e-12;396.0;-2.351033e-12;396.0
2025-12-15 13:00:00;10.944614;87.5;0.0;0.0;358.94;0.0;358.94
2025-12-15 14:00:00;65.744614;32.7;0.0;0.0;358.94;0.0;358.94
2025-12-15 15:00:00;98.444614;0.0;-9.0648466e-11;-1.0579649e-12;358.94;-1.1755165e-12;358.94
2025-12-15 16:00:00;71.352735;0.0;-2.1445115e-10;0.0;260.16;0.0;260.16
2025-12-15 17:00:00;71.352735;0.0;-3.4296894e-10;-1.0579649e-12;260.16;-1.1755165e-12;260.16
2025-12-15 18:00:00;71.352735;0.0;-6.2102823e-11;-2.1159297e-12;260.16;-2.351033e-12;260.16
2025-12-15 19:00:00;64.523541;0.0;-6.1780405e-11;0.0;235.26;0.0;235.25999999999996
2025-12-15 20:00:00;64.523541;0.0;-6.1458004e-11;-1.0579649e-12;235.26;-1.1755165e-12;235.25999999999996
2025-12-15 21:00:00;64.523541;0.0;-6.1135599e-11;-2.1159297e-12;235.26;-2.351033e-12;235.25999999999996
2025-12-15 22:00:00;61.624562;0.0;-6.0813197e-11;0.0;224.69;0.0;224.68999999999997
2025-12-15 23:00:00;61.624562;0.0;-6.0490808e-11;-1.0579649e-12;224.69;-1.1755165e-12;224.68999999999997
2025-12-16 00:00:00;61.624562;0.0;-6.0168405e-11;-2.1159297e-12;224.69;-2.351033e-12;224.68999999999997
2025-12-16 01:00:00;57.033369;0.0;-5.9846002e-11;0.0;207.95;0.0;207.95
2025-12-16 02:00:00;57.033369;0.0;-5.916053e-11;-1.0579649e-12;207.95;-1.1755165e-12;207.95
2025-12-16 03:00:00;57.033369;0.0;-5.9201197e-11;-2.1159297e-12;207.95;-2.351033e-12;207.95
2025-12-16 04:00:00;68.791102;0.0;-5.8878794e-11;0.0;250.82;0.0;250.82
2025-12-16 05:00:00;68.791102;0.0;-5.8556391e-11;-1.0579649e-12;250.82;-1.1755165e-12;250.82
2025-12-16 06:00:00;68.791102;0.0;-5.8233978e-11;-2.1159297e-12;250.82;-2.351033e-12;250.82
2025-12-16 07:00:00;96.266951;0.0;-5.7911582e-11;0.0;351.0;0.0;351.0
2025-12-16 08:00:00;96.266951;0.0;-5.7266727e-11;-1.0579649e-12;351.0;-1.1755165e-12;351.0
2025-12-16 09:00:00;95.266951;1.0;0.0;-2.1159297e-12;351.0;-2.351033e-12;351.0
2025-12-16 10:00:00;78.79402;4.95;0.0;0.0;305.34;0.0;305.34
2025-12-16 11:00:00;56.14402;27.6;0.0;-1.0579649e-12;305.34;-1.1755165e-12;305.34
2025-12-16 12:00:00;30.24402;53.5;0.0;-2.1159297e-12;305.34;-2.351033e-12;305.34
2025-12-16 13:00:00;20.537391;55.699999999999996;0.0;0.0;277.97;0.0;277.97
2025-12-16 14:00:00;36.637391;39.6;0.0;0.0;277.97;0.0;277.97
2025-12-16 15:00:00;62.537391;13.7;0.0;0.0;277.97;0.0;277.97
2025-12-16 16:00:00;55.261687;5.85;0.0;0.0;222.82;0.0;222.81999999999996
2025-12-16 17:00:00;59.041687;2.07;0.0;0.0;222.82;0.0;222.81999999999996
2025-12-16 18:00:00;61.111687;0.0;-5.2370299e-13;0.0;222.82;0.0;222.81999999999996
2025-12-16 19:00:00;65.626086;0.0;-5.2370299e-13;0.0;239.28;0.0;239.28
2025-12-16 20:00:00;65.626086;0.0;-5.2370299e-13;0.0;239.28;0.0;239.28
2025-12-16 21:00:00;65.626086;0.0;-5.2370299e-13;0.0;239.28;0.0;239.28
2025-12-16 22:00:00;66.994667;0.0;-5.2370299e-13;0.0;244.27;0.0;244.27
2025-12-16 23:00:00;66.994667;0.0;-2.6107862e-10;0.0;244.27;0.0;244.27
2025-12-17 00:00:00;66.994667;0.0;-5.726678e-11;-1.0579649e-12;244.27;-1.1755165e-12;244.27
2025-12-17 01:00:00;74.117324;0.0;-5.6944377e-11;0.0;270.24;0.0;270.24
2025-12-17 02:00:00;74.117324;0.0;-5.6621971e-11;-1.7180244e-10;270.24;-1.9089159e-10;270.24
2025-12-17 03:00:00;74.117324;0.0;-5.6299557e-11;-2.1159297e-12;270.24;-2.351033e-12;270.24
2025-12-17 04:00:00;84.706689;0.0;-5.5977158e-11;0.0;308.85;0.0;308.85
2025-12-17 05:00:00;84.706689;0.0;-5.5654751e-11;0.0;308.85;0.0;308.85
2025-12-17 06:00:00;84.706689;0.0;-5.533235e-11;-1.4748837e-10;308.85;-1.6387597e-10;308.85
2025-12-17 07:00:00;97.36401;0.0;-2.672087e-10;0.0;355.0;0.0;355.0
2025-12-17 08:00:00;97.36401;0.0;-5.2370299e-13;0.0;355.0;0.0;355.0
2025-12-17 09:00:00;97.36401;0.0;-5.2370299e-13;0.0;355.0;0.0;355.0
2025-12-17 10:00:00;72.134413;1.95;0.0;0.0;270.12;0.0;270.12
2025-12-17 11:00:00;66.014413;8.07;0.0;0.0;270.12;0.0;270.12
2025-12-17 12:00:00;48.184413;25.9;-3.2239102e-13;0.0;270.12;0.0;270.12
2025-12-17 13:00:00;35.280908;27.8;0.0;0.0;230.0;0.0;230.0
2025-12-17 14:00:00;53.760908;9.32;0.0;0.0;230.0;0.0;230.0
2025-12-17 15:00:00;53.900908;9.18;0.0;0.0;230.0;0.0;230.0
2025-12-17 16:00:00;47.846654;5.07;0.0;0.0;192.94;0.0;192.94
2025-12-17 17:00:00;51.686654;1.23;0.0;0.0;192.94;0.0;192.94
2025-12-17 18:00:00;52.916654;0.0;-5.2370299e-13;0.0;192.94;0.0;192.94
2025-12-17 19:00:00;47.494439;0.0;-5.5009961e-11;0.0;173.17;0.0;173.17
2025-12-17 20:00:00;47.494439;0.0;-5.4687543e-11;-1.4532289e-10;173.17;-1.6146987e-10;173.17
2025-12-17 21:00:00;47.494439;0.0;-5.436514e-11;-1.7389343e-10;173.17;-1.9321492e-10;173.17
2025-12-17 22:00:00;46.578394;0.0;-5.4042737e-11;0.0;169.83;0.0;169.83
2025-12-17 23:00:00;46.578394;0.0;-5.3720334e-11;-1.0579649e-12;169.83;-1.1755165e-12;169.83
2025-12-18 00:00:00;46.578394;0.0;-5.3397946e-11;-2.1159297e-12;169.83;-2.351033e-12;169.83
2025-12-18 01:00:00;51.910102;0.0;-5.2712461e-11;0.0;189.27;0.0;189.27
2025-12-18 02:00:00;51.910102;0.0;-5.2753129e-11;-1.0579649e-12;189.27;-1.1755165e-12;189.27
2025-12-18 03:00:00;51.910102;0.0;-5.2430724e-11;-2.1159297e-12;189.27;-2.351033e-12;189.27
2025-12-18 04:00:00;57.299406;0.0;-5.2108322e-11;0.0;208.92;0.0;208.92
2025-12-18 05:00:00;57.299406;0.0;-5.1785919e-11;-1.0579649e-12;208.92;-1.1755165e-12;208.92
2025-12-18 06:00:00;57.299406;0.0;-5.1100454e-11;-2.1159297e-12;208.92;-2.351033e-12;208.92
2025-12-18 07:00:00;80.691452;0.0;-5.1141126e-11;0.0;294.21;0.0;294.21
2025-12-18 08:00:00;80.691452;0.0;-5.0818709e-11;-1.0579649e-12;294.21;-1.1755165e-12;294.21
2025-12-18 09:00:00;80.141452;0.55;0.0;-2.1159297e-12;294.21;-2.351033e-12;294.21
2025-12-18 10:00:00;57.27604;4.45;0.0;0.0;225.06;0.0;225.06
2025-12-18 11:00:00;47.62604;14.1;0.0;-1.0579649e-12;225.06;-1.1755165e-12;225.06
2025-12-18 12:00:00;32.22604;29.499999999999996;0.0;-2.1159297e-12;225.06;-2.351033e-12;225.06
2025-12-18 13:00:00;14.003748;35.8;0.0;0.0;181.59;0.0;181.59
2025-12-18 14:00:00;0.0;57.4;7.5962517;0.0;181.59;0.0;181.59
2025-12-18 15:00:00;4.6037483;45.20000000000001;0.0;0.0;181.59;0.0;181.59
2025-12-18 16:00:00;28.947554;14.4;0.0;0.0;158.05;0.0;158.05
2025-12-18 17:00:00;39.877554;3.47;0.0;-1.7848654e-12;158.05;-1.9831838e-12;158.05
2025-12-18 18:00:00;43.347554;0.0;-5.049631e-11;-2.8428303e-12;158.05;-3.1587003e-12;158.05
2025-12-18 19:00:00;42.456194;0.0;-5.0173917e-11;0.0;154.8;0.0;154.8
2025-12-18 20:00:00;42.456194;0.0;-4.9488433e-11;-1.0579649e-12;154.8;-1.1755165e-12;154.8
2025-12-18 21:00:00;42.456194;0.0;-4.9529098e-11;-2.1159297e-12;154.8;-2.351033e-12;154.8
2025-12-18 22:00:00;35.325309;0.0;-4.9206695e-11;0.0;128.8;0.0;128.8
2025-12-18 23:00:00;35.325309;0.0;0.0;-1.0580175e-12;128.8;-1.175575e-12;128.8
2025-12-19 00:00:00;35.325309;0.0;0.0;-5.0280081e-12;128.8;-5.5866757e-12;128.8
2025-12-19 01:00:00;26.397989;0.0;0.0;0.0;96.25;0.0;96.25
2025-12-19 02:00:00;26.397989;0.0;0.0;-1.0579649e-12;96.25;-1.1755165e-12;96.25
2025-12-19 03:00:00;26.397989;0.0;0.0;-3.1742354e-12;96.25;-3.5269282e-12;96.25
2025-12-19 04:00:00;35.914978;0.0;0.0;0.0;130.95;0.0;130.95
2025-12-19 05:00:00;35.914978;0.0;0.0;0.0;130.95;0.0;130.95
2025-12-19 06:00:00;35.914978;0.0;0.0;0.0;130.95;0.0;130.95
2025-12-19 07:00:00;45.689776;0.0;-4.8521237e-11;0.0;166.59;0.0;166.59
2025-12-19 08:00:00;45.689776;0.0;-4.8561903e-11;-1.0579649e-12;166.59;-1.1755165e-12;166.59
2025-12-19 09:00:00;45.689776;0.0;-4.8239501e-11;-2.1159297e-12;166.59;-2.351033e-12;166.59
2025-12-19 10:00:00;47.73458;4.65;0.0;0.0;191.0;0.0;191.0
2025-12-19 11:00:00;45.18458;7.2;0.0;-1.0579649e-12;191.0;-1.1755165e-12;191.0
2025-12-19 12:00:00;37.28458;15.1;0.0;-2.1159297e-12;191.0;-2.351033e-12;191.0
2025-12-19 13:00:00;28.584397;26.2;0.0;0.0;199.75;0.0;199.75
2025-12-19 14:00:00;29.484397;25.3;0.0;-1.0579649e-12;199.75;-1.1755165e-12;199.75
2025-12-19 15:00:00;43.484397;11.300000000000002;-1.8531881e-12;-2.1159297e-12;199.75;-2.351033e-12;199.75
2025-12-19 16:00:00;43.752203;3.8300000000000005;0.0;0.0;173.49;0.0;173.49
2025-12-19 17:00:00;46.982203;0.6;-1.7179545e-28;-1.0579649e-12;173.49;-1.1755165e-12;173.49
2025-12-19 18:00:00;47.582203;0.0;-9.8063731e-11;-2.1159297e-12;173.49;-2.351033e-12;173.49
2025-12-19 19:00:00;54.304434;0.0;-3.6456993e-10;0.0;198.0;0.0;198.0
2025-12-19 20:00:00;54.304434;0.0;-2.4237926e-10;-1.0579649e-12;198.0;-1.1755165e-12;198.0
2025-12-19 21:00:00;54.304434;0.0;-4.7917099e-11;-2.1159297e-12;198.0;-2.351033e-12;198.0
2025-12-19 22:00:00;66.437909;0.0;-4.7594682e-11;0.0;242.24;0.0;242.23999999999998
2025-12-19 23:00:00;66.437909;0.0;-4.7272278e-11;0.0;242.24;-1.3623827e-26;242.23999999999998
2025-12-20 00:00:00;66.437909;0.0;-4.6949875e-11;-1.0579649e-12;242.24;-1.1755165e-12;242.23999999999998
2025-12-20 01:00:00;79.890599;0.0;-4.6627474e-11;0.0;291.29;0.0;291.29
2025-12-20 02:00:00;79.890599;0.0;-4.5781255e-11;-1.0579649e-12;291.29;-1.1755165e-12;291.29
2025-12-20 03:00:00;79.890599;0.0;-4.598267e-11;-5.8999437e-11;291.29;-6.555493e-11;291.29
2025-12-20 04:00:00;85.093402;0.0;-4.5660268e-11;-3.1738946e-12;310.26;-3.5265496e-12;310.26
2025-12-20 05:00:00;85.093402;0.0;-4.5337875e-11;-4.2318595e-12;310.26;-4.7020661e-12;310.26
2025-12-20 06:00:00;85.093402;0.0;-4.501546e-11;-1.5873066e-10;310.26;-1.763674e-10;310.26
2025-12-20 07:00:00;96.596069;0.0;-3.0814944e-10;0.0;352.2;0.0;352.2
2025-12-20 08:00:00;96.596069;0.0;-5.2370299e-13;-1.0579649e-12;352.2;-1.1755165e-12;352.2
2025-12-20 09:00:00;96.496069;0.1;0.0;-2.1159297e-12;352.2;-2.351033e-12;352.2
2025-12-20 10:00:00;78.381607;4.77;0.0;0.0;303.18;0.0;303.18
2025-12-20 11:00:00;69.851607;13.300000000000002;0.0;-1.0579649e-12;303.18;-1.1755165e-12;303.18
2025-12-20 12:00:00;68.951607;14.2;0.0;-2.1159297e-12;303.18;-2.351033e-12;303.18
2025-12-20 13:00:00;54.970425;13.7;0.0;0.0;250.38;0.0;250.38000000000002
2025-12-20 14:00:00;54.270425;14.4;0.0;0.0;250.38;0.0;250.38000000000002
2025-12-20 15:00:00;60.040425;8.63;0.0;0.0;250.38;0.0;250.38000000000002
2025-12-20 16:00:00;57.225842;5.6;0.0;0.0;229.07;0.0;229.07000000000002
2025-12-20 17:00:00;61.095842;1.7300000000000002;0.0;0.0;229.07;0.0;229.07000000000002
2025-12-20 18:00:00;62.825842;0.0;-5.2370299e-13;0.0;229.07;0.0;229.07000000000002
2025-12-20 19:00:00;59.852811;0.0;-3.4167933e-10;0.0;218.23;0.0;218.23
2025-12-20 20:00:00;59.852811;0.0;-4.4693057e-11;-7.6558298e-11;218.23;-8.5064776e-11;218.23
2025-12-20 21:00:00;59.852811;0.0;-4.4370653e-11;-2.1159297e-12;218.23;-2.351033e-12;218.23
2025-12-20 22:00:00;59.715679;0.0;-4.404826e-11;0.0;217.73;0.0;217.73
2025-12-20 23:00:00;59.715679;0.0;-4.3725847e-11;-1.0579649e-12;217.73;-1.1755165e-12;217.73
2025-12-21 00:00:00;59.715679;0.0;-4.3403445e-11;-2.1159297e-12;217.73;-2.351033e-12;217.73
2025-12-21 01:00:00;57.409112;0.0;-4.3081041e-11;0.0;209.32;0.0;209.32
2025-12-21 02:00:00;57.409112;0.0;-4.2758649e-11;-9.5629709e-11;209.32;-1.0625523e-10;209.32
2025-12-21 03:00:00;57.409112;0.0;-4.2436236e-11;-2.1159314e-12;209.32;-2.3510349e-12;209.32
2025-12-21 04:00:00;54.26878;0.0;-4.2113844e-11;0.0;197.87;0.0;197.87
2025-12-21 05:00:00;54.26878;0.0;-4.1791441e-11;0.0;197.87;0.0;197.87
2025-12-21 06:00:00;54.26878;0.0;-4.1469031e-11;0.0;197.87;0.0;197.87
2025-12-21 07:00:00;57.085479;0.0;-4.1146624e-11;0.0;208.14;0.0;208.14
2025-12-21 08:00:00;57.085479;0.0;-1.7684212e-10;-1.0579649e-12;208.14;-1.1755165e-12;208.14
2025-12-21 09:00:00;57.085479;0.0;-6.2393529e-11;-2.1159297e-12;208.14;-2.351033e-12;208.14
2025-12-21 10:00:00;44.900093;2.63;0.0;0.0;173.3;0.0;173.3
2025-12-21 11:00:00;35.130093;12.4;0.0;-1.0579649e-12;173.3;-1.1755165e-12;173.3
2025-12-21 12:00:00;26.330093;21.2;0.0;-2.1159297e-12;173.3;-2.351033e-12;173.3
2025-12-21 13:00:00;21.134253;21.3;0.0;0.0;154.72;0.0;154.72
2025-12-21 14:00:00;23.834253;18.6;0.0;-1.0579616e-12;154.72;-1.1755129e-12;154.72
2025-12-21 15:00:00;17.734253;24.7;0.0;-2.1159264e-12;154.72;-2.3510294e-12;154.72
2025-12-21 16:00:00;40.425095;12.700000000000001;0.0;0.0;193.7;0.0;193.7
2025-12-21 17:00:00;50.095095;3.03;0.0;-1.0579649e-12;193.7;-1.1755165e-12;193.7
2025-12-21 18:00:00;53.125095;0.0;-4.0824222e-11;-2.1159297e-12;193.7;-2.351033e-12;193.7
2025-12-21 19:00:00;65.360049;0.0;-4.0501829e-11;0.0;238.31;0.0;238.30999999999997
2025-12-21 20:00:00;65.360049;0.0;-4.017943e-11;0.0;238.31;0.0;238.30999999999997
2025-12-21 21:00:00;65.360049;0.0;-3.9857027e-11;-1.0579649e-12;238.31;-1.1755165e-12;238.30999999999997
2025-12-21 22:00:00;60.020113;0.0;-3.9534624e-11;0.0;218.84;0.0;218.84
2025-12-21 23:00:00;60.020113;0.0;-3.884914e-11;-1.0579649e-12;218.84;-1.1755165e-12;218.84
2025-12-22 00:00:00;60.020113;0.0;-3.8526737e-11;-2.1159297e-12;218.84;-2.351033e-12;218.84
2025-12-22 01:00:00;66.16913;0.0;-3.8204334e-11;0.0;241.26;0.0;241.26
2025-12-22 02:00:00;66.16913;0.0;-3.7881931e-11;-1.0579649e-12;241.26;-1.1755165e-12;241.26
2025-12-22 03:00:00;66.16913;0.0;-3.7963251e-11;-2.1159297e-12;241.26;-2.351033e-12;241.26
2025-12-22 04:00:00;79.599878;0.0;-3.7237126e-11;0.0;290.23;0.0;290.23
2025-12-22 05:00:00;79.599878;0.0;-3.7277792e-11;-1.0579649e-12;290.23;-1.1755165e-12;290.23
2025-12-22 06:00:00;79.599878;0.0;-3.6955402e-11;-2.1159297e-12;290.23;-2.351033e-12;290.23
2025-12-22 07:00:00;94.135913;0.0;-3.6632985e-11;0.0;343.23;0.0;343.23
2025-12-22 08:00:00;94.135913;0.0;-3.6310582e-11;-1.0579649e-12;343.23;-1.1755165e-12;343.23
2025-12-22 09:00:00;94.135913;0.0;-3.5988179e-11;-2.1159297e-12;343.23;-2.351033e-12;343.23
2025-12-22 10:00:00;93.29121;6.33;0.0;0.0;363.23;0.0;363.23
2025-12-22 11:00:00;77.12121;22.5;0.0;-1.0579649e-12;363.23;-1.1755165e-12;363.23
2025-12-22 12:00:00;76.72121;22.9;0.0;-2.1159297e-12;363.23;-2.351033e-12;363.23
2025-12-22 13:00:00;53.249429;42.0;0.0;0.0;347.29;0.0;347.29
2025-12-22 14:00:00;31.149429;64.1;0.0;-1.0579649e-12;347.29;-1.1755165e-12;347.29
2025-12-22 15:00:00;45.249429;50.0;0.0;-2.1159297e-12;347.29;-2.351033e-12;347.29
2025-12-22 16:00:00;78.83826;17.5;0.0;0.0;351.26;0.0;351.26
2025-12-22 17:00:00;93.60826;2.73;0.0;-1.0579649e-12;351.26;-1.1755165e-12;351.26
2025-12-22 18:00:00;96.33826;0.0;-3.5343319e-11;-2.1159297e-12;351.26;-2.351033e-12;351.26
2025-12-22 19:00:00;92.21606;0.0;-3.5343373e-11;0.0;336.23;0.0;336.23
2025-12-22 20:00:00;92.21606;0.0;-3.5020985e-11;-1.0579649e-12;336.23;-1.1755165e-12;336.23
2025-12-22 21:00:00;92.21606;0.0;-3.4698579e-11;-2.1159297e-12;336.23;-2.351033e-12;336.23
2025-12-22 22:00:00;90.021941;0.0;-3.4376165e-11;0.0;328.23;0.0;328.23
2025-12-22 23:00:00;90.021941;0.0;-3.4053776e-11;-1.0579649e-12;328.23;-1.1755165e-12;328.23
2025-12-23 00:00:00;90.021941;0.0;-3.3731361e-11;-2.1159297e-12;328.23;-2.351033e-12;328.23
2025-12-23 01:00:00;90.301691;0.0;-3.3045896e-11;0.0;329.25;0.0;329.25
2025-12-23 02:00:00;90.301691;0.0;-3.2723493e-11;-1.0579649e-12;329.25;-1.1755165e-12;329.25
2025-12-23 03:00:00;90.301691;0.0;-3.2764154e-11;-2.1159297e-12;329.25;-2.351033e-12;329.25
2025-12-23 04:00:00;92.767332;0.0;-3.2441748e-11;0.0;338.24;0.0;338.24
2025-12-23 05:00:00;92.767332;0.0;-3.2119346e-11;-1.0579649e-12;338.24;-1.1755165e-12;338.24
2025-12-23 06:00:00;92.767332;0.0;-3.1433875e-11;-2.1159297e-12;338.24;-2.351033e-12;338.24
2025-12-23 07:00:00;103.73792;0.0;-3.1474554e-11;0.0;378.24;0.0;378.24
2025-12-23 08:00:00;103.73792;0.0;-3.1152137e-11;-1.0579385e-12;378.24;-1.1754873e-12;378.24
2025-12-23 09:00:00;103.73792;0.0;-3.0829745e-11;-2.1159034e-12;378.24;-2.3510038e-12;378.24
2025-12-23 10:00:00;101.67935;0.9670000000000001;0.0;-3.1738946e-12;374.26;-3.5265496e-12;374.26
2025-12-23 11:00:00;99.096351;3.55;0.0;-4.2318595e-12;374.26;-4.7020661e-12;374.26
2025-12-23 12:00:00;96.746351;5.9;0.0;-5.2898243e-12;374.26;-5.8775826e-12;374.26
2025-12-23 13:00:00;95.164233;6.78;-3.2240282e-13;0.0;371.7;0.0;371.7
2025-12-23 14:00:00;96.394233;5.55;0.0;-1.0579649e-12;371.7;-1.1755165e-12;371.7
2025-12-23 15:00:00;98.194233;3.7500000000000004;-1.8539318e-12;-2.1159297e-12;371.7;-2.351033e-12;371.7
2025-12-23 16:00:00;88.352964;2.5;0.0;0.0;331.26;0.0;331.26
2025-12-23 17:00:00;90.402964;0.45;0.0;-1.0579649e-12;331.26;-1.1755165e-12;331.26
2025-12-23 18:00:00;90.852964;0.0;-3.0507331e-11;-2.1159297e-12;331.26;-2.351033e-12;331.26
2025-12-23 19:00:00;88.392808;0.0;-3.018493e-11;0.0;322.29;0.0;322.29
2025-12-23 20:00:00;88.392808;0.0;-2.986254e-11;-1.0579649e-12;322.29;-1.1755165e-12;322.29
2025-12-23 21:00:00;88.392808;0.0;-2.9177055e-11;-2.1159297e-12;322.29;-2.351033e-12;322.29
2025-12-23 22:00:00;90.581441;0.0;-2.9217721e-11;0.0;330.27;0.0;330.27
2025-12-23 23:00:00;90.581441;0.0;-2.8532257e-11;-1.0579649e-12;330.27;-1.1755165e-12;330.27
2025-12-24 00:00:00;90.581441;0.0;-2.8209854e-11;-2.1159297e-12;330.27;-2.351033e-12;330.27
2025-12-24 01:00:00;99.355173;0.0;-2.8250507e-11;0.0;362.26;0.0;362.26
2025-12-24 02:00:00;99.355173;0.0;-2.7928104e-11;-1.0579649e-12;362.26;-1.1755165e-12;362.26
2025-12-24 03:00:00;99.355173;0.0;-2.7605701e-11;-2.1159297e-12;362.26;-2.351033e-12;362.26
2025-12-24 04:00:00;118.83072;0.0;-2.7283298e-11;0.0;433.27;0.0;433.27
2025-12-24 05:00:00;118.83072;0.0;-2.69609e-11;-1.0579385e-12;433.27;-1.1754873e-12;433.27
2025-12-24 06:00:00;118.83072;0.0;-2.6638493e-11;-2.1159034e-12;433.27;-2.3510038e-12;433.27
2025-12-24 07:00:00;132.23678;0.0;-2.5953027e-11;19.503;482.15;21.67;503.82
2025-12-24 08:00:00;132.23678;0.0;-2.5993706e-11;19.503;482.15;21.67;503.82
2025-12-24 09:00:00;131.63678;0.6;-3.2240282e-13;19.503;482.15;21.67;503.82
2025-12-24 10:00:00;124.45678;7.78;0.0;12.699;482.15;14.11;496.26
2025-12-24 11:00:00;92.336782;39.9;0.0;12.699;482.15;14.11;496.26
2025-12-24 12:00:00;56.436782;75.8;0.0;12.699;482.15;14.11;496.26
2025-12-24 13:00:00;37.636782;94.60000000000001;0.0;13.617;482.15;15.13;497.28
2025-12-24 14:00:00;41.336782;90.89999999999999;0.0;13.617;482.15;15.13;497.28
2025-12-24 15:00:00;68.236782;64.0;0.0;13.617;482.15;15.13;497.28
2025-12-24 16:00:00;106.63867;24.8;0.0;0.0;479.24;0.0;479.24
2025-12-24 17:00:00;129.40867;2.03;0.0;-1.0579649e-12;479.24;-1.1755165e-12;479.24
2025-12-24 18:00:00;131.43867;0.0;-2.5671303e-11;-2.1159297e-12;479.24;-2.351033e-12;479.24
2025-12-24 19:00:00;132.23678;0.0;-2.4985818e-11;4.608;482.15;5.12;487.27
2025-12-24 20:00:00;132.23678;0.0;-2.4663415e-11;4.608;482.15;5.12;487.27
2025-12-24 21:00:00;132.23678;0.0;-2.4341013e-11;4.608;482.15;5.12;487.27
2025-12-24 22:00:00;132.23678;0.0;-2.401861e-11;26.172;482.15;29.08;511.23
2025-12-24 23:00:00;132.23678;0.0;-2.4099929e-11;26.172;482.15;29.08;511.23
2025-12-25 00:00:00;132.23678;0.0;-2.3373811e-11;26.172;482.15;29.08;511.23
2025-12-25 01:00:00;132.23678;0.0;-2.3414469e-11;31.59;482.15;35.1;517.25
2025-12-25 02:00:00;132.23678;0.0;-2.3092066e-11;31.59;482.15;35.1;517.25
2025-12-25 03:00:00;132.23678;0.0;-2.276967e-11;31.59;482.15;35.1;517.25
2025-12-25 04:00:00;132.23678;0.0;-2.2447261e-11;45.963;482.15;51.07;533.22
2025-12-25 05:00:00;132.23678;0.0;-2.2124858e-11;45.963;482.15;51.07;533.22
2025-12-25 06:00:00;132.23678;0.0;-2.1802455e-11;45.963;482.15;51.07;533.22
2025-12-25 07:00:00;132.23678;0.0;-2.1480052e-11;114.894;482.15;127.66;609.81
2025-12-25 08:00:00;132.23678;0.0;-2.0794589e-11;114.894;482.15;127.66;609.81
2025-12-25 09:00:00;131.83678;0.4;4.2948863e-29;114.894;482.15;127.66;609.81
2025-12-25 10:00:00;125.45678;6.78;0.0;99.072;482.15;110.08;592.23
2025-12-25 11:00:00;95.436782;36.8;0.0;99.072;482.15;110.08;592.23
2025-12-25 12:00:00;81.936782;50.3;0.0;99.072;482.15;110.08;592.23
2025-12-25 13:00:00;72.936782;59.3;0.0;40.014;482.15;44.46;526.61
2025-12-25 14:00:00;57.236782;75.0;0.0;40.014;482.15;44.46;526.61
2025-12-25 15:00:00;70.536782;61.7;0.0;40.014;482.15;44.46;526.61
2025-12-25 16:00:00;109.93678;22.300000000000004;0.0;27.99;482.15;31.1;513.25
2025-12-25 17:00:00;130.18678;2.05;0.0;27.99;482.15;31.1;513.25
2025-12-25 18:00:00;132.23678;0.0;-2.0835246e-11;27.99;482.15;31.1;513.25
2025-12-25 19:00:00;132.23678;0.0;-2.0512854e-11;19.872;482.15;22.08;504.22999999999996
2025-12-25 20:00:00;132.23678;0.0;-2.0190451e-11;19.872;482.15;22.08;504.22999999999996
2025-12-25 21:00:00;132.23678;0.0;-1.9868038e-11;19.872;482.15;22.08;504.22999999999996
2025-12-25 22:00:00;132.23678;0.0;-1.9545636e-11;30.708;482.15;34.12;516.27
2025-12-25 23:00:00;132.23678;0.0;-1.9223243e-11;30.708;482.15;34.12;516.27
2025-12-26 00:00:00;132.23678;0.0;-1.8900845e-11;30.708;482.15;34.12;516.27
2025-12-26 01:00:00;132.23678;0.0;-1.8578437e-11;31.572;482.15;35.08;517.23
2025-12-26 02:00:00;132.23678;0.0;-1.8256035e-11;31.572;482.15;35.08;517.23
2025-12-26 03:00:00;132.23678;0.0;-1.7933622e-11;31.572;482.15;35.08;517.23
2025-12-26 04:00:00;132.23678;0.0;-1.7611219e-11;49.599;482.15;55.11;537.26
2025-12-26 05:00:00;132.23678;0.0;-1.7692539e-11;49.599;482.15;55.11;537.26
2025-12-26 06:00:00;132.23678;0.0;-1.6966423e-11;49.599;482.15;55.11;537.26
2025-12-26 07:00:00;132.23678;0.0;-1.664401e-11;106.299;482.15;118.11;600.26
2025-12-26 08:00:00;132.23678;0.0;-1.5999181e-11;106.299;482.15;118.11;600.26
2025-12-26 09:00:00;132.13678;0.1;0.0;106.299;482.15;118.11;600.26
2025-12-26 10:00:00;126.78678;5.449999999999999;0.0;71.172;482.15;79.08;561.23
2025-12-26 11:00:00;92.836782;39.4;0.0;71.172;482.15;79.08;561.23
2025-12-26 12:00:00;60.736782;71.5;0.0;71.172;482.15;79.08;561.23
2025-12-26 13:00:00;37.112281;92.7;0.0;0.0;473.31;0.0;473.31000000000006
2025-12-26 14:00:00;40.912281;88.9;0.0;-1.0579649e-12;473.31;-1.1755165e-12;473.31000000000006
2025-12-26 15:00:00;66.912281;62.900000000000006;-1.7179545e-28;-2.1159297e-12;473.31;-2.351033e-12;473.31000000000006
2025-12-26 16:00:00;94.316806;25.6;0.0;0.0;437.23;0.0;437.23
2025-12-26 17:00:00;117.71681;2.2;0.0;-1.0579649e-12;437.23;-1.1755165e-12;437.23
2025-12-26 18:00:00;119.91681;0.0;-5.2370299e-13;-2.1159297e-12;437.23;-2.351033e-12;437.23
2025-12-26 19:00:00;122.1219;0.0;-5.2370299e-13;0.0;445.27;0.0;445.2699999999999
2025-12-26 20:00:00;122.1219;0.0;-5.2370299e-13;-1.0579649e-12;445.27;-1.1755165e-12;445.2699999999999
2025-12-26 21:00:00;122.1219;0.0;-5.2370299e-13;-2.1159297e-12;445.27;-2.351033e-12;445.2699999999999
2025-12-26 22:00:00;127.3247;0.0;-1.8350048e-10;0.0;464.24;0.0;464.24
2025-12-26 23:00:00;127.3247;0.0;-1.5676778e-11;-1.0579649e-12;464.24;-1.1755165e-12;464.24
2025-12-27 00:00:00;127.3247;0.0;-1.5676817e-11;-2.1159297e-12;464.24;-2.351033e-12;464.24
2025-12-27 01:00:00;132.23678;0.0;-1.5354409e-11;5.436;482.15;6.04;488.19
2025-12-27 02:00:00;132.23678;0.0;-1.5031996e-11;5.436;482.15;6.04;488.19
2025-12-27 03:00:00;132.23678;0.0;-1.5113316e-11;5.436;482.15;6.04;488.19
2025-12-27 04:00:00;132.23678;0.0;-1.438719e-11;24.408;482.15;27.12;509.27000000000004
2025-12-27 05:00:00;132.23678;0.0;-1.4064787e-11;24.408;482.15;27.12;509.27000000000004
2025-12-27 06:00:00;132.23678;0.0;-1.3742388e-11;24.408;482.15;27.12;509.27000000000004
2025-12-27 07:00:00;132.23678;0.0;-1.3097553e-11;44.145;482.15;49.05;531.2
2025-12-27 08:00:00;132.23678;0.0;-1.7716452e-10;44.145;482.15;49.05;531.2
2025-12-27 09:00:00;131.73678;0.5;0.0;44.145;482.15;49.05;531.2
2025-12-27 10:00:00;125.50678;6.73;0.0;17.118;482.15;19.02;501.17
2025-12-27 11:00:00;104.73678;27.5;0.0;17.118;482.15;19.02;501.17
2025-12-27 12:00:00;76.236782;56.0;0.0;17.118;482.15;19.02;501.17
2025-12-27 13:00:00;41.26593;75.9;0.0;0.0;427.2;0.0;427.2
2025-12-27 14:00:00;44.46593;72.7;0.0;-1.0579649e-12;427.2;-1.1755165e-12;427.2
2025-12-27 15:00:00;70.46593;46.7;0.0;-2.1159297e-12;427.2;-2.351033e-12;427.2
2025-12-27 16:00:00;106.43437;18.4;0.0;0.0;455.16;0.0;455.16
2025-12-27 17:00:00;121.08437;3.7500000000000004;0.0;-1.0579649e-12;455.16;-1.1755165e-12;455.16
2025-12-27 18:00:00;124.83437;0.0;-1.8704691e-10;-2.1159297e-12;455.16;-2.351033e-12;455.16
2025-12-27 19:00:00;121.85037;0.0;-3.4554816e-10;0.0;444.28;0.0;444.2799999999999
2025-12-27 20:00:00;121.85037;0.0;-2.0703147e-10;-1.0579649e-12;444.28;-1.1755165e-12;444.2799999999999
2025-12-27 21:00:00;121.85037;0.0;-1.3097579e-11;-2.1159297e-12;444.28;-2.351033e-12;444.2799999999999
2025-12-27 22:00:00;120.74234;0.0;-1.2775177e-11;0.0;440.24;0.0;440.24
2025-12-27 23:00:00;120.74234;0.0;-1.2452784e-11;-3.0063628e-11;440.24;-3.3404032e-11;440.24
2025-12-28 00:00:00;120.74234;0.0;-1.213037e-11;-2.1159297e-12;440.24;-2.351033e-12;440.24
2025-12-28 01:00:00;116.63386;0.0;-1.1807967e-11;0.0;425.26;0.0;425.26
2025-12-28 02:00:00;116.63386;0.0;-1.1485578e-11;-1.0579649e-12;425.26;-1.1755165e-12;425.26
2025-12-28 03:00:00;116.63386;0.0;-1.1163176e-11;-2.1159297e-12;425.26;-2.351033e-12;425.26
2025-12-28 04:00:00;114.71675;0.0;-1.0840773e-11;0.0;418.27;0.0;418.27
2025-12-28 05:00:00;114.71675;0.0;-1.0518356e-11;-1.0579649e-12;418.27;-1.1755165e-12;418.27
2025-12-28 06:00:00;114.71675;0.0;-1.0195964e-11;-2.1159297e-12;418.27;-2.351033e-12;418.27
2025-12-28 07:00:00;118.55645;0.0;-9.8735611e-12;0.0;432.27;0.0;432.27
2025-12-28 08:00:00;118.55645;0.0;-9.5511629e-12;-1.0579649e-12;432.27;-1.1755165e-12;432.27
2025-12-28 09:00:00;117.95645;0.6;0.0;-2.1159297e-12;432.27;-2.351033e-12;432.27
2025-12-28 10:00:00;103.82282;7.6;0.0;0.0;406.26;0.0;406.26
2025-12-28 11:00:00;72.322825;39.1;0.0;-1.0579649e-12;406.26;-1.1755165e-12;406.26
2025-12-28 12:00:00;37.422825;74.0;0.0;-2.1159297e-12;406.26;-2.351033e-12;406.26
2025-12-28 13:00:00;7.4779674;92.7;-3.2240282e-13;0.0;365.26;0.0;365.26
2025-12-28 14:00:00;10.777967;89.4;0.0;0.0;365.26;0.0;365.26
2025-12-28 15:00:00;35.277967;64.9;0.0;0.0;365.26;0.0;365.26
2025-12-28 16:00:00;85.808716;27.8;0.0;0.0;414.23;0.0;414.23
2025-12-28 17:00:00;111.27872;2.33;0.0;-1.0579649e-12;414.23;-1.1755165e-12;414.23
2025-12-28 18:00:00;113.60872;0.0;-5.2370299e-13;-2.1159297e-12;414.23;-2.351033e-12;414.23
2025-12-28 19:00:00;128.41353;0.0;-3.0815385e-10;0.0;468.21;0.0;468.21000000000004
2025-12-28 20:00:00;128.41353;0.0;-3.6392512e-10;-1.0579649e-12;468.21;-1.1755165e-12;468.21000000000004
2025-12-28 21:00:00;128.41353;0.0;-8.9063188e-12;-2.1159297e-12;468.21;-2.351033e-12;468.21000000000004
2025-12-28 22:00:00;132.23678;0.0;-8.9063572e-12;25.299;482.15;28.11;510.26
2025-12-28 23:00:00;132.23678;0.0;-8.5839428e-12;25.299;482.15;28.11;510.26
2025-12-29 00:00:00;132.23678;0.0;-8.2615502e-12;25.299;482.15;28.11;510.26
2025-12-29 01:00:00;132.23678;0.0;-7.9391441e-12;36.945;482.15;41.05;523.2
2025-12-29 02:00:00;132.23678;0.0;-7.6167306e-12;36.945;482.15;41.05;523.2
2025-12-29 03:00:00;132.23678;0.0;-7.294329e-12;36.945;482.15;41.05;523.2
2025-12-29 04:00:00;132.23678;0.0;-6.9719249e-12;55.899;482.15;62.11;544.26
2025-12-29 05:00:00;132.23678;0.0;-6.6495328e-12;55.899;482.15;62.11;544.26
2025-12-29 06:00:00;132.23678;0.0;-6.3271207e-12;55.899;482.15;62.11;544.26
2025-12-29 07:00:00;132.23678;0.0;-3.4135693e-10;86.499;482.15;96.11;578.26
2025-12-29 08:00:00;132.23678;0.0;-5.2370299e-13;86.499;482.15;96.11;578.26
2025-12-29 09:00:00;132.23678;0.0;-5.2370299e-13;86.499;482.15;96.11;578.26
2025-12-29 10:00:00;131.36978;0.867;0.0;71.199;482.15;79.11;561.26
2025-12-29 11:00:00;128.53678;3.6999999999999997;0.0;71.199;482.15;79.11;561.26
2025-12-29 12:00:00;123.91678;8.32;0.0;71.199;482.15;79.11;561.26
2025-12-29 13:00:00;120.83678;11.4;0.0;35.226;482.15;39.14;521.29
2025-12-29 14:00:00;122.23678;10.0;0.0;35.226;482.15;39.14;521.29
2025-12-29 15:00:00;120.93678;11.300000000000002;0.0;35.226;482.15;39.14;521.29
2025-12-29 16:00:00;115.31454;9.55;0.0;0.0;455.27;0.0;455.27
2025-12-29 17:00:00;124.06454;0.8;0.0;-1.0579649e-12;455.27;-1.1755165e-12;455.27
2025-12-29 18:00:00;124.86454;0.0;-2.6913869e-10;-8.3949353e-10;455.27;-9.3277059e-10;455.27
2025-12-29 19:00:00;116.08258;0.0;-6.0047178e-12;0.0;423.25;0.0;423.25
2025-12-29 20:00:00;116.08258;0.0;-5.6823136e-12;-1.0579649e-12;423.25;-1.1755165e-12;423.25
2025-12-29 21:00:00;116.08258;0.0;-5.3599108e-12;-2.1159297e-12;423.25;-2.351033e-12;423.25
2025-12-29 22:00:00;111.42831;0.0;-5.0375117e-12;0.0;406.28;0.0;406.28
2025-12-29 23:00:00;111.42831;0.0;-4.7151051e-12;-1.0579649e-12;406.28;-1.1755165e-12;406.28
2025-12-30 00:00:00;111.42831;0.0;-4.3927163e-12;-2.1159297e-12;406.28;-2.351033e-12;406.28
2025-12-30 01:00:00;111.68886;0.0;-3.7072445e-12;0.0;407.23;0.0;407.23
2025-12-30 02:00:00;111.68886;0.0;-3.7478979e-12;-1.0579649e-12;407.23;-1.1755165e-12;407.23
2025-12-30 03:00:00;111.68886;0.0;-3.4254951e-12;-2.1159297e-12;407.23;-2.351033e-12;407.23
2025-12-30 04:00:00;127.05866;0.0;-3.1030923e-12;0.0;463.27;0.0;463.27000000000004
2025-12-30 05:00:00;127.05866;0.0;-2.7806896e-12;-1.0579649e-12;463.27;-1.1755165e-12;463.27000000000004
2025-12-30 06:00:00;127.05866;0.0;-2.4582868e-12;-2.1159297e-12;463.27;-2.351033e-12;463.27000000000004
2025-12-30 07:00:00;132.23678;0.0;-2.1358839e-12;45.081;482.15;50.09;532.24
2025-12-30 08:00:00;132.23678;0.0;-1.8134811e-12;45.081;482.15;50.09;532.24
2025-12-30 09:00:00;131.83678;0.4;0.0;45.081;482.15;50.09;532.24
2025-12-30 10:00:00;124.23678;8.0;0.0;36.999;482.15;41.11;523.26
2025-12-30 11:00:00;95.036782;37.2;0.0;36.999;482.15;41.11;523.26
2025-12-30 12:00:00;69.336782;62.900000000000006;0.0;36.999;482.15;41.11;523.26
2025-12-30 13:00:00;67.864346;58.1;0.0;0.0;459.28;0.0;459.28
2025-12-30 14:00:00;42.864346;83.1;0.0;-1.0579649e-12;459.28;-1.1755165e-12;459.28
2025-12-30 15:00:00;64.764346;61.2;0.0;-2.1159297e-12;459.28;-2.351033e-12;459.28
2025-12-30 16:00:00;98.684794;25.9;0.0;0.0;454.25;0.0;454.25
2025-12-30 17:00:00;121.68479;2.9;0.0;-1.0579649e-12;454.25;-1.1755165e-12;454.25
2025-12-30 18:00:00;124.58479;0.0;-2.7011032e-10;-2.1159297e-12;454.25;-2.351033e-12;454.25
2025-12-30 19:00:00;130.3471;0.0;-3.7682124e-10;0.0;475.26;0.0;475.25999999999993
2025-12-30 20:00:00;130.3471;0.0;-1.1685988e-12;0.0;475.26;0.0;475.25999999999993
2025-12-30 21:00:00;130.3471;0.0;-1.1686741e-12;-1.0579649e-12;475.26;-1.1755165e-12;475.25999999999993
2025-12-30 22:00:00;132.23678;0.0;-8.4628197e-13;13.608;482.15;15.12;497.27
2025-12-30 23:00:00;;;;;;;
