;grid_import_el;pv_el;grid_export_el;gas_import;hp_heat;boiler_heat;heat_demand;heat_source
2025-01-01 00:00:00;86.386365;0.0;0.0;129.843;200.0;144.27;344.27;113.61363
2025-01-01 01:00:00;86.513632;0.0;0.0;155.943;200.0;173.27;373.27;113.48637
2025-01-01 02:00:00;87.001238;0.0;0.0;155.943;200.0;173.27;373.27;112.99876
2025-01-01 03:00:00;87.380606;0.0;0.0;155.943;200.0;173.27;373.27;112.61939
2025-01-01 04:00:00;87.618459;0.0;0.0;153.243;200.0;170.27;370.27;112.38154
2025-01-01 05:00:00;87.985378;0.0;0.0;153.243;200.0;170.27;370.27;112.01462
2025-01-01 06:00:00;88.796604;0.0;0.0;153.243;200.0;170.27;370.27;111.2034
2025-01-01 07:00:00;89.935916;0.0;0.0;166.743;200.0;185.27;385.27;110.06408
2025-01-01 08:00:00;89.601756;0.0;0.0;166.743;200.0;185.27;385.27;110.39824
2025-01-01 09:00:00;88.412406;0.0;0.0;166.743;200.0;185.27;385.27;111.58759
2025-01-01 10:00:00;86.989967;0.0;0.0;145.359;200.0;161.51;361.51;113.01003
2025-01-01 11:00:00;86.312276;0.0;0.0;145.359;200.0;161.51;361.51;113.68772
2025-01-01 12:00:00;85.448261;0.0;0.0;145.359;200.0;161.51;361.51;114.55174
2025-01-01 13:00:00;83.448459;0.0;0.0;156.834;200.0;174.26;374.26;116.55154
2025-01-01 14:00:00;82.040041;0.0;0.0;156.834;200.0;174.26;374.26;117.95996
2025-01-01 15:00:00;81.263811;0.0;0.0;156.834;200.0;174.26;374.26;118.73619
2025-01-01 16:00:00;80.42018;0.0;0.0;128.043;200.0;142.27;342.27;119.57982
2025-01-01 17:00:00;79.51269;0.0;0.0;128.043;200.0;142.27;342.27;120.48731
2025-01-01 18:00:00;80.498493;0.0;0.0;128.043;200.0;142.27;342.27;119.50151
2025-01-01 19:00:00;80.370789;0.0;0.0;77.652;200.0;86.28;286.28;119.62921
2025-01-01 20:00:00;80.771048;0.0;0.0;77.652;200.0;86.28;286.28;119.22895
2025-01-01 21:00:00;80.547091;0.0;0.0;77.652;200.0;86.28;286.28;119.45291
2025-01-01 22:00:00;81.066467;0.0;0.0;112.761;200.0;125.29;325.29;118.93353
2025-01-01 23:00:00;83.321315;0.0;0.0;112.761;200.0;125.29;325.29;116.67869
2025-01-02 00:00:00;87.944384;0.0;0.0;112.761;200.0;125.29;325.29;112.05562
2025-01-02 01:00:00;93.562357;0.0;0.0;166.752;200.0;185.28;385.28;106.43764
2025-01-02 02:00:00;96.024581;0.0;0.0;166.752;200.0;185.28;385.28;103.97542
2025-01-02 03:00:00;96.342795;0.0;0.0;166.752;200.0;185.28;385.28;103.65721
2025-01-02 04:00:00;96.296928;0.0;0.0;218.061;200.0;242.29;442.29;103.70307
2025-01-02 05:00:00;96.284667;0.0;0.0;218.061;200.0;242.29;442.29;103.71533
2025-01-02 06:00:00;95.592748;0.0;0.0;218.061;200.0;242.29;442.29;104.40725
2025-01-02 07:00:00;95.300583;0.0;0.0;267.525;200.0;297.25;497.25;104.69942
2025-01-02 08:00:00;94.156829;0.0;0.0;267.525;200.0;297.25;497.25;105.84317
2025-01-02 09:00:00;92.353883;0.0;0.0;267.525;200.0;297.25;497.25;107.64612
2025-01-02 10:00:00;90.392532;0.2;0.0;254.043;200.0;282.27;482.27;109.40747
2025-01-02 11:00:00;85.606935;2.8299999999999996;0.0;254.043;200.0;282.27;482.27;111.56306
2025-01-02 12:00:00;81.880582;5.83;0.0;254.043;200.0;282.27;482.27;112.28942
2025-01-02 13:00:00;65.851865;23.6;0.0;210.285;200.0;233.65;433.65;110.54814
2025-01-02 14:00:00;74.235365;17.7;0.0;210.285;200.0;233.65;433.65;108.06463
2025-01-02 15:00:00;82.617203;12.899999999999999;0.0;210.285;200.0;233.65;433.65;104.4828
2025-01-02 16:00:00;82.99488;13.4;0.0;204.552;200.0;227.28;427.28;103.60512
2025-01-02 17:00:00;92.75198;4.73;0.0;204.552;200.0;227.28;427.28;102.51802
2025-01-02 18:00:00;97.483784;0.0;0.0;204.552;200.0;227.28;427.28;102.51622
2025-01-02 19:00:00;98.004837;0.0;0.0;205.416;200.0;228.24;428.24;101.99516
2025-01-02 20:00:00;98.305062;0.0;0.0;205.416;200.0;228.24;428.24;101.69494
2025-01-02 21:00:00;98.853971;0.0;0.0;205.416;200.0;228.24;428.24;101.14603
2025-01-02 22:00:00;98.761146;0.0;0.0;221.625;200.0;246.25;446.25000000000006;101.23885
2025-01-02 23:00:00;98.667702;0.0;0.0;221.625;200.0;246.25;446.25000000000006;101.3323
2025-01-03 00:00:00;98.487068;0.0;0.0;221.625;200.0;246.25;446.25000000000006;101.51293
2025-01-03 01:00:00;98.785494;0.0;0.0;228.843;200.0;254.27;454.27;101.21451
2025-01-03 02:00:00;98.911992;0.0;0.0;228.843;200.0;254.27;454.27;101.08801
2025-01-03 03:00:00;99.033893;0.0;0.0;228.843;200.0;254.27;454.27;100.96611
2025-01-03 04:00:00;99.207262;0.0;0.0;225.234;200.0;250.26;450.26;100.79274
2025-01-03 05:00:00;99.882625;0.0;0.0;225.234;200.0;250.26;450.26;100.11738
2025-01-03 06:00:00;100.19966;0.0;0.0;225.234;200.0;250.26;450.26;99.800343
2025-01-03 07:00:00;100.41924;0.0;0.0;286.407;200.0;318.23;518.23;99.580756
2025-01-03 08:00:00;99.342005;0.0;0.0;286.407;200.0;318.23;518.23;100.658
2025-01-03 09:00:00;98.181417;0.0;0.0;286.407;200.0;318.23;518.23;101.81858
2025-01-03 10:00:00;93.483849;4.0;0.0;274.5;200.0;305.0;505.0;102.51615
2025-01-03 11:00:00;63.97244;32.7;0.0;274.5;200.0;305.0;505.0;103.32756
2025-01-03 12:00:00;24.747175;71.4;0.0;274.5;200.0;305.0;505.0;103.85282
2025-01-03 13:00:00;11.995849;84.2;0.0;246.015;200.0;273.35;473.35;103.80415
2025-01-03 14:00:00;33.766863;62.900000000000006;0.0;246.015;200.0;273.35;473.35;103.33314
2025-01-03 15:00:00;64.444488;33.0;0.0;246.015;200.0;273.35;473.35;102.55551
2025-01-03 16:00:00;82.637656;15.1;0.0;239.796;200.0;266.44;466.44;102.26234
2025-01-03 17:00:00;96.609415;1.7300000000000002;0.0;239.796;200.0;266.44;466.44;101.66058
2025-01-03 18:00:00;97.618471;0.0;0.0;239.796;200.0;266.44;466.44;102.38153
2025-01-03 19:00:00;98.205415;0.0;0.0;212.607;200.0;236.23;436.23;101.79459
2025-01-03 20:00:00;98.15423;0.0;0.0;212.607;200.0;236.23;436.23;101.84577
2025-01-03 21:00:00;98.5022;0.0;0.0;212.607;200.0;236.23;436.23;101.4978
2025-01-03 22:00:00;98.676814;0.0;0.0;218.034;200.0;242.26;442.26;101.32319
2025-01-03 23:00:00;99.232031;0.0;0.0;218.034;200.0;242.26;442.26;100.76797
2025-01-04 00:00:00;99.784955;0.0;0.0;218.034;200.0;242.26;442.26;100.21504
2025-01-04 01:00:00;100.13216;0.0;0.0;220.725;200.0;245.25;445.24999999999994;99.86784
2025-01-04 02:00:00;100.05878;0.0;0.0;220.725;200.0;245.25;445.24999999999994;99.941223
2025-01-04 03:00:00;100.25504;0.0;0.0;220.725;200.0;245.25;445.24999999999994;99.744957
2025-01-04 04:00:00;100.38568;0.0;0.0;223.443;200.0;248.27;448.27000000000004;99.614322
2025-01-04 05:00:00;99.911591;0.0;0.0;223.443;200.0;248.27;448.27000000000004;100.08841
2025-01-04 06:00:00;99.643891;0.0;0.0;223.443;200.0;248.27;448.27000000000004;100.35611
2025-01-04 07:00:00;99.539027;0.0;0.0;235.08;200.0;261.2;461.2;100.46097
2025-01-04 08:00:00;98.450836;0.0;0.0;235.08;200.0;261.2;461.2;101.54916
2025-01-04 09:00:00;97.026689;0.0;0.0;235.08;200.0;261.2;461.2;102.97331
2025-01-04 10:00:00;92.894521;2.9300000000000006;0.0;213.471;200.0;237.19;437.19;104.17548
2025-01-04 11:00:00;84.620073;10.6;0.0;213.471;200.0;237.19;437.19;104.77993
2025-01-04 12:00:00;76.205181;18.6;0.0;213.471;200.0;237.19;437.19;105.19482
2025-01-04 13:00:00;74.121512;21.1;0.0;202.923;200.0;225.47;425.47;104.77849
2025-01-04 14:00:00;73.343296;22.600000000000005;0.0;202.923;200.0;225.47;425.47;104.0567
2025-01-04 15:00:00;75.397731;22.2;0.0;202.923;200.0;225.47;425.47;102.40227
2025-01-04 16:00:00;80.15861;18.7;0.0;234.171;200.0;260.19;460.19;101.14139
2025-01-04 17:00:00;97.039044;2.55;0.0;234.171;200.0;260.19;460.19;100.41096
2025-01-04 18:00:00;99.827041;0.0;0.0;234.171;200.0;260.19;460.19;100.17296
2025-01-04 19:00:00;99.749922;0.0;0.0;224.334;200.0;249.26;449.26;100.25008
2025-01-04 20:00:00;99.457119;0.0;0.0;224.334;200.0;249.26;449.26;100.54288
2025-01-04 21:00:00;99.224886;0.0;0.0;224.334;200.0;249.26;449.26;100.77511
2025-01-04 22:00:00;99.203591;0.0;0.0;238.806;200.0;265.34;465.34;100.79641
2025-01-04 23:00:00;99.234369;0.0;0.0;238.806;200.0;265.34;465.34;100.76563
2025-01-05 00:00:00;99.741083;0.0;0.0;238.806;200.0;265.34;465.34;100.25892
2025-01-05 01:00:00;99.975063;0.0;0.0;237.834;200.0;264.26;464.26000000000005;100.02494
2025-01-05 02:00:00;100.23657;0.0;0.0;237.834;200.0;264.26;464.26000000000005;99.763425
2025-01-05 03:00:00;100.29582;0.0;0.0;237.834;200.0;264.26;464.26000000000005;99.704178
2025-01-05 04:00:00;99.937661;0.0;0.0;252.234;200.0;280.26;480.26;100.06234
2025-01-05 05:00:00;99.299056;0.0;0.0;252.234;200.0;280.26;480.26;100.70094
2025-01-05 06:00:00;97.748735;0.0;0.0;252.234;200.0;280.26;480.26;102.25126
2025-01-05 07:00:00;94.688476;0.0;0.0;236.889;200.0;263.21;463.21;105.31152
2025-01-05 08:00:00;87.360665;0.0;0.0;236.889;200.0;263.21;463.21;112.63934
2025-01-05 09:00:00;80.116748;0.0;0.0;236.889;200.0;263.21;463.21;119.88325
2025-01-05 10:00:00;75.23721;0.65;0.0;161.388;200.0;179.32;379.32;124.11279
2025-01-05 11:00:00;71.906942;2.73;0.0;161.388;200.0;179.32;379.32;125.36306
2025-01-05 12:00:00;70.788218;3.1;0.0;161.388;200.0;179.32;379.32;126.11178
2025-01-05 13:00:00;64.825993;8.25;0.0;20.97;200.0;23.3;223.30000000000004;126.92401
2025-01-05 14:00:00;61.0912;11.8;0.0;20.97;200.0;23.3;223.30000000000004;127.1088
2025-01-05 15:00:00;66.813189;6.53;0.0;20.97;200.0;23.3;223.30000000000004;126.65681
2025-01-05 16:00:00;67.953041;4.03;0.0;0.0;194.58;0.0;194.58;122.59696
2025-01-05 17:00:00;70.674373;1.7300000000000002;0.0;0.0;194.58;0.0;194.58;122.17563
2025-01-05 18:00:00;71.229639;0.0;0.0;0.0;194.58;0.0;194.58;123.35036
2025-01-05 19:00:00;68.290696;0.0;0.0;0.0;187.19;0.0;187.19;118.8993
2025-01-05 20:00:00;67.96014;0.0;0.0;0.0;187.19;0.0;187.19;119.22986
2025-01-05 21:00:00;67.327212;0.0;0.0;0.0;187.19;0.0;187.19;119.86279
2025-01-05 22:00:00;70.031717;0.0;0.0;0.0;195.41;0.0;195.41;125.37828
2025-01-05 23:00:00;70.153314;0.0;0.0;0.0;195.41;0.0;195.41;125.25669
2025-01-06 00:00:00;70.124611;0.0;0.0;0.0;195.41;0.0;195.41;125.28539
2025-01-06 01:00:00;69.782756;0.0;0.0;0.0;194.34;0.0;194.34;124.55724
2025-01-06 02:00:00;70.110658;0.0;0.0;0.0;194.34;0.0;194.34;124.22934
2025-01-06 03:00:00;70.672241;0.0;0.0;0.0;194.34;0.0;194.34;123.66776
2025-01-06 04:00:00;73.15711;0.0;0.0;10.827;200.0;12.03;212.03;126.84289
2025-01-06 05:00:00;73.461905;0.0;0.0;10.827;200.0;12.03;212.03;126.5381
2025-01-06 06:00:00;72.899957;0.0;0.0;10.827;200.0;12.03;212.03;127.10004
2025-01-06 07:00:00;72.060927;0.0;0.0;58.671;200.0;65.19;265.19;127.93907
2025-01-06 08:00:00;71.461421;0.0;0.0;58.671;200.0;65.19;265.19;128.53858
2025-01-06 09:00:00;70.484958;0.0;0.0;58.671;200.0;65.19;265.19;129.51504
2025-01-06 10:00:00;68.965517;0.0;0.0;41.319;200.0;45.91;245.90999999999997;131.03448
2025-01-06 11:00:00;68.965517;0.0;0.0;41.319;200.0;45.91;245.90999999999997;131.03448
2025-01-06 12:00:00;68.965517;0.0;0.0;41.319;200.0;45.91;245.90999999999997;131.03448
2025-01-06 13:00:00;71.001786;0.0;0.0;31.257;200.0;34.73;234.73;128.99821
2025-01-06 14:00:00;75.961659;0.0;0.0;31.257;200.0;34.73;234.73;124.03834
2025-01-06 15:00:00;79.411563;0.0;0.0;31.257;200.0;34.73;234.73;120.58844
2025-01-06 16:00:00;81.144438;0.0;0.0;106.407;200.0;118.23;318.23;118.85556
2025-01-06 17:00:00;82.193309;0.0;0.0;106.407;200.0;118.23;318.23;117.80669
2025-01-06 18:00:00;82.710815;0.0;0.0;106.407;200.0;118.23;318.23;117.28919
2025-01-06 19:00:00;84.111975;0.0;0.0;103.959;200.0;115.51;315.51;115.88803
2025-01-06 20:00:00;84.988792;0.0;0.0;103.959;200.0;115.51;315.51;115.01121
2025-01-06 21:00:00;85.301363;0.0;0.0;103.959;200.0;115.51;315.51;114.69864
2025-01-06 22:00:00;85.928766;0.0;0.0;113.13;200.0;125.7;325.7;114.07123
2025-01-06 23:00:00;86.578641;0.0;0.0;113.13;200.0;125.7;325.7;113.42136
2025-01-07 00:00:00;86.528984;0.0;0.0;113.13;200.0;125.7;325.7;113.47102
2025-01-07 01:00:00;87.063373;0.0;0.0;148.698;200.0;165.22;365.22;112.93663
2025-01-07 02:00:00;87.932206;0.0;0.0;148.698;200.0;165.22;365.22;112.06779
2025-01-07 03:00:00;89.006734;0.0;0.0;148.698;200.0;165.22;365.22;110.99327
2025-01-07 04:00:00;89.518236;0.0;0.0;181.989;200.0;202.21;402.21;110.48176
2025-01-07 05:00:00;90.483963;0.0;0.0;181.989;200.0;202.21;402.21;109.51604
2025-01-07 06:00:00;91.488631;0.0;0.0;181.989;200.0;202.21;402.21;108.51137
2025-01-07 07:00:00;92.152752;0.0;0.0;324.0;200.0;360.0;560.0;107.84725
2025-01-07 08:00:00;92.930941;0.0;0.0;324.0;200.0;360.0;560.0;107.06906
2025-01-07 09:00:00;92.261624;0.0;0.0;324.0;200.0;360.0;560.0;107.73838
2025-01-07 10:00:00;87.716143;3.7200000000000006;0.0;339.3;200.0;377.0;577.0;108.56386
2025-01-07 11:00:00;73.28062;16.4;0.0;339.3;200.0;377.0;577.0;110.31938
2025-01-07 12:00:00;62.013571;26.5;0.0;339.3;200.0;377.0;577.0;111.48643
2025-01-07 13:00:00;49.3129;39.0;0.0;307.8;200.0;342.0;542.0;111.6871
2025-01-07 14:00:00;46.167007;43.3;0.0;307.8;200.0;342.0;542.0;110.53299
2025-01-07 15:00:00;57.813375;32.8;0.0;307.8;200.0;342.0;542.0;109.38663
2025-01-07 16:00:00;83.607992;7.68;0.0;229.851;200.0;255.39;455.39;108.71201
2025-01-07 17:00:00;91.639231;0.467;0.0;229.851;200.0;255.39;455.39;107.89377
2025-01-07 18:00:00;91.188611;0.0;0.0;229.851;200.0;255.39;455.39;108.81139
2025-01-07 19:00:00;91.52185;0.0;0.0;171.27;200.0;190.3;390.3;108.47815
2025-01-07 20:00:00;92.173178;0.0;0.0;171.27;200.0;190.3;390.3;107.82682
2025-01-07 21:00:00;92.418168;0.0;0.0;171.27;200.0;190.3;390.3;107.58183
2025-01-07 22:00:00;93.261981;0.0;0.0;166.734;200.0;185.26;385.26;106.73802
2025-01-07 23:00:00;93.847254;0.0;0.0;166.734;200.0;185.26;385.26;106.15275
2025-01-08 00:00:00;94.509649;0.0;0.0;166.734;200.0;185.26;385.26;105.49035
2025-01-08 01:00:00;95.323563;0.0;0.0;175.734;200.0;195.26;395.26;104.67644
2025-01-08 02:00:00;95.320358;0.0;0.0;175.734;200.0;195.26;395.26;104.67964
2025-01-08 03:00:00;95.24832;0.0;0.0;175.734;200.0;195.26;395.26;104.75168
2025-01-08 04:00:00;95.374613;0.0;0.0;215.343;200.0;239.27;439.27;104.62539
2025-01-08 05:00:00;96.157897;0.0;0.0;215.343;200.0;239.27;439.27;103.8421
2025-01-08 06:00:00;97.632303;0.0;0.0;215.343;200.0;239.27;439.27;102.3677
2025-01-08 07:00:00;98.207442;0.0;0.0;351.36;200.0;390.4;590.4;101.79256
2025-01-08 08:00:00;97.024646;0.0;0.0;351.36;200.0;390.4;590.4;102.97535
2025-01-08 09:00:00;94.830203;0.0;0.0;351.36;200.0;390.4;590.4;105.1698
2025-01-08 10:00:00;87.907362;4.22;0.0;337.5;200.0;375.0;575.0;107.87264
2025-01-08 11:00:00;69.963305;19.9;0.0;337.5;200.0;375.0;575.0;110.13669
2025-01-08 12:00:00;67.380788;22.2;0.0;337.5;200.0;375.0;575.0;110.41921
2025-01-08 13:00:00;66.83391;23.9;0.0;285.3;200.0;317.0;517.0;109.26609
2025-01-08 14:00:00;68.667582;23.0;0.0;285.3;200.0;317.0;517.0;108.33242
2025-01-08 15:00:00;75.297138;18.0;0.0;285.3;200.0;317.0;517.0;106.70286
2025-01-08 16:00:00;89.091847;5.9;0.0;220.842;200.0;245.38;445.38;105.00815
2025-01-08 17:00:00;95.006705;1.15;0.0;220.842;200.0;245.38;445.38;103.84329
2025-01-08 18:00:00;96.717587;0.0;0.0;220.842;200.0;245.38;445.38;103.28241
2025-01-08 19:00:00;97.163508;0.0;0.0;238.869;200.0;265.41;465.41;102.83649
2025-01-08 20:00:00;97.489005;0.0;0.0;238.869;200.0;265.41;465.41;102.511
2025-01-08 21:00:00;97.552598;0.0;0.0;238.869;200.0;265.41;465.41;102.4474
2025-01-08 22:00:00;96.930062;0.0;0.0;236.061;200.0;262.29;462.29;103.06994
2025-01-08 23:00:00;95.552483;0.0;0.0;236.061;200.0;262.29;462.29;104.44752
2025-01-09 00:00:00;95.155591;0.0;0.0;236.061;200.0;262.29;462.29;104.84441
2025-01-09 01:00:00;95.896936;0.0;0.0;246.87;200.0;274.3;474.3;104.10306
2025-01-09 02:00:00;96.585816;0.0;0.0;246.87;200.0;274.3;474.3;103.41418
2025-01-09 03:00:00;97.324475;0.0;0.0;246.87;200.0;274.3;474.3;102.67553
2025-01-09 04:00:00;98.216862;0.0;0.0;273.195;200.0;303.55;503.55;101.78314
2025-01-09 05:00:00;98.861526;0.0;0.0;273.195;200.0;303.55;503.55;101.13847
2025-01-09 06:00:00;99.189578;0.0;0.0;273.195;200.0;303.55;503.55;100.81042
2025-01-09 07:00:00;99.625311;0.0;0.0;413.1;200.0;459.0;659.0;100.37469
2025-01-09 08:00:00;99.766389;0.0;0.0;413.1;200.0;459.0;659.0;100.23361
2025-01-09 09:00:00;99.458192;0.0;0.0;413.1;200.0;459.0;659.0;100.54181
2025-01-09 10:00:00;99.002243;0.0;0.0;428.4;200.0;476.0;676.0;100.99776
2025-01-09 11:00:00;98.946904;0.0;0.0;428.4;200.0;476.0;676.0;101.0531
2025-01-09 12:00:00;98.245066;0.0;0.0;428.4;200.0;476.0;676.0;101.75493
2025-01-09 13:00:00;97.916265;0.0;0.0;425.7;200.0;473.0;673.0;102.08374
2025-01-09 14:00:00;97.701909;0.0;0.0;425.7;200.0;473.0;673.0;102.29809
2025-01-09 15:00:00;97.901507;0.0;0.0;425.7;200.0;473.0;673.0;102.09849
2025-01-09 16:00:00;98.577335;0.0;0.0;308.628;200.0;342.92;542.92;101.42266
2025-01-09 17:00:00;98.622366;0.0;0.0;308.628;200.0;342.92;542.92;101.37763
2025-01-09 18:00:00;98.21503;0.0;0.0;308.628;200.0;342.92;542.92;101.78497
2025-01-09 19:00:00;98.924069;0.0;0.0;243.117;200.0;270.13;470.12999999999994;101.07593
2025-01-09 20:00:00;99.611514;0.0;0.0;243.117;200.0;270.13;470.12999999999994;100.38849
2025-01-09 21:00:00;100.2455;0.0;0.0;243.117;200.0;270.13;470.12999999999994;99.754499
2025-01-09 22:00:00;100.88506;0.0;0.0;251.352;200.0;279.28;479.28000000000003;99.114943
2025-01-09 23:00:00;101.668;0.0;0.0;251.352;200.0;279.28;479.28000000000003;98.331996
2025-01-10 00:00:00;102.06865;0.0;0.0;251.352;200.0;279.28;479.28000000000003;97.931355
2025-01-10 01:00:00;102.54671;0.0;0.0;247.716;200.0;275.24;475.24000000000007;97.453287
2025-01-10 02:00:00;102.59038;0.0;0.0;247.716;200.0;275.24;475.24000000000007;97.409624
2025-01-10 03:00:00;102.63908;0.0;0.0;247.716;200.0;275.24;475.24000000000007;97.360922
2025-01-10 04:00:00;102.72603;0.0;0.0;278.658;200.0;309.62;509.62000000000006;97.273973
2025-01-10 05:00:00;103.15642;0.0;0.0;278.658;200.0;309.62;509.62000000000006;96.843577
2025-01-10 06:00:00;101.14914;0.0;0.0;278.658;200.0;309.62;509.62000000000006;98.850864
2025-01-10 07:00:00;101.2504;0.0;0.0;432.0;200.0;480.0;680.0;98.7496
2025-01-10 08:00:00;100.86194;0.0;0.0;432.0;200.0;480.0;680.0;99.138061
2025-01-10 09:00:00;100.12849;0.0;0.0;432.0;200.0;480.0;680.0;99.871512
2025-01-10 10:00:00;99.655205;0.0;0.0;416.7;200.0;463.0;663.0;100.3448
2025-01-10 11:00:00;99.39973;0.0;0.0;416.7;200.0;463.0;663.0;100.60027
2025-01-10 12:00:00;99.182306;0.0;0.0;416.7;200.0;463.0;663.0;100.81769
2025-01-10 13:00:00;99.492811;0.1;0.0;362.403;200.0;402.67;602.67;100.40719
2025-01-10 14:00:00;99.966883;1.15;0.0;362.403;200.0;402.67;602.67;98.883117
2025-01-10 15:00:00;101.5623;1.6799999999999997;0.0;362.403;200.0;402.67;602.67;96.757701
2025-01-10 16:00:00;103.94022;0.9249999999999999;0.0;295.272;200.0;328.08;528.08;95.134779
2025-01-10 17:00:00;105.65456;0.1;0.0;295.272;200.0;328.08;528.08;94.245436
2025-01-10 18:00:00;104.39956;0.0;0.0;295.272;200.0;328.08;528.08;95.600444
2025-01-10 19:00:00;105.36419;0.0;0.0;282.843;200.0;314.27;514.27;94.635813
2025-01-10 20:00:00;105.86344;0.0;0.0;282.843;200.0;314.27;514.27;94.13656
2025-01-10 21:00:00;105.74311;0.0;0.0;282.843;200.0;314.27;514.27;94.256887
2025-01-10 22:00:00;105.67264;0.0;0.0;268.416;200.0;298.24;498.24;94.327362
2025-01-10 23:00:00;105.35952;0.0;0.0;268.416;200.0;298.24;498.24;94.64048
2025-01-11 00:00:00;104.80232;0.0;0.0;268.416;200.0;298.24;498.24;95.197683
2025-01-11 01:00:00;104.31285;0.0;0.0;272.943;200.0;303.27;503.27;95.687149
2025-01-11 02:00:00;105.03299;0.0;0.0;272.943;200.0;303.27;503.27;94.967013
2025-01-11 03:00:00;104.60671;0.0;0.0;272.943;200.0;303.27;503.27;95.393292
2025-01-11 04:00:00;104.74358;0.0;0.0;268.407;200.0;298.23;498.23;95.256421
2025-01-11 05:00:00;104.84017;0.0;0.0;268.407;200.0;298.23;498.23;95.15983
2025-01-11 06:00:00;103.55923;0.0;0.0;268.407;200.0;298.23;498.23;96.440769
2025-01-11 07:00:00;102.72159;0.0;0.0;289.08;200.0;321.2;521.2;97.27841
2025-01-11 08:00:00;101.64943;0.0;0.0;289.08;200.0;321.2;521.2;98.350568
2025-01-11 09:00:00;100.82952;0.0;0.0;289.08;200.0;321.2;521.2;99.170476
2025-01-11 10:00:00;100.06143;0.0;0.0;271.143;200.0;301.27;501.27;99.938574
2025-01-11 11:00:00;99.317248;0.0;0.0;271.143;200.0;301.27;501.27;100.68275
2025-01-11 12:00:00;99.141428;0.0;0.0;271.143;200.0;301.27;501.27;100.85857
2025-01-11 13:00:00;99.223017;0.0;0.0;289.071;200.0;321.19;521.19;100.77698
2025-01-11 14:00:00;99.281332;0.167;0.0;289.071;200.0;321.19;521.19;100.55167
2025-01-11 15:00:00;100.06073;0.1;0.0;289.071;200.0;321.19;521.19;99.839274
2025-01-11 16:00:00;100.54637;0.2;0.0;289.08;200.0;321.2;521.2;99.253626
2025-01-11 17:00:00;101.24977;0.0;0.0;289.08;200.0;321.2;521.2;98.750226
2025-01-11 18:00:00;100.75636;0.0;0.0;289.08;200.0;321.2;521.2;99.243644
2025-01-11 19:00:00;100.56299;0.0;0.0;269.361;200.0;299.29;499.28999999999996;99.437007
2025-01-11 20:00:00;100.2502;0.0;0.0;269.361;200.0;299.29;499.28999999999996;99.749796
2025-01-11 21:00:00;100.26288;0.0;0.0;269.361;200.0;299.29;499.28999999999996;99.737117
2025-01-11 22:00:00;100.65292;0.0;0.0;266.841;200.0;296.49;496.49;99.347083
2025-01-11 23:00:00;101.35208;0.0;0.0;266.841;200.0;296.49;496.49;98.647924
2025-01-12 00:00:00;102.10745;0.0;0.0;266.841;200.0;296.49;496.49;97.892552
2025-01-12 01:00:00;102.53858;0.0;0.0;268.434;200.0;298.26;498.26;97.461416
2025-01-12 02:00:00;102.46334;0.0;0.0;268.434;200.0;298.26;498.26;97.536658
2025-01-12 03:00:00;102.80108;0.0;0.0;268.434;200.0;298.26;498.26;97.198919
2025-01-12 04:00:00;103.43784;0.0;0.0;271.134;200.0;301.26;501.26;96.562159
2025-01-12 05:00:00;103.07429;0.0;0.0;271.134;200.0;301.26;501.26;96.925708
2025-01-12 06:00:00;104.72587;0.0;0.0;271.134;200.0;301.26;501.26;95.274126
2025-01-12 07:00:00;105.58366;0.0;0.0;264.843;200.0;294.27;494.27000000000004;94.416345
2025-01-12 08:00:00;104.44311;0.0;0.0;264.843;200.0;294.27;494.27000000000004;95.55689
2025-01-12 09:00:00;102.03496;0.0;0.0;264.843;200.0;294.27;494.27000000000004;97.965044
2025-01-12 10:00:00;98.65417;0.0;0.0;245.952;200.0;273.28;473.28;101.34583
2025-01-12 11:00:00;96.108573;0.0;0.0;245.952;200.0;273.28;473.28;103.89143
2025-01-12 12:00:00;96.199027;0.15;0.0;245.952;200.0;273.28;473.28;103.65097
2025-01-12 13:00:00;96.25347;0.35;0.0;227.286;200.0;252.54;452.5400000000001;103.39653
2025-01-12 14:00:00;96.863033;0.275;0.0;227.286;200.0;252.54;452.5400000000001;102.86197
2025-01-12 15:00:00;97.989153;0.4;0.0;227.286;200.0;252.54;452.5400000000001;101.61085
2025-01-12 16:00:00;101.03163;0.2;0.0;237.852;200.0;264.28;464.28000000000003;98.768368
2025-01-12 17:00:00;102.82022;0.0;0.0;237.852;200.0;264.28;464.28000000000003;97.179779
2025-01-12 18:00:00;103.14012;0.0;0.0;237.852;200.0;264.28;464.28000000000003;96.859884
2025-01-12 19:00:00;103.35193;0.0;0.0;245.961;200.0;273.29;473.29;96.648071
2025-01-12 20:00:00;101.9582;0.0;0.0;245.961;200.0;273.29;473.29;98.041805
2025-01-12 21:00:00;101.15483;0.0;0.0;245.961;200.0;273.29;473.29;98.845174
2025-01-12 22:00:00;100.36402;0.0;0.0;261.477;200.0;290.53;490.53000000000003;99.635982
2025-01-12 23:00:00;99.829677;0.0;0.0;261.477;200.0;290.53;490.53000000000003;100.17032
2025-01-13 00:00:00;100.67333;0.0;0.0;261.477;200.0;290.53;490.53000000000003;99.326673
2025-01-13 01:00:00;105.15778;0.0;0.0;296.361;200.0;329.29;529.29;94.842223
2025-01-13 02:00:00;107.86187;0.0;0.0;296.361;200.0;329.29;529.29;92.13813
2025-01-13 03:00:00;108.3126;0.0;0.0;296.361;200.0;329.29;529.29;91.687395
2025-01-13 04:00:00;108.67125;0.0;0.0;341.487;200.0;379.43;579.43;91.328748
2025-01-13 05:00:00;108.52105;0.0;0.0;341.487;200.0;379.43;579.43;91.478945
2025-01-13 06:00:00;113.69033;0.0;0.0;341.487;200.0;379.43;579.43;86.309666
2025-01-13 07:00:00;113.88184;0.0;0.0;570.6;200.0;634.0;834.0;86.118164
2025-01-13 08:00:00;113.29742;0.0;0.0;570.6;200.0;634.0;834.0;86.702582
2025-01-13 09:00:00;109.78561;0.0;0.0;570.6;200.0;634.0;834.0;90.214386
2025-01-13 10:00:00;105.42887;0.1;0.0;540.9;200.0;601.0;801.0;94.471128
2025-01-13 11:00:00;101.42482;1.4800000000000002;0.0;540.9;200.0;601.0;801.0;97.09518
2025-01-13 12:00:00;96.360624;4.97;0.0;540.9;200.0;601.0;801.0;98.669376
2025-01-13 13:00:00;94.277118;7.3999999999999995;0.0;456.327;200.0;507.03;707.03;98.322882
2025-01-13 14:00:00;94.732309;9.13;0.0;456.327;200.0;507.03;707.03;96.137691
2025-01-13 15:00:00;98.747643;9.5;0.0;456.327;200.0;507.03;707.03;91.752357
2025-01-13 16:00:00;106.17458;7.15;0.0;364.851;200.0;405.39;605.39;86.675416
2025-01-13 17:00:00;115.77706;1.87;0.0;364.851;200.0;405.39;605.39;82.352941
2025-01-13 18:00:00;117.64706;0.0;0.0;364.851;200.0;405.39;605.39;82.352941
2025-01-13 19:00:00;117.64706;0.0;0.0;323.334;200.0;359.26;559.26;82.352941
2025-01-13 20:00:00;117.64706;0.0;0.0;323.334;200.0;359.26;559.26;82.352941
2025-01-13 21:00:00;117.64706;0.0;0.0;323.334;200.0;359.26;559.26;82.352941
2025-01-13 22:00:00;117.64706;0.0;0.0;339.498;200.0;377.22;577.22;82.352941
2025-01-13 23:00:00;117.64706;0.0;0.0;339.498;200.0;377.22;577.22;82.352941
2025-01-14 00:00:00;117.64706;0.0;0.0;339.498;200.0;377.22;577.22;82.352941
2025-01-14 01:00:00;117.64706;0.0;0.0;371.007;200.0;412.23;612.23;82.352941
2025-01-14 02:00:00;117.64706;0.0;0.0;371.007;200.0;412.23;612.23;82.352941
2025-01-14 03:00:00;117.64706;0.0;0.0;371.007;200.0;412.23;612.23;82.352941
2025-01-14 04:00:00;117.64706;0.0;0.0;436.518;200.0;485.02;685.02;82.352941
2025-01-14 05:00:00;117.64706;0.0;0.0;436.518;200.0;485.02;685.02;82.352941
2025-01-14 06:00:00;117.64706;0.0;0.0;436.518;200.0;485.02;685.02;82.352941
2025-01-14 07:00:00;117.64706;0.0;0.0;611.01;200.0;678.9;878.9;82.352941
2025-01-14 08:00:00;117.1342;0.0;0.0;611.01;200.0;678.9;878.9;82.865803
2025-01-14 09:00:00;107.84885;0.0;0.0;611.01;200.0;678.9;878.9;92.151146
2025-01-14 10:00:00;99.975496;0.167;0.0;557.1;200.0;619.0;819.0;99.857504
2025-01-14 11:00:00;96.596092;0.25;0.0;557.1;200.0;619.0;819.0;103.15391
2025-01-14 12:00:00;91.202289;3.63;0.0;557.1;200.0;619.0;819.0;105.16771
2025-01-14 13:00:00;87.558638;7.32;0.0;393.408;200.0;437.12;637.12;105.12136
2025-01-14 14:00:00;88.574579;7.18;0.0;393.408;200.0;437.12;637.12;104.24542
2025-01-14 15:00:00;89.310305;7.299999999999999;0.0;393.408;200.0;437.12;637.12;103.38969
2025-01-14 16:00:00;93.614871;3.88;0.0;275.67;200.0;306.3;506.3;102.50513
2025-01-14 17:00:00;97.259893;0.65;0.0;275.67;200.0;306.3;506.3;102.09011
2025-01-14 18:00:00;97.907358;0.0;0.0;275.67;200.0;306.3;506.3;102.09264
2025-01-14 19:00:00;96.60252;0.0;0.0;206.361;200.0;229.29;429.29;103.39748
2025-01-14 20:00:00;95.882033;0.0;0.0;206.361;200.0;229.29;429.29;104.11797
2025-01-14 21:00:00;95.564683;0.0;0.0;206.361;200.0;229.29;429.29;104.43532
2025-01-14 22:00:00;95.339526;0.0;0.0;225.207;200.0;250.23;450.23;104.66047
2025-01-14 23:00:00;95.309946;0.0;0.0;225.207;200.0;250.23;450.23;104.69005
2025-01-15 00:00:00;95.150507;0.0;0.0;225.207;200.0;250.23;450.23;104.84949
2025-01-15 01:00:00;94.924593;0.0;0.0;239.598;200.0;266.22;466.22;105.07541
2025-01-15 02:00:00;94.590185;0.0;0.0;239.598;200.0;266.22;466.22;105.40981
2025-01-15 03:00:00;94.434911;0.0;0.0;239.598;200.0;266.22;466.22;105.56509
2025-01-15 04:00:00;94.603839;0.0;0.0;262.161;200.0;291.29;491.29;105.39616
2025-01-15 05:00:00;95.039235;0.0;0.0;262.161;200.0;291.29;491.29;104.96076
2025-01-15 06:00:00;95.868443;0.0;0.0;262.161;200.0;291.29;491.29;104.13156
2025-01-15 07:00:00;95.889016;0.0;0.0;372.6;200.0;414.0;614.0;104.11098
2025-01-15 08:00:00;95.722442;0.0;0.0;372.6;200.0;414.0;614.0;104.27756
2025-01-15 09:00:00;95.071773;0.0;0.0;372.6;200.0;414.0;614.0;104.92823
2025-01-15 10:00:00;94.032754;0.0;0.0;369.9;200.0;411.0;611.0;105.96725
2025-01-15 11:00:00;91.825247;0.725;0.0;369.9;200.0;411.0;611.0;107.44975
2025-01-15 12:00:00;88.746937;2.38;0.0;369.9;200.0;411.0;611.0;108.87306
2025-01-15 13:00:00;85.249459;4.25;0.0;366.3;200.0;407.0;607.0;110.50054
2025-01-15 14:00:00;84.591673;4.53;0.0;366.3;200.0;407.0;607.0;110.87833
2025-01-15 15:00:00;86.556993;4.35;0.0;366.3;200.0;407.0;607.0;109.09301
2025-01-15 16:00:00;88.459852;3.2800000000000002;0.0;277.38;200.0;308.2;508.2;108.26015
2025-01-15 17:00:00;90.83418;0.633;0.0;277.38;200.0;308.2;508.2;108.53282
2025-01-15 18:00:00;92.830477;0.0;0.0;277.38;200.0;308.2;508.2;107.16952
2025-01-15 19:00:00;92.088111;0.0;0.0;231.507;200.0;257.23;457.22999999999996;107.91189
2025-01-15 20:00:00;91.777058;0.0;0.0;231.507;200.0;257.23;457.22999999999996;108.22294
2025-01-15 21:00:00;92.013122;0.0;0.0;231.507;200.0;257.23;457.22999999999996;107.98688
2025-01-15 22:00:00;92.096187;0.0;0.0;246.807;200.0;274.23;474.22999999999996;107.90381
2025-01-15 23:00:00;92.011158;0.0;0.0;246.807;200.0;274.23;474.22999999999996;107.98884
2025-01-16 00:00:00;91.829938;0.0;0.0;246.807;200.0;274.23;474.22999999999996;108.17006
2025-01-16 01:00:00;92.203991;0.0;0.0;244.116;200.0;271.24;471.24;107.79601
2025-01-16 02:00:00;94.226033;0.0;0.0;244.116;200.0;271.24;471.24;105.77397
2025-01-16 03:00:00;94.834923;0.0;0.0;244.116;200.0;271.24;471.24;105.16508
2025-01-16 04:00:00;94.38671;0.0;0.0;265.14;200.0;294.6;494.6;105.61329
2025-01-16 05:00:00;95.118467;0.0;0.0;265.14;200.0;294.6;494.6;104.88153
2025-01-16 06:00:00;96.199049;0.0;0.0;265.14;200.0;294.6;494.6;103.80095
2025-01-16 07:00:00;96.340466;0.0;0.0;386.1;200.0;429.0;629.0;103.65953
2025-01-16 08:00:00;95.973145;0.0;0.0;386.1;200.0;429.0;629.0;104.02685
2025-01-16 09:00:00;94.395411;0.0;0.0;386.1;200.0;429.0;629.0;105.60459
2025-01-16 10:00:00;91.226491;0.633;0.0;387.9;200.0;431.0;631.0;108.14051
2025-01-16 11:00:00;86.639692;3.6499999999999995;0.0;387.9;200.0;431.0;631.0;109.71031
2025-01-16 12:00:00;81.187357;8.18;0.0;387.9;200.0;431.0;631.0;110.63264
2025-01-16 13:00:00;79.175969;11.300000000000002;0.0;369.9;200.0;411.0;611.0;109.52403
2025-01-16 14:00:00;80.130336;12.599999999999998;0.0;369.9;200.0;411.0;611.0;107.26966
2025-01-16 15:00:00;76.365371;19.3;0.0;369.9;200.0;411.0;611.0;104.33463
2025-01-16 16:00:00;58.879696;40.7;0.0;276.066;200.0;306.74;506.74;100.4203
2025-01-16 17:00:00;92.646488;10.4;0.0;276.066;200.0;306.74;506.74;96.953512
2025-01-16 18:00:00;101.86447;0.5;0.0;276.066;200.0;306.74;506.74;97.635529
2025-01-16 19:00:00;102.69948;0.0;0.0;228.105;200.0;253.45;453.45;97.300517
2025-01-16 20:00:00;103.20552;0.0;0.0;228.105;200.0;253.45;453.45;96.794481
2025-01-16 21:00:00;103.71671;0.0;0.0;228.105;200.0;253.45;453.45;96.283288
2025-01-16 22:00:00;104.63907;0.0;0.0;253.125;200.0;281.25;481.25;95.360927
2025-01-16 23:00:00;105.08913;0.0;0.0;253.125;200.0;281.25;481.25;94.910871
2025-01-17 00:00:00;105.60846;0.0;0.0;253.125;200.0;281.25;481.25;94.391542
2025-01-17 01:00:00;106.89402;0.0;0.0;293.607;200.0;326.23;526.23;93.105983
2025-01-17 02:00:00;106.7844;0.0;0.0;293.607;200.0;326.23;526.23;93.215595
2025-01-17 03:00:00;107.10466;0.0;0.0;293.607;200.0;326.23;526.23;92.895338
2025-01-17 04:00:00;107.14069;0.0;0.0;328.437;200.0;364.93;564.93;92.859307
2025-01-17 05:00:00;107.32403;0.0;0.0;328.437;200.0;364.93;564.93;92.675974
2025-01-17 06:00:00;105.63569;0.0;0.0;328.437;200.0;364.93;564.93;94.364305
2025-01-17 07:00:00;104.52077;0.0;0.0;479.7;200.0;533.0;733.0;95.47923
2025-01-17 08:00:00;100.7786;0.0;0.0;479.7;200.0;533.0;733.0;99.221402
2025-01-17 09:00:00;96.788435;0.0;0.0;479.7;200.0;533.0;733.0;103.21156
2025-01-17 10:00:00;90.707053;2.08;0.0;469.8;200.0;522.0;722.0;107.21295
2025-01-17 11:00:00;83.830187;7.13;0.0;469.8;200.0;522.0;722.0;109.03981
2025-01-17 12:00:00;76.824693;12.700000000000001;0.0;469.8;200.0;522.0;722.0;110.47531
2025-01-17 13:00:00;75.326584;14.799999999999999;0.0;447.3;200.0;497.0;697.0;109.87342
2025-01-17 14:00:00;77.130516;14.799999999999999;0.0;447.3;200.0;497.0;697.0;108.06948
2025-01-17 15:00:00;85.605221;10.2;0.0;447.3;200.0;497.0;697.0;104.19478
2025-01-17 16:00:00;93.779238;6.230000000000001;0.0;316.044;200.0;351.16;551.16;99.990762
2025-01-17 17:00:00;101.03124;1.55;0.0;316.044;200.0;351.16;551.16;97.418759
2025-01-17 18:00:00;104.52373;0.0;0.0;316.044;200.0;351.16;551.16;95.476266
2025-01-17 19:00:00;104.6511;0.0;0.0;279.288;200.0;310.32;510.32;95.348897
2025-01-17 20:00:00;105.3322;0.0;0.0;279.288;200.0;310.32;510.32;94.6678
2025-01-17 21:00:00;106.55338;0.0;0.0;279.288;200.0;310.32;510.32;93.446623
2025-01-17 22:00:00;107.11633;0.0;0.0;279.243;200.0;310.27;510.27000000000004;92.883668
2025-01-17 23:00:00;108.08926;0.0;0.0;279.243;200.0;310.27;510.27000000000004;91.910737
2025-01-18 00:00:00;109.45614;0.0;0.0;279.243;200.0;310.27;510.27000000000004;90.543865
2025-01-18 01:00:00;109.4554;0.0;0.0;282.825;200.0;314.25;514.25;90.544596
2025-01-18 02:00:00;108.99908;0.0;0.0;282.825;200.0;314.25;514.25;91.000923
2025-01-18 03:00:00;108.28166;0.0;0.0;282.825;200.0;314.25;514.25;91.718335
2025-01-18 04:00:00;107.35044;0.0;0.0;281.943;200.0;313.27;513.27;92.649564
2025-01-18 05:00:00;106.43317;0.0;0.0;281.943;200.0;313.27;513.27;93.566833
2025-01-18 06:00:00;106.46836;0.0;0.0;281.943;200.0;313.27;513.27;93.531637
2025-01-18 07:00:00;105.63736;0.0;0.0;290.889;200.0;323.21;523.21;94.36264
2025-01-18 08:00:00;102.37826;0.0;0.0;290.889;200.0;323.21;523.21;97.621741
2025-01-18 09:00:00;98.109038;0.0;0.0;290.889;200.0;323.21;523.21;101.89096
2025-01-18 10:00:00;92.416588;1.6799999999999997;0.0;282.78;200.0;314.2;514.2;105.90341
2025-01-18 11:00:00;82.741157;8.15;0.0;282.78;200.0;314.2;514.2;109.10884
2025-01-18 12:00:00;66.881501;22.099999999999998;0.0;282.78;200.0;314.2;514.2;111.0185
2025-01-18 13:00:00;28.017082;60.4;0.0;217.494;200.0;241.66;441.6600000000001;111.58292
2025-01-18 14:00:00;0.0;97.49999999999999;7.1386007;217.494;200.0;241.66;441.6600000000001;109.6386
2025-01-18 15:00:00;9.7679717;85.4;0.0;217.494;200.0;241.66;441.6600000000001;104.83203
2025-01-18 16:00:00;48.863529;49.4;0.0;254.016;200.0;282.24;482.24;101.73647
2025-01-18 17:00:00;91.700422;8.82;0.0;254.016;200.0;282.24;482.24;99.479578
2025-01-18 18:00:00;102.95603;0.6;0.0;254.016;200.0;282.24;482.24;96.44397
2025-01-18 19:00:00;105.4838;0.0;0.0;271.197;200.0;301.33;501.3299999999999;94.516196
2025-01-18 20:00:00;105.93257;0.0;0.0;271.197;200.0;301.33;501.3299999999999;94.067428
2025-01-18 21:00:00;106.43808;0.0;0.0;271.197;200.0;301.33;501.3299999999999;93.561917
2025-01-18 22:00:00;106.93464;0.0;0.0;290.106;200.0;322.34;522.34;93.065362
2025-01-18 23:00:00;107.29045;0.0;0.0;290.106;200.0;322.34;522.34;92.709552
2025-01-19 00:00:00;107.34325;0.0;0.0;290.106;200.0;322.34;522.34;92.656754
2025-01-19 01:00:00;106.9583;0.0;0.0;293.643;200.0;326.27;526.27;93.041705
2025-01-19 02:00:00;106.40367;0.0;0.0;293.643;200.0;326.27;526.27;93.596325
2025-01-19 03:00:00;105.89818;0.0;0.0;293.643;200.0;326.27;526.27;94.101815
2025-01-19 04:00:00;105.56536;0.0;0.0;306.216;200.0;340.24;540.24;94.434637
2025-01-19 05:00:00;105.51045;0.0;0.0;306.216;200.0;340.24;540.24;94.489552
2025-01-19 06:00:00;106.978;0.0;0.0;306.216;200.0;340.24;540.24;93.021995
2025-01-19 07:00:00;106.44323;0.0;0.0;312.597;200.0;347.33;547.33;93.556769
2025-01-19 08:00:00;102.10087;0.0;0.0;312.597;200.0;347.33;547.33;97.899127
2025-01-19 09:00:00;97.734417;0.0;0.0;312.597;200.0;347.33;547.33;102.26558
2025-01-19 10:00:00;92.965482;2.03;0.0;307.269;200.0;341.41;541.41;105.00452
2025-01-19 11:00:00;83.001906;7.2;0.0;307.269;200.0;341.41;541.41;109.79809
2025-01-19 12:00:00;75.935984;12.2;0.0;307.269;200.0;341.41;541.41;111.86402
2025-01-19 13:00:00;73.783872;14.5;0.0;304.011;200.0;337.79;537.79;111.71613
2025-01-19 14:00:00;76.479009;14.1;0.0;304.011;200.0;337.79;537.79;109.42099
2025-01-19 15:00:00;86.122172;9.82;0.0;304.011;200.0;337.79;537.79;104.05783
2025-01-19 16:00:00;92.62234;6.3500000000000005;0.0;311.634;200.0;346.26;546.26;101.02766
2025-01-19 17:00:00;100.79052;1.8;0.0;311.634;200.0;346.26;546.26;97.409481
2025-01-19 18:00:00;106.08625;0.2;0.0;311.634;200.0;346.26;546.26;93.713746
2025-01-19 19:00:00;106.13615;0.0;0.0;318.834;200.0;354.26;554.26;93.863845
2025-01-19 20:00:00;106.93378;0.0;0.0;318.834;200.0;354.26;554.26;93.066215
2025-01-19 21:00:00;106.49604;0.0;0.0;318.834;200.0;354.26;554.26;93.503955
2025-01-19 22:00:00;106.33316;0.0;0.0;306.324;200.0;340.36;540.36;93.66684
2025-01-19 23:00:00;104.48248;0.0;0.0;306.324;200.0;340.36;540.36;95.517519
2025-01-20 00:00:00;104.40828;0.0;0.0;306.324;200.0;340.36;540.36;95.591721
2025-01-20 01:00:00;103.80616;0.0;0.0;316.116;200.0;351.24;551.24;96.193845
2025-01-20 02:00:00;103.37881;0.0;0.0;316.116;200.0;351.24;551.24;96.621189
2025-01-20 03:00:00;103.65627;0.0;0.0;316.116;200.0;351.24;551.24;96.343729
2025-01-20 04:00:00;103.70862;0.0;0.0;352.458;200.0;391.62;591.62;96.291385
2025-01-20 05:00:00;103.5983;0.0;0.0;352.458;200.0;391.62;591.62;96.401699
2025-01-20 06:00:00;104.00648;0.0;0.0;352.458;200.0;391.62;591.62;95.993519
2025-01-20 07:00:00;104.21185;0.0;0.0;511.2;200.0;568.0;768.0;95.788147
2025-01-20 08:00:00;103.24223;0.0;0.0;511.2;200.0;568.0;768.0;96.757773
2025-01-20 09:00:00;101.86614;0.0;0.0;511.2;200.0;568.0;768.0;98.133863
2025-01-20 10:00:00;98.472686;1.15;0.0;498.6;200.0;554.0;754.0;100.37731
2025-01-20 11:00:00;91.902132;5.95;0.0;498.6;200.0;554.0;754.0;102.14787
2025-01-20 12:00:00;80.369611;16.1;0.0;498.6;200.0;554.0;754.0;103.53039
2025-01-20 13:00:00;81.250415;14.4;0.0;473.4;200.0;526.0;726.0;104.34958
2025-01-20 14:00:00;80.454857;15.4;0.0;473.4;200.0;526.0;726.0;104.14514
2025-01-20 15:00:00;84.876878;13.5;0.0;473.4;200.0;526.0;726.0;101.62312
2025-01-20 16:00:00;87.927571;12.700000000000001;0.0;360.081;200.0;400.09;600.09;99.372429
2025-01-20 17:00:00;0.0;2.03;2.03;540.081;0.0;600.09;600.09;0.0
2025-01-20 18:00:00;104.92073;0.3;0.0;360.081;200.0;400.09;600.09;94.779266
2025-01-20 19:00:00;105.72954;0.0;0.0;295.722;200.0;328.58;528.58;94.270459
2025-01-20 20:00:00;106.15342;0.0;0.0;295.722;200.0;328.58;528.58;93.846577
2025-01-20 21:00:00;106.94201;0.0;0.0;295.722;200.0;328.58;528.58;93.057995
2025-01-20 22:00:00;107.20792;0.0;0.0;289.98;200.0;322.2;522.2;92.792082
2025-01-20 23:00:00;106.22339;0.0;0.0;289.98;200.0;322.2;522.2;93.776607
2025-01-21 00:00:00;105.55101;0.0;0.0;289.98;200.0;322.2;522.2;94.448995
2025-01-21 01:00:00;105.70423;0.0;0.0;310.725;200.0;345.25;545.25;94.295774
2025-01-21 02:00:00;107.24316;0.0;0.0;310.725;200.0;345.25;545.25;92.756839
2025-01-21 03:00:00;107.96667;0.0;0.0;310.725;200.0;345.25;545.25;92.033328
2025-01-21 04:00:00;107.85903;0.0;0.0;355.293;200.0;394.77;594.77;92.14097
2025-01-21 05:00:00;107.54343;0.0;0.0;355.293;200.0;394.77;594.77;92.456571
2025-01-21 06:00:00;106.59297;0.0;0.0;355.293;200.0;394.77;594.77;93.407032
2025-01-21 07:00:00;104.42011;0.0;0.0;533.7;200.0;593.0;793.0;95.579891
2025-01-21 08:00:00;99.818189;0.0;0.0;533.7;200.0;593.0;793.0;100.18181
2025-01-21 09:00:00;91.983327;1.3;0.0;533.7;200.0;593.0;793.0;106.71667
2025-01-21 10:00:00;83.335228;4.93;0.0;496.8;200.0;552.0;752.0;111.73477
2025-01-21 11:00:00;72.296889;12.4;0.0;496.8;200.0;552.0;752.0;115.30311
2025-01-21 12:00:00;59.527186;23.2;0.0;496.8;200.0;552.0;752.0;117.27281
2025-01-21 13:00:00;50.140141;32.4;0.0;444.375;200.0;493.75;693.75;117.45986
2025-01-21 14:00:00;33.851163;51.3;0.0;444.375;200.0;493.75;693.75;114.84884
2025-01-21 15:00:00;21.45901;70.0;0.0;444.375;200.0;493.75;693.75;108.54099
2025-01-21 16:00:00;54.149295;42.9;0.0;281.052;200.0;312.28;512.28;102.95071
2025-01-21 17:00:00;85.349648;12.899999999999999;0.0;281.052;200.0;312.28;512.28;101.75035
2025-01-21 18:00:00;97.973284;1.1;0.0;281.052;200.0;312.28;512.28;100.92672
2025-01-21 19:00:00;98.860797;0.0;0.0;218.988;200.0;243.32;443.32000000000005;101.1392
2025-01-21 20:00:00;98.848471;0.0;0.0;218.988;200.0;243.32;443.32000000000005;101.15153
2025-01-21 21:00:00;99.060638;0.0;0.0;218.988;200.0;243.32;443.32000000000005;100.93936
2025-01-21 22:00:00;99.177369;0.0;0.0;222.804;200.0;247.56;447.56;100.82263
2025-01-21 23:00:00;98.89899;0.0;0.0;222.804;200.0;247.56;447.56;101.10101
2025-01-22 00:00:00;98.181483;0.0;0.0;222.804;200.0;247.56;447.56;101.81852
2025-01-22 01:00:00;97.495193;0.0;0.0;257.607;200.0;286.23;486.23;102.50481
2025-01-22 02:00:00;96.365461;0.0;0.0;257.607;200.0;286.23;486.23;103.63454
2025-01-22 03:00:00;95.444557;0.0;0.0;257.607;200.0;286.23;486.23;104.55544
2025-01-22 04:00:00;94.594991;0.0;0.0;249.795;200.0;277.55;477.55;105.40501
2025-01-22 05:00:00;94.041282;0.0;0.0;249.795;200.0;277.55;477.55;105.95872
2025-01-22 06:00:00;93.861017;0.0;0.0;249.795;200.0;277.55;477.55;106.13898
2025-01-22 07:00:00;93.231944;0.0;0.0;381.591;200.0;423.99;623.99;106.76806
2025-01-22 08:00:00;89.545928;0.0;0.0;381.591;200.0;423.99;623.99;110.45407
2025-01-22 09:00:00;84.800653;1.1;0.0;381.591;200.0;423.99;623.99;114.09935
2025-01-22 10:00:00;77.423049;5.28;0.0;357.12;200.0;396.8;596.8;117.29695
2025-01-22 11:00:00;70.297128;11.2;0.0;357.12;200.0;396.8;596.8;118.50287
2025-01-22 12:00:00;70.145758;11.1;0.0;357.12;200.0;396.8;596.8;118.75424
2025-01-22 13:00:00;66.16667;15.4;0.0;295.38;200.0;328.2;528.2;118.43333
2025-01-22 14:00:00;64.883554;17.1;0.0;295.38;200.0;328.2;528.2;118.01645
2025-01-22 15:00:00;74.230063;8.48;0.0;295.38;200.0;328.2;528.2;117.28994
2025-01-22 16:00:00;76.296649;6.7;0.0;205.335;200.0;228.15;428.15;117.00335
2025-01-22 17:00:00;77.880407;5.23;0.0;205.335;200.0;228.15;428.15;116.88959
2025-01-22 18:00:00;83.371085;0.3;0.0;205.335;200.0;228.15;428.15;116.32891
2025-01-22 19:00:00;83.8937;0.0;0.0;147.897;200.0;164.33;364.33;116.1063
2025-01-22 20:00:00;83.479327;0.0;0.0;147.897;200.0;164.33;364.33;116.52067
2025-01-22 21:00:00;83.704;0.0;0.0;147.897;200.0;164.33;364.33;116.296
2025-01-22 22:00:00;84.426905;0.0;0.0;155.925;200.0;173.25;373.25;115.5731
2025-01-22 23:00:00;84.881446;0.0;0.0;155.925;200.0;173.25;373.25;115.11855
2025-01-23 00:00:00;86.391922;0.0;0.0;155.925;200.0;173.25;373.25;113.60808
2025-01-23 01:00:00;89.708707;0.0;0.0;174.996;200.0;194.44;394.44;110.29129
2025-01-23 02:00:00;93.71756;0.0;0.0;174.996;200.0;194.44;394.44;106.28244
2025-01-23 03:00:00;94.760328;0.0;0.0;174.996;200.0;194.44;394.44;105.23967
2025-01-23 04:00:00;93.337213;0.0;0.0;221.22;200.0;245.8;445.79999999999995;106.66279
2025-01-23 05:00:00;91.283211;0.0;0.0;221.22;200.0;245.8;445.79999999999995;108.71679
2025-01-23 06:00:00;88.872129;0.0;0.0;221.22;200.0;245.8;445.79999999999995;111.12787
2025-01-23 07:00:00;89.435458;0.0;0.0;324.9;200.0;361.0;561.0;110.56454
2025-01-23 08:00:00;89.363165;0.0;0.0;324.9;200.0;361.0;561.0;110.63683
2025-01-23 09:00:00;88.927481;0.3;0.0;324.9;200.0;361.0;561.0;110.77252
2025-01-23 10:00:00;84.669354;3.88;0.0;323.1;200.0;359.0;559.0;111.45065
2025-01-23 11:00:00;77.629089;9.98;0.0;323.1;200.0;359.0;559.0;112.39091
2025-01-23 12:00:00;59.397013;26.4;0.0;323.1;200.0;359.0;559.0;114.20299
2025-01-23 13:00:00;62.300271;22.600000000000005;0.0;284.373;200.0;315.97;515.97;115.09973
2025-01-23 14:00:00;35.105635;50.6;0.0;284.373;200.0;315.97;515.97;114.29436
2025-01-23 15:00:00;25.935301;60.8;0.0;284.373;200.0;315.97;515.97;113.2647
2025-01-23 16:00:00;69.915748;17.8;0.0;177.435;200.0;197.15;397.15;112.28425
2025-01-23 17:00:00;81.874898;6.449999999999999;0.0;177.435;200.0;197.15;397.15;111.6751
2025-01-23 18:00:00;87.094194;0.5;0.0;177.435;200.0;197.15;397.15;112.40581
2025-01-23 19:00:00;88.369774;0.0;0.0;129.915;200.0;144.35;344.35;111.63023
2025-01-23 20:00:00;88.945078;0.0;0.0;129.915;200.0;144.35;344.35;111.05492
2025-01-23 21:00:00;88.392277;0.0;0.0;129.915;200.0;144.35;344.35;111.60772
2025-01-23 22:00:00;86.778852;0.0;0.0;110.988;200.0;123.32;323.32;113.22115
2025-01-23 23:00:00;85.068133;0.0;0.0;110.988;200.0;123.32;323.32;114.93187
2025-01-24 00:00:00;83.842526;0.0;0.0;110.988;200.0;123.32;323.32;116.15747
2025-01-24 01:00:00;83.022893;0.0;0.0;114.597;200.0;127.33;327.33;116.97711
2025-01-24 02:00:00;82.5527;0.0;0.0;114.597;200.0;127.33;327.33;117.4473
2025-01-24 03:00:00;82.007929;0.0;0.0;114.597;200.0;127.33;327.33;117.99207
2025-01-24 04:00:00;81.335862;0.0;0.0;125.136;200.0;139.04;339.04;118.66414
2025-01-24 05:00:00;80.914891;0.0;0.0;125.136;200.0;139.04;339.04;119.08511
2025-01-24 06:00:00;81.035514;0.0;0.0;125.136;200.0;139.04;339.04;118.96449
2025-01-24 07:00:00;80.955352;0.0;0.0;180.072;200.0;200.08;400.08;119.04465
2025-01-24 08:00:00;80.615179;0.0;0.0;180.072;200.0;200.08;400.08;119.38482
2025-01-24 09:00:00;79.843239;0.6;0.0;180.072;200.0;200.08;400.08;119.55676
2025-01-24 10:00:00;76.71772;2.7800000000000002;0.0;154.8;200.0;172.0;372.0;120.50228
2025-01-24 11:00:00;69.420698;9.1;0.0;154.8;200.0;172.0;372.0;121.4793
2025-01-24 12:00:00;57.404802;20.5;0.0;154.8;200.0;172.0;372.0;122.0952
2025-01-24 13:00:00;64.103231;12.700000000000001;0.0;163.8;200.0;182.0;382.0;123.19677
2025-01-24 14:00:00;62.853841;13.1;0.0;163.8;200.0;182.0;382.0;124.04616
2025-01-24 15:00:00;62.490448;12.899999999999999;0.0;163.8;200.0;182.0;382.0;124.60955
2025-01-24 16:00:00;69.128987;5.879999999999999;0.0;64.8;200.0;72.0;272.0;124.99101
2025-01-24 17:00:00;72.777698;1.95;0.0;64.8;200.0;72.0;272.0;125.2723
2025-01-24 18:00:00;75.582149;0.3;0.0;64.8;200.0;72.0;272.0;124.11785
2025-01-24 19:00:00;75.74169;0.0;0.0;48.879;200.0;54.31;254.31000000000003;124.25831
2025-01-24 20:00:00;75.392669;0.0;0.0;48.879;200.0;54.31;254.31000000000003;124.60733
2025-01-24 21:00:00;75.101752;0.0;0.0;48.879;200.0;54.31;254.31000000000003;124.89825
2025-01-24 22:00:00;74.618382;0.0;0.0;37.143;200.0;41.27;241.27000000000004;125.38162
2025-01-24 23:00:00;73.767722;0.0;0.0;37.143;200.0;41.27;241.27000000000004;126.23228
2025-01-25 00:00:00;72.773544;0.0;0.0;37.143;200.0;41.27;241.27000000000004;127.22646
2025-01-25 01:00:00;72.543994;0.0;0.0;32.643;200.0;36.27;236.27;127.45601
2025-01-25 02:00:00;72.983935;0.0;0.0;32.643;200.0;36.27;236.27;127.01607
2025-01-25 03:00:00;73.370318;0.0;0.0;32.643;200.0;36.27;236.27;126.62968
2025-01-25 04:00:00;73.873293;0.0;0.0;6.606;200.0;7.34;207.34;126.12671
2025-01-25 05:00:00;74.363494;0.0;0.0;6.606;200.0;7.34;207.34;125.63651
2025-01-25 06:00:00;74.220391;0.0;0.0;6.606;200.0;7.34;207.34;125.77961
2025-01-25 07:00:00;73.688362;0.0;0.0;4.68;200.0;5.2;205.2;126.31164
2025-01-25 08:00:00;72.432898;0.0;0.0;4.68;200.0;5.2;205.2;127.5671
2025-01-25 09:00:00;71.772282;0.4;0.0;4.68;200.0;5.2;205.2;127.82772
2025-01-25 10:00:00;67.058462;5.8;0.0;47.934;200.0;53.26;253.26000000000002;127.14154
2025-01-25 11:00:00;65.092131;9.38;0.0;47.934;200.0;53.26;253.26000000000002;125.52787
2025-01-25 12:00:00;62.287139;13.6;0.0;47.934;200.0;53.26;253.26000000000002;124.11286
2025-01-25 13:00:00;58.475934;18.1;0.0;76.707;200.0;85.23;285.23;123.42407
2025-01-25 14:00:00;59.942576;17.2;0.0;76.707;200.0;85.23;285.23;122.85742
2025-01-25 15:00:00;57.280734;21.1;0.0;76.707;200.0;85.23;285.23;121.61927
2025-01-25 16:00:00;69.6359;10.2;0.0;66.816;200.0;74.24;274.24;120.1641
2025-01-25 17:00:00;75.930957;4.32;0.0;66.816;200.0;74.24;274.24;119.74904
2025-01-25 18:00:00;80.971764;0.8;0.0;66.816;200.0;74.24;274.24;118.22824
2025-01-25 19:00:00;81.896676;0.0;0.0;102.897;200.0;114.33;314.33;118.10332
2025-01-25 20:00:00;82.180034;0.0;0.0;102.897;200.0;114.33;314.33;117.81997
2025-01-25 21:00:00;82.551785;0.0;0.0;102.897;200.0;114.33;314.33;117.44821
2025-01-25 22:00:00;82.875572;0.0;0.0;86.688;200.0;96.32;296.32;117.12443
2025-01-25 23:00:00;83.334198;0.0;0.0;86.688;200.0;96.32;296.32;116.6658
2025-01-26 00:00:00;83.81276;0.0;0.0;86.688;200.0;96.32;296.32;116.18724
2025-01-26 01:00:00;84.189254;0.0;0.0;114.561;200.0;127.29;327.29;115.81075
2025-01-26 02:00:00;84.665901;0.0;0.0;114.561;200.0;127.29;327.29;115.3341
2025-01-26 03:00:00;85.223005;0.0;0.0;114.561;200.0;127.29;327.29;114.77699
2025-01-26 04:00:00;87.19682;0.0;0.0;131.688;200.0;146.32;346.32;112.80318
2025-01-26 05:00:00;92.151301;0.0;0.0;131.688;200.0;146.32;346.32;107.8487
2025-01-26 06:00:00;91.659787;0.0;0.0;131.688;200.0;146.32;346.32;108.34021
2025-01-26 07:00:00;94.564853;0.0;0.0;203.076;200.0;225.64;425.64;105.43515
2025-01-26 08:00:00;95.035927;0.0;0.0;203.076;200.0;225.64;425.64;104.96407
2025-01-26 09:00:00;92.991036;0.1;0.0;203.076;200.0;225.64;425.64;106.90896
2025-01-26 10:00:00;87.572583;2.8299999999999996;0.0;174.285;200.0;193.65;393.65;109.59742
2025-01-26 11:00:00;80.626339;7.2;0.0;174.285;200.0;193.65;393.65;112.17366
2025-01-26 12:00:00;69.650721;15.5;0.0;174.285;200.0;193.65;393.65;114.84928
2025-01-26 13:00:00;22.598288;61.8;0.0;144.279;200.0;160.31;360.31;115.60171
2025-01-26 14:00:00;21.862695;63.50000000000001;0.0;144.279;200.0;160.31;360.31;114.63731
2025-01-26 15:00:00;3.4318872;83.9;0.0;144.279;200.0;160.31;360.31;112.66811
2025-01-26 16:00:00;75.411653;12.4;0.0;156.87;200.0;174.3;374.3;112.18835
2025-01-26 17:00:00;74.16989;12.3;0.0;156.87;200.0;174.3;374.3;113.53011
2025-01-26 18:00:00;84.855404;1.5;0.0;156.87;200.0;174.3;374.3;113.6446
2025-01-26 19:00:00;84.283061;0.0;0.0;152.343;200.0;169.27;369.27;115.71694
2025-01-26 20:00:00;81.196072;0.0;0.0;152.343;200.0;169.27;369.27;118.80393
2025-01-26 21:00:00;78.121513;0.0;0.0;152.343;200.0;169.27;369.27;121.87849
2025-01-26 22:00:00;76.559045;0.0;0.0;69.57;200.0;77.3;277.3;123.44096
2025-01-26 23:00:00;75.96504;0.0;0.0;69.57;200.0;77.3;277.3;124.03496
2025-01-27 00:00:00;76.123373;0.0;0.0;69.57;200.0;77.3;277.3;123.87663
2025-01-27 01:00:00;76.938335;0.0;0.0;47.106;200.0;52.34;252.34000000000003;123.06166
2025-01-27 02:00:00;76.61475;0.0;0.0;47.106;200.0;52.34;252.34000000000003;123.38525
2025-01-27 03:00:00;74.859013;0.0;0.0;47.106;200.0;52.34;252.34000000000003;125.14099
2025-01-27 04:00:00;72.456346;0.0;0.0;22.95;200.0;25.5;225.50000000000003;127.54365
2025-01-27 05:00:00;71.545364;0.0;0.0;22.95;200.0;25.5;225.50000000000003;128.45464
2025-01-27 06:00:00;71.262928;0.0;0.0;22.95;200.0;25.5;225.50000000000003;128.73707
2025-01-27 07:00:00;72.180676;0.0;0.0;61.668;200.0;68.52;268.52;127.81932
2025-01-27 08:00:00;72.335426;0.0;0.0;61.668;200.0;68.52;268.52;127.66457
2025-01-27 09:00:00;71.193349;0.45;0.0;61.668;200.0;68.52;268.52;128.35665
2025-01-27 10:00:00;64.655297;6.33;0.0;68.391;200.0;75.99;275.99;129.0147
2025-01-27 11:00:00;45.03878;27.7;0.0;68.391;200.0;75.99;275.99;127.26122
2025-01-27 12:00:00;1.4835189;72.0;0.0;68.391;200.0;75.99;275.99;126.51648
2025-01-27 13:00:00;10.244307;62.900000000000006;0.0;49.068;200.0;54.52;254.52;126.85569
2025-01-27 14:00:00;0.0;93.4;19.793739;49.068;200.0;54.52;254.52;126.39374
2025-01-27 15:00:00;0.0;76.0;0.95273818;49.068;200.0;54.52;254.52;124.95274
2025-01-27 16:00:00;36.430364;40.1;0.0;26.037;200.0;28.93;228.93000000000004;123.46964
2025-01-27 17:00:00;63.988276;13.1;0.0;26.037;200.0;28.93;228.93000000000004;122.91172
2025-01-27 18:00:00;74.795158;1.9;0.0;26.037;200.0;28.93;228.93000000000004;123.30484
2025-01-27 19:00:00;77.822061;0.0;0.0;45.306;200.0;50.34;250.33999999999997;122.17794
2025-01-27 20:00:00;78.681032;0.0;0.0;45.306;200.0;50.34;250.33999999999997;121.31897
2025-01-27 21:00:00;79.237279;0.0;0.0;45.306;200.0;50.34;250.33999999999997;120.76272
2025-01-27 22:00:00;79.741401;0.0;0.0;53.334;200.0;59.26;259.26;120.2586
2025-01-27 23:00:00;80.006579;0.0;0.0;53.334;200.0;59.26;259.26;119.99342
2025-01-28 00:00:00;80.384275;0.0;0.0;53.334;200.0;59.26;259.26;119.61573
2025-01-28 01:00:00;80.673291;0.0;0.0;65.97;200.0;73.3;273.3;119.32671
2025-01-28 02:00:00;80.989127;0.0;0.0;65.97;200.0;73.3;273.3;119.01087
2025-01-28 03:00:00;81.654964;0.0;0.0;65.97;200.0;73.3;273.3;118.34504
2025-01-28 04:00:00;82.129199;0.0;0.0;109.431;200.0;121.59;321.59;117.8708
2025-01-28 05:00:00;82.022052;0.0;0.0;109.431;200.0;121.59;321.59;117.97795
2025-01-28 06:00:00;80.973757;0.0;0.0;109.431;200.0;121.59;321.59;119.02624
2025-01-28 07:00:00;80.973597;0.0;0.0;196.227;200.0;218.03;418.03;119.0264
2025-01-28 08:00:00;79.32905;0.0;0.0;196.227;200.0;218.03;418.03;120.67095
2025-01-28 09:00:00;77.318191;0.0;0.0;196.227;200.0;218.03;418.03;122.68181
2025-01-28 10:00:00;75.063559;0.0;0.0;140.454;200.0;156.06;356.06;124.93644
2025-01-28 11:00:00;74.496715;0.0;0.0;140.454;200.0;156.06;356.06;125.50328
2025-01-28 12:00:00;75.935606;0.0;0.0;140.454;200.0;156.06;356.06;124.06439
2025-01-28 13:00:00;77.699311;0.0;0.0;121.554;200.0;135.06;335.06;122.30069
2025-01-28 14:00:00;78.943757;0.0;0.0;121.554;200.0;135.06;335.06;121.05624
2025-01-28 15:00:00;79.532297;0.0;0.0;121.554;200.0;135.06;335.06;120.4677
2025-01-28 16:00:00;79.948096;0.0;0.0;71.217;200.0;79.13;279.13;120.0519
2025-01-28 17:00:00;79.534305;0.0;0.0;71.217;200.0;79.13;279.13;120.4657
2025-01-28 18:00:00;78.691538;0.0;0.0;71.217;200.0;79.13;279.13;121.30846
2025-01-28 19:00:00;78.694713;0.0;0.0;44.361;200.0;49.29;249.28999999999996;121.30529
2025-01-28 20:00:00;78.351122;0.0;0.0;44.361;200.0;49.29;249.28999999999996;121.64888
2025-01-28 21:00:00;78.512645;0.0;0.0;44.361;200.0;49.29;249.28999999999996;121.48735
2025-01-28 22:00:00;79.085054;0.0;0.0;61.47;200.0;68.3;268.3;120.91495
2025-01-28 23:00:00;79.574401;0.0;0.0;61.47;200.0;68.3;268.3;120.4256
2025-01-29 00:00:00;80.522468;0.0;0.0;61.47;200.0;68.3;268.3;119.47753
2025-01-29 01:00:00;80.935117;0.0;0.0;74.097;200.0;82.33;282.33;119.06488
2025-01-29 02:00:00;81.003382;0.0;0.0;74.097;200.0;82.33;282.33;118.99662
2025-01-29 03:00:00;81.381919;0.0;0.0;74.097;200.0;82.33;282.33;118.61808
2025-01-29 04:00:00;82.465111;0.0;0.0;97.866;200.0;108.74;308.74;117.53489
2025-01-29 05:00:00;83.043007;0.0;0.0;97.866;200.0;108.74;308.74;116.95699
2025-01-29 06:00:00;82.941524;0.0;0.0;97.866;200.0;108.74;308.74;117.05848
2025-01-29 07:00:00;83.255518;0.0;0.0;216.918;200.0;241.02;441.02;116.74448
2025-01-29 08:00:00;82.714072;0.0;0.0;216.918;200.0;241.02;441.02;117.28593
2025-01-29 09:00:00;80.011376;0.65;0.0;216.918;200.0;241.02;441.02;119.33862
2025-01-29 10:00:00;69.689844;8.45;0.0;185.445;200.0;206.05;406.05;121.86016
2025-01-29 11:00:00;52.50352;24.899999999999995;0.0;185.445;200.0;206.05;406.05;122.59648
2025-01-29 12:00:00;13.966165;62.8;0.0;185.445;200.0;206.05;406.05;123.23383
2025-01-29 13:00:00;44.726784;32.1;0.0;149.436;200.0;166.04;366.04;123.17322
2025-01-29 14:00:00;27.003992;50.6;0.0;149.436;200.0;166.04;366.04;122.39601
2025-01-29 15:00:00;47.762592;31.1;0.0;149.436;200.0;166.04;366.04;121.13741
2025-01-29 16:00:00;31.704426;48.8;0.0;93.708;200.0;104.12;304.12;119.49557
2025-01-29 17:00:00;68.327372;14.0;0.0;93.708;200.0;104.12;304.12;117.67263
2025-01-29 18:00:00;81.635512;1.23;0.0;93.708;200.0;104.12;304.12;117.13449
2025-01-29 19:00:00;83.097003;0.0;0.0;74.088;200.0;82.32;282.32;116.903
2025-01-29 20:00:00;82.677508;0.0;0.0;74.088;200.0;82.32;282.32;117.32249
2025-01-29 21:00:00;82.138999;0.0;0.0;74.088;200.0;82.32;282.32;117.861
2025-01-29 22:00:00;82.086159;0.0;0.0;90.261;200.0;100.29;300.29;117.91384
2025-01-29 23:00:00;82.207249;0.0;0.0;90.261;200.0;100.29;300.29;117.79275
2025-01-30 00:00:00;82.289579;0.0;0.0;90.261;200.0;100.29;300.29;117.71042
2025-01-30 01:00:00;82.38624;0.0;0.0;86.661;200.0;96.29;296.29;117.61376
2025-01-30 02:00:00;82.563933;0.0;0.0;86.661;200.0;96.29;296.29;117.43607
2025-01-30 03:00:00;82.730444;0.0;0.0;86.661;200.0;96.29;296.29;117.26956
2025-01-30 04:00:00;82.812822;0.0;0.0;132.534;200.0;147.26;347.26;117.18718
2025-01-30 05:00:00;82.818347;0.0;0.0;132.534;200.0;147.26;347.26;117.18165
2025-01-30 06:00:00;83.182224;0.0;0.0;132.534;200.0;147.26;347.26;116.81778
2025-01-30 07:00:00;83.155288;0.0;0.0;229.527;200.0;255.03;455.03;116.84471
2025-01-30 08:00:00;82.202052;0.0;0.0;229.527;200.0;255.03;455.03;117.79795
2025-01-30 09:00:00;81.172956;0.5;0.0;229.527;200.0;255.03;455.03;118.32704
2025-01-30 10:00:00;77.776436;2.45;0.0;229.554;200.0;255.06;455.06;119.77356
2025-01-30 11:00:00;71.615831;8.6;0.0;229.554;200.0;255.06;455.06;119.78417
2025-01-30 12:00:00;66.28537;14.899999999999999;0.0;229.554;200.0;255.06;455.06;118.81463
2025-01-30 13:00:00;72.146321;10.7;0.0;252.036;200.0;280.04;480.04;117.15368
2025-01-30 14:00:00;75.133469;9.75;0.0;252.036;200.0;280.04;480.04;115.11653
2025-01-30 15:00:00;78.291152;8.4;0.0;252.036;200.0;280.04;480.04;113.30885
2025-01-30 16:00:00;81.726915;5.73;0.0;188.199;200.0;209.11;409.11;112.54309
2025-01-30 17:00:00;86.292593;1.78;0.0;188.199;200.0;209.11;409.11;111.92741
2025-01-30 18:00:00;88.410366;0.2;0.0;188.199;200.0;209.11;409.11;111.38963
2025-01-30 19:00:00;89.425207;0.0;0.0;148.788;200.0;165.32;365.32;110.57479
2025-01-30 20:00:00;90.928687;0.0;0.0;148.788;200.0;165.32;365.32;109.07131
2025-01-30 21:00:00;92.534775;0.0;0.0;148.788;200.0;165.32;365.32;107.46522
2025-01-30 22:00:00;94.262138;0.0;0.0;171.261;200.0;190.29;390.29;105.73786
2025-01-30 23:00:00;96.125927;0.0;0.0;171.261;200.0;190.29;390.29;103.87407
2025-01-31 00:00:00;96.740239;0.0;0.0;171.261;200.0;190.29;390.29;103.25976
2025-01-31 01:00:00;96.926494;0.0;0.0;203.661;200.0;226.29;426.29;103.07351
2025-01-31 02:00:00;97.085908;0.0;0.0;203.661;200.0;226.29;426.29;102.91409
2025-01-31 03:00:00;97.207256;0.0;0.0;203.661;200.0;226.29;426.29;102.79274
2025-01-31 04:00:00;97.394671;0.0;0.0;235.395;200.0;261.55;461.55;102.60533
2025-01-31 05:00:00;97.752947;0.0;0.0;235.395;200.0;261.55;461.55;102.24705
2025-01-31 06:00:00;97.647302;0.0;0.0;235.395;200.0;261.55;461.55;102.3527
2025-01-31 07:00:00;97.08284;0.0;0.0;380.718;200.0;423.02;623.02;102.91716
2025-01-31 08:00:00;94.8537;0.0;0.0;380.718;200.0;423.02;623.02;105.1463
2025-01-31 09:00:00;87.014974;2.8299999999999996;0.0;380.718;200.0;423.02;623.02;110.15503
2025-01-31 10:00:00;77.905645;8.3;0.0;300.627;200.0;334.03;534.03;113.79436
2025-01-31 11:00:00;51.333466;32.2;0.0;300.627;200.0;334.03;534.03;116.46653
2025-01-31 12:00:00;34.475942;47.8;0.0;300.627;200.0;334.03;534.03;117.72406
2025-01-31 13:00:00;0.0;101.99999999999999;19.705874;219.627;200.0;244.03;444.03;117.70587
2025-01-31 14:00:00;0.0;120.00000000000001;37.508316;219.627;200.0;244.03;444.03;117.50832
2025-01-31 15:00:00;9.3139613;74.8;0.0;219.627;200.0;244.03;444.03;115.88604
2025-01-31 16:00:00;41.336755;48.0;0.0;159.417;200.0;177.13;377.13;110.66324
2025-01-31 17:00:00;74.944601;19.2;0.0;159.417;200.0;177.13;377.13;105.8554
2025-01-31 18:00:00;94.532567;1.9699999999999998;0.0;159.417;200.0;177.13;377.13;103.49743
2025-01-31 19:00:00;97.730401;0.0;0.0;173.97;200.0;193.3;393.3;102.2696
2025-01-31 20:00:00;98.959986;0.0;0.0;173.97;200.0;193.3;393.3;101.04001
2025-01-31 21:00:00;99.43445;0.0;0.0;173.97;200.0;193.3;393.3;100.56555
2025-01-31 22:00:00;100.87891;0.0;0.0;207.261;200.0;230.29;430.29;99.121086
2025-01-31 23:00:00;101.83997;0.0;0.0;207.261;200.0;230.29;430.29;98.160035
2025-02-01 00:00:00;102.87115;0.0;0.0;207.261;200.0;230.29;430.29;97.12885
2025-02-01 01:00:00;104.56635;0.0;0.0;242.379;200.0;269.31;469.30999999999995;95.433647
2025-02-01 02:00:00;105.85364;0.0;0.0;242.379;200.0;269.31;469.30999999999995;94.146363
2025-02-01 03:00:00;106.59906;0.0;0.0;242.379;200.0;269.31;469.30999999999995;93.400945
2025-02-01 04:00:00;106.73725;0.0;0.0;263.979;200.0;293.31;493.31;93.262747
2025-02-01 05:00:00;106.93534;0.0;0.0;263.979;200.0;293.31;493.31;93.064664
2025-02-01 06:00:00;107.28787;0.0;0.0;263.979;200.0;293.31;493.31;92.712128
2025-02-01 07:00:00;106.05158;0.0;0.0;285.642;200.0;317.38;517.38;93.948423
2025-02-01 08:00:00;99.867472;0.0;0.0;285.642;200.0;317.38;517.38;100.13253
2025-02-01 09:00:00;93.204876;2.25;0.0;285.642;200.0;317.38;517.38;104.54512
2025-02-01 10:00:00;69.204822;22.2;0.0;217.107;200.0;241.23;441.22999999999996;108.59518
2025-02-01 11:00:00;23.489285;65.1;0.0;217.107;200.0;241.23;441.22999999999996;111.41072
2025-02-01 12:00:00;0.0;97.6;10.463467;217.107;200.0;241.23;441.22999999999996;112.86347
2025-02-01 13:00:00;0.0;120.00000000000001;33.314536;170.316;200.0;189.24;389.24;113.31454
2025-02-01 14:00:00;0.0;123.0;35.338599;170.316;200.0;189.24;389.24;112.3386
2025-02-01 15:00:00;0.0;108.0;16.758575;170.316;200.0;189.24;389.24;108.75858
2025-02-01 16:00:00;15.505167;80.8;0.0;192.789;200.0;214.21;414.21;103.69483
2025-02-01 17:00:00;68.57701;31.3;0.0;192.789;200.0;214.21;414.21;100.12299
2025-02-01 18:00:00;100.09943;2.53;0.0;192.789;200.0;214.21;414.21;97.370566
2025-02-01 19:00:00;104.42026;0.0;0.0;235.161;200.0;261.29;461.29;95.579744
2025-02-01 20:00:00;104.98625;0.0;0.0;235.161;200.0;261.29;461.29;95.013751
2025-02-01 21:00:00;105.0773;0.0;0.0;235.161;200.0;261.29;461.29;94.922703
2025-02-01 22:00:00;105.37654;0.0;0.0;253.161;200.0;281.29;481.29;94.623464
2025-02-01 23:00:00;106.46168;0.0;0.0;253.161;200.0;281.29;481.29;93.538324
2025-02-02 00:00:00;107.55896;0.0;0.0;253.161;200.0;281.29;481.29;92.441039
2025-02-02 01:00:00;108.3982;0.0;0.0;263.052;200.0;292.28;492.2799999999999;91.601801
2025-02-02 02:00:00;109.08858;0.0;0.0;263.052;200.0;292.28;492.2799999999999;90.911415
2025-02-02 03:00:00;109.63395;0.0;0.0;263.052;200.0;292.28;492.2799999999999;90.366047
2025-02-02 04:00:00;109.80156;0.0;0.0;290.925;200.0;323.25;523.25;90.198445
2025-02-02 05:00:00;109.62026;0.0;0.0;290.925;200.0;323.25;523.25;90.37974
2025-02-02 06:00:00;109.80368;0.0;0.0;290.925;200.0;323.25;523.25;90.196319
2025-02-02 07:00:00;108.51706;0.0;0.0;296.379;200.0;329.31;529.31;91.482938
2025-02-02 08:00:00;101.31858;0.0;0.0;296.379;200.0;329.31;529.31;98.681421
2025-02-02 09:00:00;94.44276;1.7300000000000002;0.0;296.379;200.0;329.31;529.31;103.82724
2025-02-02 10:00:00;66.279116;24.8;0.0;240.57;200.0;267.3;467.29999999999995;108.92088
2025-02-02 11:00:00;22.401313;65.2;0.0;240.57;200.0;267.3;467.29999999999995;112.39869
2025-02-02 12:00:00;0.0;99.4;13.792527;240.57;200.0;267.3;467.29999999999995;114.39253
2025-02-02 13:00:00;0.0;117.99999999999999;33.085296;178.434;200.0;198.26;398.26;115.0853
2025-02-02 14:00:00;0.0;123.0;36.856541;178.434;200.0;198.26;398.26;113.85654
2025-02-02 15:00:00;0.0;108.0;16.820321;178.434;200.0;198.26;398.26;108.82032
2025-02-02 16:00:00;15.615744;82.3;0.0;182.952;200.0;203.28;403.28;102.08426
2025-02-02 17:00:00;71.291764;30.7;0.0;182.952;200.0;203.28;403.28;98.008236
2025-02-02 18:00:00;99.699175;3.9;0.0;182.952;200.0;203.28;403.28;96.400825
2025-02-02 19:00:00;104.41745;0.0;0.0;233.352;200.0;259.28;459.28;95.582553
2025-02-02 20:00:00;104.68402;0.0;0.0;233.352;200.0;259.28;459.28;95.315984
2025-02-02 21:00:00;104.93612;0.0;0.0;233.352;200.0;259.28;459.28;95.063884
2025-02-02 22:00:00;105.55365;0.0;0.0;263.106;200.0;292.34;492.34;94.44635
2025-02-02 23:00:00;106.21322;0.0;0.0;263.106;200.0;292.34;492.34;93.786783
2025-02-03 00:00:00;106.64747;0.0;0.0;263.106;200.0;292.34;492.34;93.352527
2025-02-03 01:00:00;106.75959;0.0;0.0;275.679;200.0;306.31;506.31;93.240413
2025-02-03 02:00:00;107.35161;0.0;0.0;275.679;200.0;306.31;506.31;92.648392
2025-02-03 03:00:00;107.99103;0.0;0.0;275.679;200.0;306.31;506.31;92.008975
2025-02-03 04:00:00;108.36482;0.0;0.0;310.572;200.0;345.08;545.08;91.635179
2025-02-03 05:00:00;108.69;0.0;0.0;310.572;200.0;345.08;545.08;91.310004
2025-02-03 06:00:00;108.18839;0.0;0.0;310.572;200.0;345.08;545.08;91.811605
2025-02-03 07:00:00;106.33232;0.0;0.0;471.672;200.0;524.08;724.08;93.667683
2025-02-03 08:00:00;99.583327;0.0;0.0;471.672;200.0;524.08;724.08;100.41667
2025-02-03 09:00:00;90.515025;1.87;0.0;471.672;200.0;524.08;724.08;107.61498
2025-02-03 10:00:00;66.785609;20.9;0.0;390.636;200.0;434.04;634.04;112.31439
2025-02-03 11:00:00;26.117942;59.5;0.0;390.636;200.0;434.04;634.04;114.38206
2025-02-03 12:00:00;4.6059845;79.9;0.0;390.636;200.0;434.04;634.04;115.49402
2025-02-03 13:00:00;0.0;103.0;19.607777;293.445;200.0;326.05;526.05;116.60778
2025-02-03 14:00:00;0.0;116.0;32.04147;293.445;200.0;326.05;526.05;116.04147
2025-02-03 15:00:00;0.0;103.0;14.762723;293.445;200.0;326.05;526.05;111.76272
2025-02-03 16:00:00;20.453308;76.1;0.0;209.835;200.0;233.15;433.15;103.44669
2025-02-03 17:00:00;69.624984;31.7;0.0;209.835;200.0;233.15;433.15;98.675016
2025-02-03 18:00:00;99.854286;3.45;0.0;209.835;200.0;233.15;433.15;96.695714
2025-02-03 19:00:00;103.5975;0.0;0.0;204.579;200.0;227.31;427.31;96.402499
2025-02-03 20:00:00;103.40259;0.0;0.0;204.579;200.0;227.31;427.31;96.597411
2025-02-03 21:00:00;103.68411;0.0;0.0;204.579;200.0;227.31;427.31;96.315887
2025-02-03 22:00:00;103.94284;0.0;0.0;232.407;200.0;258.23;458.22999999999996;96.057156
2025-02-03 23:00:00;104.55968;0.0;0.0;232.407;200.0;258.23;458.22999999999996;95.44032
2025-02-04 00:00:00;104.06366;0.0;0.0;232.407;200.0;258.23;458.22999999999996;95.93634
2025-02-04 01:00:00;103.8498;0.0;0.0;263.097;200.0;292.33;492.33;96.150199
2025-02-04 02:00:00;104.18409;0.0;0.0;263.097;200.0;292.33;492.33;95.815905
2025-02-04 03:00:00;104.61049;0.0;0.0;263.097;200.0;292.33;492.33;95.389508
2025-02-04 04:00:00;104.72967;0.0;0.0;310.356;200.0;344.84;544.84;95.270332
2025-02-04 05:00:00;103.50086;0.0;0.0;310.356;200.0;344.84;544.84;96.499139
2025-02-04 06:00:00;102.21007;0.0;0.0;310.356;200.0;344.84;544.84;97.789926
2025-02-04 07:00:00;100.74383;0.0;0.0;467.154;200.0;519.06;719.06;99.256173
2025-02-04 08:00:00;97.397952;0.0;0.0;467.154;200.0;519.06;719.06;102.60205
2025-02-04 09:00:00;91.014979;3.2;0.0;467.154;200.0;519.06;719.06;105.78502
2025-02-04 10:00:00;65.728911;23.9;0.0;425.745;200.0;473.05;673.05;110.37109
2025-02-04 11:00:00;38.970256;46.4;0.0;425.745;200.0;473.05;673.05;114.62974
2025-02-04 12:00:00;0.0;98.5;15.566956;425.745;200.0;473.05;673.05;117.06696
2025-02-04 13:00:00;0.0;117.99999999999999;35.984764;333.909;200.0;371.01;571.01;117.98476
2025-02-04 14:00:00;0.0;122.0;38.586634;333.909;200.0;371.01;571.01;116.58663
2025-02-04 15:00:00;0.0;108.99999999999999;20.826734;333.909;200.0;371.01;571.01;111.82673
2025-02-04 16:00:00;14.636259;80.7;0.0;264.717;200.0;294.13;494.13;104.66374
2025-02-04 17:00:00;62.638794;34.6;0.0;264.717;200.0;294.13;494.13;102.76121
2025-02-04 18:00:00;95.841676;3.13;0.0;264.717;200.0;294.13;494.13;101.02832
2025-02-04 19:00:00;99.402276;0.0;0.0;227.079;200.0;252.31;452.31;100.59772
2025-02-04 20:00:00;99.820892;0.0;0.0;227.079;200.0;252.31;452.31;100.17911
2025-02-04 21:00:00;99.405894;0.0;0.0;227.079;200.0;252.31;452.31;100.59411
2025-02-04 22:00:00;99.316178;0.0;0.0;223.461;200.0;248.29;448.29;100.68382
2025-02-04 23:00:00;98.674767;0.0;0.0;223.461;200.0;248.29;448.29;101.32523
2025-02-05 00:00:00;96.987824;0.0;0.0;223.461;200.0;248.29;448.29;103.01218
2025-02-05 01:00:00;95.457038;0.0;0.0;202.761;200.0;225.29;425.29;104.54296
2025-02-05 02:00:00;92.135444;0.0;0.0;202.761;200.0;225.29;425.29;107.86456
2025-02-05 03:00:00;90.195451;0.0;0.0;202.761;200.0;225.29;425.29;109.80455
2025-02-05 04:00:00;89.28009;0.0;0.0;207.828;200.0;230.92;430.92;110.71991
2025-02-05 05:00:00;89.01273;0.0;0.0;207.828;200.0;230.92;430.92;110.98727
2025-02-05 06:00:00;92.333897;0.0;0.0;207.828;200.0;230.92;430.92;107.6661
2025-02-05 07:00:00;92.144356;0.0;0.0;336.627;200.0;374.03;574.03;107.85564
2025-02-05 08:00:00;90.388419;0.0;0.0;336.627;200.0;374.03;574.03;109.61158
2025-02-05 09:00:00;88.35632;0.5;0.0;336.627;200.0;374.03;574.03;111.14368
2025-02-05 10:00:00;83.824846;3.2800000000000002;0.0;326.727;200.0;363.03;563.03;112.89515
2025-02-05 11:00:00;76.021907;10.4;0.0;326.727;200.0;363.03;563.03;113.57809
2025-02-05 12:00:00;69.629106;15.4;0.0;326.727;200.0;363.03;563.03;114.97089
2025-02-05 13:00:00;70.149332;14.4;0.0;312.327;200.0;347.03;547.03;115.45067
2025-02-05 14:00:00;72.491016;13.1;0.0;312.327;200.0;347.03;547.03;114.40898
2025-02-05 15:00:00;75.589567;11.5;0.0;312.327;200.0;347.03;547.03;112.91043
2025-02-05 16:00:00;80.801177;8.68;0.0;223.353;200.0;248.17;448.16999999999996;110.51882
2025-02-05 17:00:00;88.446428;2.7500000000000004;0.0;223.353;200.0;248.17;448.16999999999996;108.80357
2025-02-05 18:00:00;92.67847;0.533;0.0;223.353;200.0;248.17;448.16999999999996;106.78853
2025-02-05 19:00:00;93.543447;0.0;0.0;158.643;200.0;176.27;376.27;106.45655
2025-02-05 20:00:00;94.098425;0.0;0.0;158.643;200.0;176.27;376.27;105.90157
2025-02-05 21:00:00;94.441661;0.0;0.0;158.643;200.0;176.27;376.27;105.55834
2025-02-05 22:00:00;94.833167;0.0;0.0;181.179;200.0;201.31;401.31;105.16683
2025-02-05 23:00:00;95.282971;0.0;0.0;181.179;200.0;201.31;401.31;104.71703
2025-02-06 00:00:00;95.668598;0.0;0.0;181.179;200.0;201.31;401.31;104.3314
2025-02-06 01:00:00;95.723809;0.0;0.0;182.07;200.0;202.3;402.3;104.27619
2025-02-06 02:00:00;95.981953;0.0;0.0;182.07;200.0;202.3;402.3;104.01805
2025-02-06 03:00:00;96.185934;0.0;0.0;182.07;200.0;202.3;402.3;103.81407
2025-02-06 04:00:00;96.247084;0.0;0.0;218.952;200.0;243.28;443.28;103.75292
2025-02-06 05:00:00;96.13677;0.0;0.0;218.952;200.0;243.28;443.28;103.86323
2025-02-06 06:00:00;95.407134;0.0;0.0;218.952;200.0;243.28;443.28;104.59287
2025-02-06 07:00:00;95.148517;0.0;0.0;347.436;200.0;386.04;586.04;104.85148
2025-02-06 08:00:00;93.559792;0.0;0.0;347.436;200.0;386.04;586.04;106.44021
2025-02-06 09:00:00;92.154143;0.1;0.0;347.436;200.0;386.04;586.04;107.74586
2025-02-06 10:00:00;88.865147;2.0;0.0;342.045;200.0;380.05;580.05;109.13485
2025-02-06 11:00:00;79.878926;8.93;0.0;342.045;200.0;380.05;580.05;111.19107
2025-02-06 12:00:00;80.049165;6.78;0.0;342.045;200.0;380.05;580.05;113.17084
2025-02-06 13:00:00;83.578225;2.42;0.0;299.718;200.0;333.02;533.02;114.00177
2025-02-06 14:00:00;68.136753;18.4;0.0;299.718;200.0;333.02;533.02;113.46325
2025-02-06 15:00:00;75.45995;13.000000000000002;0.0;299.718;200.0;333.02;533.02;111.54005
2025-02-06 16:00:00;84.765206;6.28;0.0;201.726;200.0;224.14;424.14;108.95479
2025-02-06 17:00:00;83.562406;8.98;0.0;201.726;200.0;224.14;424.14;107.45759
2025-02-06 18:00:00;93.843336;1.4;0.0;201.726;200.0;224.14;424.14;104.75666
2025-02-06 19:00:00;95.845636;0.0;0.0;183.861;200.0;204.29;404.29;104.15436
2025-02-06 20:00:00;95.61252;0.0;0.0;183.861;200.0;204.29;404.29;104.38748
2025-02-06 21:00:00;95.509346;0.0;0.0;183.861;200.0;204.29;404.29;104.49065
2025-02-06 22:00:00;95.083139;0.0;0.0;186.588;200.0;207.32;407.32;104.91686
2025-02-06 23:00:00;94.766137;0.0;0.0;186.588;200.0;207.32;407.32;105.23386
2025-02-07 00:00:00;94.597176;0.0;0.0;186.588;200.0;207.32;407.32;105.40282
2025-02-07 01:00:00;94.647342;0.0;0.0;205.47;200.0;228.3;428.3;105.35266
2025-02-07 02:00:00;94.84799;0.0;0.0;205.47;200.0;228.3;428.3;105.15201
2025-02-07 03:00:00;95.463775;0.0;0.0;205.47;200.0;228.3;428.3;104.53623
2025-02-07 04:00:00;95.839531;0.0;0.0;226.35;200.0;251.5;451.5;104.16047
2025-02-07 05:00:00;95.970272;0.0;0.0;226.35;200.0;251.5;451.5;104.02973
2025-02-07 06:00:00;94.174472;0.0;0.0;226.35;200.0;251.5;451.5;105.82553
2025-02-07 07:00:00;93.376365;0.0;0.0;344.718;200.0;383.02;583.02;106.62364
2025-02-07 08:00:00;91.51909;0.0;0.0;344.718;200.0;383.02;583.02;108.48091
2025-02-07 09:00:00;89.67257;0.0;0.0;344.718;200.0;383.02;583.02;110.32743
2025-02-07 10:00:00;87.737731;0.0;0.0;332.118;200.0;369.02;569.02;112.26227
2025-02-07 11:00:00;86.36387;0.0;0.0;332.118;200.0;369.02;569.02;113.63613
2025-02-07 12:00:00;86.170915;0.0;0.0;332.118;200.0;369.02;569.02;113.82909
2025-02-07 13:00:00;86.406593;0.0;0.0;315.936;200.0;351.04;551.04;113.59341
2025-02-07 14:00:00;86.609305;0.0;0.0;315.936;200.0;351.04;551.04;113.3907
2025-02-07 15:00:00;87.658118;0.0;0.0;315.936;200.0;351.04;551.04;112.34188
2025-02-07 16:00:00;89.775264;0.0;0.0;220.635;200.0;245.15;445.15;110.22474
2025-02-07 17:00:00;91.441043;0.0;0.0;220.635;200.0;245.15;445.15;108.55896
2025-02-07 18:00:00;91.991837;0.0;0.0;220.635;200.0;245.15;445.15;108.00816
2025-02-07 19:00:00;92.711026;0.0;0.0;181.53;200.0;201.7;401.7;107.28897
2025-02-07 20:00:00;93.350508;0.0;0.0;181.53;200.0;201.7;401.7;106.64949
2025-02-07 21:00:00;93.66045;0.0;0.0;181.53;200.0;201.7;401.7;106.33955
2025-02-07 22:00:00;94.364965;0.0;0.0;179.865;200.0;199.85;399.85;105.63504
2025-02-07 23:00:00;94.363878;0.0;0.0;179.865;200.0;199.85;399.85;105.63612
2025-02-08 00:00:00;94.148172;0.0;0.0;179.865;200.0;199.85;399.85;105.85183
2025-02-08 01:00:00;93.746517;0.0;0.0;194.004;200.0;215.56;415.56;106.25348
2025-02-08 02:00:00;92.984843;0.0;0.0;194.004;200.0;215.56;415.56;107.01516
2025-02-08 03:00:00;92.282202;0.0;0.0;194.004;200.0;215.56;415.56;107.7178
2025-02-08 04:00:00;91.81594;0.0;0.0;198.612;200.0;220.68;420.68;108.18406
2025-02-08 05:00:00;91.415532;0.0;0.0;198.612;200.0;220.68;420.68;108.58447
2025-02-08 06:00:00;92.446431;0.0;0.0;198.612;200.0;220.68;420.68;107.55357
2025-02-08 07:00:00;92.212605;0.0;0.0;206.55;200.0;229.5;429.5;107.7874
2025-02-08 08:00:00;89.41613;0.0;0.0;206.55;200.0;229.5;429.5;110.58387
2025-02-08 09:00:00;83.868665;1.7;0.0;206.55;200.0;229.5;429.5;114.43134
2025-02-08 10:00:00;68.53856;12.5;0.0;127.998;200.0;142.22;342.22;118.96144
2025-02-08 11:00:00;33.901198;43.7;0.0;127.998;200.0;142.22;342.22;122.3988
2025-02-08 12:00:00;9.9716552;65.7;0.0;127.998;200.0;142.22;342.22;124.32834
2025-02-08 13:00:00;11.453742;63.2;0.0;97.416;200.0;108.24;308.24;125.34626
2025-02-08 14:00:00;4.5906728;71.1;0.0;97.416;200.0;108.24;308.24;124.30933
2025-02-08 15:00:00;45.946758;32.8;0.0;97.416;200.0;108.24;308.24;121.25324
2025-02-08 16:00:00;55.159864;27.6;0.0;102.834;200.0;114.26;314.26;117.24014
2025-02-08 17:00:00;79.237249;6.63;0.0;102.834;200.0;114.26;314.26;114.13275
2025-02-08 18:00:00;86.742479;1.08;0.0;102.834;200.0;114.26;314.26;112.17752
2025-02-08 19:00:00;90.245927;0.0;0.0;108.225;200.0;120.25;320.25;109.75407
2025-02-08 20:00:00;91.621652;0.0;0.0;108.225;200.0;120.25;320.25;108.37835
2025-02-08 21:00:00;93.802658;0.0;0.0;108.225;200.0;120.25;320.25;106.19734
2025-02-08 22:00:00;96.457053;0.0;0.0;136.179;200.0;151.31;351.31;103.54295
2025-02-08 23:00:00;97.925498;0.0;0.0;136.179;200.0;151.31;351.31;102.0745
2025-02-09 00:00:00;99.493491;0.0;0.0;136.179;200.0;151.31;351.31;100.50651
2025-02-09 01:00:00;100.63094;0.0;0.0;175.797;200.0;195.33;395.33;99.369064
2025-02-09 02:00:00;101.7425;0.0;0.0;175.797;200.0;195.33;395.33;98.257497
2025-02-09 03:00:00;101.86691;0.0;0.0;175.797;200.0;195.33;395.33;98.133089
2025-02-09 04:00:00;101.11563;0.0;0.0;185.679;200.0;206.31;406.31;98.884365
2025-02-09 05:00:00;101.32429;0.0;0.0;185.679;200.0;206.31;406.31;98.675712
2025-02-09 06:00:00;99.67656;0.0;0.0;185.679;200.0;206.31;406.31;100.32344
2025-02-09 07:00:00;99.147894;0.0;0.0;194.67;200.0;216.3;416.3;100.85211
2025-02-09 08:00:00;94.265066;0.0;0.0;194.67;200.0;216.3;416.3;105.73493
2025-02-09 09:00:00;86.887972;2.4;0.0;194.67;200.0;216.3;416.3;110.71203
2025-02-09 10:00:00;77.813322;9.05;0.0;142.461;200.0;158.29;358.29;113.13668
2025-02-09 11:00:00;70.725581;13.9;0.0;142.461;200.0;158.29;358.29;115.37442
2025-02-09 12:00:00;52.261272;31.0;0.0;142.461;200.0;158.29;358.29;116.73873
2025-02-09 13:00:00;25.471069;57.3;0.0;119.952;200.0;133.28;333.28;117.22893
2025-02-09 14:00:00;32.340435;50.800000000000004;0.0;119.952;200.0;133.28;333.28;116.85956
2025-02-09 15:00:00;39.851426;44.7;0.0;119.952;200.0;133.28;333.28;115.44857
2025-02-09 16:00:00;62.886882;24.2;0.0;137.061;200.0;152.29;352.29;112.91312
2025-02-09 17:00:00;79.224483;10.6;0.0;137.061;200.0;152.29;352.29;110.17552
2025-02-09 18:00:00;90.043851;2.7800000000000002;0.0;137.061;200.0;152.29;352.29;107.17615
2025-02-09 19:00:00;95.509717;0.0;0.0;166.779;200.0;185.31;385.31;104.49028
2025-02-09 20:00:00;96.411204;0.0;0.0;166.779;200.0;185.31;385.31;103.5888
2025-02-09 21:00:00;97.41185;0.0;0.0;166.779;200.0;185.31;385.31;102.58815
2025-02-09 22:00:00;98.581092;0.0;0.0;203.697;200.0;226.33;426.33;101.41891
2025-02-09 23:00:00;99.490739;0.0;0.0;203.697;200.0;226.33;426.33;100.50926
2025-02-10 00:00:00;100.67504;0.0;0.0;203.697;200.0;226.33;426.33;99.324955
2025-02-10 01:00:00;101.68721;0.0;0.0;218.052;200.0;242.28;442.28;98.312785
2025-02-10 02:00:00;101.92986;0.0;0.0;218.052;200.0;242.28;442.28;98.070137
2025-02-10 03:00:00;102.4533;0.0;0.0;218.052;200.0;242.28;442.28;97.546696
2025-02-10 04:00:00;103.00575;0.0;0.0;241.398;200.0;268.22;468.22;96.994255
2025-02-10 05:00:00;102.91559;0.0;0.0;241.398;200.0;268.22;468.22;97.084407
2025-02-10 06:00:00;101.77488;0.0;0.0;241.398;200.0;268.22;468.22;98.225124
2025-02-10 07:00:00;99.922153;0.0;0.0;352.062;200.0;391.18;591.18;100.07785
2025-02-10 08:00:00;97.166389;0.0;0.0;352.062;200.0;391.18;591.18;102.83361
2025-02-10 09:00:00;93.737501;0.9;0.0;352.062;200.0;391.18;591.18;105.3625
2025-02-10 10:00:00;84.022566;6.68;0.0;330.417;200.0;367.13;567.13;109.29743
2025-02-10 11:00:00;73.032617;15.8;0.0;330.417;200.0;367.13;567.13;111.16738
2025-02-10 12:00:00;65.352711;22.5;0.0;330.417;200.0;367.13;567.13;112.14729
2025-02-10 13:00:00;75.570595;12.1;0.0;317.826;200.0;353.14;553.14;112.32941
2025-02-10 14:00:00;77.11491;11.4;0.0;317.826;200.0;353.14;553.14;111.48509
2025-02-10 15:00:00;82.121761;7.230000000000001;0.0;317.826;200.0;353.14;553.14;110.64824
2025-02-10 16:00:00;82.218216;7.53;0.0;197.334;200.0;219.26;419.26;110.25178
2025-02-10 17:00:00;87.673132;1.92;0.0;197.334;200.0;219.26;419.26;110.40687
2025-02-10 18:00:00;88.172204;0.725;0.0;197.334;200.0;219.26;419.26;111.1028
2025-02-10 19:00:00;90.233402;0.0;0.0;159.552;200.0;177.28;377.28;109.7666
2025-02-10 20:00:00;90.753008;0.0;0.0;159.552;200.0;177.28;377.28;109.24699
2025-02-10 21:00:00;90.426832;0.0;0.0;159.552;200.0;177.28;377.28;109.57317
2025-02-10 22:00:00;90.216509;0.0;0.0;156.843;200.0;174.27;374.27;109.78349
2025-02-10 23:00:00;88.809408;0.0;0.0;156.843;200.0;174.27;374.27;111.19059
2025-02-11 00:00:00;86.918528;0.0;0.0;156.843;200.0;174.27;374.27;113.08147
2025-02-11 01:00:00;85.936698;0.0;0.0;155.07;200.0;172.3;372.3;114.0633
2025-02-11 02:00:00;86.899719;0.0;0.0;155.07;200.0;172.3;372.3;113.10028
2025-02-11 03:00:00;88.801032;0.0;0.0;155.07;200.0;172.3;372.3;111.19897
2025-02-11 04:00:00;89.658045;0.0;0.0;165.645;200.0;184.05;384.05;110.34195
2025-02-11 05:00:00;89.944408;0.0;0.0;165.645;200.0;184.05;384.05;110.05559
2025-02-11 06:00:00;88.508885;0.0;0.0;165.645;200.0;184.05;384.05;111.49112
2025-02-11 07:00:00;88.435312;0.0;0.0;253.935;200.0;282.15;482.15;111.56469
2025-02-11 08:00:00;86.972142;0.0;0.0;253.935;200.0;282.15;482.15;113.02786
2025-02-11 09:00:00;83.707889;1.4299999999999997;0.0;253.935;200.0;282.15;482.15;114.86211
2025-02-11 10:00:00;75.215335;8.05;0.0;255.168;200.0;283.52;483.52;116.73467
2025-02-11 11:00:00;63.575891;17.9;0.0;255.168;200.0;283.52;483.52;118.52411
2025-02-11 12:00:00;52.517889;29.0;0.0;255.168;200.0;283.52;483.52;118.48211
2025-02-11 13:00:00;56.582105;25.3;0.0;243.342;200.0;270.38;470.38;118.1179
2025-02-11 14:00:00;55.417644;26.8;0.0;243.342;200.0;270.38;470.38;117.78236
2025-02-11 15:00:00;69.375733;14.4;0.0;243.342;200.0;270.38;470.38;116.22427
2025-02-11 16:00:00;79.403624;6.68;0.0;173.034;200.0;192.26;392.26;113.91638
2025-02-11 17:00:00;83.817582;4.72;0.0;173.034;200.0;192.26;392.26;111.46242
2025-02-11 18:00:00;90.480556;0.9;0.0;173.034;200.0;192.26;392.26;108.61944
2025-02-11 19:00:00;93.420663;0.0;0.0;163.197;200.0;181.33;381.33;106.57934
2025-02-11 20:00:00;94.872375;0.0;0.0;163.197;200.0;181.33;381.33;105.12762
2025-02-11 21:00:00;96.604989;0.0;0.0;163.197;200.0;181.33;381.33;103.39501
2025-02-11 22:00:00;97.920231;0.0;0.0;173.052;200.0;192.28;392.28;102.07977
2025-02-11 23:00:00;99.742297;0.0;0.0;173.052;200.0;192.28;392.28;100.2577
2025-02-12 00:00:00;100.28866;0.0;0.0;173.052;200.0;192.28;392.28;99.711341
2025-02-12 01:00:00;100.09749;0.0;0.0;178.461;200.0;198.29;398.29;99.902506
2025-02-12 02:00:00;100.33711;0.0;0.0;178.461;200.0;198.29;398.29;99.662889
2025-02-12 03:00:00;100.88216;0.0;0.0;178.461;200.0;198.29;398.29;99.117842
2025-02-12 04:00:00;101.55681;0.0;0.0;213.552;200.0;237.28;437.28;98.44319
2025-02-12 05:00:00;102.15343;0.0;0.0;213.552;200.0;237.28;437.28;97.846573
2025-02-12 06:00:00;100.70509;0.0;0.0;213.552;200.0;237.28;437.28;99.294909
2025-02-12 07:00:00;98.576808;0.0;0.0;328.779;200.0;365.31;565.31;101.42319
2025-02-12 08:00:00;93.373172;0.0;0.0;328.779;200.0;365.31;565.31;106.62683
2025-02-12 09:00:00;87.9791;1.7300000000000002;0.0;328.779;200.0;365.31;565.31;110.2909
2025-02-12 10:00:00;65.250716;21.9;0.0;274.581;200.0;305.09;505.0899999999999;112.84928
2025-02-12 11:00:00;15.207295;70.4;0.0;274.581;200.0;305.09;505.0899999999999;114.39271
2025-02-12 12:00:00;0.0;97.2;12.335174;274.581;200.0;305.09;505.0899999999999;115.13517
2025-02-12 13:00:00;0.0;123.0;38.114332;225.144;200.0;250.16;450.1600000000001;115.11433
2025-02-12 14:00:00;37.27248;48.10000000000001;0.0;225.144;200.0;250.16;450.1600000000001;114.62752
2025-02-12 15:00:00;57.556929;28.7;0.0;225.144;200.0;250.16;450.1600000000001;113.74307
2025-02-12 16:00:00;76.529469;11.4;0.0;154.152;200.0;171.28;371.28;112.07053
2025-02-12 17:00:00;85.693813;4.3;0.0;154.152;200.0;171.28;371.28;110.00619
2025-02-12 18:00:00;92.938074;0.45;0.0;154.152;200.0;171.28;371.28;106.61193
2025-02-12 19:00:00;95.475086;0.0;0.0;155.061;200.0;172.29;372.29;104.52491
2025-02-12 20:00:00;96.281523;0.0;0.0;155.061;200.0;172.29;372.29;103.71848
2025-02-12 21:00:00;96.538643;0.0;0.0;155.061;200.0;172.29;372.29;103.46136
2025-02-12 22:00:00;96.158273;0.0;0.0;152.415;200.0;169.35;369.35;103.84173
2025-02-12 23:00:00;96.38209;0.0;0.0;152.415;200.0;169.35;369.35;103.61791
2025-02-13 00:00:00;97.594501;0.0;0.0;152.415;200.0;169.35;369.35;102.4055
2025-02-13 01:00:00;98.035657;0.0;0.0;168.534;200.0;187.26;387.26;101.96434
2025-02-13 02:00:00;98.724514;0.0;0.0;168.534;200.0;187.26;387.26;101.27549
2025-02-13 03:00:00;98.709512;0.0;0.0;168.534;200.0;187.26;387.26;101.29049
2025-02-13 04:00:00;98.842043;0.0;0.0;208.17;200.0;231.3;431.3;101.15796
2025-02-13 05:00:00;99.231497;0.0;0.0;208.17;200.0;231.3;431.3;100.7685
2025-02-13 06:00:00;98.967425;0.0;0.0;208.17;200.0;231.3;431.3;101.03258
2025-02-13 07:00:00;98.537811;0.0;0.0;331.308;200.0;368.12;568.12;101.46219
2025-02-13 08:00:00;97.854405;0.0;0.0;331.308;200.0;368.12;568.12;102.1456
2025-02-13 09:00:00;97.55862;0.1;0.0;331.308;200.0;368.12;568.12;102.34138
2025-02-13 10:00:00;95.361432;1.7;0.0;383.544;200.0;426.16;626.16;102.93857
2025-02-13 11:00:00;92.528942;4.33;0.0;383.544;200.0;426.16;626.16;103.14106
2025-02-13 12:00:00;89.861277;7.080000000000001;0.0;383.544;200.0;426.16;626.16;103.05872
2025-02-13 13:00:00;90.508466;7.029999999999999;0.0;391.14;200.0;434.6;634.6;102.46153
2025-02-13 14:00:00;92.29642;6.230000000000001;0.0;391.14;200.0;434.6;634.6;101.47358
2025-02-13 15:00:00;94.707912;4.85;0.0;391.14;200.0;434.6;634.6;100.44209
2025-02-13 16:00:00;97.018728;3.43;0.0;314.91;200.0;349.9;549.9;99.551272
2025-02-13 17:00:00;97.274985;3.53;0.0;314.91;200.0;349.9;549.9;99.195015
2025-02-13 18:00:00;100.64655;1.17;0.0;314.91;200.0;349.9;549.9;98.183451
2025-02-13 19:00:00;101.70594;0.0;0.0;273.843;200.0;304.27;504.27;98.294058
2025-02-13 20:00:00;101.97406;0.0;0.0;273.843;200.0;304.27;504.27;98.02594
2025-02-13 21:00:00;101.94015;0.0;0.0;273.843;200.0;304.27;504.27;98.059849
2025-02-13 22:00:00;102.43928;0.0;0.0;274.716;200.0;305.24;505.23999999999995;97.560717
2025-02-13 23:00:00;102.73963;0.0;0.0;274.716;200.0;305.24;505.23999999999995;97.260374
2025-02-14 00:00:00;103.13593;0.0;0.0;274.716;200.0;305.24;505.23999999999995;96.864068
2025-02-14 01:00:00;103.13132;0.0;0.0;280.764;200.0;311.96;511.96;96.868684
2025-02-14 02:00:00;102.9036;0.0;0.0;280.764;200.0;311.96;511.96;97.096401
2025-02-14 03:00:00;102.64565;0.0;0.0;280.764;200.0;311.96;511.96;97.354349
2025-02-14 04:00:00;102.46398;0.0;0.0;316.125;200.0;351.25;551.25;97.536017
2025-02-14 05:00:00;102.62843;0.0;0.0;316.125;200.0;351.25;551.25;97.371566
2025-02-14 06:00:00;102.4104;0.0;0.0;316.125;200.0;351.25;551.25;97.589602
2025-02-14 07:00:00;101.39173;0.0;0.0;426.537;200.0;473.93;673.93;98.60827
2025-02-14 08:00:00;99.85442;0.0;0.0;426.537;200.0;473.93;673.93;100.14558
2025-02-14 09:00:00;97.627415;0.7000000000000002;0.0;426.537;200.0;473.93;673.93;101.67258
2025-02-14 10:00:00;93.52169;3.3299999999999996;0.0;408.393;200.0;453.77;653.77;103.14831
2025-02-14 11:00:00;85.2486;10.8;0.0;408.393;200.0;453.77;653.77;103.9514
2025-02-14 12:00:00;80.909146;14.799999999999999;0.0;408.393;200.0;453.77;653.77;104.29085
2025-02-14 13:00:00;80.88572;14.599999999999998;0.0;382.833;200.0;425.37;625.37;104.51428
2025-02-14 14:00:00;86.950455;8.73;0.0;382.833;200.0;425.37;625.37;104.31955
2025-02-14 15:00:00;89.044732;7.28;0.0;382.833;200.0;425.37;625.37;103.67527
2025-02-14 16:00:00;92.942623;4.85;0.0;283.779;200.0;315.31;515.31;102.20738
2025-02-14 17:00:00;95.09404;3.48;0.0;283.779;200.0;315.31;515.31;101.42596
2025-02-14 18:00:00;99.199111;0.867;0.0;283.779;200.0;315.31;515.31;99.933889
2025-02-14 19:00:00;101.38406;0.0;0.0;247.977;200.0;275.53;475.53000000000003;98.615939
2025-02-14 20:00:00;102.78288;0.0;0.0;247.977;200.0;275.53;475.53000000000003;97.217119
2025-02-14 21:00:00;103.43487;0.0;0.0;247.977;200.0;275.53;475.53000000000003;96.565134
2025-02-14 22:00:00;104.46079;0.0;0.0;230.202;200.0;255.78;455.78000000000003;95.539206
2025-02-14 23:00:00;105.5152;0.0;0.0;230.202;200.0;255.78;455.78000000000003;94.484795
2025-02-15 00:00:00;105.93227;0.0;0.0;230.202;200.0;255.78;455.78000000000003;94.067733
2025-02-15 01:00:00;106.2766;0.0;0.0;250.668;200.0;278.52;478.52;93.723399
2025-02-15 02:00:00;106.81024;0.0;0.0;250.668;200.0;278.52;478.52;93.189761
2025-02-15 03:00:00;106.72713;0.0;0.0;250.668;200.0;278.52;478.52;93.272867
2025-02-15 04:00:00;107.69054;0.0;0.0;252.99;200.0;281.1;481.09999999999997;92.309463
2025-02-15 05:00:00;107.96493;0.0;0.0;252.99;200.0;281.1;481.09999999999997;92.035068
2025-02-15 06:00:00;105.69824;0.0;0.0;252.99;200.0;281.1;481.09999999999997;94.30176
2025-02-15 07:00:00;103.51626;0.0;0.0;263.457;200.0;292.73;492.73;96.483735
2025-02-15 08:00:00;97.994221;0.0;0.0;263.457;200.0;292.73;492.73;102.00578
2025-02-15 09:00:00;95.013612;1.2;0.0;263.457;200.0;292.73;492.73;103.78639
2025-02-15 10:00:00;85.716563;8.48;0.0;245.034;200.0;272.26;472.26;105.80344
2025-02-15 11:00:00;68.388581;24.5;0.0;245.034;200.0;272.26;472.26;107.11142
2025-02-15 12:00:00;47.732167;44.199999999999996;0.0;245.034;200.0;272.26;472.26;108.06783
2025-02-15 13:00:00;42.037128;49.6;0.0;241.479;200.0;268.31;468.30999999999995;108.36287
2025-02-15 14:00:00;46.870336;45.5;0.0;241.479;200.0;268.31;468.30999999999995;107.62966
2025-02-15 15:00:00;58.486335;35.3;0.0;241.479;200.0;268.31;468.30999999999995;106.21367
2025-02-15 16:00:00;69.661108;26.099999999999998;0.0;269.343;200.0;299.27;499.27;104.23889
2025-02-15 17:00:00;86.224121;10.5;0.0;269.343;200.0;299.27;499.27;103.27588
2025-02-15 18:00:00;96.958575;2.45;0.0;269.343;200.0;299.27;499.27;100.59142
2025-02-15 19:00:00;99.694014;0.0;0.0;266.022;200.0;295.58;495.58;100.30599
2025-02-15 20:00:00;100.04221;0.0;0.0;266.022;200.0;295.58;495.58;99.957787
2025-02-15 21:00:00;100.44811;0.0;0.0;266.022;200.0;295.58;495.58;99.551888
2025-02-15 22:00:00;100.86863;0.0;0.0;271.98;200.0;302.2;502.2;99.131368
2025-02-15 23:00:00;101.01734;0.0;0.0;271.98;200.0;302.2;502.2;98.982661
2025-02-16 00:00:00;101.73906;0.0;0.0;271.98;200.0;302.2;502.2;98.260937
2025-02-16 01:00:00;102.60665;0.0;0.0;264.816;200.0;294.24;494.24;97.393347
2025-02-16 02:00:00;102.76361;0.0;0.0;264.816;200.0;294.24;494.24;97.236388
2025-02-16 03:00:00;104.05455;0.0;0.0;264.816;200.0;294.24;494.24;95.945446
2025-02-16 04:00:00;104.9391;0.0;0.0;283.698;200.0;315.22;515.22;95.060896
2025-02-16 05:00:00;105.84497;0.0;0.0;283.698;200.0;315.22;515.22;94.155025
2025-02-16 06:00:00;105.44639;0.0;0.0;283.698;200.0;315.22;515.22;94.55361
2025-02-16 07:00:00;103.36642;0.0;0.0;283.716;200.0;315.24;515.24;96.633581
2025-02-16 08:00:00;100.01012;0.0;0.0;283.716;200.0;315.24;515.24;99.989881
2025-02-16 09:00:00;96.537476;0.9670000000000001;0.0;283.716;200.0;315.24;515.24;102.49552
2025-02-16 10:00:00;76.342023;19.5;0.0;232.56;200.0;258.4;458.4;104.15798
2025-02-16 11:00:00;54.357791;40.0;0.0;232.56;200.0;258.4;458.4;105.64221
2025-02-16 12:00:00;3.9187138;89.0;0.0;232.56;200.0;258.4;458.4;107.08129
2025-02-16 13:00:00;0.0;128.0;35.658817;199.179;200.0;221.31;421.31;107.65882
2025-02-16 14:00:00;0.0;127.00000000000001;34.22997;199.179;200.0;221.31;421.31;107.22997
2025-02-16 15:00:00;0.0;112.0;17.659595;199.179;200.0;221.31;421.31;105.6596
2025-02-16 16:00:00;0.0;103.0;5.9306445;207.297;200.0;230.33;430.33;102.93064
2025-02-16 17:00:00;41.443487;58.2;0.0;207.297;200.0;230.33;430.33;100.35651
2025-02-16 18:00:00;88.169574;11.9;0.0;207.297;200.0;230.33;430.33;99.930426
2025-02-16 19:00:00;100.33804;0.2;0.0;273.843;200.0;304.27;504.27;99.461964
2025-02-16 20:00:00;101.25318;0.0;0.0;273.843;200.0;304.27;504.27;98.746819
2025-02-16 21:00:00;101.95784;0.0;0.0;273.843;200.0;304.27;504.27;98.042157
2025-02-16 22:00:00;103.20704;0.0;0.0;281.088;200.0;312.32;512.32;96.792964
2025-02-16 23:00:00;104.51203;0.0;0.0;281.088;200.0;312.32;512.32;95.487972
2025-02-17 00:00:00;105.97033;0.0;0.0;281.088;200.0;312.32;512.32;94.029668
2025-02-17 01:00:00;107.4472;0.0;0.0;303.372;200.0;337.08;537.08;92.552802
2025-02-17 02:00:00;108.91543;0.0;0.0;303.372;200.0;337.08;537.08;91.084573
2025-02-17 03:00:00;109.95745;0.0;0.0;303.372;200.0;337.08;537.08;90.042548
2025-02-17 04:00:00;110.44361;0.0;0.0;335.907;200.0;373.23;573.23;89.556392
2025-02-17 05:00:00;110.70862;0.0;0.0;335.907;200.0;373.23;573.23;89.29138
2025-02-17 06:00:00;111.16105;0.0;0.0;335.907;200.0;373.23;573.23;88.83895
2025-02-17 07:00:00;107.15782;0.0;0.0;461.79;200.0;513.1;713.1;92.842178
2025-02-17 08:00:00;102.29333;0.1;0.0;461.79;200.0;513.1;713.1;97.60667
2025-02-17 09:00:00;90.918318;8.4;0.0;461.79;200.0;513.1;713.1;100.68168
2025-02-17 10:00:00;53.394075;43.5;0.0;414.108;200.0;460.12;660.12;103.10593
2025-02-17 11:00:00;11.984978;83.4;0.0;414.108;200.0;460.12;660.12;104.61502
2025-02-17 12:00:00;0.0;115.0;20.728968;414.108;200.0;460.12;660.12;105.72897
2025-02-17 13:00:00;0.0;133.0;38.630578;371.718;200.0;413.02;613.02;105.63058
2025-02-17 14:00:00;0.0;138.0;42.550068;371.718;200.0;413.02;613.02;104.55007
2025-02-17 15:00:00;0.0;131.0;33.479402;371.718;200.0;413.02;613.02;102.4794
2025-02-17 16:00:00;0.0;106.0;4.6945074;289.953;200.0;322.17;522.17;98.694507
2025-02-17 17:00:00;40.871151;63.2;0.0;289.953;200.0;322.17;522.17;95.928849
2025-02-17 18:00:00;93.469356;12.3;0.0;289.953;200.0;322.17;522.17;94.230644
2025-02-17 19:00:00;107.53586;0.2;0.0;261.288;200.0;290.32;490.32;92.264142
2025-02-17 20:00:00;108.92218;0.0;0.0;261.288;200.0;290.32;490.32;91.077815
2025-02-17 21:00:00;109.83926;0.0;0.0;261.288;200.0;290.32;490.32;90.160739
2025-02-17 22:00:00;110.31653;0.0;0.0;281.97;200.0;313.3;513.3;89.683471
2025-02-17 23:00:00;110.12925;0.0;0.0;281.97;200.0;313.3;513.3;89.870747
2025-02-18 00:00:00;109.88256;0.0;0.0;281.97;200.0;313.3;513.3;90.11744
2025-02-18 01:00:00;109.89755;0.0;0.0;299.115;200.0;332.35;532.35;90.102454
2025-02-18 02:00:00;109.86078;0.0;0.0;299.115;200.0;332.35;532.35;90.139217
2025-02-18 03:00:00;109.30085;0.0;0.0;299.115;200.0;332.35;532.35;90.699154
2025-02-18 04:00:00;108.80364;0.0;0.0;352.116;200.0;391.24;591.24;91.196362
2025-02-18 05:00:00;108.47683;0.0;0.0;352.116;200.0;391.24;591.24;91.523173
2025-02-18 06:00:00;109.57334;0.0;0.0;352.116;200.0;391.24;591.24;90.42666
2025-02-18 07:00:00;106.8107;0.0;0.0;472.599;200.0;525.11;725.11;93.189297
2025-02-18 08:00:00;102.71398;0.1;0.0;472.599;200.0;525.11;725.11;97.186017
2025-02-18 09:00:00;90.921843;8.75;0.0;472.599;200.0;525.11;725.11;100.32816
2025-02-18 10:00:00;53.637457;43.5;0.0;416.916;200.0;463.24;663.24;102.86254
2025-02-18 11:00:00;20.675521;74.6;0.0;416.916;200.0;463.24;663.24;104.72448
2025-02-18 12:00:00;0.0;111.00000000000001;17.823623;416.916;200.0;463.24;663.24;106.82362
2025-02-18 13:00:00;0.0;129.0;36.474736;345.717;200.0;384.13;584.13;107.47474
2025-02-18 14:00:00;0.0;139.0;45.554401;345.717;200.0;384.13;584.13;106.5544
2025-02-18 15:00:00;0.0;132.0;35.600457;345.717;200.0;384.13;584.13;103.60046
2025-02-18 16:00:00;0.0;107.0;6.9889989;258.534;200.0;287.26;487.26;99.988999
2025-02-18 17:00:00;51.241278;50.7;0.0;258.534;200.0;287.26;487.26;98.058722
2025-02-18 18:00:00;84.810668;16.7;0.0;258.534;200.0;287.26;487.26;98.489332
2025-02-18 19:00:00;101.0793;0.4;0.0;245.079;200.0;272.31;472.31000000000006;98.520699
2025-02-18 20:00:00;101.60678;0.0;0.0;245.079;200.0;272.31;472.31000000000006;98.393224
2025-02-18 21:00:00;101.81929;0.0;0.0;245.079;200.0;272.31;472.31000000000006;98.180709
2025-02-18 22:00:00;102.19966;0.0;0.0;252.261;200.0;280.29;480.29;97.80034
2025-02-18 23:00:00;102.80087;0.0;0.0;252.261;200.0;280.29;480.29;97.199134
2025-02-19 00:00:00;103.2943;0.0;0.0;252.261;200.0;280.29;480.29;96.705701
2025-02-19 01:00:00;103.62903;0.0;0.0;272.934;200.0;303.26;503.26;96.370974
2025-02-19 02:00:00;103.78847;0.0;0.0;272.934;200.0;303.26;503.26;96.211526
2025-02-19 03:00:00;103.90922;0.0;0.0;272.934;200.0;303.26;503.26;96.090776
2025-02-19 04:00:00;103.94614;0.0;0.0;312.93;200.0;347.7;547.7;96.053859
2025-02-19 05:00:00;103.89048;0.0;0.0;312.93;200.0;347.7;547.7;96.109518
2025-02-19 06:00:00;104.22821;0.0;0.0;312.93;200.0;347.7;547.7;95.771794
2025-02-19 07:00:00;102.60472;0.0;0.0;431.181;200.0;479.09;679.09;97.395275
2025-02-19 08:00:00;98.918159;0.5;0.0;431.181;200.0;479.09;679.09;100.58184
2025-02-19 09:00:00;85.898888;10.1;0.0;431.181;200.0;479.09;679.09;104.00111
2025-02-19 10:00:00;62.558874;28.4;0.0;390.96;200.0;434.4;634.4;109.04113
2025-02-19 11:00:00;48.502575;38.7;0.0;390.96;200.0;434.4;634.4;112.79742
2025-02-19 12:00:00;14.116311;70.9;0.0;390.96;200.0;434.4;634.4;114.98369
2025-02-19 13:00:00;0.0;111.00000000000001;26.765298;320.517;200.0;356.13;556.13;115.7653
2025-02-19 14:00:00;0.0;94.5;9.413135;320.517;200.0;356.13;556.13;114.91313
2025-02-19 15:00:00;0.0;92.3;4.2326147;320.517;200.0;356.13;556.13;111.93261
2025-02-19 16:00:00;16.637114;76.0;0.0;214.65;200.0;238.5;438.5;107.36289
2025-02-19 17:00:00;38.294904;56.6;0.0;214.65;200.0;238.5;438.5;105.1051
2025-02-19 18:00:00;87.963131;8.58;0.0;214.65;200.0;238.5;438.5;103.45687
2025-02-19 19:00:00;95.6987;0.3;0.0;208.152;200.0;231.28;431.28;104.0013
2025-02-19 20:00:00;95.232582;0.0;0.0;208.152;200.0;231.28;431.28;104.76742
2025-02-19 21:00:00;94.511503;0.0;0.0;208.152;200.0;231.28;431.28;105.4885
2025-02-19 22:00:00;94.871496;0.0;0.0;206.388;200.0;229.32;429.32;105.1285
2025-02-19 23:00:00;95.416024;0.0;0.0;206.388;200.0;229.32;429.32;104.58398
2025-02-20 00:00:00;95.598697;0.0;0.0;206.388;200.0;229.32;429.32;104.4013
2025-02-20 01:00:00;95.439739;0.0;0.0;198.27;200.0;220.3;420.3;104.56026
2025-02-20 02:00:00;95.155259;0.0;0.0;198.27;200.0;220.3;420.3;104.84474
2025-02-20 03:00:00;92.910705;0.0;0.0;198.27;200.0;220.3;420.3;107.0893
2025-02-20 04:00:00;90.703068;0.0;0.0;204.462;200.0;227.18;427.18;109.29693
2025-02-20 05:00:00;88.359861;0.0;0.0;204.462;200.0;227.18;427.18;111.64014
2025-02-20 06:00:00;88.46616;0.0;0.0;204.462;200.0;227.18;427.18;111.53384
2025-02-20 07:00:00;84.518365;0.0;0.0;244.944;200.0;272.16;472.16;115.48164
2025-02-20 08:00:00;79.072306;0.0;0.0;244.944;200.0;272.16;472.16;120.92769
2025-02-20 09:00:00;73.350992;1.08;0.0;244.944;200.0;272.16;472.16;125.56901
2025-02-20 10:00:00;51.927783;19.8;0.0;154.926;200.0;172.14;372.14;128.27222
2025-02-20 11:00:00;20.225698;50.1;0.0;154.926;200.0;172.14;372.14;129.6743
2025-02-20 12:00:00;12.388628;56.9;0.0;154.926;200.0;172.14;372.14;130.71137
2025-02-20 13:00:00;0.0;72.9;3.8194959;53.649;200.0;59.61;259.61;130.9195
2025-02-20 14:00:00;0.0;88.3;18.407506;53.649;200.0;59.61;259.61;130.10751
2025-02-20 15:00:00;54.874994;16.7;0.0;53.649;200.0;59.61;259.61;128.42501
2025-02-20 16:00:00;56.290877;13.300000000000002;0.0;0.0;190.12;0.0;190.12;120.52912
2025-02-20 17:00:00;64.423581;6.6;0.0;0.0;190.12;0.0;190.12;119.09642
2025-02-20 18:00:00;70.360928;1.6;0.0;0.0;190.12;0.0;190.12;118.15907
2025-02-20 19:00:00;76.22225;0.0;0.0;14.751;200.0;16.39;216.39;123.77775
2025-02-20 20:00:00;76.62894;0.0;0.0;14.751;200.0;16.39;216.39;123.37106
2025-02-20 21:00:00;76.984175;0.0;0.0;14.751;200.0;16.39;216.39;123.01582
2025-02-20 22:00:00;76.741211;0.0;0.0;37.206;200.0;41.34;241.34;123.25879
2025-02-20 23:00:00;75.696268;0.0;0.0;37.206;200.0;41.34;241.34;124.30373
2025-02-21 00:00:00;75.504406;0.0;0.0;37.206;200.0;41.34;241.34;124.49559
2025-02-21 01:00:00;75.05847;0.0;0.0;1.665;200.0;1.85;201.85;124.94153
2025-02-21 02:00:00;75.264455;0.0;0.0;1.665;200.0;1.85;201.85;124.73555
2025-02-21 03:00:00;75.776931;0.0;0.0;1.665;200.0;1.85;201.85;124.22307
2025-02-21 04:00:00;75.188536;0.0;0.0;19.377;200.0;21.53;221.52999999999997;124.81146
2025-02-21 05:00:00;74.901176;0.0;0.0;19.377;200.0;21.53;221.52999999999997;125.09882
2025-02-21 06:00:00;75.47053;0.0;0.0;19.377;200.0;21.53;221.52999999999997;124.52947
2025-02-21 07:00:00;73.430429;0.0;0.0;68.499;200.0;76.11;276.11;126.56957
2025-02-21 08:00:00;71.365984;0.0;0.0;68.499;200.0;76.11;276.11;128.63402
2025-02-21 09:00:00;66.295517;2.67;0.0;68.499;200.0;76.11;276.11;131.03448
2025-02-21 10:00:00;63.485517;5.48;0.0;2.682;200.0;2.98;202.98;131.03448
2025-02-21 11:00:00;43.065517;25.9;0.0;2.682;200.0;2.98;202.98;131.03448
2025-02-21 12:00:00;49.965517;19.0;0.0;2.682;200.0;2.98;202.98;131.03448
2025-02-21 13:00:00;0.0;66.9;18.131034;0.0;141.43;0.0;141.43;92.661034
2025-02-21 14:00:00;6.2689655;42.5;0.0;0.0;141.43;0.0;141.43;92.661034
2025-02-21 15:00:00;9.3689655;39.4;0.0;0.0;141.43;0.0;141.43;92.661034
2025-02-21 16:00:00;0.0;40.9;1.0793103;0.0;115.48;0.0;115.48;75.65931
2025-02-21 17:00:00;17.386995;22.600000000000005;0.0;0.0;115.48;0.0;115.48;75.493005
2025-02-21 18:00:00;31.530795;9.07;0.0;0.0;115.48;0.0;115.48;74.879205
2025-02-21 19:00:00;52.909427;0.7000000000000002;0.0;0.0;150.71;0.0;150.71;97.100573
2025-02-21 20:00:00;54.151606;0.0;0.0;0.0;150.71;0.0;150.71;96.558394
2025-02-21 21:00:00;54.829055;0.0;0.0;0.0;150.71;0.0;150.71;95.880945
2025-02-21 22:00:00;70.137632;0.0;0.0;0.0;189.8;0.0;189.8;119.66237
2025-02-21 23:00:00;70.709986;0.0;0.0;0.0;189.8;0.0;189.8;119.09001
2025-02-22 00:00:00;71.235579;0.0;0.0;0.0;189.8;0.0;189.8;118.56442
2025-02-22 01:00:00;75.271785;0.0;0.0;4.653;200.0;5.17;205.17;124.72821
2025-02-22 02:00:00;76.075938;0.0;0.0;4.653;200.0;5.17;205.17;123.92406
2025-02-22 03:00:00;76.555539;0.0;0.0;4.653;200.0;5.17;205.17;123.44446
2025-02-22 04:00:00;76.418994;0.0;0.0;4.581;200.0;5.09;205.09;123.58101
2025-02-22 05:00:00;76.255668;0.0;0.0;4.581;200.0;5.09;205.09;123.74433
2025-02-22 06:00:00;75.985967;0.0;0.0;4.581;200.0;5.09;205.09;124.01403
2025-02-22 07:00:00;74.312159;0.0;0.0;13.149;200.0;14.61;214.61;125.68784
2025-02-22 08:00:00;71.883623;0.0;0.0;13.149;200.0;14.61;214.61;128.11638
2025-02-22 09:00:00;66.718928;3.1;0.0;13.149;200.0;14.61;214.61;130.18107
2025-02-22 10:00:00;35.896552;22.2;0.0;0.0;168.48;0.0;168.48;110.38345
2025-02-22 11:00:00;31.496552;26.600000000000005;0.0;0.0;168.48;0.0;168.48;110.38345
2025-02-22 12:00:00;30.996552;27.1;0.0;0.0;168.48;0.0;168.48;110.38345
2025-02-22 13:00:00;14.658621;34.0;0.0;0.0;141.11;0.0;141.11;92.451379
2025-02-22 14:00:00;29.858621;18.8;0.0;0.0;141.11;0.0;141.11;92.451379
2025-02-22 15:00:00;26.858621;21.799999999999997;0.0;0.0;141.11;0.0;141.11;92.451379
2025-02-22 16:00:00;45.501552;8.93;0.0;0.0;154.74;0.0;154.74;100.30845
2025-02-22 17:00:00;50.555389;5.07;0.0;0.0;154.74;0.0;154.74;99.114611
2025-02-22 18:00:00;52.665328;3.6999999999999997;0.0;0.0;154.74;0.0;154.74;98.374672
2025-02-22 19:00:00;73.955204;0.1;0.0;11.106;200.0;12.34;212.34;125.9448
2025-02-22 20:00:00;74.13784;0.0;0.0;11.106;200.0;12.34;212.34;125.86216
2025-02-22 21:00:00;74.706232;0.0;0.0;11.106;200.0;12.34;212.34;125.29377
2025-02-22 22:00:00;75.133506;0.0;0.0;31.77;200.0;35.3;235.3;124.86649
2025-02-22 23:00:00;75.663408;0.0;0.0;31.77;200.0;35.3;235.3;124.33659
2025-02-23 00:00:00;76.513995;0.0;0.0;31.77;200.0;35.3;235.3;123.486
2025-02-23 01:00:00;77.705281;0.0;0.0;42.588;200.0;47.32;247.32000000000002;122.29472
2025-02-23 02:00:00;78.856747;0.0;0.0;42.588;200.0;47.32;247.32000000000002;121.14325
2025-02-23 03:00:00;80.750984;0.0;0.0;42.588;200.0;47.32;247.32000000000002;119.24902
2025-02-23 04:00:00;82.64081;0.0;0.0;63.279;200.0;70.31;270.31;117.35919
2025-02-23 05:00:00;83.949324;0.0;0.0;63.279;200.0;70.31;270.31;116.05068
2025-02-23 06:00:00;85.793329;0.0;0.0;63.279;200.0;70.31;270.31;114.20667
2025-02-23 07:00:00;82.164373;0.0;0.0;80.379;200.0;89.31;289.31;117.83563
2025-02-23 08:00:00;76.477101;0.3;0.0;80.379;200.0;89.31;289.31;123.2229
2025-02-23 09:00:00;63.672294;8.55;0.0;80.379;200.0;89.31;289.31;127.77771
2025-02-23 10:00:00;20.895014;43.599999999999994;0.0;0.0;187.01;0.0;187.01;122.51499
2025-02-23 11:00:00;0.0;83.2;18.713793;0.0;187.01;0.0;187.01;122.52379
2025-02-23 12:00:00;0.0;112.0;47.513793;0.0;187.01;0.0;187.01;122.52379
2025-02-23 13:00:00;0.0;127.00000000000001;79.744828;0.0;137.04;0.0;137.04;89.784828
2025-02-23 14:00:00;0.0;133.0;85.744828;0.0;137.04;0.0;137.04;89.784828
2025-02-23 15:00:00;0.0;126.0;78.744828;0.0;137.04;0.0;137.04;89.784828
2025-02-23 16:00:00;0.0;103.0;51.44334;0.0;147.72;0.0;147.72;96.16334
2025-02-23 17:00:00;0.0;68.7;14.619167;0.0;147.72;0.0;147.72;93.639167
2025-02-23 18:00:00;36.156042;19.0;0.0;0.0;147.72;0.0;147.72;92.563958
2025-02-23 19:00:00;74.597726;0.9;0.0;23.67;200.0;26.3;226.3;124.50227
2025-02-23 20:00:00;75.787447;0.0;0.0;23.67;200.0;26.3;226.3;124.21255
2025-02-23 21:00:00;75.129234;0.0;0.0;23.67;200.0;26.3;226.3;124.87077
2025-02-23 22:00:00;74.095125;0.0;0.0;28.17;200.0;31.3;231.30000000000004;125.90487
2025-02-23 23:00:00;73.420031;0.0;0.0;28.17;200.0;31.3;231.30000000000004;126.57997
2025-02-24 00:00:00;73.281582;0.0;0.0;28.17;200.0;31.3;231.30000000000004;126.71842
2025-02-24 01:00:00;71.168714;0.0;0.0;0.0;192.92;0.0;192.92;121.75129
2025-02-24 02:00:00;71.349285;0.0;0.0;0.0;192.92;0.0;192.92;121.57072
2025-02-24 03:00:00;71.405893;0.0;0.0;0.0;192.92;0.0;192.92;121.51411
2025-02-24 04:00:00;73.974707;0.0;0.0;0.0;199.44;0.0;199.44;125.46529
2025-02-24 05:00:00;73.700542;0.0;0.0;0.0;199.44;0.0;199.44;125.73946
2025-02-24 06:00:00;72.676888;0.0;0.0;0.0;199.44;0.0;199.44;126.76311
2025-02-24 07:00:00;72.354017;0.0;0.0;27.657;200.0;30.73;230.72999999999996;127.64598
2025-02-24 08:00:00;71.803353;0.0;0.0;27.657;200.0;30.73;230.72999999999996;128.19665
2025-02-24 09:00:00;69.577182;1.88;0.0;27.657;200.0;30.73;230.72999999999996;128.54282
2025-02-24 10:00:00;62.983217;7.58;0.0;15.705;200.0;17.45;217.45;129.43678
2025-02-24 11:00:00;58.965517;10.0;0.0;15.705;200.0;17.45;217.45;131.03448
2025-02-24 12:00:00;57.365517;11.6;0.0;15.705;200.0;17.45;217.45;131.03448
2025-02-24 13:00:00;52.951724;14.899999999999999;0.0;0.0;196.77;0.0;196.77;128.91828
2025-02-24 14:00:00;47.251724;20.6;0.0;0.0;196.77;0.0;196.77;128.91828
2025-02-24 15:00:00;51.093358;17.9;0.0;0.0;196.77;0.0;196.77;127.77664
2025-02-24 16:00:00;53.976026;12.8;0.0;0.0;186.01;0.0;186.01;119.23397
2025-02-24 17:00:00;56.141507;11.2;0.0;0.0;186.01;0.0;186.01;118.66849
2025-02-24 18:00:00;66.136781;1.98;0.0;0.0;186.01;0.0;186.01;117.89322
2025-02-24 19:00:00;73.740971;0.2;0.0;2.106;200.0;2.34;202.34;126.05903
2025-02-24 20:00:00;74.776879;0.0;0.0;2.106;200.0;2.34;202.34;125.22312
2025-02-24 21:00:00;75.983853;0.0;0.0;2.106;200.0;2.34;202.34;124.01615
2025-02-24 22:00:00;76.894571;0.0;0.0;35.415;200.0;39.35;239.35;123.10543
2025-02-24 23:00:00;77.703586;0.0;0.0;35.415;200.0;39.35;239.35;122.29641
2025-02-25 00:00:00;78.951822;0.0;0.0;35.415;200.0;39.35;239.35;121.04818
2025-02-25 01:00:00;80.640811;0.0;0.0;53.37;200.0;59.3;259.3;119.35919
2025-02-25 02:00:00;81.226827;0.0;0.0;53.37;200.0;59.3;259.3;118.77317
2025-02-25 03:00:00;81.262924;0.0;0.0;53.37;200.0;59.3;259.3;118.73708
2025-02-25 04:00:00;81.93583;0.0;0.0;95.643;200.0;106.27;306.27;118.06417
2025-02-25 05:00:00;83.119177;0.0;0.0;95.643;200.0;106.27;306.27;116.88082
2025-02-25 06:00:00;81.831965;0.0;0.0;95.643;200.0;106.27;306.27;118.16803
2025-02-25 07:00:00;79.894374;0.0;0.0;176.544;200.0;196.16;396.16;120.10563
2025-02-25 08:00:00;75.29106;1.1;0.0;176.544;200.0;196.16;396.16;123.60894
2025-02-25 09:00:00;59.884376;13.6;0.0;176.544;200.0;196.16;396.16;126.51562
2025-02-25 10:00:00;24.060896;47.699999999999996;0.0;89.352;200.0;99.28;299.28;128.2391
2025-02-25 11:00:00;0.0;78.6;7.9648667;89.352;200.0;99.28;299.28;129.36487
2025-02-25 12:00:00;0.0;72.7;2.6451123;89.352;200.0;99.28;299.28;129.94511
2025-02-25 13:00:00;0.0;72.5;2.1534678;43.038;200.0;47.82;247.82000000000002;129.65347
2025-02-25 14:00:00;0.0;83.0;11.949627;43.038;200.0;47.82;247.82000000000002;128.94963
2025-02-25 15:00:00;35.79954;36.8;0.0;43.038;200.0;47.82;247.82000000000002;127.40046
2025-02-25 16:00:00;54.243015;20.3;0.0;9.954;200.0;11.06;211.06;125.45699
2025-02-25 17:00:00;64.606083;11.6;0.0;9.954;200.0;11.06;211.06;123.79392
2025-02-25 18:00:00;72.741917;4.25;0.0;9.954;200.0;11.06;211.06;123.00808
2025-02-25 19:00:00;78.136506;0.4;0.0;39.852;200.0;44.28;244.28;121.46349
2025-02-25 20:00:00;79.82112;0.0;0.0;39.852;200.0;44.28;244.28;120.17888
2025-02-25 21:00:00;80.771844;0.0;0.0;39.852;200.0;44.28;244.28;119.22816
2025-02-25 22:00:00;81.773968;0.0;0.0;43.524;200.0;48.36;248.36000000000004;118.22603
2025-02-25 23:00:00;82.239517;0.0;0.0;43.524;200.0;48.36;248.36000000000004;117.76048
2025-02-26 00:00:00;82.925236;0.0;0.0;43.524;200.0;48.36;248.36000000000004;117.07476
2025-02-26 01:00:00;83.103325;0.0;0.0;65.079;200.0;72.31;272.31;116.89668
2025-02-26 02:00:00;83.254165;0.0;0.0;65.079;200.0;72.31;272.31;116.74584
2025-02-26 03:00:00;83.460021;0.0;0.0;65.079;200.0;72.31;272.31;116.53998
2025-02-26 04:00:00;84.310819;0.0;0.0;131.85;200.0;146.5;346.5;115.68918
2025-02-26 05:00:00;85.214583;0.0;0.0;131.85;200.0;146.5;346.5;114.78542
2025-02-26 06:00:00;86.824931;0.0;0.0;131.85;200.0;146.5;346.5;113.17507
2025-02-26 07:00:00;86.072951;0.0;0.0;226.053;200.0;251.17;451.1700000000001;113.92705
2025-02-26 08:00:00;83.644772;0.0;0.0;226.053;200.0;251.17;451.1700000000001;116.35523
2025-02-26 09:00:00;73.44797;8.07;0.0;226.053;200.0;251.17;451.1700000000001;118.48203
2025-02-26 10:00:00;62.122109;15.9;0.0;157.653;200.0;175.17;375.17;121.97789
2025-02-26 11:00:00;29.677068;46.4;0.0;157.653;200.0;175.17;375.17;123.92293
2025-02-26 12:00:00;0.0;108.0;33.020397;157.653;200.0;175.17;375.17;125.0204
2025-02-26 13:00:00;0.0;129.0;54.932811;83.826;200.0;93.14;293.14;125.93281
2025-02-26 14:00:00;0.0;121.0;46.54276;83.826;200.0;93.14;293.14;125.54276
2025-02-26 15:00:00;0.0;116.0;40.543929;83.826;200.0;93.14;293.14;124.54393
2025-02-26 16:00:00;0.0;111.00000000000001;33.668817;30.159;200.0;33.51;233.51000000000002;122.66882
2025-02-26 17:00:00;36.094612;44.199999999999996;0.0;30.159;200.0;33.51;233.51000000000002;119.70539
2025-02-26 18:00:00;73.23812;8.4;0.0;30.159;200.0;33.51;233.51000000000002;118.36188
2025-02-26 19:00:00;81.131178;1.2;0.0;56.07;200.0;62.3;262.3;117.66882
2025-02-26 20:00:00;83.760657;0.0;0.0;56.07;200.0;62.3;262.3;116.23934
2025-02-26 21:00:00;84.952481;0.0;0.0;56.07;200.0;62.3;262.3;115.04752
2025-02-26 22:00:00;85.599244;0.0;0.0;73.143;200.0;81.27;281.27;114.40076
2025-02-26 23:00:00;86.129692;0.0;0.0;73.143;200.0;81.27;281.27;113.87031
2025-02-27 00:00:00;86.320189;0.0;0.0;73.143;200.0;81.27;281.27;113.67981
2025-02-27 01:00:00;86.324009;0.0;0.0;100.161;200.0;111.29;311.29;113.67599
2025-02-27 02:00:00;86.460672;0.0;0.0;100.161;200.0;111.29;311.29;113.53933
2025-02-27 03:00:00;87.238885;0.0;0.0;100.161;200.0;111.29;311.29;112.76111
2025-02-27 04:00:00;88.015533;0.0;0.0;127.26;200.0;141.4;341.4;111.98447
2025-02-27 05:00:00;89.752543;0.0;0.0;127.26;200.0;141.4;341.4;110.24746
2025-02-27 06:00:00;87.946839;0.0;0.0;127.26;200.0;141.4;341.4;112.05316
2025-02-27 07:00:00;86.657679;0.0;0.0;208.026;200.0;231.14;431.14;113.34232
2025-02-27 08:00:00;84.978787;0.2;0.0;208.026;200.0;231.14;431.14;114.82121
2025-02-27 09:00:00;74.613615;7.78;0.0;208.026;200.0;231.14;431.14;117.60639
2025-02-27 10:00:00;47.954864;32.4;0.0;179.226;200.0;199.14;399.14;119.64514
2025-02-27 11:00:00;19.775416;58.7;0.0;179.226;200.0;199.14;399.14;121.52458
2025-02-27 12:00:00;14.400891;62.6;0.0;179.226;200.0;199.14;399.14;122.99911
2025-02-27 13:00:00;0.0;82.5;3.0025111;215.235;200.0;239.15;439.15;120.50251
2025-02-27 14:00:00;57.807808;24.899999999999995;0.0;215.235;200.0;239.15;439.15;117.29219
2025-02-27 15:00:00;81.095547;2.9;0.0;215.235;200.0;239.15;439.15;116.00445
2025-02-27 16:00:00;51.198642;34.5;0.0;132.507;200.0;147.23;347.23;114.30136
2025-02-27 17:00:00;51.415794;36.4;0.0;132.507;200.0;147.23;347.23;112.18421
2025-02-27 18:00:00;69.752711;18.1;0.0;132.507;200.0;147.23;347.23;112.14729
2025-02-27 19:00:00;88.733877;0.2;0.0;140.679;200.0;156.31;356.31;111.06612
2025-02-27 20:00:00;88.890644;0.0;0.0;140.679;200.0;156.31;356.31;111.10936
2025-02-27 21:00:00;89.08407;0.0;0.0;140.679;200.0;156.31;356.31;110.91593
2025-02-27 22:00:00;89.175516;0.0;0.0;121.743;200.0;135.27;335.27;110.82448
2025-02-27 23:00:00;89.399931;0.0;0.0;121.743;200.0;135.27;335.27;110.60007
2025-02-28 00:00:00;89.591858;0.0;0.0;121.743;200.0;135.27;335.27;110.40814
2025-02-28 01:00:00;90.761756;0.0;0.0;151.479;200.0;168.31;368.31;109.23824
2025-02-28 02:00:00;91.372504;0.0;0.0;151.479;200.0;168.31;368.31;108.6275
2025-02-28 03:00:00;91.662044;0.0;0.0;151.479;200.0;168.31;368.31;108.33796
2025-02-28 04:00:00;91.871235;0.0;0.0;162.756;200.0;180.84;380.84;108.12877
2025-02-28 05:00:00;92.071862;0.0;0.0;162.756;200.0;180.84;380.84;107.92814
2025-02-28 06:00:00;92.157003;0.0;0.0;162.756;200.0;180.84;380.84;107.843
2025-02-28 07:00:00;91.388405;0.0;0.0;252.126;200.0;280.14;480.14;108.61159
2025-02-28 08:00:00;89.633422;0.0;0.0;252.126;200.0;280.14;480.14;110.36658
2025-02-28 09:00:00;84.774454;1.92;0.0;252.126;200.0;280.14;480.14;113.30555
2025-02-28 10:00:00;76.435774;8.8;0.0;246.708;200.0;274.12;474.12;114.76423
2025-02-28 11:00:00;67.785534;16.4;0.0;246.708;200.0;274.12;474.12;115.81447
2025-02-28 12:00:00;59.177293;24.8;0.0;246.708;200.0;274.12;474.12;116.02271
2025-02-28 13:00:00;53.692712;30.000000000000004;0.0;207.135;200.0;230.15;430.15;116.30729
2025-02-28 14:00:00;49.391513;34.2;0.0;207.135;200.0;230.15;430.15;116.40849
2025-02-28 15:00:00;51.90917;32.4;0.0;207.135;200.0;230.15;430.15;115.69083
2025-02-28 16:00:00;40.929383;45.1;0.0;139.707;200.0;155.23;355.23;113.97062
2025-02-28 17:00:00;70.67084;17.6;0.0;139.707;200.0;155.23;355.23;111.72916
2025-02-28 18:00:00;74.713182;16.5;0.0;139.707;200.0;155.23;355.23;108.78682
2025-02-28 19:00:00;91.950456;0.6;0.0;149.706;200.0;166.34;366.34;107.44954
2025-02-28 20:00:00;93.535329;0.0;0.0;149.706;200.0;166.34;366.34;106.46467
2025-02-28 21:00:00;94.710918;0.0;0.0;149.706;200.0;166.34;366.34;105.28908
2025-02-28 22:00:00;95.120124;0.0;0.0;170.334;200.0;189.26;389.26;104.87988
2025-02-28 23:00:00;94.591714;0.0;0.0;170.334;200.0;189.26;389.26;105.40829
2025-03-01 00:00:00;94.712889;0.0;0.0;170.334;200.0;189.26;389.26;105.28711
2025-03-01 01:00:00;94.169925;0.0;0.0;227.961;200.0;253.29;453.28999999999996;105.83007
2025-03-01 02:00:00;94.263222;0.0;0.0;227.961;200.0;253.29;453.28999999999996;105.73678
2025-03-01 03:00:00;95.051806;0.0;0.0;227.961;200.0;253.29;453.28999999999996;104.94819
2025-03-01 04:00:00;95.261303;0.0;0.0;236.079;200.0;262.31;462.31;104.7387
2025-03-01 05:00:00;95.111289;0.0;0.0;236.079;200.0;262.31;462.31;104.88871
2025-03-01 06:00:00;94.822409;0.0;0.0;236.079;200.0;262.31;462.31;105.17759
2025-03-01 07:00:00;92.585497;0.0;0.0;249.57;200.0;277.3;477.3;107.4145
2025-03-01 08:00:00;89.091932;0.3;0.0;249.57;200.0;277.3;477.3;110.60807
2025-03-01 09:00:00;84.155046;2.9;0.0;249.57;200.0;277.3;477.3;112.94495
2025-03-01 10:00:00;74.26131;10.6;0.0;194.607;200.0;216.23;416.23;115.13869
2025-03-01 11:00:00;59.087643;24.7;0.0;194.607;200.0;216.23;416.23;116.21236
2025-03-01 12:00:00;50.040688;33.1;0.0;194.607;200.0;216.23;416.23;116.85931
2025-03-01 13:00:00;65.391152;17.2;0.0;172.998;200.0;192.22;392.22;117.40885
2025-03-01 14:00:00;69.454191;13.7;0.0;172.998;200.0;192.22;392.22;116.84581
2025-03-01 15:00:00;68.943212;14.899999999999999;0.0;172.998;200.0;192.22;392.22;116.15679
2025-03-01 16:00:00;63.455036;22.000000000000004;0.0;171.207;200.0;190.23;390.23;114.54496
2025-03-01 17:00:00;74.32958;13.9;0.0;171.207;200.0;190.23;390.23;111.77042
2025-03-01 18:00:00;85.016017;4.75;0.0;171.207;200.0;190.23;390.23;110.23398
2025-03-01 19:00:00;89.838412;0.95;0.0;182.079;200.0;202.31;402.31;109.21159
2025-03-01 20:00:00;93.451462;0.0;0.0;182.079;200.0;202.31;402.31;106.54854
2025-03-01 21:00:00;94.739725;0.0;0.0;182.079;200.0;202.31;402.31;105.26028
2025-03-01 22:00:00;96.028959;0.0;0.0;218.088;200.0;242.32;442.32000000000005;103.97104
2025-03-01 23:00:00;97.182014;0.0;0.0;218.088;200.0;242.32;442.32000000000005;102.81799
2025-03-02 00:00:00;97.672592;0.0;0.0;218.088;200.0;242.32;442.32000000000005;102.32741
2025-03-02 01:00:00;97.233088;0.0;0.0;225.27;200.0;250.3;450.3;102.76691
2025-03-02 02:00:00;97.464454;0.0;0.0;225.27;200.0;250.3;450.3;102.53555
2025-03-02 03:00:00;97.630881;0.0;0.0;225.27;200.0;250.3;450.3;102.36912
2025-03-02 04:00:00;97.613431;0.0;0.0;245.106;200.0;272.34;472.3399999999999;102.38657
2025-03-02 05:00:00;98.485358;0.0;0.0;245.106;200.0;272.34;472.3399999999999;101.51464
2025-03-02 06:00:00;101.2217;0.0;0.0;245.106;200.0;272.34;472.3399999999999;98.778305
2025-03-02 07:00:00;97.171896;0.0;0.0;254.97;200.0;283.3;483.29999999999995;102.8281
2025-03-02 08:00:00;89.09376;1.65;0.0;254.97;200.0;283.3;483.29999999999995;109.25624
2025-03-02 09:00:00;73.384405;13.1;0.0;254.97;200.0;283.3;483.29999999999995;113.5156
2025-03-02 10:00:00;30.939702;51.400000000000006;0.0;140.706;200.0;156.34;356.34;117.6603
2025-03-02 11:00:00;0.0;92.59999999999998;12.417381;140.706;200.0;156.34;356.34;119.81738
2025-03-02 12:00:00;0.0;122.0;43.633888;140.706;200.0;156.34;356.34;121.63389
2025-03-02 13:00:00;0.0;140.0;62.552427;67.779;200.0;75.31;275.31;122.55243
2025-03-02 14:00:00;0.0;142.0;64.569191;67.779;200.0;75.31;275.31;122.56919
2025-03-02 15:00:00;0.0;135.0;56.376133;67.779;200.0;75.31;275.31;121.37613
2025-03-02 16:00:00;0.0;115.0;32.765189;75.861;200.0;84.29;284.29;117.76519
2025-03-02 17:00:00;6.6848864;80.3;0.0;75.861;200.0;84.29;284.29;113.01511
2025-03-02 18:00:00;61.752376;28.8;0.0;75.861;200.0;84.29;284.29;109.44762
2025-03-02 19:00:00;93.645724;1.7300000000000002;0.0;137.088;200.0;152.32;352.32;104.62428
2025-03-02 20:00:00;97.860704;0.0;0.0;137.088;200.0;152.32;352.32;102.1393
2025-03-02 21:00:00;100.2605;0.0;0.0;137.088;200.0;152.32;352.32;99.739503
2025-03-02 22:00:00;102.12286;0.0;0.0;204.561;200.0;227.29;427.29;97.877136
2025-03-02 23:00:00;103.00503;0.0;0.0;204.561;200.0;227.29;427.29;96.994974
2025-03-03 00:00:00;103.38207;0.0;0.0;204.561;200.0;227.29;427.29;96.617928
2025-03-03 01:00:00;102.27515;0.0;0.0;243.315;200.0;270.35;470.35;97.724847
2025-03-03 02:00:00;102.16688;0.0;0.0;243.315;200.0;270.35;470.35;97.833125
2025-03-03 03:00:00;103.29292;0.0;0.0;243.315;200.0;270.35;470.35;96.707076
2025-03-03 04:00:00;106.20595;0.0;0.0;291.888;200.0;324.32;524.32;93.794051
2025-03-03 05:00:00;107.28163;0.0;0.0;291.888;200.0;324.32;524.32;92.718373
2025-03-03 06:00:00;106.00492;0.0;0.0;291.888;200.0;324.32;524.32;93.995082
2025-03-03 07:00:00;97.309317;0.0;0.0;326.997;200.0;363.33;563.33;102.69068
2025-03-03 08:00:00;84.468649;1.7;0.0;326.997;200.0;363.33;563.33;113.83135
2025-03-03 09:00:00;65.040552;15.8;0.0;326.997;200.0;363.33;563.33;119.15945
2025-03-03 10:00:00;20.482024;56.9;0.0;190.35;200.0;211.5;411.5;122.61798
2025-03-03 11:00:00;0.0;96.4;21.501906;190.35;200.0;211.5;411.5;125.10191
2025-03-03 12:00:00;0.0;124.0;50.533747;190.35;200.0;211.5;411.5;126.53375
2025-03-03 13:00:00;0.0;140.0;67.173794;78.597;200.0;87.33;287.33;127.17379
2025-03-03 14:00:00;0.0;143.0;70.105038;78.597;200.0;87.33;287.33;127.10504
2025-03-03 15:00:00;0.0;137.0;63.064835;78.597;200.0;87.33;287.33;126.06484
2025-03-03 16:00:00;0.0;119.0;41.726954;48.897;200.0;54.33;254.33;122.72695
2025-03-03 17:00:00;0.0;85.5;1.7267514;48.897;200.0;54.33;254.33;116.22675
2025-03-03 18:00:00;51.939218;33.4;0.0;48.897;200.0;54.33;254.33;114.66078
2025-03-03 19:00:00;84.040608;1.9299999999999997;0.0;124.479;200.0;138.31;338.31;114.02939
2025-03-03 20:00:00;91.207292;0.0;0.0;124.479;200.0;138.31;338.31;108.79271
2025-03-03 21:00:00;94.70829;0.0;0.0;124.479;200.0;138.31;338.31;105.29171
2025-03-03 22:00:00;97.246169;0.0;0.0;200.988;200.0;223.32;423.32;102.75383
2025-03-03 23:00:00;99.079009;0.0;0.0;200.988;200.0;223.32;423.32;100.92099
2025-03-04 00:00:00;100.21913;0.0;0.0;200.988;200.0;223.32;423.32;99.780866
2025-03-04 01:00:00;100.92517;0.0;0.0;229.725;200.0;255.25;455.25;99.074825
2025-03-04 02:00:00;102.78087;0.0;0.0;229.725;200.0;255.25;455.25;97.219125
2025-03-04 03:00:00;103.07775;0.0;0.0;229.725;200.0;255.25;455.25;96.922249
2025-03-04 04:00:00;102.3875;0.0;0.0;272.961;200.0;303.29;503.29;97.6125
2025-03-04 05:00:00;102.59416;0.0;0.0;272.961;200.0;303.29;503.29;97.405841
2025-03-04 06:00:00;102.11933;0.0;0.0;272.961;200.0;303.29;503.29;97.880672
2025-03-04 07:00:00;96.256634;0.0;0.0;373.635;200.0;415.15;615.15;103.74337
2025-03-04 08:00:00;80.865057;1.75;0.0;373.635;200.0;415.15;615.15;117.38494
2025-03-04 09:00:00;59.53682;16.9;0.0;373.635;200.0;415.15;615.15;123.56318
2025-03-04 10:00:00;23.794428;48.6;0.0;215.532;200.0;239.48;439.47999999999996;127.60557
2025-03-04 11:00:00;0.0;85.9;16.178644;215.532;200.0;239.48;439.47999999999996;130.27864
2025-03-04 12:00:00;0.0;117.0;48.034483;215.532;200.0;239.48;439.47999999999996;131.03448
2025-03-04 13:00:00;0.0;135.0;66.034483;63.099;200.0;70.11;270.11;131.03448
2025-03-04 14:00:00;0.0;140.0;71.034483;63.099;200.0;70.11;270.11;131.03448
2025-03-04 15:00:00;0.0;137.0;66.179291;63.099;200.0;70.11;270.11;129.17929
2025-03-04 16:00:00;0.0;117.99999999999999;43.660665;7.425;200.0;8.25;208.25;125.66066
2025-03-04 17:00:00;0.0;83.8;2.9127522;7.425;200.0;8.25;208.25;119.11275
2025-03-04 18:00:00;53.714083;33.3;0.0;7.425;200.0;8.25;208.25;112.98592
2025-03-04 19:00:00;89.222891;2.17;0.0;65.043;200.0;72.27;272.27;108.60711
2025-03-04 20:00:00;92.827742;0.0;0.0;65.043;200.0;72.27;272.27;107.17226
2025-03-04 21:00:00;93.267503;0.0;0.0;65.043;200.0;72.27;272.27;106.7325
2025-03-04 22:00:00;94.802657;0.0;0.0;113.643;200.0;126.27;326.27;105.19734
2025-03-04 23:00:00;95.161007;0.0;0.0;113.643;200.0;126.27;326.27;104.83899
2025-03-05 00:00:00;97.735065;0.0;0.0;113.643;200.0;126.27;326.27;102.26494
2025-03-05 01:00:00;100.10279;0.0;0.0;183.861;200.0;204.29;404.29;99.897206
2025-03-05 02:00:00;101.51318;0.0;0.0;183.861;200.0;204.29;404.29;98.486816
2025-03-05 03:00:00;102.39042;0.0;0.0;183.861;200.0;204.29;404.29;97.609585
2025-03-05 04:00:00;102.90338;0.0;0.0;213.471;200.0;237.19;437.19;97.096617
2025-03-05 05:00:00;103.08719;0.0;0.0;213.471;200.0;237.19;437.19;96.912809
2025-03-05 06:00:00;100.42581;0.0;0.0;213.471;200.0;237.19;437.19;99.57419
2025-03-05 07:00:00;92.271288;0.0;0.0;295.308;200.0;328.12;528.12;107.72871
2025-03-05 08:00:00;76.092311;1.63;0.0;295.308;200.0;328.12;528.12;122.27769
2025-03-05 09:00:00;52.889244;18.5;0.0;295.308;200.0;328.12;528.12;128.61076
2025-03-05 10:00:00;12.765517;56.2;0.0;59.715;200.0;66.35;266.35;131.03448
2025-03-05 11:00:00;0.0;96.4;27.434483;59.715;200.0;66.35;266.35;131.03448
2025-03-05 12:00:00;0.0;115.0;46.034483;59.715;200.0;66.35;266.35;131.03448
2025-03-05 13:00:00;0.0;127.00000000000001;68.317241;0.0;170.18;0.0;170.18;111.49724
2025-03-05 14:00:00;0.0;131.0;72.317241;0.0;170.18;0.0;170.18;111.49724
2025-03-05 15:00:00;0.0;123.0;64.317241;0.0;170.18;0.0;170.18;111.49724
2025-03-05 16:00:00;0.0;105.0;58.27931;0.0;135.49;0.0;135.49;88.76931
2025-03-05 17:00:00;0.0;74.1;22.145881;0.0;135.49;0.0;135.49;83.535881
2025-03-05 18:00:00;27.181121;28.7;0.0;0.0;135.49;0.0;135.49;79.608879
2025-03-05 19:00:00;83.098467;2.3;0.0;12.753;200.0;14.17;214.17;114.60153
2025-03-05 20:00:00;86.948695;0.0;0.0;12.753;200.0;14.17;214.17;113.0513
2025-03-05 21:00:00;87.747787;0.0;0.0;12.753;200.0;14.17;214.17;112.25221
2025-03-05 22:00:00;88.268177;0.0;0.0;59.697;200.0;66.33;266.33;111.73182
2025-03-05 23:00:00;88.924223;0.0;0.0;59.697;200.0;66.33;266.33;111.07578
2025-03-06 00:00:00;89.764443;0.0;0.0;59.697;200.0;66.33;266.33;110.23556
2025-03-06 01:00:00;90.779055;0.0;0.0;65.079;200.0;72.31;272.31;109.22094
2025-03-06 02:00:00;91.69272;0.0;0.0;65.079;200.0;72.31;272.31;108.30728
2025-03-06 03:00:00;92.377315;0.0;0.0;65.079;200.0;72.31;272.31;107.62268
2025-03-06 04:00:00;92.788209;0.0;0.0;107.91;200.0;119.9;319.9;107.21179
2025-03-06 05:00:00;93.038385;0.0;0.0;107.91;200.0;119.9;319.9;106.96162
2025-03-06 06:00:00;89.148926;0.0;0.0;107.91;200.0;119.9;319.9;110.85107
2025-03-06 07:00:00;80.133833;0.0;0.0;149.031;200.0;165.59;365.59;119.86617
2025-03-06 08:00:00;69.872802;1.4699999999999998;0.0;149.031;200.0;165.59;365.59;128.6572
2025-03-06 09:00:00;52.765517;16.2;0.0;149.031;200.0;165.59;365.59;131.03448
2025-03-06 10:00:00;3.1137931;50.1;0.0;0.0;154.32;0.0;154.32;101.10621
2025-03-06 11:00:00;0.0;87.8;34.586207;0.0;154.32;0.0;154.32;101.10621
2025-03-06 12:00:00;0.0;75.2;21.986207;0.0;154.32;0.0;154.32;101.10621
2025-03-06 13:00:00;0.0;117.0;89.596552;0.0;79.47;0.0;79.47;52.066552
2025-03-06 14:00:00;0.0;127.00000000000001;99.596552;0.0;79.47;0.0;79.47;52.066552
2025-03-06 15:00:00;0.0;124.0;96.596552;0.0;79.47;0.0;79.47;52.066552
2025-03-06 16:00:00;0.0;105.0;82.651724;0.0;64.81;0.0;64.81;42.461724
2025-03-06 17:00:00;0.0;75.6;52.573231;0.0;64.81;0.0;64.81;41.783231
2025-03-06 18:00:00;0.0;31.2;7.809955;0.0;64.81;0.0;64.81;41.419955
2025-03-06 19:00:00;47.478275;2.67;0.0;0.0;136.53;0.0;136.53;86.381725
2025-03-06 20:00:00;50.840619;0.0;0.0;0.0;136.53;0.0;136.53;85.689381
2025-03-06 21:00:00;51.514262;0.0;0.0;0.0;136.53;0.0;136.53;85.015738
2025-03-06 22:00:00;69.224897;0.0;0.0;0.0;181.03;0.0;181.03;111.8051
2025-03-06 23:00:00;70.223695;0.0;0.0;0.0;181.03;0.0;181.03;110.8063
2025-03-07 00:00:00;71.228398;0.0;0.0;0.0;181.03;0.0;181.03;109.8016
2025-03-07 01:00:00;79.91838;0.0;0.0;18.279;200.0;20.31;220.31;120.08162
2025-03-07 02:00:00;81.21209;0.0;0.0;18.279;200.0;20.31;220.31;118.78791
2025-03-07 03:00:00;82.490106;0.0;0.0;18.279;200.0;20.31;220.31;117.50989
2025-03-07 04:00:00;83.786529;0.0;0.0;60.57;200.0;67.3;267.3;116.21347
2025-03-07 05:00:00;84.979712;0.0;0.0;60.57;200.0;67.3;267.3;115.02029
2025-03-07 06:00:00;83.449649;0.0;0.0;60.57;200.0;67.3;267.3;116.55035
2025-03-07 07:00:00;77.468666;0.0;0.0;127.287;200.0;141.43;341.43;122.53133
2025-03-07 08:00:00;69.229103;1.57;0.0;127.287;200.0;141.43;341.43;129.2009
2025-03-07 09:00:00;55.865517;13.1;0.0;127.287;200.0;141.43;341.43;131.03448
2025-03-07 10:00:00;15.868966;43.4;0.0;0.0;171.88;0.0;171.88;112.61103
2025-03-07 11:00:00;0.0;79.5;20.231034;0.0;171.88;0.0;171.88;112.61103
2025-03-07 12:00:00;0.0;95.7;36.431034;0.0;171.88;0.0;171.88;112.61103
2025-03-07 13:00:00;0.0;123.0;97.496552;0.0;73.96;0.0;73.96;48.456552
2025-03-07 14:00:00;0.0;124.0;98.496552;0.0;73.96;0.0;73.96;48.456552
2025-03-07 15:00:00;0.0;110.0;84.496552;0.0;73.96;0.0;73.96;48.456552
2025-03-07 16:00:00;0.0;86.7;63.375862;0.0;67.64;0.0;67.64;44.315862
2025-03-07 17:00:00;0.0;36.2;12.188112;0.0;67.64;0.0;67.64;43.628112
2025-03-07 18:00:00;1.1455737;23.7;0.0;0.0;67.64;0.0;67.64;42.794426
2025-03-07 19:00:00;52.281647;2.13;0.0;0.0;140.82;0.0;140.82;86.408353
2025-03-07 20:00:00;56.80833;0.0;0.0;0.0;140.82;0.0;140.82;84.01167
2025-03-07 21:00:00;58.6217;0.0;0.0;0.0;140.82;0.0;140.82;82.1983
2025-03-07 22:00:00;84.7713;0.0;0.0;17.244;200.0;19.16;219.16;115.2287
2025-03-07 23:00:00;85.893898;0.0;0.0;17.244;200.0;19.16;219.16;114.1061
2025-03-08 00:00:00;86.7624;0.0;0.0;17.244;200.0;19.16;219.16;113.2376
2025-03-08 01:00:00;87.847624;0.0;0.0;67.734;200.0;75.26;275.26;112.15238
2025-03-08 02:00:00;89.296245;0.0;0.0;67.734;200.0;75.26;275.26;110.70376
2025-03-08 03:00:00;91.029929;0.0;0.0;67.734;200.0;75.26;275.26;108.97007
2025-03-08 04:00:00;92.644238;0.0;0.0;120.006;200.0;133.34;333.34;107.35576
2025-03-08 05:00:00;93.868008;0.0;0.0;120.006;200.0;133.34;333.34;106.13199
2025-03-08 06:00:00;90.622496;0.0;0.0;120.006;200.0;133.34;333.34;109.3775
2025-03-08 07:00:00;80.507512;0.0;0.0;69.462;200.0;77.18;277.18;119.49249
2025-03-08 08:00:00;67.672206;2.4;0.0;69.462;200.0;77.18;277.18;129.92779
2025-03-08 09:00:00;50.865517;18.1;0.0;69.462;200.0;77.18;277.18;131.03448
2025-03-08 10:00:00;0.0;53.0;2.9724138;0.0;145.08;0.0;145.08;95.052414
2025-03-08 11:00:00;0.0;89.0;38.972414;0.0;145.08;0.0;145.08;95.052414
2025-03-08 12:00:00;0.0;112.0;61.972414;0.0;145.08;0.0;145.08;95.052414
2025-03-08 13:00:00;0.0;119.0;93.582759;0.0;73.71;0.0;73.71;48.292759
2025-03-08 14:00:00;0.0;131.0;105.58276;0.0;73.71;0.0;73.71;48.292759
2025-03-08 15:00:00;0.0;124.0;98.582759;0.0;73.71;0.0;73.71;48.292759
2025-03-08 16:00:00;0.0;105.0;78.996552;0.0;75.41;0.0;75.41;49.406552
2025-03-08 17:00:00;0.0;74.2;47.566541;0.0;75.41;0.0;75.41;48.776541
2025-03-08 18:00:00;0.0;29.1;2.0454455;0.0;75.41;0.0;75.41;48.355445
2025-03-08 19:00:00;48.547706;2.3;0.0;0.0;135.94;0.0;135.94;85.092294
2025-03-08 20:00:00;52.92718;0.0;0.0;0.0;135.94;0.0;135.94;83.01282
2025-03-08 21:00:00;54.736825;0.0;0.0;0.0;135.94;0.0;135.94;81.203175
2025-03-08 22:00:00;82.152637;0.0;0.0;0.0;198.83;0.0;198.83;116.67736
2025-03-08 23:00:00;83.819412;0.0;0.0;0.0;198.83;0.0;198.83;115.01059
2025-03-09 00:00:00;85.336034;0.0;0.0;0.0;198.83;0.0;198.83;113.49397
2025-03-09 01:00:00;87.381632;0.0;0.0;32.607;200.0;36.23;236.23;112.61837
2025-03-09 02:00:00;88.847165;0.0;0.0;32.607;200.0;36.23;236.23;111.15284
2025-03-09 03:00:00;90.076539;0.0;0.0;32.607;200.0;36.23;236.23;109.92346
2025-03-09 04:00:00;91.140117;0.0;0.0;49.824;200.0;55.36;255.35999999999999;108.85988
2025-03-09 05:00:00;92.24604;0.0;0.0;49.824;200.0;55.36;255.35999999999999;107.75396
2025-03-09 06:00:00;90.00637;0.0;0.0;49.824;200.0;55.36;255.35999999999999;109.99363
2025-03-09 07:00:00;79.501887;0.0;0.0;31.617;200.0;35.13;235.13;120.49811
2025-03-09 08:00:00;67.627392;2.5;0.0;31.617;200.0;35.13;235.13;129.87261
2025-03-09 09:00:00;51.065517;17.9;0.0;31.617;200.0;35.13;235.13;131.03448
2025-03-09 10:00:00;0.0;50.7;5.3;0.0;131.66;0.0;131.66;86.26
2025-03-09 11:00:00;0.0;86.0;40.6;0.0;131.66;0.0;131.66;86.26
2025-03-09 12:00:00;0.0;113.0;67.6;0.0;131.66;0.0;131.66;86.26
2025-03-09 13:00:00;0.0;126.0;99.834483;0.0;75.88;0.0;75.88;49.714483
2025-03-09 14:00:00;0.0;127.00000000000001;100.83448;0.0;75.88;0.0;75.88;49.714483
2025-03-09 15:00:00;0.0;117.0;90.834483;0.0;75.88;0.0;75.88;49.714483
2025-03-09 16:00:00;0.0;95.80000000000001;66.934483;0.0;83.71;0.0;83.71;54.844483
2025-03-09 17:00:00;0.0;61.4;32.165054;0.0;83.71;0.0;83.71;54.475054
2025-03-09 18:00:00;0.0;30.7;0.018223021;0.0;83.71;0.0;83.71;53.028223
2025-03-09 19:00:00;55.476809;2.73;0.0;0.0;151.06;0.0;151.06;92.853191
2025-03-09 20:00:00;60.270452;0.0;0.0;0.0;151.06;0.0;151.06;90.789548
2025-03-09 21:00:00;61.905513;0.0;0.0;0.0;151.06;0.0;151.06;89.154487
2025-03-09 22:00:00;80.624981;0.0;0.0;0.0;196.62;0.0;196.62;115.99502
2025-03-09 23:00:00;80.609326;0.0;0.0;0.0;196.62;0.0;196.62;116.01067
2025-03-10 00:00:00;80.598274;0.0;0.0;0.0;196.62;0.0;196.62;116.02173
2025-03-10 01:00:00;80.530067;0.0;0.0;72.756;200.0;80.84;280.84;119.46993
2025-03-10 02:00:00;79.39063;0.0;0.0;72.756;200.0;80.84;280.84;120.60937
2025-03-10 03:00:00;79.763141;0.0;0.0;72.756;200.0;80.84;280.84;120.23686
2025-03-10 04:00:00;81.542475;0.0;0.0;154.629;200.0;171.81;371.81;118.45753
2025-03-10 05:00:00;83.18839;0.0;0.0;154.629;200.0;171.81;371.81;116.81161
2025-03-10 06:00:00;83.905472;0.0;0.0;154.629;200.0;171.81;371.81;116.09453
2025-03-10 07:00:00;78.637604;0.0;0.0;204.435;200.0;227.15;427.15;121.3624
2025-03-10 08:00:00;68.724555;2.47;0.0;204.435;200.0;227.15;427.15;128.80545
2025-03-10 09:00:00;49.965517;19.0;0.0;204.435;200.0;227.15;427.15;131.03448
2025-03-10 10:00:00;16.265517;52.7;0.0;17.172;200.0;19.08;219.08;131.03448
2025-03-10 11:00:00;0.0;89.6;20.634483;17.172;200.0;19.08;219.08;131.03448
2025-03-10 12:00:00;0.0;113.0;44.034483;17.172;200.0;19.08;219.08;131.03448
2025-03-10 13:00:00;0.0;131.0;95.97931;0.0;101.56;0.0;101.56;66.53931
2025-03-10 14:00:00;0.0;135.0;99.97931;0.0;101.56;0.0;101.56;66.53931
2025-03-10 15:00:00;0.0;127.00000000000001;91.97931;0.0;101.56;0.0;101.56;66.53931
2025-03-10 16:00:00;0.0;110.0;81.455172;0.0;82.78;0.0;82.78;54.235172
2025-03-10 17:00:00;0.0;75.3;46.252938;0.0;82.78;0.0;82.78;53.732938
2025-03-10 18:00:00;2.676786;28.2;0.0;0.0;82.78;0.0;82.78;51.903214
2025-03-10 19:00:00;54.477926;4.5;0.0;0.0;151.47;0.0;151.47;92.492074
2025-03-10 20:00:00;60.241271;0.0;0.0;0.0;151.47;0.0;151.47;91.228729
2025-03-10 21:00:00;61.517625;0.0;0.0;0.0;151.47;0.0;151.47;89.952375
2025-03-10 22:00:00;84.132448;0.0;0.0;19.053;200.0;21.17;221.17000000000002;115.86755
2025-03-10 23:00:00;86.187687;0.0;0.0;19.053;200.0;21.17;221.17000000000002;113.81231
2025-03-11 00:00:00;86.581386;0.0;0.0;19.053;200.0;21.17;221.17000000000002;113.41861
2025-03-11 01:00:00;87.549447;0.0;0.0;64.242;200.0;71.38;271.38;112.45055
2025-03-11 02:00:00;88.503912;0.0;0.0;64.242;200.0;71.38;271.38;111.49609
2025-03-11 03:00:00;88.729665;0.0;0.0;64.242;200.0;71.38;271.38;111.27034
2025-03-11 04:00:00;89.718041;0.0;0.0;114.237;200.0;126.93;326.93;110.28196
2025-03-11 05:00:00;88.936098;0.0;0.0;114.237;200.0;126.93;326.93;111.0639
2025-03-11 06:00:00;88.046561;0.0;0.0;114.237;200.0;126.93;326.93;111.95344
2025-03-11 07:00:00;85.831802;0.0;0.0;232.317;200.0;258.13;458.13000000000005;114.1682
2025-03-11 08:00:00;82.157768;2.23;0.0;232.317;200.0;258.13;458.13000000000005;115.61223
2025-03-11 09:00:00;72.815668;10.1;0.0;232.317;200.0;258.13;458.13000000000005;117.08433
2025-03-11 10:00:00;44.516082;36.8;0.0;251.226;200.0;279.14;479.14;118.68392
2025-03-11 11:00:00;69.073653;10.8;0.0;251.226;200.0;279.14;479.14;120.12635
2025-03-11 12:00:00;64.577103;14.1;0.0;251.226;200.0;279.14;479.14;121.3229
2025-03-11 13:00:00;62.901435;15.6;0.0;189.144;200.0;210.16;410.16;121.49856
2025-03-11 14:00:00;57.650688;21.799999999999997;0.0;189.144;200.0;210.16;410.16;120.54931
2025-03-11 15:00:00;70.62105;10.0;0.0;189.144;200.0;210.16;410.16;119.37895
2025-03-11 16:00:00;74.040686;7.78;0.0;118.035;200.0;131.15;331.15;118.17931
2025-03-11 17:00:00;79.129889;4.0;0.0;118.035;200.0;131.15;331.15;116.87011
2025-03-11 18:00:00;81.615791;3.0;0.0;118.035;200.0;131.15;331.15;115.38421
2025-03-11 19:00:00;84.439151;0.75;0.0;100.152;200.0;111.28;311.28;114.81085
2025-03-11 20:00:00;86.460034;0.0;0.0;100.152;200.0;111.28;311.28;113.53997
2025-03-11 21:00:00;87.902674;0.0;0.0;100.152;200.0;111.28;311.28;112.09733
2025-03-11 22:00:00;89.77123;0.0;0.0;128.088;200.0;142.32;342.32;110.22877
2025-03-11 23:00:00;91.715099;0.0;0.0;128.088;200.0;142.32;342.32;108.2849
2025-03-12 00:00:00;94.957603;0.0;0.0;128.088;200.0;142.32;342.32;105.0424
2025-03-12 01:00:00;96.713844;0.0;0.0;185.625;200.0;206.25;406.25;103.28616
2025-03-12 02:00:00;98.171482;0.0;0.0;185.625;200.0;206.25;406.25;101.82852
2025-03-12 03:00:00;99.258817;0.0;0.0;185.625;200.0;206.25;406.25;100.74118
2025-03-12 04:00:00;100.089;0.0;0.0;234.666;200.0;260.74;460.74;99.910999
2025-03-12 05:00:00;100.45831;0.0;0.0;234.666;200.0;260.74;460.74;99.541692
2025-03-12 06:00:00;97.438499;0.0;0.0;234.666;200.0;260.74;460.74;102.5615
2025-03-12 07:00:00;93.87812;0.0;0.0;306.135;200.0;340.15;540.15;106.12188
2025-03-12 08:00:00;86.762741;2.53;0.0;306.135;200.0;340.15;540.15;110.70726
2025-03-12 09:00:00;62.120789;23.1;0.0;306.135;200.0;340.15;540.15;114.77921
2025-03-12 10:00:00;41.646764;41.5;0.0;208.926;200.0;232.14;432.14;116.85324
2025-03-12 11:00:00;42.498749;39.0;0.0;208.926;200.0;232.14;432.14;118.50125
2025-03-12 12:00:00;41.834302;38.8;0.0;208.926;200.0;232.14;432.14;119.3657
2025-03-12 13:00:00;17.870441;61.8;0.0;166.635;200.0;185.15;385.15;120.32956
2025-03-12 14:00:00;14.979006;65.0;0.0;166.635;200.0;185.15;385.15;120.02099
2025-03-12 15:00:00;10.36436;70.2;0.0;166.635;200.0;185.15;385.15;119.43564
2025-03-12 16:00:00;0.0;113.0;31.232725;96.489;200.0;107.21;307.21;118.23272
2025-03-12 17:00:00;65.999567;18.9;0.0;96.489;200.0;107.21;307.21;115.10043
2025-03-12 18:00:00;86.261144;3.73;0.0;96.489;200.0;107.21;307.21;110.00886
2025-03-12 19:00:00;93.434812;0.85;0.0;121.761;200.0;135.29;335.29;105.71519
2025-03-12 20:00:00;96.590877;0.0;0.0;121.761;200.0;135.29;335.29;103.40912
2025-03-12 21:00:00;97.12223;0.0;0.0;121.761;200.0;135.29;335.29;102.87777
2025-03-12 22:00:00;98.656084;0.0;0.0;138.87;200.0;154.3;354.3;101.34392
2025-03-12 23:00:00;99.135296;0.0;0.0;138.87;200.0;154.3;354.3;100.8647
2025-03-13 00:00:00;100.49418;0.0;0.0;138.87;200.0;154.3;354.3;99.505816
2025-03-13 01:00:00;101.19398;0.0;0.0;173.925;200.0;193.25;393.25;98.806021
2025-03-13 02:00:00;101.41342;0.0;0.0;173.925;200.0;193.25;393.25;98.586584
2025-03-13 03:00:00;101.4063;0.0;0.0;173.925;200.0;193.25;393.25;98.593697
2025-03-13 04:00:00;101.9081;0.0;0.0;211.203;200.0;234.67;434.67;98.091905
2025-03-13 05:00:00;101.79834;0.0;0.0;211.203;200.0;234.67;434.67;98.201656
2025-03-13 06:00:00;100.40632;0.0;0.0;211.203;200.0;234.67;434.67;99.593679
2025-03-13 07:00:00;94.897103;0.0;0.0;364.59;200.0;405.1;605.1;105.1029
2025-03-13 08:00:00;88.872005;1.33;0.0;364.59;200.0;405.1;605.1;109.79799
2025-03-13 09:00:00;75.222187;10.7;0.0;364.59;200.0;405.1;605.1;114.07781
2025-03-13 10:00:00;60.244772;23.4;0.0;288.972;200.0;321.08;521.08;116.35523
2025-03-13 11:00:00;38.228045;43.7;0.0;288.972;200.0;321.08;521.08;118.07195
2025-03-13 12:00:00;0.0;120.00000000000001;39.449028;288.972;200.0;321.08;521.08;119.44903
2025-03-13 13:00:00;0.0;101.0;20.486949;206.217;200.0;229.13;429.13;119.48695
2025-03-13 14:00:00;0.0;85.1;3.8386073;206.217;200.0;229.13;429.13;118.73861
2025-03-13 15:00:00;34.891185;47.099999999999994;0.0;206.217;200.0;229.13;429.13;118.00882
2025-03-13 16:00:00;39.145797;44.8;0.0;130.455;200.0;144.95;344.95;116.0542
2025-03-13 17:00:00;45.408339;41.9;0.0;130.455;200.0;144.95;344.95;112.69166
2025-03-13 18:00:00;67.183088;23.5;0.0;130.455;200.0;144.95;344.95;109.31691
2025-03-13 19:00:00;88.105012;6.78;0.0;150.597;200.0;167.33;367.33;105.11499
2025-03-13 20:00:00;96.636644;0.0;0.0;150.597;200.0;167.33;367.33;103.36336
2025-03-13 21:00:00;97.981719;0.0;0.0;150.597;200.0;167.33;367.33;102.01828
2025-03-13 22:00:00;98.662751;0.0;0.0;196.461;200.0;218.29;418.29;101.33725
2025-03-13 23:00:00;99.644295;0.0;0.0;196.461;200.0;218.29;418.29;100.3557
2025-03-14 00:00:00;100.66907;0.0;0.0;196.461;200.0;218.29;418.29;99.330935
2025-03-14 01:00:00;101.93367;0.0;0.0;208.161;200.0;231.29;431.29;98.066332
2025-03-14 02:00:00;102.0226;0.0;0.0;208.161;200.0;231.29;431.29;97.977399
2025-03-14 03:00:00;101.77235;0.0;0.0;208.161;200.0;231.29;431.29;98.227653
2025-03-14 04:00:00;100.07331;0.0;0.0;225.999;200.0;251.11;451.10999999999996;99.926691
2025-03-14 05:00:00;99.498392;0.0;0.0;225.999;200.0;251.11;451.10999999999996;100.50161
2025-03-14 06:00:00;99.346891;0.0;0.0;225.999;200.0;251.11;451.10999999999996;100.65311
2025-03-14 07:00:00;97.58223;0.0;0.0;337.599;200.0;375.11;575.11;102.41777
2025-03-14 08:00:00;92.506992;2.68;0.0;337.599;200.0;375.11;575.11;104.81301
2025-03-14 09:00:00;75.236986;15.1;0.0;337.599;200.0;375.11;575.11;109.66301
2025-03-14 10:00:00;58.569144;28.8;0.0;273.699;200.0;304.11;504.11;112.63086
2025-03-14 11:00:00;39.495352;45.9;0.0;273.699;200.0;304.11;504.11;114.60465
2025-03-14 12:00:00;0.0;114.0;29.037034;273.699;200.0;304.11;504.11;115.03703
2025-03-14 13:00:00;0.0;84.3;0.33708144;228.699;200.0;254.11;454.11000000000007;116.03708
2025-03-14 14:00:00;27.595785;56.2;0.0;228.699;200.0;254.11;454.11000000000007;116.20421
2025-03-14 15:00:00;40.15356;44.9;0.0;228.699;200.0;254.11;454.11000000000007;114.94644
2025-03-14 16:00:00;65.505303;21.5;0.0;144.207;200.0;160.23;360.23;112.9947
2025-03-14 17:00:00;76.294485;14.599999999999998;0.0;144.207;200.0;160.23;360.23;109.10551
2025-03-14 18:00:00;84.842886;8.57;0.0;144.207;200.0;160.23;360.23;106.58711
2025-03-14 19:00:00;93.610139;2.4;0.0;150.579;200.0;167.31;367.31;103.98986
2025-03-14 20:00:00;97.099206;0.0;0.0;150.579;200.0;167.31;367.31;102.90079
2025-03-14 21:00:00;97.548855;0.0;0.0;150.579;200.0;167.31;367.31;102.45115
2025-03-14 22:00:00;99.067893;0.0;0.0;175.752;200.0;195.28;395.28;100.93211
2025-03-14 23:00:00;100.33124;0.0;0.0;175.752;200.0;195.28;395.28;99.66876
2025-03-15 00:00:00;101.67004;0.0;0.0;175.752;200.0;195.28;395.28;98.329963
2025-03-15 01:00:00;102.58966;0.0;0.0;201.933;200.0;224.37;424.37;97.410337
2025-03-15 02:00:00;103.68193;0.0;0.0;201.933;200.0;224.37;424.37;96.318074
2025-03-15 03:00:00;103.82063;0.0;0.0;201.933;200.0;224.37;424.37;96.179373
2025-03-15 04:00:00;103.38113;0.0;0.0;230.688;200.0;256.32;456.32000000000005;96.61887
2025-03-15 05:00:00;102.35687;0.0;0.0;230.688;200.0;256.32;456.32000000000005;97.643132
2025-03-15 06:00:00;99.993165;0.0;0.0;230.688;200.0;256.32;456.32000000000005;100.00684
2025-03-15 07:00:00;96.463489;0.0;0.0;240.534;200.0;267.26;467.26;103.53651
2025-03-15 08:00:00;88.107991;4.0;0.0;240.534;200.0;267.26;467.26;107.89201
2025-03-15 09:00:00;75.949905;10.8;0.0;240.534;200.0;267.26;467.26;113.25009
2025-03-15 10:00:00;62.187376;21.0;0.0;121.698;200.0;135.22;335.22;116.81262
2025-03-15 11:00:00;25.324083;55.6;0.0;121.698;200.0;135.22;335.22;119.07592
2025-03-15 12:00:00;0.0;127.00000000000001;46.896805;121.698;200.0;135.22;335.22;119.8968
2025-03-15 13:00:00;0.0;156.0;76.313439;75.582;200.0;83.98;283.98;120.31344
2025-03-15 14:00:00;0.0;159.0;78.795478;75.582;200.0;83.98;283.98;119.79548
2025-03-15 15:00:00;0.0;120.00000000000001;38.604496;75.582;200.0;83.98;283.98;118.6045
2025-03-15 16:00:00;0.0;127.00000000000001;43.939816;106.398;200.0;118.22;318.22;116.93982
2025-03-15 17:00:00;0.0;89.1;3.3496879;106.398;200.0;118.22;318.22;114.24969
2025-03-15 18:00:00;52.967199;36.0;0.0;106.398;200.0;118.22;318.22;111.0328
2025-03-15 19:00:00;84.318541;5.0;0.0;153.261;200.0;170.29;370.29;110.68146
2025-03-15 20:00:00;89.191051;0.0;0.0;153.261;200.0;170.29;370.29;110.80895
2025-03-15 21:00:00;90.347348;0.0;0.0;153.261;200.0;170.29;370.29;109.65265
2025-03-15 22:00:00;92.432454;0.0;0.0;158.661;200.0;176.29;376.29;107.56755
2025-03-15 23:00:00;94.707195;0.0;0.0;158.661;200.0;176.29;376.29;105.29281
2025-03-16 00:00:00;95.826078;0.0;0.0;158.661;200.0;176.29;376.29;104.17392
2025-03-16 01:00:00;96.624929;0.0;0.0;163.17;200.0;181.3;381.3;103.37507
2025-03-16 02:00:00;97.625193;0.0;0.0;163.17;200.0;181.3;381.3;102.37481
2025-03-16 03:00:00;98.598296;0.0;0.0;163.17;200.0;181.3;381.3;101.4017
2025-03-16 04:00:00;99.911862;0.0;0.0;230.688;200.0;256.32;456.32000000000005;100.08814
2025-03-16 05:00:00;100.98925;0.0;0.0;230.688;200.0;256.32;456.32000000000005;99.01075
2025-03-16 06:00:00;99.651366;0.0;0.0;230.688;200.0;256.32;456.32000000000005;100.34863
2025-03-16 07:00:00;95.58463;0.0;0.0;204.579;200.0;227.31;427.31;104.41537
2025-03-16 08:00:00;85.182485;4.85;0.0;204.579;200.0;227.31;427.31;109.96751
2025-03-16 09:00:00;56.822959;27.8;0.0;204.579;200.0;227.31;427.31;115.37704
2025-03-16 10:00:00;15.061564;65.3;0.0;100.782;200.0;111.98;311.98;119.63844
2025-03-16 11:00:00;0.0;106.0;28.018517;100.782;200.0;111.98;311.98;122.01852
2025-03-16 12:00:00;0.0;135.0;57.165221;100.782;200.0;111.98;311.98;122.16522
2025-03-16 13:00:00;0.0;152.0;73.808022;45.576;200.0;50.64;250.64;121.80802
2025-03-16 14:00:00;0.0;157.0;78.60524;45.576;200.0;50.64;250.64;121.60524
2025-03-16 15:00:00;0.0;144.0;64.188679;45.576;200.0;50.64;250.64;120.18868
2025-03-16 16:00:00;0.0;128.0;45.704138;63.765;200.0;70.85;270.85;117.70414
2025-03-16 17:00:00;0.0;92.50000000000001;5.617055;63.765;200.0;70.85;270.85;113.11706
2025-03-16 18:00:00;43.237009;46.49999999999999;0.0;63.765;200.0;70.85;270.85;110.26299
2025-03-16 19:00:00;86.320771;6.8;0.0;133.488;200.0;148.32;348.32;106.87923
2025-03-16 20:00:00;96.105879;0.0;0.0;133.488;200.0;148.32;348.32;103.89412
2025-03-16 21:00:00;98.355748;0.0;0.0;133.488;200.0;148.32;348.32;101.64425
2025-03-16 22:00:00;100.02728;0.0;0.0;198.279;200.0;220.31;420.31;99.972717
2025-03-16 23:00:00;99.134563;0.0;0.0;198.279;200.0;220.31;420.31;100.86544
2025-03-17 00:00:00;97.825581;0.0;0.0;198.279;200.0;220.31;420.31;102.17442
2025-03-17 01:00:00;97.937075;0.0;0.0;198.261;200.0;220.29;420.29;102.06292
2025-03-17 02:00:00;98.136396;0.0;0.0;198.261;200.0;220.29;420.29;101.8636
2025-03-17 03:00:00;99.027708;0.0;0.0;198.261;200.0;220.29;420.29;100.97229
2025-03-17 04:00:00;98.553156;0.0;0.0;193.167;200.0;214.63;414.63;101.44684
2025-03-17 05:00:00;97.379556;0.0;0.0;193.167;200.0;214.63;414.63;102.62044
2025-03-17 06:00:00;96.368421;0.0;0.0;193.167;200.0;214.63;414.63;103.63158
2025-03-17 07:00:00;90.755321;0.0;0.0;285.381;200.0;317.09;517.09;109.24468
2025-03-17 08:00:00;85.268938;1.13;0.0;285.381;200.0;317.09;517.09;113.60106
2025-03-17 09:00:00;80.580343;3.2500000000000004;0.0;285.381;200.0;317.09;517.09;116.16966
2025-03-17 10:00:00;63.782082;17.2;0.0;217.899;200.0;242.11;442.11;119.01792
2025-03-17 11:00:00;0.0;81.4;1.1479427;217.899;200.0;242.11;442.11;119.74794
2025-03-17 12:00:00;22.611088;57.2;0.0;217.899;200.0;242.11;442.11;120.18891
2025-03-17 13:00:00;26.397796;52.9;0.0;135.108;200.0;150.12;350.12;120.7022
2025-03-17 14:00:00;0.011682985;78.8;0.0;135.108;200.0;150.12;350.12;121.18832
2025-03-17 15:00:00;0.0;129.0;49.404027;135.108;200.0;150.12;350.12;120.40403
2025-03-17 16:00:00;1.6978452;80.5;0.0;65.277;200.0;72.53;272.53;117.80215
2025-03-17 17:00:00;0.0;96.8;9.644555;65.277;200.0;72.53;272.53;112.84455
2025-03-17 18:00:00;36.616692;52.1;0.0;65.277;200.0;72.53;272.53;111.28331
2025-03-17 19:00:00;83.595836;8.0;0.0;126.243;200.0;140.27;340.27;108.40416
2025-03-17 20:00:00;94.055534;0.0;0.0;126.243;200.0;140.27;340.27;105.94447
2025-03-17 21:00:00;95.863831;0.0;0.0;126.243;200.0;140.27;340.27;104.13617
2025-03-17 22:00:00;97.14328;0.0;0.0;169.452;200.0;188.28;388.28;102.85672
2025-03-17 23:00:00;98.34053;0.0;0.0;169.452;200.0;188.28;388.28;101.65947
2025-03-18 00:00:00;99.487114;0.0;0.0;169.452;200.0;188.28;388.28;100.51289
2025-03-18 01:00:00;100.42602;0.0;0.0;204.534;200.0;227.26;427.26;99.573985
2025-03-18 02:00:00;101.21885;0.0;0.0;204.534;200.0;227.26;427.26;98.781154
2025-03-18 03:00:00;101.86121;0.0;0.0;204.534;200.0;227.26;427.26;98.138789
2025-03-18 04:00:00;102.27757;0.0;0.0;264.429;200.0;293.81;493.81000000000006;97.722435
2025-03-18 05:00:00;102.43352;0.0;0.0;264.429;200.0;293.81;493.81000000000006;97.566481
2025-03-18 06:00:00;100.00937;0.0;0.0;264.429;200.0;293.81;493.81000000000006;99.990627
2025-03-18 07:00:00;96.122213;0.1;0.0;354.708;200.0;394.12;594.12;103.77779
2025-03-18 08:00:00;86.84605;4.1;0.0;354.708;200.0;394.12;594.12;109.05395
2025-03-18 09:00:00;55.21593;30.9;0.0;354.708;200.0;394.12;594.12;113.88407
2025-03-18 10:00:00;6.9071386;75.2;0.0;224.163;200.0;249.07;449.07;117.89286
2025-03-18 11:00:00;0.0;117.0;37.914106;224.163;200.0;249.07;449.07;120.91411
2025-03-18 12:00:00;0.0;146.0;69.069251;224.163;200.0;249.07;449.07;123.06925
2025-03-18 13:00:00;0.0;159.0;83.251587;106.218;200.0;118.02;318.02;124.25159
2025-03-18 14:00:00;0.0;162.0;86.47499;106.218;200.0;118.02;318.02;124.47499
2025-03-18 15:00:00;0.0;154.0;77.434515;106.218;200.0;118.02;318.02;123.43452
2025-03-18 16:00:00;0.0;135.0;55.217905;48.258;200.0;53.62;253.62000000000003;120.2179
2025-03-18 17:00:00;0.0;103.0;18.535316;48.258;200.0;53.62;253.62000000000003;115.53532
2025-03-18 18:00:00;30.436111;55.2;0.0;48.258;200.0;53.62;253.62000000000003;114.36389
2025-03-18 19:00:00;78.746461;9.2;0.0;80.298;200.0;89.22;289.22;112.05354
2025-03-18 20:00:00;90.122618;0.0;0.0;80.298;200.0;89.22;289.22;109.87738
2025-03-18 21:00:00;92.341183;0.0;0.0;80.298;200.0;89.22;289.22;107.65882
2025-03-18 22:00:00;94.545099;0.0;0.0;141.579;200.0;157.31;357.31;105.4549
2025-03-18 23:00:00;95.881222;0.0;0.0;141.579;200.0;157.31;357.31;104.11878
2025-03-19 00:00:00;96.880579;0.0;0.0;141.579;200.0;157.31;357.31;103.11942
2025-03-19 01:00:00;97.958351;0.0;0.0;150.534;200.0;167.26;367.26;102.04165
2025-03-19 02:00:00;99.014608;0.0;0.0;150.534;200.0;167.26;367.26;100.98539
2025-03-19 03:00:00;99.892842;0.0;0.0;150.534;200.0;167.26;367.26;100.10716
2025-03-19 04:00:00;100.2607;0.0;0.0;194.976;200.0;216.64;416.64;99.739299
2025-03-19 05:00:00;100.10939;0.0;0.0;194.976;200.0;216.64;416.64;99.890614
2025-03-19 06:00:00;95.388989;0.0;0.0;194.976;200.0;216.64;416.64;104.61101
2025-03-19 07:00:00;83.663483;0.1;0.0;250.299;200.0;278.11;478.11;116.23652
2025-03-19 08:00:00;70.962636;4.65;0.0;250.299;200.0;278.11;478.11;124.38736
2025-03-19 09:00:00;40.682312;29.700000000000003;0.0;250.299;200.0;278.11;478.11;129.61769
2025-03-19 10:00:00;0.0;71.7;2.7344828;36.963;200.0;41.07;241.07;131.03448
2025-03-19 11:00:00;0.0;111.00000000000001;42.034483;36.963;200.0;41.07;241.07;131.03448
2025-03-19 12:00:00;0.0;136.0;67.034483;36.963;200.0;41.07;241.07;131.03448
2025-03-19 13:00:00;0.0;147.0;100.89655;0.0;133.7;0.0;133.7;87.596552
2025-03-19 14:00:00;0.0;144.0;97.896552;0.0;133.7;0.0;133.7;87.596552
2025-03-19 15:00:00;0.0;135.0;88.896552;0.0;133.7;0.0;133.7;87.596552
2025-03-19 16:00:00;0.0;117.99999999999999;83.686207;0.0;99.51;0.0;99.51;65.196207
2025-03-19 17:00:00;0.0;88.6;53.051161;0.0;99.51;0.0;99.51;63.961161
2025-03-19 18:00:00;0.0;45.20000000000001;8.4835785;0.0;99.51;0.0;99.51;62.793579
2025-03-19 19:00:00;54.234697;7.63;0.0;0.0;161.47;0.0;161.47;99.605303
2025-03-19 20:00:00;63.501114;0.0;0.0;0.0;161.47;0.0;161.47;97.968886
2025-03-19 21:00:00;64.865146;0.0;0.0;0.0;161.47;0.0;161.47;96.604854
2025-03-19 22:00:00;81.660174;0.0;0.0;4.608;200.0;5.12;205.12;118.33983
2025-03-19 23:00:00;82.648313;0.0;0.0;4.608;200.0;5.12;205.12;117.35169
2025-03-20 00:00:00;83.661857;0.0;0.0;4.608;200.0;5.12;205.12;116.33814
2025-03-20 01:00:00;84.508164;0.0;0.0;35.253;200.0;39.17;239.17;115.49184
2025-03-20 02:00:00;85.369099;0.0;0.0;35.253;200.0;39.17;239.17;114.6309
2025-03-20 03:00:00;86.343844;0.0;0.0;35.253;200.0;39.17;239.17;113.65616
2025-03-20 04:00:00;87.565169;0.0;0.0;126.153;200.0;140.17;340.17;112.43483
2025-03-20 05:00:00;88.398;0.0;0.0;126.153;200.0;140.17;340.17;111.602
2025-03-20 06:00:00;83.239953;0.0;0.0;126.153;200.0;140.17;340.17;116.76005
2025-03-20 07:00:00;74.26323;0.5;0.0;196.29;200.0;218.1;418.1;125.23677
2025-03-20 08:00:00;62.187187;7.15;0.0;196.29;200.0;218.1;418.1;130.66281
2025-03-20 09:00:00;41.665517;27.3;0.0;196.29;200.0;218.1;418.1;131.03448
2025-03-20 10:00:00;0.0;67.5;7.2275862;0.0;174.79;0.0;174.79;114.51759
2025-03-20 11:00:00;0.0;103.0;42.727586;0.0;174.79;0.0;174.79;114.51759
2025-03-20 12:00:00;0.0;126.0;65.727586;0.0;174.79;0.0;174.79;114.51759
2025-03-20 13:00:00;0.0;137.0;104.21379;0.0;95.08;0.0;95.08;62.293793
2025-03-20 14:00:00;0.0;140.0;107.21379;0.0;95.08;0.0;95.08;62.293793
2025-03-20 15:00:00;0.0;136.0;103.21379;0.0;95.08;0.0;95.08;62.293793
2025-03-20 16:00:00;0.0;120.00000000000001;94.889655;0.0;72.82;0.0;72.82;47.709655
2025-03-20 17:00:00;0.0;91.2;66.089655;0.0;72.82;0.0;72.82;47.709655
2025-03-20 18:00:00;0.0;42.4;17.121231;0.0;72.82;0.0;72.82;47.541231
2025-03-20 19:00:00;38.692262;9.0;0.0;0.0;129.62;0.0;129.62;81.927738
2025-03-20 20:00:00;50.03771;0.0;0.0;0.0;129.62;0.0;129.62;79.58229
2025-03-20 21:00:00;51.988847;0.0;0.0;0.0;129.62;0.0;129.62;77.631153
2025-03-20 22:00:00;76.149041;0.0;0.0;0.0;184.97;0.0;184.97;108.82096
2025-03-20 23:00:00;77.670221;0.0;0.0;0.0;184.97;0.0;184.97;107.29978
2025-03-21 00:00:00;78.717851;0.0;0.0;0.0;184.97;0.0;184.97;106.25215
2025-03-21 01:00:00;85.625101;0.0;0.0;47.916;200.0;53.24;253.24;114.3749
2025-03-21 02:00:00;85.421531;0.0;0.0;47.916;200.0;53.24;253.24;114.57847
2025-03-21 03:00:00;84.93372;0.0;0.0;47.916;200.0;53.24;253.24;115.06628
2025-03-21 04:00:00;84.30891;0.0;0.0;45.882;200.0;50.98;250.98000000000002;115.69109
2025-03-21 05:00:00;83.843899;0.0;0.0;45.882;200.0;50.98;250.98000000000002;116.1561
2025-03-21 06:00:00;78.088896;0.0;0.0;45.882;200.0;50.98;250.98000000000002;121.9111
2025-03-21 07:00:00;69.939641;0.2;0.0;44.667;200.0;49.63;249.63;129.86036
2025-03-21 08:00:00;63.565517;5.4;0.0;44.667;200.0;49.63;249.63;131.03448
2025-03-21 09:00:00;39.165517;29.799999999999997;0.0;44.667;200.0;49.63;249.63;131.03448
2025-03-21 10:00:00;0.0;66.0;34.068966;0.0;92.6;0.0;92.6;60.668966
2025-03-21 11:00:00;0.0;101.99999999999999;70.068966;0.0;92.6;0.0;92.6;60.668966
2025-03-21 12:00:00;0.0;127.00000000000001;95.068966;0.0;92.6;0.0;92.6;60.668966
2025-03-21 13:00:00;0.0;139.0;128.48621;0.0;30.49;0.0;30.49;19.976207
2025-03-21 14:00:00;0.0;132.0;121.48621;0.0;30.49;0.0;30.49;19.976207
2025-03-21 15:00:00;0.0;115.0;104.48621;0.0;30.49;0.0;30.49;19.976207
2025-03-21 16:00:00;0.0;96.29999999999998;84.189655;0.0;35.12;0.0;35.12;23.009655
2025-03-21 17:00:00;0.0;71.8;59.689655;0.0;35.12;0.0;35.12;23.009655
2025-03-21 18:00:00;0.0;20.4;8.2896552;0.0;35.12;0.0;35.12;23.009655
2025-03-21 19:00:00;14.988621;4.77;0.0;0.0;57.3;0.0;57.3;37.541379
2025-03-21 20:00:00;19.758621;0.0;0.0;0.0;57.3;0.0;57.3;37.541379
2025-03-21 21:00:00;19.758621;0.0;0.0;0.0;57.3;0.0;57.3;37.541379
2025-03-21 22:00:00;23.651724;0.0;0.0;0.0;68.59;0.0;68.59;44.938276
2025-03-21 23:00:00;23.651724;0.0;0.0;0.0;68.59;0.0;68.59;44.938276
2025-03-22 00:00:00;23.651724;0.0;0.0;0.0;68.59;0.0;68.59;44.938276
2025-03-22 01:00:00;27.965517;0.0;0.0;0.0;81.1;0.0;81.1;53.134483
2025-03-22 02:00:00;27.965517;0.0;0.0;0.0;81.1;0.0;81.1;53.134483
2025-03-22 03:00:00;28.375857;0.0;0.0;0.0;81.1;0.0;81.1;52.724143
2025-03-22 04:00:00;40.036679;0.0;0.0;0.0;111.2;0.0;111.19999999999999;71.163321
2025-03-22 05:00:00;40.947708;0.0;0.0;0.0;111.2;0.0;111.19999999999999;70.252292
2025-03-22 06:00:00;40.069259;0.0;0.0;0.0;111.2;0.0;111.19999999999999;71.130741
2025-03-22 07:00:00;40.874311;0.55;0.0;0.0;118.66;0.0;118.66;77.235689
2025-03-22 08:00:00;35.967241;4.95;0.0;0.0;118.66;0.0;118.66;77.742759
2025-03-22 09:00:00;21.417241;19.5;0.0;0.0;118.66;0.0;118.66;77.742759
2025-03-22 10:00:00;0.0;28.8;3.5310345;0.0;73.28;0.0;73.28;48.011034
2025-03-22 11:00:00;0.0;77.6;52.331034;0.0;73.28;0.0;73.28;48.011034
2025-03-22 12:00:00;0.0;92.3;67.031034;0.0;73.28;0.0;73.28;48.011034
2025-03-22 13:00:00;0.0;49.7;29.065517;0.0;59.84;0.0;59.839999999999996;39.205517
2025-03-22 14:00:00;0.0;60.4;39.765517;0.0;59.84;0.0;59.839999999999996;39.205517
2025-03-22 15:00:00;0.0;113.0;92.365517;0.0;59.84;0.0;59.839999999999996;39.205517
2025-03-22 16:00:00;0.0;30.4;3.737931;0.0;77.32;0.0;77.32;50.657931
2025-03-22 17:00:00;0.0;56.6;29.937931;0.0;77.32;0.0;77.32;50.657931
2025-03-22 18:00:00;5.862069;20.8;0.0;0.0;77.32;0.0;77.32;50.657931
2025-03-22 19:00:00;35.270429;4.3;0.0;0.0;114.08;0.0;114.08000000000001;74.509571
2025-03-22 20:00:00;40.088057;0.1;0.0;0.0;114.08;0.0;114.08000000000001;73.891943
2025-03-22 21:00:00;40.585988;0.0;0.0;0.0;114.08;0.0;114.08000000000001;73.494012
2025-03-22 22:00:00;51.82295;0.0;0.0;0.0;144.18;0.0;144.18;92.35705
2025-03-22 23:00:00;52.576786;0.0;0.0;0.0;144.18;0.0;144.18;91.603214
2025-03-23 00:00:00;53.686813;0.0;0.0;0.0;144.18;0.0;144.18;90.493187
2025-03-23 01:00:00;63.226658;0.0;0.0;0.0;165.94;0.0;165.94;102.71334
2025-03-23 02:00:00;63.702319;0.0;0.0;0.0;165.94;0.0;165.94;102.23768
2025-03-23 03:00:00;64.239424;0.0;0.0;0.0;165.94;0.0;165.94;101.70058
2025-03-23 04:00:00;69.811184;0.0;0.0;0.0;178.2;0.0;178.2;108.38882
2025-03-23 05:00:00;69.501879;0.0;0.0;0.0;178.2;0.0;178.2;108.69812
2025-03-23 06:00:00;66.306326;0.0;0.0;0.0;178.2;0.0;178.2;111.89367
2025-03-23 07:00:00;57.324241;0.0;0.0;0.0;162.62;0.0;162.62;105.29576
2025-03-23 08:00:00;52.725862;3.35;0.0;0.0;162.62;0.0;162.62;106.54414
2025-03-23 09:00:00;38.175862;17.9;0.0;0.0;162.62;0.0;162.62;106.54414
2025-03-23 10:00:00;10.731034;35.6;0.0;0.0;134.36;0.0;134.36;88.028966
2025-03-23 11:00:00;22.031034;24.3;0.0;0.0;134.36;0.0;134.36;88.028966
2025-03-23 12:00:00;0.0;48.4;2.0689655;0.0;134.36;0.0;134.36;88.028966
2025-03-23 13:00:00;0.0;41.0;7.8793103;0.0;96.05;0.0;96.05;62.92931
2025-03-23 14:00:00;0.0;119.0;85.87931;0.0;96.05;0.0;96.05;62.92931
2025-03-23 15:00:00;0.0;49.4;16.27931;0.0;96.05;0.0;96.05;62.92931
2025-03-23 16:00:00;0.0;71.9;38.986207;0.0;95.45;0.0;95.45;62.536207
2025-03-23 17:00:00;17.913793;15.000000000000002;0.0;0.0;95.45;0.0;95.45;62.536207
2025-03-23 18:00:00;14.190103;19.4;0.0;0.0;95.45;0.0;95.45;61.859897
2025-03-23 19:00:00;39.79556;9.75;0.0;0.0;136.67;0.0;136.67;87.12444
2025-03-23 20:00:00;51.127841;0.2;0.0;0.0;136.67;0.0;136.67;85.342159
2025-03-23 21:00:00;53.688716;0.0;0.0;0.0;136.67;0.0;136.67;82.981284
2025-03-23 22:00:00;64.076165;0.0;0.0;0.0;159.87;0.0;159.87;95.793835
2025-03-23 23:00:00;64.999687;0.0;0.0;0.0;159.87;0.0;159.87;94.870313
2025-03-24 00:00:00;65.477854;0.0;0.0;0.0;159.87;0.0;159.87;94.392146
2025-03-24 01:00:00;82.830489;0.0;0.0;0.765;200.0;0.85;200.85;117.16951
2025-03-24 02:00:00;83.537469;0.0;0.0;0.765;200.0;0.85;200.85;116.46253
2025-03-24 03:00:00;84.735962;0.0;0.0;0.765;200.0;0.85;200.85;115.26404
2025-03-24 04:00:00;85.317532;0.0;0.0;48.672;200.0;54.08;254.07999999999998;114.68247
2025-03-24 05:00:00;85.45557;0.0;0.0;48.672;200.0;54.08;254.07999999999998;114.54443
2025-03-24 06:00:00;80.217794;0.0;0.0;48.672;200.0;54.08;254.07999999999998;119.78221
2025-03-24 07:00:00;71.055552;0.2;0.0;56.115;200.0;62.35;262.35;128.74445
2025-03-24 08:00:00;61.185517;7.78;0.0;56.115;200.0;62.35;262.35;131.03448
2025-03-24 09:00:00;49.865517;19.1;0.0;56.115;200.0;62.35;262.35;131.03448
2025-03-24 10:00:00;4.3827586;44.60000000000001;0.0;0.0;142.05;0.0;142.05;93.067241
2025-03-24 11:00:00;0.0;86.3;37.317241;0.0;142.05;0.0;142.05;93.067241
2025-03-24 12:00:00;0.0;81.2;32.217241;0.0;142.05;0.0;142.05;93.067241
2025-03-24 13:00:00;0.0;128.0;100.34483;0.0;80.2;0.0;80.2;52.544828
2025-03-24 14:00:00;0.0;129.0;101.34483;0.0;80.2;0.0;80.2;52.544828
2025-03-24 15:00:00;0.0;117.99999999999999;90.344828;0.0;80.2;0.0;80.2;52.544828
2025-03-24 16:00:00;0.0;79.8;42.896552;0.0;107.02;0.0;107.02;70.116552
2025-03-24 17:00:00;0.0;58.2;21.21191;0.0;107.02;0.0;107.02;70.03191
2025-03-24 18:00:00;27.311802;10.7;0.0;0.0;107.02;0.0;107.02;69.008198
2025-03-24 19:00:00;47.264455;3.03;0.0;0.0;137.76;0.0;137.76;87.465545
2025-03-24 20:00:00;51.667042;0.0;0.0;0.0;137.76;0.0;137.76;86.092958
2025-03-24 21:00:00;53.078476;0.0;0.0;0.0;137.76;0.0;137.76;84.681524
2025-03-24 22:00:00;79.892192;0.0;0.0;5.454;200.0;6.06;206.06;120.10781
2025-03-24 23:00:00;82.079415;0.0;0.0;5.454;200.0;6.06;206.06;117.92059
2025-03-25 00:00:00;83.765539;0.0;0.0;5.454;200.0;6.06;206.06;116.23446
2025-03-25 01:00:00;83.717259;0.0;0.0;47.088;200.0;52.32;252.32;116.28274
2025-03-25 02:00:00;84.308129;0.0;0.0;47.088;200.0;52.32;252.32;115.69187
2025-03-25 03:00:00;85.390278;0.0;0.0;47.088;200.0;52.32;252.32;114.60972
2025-03-25 04:00:00;86.304274;0.0;0.0;97.308;200.0;108.12;308.12;113.69573
2025-03-25 05:00:00;87.016301;0.0;0.0;97.308;200.0;108.12;308.12;112.9837
2025-03-25 06:00:00;87.096234;0.0;0.0;97.308;200.0;108.12;308.12;112.90377
2025-03-25 07:00:00;85.634678;0.0;0.0;206.235;200.0;229.15;429.15;114.36532
2025-03-25 08:00:00;77.314276;5.819999999999999;0.0;206.235;200.0;229.15;429.15;116.86572
2025-03-25 09:00:00;69.032339;10.899999999999999;0.0;206.235;200.0;229.15;429.15;120.06766
2025-03-25 10:00:00;52.743524;23.3;0.0;124.29;200.0;138.1;338.1;123.95648
2025-03-25 11:00:00;11.129804;61.89999999999999;0.0;124.29;200.0;138.1;338.1;126.9702
2025-03-25 12:00:00;0.0;133.0;62.675208;124.29;200.0;138.1;338.1;129.67521
2025-03-25 13:00:00;0.0;151.0;81.831713;3.672;200.0;4.08;204.08;130.83171
2025-03-25 14:00:00;0.0;142.0;72.808988;3.672;200.0;4.08;204.08;130.80899
2025-03-25 15:00:00;0.0;117.99999999999999;48.340953;3.672;200.0;4.08;204.08;130.34095
2025-03-25 16:00:00;0.0;110.0;63.007584;0.0;133.3;0.0;133.3;86.307584
2025-03-25 17:00:00;0.0;62.900000000000006;15.132831;0.0;133.3;0.0;133.3;85.532831
2025-03-25 18:00:00;21.529187;27.2;0.0;0.0;133.3;0.0;133.3;84.570813
2025-03-25 19:00:00;52.201367;9.03;0.0;0.0;166.15;0.0;166.15;104.91863
2025-03-25 20:00:00;61.60847;0.3;0.0;0.0;166.15;0.0;166.15;104.24153
2025-03-25 21:00:00;62.958091;0.0;0.0;0.0;166.15;0.0;166.15;103.19191
2025-03-25 22:00:00;77.056299;0.0;0.0;23.598;200.0;26.22;226.22;122.9437
2025-03-25 23:00:00;78.065753;0.0;0.0;23.598;200.0;26.22;226.22;121.93425
2025-03-26 00:00:00;78.705827;0.0;0.0;23.598;200.0;26.22;226.22;121.29417
2025-03-26 01:00:00;79.178615;0.0;0.0;49.761;200.0;55.29;255.29;120.82139
2025-03-26 02:00:00;79.72588;0.0;0.0;49.761;200.0;55.29;255.29;120.27412
2025-03-26 03:00:00;80.463862;0.0;0.0;49.761;200.0;55.29;255.29;119.53614
2025-03-26 04:00:00;81.437418;0.0;0.0;67.995;200.0;75.55;275.55;118.56258
2025-03-26 05:00:00;82.604727;0.0;0.0;67.995;200.0;75.55;275.55;117.39527
2025-03-26 06:00:00;81.803038;0.0;0.0;67.995;200.0;75.55;275.55;118.19696
2025-03-26 07:00:00;81.17081;0.0;0.0;172.035;200.0;191.15;391.15;118.82919
2025-03-26 08:00:00;77.590728;1.88;0.0;172.035;200.0;191.15;391.15;120.52927
2025-03-26 09:00:00;72.536594;6.25;0.0;172.035;200.0;191.15;391.15;121.21341
2025-03-26 10:00:00;55.81973;21.9;0.0;126.999;200.0;141.11;341.11;122.28027
2025-03-26 11:00:00;45.669213;30.8;0.0;126.999;200.0;141.11;341.11;123.53079
2025-03-26 12:00:00;35.051949;40.6;0.0;126.999;200.0;141.11;341.11;124.34805
2025-03-26 13:00:00;30.616284;44.199999999999996;0.0;94.959;200.0;105.51;305.51;125.18372
2025-03-26 14:00:00;24.539777;50.6;0.0;94.959;200.0;105.51;305.51;124.86022
2025-03-26 15:00:00;23.940611;51.599999999999994;0.0;94.959;200.0;105.51;305.51;124.45939
2025-03-26 16:00:00;41.066246;35.2;0.0;11.412;200.0;12.68;212.68;123.73375
2025-03-26 17:00:00;43.38955;34.1;0.0;11.412;200.0;12.68;212.68;122.51045
2025-03-26 18:00:00;57.497172;20.4;0.0;11.412;200.0;12.68;212.68;122.10283
2025-03-26 19:00:00;73.842108;4.65;0.0;22.59;200.0;25.1;225.09999999999997;121.50789
2025-03-26 20:00:00;79.191426;0.1;0.0;22.59;200.0;25.1;225.09999999999997;120.70857
2025-03-26 21:00:00;81.795197;0.0;0.0;22.59;200.0;25.1;225.09999999999997;118.2048
2025-03-26 22:00:00;84.475572;0.0;0.0;52.902;200.0;58.78;258.78;115.52443
2025-03-26 23:00:00;86.89935;0.0;0.0;52.902;200.0;58.78;258.78;113.10065
2025-03-27 00:00:00;85.027341;0.0;0.0;52.902;200.0;58.78;258.78;114.97266
2025-03-27 01:00:00;84.532319;0.0;0.0;79.479;200.0;88.31;288.31;115.46768
2025-03-27 02:00:00;85.555171;0.0;0.0;79.479;200.0;88.31;288.31;114.44483
2025-03-27 03:00:00;86.302456;0.0;0.0;79.479;200.0;88.31;288.31;113.69754
2025-03-27 04:00:00;86.858073;0.0;0.0;151.821;200.0;168.69;368.69;113.14193
2025-03-27 05:00:00;86.708494;0.0;0.0;151.821;200.0;168.69;368.69;113.29151
2025-03-27 06:00:00;84.282627;0.0;0.0;151.821;200.0;168.69;368.69;115.71737
2025-03-27 07:00:00;79.327444;1.1;0.0;196.299;200.0;218.11;418.11;119.57256
2025-03-27 08:00:00;67.292893;10.3;0.0;196.299;200.0;218.11;418.11;122.40711
2025-03-27 09:00:00;33.123688;41.4;0.0;196.299;200.0;218.11;418.11;125.47631
2025-03-27 10:00:00;0.0;84.5;12.554129;79.056;200.0;87.84;287.84;128.05413
2025-03-27 11:00:00;0.0;124.0;54.335267;79.056;200.0;87.84;287.84;130.33527
2025-03-27 12:00:00;0.0;149.0;80.034483;79.056;200.0;87.84;287.84;131.03448
2025-03-27 13:00:00;0.0;163.0;105.76897;0.0;165.97;0.0;165.97;108.73897
2025-03-27 14:00:00;0.0;164.0;106.76897;0.0;165.97;0.0;165.97;108.73897
2025-03-27 15:00:00;0.0;156.0;98.768966;0.0;165.97;0.0;165.97;108.73897
2025-03-27 16:00:00;0.0;137.0;94.593103;0.0;122.98;0.0;122.98;80.573103
2025-03-27 17:00:00;0.0;106.0;62.181912;0.0;122.98;0.0;122.98;79.161912
2025-03-27 18:00:00;0.0;61.4;15.221287;0.0;122.98;0.0;122.98;76.801287
2025-03-27 19:00:00;57.982834;14.4;0.0;0.0;185.71;0.0;185.71;113.32717
2025-03-27 20:00:00;74.549853;0.4;0.0;0.0;185.71;0.0;185.71;110.76015
2025-03-27 21:00:00;80.150416;0.0;0.0;0.0;185.71;0.0;185.71;105.55958
2025-03-27 22:00:00;90.011909;0.0;0.0;33.309;200.0;37.01;237.01;109.98809
2025-03-27 23:00:00;92.109027;0.0;0.0;33.309;200.0;37.01;237.01;107.89097
2025-03-28 00:00:00;92.564051;0.0;0.0;33.309;200.0;37.01;237.01;107.43595
2025-03-28 01:00:00;92.632609;0.0;0.0;92.079;200.0;102.31;302.31;107.36739
2025-03-28 02:00:00;92.852152;0.0;0.0;92.079;200.0;102.31;302.31;107.14785
2025-03-28 03:00:00;92.987798;0.0;0.0;92.079;200.0;102.31;302.31;107.0122
2025-03-28 04:00:00;93.154233;0.0;0.0;119.259;200.0;132.51;332.51;106.84577
2025-03-28 05:00:00;92.480976;0.0;0.0;119.259;200.0;132.51;332.51;107.51902
2025-03-28 06:00:00;84.244924;0.0;0.0;119.259;200.0;132.51;332.51;115.75508
2025-03-28 07:00:00;72.421861;1.25;0.0;150.39;200.0;167.1;367.1;126.32814
2025-03-28 08:00:00;60.465951;8.7;0.0;150.39;200.0;167.1;367.1;130.83405
2025-03-28 09:00:00;27.465517;41.5;0.0;150.39;200.0;167.1;367.1;131.03448
2025-03-28 10:00:00;0.0;83.0;27.989655;0.0;159.53;0.0;159.53;104.51966
2025-03-28 11:00:00;0.0;123.0;67.989655;0.0;159.53;0.0;159.53;104.51966
2025-03-28 12:00:00;0.0;147.0;91.989655;0.0;159.53;0.0;159.53;104.51966
2025-03-28 13:00:00;0.0;159.0;124.84483;0.0;99.05;0.0;99.05;64.894828
2025-03-28 14:00:00;0.0;161.0;126.84483;0.0;99.05;0.0;99.05;64.894828
2025-03-28 15:00:00;0.0;147.0;112.84483;0.0;99.05;0.0;99.05;64.894828
2025-03-28 16:00:00;0.0;133.0;84.72069;0.0;140.01;0.0;140.01;91.73069
2025-03-28 17:00:00;0.0;96.29999999999998;46.277927;0.0;140.01;0.0;140.01;89.987927
2025-03-28 18:00:00;1.5458761;49.79999999999999;0.0;0.0;140.01;0.0;140.01;88.664124
2025-03-28 19:00:00;57.527577;14.599999999999998;0.0;0.0;192.09;0.0;192.09;119.96242
2025-03-28 20:00:00;71.730325;1.2;0.0;0.0;192.09;0.0;192.09;119.15968
2025-03-28 21:00:00;74.034628;0.0;0.0;0.0;192.09;0.0;192.09;118.05537
2025-03-28 22:00:00;77.396427;0.0;0.0;16.011;200.0;17.79;217.79;122.60357
2025-03-28 23:00:00;77.836037;0.0;0.0;16.011;200.0;17.79;217.79;122.16396
2025-03-29 00:00:00;78.293612;0.0;0.0;16.011;200.0;17.79;217.79;121.70639
2025-03-29 01:00:00;79.178844;0.0;0.0;45.18;200.0;50.2;250.20000000000002;120.82116
2025-03-29 02:00:00;80.377886;0.0;0.0;45.18;200.0;50.2;250.20000000000002;119.62211
2025-03-29 03:00:00;81.407151;0.0;0.0;45.18;200.0;50.2;250.20000000000002;118.59285
2025-03-29 04:00:00;82.477399;0.0;0.0;59.661;200.0;66.29;266.29;117.5226
2025-03-29 05:00:00;83.796043;0.0;0.0;59.661;200.0;66.29;266.29;116.20396
2025-03-29 06:00:00;82.561603;0.0;0.0;59.661;200.0;66.29;266.29;117.4384
2025-03-29 07:00:00;78.885744;0.75;0.0;42.462;200.0;47.18;247.17999999999998;120.36426
2025-03-29 08:00:00;66.777773;9.57;0.0;42.462;200.0;47.18;247.17999999999998;123.65223
2025-03-29 09:00:00;35.363249;38.3;0.0;42.462;200.0;47.18;247.17999999999998;126.33675
2025-03-29 10:00:00;0.0;88.5;25.689903;0.0;174.53;0.0;174.53;111.7199
2025-03-29 11:00:00;0.0;126.0;64.138517;0.0;174.53;0.0;174.53;112.66852
2025-03-29 12:00:00;0.0;140.0;78.918837;0.0;174.53;0.0;174.53;113.44884
2025-03-29 13:00:00;0.0;143.0;94.980122;0.0;138.68;0.0;138.68;90.660122
2025-03-29 14:00:00;0.0;144.0;96.17931;0.0;138.68;0.0;138.68;90.85931
2025-03-29 15:00:00;0.0;138.0;89.811429;0.0;138.68;0.0;138.68;90.491429
2025-03-29 16:00:00;0.0;105.0;52.637824;0.0;147.27;0.0;147.27;94.907824
2025-03-29 17:00:00;0.0;122.0;67.206778;0.0;147.27;0.0;147.27;92.476778
2025-03-29 18:00:00;0.0;58.6;1.1505539;0.0;147.27;0.0;147.27;89.820554
2025-03-29 19:00:00;65.649648;15.2;0.0;12.501;200.0;13.89;213.89;119.15035
2025-03-29 20:00:00;82.789466;0.8;0.0;12.501;200.0;13.89;213.89;116.41053
2025-03-29 21:00:00;86.053692;0.0;0.0;12.501;200.0;13.89;213.89;113.94631
2025-03-29 22:00:00;87.559366;0.0;0.0;65.061;200.0;72.29;272.29;112.44063
2025-03-29 23:00:00;87.810335;0.0;0.0;65.061;200.0;72.29;272.29;112.18967
2025-03-30 00:00:00;87.030723;0.0;0.0;65.061;200.0;72.29;272.29;112.96928
2025-03-30 01:00:00;86.148351;0.0;0.0;74.934;200.0;83.26;283.26;113.85165
2025-03-30 02:00:00;86.015652;0.0;0.0;74.934;200.0;83.26;283.26;113.98435
2025-03-30 03:00:00;85.179407;0.0;0.0;74.934;200.0;83.26;283.26;114.82059
2025-03-30 04:00:00;83.210275;0.0;0.0;74.934;200.0;83.26;283.26;116.78972
2025-03-30 05:00:00;81.42123;0.0;0.0;62.325;200.0;69.25;269.25;118.57877
2025-03-30 06:00:00;80.064521;0.0;0.0;62.325;200.0;69.25;269.25;119.93548
2025-03-30 07:00:00;79.113313;0.0;0.0;62.325;200.0;69.25;269.25;120.88669
2025-03-30 08:00:00;77.260803;0.0;0.0;72.288;200.0;80.32;280.32;122.7392
2025-03-30 09:00:00;74.900238;0.2;0.0;72.288;200.0;80.32;280.32;124.89976
2025-03-30 10:00:00;68.602662;2.28;0.0;72.288;200.0;80.32;280.32;129.11734
2025-03-30 11:00:00;60.29935;8.68;0.0;3.879;200.0;4.31;204.31;131.02065
2025-03-30 12:00:00;53.765517;15.2;0.0;3.879;200.0;4.31;204.31;131.03448
2025-03-30 13:00:00;37.165517;31.8;0.0;3.879;200.0;4.31;204.31;131.03448
2025-03-30 14:00:00;3.455599;45.8;0.0;0.0;141.77;0.0;141.77;92.514401
2025-03-30 15:00:00;0.0;71.8;21.846838;0.0;141.77;0.0;141.77;91.816838
2025-03-30 16:00:00;0.0;95.1;44.052931;0.0;141.77;0.0;141.77;90.722931
2025-03-30 17:00:00;0.0;100.0;38.954837;0.0;164.7;0.0;164.7;103.65484
2025-03-30 18:00:00;0.0;91.69999999999999;29.160942;0.0;164.7;0.0;164.7;102.16094
2025-03-30 19:00:00;0.0;80.7;16.618889;0.0;164.7;0.0;164.7;100.61889
2025-03-30 20:00:00;53.326957;25.1;0.0;6.237;200.0;6.93;206.93;121.57304
2025-03-30 21:00:00;73.822912;5.18;0.0;6.237;200.0;6.93;206.93;120.99709
2025-03-30 22:00:00;80.045667;0.0;0.0;6.237;200.0;6.93;206.93;119.95433
2025-03-30 23:00:00;80.656055;0.0;0.0;21.528;200.0;23.92;223.91999999999996;119.34394
2025-03-31 00:00:00;81.511481;0.0;0.0;21.528;200.0;23.92;223.91999999999996;118.48852
2025-03-31 01:00:00;82.482215;0.0;0.0;21.528;200.0;23.92;223.91999999999996;117.51778
2025-03-31 02:00:00;83.978153;0.0;0.0;50.67;200.0;56.3;256.3;116.02185
2025-03-31 03:00:00;85.392859;0.0;0.0;50.67;200.0;56.3;256.3;114.60714
2025-03-31 04:00:00;86.635776;0.0;0.0;50.67;200.0;56.3;256.3;113.36422
2025-03-31 05:00:00;87.148213;0.0;0.0;131.877;200.0;146.53;346.53;112.85179
2025-03-31 06:00:00;84.438653;0.0;0.0;131.877;200.0;146.53;346.53;115.56135
2025-03-31 07:00:00;81.641293;0.0;0.0;131.877;200.0;146.53;346.53;118.35871
2025-03-31 08:00:00;78.862212;0.0;0.0;187.299;200.0;208.11;408.11;121.13779
2025-03-31 09:00:00;76.157965;0.6;0.0;187.299;200.0;208.11;408.11;123.24203
2025-03-31 10:00:00;69.113912;6.07;0.0;187.299;200.0;208.11;408.11;124.81609
2025-03-31 11:00:00;54.519689;19.1;0.0;115.101;200.0;127.89;327.89;126.38031
2025-03-31 12:00:00;33.813613;38.0;0.0;115.101;200.0;127.89;327.89;128.18639
2025-03-31 13:00:00;16.106033;54.49999999999999;0.0;115.101;200.0;127.89;327.89;129.39397
2025-03-31 14:00:00;0.0;72.4;1.8726254;2.583;200.0;2.87;202.87;129.47263
2025-03-31 15:00:00;0.0;85.6;14.399567;2.583;200.0;2.87;202.87;128.79957
2025-03-31 16:00:00;0.0;133.0;60.58887;2.583;200.0;2.87;202.87;127.58887
2025-03-31 17:00:00;0.0;130.0;70.728478;0.0;159.3;0.0;159.3;100.02848
2025-03-31 18:00:00;0.0;124.0;63.076007;0.0;159.3;0.0;159.3;98.376007
2025-03-31 19:00:00;0.0;93.79999999999998;31.214593;0.0;159.3;0.0;159.3;96.714593
2025-03-31 20:00:00;14.724372;65.6;0.0;17.892;200.0;19.88;219.88000000000002;119.67563
2025-03-31 21:00:00;62.97138;19.9;0.0;17.892;200.0;19.88;219.88000000000002;117.12862
2025-03-31 22:00:00;84.560068;1.05;0.0;17.892;200.0;19.88;219.88000000000002;114.38993
2025-03-31 23:00:00;88.52237;0.0;0.0;58.797;200.0;65.33;265.33;111.47763
2025-04-01 00:00:00;89.994208;0.0;0.0;58.797;200.0;65.33;265.33;110.00579
2025-04-01 01:00:00;92.248222;0.0;0.0;58.797;200.0;65.33;265.33;107.75178
2025-04-01 02:00:00;94.289695;0.0;0.0;125.397;200.0;139.33;339.33;105.7103
2025-04-01 03:00:00;95.820785;0.0;0.0;125.397;200.0;139.33;339.33;104.17921
2025-04-01 04:00:00;96.841767;0.0;0.0;125.397;200.0;139.33;339.33;103.15823
2025-04-01 05:00:00;96.402758;0.0;0.0;225.117;200.0;250.13;450.13;103.59724
2025-04-01 06:00:00;86.672349;0.0;0.0;225.117;200.0;250.13;450.13;113.32765
2025-04-01 07:00:00;80.144495;0.0;0.0;225.117;200.0;250.13;450.13;119.85551
2025-04-01 08:00:00;75.909079;0.0;0.0;209.781;200.0;233.09;433.09;124.09092
2025-04-01 09:00:00;70.554639;2.3;0.0;209.781;200.0;233.09;433.09;127.14536
2025-04-01 10:00:00;59.89309;11.000000000000002;0.0;209.781;200.0;233.09;433.09;129.10691
2025-04-01 11:00:00;24.034944;46.0;0.0;37.233;200.0;41.37;241.37000000000003;129.96506
2025-04-01 12:00:00;0.0;92.4;22.654484;37.233;200.0;41.37;241.37000000000003;130.25448
2025-04-01 13:00:00;0.0;132.0;62.664163;37.233;200.0;41.37;241.37000000000003;130.66416
2025-04-01 14:00:00;0.0;153.0;93.669699;0.0;171.82;0.0;171.82;112.4897
2025-04-01 15:00:00;0.0;163.0;103.30409;0.0;171.82;0.0;171.82;112.12409
2025-04-01 16:00:00;0.0;121.0;60.142092;0.0;171.82;0.0;171.82;110.96209
2025-04-01 17:00:00;0.0;94.8;44.53108;0.0;136.06;0.0;136.06;85.79108
2025-04-01 18:00:00;0.0;138.0;86.473167;0.0;136.06;0.0;136.06;84.533167
2025-04-01 19:00:00;0.0;104.00000000000001;51.188844;0.0;136.06;0.0;136.06;83.248844
2025-04-01 20:00:00;9.3136522;65.8;0.0;0.0;189.84;0.0;189.84;114.72635
2025-04-01 21:00:00;57.9197;18.4;0.0;0.0;189.84;0.0;189.84;113.5203
2025-04-01 22:00:00;76.034108;1.45;0.0;0.0;189.84;0.0;189.84;112.35589
2025-04-01 23:00:00;82.996733;0.0;0.0;52.407;200.0;58.23;258.23;117.00327
2025-04-02 00:00:00;84.498227;0.0;0.0;52.407;200.0;58.23;258.23;115.50177
2025-04-02 01:00:00;85.990101;0.0;0.0;52.407;200.0;58.23;258.23;114.0099
2025-04-02 02:00:00;87.319879;0.0;0.0;75.915;200.0;84.35;284.35;112.68012
2025-04-02 03:00:00;88.495021;0.0;0.0;75.915;200.0;84.35;284.35;111.50498
2025-04-02 04:00:00;89.513443;0.0;0.0;75.915;200.0;84.35;284.35;110.48656
2025-04-02 05:00:00;88.696809;0.0;0.0;171.252;200.0;190.28;390.28;111.30319
2025-04-02 06:00:00;81.045695;0.0;0.0;171.252;200.0;190.28;390.28;118.9543
2025-04-02 07:00:00;75.32868;0.0;0.0;171.252;200.0;190.28;390.28;124.67132
2025-04-02 08:00:00;70.875303;0.0;0.0;137.763;200.0;153.07;353.07;129.1247
2025-04-02 09:00:00;66.765517;2.2;0.0;137.763;200.0;153.07;353.07;131.03448
2025-04-02 10:00:00;58.865517;10.1;0.0;137.763;200.0;153.07;353.07;131.03448
2025-04-02 11:00:00;7.9103448;41.9;0.0;0.0;144.45;0.0;144.45;94.639655
2025-04-02 12:00:00;0.0;85.6;35.789655;0.0;144.45;0.0;144.45;94.639655
2025-04-02 13:00:00;0.0;128.0;78.189655;0.0;144.45;0.0;144.45;94.639655
2025-04-02 14:00:00;0.0;151.0;122.91034;0.0;81.46;0.0;81.46;53.370345
2025-04-02 15:00:00;0.0;138.0;109.91034;0.0;81.46;0.0;81.46;53.370345
2025-04-02 16:00:00;0.0;155.0;126.91034;0.0;81.46;0.0;81.46;53.370345
2025-04-02 17:00:00;0.0;153.0;128.37586;0.0;71.41;0.0;71.41;46.785862
2025-04-02 18:00:00;0.0;119.0;94.375862;0.0;71.41;0.0;71.41;46.785862
2025-04-02 19:00:00;0.0;80.5;55.605036;0.0;71.41;0.0;71.41;46.515036
2025-04-02 20:00:00;0.0;58.9;20.611137;0.0;107.57;0.0;107.57;69.281137
2025-04-02 21:00:00;21.690751;17.3;0.0;0.0;107.57;0.0;107.57;68.579249
2025-04-02 22:00:00;38.675864;0.9;0.0;0.0;107.57;0.0;107.57;67.994136
2025-04-02 23:00:00;53.478604;0.0;0.0;0.0;143.12;0.0;143.12;89.641396
2025-04-03 00:00:00;54.191033;0.0;0.0;0.0;143.12;0.0;143.12;88.928967
2025-04-03 01:00:00;54.528711;0.0;0.0;0.0;143.12;0.0;143.12;88.591289
2025-04-03 02:00:00;66.89657;0.0;0.0;0.0;174.08;0.0;174.08;107.18343
2025-04-03 03:00:00;67.896153;0.0;0.0;0.0;174.08;0.0;174.08;106.18385
2025-04-03 04:00:00;68.824801;0.0;0.0;0.0;174.08;0.0;174.08;105.2552
2025-04-03 05:00:00;78.895935;0.0;0.0;36.828;200.0;40.92;240.92000000000002;121.10407
2025-04-03 06:00:00;73.91015;0.0;0.0;36.828;200.0;40.92;240.92000000000002;126.08985
2025-04-03 07:00:00;69.956895;0.0;0.0;36.828;200.0;40.92;240.92000000000002;130.0431
2025-04-03 08:00:00;68.965517;0.0;0.0;18.261;200.0;20.29;220.29000000000002;131.03448
2025-04-03 09:00:00;64.065517;4.9;0.0;18.261;200.0;20.29;220.29000000000002;131.03448
2025-04-03 10:00:00;47.765517;21.2;0.0;18.261;200.0;20.29;220.29000000000002;131.03448
2025-04-03 11:00:00;3.2344828;28.7;0.0;0.0;92.61;0.0;92.61;60.675517
2025-04-03 12:00:00;0.0;74.5;42.565517;0.0;92.61;0.0;92.61;60.675517
2025-04-03 13:00:00;0.0;127.00000000000001;95.065517;0.0;92.61;0.0;92.61;60.675517
2025-04-03 14:00:00;0.0;150.0;136.83793;0.0;38.17;0.0;38.17;25.007931
2025-04-03 15:00:00;0.0;160.0;146.83793;0.0;38.17;0.0;38.17;25.007931
2025-04-03 16:00:00;13.162069;0.0;0.0;0.0;38.17;0.0;38.17;25.007931
2025-04-03 17:00:00;11.706897;0.0;0.0;0.0;33.95;0.0;33.95;22.243103
2025-04-03 18:00:00;11.706897;0.0;0.0;0.0;33.95;0.0;33.95;22.243103
2025-04-03 19:00:00;11.706897;0.0;0.0;0.0;33.95;0.0;33.95;22.243103
2025-04-03 20:00:00;26.851918;0.0;0.0;0.0;75.23;0.0;75.23;48.378082
2025-04-03 21:00:00;27.569183;0.0;0.0;0.0;75.23;0.0;75.23;47.660817
2025-04-03 22:00:00;28.064458;0.0;0.0;0.0;75.23;0.0;75.23;47.165542
2025-04-03 23:00:00;45.505668;0.0;0.0;0.0;119.64;0.0;119.64;74.134332
2025-04-04 00:00:00;46.706189;0.0;0.0;0.0;119.64;0.0;119.64;72.933811
2025-04-04 01:00:00;48.189998;0.0;0.0;0.0;119.64;0.0;119.64;71.450002
2025-04-04 02:00:00;69.865077;0.0;0.0;0.0;168.5;0.0;168.5;98.634923
2025-04-04 03:00:00;71.52796;0.0;0.0;0.0;168.5;0.0;168.5;96.97204
2025-04-04 04:00:00;72.820751;0.0;0.0;0.0;168.5;0.0;168.5;95.679249
2025-04-04 05:00:00;84.968694;0.0;0.0;56.097;200.0;62.33;262.33;115.03131
2025-04-04 06:00:00;75.346556;0.0;0.0;56.097;200.0;62.33;262.33;124.65344
2025-04-04 07:00:00;68.965517;0.0;0.0;56.097;200.0;62.33;262.33;131.03448
2025-04-04 08:00:00;68.965517;0.0;0.0;18.828;200.0;20.92;220.92;131.03448
2025-04-04 09:00:00;67.035517;1.9299999999999997;0.0;18.828;200.0;20.92;220.92;131.03448
2025-04-04 10:00:00;58.165517;10.8;0.0;18.828;200.0;20.92;220.92;131.03448
2025-04-04 11:00:00;0.0;46.29999999999999;25.651724;0.0;59.88;0.0;59.88;39.231724
2025-04-04 12:00:00;0.0;90.10000000000001;69.451724;0.0;59.88;0.0;59.88;39.231724
2025-04-04 13:00:00;0.0;128.0;107.35172;0.0;59.88;0.0;59.88;39.231724
2025-04-04 14:00:00;0.0;148.0;139.18276;0.0;25.57;0.0;25.57;16.752759
2025-04-04 15:00:00;0.0;162.0;153.18276;0.0;25.57;0.0;25.57;16.752759
2025-04-04 16:00:00;0.0;163.0;154.18276;0.0;25.57;0.0;25.57;16.752759
2025-04-04 17:00:00;0.0;156.0;147.55172;0.0;24.5;0.0;24.5;16.051724
2025-04-04 18:00:00;0.0;137.0;128.55172;0.0;24.5;0.0;24.5;16.051724
2025-04-04 19:00:00;0.0;108.0;99.551724;0.0;24.5;0.0;24.5;16.051724
2025-04-04 20:00:00;0.0;64.5;39.70816;0.0;71.31;0.0;71.31;46.51816
2025-04-04 21:00:00;6.535564;18.6;0.0;0.0;71.31;0.0;71.31;46.174436
2025-04-04 22:00:00;23.585395;1.5;0.0;0.0;71.31;0.0;71.31;46.224605
2025-04-04 23:00:00;43.111054;0.0;0.0;0.0;121.5;0.0;121.5;78.388946
2025-04-05 00:00:00;43.943577;0.0;0.0;0.0;121.5;0.0;121.5;77.556423
2025-04-05 01:00:00;44.610145;0.0;0.0;0.0;121.5;0.0;121.5;76.889855
2025-04-05 02:00:00;61.909876;0.0;0.0;0.0;166.21;0.0;166.21;104.30012
2025-04-05 03:00:00;63.168997;0.0;0.0;0.0;166.21;0.0;166.21;103.041
2025-04-05 04:00:00;64.410059;0.0;0.0;0.0;166.21;0.0;166.21;101.79994
2025-04-05 05:00:00;79.889232;0.0;0.0;15.21;200.0;16.9;216.9;120.11077
2025-04-05 06:00:00;75.416961;0.0;0.0;15.21;200.0;16.9;216.9;124.58304
2025-04-05 07:00:00;70.744077;0.0;0.0;15.21;200.0;16.9;216.9;129.25592
2025-04-05 08:00:00;59.693103;0.0;0.0;0.0;173.11;0.0;173.11;113.4169
2025-04-05 09:00:00;57.393103;2.3;0.0;0.0;173.11;0.0;173.11;113.4169
2025-04-05 10:00:00;47.593103;12.1;0.0;0.0;173.11;0.0;173.11;113.4169
2025-04-05 11:00:00;0.0;46.7;15.534483;0.0;90.38;0.0;90.38;59.214483
2025-04-05 12:00:00;0.0;89.20000000000002;58.034483;0.0;90.38;0.0;90.38;59.214483
2025-04-05 13:00:00;0.0;127.00000000000001;95.834483;0.0;90.38;0.0;90.38;59.214483
2025-04-05 14:00:00;0.0;152.0;130.75517;0.0;61.61;0.0;61.61;40.365172
2025-04-05 15:00:00;0.0;167.0;145.75517;0.0;61.61;0.0;61.61;40.365172
2025-04-05 16:00:00;0.0;166.0;144.75517;0.0;61.61;0.0;61.61;40.365172
2025-04-05 17:00:00;0.0;151.0;126.44828;0.0;71.2;0.0;71.2;46.648276
2025-04-05 18:00:00;0.0;132.0;106.84923;0.0;71.2;0.0;71.2;46.04923
2025-04-05 19:00:00;0.0;94.0;68.051979;0.0;71.2;0.0;71.2;45.251979
2025-04-05 20:00:00;0.17610443;59.3;0.0;0.0;158.72;0.0;158.72;99.243896
2025-04-05 21:00:00;40.527395;20.4;0.0;0.0;158.72;0.0;158.72;97.792605
2025-04-05 22:00:00;59.801911;2.45;0.0;0.0;158.72;0.0;158.72;96.468089
2025-04-05 23:00:00;79.916665;0.0;0.0;18.135;200.0;20.15;220.15000000000003;120.08333
2025-04-06 00:00:00;81.222719;0.0;0.0;18.135;200.0;20.15;220.15000000000003;118.77728
2025-04-06 01:00:00;82.613557;0.0;0.0;18.135;200.0;20.15;220.15000000000003;117.38644
2025-04-06 02:00:00;84.616228;0.0;0.0;52.353;200.0;58.17;258.17;115.38377
2025-04-06 03:00:00;87.104105;0.0;0.0;52.353;200.0;58.17;258.17;112.89589
2025-04-06 04:00:00;89.669528;0.0;0.0;52.353;200.0;58.17;258.17;110.33047
2025-04-06 05:00:00;90.55588;0.0;0.0;95.679;200.0;106.31;306.31;109.44412
2025-04-06 06:00:00;88.738123;0.0;0.0;95.679;200.0;106.31;306.31;111.26188
2025-04-06 07:00:00;85.412714;0.0;0.0;95.679;200.0;106.31;306.31;114.58729
2025-04-06 08:00:00;81.695761;0.0;0.0;90.252;200.0;100.28;300.28;118.30424
2025-04-06 09:00:00;76.200537;2.2;0.0;90.252;200.0;100.28;300.28;121.59946
2025-04-06 10:00:00;63.747617;11.9;0.0;90.252;200.0;100.28;300.28;124.35238
2025-04-06 11:00:00;22.420582;51.1;0.0;14.418;200.0;16.02;216.02;126.47942
2025-04-06 12:00:00;0.0;98.30000000000001;26.19899;14.418;200.0;16.02;216.02;127.89899
2025-04-06 13:00:00;0.0;139.0;67.643154;14.418;200.0;16.02;216.02;128.64315
2025-04-06 14:00:00;0.0;163.0;110.01872;0.0;148.71;0.0;148.71;95.728718
2025-04-06 15:00:00;0.0;174.0;120.56069;0.0;148.71;0.0;148.71;95.270686
2025-04-06 16:00:00;0.0;174.0;119.56543;0.0;148.71;0.0;148.71;94.275433
2025-04-06 17:00:00;0.0;168.0;113.48734;0.0;143.01;0.0;143.01;88.497339
2025-04-06 18:00:00;0.0;149.0;92.85991;0.0;143.01;0.0;143.01;86.86991
2025-04-06 19:00:00;0.0;117.99999999999999;59.685333;0.0;143.01;0.0;143.01;84.695333
2025-04-06 20:00:00;11.565895;72.7;0.0;26.064;200.0;28.96;228.96;115.7341
2025-04-06 21:00:00;63.769048;22.9;0.0;26.064;200.0;28.96;228.96;113.33095
2025-04-06 22:00:00;87.095034;1.9;0.0;26.064;200.0;28.96;228.96;111.00497
2025-04-06 23:00:00;91.242136;0.0;0.0;82.872;200.0;92.08;292.08;108.75786
2025-04-07 00:00:00;93.341042;0.0;0.0;82.872;200.0;92.08;292.08;106.65896
2025-04-07 01:00:00;95.301384;0.0;0.0;82.872;200.0;92.08;292.08;104.69862
2025-04-07 02:00:00;96.44166;0.0;0.0;137.979;200.0;153.31;353.31;103.55834
2025-04-07 03:00:00;97.547887;0.0;0.0;137.979;200.0;153.31;353.31;102.45211
2025-04-07 04:00:00;98.553946;0.0;0.0;137.979;200.0;153.31;353.31;101.44605
2025-04-07 05:00:00;97.595018;0.0;0.0;239.49;200.0;266.1;466.09999999999997;102.40498
2025-04-07 06:00:00;89.960706;0.0;0.0;239.49;200.0;266.1;466.09999999999997;110.03929
2025-04-07 07:00:00;84.098504;0.0;0.0;239.49;200.0;266.1;466.09999999999997;115.9015
2025-04-07 08:00:00;79.862206;0.0;0.0;228.69;200.0;254.1;454.1000000000001;120.13779
2025-04-07 09:00:00;74.396736;2.5;0.0;228.69;200.0;254.1;454.1000000000001;123.10326
2025-04-07 10:00:00;61.973689;12.4;0.0;228.69;200.0;254.1;454.1000000000001;125.62631
2025-04-07 11:00:00;21.154848;51.2;0.0;91.854;200.0;102.06;302.06;127.64515
2025-04-07 12:00:00;0.0;99.4;28.588902;91.854;200.0;102.06;302.06;129.1889
2025-04-07 13:00:00;0.0;136.0;66.138679;91.854;200.0;102.06;302.06;130.13868
2025-04-07 14:00:00;0.0;159.0;97.454793;0.0;177.27;0.0;177.27;115.72479
2025-04-07 15:00:00;0.0;170.0;108.31341;0.0;177.27;0.0;177.27;115.58341
2025-04-07 16:00:00;0.0;171.0;108.51028;0.0;177.27;0.0;177.27;114.78028
2025-04-07 17:00:00;0.0;164.0;117.33258;0.0;128.02;0.0;128.02;81.352585
2025-04-07 18:00:00;0.0;146.0;97.028057;0.0;128.02;0.0;128.02;79.048057
2025-04-07 19:00:00;0.0;113.0;61.528197;0.0;128.02;0.0;128.02;76.548197
2025-04-07 20:00:00;6.1643281;71.6;0.0;0.0;185.2;0.0;185.2;107.43567
2025-04-07 21:00:00;58.622776;22.8;0.0;0.0;185.2;0.0;185.2;103.77722
2025-04-07 22:00:00;82.867458;1.57;0.0;0.0;185.2;0.0;185.2;100.76254
2025-04-07 23:00:00;93.634971;0.0;0.0;49.734;200.0;55.26;255.26;106.36503
2025-04-08 00:00:00;95.343409;0.0;0.0;49.734;200.0;55.26;255.26;104.65659
2025-04-08 01:00:00;95.963339;0.0;0.0;49.734;200.0;55.26;255.26;104.03666
2025-04-08 02:00:00;96.369618;0.0;0.0;118.197;200.0;131.33;331.33;103.63038
2025-04-08 03:00:00;96.893502;0.0;0.0;118.197;200.0;131.33;331.33;103.1065
2025-04-08 04:00:00;97.446742;0.0;0.0;118.197;200.0;131.33;331.33;102.55326
2025-04-08 05:00:00;95.202036;0.0;0.0;239.481;200.0;266.09;466.09;104.79796
2025-04-08 06:00:00;83.23547;0.0;0.0;239.481;200.0;266.09;466.09;116.76453
2025-04-08 07:00:00;74.79743;0.0;0.0;239.481;200.0;266.09;466.09;125.20257
2025-04-08 08:00:00;70.411047;0.0;0.0;188.19;200.0;209.1;409.1;129.58895
2025-04-08 09:00:00;66.165517;2.8;0.0;188.19;200.0;209.1;409.1;131.03448
2025-04-08 10:00:00;55.965517;13.000000000000002;0.0;188.19;200.0;209.1;409.1;131.03448
2025-04-08 11:00:00;2.737931;50.7;0.0;0.0;154.97;0.0;154.97;101.53207
2025-04-08 12:00:00;0.0;94.7;41.262069;0.0;154.97;0.0;154.97;101.53207
2025-04-08 13:00:00;0.0;132.0;78.562069;0.0;154.97;0.0;154.97;101.53207
2025-04-08 14:00:00;0.0;155.0;113.16552;0.0;121.32;0.0;121.32;79.485517
2025-04-08 15:00:00;0.0;160.0;118.16552;0.0;121.32;0.0;121.32;79.485517
2025-04-08 16:00:00;0.0;163.0;121.16552;0.0;121.32;0.0;121.32;79.485517
2025-04-08 17:00:00;0.0;160.0;131.51724;0.0;82.6;0.0;82.6;54.117241
2025-04-08 18:00:00;0.0;141.0;110.95486;0.0;82.6;0.0;82.6;52.554855
2025-04-08 19:00:00;0.0;111.00000000000001;79.634175;0.0;82.6;0.0;82.6;51.234175
2025-04-08 20:00:00;0.0;64.1;8.7094836;0.0;145.48;0.0;145.48;90.089484
2025-04-08 21:00:00;31.207077;23.7;0.0;0.0;145.48;0.0;145.48;90.572923
2025-04-08 22:00:00;53.453723;2.63;0.0;0.0;145.48;0.0;145.48;89.396277
2025-04-08 23:00:00;80.118237;0.0;0.0;14.193;200.0;15.77;215.77;119.88176
2025-04-09 00:00:00;86.374524;0.0;0.0;14.193;200.0;15.77;215.77;113.62548
2025-04-09 01:00:00;88.678566;0.0;0.0;14.193;200.0;15.77;215.77;111.32143
2025-04-09 02:00:00;88.950583;0.0;0.0;67.734;200.0;75.26;275.26;111.04942
2025-04-09 03:00:00;90.543569;0.0;0.0;67.734;200.0;75.26;275.26;109.45643
2025-04-09 04:00:00;93.125429;0.0;0.0;67.734;200.0;75.26;275.26;106.87457
2025-04-09 05:00:00;91.208104;0.0;0.0;167.49;200.0;186.1;386.1;108.7919
2025-04-09 06:00:00;82.661073;0.0;0.0;167.49;200.0;186.1;386.1;117.33893
2025-04-09 07:00:00;77.572467;0.0;0.0;167.49;200.0;186.1;386.1;122.42753
2025-04-09 08:00:00;73.324348;0.0;0.0;163.872;200.0;182.08;382.08;126.67565
2025-04-09 09:00:00;66.263587;3.6999999999999997;0.0;163.872;200.0;182.08;382.08;130.03641
2025-04-09 10:00:00;45.165517;23.8;0.0;163.872;200.0;182.08;382.08;131.03448
2025-04-09 11:00:00;8.4758621;57.5;0.0;0.0;191.33;0.0;191.33;125.35414
2025-04-09 12:00:00;0.0;81.4;15.424138;0.0;191.33;0.0;191.33;125.35414
2025-04-09 13:00:00;0.0;122.0;56.024138;0.0;191.33;0.0;191.33;125.35414
2025-04-09 14:00:00;0.0;152.0;110.87931;0.0;119.25;0.0;119.24999999999999;78.12931
2025-04-09 15:00:00;0.0;167.0;125.87931;0.0;119.25;0.0;119.24999999999999;78.12931
2025-04-09 16:00:00;0.0;169.0;127.87931;0.0;119.25;0.0;119.24999999999999;78.12931
2025-04-09 17:00:00;0.0;163.0;126.8447;0.0;104.81;0.0;104.81;68.654705
2025-04-09 18:00:00;0.0;145.0;106.90597;0.0;104.81;0.0;104.81;66.715968
2025-04-09 19:00:00;0.0;114.0;74.648735;0.0;104.81;0.0;104.81;65.458735
2025-04-09 20:00:00;0.0;68.6;4.1880734;0.0;165.73;0.0;165.73;101.31807
2025-04-09 21:00:00;43.749412;23.2;0.0;0.0;165.73;0.0;165.73;98.780588
2025-04-09 22:00:00;67.067732;2.43;0.0;0.0;165.73;0.0;165.73;96.232268
2025-04-09 23:00:00;86.253297;0.0;0.0;61.209;200.0;68.01;268.01;113.7467
2025-04-10 00:00:00;88.316328;0.0;0.0;61.209;200.0;68.01;268.01;111.68367
2025-04-10 01:00:00;88.704012;0.0;0.0;61.209;200.0;68.01;268.01;111.29599
2025-04-10 02:00:00;88.657932;0.0;0.0;86.652;200.0;96.28;296.28;111.34207
2025-04-10 03:00:00;87.563671;0.0;0.0;86.652;200.0;96.28;296.28;112.43633
2025-04-10 04:00:00;87.124578;0.0;0.0;86.652;200.0;96.28;296.28;112.87542
2025-04-10 05:00:00;85.643452;0.0;0.0;127.872;200.0;142.08;342.08;114.35655
2025-04-10 06:00:00;82.672835;0.0;0.0;127.872;200.0;142.08;342.08;117.32716
2025-04-10 07:00:00;80.837042;0.0;0.0;127.872;200.0;142.08;342.08;119.16296
2025-04-10 08:00:00;78.852875;0.0;0.0;152.235;200.0;169.15;369.15;121.14712
2025-04-10 09:00:00;75.581464;1.33;0.0;152.235;200.0;169.15;369.15;123.08854
2025-04-10 10:00:00;68.705184;5.8;0.0;152.235;200.0;169.15;369.15;125.49482
2025-04-10 11:00:00;57.252742;15.000000000000002;0.0;112.599;200.0;125.11;325.11;127.74726
2025-04-10 12:00:00;47.506263;22.8;0.0;112.599;200.0;125.11;325.11;129.69374
2025-04-10 13:00:00;35.665517;33.3;0.0;112.599;200.0;125.11;325.11;131.03448
2025-04-10 14:00:00;23.465517;45.5;0.0;18.162;200.0;20.18;220.18;131.03448
2025-04-10 15:00:00;0.0;69.7;0.73448276;18.162;200.0;20.18;220.18;131.03448
2025-04-10 16:00:00;0.0;93.70000000000002;24.734483;18.162;200.0;20.18;220.18;131.03448
2025-04-10 17:00:00;0.0;136.0;87.583282;0.0;137.22;0.0;137.22;88.803282
2025-04-10 18:00:00;0.0;127.00000000000001;75.76181;0.0;137.22;0.0;137.22;85.98181
2025-04-10 19:00:00;0.0;108.99999999999999;55.217833;0.0;137.22;0.0;137.22;83.437833
2025-04-10 20:00:00;6.3354036;66.1;0.0;0.0;177.44;0.0;177.44;105.0046
2025-04-10 21:00:00;52.998848;21.7;0.0;0.0;177.44;0.0;177.44;102.74115
2025-04-10 22:00:00;74.314514;2.3;0.0;0.0;177.44;0.0;177.44;100.82549
2025-04-10 23:00:00;88.527632;0.0;0.0;41.364;200.0;45.96;245.96;111.47237
2025-04-11 00:00:00;90.580912;0.0;0.0;41.364;200.0;45.96;245.96;109.41909
2025-04-11 01:00:00;92.592927;0.0;0.0;41.364;200.0;45.96;245.96;107.40707
2025-04-11 02:00:00;94.066226;0.0;0.0;84.906;200.0;94.34;294.34;105.93377
2025-04-11 03:00:00;94.839425;0.0;0.0;84.906;200.0;94.34;294.34;105.16058
2025-04-11 04:00:00;95.36055;0.0;0.0;84.906;200.0;94.34;294.34;104.63945
2025-04-11 05:00:00;90.625304;0.0;0.0;179.199;200.0;199.11;399.11;109.3747
2025-04-11 06:00:00;82.602312;0.0;0.0;179.199;200.0;199.11;399.11;117.39769
2025-04-11 07:00:00;78.343329;0.0;0.0;179.199;200.0;199.11;399.11;121.65667
2025-04-11 08:00:00;73.383397;0.0;0.0;136.908;200.0;152.12;352.12;126.6166
2025-04-11 09:00:00;66.270285;3.18;0.0;136.908;200.0;152.12;352.12;130.54972
2025-04-11 10:00:00;52.365517;16.6;0.0;136.908;200.0;152.12;352.12;131.03448
2025-04-11 11:00:00;4.3;52.00000000000001;0.0;0.0;163.27;0.0;163.27;106.97
2025-04-11 12:00:00;0.0;98.8;42.5;0.0;163.27;0.0;163.27;106.97
2025-04-11 13:00:00;0.0;133.0;76.7;0.0;163.27;0.0;163.27;106.97
2025-04-11 14:00:00;0.0;153.0;126.44828;0.0;77.0;0.0;77.0;50.448276
2025-04-11 15:00:00;0.0;165.0;138.44828;0.0;77.0;0.0;77.0;50.448276
2025-04-11 16:00:00;0.0;166.0;139.44828;0.0;77.0;0.0;77.0;50.448276
2025-04-11 17:00:00;0.0;157.0;136.22759;0.0;60.24;0.0;60.239999999999995;39.467586
2025-04-11 18:00:00;0.0;135.0;114.22759;0.0;60.24;0.0;60.239999999999995;39.467586
2025-04-11 19:00:00;0.0;106.0;85.227586;0.0;60.24;0.0;60.239999999999995;39.467586
2025-04-11 20:00:00;0.0;59.599999999999994;24.765517;0.0;101.02;0.0;101.02;66.185517
2025-04-11 21:00:00;16.106148;19.7;0.0;0.0;101.02;0.0;101.02;65.213852
2025-04-11 22:00:00;35.649052;2.07;0.0;0.0;101.02;0.0;101.02;63.300948
2025-04-11 23:00:00;65.760364;0.0;0.0;0.0;166.09;0.0;166.09;100.32964
2025-04-12 00:00:00;68.706273;0.0;0.0;0.0;166.09;0.0;166.09;97.383727
2025-04-12 01:00:00;70.716209;0.0;0.0;0.0;166.09;0.0;166.09;95.373791
2025-04-12 02:00:00;86.83303;0.0;0.0;20.493;200.0;22.77;222.77;113.16697
2025-04-12 03:00:00;87.755213;0.0;0.0;20.493;200.0;22.77;222.77;112.24479
2025-04-12 04:00:00;88.316423;0.0;0.0;20.493;200.0;22.77;222.77;111.68358
2025-04-12 05:00:00;83.505877;0.0;0.0;78.534;200.0;87.26;287.26;116.49412
2025-04-12 06:00:00;71.604649;0.0;0.0;78.534;200.0;87.26;287.26;128.39535
2025-04-12 07:00:00;68.965517;0.0;0.0;78.534;200.0;87.26;287.26;131.03448
2025-04-12 08:00:00;59.886207;0.0;0.0;0.0;173.67;0.0;173.67;113.78379
2025-04-12 09:00:00;56.336207;3.55;0.0;0.0;173.67;0.0;173.67;113.78379
2025-04-12 10:00:00;44.086207;15.8;0.0;0.0;173.67;0.0;173.67;113.78379
2025-04-12 11:00:00;0.0;51.1;32.706897;0.0;53.34;0.0;53.34;34.946897
2025-04-12 12:00:00;0.0;93.70000000000002;75.306897;0.0;53.34;0.0;53.34;34.946897
2025-04-12 13:00:00;0.0;130.0;111.6069;0.0;53.34;0.0;53.34;34.946897
2025-04-12 14:00:00;0.0;151.0;143.11724;0.0;22.86;0.0;22.86;14.977241
2025-04-12 15:00:00;0.0;163.0;155.11724;0.0;22.86;0.0;22.86;14.977241
2025-04-12 16:00:00;0.0;165.0;157.11724;0.0;22.86;0.0;22.86;14.977241
2025-04-12 17:00:00;0.0;157.0;149.34138;0.0;22.21;0.0;22.21;14.551379
2025-04-12 18:00:00;0.0;139.0;131.34138;0.0;22.21;0.0;22.21;14.551379
2025-04-12 19:00:00;0.0;111.00000000000001;103.34138;0.0;22.21;0.0;22.21;14.551379
2025-04-12 20:00:00;0.0;68.3;55.213793;0.0;37.95;0.0;37.95;24.863793
2025-04-12 21:00:00;0.0;14.5;1.4137931;0.0;37.95;0.0;37.95;24.863793
2025-04-12 22:00:00;9.8162069;3.27;0.0;0.0;37.95;0.0;37.95;24.863793
2025-04-12 23:00:00;21.655172;0.0;0.0;0.0;62.8;0.0;62.8;41.144828
2025-04-13 00:00:00;21.655172;0.0;0.0;0.0;62.8;0.0;62.8;41.144828
2025-04-13 01:00:00;21.655172;0.0;0.0;0.0;62.8;0.0;62.8;41.144828
2025-04-13 02:00:00;23.524138;0.0;0.0;0.0;68.22;0.0;68.22;44.695862
2025-04-13 03:00:00;23.524138;0.0;0.0;0.0;68.22;0.0;68.22;44.695862
2025-04-13 04:00:00;23.524138;0.0;0.0;0.0;68.22;0.0;68.22;44.695862
2025-04-13 05:00:00;34.006897;0.0;0.0;0.0;98.62;0.0;98.62;64.613103
2025-04-13 06:00:00;34.006897;0.0;0.0;0.0;98.62;0.0;98.62;64.613103
2025-04-13 07:00:00;34.006897;0.0;0.0;0.0;98.62;0.0;98.62;64.613103
2025-04-13 08:00:00;33.531034;0.0;0.0;0.0;97.24;0.0;97.24;63.708966
2025-04-13 09:00:00;30.831034;2.7;0.0;0.0;97.24;0.0;97.24;63.708966
2025-04-13 10:00:00;18.631034;14.899999999999999;0.0;0.0;97.24;0.0;97.24;63.708966
2025-04-13 11:00:00;0.0;30.2;6.0931034;0.0;69.91;0.0;69.91;45.803103
2025-04-13 12:00:00;5.8068966;18.3;0.0;0.0;69.91;0.0;69.91;45.803103
2025-04-13 13:00:00;2.1068966;22.000000000000004;0.0;0.0;69.91;0.0;69.91;45.803103
2025-04-13 14:00:00;0.0;58.1;38.486207;0.0;56.88;0.0;56.879999999999995;37.266207
2025-04-13 15:00:00;0.0;80.7;61.086207;0.0;56.88;0.0;56.879999999999995;37.266207
2025-04-13 16:00:00;0.0;103.0;83.386207;0.0;56.88;0.0;56.879999999999995;37.266207
2025-04-13 17:00:00;0.0;61.1;31.868966;0.0;84.77;0.0;84.77;55.538966
2025-04-13 18:00:00;2.7310345;26.5;0.0;0.0;84.77;0.0;84.77;55.538966
2025-04-13 19:00:00;0.0;41.7;12.468966;0.0;84.77;0.0;84.77;55.538966
2025-04-13 20:00:00;1.9076858;42.8;0.0;0.0;128.48;0.0;128.48;83.772314
2025-04-13 21:00:00;24.959322;20.8;0.0;0.0;128.48;0.0;128.48;82.720678
2025-04-13 22:00:00;43.867438;2.37;0.0;0.0;128.48;0.0;128.48;82.242562
2025-04-13 23:00:00;60.47147;0.0;0.0;0.0;167.34;0.0;167.34;106.86853
2025-04-14 00:00:00;61.305267;0.0;0.0;0.0;167.34;0.0;167.34;106.03473
2025-04-14 01:00:00;61.774188;0.0;0.0;0.0;167.34;0.0;167.34;105.56581
2025-04-14 02:00:00;68.00267;0.0;0.0;0.0;181.42;0.0;181.42;113.41733
2025-04-14 03:00:00;68.55614;0.0;0.0;0.0;181.42;0.0;181.42;112.86386
2025-04-14 04:00:00;69.581838;0.0;0.0;0.0;181.42;0.0;181.42;111.83816
2025-04-14 05:00:00;75.66865;0.0;0.0;40.734;200.0;45.26;245.26000000000002;124.33135
2025-04-14 06:00:00;71.74399;0.0;0.0;40.734;200.0;45.26;245.26000000000002;128.25601
2025-04-14 07:00:00;68.965517;0.0;0.0;40.734;200.0;45.26;245.26000000000002;131.03448
2025-04-14 08:00:00;68.865517;0.1;0.0;32.166;200.0;35.74;235.74000000000004;131.03448
2025-04-14 09:00:00;61.985517;6.98;0.0;32.166;200.0;35.74;235.74000000000004;131.03448
2025-04-14 10:00:00;44.665517;24.3;0.0;32.166;200.0;35.74;235.74000000000004;131.03448
2025-04-14 11:00:00;0.0;49.4;9.2931034;0.0;116.31;0.0;116.31;76.203103
2025-04-14 12:00:00;0.0;95.7;55.593103;0.0;116.31;0.0;116.31;76.203103
2025-04-14 13:00:00;0.0;130.0;89.893103;0.0;116.31;0.0;116.31;76.203103
2025-04-14 14:00:00;0.0;139.0;116.95517;0.0;63.93;0.0;63.93;41.885172
2025-04-14 15:00:00;0.0;132.0;109.95517;0.0;63.93;0.0;63.93;41.885172
2025-04-14 16:00:00;0.0;115.0;92.955172;0.0;63.93;0.0;63.93;41.885172
2025-04-14 17:00:00;0.0;128.0;115.8;0.0;35.38;0.0;35.38;23.18
2025-04-14 18:00:00;0.0;94.3;82.1;0.0;35.38;0.0;35.38;23.18
2025-04-14 19:00:00;0.0;73.2;61.0;0.0;35.38;0.0;35.38;23.18
2025-04-14 20:00:00;0.0;51.2;31.5;0.0;57.13;0.0;57.129999999999995;37.43
2025-04-14 21:00:00;0.0;24.4;4.7;0.0;57.13;0.0;57.129999999999995;37.43
2025-04-14 22:00:00;17.040363;2.8299999999999996;0.0;0.0;57.13;0.0;57.129999999999995;37.259637
2025-04-14 23:00:00;35.417424;0.0;0.0;0.0;100.26;0.0;100.26;64.842576
2025-04-15 00:00:00;35.83796;0.0;0.0;0.0;100.26;0.0;100.26;64.42204
2025-04-15 01:00:00;36.343035;0.0;0.0;0.0;100.26;0.0;100.26;63.916965
2025-04-15 02:00:00;47.36547;0.0;0.0;0.0;129.65;0.0;129.65;82.28453
2025-04-15 03:00:00;47.808905;0.0;0.0;0.0;129.65;0.0;129.65;81.841095
2025-04-15 04:00:00;48.046549;0.0;0.0;0.0;129.65;0.0;129.65;81.603451
2025-04-15 05:00:00;59.80935;0.0;0.0;0.0;167.38;0.0;167.38;107.57065
2025-04-15 06:00:00;57.717241;0.0;0.0;0.0;167.38;0.0;167.38;109.66276
2025-04-15 07:00:00;57.717241;0.0;0.0;0.0;167.38;0.0;167.38;109.66276
2025-04-15 08:00:00;43.982759;0.0;0.0;0.0;127.55;0.0;127.54999999999998;83.567241
2025-04-15 09:00:00;39.832759;4.15;0.0;0.0;127.55;0.0;127.54999999999998;83.567241
2025-04-15 10:00:00;26.682759;17.3;0.0;0.0;127.55;0.0;127.54999999999998;83.567241
2025-04-15 11:00:00;0.0;56.2;44.217241;0.0;34.75;0.0;34.75;22.767241
2025-04-15 12:00:00;0.0;98.6;86.617241;0.0;34.75;0.0;34.75;22.767241
2025-04-15 13:00:00;0.0;96.4;84.417241;0.0;34.75;0.0;34.75;22.767241
2025-04-15 14:00:00;0.0;49.5;33.796552;0.0;45.54;0.0;45.54;29.836552
2025-04-15 15:00:00;0.0;58.0;42.296552;0.0;45.54;0.0;45.54;29.836552
2025-04-15 16:00:00;0.0;37.8;22.096552;0.0;45.54;0.0;45.54;29.836552
2025-04-15 17:00:00;0.0;52.7;32.317241;0.0;59.11;0.0;59.10999999999999;38.727241
2025-04-15 18:00:00;0.0;36.2;15.817241;0.0;59.11;0.0;59.10999999999999;38.727241
2025-04-15 19:00:00;3.0827586;17.3;0.0;0.0;59.11;0.0;59.10999999999999;38.727241
2025-04-15 20:00:00;14.689655;14.799999999999999;0.0;0.0;85.52;0.0;85.52;56.030345
2025-04-15 21:00:00;17.017847;12.599999999999998;0.0;0.0;85.52;0.0;85.52;55.902153
2025-04-15 22:00:00;27.700999;2.33;0.0;0.0;85.52;0.0;85.52;55.489001
2025-04-15 23:00:00;41.330066;0.0;0.0;0.0;115.65;0.0;115.65000000000002;74.319934
2025-04-16 00:00:00;42.099179;0.0;0.0;0.0;115.65;0.0;115.65000000000002;73.550821
2025-04-16 01:00:00;42.443036;0.0;0.0;0.0;115.65;0.0;115.65000000000002;73.206964
2025-04-16 02:00:00;45.20128;0.0;0.0;0.0;122.35;0.0;122.35;77.14872
2025-04-16 03:00:00;45.238166;0.0;0.0;0.0;122.35;0.0;122.35;77.111834
2025-04-16 04:00:00;45.815223;0.0;0.0;0.0;122.35;0.0;122.35;76.534777
2025-04-16 05:00:00;60.110989;0.0;0.0;0.0;163.69;0.0;163.69;103.57901
2025-04-16 06:00:00;58.08;0.0;0.0;0.0;163.69;0.0;163.69;105.61
2025-04-16 07:00:00;58.091524;0.0;0.0;0.0;163.69;0.0;163.69;105.59848
2025-04-16 08:00:00;71.684941;0.3;0.0;30.843;200.0;34.27;234.27000000000004;128.01506
2025-04-16 09:00:00;71.876637;0.8;0.0;30.843;200.0;34.27;234.27000000000004;127.32336
2025-04-16 10:00:00;67.29962;5.32;0.0;30.843;200.0;34.27;234.27000000000004;127.38038
2025-04-16 11:00:00;58.341299;14.4;0.0;60.723;200.0;67.47;267.47;127.2587
2025-04-16 12:00:00;55.857041;16.8;0.0;60.723;200.0;67.47;267.47;127.34296
2025-04-16 13:00:00;46.154145;26.4;0.0;60.723;200.0;67.47;267.47;127.44585
2025-04-16 14:00:00;51.096663;22.000000000000004;0.0;50.535;200.0;56.15;256.15;126.90334
2025-04-16 15:00:00;51.30023;22.099999999999998;0.0;50.535;200.0;56.15;256.15;126.59977
2025-04-16 16:00:00;50.5524;23.0;0.0;50.535;200.0;56.15;256.15;126.4476
2025-04-16 17:00:00;47.577465;23.5;0.0;0.0;191.59;0.0;191.59;120.51254
2025-04-16 18:00:00;53.382947;18.8;0.0;0.0;191.59;0.0;191.59;119.40705
2025-04-16 19:00:00;60.493002;12.599999999999998;0.0;0.0;191.59;0.0;191.59;118.497
2025-04-16 20:00:00;68.849414;8.03;0.0;0.0;199.28;0.0;199.28;122.40059
2025-04-16 21:00:00;73.997181;3.3299999999999996;0.0;0.0;199.28;0.0;199.28;121.95282
2025-04-16 22:00:00;76.978309;0.6;0.0;0.0;199.28;0.0;199.28;121.70169
2025-04-16 23:00:00;77.953656;0.0;0.0;14.247;200.0;15.83;215.83;122.04634
2025-04-17 00:00:00;77.942382;0.0;0.0;14.247;200.0;15.83;215.83;122.05762
2025-04-17 01:00:00;77.940231;0.0;0.0;14.247;200.0;15.83;215.83;122.05977
2025-04-17 02:00:00;77.957662;0.0;0.0;23.589;200.0;26.21;226.21;122.04234
2025-04-17 03:00:00;78.490454;0.0;0.0;23.589;200.0;26.21;226.21;121.50955
2025-04-17 04:00:00;79.324748;0.0;0.0;23.589;200.0;26.21;226.21;120.67525
2025-04-17 05:00:00;79.898582;0.0;0.0;83.925;200.0;93.25;293.25;120.10142
2025-04-17 06:00:00;79.156275;0.0;0.0;83.925;200.0;93.25;293.25;120.84373
2025-04-17 07:00:00;77.941418;0.0;0.0;83.925;200.0;93.25;293.25;122.05858
2025-04-17 08:00:00;77.155436;0.0;0.0;125.856;200.0;139.84;339.84;122.84456
2025-04-17 09:00:00;76.399967;0.633;0.0;125.856;200.0;139.84;339.84;122.96703
2025-04-17 10:00:00;73.260905;3.88;0.0;125.856;200.0;139.84;339.84;122.8591
2025-04-17 11:00:00;67.395168;9.7;0.0;121.104;200.0;134.56;334.56;122.90483
2025-04-17 12:00:00;57.985137;18.3;0.0;121.104;200.0;134.56;334.56;123.71486
2025-04-17 13:00:00;59.305763;16.8;0.0;121.104;200.0;134.56;334.56;123.89424
2025-04-17 14:00:00;53.331508;23.4;0.0;96.705;200.0;107.45;307.45;123.26849
2025-04-17 15:00:00;49.88524;27.5;0.0;96.705;200.0;107.45;307.45;122.61476
2025-04-17 16:00:00;55.155487;22.5;0.0;96.705;200.0;107.45;307.45;122.34451
2025-04-17 17:00:00;54.92011;23.4;0.0;46.512;200.0;51.68;251.68;121.67989
2025-04-17 18:00:00;60.590114;18.4;0.0;46.512;200.0;51.68;251.68;121.00989
2025-04-17 19:00:00;64.87163;14.4;0.0;46.512;200.0;51.68;251.68;120.72837
2025-04-17 20:00:00;74.663615;5.03;0.0;41.724;200.0;46.36;246.36;120.30638
2025-04-17 21:00:00;78.621238;1.53;0.0;41.724;200.0;46.36;246.36;119.84876
2025-04-17 22:00:00;79.85581;0.5;0.0;41.724;200.0;46.36;246.36;119.64419
2025-04-17 23:00:00;80.450823;0.0;0.0;36.261;200.0;40.29;240.28999999999996;119.54918
2025-04-18 00:00:00;80.646606;0.0;0.0;36.261;200.0;40.29;240.28999999999996;119.35339
2025-04-18 01:00:00;80.751223;0.0;0.0;36.261;200.0;40.29;240.28999999999996;119.24878
2025-04-18 02:00:00;80.696178;0.0;0.0;51.57;200.0;57.3;257.3;119.30382
2025-04-18 03:00:00;81.234881;0.0;0.0;51.57;200.0;57.3;257.3;118.76512
2025-04-18 04:00:00;81.677353;0.0;0.0;51.57;200.0;57.3;257.3;118.32265
2025-04-18 05:00:00;80.494222;0.0;0.0;69.624;200.0;77.36;277.36;119.50578
2025-04-18 06:00:00;79.645577;0.0;0.0;69.624;200.0;77.36;277.36;120.35442
2025-04-18 07:00:00;79.153521;0.0;0.0;69.624;200.0;77.36;277.36;120.84648
2025-04-18 08:00:00;78.411268;0.0;0.0;92.079;200.0;102.31;302.31;121.58873
2025-04-18 09:00:00;74.735997;1.78;0.0;92.079;200.0;102.31;302.31;123.484
2025-04-18 10:00:00;69.612782;5.38;0.0;92.079;200.0;102.31;302.31;125.00722
2025-04-18 11:00:00;61.211441;12.0;0.0;44.649;200.0;49.61;249.61;126.78856
2025-04-18 12:00:00;47.528347;24.3;0.0;44.649;200.0;49.61;249.61;128.17165
2025-04-18 13:00:00;11.65642;59.1;0.0;44.649;200.0;49.61;249.61;129.24358
2025-04-18 14:00:00;2.9633329;58.39999999999999;0.0;0.0;173.98;0.0;173.98;112.61667
2025-04-18 15:00:00;0.0;79.7;17.938866;0.0;173.98;0.0;173.98;112.21887
2025-04-18 16:00:00;0.0;135.0;72.289542;0.0;173.98;0.0;173.98;111.26954
2025-04-18 17:00:00;0.0;131.0;73.547659;0.0;155.74;0.0;155.74;98.287659
2025-04-18 18:00:00;3.59494;55.8;0.0;0.0;155.74;0.0;155.74;96.34506
2025-04-18 19:00:00;8.4267859;52.60000000000001;0.0;0.0;155.74;0.0;155.74;94.713214
2025-04-18 20:00:00;32.769741;41.0;0.0;0.0;183.37;0.0;183.37;109.60026
2025-04-18 21:00:00;71.518482;5.23;0.0;0.0;183.37;0.0;183.37;106.62152
2025-04-18 22:00:00;76.978336;1.9699999999999998;0.0;0.0;183.37;0.0;183.37;104.42166
2025-04-18 23:00:00;88.228118;0.0;0.0;0.0;199.85;0.0;199.85;111.62188
2025-04-19 00:00:00;90.324315;0.0;0.0;0.0;199.85;0.0;199.85;109.52569
2025-04-19 01:00:00;91.36206;0.0;0.0;0.0;199.85;0.0;199.85;108.48794
2025-04-19 02:00:00;91.39126;0.0;0.0;17.946;200.0;19.94;219.94;108.60874
2025-04-19 03:00:00;92.908281;0.0;0.0;17.946;200.0;19.94;219.94;107.09172
2025-04-19 04:00:00;94.077137;0.0;0.0;17.946;200.0;19.94;219.94;105.92286
2025-04-19 05:00:00;87.47195;0.0;0.0;19.656;200.0;21.84;221.84000000000003;112.52805
2025-04-19 06:00:00;78.185411;0.0;0.0;19.656;200.0;21.84;221.84000000000003;121.81459
2025-04-19 07:00:00;73.359937;0.0;0.0;19.656;200.0;21.84;221.84000000000003;126.64006
2025-04-19 08:00:00;66.242703;0.0;0.0;0.0;188.77;0.0;188.77;122.5273
2025-04-19 09:00:00;59.443103;5.650000000000001;0.0;0.0;188.77;0.0;188.77;123.6769
2025-04-19 10:00:00;43.393103;21.7;0.0;0.0;188.77;0.0;188.77;123.6769
2025-04-19 11:00:00;0.0;54.89999999999999;13.6;0.0;119.77;0.0;119.77000000000001;78.47
2025-04-19 12:00:00;0.0;80.0;38.7;0.0;119.77;0.0;119.77000000000001;78.47
2025-04-19 13:00:00;0.0;135.0;93.7;0.0;119.77;0.0;119.77000000000001;78.47
2025-04-19 14:00:00;0.0;144.0;111.07586;0.0;95.48;0.0;95.48;62.555862
2025-04-19 15:00:00;0.0;132.0;99.075862;0.0;95.48;0.0;95.48;62.555862
2025-04-19 16:00:00;0.0;95.3;62.375862;0.0;95.48;0.0;95.48;62.555862
2025-04-19 17:00:00;0.0;152.0;124.33448;0.0;80.23;0.0;80.23;52.564483
2025-04-19 18:00:00;0.0;105.0;77.334483;0.0;80.23;0.0;80.23;52.564483
2025-04-19 19:00:00;0.0;103.0;75.289618;0.0;80.23;0.0;80.23;52.519618
2025-04-19 20:00:00;0.0;53.4;7.6517277;0.0;130.04;0.0;130.04;84.291728
2025-04-19 21:00:00;30.310775;16.1;0.0;0.0;130.04;0.0;130.04;83.629225
2025-04-19 22:00:00;44.476522;2.73;0.0;0.0;130.04;0.0;130.04;82.833478
2025-04-19 23:00:00;65.844017;0.0;0.0;0.0;177.28;0.0;177.28;111.43598
2025-04-20 00:00:00;68.539502;0.0;0.0;0.0;177.28;0.0;177.28;108.7405
2025-04-20 01:00:00;70.150904;0.0;0.0;0.0;177.28;0.0;177.28;107.1291
2025-04-20 02:00:00;80.665665;0.0;0.0;14.769;200.0;16.41;216.41;119.33433
2025-04-20 03:00:00;81.301717;0.0;0.0;14.769;200.0;16.41;216.41;118.69828
2025-04-20 04:00:00;82.029854;0.0;0.0;14.769;200.0;16.41;216.41;117.97015
2025-04-20 05:00:00;77.056371;0.0;0.0;28.161;200.0;31.29;231.29;122.94363
2025-04-20 06:00:00;72.142791;0.0;0.0;28.161;200.0;31.29;231.29;127.85721
2025-04-20 07:00:00;68.965517;0.0;0.0;28.161;200.0;31.29;231.29;131.03448
2025-04-20 08:00:00;57.437931;0.7000000000000002;0.0;0.0;168.6;0.0;168.6;110.46207
2025-04-20 09:00:00;53.137931;5.0;0.0;0.0;168.6;0.0;168.6;110.46207
2025-04-20 10:00:00;38.037931;20.1;0.0;0.0;168.6;0.0;168.6;110.46207
2025-04-20 11:00:00;0.0;57.79999999999999;28.17931;0.0;85.9;0.0;85.9;56.27931
2025-04-20 12:00:00;0.0;99.89999999999999;70.27931;0.0;85.9;0.0;85.9;56.27931
2025-04-20 13:00:00;0.0;130.0;100.37931;0.0;85.9;0.0;85.9;56.27931
2025-04-20 14:00:00;0.0;121.0;104.6;0.0;47.56;0.0;47.56;31.16
2025-04-20 15:00:00;0.0;161.0;144.6;0.0;47.56;0.0;47.56;31.16
2025-04-20 16:00:00;0.0;117.0;100.6;0.0;47.56;0.0;47.56;31.16
2025-04-20 17:00:00;0.0;60.9;29.210345;0.0;91.9;0.0;91.9;60.210345
2025-04-20 18:00:00;11.489655;20.2;0.0;0.0;91.9;0.0;91.9;60.210345
2025-04-20 19:00:00;0.0;34.0;2.0025515;0.0;91.9;0.0;91.9;59.902551
2025-04-20 20:00:00;43.603246;4.45;0.0;0.0;135.85;0.0;135.85;87.796754
2025-04-20 21:00:00;46.652517;2.8;0.0;0.0;135.85;0.0;135.85;86.397483
2025-04-20 22:00:00;50.913354;0.533;0.0;0.0;135.85;0.0;135.85;84.403646
2025-04-20 23:00:00;70.243516;0.0;0.0;0.0;179.23;0.0;179.23;108.98648
2025-04-21 00:00:00;71.834912;0.0;0.0;0.0;179.23;0.0;179.23;107.39509
2025-04-21 01:00:00;72.62989;0.0;0.0;0.0;179.23;0.0;179.23;106.60011
2025-04-21 02:00:00;81.505155;0.0;0.0;27.234;200.0;30.26;230.26000000000002;118.49484
2025-04-21 03:00:00;81.336347;0.0;0.0;27.234;200.0;30.26;230.26000000000002;118.66365
2025-04-21 04:00:00;79.531834;0.0;0.0;27.234;200.0;30.26;230.26000000000002;120.46817
2025-04-21 05:00:00;75.75731;0.0;0.0;46.179;200.0;51.31;251.31;124.24269
2025-04-21 06:00:00;71.327956;0.0;0.0;46.179;200.0;51.31;251.31;128.67204
2025-04-21 07:00:00;68.965517;0.0;0.0;46.179;200.0;51.31;251.31;131.03448
2025-04-21 08:00:00;58.441379;0.6;0.0;0.0;171.22;0.0;171.22;112.17862
2025-04-21 09:00:00;54.741379;4.3;0.0;0.0;171.22;0.0;171.22;112.17862
2025-04-21 10:00:00;37.741379;21.3;0.0;0.0;171.22;0.0;171.22;112.17862
2025-04-21 11:00:00;0.0;63.099999999999994;24.265517;0.0;112.62;0.0;112.62;73.785517
2025-04-21 12:00:00;0.0;96.1;57.265517;0.0;112.62;0.0;112.62;73.785517
2025-04-21 13:00:00;0.0;47.50000000000001;8.6655172;0.0;112.62;0.0;112.62;73.785517
2025-04-21 14:00:00;3.1206897;33.2;0.0;0.0;105.33;0.0;105.33;69.00931
2025-04-21 15:00:00;0.0;40.4;4.0793103;0.0;105.33;0.0;105.33;69.00931
2025-04-21 16:00:00;0.0;37.0;0.67931034;0.0;105.33;0.0;105.33;69.00931
2025-04-21 17:00:00;21.044828;18.4;0.0;0.0;114.39;0.0;114.39;74.945172
2025-04-21 18:00:00;19.344828;20.1;0.0;0.0;114.39;0.0;114.39;74.945172
2025-04-21 19:00:00;21.360289;19.3;0.0;0.0;114.39;0.0;114.39;73.729711
2025-04-21 20:00:00;33.052763;15.3;0.0;0.0;134.02;0.0;134.02;85.667237
2025-04-21 21:00:00;39.688718;9.3;0.0;0.0;134.02;0.0;134.02;85.031282
2025-04-21 22:00:00;45.840915;3.45;0.0;0.0;134.02;0.0;134.02;84.729085
2025-04-21 23:00:00;63.135281;0.0;0.0;0.0;169.9;0.0;169.9;106.76472
2025-04-22 00:00:00;63.337547;0.0;0.0;0.0;169.9;0.0;169.9;106.56245
2025-04-22 01:00:00;63.752707;0.0;0.0;0.0;169.9;0.0;169.9;106.14729
2025-04-22 02:00:00;61.94991;0.0;0.0;0.0;163.89;0.0;163.89;101.94009
2025-04-22 03:00:00;62.324511;0.0;0.0;0.0;163.89;0.0;163.89;101.56549
2025-04-22 04:00:00;62.561259;0.0;0.0;0.0;163.89;0.0;163.89;101.32874
2025-04-22 05:00:00;74.83002;0.0;0.0;4.392;200.0;4.88;204.88;125.16998
2025-04-22 06:00:00;71.611096;0.0;0.0;4.392;200.0;4.88;204.88;128.3889
2025-04-22 07:00:00;69.163206;0.0;0.0;4.392;200.0;4.88;204.88;130.83679
2025-04-22 08:00:00;68.965517;0.0;0.0;49.482;200.0;54.98;254.98;131.03448
2025-04-22 09:00:00;64.335517;4.63;0.0;49.482;200.0;54.98;254.98;131.03448
2025-04-22 10:00:00;50.365517;18.6;0.0;49.482;200.0;54.98;254.98;131.03448
2025-04-22 11:00:00;10.462069;38.3;0.0;0.0;141.41;0.0;141.41;92.647931
2025-04-22 12:00:00;0.0;51.3;2.537931;0.0;141.41;0.0;141.41;92.647931
2025-04-22 13:00:00;0.0;92.90000000000002;44.137931;0.0;141.41;0.0;141.41;92.647931
2025-04-22 14:00:00;0.0;133.0;112.48966;0.0;59.48;0.0;59.48;38.969655
2025-04-22 15:00:00;0.0;116.0;95.489655;0.0;59.48;0.0;59.48;38.969655
2025-04-22 16:00:00;0.0;143.0;122.48966;0.0;59.48;0.0;59.48;38.969655
2025-04-22 17:00:00;0.0;139.0;121.65172;0.0;50.31;0.0;50.31;32.961724
2025-04-22 18:00:00;0.0;126.0;108.65172;0.0;50.31;0.0;50.31;32.961724
2025-04-22 19:00:00;0.0;73.0;55.076897;0.0;50.31;0.0;50.31;32.386897
2025-04-22 20:00:00;0.0;43.3;14.276998;0.0;78.71;0.0;78.71;49.686998
2025-04-22 21:00:00;11.775865;17.9;0.0;0.0;78.71;0.0;78.71;49.034135
2025-04-22 22:00:00;27.259621;2.4;0.0;0.0;78.71;0.0;78.71;49.050379
2025-04-22 23:00:00;45.444335;0.0;0.0;0.0;120.29;0.0;120.29000000000002;74.845665
2025-04-23 00:00:00;45.480032;0.0;0.0;0.0;120.29;0.0;120.29000000000002;74.809968
2025-04-23 01:00:00;45.277915;0.0;0.0;0.0;120.29;0.0;120.29000000000002;75.012085
2025-04-23 02:00:00;55.433227;0.0;0.0;0.0;147.87;0.0;147.87;92.436773
2025-04-23 03:00:00;55.593603;0.0;0.0;0.0;147.87;0.0;147.87;92.276397
2025-04-23 04:00:00;55.880476;0.0;0.0;0.0;147.87;0.0;147.87;91.989524
2025-04-23 05:00:00;73.536831;0.0;0.0;0.0;198.06;0.0;198.06;124.52317
2025-04-23 06:00:00;70.287482;0.0;0.0;0.0;198.06;0.0;198.06;127.77252
2025-04-23 07:00:00;68.296552;0.0;0.0;0.0;198.06;0.0;198.06;129.76345
2025-04-23 08:00:00;68.965517;0.0;0.0;15.966;200.0;17.74;217.74;131.03448
2025-04-23 09:00:00;63.865517;5.1;0.0;15.966;200.0;17.74;217.74;131.03448
2025-04-23 10:00:00;48.965517;20.0;0.0;15.966;200.0;17.74;217.74;131.03448
2025-04-23 11:00:00;30.482759;16.5;0.0;0.0;136.25;0.0;136.25;89.267241
2025-04-23 12:00:00;0.0;86.8;39.817241;0.0;136.25;0.0;136.25;89.267241
2025-04-23 13:00:00;0.0;70.2;23.217241;0.0;136.25;0.0;136.25;89.267241
2025-04-23 14:00:00;7.9896552;51.9;0.0;0.0;173.68;0.0;173.68;113.79034
2025-04-23 15:00:00;38.589655;21.3;0.0;0.0;173.68;0.0;173.68;113.79034
2025-04-23 16:00:00;40.789655;19.1;0.0;0.0;173.68;0.0;173.68;113.79034
2025-04-23 17:00:00;2.165443;49.4;0.0;0.0;148.78;0.0;148.78;97.214557
2025-04-23 18:00:00;23.346173;30.5;0.0;0.0;148.78;0.0;148.78;94.933827
2025-04-23 19:00:00;29.652947;25.6;0.0;0.0;148.78;0.0;148.78;93.527053
2025-04-23 20:00:00;41.795242;23.5;0.0;0.0;172.11;0.0;172.11;106.81476
2025-04-23 21:00:00;47.969482;17.8;0.0;0.0;172.11;0.0;172.11;106.34052
2025-04-23 22:00:00;63.862855;2.25;0.0;0.0;172.11;0.0;172.11;105.99715
2025-04-23 23:00:00;69.345463;0.0;0.0;0.0;182.13;0.0;182.13;112.78454
2025-04-24 00:00:00;69.231555;0.0;0.0;0.0;182.13;0.0;182.13;112.89845
2025-04-24 01:00:00;69.088127;0.0;0.0;0.0;182.13;0.0;182.13;113.04187
2025-04-24 02:00:00;66.209693;0.0;0.0;0.0;173.76;0.0;173.76;107.55031
2025-04-24 03:00:00;66.663834;0.0;0.0;0.0;173.76;0.0;173.76;107.09617
2025-04-24 04:00:00;66.842582;0.0;0.0;0.0;173.76;0.0;173.76;106.91742
2025-04-24 05:00:00;76.272353;0.0;0.0;16.983;200.0;18.87;218.87;123.72765
2025-04-24 06:00:00;74.699488;0.0;0.0;16.983;200.0;18.87;218.87;125.30051
2025-04-24 07:00:00;73.227016;0.0;0.0;16.983;200.0;18.87;218.87;126.77298
2025-04-24 08:00:00;71.901099;0.0;0.0;33.66;200.0;37.4;237.39999999999998;128.0989
2025-04-24 09:00:00;69.826467;0.867;0.0;33.66;200.0;37.4;237.39999999999998;129.30653
2025-04-24 10:00:00;67.440129;2.68;0.0;33.66;200.0;37.4;237.39999999999998;129.87987
2025-04-24 11:00:00;55.860799;13.7;0.0;19.485;200.0;21.65;221.65;130.4392
2025-04-24 12:00:00;54.351584;15.3;0.0;19.485;200.0;21.65;221.65;130.34842
2025-04-24 13:00:00;51.43528;17.8;0.0;19.485;200.0;21.65;221.65;130.76472
2025-04-24 14:00:00;40.849881;26.099999999999998;0.0;0.0;193.11;0.0;193.11;126.16012
2025-04-24 15:00:00;35.482316;32.1;0.0;0.0;193.11;0.0;193.11;125.52768
2025-04-24 16:00:00;27.305714;41.1;0.0;0.0;193.11;0.0;193.11;124.70429
2025-04-24 17:00:00;18.390208;30.6;0.0;0.0;136.47;0.0;136.47;87.479792
2025-04-24 18:00:00;25.078661;23.9;0.0;0.0;136.47;0.0;136.47;87.491339
2025-04-24 19:00:00;22.333984;26.600000000000005;0.0;0.0;136.47;0.0;136.47;87.536016
2025-04-24 20:00:00;44.021933;13.4;0.0;0.0;159.54;0.0;159.54;102.11807
2025-04-24 21:00:00;52.446344;5.13;0.0;0.0;159.54;0.0;159.54;101.96366
2025-04-24 22:00:00;56.50297;1.4699999999999998;0.0;0.0;159.54;0.0;159.54;101.56703
2025-04-24 23:00:00;66.58562;0.0;0.0;0.0;181.49;0.0;181.49;114.90438
2025-04-25 00:00:00;67.47466;0.0;0.0;0.0;181.49;0.0;181.49;114.01534
2025-04-25 01:00:00;68.69572;0.0;0.0;0.0;181.49;0.0;181.49;112.79428
2025-04-25 02:00:00;68.934039;0.0;0.0;0.0;179.8;0.0;179.8;110.86596
2025-04-25 03:00:00;69.663831;0.0;0.0;0.0;179.8;0.0;179.8;110.13617
2025-04-25 04:00:00;70.452011;0.0;0.0;0.0;179.8;0.0;179.8;109.34799
2025-04-25 05:00:00;77.886581;0.0;0.0;31.851;200.0;35.39;235.39000000000001;122.11342
2025-04-25 06:00:00;76.565556;0.0;0.0;31.851;200.0;35.39;235.39000000000001;123.43444
2025-04-25 07:00:00;75.157149;0.0;0.0;31.851;200.0;35.39;235.39000000000001;124.84285
2025-04-25 08:00:00;73.207319;0.0;0.0;82.08;200.0;91.2;291.2;126.79268
2025-04-25 09:00:00;68.033078;2.97;0.0;82.08;200.0;91.2;291.2;128.99692
2025-04-25 10:00:00;55.365517;13.6;0.0;82.08;200.0;91.2;291.2;131.03448
2025-04-25 11:00:00;50.165517;18.8;0.0;61.29;200.0;68.1;268.1;131.03448
2025-04-25 12:00:00;39.265517;29.700000000000003;0.0;61.29;200.0;68.1;268.1;131.03448
2025-04-25 13:00:00;31.265517;37.7;0.0;61.29;200.0;68.1;268.1;131.03448
2025-04-25 14:00:00;32.893103;34.0;0.0;0.0;193.99;0.0;193.99;127.0969
2025-04-25 15:00:00;25.693103;41.2;0.0;0.0;193.99;0.0;193.99;127.0969
2025-04-25 16:00:00;24.593103;42.3;0.0;0.0;193.99;0.0;193.99;127.0969
2025-04-25 17:00:00;0.0;53.8;4.762069;0.0;142.21;0.0;142.21;93.172069
2025-04-25 18:00:00;0.63649747;49.9;0.0;0.0;142.21;0.0;142.21;91.673503
2025-04-25 19:00:00;13.779698;37.7;0.0;0.0;142.21;0.0;142.21;90.730302
2025-04-25 20:00:00;5.7401869;60.8;0.0;0.0;181.79;0.0;181.79;115.24981
2025-04-25 21:00:00;39.921108;27.6;0.0;0.0;181.79;0.0;181.79;114.26889
2025-04-25 22:00:00;63.434726;5.1;0.0;0.0;181.79;0.0;181.79;113.25527
2025-04-25 23:00:00;76.523501;0.0;0.0;29.979;200.0;33.31;233.31;123.4765
2025-04-26 00:00:00;77.475919;0.0;0.0;29.979;200.0;33.31;233.31;122.52408
2025-04-26 01:00:00;78.285606;0.0;0.0;29.979;200.0;33.31;233.31;121.71439
2025-04-26 02:00:00;79.162164;0.0;0.0;51.651;200.0;57.39;257.39;120.83784
2025-04-26 03:00:00;80.587343;0.0;0.0;51.651;200.0;57.39;257.39;119.41266
2025-04-26 04:00:00;81.428352;0.0;0.0;51.651;200.0;57.39;257.39;118.57165
2025-04-26 05:00:00;76.340374;0.0;0.0;104.724;200.0;116.36;316.36;123.65963
2025-04-26 06:00:00;72.698823;0.0;0.0;104.724;200.0;116.36;316.36;127.30118
2025-04-26 07:00:00;69.044988;0.0;0.0;104.724;200.0;116.36;316.36;130.95501
2025-04-26 08:00:00;67.665517;1.3;0.0;12.339;200.0;13.71;213.71;131.03448
2025-04-26 09:00:00;61.215517;7.75;0.0;12.339;200.0;13.71;213.71;131.03448
2025-04-26 10:00:00;43.465517;25.499999999999996;0.0;12.339;200.0;13.71;213.71;131.03448
2025-04-26 11:00:00;0.0;63.50000000000001;30.872414;0.0;94.62;0.0;94.62;61.992414
2025-04-26 12:00:00;0.0;104.00000000000001;71.372414;0.0;94.62;0.0;94.62;61.992414
2025-04-26 13:00:00;0.0;133.0;100.37241;0.0;94.62;0.0;94.62;61.992414
2025-04-26 14:00:00;0.0;155.0;136.53103;0.0;53.56;0.0;53.56;35.091034
2025-04-26 15:00:00;0.0;150.0;131.53103;0.0;53.56;0.0;53.56;35.091034
2025-04-26 16:00:00;0.0;104.00000000000001;85.531034;0.0;53.56;0.0;53.56;35.091034
2025-04-26 17:00:00;0.0;103.0;93.982759;0.0;26.15;0.0;26.15;17.132759
2025-04-26 18:00:00;0.0;138.0;128.98276;0.0;26.15;0.0;26.15;17.132759
2025-04-26 19:00:00;0.0;113.0;103.98276;0.0;26.15;0.0;26.15;17.132759
2025-04-26 20:00:00;0.0;73.4;49.058868;0.0;70.07;0.0;70.07;45.728868
2025-04-26 21:00:00;0.0;30.5;5.596227;0.0;70.07;0.0;70.07;45.166227
2025-04-26 22:00:00;21.001117;4.53;0.0;0.0;70.07;0.0;70.07;44.538883
2025-04-26 23:00:00;41.824205;0.0;0.0;0.0;111.83;0.0;111.83;70.005795
2025-04-27 00:00:00;42.965191;0.0;0.0;0.0;111.83;0.0;111.83;68.864809
2025-04-27 01:00:00;44.226684;0.0;0.0;0.0;111.83;0.0;111.83;67.603316
2025-04-27 02:00:00;60.015848;0.0;0.0;0.0;150.33;0.0;150.33;90.314152
2025-04-27 03:00:00;61.219069;0.0;0.0;0.0;150.33;0.0;150.33;89.110931
2025-04-27 04:00:00;61.867069;0.0;0.0;0.0;150.33;0.0;150.33;88.462931
2025-04-27 05:00:00;76.625786;0.0;0.0;11.898;200.0;13.22;213.22;123.37421
2025-04-27 06:00:00;69.638025;0.0;0.0;11.898;200.0;13.22;213.22;130.36197
2025-04-27 07:00:00;68.965517;0.0;0.0;11.898;200.0;13.22;213.22;131.03448
2025-04-27 08:00:00;43.941379;1.3;0.0;0.0;131.2;0.0;131.2;85.958621
2025-04-27 09:00:00;39.761379;5.48;0.0;0.0;131.2;0.0;131.2;85.958621
2025-04-27 10:00:00;23.341379;21.9;0.0;0.0;131.2;0.0;131.2;85.958621
2025-04-27 11:00:00;0.0;62.2;43.186207;0.0;55.14;0.0;55.14000000000001;36.126207
2025-04-27 12:00:00;0.0;104.00000000000001;84.986207;0.0;55.14;0.0;55.14000000000001;36.126207
2025-04-27 13:00:00;0.0;134.0;114.98621;0.0;55.14;0.0;55.14000000000001;36.126207
2025-04-27 14:00:00;0.0;153.0;146.71724;0.0;18.22;0.0;18.22;11.937241
2025-04-27 15:00:00;0.0;160.0;153.71724;0.0;18.22;0.0;18.22;11.937241
2025-04-27 16:00:00;0.0;159.0;152.71724;0.0;18.22;0.0;18.22;11.937241
2025-04-27 17:00:00;0.0;150.0;144.88966;0.0;14.82;0.0;14.819999999999999;9.7096552
2025-04-27 18:00:00;0.0;140.0;134.88966;0.0;14.82;0.0;14.819999999999999;9.7096552
2025-04-27 19:00:00;0.0;110.0;104.88966;0.0;14.82;0.0;14.819999999999999;9.7096552
2025-04-27 20:00:00;0.0;68.1;52.283956;0.0;45.49;0.0;45.49;29.673956
2025-04-27 21:00:00;0.0;29.400000000000002;13.109479;0.0;45.49;0.0;45.49;29.199479
2025-04-27 22:00:00;11.183621;5.43;0.0;0.0;45.49;0.0;45.49;28.876379
2025-04-27 23:00:00;40.968246;0.1;0.0;0.0;110.64;0.0;110.64;69.571754
2025-04-28 00:00:00;41.892556;0.0;0.0;0.0;110.64;0.0;110.64;68.747444
2025-04-28 01:00:00;42.457812;0.0;0.0;0.0;110.64;0.0;110.64;68.182188
2025-04-28 02:00:00;65.04121;0.0;0.0;0.0;169.59;0.0;169.59;104.54879
2025-04-28 03:00:00;65.315989;0.0;0.0;0.0;169.59;0.0;169.59;104.27401
2025-04-28 04:00:00;66.05655;0.0;0.0;0.0;169.59;0.0;169.59;103.53345
2025-04-28 05:00:00;72.849391;0.0;0.0;47.79;200.0;53.1;253.1;127.15061
2025-04-28 06:00:00;68.965517;0.0;0.0;47.79;200.0;53.1;253.1;131.03448
2025-04-28 07:00:00;68.965517;0.0;0.0;47.79;200.0;53.1;253.1;131.03448
2025-04-28 08:00:00;63.965517;1.5;0.0;0.0;189.85;0.0;189.85;124.38448
2025-04-28 09:00:00;59.335517;6.130000000000001;0.0;0.0;189.85;0.0;189.85;124.38448
2025-04-28 10:00:00;41.465517;24.0;0.0;0.0;189.85;0.0;189.85;124.38448
2025-04-28 11:00:00;0.0;63.099999999999994;48.541379;0.0;42.22;0.0;42.22;27.661379
2025-04-28 12:00:00;0.0;104.00000000000001;89.441379;0.0;42.22;0.0;42.22;27.661379
2025-04-28 13:00:00;0.0;132.0;117.44138;0.0;42.22;0.0;42.22;27.661379
2025-04-28 14:00:00;0.0;152.0;148.87586;0.0;9.06;0.0;9.06;5.9358621
2025-04-28 15:00:00;0.0;161.0;157.87586;0.0;9.06;0.0;9.06;5.9358621
2025-04-28 16:00:00;0.0;162.0;158.87586;0.0;9.06;0.0;9.06;5.9358621
2025-04-28 17:00:00;0.0;154.0;151.68276;0.0;6.72;0.0;6.72;4.4027586
2025-04-28 18:00:00;0.0;135.0;132.68276;0.0;6.72;0.0;6.72;4.4027586
2025-04-28 19:00:00;0.0;107.0;104.68276;0.0;6.72;0.0;6.72;4.4027586
2025-04-28 20:00:00;0.0;69.1;55.734483;0.0;38.76;0.0;38.76;25.394483
2025-04-28 21:00:00;0.0;30.000000000000004;16.440895;0.0;38.76;0.0;38.76;25.200895
2025-04-28 22:00:00;8.4915714;5.0;0.0;0.0;38.76;0.0;38.76;25.268429
2025-04-28 23:00:00;34.081678;0.1;0.0;0.0;97.82;0.0;97.82;63.638322
2025-04-29 00:00:00;34.754566;0.0;0.0;0.0;97.82;0.0;97.82;63.065434
2025-04-29 01:00:00;35.285598;0.0;0.0;0.0;97.82;0.0;97.82;62.534402
2025-04-29 02:00:00;56.930571;0.0;0.0;0.0;155.97;0.0;155.97;99.039429
2025-04-29 03:00:00;57.626456;0.0;0.0;0.0;155.97;0.0;155.97;98.343544
2025-04-29 04:00:00;57.942298;0.0;0.0;0.0;155.97;0.0;155.97;98.027702
2025-04-29 05:00:00;72.072655;0.0;0.0;29.367;200.0;32.63;232.63;127.92734
2025-04-29 06:00:00;68.965517;0.0;0.0;29.367;200.0;32.63;232.63;131.03448
2025-04-29 07:00:00;68.965517;0.0;0.0;29.367;200.0;32.63;232.63;131.03448
2025-04-29 08:00:00;54.367241;2.05;0.0;0.0;163.61;0.0;163.61;107.19276
2025-04-29 09:00:00;49.687241;6.73;0.0;0.0;163.61;0.0;163.61;107.19276
2025-04-29 10:00:00;32.017241;24.4;0.0;0.0;163.61;0.0;163.61;107.19276
2025-04-29 11:00:00;0.0;62.7;54.3;0.0;24.36;0.0;24.36;15.96
2025-04-29 12:00:00;0.0;101.99999999999999;93.6;0.0;24.36;0.0;24.36;15.96
2025-04-29 13:00:00;0.0;132.0;123.6;0.0;24.36;0.0;24.36;15.96
2025-04-29 14:00:00;0.0;152.0;150.27586;0.0;5.0;0.0;5.0;3.2758621
2025-04-29 15:00:00;0.0;162.0;160.27586;0.0;5.0;0.0;5.0;3.2758621
2025-04-29 16:00:00;0.0;161.0;159.27586;0.0;5.0;0.0;5.0;3.2758621
2025-04-29 17:00:00;0.0;152.0;150.27586;0.0;5.0;0.0;5.0;3.2758621
2025-04-29 18:00:00;0.0;133.0;131.27586;0.0;5.0;0.0;5.0;3.2758621
2025-04-29 19:00:00;0.0;104.00000000000001;102.27586;0.0;5.0;0.0;5.0;3.2758621
2025-04-29 20:00:00;0.0;67.4;60.493103;0.0;20.03;0.0;20.03;13.123103
2025-04-29 21:00:00;0.0;29.599999999999998;22.693103;0.0;20.03;0.0;20.03;13.123103
2025-04-29 22:00:00;1.7136344;5.25;0.0;0.0;20.03;0.0;20.03;13.066366
2025-04-29 23:00:00;20.323095;0.1;0.0;0.0;57.6;0.0;57.599999999999994;37.176905
2025-04-30 00:00:00;20.708026;0.0;0.0;0.0;57.6;0.0;57.599999999999994;36.891974
2025-04-30 01:00:00;20.82499;0.0;0.0;0.0;57.6;0.0;57.599999999999994;36.77501
2025-04-30 02:00:00;36.216647;0.0;0.0;0.0;99.71;0.0;99.71;63.493353
2025-04-30 03:00:00;36.611202;0.0;0.0;0.0;99.71;0.0;99.71;63.098798
2025-04-30 04:00:00;36.858081;0.0;0.0;0.0;99.71;0.0;99.71;62.851919
2025-04-30 05:00:00;60.409218;0.0;0.0;0.0;173.88;0.0;173.88;113.47078
2025-04-30 06:00:00;59.958621;0.0;0.0;0.0;173.88;0.0;173.88;113.92138
2025-04-30 07:00:00;59.958621;0.0;0.0;0.0;173.88;0.0;173.88;113.92138
2025-04-30 08:00:00;34.939655;1.95;0.0;0.0;106.98;0.0;106.98;70.090345
2025-04-30 09:00:00;29.639655;7.25;0.0;0.0;106.98;0.0;106.98;70.090345
2025-04-30 10:00:00;12.689655;24.2;0.0;0.0;106.98;0.0;106.98;70.090345
2025-04-30 11:00:00;0.0;57.3;54.327586;0.0;8.62;0.0;8.62;5.6475862
2025-04-30 12:00:00;0.0;96.4;93.427586;0.0;8.62;0.0;8.62;5.6475862
2025-04-30 13:00:00;0.0;121.0;118.02759;0.0;8.62;0.0;8.62;5.6475862
2025-04-30 14:00:00;0.0;145.0;143.07586;0.0;5.58;0.0;5.58;3.6558621
2025-04-30 15:00:00;0.0;156.0;154.07586;0.0;5.58;0.0;5.58;3.6558621
2025-04-30 16:00:00;0.0;157.0;155.07586;0.0;5.58;0.0;5.58;3.6558621
2025-04-30 17:00:00;0.0;149.0;146.93103;0.0;6.0;0.0;6.0;3.9310345
2025-04-30 18:00:00;0.0;132.0;129.93103;0.0;6.0;0.0;6.0;3.9310345
2025-04-30 19:00:00;0.0;104.00000000000001;101.93103;0.0;6.0;0.0;6.0;3.9310345
2025-04-30 20:00:00;0.0;69.0;65.055172;0.0;11.44;0.0;11.44;7.4951724
2025-04-30 21:00:00;0.0;29.9;25.955172;0.0;11.44;0.0;11.44;7.4951724
2025-04-30 22:00:00;0.0;5.33;1.3851724;0.0;11.44;0.0;11.44;7.4951724
2025-04-30 23:00:00;7.7;0.4;0.0;0.0;23.49;0.0;23.49;15.39
2025-05-01 00:00:00;8.3415022;0.0;0.0;0.0;23.49;0.0;23.49;15.148498
2025-05-01 01:00:00;8.5698559;0.0;0.0;0.0;23.49;0.0;23.49;14.920144
2025-05-01 02:00:00;25.804112;0.0;0.0;0.0;69.32;0.0;69.32;43.515888
2025-05-01 03:00:00;26.176776;0.0;0.0;0.0;69.32;0.0;69.32;43.143224
2025-05-01 04:00:00;26.07631;0.0;0.0;0.0;69.32;0.0;69.32;43.24369
2025-05-01 05:00:00;40.455172;0.0;0.0;0.0;117.32;0.0;117.32;76.864828
2025-05-01 06:00:00;40.455172;0.0;0.0;0.0;117.32;0.0;117.32;76.864828
2025-05-01 07:00:00;40.455172;0.0;0.0;0.0;117.32;0.0;117.32;76.864828
2025-05-01 08:00:00;15.791379;1.8499999999999999;0.0;0.0;51.16;0.0;51.16;33.518621
2025-05-01 09:00:00;11.711379;5.929999999999999;0.0;0.0;51.16;0.0;51.16;33.518621
2025-05-01 10:00:00;0.0;22.8;5.1586207;0.0;51.16;0.0;51.16;33.518621
2025-05-01 11:00:00;0.0;64.1;62.362069;0.0;5.04;0.0;5.04;3.302069
2025-05-01 12:00:00;0.0;99.8;98.062069;0.0;5.04;0.0;5.04;3.302069
2025-05-01 13:00:00;0.0;124.99999999999999;123.26207;0.0;5.04;0.0;5.04;3.302069
2025-05-01 14:00:00;0.0;142.0;140.27586;0.0;5.0;0.0;5.0;3.2758621
2025-05-01 15:00:00;0.0;152.0;150.27586;0.0;5.0;0.0;5.0;3.2758621
2025-05-01 16:00:00;0.0;151.0;149.27586;0.0;5.0;0.0;5.0;3.2758621
2025-05-01 17:00:00;0.0;142.0;140.27586;0.0;5.0;0.0;5.0;3.2758621
2025-05-01 18:00:00;0.0;126.0;124.27586;0.0;5.0;0.0;5.0;3.2758621
2025-05-01 19:00:00;0.0;100.0;98.275862;0.0;5.0;0.0;5.0;3.2758621
2025-05-01 20:00:00;0.0;65.6;63.186207;0.0;7.0;0.0;6.999999999999999;4.5862069
2025-05-01 21:00:00;0.0;26.2;23.786207;0.0;7.0;0.0;6.999999999999999;4.5862069
2025-05-01 22:00:00;0.0;5.929999999999999;3.5162069;0.0;7.0;0.0;6.999999999999999;4.5862069
2025-05-01 23:00:00;5.4137931;0.1;0.0;0.0;15.99;0.0;15.99;10.476207
2025-05-02 00:00:00;5.5137931;0.0;0.0;0.0;15.99;0.0;15.99;10.476207
2025-05-02 01:00:00;5.5137931;0.0;0.0;0.0;15.99;0.0;15.99;10.476207
2025-05-02 02:00:00;7.1172414;0.0;0.0;0.0;20.64;0.0;20.64;13.522759
2025-05-02 03:00:00;7.1172414;0.0;0.0;0.0;20.64;0.0;20.64;13.522759
2025-05-02 04:00:00;7.1172414;0.0;0.0;0.0;20.64;0.0;20.64;13.522759
2025-05-02 05:00:00;13.165517;0.0;0.0;0.0;38.18;0.0;38.18;25.014483
2025-05-02 06:00:00;13.165517;0.0;0.0;0.0;38.18;0.0;38.18;25.014483
2025-05-02 07:00:00;13.165517;0.0;0.0;0.0;38.18;0.0;38.18;25.014483
2025-05-02 08:00:00;1.4293103;1.75;0.0;0.0;9.22;0.0;9.22;6.0406897
2025-05-02 09:00:00;0.0;6.299999999999999;3.1206897;0.0;9.22;0.0;9.22;6.0406897
2025-05-02 10:00:00;0.0;23.8;20.62069;0.0;9.22;0.0;9.22;6.0406897
2025-05-02 11:00:00;0.0;60.7;59.234483;0.0;4.25;0.0;4.25;2.7844828
2025-05-02 12:00:00;0.0;93.9;92.434483;0.0;4.25;0.0;4.25;2.7844828
2025-05-02 13:00:00;0.0;117.99999999999999;116.53448;0.0;4.25;0.0;4.25;2.7844828
2025-05-02 14:00:00;0.0;140.0;138.53448;0.0;4.25;0.0;4.25;2.7844828
2025-05-02 15:00:00;0.0;105.0;103.53448;0.0;4.25;0.0;4.25;2.7844828
2025-05-02 16:00:00;0.0;145.0;143.53448;0.0;4.25;0.0;4.25;2.7844828
2025-05-02 17:00:00;0.0;142.0;139.84483;0.0;6.25;0.0;6.25;4.0948276
2025-05-02 18:00:00;0.0;127.00000000000001;124.84483;0.0;6.25;0.0;6.25;4.0948276
2025-05-02 19:00:00;0.0;95.00000000000001;92.844828;0.0;6.25;0.0;6.25;4.0948276
2025-05-02 20:00:00;0.0;62.29999999999999;59.541379;0.0;8.0;0.0;8.0;5.2413793
2025-05-02 21:00:00;0.0;26.8;24.041379;0.0;8.0;0.0;8.0;5.2413793
2025-05-02 22:00:00;0.0;6.05;3.2913793;0.0;8.0;0.0;8.0;5.2413793
2025-05-02 23:00:00;3.4551724;0.4;0.0;0.0;11.18;0.0;11.18;7.3248276
2025-05-03 00:00:00;3.8551724;0.0;0.0;0.0;11.18;0.0;11.18;7.3248276
2025-05-03 01:00:00;3.8551724;0.0;0.0;0.0;11.18;0.0;11.18;7.3248276
2025-05-03 02:00:00;11.127586;0.0;0.0;0.0;32.27;0.0;32.27;21.142414
2025-05-03 03:00:00;11.127586;0.0;0.0;0.0;32.27;0.0;32.27;21.142414
2025-05-03 04:00:00;11.127586;0.0;0.0;0.0;32.27;0.0;32.27;21.142414
2025-05-03 05:00:00;20.475862;0.0;0.0;0.0;59.38;0.0;59.38000000000001;38.904138
2025-05-03 06:00:00;20.475862;0.0;0.0;0.0;59.38;0.0;59.38000000000001;38.904138
2025-05-03 07:00:00;20.475862;0.0;0.0;0.0;59.38;0.0;59.38000000000001;38.904138
2025-05-03 08:00:00;14.785172;2.37;0.0;0.0;49.75;0.0;49.75;32.594828
2025-05-03 09:00:00;7.7551724;9.4;0.0;0.0;49.75;0.0;49.75;32.594828
2025-05-03 10:00:00;0.0;18.5;1.3448276;0.0;49.75;0.0;49.75;32.594828
2025-05-03 11:00:00;0.0;25.6;14.482759;0.0;32.24;0.0;32.24;21.122759
2025-05-03 12:00:00;0.0;34.4;23.282759;0.0;32.24;0.0;32.24;21.122759
2025-05-03 13:00:00;0.0;96.29999999999998;85.182759;0.0;32.24;0.0;32.24;21.122759
2025-05-03 14:00:00;0.0;88.3;80.024138;0.0;24.0;0.0;24.0;15.724138
2025-05-03 15:00:00;0.0;77.3;69.024138;0.0;24.0;0.0;24.0;15.724138
2025-05-03 16:00:00;0.0;65.8;57.524138;0.0;24.0;0.0;24.0;15.724138
2025-05-03 17:00:00;4.0758621;11.2;0.0;0.0;44.3;0.0;44.3;29.024138
2025-05-03 18:00:00;4.0758621;11.2;0.0;0.0;44.3;0.0;44.3;29.024138
2025-05-03 19:00:00;3.0758621;12.2;0.0;0.0;44.3;0.0;44.3;29.024138
2025-05-03 20:00:00;11.252031;12.3;0.0;0.0;68.27;0.0;68.27;44.717969
2025-05-03 21:00:00;18.244842;5.9;0.0;0.0;68.27;0.0;68.27;44.125158
2025-05-03 22:00:00;22.852447;1.98;0.0;0.0;68.27;0.0;68.27;43.437553
2025-05-03 23:00:00;42.083796;0.15;0.0;0.0;112.83;0.0;112.83;70.596204
2025-05-04 00:00:00;42.92418;0.0;0.0;0.0;112.83;0.0;112.83;69.90582
2025-05-04 01:00:00;43.710148;0.0;0.0;0.0;112.83;0.0;112.83;69.119852
2025-05-04 02:00:00;67.353858;0.0;0.0;0.0;172.07;0.0;172.07;104.71614
2025-05-04 03:00:00;67.980448;0.0;0.0;0.0;172.07;0.0;172.07;104.08955
2025-05-04 04:00:00;67.903753;0.0;0.0;0.0;172.07;0.0;172.07;104.16625
2025-05-04 05:00:00;77.048472;0.0;0.0;8.955;200.0;9.95;209.95;122.95153
2025-05-04 06:00:00;75.144947;0.0;0.0;8.955;200.0;9.95;209.95;124.85505
2025-05-04 07:00:00;72.38656;0.0;0.0;8.955;200.0;9.95;209.95;127.61344
2025-05-04 08:00:00;51.199383;2.27;0.0;0.0;150.43;0.0;150.43;96.960617
2025-05-04 09:00:00;41.893947;10.8;0.0;0.0;150.43;0.0;150.43;97.736053
2025-05-04 10:00:00;19.724647;32.8;0.0;0.0;150.43;0.0;150.43;97.905353
2025-05-04 11:00:00;0.0;56.6;16.075862;0.0;117.52;0.0;117.52;76.995862
2025-05-04 12:00:00;7.1241379;33.4;0.0;0.0;117.52;0.0;117.52;76.995862
2025-05-04 13:00:00;0.0;51.400000000000006;10.875862;0.0;117.52;0.0;117.52;76.995862
2025-05-04 14:00:00;0.0;93.70000000000002;61.762069;0.0;92.62;0.0;92.62;60.682069
2025-05-04 15:00:00;0.0;104.00000000000001;72.062069;0.0;92.62;0.0;92.62;60.682069
2025-05-04 16:00:00;0.0;81.8;49.862069;0.0;92.62;0.0;92.62;60.682069
2025-05-04 17:00:00;0.0;80.2;46.134256;0.0;97.77;0.0;97.77;63.704256
2025-05-04 18:00:00;0.0;45.20000000000001;10.184651;0.0;97.77;0.0;97.77;62.754651
2025-05-04 19:00:00;0.0;67.0;31.430625;0.0;97.77;0.0;97.77;62.200625
2025-05-04 20:00:00;22.040131;30.000000000000004;0.0;0.0;140.55;0.0;140.55;88.509869
2025-05-04 21:00:00;38.30879;14.799999999999999;0.0;0.0;140.55;0.0;140.55;87.44121
2025-05-04 22:00:00;49.459515;4.8;0.0;0.0;140.55;0.0;140.55;86.290485
2025-05-04 23:00:00;71.734681;0.6;0.0;0.0;182.76;0.0;182.76;110.42532
2025-05-05 00:00:00;74.112788;0.0;0.0;0.0;182.76;0.0;182.76;108.64721
2025-05-05 01:00:00;75.275538;0.0;0.0;0.0;182.76;0.0;182.76;107.48446
2025-05-05 02:00:00;82.379612;0.0;0.0;25.371;200.0;28.19;228.19;117.62039
2025-05-05 03:00:00;82.935982;0.0;0.0;25.371;200.0;28.19;228.19;117.06402
2025-05-05 04:00:00;82.57958;0.0;0.0;25.371;200.0;28.19;228.19;117.42042
2025-05-05 05:00:00;80.359593;0.0;0.0;103.806;200.0;115.34;315.34;119.64041
2025-05-05 06:00:00;78.161764;0.0;0.0;103.806;200.0;115.34;315.34;121.83824
2025-05-05 07:00:00;74.909806;0.0;0.0;103.806;200.0;115.34;315.34;125.09019
2025-05-05 08:00:00;70.716996;1.87;0.0;58.671;200.0;65.19;265.19;127.413
2025-05-05 09:00:00;59.556461;11.6;0.0;58.671;200.0;65.19;265.19;128.84354
2025-05-05 10:00:00;37.351533;32.8;0.0;58.671;200.0;65.19;265.19;129.84847
2025-05-05 11:00:00;0.0;71.6;8.0118141;0.0;183.55;0.0;183.55;119.96181
2025-05-05 12:00:00;0.0;101.99999999999999;38.706897;0.0;183.55;0.0;183.55;120.2569
2025-05-05 13:00:00;0.0;69.0;5.7068966;0.0;183.55;0.0;183.55;120.2569
2025-05-05 14:00:00;0.0;89.29999999999998;45.955172;0.0;125.7;0.0;125.7;82.355172
2025-05-05 15:00:00;0.0;89.5;46.155172;0.0;125.7;0.0;125.7;82.355172
2025-05-05 16:00:00;0.0;88.9;45.555172;0.0;125.7;0.0;125.7;82.355172
2025-05-05 17:00:00;0.0;88.7;59.703837;0.0;83.97;0.0;83.97;54.973837
2025-05-05 18:00:00;0.0;124.99999999999999;94.927878;0.0;83.97;0.0;83.97;53.897878
2025-05-05 19:00:00;0.0;73.4;42.748929;0.0;83.97;0.0;83.97;53.318929
2025-05-05 20:00:00;22.066967;20.1;0.0;0.0;113.1;0.0;113.09999999999998;70.933033
2025-05-05 21:00:00;23.213772;20.0;0.0;0.0;113.1;0.0;113.09999999999998;69.886228
2025-05-05 22:00:00;37.927503;6.0;0.0;0.0;113.1;0.0;113.09999999999998;69.172497
2025-05-05 23:00:00;63.22766;0.9;0.0;0.0;163.43;0.0;163.43;99.30234
2025-05-06 00:00:00;64.621045;0.0;0.0;0.0;163.43;0.0;163.43;98.808955
2025-05-06 01:00:00;65.294412;0.0;0.0;0.0;163.43;0.0;163.43;98.135588
2025-05-06 02:00:00;80.850126;0.0;0.0;20.943;200.0;23.27;223.27;119.14987
2025-05-06 03:00:00;81.701872;0.0;0.0;20.943;200.0;23.27;223.27;118.29813
2025-05-06 04:00:00;80.701425;0.0;0.0;20.943;200.0;23.27;223.27;119.29858
2025-05-06 05:00:00;78.185561;0.0;0.0;111.654;200.0;124.06;324.06;121.81444
2025-05-06 06:00:00;77.838107;0.0;0.0;111.654;200.0;124.06;324.06;122.16189
2025-05-06 07:00:00;74.298005;0.0;0.0;111.654;200.0;124.06;324.06;125.70199
2025-05-06 08:00:00;69.391753;2.13;0.0;53.082;200.0;58.98;258.98;128.47825
2025-05-06 09:00:00;62.397244;7.6;0.0;53.082;200.0;58.98;258.98;130.00276
2025-05-06 10:00:00;41.265517;27.7;0.0;53.082;200.0;58.98;258.98;131.03448
2025-05-06 11:00:00;0.0;70.1;20.058621;0.0;145.12;0.0;145.12;95.078621
2025-05-06 12:00:00;0.0;108.0;57.958621;0.0;145.12;0.0;145.12;95.078621
2025-05-06 13:00:00;0.0;113.0;62.958621;0.0;145.12;0.0;145.12;95.078621
2025-05-06 14:00:00;0.0;130.0;100.6;0.0;85.26;0.0;85.26;55.86
2025-05-06 15:00:00;0.0;115.0;85.6;0.0;85.26;0.0;85.26;55.86
2025-05-06 16:00:00;0.0;138.0;108.6;0.0;85.26;0.0;85.26;55.86
2025-05-06 17:00:00;0.0;137.0;113.07586;0.0;69.38;0.0;69.38;45.455862
2025-05-06 18:00:00;0.0;137.0;112.88425;0.0;69.38;0.0;69.38;45.264246
2025-05-06 19:00:00;0.0;92.1;67.311547;0.0;69.38;0.0;69.38;44.591547
2025-05-06 20:00:00;0.0;58.9;23.573119;0.0;96.54;0.0;96.54;61.213119
2025-05-06 21:00:00;20.070738;16.1;0.0;0.0;96.54;0.0;96.54;60.369262
2025-05-06 22:00:00;32.115494;4.22;0.0;0.0;96.54;0.0;96.54;60.204506
2025-05-06 23:00:00;55.877209;0.6;0.0;0.0;148.33;0.0;148.33;91.852791
2025-05-07 00:00:00;56.932559;0.0;0.0;0.0;148.33;0.0;148.33;91.397441
2025-05-07 01:00:00;57.268608;0.0;0.0;0.0;148.33;0.0;148.33;91.061392
2025-05-07 02:00:00;77.013921;0.0;0.0;0.0;198.11;0.0;198.11;121.09608
2025-05-07 03:00:00;77.6856;0.0;0.0;0.0;198.11;0.0;198.11;120.4244
2025-05-07 04:00:00;77.739334;0.0;0.0;0.0;198.11;0.0;198.11;120.37067
2025-05-07 05:00:00;77.977549;0.0;0.0;45.972;200.0;51.08;251.08;122.02245
2025-05-07 06:00:00;77.573715;0.0;0.0;45.972;200.0;51.08;251.08;122.42628
2025-05-07 07:00:00;74.602821;0.0;0.0;45.972;200.0;51.08;251.08;125.39718
2025-05-07 08:00:00;69.287692;3.17;0.0;47.907;200.0;53.23;253.22999999999996;127.54231
2025-05-07 09:00:00;57.211982;12.5;0.0;47.907;200.0;53.23;253.22999999999996;130.28802
2025-05-07 10:00:00;34.965517;34.0;0.0;47.907;200.0;53.23;253.22999999999996;131.03448
2025-05-07 11:00:00;0.0;51.5;1.062069;0.0;146.27;0.0;146.27;95.832069
2025-05-07 12:00:00;0.0;103.0;52.562069;0.0;146.27;0.0;146.27;95.832069
2025-05-07 13:00:00;0.0;115.0;64.562069;0.0;146.27;0.0;146.27;95.832069
2025-05-07 14:00:00;0.0;122.0;100.50345;0.0;62.34;0.0;62.34000000000001;40.843448
2025-05-07 15:00:00;0.0;158.0;136.50345;0.0;62.34;0.0;62.34000000000001;40.843448
2025-05-07 16:00:00;0.0;129.0;107.50345;0.0;62.34;0.0;62.34000000000001;40.843448
2025-05-07 17:00:00;0.0;101.99999999999999;87.958621;0.0;40.72;0.0;40.72;26.678621
2025-05-07 18:00:00;0.0;99.4;85.358621;0.0;40.72;0.0;40.72;26.678621
2025-05-07 19:00:00;0.0;78.9;64.428948;0.0;40.72;0.0;40.72;26.248948
2025-05-07 20:00:00;0.0;70.9;45.073778;0.0;70.49;0.0;70.49;44.663778
2025-05-07 21:00:00;0.0;30.4;4.0822447;0.0;70.49;0.0;70.49;44.172245
2025-05-07 22:00:00;18.61131;8.43;0.0;0.0;70.49;0.0;70.49;43.44869
2025-05-07 23:00:00;39.942066;0.3;0.0;0.0;103.5;0.0;103.5;63.257934
2025-05-08 00:00:00;41.241647;0.0;0.0;0.0;103.5;0.0;103.5;62.258353
2025-05-08 01:00:00;41.840395;0.0;0.0;0.0;103.5;0.0;103.5;61.659605
2025-05-08 02:00:00;55.623806;0.0;0.0;0.0;134.86;0.0;134.86;79.236194
2025-05-08 03:00:00;55.965945;0.0;0.0;0.0;134.86;0.0;134.86;78.894055
2025-05-08 04:00:00;55.295566;0.0;0.0;0.0;134.86;0.0;134.86;79.564434
2025-05-08 05:00:00;76.052913;0.0;0.0;3.87;200.0;4.3;204.3;123.94709
2025-05-08 06:00:00;71.640968;0.0;0.0;3.87;200.0;4.3;204.3;128.35903
2025-05-08 07:00:00;68.965517;0.0;0.0;3.87;200.0;4.3;204.3;131.03448
2025-05-08 08:00:00;58.897586;1.7300000000000002;0.0;0.0;175.82;0.0;175.82;115.19241
2025-05-08 09:00:00;53.597586;7.029999999999999;0.0;0.0;175.82;0.0;175.82;115.19241
2025-05-08 10:00:00;35.527586;25.1;0.0;0.0;175.82;0.0;175.82;115.19241
2025-05-08 11:00:00;0.0;67.6;39.658621;0.0;81.03;0.0;81.03;53.088621
2025-05-08 12:00:00;0.0;97.7;69.758621;0.0;81.03;0.0;81.03;53.088621
2025-05-08 13:00:00;0.0;117.0;89.058621;0.0;81.03;0.0;81.03;53.088621
2025-05-08 14:00:00;0.0;137.0;118.88276;0.0;52.54;0.0;52.54;34.422759
2025-05-08 15:00:00;0.0;157.0;138.88276;0.0;52.54;0.0;52.54;34.422759
2025-05-08 16:00:00;0.0;168.0;149.88276;0.0;52.54;0.0;52.54;34.422759
2025-05-08 17:00:00;0.0;156.0;140.22069;0.0;45.76;0.0;45.76;29.98069
2025-05-08 18:00:00;0.0;99.10000000000001;83.312806;0.0;45.76;0.0;45.76;29.972806
2025-05-08 19:00:00;0.0;75.6;59.197171;0.0;45.76;0.0;45.76;29.357171
2025-05-08 20:00:00;0.0;46.0;12.267371;0.0;91.12;0.0;91.12;57.387371
2025-05-08 21:00:00;4.6307994;30.100000000000005;0.0;0.0;91.12;0.0;91.12;56.389201
2025-05-08 22:00:00;27.500317;8.25;0.0;0.0;91.12;0.0;91.12;55.369683
2025-05-08 23:00:00;56.988505;0.8;0.0;0.0;143.25;0.0;143.25;85.461495
2025-05-09 00:00:00;59.238092;0.0;0.0;0.0;143.25;0.0;143.25;84.011908
2025-05-09 01:00:00;60.527349;0.0;0.0;0.0;143.25;0.0;143.25;82.722651
2025-05-09 02:00:00;85.998044;0.0;0.0;2.727;200.0;3.03;203.03;114.00196
2025-05-09 03:00:00;87.292244;0.0;0.0;2.727;200.0;3.03;203.03;112.70776
2025-05-09 04:00:00;86.068429;0.0;0.0;2.727;200.0;3.03;203.03;113.93157
2025-05-09 05:00:00;78.127772;0.0;0.0;50.076;200.0;55.64;255.64000000000001;121.87223
2025-05-09 06:00:00;72.727738;0.0;0.0;50.076;200.0;55.64;255.64000000000001;127.27226
2025-05-09 07:00:00;69.155266;0.0;0.0;50.076;200.0;55.64;255.64000000000001;130.84473
2025-05-09 08:00:00;63.840345;2.37;0.0;0.0;192.01;0.0;192.01;125.79966
2025-05-09 09:00:00;59.260345;6.95;0.0;0.0;192.01;0.0;192.01;125.79966
2025-05-09 10:00:00;39.110345;27.1;0.0;0.0;192.01;0.0;192.01;125.79966
2025-05-09 11:00:00;0.0;69.3;49.393103;0.0;57.73;0.0;57.73;37.823103
2025-05-09 12:00:00;0.0;108.0;88.093103;0.0;57.73;0.0;57.73;37.823103
2025-05-09 13:00:00;0.0;134.0;114.0931;0.0;57.73;0.0;57.73;37.823103
2025-05-09 14:00:00;0.0;151.0;142.96897;0.0;23.29;0.0;23.29;15.258966
2025-05-09 15:00:00;0.0;161.0;152.96897;0.0;23.29;0.0;23.29;15.258966
2025-05-09 16:00:00;0.0;158.0;149.96897;0.0;23.29;0.0;23.29;15.258966
2025-05-09 17:00:00;0.0;154.0;147.25172;0.0;19.57;0.0;19.57;12.821724
2025-05-09 18:00:00;0.0;123.0;116.25172;0.0;19.57;0.0;19.57;12.821724
2025-05-09 19:00:00;0.0;93.3;86.526839;0.0;19.57;0.0;19.57;12.796839
2025-05-09 20:00:00;0.0;66.4;48.805829;0.0;48.88;0.0;48.88;31.285829
2025-05-09 21:00:00;0.0;32.9;14.643595;0.0;48.88;0.0;48.88;30.623595
2025-05-09 22:00:00;9.6080392;9.2;0.0;0.0;48.88;0.0;48.88;30.071961
2025-05-09 23:00:00;43.437502;0.75;0.0;0.0;112.04;0.0;112.03999999999999;67.852498
2025-05-10 00:00:00;45.191442;0.0;0.0;0.0;112.04;0.0;112.03999999999999;66.848558
2025-05-10 01:00:00;46.204118;0.0;0.0;0.0;112.04;0.0;112.03999999999999;65.835882
2025-05-10 02:00:00;64.683624;0.0;0.0;0.0;153.64;0.0;153.64;88.956376
2025-05-10 03:00:00;65.852435;0.0;0.0;0.0;153.64;0.0;153.64;87.787565
2025-05-10 04:00:00;64.660695;0.0;0.0;0.0;153.64;0.0;153.64;88.979305
2025-05-10 05:00:00;68.686969;0.0;0.0;0.0;182.93;0.0;182.93;114.24303
2025-05-10 06:00:00;63.07931;0.0;0.0;0.0;182.93;0.0;182.93;119.85069
2025-05-10 07:00:00;63.07931;0.0;0.0;0.0;182.93;0.0;182.93;119.85069
2025-05-10 08:00:00;30.835517;2.13;0.0;0.0;95.6;0.0;95.6;62.634483
2025-05-10 09:00:00;26.635517;6.33;0.0;0.0;95.6;0.0;95.6;62.634483
2025-05-10 10:00:00;6.3655172;26.600000000000005;0.0;0.0;95.6;0.0;95.6;62.634483
2025-05-10 11:00:00;0.0;68.8;59.737931;0.0;26.28;0.0;26.28;17.217931
2025-05-10 12:00:00;0.0;105.0;95.937931;0.0;26.28;0.0;26.28;17.217931
2025-05-10 13:00:00;0.0;130.0;120.93793;0.0;26.28;0.0;26.28;17.217931
2025-05-10 14:00:00;0.0;149.0;146.75862;0.0;6.5;0.0;6.5;4.2586207
2025-05-10 15:00:00;0.0;157.0;154.75862;0.0;6.5;0.0;6.5;4.2586207
2025-05-10 16:00:00;0.0;158.0;155.75862;0.0;6.5;0.0;6.5;4.2586207
2025-05-10 17:00:00;0.0;148.0;145.9;0.0;6.09;0.0;6.09;3.99
2025-05-10 18:00:00;0.0;131.0;128.9;0.0;6.09;0.0;6.09;3.99
2025-05-10 19:00:00;0.0;105.0;102.9;0.0;6.09;0.0;6.09;3.99
2025-05-10 20:00:00;0.0;70.5;63.127586;0.0;21.38;0.0;21.38;14.007586
2025-05-10 21:00:00;0.0;33.5;25.947059;0.0;21.38;0.0;21.38;13.827059
2025-05-10 22:00:00;0.62928371;7.2;0.0;0.0;21.38;0.0;21.38;13.550716
2025-05-10 23:00:00;29.923636;0.85;0.0;0.0;81.41;0.0;81.41;50.636364
2025-05-11 00:00:00;31.528999;0.0;0.0;0.0;81.41;0.0;81.41;49.881001
2025-05-11 01:00:00;32.058305;0.0;0.0;0.0;81.41;0.0;81.41;49.351695
2025-05-11 02:00:00;47.33921;0.0;0.0;0.0;119.05;0.0;119.05;71.71079
2025-05-11 03:00:00;47.451196;0.0;0.0;0.0;119.05;0.0;119.05;71.598804
2025-05-11 04:00:00;45.836891;0.0;0.0;0.0;119.05;0.0;119.05;73.213109
2025-05-11 05:00:00;49.990815;0.0;0.0;0.0;142.76;0.0;142.76;92.769185
2025-05-11 06:00:00;49.227586;0.0;0.0;0.0;142.76;0.0;142.76;93.532414
2025-05-11 07:00:00;49.227586;0.0;0.0;0.0;142.76;0.0;142.76;93.532414
2025-05-11 08:00:00;22.157586;2.37;0.0;0.0;71.13;0.0;71.13;46.602414
2025-05-11 09:00:00;17.997586;6.53;0.0;0.0;71.13;0.0;71.13;46.602414
2025-05-11 10:00:00;0.0;26.600000000000005;2.0724138;0.0;71.13;0.0;71.13;46.602414
2025-05-11 11:00:00;0.0;68.7;65.17931;0.0;10.21;0.0;10.21;6.6893103
2025-05-11 12:00:00;0.0;106.0;102.47931;0.0;10.21;0.0;10.21;6.6893103
2025-05-11 13:00:00;0.0;132.0;128.47931;0.0;10.21;0.0;10.21;6.6893103
2025-05-11 14:00:00;0.0;149.0;147.21724;0.0;5.17;0.0;5.17;3.3872414
2025-05-11 15:00:00;0.0;157.0;155.21724;0.0;5.17;0.0;5.17;3.3872414
2025-05-11 16:00:00;0.0;158.0;156.21724;0.0;5.17;0.0;5.17;3.3872414
2025-05-11 17:00:00;0.0;149.0;147.27586;0.0;5.0;0.0;5.0;3.2758621
2025-05-11 18:00:00;0.0;130.0;128.27586;0.0;5.0;0.0;5.0;3.2758621
2025-05-11 19:00:00;0.0;104.00000000000001;102.27586;0.0;5.0;0.0;5.0;3.2758621
2025-05-11 20:00:00;0.0;69.9;67.731034;0.0;6.29;0.0;6.29;4.1210345
2025-05-11 21:00:00;0.0;32.8;30.631034;0.0;6.29;0.0;6.29;4.1210345
2025-05-11 22:00:00;0.0;7.32;5.1510345;0.0;6.29;0.0;6.29;4.1210345
2025-05-11 23:00:00;6.1758621;0.9;0.0;0.0;20.52;0.0;20.52;13.444138
2025-05-12 00:00:00;7.0758621;0.0;0.0;0.0;20.52;0.0;20.52;13.444138
2025-05-12 01:00:00;7.0758621;0.0;0.0;0.0;20.52;0.0;20.52;13.444138
2025-05-12 02:00:00;14.935071;0.0;0.0;0.0;42.94;0.0;42.94;28.004929
2025-05-12 03:00:00;15.118915;0.0;0.0;0.0;42.94;0.0;42.94;27.821085
2025-05-12 04:00:00;15.028408;0.0;0.0;0.0;42.94;0.0;42.94;27.911592
2025-05-12 05:00:00;32.889655;0.0;0.0;0.0;95.38;0.0;95.38;62.490345
2025-05-12 06:00:00;32.889655;0.0;0.0;0.0;95.38;0.0;95.38;62.490345
2025-05-12 07:00:00;32.889655;0.0;0.0;0.0;95.38;0.0;95.38;62.490345
2025-05-12 08:00:00;17.157931;1.78;0.0;0.0;54.92;0.0;54.92;35.982069
2025-05-12 09:00:00;12.457931;6.48;0.0;0.0;54.92;0.0;54.92;35.982069
2025-05-12 10:00:00;0.0;26.600000000000005;7.662069;0.0;54.92;0.0;54.92;35.982069
2025-05-12 11:00:00;0.0;68.0;66.144828;0.0;5.38;0.0;5.38;3.5248276
2025-05-12 12:00:00;0.0;104.00000000000001;102.14483;0.0;5.38;0.0;5.38;3.5248276
2025-05-12 13:00:00;0.0;128.0;126.14483;0.0;5.38;0.0;5.38;3.5248276
2025-05-12 14:00:00;0.0;146.0;144.18966;0.0;5.25;0.0;5.25;3.4396552
2025-05-12 15:00:00;0.0;154.0;152.18966;0.0;5.25;0.0;5.25;3.4396552
2025-05-12 16:00:00;0.0;153.0;151.18966;0.0;5.25;0.0;5.25;3.4396552
2025-05-12 17:00:00;0.0;146.0;144.27586;0.0;5.0;0.0;5.0;3.2758621
2025-05-12 18:00:00;0.0;130.0;128.27586;0.0;5.0;0.0;5.0;3.2758621
2025-05-12 19:00:00;0.0;103.0;101.27586;0.0;5.0;0.0;5.0;3.2758621
2025-05-12 20:00:00;0.0;68.7;64.589655;0.0;11.92;0.0;11.92;7.8096552
2025-05-12 21:00:00;0.0;31.7;27.589655;0.0;11.92;0.0;11.92;7.8096552
2025-05-12 22:00:00;0.0;7.25;3.1396552;0.0;11.92;0.0;11.92;7.8096552
2025-05-12 23:00:00;8.0827586;1.1;0.0;0.0;26.63;0.0;26.63;17.447241
2025-05-13 00:00:00;9.400934;0.0;0.0;0.0;26.63;0.0;26.63;17.229066
2025-05-13 01:00:00;9.6863297;0.0;0.0;0.0;26.63;0.0;26.63;16.94367
2025-05-13 02:00:00;19.218598;0.0;0.0;0.0;51.37;0.0;51.37;32.151402
2025-05-13 03:00:00;19.669632;0.0;0.0;0.0;51.37;0.0;51.37;31.700368
2025-05-13 04:00:00;19.494176;0.0;0.0;0.0;51.37;0.0;51.37;31.875824
2025-05-13 05:00:00;8.381748;0.0;0.0;0.0;24.01;0.0;24.01;15.628252
2025-05-13 06:00:00;8.2793103;0.0;0.0;0.0;24.01;0.0;24.01;15.73069
2025-05-13 07:00:00;8.2793103;0.0;0.0;0.0;24.01;0.0;24.01;15.73069
2025-05-13 08:00:00;0.0;2.25;1.0637931;0.0;3.44;0.0;3.4399999999999995;2.2537931
2025-05-13 09:00:00;0.0;7.13;5.9437931;0.0;3.44;0.0;3.4399999999999995;2.2537931
2025-05-13 10:00:00;0.0;27.5;26.313793;0.0;3.44;0.0;3.4399999999999995;2.2537931
2025-05-13 11:00:00;0.0;69.3;69.182759;0.0;0.34;0.0;0.34;0.22275862
2025-05-13 12:00:00;0.0;106.0;105.88276;0.0;0.34;0.0;0.34;0.22275862
2025-05-13 13:00:00;0.0;131.0;130.88276;0.0;0.34;0.0;0.34;0.22275862
2025-05-13 14:00:00;0.0;149.0;148.94138;0.0;0.17;0.0;0.17;0.11137931
2025-05-13 15:00:00;0.0;156.0;155.94138;0.0;0.17;0.0;0.17;0.11137931
2025-05-13 16:00:00;0.0;155.0;154.94138;0.0;0.17;0.0;0.17;0.11137931
2025-05-13 17:00:00;0.0;147.0;146.68276;0.0;0.92;0.0;0.9199999999999999;0.60275862
2025-05-13 18:00:00;0.0;130.0;129.68276;0.0;0.92;0.0;0.9199999999999999;0.60275862
2025-05-13 19:00:00;0.0;104.00000000000001;103.68276;0.0;0.92;0.0;0.9199999999999999;0.60275862
2025-05-13 20:00:00;0.0;70.0;69.241379;0.0;2.2;0.0;2.2;1.4413793
2025-05-13 21:00:00;0.0;34.3;33.541379;0.0;2.2;0.0;2.2;1.4413793
2025-05-13 22:00:00;0.0;8.07;7.3026928;0.0;2.2;0.0;2.2;1.4326928
2025-05-13 23:00:00;1.5857672;1.15;0.0;0.0;7.61;0.0;7.609999999999999;4.8742328
2025-05-14 00:00:00;2.8029194;0.0;0.0;0.0;7.61;0.0;7.609999999999999;4.8070806
2025-05-14 01:00:00;2.8527937;0.0;0.0;0.0;7.61;0.0;7.609999999999999;4.7572063
2025-05-14 02:00:00;4.0425547;0.0;0.0;0.0;10.64;0.0;10.64;6.5974453
2025-05-14 03:00:00;4.0839179;0.0;0.0;0.0;10.64;0.0;10.64;6.5560821
2025-05-14 04:00:00;3.9703598;0.0;0.0;0.0;10.64;0.0;10.64;6.6696402
2025-05-14 05:00:00;2.9027691;0.0;0.0;0.0;8.4;0.0;8.4;5.4972309
2025-05-14 06:00:00;2.8965517;0.0;0.0;0.0;8.4;0.0;8.4;5.5034483
2025-05-14 07:00:00;2.8965517;0.0;0.0;0.0;8.4;0.0;8.4;5.5034483
2025-05-14 08:00:00;0.0;2.23;1.7782759;0.0;1.31;0.0;1.31;0.85827586
2025-05-14 09:00:00;0.0;8.1;7.6482759;0.0;1.31;0.0;1.31;0.85827586
2025-05-14 10:00:00;0.0;27.8;27.348276;0.0;1.31;0.0;1.31;0.85827586
2025-05-14 11:00:00;0.0;67.5;67.493103;0.0;0.02;0.0;0.02;0.013103448
2025-05-14 12:00:00;0.0;104.00000000000001;103.9931;0.0;0.02;0.0;0.02;0.013103448
2025-05-14 13:00:00;0.0;114.0;113.9931;0.0;0.02;0.0;0.02;0.013103448
2025-05-14 14:00:00;0.0;131.0;130.88621;0.0;0.33;0.0;0.33;0.2162069
2025-05-14 15:00:00;0.0;134.0;133.88621;0.0;0.33;0.0;0.33;0.2162069
2025-05-14 16:00:00;0.0;153.0;152.88621;0.0;0.33;0.0;0.33;0.2162069
2025-05-14 17:00:00;0.0;148.0;147.91379;0.0;0.25;0.0;0.25;0.1637931
2025-05-14 18:00:00;0.0;130.0;129.91379;0.0;0.25;0.0;0.25;0.1637931
2025-05-14 19:00:00;0.0;104.00000000000001;103.91379;0.0;0.25;0.0;0.25;0.1637931
2025-05-14 20:00:00;0.0;71.1;70.551724;0.0;1.59;0.0;1.59;1.0417241
2025-05-14 21:00:00;0.0;35.4;34.850829;0.0;1.59;0.0;1.59;1.0408285
2025-05-14 22:00:00;0.0;8.75;8.1819313;0.0;1.59;0.0;1.59;1.0219313
2025-05-14 23:00:00;2.5210697;1.4;0.0;0.0;10.7;0.0;10.7;6.7789303
2025-05-15 00:00:00;4.0024994;0.0;0.0;0.0;10.7;0.0;10.7;6.6975006
2025-05-15 01:00:00;4.0273847;0.0;0.0;0.0;10.7;0.0;10.7;6.6726153
2025-05-15 02:00:00;3.7889984;0.0;0.0;0.0;10.13;0.0;10.13;6.3410016
2025-05-15 03:00:00;3.7575742;0.0;0.0;0.0;10.13;0.0;10.13;6.3724258
2025-05-15 04:00:00;3.7258137;0.0;0.0;0.0;10.13;0.0;10.13;6.4041863
2025-05-15 05:00:00;3.1625447;0.0;0.0;0.0;8.7;0.0;8.7;5.5374553
2025-05-15 06:00:00;3.1402302;0.0;0.0;0.0;8.7;0.0;8.7;5.5597698
2025-05-15 07:00:00;3.0732696;0.0;0.0;0.0;8.7;0.0;8.7;5.6267304
2025-05-15 08:00:00;0.58127586;0.867;0.0;0.0;4.2;0.0;4.2;2.7517241
2025-05-15 09:00:00;0.0;3.58;2.1317241;0.0;4.2;0.0;4.2;2.7517241
2025-05-15 10:00:00;0.0;10.1;8.6517241;0.0;4.2;0.0;4.2;2.7517241
2025-05-15 11:00:00;0.0;39.3;39.182759;0.0;0.34;0.0;0.34;0.22275862
2025-05-15 12:00:00;0.0;83.7;83.582759;0.0;0.34;0.0;0.34;0.22275862
2025-05-15 13:00:00;0.0;123.0;122.88276;0.0;0.34;0.0;0.34;0.22275862
2025-05-15 14:00:00;0.0;148.0;147.87931;0.0;0.35;0.0;0.35;0.22931034
2025-05-15 15:00:00;0.0;120.00000000000001;119.87931;0.0;0.35;0.0;0.35;0.22931034
2025-05-15 16:00:00;0.0;110.0;109.87931;0.0;0.35;0.0;0.35;0.22931034
2025-05-15 17:00:00;0.0;111.00000000000001;110.81034;0.0;0.55;0.0;0.55;0.36034483
2025-05-15 18:00:00;0.0;129.0;128.81034;0.0;0.55;0.0;0.55;0.36034483
2025-05-15 19:00:00;0.0;108.99999999999999;108.81034;0.0;0.55;0.0;0.55;0.36034483
2025-05-15 20:00:00;0.0;74.3;72.286338;0.0;5.81;0.0;5.81;3.7963376
2025-05-15 21:00:00;0.0;36.7;34.64993;0.0;5.81;0.0;5.81;3.7599302
2025-05-15 22:00:00;0.0;8.68;6.5896218;0.0;5.81;0.0;5.81;3.7196218
2025-05-15 23:00:00;2.2190888;1.5;0.0;0.0;10.08;0.0;10.08;6.3609112
2025-05-16 00:00:00;3.830151;0.0;0.0;0.0;10.08;0.0;10.08;6.249849
2025-05-16 01:00:00;3.9533734;0.0;0.0;0.0;10.08;0.0;10.08;6.1266266
2025-05-16 02:00:00;4.3082646;0.0;0.0;0.0;10.67;0.0;10.67;6.3617354
2025-05-16 03:00:00;4.4055584;0.0;0.0;0.0;10.67;0.0;10.67;6.2644416
2025-05-16 04:00:00;4.3252941;0.0;0.0;0.0;10.67;0.0;10.67;6.3447059
2025-05-16 05:00:00;3.8378053;0.0;0.0;0.0;10.15;0.0;10.15;6.3121947
2025-05-16 06:00:00;3.7333307;0.0;0.0;0.0;10.15;0.0;10.15;6.4166693
2025-05-16 07:00:00;3.5769269;0.0;0.0;0.0;10.15;0.0;10.15;6.5730731
2025-05-16 08:00:00;0.0;2.55;1.8568966;0.0;2.01;0.0;2.01;1.3168966
2025-05-16 09:00:00;0.0;8.15;7.4568966;0.0;2.01;0.0;2.01;1.3168966
2025-05-16 10:00:00;0.0;29.1;28.406897;0.0;2.01;0.0;2.01;1.3168966
2025-05-16 11:00:00;0.0;69.6;69.548276;0.0;0.15;0.0;0.15;0.098275862
2025-05-16 12:00:00;0.0;104.00000000000001;103.94828;0.0;0.15;0.0;0.15;0.098275862
2025-05-16 13:00:00;0.0;134.0;133.94828;0.0;0.15;0.0;0.15;0.098275862
2025-05-16 14:00:00;0.0;155.0;154.93448;0.0;0.19;0.0;0.19;0.12448276
2025-05-16 15:00:00;0.0;163.0;162.93448;0.0;0.19;0.0;0.19;0.12448276
2025-05-16 16:00:00;0.0;161.0;160.93448;0.0;0.19;0.0;0.19;0.12448276
2025-05-16 17:00:00;0.0;152.0;151.9069;0.0;0.27;0.0;0.27;0.17689655
2025-05-16 18:00:00;0.0;134.0;133.9069;0.0;0.27;0.0;0.27;0.17689655
2025-05-16 19:00:00;0.0;106.0;105.9069;0.0;0.27;0.0;0.27;0.17689655
2025-05-16 20:00:00;0.0;73.5;70.910377;0.0;7.38;0.0;7.380000000000001;4.7903772
2025-05-16 21:00:00;0.0;37.9;35.259116;0.0;7.38;0.0;7.380000000000001;4.7391158
2025-05-16 22:00:00;0.0;11.300000000000002;8.634344;0.0;7.38;0.0;7.380000000000001;4.714344
2025-05-16 23:00:00;2.4832322;1.2;0.0;0.0;10.16;0.0;10.16;6.4767678
2025-05-17 00:00:00;3.6905653;0.0;0.0;0.0;10.16;0.0;10.16;6.4694347
2025-05-17 01:00:00;3.7195401;0.0;0.0;0.0;10.16;0.0;10.16;6.4404599
2025-05-17 02:00:00;2.7918106;0.0;0.0;0.0;7.61;0.0;7.609999999999999;4.8181894
2025-05-17 03:00:00;2.7925284;0.0;0.0;0.0;7.61;0.0;7.609999999999999;4.8174716
2025-05-17 04:00:00;2.7684505;0.0;0.0;0.0;7.61;0.0;7.609999999999999;4.8415495
2025-05-17 05:00:00;2.723226;0.0;0.0;0.0;7.7;0.0;7.699999999999999;4.976774
2025-05-17 06:00:00;2.678375;0.0;0.0;0.0;7.7;0.0;7.699999999999999;5.021625
2025-05-17 07:00:00;2.6551724;0.0;0.0;0.0;7.7;0.0;7.699999999999999;5.0448276
2025-05-17 08:00:00;0.0;3.2;2.6862069;0.0;1.49;0.0;1.49;0.9762069
2025-05-17 09:00:00;0.0;10.8;10.286207;0.0;1.49;0.0;1.49;0.9762069
2025-05-17 10:00:00;0.0;31.8;31.286207;0.0;1.49;0.0;1.49;0.9762069
2025-05-17 11:00:00;0.0;65.2;64.889655;0.0;0.9;0.0;0.8999999999999999;0.58965517
2025-05-17 12:00:00;0.0;88.00000000000001;87.689655;0.0;0.9;0.0;0.8999999999999999;0.58965517
2025-05-17 13:00:00;0.0;91.69999999999999;91.389655;0.0;0.9;0.0;0.8999999999999999;0.58965517
2025-05-17 14:00:00;0.0;104.00000000000001;103.74138;0.0;0.75;0.0;0.75;0.49137931
2025-05-17 15:00:00;0.0;117.99999999999999;117.74138;0.0;0.75;0.0;0.75;0.49137931
2025-05-17 16:00:00;0.0;133.0;132.74138;0.0;0.75;0.0;0.75;0.49137931
2025-05-17 17:00:00;0.0;96.6;96.496552;0.0;0.3;0.0;0.3;0.19655172
2025-05-17 18:00:00;0.0;96.4;96.296552;0.0;0.3;0.0;0.3;0.19655172
2025-05-17 19:00:00;0.0;62.1;61.996552;0.0;0.3;0.0;0.3;0.19655172
2025-05-17 20:00:00;0.0;69.2;67.789655;0.0;4.09;0.0;4.09;2.6796552
2025-05-17 21:00:00;0.0;37.6;36.157401;0.0;4.09;0.0;4.09;2.647401
2025-05-17 22:00:00;0.0;9.45;7.96451;0.0;4.09;0.0;4.09;2.60451
2025-05-17 23:00:00;2.4506095;1.27;0.0;0.0;10.01;0.0;10.01;6.2893905
2025-05-18 00:00:00;3.7764268;0.0;0.0;0.0;10.01;0.0;10.01;6.2335732
2025-05-18 01:00:00;3.8139406;0.0;0.0;0.0;10.01;0.0;10.01;6.1960594
2025-05-18 02:00:00;3.8082875;0.0;0.0;0.0;10.05;0.0;10.05;6.2417125
2025-05-18 03:00:00;3.799321;0.0;0.0;0.0;10.05;0.0;10.05;6.250679
2025-05-18 04:00:00;3.7545531;0.0;0.0;0.0;10.05;0.0;10.05;6.2954469
2025-05-18 05:00:00;2.3638787;0.0;0.0;0.0;6.41;0.0;6.41;4.0461213
2025-05-18 06:00:00;2.3326263;0.0;0.0;0.0;6.41;0.0;6.41;4.0773737
2025-05-18 07:00:00;2.285458;0.0;0.0;0.0;6.41;0.0;6.41;4.124542
2025-05-18 08:00:00;1.1009208;0.55;0.0;0.0;4.73;0.0;4.73;3.0790792
2025-05-18 09:00:00;0.0;3.7500000000000004;2.1189655;0.0;4.73;0.0;4.73;3.0989655
2025-05-18 10:00:00;0.0;8.82;7.1889655;0.0;4.73;0.0;4.73;3.0989655
2025-05-18 11:00:00;0.0;13.1;12.644828;0.0;1.32;0.0;1.32;0.86482759
2025-05-18 12:00:00;0.0;19.4;18.944828;0.0;1.32;0.0;1.32;0.86482759
2025-05-18 13:00:00;0.0;41.4;40.944828;0.0;1.32;0.0;1.32;0.86482759
2025-05-18 14:00:00;0.0;64.9;64.641379;0.0;0.75;0.0;0.75;0.49137931
2025-05-18 15:00:00;0.0;108.0;107.74138;0.0;0.75;0.0;0.75;0.49137931
2025-05-18 16:00:00;0.0;101.0;100.74138;0.0;0.75;0.0;0.75;0.49137931
2025-05-18 17:00:00;0.0;101.99999999999999;101.57241;0.0;1.24;0.0;1.24;0.81241379
2025-05-18 18:00:00;0.0;120.00000000000001;119.57241;0.0;1.24;0.0;1.24;0.81241379
2025-05-18 19:00:00;0.0;85.4;84.972414;0.0;1.24;0.0;1.24;0.81241379
2025-05-18 20:00:00;0.0;61.8;59.603448;0.0;6.37;0.0;6.37;4.1734483
2025-05-18 21:00:00;0.0;27.4;25.166938;0.0;6.37;0.0;6.37;4.1369377
2025-05-18 22:00:00;0.0;7.449999999999999;5.1658821;0.0;6.37;0.0;6.37;4.0858821
2025-05-18 23:00:00;2.7305259;0.833;0.0;0.0;9.75;0.0;9.75;6.1864741
2025-05-19 00:00:00;3.6618315;0.0;0.0;0.0;9.75;0.0;9.75;6.0881685
2025-05-19 01:00:00;3.6899885;0.0;0.0;0.0;9.75;0.0;9.75;6.0600115
2025-05-19 02:00:00;3.3493891;0.0;0.0;0.0;8.98;0.0;8.98;5.6306109
2025-05-19 03:00:00;3.2934217;0.0;0.0;0.0;8.98;0.0;8.98;5.6865783
2025-05-19 04:00:00;3.2765729;0.0;0.0;0.0;8.98;0.0;8.98;5.7034271
2025-05-19 05:00:00;2.8949769;0.0;0.0;0.0;8.28;0.0;8.28;5.3850231
2025-05-19 06:00:00;2.8551724;0.0;0.0;0.0;8.28;0.0;8.28;5.4248276
2025-05-19 07:00:00;2.8551724;0.0;0.0;0.0;8.28;0.0;8.28;5.4248276
2025-05-19 08:00:00;0.0;2.98;2.8282759;0.0;0.44;0.0;0.43999999999999995;0.28827586
2025-05-19 09:00:00;0.0;9.25;9.0982759;0.0;0.44;0.0;0.43999999999999995;0.28827586
2025-05-19 10:00:00;0.0;29.700000000000003;29.548276;0.0;0.44;0.0;0.43999999999999995;0.28827586
2025-05-19 11:00:00;0.0;69.9;69.841379;0.0;0.17;0.0;0.17;0.11137931
2025-05-19 12:00:00;0.0;104.00000000000001;103.94138;0.0;0.17;0.0;0.17;0.11137931
2025-05-19 13:00:00;0.0;129.0;128.94138;0.0;0.17;0.0;0.17;0.11137931
2025-05-19 14:00:00;0.0;144.0;143.96897;0.0;0.09;0.0;0.09;0.058965517
2025-05-19 15:00:00;0.0;154.0;153.96897;0.0;0.09;0.0;0.09;0.058965517
2025-05-19 16:00:00;0.0;158.0;157.96897;0.0;0.09;0.0;0.09;0.058965517
2025-05-19 17:00:00;0.0;149.0;149.0;0.0;0.0;0.0;0.0;0.0
2025-05-19 18:00:00;0.0;132.0;132.0;0.0;0.0;0.0;0.0;0.0
2025-05-19 19:00:00;0.0;106.0;106.0;0.0;0.0;0.0;0.0;0.0
2025-05-19 20:00:00;0.0;73.0;72.082759;0.0;2.66;0.0;2.66;1.7427586
2025-05-19 21:00:00;0.0;36.9;35.982759;0.0;2.66;0.0;2.66;1.7427586
2025-05-19 22:00:00;0.0;10.1;9.1827586;0.0;2.66;0.0;2.66;1.7427586
2025-05-19 23:00:00;1.4433584;1.7;0.0;0.0;9.06;0.0;9.06;5.9166416
2025-05-20 00:00:00;3.2051966;0.0;0.0;0.0;9.06;0.0;9.06;5.8548034
2025-05-20 01:00:00;3.2547459;0.0;0.0;0.0;9.06;0.0;9.06;5.8052541
2025-05-20 02:00:00;3.1146965;0.0;0.0;0.0;8.55;0.0;8.55;5.4353035
2025-05-20 03:00:00;3.1236086;0.0;0.0;0.0;8.55;0.0;8.55;5.4263914
2025-05-20 04:00:00;3.0225944;0.0;0.0;0.0;8.55;0.0;8.55;5.5274056
2025-05-20 05:00:00;2.9310345;0.0;0.0;0.0;8.5;0.0;8.5;5.5689655
2025-05-20 06:00:00;2.9310345;0.0;0.0;0.0;8.5;0.0;8.5;5.5689655
2025-05-20 07:00:00;2.8310345;0.1;0.0;0.0;8.5;0.0;8.5;5.5689655
2025-05-20 08:00:00;0.0;3.6999999999999997;3.4275862;0.0;0.79;0.0;0.79;0.51758621
2025-05-20 09:00:00;0.0;9.15;8.8775862;0.0;0.79;0.0;0.79;0.51758621
2025-05-20 10:00:00;0.0;29.700000000000003;29.427586;0.0;0.79;0.0;0.79;0.51758621
2025-05-20 11:00:00;0.0;68.4;68.4;0.0;0.0;0.0;0.0;0.0
2025-05-20 12:00:00;0.0;103.0;103.0;0.0;0.0;0.0;0.0;0.0
2025-05-20 13:00:00;0.0;128.0;128.0;0.0;0.0;0.0;0.0;0.0
2025-05-20 14:00:00;0.0;120.00000000000001;119.94138;0.0;0.17;0.0;0.17;0.11137931
2025-05-20 15:00:00;0.0;89.9;89.841379;0.0;0.17;0.0;0.17;0.11137931
2025-05-20 16:00:00;0.0;80.6;80.541379;0.0;0.17;0.0;0.17;0.11137931
2025-05-20 17:00:00;0.0;124.0;123.8;0.0;0.58;0.0;0.58;0.38
2025-05-20 18:00:00;0.0;129.0;128.8;0.0;0.58;0.0;0.58;0.38
2025-05-20 19:00:00;0.0;74.9;74.7;0.0;0.58;0.0;0.58;0.38
2025-05-20 20:00:00;0.0;55.6;55.413793;0.0;0.54;0.0;0.54;0.3537931
2025-05-20 21:00:00;0.0;31.9;31.713793;0.0;0.54;0.0;0.54;0.3537931
2025-05-20 22:00:00;0.0;9.65;9.4637931;0.0;0.54;0.0;0.54;0.3537931
2025-05-20 23:00:00;0.88965517;2.0;0.0;0.0;8.38;0.0;8.38;5.4903448
2025-05-21 00:00:00;2.9383729;0.0;0.0;0.0;8.38;0.0;8.38;5.4416271
2025-05-21 01:00:00;2.9978633;0.0;0.0;0.0;8.38;0.0;8.38;5.3821367
2025-05-21 02:00:00;3.7043427;0.0;0.0;0.0;10.09;0.0;10.09;6.3856573
2025-05-21 03:00:00;3.810423;0.0;0.0;0.0;10.09;0.0;10.09;6.279577
2025-05-21 04:00:00;3.7651627;0.0;0.0;0.0;10.09;0.0;10.09;6.3248373
2025-05-21 05:00:00;3.1683409;0.0;0.0;0.0;8.97;0.0;8.97;5.8016591
2025-05-21 06:00:00;3.0931034;0.0;0.0;0.0;8.97;0.0;8.97;5.8768966
2025-05-21 07:00:00;2.9931034;0.1;0.0;0.0;8.97;0.0;8.97;5.8768966
2025-05-21 08:00:00;0.0;3.88;3.6006897;0.0;0.81;0.0;0.81;0.53068966
2025-05-21 09:00:00;0.0;12.3;12.02069;0.0;0.81;0.0;0.81;0.53068966
2025-05-21 10:00:00;0.0;37.9;37.62069;0.0;0.81;0.0;0.81;0.53068966
2025-05-21 11:00:00;0.0;59.1;58.993103;0.0;0.31;0.0;0.31;0.20310345
2025-05-21 12:00:00;0.0;89.29999999999998;89.193103;0.0;0.31;0.0;0.31;0.20310345
2025-05-21 13:00:00;0.0;133.0;132.8931;0.0;0.31;0.0;0.31;0.20310345
2025-05-21 14:00:00;0.0;110.0;109.65517;0.0;1.0;0.0;1.0;0.65517241
2025-05-21 15:00:00;0.0;97.09999999999998;96.755172;0.0;1.0;0.0;1.0;0.65517241
2025-05-21 16:00:00;0.0;101.99999999999999;101.65517;0.0;1.0;0.0;1.0;0.65517241
2025-05-21 17:00:00;0.0;136.0;135.97241;0.0;0.08;0.0;0.08;0.052413793
2025-05-21 18:00:00;0.0;116.0;115.97241;0.0;0.08;0.0;0.08;0.052413793
2025-05-21 19:00:00;0.0;91.5;91.472414;0.0;0.08;0.0;0.08;0.052413793
2025-05-21 20:00:00;0.0;58.5;56.858621;0.0;4.76;0.0;4.76;3.1186207
2025-05-21 21:00:00;0.0;32.5;30.827499;0.0;4.76;0.0;4.76;3.087499
2025-05-21 22:00:00;0.0;6.78;5.0615503;0.0;4.76;0.0;4.76;3.0415503
2025-05-21 23:00:00;2.661664;1.07;0.0;0.0;10.16;0.0;10.16;6.428336
2025-05-22 00:00:00;3.8106938;0.0;0.0;0.0;10.16;0.0;10.16;6.3493062
2025-05-22 01:00:00;3.9039173;0.0;0.0;0.0;10.16;0.0;10.16;6.2560827
2025-05-22 02:00:00;4.2896396;0.0;0.0;0.0;10.99;0.0;10.99;6.7003604
2025-05-22 03:00:00;4.3252717;0.0;0.0;0.0;10.99;0.0;10.99;6.6647283
2025-05-22 04:00:00;4.2784805;0.0;0.0;0.0;10.99;0.0;10.99;6.7115195
2025-05-22 05:00:00;3.1193739;0.0;0.0;0.0;8.31;0.0;8.31;5.1906261
2025-05-22 06:00:00;2.9935522;0.0;0.0;0.0;8.31;0.0;8.31;5.3164478
2025-05-22 07:00:00;2.9430203;0.0;0.0;0.0;8.31;0.0;8.31;5.3669797
2025-05-22 08:00:00;0.0;4.35;3.5019776;0.0;2.43;0.0;2.43;1.5819776
2025-05-22 09:00:00;0.0;17.5;16.662069;0.0;2.43;0.0;2.43;1.592069
2025-05-22 10:00:00;0.0;34.8;33.962069;0.0;2.43;0.0;2.43;1.592069
2025-05-22 11:00:00;0.0;48.0;46.82069;0.0;3.42;0.0;3.42;2.2406897
2025-05-22 12:00:00;0.0;46.29999999999999;45.12069;0.0;3.42;0.0;3.42;2.2406897
2025-05-22 13:00:00;0.0;59.8;58.62069;0.0;3.42;0.0;3.42;2.2406897
2025-05-22 14:00:00;0.0;83.0;82.806897;0.0;0.56;0.0;0.56;0.36689655
2025-05-22 15:00:00;0.0;122.0;121.8069;0.0;0.56;0.0;0.56;0.36689655
2025-05-22 16:00:00;0.0;124.0;123.8069;0.0;0.56;0.0;0.56;0.36689655
2025-05-22 17:00:00;0.0;134.0;133.03448;0.0;2.8;0.0;2.8;1.8344828
2025-05-22 18:00:00;0.0;144.0;143.03298;0.0;2.8;0.0;2.8;1.832979
2025-05-22 19:00:00;0.0;104.00000000000001;103.00787;0.0;2.8;0.0;2.8;1.8078737
2025-05-22 20:00:00;0.0;69.6;66.011426;0.0;9.91;0.0;9.91;6.3214258
2025-05-22 21:00:00;0.0;29.9;26.222473;0.0;9.91;0.0;9.91;6.2324729
2025-05-22 22:00:00;0.0;10.3;6.5368221;0.0;9.91;0.0;9.91;6.1468221
2025-05-22 23:00:00;2.5752251;1.67;0.0;0.0;10.92;0.0;10.92;6.6747749
2025-05-23 00:00:00;4.3265438;0.0;0.0;0.0;10.92;0.0;10.92;6.5934562
2025-05-23 01:00:00;4.4081173;0.0;0.0;0.0;10.92;0.0;10.92;6.5118827
2025-05-23 02:00:00;4.7330144;0.0;0.0;0.0;11.52;0.0;11.52;6.7869856
2025-05-23 03:00:00;4.77704;0.0;0.0;0.0;11.52;0.0;11.52;6.74296
2025-05-23 04:00:00;4.6670039;0.0;0.0;0.0;11.52;0.0;11.52;6.8529961
2025-05-23 05:00:00;3.4036634;0.0;0.0;0.0;8.67;0.0;8.67;5.2663366
2025-05-23 06:00:00;3.2992063;0.0;0.0;0.0;8.67;0.0;8.67;5.3707937
2025-05-23 07:00:00;3.0873833;0.1;0.0;0.0;8.67;0.0;8.67;5.4826167
2025-05-23 08:00:00;0.0;3.7500000000000004;2.9192503;0.0;2.32;0.0;2.32;1.4892503
2025-05-23 09:00:00;0.0;15.7;14.891978;0.0;2.32;0.0;2.32;1.5119777
2025-05-23 10:00:00;0.0;32.5;31.7;0.0;2.32;0.0;2.32;1.52
2025-05-23 11:00:00;0.0;58.1;57.972414;0.0;0.37;0.0;0.37;0.24241379
2025-05-23 12:00:00;0.0;62.1;61.972414;0.0;0.37;0.0;0.37;0.24241379
2025-05-23 13:00:00;0.0;84.4;84.272414;0.0;0.37;0.0;0.37;0.24241379
2025-05-23 14:00:00;0.0;119.0;118.62759;0.0;1.08;0.0;1.08;0.70758621
2025-05-23 15:00:00;0.0;91.30000000000001;90.927586;0.0;1.08;0.0;1.08;0.70758621
2025-05-23 16:00:00;0.0;149.0;148.62759;0.0;1.08;0.0;1.08;0.70758621
2025-05-23 17:00:00;0.0;106.0;105.12069;0.0;2.55;0.0;2.55;1.6706897
2025-05-23 18:00:00;0.0;104.00000000000001;103.11483;0.0;2.55;0.0;2.55;1.6648301
2025-05-23 19:00:00;0.0;63.4;62.481624;0.0;2.55;0.0;2.55;1.6316239
2025-05-23 20:00:00;0.0;61.3;57.988775;0.0;8.89;0.0;8.89;5.5787746
2025-05-23 21:00:00;0.0;35.4;31.985671;0.0;8.89;0.0;8.89;5.4756707
2025-05-23 22:00:00;0.0;11.2;7.7303641;0.0;8.89;0.0;8.89;5.4203641
2025-05-23 23:00:00;2.3911289;1.7700000000000002;0.0;0.0;10.59;0.0;10.59;6.4288711
2025-05-24 00:00:00;4.1687512;0.0;0.0;0.0;10.59;0.0;10.59;6.4212488
2025-05-24 01:00:00;4.1486364;0.0;0.0;0.0;10.59;0.0;10.59;6.4413636
2025-05-24 02:00:00;3.9025861;0.0;0.0;0.0;10.06;0.0;10.06;6.1574139
2025-05-24 03:00:00;3.8399315;0.0;0.0;0.0;10.06;0.0;10.06;6.2200685
2025-05-24 04:00:00;3.6839973;0.0;0.0;0.0;10.06;0.0;10.06;6.3760027
2025-05-24 05:00:00;1.1906446;0.0;0.0;0.0;3.38;0.0;3.38;2.1893554
2025-05-24 06:00:00;1.1655172;0.0;0.0;0.0;3.38;0.0;3.38;2.2144828
2025-05-24 07:00:00;1.0655172;0.1;0.0;0.0;3.38;0.0;3.38;2.2144828
2025-05-24 08:00:00;0.0;6.3500000000000005;6.0258621;0.0;0.94;0.0;0.94;0.61586207
2025-05-24 09:00:00;0.0;12.1;11.775862;0.0;0.94;0.0;0.94;0.61586207
2025-05-24 10:00:00;0.0;30.7;30.375862;0.0;0.94;0.0;0.94;0.61586207
2025-05-24 11:00:00;0.0;28.5;28.237931;0.0;0.76;0.0;0.76;0.49793103
2025-05-24 12:00:00;0.0;19.3;19.037931;0.0;0.76;0.0;0.76;0.49793103
2025-05-24 13:00:00;0.0;66.5;66.237931;0.0;0.76;0.0;0.76;0.49793103
2025-05-24 14:00:00;0.0;93.1;90.841379;0.0;6.55;0.0;6.55;4.2913793
2025-05-24 15:00:00;0.0;71.6;69.320376;0.0;6.55;0.0;6.55;4.2703759
2025-05-24 16:00:00;0.0;40.1;37.814075;0.0;6.55;0.0;6.55;4.264075
2025-05-24 17:00:00;0.0;33.9;31.306913;0.0;7.49;0.0;7.489999999999999;4.896913
2025-05-24 18:00:00;0.0;24.3;21.696224;0.0;7.49;0.0;7.489999999999999;4.8862238
2025-05-24 19:00:00;0.0;13.4;10.817241;0.0;7.49;0.0;7.489999999999999;4.9072414
2025-05-24 20:00:00;0.0;5.33;4.1989655;0.0;3.28;0.0;3.28;2.1489655
2025-05-24 21:00:00;0.0;2.45;1.3189655;0.0;3.28;0.0;3.28;2.1489655
2025-05-24 22:00:00;0.0;2.0;0.86896552;0.0;3.28;0.0;3.28;2.1489655
2025-05-24 23:00:00;0.39482759;0.85;0.0;0.0;3.61;0.0;3.6100000000000003;2.3651724
2025-05-25 00:00:00;1.2448276;0.0;0.0;0.0;3.61;0.0;3.6100000000000003;2.3651724
2025-05-25 01:00:00;1.2448276;0.0;0.0;0.0;3.61;0.0;3.6100000000000003;2.3651724
2025-05-25 02:00:00;0.6137931;0.0;0.0;0.0;1.78;0.0;1.7799999999999998;1.1662069
2025-05-25 03:00:00;0.6137931;0.0;0.0;0.0;1.78;0.0;1.7799999999999998;1.1662069
2025-05-25 04:00:00;0.6137931;0.0;0.0;0.0;1.78;0.0;1.7799999999999998;1.1662069
2025-05-25 05:00:00;0.60689655;0.0;0.0;0.0;1.76;0.0;1.7599999999999998;1.1531034
2025-05-25 06:00:00;0.60689655;0.0;0.0;0.0;1.76;0.0;1.7599999999999998;1.1531034
2025-05-25 07:00:00;0.60689655;0.0;0.0;0.0;1.76;0.0;1.7599999999999998;1.1531034
2025-05-25 08:00:00;0.0;1.4;1.2172414;0.0;0.53;0.0;0.53;0.34724138
2025-05-25 09:00:00;0.0;8.85;8.6672414;0.0;0.53;0.0;0.53;0.34724138
2025-05-25 10:00:00;0.0;13.5;13.317241;0.0;0.53;0.0;0.53;0.34724138
2025-05-25 11:00:00;0.0;22.5;22.275862;0.0;0.65;0.0;0.65;0.42586207
2025-05-25 12:00:00;0.0;44.9;44.675862;0.0;0.65;0.0;0.65;0.42586207
2025-05-25 13:00:00;0.0;56.10000000000001;55.875862;0.0;0.65;0.0;0.65;0.42586207
2025-05-25 14:00:00;0.0;78.0;77.968966;0.0;0.09;0.0;0.09;0.058965517
2025-05-25 15:00:00;0.0;114.0;113.96897;0.0;0.09;0.0;0.09;0.058965517
2025-05-25 16:00:00;0.0;117.0;116.96897;0.0;0.09;0.0;0.09;0.058965517
2025-05-25 17:00:00;0.0;72.0;72.0;0.0;0.0;0.0;0.0;0.0
2025-05-25 18:00:00;0.0;100.0;100.0;0.0;0.0;0.0;0.0;0.0
2025-05-25 19:00:00;0.0;87.1;87.1;0.0;0.0;0.0;0.0;0.0
2025-05-25 20:00:00;0.0;44.9;44.041379;0.0;2.49;0.0;2.49;1.6313793
2025-05-25 21:00:00;0.0;40.3;39.441379;0.0;2.49;0.0;2.49;1.6313793
2025-05-25 22:00:00;0.0;11.2;10.341379;0.0;2.49;0.0;2.49;1.6313793
2025-05-25 23:00:00;0.78517241;1.37;0.0;0.0;6.25;0.0;6.25;4.0948276
2025-05-26 00:00:00;2.1551724;0.0;0.0;0.0;6.25;0.0;6.25;4.0948276
2025-05-26 01:00:00;2.1794101;0.0;0.0;0.0;6.25;0.0;6.25;4.0705899
2025-05-26 02:00:00;2.4837295;0.0;0.0;0.0;7.06;0.0;7.0600000000000005;4.5762705
2025-05-26 03:00:00;2.4949605;0.0;0.0;0.0;7.06;0.0;7.0600000000000005;4.5650395
2025-05-26 04:00:00;2.498144;0.0;0.0;0.0;7.06;0.0;7.0600000000000005;4.561856
2025-05-26 05:00:00;2.4222789;0.0;0.0;0.0;6.97;0.0;6.970000000000001;4.5477211
2025-05-26 06:00:00;2.4034483;0.0;0.0;0.0;6.97;0.0;6.970000000000001;4.5665517
2025-05-26 07:00:00;2.3034483;0.1;0.0;0.0;6.97;0.0;6.970000000000001;4.5665517
2025-05-26 08:00:00;0.0;4.35;4.0396552;0.0;0.9;0.0;0.8999999999999999;0.58965517
2025-05-26 09:00:00;0.0;14.0;13.689655;0.0;0.9;0.0;0.8999999999999999;0.58965517
2025-05-26 10:00:00;0.0;41.8;41.489655;0.0;0.9;0.0;0.8999999999999999;0.58965517
2025-05-26 11:00:00;0.0;62.1;61.837931;0.0;0.76;0.0;0.76;0.49793103
2025-05-26 12:00:00;0.0;107.0;106.73793;0.0;0.76;0.0;0.76;0.49793103
2025-05-26 13:00:00;0.0;77.3;77.037931;0.0;0.76;0.0;0.76;0.49793103
2025-05-26 14:00:00;0.0;108.0;107.92069;0.0;0.23;0.0;0.22999999999999998;0.15068966
2025-05-26 15:00:00;0.0;124.99999999999999;124.92069;0.0;0.23;0.0;0.22999999999999998;0.15068966
2025-05-26 16:00:00;0.0;120.00000000000001;119.92069;0.0;0.23;0.0;0.22999999999999998;0.15068966
2025-05-26 17:00:00;0.0;129.0;128.96897;0.0;0.09;0.0;0.09;0.058965517
2025-05-26 18:00:00;0.0;85.1;85.068966;0.0;0.09;0.0;0.09;0.058965517
2025-05-26 19:00:00;0.0;74.1;74.068966;0.0;0.09;0.0;0.09;0.058965517
2025-05-26 20:00:00;0.0;50.7;50.055172;0.0;1.87;0.0;1.8699999999999999;1.2251724
2025-05-26 21:00:00;0.0;29.599999999999998;28.955172;0.0;1.87;0.0;1.8699999999999999;1.2251724
2025-05-26 22:00:00;0.0;9.92;9.2751724;0.0;1.87;0.0;1.8699999999999999;1.2251724
2025-05-26 23:00:00;1.3241379;0.2;0.0;0.0;4.42;0.0;4.42;2.8958621
2025-05-27 00:00:00;1.527711;0.0;0.0;0.0;4.42;0.0;4.42;2.892289
2025-05-27 01:00:00;1.5316284;0.0;0.0;0.0;4.42;0.0;4.42;2.8883716
2025-05-27 02:00:00;1.837931;0.0;0.0;0.0;5.33;0.0;5.33;3.492069
2025-05-27 03:00:00;1.837931;0.0;0.0;0.0;5.33;0.0;5.33;3.492069
2025-05-27 04:00:00;1.837931;0.0;0.0;0.0;5.33;0.0;5.33;3.492069
2025-05-27 05:00:00;1.762069;0.0;0.0;0.0;5.11;0.0;5.11;3.347931
2025-05-27 06:00:00;1.762069;0.0;0.0;0.0;5.11;0.0;5.11;3.347931
2025-05-27 07:00:00;1.762069;0.0;0.0;0.0;5.11;0.0;5.11;3.347931
2025-05-27 08:00:00;0.0;3.1;2.6241379;0.0;1.38;0.0;1.38;0.90413793
2025-05-27 09:00:00;0.0;11.1;10.624138;0.0;1.38;0.0;1.38;0.90413793
2025-05-27 10:00:00;0.0;19.5;19.024138;0.0;1.38;0.0;1.38;0.90413793
2025-05-27 11:00:00;0.0;53.6;53.534483;0.0;0.19;0.0;0.19;0.12448276
2025-05-27 12:00:00;0.0;53.89999999999999;53.834483;0.0;0.19;0.0;0.19;0.12448276
2025-05-27 13:00:00;0.0;65.9;65.834483;0.0;0.19;0.0;0.19;0.12448276
2025-05-27 14:00:00;0.0;54.8;54.765517;0.0;0.1;0.0;0.1;0.065517241
2025-05-27 15:00:00;0.0;59.1;59.065517;0.0;0.1;0.0;0.1;0.065517241
2025-05-27 16:00:00;0.0;78.0;77.965517;0.0;0.1;0.0;0.1;0.065517241
2025-05-27 17:00:00;0.0;56.4;55.227586;0.0;3.4;0.0;3.4;2.2275862
2025-05-27 18:00:00;0.0;27.3;26.127586;0.0;3.4;0.0;3.4;2.2275862
2025-05-27 19:00:00;0.0;28.0;26.827586;0.0;3.4;0.0;3.4;2.2275862
2025-05-27 20:00:00;0.0;17.4;16.275862;0.0;3.26;0.0;3.26;2.1358621
2025-05-27 21:00:00;0.0;9.1;7.9758621;0.0;3.26;0.0;3.26;2.1358621
2025-05-27 22:00:00;0.0;4.4;3.2758621;0.0;3.26;0.0;3.26;2.1358621
2025-05-27 23:00:00;0.0;1.7;0.72413793;0.0;2.83;0.0;2.83;1.8541379
2025-05-28 00:00:00;0.97586207;0.0;0.0;0.0;2.83;0.0;2.83;1.8541379
2025-05-28 01:00:00;0.97586207;0.0;0.0;0.0;2.83;0.0;2.83;1.8541379
2025-05-28 02:00:00;1.2965517;0.0;0.0;0.0;3.76;0.0;3.76;2.4634483
2025-05-28 03:00:00;1.2965517;0.0;0.0;0.0;3.76;0.0;3.76;2.4634483
2025-05-28 04:00:00;1.2965517;0.0;0.0;0.0;3.76;0.0;3.76;2.4634483
2025-05-28 05:00:00;1.0517241;0.0;0.0;0.0;3.05;0.0;3.05;1.9982759
2025-05-28 06:00:00;1.0517241;0.0;0.0;0.0;3.05;0.0;3.05;1.9982759
2025-05-28 07:00:00;1.0517241;0.0;0.0;0.0;3.05;0.0;3.05;1.9982759
2025-05-28 08:00:00;0.0;1.3;0.75172414;0.0;1.59;0.0;1.59;1.0417241
2025-05-28 09:00:00;0.0;2.8299999999999996;2.2817241;0.0;1.59;0.0;1.59;1.0417241
2025-05-28 10:00:00;0.0;14.3;13.751724;0.0;1.59;0.0;1.59;1.0417241
2025-05-28 11:00:00;0.0;19.8;19.655172;0.0;0.42;0.0;0.42;0.27517241
2025-05-28 12:00:00;0.0;44.8;44.655172;0.0;0.42;0.0;0.42;0.27517241
2025-05-28 13:00:00;0.0;64.9;64.755172;0.0;0.42;0.0;0.42;0.27517241
2025-05-28 14:00:00;0.0;58.0;57.882759;0.0;0.34;0.0;0.34;0.22275862
2025-05-28 15:00:00;0.0;112.0;111.88276;0.0;0.34;0.0;0.34;0.22275862
2025-05-28 16:00:00;0.0;139.0;138.88276;0.0;0.34;0.0;0.34;0.22275862
2025-05-28 17:00:00;0.0;59.5;59.093103;0.0;1.18;0.0;1.18;0.77310345
2025-05-28 18:00:00;0.0;99.59999999999998;99.193103;0.0;1.18;0.0;1.18;0.77310345
2025-05-28 19:00:00;0.0;82.6;82.193103;0.0;1.18;0.0;1.18;0.77310345
2025-05-28 20:00:00;0.0;45.5;43.951724;0.0;4.49;0.0;4.49;2.9417241
2025-05-28 21:00:00;0.0;29.3;27.751724;0.0;4.49;0.0;4.49;2.9417241
2025-05-28 22:00:00;0.0;10.6;9.0231617;0.0;4.49;0.0;4.49;2.9131617
2025-05-28 23:00:00;0.59768421;2.6;0.0;0.0;8.93;0.0;8.93;5.7323158
2025-05-29 00:00:00;3.2438118;0.0;0.0;0.0;8.93;0.0;8.93;5.6861882
2025-05-29 01:00:00;3.2817839;0.0;0.0;0.0;8.93;0.0;8.93;5.6482161
2025-05-29 02:00:00;3.3001852;0.0;0.0;0.0;8.9;0.0;8.9;5.5998148
2025-05-29 03:00:00;3.3068041;0.0;0.0;0.0;8.9;0.0;8.9;5.5931959
2025-05-29 04:00:00;3.2032173;0.0;0.0;0.0;8.9;0.0;8.9;5.6967827
2025-05-29 05:00:00;1.6137931;0.0;0.0;0.0;4.68;0.0;4.68;3.0662069
2025-05-29 06:00:00;1.6137931;0.0;0.0;0.0;4.68;0.0;4.68;3.0662069
2025-05-29 07:00:00;1.3137931;0.3;0.0;0.0;4.68;0.0;4.68;3.0662069
2025-05-29 08:00:00;0.0;4.9;4.5758621;0.0;0.94;0.0;0.94;0.61586207
2025-05-29 09:00:00;0.0;16.0;15.675862;0.0;0.94;0.0;0.94;0.61586207
2025-05-29 10:00:00;0.0;37.7;37.375862;0.0;0.94;0.0;0.94;0.61586207
2025-05-29 11:00:00;0.0;46.2;45.737931;0.0;1.34;0.0;1.34;0.87793103
2025-05-29 12:00:00;0.0;34.4;33.937931;0.0;1.34;0.0;1.34;0.87793103
2025-05-29 13:00:00;0.0;49.0;48.537931;0.0;1.34;0.0;1.34;0.87793103
2025-05-29 14:00:00;0.0;58.2;58.134483;0.0;0.19;0.0;0.19;0.12448276
2025-05-29 15:00:00;0.0;68.7;68.634483;0.0;0.19;0.0;0.19;0.12448276
2025-05-29 16:00:00;0.0;54.0;53.934483;0.0;0.19;0.0;0.19;0.12448276
2025-05-29 17:00:00;0.0;55.6;55.527586;0.0;0.21;0.0;0.21;0.13758621
2025-05-29 18:00:00;0.0;91.9;91.827586;0.0;0.21;0.0;0.21;0.13758621
2025-05-29 19:00:00;0.0;85.9;85.827586;0.0;0.21;0.0;0.21;0.13758621
2025-05-29 20:00:00;0.0;65.1;64.606897;0.0;1.43;0.0;1.43;0.93689655
2025-05-29 21:00:00;0.0;19.9;19.406897;0.0;1.43;0.0;1.43;0.93689655
2025-05-29 22:00:00;0.0;2.7500000000000004;2.2568966;0.0;1.43;0.0;1.43;0.93689655
2025-05-29 23:00:00;0.0;1.6;0.77931034;0.0;2.38;0.0;2.38;1.5593103
2025-05-30 00:00:00;0.82068966;0.0;0.0;0.0;2.38;0.0;2.38;1.5593103
2025-05-30 01:00:00;0.82068966;0.0;0.0;0.0;2.38;0.0;2.38;1.5593103
2025-05-30 02:00:00;0.93103448;0.0;0.0;0.0;2.7;0.0;2.7;1.7689655
2025-05-30 03:00:00;0.93103448;0.0;0.0;0.0;2.7;0.0;2.7;1.7689655
2025-05-30 04:00:00;0.93103448;0.0;0.0;0.0;2.7;0.0;2.7;1.7689655
2025-05-30 05:00:00;1.0689655;0.0;0.0;0.0;3.1;0.0;3.1;2.0310345
2025-05-30 06:00:00;1.0689655;0.0;0.0;0.0;3.1;0.0;3.1;2.0310345
2025-05-30 07:00:00;0.86896552;0.2;0.0;0.0;3.1;0.0;3.1;2.0310345
2025-05-30 08:00:00;0.0;3.0;2.9413793;0.0;0.17;0.0;0.17;0.11137931
2025-05-30 09:00:00;0.0;8.15;8.0913793;0.0;0.17;0.0;0.17;0.11137931
2025-05-30 10:00:00;0.0;30.300000000000004;30.241379;0.0;0.17;0.0;0.17;0.11137931
2025-05-30 11:00:00;0.0;73.0;72.968966;0.0;0.09;0.0;0.09;0.058965517
2025-05-30 12:00:00;0.0;94.3;94.268966;0.0;0.09;0.0;0.09;0.058965517
2025-05-30 13:00:00;0.0;75.7;75.668966;0.0;0.09;0.0;0.09;0.058965517
2025-05-30 14:00:00;0.0;92.1;91.689655;0.0;1.19;0.0;1.19;0.77965517
2025-05-30 15:00:00;0.0;87.7;87.289655;0.0;1.19;0.0;1.19;0.77965517
2025-05-30 16:00:00;0.0;127.00000000000001;126.58966;0.0;1.19;0.0;1.19;0.77965517
2025-05-30 17:00:00;0.0;140.0;139.80345;0.0;0.57;0.0;0.57;0.37344828
2025-05-30 18:00:00;0.0;130.0;129.80345;0.0;0.57;0.0;0.57;0.37344828
2025-05-30 19:00:00;0.0;105.0;104.80345;0.0;0.57;0.0;0.57;0.37344828
2025-05-30 20:00:00;0.0;74.0;73.97931;0.0;0.06;0.0;0.060000000000000005;0.039310345
2025-05-30 21:00:00;0.0;39.7;39.67931;0.0;0.06;0.0;0.060000000000000005;0.039310345
2025-05-30 22:00:00;0.0;11.5;11.47931;0.0;0.06;0.0;0.060000000000000005;0.039310345
2025-05-30 23:00:00;0.0;2.03;1.8886207;0.0;0.41;0.0;0.41;0.26862069
2025-05-31 00:00:00;0.14137931;0.0;0.0;0.0;0.41;0.0;0.41;0.26862069
2025-05-31 01:00:00;0.14137931;0.0;0.0;0.0;0.41;0.0;0.41;0.26862069
2025-05-31 02:00:00;1.3034483;0.0;0.0;0.0;3.78;0.0;3.78;2.4765517
2025-05-31 03:00:00;1.3034483;0.0;0.0;0.0;3.78;0.0;3.78;2.4765517
2025-05-31 04:00:00;1.3034483;0.0;0.0;0.0;3.78;0.0;3.78;2.4765517
2025-05-31 05:00:00;1.3;0.0;0.0;0.0;3.77;0.0;3.7700000000000005;2.47
2025-05-31 06:00:00;1.3;0.0;0.0;0.0;3.77;0.0;3.7700000000000005;2.47
2025-05-31 07:00:00;0.6;0.7000000000000002;0.0;0.0;3.77;0.0;3.7700000000000005;2.47
2025-05-31 08:00:00;0.0;5.9;5.6862069;0.0;0.62;0.0;0.62;0.4062069
2025-05-31 09:00:00;0.0;15.5;15.286207;0.0;0.62;0.0;0.62;0.4062069
2025-05-31 10:00:00;0.0;33.6;33.386207;0.0;0.62;0.0;0.62;0.4062069
2025-05-31 11:00:00;0.0;64.8;64.772414;0.0;0.08;0.0;0.08;0.052413793
2025-05-31 12:00:00;0.0;101.0;100.97241;0.0;0.08;0.0;0.08;0.052413793
2025-05-31 13:00:00;0.0;121.0;120.97241;0.0;0.08;0.0;0.08;0.052413793
2025-05-31 14:00:00;0.0;122.0;121.97241;0.0;0.08;0.0;0.08;0.052413793
2025-05-31 15:00:00;0.0;117.99999999999999;117.97241;0.0;0.08;0.0;0.08;0.052413793
2025-05-31 16:00:00;0.0;133.0;132.97241;0.0;0.08;0.0;0.08;0.052413793
2025-05-31 17:00:00;0.0;67.5;67.444828;0.0;0.16;0.0;0.16;0.10482759
2025-05-31 18:00:00;0.0;52.60000000000001;52.544828;0.0;0.16;0.0;0.16;0.10482759
2025-05-31 19:00:00;0.0;74.9;74.844828;0.0;0.16;0.0;0.16;0.10482759
2025-05-31 20:00:00;0.0;31.3;31.27931;0.0;0.06;0.0;0.060000000000000005;0.039310345
2025-05-31 21:00:00;0.0;18.7;18.67931;0.0;0.06;0.0;0.060000000000000005;0.039310345
2025-05-31 22:00:00;0.0;7.819999999999999;7.7993103;0.0;0.06;0.0;0.060000000000000005;0.039310345
2025-05-31 23:00:00;0.0;2.07;2.07;0.0;0.0;0.0;0.0;0.0
2025-06-01 00:00:00;0.0;0.0;0.0;0.0;0.0;0.0;0.0;0.0
2025-06-01 01:00:00;0.0;0.0;0.0;0.0;0.0;0.0;0.0;0.0
2025-06-01 02:00:00;0.17241379;0.0;0.0;0.0;0.5;0.0;0.5;0.32758621
2025-06-01 03:00:00;0.17241379;0.0;0.0;0.0;0.5;0.0;0.5;0.32758621
2025-06-01 04:00:00;0.17241379;0.0;0.0;0.0;0.5;0.0;0.5;0.32758621
2025-06-01 05:00:00;0.010344828;0.0;0.0;0.0;0.03;0.0;0.030000000000000002;0.019655172
2025-06-01 06:00:00;0.010344828;0.0;0.0;0.0;0.03;0.0;0.030000000000000002;0.019655172
2025-06-01 07:00:00;0.010344828;0.0;0.0;0.0;0.03;0.0;0.030000000000000002;0.019655172
2025-06-01 08:00:00;0.0;5.48;4.7489655;0.0;2.12;0.0;2.12;1.3889655
2025-06-01 09:00:00;0.0;19.6;18.868966;0.0;2.12;0.0;2.12;1.3889655
2025-06-01 10:00:00;0.0;18.6;17.868966;0.0;2.12;0.0;2.12;1.3889655
2025-06-01 11:00:00;0.0;37.5;37.434483;0.0;0.19;0.0;0.19;0.12448276
2025-06-01 12:00:00;0.0;56.6;56.534483;0.0;0.19;0.0;0.19;0.12448276
2025-06-01 13:00:00;0.0;98.1;98.034483;0.0;0.19;0.0;0.19;0.12448276
2025-06-01 14:00:00;0.0;115.0;115.0;0.0;0.0;0.0;0.0;0.0
2025-06-01 15:00:00;0.0;79.0;79.0;0.0;0.0;0.0;0.0;0.0
2025-06-01 16:00:00;0.0;84.4;84.4;0.0;0.0;0.0;0.0;0.0
2025-06-01 17:00:00;0.0;106.0;106.0;0.0;0.0;0.0;0.0;0.0
2025-06-01 18:00:00;0.0;98.8;98.8;0.0;0.0;0.0;0.0;0.0
2025-06-01 19:00:00;0.0;94.0;94.0;0.0;0.0;0.0;0.0;0.0
2025-06-01 20:00:00;0.0;55.50000000000001;55.32069;0.0;0.52;0.0;0.52;0.34068966
2025-06-01 21:00:00;0.0;26.099999999999998;25.92069;0.0;0.52;0.0;0.52;0.34068966
2025-06-01 22:00:00;0.0;12.3;12.12069;0.0;0.52;0.0;0.52;0.34068966
2025-06-01 23:00:00;0.0;2.43;1.267931;0.0;3.37;0.0;3.37;2.207931
2025-06-02 00:00:00;1.162069;0.0;0.0;0.0;3.37;0.0;3.37;2.207931
2025-06-02 01:00:00;1.162069;0.0;0.0;0.0;3.37;0.0;3.37;2.207931
2025-06-02 02:00:00;2.8137931;0.0;0.0;0.0;8.16;0.0;8.16;5.3462069
2025-06-02 03:00:00;2.8137931;0.0;0.0;0.0;8.16;0.0;8.16;5.3462069
2025-06-02 04:00:00;2.8137931;0.0;0.0;0.0;8.16;0.0;8.16;5.3462069
2025-06-02 05:00:00;3.3793103;0.0;0.0;0.0;9.8;0.0;9.8;6.4206897
2025-06-02 06:00:00;3.3793103;0.0;0.0;0.0;9.8;0.0;9.8;6.4206897
2025-06-02 07:00:00;3.1793103;0.2;0.0;0.0;9.8;0.0;9.8;6.4206897
2025-06-02 08:00:00;0.0;4.75;4.2224138;0.0;1.53;0.0;1.53;1.0024138
2025-06-02 09:00:00;0.0;15.4;14.872414;0.0;1.53;0.0;1.53;1.0024138
2025-06-02 10:00:00;0.0;34.4;33.872414;0.0;1.53;0.0;1.53;1.0024138
2025-06-02 11:00:00;0.0;71.0;70.882759;0.0;0.34;0.0;0.34;0.22275862
2025-06-02 12:00:00;0.0;108.99999999999999;108.88276;0.0;0.34;0.0;0.34;0.22275862
2025-06-02 13:00:00;0.0;133.0;132.88276;0.0;0.34;0.0;0.34;0.22275862
2025-06-02 14:00:00;0.0;135.0;134.98966;0.0;0.03;0.0;0.030000000000000002;0.019655172
2025-06-02 15:00:00;0.0;146.0;145.98966;0.0;0.03;0.0;0.030000000000000002;0.019655172
2025-06-02 16:00:00;0.0;137.0;136.98966;0.0;0.03;0.0;0.030000000000000002;0.019655172
2025-06-02 17:00:00;0.0;99.10000000000001;98.813793;0.0;0.83;0.0;0.83;0.5437931
2025-06-02 18:00:00;0.0;83.2;82.913793;0.0;0.83;0.0;0.83;0.5437931
2025-06-02 19:00:00;0.0;69.1;68.813793;0.0;0.83;0.0;0.83;0.5437931
2025-06-02 20:00:00;0.0;72.0;71.334483;0.0;1.93;0.0;1.9300000000000002;1.2644828
2025-06-02 21:00:00;0.0;36.6;35.934483;0.0;1.93;0.0;1.9300000000000002;1.2644828
2025-06-02 22:00:00;0.0;14.899999999999999;14.230469;0.0;1.93;0.0;1.9300000000000002;1.2604694
2025-06-02 23:00:00;0.62444572;2.27;0.0;0.0;8.12;0.0;8.12;5.2255543
2025-06-03 00:00:00;2.969818;0.0;0.0;0.0;8.12;0.0;8.12;5.150182
2025-06-03 01:00:00;3.0076446;0.0;0.0;0.0;8.12;0.0;8.12;5.1123554
2025-06-03 02:00:00;3.2008603;0.0;0.0;0.0;8.61;0.0;8.61;5.4091397
2025-06-03 03:00:00;3.1865613;0.0;0.0;0.0;8.61;0.0;8.61;5.4234387
2025-06-03 04:00:00;3.0471877;0.0;0.0;0.0;8.61;0.0;8.61;5.5628123
2025-06-03 05:00:00;1.4413793;0.0;0.0;0.0;4.18;0.0;4.18;2.7386207
2025-06-03 06:00:00;1.4413793;0.0;0.0;0.0;4.18;0.0;4.18;2.7386207
2025-06-03 07:00:00;0.54137931;0.9;0.0;0.0;4.18;0.0;4.18;2.7386207
2025-06-03 08:00:00;0.0;4.7;4.5551724;0.0;0.42;0.0;0.42;0.27517241
2025-06-03 09:00:00;0.0;11.4;11.255172;0.0;0.42;0.0;0.42;0.27517241
2025-06-03 10:00:00;0.0;34.1;33.955172;0.0;0.42;0.0;0.42;0.27517241
2025-06-03 11:00:00;0.0;72.3;72.155172;0.0;0.42;0.0;0.42;0.27517241
2025-06-03 12:00:00;0.0;73.4;73.255172;0.0;0.42;0.0;0.42;0.27517241
2025-06-03 13:00:00;0.0;81.7;81.555172;0.0;0.42;0.0;0.42;0.27517241
2025-06-03 14:00:00;0.0;119.0;118.65517;0.0;1.0;0.0;1.0;0.65517241
2025-06-03 15:00:00;0.0;152.0;151.65517;0.0;1.0;0.0;1.0;0.65517241
2025-06-03 16:00:00;0.0;144.0;143.65517;0.0;1.0;0.0;1.0;0.65517241
2025-06-03 17:00:00;0.0;130.0;129.73103;0.0;0.78;0.0;0.78;0.51103448
2025-06-03 18:00:00;0.0;113.0;112.73103;0.0;0.78;0.0;0.78;0.51103448
2025-06-03 19:00:00;0.0;79.5;79.231034;0.0;0.78;0.0;0.78;0.51103448
2025-06-03 20:00:00;0.0;42.5;42.289655;0.0;0.61;0.0;0.61;0.39965517
2025-06-03 21:00:00;0.0;28.3;28.089655;0.0;0.61;0.0;0.61;0.39965517
2025-06-03 22:00:00;0.0;12.5;12.289655;0.0;0.61;0.0;0.61;0.39965517
2025-06-03 23:00:00;0.0;2.73;2.5231034;0.0;0.6;0.0;0.6;0.39310345
2025-06-04 00:00:00;0.20689655;0.0;0.0;0.0;0.6;0.0;0.6;0.39310345
2025-06-04 01:00:00;0.20689655;0.0;0.0;0.0;0.6;0.0;0.6;0.39310345
2025-06-04 02:00:00;1.6724138;0.0;0.0;0.0;4.85;0.0;4.85;3.1775862
2025-06-04 03:00:00;1.6724138;0.0;0.0;0.0;4.85;0.0;4.85;3.1775862
2025-06-04 04:00:00;1.6724138;0.0;0.0;0.0;4.85;0.0;4.85;3.1775862
2025-06-04 05:00:00;1.6137931;0.0;0.0;0.0;4.68;0.0;4.68;3.0662069
2025-06-04 06:00:00;1.6137931;0.0;0.0;0.0;4.68;0.0;4.68;3.0662069
2025-06-04 07:00:00;1.4137931;0.2;0.0;0.0;4.68;0.0;4.68;3.0662069
2025-06-04 08:00:00;0.0;4.93;4.7127586;0.0;0.63;0.0;0.63;0.41275862
2025-06-04 09:00:00;0.0;15.1;14.882759;0.0;0.63;0.0;0.63;0.41275862
2025-06-04 10:00:00;0.0;34.6;34.382759;0.0;0.63;0.0;0.63;0.41275862
2025-06-04 11:00:00;0.0;69.5;69.441379;0.0;0.17;0.0;0.17;0.11137931
2025-06-04 12:00:00;0.0;110.0;109.94138;0.0;0.17;0.0;0.17;0.11137931
2025-06-04 13:00:00;0.0;108.99999999999999;108.94138;0.0;0.17;0.0;0.17;0.11137931
2025-06-04 14:00:00;0.0;87.5;87.313793;0.0;0.54;0.0;0.54;0.3537931
2025-06-04 15:00:00;0.0;130.0;129.81379;0.0;0.54;0.0;0.54;0.3537931
2025-06-04 16:00:00;0.0;153.0;152.81379;0.0;0.54;0.0;0.54;0.3537931
2025-06-04 17:00:00;0.0;140.0;139.93448;0.0;0.19;0.0;0.19;0.12448276
2025-06-04 18:00:00;0.0;72.6;72.534483;0.0;0.19;0.0;0.19;0.12448276
2025-06-04 19:00:00;0.0;79.7;79.634483;0.0;0.19;0.0;0.19;0.12448276
2025-06-04 20:00:00;0.0;46.8;46.158621;0.0;1.86;0.0;1.8599999999999999;1.2186207
2025-06-04 21:00:00;0.0;22.5;21.858621;0.0;1.86;0.0;1.8599999999999999;1.2186207
2025-06-04 22:00:00;0.0;13.5;12.858621;0.0;1.86;0.0;1.8599999999999999;1.2186207
2025-06-04 23:00:00;0.0;1.98;0.43517241;0.0;4.48;0.0;4.48;2.9351724
2025-06-05 00:00:00;1.5448276;0.0;0.0;0.0;4.48;0.0;4.48;2.9351724
2025-06-05 01:00:00;1.5448276;0.0;0.0;0.0;4.48;0.0;4.48;2.9351724
2025-06-05 02:00:00;2.0310345;0.0;0.0;0.0;5.89;0.0;5.89;3.8589655
2025-06-05 03:00:00;2.0310345;0.0;0.0;0.0;5.89;0.0;5.89;3.8589655
2025-06-05 04:00:00;2.0310345;0.0;0.0;0.0;5.89;0.0;5.89;3.8589655
2025-06-05 05:00:00;1.1275862;0.0;0.0;0.0;3.27;0.0;3.27;2.1424138
2025-06-05 06:00:00;1.1275862;0.0;0.0;0.0;3.27;0.0;3.27;2.1424138
2025-06-05 07:00:00;0.82758621;0.3;0.0;0.0;3.27;0.0;3.27;2.1424138
2025-06-05 08:00:00;0.0;3.3;3.037931;0.0;0.76;0.0;0.76;0.49793103
2025-06-05 09:00:00;0.0;10.3;10.037931;0.0;0.76;0.0;0.76;0.49793103
2025-06-05 10:00:00;0.0;31.0;30.737931;0.0;0.76;0.0;0.76;0.49793103
2025-06-05 11:00:00;0.0;36.6;36.296552;0.0;0.88;0.0;0.8799999999999999;0.57655172
2025-06-05 12:00:00;0.0;74.6;74.296552;0.0;0.88;0.0;0.8799999999999999;0.57655172
2025-06-05 13:00:00;0.0;80.0;79.696552;0.0;0.88;0.0;0.8799999999999999;0.57655172
2025-06-05 14:00:00;0.0;96.9;96.613793;0.0;0.83;0.0;0.83;0.5437931
2025-06-05 15:00:00;0.0;59.199999999999996;58.913793;0.0;0.83;0.0;0.83;0.5437931
2025-06-05 16:00:00;0.0;50.2;49.913793;0.0;0.83;0.0;0.83;0.5437931
2025-06-05 17:00:00;0.0;91.4;91.2;0.0;0.58;0.0;0.58;0.38
2025-06-05 18:00:00;0.0;81.7;81.5;0.0;0.58;0.0;0.58;0.38
2025-06-05 19:00:00;0.0;54.2;54.0;0.0;0.58;0.0;0.58;0.38
2025-06-05 20:00:00;0.0;39.6;39.262069;0.0;0.98;0.0;0.9800000000000001;0.64206897
2025-06-05 21:00:00;0.0;15.7;15.362069;0.0;0.98;0.0;0.9800000000000001;0.64206897
2025-06-05 22:00:00;0.0;9.4;9.062069;0.0;0.98;0.0;0.9800000000000001;0.64206897
2025-06-05 23:00:00;0.51206897;1.05;0.0;0.0;4.53;0.0;4.53;2.967931
2025-06-06 00:00:00;1.562069;0.0;0.0;0.0;4.53;0.0;4.53;2.967931
2025-06-06 01:00:00;1.562069;0.0;0.0;0.0;4.53;0.0;4.53;2.967931
2025-06-06 02:00:00;1.0586207;0.0;0.0;0.0;3.07;0.0;3.07;2.0113793
2025-06-06 03:00:00;1.0586207;0.0;0.0;0.0;3.07;0.0;3.07;2.0113793
2025-06-06 04:00:00;1.0586207;0.0;0.0;0.0;3.07;0.0;3.07;2.0113793
2025-06-06 05:00:00;1.4862069;0.0;0.0;0.0;4.31;0.0;4.31;2.8237931
2025-06-06 06:00:00;1.4862069;0.0;0.0;0.0;4.31;0.0;4.31;2.8237931
2025-06-06 07:00:00;1.3862069;0.1;0.0;0.0;4.31;0.0;4.31;2.8237931
2025-06-06 08:00:00;0.0;4.45;3.6913793;0.0;2.2;0.0;2.2;1.4413793
2025-06-06 09:00:00;0.0;8.25;7.4913793;0.0;2.2;0.0;2.2;1.4413793
2025-06-06 10:00:00;0.0;32.5;31.741379;0.0;2.2;0.0;2.2;1.4413793
2025-06-06 11:00:00;0.0;53.7;53.603448;0.0;0.28;0.0;0.28;0.18344828
2025-06-06 12:00:00;0.0;64.1;64.003448;0.0;0.28;0.0;0.28;0.18344828
2025-06-06 13:00:00;0.0;90.89999999999999;90.803448;0.0;0.28;0.0;0.28;0.18344828
2025-06-06 14:00:00;0.0;116.0;115.71034;0.0;0.84;0.0;0.84;0.55034483
2025-06-06 15:00:00;0.0;101.99999999999999;101.71034;0.0;0.84;0.0;0.84;0.55034483
2025-06-06 16:00:00;0.0;106.0;105.71034;0.0;0.84;0.0;0.84;0.55034483
2025-06-06 17:00:00;0.0;85.1;85.1;0.0;0.0;0.0;0.0;0.0
2025-06-06 18:00:00;0.0;59.9;59.9;0.0;0.0;0.0;0.0;0.0
2025-06-06 19:00:00;0.0;87.0;87.0;0.0;0.0;0.0;0.0;0.0
2025-06-06 20:00:00;0.0;65.1;64.772414;0.0;0.95;0.0;0.95;0.62241379
2025-06-06 21:00:00;0.0;31.1;30.772414;0.0;0.95;0.0;0.95;0.62241379
2025-06-06 22:00:00;0.0;10.5;10.172414;0.0;0.95;0.0;0.95;0.62241379
2025-06-06 23:00:00;0.45758621;2.07;0.0;0.0;7.33;0.0;7.329999999999999;4.8024138
2025-06-07 00:00:00;2.5275862;0.0;0.0;0.0;7.33;0.0;7.329999999999999;4.8024138
2025-06-07 01:00:00;2.5275862;0.0;0.0;0.0;7.33;0.0;7.329999999999999;4.8024138
2025-06-07 02:00:00;2.0448276;0.0;0.0;0.0;5.93;0.0;5.93;3.8851724
2025-06-07 03:00:00;2.0448276;0.0;0.0;0.0;5.93;0.0;5.93;3.8851724
2025-06-07 04:00:00;2.0448276;0.0;0.0;0.0;5.93;0.0;5.93;3.8851724
2025-06-07 05:00:00;1.6689655;0.0;0.0;0.0;4.84;0.0;4.84;3.1710345
2025-06-07 06:00:00;1.6689655;0.0;0.0;0.0;4.84;0.0;4.84;3.1710345
2025-06-07 07:00:00;1.6689655;0.0;0.0;0.0;4.84;0.0;4.84;3.1710345
2025-06-07 08:00:00;0.0;2.85;1.887931;0.0;2.79;0.0;2.79;1.827931
2025-06-07 09:00:00;0.0;15.5;14.537931;0.0;2.79;0.0;2.79;1.827931
2025-06-07 10:00:00;0.0;24.0;23.037931;0.0;2.79;0.0;2.79;1.827931
2025-06-07 11:00:00;0.0;27.7;27.493103;0.0;0.6;0.0;0.6;0.39310345
2025-06-07 12:00:00;0.0;54.0;53.793103;0.0;0.6;0.0;0.6;0.39310345
2025-06-07 13:00:00;0.0;84.9;84.693103;0.0;0.6;0.0;0.6;0.39310345
2025-06-07 14:00:00;0.0;92.3;92.272414;0.0;0.08;0.0;0.08;0.052413793
2025-06-07 15:00:00;0.0;79.8;79.772414;0.0;0.08;0.0;0.08;0.052413793
2025-06-07 16:00:00;0.0;93.6;93.572414;0.0;0.08;0.0;0.08;0.052413793
2025-06-07 17:00:00;0.0;63.0;62.6;0.0;1.16;0.0;1.16;0.76
2025-06-07 18:00:00;0.0;90.2;89.8;0.0;1.16;0.0;1.16;0.76
2025-06-07 19:00:00;0.0;83.1;82.7;0.0;1.16;0.0;1.16;0.76
2025-06-07 20:00:00;0.0;55.2;53.368966;0.0;5.31;0.0;5.31;3.4789655
2025-06-07 21:00:00;0.0;21.5;19.668966;0.0;5.31;0.0;5.31;3.4789655
2025-06-07 22:00:00;0.0;8.92;7.0889655;0.0;5.31;0.0;5.31;3.4789655
2025-06-07 23:00:00;0.72586207;0.95;0.0;0.0;4.86;0.0;4.86;3.1841379
2025-06-08 00:00:00;1.6758621;0.0;0.0;0.0;4.86;0.0;4.86;3.1841379
2025-06-08 01:00:00;1.6758621;0.0;0.0;0.0;4.86;0.0;4.86;3.1841379
2025-06-08 02:00:00;1.3896552;0.0;0.0;0.0;4.03;0.0;4.03;2.6403448
2025-06-08 03:00:00;1.3896552;0.0;0.0;0.0;4.03;0.0;4.03;2.6403448
2025-06-08 04:00:00;1.4066476;0.0;0.0;0.0;4.03;0.0;4.03;2.6233524
2025-06-08 05:00:00;2.150095;0.0;0.0;0.0;6.17;0.0;6.17;4.019905
2025-06-08 06:00:00;2.1275862;0.0;0.0;0.0;6.17;0.0;6.17;4.0424138
2025-06-08 07:00:00;1.8275862;0.3;0.0;0.0;6.17;0.0;6.17;4.0424138
2025-06-08 08:00:00;0.0;5.32;4.1889655;0.0;3.28;0.0;3.28;2.1489655
2025-06-08 09:00:00;0.0;11.4;10.268966;0.0;3.28;0.0;3.28;2.1489655
2025-06-08 10:00:00;0.0;28.6;27.468966;0.0;3.28;0.0;3.28;2.1489655
2025-06-08 11:00:00;0.0;30.8;29.693103;0.0;3.21;0.0;3.21;2.1031034
2025-06-08 12:00:00;0.0;36.1;34.993103;0.0;3.21;0.0;3.21;2.1031034
2025-06-08 13:00:00;0.0;52.7;51.593103;0.0;3.21;0.0;3.21;2.1031034
2025-06-08 14:00:00;0.0;52.00000000000001;51.486207;0.0;1.49;0.0;1.49;0.9762069
2025-06-08 15:00:00;0.0;124.99999999999999;124.48621;0.0;1.49;0.0;1.49;0.9762069
2025-06-08 16:00:00;0.0;86.1;85.586207;0.0;1.49;0.0;1.49;0.9762069
2025-06-08 17:00:00;0.0;76.6;75.506897;0.0;3.17;0.0;3.17;2.0768966
2025-06-08 18:00:00;0.0;103.0;101.9069;0.0;3.17;0.0;3.17;2.0768966
2025-06-08 19:00:00;0.0;85.3;84.206897;0.0;3.17;0.0;3.17;2.0768966
2025-06-08 20:00:00;0.0;63.8;61.581597;0.0;6.34;0.0;6.34;4.1215973
2025-06-08 21:00:00;0.0;34.9;32.635283;0.0;6.34;0.0;6.34;4.0752834
2025-06-08 22:00:00;0.0;15.1;12.806062;0.0;6.34;0.0;6.34;4.0460616
2025-06-08 23:00:00;1.0108297;2.7;0.0;0.0;10.17;0.0;10.17;6.4591703
2025-06-09 00:00:00;3.7210492;0.0;0.0;0.0;10.17;0.0;10.17;6.4489508
2025-06-09 01:00:00;3.7380016;0.0;0.0;0.0;10.17;0.0;10.17;6.4319984
2025-06-09 02:00:00;3.0235422;0.0;0.0;0.0;8.14;0.0;8.14;5.1164578
2025-06-09 03:00:00;3.0382107;0.0;0.0;0.0;8.14;0.0;8.14;5.1017893
2025-06-09 04:00:00;2.9877186;0.0;0.0;0.0;8.14;0.0;8.14;5.1522814
2025-06-09 05:00:00;1.9273537;0.0;0.0;0.0;5.46;0.0;5.46;3.5326463
2025-06-09 06:00:00;1.8827586;0.0;0.0;0.0;5.46;0.0;5.46;3.5772414
2025-06-09 07:00:00;1.3827586;0.5;0.0;0.0;5.46;0.0;5.46;3.5772414
2025-06-09 08:00:00;0.0;5.57;5.2562069;0.0;0.91;0.0;0.9099999999999999;0.5962069
2025-06-09 09:00:00;0.0;17.6;17.286207;0.0;0.91;0.0;0.9099999999999999;0.5962069
2025-06-09 10:00:00;0.0;37.4;37.086207;0.0;0.91;0.0;0.9099999999999999;0.5962069
2025-06-09 11:00:00;0.0;67.9;67.824138;0.0;0.22;0.0;0.21999999999999997;0.14413793
2025-06-09 12:00:00;0.0;101.0;100.92414;0.0;0.22;0.0;0.21999999999999997;0.14413793
2025-06-09 13:00:00;0.0;121.0;120.92414;0.0;0.22;0.0;0.21999999999999997;0.14413793
2025-06-09 14:00:00;0.0;131.0;130.91379;0.0;0.25;0.0;0.25;0.1637931
2025-06-09 15:00:00;0.0;105.0;104.91379;0.0;0.25;0.0;0.25;0.1637931
2025-06-09 16:00:00;0.0;77.7;77.613793;0.0;0.25;0.0;0.25;0.1637931
2025-06-09 17:00:00;0.0;50.9;50.813793;0.0;0.25;0.0;0.25;0.1637931
2025-06-09 18:00:00;0.0;47.699999999999996;47.613793;0.0;0.25;0.0;0.25;0.1637931
2025-06-09 19:00:00;0.0;63.300000000000004;63.213793;0.0;0.25;0.0;0.25;0.1637931
2025-06-09 20:00:00;0.0;45.1;44.141379;0.0;2.78;0.0;2.78;1.8213793
2025-06-09 21:00:00;0.0;37.8;36.837902;0.0;2.78;0.0;2.78;1.817902
2025-06-09 22:00:00;0.0;15.000000000000002;14.02698;0.0;2.78;0.0;2.78;1.8069801
2025-06-09 23:00:00;0.0;3.9;0.28135091;0.0;10.27;0.0;10.27;6.6513509
2025-06-10 00:00:00;3.6216649;0.0;0.0;0.0;10.27;0.0;10.27;6.6483351
2025-06-10 01:00:00;3.6120215;0.0;0.0;0.0;10.27;0.0;10.27;6.6579785
2025-06-10 02:00:00;2.2476358;0.0;0.0;0.0;6.48;0.0;6.48;4.2323642
2025-06-10 03:00:00;2.2344828;0.0;0.0;0.0;6.48;0.0;6.48;4.2455172
2025-06-10 04:00:00;2.2344828;0.0;0.0;0.0;6.48;0.0;6.48;4.2455172
2025-06-10 05:00:00;1.0551724;0.0;0.0;0.0;3.06;0.0;3.06;2.0048276
2025-06-10 06:00:00;1.0551724;0.0;0.0;0.0;3.06;0.0;3.06;2.0048276
2025-06-10 07:00:00;0.55517241;0.5;0.0;0.0;3.06;0.0;3.06;2.0048276
2025-06-10 08:00:00;0.0;5.1;5.0448276;0.0;0.16;0.0;0.16;0.10482759
2025-06-10 09:00:00;0.0;15.000000000000002;14.944828;0.0;0.16;0.0;0.16;0.10482759
2025-06-10 10:00:00;0.0;23.6;23.544828;0.0;0.16;0.0;0.16;0.10482759
2025-06-10 11:00:00;0.0;33.7;33.696552;0.0;0.01;0.0;0.01;0.0065517241
2025-06-10 12:00:00;0.0;50.3;50.296552;0.0;0.01;0.0;0.01;0.0065517241
2025-06-10 13:00:00;0.0;82.6;82.596552;0.0;0.01;0.0;0.01;0.0065517241
2025-06-10 14:00:00;0.0;115.0;114.98276;0.0;0.05;0.0;0.05;0.032758621
2025-06-10 15:00:00;0.0;101.99999999999999;101.98276;0.0;0.05;0.0;0.05;0.032758621
2025-06-10 16:00:00;0.0;106.0;105.98276;0.0;0.05;0.0;0.05;0.032758621
2025-06-10 17:00:00;0.0;66.2;66.010345;0.0;0.55;0.0;0.55;0.36034483
2025-06-10 18:00:00;0.0;49.7;49.510345;0.0;0.55;0.0;0.55;0.36034483
2025-06-10 19:00:00;0.0;33.4;33.210345;0.0;0.55;0.0;0.55;0.36034483
2025-06-10 20:00:00;0.0;37.1;36.165517;0.0;2.71;0.0;2.71;1.7755172
2025-06-10 21:00:00;0.0;35.9;34.965517;0.0;2.71;0.0;2.71;1.7755172
2025-06-10 22:00:00;0.0;11.4;10.465517;0.0;2.71;0.0;2.71;1.7755172
2025-06-10 23:00:00;0.9025901;2.35;0.0;0.0;9.3;0.0;9.3;6.0474099
2025-06-11 00:00:00;3.3452391;0.0;0.0;0.0;9.3;0.0;9.3;5.9547609
2025-06-11 01:00:00;3.4247128;0.0;0.0;0.0;9.3;0.0;9.3;5.8752872
2025-06-11 02:00:00;3.640409;0.0;0.0;0.0;9.63;0.0;9.63;5.989591
2025-06-11 03:00:00;3.6931969;0.0;0.0;0.0;9.63;0.0;9.63;5.9368031
2025-06-11 04:00:00;3.5238838;0.0;0.0;0.0;9.63;0.0;9.63;6.1061162
2025-06-11 05:00:00;2.5729046;0.0;0.0;0.0;7.3;0.0;7.300000000000001;4.7270954
2025-06-11 06:00:00;2.5172414;0.0;0.0;0.0;7.3;0.0;7.300000000000001;4.7827586
2025-06-11 07:00:00;1.7672414;0.75;0.0;0.0;7.3;0.0;7.300000000000001;4.7827586
2025-06-11 08:00:00;0.0;4.8;4.4275862;0.0;1.08;0.0;1.08;0.70758621
2025-06-11 09:00:00;0.0;11.300000000000002;10.927586;0.0;1.08;0.0;1.08;0.70758621
2025-06-11 10:00:00;0.0;34.1;33.727586;0.0;1.08;0.0;1.08;0.70758621
2025-06-11 11:00:00;0.0;76.4;76.375862;0.0;0.07;0.0;0.07;0.045862069
2025-06-11 12:00:00;0.0;95.80000000000001;95.775862;0.0;0.07;0.0;0.07;0.045862069
2025-06-11 13:00:00;0.0;114.0;113.97586;0.0;0.07;0.0;0.07;0.045862069
2025-06-11 14:00:00;0.0;144.0;144.0;0.0;0.0;0.0;0.0;0.0
2025-06-11 15:00:00;0.0;158.0;158.0;0.0;0.0;0.0;0.0;0.0
2025-06-11 16:00:00;0.0;157.0;157.0;0.0;0.0;0.0;0.0;0.0
2025-06-11 17:00:00;0.0;149.0;149.0;0.0;0.0;0.0;0.0;0.0
2025-06-11 18:00:00;0.0;132.0;132.0;0.0;0.0;0.0;0.0;0.0
2025-06-11 19:00:00;0.0;108.99999999999999;109.0;0.0;0.0;0.0;0.0;0.0
2025-06-11 20:00:00;0.0;77.9;77.513793;0.0;1.12;0.0;1.12;0.7337931
2025-06-11 21:00:00;0.0;43.1;42.713793;0.0;1.12;0.0;1.12;0.7337931
2025-06-11 22:00:00;0.0;14.5;14.113793;0.0;1.12;0.0;1.12;0.7337931
2025-06-11 23:00:00;0.0;2.88;1.0213793;0.0;5.39;0.0;5.39;3.5313793
2025-06-12 00:00:00;1.8586207;0.0;0.0;0.0;5.39;0.0;5.39;3.5313793
2025-06-12 01:00:00;1.8586207;0.0;0.0;0.0;5.39;0.0;5.39;3.5313793
2025-06-12 02:00:00;1.3034483;0.0;0.0;0.0;3.78;0.0;3.78;2.4765517
2025-06-12 03:00:00;1.3034483;0.0;0.0;0.0;3.78;0.0;3.78;2.4765517
2025-06-12 04:00:00;1.3034483;0.0;0.0;0.0;3.78;0.0;3.78;2.4765517
2025-06-12 05:00:00;1.1586207;0.0;0.0;0.0;3.36;0.0;3.36;2.2013793
2025-06-12 06:00:00;1.1586207;0.0;0.0;0.0;3.36;0.0;3.36;2.2013793
2025-06-12 07:00:00;0.55862069;0.6;0.0;0.0;3.36;0.0;3.36;2.2013793
2025-06-12 08:00:00;0.0;4.33;4.0989655;0.0;0.67;0.0;0.67;0.43896552
2025-06-12 09:00:00;0.0;10.899999999999999;10.668966;0.0;0.67;0.0;0.67;0.43896552
2025-06-12 10:00:00;0.0;32.5;32.268966;0.0;0.67;0.0;0.67;0.43896552
2025-06-12 11:00:00;0.0;72.8;72.541379;0.0;0.75;0.0;0.75;0.49137931
2025-06-12 12:00:00;0.0;107.0;106.74138;0.0;0.75;0.0;0.75;0.49137931
2025-06-12 13:00:00;0.0;132.0;131.74138;0.0;0.75;0.0;0.75;0.49137931
2025-06-12 14:00:00;0.0;150.0;149.51034;0.0;1.42;0.0;1.42;0.93034483
2025-06-12 15:00:00;0.0;157.0;156.51034;0.0;1.42;0.0;1.42;0.93034483
2025-06-12 16:00:00;0.0;156.0;155.51034;0.0;1.42;0.0;1.42;0.93034483
2025-06-12 17:00:00;0.0;149.0;148.72414;0.0;0.8;0.0;0.8;0.52413793
2025-06-12 18:00:00;0.0;127.00000000000001;126.72414;0.0;0.8;0.0;0.8;0.52413793
2025-06-12 19:00:00;0.0;103.0;102.72414;0.0;0.8;0.0;0.8;0.52413793
2025-06-12 20:00:00;0.0;65.9;65.862069;0.0;0.11;0.0;0.10999999999999999;0.072068966
2025-06-12 21:00:00;0.0;36.6;36.562069;0.0;0.11;0.0;0.10999999999999999;0.072068966
2025-06-12 22:00:00;0.0;16.1;16.062069;0.0;0.11;0.0;0.10999999999999999;0.072068966
2025-06-12 23:00:00;0.0;3.35;3.35;0.0;0.0;0.0;0.0;0.0
2025-06-13 00:00:00;0.0;0.0;0.0;0.0;0.0;0.0;0.0;0.0
2025-06-13 01:00:00;0.0;0.0;0.0;0.0;0.0;0.0;0.0;0.0
2025-06-13 02:00:00;0.14482759;0.0;0.0;0.0;0.42;0.0;0.42;0.27517241
2025-06-13 03:00:00;0.14482759;0.0;0.0;0.0;0.42;0.0;0.42;0.27517241
2025-06-13 04:00:00;0.14482759;0.0;0.0;0.0;0.42;0.0;0.42;0.27517241
2025-06-13 05:00:00;0.10689655;0.0;0.0;0.0;0.31;0.0;0.31;0.20310345
2025-06-13 06:00:00;0.10689655;0.0;0.0;0.0;0.31;0.0;0.31;0.20310345
2025-06-13 07:00:00;0.0;0.7000000000000002;0.59310345;0.0;0.31;0.0;0.31;0.20310345
2025-06-13 08:00:00;0.0;4.57;4.1975862;0.0;1.08;0.0;1.08;0.70758621
2025-06-13 09:00:00;0.0;12.0;11.627586;0.0;1.08;0.0;1.08;0.70758621
2025-06-13 10:00:00;0.0;30.9;30.527586;0.0;1.08;0.0;1.08;0.70758621
2025-06-13 11:00:00;0.0;60.8;59.996552;0.0;2.33;0.0;2.33;1.5265517
2025-06-13 12:00:00;0.0;94.0;93.196552;0.0;2.33;0.0;2.33;1.5265517
2025-06-13 13:00:00;0.0;122.0;121.19655;0.0;2.33;0.0;2.33;1.5265517
2025-06-13 14:00:00;0.0;136.0;135.59655;0.0;1.17;0.0;1.17;0.76655172
2025-06-13 15:00:00;0.0;145.0;144.59655;0.0;1.17;0.0;1.17;0.76655172
2025-06-13 16:00:00;0.0;146.0;145.59655;0.0;1.17;0.0;1.17;0.76655172
2025-06-13 17:00:00;0.0;126.0;125.76897;0.0;0.67;0.0;0.67;0.43896552
2025-06-13 18:00:00;0.0;122.0;121.76897;0.0;0.67;0.0;0.67;0.43896552
2025-06-13 19:00:00;0.0;99.8;99.568966;0.0;0.67;0.0;0.67;0.43896552
2025-06-13 20:00:00;0.0;70.8;70.686207;0.0;0.33;0.0;0.33;0.2162069
2025-06-13 21:00:00;0.0;39.5;39.386207;0.0;0.33;0.0;0.33;0.2162069
2025-06-13 22:00:00;0.0;13.9;13.786207;0.0;0.33;0.0;0.33;0.2162069
2025-06-13 23:00:00;0.0;2.65;2.512069;0.0;0.4;0.0;0.4;0.26206897
2025-06-14 00:00:00;0.13793103;0.0;0.0;0.0;0.4;0.0;0.4;0.26206897
2025-06-14 01:00:00;0.13793103;0.0;0.0;0.0;0.4;0.0;0.4;0.26206897
2025-06-14 02:00:00;0.04137931;0.0;0.0;0.0;0.12;0.0;0.12000000000000001;0.07862069
2025-06-14 03:00:00;0.04137931;0.0;0.0;0.0;0.12;0.0;0.12000000000000001;0.07862069
2025-06-14 04:00:00;0.04137931;0.0;0.0;0.0;0.12;0.0;0.12000000000000001;0.07862069
2025-06-14 05:00:00;0.18275862;0.0;0.0;0.0;0.53;0.0;0.53;0.34724138
2025-06-14 06:00:00;0.18275862;0.0;0.0;0.0;0.53;0.0;0.53;0.34724138
2025-06-14 07:00:00;0.0;0.9;0.71724138;0.0;0.53;0.0;0.53;0.34724138
2025-06-14 08:00:00;0.0;7.55;6.6603448;0.0;2.58;0.0;2.58;1.6903448
2025-06-14 09:00:00;0.0;17.4;16.510345;0.0;2.58;0.0;2.58;1.6903448
2025-06-14 10:00:00;0.0;36.3;35.410345;0.0;2.58;0.0;2.58;1.6903448
2025-06-14 11:00:00;0.0;59.3;58.524138;0.0;2.25;0.0;2.25;1.4741379
2025-06-14 12:00:00;0.0;98.0;97.224138;0.0;2.25;0.0;2.25;1.4741379
2025-06-14 13:00:00;0.0;117.0;116.22414;0.0;2.25;0.0;2.25;1.4741379
2025-06-14 14:00:00;0.0;133.0;133.0;0.0;0.0;0.0;0.0;0.0
2025-06-14 15:00:00;0.0;134.0;134.0;0.0;0.0;0.0;0.0;0.0
2025-06-14 16:00:00;0.0;55.699999999999996;55.7;0.0;0.0;0.0;0.0;0.0
2025-06-14 17:00:00;0.0;37.9;37.775862;0.0;0.36;0.0;0.36;0.23586207
2025-06-14 18:00:00;0.0;18.9;18.775862;0.0;0.36;0.0;0.36;0.23586207
2025-06-14 19:00:00;0.0;46.0;45.875862;0.0;0.36;0.0;0.36;0.23586207
2025-06-14 20:00:00;0.0;61.6;61.368966;0.0;0.67;0.0;0.67;0.43896552
2025-06-14 21:00:00;0.0;44.7;44.468966;0.0;0.67;0.0;0.67;0.43896552
2025-06-14 22:00:00;0.0;13.7;13.468966;0.0;0.67;0.0;0.67;0.43896552
2025-06-14 23:00:00;0.0;1.53;1.3472414;0.0;0.53;0.0;0.53;0.34724138
2025-06-15 00:00:00;0.18275862;0.0;0.0;0.0;0.53;0.0;0.53;0.34724138
2025-06-15 01:00:00;0.18275862;0.0;0.0;0.0;0.53;0.0;0.53;0.34724138
2025-06-15 02:00:00;0.037931034;0.0;0.0;0.0;0.11;0.0;0.10999999999999999;0.072068966
2025-06-15 03:00:00;0.037931034;0.0;0.0;0.0;0.11;0.0;0.10999999999999999;0.072068966
2025-06-15 04:00:00;0.037931034;0.0;0.0;0.0;0.11;0.0;0.10999999999999999;0.072068966
2025-06-15 05:00:00;1.8034483;0.0;0.0;0.0;5.23;0.0;5.23;3.4265517
2025-06-15 06:00:00;1.8034483;0.0;0.0;0.0;5.23;0.0;5.23;3.4265517
2025-06-15 07:00:00;1.8034483;0.0;0.0;0.0;5.23;0.0;5.23;3.4265517
2025-06-15 08:00:00;0.69310345;0.3;0.0;0.0;2.88;0.0;2.88;1.8868966
2025-06-15 09:00:00;0.0;3.0;2.0068966;0.0;2.88;0.0;2.88;1.8868966
2025-06-15 10:00:00;0.0;12.5;11.506897;0.0;2.88;0.0;2.88;1.8868966
2025-06-15 11:00:00;0.0;35.6;35.6;0.0;0.0;0.0;0.0;0.0
2025-06-15 12:00:00;0.0;76.6;76.6;0.0;0.0;0.0;0.0;0.0
2025-06-15 13:00:00;0.0;74.8;74.8;0.0;0.0;0.0;0.0;0.0
2025-06-15 14:00:00;0.0;90.8;90.789655;0.0;0.03;0.0;0.030000000000000002;0.019655172
2025-06-15 15:00:00;0.0;74.8;74.789655;0.0;0.03;0.0;0.030000000000000002;0.019655172
2025-06-15 16:00:00;0.0;83.6;83.589655;0.0;0.03;0.0;0.030000000000000002;0.019655172
2025-06-15 17:00:00;0.0;131.0;130.83793;0.0;0.47;0.0;0.47;0.30793103
2025-06-15 18:00:00;0.0;101.99999999999999;101.83793;0.0;0.47;0.0;0.47;0.30793103
2025-06-15 19:00:00;0.0;46.49999999999999;46.337931;0.0;0.47;0.0;0.47;0.30793103
2025-06-15 20:00:00;0.0;53.4;53.324138;0.0;0.22;0.0;0.21999999999999997;0.14413793
2025-06-15 21:00:00;0.0;41.5;41.424138;0.0;0.22;0.0;0.21999999999999997;0.14413793
2025-06-15 22:00:00;0.0;26.600000000000005;26.524138;0.0;0.22;0.0;0.21999999999999997;0.14413793
2025-06-15 23:00:00;0.0;7.65;6.7224138;0.0;2.69;0.0;2.69;1.7624138
2025-06-16 00:00:00;0.72758621;0.2;0.0;0.0;2.69;0.0;2.69;1.7624138
2025-06-16 01:00:00;0.92758621;0.0;0.0;0.0;2.69;0.0;2.69;1.7624138
2025-06-16 02:00:00;3.0353686;0.0;0.0;0.0;8.74;0.0;8.74;5.7046314
2025-06-16 03:00:00;3.0456464;0.0;0.0;0.0;8.74;0.0;8.74;5.6943536
2025-06-16 04:00:00;3.0137931;0.0;0.0;0.0;8.74;0.0;8.74;5.7262069
2025-06-16 05:00:00;1.6724138;0.0;0.0;0.0;4.85;0.0;4.85;3.1775862
2025-06-16 06:00:00;1.6724138;0.0;0.0;0.0;4.85;0.0;4.85;3.1775862
2025-06-16 07:00:00;0.67241379;1.0;0.0;0.0;4.85;0.0;4.85;3.1775862
2025-06-16 08:00:00;0.0;4.9;4.7689655;0.0;0.38;0.0;0.38;0.24896552
2025-06-16 09:00:00;0.0;12.0;11.868966;0.0;0.38;0.0;0.38;0.24896552
2025-06-16 10:00:00;0.0;32.1;31.968966;0.0;0.38;0.0;0.38;0.24896552
2025-06-16 11:00:00;0.0;70.6;70.6;0.0;0.0;0.0;0.0;0.0
2025-06-16 12:00:00;0.0;104.00000000000001;104.0;0.0;0.0;0.0;0.0;0.0
2025-06-16 13:00:00;0.0;127.00000000000001;127.0;0.0;0.0;0.0;0.0;0.0
2025-06-16 14:00:00;0.0;142.0;141.65517;0.0;1.0;0.0;1.0;0.65517241
2025-06-16 15:00:00;0.0;136.0;135.65517;0.0;1.0;0.0;1.0;0.65517241
2025-06-16 16:00:00;0.0;107.0;106.65517;0.0;1.0;0.0;1.0;0.65517241
2025-06-16 17:00:00;0.0;103.0;102.82069;0.0;0.52;0.0;0.52;0.34068966
2025-06-16 18:00:00;0.0;86.9;86.72069;0.0;0.52;0.0;0.52;0.34068966
2025-06-16 19:00:00;0.0;93.3;93.12069;0.0;0.52;0.0;0.52;0.34068966
2025-06-16 20:00:00;0.0;64.8;64.458621;0.0;0.99;0.0;0.9900000000000001;0.64862069
2025-06-16 21:00:00;0.0;41.3;40.958621;0.0;0.99;0.0;0.9900000000000001;0.64862069
2025-06-16 22:00:00;0.0;15.4;15.058621;0.0;0.99;0.0;0.9900000000000001;0.64862069
2025-06-16 23:00:00;0.0;3.38;2.8627586;0.0;1.5;0.0;1.5;0.98275862
2025-06-17 00:00:00;0.41724138;0.1;0.0;0.0;1.5;0.0;1.5;0.98275862
2025-06-17 01:00:00;0.51724138;0.0;0.0;0.0;1.5;0.0;1.5;0.98275862
2025-06-17 02:00:00;1.4551724;0.0;0.0;0.0;4.22;0.0;4.22;2.7648276
2025-06-17 03:00:00;1.4720214;0.0;0.0;0.0;4.22;0.0;4.22;2.7479786
2025-06-17 04:00:00;1.4551724;0.0;0.0;0.0;4.22;0.0;4.22;2.7648276
2025-06-17 05:00:00;1.6931034;0.0;0.0;0.0;4.91;0.0;4.91;3.2168966
2025-06-17 06:00:00;1.6931034;0.0;0.0;0.0;4.91;0.0;4.91;3.2168966
2025-06-17 07:00:00;0.69310345;1.0;0.0;0.0;4.91;0.0;4.91;3.2168966
2025-06-17 08:00:00;0.0;4.63;4.6265517;0.0;0.01;0.0;0.01;0.0065517241
2025-06-17 09:00:00;0.0;10.8;10.796552;0.0;0.01;0.0;0.01;0.0065517241
2025-06-17 10:00:00;0.0;31.8;31.796552;0.0;0.01;0.0;0.01;0.0065517241
2025-06-17 11:00:00;0.0;70.6;70.282759;0.0;0.92;0.0;0.9199999999999999;0.60275862
2025-06-17 12:00:00;0.0;104.00000000000001;103.68276;0.0;0.92;0.0;0.9199999999999999;0.60275862
2025-06-17 13:00:00;0.0;124.99999999999999;124.68276;0.0;0.92;0.0;0.9199999999999999;0.60275862
2025-06-17 14:00:00;0.0;135.0;134.54138;0.0;1.33;0.0;1.33;0.87137931
2025-06-17 15:00:00;0.0;135.0;134.54138;0.0;1.33;0.0;1.33;0.87137931
2025-06-17 16:00:00;0.0;146.0;145.54138;0.0;1.33;0.0;1.33;0.87137931
2025-06-17 17:00:00;0.0;146.0;145.62414;0.0;1.09;0.0;1.09;0.71413793
2025-06-17 18:00:00;0.0;120.00000000000001;119.62414;0.0;1.09;0.0;1.09;0.71413793
2025-06-17 19:00:00;0.0;104.00000000000001;103.62414;0.0;1.09;0.0;1.09;0.71413793
2025-06-17 20:00:00;0.0;77.7;77.617241;0.0;0.24;0.0;0.24000000000000002;0.15724138
2025-06-17 21:00:00;0.0;45.0;44.917241;0.0;0.24;0.0;0.24000000000000002;0.15724138
2025-06-17 22:00:00;0.0;11.8;11.717241;0.0;0.24;0.0;0.24000000000000002;0.15724138
2025-06-17 23:00:00;0.0;1.98;1.7386207;0.0;0.7;0.0;0.7;0.45862069
2025-06-18 00:00:00;0.24137931;0.0;0.0;0.0;0.7;0.0;0.7;0.45862069
2025-06-18 01:00:00;0.24137931;0.0;0.0;0.0;0.7;0.0;0.7;0.45862069
2025-06-18 02:00:00;0.46896552;0.0;0.0;0.0;1.36;0.0;1.36;0.89103448
2025-06-18 03:00:00;0.46896552;0.0;0.0;0.0;1.36;0.0;1.36;0.89103448
2025-06-18 04:00:00;0.46896552;0.0;0.0;0.0;1.36;0.0;1.36;0.89103448
2025-06-18 05:00:00;1.1137931;0.0;0.0;0.0;3.23;0.0;3.23;2.1162069
2025-06-18 06:00:00;1.1137931;0.0;0.0;0.0;3.23;0.0;3.23;2.1162069
2025-06-18 07:00:00;0.3137931;0.8;0.0;0.0;3.23;0.0;3.23;2.1162069
2025-06-18 08:00:00;0.0;4.78;4.6937931;0.0;0.25;0.0;0.25;0.1637931
2025-06-18 09:00:00;0.0;13.300000000000002;13.213793;0.0;0.25;0.0;0.25;0.1637931
2025-06-18 10:00:00;0.0;33.5;33.413793;0.0;0.25;0.0;0.25;0.1637931
2025-06-18 11:00:00;0.0;69.8;69.341379;0.0;1.33;0.0;1.33;0.87137931
2025-06-18 12:00:00;0.0;98.0;97.541379;0.0;1.33;0.0;1.33;0.87137931
2025-06-18 13:00:00;0.0;120.00000000000001;119.54138;0.0;1.33;0.0;1.33;0.87137931
2025-06-18 14:00:00;0.0;134.0;133.58276;0.0;1.21;0.0;1.21;0.79275862
2025-06-18 15:00:00;0.0;150.0;149.58276;0.0;1.21;0.0;1.21;0.79275862
2025-06-18 16:00:00;0.0;151.0;150.58276;0.0;1.21;0.0;1.21;0.79275862
2025-06-18 17:00:00;0.0;145.0;144.76552;0.0;0.68;0.0;0.68;0.44551724
2025-06-18 18:00:00;0.0;131.0;130.76552;0.0;0.68;0.0;0.68;0.44551724
2025-06-18 19:00:00;0.0;107.0;106.76552;0.0;0.68;0.0;0.68;0.44551724
2025-06-18 20:00:00;0.0;76.9;76.662069;0.0;0.69;0.0;0.69;0.45206897
2025-06-18 21:00:00;0.0;42.9;42.662069;0.0;0.69;0.0;0.69;0.45206897
2025-06-18 22:00:00;0.0;15.4;15.162069;0.0;0.69;0.0;0.69;0.45206897
2025-06-18 23:00:00;0.0;3.6499999999999995;3.5775862;0.0;0.21;0.0;0.21;0.13758621
2025-06-19 00:00:00;0.072413793;0.0;0.0;0.0;0.21;0.0;0.21;0.13758621
2025-06-19 01:00:00;0.072413793;0.0;0.0;0.0;0.21;0.0;0.21;0.13758621
2025-06-19 02:00:00;0.88965517;0.0;0.0;0.0;2.58;0.0;2.58;1.6903448
2025-06-19 03:00:00;0.88965517;0.0;0.0;0.0;2.58;0.0;2.58;1.6903448
2025-06-19 04:00:00;0.88965517;0.0;0.0;0.0;2.58;0.0;2.58;1.6903448
2025-06-19 05:00:00;1.4413793;0.0;0.0;0.0;4.18;0.0;4.18;2.7386207
2025-06-19 06:00:00;1.4413793;0.0;0.0;0.0;4.18;0.0;4.18;2.7386207
2025-06-19 07:00:00;0.84137931;0.6;0.0;0.0;4.18;0.0;4.18;2.7386207
2025-06-19 08:00:00;0.0;4.08;4.0593103;0.0;0.06;0.0;0.060000000000000005;0.039310345
2025-06-19 09:00:00;0.0;9.08;9.0593103;0.0;0.06;0.0;0.060000000000000005;0.039310345
2025-06-19 10:00:00;0.0;30.100000000000005;30.07931;0.0;0.06;0.0;0.060000000000000005;0.039310345
2025-06-19 11:00:00;0.0;70.0;69.989655;0.0;0.03;0.0;0.030000000000000002;0.019655172
2025-06-19 12:00:00;0.0;104.00000000000001;103.98966;0.0;0.03;0.0;0.030000000000000002;0.019655172
2025-06-19 13:00:00;0.0;129.0;128.98966;0.0;0.03;0.0;0.030000000000000002;0.019655172
2025-06-19 14:00:00;0.0;145.0;145.0;0.0;0.0;0.0;0.0;0.0
2025-06-19 15:00:00;0.0;154.0;154.0;0.0;0.0;0.0;0.0;0.0
2025-06-19 16:00:00;0.0;155.0;155.0;0.0;0.0;0.0;0.0;0.0
2025-06-19 17:00:00;0.0;147.0;146.85517;0.0;0.42;0.0;0.42;0.27517241
2025-06-19 18:00:00;0.0;133.0;132.85517;0.0;0.42;0.0;0.42;0.27517241
2025-06-19 19:00:00;0.0;108.99999999999999;108.85517;0.0;0.42;0.0;0.42;0.27517241
2025-06-19 20:00:00;0.0;79.3;79.272414;0.0;0.08;0.0;0.08;0.052413793
2025-06-19 21:00:00;0.0;44.3;44.272414;0.0;0.08;0.0;0.08;0.052413793
2025-06-19 22:00:00;0.0;15.000000000000002;14.972414;0.0;0.08;0.0;0.08;0.052413793
2025-06-19 23:00:00;0.0;3.1;2.5172414;0.0;1.69;0.0;1.69;1.1072414
2025-06-20 00:00:00;0.48275862;0.1;0.0;0.0;1.69;0.0;1.69;1.1072414
2025-06-20 01:00:00;0.58275862;0.0;0.0;0.0;1.69;0.0;1.69;1.1072414
2025-06-20 02:00:00;2.1793103;0.0;0.0;0.0;6.32;0.0;6.32;4.1406897
2025-06-20 03:00:00;2.1793103;0.0;0.0;0.0;6.32;0.0;6.32;4.1406897
2025-06-20 04:00:00;2.1793103;0.0;0.0;0.0;6.32;0.0;6.32;4.1406897
2025-06-20 05:00:00;2.3689655;0.0;0.0;0.0;6.87;0.0;6.869999999999999;4.5010345
2025-06-20 06:00:00;2.3689655;0.0;0.0;0.0;6.87;0.0;6.869999999999999;4.5010345
2025-06-20 07:00:00;1.8689655;0.5;0.0;0.0;6.87;0.0;6.869999999999999;4.5010345
2025-06-20 08:00:00;0.0;3.97;3.9389655;0.0;0.09;0.0;0.09;0.058965517
2025-06-20 09:00:00;0.0;9.18;9.1489655;0.0;0.09;0.0;0.09;0.058965517
2025-06-20 10:00:00;0.0;30.300000000000004;30.268966;0.0;0.09;0.0;0.09;0.058965517
2025-06-20 11:00:00;0.0;71.6;71.486207;0.0;0.33;0.0;0.33;0.2162069
2025-06-20 12:00:00;0.0;107.0;106.88621;0.0;0.33;0.0;0.33;0.2162069
2025-06-20 13:00:00;0.0;132.0;131.88621;0.0;0.33;0.0;0.33;0.2162069
2025-06-20 14:00:00;0.0;148.0;147.27241;0.0;2.11;0.0;2.11;1.3824138
2025-06-20 15:00:00;0.0;156.0;155.27241;0.0;2.11;0.0;2.11;1.3824138
2025-06-20 16:00:00;0.0;156.0;155.27241;0.0;2.11;0.0;2.11;1.3824138
2025-06-20 17:00:00;0.0;135.0;134.71034;0.0;0.84;0.0;0.84;0.55034483
2025-06-20 18:00:00;0.0;122.0;121.71034;0.0;0.84;0.0;0.84;0.55034483
2025-06-20 19:00:00;0.0;108.0;107.71034;0.0;0.84;0.0;0.84;0.55034483
2025-06-20 20:00:00;0.0;77.6;77.503448;0.0;0.28;0.0;0.28;0.18344828
2025-06-20 21:00:00;0.0;38.2;38.103448;0.0;0.28;0.0;0.28;0.18344828
2025-06-20 22:00:00;0.0;17.0;16.903448;0.0;0.28;0.0;0.28;0.18344828
2025-06-20 23:00:00;0.0;3.2800000000000002;3.2524138;0.0;0.08;0.0;0.08;0.052413793
2025-06-21 00:00:00;0.027586207;0.0;0.0;0.0;0.08;0.0;0.08;0.052413793
2025-06-21 01:00:00;0.027586207;0.0;0.0;0.0;0.08;0.0;0.08;0.052413793
2025-06-21 02:00:00;0.64827586;0.0;0.0;0.0;1.88;0.0;1.88;1.2317241
2025-06-21 03:00:00;0.64827586;0.0;0.0;0.0;1.88;0.0;1.88;1.2317241
2025-06-21 04:00:00;0.64827586;0.0;0.0;0.0;1.88;0.0;1.88;1.2317241
2025-06-21 05:00:00;1.3517241;0.0;0.0;0.0;3.92;0.0;3.9200000000000004;2.5682759
2025-06-21 06:00:00;1.3517241;0.0;0.0;0.0;3.92;0.0;3.9200000000000004;2.5682759
2025-06-21 07:00:00;0.85172414;0.5;0.0;0.0;3.92;0.0;3.9200000000000004;2.5682759
2025-06-21 08:00:00;0.0;4.02;3.9062069;0.0;0.33;0.0;0.33;0.2162069
2025-06-21 09:00:00;0.0;9.53;9.4162069;0.0;0.33;0.0;0.33;0.2162069
2025-06-21 10:00:00;0.0;30.8;30.686207;0.0;0.33;0.0;0.33;0.2162069
2025-06-21 11:00:00;0.0;71.4;71.313793;0.0;0.25;0.0;0.25;0.1637931
2025-06-21 12:00:00;0.0;105.0;104.91379;0.0;0.25;0.0;0.25;0.1637931
2025-06-21 13:00:00;0.0;129.0;128.91379;0.0;0.25;0.0;0.25;0.1637931
2025-06-21 14:00:00;0.0;144.0;143.96207;0.0;0.11;0.0;0.10999999999999999;0.072068966
2025-06-21 15:00:00;0.0;151.0;150.96207;0.0;0.11;0.0;0.10999999999999999;0.072068966
2025-06-21 16:00:00;0.0;150.0;149.96207;0.0;0.11;0.0;0.10999999999999999;0.072068966
2025-06-21 17:00:00;0.0;143.0;142.79655;0.0;0.59;0.0;0.59;0.38655172
2025-06-21 18:00:00;0.0;128.0;127.79655;0.0;0.59;0.0;0.59;0.38655172
2025-06-21 19:00:00;0.0;105.0;104.79655;0.0;0.59;0.0;0.59;0.38655172
2025-06-21 20:00:00;0.0;77.5;77.258621;0.0;0.7;0.0;0.7;0.45862069
2025-06-21 21:00:00;0.0;43.7;43.458621;0.0;0.7;0.0;0.7;0.45862069
2025-06-21 22:00:00;0.0;14.799999999999999;14.558621;0.0;0.7;0.0;0.7;0.45862069
2025-06-21 23:00:00;0.0;2.98;2.7282759;0.0;0.73;0.0;0.73;0.47827586
2025-06-22 00:00:00;0.15172414;0.1;0.0;0.0;0.73;0.0;0.73;0.47827586
2025-06-22 01:00:00;0.25172414;0.0;0.0;0.0;0.73;0.0;0.73;0.47827586
2025-06-22 02:00:00;0.037931034;0.0;0.0;0.0;0.11;0.0;0.10999999999999999;0.072068966
2025-06-22 03:00:00;0.037931034;0.0;0.0;0.0;0.11;0.0;0.10999999999999999;0.072068966
2025-06-22 04:00:00;0.037931034;0.0;0.0;0.0;0.11;0.0;0.10999999999999999;0.072068966
2025-06-22 05:00:00;0.0;0.0;0.0;0.0;0.0;0.0;0.0;0.0
2025-06-22 06:00:00;0.0;0.0;0.0;0.0;0.0;0.0;0.0;0.0
2025-06-22 07:00:00;0.0;0.9;0.9;0.0;0.0;0.0;0.0;0.0
2025-06-22 08:00:00;0.0;4.58;4.5144828;0.0;0.19;0.0;0.19;0.12448276
2025-06-22 09:00:00;0.0;9.88;9.8144828;0.0;0.19;0.0;0.19;0.12448276
2025-06-22 10:00:00;0.0;30.5;30.434483;0.0;0.19;0.0;0.19;0.12448276
2025-06-22 11:00:00;0.0;68.6;68.282759;0.0;0.92;0.0;0.9199999999999999;0.60275862
2025-06-22 12:00:00;0.0;98.69999999999999;98.382759;0.0;0.92;0.0;0.9199999999999999;0.60275862
2025-06-22 13:00:00;0.0;101.99999999999999;101.68276;0.0;0.92;0.0;0.9199999999999999;0.60275862
2025-06-22 14:00:00;0.0;136.0;136.0;0.0;0.0;0.0;0.0;0.0
2025-06-22 15:00:00;0.0;143.0;143.0;0.0;0.0;0.0;0.0;0.0
2025-06-22 16:00:00;0.0;132.0;132.0;0.0;0.0;0.0;0.0;0.0
2025-06-22 17:00:00;0.0;103.0;102.85517;0.0;0.42;0.0;0.42;0.27517241
2025-06-22 18:00:00;0.0;59.9;59.755172;0.0;0.42;0.0;0.42;0.27517241
2025-06-22 19:00:00;0.0;47.900000000000006;47.755172;0.0;0.42;0.0;0.42;0.27517241
2025-06-22 20:00:00;0.0;60.00000000000001;59.624138;0.0;1.09;0.0;1.09;0.71413793
2025-06-22 21:00:00;0.0;38.5;38.124138;0.0;1.09;0.0;1.09;0.71413793
2025-06-22 22:00:00;0.0;15.8;15.424138;0.0;1.09;0.0;1.09;0.71413793
2025-06-22 23:00:00;0.0;2.08;1.9696552;0.0;0.32;0.0;0.32;0.20965517
2025-06-23 00:00:00;0.11034483;0.0;0.0;0.0;0.32;0.0;0.32;0.20965517
2025-06-23 01:00:00;0.11034483;0.0;0.0;0.0;0.32;0.0;0.32;0.20965517
2025-06-23 02:00:00;0.34482759;0.0;0.0;0.0;1.0;0.0;1.0;0.65517241
2025-06-23 03:00:00;0.34482759;0.0;0.0;0.0;1.0;0.0;1.0;0.65517241
2025-06-23 04:00:00;0.34482759;0.0;0.0;0.0;1.0;0.0;1.0;0.65517241
2025-06-23 05:00:00;0.017241379;0.0;0.0;0.0;0.05;0.0;0.05;0.032758621
2025-06-23 06:00:00;0.017241379;0.0;0.0;0.0;0.05;0.0;0.05;0.032758621
2025-06-23 07:00:00;0.0;1.0;0.98275862;0.0;0.05;0.0;0.05;0.032758621
2025-06-23 08:00:00;0.0;3.8;3.7896552;0.0;0.03;0.0;0.030000000000000002;0.019655172
2025-06-23 09:00:00;0.0;10.8;10.789655;0.0;0.03;0.0;0.030000000000000002;0.019655172
2025-06-23 10:00:00;0.0;30.7;30.689655;0.0;0.03;0.0;0.030000000000000002;0.019655172
2025-06-23 11:00:00;0.0;36.4;36.313793;0.0;0.25;0.0;0.25;0.1637931
2025-06-23 12:00:00;0.0;55.699999999999996;55.613793;0.0;0.25;0.0;0.25;0.1637931
2025-06-23 13:00:00;0.0;47.0;46.913793;0.0;0.25;0.0;0.25;0.1637931
2025-06-23 14:00:00;0.0;54.0;53.548276;0.0;1.31;0.0;1.31;0.85827586
2025-06-23 15:00:00;0.0;152.0;151.54828;0.0;1.31;0.0;1.31;0.85827586
2025-06-23 16:00:00;0.0;143.0;142.54828;0.0;1.31;0.0;1.31;0.85827586
2025-06-23 17:00:00;0.0;129.0;128.75862;0.0;0.7;0.0;0.7;0.45862069
2025-06-23 18:00:00;0.0;105.0;104.75862;0.0;0.7;0.0;0.7;0.45862069
2025-06-23 19:00:00;0.0;82.5;82.258621;0.0;0.7;0.0;0.7;0.45862069
2025-06-23 20:00:00;0.0;66.2;65.97931;0.0;0.64;0.0;0.64;0.41931034
2025-06-23 21:00:00;0.0;47.2;46.97931;0.0;0.64;0.0;0.64;0.41931034
2025-06-23 22:00:00;0.0;16.6;16.37931;0.0;0.64;0.0;0.64;0.41931034
2025-06-23 23:00:00;0.0;3.68;1.6110345;0.0;6.0;0.0;6.0;3.9310345
2025-06-24 00:00:00;1.9689655;0.1;0.0;0.0;6.0;0.0;6.0;3.9310345
2025-06-24 01:00:00;2.0689655;0.0;0.0;0.0;6.0;0.0;6.0;3.9310345
2025-06-24 02:00:00;2.3275862;0.0;0.0;0.0;6.75;0.0;6.75;4.4224138
2025-06-24 03:00:00;2.3275862;0.0;0.0;0.0;6.75;0.0;6.75;4.4224138
2025-06-24 04:00:00;2.3275862;0.0;0.0;0.0;6.75;0.0;6.75;4.4224138
2025-06-24 05:00:00;3.0413793;0.0;0.0;0.0;8.82;0.0;8.82;5.7786207
2025-06-24 06:00:00;3.0413793;0.0;0.0;0.0;8.82;0.0;8.82;5.7786207
2025-06-24 07:00:00;2.5913793;0.45;0.0;0.0;8.82;0.0;8.82;5.7786207
2025-06-24 08:00:00;0.0;3.8;3.4724138;0.0;0.95;0.0;0.95;0.62241379
2025-06-24 09:00:00;0.0;9.07;8.7424138;0.0;0.95;0.0;0.95;0.62241379
2025-06-24 10:00:00;0.0;31.0;30.672414;0.0;0.95;0.0;0.95;0.62241379
2025-06-24 11:00:00;0.0;69.4;69.275862;0.0;0.36;0.0;0.36;0.23586207
2025-06-24 12:00:00;0.0;108.0;107.87586;0.0;0.36;0.0;0.36;0.23586207
2025-06-24 13:00:00;0.0;136.0;135.87586;0.0;0.36;0.0;0.36;0.23586207
2025-06-24 14:00:00;0.0;107.0;106.90345;0.0;0.28;0.0;0.28;0.18344828
2025-06-24 15:00:00;0.0;107.0;106.90345;0.0;0.28;0.0;0.28;0.18344828
2025-06-24 16:00:00;0.0;82.7;82.603448;0.0;0.28;0.0;0.28;0.18344828
2025-06-24 17:00:00;0.0;35.8;35.772414;0.0;0.08;0.0;0.08;0.052413793
2025-06-24 18:00:00;0.0;50.99999999999999;50.972414;0.0;0.08;0.0;0.08;0.052413793
2025-06-24 19:00:00;0.0;61.0;60.972414;0.0;0.08;0.0;0.08;0.052413793
2025-06-24 20:00:00;0.0;34.9;34.755172;0.0;0.42;0.0;0.42;0.27517241
2025-06-24 21:00:00;0.0;42.4;42.255172;0.0;0.42;0.0;0.42;0.27517241
2025-06-24 22:00:00;0.0;15.2;15.055172;0.0;0.42;0.0;0.42;0.27517241
2025-06-24 23:00:00;0.0;2.13;2.0437931;0.0;0.25;0.0;0.25;0.1637931
2025-06-25 00:00:00;0.086206897;0.0;0.0;0.0;0.25;0.0;0.25;0.1637931
2025-06-25 01:00:00;0.086206897;0.0;0.0;0.0;0.25;0.0;0.25;0.1637931
2025-06-25 02:00:00;0.034482759;0.0;0.0;0.0;0.1;0.0;0.1;0.065517241
2025-06-25 03:00:00;0.034482759;0.0;0.0;0.0;0.1;0.0;0.1;0.065517241
2025-06-25 04:00:00;0.034482759;0.0;0.0;0.0;0.1;0.0;0.1;0.065517241
2025-06-25 05:00:00;0.010344828;0.0;0.0;0.0;0.03;0.0;0.030000000000000002;0.019655172
2025-06-25 06:00:00;0.010344828;0.0;0.0;0.0;0.03;0.0;0.030000000000000002;0.019655172
2025-06-25 07:00:00;0.0;0.8;0.78965517;0.0;0.03;0.0;0.030000000000000002;0.019655172
2025-06-25 08:00:00;0.0;3.1499999999999995;3.1465517;0.0;0.01;0.0;0.01;0.0065517241
2025-06-25 09:00:00;0.0;7.75;7.7465517;0.0;0.01;0.0;0.01;0.0065517241
2025-06-25 10:00:00;0.0;28.3;28.296552;0.0;0.01;0.0;0.01;0.0065517241
2025-06-25 11:00:00;0.0;68.8;68.196552;0.0;1.75;0.0;1.7499999999999998;1.1465517
2025-06-25 12:00:00;0.0;104.00000000000001;103.39655;0.0;1.75;0.0;1.7499999999999998;1.1465517
2025-06-25 13:00:00;0.0;128.0;127.39655;0.0;1.75;0.0;1.7499999999999998;1.1465517
2025-06-25 14:00:00;0.0;141.0;140.89655;0.0;0.3;0.0;0.3;0.19655172
2025-06-25 15:00:00;0.0;154.0;153.89655;0.0;0.3;0.0;0.3;0.19655172
2025-06-25 16:00:00;0.0;95.1;94.996552;0.0;0.3;0.0;0.3;0.19655172
2025-06-25 17:00:00;0.0;38.2;37.662069;0.0;1.56;0.0;1.56;1.022069
2025-06-25 18:00:00;0.0;85.9;85.362069;0.0;1.56;0.0;1.56;1.022069
2025-06-25 19:00:00;0.0;100.0;99.462069;0.0;1.56;0.0;1.56;1.022069
2025-06-25 20:00:00;0.0;54.2;53.762069;0.0;1.27;0.0;1.27;0.83206897
2025-06-25 21:00:00;0.0;30.9;30.462069;0.0;1.27;0.0;1.27;0.83206897
2025-06-25 22:00:00;0.0;14.899999999999999;14.462069;0.0;1.27;0.0;1.27;0.83206897
2025-06-25 23:00:00;0.0;3.2;2.8655172;0.0;0.97;0.0;0.9700000000000001;0.63551724
2025-06-26 00:00:00;0.33448276;0.0;0.0;0.0;0.97;0.0;0.9700000000000001;0.63551724
2025-06-26 01:00:00;0.33448276;0.0;0.0;0.0;0.97;0.0;0.9700000000000001;0.63551724
2025-06-26 02:00:00;0.14827586;0.0;0.0;0.0;0.43;0.0;0.42999999999999994;0.28172414
2025-06-26 03:00:00;0.14827586;0.0;0.0;0.0;0.43;0.0;0.42999999999999994;0.28172414
2025-06-26 04:00:00;0.14827586;0.0;0.0;0.0;0.43;0.0;0.42999999999999994;0.28172414
2025-06-26 05:00:00;0.010344828;0.0;0.0;0.0;0.03;0.0;0.030000000000000002;0.019655172
2025-06-26 06:00:00;0.010344828;0.0;0.0;0.0;0.03;0.0;0.030000000000000002;0.019655172
2025-06-26 07:00:00;0.010344828;0.0;0.0;0.0;0.03;0.0;0.030000000000000002;0.019655172
2025-06-26 08:00:00;0.0;2.5;2.4724138;0.0;0.08;0.0;0.08;0.052413793
2025-06-26 09:00:00;0.0;13.4;13.372414;0.0;0.08;0.0;0.08;0.052413793
2025-06-26 10:00:00;0.0;26.2;26.172414;0.0;0.08;0.0;0.08;0.052413793
2025-06-26 11:00:00;0.0;48.8;48.706897;0.0;0.27;0.0;0.27;0.17689655
2025-06-26 12:00:00;0.0;43.7;43.606897;0.0;0.27;0.0;0.27;0.17689655
2025-06-26 13:00:00;0.0;51.400000000000006;51.306897;0.0;0.27;0.0;0.27;0.17689655
2025-06-26 14:00:00;0.0;84.7;84.434483;0.0;0.77;0.0;0.77;0.50448276
2025-06-26 15:00:00;0.0;75.1;74.834483;0.0;0.77;0.0;0.77;0.50448276
2025-06-26 16:00:00;0.0;31.8;31.534483;0.0;0.77;0.0;0.77;0.50448276
2025-06-26 17:00:00;0.0;74.7;74.52069;0.0;0.52;0.0;0.52;0.34068966
2025-06-26 18:00:00;0.0;94.1;93.92069;0.0;0.52;0.0;0.52;0.34068966
2025-06-26 19:00:00;0.0;98.1;97.92069;0.0;0.52;0.0;0.52;0.34068966
2025-06-26 20:00:00;0.0;57.3;57.151724;0.0;0.43;0.0;0.42999999999999994;0.28172414
2025-06-26 21:00:00;0.0;35.6;35.451724;0.0;0.43;0.0;0.42999999999999994;0.28172414
2025-06-26 22:00:00;0.0;11.8;11.651724;0.0;0.43;0.0;0.42999999999999994;0.28172414
2025-06-26 23:00:00;0.0;1.78;1.717931;0.0;0.18;0.0;0.18;0.11793103
2025-06-27 00:00:00;0.062068966;0.0;0.0;0.0;0.18;0.0;0.18;0.11793103
2025-06-27 01:00:00;0.062068966;0.0;0.0;0.0;0.18;0.0;0.18;0.11793103
2025-06-27 02:00:00;0.36551724;0.0;0.0;0.0;1.06;0.0;1.06;0.69448276
2025-06-27 03:00:00;0.36551724;0.0;0.0;0.0;1.06;0.0;1.06;0.69448276
2025-06-27 04:00:00;0.36551724;0.0;0.0;0.0;1.06;0.0;1.06;0.69448276
2025-06-27 05:00:00;0.40689655;0.0;0.0;0.0;1.18;0.0;1.18;0.77310345
2025-06-27 06:00:00;0.40689655;0.0;0.0;0.0;1.18;0.0;1.18;0.77310345
2025-06-27 07:00:00;0.10689655;0.3;0.0;0.0;1.18;0.0;1.18;0.77310345
2025-06-27 08:00:00;0.0;4.83;3.2541379;0.0;4.57;0.0;4.57;2.9941379
2025-06-27 09:00:00;0.0;8.88;7.3041379;0.0;4.57;0.0;4.57;2.9941379
2025-06-27 10:00:00;0.0;19.1;17.524138;0.0;4.57;0.0;4.57;2.9941379
2025-06-27 11:00:00;0.0;45.9;45.703448;0.0;0.57;0.0;0.57;0.37344828
2025-06-27 12:00:00;0.0;58.0;57.803448;0.0;0.57;0.0;0.57;0.37344828
2025-06-27 13:00:00;0.0;82.0;81.803448;0.0;0.57;0.0;0.57;0.37344828
2025-06-27 14:00:00;0.0;117.0;116.9069;0.0;0.27;0.0;0.27;0.17689655
2025-06-27 15:00:00;0.0;120.00000000000001;119.9069;0.0;0.27;0.0;0.27;0.17689655
2025-06-27 16:00:00;0.0;133.0;132.9069;0.0;0.27;0.0;0.27;0.17689655
2025-06-27 17:00:00;0.0;130.0;129.95517;0.0;0.13;0.0;0.13;0.085172414
2025-06-27 18:00:00;0.0;73.2;73.155172;0.0;0.13;0.0;0.13;0.085172414
2025-06-27 19:00:00;0.0;101.0;100.95517;0.0;0.13;0.0;0.13;0.085172414
2025-06-27 20:00:00;0.0;58.3;58.196552;0.0;0.3;0.0;0.3;0.19655172
2025-06-27 21:00:00;0.0;39.7;39.596552;0.0;0.3;0.0;0.3;0.19655172
2025-06-27 22:00:00;0.0;15.1;14.996552;0.0;0.3;0.0;0.3;0.19655172
2025-06-27 23:00:00;0.0;3.6199999999999997;3.6027586;0.0;0.05;0.0;0.05;0.032758621
2025-06-28 00:00:00;0.0;0.1;0.082758621;0.0;0.05;0.0;0.05;0.032758621
2025-06-28 01:00:00;0.017241379;0.0;0.0;0.0;0.05;0.0;0.05;0.032758621
2025-06-28 02:00:00;0.16551724;0.0;0.0;0.0;0.48;0.0;0.48000000000000004;0.31448276
2025-06-28 03:00:00;0.16551724;0.0;0.0;0.0;0.48;0.0;0.48000000000000004;0.31448276
2025-06-28 04:00:00;0.16551724;0.0;0.0;0.0;0.48;0.0;0.48000000000000004;0.31448276
2025-06-28 05:00:00;0.10344828;0.0;0.0;0.0;0.3;0.0;0.3;0.19655172
2025-06-28 06:00:00;0.10344828;0.0;0.0;0.0;0.3;0.0;0.3;0.19655172
2025-06-28 07:00:00;0.0;0.7000000000000002;0.59655172;0.0;0.3;0.0;0.3;0.19655172
2025-06-28 08:00:00;0.0;3.2800000000000002;3.28;0.0;0.0;0.0;0.0;0.0
2025-06-28 09:00:00;0.0;8.53;8.53;0.0;0.0;0.0;0.0;0.0
2025-06-28 10:00:00;0.0;26.5;26.5;0.0;0.0;0.0;0.0;0.0
2025-06-28 11:00:00;0.0;59.1;59.013793;0.0;0.25;0.0;0.25;0.1637931
2025-06-28 12:00:00;0.0;103.0;102.91379;0.0;0.25;0.0;0.25;0.1637931
2025-06-28 13:00:00;0.0;133.0;132.91379;0.0;0.25;0.0;0.25;0.1637931
2025-06-28 14:00:00;0.0;143.0;142.56897;0.0;1.25;0.0;1.25;0.81896552
2025-06-28 15:00:00;0.0;138.0;137.56897;0.0;1.25;0.0;1.25;0.81896552
2025-06-28 16:00:00;0.0;133.0;132.56897;0.0;1.25;0.0;1.25;0.81896552
2025-06-28 17:00:00;0.0;145.0;144.58966;0.0;1.19;0.0;1.19;0.77965517
2025-06-28 18:00:00;0.0;129.0;128.58966;0.0;1.19;0.0;1.19;0.77965517
2025-06-28 19:00:00;0.0;94.60000000000001;94.189655;0.0;1.19;0.0;1.19;0.77965517
2025-06-28 20:00:00;0.0;74.4;74.341379;0.0;0.17;0.0;0.17;0.11137931
2025-06-28 21:00:00;0.0;45.3;45.241379;0.0;0.17;0.0;0.17;0.11137931
2025-06-28 22:00:00;0.0;14.899999999999999;14.841379;0.0;0.17;0.0;0.17;0.11137931
2025-06-28 23:00:00;0.0;2.63;2.5886207;0.0;0.12;0.0;0.12000000000000001;0.07862069
2025-06-29 00:00:00;0.0;0.1;0.05862069;0.0;0.12;0.0;0.12000000000000001;0.07862069
2025-06-29 01:00:00;0.04137931;0.0;0.0;0.0;0.12;0.0;0.12000000000000001;0.07862069
2025-06-29 02:00:00;0.18965517;0.0;0.0;0.0;0.55;0.0;0.55;0.36034483
2025-06-29 03:00:00;0.18965517;0.0;0.0;0.0;0.55;0.0;0.55;0.36034483
2025-06-29 04:00:00;0.18965517;0.0;0.0;0.0;0.55;0.0;0.55;0.36034483
2025-06-29 05:00:00;0.32758621;0.0;0.0;0.0;0.95;0.0;0.95;0.62241379
2025-06-29 06:00:00;0.32758621;0.0;0.0;0.0;0.95;0.0;0.95;0.62241379
2025-06-29 07:00:00;0.0;0.6;0.27241379;0.0;0.95;0.0;0.95;0.62241379
2025-06-29 08:00:00;0.0;3.45;3.3844828;0.0;0.19;0.0;0.19;0.12448276
2025-06-29 09:00:00;0.0;7.95;7.8844828;0.0;0.19;0.0;0.19;0.12448276
2025-06-29 10:00:00;0.0;28.0;27.934483;0.0;0.19;0.0;0.19;0.12448276
2025-06-29 11:00:00;0.0;67.8;67.524138;0.0;0.8;0.0;0.8;0.52413793
2025-06-29 12:00:00;0.0;101.0;100.72414;0.0;0.8;0.0;0.8;0.52413793
2025-06-29 13:00:00;0.0;124.0;123.72414;0.0;0.8;0.0;0.8;0.52413793
2025-06-29 14:00:00;0.0;140.0;139.98966;0.0;0.03;0.0;0.030000000000000002;0.019655172
2025-06-29 15:00:00;0.0;150.0;149.98966;0.0;0.03;0.0;0.030000000000000002;0.019655172
2025-06-29 16:00:00;0.0;139.0;138.98966;0.0;0.03;0.0;0.030000000000000002;0.019655172
2025-06-29 17:00:00;0.0;138.0;137.85517;0.0;0.42;0.0;0.42;0.27517241
2025-06-29 18:00:00;0.0;126.0;125.85517;0.0;0.42;0.0;0.42;0.27517241
2025-06-29 19:00:00;0.0;106.0;105.85517;0.0;0.42;0.0;0.42;0.27517241
2025-06-29 20:00:00;0.0;81.9;81.651724;0.0;0.72;0.0;0.72;0.47172414
2025-06-29 21:00:00;0.0;36.8;36.551724;0.0;0.72;0.0;0.72;0.47172414
2025-06-29 22:00:00;0.0;12.2;11.951724;0.0;0.72;0.0;0.72;0.47172414
2025-06-29 23:00:00;0.0;2.8;2.5482759;0.0;0.73;0.0;0.73;0.47827586
2025-06-30 00:00:00;0.051724138;0.2;0.0;0.0;0.73;0.0;0.73;0.47827586
2025-06-30 01:00:00;0.25172414;0.0;0.0;0.0;0.73;0.0;0.73;0.47827586
2025-06-30 02:00:00;0.068965517;0.0;0.0;0.0;0.2;0.0;0.2;0.13103448
2025-06-30 03:00:00;0.068965517;0.0;0.0;0.0;0.2;0.0;0.2;0.13103448
2025-06-30 04:00:00;0.068965517;0.0;0.0;0.0;0.2;0.0;0.2;0.13103448
2025-06-30 05:00:00;0.048275862;0.0;0.0;0.0;0.14;0.0;0.14;0.091724138
2025-06-30 06:00:00;0.048275862;0.0;0.0;0.0;0.14;0.0;0.14;0.091724138
2025-06-30 07:00:00;0.0;0.7000000000000002;0.65172414;0.0;0.14;0.0;0.14;0.091724138
2025-06-30 08:00:00;0.0;3.68;3.3903448;0.0;0.84;0.0;0.84;0.55034483
2025-06-30 09:00:00;0.0;8.55;8.2603448;0.0;0.84;0.0;0.84;0.55034483
2025-06-30 10:00:00;0.0;28.0;27.710345;0.0;0.84;0.0;0.84;0.55034483
2025-06-30 11:00:00;0.0;67.1;66.696552;0.0;1.17;0.0;1.17;0.76655172
2025-06-30 12:00:00;0.0;101.99999999999999;101.59655;0.0;1.17;0.0;1.17;0.76655172
2025-06-30 13:00:00;0.0;124.99999999999999;124.59655;0.0;1.17;0.0;1.17;0.76655172
2025-06-30 14:00:00;0.0;141.0;140.48276;0.0;1.5;0.0;1.5;0.98275862
2025-06-30 15:00:00;0.0;148.0;147.48276;0.0;1.5;0.0;1.5;0.98275862
2025-06-30 16:00:00;0.0;149.0;148.48276;0.0;1.5;0.0;1.5;0.98275862
2025-06-30 17:00:00;0.0;142.0;141.71379;0.0;0.83;0.0;0.83;0.5437931
2025-06-30 18:00:00;0.0;128.0;127.71379;0.0;0.83;0.0;0.83;0.5437931
2025-06-30 19:00:00;0.0;106.0;105.71379;0.0;0.83;0.0;0.83;0.5437931
2025-06-30 20:00:00;0.0;77.9;77.862069;0.0;0.11;0.0;0.10999999999999999;0.072068966
2025-06-30 21:00:00;0.0;44.199999999999996;44.162069;0.0;0.11;0.0;0.10999999999999999;0.072068966
2025-06-30 22:00:00;0.0;14.3;14.262069;0.0;0.11;0.0;0.10999999999999999;0.072068966
2025-06-30 23:00:00;0.0;2.68;2.2937931;0.0;1.12;0.0;1.12;0.7337931
2025-07-01 00:00:00;0.1862069;0.2;0.0;0.0;1.12;0.0;1.12;0.7337931
2025-07-01 01:00:00;0.3862069;0.0;0.0;0.0;1.12;0.0;1.12;0.7337931
2025-07-01 02:00:00;0.25517241;0.0;0.0;0.0;0.74;0.0;0.74;0.48482759
2025-07-01 03:00:00;0.25517241;0.0;0.0;0.0;0.74;0.0;0.74;0.48482759
2025-07-01 04:00:00;0.25517241;0.0;0.0;0.0;0.74;0.0;0.74;0.48482759
2025-07-01 05:00:00;0.16551724;0.0;0.0;0.0;0.48;0.0;0.48000000000000004;0.31448276
2025-07-01 06:00:00;0.16551724;0.0;0.0;0.0;0.48;0.0;0.48000000000000004;0.31448276
2025-07-01 07:00:00;0.0;0.6;0.43448276;0.0;0.48;0.0;0.48000000000000004;0.31448276
2025-07-01 08:00:00;0.0;3.45;3.0741379;0.0;1.09;0.0;1.09;0.71413793
2025-07-01 09:00:00;0.0;8.18;7.8041379;0.0;1.09;0.0;1.09;0.71413793
2025-07-01 10:00:00;0.0;27.4;27.024138;0.0;1.09;0.0;1.09;0.71413793
2025-07-01 11:00:00;0.0;65.6;64.565517;0.0;3.0;0.0;3.0;1.9655172
2025-07-01 12:00:00;0.0;98.0;96.965517;0.0;3.0;0.0;3.0;1.9655172
2025-07-01 13:00:00;0.0;121.0;119.96552;0.0;3.0;0.0;3.0;1.9655172
2025-07-01 14:00:00;0.0;134.0;133.51034;0.0;1.42;0.0;1.42;0.93034483
2025-07-01 15:00:00;0.0;127.00000000000001;126.51034;0.0;1.42;0.0;1.42;0.93034483
2025-07-01 16:00:00;0.0;126.0;125.51034;0.0;1.42;0.0;1.42;0.93034483
2025-07-01 17:00:00;0.0;139.0;138.62759;0.0;1.08;0.0;1.08;0.70758621
2025-07-01 18:00:00;0.0;117.0;116.62759;0.0;1.08;0.0;1.08;0.70758621
2025-07-01 19:00:00;0.0;98.1;97.727586;0.0;1.08;0.0;1.08;0.70758621
2025-07-01 20:00:00;0.0;44.4;43.996552;0.0;1.17;0.0;1.17;0.76655172
2025-07-01 21:00:00;0.0;42.2;41.796552;0.0;1.17;0.0;1.17;0.76655172
2025-07-01 22:00:00;0.0;17.6;17.196552;0.0;1.17;0.0;1.17;0.76655172
2025-07-01 23:00:00;0.0;2.95;2.6051724;0.0;1.0;0.0;1.0;0.65517241
2025-07-02 00:00:00;0.34482759;0.0;0.0;0.0;1.0;0.0;1.0;0.65517241
2025-07-02 01:00:00;0.34482759;0.0;0.0;0.0;1.0;0.0;1.0;0.65517241
2025-07-02 02:00:00;0.2137931;0.0;0.0;0.0;0.62;0.0;0.62;0.4062069
2025-07-02 03:00:00;0.2137931;0.0;0.0;0.0;0.62;0.0;0.62;0.4062069
2025-07-02 04:00:00;0.2137931;0.0;0.0;0.0;0.62;0.0;0.62;0.4062069
2025-07-02 05:00:00;0.2137931;0.0;0.0;0.0;0.62;0.0;0.62;0.4062069
2025-07-02 06:00:00;0.2137931;0.0;0.0;0.0;0.62;0.0;0.62;0.4062069
2025-07-02 07:00:00;0.0;0.5;0.2862069;0.0;0.62;0.0;0.62;0.4062069
2025-07-02 08:00:00;0.0;3.98;3.2627586;0.0;2.08;0.0;2.08;1.3627586
2025-07-02 09:00:00;0.0;9.95;9.2327586;0.0;2.08;0.0;2.08;1.3627586
2025-07-02 10:00:00;0.0;28.1;27.382759;0.0;2.08;0.0;2.08;1.3627586
2025-07-02 11:00:00;0.0;63.8;62.189655;0.0;4.67;0.0;4.67;3.0596552
2025-07-02 12:00:00;0.0;95.39999999999999;93.789655;0.0;4.67;0.0;4.67;3.0596552
2025-07-02 13:00:00;0.0;117.0;115.38966;0.0;4.67;0.0;4.67;3.0596552
2025-07-02 14:00:00;0.0;132.0;131.76897;0.0;0.67;0.0;0.67;0.43896552
2025-07-02 15:00:00;0.0;49.4;49.168966;0.0;0.67;0.0;0.67;0.43896552
2025-07-02 16:00:00;0.0;66.1;65.868966;0.0;0.67;0.0;0.67;0.43896552
2025-07-02 17:00:00;0.0;28.1;27.710345;0.0;1.13;0.0;1.13;0.74034483
2025-07-02 18:00:00;0.0;46.29999999999999;45.910345;0.0;1.13;0.0;1.13;0.74034483
2025-07-02 19:00:00;0.0;8.78;8.3903448;0.0;1.13;0.0;1.13;0.74034483
2025-07-02 20:00:00;0.0;0.55;0.49482759;0.0;0.16;0.0;0.16;0.10482759
2025-07-02 21:00:00;0.0;1.8;1.7448276;0.0;0.16;0.0;0.16;0.10482759
2025-07-02 22:00:00;0.0;19.0;18.944828;0.0;0.16;0.0;0.16;0.10482759
2025-07-02 23:00:00;0.0;3.6499999999999995;3.3948276;0.0;0.74;0.0;0.74;0.48482759
2025-07-03 00:00:00;0.15517241;0.1;0.0;0.0;0.74;0.0;0.74;0.48482759
2025-07-03 01:00:00;0.25517241;0.0;0.0;0.0;0.74;0.0;0.74;0.48482759
2025-07-03 02:00:00;0.96551724;0.0;0.0;0.0;2.8;0.0;2.8;1.8344828
2025-07-03 03:00:00;0.96551724;0.0;0.0;0.0;2.8;0.0;2.8;1.8344828
2025-07-03 04:00:00;0.96551724;0.0;0.0;0.0;2.8;0.0;2.8;1.8344828
2025-07-03 05:00:00;2.5965517;0.0;0.0;0.0;7.53;0.0;7.529999999999999;4.9334483
2025-07-03 06:00:00;2.5965517;0.0;0.0;0.0;7.53;0.0;7.529999999999999;4.9334483
2025-07-03 07:00:00;2.1965517;0.4;0.0;0.0;7.53;0.0;7.529999999999999;4.9334483
2025-07-03 08:00:00;0.0;3.88;2.7282759;0.0;3.34;0.0;3.34;2.1882759
2025-07-03 09:00:00;0.0;10.6;9.4482759;0.0;3.34;0.0;3.34;2.1882759
2025-07-03 10:00:00;0.0;36.6;35.448276;0.0;3.34;0.0;3.34;2.1882759
2025-07-03 11:00:00;0.0;68.3;68.27931;0.0;0.06;0.0;0.060000000000000005;0.039310345
2025-07-03 12:00:00;0.0;84.9;84.87931;0.0;0.06;0.0;0.060000000000000005;0.039310345
2025-07-03 13:00:00;0.0;114.0;113.97931;0.0;0.06;0.0;0.060000000000000005;0.039310345
2025-07-03 14:00:00;0.0;140.0;139.98276;0.0;0.05;0.0;0.05;0.032758621
2025-07-03 15:00:00;0.0;137.0;136.98276;0.0;0.05;0.0;0.05;0.032758621
2025-07-03 16:00:00;0.0;163.0;162.98276;0.0;0.05;0.0;0.05;0.032758621
2025-07-03 17:00:00;0.0;155.0;154.73793;0.0;0.76;0.0;0.76;0.49793103
2025-07-03 18:00:00;0.0;138.0;137.73793;0.0;0.76;0.0;0.76;0.49793103
2025-07-03 19:00:00;0.0;112.0;111.73793;0.0;0.76;0.0;0.76;0.49793103
2025-07-03 20:00:00;0.0;66.2;66.137931;0.0;0.18;0.0;0.18;0.11793103
2025-07-03 21:00:00;0.0;50.6;50.537931;0.0;0.18;0.0;0.18;0.11793103
2025-07-03 22:00:00;0.0;17.3;17.237931;0.0;0.18;0.0;0.18;0.11793103
2025-07-03 23:00:00;0.0;2.8;1.562069;0.0;3.59;0.0;3.5900000000000003;2.352069
2025-07-04 00:00:00;1.237931;0.0;0.0;0.0;3.59;0.0;3.5900000000000003;2.352069
2025-07-04 01:00:00;1.237931;0.0;0.0;0.0;3.59;0.0;3.5900000000000003;2.352069
2025-07-04 02:00:00;2.4586207;0.0;0.0;0.0;7.13;0.0;7.130000000000001;4.6713793
2025-07-04 03:00:00;2.4586207;0.0;0.0;0.0;7.13;0.0;7.130000000000001;4.6713793
2025-07-04 04:00:00;2.4586207;0.0;0.0;0.0;7.13;0.0;7.130000000000001;4.6713793
2025-07-04 05:00:00;2.4034483;0.0;0.0;0.0;6.97;0.0;6.970000000000001;4.5665517
2025-07-04 06:00:00;2.4034483;0.0;0.0;0.0;6.97;0.0;6.970000000000001;4.5665517
2025-07-04 07:00:00;2.0034483;0.4;0.0;0.0;6.97;0.0;6.970000000000001;4.5665517
2025-07-04 08:00:00;0.0;3.6999999999999997;3.5586207;0.0;0.41;0.0;0.41;0.26862069
2025-07-04 09:00:00;0.0;9.78;9.6386207;0.0;0.41;0.0;0.41;0.26862069
2025-07-04 10:00:00;0.0;29.3;29.158621;0.0;0.41;0.0;0.41;0.26862069
2025-07-04 11:00:00;0.0;71.6;71.513793;0.0;0.25;0.0;0.25;0.1637931
2025-07-04 12:00:00;0.0;107.0;106.91379;0.0;0.25;0.0;0.25;0.1637931
2025-07-04 13:00:00;0.0;132.0;131.91379;0.0;0.25;0.0;0.25;0.1637931
2025-07-04 14:00:00;0.0;149.0;148.88966;0.0;0.32;0.0;0.32;0.20965517
2025-07-04 15:00:00;0.0;158.0;157.88966;0.0;0.32;0.0;0.32;0.20965517
2025-07-04 16:00:00;0.0;158.0;157.88966;0.0;0.32;0.0;0.32;0.20965517
2025-07-04 17:00:00;0.0;151.0;150.79655;0.0;0.59;0.0;0.59;0.38655172
2025-07-04 18:00:00;0.0;121.0;120.79655;0.0;0.59;0.0;0.59;0.38655172
2025-07-04 19:00:00;0.0;92.59999999999998;92.396552;0.0;0.59;0.0;0.59;0.38655172
2025-07-04 20:00:00;0.0;69.6;69.451724;0.0;0.43;0.0;0.42999999999999994;0.28172414
2025-07-04 21:00:00;0.0;42.3;42.151724;0.0;0.43;0.0;0.42999999999999994;0.28172414
2025-07-04 22:00:00;0.0;15.8;15.651724;0.0;0.43;0.0;0.42999999999999994;0.28172414
2025-07-04 23:00:00;0.0;3.0;2.6896552;0.0;0.9;0.0;0.8999999999999999;0.58965517
2025-07-05 00:00:00;0.31034483;0.0;0.0;0.0;0.9;0.0;0.8999999999999999;0.58965517
2025-07-05 01:00:00;0.31034483;0.0;0.0;0.0;0.9;0.0;0.8999999999999999;0.58965517
2025-07-05 02:00:00;0.88965517;0.0;0.0;0.0;2.58;0.0;2.58;1.6903448
2025-07-05 03:00:00;0.88965517;0.0;0.0;0.0;2.58;0.0;2.58;1.6903448
2025-07-05 04:00:00;0.88965517;0.0;0.0;0.0;2.58;0.0;2.58;1.6903448
2025-07-05 05:00:00;1.3103448;0.0;0.0;0.0;3.8;0.0;3.8;2.4896552
2025-07-05 06:00:00;1.3103448;0.0;0.0;0.0;3.8;0.0;3.8;2.4896552
2025-07-05 07:00:00;0.81034483;0.5;0.0;0.0;3.8;0.0;3.8;2.4896552
2025-07-05 08:00:00;0.0;5.2;4.9862069;0.0;0.62;0.0;0.62;0.4062069
2025-07-05 09:00:00;0.0;18.5;18.286207;0.0;0.62;0.0;0.62;0.4062069
2025-07-05 10:00:00;0.0;35.7;35.486207;0.0;0.62;0.0;0.62;0.4062069
2025-07-05 11:00:00;0.0;49.5;49.327586;0.0;0.5;0.0;0.5;0.32758621
2025-07-05 12:00:00;0.0;88.2;88.027586;0.0;0.5;0.0;0.5;0.32758621
2025-07-05 13:00:00;0.0;108.0;107.82759;0.0;0.5;0.0;0.5;0.32758621
2025-07-05 14:00:00;0.0;139.0;138.7;0.0;0.87;0.0;0.8699999999999999;0.57
2025-07-05 15:00:00;0.0;145.0;144.7;0.0;0.87;0.0;0.8699999999999999;0.57
2025-07-05 16:00:00;0.0;147.0;146.7;0.0;0.87;0.0;0.8699999999999999;0.57
2025-07-05 17:00:00;0.0;91.9;91.644828;0.0;0.74;0.0;0.74;0.48482759
2025-07-05 18:00:00;0.0;110.0;109.74483;0.0;0.74;0.0;0.74;0.48482759
2025-07-05 19:00:00;0.0;45.3;45.044828;0.0;0.74;0.0;0.74;0.48482759
2025-07-05 20:00:00;0.0;56.0;55.975862;0.0;0.07;0.0;0.07;0.045862069
2025-07-05 21:00:00;0.0;20.9;20.875862;0.0;0.07;0.0;0.07;0.045862069
2025-07-05 22:00:00;0.0;7.8;7.7758621;0.0;0.07;0.0;0.07;0.045862069
2025-07-05 23:00:00;0.0;1.57;1.4286207;0.0;0.41;0.0;0.41;0.26862069
2025-07-06 00:00:00;0.14137931;0.0;0.0;0.0;0.41;0.0;0.41;0.26862069
2025-07-06 01:00:00;0.14137931;0.0;0.0;0.0;0.41;0.0;0.41;0.26862069
2025-07-06 02:00:00;0.12413793;0.0;0.0;0.0;0.36;0.0;0.36;0.23586207
2025-07-06 03:00:00;0.12413793;0.0;0.0;0.0;0.36;0.0;0.36;0.23586207
2025-07-06 04:00:00;0.12413793;0.0;0.0;0.0;0.36;0.0;0.36;0.23586207
2025-07-06 05:00:00;0.020689655;0.0;0.0;0.0;0.06;0.0;0.060000000000000005;0.039310345
2025-07-06 06:00:00;0.020689655;0.0;0.0;0.0;0.06;0.0;0.060000000000000005;0.039310345
2025-07-06 07:00:00;0.0;0.1;0.079310345;0.0;0.06;0.0;0.060000000000000005;0.039310345
2025-07-06 08:00:00;0.0;4.98;4.4937931;0.0;1.41;0.0;1.41;0.9237931
2025-07-06 09:00:00;0.0;15.9;15.413793;0.0;1.41;0.0;1.41;0.9237931
2025-07-06 10:00:00;0.0;19.5;19.013793;0.0;1.41;0.0;1.41;0.9237931
2025-07-06 11:00:00;0.0;18.1;17.058621;0.0;3.02;0.0;3.02;1.9786207
2025-07-06 12:00:00;0.0;28.8;27.758621;0.0;3.02;0.0;3.02;1.9786207
2025-07-06 13:00:00;0.0;37.5;36.458621;0.0;3.02;0.0;3.02;1.9786207
2025-07-06 14:00:00;0.0;24.6;22.665517;0.0;5.61;0.0;5.61;3.6755172
2025-07-06 15:00:00;0.0;19.0;17.065517;0.0;5.61;0.0;5.61;3.6755172
2025-07-06 16:00:00;0.0;27.1;25.165517;0.0;5.61;0.0;5.61;3.6755172
2025-07-06 17:00:00;0.0;21.1;20.051724;0.0;3.04;0.0;3.04;1.9917241
2025-07-06 18:00:00;0.0;27.2;26.151724;0.0;3.04;0.0;3.04;1.9917241
2025-07-06 19:00:00;0.0;29.799999999999997;28.751724;0.0;3.04;0.0;3.04;1.9917241
2025-07-06 20:00:00;0.0;16.2;15.334483;0.0;2.51;0.0;2.51;1.6444828
2025-07-06 21:00:00;0.0;12.5;11.634483;0.0;2.51;0.0;2.51;1.6444828
2025-07-06 22:00:00;0.0;7.15;6.2844828;0.0;2.51;0.0;2.51;1.6444828
2025-07-06 23:00:00;0.2137931;0.9;0.0;0.0;3.23;0.0;3.23;2.1162069
2025-07-07 00:00:00;1.1137931;0.0;0.0;0.0;3.23;0.0;3.23;2.1162069
2025-07-07 01:00:00;1.1137931;0.0;0.0;0.0;3.23;0.0;3.23;2.1162069
2025-07-07 02:00:00;0.94827586;0.0;0.0;0.0;2.75;0.0;2.75;1.8017241
2025-07-07 03:00:00;0.94827586;0.0;0.0;0.0;2.75;0.0;2.75;1.8017241
2025-07-07 04:00:00;0.94827586;0.0;0.0;0.0;2.75;0.0;2.75;1.8017241
2025-07-07 05:00:00;0.96551724;0.0;0.0;0.0;2.8;0.0;2.8;1.8344828
2025-07-07 06:00:00;0.96551724;0.0;0.0;0.0;2.8;0.0;2.8;1.8344828
2025-07-07 07:00:00;0.96551724;0.0;0.0;0.0;2.8;0.0;2.8;1.8344828
2025-07-07 08:00:00;0.0;4.07;3.5493103;0.0;1.51;0.0;1.51;0.98931034
2025-07-07 09:00:00;0.0;11.9;11.37931;0.0;1.51;0.0;1.51;0.98931034
2025-07-07 10:00:00;0.0;20.5;19.97931;0.0;1.51;0.0;1.51;0.98931034
2025-07-07 11:00:00;0.0;39.3;39.068966;0.0;0.67;0.0;0.67;0.43896552
2025-07-07 12:00:00;0.0;41.6;41.368966;0.0;0.67;0.0;0.67;0.43896552
2025-07-07 13:00:00;0.0;49.1;48.868966;0.0;0.67;0.0;0.67;0.43896552
2025-07-07 14:00:00;0.0;76.9;76.868966;0.0;0.09;0.0;0.09;0.058965517
2025-07-07 15:00:00;0.0;93.79999999999998;93.768966;0.0;0.09;0.0;0.09;0.058965517
2025-07-07 16:00:00;0.0;44.9;44.868966;0.0;0.09;0.0;0.09;0.058965517
2025-07-07 17:00:00;0.0;86.8;86.8;0.0;0.0;0.0;0.0;0.0
2025-07-07 18:00:00;0.0;62.29999999999999;62.3;0.0;0.0;0.0;0.0;0.0
2025-07-07 19:00:00;0.0;63.6;63.6;0.0;0.0;0.0;0.0;0.0
2025-07-07 20:00:00;0.0;59.1;58.524138;0.0;1.67;0.0;1.67;1.0941379
2025-07-07 21:00:00;0.0;23.4;22.824138;0.0;1.67;0.0;1.67;1.0941379
2025-07-07 22:00:00;0.0;14.799999999999999;14.224138;0.0;1.67;0.0;1.67;1.0941379
2025-07-07 23:00:00;0.0;2.85;0.31551724;0.0;7.35;0.0;7.3500000000000005;4.8155172
2025-07-08 00:00:00;2.5344828;0.0;0.0;0.0;7.35;0.0;7.3500000000000005;4.8155172
2025-07-08 01:00:00;2.5354309;0.0;0.0;0.0;7.35;0.0;7.3500000000000005;4.8145691
2025-07-08 02:00:00;2.8867979;0.0;0.0;0.0;8.37;0.0;8.37;5.4832021
2025-07-08 03:00:00;2.8884616;0.0;0.0;0.0;8.37;0.0;8.37;5.4815384
2025-07-08 04:00:00;2.8862069;0.0;0.0;0.0;8.37;0.0;8.37;5.4837931
2025-07-08 05:00:00;1.9827586;0.0;0.0;0.0;5.75;0.0;5.75;3.7672414
2025-07-08 06:00:00;1.9827586;0.0;0.0;0.0;5.75;0.0;5.75;3.7672414
2025-07-08 07:00:00;1.9827586;0.0;0.0;0.0;5.75;0.0;5.75;3.7672414
2025-07-08 08:00:00;0.0;2.25;0.98448276;0.0;3.67;0.0;3.6700000000000004;2.4044828
2025-07-08 09:00:00;0.0;11.1;9.8344828;0.0;3.67;0.0;3.6700000000000004;2.4044828
2025-07-08 10:00:00;0.0;38.0;36.734483;0.0;3.67;0.0;3.6700000000000004;2.4044828
2025-07-08 11:00:00;0.0;39.8;39.6;0.0;0.58;0.0;0.58;0.38
2025-07-08 12:00:00;0.0;98.1;97.9;0.0;0.58;0.0;0.58;0.38
2025-07-08 13:00:00;0.0;133.0;132.8;0.0;0.58;0.0;0.58;0.38
2025-07-08 14:00:00;0.0;124.0;123.8;0.0;0.58;0.0;0.58;0.38
2025-07-08 15:00:00;0.0;107.0;106.8;0.0;0.58;0.0;0.58;0.38
2025-07-08 16:00:00;0.0;83.6;83.4;0.0;0.58;0.0;0.58;0.38
2025-07-08 17:00:00;0.0;49.2;49.062069;0.0;0.4;0.0;0.4;0.26206897
2025-07-08 18:00:00;0.0;146.0;145.86207;0.0;0.4;0.0;0.4;0.26206897
2025-07-08 19:00:00;0.0;40.0;39.862069;0.0;0.4;0.0;0.4;0.26206897
2025-07-08 20:00:00;0.0;65.3;64.393103;0.0;2.63;0.0;2.63;1.7231034
2025-07-08 21:00:00;0.0;38.8;37.893103;0.0;2.63;0.0;2.63;1.7231034
2025-07-08 22:00:00;0.0;16.4;15.493103;0.0;2.63;0.0;2.63;1.7231034
2025-07-08 23:00:00;0.0;3.05;1.3603448;0.0;4.9;0.0;4.9;3.2103448
2025-07-09 00:00:00;1.5896552;0.1;0.0;0.0;4.9;0.0;4.9;3.2103448
2025-07-09 01:00:00;1.6896552;0.0;0.0;0.0;4.9;0.0;4.9;3.2103448
2025-07-09 02:00:00;2.3310345;0.0;0.0;0.0;6.76;0.0;6.76;4.4289655
2025-07-09 03:00:00;2.3310345;0.0;0.0;0.0;6.76;0.0;6.76;4.4289655
2025-07-09 04:00:00;2.3310345;0.0;0.0;0.0;6.76;0.0;6.76;4.4289655
2025-07-09 05:00:00;1.0517241;0.0;0.0;0.0;3.05;0.0;3.05;1.9982759
2025-07-09 06:00:00;1.0517241;0.0;0.0;0.0;3.05;0.0;3.05;1.9982759
2025-07-09 07:00:00;1.0517241;0.0;0.0;0.0;3.05;0.0;3.05;1.9982759
2025-07-09 08:00:00;0.0;3.95;3.687931;0.0;0.76;0.0;0.76;0.49793103
2025-07-09 09:00:00;0.0;16.2;15.937931;0.0;0.76;0.0;0.76;0.49793103
2025-07-09 10:00:00;0.0;33.7;33.437931;0.0;0.76;0.0;0.76;0.49793103
2025-07-09 11:00:00;0.0;47.6;47.589655;0.0;0.03;0.0;0.030000000000000002;0.019655172
2025-07-09 12:00:00;0.0;82.0;81.989655;0.0;0.03;0.0;0.030000000000000002;0.019655172
2025-07-09 13:00:00;0.0;62.29999999999999;62.289655;0.0;0.03;0.0;0.030000000000000002;0.019655172
2025-07-09 14:00:00;0.0;85.4;85.4;0.0;0.0;0.0;0.0;0.0
2025-07-09 15:00:00;0.0;86.7;86.7;0.0;0.0;0.0;0.0;0.0
2025-07-09 16:00:00;0.0;115.0;115.0;0.0;0.0;0.0;0.0;0.0
2025-07-09 17:00:00;0.0;146.0;146.0;0.0;0.0;0.0;0.0;0.0
2025-07-09 18:00:00;0.0;124.0;124.0;0.0;0.0;0.0;0.0;0.0
2025-07-09 19:00:00;0.0;110.0;110.0;0.0;0.0;0.0;0.0;0.0
2025-07-09 20:00:00;0.0;78.6;78.362069;0.0;0.69;0.0;0.69;0.45206897
2025-07-09 21:00:00;0.0;52.4;52.162069;0.0;0.69;0.0;0.69;0.45206897
2025-07-09 22:00:00;0.0;15.1;14.862069;0.0;0.69;0.0;0.69;0.45206897
2025-07-09 23:00:00;0.0;2.73;1.4989655;0.0;3.57;0.0;3.5700000000000003;2.3389655
2025-07-10 00:00:00;1.2310345;0.0;0.0;0.0;3.57;0.0;3.5700000000000003;2.3389655
2025-07-10 01:00:00;1.2310345;0.0;0.0;0.0;3.57;0.0;3.5700000000000003;2.3389655
2025-07-10 02:00:00;2.9758621;0.0;0.0;0.0;8.63;0.0;8.63;5.6541379
2025-07-10 03:00:00;3.067939;0.0;0.0;0.0;8.63;0.0;8.63;5.562061
2025-07-10 04:00:00;2.9758621;0.0;0.0;0.0;8.63;0.0;8.63;5.6541379
2025-07-10 05:00:00;1.7655172;0.0;0.0;0.0;5.12;0.0;5.12;3.3544828
2025-07-10 06:00:00;1.7655172;0.0;0.0;0.0;5.12;0.0;5.12;3.3544828
2025-07-10 07:00:00;1.5655172;0.2;0.0;0.0;5.12;0.0;5.12;3.3544828
2025-07-10 08:00:00;0.0;3.2500000000000004;3.1189655;0.0;0.38;0.0;0.38;0.24896552
2025-07-10 09:00:00;0.0;14.899999999999999;14.768966;0.0;0.38;0.0;0.38;0.24896552
2025-07-10 10:00:00;0.0;32.2;32.068966;0.0;0.38;0.0;0.38;0.24896552
2025-07-10 11:00:00;0.0;67.9;67.9;0.0;0.0;0.0;0.0;0.0
2025-07-10 12:00:00;0.0;105.0;105.0;0.0;0.0;0.0;0.0;0.0
2025-07-10 13:00:00;0.0;133.0;133.0;0.0;0.0;0.0;0.0;0.0
2025-07-10 14:00:00;0.0;139.0;138.82759;0.0;0.5;0.0;0.5;0.32758621
2025-07-10 15:00:00;0.0;141.0;140.82759;0.0;0.5;0.0;0.5;0.32758621
2025-07-10 16:00:00;0.0;103.0;102.82759;0.0;0.5;0.0;0.5;0.32758621
2025-07-10 17:00:00;0.0;129.0;128.93103;0.0;0.2;0.0;0.2;0.13103448
2025-07-10 18:00:00;0.0;81.2;81.131034;0.0;0.2;0.0;0.2;0.13103448
2025-07-10 19:00:00;0.0;75.7;75.631034;0.0;0.2;0.0;0.2;0.13103448
2025-07-10 20:00:00;0.0;52.8;52.631034;0.0;0.49;0.0;0.49000000000000005;0.32103448
2025-07-10 21:00:00;0.0;39.9;39.731034;0.0;0.49;0.0;0.49000000000000005;0.32103448
2025-07-10 22:00:00;0.0;16.1;15.931034;0.0;0.49;0.0;0.49000000000000005;0.32103448
2025-07-10 23:00:00;0.0;2.7800000000000002;2.5110345;0.0;0.78;0.0;0.78;0.51103448
2025-07-11 00:00:00;0.26896552;0.0;0.0;0.0;0.78;0.0;0.78;0.51103448
2025-07-11 01:00:00;0.26896552;0.0;0.0;0.0;0.78;0.0;0.78;0.51103448
2025-07-11 02:00:00;0.72758621;0.0;0.0;0.0;2.11;0.0;2.11;1.3824138
2025-07-11 03:00:00;0.72758621;0.0;0.0;0.0;2.11;0.0;2.11;1.3824138
2025-07-11 04:00:00;0.72758621;0.0;0.0;0.0;2.11;0.0;2.11;1.3824138
2025-07-11 05:00:00;1.1655172;0.0;0.0;0.0;3.38;0.0;3.38;2.2144828
2025-07-11 06:00:00;1.1655172;0.0;0.0;0.0;3.38;0.0;3.38;2.2144828
2025-07-11 07:00:00;1.1655172;0.0;0.0;0.0;3.38;0.0;3.38;2.2144828
2025-07-11 08:00:00;0.0;3.03;2.6610345;0.0;1.07;0.0;1.07;0.70103448
2025-07-11 09:00:00;0.0;9.88;9.5110345;0.0;1.07;0.0;1.07;0.70103448
2025-07-11 10:00:00;0.0;31.0;30.631034;0.0;1.07;0.0;1.07;0.70103448
2025-07-11 11:00:00;0.0;35.4;35.389655;0.0;0.03;0.0;0.030000000000000002;0.019655172
2025-07-11 12:00:00;0.0;36.7;36.689655;0.0;0.03;0.0;0.030000000000000002;0.019655172
2025-07-11 13:00:00;0.0;58.39999999999999;58.389655;0.0;0.03;0.0;0.030000000000000002;0.019655172
2025-07-11 14:00:00;0.0;68.1;68.093103;0.0;0.02;0.0;0.02;0.013103448
2025-07-11 15:00:00;0.0;59.7;59.693103;0.0;0.02;0.0;0.02;0.013103448
2025-07-11 16:00:00;0.0;60.5;60.493103;0.0;0.02;0.0;0.02;0.013103448
2025-07-11 17:00:00;0.0;78.7;78.682759;0.0;0.05;0.0;0.05;0.032758621
2025-07-11 18:00:00;0.0;65.8;65.782759;0.0;0.05;0.0;0.05;0.032758621
2025-07-11 19:00:00;0.0;59.5;59.482759;0.0;0.05;0.0;0.05;0.032758621
2025-07-11 20:00:00;0.0;68.8;68.665517;0.0;0.39;0.0;0.39;0.25551724
2025-07-11 21:00:00;0.0;45.1;44.965517;0.0;0.39;0.0;0.39;0.25551724
2025-07-11 22:00:00;0.0;14.799999999999999;14.665517;0.0;0.39;0.0;0.39;0.25551724
2025-07-11 23:00:00;0.0;2.65;2.4396552;0.0;0.61;0.0;0.61;0.39965517
2025-07-12 00:00:00;0.21034483;0.0;0.0;0.0;0.61;0.0;0.61;0.39965517
2025-07-12 01:00:00;0.21034483;0.0;0.0;0.0;0.61;0.0;0.61;0.39965517
2025-07-12 02:00:00;1.4275862;0.0;0.0;0.0;4.14;0.0;4.14;2.7124138
2025-07-12 03:00:00;1.4275862;0.0;0.0;0.0;4.14;0.0;4.14;2.7124138
2025-07-12 04:00:00;1.4275862;0.0;0.0;0.0;4.14;0.0;4.14;2.7124138
2025-07-12 05:00:00;1.3310345;0.0;0.0;0.0;3.86;0.0;3.8600000000000003;2.5289655
2025-07-12 06:00:00;1.3310345;0.0;0.0;0.0;3.86;0.0;3.8600000000000003;2.5289655
2025-07-12 07:00:00;1.3310345;0.0;0.0;0.0;3.86;0.0;3.8600000000000003;2.5289655
2025-07-12 08:00:00;0.0;2.8;2.362069;0.0;1.27;0.0;1.27;0.83206897
2025-07-12 09:00:00;0.0;12.5;12.062069;0.0;1.27;0.0;1.27;0.83206897
2025-07-12 10:00:00;0.0;17.2;16.762069;0.0;1.27;0.0;1.27;0.83206897
2025-07-12 11:00:00;0.0;17.6;17.427586;0.0;0.5;0.0;0.5;0.32758621
2025-07-12 12:00:00;0.0;31.9;31.727586;0.0;0.5;0.0;0.5;0.32758621
2025-07-12 13:00:00;0.0;61.2;61.027586;0.0;0.5;0.0;0.5;0.32758621
2025-07-12 14:00:00;0.0;123.0;122.83793;0.0;0.47;0.0;0.47;0.30793103
2025-07-12 15:00:00;0.0;124.0;123.83793;0.0;0.47;0.0;0.47;0.30793103
2025-07-12 16:00:00;0.0;107.0;106.83793;0.0;0.47;0.0;0.47;0.30793103
2025-07-12 17:00:00;0.0;145.0;144.62759;0.0;1.08;0.0;1.08;0.70758621
2025-07-12 18:00:00;0.0;133.0;132.62759;0.0;1.08;0.0;1.08;0.70758621
2025-07-12 19:00:00;0.0;89.29999999999998;88.927586;0.0;1.08;0.0;1.08;0.70758621
2025-07-12 20:00:00;0.0;53.6;53.568966;0.0;0.09;0.0;0.09;0.058965517
2025-07-12 21:00:00;0.0;19.9;19.868966;0.0;0.09;0.0;0.09;0.058965517
2025-07-12 22:00:00;0.0;14.799999999999999;14.768966;0.0;0.09;0.0;0.09;0.058965517
2025-07-12 23:00:00;0.0;2.65;2.6396552;0.0;0.03;0.0;0.030000000000000002;0.019655172
2025-07-13 00:00:00;0.010344828;0.0;0.0;0.0;0.03;0.0;0.030000000000000002;0.019655172
2025-07-13 01:00:00;0.010344828;0.0;0.0;0.0;0.03;0.0;0.030000000000000002;0.019655172
2025-07-13 02:00:00;0.44827586;0.0;0.0;0.0;1.3;0.0;1.3;0.85172414
2025-07-13 03:00:00;0.44827586;0.0;0.0;0.0;1.3;0.0;1.3;0.85172414
2025-07-13 04:00:00;0.44827586;0.0;0.0;0.0;1.3;0.0;1.3;0.85172414
2025-07-13 05:00:00;1.1137931;0.0;0.0;0.0;3.23;0.0;3.23;2.1162069
2025-07-13 06:00:00;1.1137931;0.0;0.0;0.0;3.23;0.0;3.23;2.1162069
2025-07-13 07:00:00;1.0137931;0.1;0.0;0.0;3.23;0.0;3.23;2.1162069
2025-07-13 08:00:00;0.0;4.6;4.4551724;0.0;0.42;0.0;0.42;0.27517241
2025-07-13 09:00:00;0.0;9.75;9.6051724;0.0;0.42;0.0;0.42;0.27517241
2025-07-13 10:00:00;0.0;19.7;19.555172;0.0;0.42;0.0;0.42;0.27517241
2025-07-13 11:00:00;0.0;29.199999999999996;29.113793;0.0;0.25;0.0;0.25;0.1637931
2025-07-13 12:00:00;0.0;41.8;41.713793;0.0;0.25;0.0;0.25;0.1637931
2025-07-13 13:00:00;0.0;64.4;64.313793;0.0;0.25;0.0;0.25;0.1637931
2025-07-13 14:00:00;0.0;116.0;115.8069;0.0;0.56;0.0;0.56;0.36689655
2025-07-13 15:00:00;0.0;92.3;92.106897;0.0;0.56;0.0;0.56;0.36689655
2025-07-13 16:00:00;0.0;144.0;143.8069;0.0;0.56;0.0;0.56;0.36689655
2025-07-13 17:00:00;0.0;116.0;115.74483;0.0;0.74;0.0;0.74;0.48482759
2025-07-13 18:00:00;0.0;127.00000000000001;126.74483;0.0;0.74;0.0;0.74;0.48482759
2025-07-13 19:00:00;0.0;110.0;109.74483;0.0;0.74;0.0;0.74;0.48482759
2025-07-13 20:00:00;0.0;66.9;66.751724;0.0;0.43;0.0;0.42999999999999994;0.28172414
2025-07-13 21:00:00;0.0;24.5;24.351724;0.0;0.43;0.0;0.42999999999999994;0.28172414
2025-07-13 22:00:00;0.0;15.3;15.151724;0.0;0.43;0.0;0.42999999999999994;0.28172414
2025-07-13 23:00:00;0.0;2.7500000000000004;2.6396552;0.0;0.32;0.0;0.32;0.20965517
2025-07-14 00:00:00;0.11034483;0.0;0.0;0.0;0.32;0.0;0.32;0.20965517
2025-07-14 01:00:00;0.11034483;0.0;0.0;0.0;0.32;0.0;0.32;0.20965517
2025-07-14 02:00:00;0.58275862;0.0;0.0;0.0;1.69;0.0;1.69;1.1072414
2025-07-14 03:00:00;0.58275862;0.0;0.0;0.0;1.69;0.0;1.69;1.1072414
2025-07-14 04:00:00;0.58275862;0.0;0.0;0.0;1.69;0.0;1.69;1.1072414
2025-07-14 05:00:00;0.78275862;0.0;0.0;0.0;2.27;0.0;2.27;1.4872414
2025-07-14 06:00:00;0.78275862;0.0;0.0;0.0;2.27;0.0;2.27;1.4872414
2025-07-14 07:00:00;0.28275862;0.5;0.0;0.0;2.27;0.0;2.27;1.4872414
2025-07-14 08:00:00;0.0;8.03;7.9955172;0.0;0.1;0.0;0.1;0.065517241
2025-07-14 09:00:00;0.0;19.5;19.465517;0.0;0.1;0.0;0.1;0.065517241
2025-07-14 10:00:00;0.0;23.2;23.165517;0.0;0.1;0.0;0.1;0.065517241
2025-07-14 11:00:00;0.0;41.8;41.8;0.0;0.0;0.0;0.0;0.0
2025-07-14 12:00:00;0.0;38.2;38.2;0.0;0.0;0.0;0.0;0.0
2025-07-14 13:00:00;0.0;61.1;61.1;0.0;0.0;0.0;0.0;0.0
2025-07-14 14:00:00;0.0;46.4;46.055172;0.0;1.0;0.0;1.0;0.65517241
2025-07-14 15:00:00;0.0;73.4;73.055172;0.0;1.0;0.0;1.0;0.65517241
2025-07-14 16:00:00;0.0;66.9;66.555172;0.0;1.0;0.0;1.0;0.65517241
2025-07-14 17:00:00;0.0;95.7;95.4;0.0;0.87;0.0;0.8699999999999999;0.57
2025-07-14 18:00:00;0.0;47.099999999999994;46.8;0.0;0.87;0.0;0.8699999999999999;0.57
2025-07-14 19:00:00;0.0;86.5;86.2;0.0;0.87;0.0;0.8699999999999999;0.57
2025-07-14 20:00:00;0.0;76.4;76.351724;0.0;0.14;0.0;0.14;0.091724138
2025-07-14 21:00:00;0.0;43.599999999999994;43.551724;0.0;0.14;0.0;0.14;0.091724138
2025-07-14 22:00:00;0.0;16.2;16.151724;0.0;0.14;0.0;0.14;0.091724138
2025-07-14 23:00:00;0.0;2.5;2.2241379;0.0;0.8;0.0;0.8;0.52413793
2025-07-15 00:00:00;0.27586207;0.0;0.0;0.0;0.8;0.0;0.8;0.52413793
2025-07-15 01:00:00;0.27586207;0.0;0.0;0.0;0.8;0.0;0.8;0.52413793
2025-07-15 02:00:00;0.34482759;0.0;0.0;0.0;1.0;0.0;1.0;0.65517241
2025-07-15 03:00:00;0.34482759;0.0;0.0;0.0;1.0;0.0;1.0;0.65517241
2025-07-15 04:00:00;0.34482759;0.0;0.0;0.0;1.0;0.0;1.0;0.65517241
2025-07-15 05:00:00;1.6758621;0.0;0.0;0.0;4.86;0.0;4.86;3.1841379
2025-07-15 06:00:00;1.6758621;0.0;0.0;0.0;4.86;0.0;4.86;3.1841379
2025-07-15 07:00:00;1.6758621;0.0;0.0;0.0;4.86;0.0;4.86;3.1841379
2025-07-15 08:00:00;0.0;1.05;0.78103448;0.0;0.78;0.0;0.78;0.51103448
2025-07-15 09:00:00;0.0;9.98;9.7110345;0.0;0.78;0.0;0.78;0.51103448
2025-07-15 10:00:00;0.0;36.6;36.331034;0.0;0.78;0.0;0.78;0.51103448
2025-07-15 11:00:00;0.0;66.8;66.8;0.0;0.0;0.0;0.0;0.0
2025-07-15 12:00:00;0.0;86.9;86.9;0.0;0.0;0.0;0.0;0.0
2025-07-15 13:00:00;0.0;135.0;135.0;0.0;0.0;0.0;0.0;0.0
2025-07-15 14:00:00;0.0;120.00000000000001;119.88276;0.0;0.34;0.0;0.34;0.22275862
2025-07-15 15:00:00;0.0;100.0;99.882759;0.0;0.34;0.0;0.34;0.22275862
2025-07-15 16:00:00;0.0;146.0;145.88276;0.0;0.34;0.0;0.34;0.22275862
2025-07-15 17:00:00;0.0;144.0;143.70345;0.0;0.86;0.0;0.8599999999999999;0.56344828
2025-07-15 18:00:00;0.0;119.0;118.70345;0.0;0.86;0.0;0.8599999999999999;0.56344828
2025-07-15 19:00:00;0.0;93.4;93.103448;0.0;0.86;0.0;0.8599999999999999;0.56344828
2025-07-15 20:00:00;0.0;38.6;38.6;0.0;0.0;0.0;0.0;0.0
2025-07-15 21:00:00;0.0;33.7;33.7;0.0;0.0;0.0;0.0;0.0
2025-07-15 22:00:00;0.0;12.700000000000001;12.7;0.0;0.0;0.0;0.0;0.0
2025-07-15 23:00:00;0.0;2.45;2.3327586;0.0;0.34;0.0;0.34;0.22275862
2025-07-16 00:00:00;0.11724138;0.0;0.0;0.0;0.34;0.0;0.34;0.22275862
2025-07-16 01:00:00;0.11724138;0.0;0.0;0.0;0.34;0.0;0.34;0.22275862
2025-07-16 02:00:00;1.8965517;0.0;0.0;0.0;5.5;0.0;5.5;3.6034483
2025-07-16 03:00:00;1.8965517;0.0;0.0;0.0;5.5;0.0;5.5;3.6034483
2025-07-16 04:00:00;1.8965517;0.0;0.0;0.0;5.5;0.0;5.5;3.6034483
2025-07-16 05:00:00;1.0206897;0.0;0.0;0.0;2.96;0.0;2.96;1.9393103
2025-07-16 06:00:00;1.0206897;0.0;0.0;0.0;2.96;0.0;2.96;1.9393103
2025-07-16 07:00:00;1.0206897;0.0;0.0;0.0;2.96;0.0;2.96;1.9393103
2025-07-16 08:00:00;0.0;3.55;3.2810345;0.0;0.78;0.0;0.78;0.51103448
2025-07-16 09:00:00;0.0;15.1;14.831034;0.0;0.78;0.0;0.78;0.51103448
2025-07-16 10:00:00;0.0;19.8;19.531034;0.0;0.78;0.0;0.78;0.51103448
2025-07-16 11:00:00;0.0;34.0;33.913793;0.0;0.25;0.0;0.25;0.1637931
2025-07-16 12:00:00;0.0;55.099999999999994;55.013793;0.0;0.25;0.0;0.25;0.1637931
2025-07-16 13:00:00;0.0;68.6;68.513793;0.0;0.25;0.0;0.25;0.1637931
2025-07-16 14:00:00;0.0;89.69999999999999;89.593103;0.0;0.31;0.0;0.31;0.20310345
2025-07-16 15:00:00;0.0;84.4;84.293103;0.0;0.31;0.0;0.31;0.20310345
2025-07-16 16:00:00;0.0;66.1;65.993103;0.0;0.31;0.0;0.31;0.20310345
2025-07-16 17:00:00;0.0;29.199999999999996;29.2;0.0;0.0;0.0;0.0;0.0
2025-07-16 18:00:00;0.0;40.7;40.7;0.0;0.0;0.0;0.0;0.0
2025-07-16 19:00:00;0.0;26.7;26.7;0.0;0.0;0.0;0.0;0.0
2025-07-16 20:00:00;0.0;28.5;28.358621;0.0;0.41;0.0;0.41;0.26862069
2025-07-16 21:00:00;0.0;28.2;28.058621;0.0;0.41;0.0;0.41;0.26862069
2025-07-16 22:00:00;0.0;12.899999999999999;12.758621;0.0;0.41;0.0;0.41;0.26862069
2025-07-16 23:00:00;0.0;3.0;0.92068966;0.0;6.03;0.0;6.03;3.9506897
2025-07-17 00:00:00;2.0793103;0.0;0.0;0.0;6.03;0.0;6.03;3.9506897
2025-07-17 01:00:00;2.0793103;0.0;0.0;0.0;6.03;0.0;6.03;3.9506897
2025-07-17 02:00:00;2.4517241;0.0;0.0;0.0;7.11;0.0;7.109999999999999;4.6582759
2025-07-17 03:00:00;2.4517241;0.0;0.0;0.0;7.11;0.0;7.109999999999999;4.6582759
2025-07-17 04:00:00;2.4517241;0.0;0.0;0.0;7.11;0.0;7.109999999999999;4.6582759
2025-07-17 05:00:00;1.9655172;0.0;0.0;0.0;5.7;0.0;5.7;3.7344828
2025-07-17 06:00:00;1.9655172;0.0;0.0;0.0;5.7;0.0;5.7;3.7344828
2025-07-17 07:00:00;1.9655172;0.0;0.0;0.0;5.7;0.0;5.7;3.7344828
2025-07-17 08:00:00;0.0;3.35;3.2189655;0.0;0.38;0.0;0.38;0.24896552
2025-07-17 09:00:00;0.0;14.700000000000001;14.568966;0.0;0.38;0.0;0.38;0.24896552
2025-07-17 10:00:00;0.0;29.499999999999996;29.368966;0.0;0.38;0.0;0.38;0.24896552
2025-07-17 11:00:00;0.0;46.4;46.217241;0.0;0.53;0.0;0.53;0.34724138
2025-07-17 12:00:00;0.0;74.7;74.517241;0.0;0.53;0.0;0.53;0.34724138
2025-07-17 13:00:00;0.0;107.0;106.81724;0.0;0.53;0.0;0.53;0.34724138
2025-07-17 14:00:00;0.0;134.0;133.94138;0.0;0.17;0.0;0.17;0.11137931
2025-07-17 15:00:00;0.0;165.0;164.94138;0.0;0.17;0.0;0.17;0.11137931
2025-07-17 16:00:00;0.0;152.0;151.94138;0.0;0.17;0.0;0.17;0.11137931
2025-07-17 17:00:00;0.0;131.0;130.89655;0.0;0.3;0.0;0.3;0.19655172
2025-07-17 18:00:00;0.0;138.0;137.89655;0.0;0.3;0.0;0.3;0.19655172
2025-07-17 19:00:00;0.0;92.4;92.296552;0.0;0.3;0.0;0.3;0.19655172
2025-07-17 20:00:00;0.0;89.9;89.858621;0.0;0.12;0.0;0.12000000000000001;0.07862069
2025-07-17 21:00:00;0.0;47.6;47.558621;0.0;0.12;0.0;0.12000000000000001;0.07862069
2025-07-17 22:00:00;0.0;13.8;13.758621;0.0;0.12;0.0;0.12000000000000001;0.07862069
2025-07-17 23:00:00;0.0;2.8;2.4482759;0.0;1.02;0.0;1.02;0.66827586
2025-07-18 00:00:00;0.35172414;0.0;0.0;0.0;1.02;0.0;1.02;0.66827586
2025-07-18 01:00:00;0.35172414;0.0;0.0;0.0;1.02;0.0;1.02;0.66827586
2025-07-18 02:00:00;1.4275862;0.0;0.0;0.0;4.14;0.0;4.14;2.7124138
2025-07-18 03:00:00;1.4275862;0.0;0.0;0.0;4.14;0.0;4.14;2.7124138
2025-07-18 04:00:00;1.4275862;0.0;0.0;0.0;4.14;0.0;4.14;2.7124138
2025-07-18 05:00:00;1.8827586;0.0;0.0;0.0;5.46;0.0;5.46;3.5772414
2025-07-18 06:00:00;1.8827586;0.0;0.0;0.0;5.46;0.0;5.46;3.5772414
2025-07-18 07:00:00;1.8827586;0.0;0.0;0.0;5.46;0.0;5.46;3.5772414
2025-07-18 08:00:00;0.0;2.8;2.6275862;0.0;0.5;0.0;0.5;0.32758621
2025-07-18 09:00:00;0.0;11.6;11.427586;0.0;0.5;0.0;0.5;0.32758621
2025-07-18 10:00:00;0.0;28.6;28.427586;0.0;0.5;0.0;0.5;0.32758621
2025-07-18 11:00:00;0.0;73.7;73.462069;0.0;0.69;0.0;0.69;0.45206897
2025-07-18 12:00:00;0.0;91.69999999999999;91.462069;0.0;0.69;0.0;0.69;0.45206897
2025-07-18 13:00:00;0.0;106.0;105.76207;0.0;0.69;0.0;0.69;0.45206897
2025-07-18 14:00:00;0.0;142.0;141.56552;0.0;1.26;0.0;1.26;0.82551724
2025-07-18 15:00:00;0.0;119.0;118.56552;0.0;1.26;0.0;1.26;0.82551724
2025-07-18 16:00:00;0.0;115.0;114.56552;0.0;1.26;0.0;1.26;0.82551724
2025-07-18 17:00:00;0.0;124.99999999999999;124.82759;0.0;0.5;0.0;0.5;0.32758621
2025-07-18 18:00:00;0.0;121.0;120.82759;0.0;0.5;0.0;0.5;0.32758621
2025-07-18 19:00:00;0.0;111.00000000000001;110.82759;0.0;0.5;0.0;0.5;0.32758621
2025-07-18 20:00:00;0.0;87.0;86.858621;0.0;0.41;0.0;0.41;0.26862069
2025-07-18 21:00:00;0.0;44.7;44.558621;0.0;0.41;0.0;0.41;0.26862069
2025-07-18 22:00:00;0.0;12.8;12.658621;0.0;0.41;0.0;0.41;0.26862069
2025-07-18 23:00:00;0.0;1.92;1.7268966;0.0;0.56;0.0;0.56;0.36689655
2025-07-19 00:00:00;0.19310345;0.0;0.0;0.0;0.56;0.0;0.56;0.36689655
2025-07-19 01:00:00;0.19310345;0.0;0.0;0.0;0.56;0.0;0.56;0.36689655
2025-07-19 02:00:00;0.24137931;0.0;0.0;0.0;0.7;0.0;0.7;0.45862069
2025-07-19 03:00:00;0.24137931;0.0;0.0;0.0;0.7;0.0;0.7;0.45862069
2025-07-19 04:00:00;0.24137931;0.0;0.0;0.0;0.7;0.0;0.7;0.45862069
2025-07-19 05:00:00;0.6862069;0.0;0.0;0.0;1.99;0.0;1.9900000000000002;1.3037931
2025-07-19 06:00:00;0.6862069;0.0;0.0;0.0;1.99;0.0;1.9900000000000002;1.3037931
2025-07-19 07:00:00;0.6862069;0.0;0.0;0.0;1.99;0.0;1.9900000000000002;1.3037931
2025-07-19 08:00:00;0.0;2.45;2.4431034;0.0;0.02;0.0;0.02;0.013103448
2025-07-19 09:00:00;0.0;8.25;8.2431034;0.0;0.02;0.0;0.02;0.013103448
2025-07-19 10:00:00;0.0;24.7;24.693103;0.0;0.02;0.0;0.02;0.013103448
2025-07-19 11:00:00;0.0;70.2;69.768966;0.0;1.25;0.0;1.25;0.81896552
2025-07-19 12:00:00;0.0;92.8;92.368966;0.0;1.25;0.0;1.25;0.81896552
2025-07-19 13:00:00;0.0;116.0;115.56897;0.0;1.25;0.0;1.25;0.81896552
2025-07-19 14:00:00;0.0;133.0;132.55862;0.0;1.28;0.0;1.28;0.83862069
2025-07-19 15:00:00;0.0;126.0;125.55862;0.0;1.28;0.0;1.28;0.83862069
2025-07-19 16:00:00;0.0;133.0;132.55862;0.0;1.28;0.0;1.28;0.83862069
2025-07-19 17:00:00;0.0;105.0;104.84828;0.0;0.44;0.0;0.43999999999999995;0.28827586
2025-07-19 18:00:00;0.0;38.1;37.948276;0.0;0.44;0.0;0.43999999999999995;0.28827586
2025-07-19 19:00:00;0.0;19.6;19.448276;0.0;0.44;0.0;0.43999999999999995;0.28827586
2025-07-19 20:00:00;0.0;19.4;19.093103;0.0;0.89;0.0;0.8899999999999999;0.58310345
2025-07-19 21:00:00;0.0;9.7;9.3931034;0.0;0.89;0.0;0.8899999999999999;0.58310345
2025-07-19 22:00:00;0.0;3.7800000000000002;3.4731034;0.0;0.89;0.0;0.8899999999999999;0.58310345
2025-07-19 23:00:00;0.0;0.35;0.10517241;0.0;0.71;0.0;0.71;0.46517241
2025-07-20 00:00:00;0.24482759;0.0;0.0;0.0;0.71;0.0;0.71;0.46517241
2025-07-20 01:00:00;0.24482759;0.0;0.0;0.0;0.71;0.0;0.71;0.46517241
2025-07-20 02:00:00;0.051724138;0.0;0.0;0.0;0.15;0.0;0.15;0.098275862
2025-07-20 03:00:00;0.051724138;0.0;0.0;0.0;0.15;0.0;0.15;0.098275862
2025-07-20 04:00:00;0.051724138;0.0;0.0;0.0;0.15;0.0;0.15;0.098275862
2025-07-20 05:00:00;0.031034483;0.0;0.0;0.0;0.09;0.0;0.09;0.058965517
2025-07-20 06:00:00;0.031034483;0.0;0.0;0.0;0.09;0.0;0.09;0.058965517
2025-07-20 07:00:00;0.0;0.3;0.26896552;0.0;0.09;0.0;0.09;0.058965517
2025-07-20 08:00:00;0.0;3.08;2.9937931;0.0;0.25;0.0;0.25;0.1637931
2025-07-20 09:00:00;0.0;8.18;8.0937931;0.0;0.25;0.0;0.25;0.1637931
2025-07-20 10:00:00;0.0;23.4;23.313793;0.0;0.25;0.0;0.25;0.1637931
2025-07-20 11:00:00;0.0;40.5;40.424138;0.0;0.22;0.0;0.21999999999999997;0.14413793
2025-07-20 12:00:00;0.0;59.599999999999994;59.524138;0.0;0.22;0.0;0.21999999999999997;0.14413793
2025-07-20 13:00:00;0.0;123.0;122.92414;0.0;0.22;0.0;0.21999999999999997;0.14413793
2025-07-20 14:00:00;0.0;134.0;133.86552;0.0;0.39;0.0;0.39;0.25551724
2025-07-20 15:00:00;0.0;113.0;112.86552;0.0;0.39;0.0;0.39;0.25551724
2025-07-20 16:00:00;0.0;80.7;80.565517;0.0;0.39;0.0;0.39;0.25551724
2025-07-20 17:00:00;0.0;99.50000000000001;99.217241;0.0;0.82;0.0;0.82;0.53724138
2025-07-20 18:00:00;0.0;23.5;23.217241;0.0;0.82;0.0;0.82;0.53724138
2025-07-20 19:00:00;0.0;6.63;6.3472414;0.0;0.82;0.0;0.82;0.53724138
2025-07-20 20:00:00;0.0;46.49999999999999;46.148276;0.0;1.02;0.0;1.02;0.66827586
2025-07-20 21:00:00;0.0;28.899999999999995;28.548276;0.0;1.02;0.0;1.02;0.66827586
2025-07-20 22:00:00;0.0;14.799999999999999;14.448276;0.0;1.02;0.0;1.02;0.66827586
2025-07-20 23:00:00;0.0;3.6499999999999995;3.4741379;0.0;0.51;0.0;0.51;0.33413793
2025-07-21 00:00:00;0.17586207;0.0;0.0;0.0;0.51;0.0;0.51;0.33413793
2025-07-21 01:00:00;0.17586207;0.0;0.0;0.0;0.51;0.0;0.51;0.33413793
2025-07-21 02:00:00;0.57241379;0.0;0.0;0.0;1.66;0.0;1.66;1.0875862
2025-07-21 03:00:00;0.57241379;0.0;0.0;0.0;1.66;0.0;1.66;1.0875862
2025-07-21 04:00:00;0.57241379;0.0;0.0;0.0;1.66;0.0;1.66;1.0875862
2025-07-21 05:00:00;1.5724138;0.0;0.0;0.0;4.56;0.0;4.56;2.9875862
2025-07-21 06:00:00;1.5724138;0.0;0.0;0.0;4.56;0.0;4.56;2.9875862
2025-07-21 07:00:00;1.5724138;0.0;0.0;0.0;4.56;0.0;4.56;2.9875862
2025-07-21 08:00:00;0.0;2.37;2.2803448;0.0;0.26;0.0;0.26;0.17034483
2025-07-21 09:00:00;0.0;10.0;9.9103448;0.0;0.26;0.0;0.26;0.17034483
2025-07-21 10:00:00;0.0;27.0;26.910345;0.0;0.26;0.0;0.26;0.17034483
2025-07-21 11:00:00;0.0;51.599999999999994;51.534483;0.0;0.19;0.0;0.19;0.12448276
2025-07-21 12:00:00;0.0;78.2;78.134483;0.0;0.19;0.0;0.19;0.12448276
2025-07-21 13:00:00;0.0;126.0;125.93448;0.0;0.19;0.0;0.19;0.12448276
2025-07-21 14:00:00;0.0;100.0;99.610345;0.0;1.13;0.0;1.13;0.74034483
2025-07-21 15:00:00;0.0;108.99999999999999;108.61034;0.0;1.13;0.0;1.13;0.74034483
2025-07-21 16:00:00;0.0;86.2;85.810345;0.0;1.13;0.0;1.13;0.74034483
2025-07-21 17:00:00;0.0;97.7;97.537931;0.0;0.47;0.0;0.47;0.30793103
2025-07-21 18:00:00;0.0;37.4;37.237931;0.0;0.47;0.0;0.47;0.30793103
2025-07-21 19:00:00;0.0;116.0;115.83793;0.0;0.47;0.0;0.47;0.30793103
2025-07-21 20:00:00;0.0;71.1;70.806897;0.0;0.85;0.0;0.85;0.55689655
2025-07-21 21:00:00;0.0;23.4;23.106897;0.0;0.85;0.0;0.85;0.55689655
2025-07-21 22:00:00;0.0;18.3;18.006897;0.0;0.85;0.0;0.85;0.55689655
2025-07-21 23:00:00;0.0;4.53;3.8955172;0.0;1.84;0.0;1.8399999999999999;1.2055172
2025-07-22 00:00:00;0.63448276;0.0;0.0;0.0;1.84;0.0;1.8399999999999999;1.2055172
2025-07-22 01:00:00;0.63448276;0.0;0.0;0.0;1.84;0.0;1.8399999999999999;1.2055172
2025-07-22 02:00:00;1.6827586;0.0;0.0;0.0;4.88;0.0;4.88;3.1972414
2025-07-22 03:00:00;1.6827586;0.0;0.0;0.0;4.88;0.0;4.88;3.1972414
2025-07-22 04:00:00;1.6827586;0.0;0.0;0.0;4.88;0.0;4.88;3.1972414
2025-07-22 05:00:00;2.2206897;0.0;0.0;0.0;6.44;0.0;6.44;4.2193103
2025-07-22 06:00:00;2.2206897;0.0;0.0;0.0;6.44;0.0;6.44;4.2193103
2025-07-22 07:00:00;2.2206897;0.0;0.0;0.0;6.44;0.0;6.44;4.2193103
2025-07-22 08:00:00;0.0;2.7;2.3896552;0.0;0.9;0.0;0.8999999999999999;0.58965517
2025-07-22 09:00:00;0.0;11.2;10.889655;0.0;0.9;0.0;0.8999999999999999;0.58965517
2025-07-22 10:00:00;0.0;27.0;26.689655;0.0;0.9;0.0;0.8999999999999999;0.58965517
2025-07-22 11:00:00;0.0;49.3;49.12069;0.0;0.52;0.0;0.52;0.34068966
2025-07-22 12:00:00;0.0;93.9;93.72069;0.0;0.52;0.0;0.52;0.34068966
2025-07-22 13:00:00;0.0;113.0;112.82069;0.0;0.52;0.0;0.52;0.34068966
2025-07-22 14:00:00;0.0;146.0;145.95172;0.0;0.14;0.0;0.14;0.091724138
2025-07-22 15:00:00;0.0;129.0;128.95172;0.0;0.14;0.0;0.14;0.091724138
2025-07-22 16:00:00;0.0;104.00000000000001;103.95172;0.0;0.14;0.0;0.14;0.091724138
2025-07-22 17:00:00;0.0;49.3;49.27931;0.0;0.06;0.0;0.060000000000000005;0.039310345
2025-07-22 18:00:00;0.0;89.4;89.37931;0.0;0.06;0.0;0.060000000000000005;0.039310345
2025-07-22 19:00:00;0.0;50.3;50.27931;0.0;0.06;0.0;0.060000000000000005;0.039310345
2025-07-22 20:00:00;0.0;63.4;63.334483;0.0;0.19;0.0;0.19;0.12448276
2025-07-22 21:00:00;0.0;28.8;28.734483;0.0;0.19;0.0;0.19;0.12448276
2025-07-22 22:00:00;0.0;11.4;11.334483;0.0;0.19;0.0;0.19;0.12448276
2025-07-22 23:00:00;0.0;2.23;1.7437931;0.0;1.41;0.0;1.41;0.9237931
2025-07-23 00:00:00;0.4862069;0.0;0.0;0.0;1.41;0.0;1.41;0.9237931
2025-07-23 01:00:00;0.4862069;0.0;0.0;0.0;1.41;0.0;1.41;0.9237931
2025-07-23 02:00:00;0.82758621;0.0;0.0;0.0;2.4;0.0;2.4;1.5724138
2025-07-23 03:00:00;0.82758621;0.0;0.0;0.0;2.4;0.0;2.4;1.5724138
2025-07-23 04:00:00;0.82758621;0.0;0.0;0.0;2.4;0.0;2.4;1.5724138
2025-07-23 05:00:00;1.6896552;0.0;0.0;0.0;4.9;0.0;4.9;3.2103448
2025-07-23 06:00:00;1.6896552;0.0;0.0;0.0;4.9;0.0;4.9;3.2103448
2025-07-23 07:00:00;1.6896552;0.0;0.0;0.0;4.9;0.0;4.9;3.2103448
2025-07-23 08:00:00;0.0;2.17;1.932069;0.0;0.69;0.0;0.69;0.45206897
2025-07-23 09:00:00;0.0;6.43;6.192069;0.0;0.69;0.0;0.69;0.45206897
2025-07-23 10:00:00;0.0;23.2;22.962069;0.0;0.69;0.0;0.69;0.45206897
2025-07-23 11:00:00;0.0;66.0;66.0;0.0;0.0;0.0;0.0;0.0
2025-07-23 12:00:00;0.0;82.6;82.6;0.0;0.0;0.0;0.0;0.0
2025-07-23 13:00:00;0.0;127.00000000000001;127.0;0.0;0.0;0.0;0.0;0.0
2025-07-23 14:00:00;0.0;141.0;140.87586;0.0;0.36;0.0;0.36;0.23586207
2025-07-23 15:00:00;0.0;113.0;112.87586;0.0;0.36;0.0;0.36;0.23586207
2025-07-23 16:00:00;0.0;110.0;109.87586;0.0;0.36;0.0;0.36;0.23586207
2025-07-23 17:00:00;0.0;117.0;116.94138;0.0;0.17;0.0;0.17;0.11137931
2025-07-23 18:00:00;0.0;134.0;133.94138;0.0;0.17;0.0;0.17;0.11137931
2025-07-23 19:00:00;0.0;107.0;106.94138;0.0;0.17;0.0;0.17;0.11137931
2025-07-23 20:00:00;0.0;48.0;47.944828;0.0;0.16;0.0;0.16;0.10482759
2025-07-23 21:00:00;0.0;51.400000000000006;51.344828;0.0;0.16;0.0;0.16;0.10482759
2025-07-23 22:00:00;0.0;10.3;10.244828;0.0;0.16;0.0;0.16;0.10482759
2025-07-23 23:00:00;0.0;1.13;0.97827586;0.0;0.44;0.0;0.43999999999999995;0.28827586
2025-07-24 00:00:00;0.15172414;0.0;0.0;0.0;0.44;0.0;0.43999999999999995;0.28827586
2025-07-24 01:00:00;0.15172414;0.0;0.0;0.0;0.44;0.0;0.43999999999999995;0.28827586
2025-07-24 02:00:00;0.87586207;0.0;0.0;0.0;2.54;0.0;2.54;1.6641379
2025-07-24 03:00:00;0.87586207;0.0;0.0;0.0;2.54;0.0;2.54;1.6641379
2025-07-24 04:00:00;0.87586207;0.0;0.0;0.0;2.54;0.0;2.54;1.6641379
2025-07-24 05:00:00;1.1931034;0.0;0.0;0.0;3.46;0.0;3.4599999999999995;2.2668966
2025-07-24 06:00:00;1.1931034;0.0;0.0;0.0;3.46;0.0;3.4599999999999995;2.2668966
2025-07-24 07:00:00;1.1931034;0.0;0.0;0.0;3.46;0.0;3.4599999999999995;2.2668966
2025-07-24 08:00:00;0.0;2.03;1.7368966;0.0;0.85;0.0;0.85;0.55689655
2025-07-24 09:00:00;0.0;9.1;8.8068966;0.0;0.85;0.0;0.85;0.55689655
2025-07-24 10:00:00;0.0;12.0;11.706897;0.0;0.85;0.0;0.85;0.55689655
2025-07-24 11:00:00;0.0;22.9;22.896552;0.0;0.01;0.0;0.01;0.0065517241
2025-07-24 12:00:00;0.0;53.5;53.496552;0.0;0.01;0.0;0.01;0.0065517241
2025-07-24 13:00:00;0.0;48.3;48.296552;0.0;0.01;0.0;0.01;0.0065517241
2025-07-24 14:00:00;0.0;93.1;93.093103;0.0;0.02;0.0;0.02;0.013103448
2025-07-24 15:00:00;0.0;95.1;95.093103;0.0;0.02;0.0;0.02;0.013103448
2025-07-24 16:00:00;0.0;86.6;86.593103;0.0;0.02;0.0;0.02;0.013103448
2025-07-24 17:00:00;0.0;85.5;85.375862;0.0;0.36;0.0;0.36;0.23586207
2025-07-24 18:00:00;0.0;78.3;78.175862;0.0;0.36;0.0;0.36;0.23586207
2025-07-24 19:00:00;0.0;73.5;73.375862;0.0;0.36;0.0;0.36;0.23586207
2025-07-24 20:00:00;0.0;68.8;68.655172;0.0;0.42;0.0;0.42;0.27517241
2025-07-24 21:00:00;0.0;46.2;46.055172;0.0;0.42;0.0;0.42;0.27517241
2025-07-24 22:00:00;0.0;6.500000000000001;6.3551724;0.0;0.42;0.0;0.42;0.27517241
2025-07-24 23:00:00;0.0;1.8;1.637931;0.0;0.47;0.0;0.47;0.30793103
2025-07-25 00:00:00;0.16206897;0.0;0.0;0.0;0.47;0.0;0.47;0.30793103
2025-07-25 01:00:00;0.16206897;0.0;0.0;0.0;0.47;0.0;0.47;0.30793103
2025-07-25 02:00:00;0.9137931;0.0;0.0;0.0;2.65;0.0;2.65;1.7362069
2025-07-25 03:00:00;0.9137931;0.0;0.0;0.0;2.65;0.0;2.65;1.7362069
2025-07-25 04:00:00;0.9137931;0.0;0.0;0.0;2.65;0.0;2.65;1.7362069
2025-07-25 05:00:00;1.7517241;0.0;0.0;0.0;5.08;0.0;5.08;3.3282759
2025-07-25 06:00:00;1.7517241;0.0;0.0;0.0;5.08;0.0;5.08;3.3282759
2025-07-25 07:00:00;1.7517241;0.0;0.0;0.0;5.08;0.0;5.08;3.3282759
2025-07-25 08:00:00;0.0;2.23;1.9472414;0.0;0.82;0.0;0.82;0.53724138
2025-07-25 09:00:00;0.0;12.3;12.017241;0.0;0.82;0.0;0.82;0.53724138
2025-07-25 10:00:00;0.0;21.3;21.017241;0.0;0.82;0.0;0.82;0.53724138
2025-07-25 11:00:00;0.0;54.4;54.286207;0.0;0.33;0.0;0.33;0.2162069
2025-07-25 12:00:00;0.0;88.2;88.086207;0.0;0.33;0.0;0.33;0.2162069
2025-07-25 13:00:00;0.0;124.99999999999999;124.88621;0.0;0.33;0.0;0.33;0.2162069
2025-07-25 14:00:00;0.0;123.0;122.63448;0.0;1.06;0.0;1.06;0.69448276
2025-07-25 15:00:00;0.0;162.0;161.63448;0.0;1.06;0.0;1.06;0.69448276
2025-07-25 16:00:00;0.0;140.0;139.63448;0.0;1.06;0.0;1.06;0.69448276
2025-07-25 17:00:00;0.0;111.00000000000001;110.92414;0.0;0.22;0.0;0.21999999999999997;0.14413793
2025-07-25 18:00:00;0.0;120.00000000000001;119.92414;0.0;0.22;0.0;0.21999999999999997;0.14413793
2025-07-25 19:00:00;0.0;115.0;114.92414;0.0;0.22;0.0;0.21999999999999997;0.14413793
2025-07-25 20:00:00;0.0;86.2;86.141379;0.0;0.17;0.0;0.17;0.11137931
2025-07-25 21:00:00;0.0;42.5;42.441379;0.0;0.17;0.0;0.17;0.11137931
2025-07-25 22:00:00;0.0;10.4;10.341379;0.0;0.17;0.0;0.17;0.11137931
2025-07-25 23:00:00;0.0;0.7000000000000002;0.62758621;0.0;0.21;0.0;0.21;0.13758621
2025-07-26 00:00:00;0.072413793;0.0;0.0;0.0;0.21;0.0;0.21;0.13758621
2025-07-26 01:00:00;0.072413793;0.0;0.0;0.0;0.21;0.0;0.21;0.13758621
2025-07-26 02:00:00;0.40689655;0.0;0.0;0.0;1.18;0.0;1.18;0.77310345
2025-07-26 03:00:00;0.40689655;0.0;0.0;0.0;1.18;0.0;1.18;0.77310345
2025-07-26 04:00:00;0.40689655;0.0;0.0;0.0;1.18;0.0;1.18;0.77310345
2025-07-26 05:00:00;0.73793103;0.0;0.0;0.0;2.14;0.0;2.14;1.402069
2025-07-26 06:00:00;0.73793103;0.0;0.0;0.0;2.14;0.0;2.14;1.402069
2025-07-26 07:00:00;0.73793103;0.0;0.0;0.0;2.14;0.0;2.14;1.402069
2025-07-26 08:00:00;0.0;3.1;3.0034483;0.0;0.28;0.0;0.28;0.18344828
2025-07-26 09:00:00;0.0;11.5;11.403448;0.0;0.28;0.0;0.28;0.18344828
2025-07-26 10:00:00;0.0;31.6;31.503448;0.0;0.28;0.0;0.28;0.18344828
2025-07-26 11:00:00;0.0;57.2;57.182759;0.0;0.05;0.0;0.05;0.032758621
2025-07-26 12:00:00;0.0;67.7;67.682759;0.0;0.05;0.0;0.05;0.032758621
2025-07-26 13:00:00;0.0;87.6;87.582759;0.0;0.05;0.0;0.05;0.032758621
2025-07-26 14:00:00;0.0;93.2;93.144828;0.0;0.16;0.0;0.16;0.10482759
2025-07-26 15:00:00;0.0;96.29999999999998;96.244828;0.0;0.16;0.0;0.16;0.10482759
2025-07-26 16:00:00;0.0;51.400000000000006;51.344828;0.0;0.16;0.0;0.16;0.10482759
2025-07-26 17:00:00;0.0;77.2;77.103448;0.0;0.28;0.0;0.28;0.18344828
2025-07-26 18:00:00;0.0;97.49999999999999;97.403448;0.0;0.28;0.0;0.28;0.18344828
2025-07-26 19:00:00;0.0;105.0;104.90345;0.0;0.28;0.0;0.28;0.18344828
2025-07-26 20:00:00;0.0;56.70000000000001;56.658621;0.0;0.12;0.0;0.12000000000000001;0.07862069
2025-07-26 21:00:00;0.0;10.899999999999999;10.858621;0.0;0.12;0.0;0.12000000000000001;0.07862069
2025-07-26 22:00:00;0.0;2.88;2.8386207;0.0;0.12;0.0;0.12000000000000001;0.07862069
2025-07-26 23:00:00;0.0;0.6;0.56896552;0.0;0.09;0.0;0.09;0.058965517
2025-07-27 00:00:00;0.031034483;0.0;0.0;0.0;0.09;0.0;0.09;0.058965517
2025-07-27 01:00:00;0.031034483;0.0;0.0;0.0;0.09;0.0;0.09;0.058965517
2025-07-27 02:00:00;0.24827586;0.0;0.0;0.0;0.72;0.0;0.72;0.47172414
2025-07-27 03:00:00;0.24827586;0.0;0.0;0.0;0.72;0.0;0.72;0.47172414
2025-07-27 04:00:00;0.24827586;0.0;0.0;0.0;0.72;0.0;0.72;0.47172414
2025-07-27 05:00:00;0.34482759;0.0;0.0;0.0;1.0;0.0;1.0;0.65517241
2025-07-27 06:00:00;0.34482759;0.0;0.0;0.0;1.0;0.0;1.0;0.65517241
2025-07-27 07:00:00;0.34482759;0.0;0.0;0.0;1.0;0.0;1.0;0.65517241
2025-07-27 08:00:00;0.0;0.3;0.075862069;0.0;0.65;0.0;0.65;0.42586207
2025-07-27 09:00:00;0.0;6.879999999999999;6.6558621;0.0;0.65;0.0;0.65;0.42586207
2025-07-27 10:00:00;0.0;14.2;13.975862;0.0;0.65;0.0;0.65;0.42586207
2025-07-27 11:00:00;0.0;37.1;37.072414;0.0;0.08;0.0;0.08;0.052413793
2025-07-27 12:00:00;0.0;79.7;79.672414;0.0;0.08;0.0;0.08;0.052413793
2025-07-27 13:00:00;0.0;101.0;100.97241;0.0;0.08;0.0;0.08;0.052413793
2025-07-27 14:00:00;0.0;98.5;98.403448;0.0;0.28;0.0;0.28;0.18344828
2025-07-27 15:00:00;0.0;110.0;109.90345;0.0;0.28;0.0;0.28;0.18344828
2025-07-27 16:00:00;0.0;124.99999999999999;124.90345;0.0;0.28;0.0;0.28;0.18344828
2025-07-27 17:00:00;0.0;123.0;122.95517;0.0;0.13;0.0;0.13;0.085172414
2025-07-27 18:00:00;0.0;62.1;62.055172;0.0;0.13;0.0;0.13;0.085172414
2025-07-27 19:00:00;0.0;42.1;42.055172;0.0;0.13;0.0;0.13;0.085172414
2025-07-27 20:00:00;0.0;23.9;23.775862;0.0;0.36;0.0;0.36;0.23586207
2025-07-27 21:00:00;0.0;12.2;12.075862;0.0;0.36;0.0;0.36;0.23586207
2025-07-27 22:00:00;0.0;2.7500000000000004;2.6258621;0.0;0.36;0.0;0.36;0.23586207
2025-07-27 23:00:00;0.43448276;0.8;0.0;0.0;3.58;0.0;3.5799999999999996;2.3455172
2025-07-28 00:00:00;1.2344828;0.0;0.0;0.0;3.58;0.0;3.5799999999999996;2.3455172
2025-07-28 01:00:00;1.2344828;0.0;0.0;0.0;3.58;0.0;3.5799999999999996;2.3455172
2025-07-28 02:00:00;2.0206897;0.0;0.0;0.0;5.86;0.0;5.86;3.8393103
2025-07-28 03:00:00;2.0206897;0.0;0.0;0.0;5.86;0.0;5.86;3.8393103
2025-07-28 04:00:00;2.0206897;0.0;0.0;0.0;5.86;0.0;5.86;3.8393103
2025-07-28 05:00:00;2.9068966;0.0;0.0;0.0;8.43;0.0;8.43;5.5231034
2025-07-28 06:00:00;2.9068966;0.0;0.0;0.0;8.43;0.0;8.43;5.5231034
2025-07-28 07:00:00;2.9068966;0.0;0.0;0.0;8.43;0.0;8.43;5.5231034
2025-07-28 08:00:00;0.0;2.03;1.7748276;0.0;0.74;0.0;0.74;0.48482759
2025-07-28 09:00:00;0.0;8.88;8.6248276;0.0;0.74;0.0;0.74;0.48482759
2025-07-28 10:00:00;0.0;26.4;26.144828;0.0;0.74;0.0;0.74;0.48482759
2025-07-28 11:00:00;0.0;56.4;56.227586;0.0;0.5;0.0;0.5;0.32758621
2025-07-28 12:00:00;0.0;75.1;74.927586;0.0;0.5;0.0;0.5;0.32758621
2025-07-28 13:00:00;0.0;49.7;49.527586;0.0;0.5;0.0;0.5;0.32758621
2025-07-28 14:00:00;0.0;66.5;66.489655;0.0;0.03;0.0;0.030000000000000002;0.019655172
2025-07-28 15:00:00;0.0;79.2;79.189655;0.0;0.03;0.0;0.030000000000000002;0.019655172
2025-07-28 16:00:00;0.0;122.0;121.98966;0.0;0.03;0.0;0.030000000000000002;0.019655172
2025-07-28 17:00:00;0.0;139.0;139.0;0.0;0.0;0.0;0.0;0.0
2025-07-28 18:00:00;0.0;111.00000000000001;111.0;0.0;0.0;0.0;0.0;0.0
2025-07-28 19:00:00;0.0;79.2;79.2;0.0;0.0;0.0;0.0;0.0
2025-07-28 20:00:00;0.0;31.5;30.903448;0.0;1.73;0.0;1.7299999999999998;1.1334483
2025-07-28 21:00:00;0.0;15.000000000000002;14.403448;0.0;1.73;0.0;1.7299999999999998;1.1334483
2025-07-28 22:00:00;0.0;5.13;4.5334483;0.0;1.73;0.0;1.7299999999999998;1.1334483
2025-07-28 23:00:00;0.079310345;1.2;0.0;0.0;3.71;0.0;3.7100000000000004;2.4306897
2025-07-29 00:00:00;1.2793103;0.0;0.0;0.0;3.71;0.0;3.7100000000000004;2.4306897
2025-07-29 01:00:00;1.2793103;0.0;0.0;0.0;3.71;0.0;3.7100000000000004;2.4306897
2025-07-29 02:00:00;1.5965517;0.0;0.0;0.0;4.63;0.0;4.63;3.0334483
2025-07-29 03:00:00;1.5965517;0.0;0.0;0.0;4.63;0.0;4.63;3.0334483
2025-07-29 04:00:00;1.5965517;0.0;0.0;0.0;4.63;0.0;4.63;3.0334483
2025-07-29 05:00:00;1.2896552;0.0;0.0;0.0;3.74;0.0;3.7399999999999998;2.4503448
2025-07-29 06:00:00;1.2896552;0.0;0.0;0.0;3.74;0.0;3.7399999999999998;2.4503448
2025-07-29 07:00:00;1.2896552;0.0;0.0;0.0;3.74;0.0;3.7399999999999998;2.4503448
2025-07-29 08:00:00;0.0;2.07;1.6424138;0.0;1.24;0.0;1.24;0.81241379
2025-07-29 09:00:00;0.0;12.700000000000001;12.272414;0.0;1.24;0.0;1.24;0.81241379
2025-07-29 10:00:00;0.0;30.8;30.372414;0.0;1.24;0.0;1.24;0.81241379
2025-07-29 11:00:00;0.0;52.3;52.265517;0.0;0.1;0.0;0.1;0.065517241
2025-07-29 12:00:00;0.0;96.7;96.665517;0.0;0.1;0.0;0.1;0.065517241
2025-07-29 13:00:00;0.0;104.00000000000001;103.96552;0.0;0.1;0.0;0.1;0.065517241
2025-07-29 14:00:00;0.0;92.4;92.389655;0.0;0.03;0.0;0.030000000000000002;0.019655172
2025-07-29 15:00:00;0.0;40.9;40.889655;0.0;0.03;0.0;0.030000000000000002;0.019655172
2025-07-29 16:00:00;0.0;140.0;139.98966;0.0;0.03;0.0;0.030000000000000002;0.019655172
2025-07-29 17:00:00;0.0;97.7;97.651724;0.0;0.14;0.0;0.14;0.091724138
2025-07-29 18:00:00;0.0;91.8;91.751724;0.0;0.14;0.0;0.14;0.091724138
2025-07-29 19:00:00;0.0;37.6;37.551724;0.0;0.14;0.0;0.14;0.091724138
2025-07-29 20:00:00;0.0;6.48;6.1868966;0.0;0.85;0.0;0.85;0.55689655
2025-07-29 21:00:00;0.0;8.35;8.0568966;0.0;0.85;0.0;0.85;0.55689655
2025-07-29 22:00:00;0.0;8.0;7.7068966;0.0;0.85;0.0;0.85;0.55689655
2025-07-29 23:00:00;0.0;1.35;0.44310345;0.0;2.63;0.0;2.63;1.7231034
2025-07-30 00:00:00;0.90689655;0.0;0.0;0.0;2.63;0.0;2.63;1.7231034
2025-07-30 01:00:00;0.90689655;0.0;0.0;0.0;2.63;0.0;2.63;1.7231034
2025-07-30 02:00:00;1.3275862;0.0;0.0;0.0;3.85;0.0;3.8499999999999996;2.5224138
2025-07-30 03:00:00;1.3275862;0.0;0.0;0.0;3.85;0.0;3.8499999999999996;2.5224138
2025-07-30 04:00:00;1.3275862;0.0;0.0;0.0;3.85;0.0;3.8499999999999996;2.5224138
2025-07-30 05:00:00;1.2241379;0.0;0.0;0.0;3.55;0.0;3.5500000000000003;2.3258621
2025-07-30 06:00:00;1.2241379;0.0;0.0;0.0;3.55;0.0;3.5500000000000003;2.3258621
2025-07-30 07:00:00;1.2241379;0.0;0.0;0.0;3.55;0.0;3.5500000000000003;2.3258621
2025-07-30 08:00:00;0.0;1.7700000000000002;1.5493103;0.0;0.64;0.0;0.64;0.41931034
2025-07-30 09:00:00;0.0;10.8;10.57931;0.0;0.64;0.0;0.64;0.41931034
2025-07-30 10:00:00;0.0;23.6;23.37931;0.0;0.64;0.0;0.64;0.41931034
2025-07-30 11:00:00;0.0;44.5;44.331034;0.0;0.49;0.0;0.49000000000000005;0.32103448
2025-07-30 12:00:00;0.0;66.8;66.631034;0.0;0.49;0.0;0.49000000000000005;0.32103448
2025-07-30 13:00:00;0.0;71.4;71.231034;0.0;0.49;0.0;0.49000000000000005;0.32103448
2025-07-30 14:00:00;0.0;85.8;85.655172;0.0;0.42;0.0;0.42;0.27517241
2025-07-30 15:00:00;0.0;129.0;128.85517;0.0;0.42;0.0;0.42;0.27517241
2025-07-30 16:00:00;0.0;76.2;76.055172;0.0;0.42;0.0;0.42;0.27517241
2025-07-30 17:00:00;0.0;110.0;109.97241;0.0;0.08;0.0;0.08;0.052413793
2025-07-30 18:00:00;0.0;152.0;151.97241;0.0;0.08;0.0;0.08;0.052413793
2025-07-30 19:00:00;0.0;45.1;45.072414;0.0;0.08;0.0;0.08;0.052413793
2025-07-30 20:00:00;0.0;61.3;61.217241;0.0;0.24;0.0;0.24000000000000002;0.15724138
2025-07-30 21:00:00;0.0;37.9;37.817241;0.0;0.24;0.0;0.24000000000000002;0.15724138
2025-07-30 22:00:00;0.0;7.73;7.6472414;0.0;0.24;0.0;0.24000000000000002;0.15724138
2025-07-30 23:00:00;0.0;2.17;0.64586207;0.0;4.42;0.0;4.42;2.8958621
2025-07-31 00:00:00;1.5241379;0.0;0.0;0.0;4.42;0.0;4.42;2.8958621
2025-07-31 01:00:00;1.5241379;0.0;0.0;0.0;4.42;0.0;4.42;2.8958621
2025-07-31 02:00:00;1.4310345;0.0;0.0;0.0;4.15;0.0;4.15;2.7189655
2025-07-31 03:00:00;1.4310345;0.0;0.0;0.0;4.15;0.0;4.15;2.7189655
2025-07-31 04:00:00;1.4310345;0.0;0.0;0.0;4.15;0.0;4.15;2.7189655
2025-07-31 05:00:00;0.74827586;0.0;0.0;0.0;2.17;0.0;2.17;1.4217241
2025-07-31 06:00:00;0.74827586;0.0;0.0;0.0;2.17;0.0;2.17;1.4217241
2025-07-31 07:00:00;0.74827586;0.0;0.0;0.0;2.17;0.0;2.17;1.4217241
2025-07-31 08:00:00;0.0;0.8;0.16551724;0.0;1.84;0.0;1.8399999999999999;1.2055172
2025-07-31 09:00:00;0.0;2.33;1.6955172;0.0;1.84;0.0;1.8399999999999999;1.2055172
2025-07-31 10:00:00;0.0;11.5;10.865517;0.0;1.84;0.0;1.8399999999999999;1.2055172
2025-07-31 11:00:00;0.0;33.7;33.672414;0.0;0.08;0.0;0.08;0.052413793
2025-07-31 12:00:00;0.0;38.5;38.472414;0.0;0.08;0.0;0.08;0.052413793
2025-07-31 13:00:00;0.0;103.0;102.97241;0.0;0.08;0.0;0.08;0.052413793
2025-07-31 14:00:00;0.0;85.3;85.282759;0.0;0.05;0.0;0.05;0.032758621
2025-07-31 15:00:00;0.0;126.0;125.98276;0.0;0.05;0.0;0.05;0.032758621
2025-07-31 16:00:00;0.0;69.0;68.982759;0.0;0.05;0.0;0.05;0.032758621
2025-07-31 17:00:00;0.0;49.4;49.306897;0.0;0.27;0.0;0.27;0.17689655
2025-07-31 18:00:00;0.0;46.4;46.306897;0.0;0.27;0.0;0.27;0.17689655
2025-07-31 19:00:00;0.0;30.7;30.606897;0.0;0.27;0.0;0.27;0.17689655
2025-07-31 20:00:00;0.0;16.7;16.086207;0.0;1.78;0.0;1.7799999999999998;1.1662069
2025-07-31 21:00:00;0.0;4.18;3.5662069;0.0;1.78;0.0;1.7799999999999998;1.1662069
2025-07-31 22:00:00;0.0;2.23;1.6162069;0.0;1.78;0.0;1.7799999999999998;1.1662069
2025-07-31 23:00:00;0.0;1.3;0.74482759;0.0;1.61;0.0;1.61;1.0548276
2025-08-01 00:00:00;0.55517241;0.0;0.0;0.0;1.61;0.0;1.61;1.0548276
2025-08-01 01:00:00;0.55517241;0.0;0.0;0.0;1.61;0.0;1.61;1.0548276
2025-08-01 02:00:00;0.96206897;0.0;0.0;0.0;2.79;0.0;2.79;1.827931
2025-08-01 03:00:00;0.96206897;0.0;0.0;0.0;2.79;0.0;2.79;1.827931
2025-08-01 04:00:00;0.96206897;0.0;0.0;0.0;2.79;0.0;2.79;1.827931
2025-08-01 05:00:00;1.3137931;0.0;0.0;0.0;3.81;0.0;3.8100000000000005;2.4962069
2025-08-01 06:00:00;1.3137931;0.0;0.0;0.0;3.81;0.0;3.8100000000000005;2.4962069
2025-08-01 07:00:00;1.3137931;0.0;0.0;0.0;3.81;0.0;3.8100000000000005;2.4962069
2025-08-01 08:00:00;0.0;1.15;0.77758621;0.0;1.08;0.0;1.08;0.70758621
2025-08-01 09:00:00;0.0;11.8;11.427586;0.0;1.08;0.0;1.08;0.70758621
2025-08-01 10:00:00;0.0;18.3;17.927586;0.0;1.08;0.0;1.08;0.70758621
2025-08-01 11:00:00;0.0;57.0;56.986207;0.0;0.04;0.0;0.04;0.026206897
2025-08-01 12:00:00;0.0;78.3;78.286207;0.0;0.04;0.0;0.04;0.026206897
2025-08-01 13:00:00;0.0;85.0;84.986207;0.0;0.04;0.0;0.04;0.026206897
2025-08-01 14:00:00;0.0;113.0;112.88276;0.0;0.34;0.0;0.34;0.22275862
2025-08-01 15:00:00;0.0;44.7;44.582759;0.0;0.34;0.0;0.34;0.22275862
2025-08-01 16:00:00;0.0;97.09999999999998;96.982759;0.0;0.34;0.0;0.34;0.22275862
2025-08-01 17:00:00;0.0;108.0;107.86897;0.0;0.38;0.0;0.38;0.24896552
2025-08-01 18:00:00;0.0;84.0;83.868966;0.0;0.38;0.0;0.38;0.24896552
2025-08-01 19:00:00;0.0;28.8;28.668966;0.0;0.38;0.0;0.38;0.24896552
2025-08-01 20:00:00;0.0;51.7;51.162069;0.0;1.56;0.0;1.56;1.022069
2025-08-01 21:00:00;0.0;29.9;29.362069;0.0;1.56;0.0;1.56;1.022069
2025-08-01 22:00:00;0.0;9.73;9.192069;0.0;1.56;0.0;1.56;1.022069
2025-08-01 23:00:00;0.27068966;1.45;0.0;0.0;4.99;0.0;4.99;3.2693103
2025-08-02 00:00:00;1.7206897;0.0;0.0;0.0;4.99;0.0;4.99;3.2693103
2025-08-02 01:00:00;1.7206897;0.0;0.0;0.0;4.99;0.0;4.99;3.2693103
2025-08-02 02:00:00;1.7827586;0.0;0.0;0.0;5.17;0.0;5.17;3.3872414
2025-08-02 03:00:00;1.7827586;0.0;0.0;0.0;5.17;0.0;5.17;3.3872414
2025-08-02 04:00:00;1.7827586;0.0;0.0;0.0;5.17;0.0;5.17;3.3872414
2025-08-02 05:00:00;1.6137931;0.0;0.0;0.0;4.68;0.0;4.68;3.0662069
2025-08-02 06:00:00;1.6137931;0.0;0.0;0.0;4.68;0.0;4.68;3.0662069
2025-08-02 07:00:00;1.6137931;0.0;0.0;0.0;4.68;0.0;4.68;3.0662069
2025-08-02 08:00:00;0.0;1.83;1.4368966;0.0;1.14;0.0;1.14;0.74689655
2025-08-02 09:00:00;0.0;8.13;7.7368966;0.0;1.14;0.0;1.14;0.74689655
2025-08-02 10:00:00;0.0;22.7;22.306897;0.0;1.14;0.0;1.14;0.74689655
2025-08-02 11:00:00;0.0;29.799999999999997;29.57931;0.0;0.64;0.0;0.64;0.41931034
2025-08-02 12:00:00;0.0;21.0;20.77931;0.0;0.64;0.0;0.64;0.41931034
2025-08-02 13:00:00;0.0;64.9;64.67931;0.0;0.64;0.0;0.64;0.41931034
2025-08-02 14:00:00;0.0;53.0;52.724138;0.0;0.8;0.0;0.8;0.52413793
2025-08-02 15:00:00;0.0;73.3;73.024138;0.0;0.8;0.0;0.8;0.52413793
2025-08-02 16:00:00;0.27586207;0.0;0.0;0.0;0.8;0.0;0.8;0.52413793
2025-08-02 17:00:00;0.22758621;0.0;0.0;0.0;0.66;0.0;0.66;0.43241379
2025-08-02 18:00:00;0.22758621;0.0;0.0;0.0;0.66;0.0;0.66;0.43241379
2025-08-02 19:00:00;0.22758621;0.0;0.0;0.0;0.66;0.0;0.66;0.43241379
2025-08-02 20:00:00;0.69310345;0.0;0.0;0.0;2.01;0.0;2.01;1.3168966
2025-08-02 21:00:00;0.69310345;0.0;0.0;0.0;2.01;0.0;2.01;1.3168966
2025-08-02 22:00:00;0.69310345;0.0;0.0;0.0;2.01;0.0;2.01;1.3168966
2025-08-02 23:00:00;1.2862069;0.0;0.0;0.0;3.73;0.0;3.7300000000000004;2.4437931
2025-08-03 00:00:00;1.2862069;0.0;0.0;0.0;3.73;0.0;3.7300000000000004;2.4437931
2025-08-03 01:00:00;1.2862069;0.0;0.0;0.0;3.73;0.0;3.7300000000000004;2.4437931
2025-08-03 02:00:00;1.562069;0.0;0.0;0.0;4.53;0.0;4.53;2.967931
2025-08-03 03:00:00;1.562069;0.0;0.0;0.0;4.53;0.0;4.53;2.967931
2025-08-03 04:00:00;1.562069;0.0;0.0;0.0;4.53;0.0;4.53;2.967931
2025-08-03 05:00:00;1.3551724;0.0;0.0;0.0;3.93;0.0;3.9299999999999997;2.5748276
2025-08-03 06:00:00;1.3551724;0.0;0.0;0.0;3.93;0.0;3.9299999999999997;2.5748276
2025-08-03 07:00:00;1.3551724;0.0;0.0;0.0;3.93;0.0;3.9299999999999997;2.5748276
2025-08-03 08:00:00;0.0;1.25;1.1982759;0.0;0.15;0.0;0.15;0.098275862
2025-08-03 09:00:00;0.0;8.63;8.5782759;0.0;0.15;0.0;0.15;0.098275862
2025-08-03 10:00:00;0.0;28.4;28.348276;0.0;0.15;0.0;0.15;0.098275862
2025-08-03 11:00:00;0.0;48.0;47.886207;0.0;0.33;0.0;0.33;0.2162069
2025-08-03 12:00:00;0.0;101.99999999999999;101.88621;0.0;0.33;0.0;0.33;0.2162069
2025-08-03 13:00:00;0.0;132.0;131.88621;0.0;0.33;0.0;0.33;0.2162069
2025-08-03 14:00:00;0.0;107.0;107.0;0.0;0.0;0.0;0.0;0.0
2025-08-03 15:00:00;0.0;86.7;86.7;0.0;0.0;0.0;0.0;0.0
2025-08-03 16:00:00;0.0;101.0;101.0;0.0;0.0;0.0;0.0;0.0
2025-08-03 17:00:00;0.0;144.0;144.0;0.0;0.0;0.0;0.0;0.0
2025-08-03 18:00:00;0.0;92.3;92.3;0.0;0.0;0.0;0.0;0.0
2025-08-03 19:00:00;0.0;57.7;57.7;0.0;0.0;0.0;0.0;0.0
2025-08-03 20:00:00;0.0;49.5;49.375862;0.0;0.36;0.0;0.36;0.23586207
2025-08-03 21:00:00;0.0;29.199999999999996;29.075862;0.0;0.36;0.0;0.36;0.23586207
2025-08-03 22:00:00;0.0;5.38;5.2558621;0.0;0.36;0.0;0.36;0.23586207
2025-08-03 23:00:00;0.30862069;0.45;0.0;0.0;2.2;0.0;2.2;1.4413793
2025-08-04 00:00:00;0.75862069;0.0;0.0;0.0;2.2;0.0;2.2;1.4413793
2025-08-04 01:00:00;0.75862069;0.0;0.0;0.0;2.2;0.0;2.2;1.4413793
2025-08-04 02:00:00;0.85172414;0.0;0.0;0.0;2.47;0.0;2.47;1.6182759
2025-08-04 03:00:00;0.85172414;0.0;0.0;0.0;2.47;0.0;2.47;1.6182759
2025-08-04 04:00:00;0.85172414;0.0;0.0;0.0;2.47;0.0;2.47;1.6182759
2025-08-04 05:00:00;0.27931034;0.0;0.0;0.0;0.81;0.0;0.81;0.53068966
2025-08-04 06:00:00;0.27931034;0.0;0.0;0.0;0.81;0.0;0.81;0.53068966
2025-08-04 07:00:00;0.27931034;0.0;0.0;0.0;0.81;0.0;0.81;0.53068966
2025-08-04 08:00:00;0.0;0.8;0.79655172;0.0;0.01;0.0;0.01;0.0065517241
2025-08-04 09:00:00;0.0;3.8300000000000005;3.8265517;0.0;0.01;0.0;0.01;0.0065517241
2025-08-04 10:00:00;0.0;10.899999999999999;10.896552;0.0;0.01;0.0;0.01;0.0065517241
2025-08-04 11:00:00;0.0;17.9;17.872414;0.0;0.08;0.0;0.08;0.052413793
2025-08-04 12:00:00;0.0;59.199999999999996;59.172414;0.0;0.08;0.0;0.08;0.052413793
2025-08-04 13:00:00;0.0;78.1;78.072414;0.0;0.08;0.0;0.08;0.052413793
2025-08-04 14:00:00;0.0;129.0;128.66552;0.0;0.97;0.0;0.9700000000000001;0.63551724
2025-08-04 15:00:00;0.0;136.0;135.66552;0.0;0.97;0.0;0.9700000000000001;0.63551724
2025-08-04 16:00:00;0.0;131.0;130.66552;0.0;0.97;0.0;0.9700000000000001;0.63551724
2025-08-04 17:00:00;0.0;150.0;149.73103;0.0;0.78;0.0;0.78;0.51103448
2025-08-04 18:00:00;0.0;108.99999999999999;108.73103;0.0;0.78;0.0;0.78;0.51103448
2025-08-04 19:00:00;0.0;44.00000000000001;43.731034;0.0;0.78;0.0;0.78;0.51103448
2025-08-04 20:00:00;0.0;29.0;28.962069;0.0;0.11;0.0;0.10999999999999999;0.072068966
2025-08-04 21:00:00;0.0;16.1;16.062069;0.0;0.11;0.0;0.10999999999999999;0.072068966
2025-08-04 22:00:00;0.0;4.72;4.682069;0.0;0.11;0.0;0.10999999999999999;0.072068966
2025-08-04 23:00:00;0.0;1.5;1.4586207;0.0;0.12;0.0;0.12000000000000001;0.07862069
2025-08-05 00:00:00;0.04137931;0.0;0.0;0.0;0.12;0.0;0.12000000000000001;0.07862069
2025-08-05 01:00:00;0.04137931;0.0;0.0;0.0;0.12;0.0;0.12000000000000001;0.07862069
2025-08-05 02:00:00;0.020689655;0.0;0.0;0.0;0.06;0.0;0.060000000000000005;0.039310345
2025-08-05 03:00:00;0.020689655;0.0;0.0;0.0;0.06;0.0;0.060000000000000005;0.039310345
2025-08-05 04:00:00;0.020689655;0.0;0.0;0.0;0.06;0.0;0.060000000000000005;0.039310345
2025-08-05 05:00:00;2.3827586;0.0;0.0;0.0;6.91;0.0;6.909999999999999;4.5272414
2025-08-05 06:00:00;2.3827586;0.0;0.0;0.0;6.91;0.0;6.909999999999999;4.5272414
2025-08-05 07:00:00;2.3827586;0.0;0.0;0.0;6.91;0.0;6.909999999999999;4.5272414
2025-08-05 08:00:00;0.62413793;0.5;0.0;0.0;3.26;0.0;3.26;2.1358621
2025-08-05 09:00:00;0.0;6.05;4.9258621;0.0;3.26;0.0;3.26;2.1358621
2025-08-05 10:00:00;0.0;11.2;10.075862;0.0;3.26;0.0;3.26;2.1358621
2025-08-05 11:00:00;0.0;24.8;24.796552;0.0;0.01;0.0;0.01;0.0065517241
2025-08-05 12:00:00;0.0;84.7;84.696552;0.0;0.01;0.0;0.01;0.0065517241
2025-08-05 13:00:00;0.0;119.0;118.99655;0.0;0.01;0.0;0.01;0.0065517241
2025-08-05 14:00:00;0.0;129.0;128.87586;0.0;0.36;0.0;0.36;0.23586207
2025-08-05 15:00:00;0.0;146.0;145.87586;0.0;0.36;0.0;0.36;0.23586207
2025-08-05 16:00:00;0.0;106.0;105.87586;0.0;0.36;0.0;0.36;0.23586207
2025-08-05 17:00:00;0.0;101.99999999999999;101.82069;0.0;0.52;0.0;0.52;0.34068966
2025-08-05 18:00:00;0.0;104.00000000000001;103.82069;0.0;0.52;0.0;0.52;0.34068966
2025-08-05 19:00:00;0.0;66.2;66.02069;0.0;0.52;0.0;0.52;0.34068966
2025-08-05 20:00:00;0.0;50.5;49.903448;0.0;1.73;0.0;1.7299999999999998;1.1334483
2025-08-05 21:00:00;0.0;37.4;36.803448;0.0;1.73;0.0;1.7299999999999998;1.1334483
2025-08-05 22:00:00;0.0;11.1;10.503448;0.0;1.73;0.0;1.7299999999999998;1.1334483
2025-08-05 23:00:00;0.31137931;1.13;0.0;0.0;4.18;0.0;4.18;2.7386207
2025-08-06 00:00:00;1.4413793;0.0;0.0;0.0;4.18;0.0;4.18;2.7386207
2025-08-06 01:00:00;1.4413793;0.0;0.0;0.0;4.18;0.0;4.18;2.7386207
2025-08-06 02:00:00;1.6827586;0.0;0.0;0.0;4.88;0.0;4.88;3.1972414
2025-08-06 03:00:00;1.6827586;0.0;0.0;0.0;4.88;0.0;4.88;3.1972414
2025-08-06 04:00:00;1.6827586;0.0;0.0;0.0;4.88;0.0;4.88;3.1972414
2025-08-06 05:00:00;2.5;0.0;0.0;0.0;7.25;0.0;7.249999999999999;4.75
2025-08-06 06:00:00;2.5;0.0;0.0;0.0;7.25;0.0;7.249999999999999;4.75
2025-08-06 07:00:00;2.5;0.0;0.0;0.0;7.25;0.0;7.249999999999999;4.75
2025-08-06 08:00:00;0.0;1.7;1.2206897;0.0;1.39;0.0;1.39;0.91068966
2025-08-06 09:00:00;0.0;8.35;7.8706897;0.0;1.39;0.0;1.39;0.91068966
2025-08-06 10:00:00;0.0;23.5;23.02069;0.0;1.39;0.0;1.39;0.91068966
2025-08-06 11:00:00;0.0;56.5;56.355172;0.0;0.42;0.0;0.42;0.27517241
2025-08-06 12:00:00;0.0;94.60000000000001;94.455172;0.0;0.42;0.0;0.42;0.27517241
2025-08-06 13:00:00;0.0;113.0;112.85517;0.0;0.42;0.0;0.42;0.27517241
2025-08-06 14:00:00;0.0;135.0;134.9931;0.0;0.02;0.0;0.02;0.013103448
2025-08-06 15:00:00;0.0;141.0;140.9931;0.0;0.02;0.0;0.02;0.013103448
2025-08-06 16:00:00;0.0;127.00000000000001;126.9931;0.0;0.02;0.0;0.02;0.013103448
2025-08-06 17:00:00;0.0;139.0;138.97241;0.0;0.08;0.0;0.08;0.052413793
2025-08-06 18:00:00;0.0;92.59999999999998;92.572414;0.0;0.08;0.0;0.08;0.052413793
2025-08-06 19:00:00;0.0;110.0;109.97241;0.0;0.08;0.0;0.08;0.052413793
2025-08-06 20:00:00;0.0;74.6;74.334483;0.0;0.77;0.0;0.77;0.50448276
2025-08-06 21:00:00;0.0;33.7;33.434483;0.0;0.77;0.0;0.77;0.50448276
2025-08-06 22:00:00;0.0;7.48;7.2144828;0.0;0.77;0.0;0.77;0.50448276
2025-08-06 23:00:00;0.14137931;0.9;0.0;0.0;3.02;0.0;3.02;1.9786207
2025-08-07 00:00:00;1.0413793;0.0;0.0;0.0;3.02;0.0;3.02;1.9786207
2025-08-07 01:00:00;1.0413793;0.0;0.0;0.0;3.02;0.0;3.02;1.9786207
2025-08-07 02:00:00;1.0586207;0.0;0.0;0.0;3.07;0.0;3.07;2.0113793
2025-08-07 03:00:00;1.0586207;0.0;0.0;0.0;3.07;0.0;3.07;2.0113793
2025-08-07 04:00:00;1.0586207;0.0;0.0;0.0;3.07;0.0;3.07;2.0113793
2025-08-07 05:00:00;0.98275862;0.0;0.0;0.0;2.85;0.0;2.85;1.8672414
2025-08-07 06:00:00;0.98275862;0.0;0.0;0.0;2.85;0.0;2.85;1.8672414
2025-08-07 07:00:00;0.98275862;0.0;0.0;0.0;2.85;0.0;2.85;1.8672414
2025-08-07 08:00:00;0.0;0.65;0.64310345;0.0;0.02;0.0;0.02;0.013103448
2025-08-07 09:00:00;0.0;7.58;7.5731034;0.0;0.02;0.0;0.02;0.013103448
2025-08-07 10:00:00;0.0;26.7;26.693103;0.0;0.02;0.0;0.02;0.013103448
2025-08-07 11:00:00;0.0;49.2;48.962069;0.0;0.69;0.0;0.69;0.45206897
2025-08-07 12:00:00;0.0;79.5;79.262069;0.0;0.69;0.0;0.69;0.45206897
2025-08-07 13:00:00;0.0;130.0;129.76207;0.0;0.69;0.0;0.69;0.45206897
2025-08-07 14:00:00;0.0;149.0;148.74138;0.0;0.75;0.0;0.75;0.49137931
2025-08-07 15:00:00;0.0;158.0;157.74138;0.0;0.75;0.0;0.75;0.49137931
2025-08-07 16:00:00;0.25862069;0.0;0.0;0.0;0.75;0.0;0.75;0.49137931
2025-08-07 17:00:00;0.12413793;0.0;0.0;0.0;0.36;0.0;0.36;0.23586207
2025-08-07 18:00:00;0.12413793;0.0;0.0;0.0;0.36;0.0;0.36;0.23586207
2025-08-07 19:00:00;0.12413793;0.0;0.0;0.0;0.36;0.0;0.36;0.23586207
2025-08-07 20:00:00;0.020689655;0.0;0.0;0.0;0.06;0.0;0.060000000000000005;0.039310345
2025-08-07 21:00:00;0.020689655;0.0;0.0;0.0;0.06;0.0;0.060000000000000005;0.039310345
2025-08-07 22:00:00;0.020689655;0.0;0.0;0.0;0.06;0.0;0.060000000000000005;0.039310345
2025-08-07 23:00:00;0.0;0.0;0.0;0.0;0.0;0.0;0.0;0.0
2025-08-08 00:00:00;0.0;0.0;0.0;0.0;0.0;0.0;0.0;0.0
2025-08-08 01:00:00;0.0;0.0;0.0;0.0;0.0;0.0;0.0;0.0
2025-08-08 02:00:00;0.18275862;0.0;0.0;0.0;0.53;0.0;0.53;0.34724138
2025-08-08 03:00:00;0.18275862;0.0;0.0;0.0;0.53;0.0;0.53;0.34724138
2025-08-08 04:00:00;0.18275862;0.0;0.0;0.0;0.53;0.0;0.53;0.34724138
2025-08-08 05:00:00;0.15172414;0.0;0.0;0.0;0.44;0.0;0.43999999999999995;0.28827586
2025-08-08 06:00:00;0.15172414;0.0;0.0;0.0;0.44;0.0;0.43999999999999995;0.28827586
2025-08-08 07:00:00;0.15172414;0.0;0.0;0.0;0.44;0.0;0.43999999999999995;0.28827586
2025-08-08 08:00:00;0.0;1.2;0.88275862;0.0;0.92;0.0;0.9199999999999999;0.60275862
2025-08-08 09:00:00;0.0;6.78;6.4627586;0.0;0.92;0.0;0.9199999999999999;0.60275862
2025-08-08 10:00:00;0.0;18.5;18.182759;0.0;0.92;0.0;0.9199999999999999;0.60275862
2025-08-08 11:00:00;0.0;37.7;37.565517;0.0;0.39;0.0;0.39;0.25551724
2025-08-08 12:00:00;0.0;54.49999999999999;54.365517;0.0;0.39;0.0;0.39;0.25551724
2025-08-08 13:00:00;0.0;65.9;65.765517;0.0;0.39;0.0;0.39;0.25551724
2025-08-08 14:00:00;0.0;65.0;64.706897;0.0;0.85;0.0;0.85;0.55689655
2025-08-08 15:00:00;0.0;65.6;65.306897;0.0;0.85;0.0;0.85;0.55689655
2025-08-08 16:00:00;0.0;62.49999999999999;62.206897;0.0;0.85;0.0;0.85;0.55689655
2025-08-08 17:00:00;0.0;69.6;69.424138;0.0;0.51;0.0;0.51;0.33413793
2025-08-08 18:00:00;0.0;74.8;74.624138;0.0;0.51;0.0;0.51;0.33413793
2025-08-08 19:00:00;0.0;46.29999999999999;46.124138;0.0;0.51;0.0;0.51;0.33413793
2025-08-08 20:00:00;0.0;34.2;34.172414;0.0;0.08;0.0;0.08;0.052413793
2025-08-08 21:00:00;0.0;19.9;19.872414;0.0;0.08;0.0;0.08;0.052413793
2025-08-08 22:00:00;0.0;6.819999999999999;6.7924138;0.0;0.08;0.0;0.08;0.052413793
2025-08-08 23:00:00;0.0;0.9;0.84482759;0.0;0.16;0.0;0.16;0.10482759
2025-08-09 00:00:00;0.055172414;0.0;0.0;0.0;0.16;0.0;0.16;0.10482759
2025-08-09 01:00:00;0.055172414;0.0;0.0;0.0;0.16;0.0;0.16;0.10482759
2025-08-09 02:00:00;0.96551724;0.0;0.0;0.0;2.8;0.0;2.8;1.8344828
2025-08-09 03:00:00;0.96551724;0.0;0.0;0.0;2.8;0.0;2.8;1.8344828
2025-08-09 04:00:00;0.96551724;0.0;0.0;0.0;2.8;0.0;2.8;1.8344828
2025-08-09 05:00:00;2.1965517;0.0;0.0;0.0;6.37;0.0;6.37;4.1734483
2025-08-09 06:00:00;2.1965517;0.0;0.0;0.0;6.37;0.0;6.37;4.1734483
2025-08-09 07:00:00;2.1965517;0.0;0.0;0.0;6.37;0.0;6.37;4.1734483
2025-08-09 08:00:00;0.0;1.35;1.0706897;0.0;0.81;0.0;0.81;0.53068966
2025-08-09 09:00:00;0.0;9.2;8.9206897;0.0;0.81;0.0;0.81;0.53068966
2025-08-09 10:00:00;0.0;25.799999999999997;25.52069;0.0;0.81;0.0;0.81;0.53068966
2025-08-09 11:00:00;0.0;41.1;41.082759;0.0;0.05;0.0;0.05;0.032758621
2025-08-09 12:00:00;0.0;77.6;77.582759;0.0;0.05;0.0;0.05;0.032758621
2025-08-09 13:00:00;0.0;119.0;118.98276;0.0;0.05;0.0;0.05;0.032758621
2025-08-09 14:00:00;0.0;142.0;141.82069;0.0;0.52;0.0;0.52;0.34068966
2025-08-09 15:00:00;0.0;154.0;153.82069;0.0;0.52;0.0;0.52;0.34068966
2025-08-09 16:00:00;0.0;155.0;154.82069;0.0;0.52;0.0;0.52;0.34068966
2025-08-09 17:00:00;0.0;153.0;152.8;0.0;0.58;0.0;0.58;0.38
2025-08-09 18:00:00;0.0;139.0;138.8;0.0;0.58;0.0;0.58;0.38
2025-08-09 19:00:00;0.0;116.0;115.8;0.0;0.58;0.0;0.58;0.38
2025-08-09 20:00:00;0.0;81.0;80.962069;0.0;0.11;0.0;0.10999999999999999;0.072068966
2025-08-09 21:00:00;0.0;38.6;38.562069;0.0;0.11;0.0;0.10999999999999999;0.072068966
2025-08-09 22:00:00;0.0;7.3999999999999995;7.362069;0.0;0.11;0.0;0.10999999999999999;0.072068966
2025-08-09 23:00:00;0.0;0.55;0.043103448;0.0;1.47;0.0;1.47;0.96310345
2025-08-10 00:00:00;0.50689655;0.0;0.0;0.0;1.47;0.0;1.47;0.96310345
2025-08-10 01:00:00;0.50689655;0.0;0.0;0.0;1.47;0.0;1.47;0.96310345
2025-08-10 02:00:00;2.1310345;0.0;0.0;0.0;6.18;0.0;6.18;4.0489655
2025-08-10 03:00:00;2.1310345;0.0;0.0;0.0;6.18;0.0;6.18;4.0489655
2025-08-10 04:00:00;2.1310345;0.0;0.0;0.0;6.18;0.0;6.18;4.0489655
2025-08-10 05:00:00;3.1241379;0.0;0.0;0.0;9.06;0.0;9.06;5.9358621
2025-08-10 06:00:00;3.1241379;0.0;0.0;0.0;9.06;0.0;9.06;5.9358621
2025-08-10 07:00:00;3.1241379;0.0;0.0;0.0;9.06;0.0;9.06;5.9358621
2025-08-10 08:00:00;0.0;1.4;1.0655172;0.0;0.97;0.0;0.9700000000000001;0.63551724
2025-08-10 09:00:00;0.0;6.43;6.0955172;0.0;0.97;0.0;0.9700000000000001;0.63551724
2025-08-10 10:00:00;0.0;20.5;20.165517;0.0;0.97;0.0;0.9700000000000001;0.63551724
2025-08-10 11:00:00;0.0;56.4;56.4;0.0;0.0;0.0;0.0;0.0
2025-08-10 12:00:00;0.0;96.8;96.8;0.0;0.0;0.0;0.0;0.0
2025-08-10 13:00:00;0.0;126.0;126.0;0.0;0.0;0.0;0.0;0.0
2025-08-10 14:00:00;0.0;146.0;145.87586;0.0;0.36;0.0;0.36;0.23586207
2025-08-10 15:00:00;0.0;155.0;154.87586;0.0;0.36;0.0;0.36;0.23586207
2025-08-10 16:00:00;0.0;161.0;160.87586;0.0;0.36;0.0;0.36;0.23586207
2025-08-10 17:00:00;0.0;153.0;152.96207;0.0;0.11;0.0;0.10999999999999999;0.072068966
2025-08-10 18:00:00;0.0;137.0;136.96207;0.0;0.11;0.0;0.10999999999999999;0.072068966
2025-08-10 19:00:00;0.0;113.0;112.96207;0.0;0.11;0.0;0.10999999999999999;0.072068966
2025-08-10 20:00:00;0.0;76.3;76.237931;0.0;0.18;0.0;0.18;0.11793103
2025-08-10 21:00:00;0.0;35.5;35.437931;0.0;0.18;0.0;0.18;0.11793103
2025-08-10 22:00:00;0.0;7.25;7.187931;0.0;0.18;0.0;0.18;0.11793103
2025-08-10 23:00:00;0.0;1.0;0.61034483;0.0;1.13;0.0;1.13;0.74034483
2025-08-11 00:00:00;0.38965517;0.0;0.0;0.0;1.13;0.0;1.13;0.74034483
2025-08-11 01:00:00;0.38965517;0.0;0.0;0.0;1.13;0.0;1.13;0.74034483
2025-08-11 02:00:00;1.2724138;0.0;0.0;0.0;3.69;0.0;3.6900000000000004;2.4175862
2025-08-11 03:00:00;1.2724138;0.0;0.0;0.0;3.69;0.0;3.6900000000000004;2.4175862
2025-08-11 04:00:00;1.2724138;0.0;0.0;0.0;3.69;0.0;3.6900000000000004;2.4175862
2025-08-11 05:00:00;2.2655172;0.0;0.0;0.0;6.57;0.0;6.57;4.3044828
2025-08-11 06:00:00;2.2655172;0.0;0.0;0.0;6.57;0.0;6.57;4.3044828
2025-08-11 07:00:00;2.2655172;0.0;0.0;0.0;6.57;0.0;6.57;4.3044828
2025-08-11 08:00:00;0.0;1.3;1.2931034;0.0;0.02;0.0;0.02;0.013103448
2025-08-11 09:00:00;0.0;5.68;5.6731034;0.0;0.02;0.0;0.02;0.013103448
2025-08-11 10:00:00;0.0;19.1;19.093103;0.0;0.02;0.0;0.02;0.013103448
2025-08-11 11:00:00;0.0;56.3;56.241379;0.0;0.17;0.0;0.17;0.11137931
2025-08-11 12:00:00;0.0;99.0;98.941379;0.0;0.17;0.0;0.17;0.11137931
2025-08-11 13:00:00;0.0;128.0;127.94138;0.0;0.17;0.0;0.17;0.11137931
2025-08-11 14:00:00;0.0;147.0;146.91379;0.0;0.25;0.0;0.25;0.1637931
2025-08-11 15:00:00;0.0;158.0;157.91379;0.0;0.25;0.0;0.25;0.1637931
2025-08-11 16:00:00;0.0;159.0;158.91379;0.0;0.25;0.0;0.25;0.1637931
2025-08-11 17:00:00;0.0;152.0;151.90345;0.0;0.28;0.0;0.28;0.18344828
2025-08-11 18:00:00;0.0;137.0;136.90345;0.0;0.28;0.0;0.28;0.18344828
2025-08-11 19:00:00;0.0;113.0;112.90345;0.0;0.28;0.0;0.28;0.18344828
2025-08-11 20:00:00;0.0;77.2;77.162069;0.0;0.11;0.0;0.10999999999999999;0.072068966
2025-08-11 21:00:00;0.0;36.2;36.162069;0.0;0.11;0.0;0.10999999999999999;0.072068966
2025-08-11 22:00:00;0.0;6.55;6.512069;0.0;0.11;0.0;0.10999999999999999;0.072068966
2025-08-11 23:00:00;0.0;0.7000000000000002;0.66551724;0.0;0.1;0.0;0.1;0.065517241
2025-08-12 00:00:00;0.034482759;0.0;0.0;0.0;0.1;0.0;0.1;0.065517241
2025-08-12 01:00:00;0.034482759;0.0;0.0;0.0;0.1;0.0;0.1;0.065517241
2025-08-12 02:00:00;0.46206897;0.0;0.0;0.0;1.34;0.0;1.34;0.87793103
2025-08-12 03:00:00;0.46206897;0.0;0.0;0.0;1.34;0.0;1.34;0.87793103
2025-08-12 04:00:00;0.46206897;0.0;0.0;0.0;1.34;0.0;1.34;0.87793103
2025-08-12 05:00:00;1.2275862;0.0;0.0;0.0;3.56;0.0;3.5599999999999996;2.3324138
2025-08-12 06:00:00;1.2275862;0.0;0.0;0.0;3.56;0.0;3.5599999999999996;2.3324138
2025-08-12 07:00:00;1.2275862;0.0;0.0;0.0;3.56;0.0;3.5599999999999996;2.3324138
2025-08-12 08:00:00;0.0;1.35;1.1155172;0.0;0.68;0.0;0.68;0.44551724
2025-08-12 09:00:00;0.0;7.15;6.9155172;0.0;0.68;0.0;0.68;0.44551724
2025-08-12 10:00:00;0.0;21.3;21.065517;0.0;0.68;0.0;0.68;0.44551724
2025-08-12 11:00:00;0.0;51.8;51.444828;0.0;1.03;0.0;1.03;0.67482759
2025-08-12 12:00:00;0.0;90.40000000000002;90.044828;0.0;1.03;0.0;1.03;0.67482759
2025-08-12 13:00:00;0.0;119.0;118.64483;0.0;1.03;0.0;1.03;0.67482759
2025-08-12 14:00:00;0.0;94.8;94.62069;0.0;0.52;0.0;0.52;0.34068966
2025-08-12 15:00:00;0.0;148.0;147.82069;0.0;0.52;0.0;0.52;0.34068966
2025-08-12 16:00:00;0.0;149.0;148.82069;0.0;0.52;0.0;0.52;0.34068966
2025-08-12 17:00:00;0.0;141.0;140.91379;0.0;0.25;0.0;0.25;0.1637931
2025-08-12 18:00:00;0.0;124.99999999999999;124.91379;0.0;0.25;0.0;0.25;0.1637931
2025-08-12 19:00:00;0.0;101.99999999999999;101.91379;0.0;0.25;0.0;0.25;0.1637931
2025-08-12 20:00:00;0.0;67.5;67.317241;0.0;0.53;0.0;0.53;0.34724138
2025-08-12 21:00:00;0.0;30.100000000000005;29.917241;0.0;0.53;0.0;0.53;0.34724138
2025-08-12 22:00:00;0.0;6.299999999999999;6.1172414;0.0;0.53;0.0;0.53;0.34724138
2025-08-12 23:00:00;0.0;0.3;0.2137931;0.0;0.25;0.0;0.25;0.1637931
2025-08-13 00:00:00;0.086206897;0.0;0.0;0.0;0.25;0.0;0.25;0.1637931
2025-08-13 01:00:00;0.086206897;0.0;0.0;0.0;0.25;0.0;0.25;0.1637931
2025-08-13 02:00:00;0.36551724;0.0;0.0;0.0;1.06;0.0;1.06;0.69448276
2025-08-13 03:00:00;0.36551724;0.0;0.0;0.0;1.06;0.0;1.06;0.69448276
2025-08-13 04:00:00;0.36551724;0.0;0.0;0.0;1.06;0.0;1.06;0.69448276
2025-08-13 05:00:00;0.044827586;0.0;0.0;0.0;0.13;0.0;0.13;0.085172414
2025-08-13 06:00:00;0.044827586;0.0;0.0;0.0;0.13;0.0;0.13;0.085172414
2025-08-13 07:00:00;0.044827586;0.0;0.0;0.0;0.13;0.0;0.13;0.085172414
2025-08-13 08:00:00;0.0;0.9;0.57586207;0.0;0.94;0.0;0.94;0.61586207
2025-08-13 09:00:00;0.0;6.230000000000001;5.9058621;0.0;0.94;0.0;0.94;0.61586207
2025-08-13 10:00:00;0.0;19.9;19.575862;0.0;0.94;0.0;0.94;0.61586207
2025-08-13 11:00:00;0.0;51.1;50.351724;0.0;2.17;0.0;2.17;1.4217241
2025-08-13 12:00:00;0.0;89.0;88.251724;0.0;2.17;0.0;2.17;1.4217241
2025-08-13 13:00:00;0.0;117.0;116.25172;0.0;2.17;0.0;2.17;1.4217241
2025-08-13 14:00:00;0.0;134.0;133.82759;0.0;0.5;0.0;0.5;0.32758621
2025-08-13 15:00:00;0.0;143.0;142.82759;0.0;0.5;0.0;0.5;0.32758621
2025-08-13 16:00:00;0.0;144.0;143.82759;0.0;0.5;0.0;0.5;0.32758621
2025-08-13 17:00:00;0.0;137.0;136.88621;0.0;0.33;0.0;0.33;0.2162069
2025-08-13 18:00:00;0.0;124.0;123.88621;0.0;0.33;0.0;0.33;0.2162069
2025-08-13 19:00:00;0.0;98.9;98.786207;0.0;0.33;0.0;0.33;0.2162069
2025-08-13 20:00:00;0.0;60.00000000000001;59.844828;0.0;0.45;0.0;0.44999999999999996;0.29482759
2025-08-13 21:00:00;0.0;11.8;11.644828;0.0;0.45;0.0;0.44999999999999996;0.29482759
2025-08-13 22:00:00;0.0;6.819999999999999;6.6648276;0.0;0.45;0.0;0.44999999999999996;0.29482759
2025-08-13 23:00:00;0.0;0.2;0.055172414;0.0;0.42;0.0;0.42;0.27517241
2025-08-14 00:00:00;0.14482759;0.0;0.0;0.0;0.42;0.0;0.42;0.27517241
2025-08-14 01:00:00;0.14482759;0.0;0.0;0.0;0.42;0.0;0.42;0.27517241
2025-08-14 02:00:00;0.075862069;0.0;0.0;0.0;0.22;0.0;0.21999999999999997;0.14413793
2025-08-14 03:00:00;0.075862069;0.0;0.0;0.0;0.22;0.0;0.21999999999999997;0.14413793
2025-08-14 04:00:00;0.075862069;0.0;0.0;0.0;0.22;0.0;0.21999999999999997;0.14413793
2025-08-14 05:00:00;0.14137931;0.0;0.0;0.0;0.41;0.0;0.41;0.26862069
2025-08-14 06:00:00;0.14137931;0.0;0.0;0.0;0.41;0.0;0.41;0.26862069
2025-08-14 07:00:00;0.14137931;0.0;0.0;0.0;0.41;0.0;0.41;0.26862069
2025-08-14 08:00:00;0.0;0.9;0.71724138;0.0;0.53;0.0;0.53;0.34724138
2025-08-14 09:00:00;0.0;9.5;9.3172414;0.0;0.53;0.0;0.53;0.34724138
2025-08-14 10:00:00;0.0;25.0;24.817241;0.0;0.53;0.0;0.53;0.34724138
2025-08-14 11:00:00;0.0;22.000000000000004;20.82069;0.0;3.42;0.0;3.42;2.2406897
2025-08-14 12:00:00;0.0;60.7;59.52069;0.0;3.42;0.0;3.42;2.2406897
2025-08-14 13:00:00;0.0;113.0;111.82069;0.0;3.42;0.0;3.42;2.2406897
2025-08-14 14:00:00;0.0;133.0;132.8;0.0;0.58;0.0;0.58;0.38
2025-08-14 15:00:00;0.0;117.0;116.8;0.0;0.58;0.0;0.58;0.38
2025-08-14 16:00:00;0.0;58.6;58.4;0.0;0.58;0.0;0.58;0.38
2025-08-14 17:00:00;0.0;99.2;99.086207;0.0;0.33;0.0;0.33;0.2162069
2025-08-14 18:00:00;0.0;55.699999999999996;55.586207;0.0;0.33;0.0;0.33;0.2162069
2025-08-14 19:00:00;0.0;73.7;73.586207;0.0;0.33;0.0;0.33;0.2162069
2025-08-14 20:00:00;0.0;61.6;61.372414;0.0;0.66;0.0;0.66;0.43241379
2025-08-14 21:00:00;0.0;25.700000000000003;25.472414;0.0;0.66;0.0;0.66;0.43241379
2025-08-14 22:00:00;0.0;6.07;5.8424138;0.0;0.66;0.0;0.66;0.43241379
2025-08-14 23:00:00;0.0;0.5;0.36896552;0.0;0.38;0.0;0.38;0.24896552
2025-08-15 00:00:00;0.13103448;0.0;0.0;0.0;0.38;0.0;0.38;0.24896552
2025-08-15 01:00:00;0.13103448;0.0;0.0;0.0;0.38;0.0;0.38;0.24896552
2025-08-15 02:00:00;0.39655172;0.0;0.0;0.0;1.15;0.0;1.15;0.75344828
2025-08-15 03:00:00;0.39655172;0.0;0.0;0.0;1.15;0.0;1.15;0.75344828
2025-08-15 04:00:00;0.39655172;0.0;0.0;0.0;1.15;0.0;1.15;0.75344828
2025-08-15 05:00:00;0.096551724;0.0;0.0;0.0;0.28;0.0;0.28;0.18344828
2025-08-15 06:00:00;0.096551724;0.0;0.0;0.0;0.28;0.0;0.28;0.18344828
2025-08-15 07:00:00;0.096551724;0.0;0.0;0.0;0.28;0.0;0.28;0.18344828
2025-08-15 08:00:00;0.0;1.2;1.0655172;0.0;0.39;0.0;0.39;0.25551724
2025-08-15 09:00:00;0.0;6.75;6.6155172;0.0;0.39;0.0;0.39;0.25551724
2025-08-15 10:00:00;0.0;21.2;21.065517;0.0;0.39;0.0;0.39;0.25551724
2025-08-15 11:00:00;0.0;48.9;48.655172;0.0;0.71;0.0;0.71;0.46517241
2025-08-15 12:00:00;0.0;85.1;84.855172;0.0;0.71;0.0;0.71;0.46517241
2025-08-15 13:00:00;0.0;116.0;115.75517;0.0;0.71;0.0;0.71;0.46517241
2025-08-15 14:00:00;0.0;129.0;128.69655;0.0;0.88;0.0;0.8799999999999999;0.57655172
2025-08-15 15:00:00;0.0;147.0;146.69655;0.0;0.88;0.0;0.8799999999999999;0.57655172
2025-08-15 16:00:00;0.0;150.0;149.69655;0.0;0.88;0.0;0.8799999999999999;0.57655172
2025-08-15 17:00:00;0.0;137.0;136.51379;0.0;1.41;0.0;1.41;0.9237931
2025-08-15 18:00:00;0.0;133.0;132.51379;0.0;1.41;0.0;1.41;0.9237931
2025-08-15 19:00:00;0.0;112.0;111.51379;0.0;1.41;0.0;1.41;0.9237931
2025-08-15 20:00:00;0.0;72.3;72.172414;0.0;0.37;0.0;0.37;0.24241379
2025-08-15 21:00:00;0.0;24.2;24.072414;0.0;0.37;0.0;0.37;0.24241379
2025-08-15 22:00:00;0.0;4.93;4.8024138;0.0;0.37;0.0;0.37;0.24241379
2025-08-15 23:00:00;0.0;0.2;0.10344828;0.0;0.28;0.0;0.28;0.18344828
2025-08-16 00:00:00;0.096551724;0.0;0.0;0.0;0.28;0.0;0.28;0.18344828
2025-08-16 01:00:00;0.096551724;0.0;0.0;0.0;0.28;0.0;0.28;0.18344828
2025-08-16 02:00:00;0.14827586;0.0;0.0;0.0;0.43;0.0;0.42999999999999994;0.28172414
2025-08-16 03:00:00;0.14827586;0.0;0.0;0.0;0.43;0.0;0.42999999999999994;0.28172414
2025-08-16 04:00:00;0.14827586;0.0;0.0;0.0;0.43;0.0;0.42999999999999994;0.28172414
2025-08-16 05:00:00;0.04137931;0.0;0.0;0.0;0.12;0.0;0.12000000000000001;0.07862069
2025-08-16 06:00:00;0.04137931;0.0;0.0;0.0;0.12;0.0;0.12000000000000001;0.07862069
2025-08-16 07:00:00;0.04137931;0.0;0.0;0.0;0.12;0.0;0.12000000000000001;0.07862069
2025-08-16 08:00:00;0.0068965517;0.0;0.0;0.0;0.02;0.0;0.02;0.013103448
2025-08-16 09:00:00;0.0;4.1;4.0931034;0.0;0.02;0.0;0.02;0.013103448
2025-08-16 10:00:00;0.0;15.5;15.493103;0.0;0.02;0.0;0.02;0.013103448
2025-08-16 11:00:00;0.0;16.1;15.741379;0.0;1.04;0.0;1.04;0.68137931
2025-08-16 12:00:00;0.0;25.1;24.741379;0.0;1.04;0.0;1.04;0.68137931
2025-08-16 13:00:00;0.0;27.4;27.041379;0.0;1.04;0.0;1.04;0.68137931
2025-08-16 14:00:00;0.0;30.2;30.055172;0.0;0.42;0.0;0.42;0.27517241
2025-08-16 15:00:00;0.0;33.0;32.855172;0.0;0.42;0.0;0.42;0.27517241
2025-08-16 16:00:00;0.0;27.1;26.955172;0.0;0.42;0.0;0.42;0.27517241
2025-08-16 17:00:00;0.0;28.8;28.675862;0.0;0.36;0.0;0.36;0.23586207
2025-08-16 18:00:00;0.0;31.9;31.775862;0.0;0.36;0.0;0.36;0.23586207
2025-08-16 19:00:00;0.0;16.2;16.075862;0.0;0.36;0.0;0.36;0.23586207
2025-08-16 20:00:00;0.0;12.700000000000001;12.568966;0.0;0.38;0.0;0.38;0.24896552
2025-08-16 21:00:00;0.0;6.3500000000000005;6.2189655;0.0;0.38;0.0;0.38;0.24896552
2025-08-16 22:00:00;0.0;1.42;1.2889655;0.0;0.38;0.0;0.38;0.24896552
2025-08-16 23:00:00;1.0689655;0.0;0.0;0.0;3.1;0.0;3.1;2.0310345
2025-08-17 00:00:00;1.0689655;0.0;0.0;0.0;3.1;0.0;3.1;2.0310345
2025-08-17 01:00:00;1.0689655;0.0;0.0;0.0;3.1;0.0;3.1;2.0310345
2025-08-17 02:00:00;4.7310345;0.0;0.0;0.0;13.72;0.0;13.72;8.9889655
2025-08-17 03:00:00;4.7310345;0.0;0.0;0.0;13.72;0.0;13.72;8.9889655
2025-08-17 04:00:00;4.7310345;0.0;0.0;0.0;13.72;0.0;13.72;8.9889655
2025-08-17 05:00:00;4.3103448;0.0;0.0;0.0;12.5;0.0;12.5;8.1896552
2025-08-17 06:00:00;4.3103448;0.0;0.0;0.0;12.5;0.0;12.5;8.1896552
2025-08-17 07:00:00;4.3103448;0.0;0.0;0.0;12.5;0.0;12.5;8.1896552
2025-08-17 08:00:00;0.0;1.1;0.34137931;0.0;2.2;0.0;2.2;1.4413793
2025-08-17 09:00:00;0.0;4.93;4.1713793;0.0;2.2;0.0;2.2;1.4413793
2025-08-17 10:00:00;0.0;18.8;18.041379;0.0;2.2;0.0;2.2;1.4413793
2025-08-17 11:00:00;0.0;55.300000000000004;54.831034;0.0;1.36;0.0;1.36;0.89103448
2025-08-17 12:00:00;0.0;86.8;86.331034;0.0;1.36;0.0;1.36;0.89103448
2025-08-17 13:00:00;0.0;124.99999999999999;124.53103;0.0;1.36;0.0;1.36;0.89103448
2025-08-17 14:00:00;0.0;108.0;107.97241;0.0;0.08;0.0;0.08;0.052413793
2025-08-17 15:00:00;0.0;117.0;116.97241;0.0;0.08;0.0;0.08;0.052413793
2025-08-17 16:00:00;0.0;96.7;96.672414;0.0;0.08;0.0;0.08;0.052413793
2025-08-17 17:00:00;0.0;85.6;85.417241;0.0;0.53;0.0;0.53;0.34724138
2025-08-17 18:00:00;0.0;77.6;77.417241;0.0;0.53;0.0;0.53;0.34724138
2025-08-17 19:00:00;0.0;38.1;37.917241;0.0;0.53;0.0;0.53;0.34724138
2025-08-17 20:00:00;0.0;17.9;17.87931;0.0;0.06;0.0;0.060000000000000005;0.039310345
2025-08-17 21:00:00;0.0;9.35;9.3293103;0.0;0.06;0.0;0.060000000000000005;0.039310345
2025-08-17 22:00:00;0.0;2.35;2.3293103;0.0;0.06;0.0;0.060000000000000005;0.039310345
2025-08-17 23:00:00;0.14137931;0.0;0.0;0.0;0.41;0.0;0.41;0.26862069
2025-08-18 00:00:00;0.14137931;0.0;0.0;0.0;0.41;0.0;0.41;0.26862069
2025-08-18 01:00:00;0.14137931;0.0;0.0;0.0;0.41;0.0;0.41;0.26862069
2025-08-18 02:00:00;0.74482759;0.0;0.0;0.0;2.16;0.0;2.16;1.4151724
2025-08-18 03:00:00;0.74482759;0.0;0.0;0.0;2.16;0.0;2.16;1.4151724
2025-08-18 04:00:00;0.74482759;0.0;0.0;0.0;2.16;0.0;2.16;1.4151724
2025-08-18 05:00:00;2.0758621;0.0;0.0;0.0;6.02;0.0;6.02;3.9441379
2025-08-18 06:00:00;2.0758621;0.0;0.0;0.0;6.02;0.0;6.02;3.9441379
2025-08-18 07:00:00;2.0758621;0.0;0.0;0.0;6.02;0.0;6.02;3.9441379
2025-08-18 08:00:00;0.0;0.9;0.72413793;0.0;0.51;0.0;0.51;0.33413793
2025-08-18 09:00:00;0.0;4.25;4.0741379;0.0;0.51;0.0;0.51;0.33413793
2025-08-18 10:00:00;0.0;17.0;16.824138;0.0;0.51;0.0;0.51;0.33413793
2025-08-18 11:00:00;0.0;53.3;53.241379;0.0;0.17;0.0;0.17;0.11137931
2025-08-18 12:00:00;0.0;92.59999999999998;92.541379;0.0;0.17;0.0;0.17;0.11137931
2025-08-18 13:00:00;0.0;87.3;87.241379;0.0;0.17;0.0;0.17;0.11137931
2025-08-18 14:00:00;0.0;133.0;132.53103;0.0;1.36;0.0;1.36;0.89103448
2025-08-18 15:00:00;0.0;153.0;152.53103;0.0;1.36;0.0;1.36;0.89103448
2025-08-18 16:00:00;0.0;157.0;156.53103;0.0;1.36;0.0;1.36;0.89103448
2025-08-18 17:00:00;0.0;150.0;149.8;0.0;0.58;0.0;0.58;0.38
2025-08-18 18:00:00;0.0;134.0;133.8;0.0;0.58;0.0;0.58;0.38
2025-08-18 19:00:00;0.0;108.0;107.8;0.0;0.58;0.0;0.58;0.38
2025-08-18 20:00:00;0.0;71.3;71.110345;0.0;0.55;0.0;0.55;0.36034483
2025-08-18 21:00:00;0.0;29.9;29.710345;0.0;0.55;0.0;0.55;0.36034483
2025-08-18 22:00:00;0.0;4.38;4.1903448;0.0;0.55;0.0;0.55;0.36034483
2025-08-18 23:00:00;0.22758621;0.1;0.0;0.0;0.95;0.0;0.95;0.62241379
2025-08-19 00:00:00;0.32758621;0.0;0.0;0.0;0.95;0.0;0.95;0.62241379
2025-08-19 01:00:00;0.32758621;0.0;0.0;0.0;0.95;0.0;0.95;0.62241379
2025-08-19 02:00:00;1.5103448;0.0;0.0;0.0;4.38;0.0;4.38;2.8696552
2025-08-19 03:00:00;1.5103448;0.0;0.0;0.0;4.38;0.0;4.38;2.8696552
2025-08-19 04:00:00;1.5103448;0.0;0.0;0.0;4.38;0.0;4.38;2.8696552
2025-08-19 05:00:00;3.2068966;0.0;0.0;0.0;9.3;0.0;9.3;6.0931034
2025-08-19 06:00:00;3.2068966;0.0;0.0;0.0;9.3;0.0;9.3;6.0931034
2025-08-19 07:00:00;3.2068966;0.0;0.0;0.0;9.3;0.0;9.3;6.0931034
2025-08-19 08:00:00;0.0;0.7000000000000002;0.42413793;0.0;0.8;0.0;0.8;0.52413793
2025-08-19 09:00:00;0.0;4.15;3.8741379;0.0;0.8;0.0;0.8;0.52413793
2025-08-19 10:00:00;0.0;16.3;16.024138;0.0;0.8;0.0;0.8;0.52413793
2025-08-19 11:00:00;0.0;52.4;52.103448;0.0;0.86;0.0;0.8599999999999999;0.56344828
2025-08-19 12:00:00;0.0;92.99999999999999;92.703448;0.0;0.86;0.0;0.8599999999999999;0.56344828
2025-08-19 13:00:00;0.0;123.0;122.70345;0.0;0.86;0.0;0.8599999999999999;0.56344828
2025-08-19 14:00:00;0.0;144.0;143.90345;0.0;0.28;0.0;0.28;0.18344828
2025-08-19 15:00:00;0.0;153.0;152.90345;0.0;0.28;0.0;0.28;0.18344828
2025-08-19 16:00:00;0.0;145.0;144.90345;0.0;0.28;0.0;0.28;0.18344828
2025-08-19 17:00:00;0.0;134.0;133.69655;0.0;0.88;0.0;0.8799999999999999;0.57655172
2025-08-19 18:00:00;0.0;126.0;125.69655;0.0;0.88;0.0;0.8799999999999999;0.57655172
2025-08-19 19:00:00;0.0;105.0;104.69655;0.0;0.88;0.0;0.8799999999999999;0.57655172
2025-08-19 20:00:00;0.0;61.5;61.234483;0.0;0.77;0.0;0.77;0.50448276
2025-08-19 21:00:00;0.0;25.3;25.034483;0.0;0.77;0.0;0.77;0.50448276
2025-08-19 22:00:00;0.0;5.449999999999999;5.1844828;0.0;0.77;0.0;0.77;0.50448276
2025-08-19 23:00:00;0.33103448;0.0;0.0;0.0;0.96;0.0;0.9600000000000001;0.62896552
2025-08-20 00:00:00;0.33103448;0.0;0.0;0.0;0.96;0.0;0.9600000000000001;0.62896552
2025-08-20 01:00:00;0.33103448;0.0;0.0;0.0;0.96;0.0;0.9600000000000001;0.62896552
2025-08-20 02:00:00;0.37931034;0.0;0.0;0.0;1.1;0.0;1.1;0.72068966
2025-08-20 03:00:00;0.37931034;0.0;0.0;0.0;1.1;0.0;1.1;0.72068966
2025-08-20 04:00:00;0.37931034;0.0;0.0;0.0;1.1;0.0;1.1;0.72068966
2025-08-20 05:00:00;2.1172414;0.0;0.0;0.0;6.14;0.0;6.14;4.0227586
2025-08-20 06:00:00;2.1172414;0.0;0.0;0.0;6.14;0.0;6.14;4.0227586
2025-08-20 07:00:00;2.1172414;0.0;0.0;0.0;6.14;0.0;6.14;4.0227586
2025-08-20 08:00:00;1.037931;0.2;0.0;0.0;3.59;0.0;3.5900000000000003;2.352069
2025-08-20 09:00:00;0.0;2.7500000000000004;1.512069;0.0;3.59;0.0;3.5900000000000003;2.352069
2025-08-20 10:00:00;0.0;9.03;7.792069;0.0;3.59;0.0;3.5900000000000003;2.352069
2025-08-20 11:00:00;0.0;19.0;18.8;0.0;0.58;0.0;0.58;0.38
2025-08-20 12:00:00;0.0;50.3;50.1;0.0;0.58;0.0;0.58;0.38
2025-08-20 13:00:00;0.0;103.0;102.8;0.0;0.58;0.0;0.58;0.38
2025-08-20 14:00:00;0.0;138.0;137.78276;0.0;0.63;0.0;0.63;0.41275862
2025-08-20 15:00:00;0.0;150.0;149.78276;0.0;0.63;0.0;0.63;0.41275862
2025-08-20 16:00:00;0.0;151.0;150.78276;0.0;0.63;0.0;0.63;0.41275862
2025-08-20 17:00:00;0.0;145.0;144.86897;0.0;0.38;0.0;0.38;0.24896552
2025-08-20 18:00:00;0.0;119.0;118.86897;0.0;0.38;0.0;0.38;0.24896552
2025-08-20 19:00:00;0.0;69.7;69.568966;0.0;0.38;0.0;0.38;0.24896552
2025-08-20 20:00:00;0.0;49.0;48.951724;0.0;0.14;0.0;0.14;0.091724138
2025-08-20 21:00:00;0.0;24.899999999999995;24.851724;0.0;0.14;0.0;0.14;0.091724138
2025-08-20 22:00:00;0.0;4.13;4.0817241;0.0;0.14;0.0;0.14;0.091724138
2025-08-20 23:00:00;0.55862069;0.0;0.0;0.0;1.62;0.0;1.62;1.0613793
2025-08-21 00:00:00;0.55862069;0.0;0.0;0.0;1.62;0.0;1.62;1.0613793
2025-08-21 01:00:00;0.55862069;0.0;0.0;0.0;1.62;0.0;1.62;1.0613793
2025-08-21 02:00:00;1.6241379;0.0;0.0;0.0;4.71;0.0;4.71;3.0858621
2025-08-21 03:00:00;1.6241379;0.0;0.0;0.0;4.71;0.0;4.71;3.0858621
2025-08-21 04:00:00;1.6241379;0.0;0.0;0.0;4.71;0.0;4.71;3.0858621
2025-08-21 05:00:00;3.1310345;0.0;0.0;0.0;9.08;0.0;9.08;5.9489655
2025-08-21 06:00:00;3.1310345;0.0;0.0;0.0;9.08;0.0;9.08;5.9489655
2025-08-21 07:00:00;3.1310345;0.0;0.0;0.0;9.08;0.0;9.08;5.9489655
2025-08-21 08:00:00;0.65517241;0.2;0.0;0.0;2.48;0.0;2.48;1.6248276
2025-08-21 09:00:00;0.0;5.85;4.9948276;0.0;2.48;0.0;2.48;1.6248276
2025-08-21 10:00:00;0.0;19.5;18.644828;0.0;2.48;0.0;2.48;1.6248276
2025-08-21 11:00:00;0.0;47.099999999999994;46.975862;0.0;0.36;0.0;0.36;0.23586207
2025-08-21 12:00:00;0.0;77.4;77.275862;0.0;0.36;0.0;0.36;0.23586207
2025-08-21 13:00:00;0.0;117.99999999999999;117.87586;0.0;0.36;0.0;0.36;0.23586207
2025-08-21 14:00:00;0.0;154.0;153.93793;0.0;0.18;0.0;0.18;0.11793103
2025-08-21 15:00:00;0.0;117.99999999999999;117.93793;0.0;0.18;0.0;0.18;0.11793103
2025-08-21 16:00:00;0.0;103.0;102.93793;0.0;0.18;0.0;0.18;0.11793103
2025-08-21 17:00:00;0.0;110.0;109.93103;0.0;0.2;0.0;0.2;0.13103448
2025-08-21 18:00:00;0.0;100.0;99.931034;0.0;0.2;0.0;0.2;0.13103448
2025-08-21 19:00:00;0.0;98.1;98.031034;0.0;0.2;0.0;0.2;0.13103448
2025-08-21 20:00:00;0.0;62.29999999999999;62.1;0.0;0.58;0.0;0.58;0.38
2025-08-21 21:00:00;0.0;15.6;15.4;0.0;0.58;0.0;0.58;0.38
2025-08-21 22:00:00;0.0;3.48;3.28;0.0;0.58;0.0;0.58;0.38
2025-08-21 23:00:00;1.5310345;0.0;0.0;0.0;4.44;0.0;4.44;2.9089655
2025-08-22 00:00:00;1.5310345;0.0;0.0;0.0;4.44;0.0;4.44;2.9089655
2025-08-22 01:00:00;1.5310345;0.0;0.0;0.0;4.44;0.0;4.44;2.9089655
2025-08-22 02:00:00;3.3137931;0.0;0.0;0.0;9.61;0.0;9.61;6.2962069
2025-08-22 03:00:00;3.3285049;0.0;0.0;0.0;9.61;0.0;9.61;6.2814951
2025-08-22 04:00:00;3.3616527;0.0;0.0;0.0;9.61;0.0;9.61;6.2483473
2025-08-22 05:00:00;2.2310345;0.0;0.0;0.0;6.47;0.0;6.47;4.2389655
2025-08-22 06:00:00;2.2310345;0.0;0.0;0.0;6.47;0.0;6.47;4.2389655
2025-08-22 07:00:00;2.2310345;0.0;0.0;0.0;6.47;0.0;6.47;4.2389655
2025-08-22 08:00:00;0.67586207;0.2;0.0;0.0;2.54;0.0;2.54;1.6641379
2025-08-22 09:00:00;0.0;4.05;3.1741379;0.0;2.54;0.0;2.54;1.6641379
2025-08-22 10:00:00;0.0;13.300000000000002;12.424138;0.0;2.54;0.0;2.54;1.6641379
2025-08-22 11:00:00;0.0;31.2;30.968966;0.0;0.67;0.0;0.67;0.43896552
2025-08-22 12:00:00;0.0;41.8;41.568966;0.0;0.67;0.0;0.67;0.43896552
2025-08-22 13:00:00;0.0;62.29999999999999;62.068966;0.0;0.67;0.0;0.67;0.43896552
2025-08-22 14:00:00;0.0;53.20000000000001;53.182759;0.0;0.05;0.0;0.05;0.032758621
2025-08-22 15:00:00;0.0;55.50000000000001;55.482759;0.0;0.05;0.0;0.05;0.032758621
2025-08-22 16:00:00;0.0;51.9;51.882759;0.0;0.05;0.0;0.05;0.032758621
2025-08-22 17:00:00;0.0;66.1;65.503448;0.0;1.73;0.0;1.7299999999999998;1.1334483
2025-08-22 18:00:00;0.0;48.4;47.803448;0.0;1.73;0.0;1.7299999999999998;1.1334483
2025-08-22 19:00:00;0.0;21.0;20.403448;0.0;1.73;0.0;1.7299999999999998;1.1334483
2025-08-22 20:00:00;0.0;5.929999999999999;4.8541379;0.0;3.12;0.0;3.12;2.0441379
2025-08-22 21:00:00;0.0;6.95;5.8741379;0.0;3.12;0.0;3.12;2.0441379
2025-08-22 22:00:00;0.0;2.97;1.8941379;0.0;3.12;0.0;3.12;2.0441379
2025-08-22 23:00:00;1.4275862;0.0;0.0;0.0;4.14;0.0;4.14;2.7124138
2025-08-23 00:00:00;1.4275862;0.0;0.0;0.0;4.14;0.0;4.14;2.7124138
2025-08-23 01:00:00;1.4275862;0.0;0.0;0.0;4.14;0.0;4.14;2.7124138
2025-08-23 02:00:00;1.8448276;0.0;0.0;0.0;5.35;0.0;5.35;3.5051724
2025-08-23 03:00:00;1.8448276;0.0;0.0;0.0;5.35;0.0;5.35;3.5051724
2025-08-23 04:00:00;1.8448276;0.0;0.0;0.0;5.35;0.0;5.35;3.5051724
2025-08-23 05:00:00;1.237931;0.0;0.0;0.0;3.59;0.0;3.5900000000000003;2.352069
2025-08-23 06:00:00;1.237931;0.0;0.0;0.0;3.59;0.0;3.5900000000000003;2.352069
2025-08-23 07:00:00;1.237931;0.0;0.0;0.0;3.59;0.0;3.5900000000000003;2.352069
2025-08-23 08:00:00;0.75517241;0.0;0.0;0.0;2.19;0.0;2.19;1.4348276
2025-08-23 09:00:00;0.0;2.17;1.4148276;0.0;2.19;0.0;2.19;1.4348276
2025-08-23 10:00:00;0.0;5.25;4.4948276;0.0;2.19;0.0;2.19;1.4348276
2025-08-23 11:00:00;0.0;10.899999999999999;10.786207;0.0;0.33;0.0;0.33;0.2162069
2025-08-23 12:00:00;0.0;29.199999999999996;29.086207;0.0;0.33;0.0;0.33;0.2162069
2025-08-23 13:00:00;0.0;62.49999999999999;62.386207;0.0;0.33;0.0;0.33;0.2162069
2025-08-23 14:00:00;0.0;59.199999999999996;59.17931;0.0;0.06;0.0;0.060000000000000005;0.039310345
2025-08-23 15:00:00;0.0;63.6;63.57931;0.0;0.06;0.0;0.060000000000000005;0.039310345
2025-08-23 16:00:00;0.0;46.1;46.07931;0.0;0.06;0.0;0.060000000000000005;0.039310345
2025-08-23 17:00:00;0.0;49.9;49.9;0.0;0.0;0.0;0.0;0.0
2025-08-23 18:00:00;0.0;80.1;80.1;0.0;0.0;0.0;0.0;0.0
2025-08-23 19:00:00;0.0;62.29999999999999;62.3;0.0;0.0;0.0;0.0;0.0
2025-08-23 20:00:00;0.0;62.900000000000006;61.851724;0.0;3.04;0.0;3.04;1.9917241
2025-08-23 21:00:00;0.0;21.0;19.951724;0.0;3.04;0.0;3.04;1.9917241
2025-08-23 22:00:00;0.0;3.2200000000000006;2.1717241;0.0;3.04;0.0;3.04;1.9917241
2025-08-23 23:00:00;2.4827586;0.0;0.0;0.0;7.2;0.0;7.199999999999999;4.7172414
2025-08-24 00:00:00;2.4827586;0.0;0.0;0.0;7.2;0.0;7.199999999999999;4.7172414
2025-08-24 01:00:00;2.4827586;0.0;0.0;0.0;7.2;0.0;7.199999999999999;4.7172414
2025-08-24 02:00:00;3.2344828;0.0;0.0;0.0;9.38;0.0;9.38;6.1455172
2025-08-24 03:00:00;3.2344828;0.0;0.0;0.0;9.38;0.0;9.38;6.1455172
2025-08-24 04:00:00;3.2486282;0.0;0.0;0.0;9.38;0.0;9.38;6.1313718
2025-08-24 05:00:00;3.0172414;0.0;0.0;0.0;8.75;0.0;8.75;5.7327586
2025-08-24 06:00:00;3.0172414;0.0;0.0;0.0;8.75;0.0;8.75;5.7327586
2025-08-24 07:00:00;3.0172414;0.0;0.0;0.0;8.75;0.0;8.75;5.7327586
2025-08-24 08:00:00;0.43793103;0.1;0.0;0.0;1.56;0.0;1.56;1.022069
2025-08-24 09:00:00;0.0;4.68;4.142069;0.0;1.56;0.0;1.56;1.022069
2025-08-24 10:00:00;0.0;18.3;17.762069;0.0;1.56;0.0;1.56;1.022069
2025-08-24 11:00:00;0.0;60.5;60.317241;0.0;0.53;0.0;0.53;0.34724138
2025-08-24 12:00:00;0.0;94.4;94.217241;0.0;0.53;0.0;0.53;0.34724138
2025-08-24 13:00:00;0.0;111.00000000000001;110.81724;0.0;0.53;0.0;0.53;0.34724138
2025-08-24 14:00:00;0.0;138.0;137.88621;0.0;0.33;0.0;0.33;0.2162069
2025-08-24 15:00:00;0.0;130.0;129.88621;0.0;0.33;0.0;0.33;0.2162069
2025-08-24 16:00:00;0.0;113.0;112.88621;0.0;0.33;0.0;0.33;0.2162069
2025-08-24 17:00:00;0.0;127.00000000000001;126.75862;0.0;0.7;0.0;0.7;0.45862069
2025-08-24 18:00:00;0.0;94.7;94.458621;0.0;0.7;0.0;0.7;0.45862069
2025-08-24 19:00:00;0.0;108.99999999999999;108.75862;0.0;0.7;0.0;0.7;0.45862069
2025-08-24 20:00:00;0.0;68.8;67.634483;0.0;3.38;0.0;3.38;2.2144828
2025-08-24 21:00:00;0.0;26.600000000000005;25.434483;0.0;3.38;0.0;3.38;2.2144828
2025-08-24 22:00:00;0.0;2.7200000000000006;1.5428102;0.0;3.38;0.0;3.38;2.2028102
2025-08-24 23:00:00;2.6100048;0.0;0.0;0.0;7.34;0.0;7.340000000000001;4.7299952
2025-08-25 00:00:00;2.6687265;0.0;0.0;0.0;7.34;0.0;7.340000000000001;4.6712735
2025-08-25 01:00:00;2.7153026;0.0;0.0;0.0;7.34;0.0;7.340000000000001;4.6246974
2025-08-25 02:00:00;3.7837255;0.0;0.0;0.0;10.11;0.0;10.11;6.3262745
2025-08-25 03:00:00;3.8374422;0.0;0.0;0.0;10.11;0.0;10.11;6.2725578
2025-08-25 04:00:00;3.8754272;0.0;0.0;0.0;10.11;0.0;10.11;6.2345728
2025-08-25 05:00:00;3.5364172;0.0;0.0;0.0;9.89;0.0;9.89;6.3535828
2025-08-25 06:00:00;3.4103448;0.0;0.0;0.0;9.89;0.0;9.89;6.4796552
2025-08-25 07:00:00;3.4103448;0.0;0.0;0.0;9.89;0.0;9.89;6.4796552
2025-08-25 08:00:00;0.43448276;0.3;0.0;0.0;2.13;0.0;2.13;1.3955172
2025-08-25 09:00:00;0.0;5.63;4.8955172;0.0;2.13;0.0;2.13;1.3955172
2025-08-25 10:00:00;0.0;20.1;19.365517;0.0;2.13;0.0;2.13;1.3955172
2025-08-25 11:00:00;0.0;50.9;50.851724;0.0;0.14;0.0;0.14;0.091724138
2025-08-25 12:00:00;0.0;93.2;93.151724;0.0;0.14;0.0;0.14;0.091724138
2025-08-25 13:00:00;0.0;107.0;106.95172;0.0;0.14;0.0;0.14;0.091724138
2025-08-25 14:00:00;0.0;146.0;145.76897;0.0;0.67;0.0;0.67;0.43896552
2025-08-25 15:00:00;0.0;147.0;146.76897;0.0;0.67;0.0;0.67;0.43896552
2025-08-25 16:00:00;0.0;157.0;156.76897;0.0;0.67;0.0;0.67;0.43896552
2025-08-25 17:00:00;0.0;146.0;145.96207;0.0;0.11;0.0;0.10999999999999999;0.072068966
2025-08-25 18:00:00;0.0;129.0;128.96207;0.0;0.11;0.0;0.10999999999999999;0.072068966
2025-08-25 19:00:00;0.0;101.99999999999999;101.96207;0.0;0.11;0.0;0.10999999999999999;0.072068966
2025-08-25 20:00:00;0.0;64.3;64.1;0.0;0.58;0.0;0.58;0.38
2025-08-25 21:00:00;0.0;23.9;23.7;0.0;0.58;0.0;0.58;0.38
2025-08-25 22:00:00;0.0;3.3299999999999996;3.13;0.0;0.58;0.0;0.58;0.38
2025-08-25 23:00:00;1.1517241;0.0;0.0;0.0;3.34;0.0;3.34;2.1882759
2025-08-26 00:00:00;1.1517241;0.0;0.0;0.0;3.34;0.0;3.34;2.1882759
2025-08-26 01:00:00;1.1517241;0.0;0.0;0.0;3.34;0.0;3.34;2.1882759
2025-08-26 02:00:00;1.0103448;0.0;0.0;0.0;2.93;0.0;2.93;1.9196552
2025-08-26 03:00:00;1.0103448;0.0;0.0;0.0;2.93;0.0;2.93;1.9196552
2025-08-26 04:00:00;1.0103448;0.0;0.0;0.0;2.93;0.0;2.93;1.9196552
2025-08-26 05:00:00;2.262069;0.0;0.0;0.0;6.56;0.0;6.56;4.297931
2025-08-26 06:00:00;2.262069;0.0;0.0;0.0;6.56;0.0;6.56;4.297931
2025-08-26 07:00:00;2.262069;0.0;0.0;0.0;6.56;0.0;6.56;4.297931
2025-08-26 08:00:00;0.36206897;0.1;0.0;0.0;1.34;0.0;1.34;0.87793103
2025-08-26 09:00:00;0.0;4.28;3.817931;0.0;1.34;0.0;1.34;0.87793103
2025-08-26 10:00:00;0.0;17.9;17.437931;0.0;1.34;0.0;1.34;0.87793103
2025-08-26 11:00:00;0.0;48.5;48.213793;0.0;0.83;0.0;0.83;0.5437931
2025-08-26 12:00:00;0.0;86.9;86.613793;0.0;0.83;0.0;0.83;0.5437931
2025-08-26 13:00:00;0.0;120.00000000000001;119.71379;0.0;0.83;0.0;0.83;0.5437931
2025-08-26 14:00:00;0.0;135.0;134.76207;0.0;0.69;0.0;0.69;0.45206897
2025-08-26 15:00:00;0.0;143.0;142.76207;0.0;0.69;0.0;0.69;0.45206897
2025-08-26 16:00:00;0.0;135.0;134.76207;0.0;0.69;0.0;0.69;0.45206897
2025-08-26 17:00:00;0.0;92.90000000000002;92.824138;0.0;0.22;0.0;0.21999999999999997;0.14413793
2025-08-26 18:00:00;0.0;40.7;40.624138;0.0;0.22;0.0;0.21999999999999997;0.14413793
2025-08-26 19:00:00;0.0;14.899999999999999;14.824138;0.0;0.22;0.0;0.21999999999999997;0.14413793
2025-08-26 20:00:00;0.0;25.1;24.944828;0.0;0.45;0.0;0.44999999999999996;0.29482759
2025-08-26 21:00:00;0.0;16.8;16.644828;0.0;0.45;0.0;0.44999999999999996;0.29482759
2025-08-26 22:00:00;0.0;2.63;2.4748276;0.0;0.45;0.0;0.44999999999999996;0.29482759
2025-08-26 23:00:00;0.027586207;0.0;0.0;0.0;0.08;0.0;0.08;0.052413793
2025-08-27 00:00:00;0.027586207;0.0;0.0;0.0;0.08;0.0;0.08;0.052413793
2025-08-27 01:00:00;0.027586207;0.0;0.0;0.0;0.08;0.0;0.08;0.052413793
2025-08-27 02:00:00;0.22413793;0.0;0.0;0.0;0.65;0.0;0.65;0.42586207
2025-08-27 03:00:00;0.22413793;0.0;0.0;0.0;0.65;0.0;0.65;0.42586207
2025-08-27 04:00:00;0.22413793;0.0;0.0;0.0;0.65;0.0;0.65;0.42586207
2025-08-27 05:00:00;0.46551724;0.0;0.0;0.0;1.35;0.0;1.35;0.88448276
2025-08-27 06:00:00;0.46551724;0.0;0.0;0.0;1.35;0.0;1.35;0.88448276
2025-08-27 07:00:00;0.46551724;0.0;0.0;0.0;1.35;0.0;1.35;0.88448276
2025-08-27 08:00:00;0.17241379;0.0;0.0;0.0;0.5;0.0;0.5;0.32758621
2025-08-27 09:00:00;0.0;5.0;4.8275862;0.0;0.5;0.0;0.5;0.32758621
2025-08-27 10:00:00;0.0;20.0;19.827586;0.0;0.5;0.0;0.5;0.32758621
2025-08-27 11:00:00;0.0;41.0;40.596552;0.0;1.17;0.0;1.17;0.76655172
2025-08-27 12:00:00;0.0;58.1;57.696552;0.0;1.17;0.0;1.17;0.76655172
2025-08-27 13:00:00;0.0;111.00000000000001;110.59655;0.0;1.17;0.0;1.17;0.76655172
2025-08-27 14:00:00;0.0;108.0;107.76207;0.0;0.69;0.0;0.69;0.45206897
2025-08-27 15:00:00;0.0;86.3;86.062069;0.0;0.69;0.0;0.69;0.45206897
2025-08-27 16:00:00;0.0;59.1;58.862069;0.0;0.69;0.0;0.69;0.45206897
2025-08-27 17:00:00;0.0;69.5;69.168966;0.0;0.96;0.0;0.9600000000000001;0.62896552
2025-08-27 18:00:00;0.0;86.9;86.568966;0.0;0.96;0.0;0.9600000000000001;0.62896552
2025-08-27 19:00:00;0.0;86.0;85.668966;0.0;0.96;0.0;0.9600000000000001;0.62896552
2025-08-27 20:00:00;0.0;24.6;24.427586;0.0;0.5;0.0;0.5;0.32758621
2025-08-27 21:00:00;0.0;5.4;5.2275862;0.0;0.5;0.0;0.5;0.32758621
2025-08-27 22:00:00;0.0;1.05;0.87758621;0.0;0.5;0.0;0.5;0.32758621
2025-08-27 23:00:00;0.034482759;0.0;0.0;0.0;0.1;0.0;0.1;0.065517241
2025-08-28 00:00:00;0.034482759;0.0;0.0;0.0;0.1;0.0;0.1;0.065517241
2025-08-28 01:00:00;0.034482759;0.0;0.0;0.0;0.1;0.0;0.1;0.065517241
2025-08-28 02:00:00;0.0;0.0;0.0;0.0;0.0;0.0;0.0;0.0
2025-08-28 03:00:00;0.0;0.0;0.0;0.0;0.0;0.0;0.0;0.0
2025-08-28 04:00:00;0.0;0.0;0.0;0.0;0.0;0.0;0.0;0.0
2025-08-28 05:00:00;0.020689655;0.0;0.0;0.0;0.06;0.0;0.060000000000000005;0.039310345
2025-08-28 06:00:00;0.020689655;0.0;0.0;0.0;0.06;0.0;0.060000000000000005;0.039310345
2025-08-28 07:00:00;0.020689655;0.0;0.0;0.0;0.06;0.0;0.060000000000000005;0.039310345
2025-08-28 08:00:00;0.024137931;0.0;0.0;0.0;0.07;0.0;0.07;0.045862069
2025-08-28 09:00:00;0.024137931;0.0;0.0;0.0;0.07;0.0;0.07;0.045862069
2025-08-28 10:00:00;0.024137931;0.0;0.0;0.0;0.07;0.0;0.07;0.045862069
2025-08-28 11:00:00;0.075862069;0.0;0.0;0.0;0.22;0.0;0.21999999999999997;0.14413793
2025-08-28 12:00:00;0.075862069;0.0;0.0;0.0;0.22;0.0;0.21999999999999997;0.14413793
2025-08-28 13:00:00;0.075862069;0.0;0.0;0.0;0.22;0.0;0.21999999999999997;0.14413793
2025-08-28 14:00:00;0.37586207;0.0;0.0;0.0;1.09;0.0;1.09;0.71413793
2025-08-28 15:00:00;0.37586207;0.0;0.0;0.0;1.09;0.0;1.09;0.71413793
2025-08-28 16:00:00;0.37586207;0.0;0.0;0.0;1.09;0.0;1.09;0.71413793
2025-08-28 17:00:00;0.21724138;0.0;0.0;0.0;0.63;0.0;0.63;0.41275862
2025-08-28 18:00:00;0.21724138;0.0;0.0;0.0;0.63;0.0;0.63;0.41275862
2025-08-28 19:00:00;0.21724138;0.0;0.0;0.0;0.63;0.0;0.63;0.41275862
2025-08-28 20:00:00;0.44482759;0.0;0.0;0.0;1.29;0.0;1.29;0.84517241
2025-08-28 21:00:00;0.44482759;0.0;0.0;0.0;1.29;0.0;1.29;0.84517241
2025-08-28 22:00:00;0.44482759;0.0;0.0;0.0;1.29;0.0;1.29;0.84517241
2025-08-28 23:00:00;1.2862069;0.0;0.0;0.0;3.73;0.0;3.7300000000000004;2.4437931
2025-08-29 00:00:00;1.2862069;0.0;0.0;0.0;3.73;0.0;3.7300000000000004;2.4437931
2025-08-29 01:00:00;1.2862069;0.0;0.0;0.0;3.73;0.0;3.7300000000000004;2.4437931
2025-08-29 02:00:00;2.0586207;0.0;0.0;0.0;5.97;0.0;5.97;3.9113793
2025-08-29 03:00:00;2.0586207;0.0;0.0;0.0;5.97;0.0;5.97;3.9113793
2025-08-29 04:00:00;2.0586207;0.0;0.0;0.0;5.97;0.0;5.97;3.9113793
2025-08-29 05:00:00;1.9827586;0.0;0.0;0.0;5.75;0.0;5.75;3.7672414
2025-08-29 06:00:00;1.9827586;0.0;0.0;0.0;5.75;0.0;5.75;3.7672414
2025-08-29 07:00:00;1.9827586;0.0;0.0;0.0;5.75;0.0;5.75;3.7672414
2025-08-29 08:00:00;0.086206897;0.0;0.0;0.0;0.25;0.0;0.25;0.1637931
2025-08-29 09:00:00;0.0;2.03;1.9437931;0.0;0.25;0.0;0.25;0.1637931
2025-08-29 10:00:00;0.0;19.6;19.513793;0.0;0.25;0.0;0.25;0.1637931
2025-08-29 11:00:00;0.0;50.800000000000004;50.686207;0.0;0.33;0.0;0.33;0.2162069
2025-08-29 12:00:00;0.0;93.3;93.186207;0.0;0.33;0.0;0.33;0.2162069
2025-08-29 13:00:00;0.0;115.0;114.88621;0.0;0.33;0.0;0.33;0.2162069
2025-08-29 14:00:00;0.0;99.2;99.175862;0.0;0.07;0.0;0.07;0.045862069
2025-08-29 15:00:00;0.0;103.0;102.97586;0.0;0.07;0.0;0.07;0.045862069
2025-08-29 16:00:00;0.0;41.1;41.075862;0.0;0.07;0.0;0.07;0.045862069
2025-08-29 17:00:00;0.0;23.9;23.67931;0.0;0.64;0.0;0.64;0.41931034
2025-08-29 18:00:00;0.0;23.5;23.27931;0.0;0.64;0.0;0.64;0.41931034
2025-08-29 19:00:00;0.0;15.5;15.27931;0.0;0.64;0.0;0.64;0.41931034
2025-08-29 20:00:00;0.0;33.3;33.044828;0.0;0.74;0.0;0.74;0.48482759
2025-08-29 21:00:00;0.0;19.1;18.844828;0.0;0.74;0.0;0.74;0.48482759
2025-08-29 22:00:00;0.0;2.7500000000000004;2.4948276;0.0;0.74;0.0;0.74;0.48482759
2025-08-29 23:00:00;0.86551724;0.0;0.0;0.0;2.51;0.0;2.51;1.6444828
2025-08-30 00:00:00;0.86551724;0.0;0.0;0.0;2.51;0.0;2.51;1.6444828
2025-08-30 01:00:00;0.86551724;0.0;0.0;0.0;2.51;0.0;2.51;1.6444828
2025-08-30 02:00:00;1.3172414;0.0;0.0;0.0;3.82;0.0;3.82;2.5027586
2025-08-30 03:00:00;1.3172414;0.0;0.0;0.0;3.82;0.0;3.82;2.5027586
2025-08-30 04:00:00;1.3172414;0.0;0.0;0.0;3.82;0.0;3.82;2.5027586
2025-08-30 05:00:00;1.2034483;0.0;0.0;0.0;3.49;0.0;3.49;2.2865517
2025-08-30 06:00:00;1.2034483;0.0;0.0;0.0;3.49;0.0;3.49;2.2865517
2025-08-30 07:00:00;1.2034483;0.0;0.0;0.0;3.49;0.0;3.49;2.2865517
2025-08-30 08:00:00;0.18275862;0.0;0.0;0.0;0.53;0.0;0.53;0.34724138
2025-08-30 09:00:00;0.0;3.03;2.8472414;0.0;0.53;0.0;0.53;0.34724138
2025-08-30 10:00:00;0.0;14.2;14.017241;0.0;0.53;0.0;0.53;0.34724138
2025-08-30 11:00:00;0.0;32.8;32.758621;0.0;0.12;0.0;0.12000000000000001;0.07862069
2025-08-30 12:00:00;0.0;72.6;72.558621;0.0;0.12;0.0;0.12000000000000001;0.07862069
2025-08-30 13:00:00;0.0;85.1;85.058621;0.0;0.12;0.0;0.12000000000000001;0.07862069
2025-08-30 14:00:00;0.0;96.9;96.872414;0.0;0.08;0.0;0.08;0.052413793
2025-08-30 15:00:00;0.0;64.3;64.272414;0.0;0.08;0.0;0.08;0.052413793
2025-08-30 16:00:00;0.0;114.0;113.97241;0.0;0.08;0.0;0.08;0.052413793
2025-08-30 17:00:00;0.0;74.8;74.789655;0.0;0.03;0.0;0.030000000000000002;0.019655172
2025-08-30 18:00:00;0.0;116.0;115.98966;0.0;0.03;0.0;0.030000000000000002;0.019655172
2025-08-30 19:00:00;0.0;99.4;99.389655;0.0;0.03;0.0;0.030000000000000002;0.019655172
2025-08-30 20:00:00;0.0;66.2;66.027586;0.0;0.5;0.0;0.5;0.32758621
2025-08-30 21:00:00;0.0;21.1;20.927586;0.0;0.5;0.0;0.5;0.32758621
2025-08-30 22:00:00;0.0;0.933;0.76058621;0.0;0.5;0.0;0.5;0.32758621
2025-08-30 23:00:00;0.77586207;0.0;0.0;0.0;2.25;0.0;2.25;1.4741379
2025-08-31 00:00:00;0.77586207;0.0;0.0;0.0;2.25;0.0;2.25;1.4741379
2025-08-31 01:00:00;0.77586207;0.0;0.0;0.0;2.25;0.0;2.25;1.4741379
2025-08-31 02:00:00;1.0517241;0.0;0.0;0.0;3.05;0.0;3.05;1.9982759
2025-08-31 03:00:00;1.0517241;0.0;0.0;0.0;3.05;0.0;3.05;1.9982759
2025-08-31 04:00:00;1.0517241;0.0;0.0;0.0;3.05;0.0;3.05;1.9982759
2025-08-31 05:00:00;0.70689655;0.0;0.0;0.0;2.05;0.0;2.05;1.3431034
2025-08-31 06:00:00;0.70689655;0.0;0.0;0.0;2.05;0.0;2.05;1.3431034
2025-08-31 07:00:00;0.70689655;0.0;0.0;0.0;2.05;0.0;2.05;1.3431034
2025-08-31 08:00:00;0.089655172;0.0;0.0;0.0;0.26;0.0;0.26;0.17034483
2025-08-31 09:00:00;0.0;3.0;2.9103448;0.0;0.26;0.0;0.26;0.17034483
2025-08-31 10:00:00;0.0;8.65;8.5603448;0.0;0.26;0.0;0.26;0.17034483
2025-08-31 11:00:00;0.0;9.45;9.3258621;0.0;0.36;0.0;0.36;0.23586207
2025-08-31 12:00:00;0.0;23.7;23.575862;0.0;0.36;0.0;0.36;0.23586207
2025-08-31 13:00:00;0.0;93.9;93.775862;0.0;0.36;0.0;0.36;0.23586207
2025-08-31 14:00:00;0.0;101.0;100.88621;0.0;0.33;0.0;0.33;0.2162069
2025-08-31 15:00:00;0.0;101.0;100.88621;0.0;0.33;0.0;0.33;0.2162069
2025-08-31 16:00:00;0.0;94.19999999999999;94.086207;0.0;0.33;0.0;0.33;0.2162069
2025-08-31 17:00:00;0.0;70.4;70.331034;0.0;0.2;0.0;0.2;0.13103448
2025-08-31 18:00:00;0.0;55.8;55.731034;0.0;0.2;0.0;0.2;0.13103448
2025-08-31 19:00:00;0.0;20.5;20.431034;0.0;0.2;0.0;0.2;0.13103448
2025-08-31 20:00:00;0.0;13.300000000000002;13.255172;0.0;0.13;0.0;0.13;0.085172414
2025-08-31 21:00:00;0.0;9.03;8.9851724;0.0;0.13;0.0;0.13;0.085172414
2025-08-31 22:00:00;0.0;1.7300000000000002;1.6851724;0.0;0.13;0.0;0.13;0.085172414
2025-08-31 23:00:00;0.0;0.0;0.0;0.0;0.0;0.0;0.0;0.0
2025-09-01 00:00:00;0.0;0.0;0.0;0.0;0.0;0.0;0.0;0.0
2025-09-01 01:00:00;0.0;0.0;0.0;0.0;0.0;0.0;0.0;0.0
2025-09-01 02:00:00;1.2068966;0.0;0.0;0.0;3.5;0.0;3.4999999999999996;2.2931034
2025-09-01 03:00:00;1.2068966;0.0;0.0;0.0;3.5;0.0;3.4999999999999996;2.2931034
2025-09-01 04:00:00;1.2068966;0.0;0.0;0.0;3.5;0.0;3.4999999999999996;2.2931034
2025-09-01 05:00:00;1.162069;0.0;0.0;0.0;3.37;0.0;3.37;2.207931
2025-09-01 06:00:00;1.162069;0.0;0.0;0.0;3.37;0.0;3.37;2.207931
2025-09-01 07:00:00;1.162069;0.0;0.0;0.0;3.37;0.0;3.37;2.207931
2025-09-01 08:00:00;0.50344828;0.0;0.0;0.0;1.46;0.0;1.46;0.95655172
2025-09-01 09:00:00;0.0;1.3;0.79655172;0.0;1.46;0.0;1.46;0.95655172
2025-09-01 10:00:00;0.0;9.85;9.3465517;0.0;1.46;0.0;1.46;0.95655172
2025-09-01 11:00:00;0.0;27.1;27.089655;0.0;0.03;0.0;0.030000000000000002;0.019655172
2025-09-01 12:00:00;0.0;25.400000000000002;25.389655;0.0;0.03;0.0;0.030000000000000002;0.019655172
2025-09-01 13:00:00;0.0;22.000000000000004;21.989655;0.0;0.03;0.0;0.030000000000000002;0.019655172
2025-09-01 14:00:00;0.0;80.4;80.355172;0.0;0.13;0.0;0.13;0.085172414
2025-09-01 15:00:00;0.0;121.0;120.95517;0.0;0.13;0.0;0.13;0.085172414
2025-09-01 16:00:00;0.0;104.00000000000001;103.95517;0.0;0.13;0.0;0.13;0.085172414
2025-09-01 17:00:00;0.0;124.99999999999999;124.90345;0.0;0.28;0.0;0.28;0.18344828
2025-09-01 18:00:00;0.0;117.0;116.90345;0.0;0.28;0.0;0.28;0.18344828
2025-09-01 19:00:00;0.0;105.0;104.90345;0.0;0.28;0.0;0.28;0.18344828
2025-09-01 20:00:00;0.0;52.3;52.289655;0.0;0.03;0.0;0.030000000000000002;0.019655172
2025-09-01 21:00:00;0.0;17.9;17.889655;0.0;0.03;0.0;0.030000000000000002;0.019655172
2025-09-01 22:00:00;0.0;1.5;1.4896552;0.0;0.03;0.0;0.030000000000000002;0.019655172
2025-09-01 23:00:00;0.57931034;0.0;0.0;0.0;1.68;0.0;1.68;1.1006897
2025-09-02 00:00:00;0.57931034;0.0;0.0;0.0;1.68;0.0;1.68;1.1006897
2025-09-02 01:00:00;0.57931034;0.0;0.0;0.0;1.68;0.0;1.68;1.1006897
2025-09-02 02:00:00;1.2517241;0.0;0.0;0.0;3.63;0.0;3.6300000000000003;2.3782759
2025-09-02 03:00:00;1.2517241;0.0;0.0;0.0;3.63;0.0;3.6300000000000003;2.3782759
2025-09-02 04:00:00;1.2517241;0.0;0.0;0.0;3.63;0.0;3.6300000000000003;2.3782759
2025-09-02 05:00:00;1.5655172;0.0;0.0;0.0;4.54;0.0;4.54;2.9744828
2025-09-02 06:00:00;1.5655172;0.0;0.0;0.0;4.54;0.0;4.54;2.9744828
2025-09-02 07:00:00;1.5655172;0.0;0.0;0.0;4.54;0.0;4.54;2.9744828
2025-09-02 08:00:00;0.82758621;0.0;0.0;0.0;2.4;0.0;2.4;1.5724138
2025-09-02 09:00:00;0.0;3.77;2.9424138;0.0;2.4;0.0;2.4;1.5724138
2025-09-02 10:00:00;0.0;13.000000000000002;12.172414;0.0;2.4;0.0;2.4;1.5724138
2025-09-02 11:00:00;0.0;49.6;49.541379;0.0;0.17;0.0;0.17;0.11137931
2025-09-02 12:00:00;0.0;84.9;84.841379;0.0;0.17;0.0;0.17;0.11137931
2025-09-02 13:00:00;0.0;128.0;127.94138;0.0;0.17;0.0;0.17;0.11137931
2025-09-02 14:00:00;0.0;130.0;129.99655;0.0;0.01;0.0;0.01;0.0065517241
2025-09-02 15:00:00;0.0;158.0;157.99655;0.0;0.01;0.0;0.01;0.0065517241
2025-09-02 16:00:00;0.0;117.0;116.99655;0.0;0.01;0.0;0.01;0.0065517241
2025-09-02 17:00:00;0.0;112.0;111.93448;0.0;0.19;0.0;0.19;0.12448276
2025-09-02 18:00:00;0.0;137.0;136.93448;0.0;0.19;0.0;0.19;0.12448276
2025-09-02 19:00:00;0.0;71.0;70.934483;0.0;0.19;0.0;0.19;0.12448276
2025-09-02 20:00:00;0.0;15.2;15.2;0.0;0.0;0.0;0.0;0.0
2025-09-02 21:00:00;0.0;5.9;5.9;0.0;0.0;0.0;0.0;0.0
2025-09-02 22:00:00;0.0;1.6;1.6;0.0;0.0;0.0;0.0;0.0
2025-09-02 23:00:00;0.23448276;0.0;0.0;0.0;0.68;0.0;0.68;0.44551724
2025-09-03 00:00:00;0.23448276;0.0;0.0;0.0;0.68;0.0;0.68;0.44551724
2025-09-03 01:00:00;0.23448276;0.0;0.0;0.0;0.68;0.0;0.68;0.44551724
2025-09-03 02:00:00;0.67931034;0.0;0.0;0.0;1.97;0.0;1.9700000000000002;1.2906897
2025-09-03 03:00:00;0.67931034;0.0;0.0;0.0;1.97;0.0;1.9700000000000002;1.2906897
2025-09-03 04:00:00;0.67931034;0.0;0.0;0.0;1.97;0.0;1.9700000000000002;1.2906897
2025-09-03 05:00:00;0.37241379;0.0;0.0;0.0;1.08;0.0;1.08;0.70758621
2025-09-03 06:00:00;0.37241379;0.0;0.0;0.0;1.08;0.0;1.08;0.70758621
2025-09-03 07:00:00;0.37241379;0.0;0.0;0.0;1.08;0.0;1.08;0.70758621
2025-09-03 08:00:00;0.04137931;0.0;0.0;0.0;0.12;0.0;0.12000000000000001;0.07862069
2025-09-03 09:00:00;0.0;3.53;3.4886207;0.0;0.12;0.0;0.12000000000000001;0.07862069
2025-09-03 10:00:00;0.0;17.6;17.558621;0.0;0.12;0.0;0.12000000000000001;0.07862069
2025-09-03 11:00:00;0.0;35.0;34.831034;0.0;0.49;0.0;0.49000000000000005;0.32103448
2025-09-03 12:00:00;0.0;31.4;31.231034;0.0;0.49;0.0;0.49000000000000005;0.32103448
2025-09-03 13:00:00;0.0;73.6;73.431034;0.0;0.49;0.0;0.49000000000000005;0.32103448
2025-09-03 14:00:00;0.0;103.0;102.87586;0.0;0.36;0.0;0.36;0.23586207
2025-09-03 15:00:00;0.0;119.0;118.87586;0.0;0.36;0.0;0.36;0.23586207
2025-09-03 16:00:00;0.0;79.1;78.975862;0.0;0.36;0.0;0.36;0.23586207
2025-09-03 17:00:00;0.0;36.6;36.386207;0.0;0.62;0.0;0.62;0.4062069
2025-09-03 18:00:00;0.0;57.0;56.786207;0.0;0.62;0.0;0.62;0.4062069
2025-09-03 19:00:00;0.0;50.3;50.086207;0.0;0.62;0.0;0.62;0.4062069
2025-09-03 20:00:00;0.0;37.2;37.075862;0.0;0.36;0.0;0.36;0.23586207
2025-09-03 21:00:00;0.0;15.6;15.475862;0.0;0.36;0.0;0.36;0.23586207
2025-09-03 22:00:00;0.0;0.5;0.37586207;0.0;0.36;0.0;0.36;0.23586207
2025-09-03 23:00:00;0.024137931;0.0;0.0;0.0;0.07;0.0;0.07;0.045862069
2025-09-04 00:00:00;0.024137931;0.0;0.0;0.0;0.07;0.0;0.07;0.045862069
2025-09-04 01:00:00;0.024137931;0.0;0.0;0.0;0.07;0.0;0.07;0.045862069
2025-09-04 02:00:00;0.17931034;0.0;0.0;0.0;0.52;0.0;0.52;0.34068966
2025-09-04 03:00:00;0.17931034;0.0;0.0;0.0;0.52;0.0;0.52;0.34068966
2025-09-04 04:00:00;0.17931034;0.0;0.0;0.0;0.52;0.0;0.52;0.34068966
2025-09-04 05:00:00;0.54827586;0.0;0.0;0.0;1.59;0.0;1.59;1.0417241
2025-09-04 06:00:00;0.54827586;0.0;0.0;0.0;1.59;0.0;1.59;1.0417241
2025-09-04 07:00:00;0.54827586;0.0;0.0;0.0;1.59;0.0;1.59;1.0417241
2025-09-04 08:00:00;0.31724138;0.0;0.0;0.0;0.92;0.0;0.9199999999999999;0.60275862
2025-09-04 09:00:00;0.0;2.95;2.6327586;0.0;0.92;0.0;0.9199999999999999;0.60275862
2025-09-04 10:00:00;0.0;17.2;16.882759;0.0;0.92;0.0;0.9199999999999999;0.60275862
2025-09-04 11:00:00;0.0;46.49999999999999;46.5;0.0;0.0;0.0;0.0;0.0
2025-09-04 12:00:00;0.0;73.9;73.9;0.0;0.0;0.0;0.0;0.0
2025-09-04 13:00:00;0.0;99.7;99.7;0.0;0.0;0.0;0.0;0.0
2025-09-04 14:00:00;0.0;122.0;121.85517;0.0;0.42;0.0;0.42;0.27517241
2025-09-04 15:00:00;0.0;129.0;128.85517;0.0;0.42;0.0;0.42;0.27517241
2025-09-04 16:00:00;0.0;91.9;91.755172;0.0;0.42;0.0;0.42;0.27517241
2025-09-04 17:00:00;0.0;71.5;71.413793;0.0;0.25;0.0;0.25;0.1637931
2025-09-04 18:00:00;0.0;54.4;54.313793;0.0;0.25;0.0;0.25;0.1637931
2025-09-04 19:00:00;0.0;41.5;41.413793;0.0;0.25;0.0;0.25;0.1637931
2025-09-04 20:00:00;0.0;15.6;15.034483;0.0;1.64;0.0;1.64;1.0744828
2025-09-04 21:00:00;0.0;6.43;5.8644828;0.0;1.64;0.0;1.64;1.0744828
2025-09-04 22:00:00;0.0;0.7000000000000002;0.13448276;0.0;1.64;0.0;1.64;1.0744828
2025-09-04 23:00:00;1.9344828;0.0;0.0;0.0;5.61;0.0;5.61;3.6755172
2025-09-05 00:00:00;1.9344828;0.0;0.0;0.0;5.61;0.0;5.61;3.6755172
2025-09-05 01:00:00;1.9344828;0.0;0.0;0.0;5.61;0.0;5.61;3.6755172
2025-09-05 02:00:00;2.237931;0.0;0.0;0.0;6.49;0.0;6.49;4.252069
2025-09-05 03:00:00;2.237931;0.0;0.0;0.0;6.49;0.0;6.49;4.252069
2025-09-05 04:00:00;2.237931;0.0;0.0;0.0;6.49;0.0;6.49;4.252069
2025-09-05 05:00:00;3.1793103;0.0;0.0;0.0;9.22;0.0;9.22;6.0406897
2025-09-05 06:00:00;3.1793103;0.0;0.0;0.0;9.22;0.0;9.22;6.0406897
2025-09-05 07:00:00;3.1793103;0.0;0.0;0.0;9.22;0.0;9.22;6.0406897
2025-09-05 08:00:00;0.52413793;0.0;0.0;0.0;1.52;0.0;1.52;0.99586207
2025-09-05 09:00:00;0.0;2.9;2.3758621;0.0;1.52;0.0;1.52;0.99586207
2025-09-05 10:00:00;0.0;14.700000000000001;14.175862;0.0;1.52;0.0;1.52;0.99586207
2025-09-05 11:00:00;0.0;42.4;42.255172;0.0;0.42;0.0;0.42;0.27517241
2025-09-05 12:00:00;0.0;72.8;72.655172;0.0;0.42;0.0;0.42;0.27517241
2025-09-05 13:00:00;0.0;108.99999999999999;108.85517;0.0;0.42;0.0;0.42;0.27517241
2025-09-05 14:00:00;0.0;124.99999999999999;124.88621;0.0;0.33;0.0;0.33;0.2162069
2025-09-05 15:00:00;0.0;126.0;125.88621;0.0;0.33;0.0;0.33;0.2162069
2025-09-05 16:00:00;0.0;104.00000000000001;103.88621;0.0;0.33;0.0;0.33;0.2162069
2025-09-05 17:00:00;0.0;146.0;145.72414;0.0;0.8;0.0;0.8;0.52413793
2025-09-05 18:00:00;0.0;117.99999999999999;117.72414;0.0;0.8;0.0;0.8;0.52413793
2025-09-05 19:00:00;0.0;87.19999999999999;86.924138;0.0;0.8;0.0;0.8;0.52413793
2025-09-05 20:00:00;0.0;26.000000000000004;25.396552;0.0;1.75;0.0;1.7499999999999998;1.1465517
2025-09-05 21:00:00;0.0;9.78;9.1765517;0.0;1.75;0.0;1.7499999999999998;1.1465517
2025-09-05 22:00:00;0.0;0.9;0.29655172;0.0;1.75;0.0;1.7499999999999998;1.1465517
2025-09-05 23:00:00;1.4758621;0.0;0.0;0.0;4.28;0.0;4.28;2.8041379
2025-09-06 00:00:00;1.4982265;0.0;0.0;0.0;4.28;0.0;4.28;2.7817735
2025-09-06 01:00:00;1.5236482;0.0;0.0;0.0;4.28;0.0;4.28;2.7563518
2025-09-06 02:00:00;3.6153281;0.0;0.0;0.0;10.02;0.0;10.02;6.4046719
2025-09-06 03:00:00;3.6548442;0.0;0.0;0.0;10.02;0.0;10.02;6.3651558
2025-09-06 04:00:00;3.6863521;0.0;0.0;0.0;10.02;0.0;10.02;6.3336479
2025-09-06 05:00:00;3.7860517;0.0;0.0;0.0;10.6;0.0;10.6;6.8139483
2025-09-06 06:00:00;3.6551724;0.0;0.0;0.0;10.6;0.0;10.6;6.9448276
2025-09-06 07:00:00;3.6551724;0.0;0.0;0.0;10.6;0.0;10.6;6.9448276
2025-09-06 08:00:00;0.74482759;0.0;0.0;0.0;2.16;0.0;2.16;1.4151724
2025-09-06 09:00:00;0.0;2.63;1.8851724;0.0;2.16;0.0;2.16;1.4151724
2025-09-06 10:00:00;0.0;14.700000000000001;13.955172;0.0;2.16;0.0;2.16;1.4151724
2025-09-06 11:00:00;0.0;46.29999999999999;45.810345;0.0;1.42;0.0;1.42;0.93034483
2025-09-06 12:00:00;0.0;89.20000000000002;88.710345;0.0;1.42;0.0;1.42;0.93034483
2025-09-06 13:00:00;0.0;119.0;118.51034;0.0;1.42;0.0;1.42;0.93034483
2025-09-06 14:00:00;0.0;142.0;141.95517;0.0;0.13;0.0;0.13;0.085172414
2025-09-06 15:00:00;0.0;154.0;153.95517;0.0;0.13;0.0;0.13;0.085172414
2025-09-06 16:00:00;0.0;155.0;154.95517;0.0;0.13;0.0;0.13;0.085172414
2025-09-06 17:00:00;0.0;110.0;109.78966;0.0;0.61;0.0;0.61;0.39965517
2025-09-06 18:00:00;0.0;101.0;100.78966;0.0;0.61;0.0;0.61;0.39965517
2025-09-06 19:00:00;0.0;66.9;66.689655;0.0;0.61;0.0;0.61;0.39965517
2025-09-06 20:00:00;0.0;46.7;46.544828;0.0;0.45;0.0;0.44999999999999996;0.29482759
2025-09-06 21:00:00;0.0;13.4;13.244828;0.0;0.45;0.0;0.44999999999999996;0.29482759
2025-09-06 22:00:00;0.0;1.4;1.2448276;0.0;0.45;0.0;0.44999999999999996;0.29482759
2025-09-06 23:00:00;0.62758621;0.0;0.0;0.0;1.82;0.0;1.8199999999999998;1.1924138
2025-09-07 00:00:00;0.62758621;0.0;0.0;0.0;1.82;0.0;1.8199999999999998;1.1924138
2025-09-07 01:00:00;0.62758621;0.0;0.0;0.0;1.82;0.0;1.8199999999999998;1.1924138
2025-09-07 02:00:00;1.0965517;0.0;0.0;0.0;3.18;0.0;3.18;2.0834483
2025-09-07 03:00:00;1.0965517;0.0;0.0;0.0;3.18;0.0;3.18;2.0834483
2025-09-07 04:00:00;1.0965517;0.0;0.0;0.0;3.18;0.0;3.18;2.0834483
2025-09-07 05:00:00;1.3206897;0.0;0.0;0.0;3.83;0.0;3.8299999999999996;2.5093103
2025-09-07 06:00:00;1.3206897;0.0;0.0;0.0;3.83;0.0;3.8299999999999996;2.5093103
2025-09-07 07:00:00;1.3206897;0.0;0.0;0.0;3.83;0.0;3.8299999999999996;2.5093103
2025-09-07 08:00:00;0.46551724;0.0;0.0;0.0;1.35;0.0;1.35;0.88448276
2025-09-07 09:00:00;0.0;2.53;2.0644828;0.0;1.35;0.0;1.35;0.88448276
2025-09-07 10:00:00;0.0;12.1;11.634483;0.0;1.35;0.0;1.35;0.88448276
2025-09-07 11:00:00;0.0;49.79999999999999;49.568966;0.0;0.67;0.0;0.67;0.43896552
2025-09-07 12:00:00;0.0;89.5;89.268966;0.0;0.67;0.0;0.67;0.43896552
2025-09-07 13:00:00;0.0;123.0;122.76897;0.0;0.67;0.0;0.67;0.43896552
2025-09-07 14:00:00;0.0;147.0;146.88621;0.0;0.33;0.0;0.33;0.2162069
2025-09-07 15:00:00;0.0;156.0;155.88621;0.0;0.33;0.0;0.33;0.2162069
2025-09-07 16:00:00;0.0;157.0;156.88621;0.0;0.33;0.0;0.33;0.2162069
2025-09-07 17:00:00;0.0;144.0;143.95172;0.0;0.14;0.0;0.14;0.091724138
2025-09-07 18:00:00;0.0;126.0;125.95172;0.0;0.14;0.0;0.14;0.091724138
2025-09-07 19:00:00;0.0;95.3;95.251724;0.0;0.14;0.0;0.14;0.091724138
2025-09-07 20:00:00;0.0;53.89999999999999;53.834483;0.0;0.19;0.0;0.19;0.12448276
2025-09-07 21:00:00;0.0;13.8;13.734483;0.0;0.19;0.0;0.19;0.12448276
2025-09-07 22:00:00;0.0;0.5;0.43448276;0.0;0.19;0.0;0.19;0.12448276
2025-09-07 23:00:00;0.0068965517;0.0;0.0;0.0;0.02;0.0;0.02;0.013103448
2025-09-08 00:00:00;0.0068965517;0.0;0.0;0.0;0.02;0.0;0.02;0.013103448
2025-09-08 01:00:00;0.0068965517;0.0;0.0;0.0;0.02;0.0;0.02;0.013103448
2025-09-08 02:00:00;0.024137931;0.0;0.0;0.0;0.07;0.0;0.07;0.045862069
2025-09-08 03:00:00;0.024137931;0.0;0.0;0.0;0.07;0.0;0.07;0.045862069
2025-09-08 04:00:00;0.024137931;0.0;0.0;0.0;0.07;0.0;0.07;0.045862069
2025-09-08 05:00:00;0.1862069;0.0;0.0;0.0;0.54;0.0;0.54;0.3537931
2025-09-08 06:00:00;0.1862069;0.0;0.0;0.0;0.54;0.0;0.54;0.3537931
2025-09-08 07:00:00;0.1862069;0.0;0.0;0.0;0.54;0.0;0.54;0.3537931
2025-09-08 08:00:00;0.051724138;0.0;0.0;0.0;0.15;0.0;0.15;0.098275862
2025-09-08 09:00:00;0.0;1.7;1.6482759;0.0;0.15;0.0;0.15;0.098275862
2025-09-08 10:00:00;0.0;7.3500000000000005;7.2982759;0.0;0.15;0.0;0.15;0.098275862
2025-09-08 11:00:00;0.0;13.9;13.893103;0.0;0.02;0.0;0.02;0.013103448
2025-09-08 12:00:00;0.0;28.4;28.393103;0.0;0.02;0.0;0.02;0.013103448
2025-09-08 13:00:00;0.0;34.9;34.893103;0.0;0.02;0.0;0.02;0.013103448
2025-09-08 14:00:00;0.0;64.2;63.993103;0.0;0.6;0.0;0.6;0.39310345
2025-09-08 15:00:00;0.0;62.49999999999999;62.293103;0.0;0.6;0.0;0.6;0.39310345
2025-09-08 16:00:00;0.0;105.0;104.7931;0.0;0.6;0.0;0.6;0.39310345
2025-09-08 17:00:00;0.0;95.80000000000001;95.565517;0.0;0.68;0.0;0.68;0.44551724
2025-09-08 18:00:00;0.0;104.00000000000001;103.76552;0.0;0.68;0.0;0.68;0.44551724
2025-09-08 19:00:00;0.0;47.699999999999996;47.465517;0.0;0.68;0.0;0.68;0.44551724
2025-09-08 20:00:00;0.0;32.0;31.927586;0.0;0.21;0.0;0.21;0.13758621
2025-09-08 21:00:00;0.0;8.85;8.7775862;0.0;0.21;0.0;0.21;0.13758621
2025-09-08 22:00:00;0.072413793;0.0;0.0;0.0;0.21;0.0;0.21;0.13758621
2025-09-08 23:00:00;0.52758621;0.0;0.0;0.0;1.53;0.0;1.53;1.0024138
2025-09-09 00:00:00;0.52758621;0.0;0.0;0.0;1.53;0.0;1.53;1.0024138
2025-09-09 01:00:00;0.52758621;0.0;0.0;0.0;1.53;0.0;1.53;1.0024138
2025-09-09 02:00:00;2.2965517;0.0;0.0;0.0;6.66;0.0;6.66;4.3634483
2025-09-09 03:00:00;2.2965517;0.0;0.0;0.0;6.66;0.0;6.66;4.3634483
2025-09-09 04:00:00;2.2965517;0.0;0.0;0.0;6.66;0.0;6.66;4.3634483
2025-09-09 05:00:00;2.8965517;0.0;0.0;0.0;8.4;0.0;8.4;5.5034483
2025-09-09 06:00:00;2.8965517;0.0;0.0;0.0;8.4;0.0;8.4;5.5034483
2025-09-09 07:00:00;2.8965517;0.0;0.0;0.0;8.4;0.0;8.4;5.5034483
2025-09-09 08:00:00;1.6310345;0.0;0.0;0.0;4.73;0.0;4.73;3.0989655
2025-09-09 09:00:00;1.6310345;0.0;0.0;0.0;4.73;0.0;4.73;3.0989655
2025-09-09 10:00:00;0.0;2.6;0.96896552;0.0;4.73;0.0;4.73;3.0989655
2025-09-09 11:00:00;0.0;2.25;1.1810345;0.0;3.1;0.0;3.1;2.0310345
2025-09-09 12:00:00;0.0;6.28;5.2110345;0.0;3.1;0.0;3.1;2.0310345
2025-09-09 13:00:00;0.0;12.1;11.031034;0.0;3.1;0.0;3.1;2.0310345
2025-09-09 14:00:00;0.0;25.3;24.637931;0.0;1.92;0.0;1.9200000000000002;1.257931
2025-09-09 15:00:00;0.0;37.6;36.937931;0.0;1.92;0.0;1.9200000000000002;1.257931
2025-09-09 16:00:00;0.0;27.1;26.437931;0.0;1.92;0.0;1.9200000000000002;1.257931
2025-09-09 17:00:00;0.0;28.3;27.337931;0.0;2.79;0.0;2.79;1.827931
2025-09-09 18:00:00;0.0;27.9;26.937931;0.0;2.79;0.0;2.79;1.827931
2025-09-09 19:00:00;0.0;38.1;37.137931;0.0;2.79;0.0;2.79;1.827931
2025-09-09 20:00:00;0.0;9.73;7.8527358;0.0;5.44;0.0;5.44;3.5627358
2025-09-09 21:00:00;0.0;5.15;3.1891148;0.0;5.44;0.0;5.44;3.4791148
2025-09-09 22:00:00;1.9133369;0.1;0.0;0.0;5.44;0.0;5.44;3.4266631
2025-09-09 23:00:00;2.3012111;0.0;0.0;0.0;6.09;0.0;6.09;3.7887889
2025-09-10 00:00:00;2.2858613;0.0;0.0;0.0;6.09;0.0;6.09;3.8041387
2025-09-10 01:00:00;2.3028405;0.0;0.0;0.0;6.09;0.0;6.09;3.7871595
2025-09-10 02:00:00;2.5234017;0.0;0.0;0.0;6.7;0.0;6.7;4.1765983
2025-09-10 03:00:00;2.51932;0.0;0.0;0.0;6.7;0.0;6.7;4.18068
2025-09-10 04:00:00;2.5082262;0.0;0.0;0.0;6.7;0.0;6.7;4.1917738
2025-09-10 05:00:00;2.1893751;0.0;0.0;0.0;5.95;0.0;5.95;3.7606249
2025-09-10 06:00:00;2.0923548;0.0;0.0;0.0;5.95;0.0;5.95;3.8576452
2025-09-10 07:00:00;2.0517241;0.0;0.0;0.0;5.95;0.0;5.95;3.8982759
2025-09-10 08:00:00;1.0448276;0.0;0.0;0.0;3.03;0.0;3.03;1.9851724
2025-09-10 09:00:00;0.0;3.5;2.4551724;0.0;3.03;0.0;3.03;1.9851724
2025-09-10 10:00:00;0.0;16.8;15.755172;0.0;3.03;0.0;3.03;1.9851724
2025-09-10 11:00:00;0.0;31.8;31.596552;0.0;0.59;0.0;0.59;0.38655172
2025-09-10 12:00:00;0.0;71.2;70.996552;0.0;0.59;0.0;0.59;0.38655172
2025-09-10 13:00:00;0.0;119.0;118.79655;0.0;0.59;0.0;0.59;0.38655172
2025-09-10 14:00:00;0.0;122.0;121.9931;0.0;0.02;0.0;0.02;0.013103448
2025-09-10 15:00:00;0.0;138.0;137.9931;0.0;0.02;0.0;0.02;0.013103448
2025-09-10 16:00:00;0.0;157.0;156.9931;0.0;0.02;0.0;0.02;0.013103448
2025-09-10 17:00:00;0.0;139.0;138.6931;0.0;0.89;0.0;0.8899999999999999;0.58310345
2025-09-10 18:00:00;0.0;108.99999999999999;108.6931;0.0;0.89;0.0;0.8899999999999999;0.58310345
2025-09-10 19:00:00;0.0;98.4;98.093103;0.0;0.89;0.0;0.8899999999999999;0.58310345
2025-09-10 20:00:00;0.0;37.6;37.151724;0.0;1.3;0.0;1.3;0.85172414
2025-09-10 21:00:00;0.0;8.3;7.8517241;0.0;1.3;0.0;1.3;0.85172414
2025-09-10 22:00:00;0.048275862;0.4;0.0;0.0;1.3;0.0;1.3;0.85172414
2025-09-10 23:00:00;0.9137931;0.0;0.0;0.0;2.65;0.0;2.65;1.7362069
2025-09-11 00:00:00;0.9137931;0.0;0.0;0.0;2.65;0.0;2.65;1.7362069
2025-09-11 01:00:00;0.9137931;0.0;0.0;0.0;2.65;0.0;2.65;1.7362069
2025-09-11 02:00:00;0.80689655;0.0;0.0;0.0;2.34;0.0;2.34;1.5331034
2025-09-11 03:00:00;0.80689655;0.0;0.0;0.0;2.34;0.0;2.34;1.5331034
2025-09-11 04:00:00;0.80689655;0.0;0.0;0.0;2.34;0.0;2.34;1.5331034
2025-09-11 05:00:00;0.84482759;0.0;0.0;0.0;2.45;0.0;2.45;1.6051724
2025-09-11 06:00:00;0.84482759;0.0;0.0;0.0;2.45;0.0;2.45;1.6051724
2025-09-11 07:00:00;0.84482759;0.0;0.0;0.0;2.45;0.0;2.45;1.6051724
2025-09-11 08:00:00;0.74827586;0.0;0.0;0.0;2.17;0.0;2.17;1.4217241
2025-09-11 09:00:00;0.0;1.53;0.78172414;0.0;2.17;0.0;2.17;1.4217241
2025-09-11 10:00:00;0.0;8.9;8.1517241;0.0;2.17;0.0;2.17;1.4217241
2025-09-11 11:00:00;0.0;40.7;40.558621;0.0;0.41;0.0;0.41;0.26862069
2025-09-11 12:00:00;0.0;78.9;78.758621;0.0;0.41;0.0;0.41;0.26862069
2025-09-11 13:00:00;0.0;91.30000000000001;91.158621;0.0;0.41;0.0;0.41;0.26862069
2025-09-11 14:00:00;0.0;111.00000000000001;110.88966;0.0;0.32;0.0;0.32;0.20965517
2025-09-11 15:00:00;0.0;91.4;91.289655;0.0;0.32;0.0;0.32;0.20965517
2025-09-11 16:00:00;0.0;123.0;122.88966;0.0;0.32;0.0;0.32;0.20965517
2025-09-11 17:00:00;0.0;113.0;111.2931;0.0;4.95;0.0;4.95;3.2431034
2025-09-11 18:00:00;0.0;117.99999999999999;116.2931;0.0;4.95;0.0;4.95;3.2431034
2025-09-11 19:00:00;0.0;57.2;55.493103;0.0;4.95;0.0;4.95;3.2431034
2025-09-11 20:00:00;0.0;4.93;2.492069;0.0;7.07;0.0;7.069999999999999;4.632069
2025-09-11 21:00:00;0.037931034;2.4;0.0;0.0;7.07;0.0;7.069999999999999;4.632069
2025-09-11 22:00:00;2.137931;0.3;0.0;0.0;7.07;0.0;7.069999999999999;4.632069
2025-09-11 23:00:00;1.9448276;0.0;0.0;0.0;5.64;0.0;5.64;3.6951724
2025-09-12 00:00:00;1.9448276;0.0;0.0;0.0;5.64;0.0;5.64;3.6951724
2025-09-12 01:00:00;1.9448276;0.0;0.0;0.0;5.64;0.0;5.64;3.6951724
2025-09-12 02:00:00;1.9551724;0.0;0.0;0.0;5.67;0.0;5.67;3.7148276
2025-09-12 03:00:00;1.9551724;0.0;0.0;0.0;5.67;0.0;5.67;3.7148276
2025-09-12 04:00:00;1.9551724;0.0;0.0;0.0;5.67;0.0;5.67;3.7148276
2025-09-12 05:00:00;1.6586207;0.0;0.0;0.0;4.81;0.0;4.81;3.1513793
2025-09-12 06:00:00;1.6586207;0.0;0.0;0.0;4.81;0.0;4.81;3.1513793
2025-09-12 07:00:00;1.6586207;0.0;0.0;0.0;4.81;0.0;4.81;3.1513793
2025-09-12 08:00:00;0.84137931;0.0;0.0;0.0;2.44;0.0;2.44;1.5986207
2025-09-12 09:00:00;0.0;1.9299999999999997;1.0886207;0.0;2.44;0.0;2.44;1.5986207
2025-09-12 10:00:00;0.0;11.9;11.058621;0.0;2.44;0.0;2.44;1.5986207
2025-09-12 11:00:00;0.0;43.7;43.375862;0.0;0.94;0.0;0.94;0.61586207
2025-09-12 12:00:00;0.0;74.8;74.475862;0.0;0.94;0.0;0.94;0.61586207
2025-09-12 13:00:00;0.0;114.0;113.67586;0.0;0.94;0.0;0.94;0.61586207
2025-09-12 14:00:00;0.0;130.0;129.70345;0.0;0.86;0.0;0.8599999999999999;0.56344828
2025-09-12 15:00:00;0.0;124.99999999999999;124.70345;0.0;0.86;0.0;0.8599999999999999;0.56344828
2025-09-12 16:00:00;0.0;101.0;100.70345;0.0;0.86;0.0;0.8599999999999999;0.56344828
2025-09-12 17:00:00;0.0;82.8;82.344828;0.0;1.32;0.0;1.32;0.86482759
2025-09-12 18:00:00;0.0;79.1;78.644828;0.0;1.32;0.0;1.32;0.86482759
2025-09-12 19:00:00;0.0;32.1;31.644828;0.0;1.32;0.0;1.32;0.86482759
2025-09-12 20:00:00;0.0;26.099999999999998;24.382759;0.0;4.98;0.0;4.98;3.2627586
2025-09-12 21:00:00;0.0;10.1;8.3827586;0.0;4.98;0.0;4.98;3.2627586
2025-09-12 22:00:00;1.3172414;0.4;0.0;0.0;4.98;0.0;4.98;3.2627586
2025-09-12 23:00:00;2.1517241;0.0;0.0;0.0;6.24;0.0;6.24;4.0882759
2025-09-13 00:00:00;2.1517241;0.0;0.0;0.0;6.24;0.0;6.24;4.0882759
2025-09-13 01:00:00;2.1517241;0.0;0.0;0.0;6.24;0.0;6.24;4.0882759
2025-09-13 02:00:00;0.95862069;0.0;0.0;0.0;2.78;0.0;2.78;1.8213793
2025-09-13 03:00:00;0.95862069;0.0;0.0;0.0;2.78;0.0;2.78;1.8213793
2025-09-13 04:00:00;0.95862069;0.0;0.0;0.0;2.78;0.0;2.78;1.8213793
2025-09-13 05:00:00;1.3931034;0.0;0.0;0.0;4.04;0.0;4.04;2.6468966
2025-09-13 06:00:00;1.3931034;0.0;0.0;0.0;4.04;0.0;4.04;2.6468966
2025-09-13 07:00:00;1.3931034;0.0;0.0;0.0;4.04;0.0;4.04;2.6468966
2025-09-13 08:00:00;1.0758621;0.0;0.0;0.0;3.12;0.0;3.12;2.0441379
2025-09-13 09:00:00;0.67586207;0.4;0.0;0.0;3.12;0.0;3.12;2.0441379
2025-09-13 10:00:00;0.0;7.48;6.4041379;0.0;3.12;0.0;3.12;2.0441379
2025-09-13 11:00:00;0.0;22.600000000000005;22.6;0.0;0.0;0.0;0.0;0.0
2025-09-13 12:00:00;0.0;60.9;60.9;0.0;0.0;0.0;0.0;0.0
2025-09-13 13:00:00;0.0;74.8;74.8;0.0;0.0;0.0;0.0;0.0
2025-09-13 14:00:00;0.0;123.0;122.89655;0.0;0.3;0.0;0.3;0.19655172
2025-09-13 15:00:00;0.0;142.0;141.89655;0.0;0.3;0.0;0.3;0.19655172
2025-09-13 16:00:00;0.0;107.0;106.89655;0.0;0.3;0.0;0.3;0.19655172
2025-09-13 17:00:00;0.0;79.9;79.096552;0.0;2.33;0.0;2.33;1.5265517
2025-09-13 18:00:00;0.0;80.8;79.996552;0.0;2.33;0.0;2.33;1.5265517
2025-09-13 19:00:00;0.0;41.0;40.196552;0.0;2.33;0.0;2.33;1.5265517
2025-09-13 20:00:00;0.0;13.4;10.406897;0.0;8.68;0.0;8.68;5.6868966
2025-09-13 21:00:00;2.2931034;0.7000000000000002;0.0;0.0;8.68;0.0;8.68;5.6868966
2025-09-13 22:00:00;2.9931034;0.0;0.0;0.0;8.68;0.0;8.68;5.6868966
2025-09-13 23:00:00;3.3689655;0.0;0.0;0.0;9.77;0.0;9.77;6.4010345
2025-09-14 00:00:00;3.3689655;0.0;0.0;0.0;9.77;0.0;9.77;6.4010345
2025-09-14 01:00:00;3.3689655;0.0;0.0;0.0;9.77;0.0;9.77;6.4010345
2025-09-14 02:00:00;2.0282149;0.0;0.0;0.0;5.86;0.0;5.86;3.8317851
2025-09-14 03:00:00;2.0490179;0.0;0.0;0.0;5.86;0.0;5.86;3.8109821
2025-09-14 04:00:00;2.0625774;0.0;0.0;0.0;5.86;0.0;5.86;3.7974226
2025-09-14 05:00:00;2.1731107;0.0;0.0;0.0;6.18;0.0;6.18;4.0068893
2025-09-14 06:00:00;2.1310345;0.0;0.0;0.0;6.18;0.0;6.18;4.0489655
2025-09-14 07:00:00;2.1310345;0.0;0.0;0.0;6.18;0.0;6.18;4.0489655
2025-09-14 08:00:00;0.93448276;0.0;0.0;0.0;2.71;0.0;2.71;1.7755172
2025-09-14 09:00:00;0.0;2.5;1.5655172;0.0;2.71;0.0;2.71;1.7755172
2025-09-14 10:00:00;0.0;11.7;10.765517;0.0;2.71;0.0;2.71;1.7755172
2025-09-14 11:00:00;0.0;46.8;46.537931;0.0;0.76;0.0;0.76;0.49793103
2025-09-14 12:00:00;0.0;88.6;88.337931;0.0;0.76;0.0;0.76;0.49793103
2025-09-14 13:00:00;0.0;108.0;107.73793;0.0;0.76;0.0;0.76;0.49793103
2025-09-14 14:00:00;0.0;142.0;141.68276;0.0;0.92;0.0;0.9199999999999999;0.60275862
2025-09-14 15:00:00;0.0;151.0;150.68276;0.0;0.92;0.0;0.9199999999999999;0.60275862
2025-09-14 16:00:00;0.0;156.0;155.68276;0.0;0.92;0.0;0.9199999999999999;0.60275862
2025-09-14 17:00:00;0.0;130.0;129.7931;0.0;0.6;0.0;0.6;0.39310345
2025-09-14 18:00:00;0.0;94.8;94.593103;0.0;0.6;0.0;0.6;0.39310345
2025-09-14 19:00:00;0.0;57.9;57.693103;0.0;0.6;0.0;0.6;0.39310345
2025-09-14 20:00:00;0.0;8.25;7.2844828;0.0;2.8;0.0;2.8;1.8344828
2025-09-14 21:00:00;0.090517241;0.875;0.0;0.0;2.8;0.0;2.8;1.8344828
2025-09-14 22:00:00;0.96551724;0.0;0.0;0.0;2.8;0.0;2.8;1.8344828
2025-09-14 23:00:00;0.17586207;0.0;0.0;0.0;0.51;0.0;0.51;0.33413793
2025-09-15 00:00:00;0.17586207;0.0;0.0;0.0;0.51;0.0;0.51;0.33413793
2025-09-15 01:00:00;0.17586207;0.0;0.0;0.0;0.51;0.0;0.51;0.33413793
2025-09-15 02:00:00;0.0;0.0;0.0;0.0;0.0;0.0;0.0;0.0
2025-09-15 03:00:00;0.0;0.0;0.0;0.0;0.0;0.0;0.0;0.0
2025-09-15 04:00:00;0.0;0.0;0.0;0.0;0.0;0.0;0.0;0.0
2025-09-15 05:00:00;0.42758621;0.0;0.0;0.0;1.24;0.0;1.24;0.81241379
2025-09-15 06:00:00;0.42758621;0.0;0.0;0.0;1.24;0.0;1.24;0.81241379
2025-09-15 07:00:00;0.42758621;0.0;0.0;0.0;1.24;0.0;1.24;0.81241379
2025-09-15 08:00:00;0.55172414;0.0;0.0;0.0;1.6;0.0;1.6;1.0482759
2025-09-15 09:00:00;0.0;0.8;0.24827586;0.0;1.6;0.0;1.6;1.0482759
2025-09-15 10:00:00;0.0;10.1;9.5482759;0.0;1.6;0.0;1.6;1.0482759
2025-09-15 11:00:00;0.0;44.4;44.186207;0.0;0.62;0.0;0.62;0.4062069
2025-09-15 12:00:00;0.0;72.9;72.686207;0.0;0.62;0.0;0.62;0.4062069
2025-09-15 13:00:00;0.0;87.8;87.586207;0.0;0.62;0.0;0.62;0.4062069
2025-09-15 14:00:00;0.0;86.8;86.8;0.0;0.0;0.0;0.0;0.0
2025-09-15 15:00:00;0.0;108.0;108.0;0.0;0.0;0.0;0.0;0.0
2025-09-15 16:00:00;0.0;74.1;74.1;0.0;0.0;0.0;0.0;0.0
2025-09-15 17:00:00;0.0;120.00000000000001;118.76897;0.0;3.57;0.0;3.5700000000000003;2.3389655
2025-09-15 18:00:00;0.0;122.0;120.76897;0.0;3.57;0.0;3.5700000000000003;2.3389655
2025-09-15 19:00:00;0.0;37.1;35.868966;0.0;3.57;0.0;3.5700000000000003;2.3389655
2025-09-15 20:00:00;0.0;25.6;24.168966;0.0;4.15;0.0;4.15;2.7189655
2025-09-15 21:00:00;0.0;5.07;3.6389655;0.0;4.15;0.0;4.15;2.7189655
2025-09-15 22:00:00;1.4310345;0.0;0.0;0.0;4.15;0.0;4.15;2.7189655
2025-09-15 23:00:00;1.362069;0.0;0.0;0.0;3.95;0.0;3.9499999999999997;2.587931
2025-09-16 00:00:00;1.362069;0.0;0.0;0.0;3.95;0.0;3.9499999999999997;2.587931
2025-09-16 01:00:00;1.362069;0.0;0.0;0.0;3.95;0.0;3.9499999999999997;2.587931
2025-09-16 02:00:00;1.337931;0.0;0.0;0.0;3.88;0.0;3.8800000000000003;2.542069
2025-09-16 03:00:00;1.337931;0.0;0.0;0.0;3.88;0.0;3.8800000000000003;2.542069
2025-09-16 04:00:00;1.337931;0.0;0.0;0.0;3.88;0.0;3.8800000000000003;2.542069
2025-09-16 05:00:00;1.662069;0.0;0.0;0.0;4.82;0.0;4.82;3.157931
2025-09-16 06:00:00;1.662069;0.0;0.0;0.0;4.82;0.0;4.82;3.157931
2025-09-16 07:00:00;1.662069;0.0;0.0;0.0;4.82;0.0;4.82;3.157931
2025-09-16 08:00:00;0.92758621;0.0;0.0;0.0;2.69;0.0;2.69;1.7624138
2025-09-16 09:00:00;0.0;1.65;0.72241379;0.0;2.69;0.0;2.69;1.7624138
2025-09-16 10:00:00;0.0;10.899999999999999;9.9724138;0.0;2.69;0.0;2.69;1.7624138
2025-09-16 11:00:00;0.0;25.799999999999997;25.57931;0.0;0.64;0.0;0.64;0.41931034
2025-09-16 12:00:00;0.0;45.0;44.77931;0.0;0.64;0.0;0.64;0.41931034
2025-09-16 13:00:00;0.0;67.3;67.07931;0.0;0.64;0.0;0.64;0.41931034
2025-09-16 14:00:00;0.0;111.00000000000001;110.57586;0.0;1.23;0.0;1.23;0.80586207
2025-09-16 15:00:00;0.0;120.00000000000001;119.57586;0.0;1.23;0.0;1.23;0.80586207
2025-09-16 16:00:00;0.0;113.0;112.57586;0.0;1.23;0.0;1.23;0.80586207
2025-09-16 17:00:00;0.0;73.1;72.817241;0.0;0.82;0.0;0.82;0.53724138
2025-09-16 18:00:00;0.0;98.30000000000001;98.017241;0.0;0.82;0.0;0.82;0.53724138
2025-09-16 19:00:00;0.0;39.6;39.317241;0.0;0.82;0.0;0.82;0.53724138
2025-09-16 20:00:00;0.0;12.899999999999999;11.075862;0.0;5.29;0.0;5.29;3.4658621
2025-09-16 21:00:00;0.0;4.45;2.6258621;0.0;5.29;0.0;5.29;3.4658621
2025-09-16 22:00:00;1.8241379;0.0;0.0;0.0;5.29;0.0;5.29;3.4658621
2025-09-16 23:00:00;1.9551724;0.0;0.0;0.0;5.67;0.0;5.67;3.7148276
2025-09-17 00:00:00;1.9551724;0.0;0.0;0.0;5.67;0.0;5.67;3.7148276
2025-09-17 01:00:00;1.9551724;0.0;0.0;0.0;5.67;0.0;5.67;3.7148276
2025-09-17 02:00:00;2.1641347;0.0;0.0;0.0;6.25;0.0;6.25;4.0858653
2025-09-17 03:00:00;2.1819903;0.0;0.0;0.0;6.25;0.0;6.25;4.0680097
2025-09-17 04:00:00;2.186758;0.0;0.0;0.0;6.25;0.0;6.25;4.063242
2025-09-17 05:00:00;1.5815253;0.0;0.0;0.0;4.54;0.0;4.54;2.9584747
2025-09-17 06:00:00;1.5655172;0.0;0.0;0.0;4.54;0.0;4.54;2.9744828
2025-09-17 07:00:00;1.5655172;0.0;0.0;0.0;4.54;0.0;4.54;2.9744828
2025-09-17 08:00:00;0.83103448;0.0;0.0;0.0;2.41;0.0;2.41;1.5789655
2025-09-17 09:00:00;0.0;1.6;0.76896552;0.0;2.41;0.0;2.41;1.5789655
2025-09-17 10:00:00;0.0;16.5;15.668966;0.0;2.41;0.0;2.41;1.5789655
2025-09-17 11:00:00;0.0;16.9;16.606897;0.0;0.85;0.0;0.85;0.55689655
2025-09-17 12:00:00;0.0;23.6;23.306897;0.0;0.85;0.0;0.85;0.55689655
2025-09-17 13:00:00;0.0;57.0;56.706897;0.0;0.85;0.0;0.85;0.55689655
2025-09-17 14:00:00;0.0;77.5;77.258621;0.0;0.7;0.0;0.7;0.45862069
2025-09-17 15:00:00;0.0;68.9;68.658621;0.0;0.7;0.0;0.7;0.45862069
2025-09-17 16:00:00;0.0;58.2;57.958621;0.0;0.7;0.0;0.7;0.45862069
2025-09-17 17:00:00;0.0;52.8;52.62069;0.0;0.52;0.0;0.52;0.34068966
2025-09-17 18:00:00;0.0;27.8;27.62069;0.0;0.52;0.0;0.52;0.34068966
2025-09-17 19:00:00;0.0;22.300000000000004;22.12069;0.0;0.52;0.0;0.52;0.34068966
2025-09-17 20:00:00;0.0;11.6;11.434483;0.0;0.48;0.0;0.48000000000000004;0.31448276
2025-09-17 21:00:00;0.0;2.8299999999999996;2.6644828;0.0;0.48;0.0;0.48000000000000004;0.31448276
2025-09-17 22:00:00;0.16551724;0.0;0.0;0.0;0.48;0.0;0.48000000000000004;0.31448276
2025-09-17 23:00:00;0.3862069;0.0;0.0;0.0;1.12;0.0;1.12;0.7337931
2025-09-18 00:00:00;0.3862069;0.0;0.0;0.0;1.12;0.0;1.12;0.7337931
2025-09-18 01:00:00;0.3862069;0.0;0.0;0.0;1.12;0.0;1.12;0.7337931
2025-09-18 02:00:00;1.0655172;0.0;0.0;0.0;3.09;0.0;3.09;2.0244828
2025-09-18 03:00:00;1.0655172;0.0;0.0;0.0;3.09;0.0;3.09;2.0244828
2025-09-18 04:00:00;1.0655172;0.0;0.0;0.0;3.09;0.0;3.09;2.0244828
2025-09-18 05:00:00;1.1517241;0.0;0.0;0.0;3.34;0.0;3.34;2.1882759
2025-09-18 06:00:00;1.1517241;0.0;0.0;0.0;3.34;0.0;3.34;2.1882759
2025-09-18 07:00:00;1.1517241;0.0;0.0;0.0;3.34;0.0;3.34;2.1882759
2025-09-18 08:00:00;0.3;0.0;0.0;0.0;0.87;0.0;0.8699999999999999;0.57
2025-09-18 09:00:00;0.0;0.7000000000000002;0.4;0.0;0.87;0.0;0.8699999999999999;0.57
2025-09-18 10:00:00;0.0;5.07;4.77;0.0;0.87;0.0;0.8699999999999999;0.57
2025-09-18 11:00:00;0.0;16.0;15.910345;0.0;0.26;0.0;0.26;0.17034483
2025-09-18 12:00:00;0.0;31.8;31.710345;0.0;0.26;0.0;0.26;0.17034483
2025-09-18 13:00:00;0.0;46.0;45.910345;0.0;0.26;0.0;0.26;0.17034483
2025-09-18 14:00:00;0.0;65.9;65.803448;0.0;0.28;0.0;0.28;0.18344828
2025-09-18 15:00:00;0.0;95.39999999999999;95.303448;0.0;0.28;0.0;0.28;0.18344828
2025-09-18 16:00:00;0.0;136.0;135.90345;0.0;0.28;0.0;0.28;0.18344828
2025-09-18 17:00:00;0.0;135.0;134.81034;0.0;0.55;0.0;0.55;0.36034483
2025-09-18 18:00:00;0.0;117.99999999999999;117.81034;0.0;0.55;0.0;0.55;0.36034483
2025-09-18 19:00:00;0.0;82.1;81.910345;0.0;0.55;0.0;0.55;0.36034483
2025-09-18 20:00:00;0.0;40.8;40.137931;0.0;1.92;0.0;1.9200000000000002;1.257931
2025-09-18 21:00:00;0.0;5.6;4.937931;0.0;1.92;0.0;1.9200000000000002;1.257931
2025-09-18 22:00:00;0.66206897;0.0;0.0;0.0;1.92;0.0;1.9200000000000002;1.257931
2025-09-18 23:00:00;0.97586207;0.0;0.0;0.0;2.83;0.0;2.83;1.8541379
2025-09-19 00:00:00;0.97586207;0.0;0.0;0.0;2.83;0.0;2.83;1.8541379
2025-09-19 01:00:00;0.97586207;0.0;0.0;0.0;2.83;0.0;2.83;1.8541379
2025-09-19 02:00:00;1.3241379;0.0;0.0;0.0;3.84;0.0;3.8400000000000003;2.5158621
2025-09-19 03:00:00;1.3241379;0.0;0.0;0.0;3.84;0.0;3.8400000000000003;2.5158621
2025-09-19 04:00:00;1.3241379;0.0;0.0;0.0;3.84;0.0;3.8400000000000003;2.5158621
2025-09-19 05:00:00;1.3551724;0.0;0.0;0.0;3.93;0.0;3.9299999999999997;2.5748276
2025-09-19 06:00:00;1.3551724;0.0;0.0;0.0;3.93;0.0;3.9299999999999997;2.5748276
2025-09-19 07:00:00;1.3551724;0.0;0.0;0.0;3.93;0.0;3.9299999999999997;2.5748276
2025-09-19 08:00:00;0.82413793;0.0;0.0;0.0;2.39;0.0;2.39;1.5658621
2025-09-19 09:00:00;0.0;1.55;0.72586207;0.0;2.39;0.0;2.39;1.5658621
2025-09-19 10:00:00;0.0;10.1;9.2758621;0.0;2.39;0.0;2.39;1.5658621
2025-09-19 11:00:00;0.0;41.5;41.268966;0.0;0.67;0.0;0.67;0.43896552
2025-09-19 12:00:00;0.0;81.9;81.668966;0.0;0.67;0.0;0.67;0.43896552
2025-09-19 13:00:00;0.0;115.0;114.76897;0.0;0.67;0.0;0.67;0.43896552
2025-09-19 14:00:00;0.0;134.0;133.8;0.0;0.58;0.0;0.58;0.38
2025-09-19 15:00:00;0.0;132.0;131.8;0.0;0.58;0.0;0.58;0.38
2025-09-19 16:00:00;0.0;135.0;134.8;0.0;0.58;0.0;0.58;0.38
2025-09-19 17:00:00;0.0;134.0;133.72759;0.0;0.79;0.0;0.79;0.51758621
2025-09-19 18:00:00;0.0;114.0;113.72759;0.0;0.79;0.0;0.79;0.51758621
2025-09-19 19:00:00;0.0;84.3;84.027586;0.0;0.79;0.0;0.79;0.51758621
2025-09-19 20:00:00;0.0;41.1;41.062069;0.0;0.11;0.0;0.10999999999999999;0.072068966
2025-09-19 21:00:00;0.0;5.05;5.012069;0.0;0.11;0.0;0.10999999999999999;0.072068966
2025-09-19 22:00:00;0.037931034;0.0;0.0;0.0;0.11;0.0;0.10999999999999999;0.072068966
2025-09-19 23:00:00;0.23103448;0.0;0.0;0.0;0.67;0.0;0.67;0.43896552
2025-09-20 00:00:00;0.23103448;0.0;0.0;0.0;0.67;0.0;0.67;0.43896552
2025-09-20 01:00:00;0.23103448;0.0;0.0;0.0;0.67;0.0;0.67;0.43896552
2025-09-20 02:00:00;1.2517241;0.0;0.0;0.0;3.63;0.0;3.6300000000000003;2.3782759
2025-09-20 03:00:00;1.2517241;0.0;0.0;0.0;3.63;0.0;3.6300000000000003;2.3782759
2025-09-20 04:00:00;1.2517241;0.0;0.0;0.0;3.63;0.0;3.6300000000000003;2.3782759
2025-09-20 05:00:00;0.86206897;0.0;0.0;0.0;2.5;0.0;2.5;1.637931
2025-09-20 06:00:00;0.86206897;0.0;0.0;0.0;2.5;0.0;2.5;1.637931
2025-09-20 07:00:00;0.86206897;0.0;0.0;0.0;2.5;0.0;2.5;1.637931
2025-09-20 08:00:00;0.096551724;0.0;0.0;0.0;0.28;0.0;0.28;0.18344828
2025-09-20 09:00:00;0.0;2.85;2.7534483;0.0;0.28;0.0;0.28;0.18344828
2025-09-20 10:00:00;0.0;11.000000000000002;10.903448;0.0;0.28;0.0;0.28;0.18344828
2025-09-20 11:00:00;0.0;24.899999999999995;24.775862;0.0;0.36;0.0;0.36;0.23586207
2025-09-20 12:00:00;0.0;56.9;56.775862;0.0;0.36;0.0;0.36;0.23586207
2025-09-20 13:00:00;0.0;44.199999999999996;44.075862;0.0;0.36;0.0;0.36;0.23586207
2025-09-20 14:00:00;0.0;82.0;81.903448;0.0;0.28;0.0;0.28;0.18344828
2025-09-20 15:00:00;0.0;93.1;93.003448;0.0;0.28;0.0;0.28;0.18344828
2025-09-20 16:00:00;0.0;62.29999999999999;62.203448;0.0;0.28;0.0;0.28;0.18344828
2025-09-20 17:00:00;0.0;37.8;37.682759;0.0;0.34;0.0;0.34;0.22275862
2025-09-20 18:00:00;0.0;23.9;23.782759;0.0;0.34;0.0;0.34;0.22275862
2025-09-20 19:00:00;0.0;15.5;15.382759;0.0;0.34;0.0;0.34;0.22275862
2025-09-20 20:00:00;0.0;4.8;4.7103448;0.0;0.26;0.0;0.26;0.17034483
2025-09-20 21:00:00;0.0;0.7000000000000002;0.61034483;0.0;0.26;0.0;0.26;0.17034483
2025-09-20 22:00:00;0.089655172;0.0;0.0;0.0;0.26;0.0;0.26;0.17034483
2025-09-20 23:00:00;0.031034483;0.0;0.0;0.0;0.09;0.0;0.09;0.058965517
2025-09-21 00:00:00;0.031034483;0.0;0.0;0.0;0.09;0.0;0.09;0.058965517
2025-09-21 01:00:00;0.031034483;0.0;0.0;0.0;0.09;0.0;0.09;0.058965517
2025-09-21 02:00:00;0.062068966;0.0;0.0;0.0;0.18;0.0;0.18;0.11793103
2025-09-21 03:00:00;0.062068966;0.0;0.0;0.0;0.18;0.0;0.18;0.11793103
2025-09-21 04:00:00;0.062068966;0.0;0.0;0.0;0.18;0.0;0.18;0.11793103
2025-09-21 05:00:00;1.2896552;0.0;0.0;0.0;3.74;0.0;3.7399999999999998;2.4503448
2025-09-21 06:00:00;1.2896552;0.0;0.0;0.0;3.74;0.0;3.7399999999999998;2.4503448
2025-09-21 07:00:00;1.2896552;0.0;0.0;0.0;3.74;0.0;3.7399999999999998;2.4503448
2025-09-21 08:00:00;1.2586207;0.0;0.0;0.0;3.65;0.0;3.6500000000000004;2.3913793
2025-09-21 09:00:00;1.0586207;0.2;0.0;0.0;3.65;0.0;3.6500000000000004;2.3913793
2025-09-21 10:00:00;0.0;1.45;0.19137931;0.0;3.65;0.0;3.6500000000000004;2.3913793
2025-09-21 11:00:00;0.0;11.2;10.362069;0.0;2.43;0.0;2.43;1.592069
2025-09-21 12:00:00;0.0;31.3;30.462069;0.0;2.43;0.0;2.43;1.592069
2025-09-21 13:00:00;0.0;35.0;34.162069;0.0;2.43;0.0;2.43;1.592069
2025-09-21 14:00:00;0.0;59.1;57.993103;0.0;3.21;0.0;3.21;2.1031034
2025-09-21 15:00:00;0.0;50.3;49.193103;0.0;3.21;0.0;3.21;2.1031034
2025-09-21 16:00:00;0.0;43.5;42.393103;0.0;3.21;0.0;3.21;2.1031034
2025-09-21 17:00:00;0.0;21.5;19.931034;0.0;4.55;0.0;4.55;2.9810345
2025-09-21 18:00:00;0.0;28.8;27.231034;0.0;4.55;0.0;4.55;2.9810345
2025-09-21 19:00:00;0.0;19.6;18.031034;0.0;4.55;0.0;4.55;2.9810345
2025-09-21 20:00:00;0.0;6.18;3.9455172;0.0;6.48;0.0;6.48;4.2455172
2025-09-21 21:00:00;0.42211953;1.83;0.0;0.0;6.48;0.0;6.48;4.2278805
2025-09-21 22:00:00;2.2844753;0.0;0.0;0.0;6.48;0.0;6.48;4.1955247
2025-09-21 23:00:00;2.1735297;0.0;0.0;0.0;6.09;0.0;6.09;3.9164703
2025-09-22 00:00:00;2.2003328;0.0;0.0;0.0;6.09;0.0;6.09;3.8896672
2025-09-22 01:00:00;2.2171263;0.0;0.0;0.0;6.09;0.0;6.09;3.8728737
2025-09-22 02:00:00;3.8589032;0.0;0.0;0.0;10.46;0.0;10.46;6.6010968
2025-09-22 03:00:00;3.8922635;0.0;0.0;0.0;10.46;0.0;10.46;6.5677365
2025-09-22 04:00:00;3.9212897;0.0;0.0;0.0;10.46;0.0;10.46;6.5387103
2025-09-22 05:00:00;3.4491706;0.0;0.0;0.0;9.19;0.0;9.19;5.7408294
2025-09-22 06:00:00;3.3584261;0.0;0.0;0.0;9.19;0.0;9.19;5.8315739
2025-09-22 07:00:00;3.2851597;0.0;0.0;0.0;9.19;0.0;9.19;5.9048403
2025-09-22 08:00:00;1.3430532;0.0;0.0;0.0;3.88;0.0;3.8800000000000003;2.5369468
2025-09-22 09:00:00;0.83793103;0.5;0.0;0.0;3.88;0.0;3.8800000000000003;2.542069
2025-09-22 10:00:00;0.0;7.9;6.562069;0.0;3.88;0.0;3.8800000000000003;2.542069
2025-09-22 11:00:00;0.0;29.9;29.782759;0.0;0.34;0.0;0.34;0.22275862
2025-09-22 12:00:00;0.0;49.79999999999999;49.682759;0.0;0.34;0.0;0.34;0.22275862
2025-09-22 13:00:00;0.0;112.0;111.88276;0.0;0.34;0.0;0.34;0.22275862
2025-09-22 14:00:00;0.0;126.0;125.46897;0.0;1.54;0.0;1.54;1.0089655
2025-09-22 15:00:00;0.0;114.0;113.46897;0.0;1.54;0.0;1.54;1.0089655
2025-09-22 16:00:00;0.0;52.3;51.768966;0.0;1.54;0.0;1.54;1.0089655
2025-09-22 17:00:00;0.0;31.3;29.775862;0.0;4.42;0.0;4.42;2.8958621
2025-09-22 18:00:00;0.0;46.8;45.273574;0.0;4.42;0.0;4.42;2.8935744
2025-09-22 19:00:00;0.0;17.2;15.635292;0.0;4.42;0.0;4.42;2.8552925
2025-09-22 20:00:00;0.0;8.48;6.2941916;0.0;6.1;0.0;6.1;3.9141916
2025-09-22 21:00:00;0.23070784;1.9699999999999998;0.0;0.0;6.1;0.0;6.1;3.8992922
2025-09-22 22:00:00;2.2180562;0.0;0.0;0.0;6.1;0.0;6.1;3.8819438
2025-09-22 23:00:00;2.9636984;0.0;0.0;0.0;8.04;0.0;8.04;5.0763016
2025-09-23 00:00:00;3.0057013;0.0;0.0;0.0;8.04;0.0;8.04;5.0342987
2025-09-23 01:00:00;3.0269215;0.0;0.0;0.0;8.04;0.0;8.04;5.0130785
2025-09-23 02:00:00;2.2663792;0.0;0.0;0.0;6.0;0.0;6.0;3.7336208
2025-09-23 03:00:00;2.2643266;0.0;0.0;0.0;6.0;0.0;6.0;3.7356734
2025-09-23 04:00:00;2.2649965;0.0;0.0;0.0;6.0;0.0;6.0;3.7350035
2025-09-23 05:00:00;10.907803;0.0;0.0;0.0;28.88;0.0;28.880000000000003;17.972197
2025-09-23 06:00:00;10.932077;0.0;0.0;0.0;28.88;0.0;28.880000000000003;17.947923
2025-09-23 07:00:00;10.581169;0.0;0.0;0.0;28.88;0.0;28.880000000000003;18.298831
2025-09-23 08:00:00;60.483694;0.0;0.0;0.0;171.24;0.0;171.24;110.75631
2025-09-23 09:00:00;57.898276;1.15;0.0;0.0;171.24;0.0;171.24;112.19172
2025-09-23 10:00:00;49.728276;9.32;0.0;0.0;171.24;0.0;171.24;112.19172
2025-09-23 11:00:00;0.0;41.8;16.331034;0.0;73.86;0.0;73.86;48.391034
2025-09-23 12:00:00;0.0;71.0;45.531034;0.0;73.86;0.0;73.86;48.391034
2025-09-23 13:00:00;0.0;116.0;90.531034;0.0;73.86;0.0;73.86;48.391034
2025-09-23 14:00:00;0.0;113.0;97.810345;0.0;44.05;0.0;44.05;28.860345
2025-09-23 15:00:00;0.0;103.0;87.810345;0.0;44.05;0.0;44.05;28.860345
2025-09-23 16:00:00;0.0;80.7;65.510345;0.0;44.05;0.0;44.05;28.860345
2025-09-23 17:00:00;0.0;107.0;90.327586;0.0;48.35;0.0;48.35;31.677586
2025-09-23 18:00:00;0.0;43.0;26.327586;0.0;48.35;0.0;48.35;31.677586
2025-09-23 19:00:00;0.0;27.6;10.866246;0.0;48.35;0.0;48.35;31.616246
2025-09-23 20:00:00;15.42753;14.2;0.0;0.0;84.42;0.0;84.42;54.79247
2025-09-23 21:00:00;27.896646;1.9699999999999998;0.0;0.0;84.42;0.0;84.42;54.553354
2025-09-23 22:00:00;30.248038;0.0;0.0;0.0;84.42;0.0;84.42;54.171962
2025-09-23 23:00:00;39.825784;0.0;0.0;0.0;109.25;0.0;109.25;69.424216
2025-09-24 00:00:00;40.284881;0.0;0.0;0.0;109.25;0.0;109.25;68.965119
2025-09-24 01:00:00;40.835837;0.0;0.0;0.0;109.25;0.0;109.25;68.414163
2025-09-24 02:00:00;50.963252;0.0;0.0;0.0;135.53;0.0;135.53;84.566748
2025-09-24 03:00:00;50.993306;0.0;0.0;0.0;135.53;0.0;135.53;84.536694
2025-09-24 04:00:00;51.093133;0.0;0.0;0.0;135.53;0.0;135.53;84.436867
2025-09-24 05:00:00;68.600368;0.0;0.0;0.0;181.7;0.0;181.7;113.09963
2025-09-24 06:00:00;67.398816;0.0;0.0;0.0;181.7;0.0;181.7;114.30118
2025-09-24 07:00:00;65.705421;0.0;0.0;0.0;181.7;0.0;181.7;115.99458
2025-09-24 08:00:00;69.497941;0.0;0.0;0.0;199.55;0.0;199.55;130.05206
2025-09-24 09:00:00;67.710345;1.1;0.0;0.0;199.55;0.0;199.55;130.73966
2025-09-24 10:00:00;60.360345;8.45;0.0;0.0;199.55;0.0;199.55;130.73966
2025-09-24 11:00:00;24.148276;24.3;0.0;0.0;140.5;0.0;140.5;92.051724
2025-09-24 12:00:00;13.448276;35.0;0.0;0.0;140.5;0.0;140.5;92.051724
2025-09-24 13:00:00;4.2482759;44.199999999999996;0.0;0.0;140.5;0.0;140.5;92.051724
2025-09-24 14:00:00;0.0;65.8;38.151724;0.0;80.18;0.0;80.18;52.531724
2025-09-24 15:00:00;0.0;60.9;33.251724;0.0;80.18;0.0;80.18;52.531724
2025-09-24 16:00:00;0.0;58.6;30.951724;0.0;80.18;0.0;80.18;52.531724
2025-09-24 17:00:00;0.0;42.2;17.706897;0.0;71.03;0.0;71.03;46.536897
2025-09-24 18:00:00;0.0;30.100000000000005;5.6068966;0.0;71.03;0.0;71.03;46.536897
2025-09-24 19:00:00;3.0737266;21.7;0.0;0.0;71.03;0.0;71.03;46.256273
2025-09-24 20:00:00;22.386229;10.4;0.0;0.0;92.26;0.0;92.26;59.473771
2025-09-24 21:00:00;31.997291;1.4;0.0;0.0;92.26;0.0;92.26;58.862709
2025-09-24 22:00:00;33.888493;0.0;0.0;0.0;92.26;0.0;92.26;58.371507
2025-09-24 23:00:00;40.213902;0.0;0.0;0.0;108.74;0.0;108.74;68.526098
2025-09-25 00:00:00;40.474272;0.0;0.0;0.0;108.74;0.0;108.74;68.265728
2025-09-25 01:00:00;40.560741;0.0;0.0;0.0;108.74;0.0;108.74;68.179259
2025-09-25 02:00:00;47.350359;0.0;0.0;0.0;126.46;0.0;126.46;79.109641
2025-09-25 03:00:00;47.540489;0.0;0.0;0.0;126.46;0.0;126.46;78.919511
2025-09-25 04:00:00;47.981127;0.0;0.0;0.0;126.46;0.0;126.46;78.478873
2025-09-25 05:00:00;76.489976;0.0;0.0;0.0;199.25;0.0;199.25;122.76002
2025-09-25 06:00:00;75.853981;0.0;0.0;0.0;199.25;0.0;199.25;123.39602
2025-09-25 07:00:00;75.323805;0.0;0.0;0.0;199.25;0.0;199.25;123.9262
2025-09-25 08:00:00;75.059226;0.0;0.0;44.622;200.0;49.58;249.58;124.94077
2025-09-25 09:00:00;74.685527;0.0;0.0;44.622;200.0;49.58;249.58;125.31447
2025-09-25 10:00:00;71.012584;3.0;0.0;44.622;200.0;49.58;249.58;125.98742
2025-09-25 11:00:00;63.7793;9.48;0.0;27.216;200.0;30.24;230.24;126.7407
2025-09-25 12:00:00;60.040365;13.7;0.0;27.216;200.0;30.24;230.24;126.25964
2025-09-25 13:00:00;60.663669;13.300000000000002;0.0;27.216;200.0;30.24;230.24;126.03633
2025-09-25 14:00:00;58.756094;15.4;0.0;7.479;200.0;8.31;208.31;125.84391
2025-09-25 15:00:00;60.108664;14.5;0.0;7.479;200.0;8.31;208.31;125.39134
2025-09-25 16:00:00;65.358851;9.53;0.0;7.479;200.0;8.31;208.31;125.11115
2025-09-25 17:00:00;61.510319;5.58;0.0;0.0;178.52;0.0;178.52;111.42968
2025-09-25 18:00:00;59.58213;8.35;0.0;0.0;178.52;0.0;178.52;110.58787
2025-09-25 19:00:00;60.752935;7.07;0.0;0.0;178.52;0.0;178.52;110.69706
2025-09-25 20:00:00;60.892389;2.1;0.0;0.0;166.38;0.0;166.38;103.38761
2025-09-25 21:00:00;62.62095;0.1;0.0;0.0;166.38;0.0;166.38;103.65905
2025-09-25 22:00:00;62.471134;0.0;0.0;0.0;166.38;0.0;166.38;103.90887
2025-09-25 23:00:00;65.840523;0.0;0.0;0.0;176.07;0.0;176.07;110.22948
2025-09-26 00:00:00;65.648853;0.0;0.0;0.0;176.07;0.0;176.07;110.42115
2025-09-26 01:00:00;65.670135;0.0;0.0;0.0;176.07;0.0;176.07;110.39987
2025-09-26 02:00:00;63.778301;0.0;0.0;0.0;171.52;0.0;171.52;107.7417
2025-09-26 03:00:00;63.569393;0.0;0.0;0.0;171.52;0.0;171.52;107.95061
2025-09-26 04:00:00;63.228581;0.0;0.0;0.0;171.52;0.0;171.52;108.29142
2025-09-26 05:00:00;73.463288;0.0;0.0;16.245;200.0;18.05;218.05;126.53671
2025-09-26 06:00:00;72.573814;0.0;0.0;16.245;200.0;18.05;218.05;127.42619
2025-09-26 07:00:00;70.337231;0.0;0.0;16.245;200.0;18.05;218.05;129.66277
2025-09-26 08:00:00;68.965517;0.0;0.0;14.625;200.0;16.25;216.25;131.03448
2025-09-26 09:00:00;68.165517;0.8;0.0;14.625;200.0;16.25;216.25;131.03448
2025-09-26 10:00:00;62.565517;6.4;0.0;14.625;200.0;16.25;216.25;131.03448
2025-09-26 11:00:00;27.327586;23.5;0.0;0.0;147.4;0.0;147.4;96.572414
2025-09-26 12:00:00;4.0275862;46.8;0.0;0.0;147.4;0.0;147.4;96.572414
2025-09-26 13:00:00;11.127586;39.7;0.0;0.0;147.4;0.0;147.4;96.572414
2025-09-26 14:00:00;0.0;55.300000000000004;31.862069;0.0;67.97;0.0;67.97;44.532069
2025-09-26 15:00:00;0.0;51.5;28.062069;0.0;67.97;0.0;67.97;44.532069
2025-09-26 16:00:00;0.0;106.0;82.562069;0.0;67.97;0.0;67.97;44.532069
2025-09-26 17:00:00;0.0;130.0;110.25517;0.0;57.26;0.0;57.25999999999999;37.515172
2025-09-26 18:00:00;0.0;98.9;79.155172;0.0;57.26;0.0;57.25999999999999;37.515172
2025-09-26 19:00:00;0.0;69.2;49.455172;0.0;57.26;0.0;57.25999999999999;37.515172
2025-09-26 20:00:00;5.6103448;25.199999999999996;0.0;0.0;89.35;0.0;89.35;58.539655
2025-09-26 21:00:00;27.823602;3.0700000000000003;0.0;0.0;89.35;0.0;89.35;58.456398
2025-09-26 22:00:00;30.953752;0.0;0.0;0.0;89.35;0.0;89.35;58.396248
2025-09-26 23:00:00;36.453204;0.0;0.0;0.0;104.94;0.0;104.94;68.486796
2025-09-27 00:00:00;36.519328;0.0;0.0;0.0;104.94;0.0;104.94;68.420672
2025-09-27 01:00:00;36.816328;0.0;0.0;0.0;104.94;0.0;104.94;68.123672
2025-09-27 02:00:00;37.848297;0.0;0.0;0.0;108.11;0.0;108.11;70.261703
2025-09-27 03:00:00;38.015796;0.0;0.0;0.0;108.11;0.0;108.11;70.094204
2025-09-27 04:00:00;38.130729;0.0;0.0;0.0;108.11;0.0;108.11;69.979271
2025-09-27 05:00:00;41.130444;0.0;0.0;0.0;116.68;0.0;116.68000000000002;75.549556
2025-09-27 06:00:00;40.699409;0.0;0.0;0.0;116.68;0.0;116.68000000000002;75.980591
2025-09-27 07:00:00;40.234483;0.0;0.0;0.0;116.68;0.0;116.68000000000002;76.445517
2025-09-27 08:00:00;35.234483;0.0;0.0;0.0;102.18;0.0;102.18;66.945517
2025-09-27 09:00:00;35.234483;0.0;0.0;0.0;102.18;0.0;102.18;66.945517
2025-09-27 10:00:00;31.554483;3.68;0.0;0.0;102.18;0.0;102.18;66.945517
2025-09-27 11:00:00;1.8034483;17.1;0.0;0.0;54.82;0.0;54.82;35.916552
2025-09-27 12:00:00;0.0;61.2;42.296552;0.0;54.82;0.0;54.82;35.916552
2025-09-27 13:00:00;0.0;114.0;95.096552;0.0;54.82;0.0;54.82;35.916552
2025-09-27 14:00:00;0.0;106.0;94.606897;0.0;33.04;0.0;33.04;21.646897
2025-09-27 15:00:00;0.0;30.7;19.306897;0.0;33.04;0.0;33.04;21.646897
2025-09-27 16:00:00;0.0;103.0;91.606897;0.0;33.04;0.0;33.04;21.646897
2025-09-27 17:00:00;0.0;72.2;58.044828;0.0;41.05;0.0;41.05;26.894828
2025-09-27 18:00:00;0.0;117.99999999999999;103.84483;0.0;41.05;0.0;41.05;26.894828
2025-09-27 19:00:00;0.0;50.800000000000004;36.535703;0.0;41.05;0.0;41.05;26.785703
2025-09-27 20:00:00;11.138865;27.7;0.0;0.0;108.78;0.0;108.78;69.941135
2025-09-27 21:00:00;38.058634;1.57;0.0;0.0;108.78;0.0;108.78;69.151366
2025-09-27 22:00:00;40.493281;0.0;0.0;0.0;108.78;0.0;108.78;68.286719
2025-09-27 23:00:00;54.998215;0.0;0.0;0.0;144.92;0.0;144.92;89.921785
2025-09-28 00:00:00;55.905302;0.0;0.0;0.0;144.92;0.0;144.92;89.014698
2025-09-28 01:00:00;56.77697;0.0;0.0;0.0;144.92;0.0;144.92;88.14303
2025-09-28 02:00:00;69.416672;0.0;0.0;0.0;174.72;0.0;174.72;105.30333
2025-09-28 03:00:00;69.97562;0.0;0.0;0.0;174.72;0.0;174.72;104.74438
2025-09-28 04:00:00;70.49382;0.0;0.0;0.0;174.72;0.0;174.72;104.22618
2025-09-28 05:00:00;79.805179;0.0;0.0;2.7;200.0;3.0;203.0;120.19482
2025-09-28 06:00:00;74.857714;0.0;0.0;2.7;200.0;3.0;203.0;125.14229
2025-09-28 07:00:00;70.045903;0.0;0.0;2.7;200.0;3.0;203.0;129.9541
2025-09-28 08:00:00;54.634483;0.0;0.0;0.0;158.44;0.0;158.44;103.80552
2025-09-28 09:00:00;53.934483;0.7000000000000002;0.0;0.0;158.44;0.0;158.44;103.80552
2025-09-28 10:00:00;47.154483;7.48;0.0;0.0;158.44;0.0;158.44;103.80552
2025-09-28 11:00:00;0.0;36.4;18.589655;0.0;51.65;0.0;51.65;33.839655
2025-09-28 12:00:00;0.0;76.6;58.789655;0.0;51.65;0.0;51.65;33.839655
2025-09-28 13:00:00;0.0;112.0;94.189655;0.0;51.65;0.0;51.65;33.839655
2025-09-28 14:00:00;0.0;136.0;127.3931;0.0;24.96;0.0;24.96;16.353103
2025-09-28 15:00:00;0.0;131.0;122.3931;0.0;24.96;0.0;24.96;16.353103
2025-09-28 16:00:00;0.0;144.0;135.3931;0.0;24.96;0.0;24.96;16.353103
2025-09-28 17:00:00;0.0;124.99999999999999;111.8069;0.0;38.26;0.0;38.26;25.066897
2025-09-28 18:00:00;0.0;92.3;79.106897;0.0;38.26;0.0;38.26;25.066897
2025-09-28 19:00:00;0.0;49.2;36.006897;0.0;38.26;0.0;38.26;25.066897
2025-09-28 20:00:00;17.931034;10.6;0.0;0.0;82.74;0.0;82.74;54.208966
2025-09-28 21:00:00;27.028952;1.7;0.0;0.0;82.74;0.0;82.74;54.011048
2025-09-28 22:00:00;29.519607;0.0;0.0;0.0;82.74;0.0;82.74;53.220393
2025-09-28 23:00:00;40.286018;0.0;0.0;0.0;110.89;0.0;110.89;70.603982
2025-09-29 00:00:00;40.161841;0.0;0.0;0.0;110.89;0.0;110.89;70.728159
2025-09-29 01:00:00;39.879005;0.0;0.0;0.0;110.89;0.0;110.89;71.010995
2025-09-29 02:00:00;39.684959;0.0;0.0;0.0;111.4;0.0;111.40000000000002;71.715041
2025-09-29 03:00:00;39.119159;0.0;0.0;0.0;111.4;0.0;111.40000000000002;72.280841
2025-09-29 04:00:00;39.196617;0.0;0.0;0.0;111.4;0.0;111.40000000000002;72.203383
2025-09-29 05:00:00;53.661669;0.0;0.0;0.0;153.74;0.0;153.74;100.07833
2025-09-29 06:00:00;53.571873;0.0;0.0;0.0;153.74;0.0;153.74;100.16813
2025-09-29 07:00:00;53.013793;0.0;0.0;0.0;153.74;0.0;153.74;100.72621
2025-09-29 08:00:00;55.67931;0.0;0.0;0.0;161.47;0.0;161.47;105.79069
2025-09-29 09:00:00;55.47931;0.2;0.0;0.0;161.47;0.0;161.47;105.79069
2025-09-29 10:00:00;50.49931;5.18;0.0;0.0;161.47;0.0;161.47;105.79069
2025-09-29 11:00:00;14.082759;13.1;0.0;0.0;78.83;0.0;78.83;51.647241
2025-09-29 12:00:00;5.2827586;21.9;0.0;0.0;78.83;0.0;78.83;51.647241
2025-09-29 13:00:00;0.0;33.3;6.1172414;0.0;78.83;0.0;78.83;51.647241
2025-09-29 14:00:00;0.0;52.1;46.386207;0.0;16.57;0.0;16.57;10.856207
2025-09-29 15:00:00;0.0;105.0;99.286207;0.0;16.57;0.0;16.57;10.856207
2025-09-29 16:00:00;0.0;112.0;106.28621;0.0;16.57;0.0;16.57;10.856207
2025-09-29 17:00:00;0.0;90.10000000000001;79.610345;0.0;30.42;0.0;30.42;19.930345
2025-09-29 18:00:00;0.0;103.0;92.510345;0.0;30.42;0.0;30.42;19.930345
2025-09-29 19:00:00;0.0;20.5;10.010345;0.0;30.42;0.0;30.42;19.930345
2025-09-29 20:00:00;14.916552;5.48;0.0;0.0;59.15;0.0;59.15;38.753448
2025-09-29 21:00:00;19.696552;0.7000000000000002;0.0;0.0;59.15;0.0;59.15;38.753448
2025-09-29 22:00:00;20.501354;0.0;0.0;0.0;59.15;0.0;59.15;38.648646
2025-09-29 23:00:00;32.817074;0.0;0.0;0.0;93.74;0.0;93.74;60.922926
2025-09-30 00:00:00;33.002821;0.0;0.0;0.0;93.74;0.0;93.74;60.737179
2025-09-30 01:00:00;33.128025;0.0;0.0;0.0;93.74;0.0;93.74;60.611975
2025-09-30 02:00:00;40.131732;0.0;0.0;0.0;113.32;0.0;113.32;73.188268
2025-09-30 03:00:00;40.384742;0.0;0.0;0.0;113.32;0.0;113.32;72.935258
2025-09-30 04:00:00;40.673797;0.0;0.0;0.0;113.32;0.0;113.32;72.646203
2025-09-30 05:00:00;55.463448;0.0;0.0;0.0;153.73;0.0;153.73;98.266552
2025-09-30 06:00:00;54.737062;0.0;0.0;0.0;153.73;0.0;153.73;98.992938
2025-09-30 07:00:00;53.856256;0.0;0.0;0.0;153.73;0.0;153.73;99.873744
2025-09-30 08:00:00;55.689655;0.0;0.0;0.0;161.5;0.0;161.5;105.81034
2025-09-30 09:00:00;55.289655;0.4;0.0;0.0;161.5;0.0;161.5;105.81034
2025-09-30 10:00:00;50.109655;5.58;0.0;0.0;161.5;0.0;161.5;105.81034
2025-09-30 11:00:00;6.6793103;20.3;0.0;0.0;78.24;0.0;78.24;51.26069
2025-09-30 12:00:00;0.0;42.2;15.22069;0.0;78.24;0.0;78.24;51.26069
2025-09-30 13:00:00;0.0;61.0;34.02069;0.0;78.24;0.0;78.24;51.26069
2025-09-30 14:00:00;0.0;104.00000000000001;92.810345;0.0;32.45;0.0;32.45;21.260345
2025-09-30 15:00:00;0.0;62.7;51.510345;0.0;32.45;0.0;32.45;21.260345
2025-09-30 16:00:00;0.0;116.0;104.81034;0.0;32.45;0.0;32.45;21.260345
2025-09-30 17:00:00;0.0;117.99999999999999;96.944828;0.0;61.06;0.0;61.06000000000001;40.004828
2025-09-30 18:00:00;0.0;95.00000000000001;73.749627;0.0;61.06;0.0;61.06000000000001;39.809627
2025-09-30 19:00:00;0.0;67.1;45.475764;0.0;61.06;0.0;61.06000000000001;39.435764
2025-09-30 20:00:00;24.549426;16.7;0.0;0.0;116.5;0.0;116.50000000000001;75.250574
2025-09-30 21:00:00;39.696622;1.95;0.0;0.0;116.5;0.0;116.50000000000001;74.853378
2025-09-30 22:00:00;42.234025;0.0;0.0;0.0;116.5;0.0;116.50000000000001;74.265975
2025-09-30 23:00:00;56.617268;0.0;0.0;0.0;154.01;0.0;154.01;97.392732
2025-10-01 00:00:00;57.869188;0.0;0.0;0.0;154.01;0.0;154.01;96.140812
2025-10-01 01:00:00;60.429994;0.0;0.0;0.0;154.01;0.0;154.01;93.580006
2025-10-01 02:00:00;77.699229;0.0;0.0;0.0;193.84;0.0;193.84;116.14077
2025-10-01 03:00:00;77.969033;0.0;0.0;0.0;193.84;0.0;193.84;115.87097
2025-10-01 04:00:00;78.394218;0.0;0.0;0.0;193.84;0.0;193.84;115.44578
2025-10-01 05:00:00;81.164778;0.0;0.0;29.439;200.0;32.71;232.71;118.83522
2025-10-01 06:00:00;78.778639;0.0;0.0;29.439;200.0;32.71;232.71;121.22136
2025-10-01 07:00:00;74.877077;0.0;0.0;29.439;200.0;32.71;232.71;125.12292
2025-10-01 08:00:00;71.130017;0.0;0.0;52.398;200.0;58.22;258.22;128.86998
2025-10-01 09:00:00;68.965517;0.0;0.0;52.398;200.0;58.22;258.22;131.03448
2025-10-01 10:00:00;65.415517;3.55;0.0;52.398;200.0;58.22;258.22;131.03448
2025-10-01 11:00:00;24.986207;15.1;0.0;0.0;116.25;0.0;116.25000000000001;76.163793
2025-10-01 12:00:00;0.0;59.5;19.413793;0.0;116.25;0.0;116.25000000000001;76.163793
2025-10-01 13:00:00;0.0;108.99999999999999;68.913793;0.0;116.25;0.0;116.25000000000001;76.163793
2025-10-01 14:00:00;0.0;133.0;116.08276;0.0;49.06;0.0;49.06;32.142759
2025-10-01 15:00:00;0.0;144.0;127.08276;0.0;49.06;0.0;49.06;32.142759
2025-10-01 16:00:00;0.0;140.0;123.08276;0.0;49.06;0.0;49.06;32.142759
2025-10-01 17:00:00;0.0;131.0;109.69286;0.0;61.17;0.0;61.17;39.86286
2025-10-01 18:00:00;0.0;105.0;83.309577;0.0;61.17;0.0;61.17;39.479577
2025-10-01 19:00:00;0.0;61.8;39.541776;0.0;61.17;0.0;61.17;38.911776
2025-10-01 20:00:00;24.40996;20.0;0.0;0.0;119.7;0.0;119.70000000000002;75.29004
2025-10-01 21:00:00;43.613046;1.5;0.0;0.0;119.7;0.0;119.70000000000002;74.586954
2025-10-01 22:00:00;45.823072;0.0;0.0;0.0;119.7;0.0;119.70000000000002;73.876928
2025-10-01 23:00:00;56.312471;0.0;0.0;0.0;144.53;0.0;144.53;88.217529
2025-10-02 00:00:00;57.27611;0.0;0.0;0.0;144.53;0.0;144.53;87.25389
2025-10-02 01:00:00;58.253234;0.0;0.0;0.0;144.53;0.0;144.53;86.276766
2025-10-02 02:00:00;68.956624;0.0;0.0;0.0;170.34;0.0;170.34;101.38338
2025-10-02 03:00:00;69.398331;0.0;0.0;0.0;170.34;0.0;170.34;100.94167
2025-10-02 04:00:00;70.020411;0.0;0.0;0.0;170.34;0.0;170.34;100.31959
2025-10-02 05:00:00;82.543634;0.0;0.0;44.46;200.0;49.4;249.4;117.45637
2025-10-02 06:00:00;78.327973;0.0;0.0;44.46;200.0;49.4;249.4;121.67203
2025-10-02 07:00:00;72.928967;0.0;0.0;44.46;200.0;49.4;249.4;127.07103
2025-10-02 08:00:00;69.169572;0.0;0.0;43.623;200.0;48.47;248.46999999999997;130.83043
2025-10-02 09:00:00;68.565517;0.4;0.0;43.623;200.0;48.47;248.46999999999997;131.03448
2025-10-02 10:00:00;63.535517;5.43;0.0;43.623;200.0;48.47;248.46999999999997;131.03448
2025-10-02 11:00:00;0.0;35.3;0.43103448;0.0;101.12;0.0;101.12;66.251034
2025-10-02 12:00:00;0.0;76.3;41.431034;0.0;101.12;0.0;101.12;66.251034
2025-10-02 13:00:00;0.0;106.0;71.131034;0.0;101.12;0.0;101.12;66.251034
2025-10-02 14:00:00;0.0;113.0;98.472414;0.0;42.13;0.0;42.13;27.602414
2025-10-02 15:00:00;0.0;142.0;127.47241;0.0;42.13;0.0;42.13;27.602414
2025-10-02 16:00:00;0.0;131.0;116.47241;0.0;42.13;0.0;42.13;27.602414
2025-10-02 17:00:00;0.0;87.3;66.435231;0.0;59.17;0.0;59.17;38.305231
2025-10-02 18:00:00;0.0;99.89999999999999;78.531678;0.0;59.17;0.0;59.17;37.801678
2025-10-02 19:00:00;0.0;71.4;49.634285;0.0;59.17;0.0;59.17;37.404285
2025-10-02 20:00:00;27.338255;18.1;0.0;0.0;121.88;0.0;121.87999999999998;76.441745
2025-10-02 21:00:00;45.211945;0.65;0.0;0.0;121.88;0.0;121.87999999999998;76.018055
2025-10-02 22:00:00;46.118524;0.0;0.0;0.0;121.88;0.0;121.87999999999998;75.761476
2025-10-02 23:00:00;56.947048;0.0;0.0;0.0;150.98;0.0;150.98;94.032952
2025-10-03 00:00:00;56.645861;0.0;0.0;0.0;150.98;0.0;150.98;94.334139
2025-10-03 01:00:00;56.127168;0.0;0.0;0.0;150.98;0.0;150.98;94.852832
2025-10-03 02:00:00;58.941959;0.0;0.0;0.0;160.21;0.0;160.21;101.26804
2025-10-03 03:00:00;58.847767;0.0;0.0;0.0;160.21;0.0;160.21;101.36223
2025-10-03 04:00:00;58.527291;0.0;0.0;0.0;160.21;0.0;160.21;101.68271
2025-10-03 05:00:00;57.691946;0.0;0.0;0.0;158.48;0.0;158.48;100.78805
2025-10-03 06:00:00;57.683589;0.0;0.0;0.0;158.48;0.0;158.48;100.79641
2025-10-03 07:00:00;56.431092;0.0;0.0;0.0;158.48;0.0;158.48;102.04891
2025-10-03 08:00:00;58.903014;0.0;0.0;0.0;170.04;0.0;170.04;111.13699
2025-10-03 09:00:00;58.634483;0.0;0.0;0.0;170.04;0.0;170.04;111.40552
2025-10-03 10:00:00;57.204483;1.4299999999999997;0.0;0.0;170.04;0.0;170.04;111.40552
2025-10-03 11:00:00;17.77931;21.1;0.0;0.0;112.75;0.0;112.75000000000001;73.87069
2025-10-03 12:00:00;3.6793103;35.2;0.0;0.0;112.75;0.0;112.75000000000001;73.87069
2025-10-03 13:00:00;15.97931;22.9;0.0;0.0;112.75;0.0;112.75000000000001;73.87069
2025-10-03 14:00:00;0.0;30.300000000000004;1.862069;0.0;82.47;0.0;82.47;54.032069
2025-10-03 15:00:00;0.0;34.3;5.862069;0.0;82.47;0.0;82.47;54.032069
2025-10-03 16:00:00;0.0;30.4;1.962069;0.0;82.47;0.0;82.47;54.032069
2025-10-03 17:00:00;6.462069;24.8;0.0;0.0;90.66;0.0;90.66;59.397931
2025-10-03 18:00:00;12.262069;19.0;0.0;0.0;90.66;0.0;90.66;59.397931
2025-10-03 19:00:00;20.788678;10.5;0.0;0.0;90.66;0.0;90.66;59.371322
2025-10-03 20:00:00;42.6039;2.7800000000000002;0.0;0.0;130.17;0.0;130.17;84.7861
2025-10-03 21:00:00;45.013712;0.1;0.0;0.0;130.17;0.0;130.17;85.056288
2025-10-03 22:00:00;44.886207;0.0;0.0;0.0;130.17;0.0;130.17;85.283793
2025-10-03 23:00:00;41.641379;0.0;0.0;0.0;120.76;0.0;120.76;79.118621
2025-10-04 00:00:00;41.641379;0.0;0.0;0.0;120.76;0.0;120.76;79.118621
2025-10-04 01:00:00;41.641379;0.0;0.0;0.0;120.76;0.0;120.76;79.118621
2025-10-04 02:00:00;28.737931;0.0;0.0;0.0;83.34;0.0;83.34;54.602069
2025-10-04 03:00:00;28.737931;0.0;0.0;0.0;83.34;0.0;83.34;54.602069
2025-10-04 04:00:00;28.737931;0.0;0.0;0.0;83.34;0.0;83.34;54.602069
2025-10-04 05:00:00;13.072414;0.0;0.0;0.0;37.91;0.0;37.91;24.837586
2025-10-04 06:00:00;13.072414;0.0;0.0;0.0;37.91;0.0;37.91;24.837586
2025-10-04 07:00:00;13.072414;0.0;0.0;0.0;37.91;0.0;37.91;24.837586
2025-10-04 08:00:00;29.713793;0.0;0.0;0.0;86.17;0.0;86.17;56.456207
2025-10-04 09:00:00;29.713793;0.0;0.0;0.0;86.17;0.0;86.17;56.456207
2025-10-04 10:00:00;26.713793;3.0;0.0;0.0;86.17;0.0;86.17;56.456207
2025-10-04 11:00:00;35.060345;3.55;0.0;0.0;111.97;0.0;111.97;73.359655
2025-10-04 12:00:00;31.210345;7.3999999999999995;0.0;0.0;111.97;0.0;111.97;73.359655
2025-10-04 13:00:00;16.910345;21.7;0.0;0.0;111.97;0.0;111.97;73.359655
2025-10-04 14:00:00;19.337931;10.3;0.0;0.0;85.95;0.0;85.95;56.312069
2025-10-04 15:00:00;0.0;101.0;71.362069;0.0;85.95;0.0;85.95;56.312069
2025-10-04 16:00:00;0.0;145.0;115.34321;0.0;85.95;0.0;85.95;56.293214
2025-10-04 17:00:00;0.0;40.2;3.4974158;0.0;104.97;0.0;104.97;68.267416
2025-10-04 18:00:00;13.680278;23.5;0.0;0.0;104.97;0.0;104.97;67.789722
2025-10-04 19:00:00;0.0;70.2;33.271519;0.0;104.97;0.0;104.97;68.041519
2025-10-04 20:00:00;33.655549;17.4;0.0;0.0;144.02;0.0;144.02;92.964451
2025-10-04 21:00:00;50.415981;0.7000000000000002;0.0;0.0;144.02;0.0;144.02;92.904019
2025-10-04 22:00:00;51.271833;0.0;0.0;0.0;144.02;0.0;144.02;92.748167
2025-10-04 23:00:00;46.413112;0.0;0.0;0.0;130.35;0.0;130.35;83.936888
2025-10-05 00:00:00;46.686367;0.0;0.0;0.0;130.35;0.0;130.35;83.663633
2025-10-05 01:00:00;46.767132;0.0;0.0;0.0;130.35;0.0;130.35;83.582868
2025-10-05 02:00:00;46.436816;0.0;0.0;0.0;129.0;0.0;129.0;82.563184
2025-10-05 03:00:00;46.364123;0.0;0.0;0.0;129.0;0.0;129.0;82.635877
2025-10-05 04:00:00;47.01951;0.0;0.0;0.0;129.0;0.0;129.0;81.98049
2025-10-05 05:00:00;50.268391;0.0;0.0;0.0;137.31;0.0;137.31;87.041609
2025-10-05 06:00:00;50.322634;0.0;0.0;0.0;137.31;0.0;137.31;86.987366
2025-10-05 07:00:00;50.068134;0.0;0.0;0.0;137.31;0.0;137.31;87.241866
2025-10-05 08:00:00;48.502813;0.0;0.0;0.0;136.52;0.0;136.52;88.017187
2025-10-05 09:00:00;47.276104;0.0;0.0;0.0;136.52;0.0;136.52;89.243896
2025-10-05 10:00:00;43.805862;3.27;0.0;0.0;136.52;0.0;136.52;89.444138
2025-10-05 11:00:00;18.741379;17.7;0.0;0.0;105.68;0.0;105.68;69.238621
2025-10-05 12:00:00;0.0;43.7;7.2586207;0.0;105.68;0.0;105.68;69.238621
2025-10-05 13:00:00;0.0;84.3;47.858621;0.0;105.68;0.0;105.68;69.238621
2025-10-05 14:00:00;0.0;55.900000000000006;24.944828;0.0;89.77;0.0;89.77;58.814828
2025-10-05 15:00:00;0.0;86.4;55.444828;0.0;89.77;0.0;89.77;58.814828
2025-10-05 16:00:00;0.0;78.5;47.518401;0.0;89.77;0.0;89.77;58.788401
2025-10-05 17:00:00;0.0;57.9;19.318645;0.0;111.32;0.0;111.31999999999998;72.738645
2025-10-05 18:00:00;0.0;70.7;30.394647;0.0;111.32;0.0;111.31999999999998;71.014647
2025-10-05 19:00:00;7.3633201;32.9;0.0;0.0;111.32;0.0;111.31999999999998;71.05668
2025-10-05 20:00:00;46.827318;3.47;0.0;0.0;138.56;0.0;138.56;88.262682
2025-10-05 21:00:00;49.935802;0.0;0.0;0.0;138.56;0.0;138.56;88.624198
2025-10-05 22:00:00;50.064692;0.0;0.0;0.0;138.56;0.0;138.56;88.495308
2025-10-05 23:00:00;56.348856;0.0;0.0;0.0;155.15;0.0;155.15;98.801144
2025-10-06 00:00:00;56.578021;0.0;0.0;0.0;155.15;0.0;155.15;98.571979
2025-10-06 01:00:00;56.276302;0.0;0.0;0.0;155.15;0.0;155.15;98.873698
2025-10-06 02:00:00;50.397364;0.0;0.0;0.0;139.8;0.0;139.8;89.402636
2025-10-06 03:00:00;50.404995;0.0;0.0;0.0;139.8;0.0;139.8;89.395005
2025-10-06 04:00:00;50.087287;0.0;0.0;0.0;139.8;0.0;139.8;89.712713
2025-10-06 05:00:00;64.822087;0.0;0.0;0.0;182.48;0.0;182.48;117.65791
2025-10-06 06:00:00;64.732208;0.0;0.0;0.0;182.48;0.0;182.48;117.74779
2025-10-06 07:00:00;64.632181;0.0;0.0;0.0;182.48;0.0;182.48;117.84782
2025-10-06 08:00:00;67.883121;0.0;0.0;0.0;192.41;0.0;192.41;124.52688
2025-10-06 09:00:00;67.594632;0.0;0.0;0.0;192.41;0.0;192.41;124.81537
2025-10-06 10:00:00;65.684404;1.65;0.0;0.0;192.41;0.0;192.41;125.0756
2025-10-06 11:00:00;42.463103;7.230000000000001;0.0;0.0;144.11;0.0;144.11;94.416897
2025-10-06 12:00:00;41.843103;7.85;0.0;0.0;144.11;0.0;144.11;94.416897
2025-10-06 13:00:00;26.493103;23.2;0.0;0.0;144.11;0.0;144.11;94.416897
2025-10-06 14:00:00;3.0172414;36.5;0.0;0.0;114.6;0.0;114.6;75.082759
2025-10-06 15:00:00;12.917241;26.600000000000005;0.0;0.0;114.6;0.0;114.6;75.082759
2025-10-06 16:00:00;13.217241;26.300000000000004;0.0;0.0;114.6;0.0;114.6;75.082759
2025-10-06 17:00:00;15.182759;17.4;0.0;0.0;94.49;0.0;94.49;61.907241
2025-10-06 18:00:00;14.782759;17.8;0.0;0.0;94.49;0.0;94.49;61.907241
2025-10-06 19:00:00;20.782759;11.8;0.0;0.0;94.49;0.0;94.49;61.907241
2025-10-06 20:00:00;32.643103;3.35;0.0;0.0;104.38;0.0;104.38;68.386897
2025-10-06 21:00:00;35.993103;0.0;0.0;0.0;104.38;0.0;104.38;68.386897
2025-10-06 22:00:00;35.993103;0.0;0.0;0.0;104.38;0.0;104.38;68.386897
2025-10-06 23:00:00;36.272414;0.0;0.0;0.0;105.19;0.0;105.19;68.917586
2025-10-07 00:00:00;36.272414;0.0;0.0;0.0;105.19;0.0;105.19;68.917586
2025-10-07 01:00:00;36.272414;0.0;0.0;0.0;105.19;0.0;105.19;68.917586
2025-10-07 02:00:00;33.97931;0.0;0.0;0.0;98.54;0.0;98.54;64.56069
2025-10-07 03:00:00;33.97931;0.0;0.0;0.0;98.54;0.0;98.54;64.56069
2025-10-07 04:00:00;33.97931;0.0;0.0;0.0;98.54;0.0;98.54;64.56069
2025-10-07 05:00:00;44.9;0.0;0.0;0.0;130.21;0.0;130.21;85.31
2025-10-07 06:00:00;44.9;0.0;0.0;0.0;130.21;0.0;130.21;85.31
2025-10-07 07:00:00;44.9;0.0;0.0;0.0;130.21;0.0;130.21;85.31
2025-10-07 08:00:00;47.262069;0.0;0.0;0.0;137.06;0.0;137.06;89.797931
2025-10-07 09:00:00;47.262069;0.0;0.0;0.0;137.06;0.0;137.06;89.797931
2025-10-07 10:00:00;45.792069;1.4699999999999998;0.0;0.0;137.06;0.0;137.06;89.797931
2025-10-07 11:00:00;34.206207;4.78;0.0;0.0;113.06;0.0;113.06;74.073793
2025-10-07 12:00:00;27.986207;11.000000000000002;0.0;0.0;113.06;0.0;113.06;74.073793
2025-10-07 13:00:00;21.686207;17.3;0.0;0.0;113.06;0.0;113.06;74.073793
2025-10-07 14:00:00;8.9793103;17.6;0.0;0.0;77.08;0.0;77.08;50.50069
2025-10-07 15:00:00;9.3793103;17.2;0.0;0.0;77.08;0.0;77.08;50.50069
2025-10-07 16:00:00;7.2793103;19.3;0.0;0.0;77.08;0.0;77.08;50.50069
2025-10-07 17:00:00;8.5137931;11.6;0.0;0.0;58.33;0.0;58.33;38.216207
2025-10-07 18:00:00;3.9137931;16.2;0.0;0.0;58.33;0.0;58.33;38.216207
2025-10-07 19:00:00;7.6137931;12.5;0.0;0.0;58.33;0.0;58.33;38.216207
2025-10-07 20:00:00;20.744138;3.18;0.0;0.0;69.38;0.0;69.38;45.455862
2025-10-07 21:00:00;23.924138;0.0;0.0;0.0;69.38;0.0;69.38;45.455862
2025-10-07 22:00:00;23.924138;0.0;0.0;0.0;69.38;0.0;69.38;45.455862
2025-10-07 23:00:00;27.562069;0.0;0.0;0.0;79.93;0.0;79.93;52.367931
2025-10-08 00:00:00;27.562069;0.0;0.0;0.0;79.93;0.0;79.93;52.367931
2025-10-08 01:00:00;27.562069;0.0;0.0;0.0;79.93;0.0;79.93;52.367931
2025-10-08 02:00:00;29.151724;0.0;0.0;0.0;84.54;0.0;84.54;55.388276
2025-10-08 03:00:00;29.151724;0.0;0.0;0.0;84.54;0.0;84.54;55.388276
2025-10-08 04:00:00;29.151724;0.0;0.0;0.0;84.54;0.0;84.54;55.388276
2025-10-08 05:00:00;40.02069;0.0;0.0;0.0;116.06;0.0;116.06;76.03931
2025-10-08 06:00:00;40.02069;0.0;0.0;0.0;116.06;0.0;116.06;76.03931
2025-10-08 07:00:00;40.02069;0.0;0.0;0.0;116.06;0.0;116.06;76.03931
2025-10-08 08:00:00;44.558621;0.0;0.0;0.0;129.22;0.0;129.22;84.661379
2025-10-08 09:00:00;44.558621;0.0;0.0;0.0;129.22;0.0;129.22;84.661379
2025-10-08 10:00:00;43.158621;1.4;0.0;0.0;129.22;0.0;129.22;84.661379
2025-10-08 11:00:00;31.77931;7.1;0.0;0.0;112.75;0.0;112.75000000000001;73.87069
2025-10-08 12:00:00;28.17931;10.7;0.0;0.0;112.75;0.0;112.75000000000001;73.87069
2025-10-08 13:00:00;26.07931;12.8;0.0;0.0;112.75;0.0;112.75000000000001;73.87069
2025-10-08 14:00:00;0.0;28.7;2.2034483;0.0;76.84;0.0;76.84;50.343448
2025-10-08 15:00:00;0.0;37.5;11.003448;0.0;76.84;0.0;76.84;50.343448
2025-10-08 16:00:00;0.0;44.7;18.203448;0.0;76.84;0.0;76.84;50.343448
2025-10-08 17:00:00;0.0;38.5;16.982759;0.0;62.4;0.0;62.400000000000006;40.882759
2025-10-08 18:00:00;0.0;29.400000000000002;7.8827586;0.0;62.4;0.0;62.400000000000006;40.882759
2025-10-08 19:00:00;4.7172414;16.8;0.0;0.0;62.4;0.0;62.400000000000006;40.882759
2025-10-08 20:00:00;21.525172;5.13;0.0;0.0;77.3;0.0;77.3;50.644828
2025-10-08 21:00:00;26.455172;0.2;0.0;0.0;77.3;0.0;77.3;50.644828
2025-10-08 22:00:00;26.655172;0.0;0.0;0.0;77.3;0.0;77.3;50.644828
2025-10-08 23:00:00;31.672414;0.0;0.0;0.0;91.85;0.0;91.85;60.177586
2025-10-09 00:00:00;31.672414;0.0;0.0;0.0;91.85;0.0;91.85;60.177586
2025-10-09 01:00:00;31.672414;0.0;0.0;0.0;91.85;0.0;91.85;60.177586
2025-10-09 02:00:00;31.634483;0.0;0.0;0.0;91.74;0.0;91.74;60.105517
2025-10-09 03:00:00;31.634483;0.0;0.0;0.0;91.74;0.0;91.74;60.105517
2025-10-09 04:00:00;31.634483;0.0;0.0;0.0;91.74;0.0;91.74;60.105517
2025-10-09 05:00:00;46.713793;0.0;0.0;0.0;135.47;0.0;135.47;88.756207
2025-10-09 06:00:00;46.996411;0.0;0.0;0.0;135.47;0.0;135.47;88.473589
2025-10-09 07:00:00;46.736779;0.0;0.0;0.0;135.47;0.0;135.47;88.733221
2025-10-09 08:00:00;55.644828;0.0;0.0;0.0;161.37;0.0;161.37;105.72517
2025-10-09 09:00:00;55.644828;0.0;0.0;0.0;161.37;0.0;161.37;105.72517
2025-10-09 10:00:00;52.694828;2.95;0.0;0.0;161.37;0.0;161.37;105.72517
2025-10-09 11:00:00;19.693103;18.2;0.0;0.0;109.89;0.0;109.89000000000001;71.996897
2025-10-09 12:00:00;9.1931034;28.7;0.0;0.0;109.89;0.0;109.89000000000001;71.996897
2025-10-09 13:00:00;0.0;64.6;26.706897;0.0;109.89;0.0;109.89000000000001;71.996897
2025-10-09 14:00:00;0.0;91.69999999999999;65.806897;0.0;75.09;0.0;75.09;49.196897
2025-10-09 15:00:00;0.0;56.4;30.506897;0.0;75.09;0.0;75.09;49.196897
2025-10-09 16:00:00;0.0;79.5;53.606897;0.0;75.09;0.0;75.09;49.196897
2025-10-09 17:00:00;0.0;48.2;23.968966;0.0;70.27;0.0;70.27;46.038966
2025-10-09 18:00:00;9.1310345;15.1;0.0;0.0;70.27;0.0;70.27;46.038966
2025-10-09 19:00:00;16.801034;7.43;0.0;0.0;70.27;0.0;70.27;46.038966
2025-10-09 20:00:00;29.267241;2.05;0.0;0.0;90.82;0.0;90.82;59.502759
2025-10-09 21:00:00;31.37102;0.1;0.0;0.0;90.82;0.0;90.82;59.34898
2025-10-09 22:00:00;31.778987;0.0;0.0;0.0;90.82;0.0;90.82;59.041013
2025-10-09 23:00:00;36.683996;0.0;0.0;0.0;103.3;0.0;103.3;66.616004
2025-10-10 00:00:00;36.984512;0.0;0.0;0.0;103.3;0.0;103.3;66.315488
2025-10-10 01:00:00;36.966385;0.0;0.0;0.0;103.3;0.0;103.3;66.333615
2025-10-10 02:00:00;39.361997;0.0;0.0;0.0;110.74;0.0;110.74000000000001;71.378003
2025-10-10 03:00:00;39.140473;0.0;0.0;0.0;110.74;0.0;110.74000000000001;71.599527
2025-10-10 04:00:00;38.98147;0.0;0.0;0.0;110.74;0.0;110.74000000000001;71.75853
2025-10-10 05:00:00;50.437121;0.0;0.0;0.0;143.4;0.0;143.4;92.962879
2025-10-10 06:00:00;50.499391;0.0;0.0;0.0;143.4;0.0;143.4;92.900609
2025-10-10 07:00:00;49.532518;0.0;0.0;0.0;143.4;0.0;143.4;93.867482
2025-10-10 08:00:00;52.631034;0.0;0.0;0.0;152.63;0.0;152.63;99.998966
2025-10-10 09:00:00;52.631034;0.0;0.0;0.0;152.63;0.0;152.63;99.998966
2025-10-10 10:00:00;49.281034;3.35;0.0;0.0;152.63;0.0;152.63;99.998966
2025-10-10 11:00:00;16.72;9.48;0.0;0.0;75.98;0.0;75.98;49.78
2025-10-10 12:00:00;2.8;23.4;0.0;0.0;75.98;0.0;75.98;49.78
2025-10-10 13:00:00;0.0;57.7;31.5;0.0;75.98;0.0;75.98;49.78
2025-10-10 14:00:00;0.0;126.0;109.27241;0.0;48.51;0.0;48.51;31.782414
2025-10-10 15:00:00;0.0;101.99999999999999;85.272414;0.0;48.51;0.0;48.51;31.782414
2025-10-10 16:00:00;0.0;67.6;50.872414;0.0;48.51;0.0;48.51;31.782414
2025-10-10 17:00:00;0.0;23.7;8.6758621;0.0;43.57;0.0;43.57;28.545862
2025-10-10 18:00:00;2.5241379;12.5;0.0;0.0;43.57;0.0;43.57;28.545862
2025-10-10 19:00:00;8.9741379;6.05;0.0;0.0;43.57;0.0;43.57;28.545862
2025-10-10 20:00:00;19.418276;1.4299999999999997;0.0;0.0;60.46;0.0;60.46;39.611724
2025-10-10 21:00:00;20.848276;0.0;0.0;0.0;60.46;0.0;60.46;39.611724
2025-10-10 22:00:00;20.848276;0.0;0.0;0.0;60.46;0.0;60.46;39.611724
2025-10-10 23:00:00;20.896552;0.0;0.0;0.0;60.6;0.0;60.6;39.703448
2025-10-11 00:00:00;20.896552;0.0;0.0;0.0;60.6;0.0;60.6;39.703448
2025-10-11 01:00:00;20.896552;0.0;0.0;0.0;60.6;0.0;60.6;39.703448
2025-10-11 02:00:00;25.031034;0.0;0.0;0.0;72.59;0.0;72.59;47.558966
2025-10-11 03:00:00;25.031034;0.0;0.0;0.0;72.59;0.0;72.59;47.558966
2025-10-11 04:00:00;25.031034;0.0;0.0;0.0;72.59;0.0;72.59;47.558966
2025-10-11 05:00:00;28.334483;0.0;0.0;0.0;82.17;0.0;82.17;53.835517
2025-10-11 06:00:00;28.334483;0.0;0.0;0.0;82.17;0.0;82.17;53.835517
2025-10-11 07:00:00;28.334483;0.0;0.0;0.0;82.17;0.0;82.17;53.835517
2025-10-11 08:00:00;27.986207;0.0;0.0;0.0;81.16;0.0;81.16;53.173793
2025-10-11 09:00:00;27.986207;0.0;0.0;0.0;81.16;0.0;81.16;53.173793
2025-10-11 10:00:00;27.586207;0.4;0.0;0.0;81.16;0.0;81.16;53.173793
2025-10-11 11:00:00;23.297586;2.63;0.0;0.0;75.19;0.0;75.19;49.262414
2025-10-11 12:00:00;17.877586;8.05;0.0;0.0;75.19;0.0;75.19;49.262414
2025-10-11 13:00:00;17.827586;8.1;0.0;0.0;75.19;0.0;75.19;49.262414
2025-10-11 14:00:00;1.2310345;20.7;0.0;0.0;63.6;0.0;63.60000000000001;41.668966
2025-10-11 15:00:00;0.0;30.000000000000004;8.0689655;0.0;63.6;0.0;63.60000000000001;41.668966
2025-10-11 16:00:00;0.0;27.6;5.6689655;0.0;63.6;0.0;63.60000000000001;41.668966
2025-10-11 17:00:00;3.3551724;21.3;0.0;0.0;71.5;0.0;71.5;46.844828
2025-10-11 18:00:00;11.855172;12.8;0.0;0.0;71.5;0.0;71.5;46.844828
2025-10-11 19:00:00;19.605172;5.05;0.0;0.0;71.5;0.0;71.5;46.844828
2025-10-11 20:00:00;28.097898;0.7000000000000002;0.0;0.0;83.18;0.0;83.18;54.382102
2025-10-11 21:00:00;28.946313;0.0;0.0;0.0;83.18;0.0;83.18;54.233687
2025-10-11 22:00:00;29.129924;0.0;0.0;0.0;83.18;0.0;83.18;54.050076
2025-10-11 23:00:00;30.398512;0.0;0.0;0.0;86.38;0.0;86.38;55.981488
2025-10-12 00:00:00;30.661472;0.0;0.0;0.0;86.38;0.0;86.38;55.718528
2025-10-12 01:00:00;30.82176;0.0;0.0;0.0;86.38;0.0;86.38;55.55824
2025-10-12 02:00:00;33.710033;0.0;0.0;0.0;93.85;0.0;93.85;60.139967
2025-10-12 03:00:00;33.835484;0.0;0.0;0.0;93.85;0.0;93.85;60.014516
2025-10-12 04:00:00;33.80338;0.0;0.0;0.0;93.85;0.0;93.85;60.04662
2025-10-12 05:00:00;34.746878;0.0;0.0;0.0;95.47;0.0;95.47;60.723122
2025-10-12 06:00:00;33.67291;0.0;0.0;0.0;95.47;0.0;95.47;61.79709
2025-10-12 07:00:00;32.92069;0.0;0.0;0.0;95.47;0.0;95.47;62.54931
2025-10-12 08:00:00;33.289655;0.0;0.0;0.0;96.54;0.0;96.54;63.250345
2025-10-12 09:00:00;33.289655;0.0;0.0;0.0;96.54;0.0;96.54;63.250345
2025-10-12 10:00:00;28.889655;4.4;0.0;0.0;96.54;0.0;96.54;63.250345
2025-10-12 11:00:00;13.109655;8.68;0.0;0.0;63.19;0.0;63.190000000000005;41.400345
2025-10-12 12:00:00;0.0;25.9;4.1103448;0.0;63.19;0.0;63.190000000000005;41.400345
2025-10-12 13:00:00;0.0;44.7;22.910345;0.0;63.19;0.0;63.190000000000005;41.400345
2025-10-12 14:00:00;0.0;64.9;47.224138;0.0;51.26;0.0;51.26;33.584138
2025-10-12 15:00:00;0.0;107.0;89.324138;0.0;51.26;0.0;51.26;33.584138
2025-10-12 16:00:00;0.0;57.9;40.224138;0.0;51.26;0.0;51.26;33.584138
2025-10-12 17:00:00;0.0;69.5;46.513793;0.0;66.66;0.0;66.66;43.673793
2025-10-12 18:00:00;0.7862069;22.2;0.0;0.0;66.66;0.0;66.66;43.673793
2025-10-12 19:00:00;13.736207;9.25;0.0;0.0;66.66;0.0;66.66;43.673793
2025-10-12 20:00:00;27.658621;1.5;0.0;0.0;84.56;0.0;84.56;55.401379
2025-10-12 21:00:00;29.158621;0.0;0.0;0.0;84.56;0.0;84.56;55.401379
2025-10-12 22:00:00;29.158621;0.0;0.0;0.0;84.56;0.0;84.56;55.401379
2025-10-12 23:00:00;33.937931;0.0;0.0;0.0;98.42;0.0;98.42;64.482069
2025-10-13 00:00:00;33.937931;0.0;0.0;0.0;98.42;0.0;98.42;64.482069
2025-10-13 01:00:00;33.937931;0.0;0.0;0.0;98.42;0.0;98.42;64.482069
2025-10-13 02:00:00;30.803448;0.0;0.0;0.0;89.33;0.0;89.33;58.526552
2025-10-13 03:00:00;30.803448;0.0;0.0;0.0;89.33;0.0;89.33;58.526552
2025-10-13 04:00:00;30.803448;0.0;0.0;0.0;89.33;0.0;89.33;58.526552
2025-10-13 05:00:00;40.882759;0.0;0.0;0.0;118.56;0.0;118.55999999999999;77.677241
2025-10-13 06:00:00;40.882759;0.0;0.0;0.0;118.56;0.0;118.55999999999999;77.677241
2025-10-13 07:00:00;40.882759;0.0;0.0;0.0;118.56;0.0;118.55999999999999;77.677241
2025-10-13 08:00:00;42.458621;0.0;0.0;0.0;123.13;0.0;123.13;80.671379
2025-10-13 09:00:00;42.458621;0.0;0.0;0.0;123.13;0.0;123.13;80.671379
2025-10-13 10:00:00;40.958621;1.5;0.0;0.0;123.13;0.0;123.13;80.671379
2025-10-13 11:00:00;27.009655;7.98;0.0;0.0;101.47;0.0;101.47;66.480345
2025-10-13 12:00:00;18.589655;16.4;0.0;0.0;101.47;0.0;101.47;66.480345
2025-10-13 13:00:00;15.789655;19.2;0.0;0.0;101.47;0.0;101.47;66.480345
2025-10-13 14:00:00;0.16206897;25.6;0.0;0.0;74.71;0.0;74.71;48.947931
2025-10-13 15:00:00;0.0;50.0;24.237931;0.0;74.71;0.0;74.71;48.947931
2025-10-13 16:00:00;0.0;26.8;1.037931;0.0;74.71;0.0;74.71;48.947931
2025-10-13 17:00:00;0.0;26.000000000000004;3.0;0.0;66.7;0.0;66.7;43.7
2025-10-13 18:00:00;6.3;16.7;0.0;0.0;66.7;0.0;66.7;43.7
2025-10-13 19:00:00;14.1;8.9;0.0;0.0;66.7;0.0;66.7;43.7
2025-10-13 20:00:00;26.988621;1.57;0.0;0.0;82.82;0.0;82.82;54.261379
2025-10-13 21:00:00;28.640218;0.0;0.0;0.0;82.82;0.0;82.82;54.179782
2025-10-13 22:00:00;28.916454;0.0;0.0;0.0;82.82;0.0;82.82;53.903546
2025-10-13 23:00:00;32.638998;0.0;0.0;0.0;92.76;0.0;92.76;60.121002
2025-10-14 00:00:00;32.575447;0.0;0.0;0.0;92.76;0.0;92.76;60.184553
2025-10-14 01:00:00;32.739149;0.0;0.0;0.0;92.76;0.0;92.76;60.020851
2025-10-14 02:00:00;43.513062;0.0;0.0;0.0;122.71;0.0;122.71;79.196938
2025-10-14 03:00:00;43.555595;0.0;0.0;0.0;122.71;0.0;122.71;79.154405
2025-10-14 04:00:00;43.899572;0.0;0.0;0.0;122.71;0.0;122.71;78.810428
2025-10-14 05:00:00;63.720295;0.0;0.0;0.0;177.58;0.0;177.58;113.8597
2025-10-14 06:00:00;63.668145;0.0;0.0;0.0;177.58;0.0;177.58;113.91186
2025-10-14 07:00:00;62.527266;0.0;0.0;0.0;177.58;0.0;177.58;115.05273
2025-10-14 08:00:00;67.510313;0.0;0.0;0.0;195.01;0.0;195.01;127.49969
2025-10-14 09:00:00;67.244828;0.0;0.0;0.0;195.01;0.0;195.01;127.76517
2025-10-14 10:00:00;64.014828;3.23;0.0;0.0;195.01;0.0;195.01;127.76517
2025-10-14 11:00:00;24.537931;21.799999999999997;0.0;0.0;134.38;0.0;134.38;88.042069
2025-10-14 12:00:00;0.0;54.1;7.762069;0.0;134.38;0.0;134.38;88.042069
2025-10-14 13:00:00;0.0;53.6;7.262069;0.0;134.38;0.0;134.38;88.042069
2025-10-14 14:00:00;0.0;53.0;15.717241;0.0;108.12;0.0;108.12;70.837241
2025-10-14 15:00:00;4.6827586;32.6;0.0;0.0;108.12;0.0;108.12;70.837241
2025-10-14 16:00:00;4.3827586;32.9;0.0;0.0;108.12;0.0;108.12;70.837241
2025-10-14 17:00:00;0.0;34.8;2.5517241;0.0;93.52;0.0;93.52;61.271724
2025-10-14 18:00:00;19.848276;12.4;0.0;0.0;93.52;0.0;93.52;61.271724
2025-10-14 19:00:00;17.648276;14.599999999999998;0.0;0.0;93.52;0.0;93.52;61.271724
2025-10-14 20:00:00;31.058621;2.6;0.0;0.0;97.61;0.0;97.61;63.951379
2025-10-14 21:00:00;33.658621;0.0;0.0;0.0;97.61;0.0;97.61;63.951379
2025-10-14 22:00:00;33.658621;0.0;0.0;0.0;97.61;0.0;97.61;63.951379
2025-10-14 23:00:00;33.722234;0.0;0.0;0.0;97.47;0.0;97.47;63.747766
2025-10-15 00:00:00;33.790791;0.0;0.0;0.0;97.47;0.0;97.47;63.679209
2025-10-15 01:00:00;33.960869;0.0;0.0;0.0;97.47;0.0;97.47;63.509131
2025-10-15 02:00:00;36.264659;0.0;0.0;0.0;103.71;0.0;103.71;67.445341
2025-10-15 03:00:00;36.520249;0.0;0.0;0.0;103.71;0.0;103.71;67.189751
2025-10-15 04:00:00;36.685355;0.0;0.0;0.0;103.71;0.0;103.71;67.024645
2025-10-15 05:00:00;52.994253;0.0;0.0;0.0;149.65;0.0;149.65;96.655747
2025-10-15 06:00:00;52.834061;0.0;0.0;0.0;149.65;0.0;149.65;96.815939
2025-10-15 07:00:00;52.219404;0.0;0.0;0.0;149.65;0.0;149.65;97.430596
2025-10-15 08:00:00;61.262069;0.0;0.0;0.0;177.66;0.0;177.66;116.39793
2025-10-15 09:00:00;61.262069;0.0;0.0;0.0;177.66;0.0;177.66;116.39793
2025-10-15 10:00:00;60.262069;1.0;0.0;0.0;177.66;0.0;177.66;116.39793
2025-10-15 11:00:00;40.94069;5.879999999999999;0.0;0.0;135.78;0.0;135.78;88.95931
2025-10-15 12:00:00;29.02069;17.8;0.0;0.0;135.78;0.0;135.78;88.95931
2025-10-15 13:00:00;14.62069;32.2;0.0;0.0;135.78;0.0;135.78;88.95931
2025-10-15 14:00:00;0.0;50.99999999999999;14.437931;0.0;106.03;0.0;106.03;69.467931
2025-10-15 15:00:00;0.0;44.00000000000001;7.437931;0.0;106.03;0.0;106.03;69.467931
2025-10-15 16:00:00;0.0;39.9;3.337931;0.0;106.03;0.0;106.03;69.467931
2025-10-15 17:00:00;1.6172414;32.3;0.0;0.0;98.36;0.0;98.36;64.442759
2025-10-15 18:00:00;14.324284;20.3;0.0;0.0;98.36;0.0;98.36;63.735716
2025-10-15 19:00:00;25.913541;9.13;0.0;0.0;98.36;0.0;98.36;63.316459
2025-10-15 20:00:00;39.428443;1.17;0.0;0.0;112.6;0.0;112.59999999999998;72.001557
2025-10-15 21:00:00;40.579583;0.0;0.0;0.0;112.6;0.0;112.59999999999998;72.020417
2025-10-15 22:00:00;40.481349;0.0;0.0;0.0;112.6;0.0;112.59999999999998;72.118651
2025-10-15 23:00:00;44.957571;0.0;0.0;0.0;124.93;0.0;124.93000000000002;79.972429
2025-10-16 00:00:00;44.957137;0.0;0.0;0.0;124.93;0.0;124.93000000000002;79.972863
2025-10-16 01:00:00;44.84316;0.0;0.0;0.0;124.93;0.0;124.93000000000002;80.08684
2025-10-16 02:00:00;49.860765;0.0;0.0;0.0;138.6;0.0;138.6;88.739235
2025-10-16 03:00:00;49.967715;0.0;0.0;0.0;138.6;0.0;138.6;88.632285
2025-10-16 04:00:00;50.083386;0.0;0.0;0.0;138.6;0.0;138.6;88.516614
2025-10-16 05:00:00;72.411914;0.0;0.0;0.0;198.89;0.0;198.89;126.47809
2025-10-16 06:00:00;73.037555;0.0;0.0;0.0;198.89;0.0;198.89;125.85244
2025-10-16 07:00:00;72.127642;0.0;0.0;0.0;198.89;0.0;198.89;126.76236
2025-10-16 08:00:00;71.596513;0.0;0.0;27.477;200.0;30.53;230.53000000000003;128.40349
2025-10-16 09:00:00;70.454647;0.0;0.0;27.477;200.0;30.53;230.53000000000003;129.54535
2025-10-16 10:00:00;65.035517;3.93;0.0;27.477;200.0;30.53;230.53000000000003;131.03448
2025-10-16 11:00:00;48.562069;13.2;0.0;0.0;179.11;0.0;179.11;117.34793
2025-10-16 12:00:00;40.362069;21.4;0.0;0.0;179.11;0.0;179.11;117.34793
2025-10-16 13:00:00;41.462069;20.3;0.0;0.0;179.11;0.0;179.11;117.34793
2025-10-16 14:00:00;13.413793;27.4;0.0;0.0;118.36;0.0;118.36;77.546207
2025-10-16 15:00:00;0.0;46.89999999999999;6.0862069;0.0;118.36;0.0;118.36;77.546207
2025-10-16 16:00:00;0.0;47.2;6.3862069;0.0;118.36;0.0;118.36;77.546207
2025-10-16 17:00:00;0.0;43.5;8.8438575;0.0;100.45;0.0;100.45;65.793857
2025-10-16 18:00:00;11.672795;23.8;0.0;0.0;100.45;0.0;100.45;64.977205
2025-10-16 19:00:00;31.851752;3.97;0.0;0.0;100.45;0.0;100.45;64.628248
2025-10-16 20:00:00;39.510822;1.03;0.0;0.0;112.7;0.0;112.7;72.159178
2025-10-16 21:00:00;41.125824;0.0;0.0;0.0;112.7;0.0;112.7;71.574176
2025-10-16 22:00:00;41.608764;0.0;0.0;0.0;112.7;0.0;112.7;71.091236
2025-10-16 23:00:00;43.640698;0.0;0.0;0.0;117.64;0.0;117.64;73.999302
2025-10-17 00:00:00;43.856178;0.0;0.0;0.0;117.64;0.0;117.64;73.783822
2025-10-17 01:00:00;44.113339;0.0;0.0;0.0;117.64;0.0;117.64;73.526661
2025-10-17 02:00:00;48.445851;0.0;0.0;0.0;128.28;0.0;128.28;79.834149
2025-10-17 03:00:00;48.480896;0.0;0.0;0.0;128.28;0.0;128.28;79.799104
2025-10-17 04:00:00;48.271029;0.0;0.0;0.0;128.28;0.0;128.28;80.008971
2025-10-17 05:00:00;65.538956;0.0;0.0;0.0;174.54;0.0;174.54;109.00104
2025-10-17 06:00:00;64.119864;0.0;0.0;0.0;174.54;0.0;174.54;110.42014
2025-10-17 07:00:00;62.899024;0.0;0.0;0.0;174.54;0.0;174.54;111.64098
2025-10-17 08:00:00;70.170039;0.0;0.0;0.0;198.12;0.0;198.12;127.94996
2025-10-17 09:00:00;69.462664;0.0;0.0;0.0;198.12;0.0;198.12;128.65734
2025-10-17 10:00:00;66.217241;2.1;0.0;0.0;198.12;0.0;198.12;129.80276
2025-10-17 11:00:00;44.267241;9.15;0.0;0.0;154.91;0.0;154.91;101.49276
2025-10-17 12:00:00;39.517241;13.9;0.0;0.0;154.91;0.0;154.91;101.49276
2025-10-17 13:00:00;30.217241;23.2;0.0;0.0;154.91;0.0;154.91;101.49276
2025-10-17 14:00:00;0.0;41.1;1.5586207;0.0;114.67;0.0;114.67000000000002;75.128621
2025-10-17 15:00:00;0.0;42.0;2.4586207;0.0;114.67;0.0;114.67000000000002;75.128621
2025-10-17 16:00:00;4.5413793;35.0;0.0;0.0;114.67;0.0;114.67000000000002;75.128621
2025-10-17 17:00:00;18.757434;17.6;0.0;0.0;104.06;0.0;104.06;67.702566
2025-10-17 18:00:00;27.697545;9.25;0.0;0.0;104.06;0.0;104.06;67.112455
2025-10-17 19:00:00;32.221761;4.9;0.0;0.0;104.06;0.0;104.06;66.938239
2025-10-17 20:00:00;43.508328;1.45;0.0;0.0;125.32;0.0;125.32;80.361672
2025-10-17 21:00:00;45.23152;0.0;0.0;0.0;125.32;0.0;125.32;80.08848
2025-10-17 22:00:00;45.931634;0.0;0.0;0.0;125.32;0.0;125.32;79.388366
2025-10-17 23:00:00;52.724156;0.0;0.0;0.0;142.69;0.0;142.69;89.965844
2025-10-18 00:00:00;53.291337;0.0;0.0;0.0;142.69;0.0;142.69;89.398663
2025-10-18 01:00:00;54.137367;0.0;0.0;0.0;142.69;0.0;142.69;88.552633
2025-10-18 02:00:00;61.108522;0.0;0.0;0.0;158.97;0.0;158.97;97.861478
2025-10-18 03:00:00;60.717735;0.0;0.0;0.0;158.97;0.0;158.97;98.252265
2025-10-18 04:00:00;60.596137;0.0;0.0;0.0;158.97;0.0;158.97;98.373863
2025-10-18 05:00:00;65.658609;0.0;0.0;0.0;173.78;0.0;173.78;108.12139
2025-10-18 06:00:00;65.641413;0.0;0.0;0.0;173.78;0.0;173.78;108.13859
2025-10-18 07:00:00;63.970677;0.0;0.0;0.0;173.78;0.0;173.78;109.80932
2025-10-18 08:00:00;59.077333;0.0;0.0;0.0;163.64;0.0;163.64;104.56267
2025-10-18 09:00:00;57.77369;0.0;0.0;0.0;163.64;0.0;163.64;105.86631
2025-10-18 10:00:00;54.867304;2.05;0.0;0.0;163.64;0.0;163.64;106.7227
2025-10-18 11:00:00;31.494925;9.75;0.0;0.0;119.5;0.0;119.49999999999999;78.255075
2025-10-18 12:00:00;18.106897;23.1;0.0;0.0;119.5;0.0;119.49999999999999;78.293103
2025-10-18 13:00:00;0.0;53.8;12.593103;0.0;119.5;0.0;119.49999999999999;78.293103
2025-10-18 14:00:00;0.0;78.8;42.282759;0.0;105.9;0.0;105.9;69.382759
2025-10-18 15:00:00;0.0;43.8;6.400535;0.0;105.9;0.0;105.9;68.500535
2025-10-18 16:00:00;0.0;39.5;0.86233871;0.0;105.9;0.0;105.9;67.262339
2025-10-18 17:00:00;3.9249855;47.900000000000006;0.0;0.0;139.57;0.0;139.57;87.745015
2025-10-18 18:00:00;21.687803;30.100000000000005;0.0;0.0;139.57;0.0;139.57;87.782197
2025-10-18 19:00:00;33.870561;18.6;0.0;0.0;139.57;0.0;139.57;87.099439
2025-10-18 20:00:00;63.152444;3.8;0.0;0.0;176.64;0.0;176.64;109.68756
2025-10-18 21:00:00;67.319616;0.0;0.0;0.0;176.64;0.0;176.64;109.32038
2025-10-18 22:00:00;67.679313;0.0;0.0;0.0;176.64;0.0;176.64;108.96069
2025-10-18 23:00:00;72.509755;0.0;0.0;0.0;188.89;0.0;188.89;116.38025
2025-10-19 00:00:00;72.840158;0.0;0.0;0.0;188.89;0.0;188.89;116.04984
2025-10-19 01:00:00;72.921855;0.0;0.0;0.0;188.89;0.0;188.89;115.96815
2025-10-19 02:00:00;77.336074;0.0;0.0;8.19;200.0;9.1;209.1;122.66393
2025-10-19 03:00:00;77.47907;0.0;0.0;8.19;200.0;9.1;209.1;122.52093
2025-10-19 04:00:00;77.392551;0.0;0.0;8.19;200.0;9.1;209.1;122.60745
2025-10-19 05:00:00;77.314981;0.0;0.0;11.97;200.0;13.3;213.3;122.68502
2025-10-19 06:00:00;76.723818;0.0;0.0;11.97;200.0;13.3;213.3;123.27618
2025-10-19 07:00:00;74.361806;0.0;0.0;11.97;200.0;13.3;213.3;125.63819
2025-10-19 08:00:00;71.083788;0.0;0.0;9.27;200.0;10.3;210.3;128.91621
2025-10-19 09:00:00;68.965517;0.0;0.0;9.27;200.0;10.3;210.3;131.03448
2025-10-19 10:00:00;68.465517;0.5;0.0;9.27;200.0;10.3;210.3;131.03448
2025-10-19 11:00:00;52.631034;3.9;0.0;0.0;163.94;0.0;163.94;107.40897
2025-10-19 12:00:00;42.831034;13.7;0.0;0.0;163.94;0.0;163.94;107.40897
2025-10-19 13:00:00;30.631034;25.9;0.0;0.0;163.94;0.0;163.94;107.40897
2025-10-19 14:00:00;0.0;42.8;12.637931;0.0;87.47;0.0;87.47;57.307931
2025-10-19 15:00:00;0.0;64.6;34.437931;0.0;87.47;0.0;87.47;57.307931
2025-10-19 16:00:00;0.0;117.0;86.837931;0.0;87.47;0.0;87.47;57.307931
2025-10-19 17:00:00;0.0;85.5;54.731034;0.0;89.23;0.0;89.23;58.461034
2025-10-19 18:00:00;0.0;61.1;30.331034;0.0;89.23;0.0;89.23;58.461034
2025-10-19 19:00:00;16.868966;13.9;0.0;0.0;89.23;0.0;89.23;58.461034
2025-10-19 20:00:00;35.587241;2.53;0.0;0.0;110.54;0.0;110.54;72.422759
2025-10-19 21:00:00;38.117241;0.0;0.0;0.0;110.54;0.0;110.54;72.422759
2025-10-19 22:00:00;38.117241;0.0;0.0;0.0;110.54;0.0;110.54;72.422759
2025-10-19 23:00:00;36.710345;0.0;0.0;0.0;106.46;0.0;106.46;69.749655
2025-10-20 00:00:00;36.710345;0.0;0.0;0.0;106.46;0.0;106.46;69.749655
2025-10-20 01:00:00;36.710345;0.0;0.0;0.0;106.46;0.0;106.46;69.749655
2025-10-20 02:00:00;31.886207;0.0;0.0;0.0;92.47;0.0;92.47;60.583793
2025-10-20 03:00:00;31.886207;0.0;0.0;0.0;92.47;0.0;92.47;60.583793
2025-10-20 04:00:00;31.886207;0.0;0.0;0.0;92.47;0.0;92.47;60.583793
2025-10-20 05:00:00;37.948276;0.0;0.0;0.0;110.05;0.0;110.05;72.101724
2025-10-20 06:00:00;37.948276;0.0;0.0;0.0;110.05;0.0;110.05;72.101724
2025-10-20 07:00:00;37.948276;0.0;0.0;0.0;110.05;0.0;110.05;72.101724
2025-10-20 08:00:00;33.162069;0.0;0.0;0.0;96.17;0.0;96.17;63.007931
2025-10-20 09:00:00;33.162069;0.0;0.0;0.0;96.17;0.0;96.17;63.007931
2025-10-20 10:00:00;32.762069;0.4;0.0;0.0;96.17;0.0;96.17;63.007931
2025-10-20 11:00:00;15.135517;5.929999999999999;0.0;0.0;61.09;0.0;61.09;40.024483
2025-10-20 12:00:00;0.0;28.4;7.3344828;0.0;61.09;0.0;61.09;40.024483
2025-10-20 13:00:00;0.0;23.6;2.5344828;0.0;61.09;0.0;61.09;40.024483
2025-10-20 14:00:00;0.0;10.2;4.4586207;0.0;16.65;0.0;16.65;10.908621
2025-10-20 15:00:00;0.0;32.1;26.358621;0.0;16.65;0.0;16.65;10.908621
2025-10-20 16:00:00;0.0;60.3;54.558621;0.0;16.65;0.0;16.65;10.908621
2025-10-20 17:00:00;0.0;85.7;74.92069;0.0;31.26;0.0;31.26;20.48069
2025-10-20 18:00:00;0.0;54.6;43.82069;0.0;31.26;0.0;31.26;20.48069
2025-10-20 19:00:00;0.0;34.8;24.02069;0.0;31.26;0.0;31.26;20.48069
2025-10-20 20:00:00;8.6148276;6.33;0.0;0.0;43.34;0.0;43.34;28.395172
2025-10-20 21:00:00;14.944828;0.0;0.0;0.0;43.34;0.0;43.34;28.395172
2025-10-20 22:00:00;14.944828;0.0;0.0;0.0;43.34;0.0;43.34;28.395172
2025-10-20 23:00:00;20.313793;0.0;0.0;0.0;58.91;0.0;58.91;38.596207
2025-10-21 00:00:00;20.313793;0.0;0.0;0.0;58.91;0.0;58.91;38.596207
2025-10-21 01:00:00;20.313793;0.0;0.0;0.0;58.91;0.0;58.91;38.596207
2025-10-21 02:00:00;27.97931;0.0;0.0;0.0;81.14;0.0;81.14;53.16069
2025-10-21 03:00:00;27.97931;0.0;0.0;0.0;81.14;0.0;81.14;53.16069
2025-10-21 04:00:00;27.97931;0.0;0.0;0.0;81.14;0.0;81.14;53.16069
2025-10-21 05:00:00;38.941379;0.0;0.0;0.0;112.93;0.0;112.93000000000002;73.988621
2025-10-21 06:00:00;38.941379;0.0;0.0;0.0;112.93;0.0;112.93000000000002;73.988621
2025-10-21 07:00:00;38.941379;0.0;0.0;0.0;112.93;0.0;112.93000000000002;73.988621
2025-10-21 08:00:00;49.955172;0.0;0.0;0.0;144.87;0.0;144.87;94.914828
2025-10-21 09:00:00;49.955172;0.0;0.0;0.0;144.87;0.0;144.87;94.914828
2025-10-21 10:00:00;48.705172;1.25;0.0;0.0;144.87;0.0;144.87;94.914828
2025-10-21 11:00:00;27.124138;12.2;0.0;0.0;114.04;0.0;114.04;74.715862
2025-10-21 12:00:00;16.224138;23.1;0.0;0.0;114.04;0.0;114.04;74.715862
2025-10-21 13:00:00;8.4241379;30.9;0.0;0.0;114.04;0.0;114.04;74.715862
2025-10-21 14:00:00;0.0;28.5;0.39310345;0.0;81.51;0.0;81.51;53.403103
2025-10-21 15:00:00;0.0;49.79999999999999;21.693103;0.0;81.51;0.0;81.51;53.403103
2025-10-21 16:00:00;0.0;46.49999999999999;18.393103;0.0;81.51;0.0;81.51;53.403103
2025-10-21 17:00:00;0.0;56.2;33.565517;0.0;65.64;0.0;65.64;43.005517
2025-10-21 18:00:00;0.0;41.4;18.765517;0.0;65.64;0.0;65.64;43.005517
2025-10-21 19:00:00;2.1344828;20.5;0.0;0.0;65.64;0.0;65.64;43.005517
2025-10-21 20:00:00;31.292069;3.0700000000000003;0.0;0.0;99.65;0.0;99.65;65.287931
2025-10-21 21:00:00;34.362069;0.0;0.0;0.0;99.65;0.0;99.65;65.287931
2025-10-21 22:00:00;34.362069;0.0;0.0;0.0;99.65;0.0;99.65;65.287931
2025-10-21 23:00:00;28.744828;0.0;0.0;0.0;83.36;0.0;83.36;54.615172
2025-10-22 00:00:00;28.744828;0.0;0.0;0.0;83.36;0.0;83.36;54.615172
2025-10-22 01:00:00;28.744828;0.0;0.0;0.0;83.36;0.0;83.36;54.615172
2025-10-22 02:00:00;36.232288;0.0;0.0;0.0;104.43;0.0;104.43;68.197712
2025-10-22 03:00:00;36.413405;0.0;0.0;0.0;104.43;0.0;104.43;68.016595
2025-10-22 04:00:00;36.300026;0.0;0.0;0.0;104.43;0.0;104.43;68.129974
2025-10-22 05:00:00;50.126023;0.0;0.0;0.0;143.77;0.0;143.77;93.643977
2025-10-22 06:00:00;49.575862;0.0;0.0;0.0;143.77;0.0;143.77;94.194138
2025-10-22 07:00:00;49.575862;0.0;0.0;0.0;143.77;0.0;143.77;94.194138
2025-10-22 08:00:00;50.827586;0.0;0.0;0.0;147.4;0.0;147.4;96.572414
2025-10-22 09:00:00;50.827586;0.0;0.0;0.0;147.4;0.0;147.4;96.572414
2025-10-22 10:00:00;48.427586;2.4;0.0;0.0;147.4;0.0;147.4;96.572414
2025-10-22 11:00:00;22.506897;14.4;0.0;0.0;107.03;0.0;107.03;70.123103
2025-10-22 12:00:00;12.706897;24.2;0.0;0.0;107.03;0.0;107.03;70.123103
2025-10-22 13:00:00;0.0;43.2;6.2931034;0.0;107.03;0.0;107.03;70.123103
2025-10-22 14:00:00;0.0;40.5;14.631034;0.0;75.02;0.0;75.02;49.151034
2025-10-22 15:00:00;6.8689655;19.0;0.0;0.0;75.02;0.0;75.02;49.151034
2025-10-22 16:00:00;25.868966;0.0;0.0;0.0;75.02;0.0;75.02;49.151034
2025-10-22 17:00:00;27.911383;0.0;0.0;0.0;79.82;0.0;79.82;51.908617
2025-10-22 18:00:00;28.040339;0.0;0.0;0.0;79.82;0.0;79.82;51.779661
2025-10-22 19:00:00;28.190117;0.0;0.0;0.0;79.82;0.0;79.82;51.629883
2025-10-22 20:00:00;38.233421;0.0;0.0;0.0;109.04;0.0;109.04;70.806579
2025-10-22 21:00:00;37.937336;0.0;0.0;0.0;109.04;0.0;109.04;71.102664
2025-10-22 22:00:00;37.718958;0.0;0.0;0.0;109.04;0.0;109.04;71.321042
2025-10-22 23:00:00;36.251724;0.0;0.0;0.0;105.13;0.0;105.13;68.878276
2025-10-23 00:00:00;36.251724;0.0;0.0;0.0;105.13;0.0;105.13;68.878276
2025-10-23 01:00:00;36.251724;0.0;0.0;0.0;105.13;0.0;105.13;68.878276
2025-10-23 02:00:00;34.52069;0.0;0.0;0.0;100.11;0.0;100.11;65.58931
2025-10-23 03:00:00;34.52069;0.0;0.0;0.0;100.11;0.0;100.11;65.58931
2025-10-23 04:00:00;34.52069;0.0;0.0;0.0;100.11;0.0;100.11;65.58931
2025-10-23 05:00:00;35.87931;0.0;0.0;0.0;104.05;0.0;104.05;68.17069
2025-10-23 06:00:00;35.87931;0.0;0.0;0.0;104.05;0.0;104.05;68.17069
2025-10-23 07:00:00;35.87931;0.0;0.0;0.0;104.05;0.0;104.05;68.17069
2025-10-23 08:00:00;36.572414;0.0;0.0;0.0;106.06;0.0;106.06;69.487586
2025-10-23 09:00:00;36.572414;0.0;0.0;0.0;106.06;0.0;106.06;69.487586
2025-10-23 10:00:00;35.722414;0.85;0.0;0.0;106.06;0.0;106.06;69.487586
2025-10-23 11:00:00;25.801724;5.75;0.0;0.0;91.5;0.0;91.5;59.948276
2025-10-23 12:00:00;0.0;37.6;4.7945925;0.0;91.5;0.0;91.5;58.694593
2025-10-23 13:00:00;0.0;68.7;34.894372;0.0;91.5;0.0;91.5;57.694372
2025-10-23 14:00:00;0.0;82.3;25.9528;0.0;154.31;0.0;154.31;97.9628
2025-10-23 15:00:00;8.3503295;47.2;0.0;0.0;154.31;0.0;154.31;98.75967
2025-10-23 16:00:00;36.86689;19.3;0.0;0.0;154.31;0.0;154.31;98.14311
2025-10-23 17:00:00;28.828027;23.9;0.0;0.0;142.71;0.0;142.71;89.981973
2025-10-23 18:00:00;37.143795;15.8;0.0;0.0;142.71;0.0;142.71;89.766205
2025-10-23 19:00:00;51.331924;1.75;0.0;0.0;142.71;0.0;142.71;89.628076
2025-10-23 20:00:00;60.817585;0.3;0.0;0.0;163.88;0.0;163.88;102.76242
2025-10-23 21:00:00;61.584107;0.0;0.0;0.0;163.88;0.0;163.88;102.29589
2025-10-23 22:00:00;61.897577;0.0;0.0;0.0;163.88;0.0;163.88;101.98242
2025-10-23 23:00:00;64.99963;0.0;0.0;0.0;170.74;0.0;170.74;105.74037
2025-10-24 00:00:00;65.751482;0.0;0.0;0.0;170.74;0.0;170.74;104.98852
2025-10-24 01:00:00;67.00255;0.0;0.0;0.0;170.74;0.0;170.74;103.73745
2025-10-24 02:00:00;79.601387;0.0;0.0;6.786;200.0;7.54;207.54;120.39861
2025-10-24 03:00:00;80.598681;0.0;0.0;6.786;200.0;7.54;207.54;119.40132
2025-10-24 04:00:00;80.627953;0.0;0.0;6.786;200.0;7.54;207.54;119.37205
2025-10-24 05:00:00;80.902825;0.0;0.0;65.781;200.0;73.09;273.09;119.09718
2025-10-24 06:00:00;80.151866;0.0;0.0;65.781;200.0;73.09;273.09;119.84813
2025-10-24 07:00:00;78.745774;0.0;0.0;65.781;200.0;73.09;273.09;121.25423
2025-10-24 08:00:00;76.929159;0.0;0.0;110.16;200.0;122.4;322.4;123.07084
2025-10-24 09:00:00;75.061358;0.0;0.0;110.16;200.0;122.4;322.4;124.93864
2025-10-24 10:00:00;72.131482;1.3;0.0;110.16;200.0;122.4;322.4;126.56852
2025-10-24 11:00:00;63.203901;9.85;0.0;39.861;200.0;44.29;244.29;126.9461
2025-10-24 12:00:00;20.332028;53.0;0.0;39.861;200.0;44.29;244.29;126.66797
2025-10-24 13:00:00;0.0;92.1;19.381107;39.861;200.0;44.29;244.29;127.28111
2025-10-24 14:00:00;0.0;120.00000000000001;46.864998;0.0;199.17;0.0;199.17;126.035
2025-10-24 15:00:00;0.0;112.0;37.704345;0.0;199.17;0.0;199.17;124.87434
2025-10-24 16:00:00;11.324503;63.6;0.0;0.0;199.17;0.0;199.17;124.2455
2025-10-24 17:00:00;0.0;72.4;0.20449803;0.0;192.04;0.0;192.04;119.8445
2025-10-24 18:00:00;27.980925;45.3;0.0;0.0;192.04;0.0;192.04;118.75907
2025-10-24 19:00:00;64.663456;8.2;0.0;0.0;192.04;0.0;192.04;119.17654
2025-10-24 20:00:00;69.748821;1.2;0.0;0.0;186.74;0.0;186.74;115.79118
2025-10-24 21:00:00;71.257558;0.0;0.0;0.0;186.74;0.0;186.74;115.48244
2025-10-24 22:00:00;71.22803;0.0;0.0;0.0;186.74;0.0;186.74;115.51197
2025-10-24 23:00:00;67.894365;0.0;0.0;0.0;177.89;0.0;177.89;109.99563
2025-10-25 00:00:00;68.168961;0.0;0.0;0.0;177.89;0.0;177.89;109.72104
2025-10-25 01:00:00;68.337236;0.0;0.0;0.0;177.89;0.0;177.89;109.55276
2025-10-25 02:00:00;70.326307;0.0;0.0;0.0;183.94;0.0;183.94;113.61369
2025-10-25 03:00:00;70.098603;0.0;0.0;0.0;183.94;0.0;183.94;113.8414
2025-10-25 04:00:00;70.027324;0.0;0.0;0.0;183.94;0.0;183.94;113.91268
2025-10-25 05:00:00;73.909206;0.0;0.0;0.0;195.37;0.0;195.37;121.46079
2025-10-25 06:00:00;73.798719;0.0;0.0;0.0;195.37;0.0;195.37;121.57128
2025-10-25 07:00:00;73.796609;0.0;0.0;0.0;195.37;0.0;195.37;121.57339
2025-10-25 08:00:00;73.313281;0.0;0.0;0.0;194.98;0.0;194.98;121.66672
2025-10-25 09:00:00;72.138249;0.0;0.0;0.0;194.98;0.0;194.98;122.84175
2025-10-25 10:00:00;69.980329;1.45;0.0;0.0;194.98;0.0;194.98;123.54967
2025-10-25 11:00:00;60.72931;4.7;0.0;0.0;177.73;0.0;177.73;112.30069
2025-10-25 12:00:00;55.554759;10.3;0.0;0.0;177.73;0.0;177.73;111.87524
2025-10-25 13:00:00;41.065603;25.3;0.0;0.0;177.73;0.0;177.73;111.3644
2025-10-25 14:00:00;43.100251;22.5;0.0;0.0;173.93;0.0;173.93;108.32975
2025-10-25 15:00:00;45.95846;20.5;0.0;0.0;173.93;0.0;173.93;107.47154
2025-10-25 16:00:00;56.490559;11.2;0.0;0.0;173.93;0.0;173.93;106.23944
2025-10-25 17:00:00;53.67483;21.1;0.0;0.0;190.1;0.0;190.1;115.32517
2025-10-25 18:00:00;64.021197;9.8;0.0;0.0;190.1;0.0;190.1;116.2788
2025-10-25 19:00:00;70.921024;3.45;0.0;0.0;190.1;0.0;190.1;115.72898
2025-10-25 20:00:00;78.716283;0.467;0.0;1.125;200.0;1.25;201.25;120.81672
2025-10-25 21:00:00;79.367094;0.0;0.0;1.125;200.0;1.25;201.25;120.63291
2025-10-25 22:00:00;80.139007;0.0;0.0;1.125;200.0;1.25;201.25;119.86099
2025-10-25 23:00:00;81.083317;0.0;0.0;25.497;200.0;28.33;228.33000000000004;118.91668
2025-10-26 00:00:00;83.407931;0.0;0.0;25.497;200.0;28.33;228.33000000000004;116.59207
2025-10-26 01:00:00;85.260081;0.0;0.0;25.497;200.0;28.33;228.33000000000004;114.73992
2025-10-26 02:00:00;85.952568;0.0;0.0;50.121;200.0;55.69;255.68999999999997;114.04743
2025-10-26 03:00:00;86.234502;0.0;0.0;50.121;200.0;55.69;255.68999999999997;113.7655
2025-10-26 04:00:00;87.096419;0.0;0.0;76.896;200.0;85.44;285.44;112.90358
2025-10-26 05:00:00;86.648055;0.0;0.0;76.896;200.0;85.44;285.44;113.35194
2025-10-26 06:00:00;85.186316;0.0;0.0;76.896;200.0;85.44;285.44;114.81368
2025-10-26 07:00:00;83.620524;0.0;0.0;74.961;200.0;83.29;283.29;116.37948
2025-10-26 08:00:00;82.24059;0.0;0.0;74.961;200.0;83.29;283.29;117.75941
2025-10-26 09:00:00;80.518511;0.0;0.0;74.961;200.0;83.29;283.29;119.48149
2025-10-26 10:00:00;77.706313;0.0;0.0;30.366;200.0;33.74;233.73999999999998;122.29369
2025-10-26 11:00:00;76.098623;0.0;0.0;30.366;200.0;33.74;233.73999999999998;123.90138
2025-10-26 12:00:00;75.761023;0.0;0.0;30.366;200.0;33.74;233.73999999999998;124.23898
2025-10-26 13:00:00;75.602238;0.0;0.0;0.909;200.0;1.01;201.01;124.39776
2025-10-26 14:00:00;76.216931;0.0;0.0;0.909;200.0;1.01;201.01;123.78307
2025-10-26 15:00:00;77.393721;0.0;0.0;0.909;200.0;1.01;201.01;122.60628
2025-10-26 16:00:00;78.950072;0.0;0.0;18.918;200.0;21.02;221.01999999999998;121.04993
2025-10-26 17:00:00;79.60626;0.0;0.0;18.918;200.0;21.02;221.01999999999998;120.39374
2025-10-26 18:00:00;80.547725;0.0;0.0;18.918;200.0;21.02;221.01999999999998;119.45228
2025-10-26 19:00:00;81.029662;0.0;0.0;35.352;200.0;39.28;239.28;118.97034
2025-10-26 20:00:00;81.001299;0.0;0.0;35.352;200.0;39.28;239.28;118.9987
2025-10-26 21:00:00;80.619066;0.0;0.0;35.352;200.0;39.28;239.28;119.38093
2025-10-26 22:00:00;80.067729;0.0;0.0;32.688;200.0;36.32;236.32;119.93227
2025-10-26 23:00:00;79.773627;0.0;0.0;32.688;200.0;36.32;236.32;120.22637
2025-10-27 00:00:00;80.153591;0.0;0.0;32.688;200.0;36.32;236.32;119.84641
2025-10-27 01:00:00;80.287608;0.0;0.0;29.97;200.0;33.3;233.3;119.71239
2025-10-27 02:00:00;80.055366;0.0;0.0;29.97;200.0;33.3;233.3;119.94463
2025-10-27 03:00:00;79.77619;0.0;0.0;29.97;200.0;33.3;233.3;120.22381
2025-10-27 04:00:00;78.281417;0.0;0.0;33.453;200.0;37.17;237.17000000000002;121.71858
2025-10-27 05:00:00;77.023334;0.0;0.0;33.453;200.0;37.17;237.17000000000002;122.97667
2025-10-27 06:00:00;77.049341;0.0;0.0;33.453;200.0;37.17;237.17000000000002;122.95066
2025-10-27 07:00:00;75.925683;0.0;0.0;73.908;200.0;82.12;282.12;124.07432
2025-10-27 08:00:00;73.330024;2.2;0.0;73.908;200.0;82.12;282.12;124.46998
2025-10-27 09:00:00;60.895326;13.2;0.0;73.908;200.0;82.12;282.12;125.90467
2025-10-27 10:00:00;53.708651;19.2;0.0;66.186;200.0;73.54;273.54;127.09135
2025-10-27 11:00:00;48.764537;25.199999999999996;0.0;66.186;200.0;73.54;273.54;126.03546
2025-10-27 12:00:00;0.0;99.2;24.911832;66.186;200.0;73.54;273.54;125.71183
2025-10-27 13:00:00;67.822654;6.9;0.0;69.813;200.0;77.57;277.57;125.27735
2025-10-27 14:00:00;47.144032;27.4;0.0;69.813;200.0;77.57;277.57;125.45597
2025-10-27 15:00:00;52.273288;22.9;0.0;69.813;200.0;77.57;277.57;124.82671
2025-10-27 16:00:00;56.741777;20.4;0.0;1.557;200.0;1.73;201.73;122.85822
2025-10-27 17:00:00;69.683953;7.98;0.0;1.557;200.0;1.73;201.73;122.33605
2025-10-27 18:00:00;77.043469;1.55;0.0;1.557;200.0;1.73;201.73;121.40653
2025-10-27 19:00:00;78.612324;0.0;0.0;10.224;200.0;11.36;211.36;121.38768
2025-10-27 20:00:00;79.332968;0.0;0.0;10.224;200.0;11.36;211.36;120.66703
2025-10-27 21:00:00;79.82462;0.0;0.0;10.224;200.0;11.36;211.36;120.17538
2025-10-27 22:00:00;80.002516;0.0;0.0;9.522;200.0;10.58;210.58;119.99748
2025-10-27 23:00:00;79.34165;0.0;0.0;9.522;200.0;10.58;210.58;120.65835
2025-10-28 00:00:00;78.336212;0.0;0.0;9.522;200.0;10.58;210.58;121.66379
2025-10-28 01:00:00;77.843433;0.0;0.0;10.251;200.0;11.39;211.39;122.15657
2025-10-28 02:00:00;77.399717;0.0;0.0;10.251;200.0;11.39;211.39;122.60028
2025-10-28 03:00:00;76.084275;0.0;0.0;10.251;200.0;11.39;211.39;123.91572
2025-10-28 04:00:00;74.882416;0.0;0.0;14.805;200.0;16.45;216.45;125.11758
2025-10-28 05:00:00;72.637585;0.0;0.0;14.805;200.0;16.45;216.45;127.36242
2025-10-28 06:00:00;71.94069;0.0;0.0;14.805;200.0;16.45;216.45;128.05931
2025-10-28 07:00:00;70.761126;0.0;0.0;31.815;200.0;35.35;235.34999999999997;129.23887
2025-10-28 08:00:00;69.413968;0.5;0.0;31.815;200.0;35.35;235.34999999999997;130.08603
2025-10-28 09:00:00;65.634704;4.05;0.0;31.815;200.0;35.35;235.34999999999997;130.3153
2025-10-28 10:00:00;49.492933;13.5;0.0;0.0;182.5;0.0;182.5;119.50707
2025-10-28 11:00:00;5.2310345;57.7;0.0;0.0;182.5;0.0;182.5;119.56897
2025-10-28 12:00:00;23.031034;39.9;0.0;0.0;182.5;0.0;182.5;119.56897
2025-10-28 13:00:00;26.841379;28.5;0.0;0.0;160.49;0.0;160.49;105.14862
2025-10-28 14:00:00;26.941379;28.4;0.0;0.0;160.49;0.0;160.49;105.14862
2025-10-28 15:00:00;0.0;58.3;2.7526657;0.0;160.49;0.0;160.49;104.94267
2025-10-28 16:00:00;35.82338;10.7;0.0;0.0;132.87;0.0;132.87;86.34662
2025-10-28 17:00:00;40.342043;6.55;0.0;0.0;132.87;0.0;132.87;85.977957
2025-10-28 18:00:00;46.777652;0.6;0.0;0.0;132.87;0.0;132.87;85.492348
2025-10-28 19:00:00;47.849262;0.0;0.0;0.0;133.6;0.0;133.6;85.750738
2025-10-28 20:00:00;48.214185;0.0;0.0;0.0;133.6;0.0;133.6;85.385815
2025-10-28 21:00:00;48.38954;0.0;0.0;0.0;133.6;0.0;133.6;85.21046
2025-10-28 22:00:00;56.691299;0.0;0.0;0.0;156.32;0.0;156.32;99.628701
2025-10-28 23:00:00;56.497309;0.0;0.0;0.0;156.32;0.0;156.32;99.822691
2025-10-29 00:00:00;56.176156;0.0;0.0;0.0;156.32;0.0;156.32;100.14384
2025-10-29 01:00:00;56.531897;0.0;0.0;0.0;158.44;0.0;158.44;101.9081
2025-10-29 02:00:00;56.212;0.0;0.0;0.0;158.44;0.0;158.44;102.228
2025-10-29 03:00:00;56.263609;0.0;0.0;0.0;158.44;0.0;158.44;102.17639
2025-10-29 04:00:00;65.592736;0.0;0.0;0.0;182.33;0.0;182.33;116.73726
2025-10-29 05:00:00;65.70151;0.0;0.0;0.0;182.33;0.0;182.33;116.62849
2025-10-29 06:00:00;65.665809;0.0;0.0;0.0;182.33;0.0;182.33;116.66419
2025-10-29 07:00:00;66.112041;0.0;0.0;0.0;187.17;0.0;187.17;121.05796
2025-10-29 08:00:00;64.096043;0.5;0.0;0.0;187.17;0.0;187.17;122.57396
2025-10-29 09:00:00;57.791379;6.75;0.0;0.0;187.17;0.0;187.17;122.62862
2025-10-29 10:00:00;27.231034;20.1;0.0;0.0;137.26;0.0;137.26;89.928966
2025-10-29 11:00:00;0.0;53.1;5.7689655;0.0;137.26;0.0;137.26;89.928966
2025-10-29 12:00:00;0.0;59.1;11.768966;0.0;137.26;0.0;137.26;89.928966
2025-10-29 13:00:00;0.0;49.6;11.296552;0.0;111.08;0.0;111.08;72.776552
2025-10-29 14:00:00;0.0;43.9;5.5965517;0.0;111.08;0.0;111.08;72.776552
2025-10-29 15:00:00;3.1034483;35.2;0.0;0.0;111.08;0.0;111.08;72.776552
2025-10-29 16:00:00;8.1758621;23.4;0.0;0.0;91.57;0.0;91.57;59.994138
2025-10-29 17:00:00;22.445862;9.13;0.0;0.0;91.57;0.0;91.57;59.994138
2025-10-29 18:00:00;30.725862;0.85;0.0;0.0;91.57;0.0;91.57;59.994138
2025-10-29 19:00:00;31.758621;0.0;0.0;0.0;92.1;0.0;92.1;60.341379
2025-10-29 20:00:00;31.758621;0.0;0.0;0.0;92.1;0.0;92.1;60.341379
2025-10-29 21:00:00;31.758621;0.0;0.0;0.0;92.1;0.0;92.1;60.341379
2025-10-29 22:00:00;39.072414;0.0;0.0;0.0;113.31;0.0;113.31;74.237586
2025-10-29 23:00:00;39.081205;0.0;0.0;0.0;113.31;0.0;113.31;74.228795
2025-10-30 00:00:00;39.798131;0.0;0.0;0.0;113.31;0.0;113.31;73.511869
2025-10-30 01:00:00;49.478328;0.0;0.0;0.0;138.44;0.0;138.44;88.961672
2025-10-30 02:00:00;50.327842;0.0;0.0;0.0;138.44;0.0;138.44;88.112158
2025-10-30 03:00:00;51.482075;0.0;0.0;0.0;138.44;0.0;138.44;86.957925
2025-10-30 04:00:00;76.007823;0.0;0.0;2.772;200.0;3.08;203.08;123.99218
2025-10-30 05:00:00;77.396646;0.0;0.0;2.772;200.0;3.08;203.08;122.60335
2025-10-30 06:00:00;78.564902;0.0;0.0;2.772;200.0;3.08;203.08;121.4351
2025-10-30 07:00:00;77.742595;0.0;0.0;60.489;200.0;67.21;267.21;122.25741
2025-10-30 08:00:00;74.030916;1.25;0.0;60.489;200.0;67.21;267.21;124.71908
2025-10-30 09:00:00;55.968028;16.6;0.0;60.489;200.0;67.21;267.21;127.43197
2025-10-30 10:00:00;12.090476;58.3;0.0;3.438;200.0;3.82;203.82;129.60952
2025-10-30 11:00:00;0.0;92.1;23.017865;3.438;200.0;3.82;203.82;130.91786
2025-10-30 12:00:00;0.0;124.0;55.034483;3.438;200.0;3.82;203.82;131.03448
2025-10-30 13:00:00;0.0;134.0;86.803448;0.0;136.87;0.0;136.87;89.673448
2025-10-30 14:00:00;0.0;133.0;85.803448;0.0;136.87;0.0;136.87;89.673448
2025-10-30 15:00:00;0.0;113.0;64.525676;0.0;136.87;0.0;136.87;88.395676
2025-10-30 16:00:00;0.0;73.6;18.92243;0.0;148.81;0.0;148.81;94.13243
2025-10-30 17:00:00;41.9358;14.899999999999999;0.0;0.0;148.81;0.0;148.81;91.9742
2025-10-30 18:00:00;55.699341;1.3;0.0;0.0;148.81;0.0;148.81;91.810659
2025-10-30 19:00:00;69.105766;0.0;0.0;0.0;178.8;0.0;178.8;109.69423
2025-10-30 20:00:00;70.30033;0.0;0.0;0.0;178.8;0.0;178.8;108.49967
2025-10-30 21:00:00;70.569462;0.0;0.0;0.0;178.8;0.0;178.8;108.23054
2025-10-30 22:00:00;79.342649;0.0;0.0;12.861;200.0;14.29;214.29;120.65735
2025-10-30 23:00:00;79.189713;0.0;0.0;12.861;200.0;14.29;214.29;120.81029
2025-10-31 00:00:00;79.516857;0.0;0.0;12.861;200.0;14.29;214.29;120.48314
2025-10-31 01:00:00;80.377649;0.0;0.0;20.07;200.0;22.3;222.29999999999998;119.62235
2025-10-31 02:00:00;80.943034;0.0;0.0;20.07;200.0;22.3;222.29999999999998;119.05697
2025-10-31 03:00:00;80.696496;0.0;0.0;20.07;200.0;22.3;222.29999999999998;119.3035
2025-10-31 04:00:00;79.647823;0.0;0.0;56.349;200.0;62.61;262.61;120.35218
2025-10-31 05:00:00;78.566032;0.0;0.0;56.349;200.0;62.61;262.61;121.43397
2025-10-31 06:00:00;76.81605;0.0;0.0;56.349;200.0;62.61;262.61;123.18395
2025-10-31 07:00:00;74.378753;0.0;0.0;100.314;200.0;111.46;311.46;125.62125
2025-10-31 08:00:00;70.441377;0.6;0.0;100.314;200.0;111.46;311.46;128.95862
2025-10-31 09:00:00;59.645517;9.32;0.0;100.314;200.0;111.46;311.46;131.03448
2025-10-31 10:00:00;53.365517;15.6;0.0;29.619;200.0;32.91;232.91000000000003;131.03448
2025-10-31 11:00:00;43.765517;25.199999999999996;0.0;29.619;200.0;32.91;232.91000000000003;131.03448
2025-10-31 12:00:00;29.365517;39.6;0.0;29.619;200.0;32.91;232.91000000000003;131.03448
2025-10-31 13:00:00;19.648276;35.2;0.0;0.0;159.06;0.0;159.06;104.21172
2025-10-31 14:00:00;28.748276;26.099999999999998;0.0;0.0;159.06;0.0;159.06;104.21172
2025-10-31 15:00:00;29.048276;25.799999999999997;0.0;0.0;159.06;0.0;159.06;104.21172
2025-10-31 16:00:00;14.493103;23.2;0.0;0.0;109.31;0.0;109.31;71.616897
2025-10-31 17:00:00;32.643103;5.05;0.0;0.0;109.31;0.0;109.31;71.616897
2025-10-31 18:00:00;37.493103;0.2;0.0;0.0;109.31;0.0;109.31;71.616897
2025-10-31 19:00:00;40.3;0.0;0.0;0.0;116.87;0.0;116.86999999999999;76.57
2025-10-31 20:00:00;40.3;0.0;0.0;0.0;116.87;0.0;116.86999999999999;76.57
2025-10-31 21:00:00;40.3;0.0;0.0;0.0;116.87;0.0;116.86999999999999;76.57
2025-10-31 22:00:00;36.258621;0.0;0.0;0.0;105.15;0.0;105.15;68.891379
2025-10-31 23:00:00;36.258621;0.0;0.0;0.0;105.15;0.0;105.15;68.891379
2025-11-01 00:00:00;36.258621;0.0;0.0;0.0;105.15;0.0;105.15;68.891379
2025-11-01 01:00:00;39.848276;0.0;0.0;0.0;115.56;0.0;115.56000000000002;75.711724
2025-11-01 02:00:00;39.848276;0.0;0.0;0.0;115.56;0.0;115.56000000000002;75.711724
2025-11-01 03:00:00;39.848276;0.0;0.0;0.0;115.56;0.0;115.56000000000002;75.711724
2025-11-01 04:00:00;43.993103;0.0;0.0;0.0;127.58;0.0;127.58;83.586897
2025-11-01 05:00:00;43.993103;0.0;0.0;0.0;127.58;0.0;127.58;83.586897
2025-11-01 06:00:00;43.993103;0.0;0.0;0.0;127.58;0.0;127.58;83.586897
2025-11-01 07:00:00;36.886207;0.0;0.0;0.0;106.97;0.0;106.97;70.083793
2025-11-01 08:00:00;36.886207;0.0;0.0;0.0;106.97;0.0;106.97;70.083793
2025-11-01 09:00:00;35.756207;1.13;0.0;0.0;106.97;0.0;106.97;70.083793
2025-11-01 10:00:00;17.456207;6.130000000000001;0.0;0.0;68.4;0.0;68.4;44.813793
2025-11-01 11:00:00;11.986207;11.6;0.0;0.0;68.4;0.0;68.4;44.813793
2025-11-01 12:00:00;13.186207;10.4;0.0;0.0;68.4;0.0;68.4;44.813793
2025-11-01 13:00:00;22.47;9.53;0.0;0.0;92.8;0.0;92.8;60.8
2025-11-01 14:00:00;24.87;7.13;0.0;0.0;92.8;0.0;92.8;60.8
2025-11-01 15:00:00;23.95;8.05;0.0;0.0;92.8;0.0;92.8;60.8
2025-11-01 16:00:00;31.668966;10.3;0.0;0.0;121.71;0.0;121.71;79.741034
2025-11-01 17:00:00;38.568966;3.4;0.0;0.0;121.71;0.0;121.71;79.741034
2025-11-01 18:00:00;42.24997;0.65;0.0;0.0;121.71;0.0;121.71;78.81003
2025-11-01 19:00:00;49.476809;0.0;0.0;0.0;139.01;0.0;139.01;89.533191
2025-11-01 20:00:00;49.966483;0.0;0.0;0.0;139.01;0.0;139.01;89.043517
2025-11-01 21:00:00;50.085683;0.0;0.0;0.0;139.01;0.0;139.01;88.924317
2025-11-01 22:00:00;55.782947;0.0;0.0;0.0;154.42;0.0;154.42;98.637053
2025-11-01 23:00:00;55.933947;0.0;0.0;0.0;154.42;0.0;154.42;98.486053
2025-11-02 00:00:00;55.948939;0.0;0.0;0.0;154.42;0.0;154.42;98.471061
2025-11-02 01:00:00;55.596917;0.0;0.0;0.0;153.41;0.0;153.41;97.813083
2025-11-02 02:00:00;55.683135;0.0;0.0;0.0;153.41;0.0;153.41;97.726865
2025-11-02 03:00:00;55.746565;0.0;0.0;0.0;153.41;0.0;153.41;97.663435
2025-11-02 04:00:00;50.752878;0.0;0.0;0.0;139.87;0.0;139.87;89.117122
2025-11-02 05:00:00;51.244248;0.0;0.0;0.0;139.87;0.0;139.87;88.625752
2025-11-02 06:00:00;50.694047;0.0;0.0;0.0;139.87;0.0;139.87;89.175953
2025-11-02 07:00:00;52.929229;0.0;0.0;0.0;148.02;0.0;148.02;95.090771
2025-11-02 08:00:00;51.345038;0.3;0.0;0.0;148.02;0.0;148.02;96.374962
2025-11-02 09:00:00;46.391379;4.65;0.0;0.0;148.02;0.0;148.02;96.978621
2025-11-02 10:00:00;0.0;36.5;0.76896552;0.0;103.62;0.0;103.62;67.888966
2025-11-02 11:00:00;0.0;65.4;29.668966;0.0;103.62;0.0;103.62;67.888966
2025-11-02 12:00:00;0.0;47.900000000000006;12.168966;0.0;103.62;0.0;103.62;67.888966
2025-11-02 13:00:00;0.0;59.3;27.568966;0.0;92.02;0.0;92.02;60.288966
2025-11-02 14:00:00;0.0;68.7;36.398744;0.0;92.02;0.0;92.02;59.718744
2025-11-02 15:00:00;0.0;76.8;43.66217;0.0;92.02;0.0;92.02;58.88217
2025-11-02 16:00:00;49.531962;12.4;0.0;0.0;168.92;0.0;168.92;106.98804
2025-11-02 17:00:00;61.431146;1.33;0.0;0.0;168.92;0.0;168.92;106.15885
2025-11-02 18:00:00;63.557608;0.1;0.0;0.0;168.92;0.0;168.92;105.26239
2025-11-02 19:00:00;69.169538;0.0;0.0;0.0;181.94;0.0;181.94;112.77046
2025-11-02 20:00:00;69.493271;0.0;0.0;0.0;181.94;0.0;181.94;112.44673
2025-11-02 21:00:00;70.165897;0.0;0.0;0.0;181.94;0.0;181.94;111.7741
2025-11-02 22:00:00;77.479363;0.0;0.0;8.379;200.0;9.31;209.31;122.52064
2025-11-02 23:00:00;78.291966;0.0;0.0;8.379;200.0;9.31;209.31;121.70803
2025-11-03 00:00:00;79.021278;0.0;0.0;8.379;200.0;9.31;209.31;120.97872
2025-11-03 01:00:00;79.319756;0.0;0.0;27.279;200.0;30.31;230.30999999999997;120.68024
2025-11-03 02:00:00;79.376322;0.0;0.0;27.279;200.0;30.31;230.30999999999997;120.62368
2025-11-03 03:00:00;79.187187;0.0;0.0;27.279;200.0;30.31;230.30999999999997;120.81281
2025-11-03 04:00:00;78.841492;0.0;0.0;55.62;200.0;61.8;261.8;121.15851
2025-11-03 05:00:00;78.656933;0.0;0.0;55.62;200.0;61.8;261.8;121.34307
2025-11-03 06:00:00;80.649782;0.0;0.0;55.62;200.0;61.8;261.8;119.35022
2025-11-03 07:00:00;78.4193;0.0;0.0;104.76;200.0;116.4;316.4;121.5807
2025-11-03 08:00:00;75.050024;0.7000000000000002;0.0;104.76;200.0;116.4;316.4;124.24998
2025-11-03 09:00:00;59.262026;13.6;0.0;104.76;200.0;116.4;316.4;127.13797
2025-11-03 10:00:00;24.894748;45.8;0.0;1.071;200.0;1.19;201.19;129.30525
2025-11-03 11:00:00;16.681148;53.0;0.0;1.071;200.0;1.19;201.19;130.31885
2025-11-03 12:00:00;11.408618;57.9;0.0;1.071;200.0;1.19;201.19;130.69138
2025-11-03 13:00:00;0.0;57.6;7.8966613;0.0;144.12;0.0;144.12;94.416661
2025-11-03 14:00:00;21.173015;29.0;0.0;0.0;144.12;0.0;144.12;93.946985
2025-11-03 15:00:00;8.7406575;42.2;0.0;0.0;144.12;0.0;144.12;93.179342
2025-11-03 16:00:00;24.941736;25.0;0.0;0.0;139.87;0.0;139.87;89.928264
2025-11-03 17:00:00;38.344493;11.5;0.0;0.0;139.87;0.0;139.87;90.025507
2025-11-03 18:00:00;48.462906;0.5;0.0;0.0;139.87;0.0;139.87;90.907094
2025-11-03 19:00:00;43.490182;0.0;0.0;0.0;123.66;0.0;123.66000000000001;80.169818
2025-11-03 20:00:00;43.43007;0.0;0.0;0.0;123.66;0.0;123.66000000000001;80.22993
2025-11-03 21:00:00;43.601708;0.0;0.0;0.0;123.66;0.0;123.66000000000001;80.058292
2025-11-03 22:00:00;37.027617;0.0;0.0;0.0;104.99;0.0;104.99;67.962383
2025-11-03 23:00:00;37.107622;0.0;0.0;0.0;104.99;0.0;104.99;67.882378
2025-11-04 00:00:00;37.243303;0.0;0.0;0.0;104.99;0.0;104.99;67.746697
2025-11-04 01:00:00;35.351667;0.0;0.0;0.0;99.21;0.0;99.21;63.858333
2025-11-04 02:00:00;35.456634;0.0;0.0;0.0;99.21;0.0;99.21;63.753366
2025-11-04 03:00:00;35.682137;0.0;0.0;0.0;99.21;0.0;99.21;63.527863
2025-11-04 04:00:00;44.075369;0.0;0.0;0.0;122.62;0.0;122.62;78.544631
2025-11-04 05:00:00;44.33413;0.0;0.0;0.0;122.62;0.0;122.62;78.28587
2025-11-04 06:00:00;42.814414;0.0;0.0;0.0;122.62;0.0;122.62;79.805586
2025-11-04 07:00:00;51.886207;0.0;0.0;0.0;150.47;0.0;150.47;98.583793
2025-11-04 08:00:00;51.586207;0.3;0.0;0.0;150.47;0.0;150.47;98.583793
2025-11-04 09:00:00;44.386207;7.500000000000001;0.0;0.0;150.47;0.0;150.47;98.583793
2025-11-04 10:00:00;13.168966;20.9;0.0;0.0;98.8;0.0;98.8;64.731034
2025-11-04 11:00:00;0.0;39.5;5.4310345;0.0;98.8;0.0;98.8;64.731034
2025-11-04 12:00:00;0.0;95.80000000000001;61.731034;0.0;98.8;0.0;98.8;64.731034
2025-11-04 13:00:00;0.0;117.99999999999999;92.351724;0.0;74.38;0.0;74.38;48.731724
2025-11-04 14:00:00;0.0;115.0;89.351724;0.0;74.38;0.0;74.38;48.731724
2025-11-04 15:00:00;0.0;64.2;38.551724;0.0;74.38;0.0;74.38;48.731724
2025-11-04 16:00:00;0.0;32.1;4.2827586;0.0;80.67;0.0;80.67;52.852759
2025-11-04 17:00:00;18.687241;9.13;0.0;0.0;80.67;0.0;80.67;52.852759
2025-11-04 18:00:00;27.317241;0.5;0.0;0.0;80.67;0.0;80.67;52.852759
2025-11-04 19:00:00;36.937931;0.0;0.0;0.0;107.12;0.0;107.12;70.182069
2025-11-04 20:00:00;36.937931;0.0;0.0;0.0;107.12;0.0;107.12;70.182069
2025-11-04 21:00:00;36.937931;0.0;0.0;0.0;107.12;0.0;107.12;70.182069
2025-11-04 22:00:00;43.31203;0.0;0.0;0.0;125.53;0.0;125.53000000000002;82.21797
2025-11-04 23:00:00;44.00781;0.0;0.0;0.0;125.53;0.0;125.53000000000002;81.52219
2025-11-05 00:00:00;44.636268;0.0;0.0;0.0;125.53;0.0;125.53000000000002;80.893732
2025-11-05 01:00:00;51.727297;0.0;0.0;0.0;143.84;0.0;143.84;92.112703
2025-11-05 02:00:00;52.224697;0.0;0.0;0.0;143.84;0.0;143.84;91.615303
2025-11-05 03:00:00;52.5243;0.0;0.0;0.0;143.84;0.0;143.84;91.3157
2025-11-05 04:00:00;64.961019;0.0;0.0;0.0;177.6;0.0;177.6;112.63898
2025-11-05 05:00:00;65.080216;0.0;0.0;0.0;177.6;0.0;177.6;112.51978
2025-11-05 06:00:00;65.597532;0.0;0.0;0.0;177.6;0.0;177.6;112.00247
2025-11-05 07:00:00;71.650555;0.0;0.0;8.658;200.0;9.62;209.62;128.34944
2025-11-05 08:00:00;68.665517;0.3;0.0;8.658;200.0;9.62;209.62;131.03448
2025-11-05 09:00:00;61.735517;7.230000000000001;0.0;8.658;200.0;9.62;209.62;131.03448
2025-11-05 10:00:00;19.12069;29.199999999999996;0.0;0.0;140.13;0.0;140.13;91.80931
2025-11-05 11:00:00;0.0;71.3;22.97931;0.0;140.13;0.0;140.13;91.80931
2025-11-05 12:00:00;0.0;101.99999999999999;53.67931;0.0;140.13;0.0;140.13;91.80931
2025-11-05 13:00:00;0.0;126.0;100.03103;0.0;75.31;0.0;75.31;49.341034
2025-11-05 14:00:00;0.0;127.00000000000001;101.03103;0.0;75.31;0.0;75.31;49.341034
2025-11-05 15:00:00;0.0;99.10000000000001;73.131034;0.0;75.31;0.0;75.31;49.341034
2025-11-05 16:00:00;0.0;62.2;36.489655;0.0;74.56;0.0;74.56;48.849655
2025-11-05 17:00:00;14.516519;11.2;0.0;0.0;74.56;0.0;74.56;48.843481
2025-11-05 18:00:00;25.605601;0.4;0.0;0.0;74.56;0.0;74.56;48.554399
2025-11-05 19:00:00;34.642695;0.0;0.0;0.0;99.14;0.0;99.14;64.497305
2025-11-05 20:00:00;34.766017;0.0;0.0;0.0;99.14;0.0;99.14;64.373983
2025-11-05 21:00:00;35.011964;0.0;0.0;0.0;99.14;0.0;99.14;64.128036
2025-11-05 22:00:00;38.462179;0.0;0.0;0.0;107.74;0.0;107.74;69.277821
2025-11-05 23:00:00;38.765003;0.0;0.0;0.0;107.74;0.0;107.74;68.974997
2025-11-06 00:00:00;39.068447;0.0;0.0;0.0;107.74;0.0;107.74;68.671553
2025-11-06 01:00:00;54.511954;0.0;0.0;0.0;148.75;0.0;148.75;94.238046
2025-11-06 02:00:00;55.393281;0.0;0.0;0.0;148.75;0.0;148.75;93.356719
2025-11-06 03:00:00;56.126863;0.0;0.0;0.0;148.75;0.0;148.75;92.623137
2025-11-06 04:00:00;75.947363;0.0;0.0;11.826;200.0;13.14;213.14;124.05264
2025-11-06 05:00:00;76.226434;0.0;0.0;11.826;200.0;13.14;213.14;123.77357
2025-11-06 06:00:00;76.1572;0.0;0.0;11.826;200.0;13.14;213.14;123.8428
2025-11-06 07:00:00;74.347567;0.0;0.0;82.764;200.0;91.96;291.96;125.65243
2025-11-06 08:00:00;69.677;1.0;0.0;82.764;200.0;91.96;291.96;129.323
2025-11-06 09:00:00;56.365517;12.599999999999998;0.0;82.764;200.0;91.96;291.96;131.03448
2025-11-06 10:00:00;24.237931;37.1;0.0;0.0;177.88;0.0;177.88;116.54207
2025-11-06 11:00:00;5.137931;56.2;0.0;0.0;177.88;0.0;177.88;116.54207
2025-11-06 12:00:00;0.0;68.4;7.062069;0.0;177.88;0.0;177.88;116.54207
2025-11-06 13:00:00;0.0;55.4;16.903448;0.0;111.64;0.0;111.64;73.143448
2025-11-06 14:00:00;0.0;61.89999999999999;23.403448;0.0;111.64;0.0;111.64;73.143448
2025-11-06 15:00:00;0.0;56.3;17.803448;0.0;111.64;0.0;111.64;73.143448
2025-11-06 16:00:00;9.4177213;31.2;0.0;0.0;114.94;0.0;114.94;74.322279
2025-11-06 17:00:00;33.269044;8.2;0.0;0.0;114.94;0.0;114.94;73.470956
2025-11-06 18:00:00;42.224643;0.2;0.0;0.0;114.94;0.0;114.94;72.515357
2025-11-06 19:00:00;58.89205;0.0;0.0;0.0;157.66;0.0;157.66;98.76795
2025-11-06 20:00:00;59.67771;0.0;0.0;0.0;157.66;0.0;157.66;97.98229
2025-11-06 21:00:00;60.623388;0.0;0.0;0.0;157.66;0.0;157.66;97.036612
2025-11-06 22:00:00;73.480105;0.0;0.0;0.0;186.88;0.0;186.88;113.39989
2025-11-06 23:00:00;74.732456;0.0;0.0;0.0;186.88;0.0;186.88;112.14754
2025-11-07 00:00:00;75.487204;0.0;0.0;0.0;186.88;0.0;186.88;111.3928
2025-11-07 01:00:00;77.854189;0.0;0.0;0.0;191.04;0.0;191.04;113.18581
2025-11-07 02:00:00;78.306694;0.0;0.0;0.0;191.04;0.0;191.04;112.73331
2025-11-07 03:00:00;78.688135;0.0;0.0;0.0;191.04;0.0;191.04;112.35186
2025-11-07 04:00:00;82.809473;0.0;0.0;66.177;200.0;73.53;273.53;117.19053
2025-11-07 05:00:00;83.32818;0.0;0.0;66.177;200.0;73.53;273.53;116.67182
2025-11-07 06:00:00;82.225071;0.0;0.0;66.177;200.0;73.53;273.53;117.77493
2025-11-07 07:00:00;78.206908;0.0;0.0;151.11;200.0;167.9;367.9;121.79309
2025-11-07 08:00:00;72.166968;0.8;0.0;151.11;200.0;167.9;367.9;127.03303
2025-11-07 09:00:00;61.384546;7.68;0.0;151.11;200.0;167.9;367.9;130.93545
2025-11-07 10:00:00;37.965517;31.0;0.0;17.865;200.0;19.85;219.85;131.03448
2025-11-07 11:00:00;1.1655172;67.8;0.0;17.865;200.0;19.85;219.85;131.03448
2025-11-07 12:00:00;0.0;107.0;38.034483;17.865;200.0;19.85;219.85;131.03448
2025-11-07 13:00:00;0.0;120.00000000000001;75.444828;0.0;129.21;0.0;129.21;84.654828
2025-11-07 14:00:00;0.0;116.0;71.444828;0.0;129.21;0.0;129.21;84.654828
2025-11-07 15:00:00;0.0;94.5;49.944828;0.0;129.21;0.0;129.21;84.654828
2025-11-07 16:00:00;0.0;54.49999999999999;7.5110944;0.0;130.48;0.0;130.48;83.491094
2025-11-07 17:00:00;38.472548;10.1;0.0;0.0;130.48;0.0;130.48;81.907452
2025-11-07 18:00:00;48.76644;0.8;0.0;0.0;130.48;0.0;130.48;80.91356
2025-11-07 19:00:00;73.182189;0.0;0.0;0.0;189.12;0.0;189.12;115.93781
2025-11-07 20:00:00;74.227756;0.0;0.0;0.0;189.12;0.0;189.12;114.89224
2025-11-07 21:00:00;75.249574;0.0;0.0;0.0;189.12;0.0;189.12;113.87043
2025-11-07 22:00:00;80.84877;0.0;0.0;25.515;200.0;28.35;228.34999999999997;119.15123
2025-11-07 23:00:00;81.811616;0.0;0.0;25.515;200.0;28.35;228.34999999999997;118.18838
2025-11-08 00:00:00;82.932624;0.0;0.0;25.515;200.0;28.35;228.34999999999997;117.06738
2025-11-08 01:00:00;82.875991;0.0;0.0;66.897;200.0;74.33;274.33;117.12401
2025-11-08 02:00:00;82.153332;0.0;0.0;66.897;200.0;74.33;274.33;117.84667
2025-11-08 03:00:00;82.44652;0.0;0.0;66.897;200.0;74.33;274.33;117.55348
2025-11-08 04:00:00;82.52825;0.0;0.0;86.661;200.0;96.29;296.29;117.47175
2025-11-08 05:00:00;82.248434;0.0;0.0;86.661;200.0;96.29;296.29;117.75157
2025-11-08 06:00:00;84.209159;0.0;0.0;86.661;200.0;96.29;296.29;115.79084
2025-11-08 07:00:00;81.83638;0.0;0.0;108.234;200.0;120.26;320.26;118.16362
2025-11-08 08:00:00;75.468844;0.5;0.0;108.234;200.0;120.26;320.26;124.03116
2025-11-08 09:00:00;62.778686;8.38;0.0;108.234;200.0;120.26;320.26;128.84131
2025-11-08 10:00:00;43.765517;25.199999999999996;0.0;44.298;200.0;49.22;249.22;131.03448
2025-11-08 11:00:00;0.0;77.4;8.4344828;44.298;200.0;49.22;249.22;131.03448
2025-11-08 12:00:00;0.0;111.00000000000001;42.034483;44.298;200.0;49.22;249.22;131.03448
2025-11-08 13:00:00;0.0;121.0;64.503448;0.0;163.84;0.0;163.84;107.34345
2025-11-08 14:00:00;0.0;61.7;5.2034483;0.0;163.84;0.0;163.84;107.34345
2025-11-08 15:00:00;39.449911;17.4;0.0;0.0;163.84;0.0;163.84;106.99009
2025-11-08 16:00:00;41.357565;11.8;0.0;0.0;151.42;0.0;151.42;98.262435
2025-11-08 17:00:00;48.540802;5.3;0.0;0.0;151.42;0.0;151.42;97.579198
2025-11-08 18:00:00;53.588677;0.1;0.0;0.0;151.42;0.0;151.42;97.731323
2025-11-08 19:00:00;51.64572;0.0;0.0;0.0;145.0;0.0;145.0;93.35428
2025-11-08 20:00:00;51.778274;0.0;0.0;0.0;145.0;0.0;145.0;93.221726
2025-11-08 21:00:00;51.980387;0.0;0.0;0.0;145.0;0.0;145.0;93.019613
2025-11-08 22:00:00;52.218071;0.0;0.0;0.0;145.54;0.0;145.54;93.321929
2025-11-08 23:00:00;52.219443;0.0;0.0;0.0;145.54;0.0;145.54;93.320557
2025-11-09 00:00:00;52.159589;0.0;0.0;0.0;145.54;0.0;145.54;93.380411
2025-11-09 01:00:00;54.361026;0.0;0.0;0.0;151.79;0.0;151.79;97.428974
2025-11-09 02:00:00;54.675154;0.0;0.0;0.0;151.79;0.0;151.79;97.114846
2025-11-09 03:00:00;55.121843;0.0;0.0;0.0;151.79;0.0;151.79;96.668157
2025-11-09 04:00:00;56.803727;0.0;0.0;0.0;156.08;0.0;156.08;99.276273
2025-11-09 05:00:00;56.953212;0.0;0.0;0.0;156.08;0.0;156.08;99.126788
2025-11-09 06:00:00;57.325404;0.0;0.0;0.0;156.08;0.0;156.08;98.754596
2025-11-09 07:00:00;57.662506;0.0;0.0;0.0;157.17;0.0;157.17;99.507494
2025-11-09 08:00:00;57.063879;0.0;0.0;0.0;157.17;0.0;157.17;100.10612
2025-11-09 09:00:00;54.22913;2.0;0.0;0.0;157.17;0.0;157.17;100.94087
2025-11-09 10:00:00;43.6673;4.3;0.0;0.0;136.57;0.0;136.57;88.6027
2025-11-09 11:00:00;32.661665;14.899999999999999;0.0;0.0;136.57;0.0;136.57;89.008335
2025-11-09 12:00:00;10.093103;37.0;0.0;0.0;136.57;0.0;136.57;89.476897
2025-11-09 13:00:00;18.005095;25.199999999999996;0.0;0.0;124.93;0.0;124.93000000000002;81.724905
2025-11-09 14:00:00;21.15436;22.600000000000005;0.0;0.0;124.93;0.0;124.93000000000002;81.17564
2025-11-09 15:00:00;22.975121;21.799999999999997;0.0;0.0;124.93;0.0;124.93000000000002;80.154879
2025-11-09 16:00:00;32.952331;20.1;0.0;0.0;145.89;0.0;145.89;92.837669
2025-11-09 17:00:00;42.520667;11.4;0.0;0.0;145.89;0.0;145.89;91.969333
2025-11-09 18:00:00;54.600708;1.1;0.0;0.0;145.89;0.0;145.89;90.189292
2025-11-09 19:00:00;77.522522;0.0;0.0;0.0;198.74;0.0;198.74;121.21748
2025-11-09 20:00:00;78.320896;0.0;0.0;0.0;198.74;0.0;198.74;120.4191
2025-11-09 21:00:00;79.891965;0.0;0.0;0.0;198.74;0.0;198.74;118.84804
2025-11-09 22:00:00;80.947353;0.0;0.0;35.082;200.0;38.98;238.98;119.05265
2025-11-09 23:00:00;81.067671;0.0;0.0;35.082;200.0;38.98;238.98;118.93233
2025-11-10 00:00:00;81.369147;0.0;0.0;35.082;200.0;38.98;238.98;118.63085
2025-11-10 01:00:00;81.749813;0.0;0.0;59.67;200.0;66.3;266.3;118.25019
2025-11-10 02:00:00;81.008348;0.0;0.0;59.67;200.0;66.3;266.3;118.99165
2025-11-10 03:00:00;80.303192;0.0;0.0;59.67;200.0;66.3;266.3;119.69681
2025-11-10 04:00:00;79.761277;0.0;0.0;141.039;200.0;156.71;356.71;120.23872
2025-11-10 05:00:00;80.586709;0.0;0.0;141.039;200.0;156.71;356.71;119.41329
2025-11-10 06:00:00;82.316535;0.0;0.0;141.039;200.0;156.71;356.71;117.68346
2025-11-10 07:00:00;79.928985;0.0;0.0;283.5;200.0;315.0;515.0;120.07102
2025-11-10 08:00:00;76.468395;0.3;0.0;283.5;200.0;315.0;515.0;123.2316
2025-11-10 09:00:00;64.033477;9.8;0.0;283.5;200.0;315.0;515.0;126.16652
2025-11-10 10:00:00;34.887613;36.2;0.0;117.702;200.0;130.78;330.78;128.91239
2025-11-10 11:00:00;10.120211;59.3;0.0;117.702;200.0;130.78;330.78;130.57979
2025-11-10 12:00:00;0.0;74.3;5.3344828;117.702;200.0;130.78;330.78;131.03448
2025-11-10 13:00:00;0.0;111.00000000000001;41.982585;18.162;200.0;20.18;220.18;130.98258
2025-11-10 14:00:00;4.0100739;66.5;0.0;18.162;200.0;20.18;220.18;129.48993
2025-11-10 15:00:00;41.573923;31.4;0.0;18.162;200.0;20.18;220.18;127.02608
2025-11-10 16:00:00;45.952444;28.6;0.0;0.099;200.0;0.11;200.11;125.44756
2025-11-10 17:00:00;71.411864;4.13;0.0;0.099;200.0;0.11;200.11;124.45814
2025-11-10 18:00:00;75.03915;0.0;0.0;0.099;200.0;0.11;200.11;124.96085
2025-11-10 19:00:00;72.938991;0.0;0.0;0.0;193.06;0.0;193.06;120.12101
2025-11-10 20:00:00;73.218993;0.0;0.0;0.0;193.06;0.0;193.06;119.84101
2025-11-10 21:00:00;72.965373;0.0;0.0;0.0;193.06;0.0;193.06;120.09463
2025-11-10 22:00:00;71.928066;0.0;0.0;0.0;191.12;0.0;191.12;119.19193
2025-11-10 23:00:00;71.521156;0.0;0.0;0.0;191.12;0.0;191.12;119.59884
2025-11-11 00:00:00;71.458416;0.0;0.0;0.0;191.12;0.0;191.12;119.66158
2025-11-11 01:00:00;66.414934;0.0;0.0;0.0;176.82;0.0;176.82;110.40507
2025-11-11 02:00:00;66.58982;0.0;0.0;0.0;176.82;0.0;176.82;110.23018
2025-11-11 03:00:00;66.628904;0.0;0.0;0.0;176.82;0.0;176.82;110.1911
2025-11-11 04:00:00;75.403078;0.0;0.0;6.282;200.0;6.98;206.98;124.59692
2025-11-11 05:00:00;75.378655;0.0;0.0;6.282;200.0;6.98;206.98;124.62134
2025-11-11 06:00:00;74.74147;0.0;0.0;6.282;200.0;6.98;206.98;125.25853
2025-11-11 07:00:00;73.3403;0.0;0.0;57.465;200.0;63.85;263.85;126.6597
2025-11-11 08:00:00;71.790642;0.0;0.0;57.465;200.0;63.85;263.85;128.20936
2025-11-11 09:00:00;63.630248;6.73;0.0;57.465;200.0;63.85;263.85;129.63975
2025-11-11 10:00:00;35.586207;29.599999999999998;0.0;0.0;189.04;0.0;189.04;123.85379
2025-11-11 11:00:00;0.0;65.9;0.7137931;0.0;189.04;0.0;189.04;123.85379
2025-11-11 12:00:00;0.0;92.3;27.113793;0.0;189.04;0.0;189.04;123.85379
2025-11-11 13:00:00;0.0;91.69999999999999;44.848276;0.0;135.87;0.0;135.87;89.018276
2025-11-11 14:00:00;0.0;72.1;25.248276;0.0;135.87;0.0;135.87;89.018276
2025-11-11 15:00:00;0.0;79.7;31.794611;0.0;135.87;0.0;135.87;87.964611
2025-11-11 16:00:00;1.9537334;46.6;0.0;0.0;134.94;0.0;134.94;86.386267
2025-11-11 17:00:00;41.283011;7.6;0.0;0.0;134.94;0.0;134.94;86.056989
2025-11-11 18:00:00;49.670052;0.1;0.0;0.0;134.94;0.0;134.94;85.169948
2025-11-11 19:00:00;60.197696;0.0;0.0;0.0;163.12;0.0;163.12;102.9223
2025-11-11 20:00:00;59.862814;0.0;0.0;0.0;163.12;0.0;163.12;103.25719
2025-11-11 21:00:00;59.468953;0.0;0.0;0.0;163.12;0.0;163.12;103.65105
2025-11-11 22:00:00;57.661167;0.0;0.0;0.0;158.31;0.0;158.31;100.64883
2025-11-11 23:00:00;57.396378;0.0;0.0;0.0;158.31;0.0;158.31;100.91362
2025-11-12 00:00:00;57.199478;0.0;0.0;0.0;158.31;0.0;158.31;101.11052
2025-11-12 01:00:00;59.531911;0.0;0.0;0.0;164.18;0.0;164.18;104.64809
2025-11-12 02:00:00;60.012333;0.0;0.0;0.0;164.18;0.0;164.18;104.16767
2025-11-12 03:00:00;60.446462;0.0;0.0;0.0;164.18;0.0;164.18;103.73354
2025-11-12 04:00:00;70.435214;0.0;0.0;0.0;189.93;0.0;189.93;119.49479
2025-11-12 05:00:00;70.766849;0.0;0.0;0.0;189.93;0.0;189.93;119.16315
2025-11-12 06:00:00;70.978626;0.0;0.0;0.0;189.93;0.0;189.93;118.95137
2025-11-12 07:00:00;73.544872;0.0;0.0;50.994;200.0;56.66;256.66;126.45513
2025-11-12 08:00:00;70.876284;0.0;0.0;50.994;200.0;56.66;256.66;129.12372
2025-11-12 09:00:00;63.785517;5.18;0.0;50.994;200.0;56.66;256.66;131.03448
2025-11-12 10:00:00;22.87931;24.1;0.0;0.0;136.24;0.0;136.24;89.26069
2025-11-12 11:00:00;0.0;62.4;15.42069;0.0;136.24;0.0;136.24;89.26069
2025-11-12 12:00:00;0.0;79.3;32.32069;0.0;136.24;0.0;136.24;89.26069
2025-11-12 13:00:00;0.0;76.5;45.482759;0.0;89.95;0.0;89.95;58.932759
2025-11-12 14:00:00;0.0;57.9;26.882759;0.0;89.95;0.0;89.95;58.932759
2025-11-12 15:00:00;0.0;31.8;0.78275862;0.0;89.95;0.0;89.95;58.932759
2025-11-12 16:00:00;20.724138;12.4;0.0;0.0;96.06;0.0;96.06;62.935862
2025-11-12 17:00:00;30.444138;2.68;0.0;0.0;96.06;0.0;96.06;62.935862
2025-11-12 18:00:00;33.48922;0.0;0.0;0.0;96.06;0.0;96.06;62.57078
2025-11-12 19:00:00;41.650222;0.0;0.0;0.0;120.03;0.0;120.03;78.379778
2025-11-12 20:00:00;41.389655;0.0;0.0;0.0;120.03;0.0;120.03;78.640345
2025-11-12 21:00:00;41.389655;0.0;0.0;0.0;120.03;0.0;120.03;78.640345
2025-11-12 22:00:00;38.941379;0.0;0.0;0.0;112.93;0.0;112.93000000000002;73.988621
2025-11-12 23:00:00;38.941379;0.0;0.0;0.0;112.93;0.0;112.93000000000002;73.988621
2025-11-13 00:00:00;38.941379;0.0;0.0;0.0;112.93;0.0;112.93000000000002;73.988621
2025-11-13 01:00:00;26.451724;0.0;0.0;0.0;76.71;0.0;76.71;50.258276
2025-11-13 02:00:00;26.451724;0.0;0.0;0.0;76.71;0.0;76.71;50.258276
2025-11-13 03:00:00;26.451724;0.0;0.0;0.0;76.71;0.0;76.71;50.258276
2025-11-13 04:00:00;24.141379;0.0;0.0;0.0;70.01;0.0;70.01;45.868621
2025-11-13 05:00:00;24.141379;0.0;0.0;0.0;70.01;0.0;70.01;45.868621
2025-11-13 06:00:00;24.141379;0.0;0.0;0.0;70.01;0.0;70.01;45.868621
2025-11-13 07:00:00;31.27931;0.0;0.0;0.0;90.71;0.0;90.71;59.43069
2025-11-13 08:00:00;31.27931;0.0;0.0;0.0;90.71;0.0;90.71;59.43069
2025-11-13 09:00:00;27.57931;3.6999999999999997;0.0;0.0;90.71;0.0;90.71;59.43069
2025-11-13 10:00:00;4.1;18.6;0.0;0.0;65.83;0.0;65.83;43.13
2025-11-13 11:00:00;0.0;26.9;4.2;0.0;65.83;0.0;65.83;43.13
2025-11-13 12:00:00;0.0;45.3;22.6;0.0;65.83;0.0;65.83;43.13
2025-11-13 13:00:00;0.0;103.0;96.675862;0.0;18.34;0.0;18.34;12.015862
2025-11-13 14:00:00;0.0;81.9;75.575862;0.0;18.34;0.0;18.34;12.015862
2025-11-13 15:00:00;0.0;38.5;32.175862;0.0;18.34;0.0;18.34;12.015862
2025-11-13 16:00:00;0.0;17.2;1.837931;0.0;44.55;0.0;44.55;29.187931
2025-11-13 17:00:00;13.132069;2.23;0.0;0.0;44.55;0.0;44.55;29.187931
2025-11-13 18:00:00;15.362069;0.0;0.0;0.0;44.55;0.0;44.55;29.187931
2025-11-13 19:00:00;25.162069;0.0;0.0;0.0;72.97;0.0;72.97;47.807931
2025-11-13 20:00:00;25.162069;0.0;0.0;0.0;72.97;0.0;72.97;47.807931
2025-11-13 21:00:00;25.162069;0.0;0.0;0.0;72.97;0.0;72.97;47.807931
2025-11-13 22:00:00;30.368966;0.0;0.0;0.0;88.07;0.0;88.07;57.701034
2025-11-13 23:00:00;30.368966;0.0;0.0;0.0;88.07;0.0;88.07;57.701034
2025-11-14 00:00:00;30.368966;0.0;0.0;0.0;88.07;0.0;88.07;57.701034
2025-11-14 01:00:00;25.413793;0.0;0.0;0.0;73.7;0.0;73.7;48.286207
2025-11-14 02:00:00;25.413793;0.0;0.0;0.0;73.7;0.0;73.7;48.286207
2025-11-14 03:00:00;25.413793;0.0;0.0;0.0;73.7;0.0;73.7;48.286207
2025-11-14 04:00:00;30.268966;0.0;0.0;0.0;87.78;0.0;87.78;57.511034
2025-11-14 05:00:00;30.268966;0.0;0.0;0.0;87.78;0.0;87.78;57.511034
2025-11-14 06:00:00;30.268966;0.0;0.0;0.0;87.78;0.0;87.78;57.511034
2025-11-14 07:00:00;34.434483;0.0;0.0;0.0;99.86;0.0;99.86;65.425517
2025-11-14 08:00:00;34.434483;0.0;0.0;0.0;99.86;0.0;99.86;65.425517
2025-11-14 09:00:00;32.604483;1.83;0.0;0.0;99.86;0.0;99.86;65.425517
2025-11-14 10:00:00;15.168966;7.500000000000001;0.0;0.0;65.74;0.0;65.74;43.071034
2025-11-14 11:00:00;6.4689655;16.2;0.0;0.0;65.74;0.0;65.74;43.071034
2025-11-14 12:00:00;13.468966;9.2;0.0;0.0;65.74;0.0;65.74;43.071034
2025-11-14 13:00:00;16.782759;8.4;0.0;0.0;73.03;0.0;73.03;47.847241
2025-11-14 14:00:00;10.882759;14.3;0.0;0.0;73.03;0.0;73.03;47.847241
2025-11-14 15:00:00;9.9827586;15.2;0.0;0.0;73.03;0.0;73.03;47.847241
2025-11-14 16:00:00;12.922414;9.25;0.0;0.0;64.3;0.0;64.3;42.127586
2025-11-14 17:00:00;20.342414;1.83;0.0;0.0;64.3;0.0;64.3;42.127586
2025-11-14 18:00:00;22.172414;0.0;0.0;0.0;64.3;0.0;64.3;42.127586
2025-11-14 19:00:00;22.541379;0.0;0.0;0.0;65.37;0.0;65.37;42.828621
2025-11-14 20:00:00;22.541379;0.0;0.0;0.0;65.37;0.0;65.37;42.828621
2025-11-14 21:00:00;22.541379;0.0;0.0;0.0;65.37;0.0;65.37;42.828621
2025-11-14 22:00:00;22.041379;0.0;0.0;0.0;63.92;0.0;63.92000000000001;41.878621
2025-11-14 23:00:00;22.041379;0.0;0.0;0.0;63.92;0.0;63.92000000000001;41.878621
2025-11-15 00:00:00;22.041379;0.0;0.0;0.0;63.92;0.0;63.92000000000001;41.878621
2025-11-15 01:00:00;28.92069;0.0;0.0;0.0;83.87;0.0;83.87;54.94931
2025-11-15 02:00:00;28.92069;0.0;0.0;0.0;83.87;0.0;83.87;54.94931
2025-11-15 03:00:00;28.92069;0.0;0.0;0.0;83.87;0.0;83.87;54.94931
2025-11-15 04:00:00;38.510345;0.0;0.0;0.0;111.68;0.0;111.68;73.169655
2025-11-15 05:00:00;38.510345;0.0;0.0;0.0;111.68;0.0;111.68;73.169655
2025-11-15 06:00:00;38.510345;0.0;0.0;0.0;111.68;0.0;111.68;73.169655
2025-11-15 07:00:00;40.141379;0.0;0.0;0.0;116.41;0.0;116.41000000000001;76.268621
2025-11-15 08:00:00;40.141379;0.0;0.0;0.0;116.41;0.0;116.41000000000001;76.268621
2025-11-15 09:00:00;38.891379;1.25;0.0;0.0;116.41;0.0;116.41000000000001;76.268621
2025-11-15 10:00:00;30.206207;5.48;0.0;0.0;103.49;0.0;103.49;67.803793
2025-11-15 11:00:00;24.786207;10.899999999999999;0.0;0.0;103.49;0.0;103.49;67.803793
2025-11-15 12:00:00;23.886207;11.8;0.0;0.0;103.49;0.0;103.49;67.803793
2025-11-15 13:00:00;19.558621;11.9;0.0;0.0;91.23;0.0;91.23;59.771379
2025-11-15 14:00:00;16.358621;15.1;0.0;0.0;91.23;0.0;91.23;59.771379
2025-11-15 15:00:00;11.258621;20.2;0.0;0.0;91.23;0.0;91.23;59.771379
2025-11-15 16:00:00;10.882759;22.099999999999998;0.0;0.0;95.65;0.0;95.65;62.667241
2025-11-15 17:00:00;28.902759;4.08;0.0;0.0;95.65;0.0;95.65;62.667241
2025-11-15 18:00:00;33.065216;0.0;0.0;0.0;95.65;0.0;95.65;62.584784
2025-11-15 19:00:00;37.309113;0.0;0.0;0.0;107.52;0.0;107.52;70.210887
2025-11-15 20:00:00;37.324449;0.0;0.0;0.0;107.52;0.0;107.52;70.195551
2025-11-15 21:00:00;37.425504;0.0;0.0;0.0;107.52;0.0;107.52;70.094496
2025-11-15 22:00:00;42.645281;0.0;0.0;0.0;122.1;0.0;122.1;79.454719
2025-11-15 23:00:00;42.828758;0.0;0.0;0.0;122.1;0.0;122.1;79.271242
2025-11-16 00:00:00;43.067381;0.0;0.0;0.0;122.1;0.0;122.1;79.032619
2025-11-16 01:00:00;42.981182;0.0;0.0;0.0;120.86;0.0;120.86;77.878818
2025-11-16 02:00:00;43.477081;0.0;0.0;0.0;120.86;0.0;120.86;77.382919
2025-11-16 03:00:00;44.092407;0.0;0.0;0.0;120.86;0.0;120.86;76.767593
2025-11-16 04:00:00;45.056955;0.0;0.0;0.0;121.85;0.0;121.85;76.793045
2025-11-16 05:00:00;45.582154;0.0;0.0;0.0;121.85;0.0;121.85;76.267846
2025-11-16 06:00:00;44.178532;0.0;0.0;0.0;121.85;0.0;121.85;77.671468
2025-11-16 07:00:00;53.065766;0.0;0.0;0.0;146.7;0.0;146.7;93.634234
2025-11-16 08:00:00;52.878086;0.0;0.0;0.0;146.7;0.0;146.7;93.821914
2025-11-16 09:00:00;51.833006;1.13;0.0;0.0;146.7;0.0;146.7;93.736994
2025-11-16 10:00:00;50.653552;16.1;0.0;0.0;184.84;0.0;184.84;118.08645
2025-11-16 11:00:00;59.738547;8.58;0.0;0.0;184.84;0.0;184.84;116.52145
2025-11-16 12:00:00;61.284193;8.65;0.0;0.0;184.84;0.0;184.84;114.90581
2025-11-16 13:00:00;66.352803;10.5;0.0;12.888;200.0;14.32;214.32;123.1472
2025-11-16 14:00:00;68.157786;10.1;0.0;12.888;200.0;14.32;214.32;121.74221
2025-11-16 15:00:00;74.700959;5.32;0.0;12.888;200.0;14.32;214.32;119.97904
2025-11-16 16:00:00;78.23078;3.2;0.0;30.978;200.0;34.42;234.42;118.56922
2025-11-16 17:00:00;81.66811;0.35;0.0;30.978;200.0;34.42;234.42;117.98189
2025-11-16 18:00:00;83.05791;0.0;0.0;30.978;200.0;34.42;234.42;116.94209
2025-11-16 19:00:00;83.397317;0.0;0.0;53.514;200.0;59.46;259.46;116.60268
2025-11-16 20:00:00;83.842011;0.0;0.0;53.514;200.0;59.46;259.46;116.15799
2025-11-16 21:00:00;85.035991;0.0;0.0;53.514;200.0;59.46;259.46;114.96401
2025-11-16 22:00:00;86.672074;0.0;0.0;71.865;200.0;79.85;279.85;113.32793
2025-11-16 23:00:00;88.847165;0.0;0.0;71.865;200.0;79.85;279.85;111.15284
2025-11-17 00:00:00;90.320452;0.0;0.0;71.865;200.0;79.85;279.85;109.67955
2025-11-17 01:00:00;93.502554;0.0;0.0;121.671;200.0;135.19;335.19;106.49745
2025-11-17 02:00:00;94.636845;0.0;0.0;121.671;200.0;135.19;335.19;105.36316
2025-11-17 03:00:00;93.282159;0.0;0.0;121.671;200.0;135.19;335.19;106.71784
2025-11-17 04:00:00;90.394602;0.0;0.0;160.74;200.0;178.6;378.6;109.6054
2025-11-17 05:00:00;88.562564;0.0;0.0;160.74;200.0;178.6;378.6;111.43744
2025-11-17 06:00:00;88.70843;0.0;0.0;160.74;200.0;178.6;378.6;111.29157
2025-11-17 07:00:00;88.047508;0.0;0.0;216.0;200.0;240.0;440.0;111.95249
2025-11-17 08:00:00;85.46725;0.0;0.0;216.0;200.0;240.0;440.0;114.53275
2025-11-17 09:00:00;81.784203;2.63;0.0;216.0;200.0;240.0;440.0;115.5858
2025-11-17 10:00:00;66.277425;18.0;0.0;189.9;200.0;211.0;411.0;115.72258
2025-11-17 11:00:00;58.99385;25.799999999999997;0.0;189.9;200.0;211.0;411.0;115.20615
2025-11-17 12:00:00;43.24458;40.8;0.0;189.9;200.0;211.0;411.0;115.95542
2025-11-17 13:00:00;0.0;98.1;14.529977;173.718;200.0;193.02;393.02;116.42998
2025-11-17 14:00:00;0.0;95.3;10.762709;173.718;200.0;193.02;393.02;115.46271
2025-11-17 15:00:00;18.607107;68.0;0.0;173.718;200.0;193.02;393.02;113.39289
2025-11-17 16:00:00;67.621758;20.8;0.0;140.76;200.0;156.4;356.4;111.57824
2025-11-17 17:00:00;84.631734;6.28;0.0;140.76;200.0;156.4;356.4;109.08827
2025-11-17 18:00:00;94.002317;0.1;0.0;140.76;200.0;156.4;356.4;105.89768
2025-11-17 19:00:00;95.676668;0.0;0.0;145.8;200.0;162.0;362.0;104.32333
2025-11-17 20:00:00;96.627842;0.0;0.0;145.8;200.0;162.0;362.0;103.37216
2025-11-17 21:00:00;97.18701;0.0;0.0;145.8;200.0;162.0;362.0;102.81299
2025-11-17 22:00:00;97.463939;0.0;0.0;174.663;200.0;194.07;394.07;102.53606
2025-11-17 23:00:00;97.474441;0.0;0.0;174.663;200.0;194.07;394.07;102.52556
2025-11-18 00:00:00;97.46497;0.0;0.0;174.663;200.0;194.07;394.07;102.53503
2025-11-18 01:00:00;97.194954;0.0;0.0;171.261;200.0;190.29;390.29;102.80505
2025-11-18 02:00:00;97.240911;0.0;0.0;171.261;200.0;190.29;390.29;102.75909
2025-11-18 03:00:00;97.337581;0.0;0.0;171.261;200.0;190.29;390.29;102.66242
2025-11-18 04:00:00;97.521758;0.0;0.0;193.635;200.0;215.15;415.15;102.47824
2025-11-18 05:00:00;97.696471;0.0;0.0;193.635;200.0;215.15;415.15;102.30353
2025-11-18 06:00:00;97.632432;0.0;0.0;193.635;200.0;215.15;415.15;102.36757
2025-11-18 07:00:00;95.878167;0.0;0.0;300.6;200.0;334.0;534.0;104.12183
2025-11-18 08:00:00;91.128965;0.0;0.0;300.6;200.0;334.0;534.0;108.87104
2025-11-18 09:00:00;80.857794;6.57;0.0;300.6;200.0;334.0;534.0;112.57221
2025-11-18 10:00:00;71.778942;12.899999999999999;0.0;225.9;200.0;251.0;451.00000000000006;115.32106
2025-11-18 11:00:00;56.658365;26.7;0.0;225.9;200.0;251.0;451.00000000000006;116.64163
2025-11-18 12:00:00;2.4187722;80.9;0.0;225.9;200.0;251.0;451.00000000000006;116.68123
2025-11-18 13:00:00;0.0;108.0;23.385083;186.696;200.0;207.44;407.44;115.38508
2025-11-18 14:00:00;25.500744;60.4;0.0;186.696;200.0;207.44;407.44;114.09926
2025-11-18 15:00:00;62.091686;25.199999999999996;0.0;186.696;200.0;207.44;407.44;112.70831
2025-11-18 16:00:00;81.378684;7.15;0.0;152.082;200.0;168.98;368.98;111.47132
2025-11-18 17:00:00;88.603992;1.1;0.0;152.082;200.0;168.98;368.98;110.29601
2025-11-18 18:00:00;91.503449;0.0;0.0;152.082;200.0;168.98;368.98;108.49655
2025-11-18 19:00:00;92.535193;0.0;0.0;126.225;200.0;140.25;340.25;107.46481
2025-11-18 20:00:00;92.865731;0.0;0.0;126.225;200.0;140.25;340.25;107.13427
2025-11-18 21:00:00;93.258159;0.0;0.0;126.225;200.0;140.25;340.25;106.74184
2025-11-18 22:00:00;91.87886;0.0;0.0;107.334;200.0;119.26;319.26;108.12114
2025-11-18 23:00:00;90.0127;0.0;0.0;107.334;200.0;119.26;319.26;109.9873
2025-11-19 00:00:00;90.001228;0.0;0.0;107.334;200.0;119.26;319.26;109.99877
2025-11-19 01:00:00;89.535652;0.0;0.0;99.252;200.0;110.28;310.28;110.46435
2025-11-19 02:00:00;89.456163;0.0;0.0;99.252;200.0;110.28;310.28;110.54384
2025-11-19 03:00:00;89.472773;0.0;0.0;99.252;200.0;110.28;310.28;110.52723
2025-11-19 04:00:00;89.241964;0.0;0.0;139.869;200.0;155.41;355.41;110.75804
2025-11-19 05:00:00;88.970677;0.0;0.0;139.869;200.0;155.41;355.41;111.02932
2025-11-19 06:00:00;89.145434;0.0;0.0;139.869;200.0;155.41;355.41;110.85457
2025-11-19 07:00:00;88.134562;0.0;0.0;244.8;200.0;272.0;472.0;111.86544
2025-11-19 08:00:00;86.236499;0.0;0.0;244.8;200.0;272.0;472.0;113.7635
2025-11-19 09:00:00;84.098551;1.23;0.0;244.8;200.0;272.0;472.0;114.67145
2025-11-19 10:00:00;71.904741;13.9;0.0;236.7;200.0;263.0;462.99999999999994;114.19526
2025-11-19 11:00:00;75.448513;11.2;0.0;236.7;200.0;263.0;462.99999999999994;113.35149
2025-11-19 12:00:00;78.721183;8.48;0.0;236.7;200.0;263.0;462.99999999999994;112.79882
2025-11-19 13:00:00;76.740241;10.4;0.0;240.3;200.0;267.0;467.00000000000006;112.85976
2025-11-19 14:00:00;77.342535;9.73;0.0;240.3;200.0;267.0;467.00000000000006;112.92747
2025-11-19 15:00:00;74.947239;12.700000000000001;0.0;240.3;200.0;267.0;467.00000000000006;112.35276
2025-11-19 16:00:00;82.885217;5.55;0.0;141.012;200.0;156.68;356.68;111.56478
2025-11-19 17:00:00;88.236252;0.4;0.0;141.012;200.0;156.68;356.68;111.36375
2025-11-19 18:00:00;88.998031;0.0;0.0;141.012;200.0;156.68;356.68;111.00197
2025-11-19 19:00:00;89.881644;0.0;0.0;127.152;200.0;141.28;341.28;110.11836
2025-11-19 20:00:00;92.17349;0.0;0.0;127.152;200.0;141.28;341.28;107.82651
2025-11-19 21:00:00;94.124698;0.0;0.0;127.152;200.0;141.28;341.28;105.8753
2025-11-19 22:00:00;95.007491;0.0;0.0;173.907;200.0;193.23;393.23;104.99251
2025-11-19 23:00:00;94.622525;0.0;0.0;173.907;200.0;193.23;393.23;105.37747
2025-11-20 00:00:00;93.97472;0.0;0.0;173.907;200.0;193.23;393.23;106.02528
2025-11-20 01:00:00;94.236113;0.0;0.0;160.443;200.0;178.27;378.27;105.76389
2025-11-20 02:00:00;94.882375;0.0;0.0;160.443;200.0;178.27;378.27;105.11763
2025-11-20 03:00:00;95.636333;0.0;0.0;160.443;200.0;178.27;378.27;104.36367
2025-11-20 04:00:00;96.568294;0.0;0.0;207.558;200.0;230.62;430.62;103.43171
2025-11-20 05:00:00;96.792755;0.0;0.0;207.558;200.0;230.62;430.62;103.20724
2025-11-20 06:00:00;96.829748;0.0;0.0;207.558;200.0;230.62;430.62;103.17025
2025-11-20 07:00:00;96.492463;0.0;0.0;343.8;200.0;382.0;582.0;103.50754
2025-11-20 08:00:00;96.237473;0.0;0.0;343.8;200.0;382.0;582.0;103.76253
2025-11-20 09:00:00;93.875976;1.27;0.0;343.8;200.0;382.0;582.0;104.85402
2025-11-20 10:00:00;79.451463;12.5;0.0;295.407;200.0;328.23;528.23;108.04854
2025-11-20 11:00:00;52.096441;38.6;0.0;295.407;200.0;328.23;528.23;109.30356
2025-11-20 12:00:00;43.963485;46.2;0.0;295.407;200.0;328.23;528.23;109.83651
2025-11-20 13:00:00;41.760432;49.5;0.0;243.0;200.0;270.0;470.0;108.73957
2025-11-20 14:00:00;56.474128;36.3;0.0;243.0;200.0;270.0;470.0;107.22587
2025-11-20 15:00:00;41.281418;53.20000000000001;0.0;243.0;200.0;270.0;470.0;105.51858
2025-11-20 16:00:00;85.06341;11.7;0.0;187.929;200.0;208.81;408.81;103.23659
2025-11-20 17:00:00;96.174458;1.75;0.0;187.929;200.0;208.81;408.81;102.07554
2025-11-20 18:00:00;97.820843;0.0;0.0;187.929;200.0;208.81;408.81;102.17916
2025-11-20 19:00:00;96.779669;0.0;0.0;165.834;200.0;184.26;384.26;103.22033
2025-11-20 20:00:00;96.581893;0.0;0.0;165.834;200.0;184.26;384.26;103.41811
2025-11-20 21:00:00;97.135921;0.0;0.0;165.834;200.0;184.26;384.26;102.86408
2025-11-20 22:00:00;97.449704;0.0;0.0;193.725;200.0;215.25;415.25;102.5503
2025-11-20 23:00:00;97.370747;0.0;0.0;193.725;200.0;215.25;415.25;102.62925
2025-11-21 00:00:00;97.527112;0.0;0.0;193.725;200.0;215.25;415.25;102.47289
2025-11-21 01:00:00;96.945738;0.0;0.0;199.143;200.0;221.27;421.27;103.05426
2025-11-21 02:00:00;97.250338;0.0;0.0;199.143;200.0;221.27;421.27;102.74966
2025-11-21 03:00:00;98.88042;0.0;0.0;199.143;200.0;221.27;421.27;101.11958
2025-11-21 04:00:00;98.931304;0.0;0.0;226.89;200.0;252.1;452.09999999999997;101.0687
2025-11-21 05:00:00;99.319455;0.0;0.0;226.89;200.0;252.1;452.09999999999997;100.68054
2025-11-21 06:00:00;101.42269;0.0;0.0;226.89;200.0;252.1;452.09999999999997;98.577306
2025-11-21 07:00:00;102.08122;0.0;0.0;357.3;200.0;397.0;597.0;97.918777
2025-11-21 08:00:00;99.114772;0.0;0.0;357.3;200.0;397.0;597.0;100.88523
2025-11-21 09:00:00;94.597048;1.5;0.0;357.3;200.0;397.0;597.0;103.90295
2025-11-21 10:00:00;79.846099;13.2;0.0;313.2;200.0;348.0;548.0;106.9539
2025-11-21 11:00:00;27.347432;63.699999999999996;0.0;313.2;200.0;348.0;548.0;108.95257
2025-11-21 12:00:00;0.0;93.3;2.7207906;313.2;200.0;348.0;548.0;109.42079
2025-11-21 13:00:00;0.0;108.0;17.023145;260.109;200.0;289.01;489.01;109.02314
2025-11-21 14:00:00;3.377286;89.69999999999999;0.0;260.109;200.0;289.01;489.01;106.92271
2025-11-21 15:00:00;16.122741;80.3;0.0;260.109;200.0;289.01;489.01;103.57726
2025-11-21 16:00:00;61.182675;37.7;0.0;224.154;200.0;249.06;449.06;101.11733
2025-11-21 17:00:00;94.714732;4.0;0.0;224.154;200.0;249.06;449.06;101.28527
2025-11-21 18:00:00;98.525235;0.0;0.0;224.154;200.0;249.06;449.06;101.47476
2025-11-21 19:00:00;99.393097;0.0;0.0;227.925;200.0;253.25;453.25;100.6069
2025-11-21 20:00:00;104.63566;0.0;0.0;227.925;200.0;253.25;453.25;95.364343
2025-11-21 21:00:00;107.36021;0.0;0.0;227.925;200.0;253.25;453.25;92.639794
2025-11-21 22:00:00;108.85287;0.0;0.0;260.325;200.0;289.25;489.24999999999994;91.147126
2025-11-21 23:00:00;109.46767;0.0;0.0;260.325;200.0;289.25;489.24999999999994;90.532326
2025-11-22 00:00:00;109.50556;0.0;0.0;260.325;200.0;289.25;489.24999999999994;90.494443
2025-11-22 01:00:00;109.70932;0.0;0.0;269.325;200.0;299.25;499.25;90.290677
2025-11-22 02:00:00;109.52841;0.0;0.0;269.325;200.0;299.25;499.25;90.471587
2025-11-22 03:00:00;109.1065;0.0;0.0;269.325;200.0;299.25;499.25;90.893496
2025-11-22 04:00:00;108.52888;0.0;0.0;265.932;200.0;295.48;495.48;91.471118
2025-11-22 05:00:00;108.03351;0.0;0.0;265.932;200.0;295.48;495.48;91.966487
2025-11-22 06:00:00;107.35606;0.0;0.0;265.932;200.0;295.48;495.48;92.643937
2025-11-22 07:00:00;106.06531;0.0;0.0;299.853;200.0;333.17;533.17;93.934692
2025-11-22 08:00:00;100.93699;0.0;0.0;299.853;200.0;333.17;533.17;99.063012
2025-11-22 09:00:00;93.113724;3.5;0.0;299.853;200.0;333.17;533.17;103.38628
2025-11-22 10:00:00;58.516909;34.3;0.0;247.878;200.0;275.42;475.41999999999996;107.18309
2025-11-22 11:00:00;28.86427;61.89999999999999;0.0;247.878;200.0;275.42;475.41999999999996;109.23573
2025-11-22 12:00:00;21.704073;69.0;0.0;247.878;200.0;275.42;475.41999999999996;109.29593
2025-11-22 13:00:00;21.320248;71.2;0.0;157.86;200.0;175.4;375.4;107.47975
2025-11-22 14:00:00;31.437536;64.8;0.0;157.86;200.0;175.4;375.4;103.76246
2025-11-22 15:00:00;38.124986;61.4;0.0;157.86;200.0;175.4;375.4;100.47501
2025-11-22 16:00:00;70.379952;30.8;0.0;184.041;200.0;204.49;404.49;98.820048
2025-11-22 17:00:00;95.119655;6.75;0.0;184.041;200.0;204.49;404.49;98.130345
2025-11-22 18:00:00;101.73998;0.0;0.0;184.041;200.0;204.49;404.49;98.260024
2025-11-22 19:00:00;101.89915;0.0;0.0;226.17;200.0;251.3;451.3;98.100848
2025-11-22 20:00:00;101.99282;0.0;0.0;226.17;200.0;251.3;451.3;98.007178
2025-11-22 21:00:00;102.20774;0.0;0.0;226.17;200.0;251.3;451.3;97.792264
2025-11-22 22:00:00;102.41701;0.0;0.0;235.179;200.0;261.31;461.31;97.582987
2025-11-22 23:00:00;102.53659;0.0;0.0;235.179;200.0;261.31;461.31;97.463413
2025-11-23 00:00:00;102.59202;0.0;0.0;235.179;200.0;261.31;461.31;97.407982
2025-11-23 01:00:00;102.28423;0.0;0.0;249.543;200.0;277.27;477.27000000000004;97.715766
2025-11-23 02:00:00;101.74538;0.0;0.0;249.543;200.0;277.27;477.27000000000004;98.254618
2025-11-23 03:00:00;101.08714;0.0;0.0;249.543;200.0;277.27;477.27000000000004;98.912855
2025-11-23 04:00:00;100.73818;0.0;0.0;230.616;200.0;256.24;456.24;99.261816
2025-11-23 05:00:00;100.63856;0.0;0.0;230.616;200.0;256.24;456.24;99.36144
2025-11-23 06:00:00;100.27877;0.0;0.0;230.616;200.0;256.24;456.24;99.72123
2025-11-23 07:00:00;99.398859;0.0;0.0;215.334;200.0;239.26;439.26;100.60114
2025-11-23 08:00:00;98.081434;0.0;0.0;215.334;200.0;239.26;439.26;101.91857
2025-11-23 09:00:00;96.025029;1.0;0.0;215.334;200.0;239.26;439.26;102.97497
2025-11-23 10:00:00;89.947006;5.98;0.0;168.597;200.0;187.33;387.33;104.07299
2025-11-23 11:00:00;81.718679;13.7;0.0;168.597;200.0;187.33;387.33;104.58132
2025-11-23 12:00:00;27.807667;67.5;0.0;168.597;200.0;187.33;387.33;104.69233
2025-11-23 13:00:00;20.67784;75.1;0.0;123.831;200.0;137.59;337.59;104.22216
2025-11-23 14:00:00;62.004035;34.3;0.0;123.831;200.0;137.59;337.59;103.69597
2025-11-23 15:00:00;85.092778;11.2;0.0;123.831;200.0;137.59;337.59;103.70722
2025-11-23 16:00:00;91.907086;2.8;0.0;165.843;200.0;184.27;384.27;105.29291
2025-11-23 17:00:00;91.542404;1.05;0.0;165.843;200.0;184.27;384.27;107.4076
2025-11-23 18:00:00;90.981301;0.0;0.0;165.843;200.0;184.27;384.27;109.0187
2025-11-23 19:00:00;89.811779;0.0;0.0;119.907;200.0;133.23;333.23;110.18822
2025-11-23 20:00:00;89.151934;0.0;0.0;119.907;200.0;133.23;333.23;110.84807
2025-11-23 21:00:00;88.567447;0.0;0.0;119.907;200.0;133.23;333.23;111.43255
2025-11-23 22:00:00;88.975219;0.0;0.0;117.288;200.0;130.32;330.32;111.02478
2025-11-23 23:00:00;88.831268;0.0;0.0;117.288;200.0;130.32;330.32;111.16873
2025-11-24 00:00:00;88.187883;0.0;0.0;117.288;200.0;130.32;330.32;111.81212
2025-11-24 01:00:00;88.143002;0.0;0.0;123.543;200.0;137.27;337.27;111.857
2025-11-24 02:00:00;88.041546;0.0;0.0;123.543;200.0;137.27;337.27;111.95845
2025-11-24 03:00:00;87.968182;0.0;0.0;123.543;200.0;137.27;337.27;112.03182
2025-11-24 04:00:00;88.235472;0.0;0.0;134.352;200.0;149.28;349.28;111.76453
2025-11-24 05:00:00;88.137501;0.0;0.0;134.352;200.0;149.28;349.28;111.8625
2025-11-24 06:00:00;86.776646;0.0;0.0;134.352;200.0;149.28;349.28;113.22335
2025-11-24 07:00:00;86.584955;0.0;0.0;211.5;200.0;235.0;435.0;113.41505
2025-11-24 08:00:00;85.248813;0.0;0.0;211.5;200.0;235.0;435.0;114.75119
2025-11-24 09:00:00;82.423293;1.33;0.0;211.5;200.0;235.0;435.0;116.24671
2025-11-24 10:00:00;69.911892;13.000000000000002;0.0;142.866;200.0;158.74;358.74;117.08811
2025-11-24 11:00:00;54.266495;28.4;0.0;142.866;200.0;158.74;358.74;117.33351
2025-11-24 12:00:00;57.780263;25.700000000000003;0.0;142.866;200.0;158.74;358.74;116.51974
2025-11-24 13:00:00;43.71243;40.3;0.0;111.888;200.0;124.32;324.32;115.98757
2025-11-24 14:00:00;58.369272;25.799999999999997;0.0;111.888;200.0;124.32;324.32;115.83073
2025-11-24 15:00:00;68.825948;15.6;0.0;111.888;200.0;124.32;324.32;115.57405
2025-11-24 16:00:00;68.077752;16.8;0.0;76.716;200.0;85.24;285.24;115.12225
2025-11-24 17:00:00;81.859752;4.05;0.0;76.716;200.0;85.24;285.24;114.09025
2025-11-24 18:00:00;87.305361;0.0;0.0;76.716;200.0;85.24;285.24;112.69464
2025-11-24 19:00:00;87.062078;0.0;0.0;75.816;200.0;84.24;284.24;112.93792
2025-11-24 20:00:00;86.901931;0.0;0.0;75.816;200.0;84.24;284.24;113.09807
2025-11-24 21:00:00;86.494723;0.0;0.0;75.816;200.0;84.24;284.24;113.50528
2025-11-24 22:00:00;86.410512;0.0;0.0;78.534;200.0;87.26;287.26;113.58949
2025-11-24 23:00:00;86.324737;0.0;0.0;78.534;200.0;87.26;287.26;113.67526
2025-11-25 00:00:00;86.313186;0.0;0.0;78.534;200.0;87.26;287.26;113.68681
2025-11-25 01:00:00;86.719325;0.0;0.0;75.816;200.0;84.24;284.24;113.28068
2025-11-25 02:00:00;86.83303;0.0;0.0;75.816;200.0;84.24;284.24;113.16697
2025-11-25 03:00:00;86.837909;0.0;0.0;75.816;200.0;84.24;284.24;113.16209
2025-11-25 04:00:00;87.145432;0.0;0.0;113.679;200.0;126.31;326.31;112.85457
2025-11-25 05:00:00;87.380327;0.0;0.0;113.679;200.0;126.31;326.31;112.61967
2025-11-25 06:00:00;86.892345;0.0;0.0;113.679;200.0;126.31;326.31;113.10766
2025-11-25 07:00:00;87.082439;0.0;0.0;207.9;200.0;231.0;431.0;112.91756
2025-11-25 08:00:00;86.380171;0.0;0.0;207.9;200.0;231.0;431.0;113.61983
2025-11-25 09:00:00;84.829104;1.0;0.0;207.9;200.0;231.0;431.0;114.1709
2025-11-25 10:00:00;81.942836;3.43;0.0;224.1;200.0;249.0;448.99999999999994;114.62716
2025-11-25 11:00:00;77.847016;7.05;0.0;224.1;200.0;249.0;448.99999999999994;115.10298
2025-11-25 12:00:00;78.770627;5.9;0.0;224.1;200.0;249.0;448.99999999999994;115.32937
2025-11-25 13:00:00;81.237282;4.0;0.0;214.2;200.0;238.0;438.0;114.76272
2025-11-25 14:00:00;78.785382;7.230000000000001;0.0;214.2;200.0;238.0;438.0;113.98462
2025-11-25 15:00:00;81.752667;5.05;0.0;214.2;200.0;238.0;438.0;113.19733
2025-11-25 16:00:00;79.231787;7.95;0.0;112.356;200.0;124.84;324.84;112.81821
2025-11-25 17:00:00;85.6545;1.9;0.0;112.356;200.0;124.84;324.84;112.4455
2025-11-25 18:00:00;87.620521;0.0;0.0;112.356;200.0;124.84;324.84;112.37948
2025-11-25 19:00:00;88.03691;0.0;0.0;80.352;200.0;89.28;289.28;111.96309
2025-11-25 20:00:00;88.153435;0.0;0.0;80.352;200.0;89.28;289.28;111.84656
2025-11-25 21:00:00;88.473421;0.0;0.0;80.352;200.0;89.28;289.28;111.52658
2025-11-25 22:00:00;89.101704;0.0;0.0;74.97;200.0;83.3;283.3;110.8983
2025-11-25 23:00:00;89.384909;0.0;0.0;74.97;200.0;83.3;283.3;110.61509
2025-11-26 00:00:00;89.519606;0.0;0.0;74.97;200.0;83.3;283.3;110.48039
2025-11-26 01:00:00;89.680031;0.0;0.0;99.234;200.0;110.26;310.26;110.31997
2025-11-26 02:00:00;89.833643;0.0;0.0;99.234;200.0;110.26;310.26;110.16636
2025-11-26 03:00:00;90.026746;0.0;0.0;99.234;200.0;110.26;310.26;109.97325
2025-11-26 04:00:00;90.726776;0.0;0.0;139.131;200.0;154.59;354.59;109.27322
2025-11-26 05:00:00;91.183333;0.0;0.0;139.131;200.0;154.59;354.59;108.81667
2025-11-26 06:00:00;91.035089;0.0;0.0;139.131;200.0;154.59;354.59;108.96491
2025-11-26 07:00:00;90.894989;0.0;0.0;250.983;200.0;278.87;478.87;109.10501
2025-11-26 08:00:00;90.597742;0.0;0.0;250.983;200.0;278.87;478.87;109.40226
2025-11-26 09:00:00;90.642453;0.1;0.0;250.983;200.0;278.87;478.87;109.25755
2025-11-26 10:00:00;87.330742;2.53;0.0;261.9;200.0;291.0;491.0;110.13926
2025-11-26 11:00:00;74.546561;13.5;0.0;261.9;200.0;291.0;491.0;111.95344
2025-11-26 12:00:00;80.612442;6.500000000000001;0.0;261.9;200.0;291.0;491.0;112.88756
2025-11-26 13:00:00;78.969115;8.65;0.0;246.6;200.0;274.0;474.0;112.38088
2025-11-26 14:00:00;77.239477;11.7;0.0;246.6;200.0;274.0;474.0;111.06052
2025-11-26 15:00:00;84.621814;6.879999999999999;0.0;246.6;200.0;274.0;474.0;108.49819
2025-11-26 16:00:00;87.216289;5.85;0.0;168.705;200.0;187.45;387.45;106.93371
2025-11-26 17:00:00;92.66292;1.8499999999999999;0.0;168.705;200.0;187.45;387.45;105.48708
2025-11-26 18:00:00;95.143213;0.0;0.0;168.705;200.0;187.45;387.45;104.85679
2025-11-26 19:00:00;95.712253;0.0;0.0;148.734;200.0;165.26;365.26;104.28775
2025-11-26 20:00:00;96.390721;0.0;0.0;148.734;200.0;165.26;365.26;103.60928
2025-11-26 21:00:00;96.219199;0.0;0.0;148.734;200.0;165.26;365.26;103.7808
2025-11-26 22:00:00;96.230314;0.0;0.0;186.534;200.0;207.26;407.26;103.76969
2025-11-26 23:00:00;97.521242;0.0;0.0;186.534;200.0;207.26;407.26;102.47876
2025-11-27 00:00:00;98.281015;0.0;0.0;186.534;200.0;207.26;407.26;101.71898
2025-11-27 01:00:00;98.782913;0.0;0.0;201.861;200.0;224.29;424.29;101.21709
2025-11-27 02:00:00;98.734694;0.0;0.0;201.861;200.0;224.29;424.29;101.26531
2025-11-27 03:00:00;98.185601;0.0;0.0;201.861;200.0;224.29;424.29;101.8144
2025-11-27 04:00:00;97.712462;0.0;0.0;214.11;200.0;237.9;437.9;102.28754
2025-11-27 05:00:00;96.239672;0.0;0.0;214.11;200.0;237.9;437.9;103.76033
2025-11-27 06:00:00;95.36203;0.0;0.0;214.11;200.0;237.9;437.9;104.63797
2025-11-27 07:00:00;92.807446;0.0;0.0;287.1;200.0;319.0;519.0;107.19255
2025-11-27 08:00:00;89.505815;0.0;0.0;287.1;200.0;319.0;519.0;110.49419
2025-11-27 09:00:00;85.387186;2.4;0.0;287.1;200.0;319.0;519.0;112.21281
2025-11-27 10:00:00;77.190323;9.68;0.0;229.5;200.0;255.0;455.0;113.12968
2025-11-27 11:00:00;68.629349;18.2;0.0;229.5;200.0;255.0;455.0;113.17065
2025-11-27 12:00:00;78.207634;8.6;0.0;229.5;200.0;255.0;455.0;113.19237
2025-11-27 13:00:00;77.124454;9.57;0.0;209.7;200.0;233.0;433.0;113.30555
2025-11-27 14:00:00;77.914052;8.45;0.0;209.7;200.0;233.0;433.0;113.63595
2025-11-27 15:00:00;80.212177;5.78;0.0;209.7;200.0;233.0;433.0;114.00782
2025-11-27 16:00:00;83.540274;2.03;0.0;98.775;200.0;109.75;309.75;114.42973
2025-11-27 17:00:00;85.130368;0.0;0.0;98.775;200.0;109.75;309.75;114.86963
2025-11-27 18:00:00;85.233291;0.0;0.0;98.775;200.0;109.75;309.75;114.76671
2025-11-27 19:00:00;84.575606;0.0;0.0;47.052;200.0;52.28;252.28;115.42439
2025-11-27 20:00:00;84.065969;0.0;0.0;47.052;200.0;52.28;252.28;115.93403
2025-11-27 21:00:00;83.393157;0.0;0.0;47.052;200.0;52.28;252.28;116.60684
2025-11-27 22:00:00;82.857885;0.0;0.0;49.743;200.0;55.27;255.26999999999998;117.14212
2025-11-27 23:00:00;82.842803;0.0;0.0;49.743;200.0;55.27;255.26999999999998;117.1572
2025-11-28 00:00:00;82.510794;0.0;0.0;49.743;200.0;55.27;255.26999999999998;117.48921
2025-11-28 01:00:00;82.391626;0.0;0.0;36.243;200.0;40.27;240.26999999999998;117.60837
2025-11-28 02:00:00;82.258841;0.0;0.0;36.243;200.0;40.27;240.26999999999998;117.74116
2025-11-28 03:00:00;81.889553;0.0;0.0;36.243;200.0;40.27;240.26999999999998;118.11045
2025-11-28 04:00:00;81.100656;0.0;0.0;56.943;200.0;63.27;263.27;118.89934
2025-11-28 05:00:00;80.608278;0.0;0.0;56.943;200.0;63.27;263.27;119.39172
2025-11-28 06:00:00;81.037197;0.0;0.0;56.943;200.0;63.27;263.27;118.9628
2025-11-28 07:00:00;80.682111;0.0;0.0;142.2;200.0;158.0;358.0;119.31789
2025-11-28 08:00:00;80.266762;0.0;0.0;142.2;200.0;158.0;358.0;119.73324
2025-11-28 09:00:00;79.45431;0.0;0.0;142.2;200.0;158.0;358.0;120.54569
2025-11-28 10:00:00;76.916601;1.75;0.0;114.93;200.0;127.7;327.7;121.3334
2025-11-28 11:00:00;71.738984;6.32;0.0;114.93;200.0;127.7;327.7;121.94102
2025-11-28 12:00:00;64.326498;12.899999999999999;0.0;114.93;200.0;127.7;327.7;122.7735
2025-11-28 13:00:00;63.954323;12.700000000000001;0.0;49.86;200.0;55.4;255.40000000000003;123.34568
2025-11-28 14:00:00;60.301848;16.2;0.0;49.86;200.0;55.4;255.40000000000003;123.49815
2025-11-28 15:00:00;76.780196;0.0;0.0;49.86;200.0;55.4;255.40000000000003;123.2198
2025-11-28 16:00:00;73.888247;0.0;0.0;0.0;192.77;0.0;192.77;118.88175
2025-11-28 17:00:00;73.992108;0.0;0.0;0.0;192.77;0.0;192.77;118.77789
2025-11-28 18:00:00;75.449886;0.0;0.0;0.0;192.77;0.0;192.77;117.32011
2025-11-28 19:00:00;76.653967;0.0;0.0;0.0;196.23;0.0;196.23;119.57603
2025-11-28 20:00:00;76.388424;0.0;0.0;0.0;196.23;0.0;196.23;119.84158
2025-11-28 21:00:00;76.430845;0.0;0.0;0.0;196.23;0.0;196.23;119.79915
2025-11-28 22:00:00;78.098872;0.0;0.0;11.061;200.0;12.29;212.29;121.90113
2025-11-28 23:00:00;78.427633;0.0;0.0;11.061;200.0;12.29;212.29;121.57237
2025-11-29 00:00:00;79.559409;0.0;0.0;11.061;200.0;12.29;212.29;120.44059
2025-11-29 01:00:00;80.488211;0.0;0.0;44.352;200.0;49.28;249.28000000000003;119.51179
2025-11-29 02:00:00;81.29857;0.0;0.0;44.352;200.0;49.28;249.28000000000003;118.70143
2025-11-29 03:00:00;81.3462;0.0;0.0;44.352;200.0;49.28;249.28000000000003;118.6538
2025-11-29 04:00:00;81.290583;0.0;0.0;39.834;200.0;44.26;244.26000000000002;118.70942
2025-11-29 05:00:00;81.87253;0.0;0.0;39.834;200.0;44.26;244.26000000000002;118.12747
2025-11-29 06:00:00;83.902035;0.0;0.0;39.834;200.0;44.26;244.26000000000002;116.09797
2025-11-29 07:00:00;83.017845;0.0;0.0;64.098;200.0;71.22;271.22;116.98216
2025-11-29 08:00:00;81.253977;0.0;0.0;64.098;200.0;71.22;271.22;118.74602
2025-11-29 09:00:00;78.209447;0.0;0.0;64.098;200.0;71.22;271.22;121.79055
2025-11-29 10:00:00;76.307379;0.0;0.0;26.487;200.0;29.43;229.43000000000004;123.69262
2025-11-29 11:00:00;74.964234;0.0;0.0;26.487;200.0;29.43;229.43000000000004;125.03577
2025-11-29 12:00:00;73.663381;0.0;0.0;26.487;200.0;29.43;229.43000000000004;126.33662
2025-11-29 13:00:00;61.082536;0.0;0.0;0.0;165.78;0.0;165.78;104.69746
2025-11-29 14:00:00;61.531206;0.0;0.0;0.0;165.78;0.0;165.78;104.24879
2025-11-29 15:00:00;61.530537;0.0;0.0;0.0;165.78;0.0;165.78;104.24946
2025-11-29 16:00:00;64.156194;0.0;0.0;0.0;173.81;0.0;173.81;109.65381
2025-11-29 17:00:00;63.862341;0.0;0.0;0.0;173.81;0.0;173.81;109.94766
2025-11-29 18:00:00;63.420417;0.0;0.0;0.0;173.81;0.0;173.81;110.38958
2025-11-29 19:00:00;61.728573;0.0;0.0;0.0;168.92;0.0;168.92;107.19143
2025-11-29 20:00:00;61.833664;0.0;0.0;0.0;168.92;0.0;168.92;107.08634
2025-11-29 21:00:00;61.546657;0.0;0.0;0.0;168.92;0.0;168.92;107.37334
2025-11-29 22:00:00;56.953639;0.0;0.0;0.0;156.03;0.0;156.03;99.076361
2025-11-29 23:00:00;57.225605;0.0;0.0;0.0;156.03;0.0;156.03;98.804395
2025-11-30 00:00:00;57.90115;0.0;0.0;0.0;156.03;0.0;156.03;98.12885
2025-11-30 01:00:00;75.5719;0.0;0.0;27.252;200.0;30.28;230.28;124.4281
2025-11-30 02:00:00;77.104384;0.0;0.0;27.252;200.0;30.28;230.28;122.89562
2025-11-30 03:00:00;78.757735;0.0;0.0;27.252;200.0;30.28;230.28;121.24226
2025-11-30 04:00:00;80.150062;0.0;0.0;30.816;200.0;34.24;234.23999999999998;119.84994
2025-11-30 05:00:00;81.411601;0.0;0.0;30.816;200.0;34.24;234.23999999999998;118.5884
2025-11-30 06:00:00;82.058531;0.0;0.0;30.816;200.0;34.24;234.23999999999998;117.94147
2025-11-30 07:00:00;82.384335;0.0;0.0;32.643;200.0;36.27;236.27;117.61567
2025-11-30 08:00:00;80.658358;0.0;0.0;32.643;200.0;36.27;236.27;119.34164
2025-11-30 09:00:00;79.410563;0.0;0.0;32.643;200.0;36.27;236.27;120.58944
2025-11-30 10:00:00;79.278918;0.0;0.0;50.652;200.0;56.28;256.28;120.72108
2025-11-30 11:00:00;79.457008;0.0;0.0;50.652;200.0;56.28;256.28;120.54299
2025-11-30 12:00:00;80.073599;0.0;0.0;50.652;200.0;56.28;256.28;119.9264
2025-11-30 13:00:00;81.218693;0.0;0.0;37.107;200.0;41.23;241.23;118.78131
2025-11-30 14:00:00;82.719417;0.0;0.0;37.107;200.0;41.23;241.23;117.28058
2025-11-30 15:00:00;84.666076;0.0;0.0;37.107;200.0;41.23;241.23;115.33392
2025-11-30 16:00:00;85.768537;0.0;0.0;75.87;200.0;84.3;284.3;114.23146
2025-11-30 17:00:00;86.552388;0.0;0.0;75.87;200.0;84.3;284.3;113.44761
2025-11-30 18:00:00;86.733556;0.0;0.0;75.87;200.0;84.3;284.3;113.26644
2025-11-30 19:00:00;86.881194;0.0;0.0;83.043;200.0;92.27;292.27;113.11881
2025-11-30 20:00:00;86.811958;0.0;0.0;83.043;200.0;92.27;292.27;113.18804
2025-11-30 21:00:00;86.725109;0.0;0.0;83.043;200.0;92.27;292.27;113.27489
2025-11-30 22:00:00;86.840394;0.0;0.0;82.134;200.0;91.26;291.26;113.15961
2025-11-30 23:00:00;87.000314;0.0;0.0;82.134;200.0;91.26;291.26;112.99969
2025-12-01 00:00:00;89.523128;0.0;0.0;82.134;200.0;91.26;291.26;110.47687
2025-12-01 01:00:00;91.369243;0.0;0.0;110.925;200.0;123.25;323.25;108.63076
2025-12-01 02:00:00;92.184795;0.0;0.0;110.925;200.0;123.25;323.25;107.8152
2025-12-01 03:00:00;93.682514;0.0;0.0;110.925;200.0;123.25;323.25;106.31749
2025-12-01 04:00:00;94.514556;0.0;0.0;159.759;200.0;177.51;377.51;105.48544
2025-12-01 05:00:00;94.810008;0.0;0.0;159.759;200.0;177.51;377.51;105.18999
2025-12-01 06:00:00;93.228018;0.0;0.0;159.759;200.0;177.51;377.51;106.77198
2025-12-01 07:00:00;91.926493;0.0;0.0;271.8;200.0;302.0;502.0;108.07351
2025-12-01 08:00:00;88.688166;0.0;0.0;271.8;200.0;302.0;502.0;111.31183
2025-12-01 09:00:00;82.917618;2.67;0.0;271.8;200.0;302.0;502.0;114.41238
2025-12-01 10:00:00;66.619907;16.8;0.0;204.3;200.0;227.0;427.0;116.58009
2025-12-01 11:00:00;40.301557;41.9;0.0;204.3;200.0;227.0;427.0;117.79844
2025-12-01 12:00:00;15.30774;66.4;0.0;204.3;200.0;227.0;427.0;118.29226
2025-12-01 13:00:00;14.281494;68.3;0.0;160.2;200.0;178.0;378.0;117.41851
2025-12-01 14:00:00;50.002923;34.3;0.0;160.2;200.0;178.0;378.0;115.69708
2025-12-01 15:00:00;64.797755;20.6;0.0;160.2;200.0;178.0;378.0;114.60224
2025-12-01 16:00:00;76.794756;9.85;0.0;94.158;200.0;104.62;304.62;113.35524
2025-12-01 17:00:00;83.73221;3.53;0.0;94.158;200.0;104.62;304.62;112.73779
2025-12-01 18:00:00;85.399625;0.0;0.0;94.158;200.0;104.62;304.62;114.60038
2025-12-01 19:00:00;84.926324;0.0;0.0;74.052;200.0;82.28;282.28;115.07368
2025-12-01 20:00:00;84.685419;0.0;0.0;74.052;200.0;82.28;282.28;115.31458
2025-12-01 21:00:00;84.71064;0.0;0.0;74.052;200.0;82.28;282.28;115.28936
2025-12-01 22:00:00;85.353978;0.0;0.0;96.543;200.0;107.27;307.27;114.64602
2025-12-01 23:00:00;86.256203;0.0;0.0;96.543;200.0;107.27;307.27;113.7438
2025-12-02 00:00:00;86.814166;0.0;0.0;96.543;200.0;107.27;307.27;113.18583
2025-12-02 01:00:00;86.438777;0.0;0.0;112.752;200.0;125.28;325.28;113.56122
2025-12-02 02:00:00;85.836658;0.0;0.0;112.752;200.0;125.28;325.28;114.16334
2025-12-02 03:00:00;85.194023;0.0;0.0;112.752;200.0;125.28;325.28;114.80598
2025-12-02 04:00:00;83.613866;0.0;0.0;150.705;200.0;167.45;367.45;116.38613
2025-12-02 05:00:00;82.177066;0.0;0.0;150.705;200.0;167.45;367.45;117.82293
2025-12-02 06:00:00;84.645955;0.0;0.0;150.705;200.0;167.45;367.45;115.35404
2025-12-02 07:00:00;83.592195;0.0;0.0;245.7;200.0;273.0;473.0;116.40781
2025-12-02 08:00:00;82.247691;0.0;0.0;245.7;200.0;273.0;473.0;117.75231
2025-12-02 09:00:00;80.632318;0.0;0.0;245.7;200.0;273.0;473.0;119.36768
2025-12-02 10:00:00;76.711865;2.65;0.0;179.118;200.0;199.02;399.02;120.63813
2025-12-02 11:00:00;70.56622;7.98;0.0;179.118;200.0;199.02;399.02;121.45378
2025-12-02 12:00:00;65.781105;12.8;0.0;179.118;200.0;199.02;399.02;121.4189
2025-12-02 13:00:00;62.574623;16.0;0.0;102.825;200.0;114.25;314.25;121.42538
2025-12-02 14:00:00;66.617821;12.5;0.0;102.825;200.0;114.25;314.25;120.88218
2025-12-02 15:00:00;74.014062;5.879999999999999;0.0;102.825;200.0;114.25;314.25;120.10594
2025-12-02 16:00:00;75.086295;5.43;0.0;49.491;200.0;54.99;254.99000000000004;119.4837
2025-12-02 17:00:00;80.710921;0.5670000000000001;0.0;49.491;200.0;54.99;254.99000000000004;118.72208
2025-12-02 18:00:00;80.973117;0.0;0.0;49.491;200.0;54.99;254.99000000000004;119.02688
2025-12-02 19:00:00;81.142669;0.0;0.0;44.343;200.0;49.27;249.27000000000004;118.85733
2025-12-02 20:00:00;81.117842;0.0;0.0;44.343;200.0;49.27;249.27000000000004;118.88216
2025-12-02 21:00:00;80.852121;0.0;0.0;44.343;200.0;49.27;249.27000000000004;119.14788
2025-12-02 22:00:00;80.595747;0.0;0.0;43.452;200.0;48.28;248.27999999999997;119.40425
2025-12-02 23:00:00;80.584806;0.0;0.0;43.452;200.0;48.28;248.27999999999997;119.41519
2025-12-03 00:00:00;80.560715;0.0;0.0;43.452;200.0;48.28;248.27999999999997;119.43928
2025-12-03 01:00:00;80.795504;0.0;0.0;50.643;200.0;56.27;256.27;119.2045
2025-12-03 02:00:00;81.252124;0.0;0.0;50.643;200.0;56.27;256.27;118.74788
2025-12-03 03:00:00;82.026487;0.0;0.0;50.643;200.0;56.27;256.27;117.97351
2025-12-03 04:00:00;82.916927;0.0;0.0;67.059;200.0;74.51;274.51;117.08307
2025-12-03 05:00:00;83.409629;0.0;0.0;67.059;200.0;74.51;274.51;116.59037
2025-12-03 06:00:00;82.806711;0.0;0.0;67.059;200.0;74.51;274.51;117.19329
2025-12-03 07:00:00;82.419727;0.0;0.0;153.9;200.0;171.0;371.0;117.58027
2025-12-03 08:00:00;81.085886;0.0;0.0;153.9;200.0;171.0;371.0;118.91411
2025-12-03 09:00:00;79.996897;0.4;0.0;153.9;200.0;171.0;371.0;119.6031
2025-12-03 10:00:00;76.330785;1.8499999999999999;0.0;143.1;200.0;159.0;359.0;121.81921
2025-12-03 11:00:00;72.703706;4.53;0.0;143.1;200.0;159.0;359.0;122.76629
2025-12-03 12:00:00;69.704736;6.500000000000001;0.0;143.1;200.0;159.0;359.0;123.79526
2025-12-03 13:00:00;62.249244;14.3;0.0;111.132;200.0;123.48;323.48;123.45076
2025-12-03 14:00:00;65.782961;11.5;0.0;111.132;200.0;123.48;323.48;122.71704
2025-12-03 15:00:00;74.754428;5.3;0.0;111.132;200.0;123.48;323.48;119.94557
2025-12-03 16:00:00;78.720982;3.93;0.0;44.235;200.0;49.15;249.14999999999998;117.34902
2025-12-03 17:00:00;83.427011;0.2;0.0;44.235;200.0;49.15;249.14999999999998;116.37299
2025-12-03 18:00:00;81.826489;0.0;0.0;44.235;200.0;49.15;249.14999999999998;118.17351
2025-12-03 19:00:00;81.726896;0.0;0.0;35.37;200.0;39.3;239.30000000000004;118.2731
2025-12-03 20:00:00;81.879077;0.0;0.0;35.37;200.0;39.3;239.30000000000004;118.12092
2025-12-03 21:00:00;82.04267;0.0;0.0;35.37;200.0;39.3;239.30000000000004;117.95733
2025-12-03 22:00:00;82.208651;0.0;0.0;51.543;200.0;57.27;257.27;117.79135
2025-12-03 23:00:00;82.691695;0.0;0.0;51.543;200.0;57.27;257.27;117.3083
2025-12-04 00:00:00;83.157568;0.0;0.0;51.543;200.0;57.27;257.27;116.84243
2025-12-04 01:00:00;83.82005;0.0;0.0;52.425;200.0;58.25;258.25;116.17995
2025-12-04 02:00:00;83.741221;0.0;0.0;52.425;200.0;58.25;258.25;116.25878
2025-12-04 03:00:00;83.453219;0.0;0.0;52.425;200.0;58.25;258.25;116.54678
2025-12-04 04:00:00;83.5771;0.0;0.0;91.431;200.0;101.59;301.59;116.4229
2025-12-04 05:00:00;83.573348;0.0;0.0;91.431;200.0;101.59;301.59;116.42665
2025-12-04 06:00:00;87.732563;0.0;0.0;91.431;200.0;101.59;301.59;112.26744
2025-12-04 07:00:00;87.652115;0.0;0.0;192.285;200.0;213.65;413.65;112.34788
2025-12-04 08:00:00;85.21937;0.0;0.0;192.285;200.0;213.65;413.65;114.78063
2025-12-04 09:00:00;81.621672;1.1;0.0;192.285;200.0;213.65;413.65;117.27833
2025-12-04 10:00:00;77.107149;3.6;0.0;192.6;200.0;214.0;414.0;119.29285
2025-12-04 11:00:00;36.699485;42.6;0.0;192.6;200.0;214.0;414.0;120.70051
2025-12-04 12:00:00;0.0;79.4;0.43592538;192.6;200.0;214.0;414.0;121.03593
2025-12-04 13:00:00;0.0;82.8;3.4432854;162.0;200.0;180.0;380.0;120.64329
2025-12-04 14:00:00;14.274089;66.8;0.0;162.0;200.0;180.0;380.0;118.92591
2025-12-04 15:00:00;49.271672;33.3;0.0;162.0;200.0;180.0;380.0;117.42833
2025-12-04 16:00:00;73.436276;9.67;0.0;113.697;200.0;126.33;326.33;116.89372
2025-12-04 17:00:00;81.961231;1.37;0.0;113.697;200.0;126.33;326.33;116.66877
2025-12-04 18:00:00;85.584041;0.0;0.0;113.697;200.0;126.33;326.33;114.41596
2025-12-04 19:00:00;85.262743;0.0;0.0;90.261;200.0;100.29;300.29;114.73726
2025-12-04 20:00:00;85.51391;0.0;0.0;90.261;200.0;100.29;300.29;114.48609
2025-12-04 21:00:00;85.947518;0.0;0.0;90.261;200.0;100.29;300.29;114.05248
2025-12-04 22:00:00;85.13028;0.0;0.0;99.243;200.0;110.27;310.27;114.86972
2025-12-04 23:00:00;84.888746;0.0;0.0;99.243;200.0;110.27;310.27;115.11125
2025-12-05 00:00:00;85.319487;0.0;0.0;99.243;200.0;110.27;310.27;114.68051
2025-12-05 01:00:00;85.906959;0.0;0.0;92.898;200.0;103.22;303.22;114.09304
2025-12-05 02:00:00;87.234333;0.0;0.0;92.898;200.0;103.22;303.22;112.76567
2025-12-05 03:00:00;88.810563;0.0;0.0;92.898;200.0;103.22;303.22;111.18944
2025-12-05 04:00:00;90.958369;0.0;0.0;114.885;200.0;127.65;327.65;109.04163
2025-12-05 05:00:00;91.853826;0.0;0.0;114.885;200.0;127.65;327.65;108.14617
2025-12-05 06:00:00;92.332024;0.0;0.0;114.885;200.0;127.65;327.65;107.66798
2025-12-05 07:00:00;93.356253;0.0;0.0;204.3;200.0;227.0;427.0;106.64375
2025-12-05 08:00:00;89.057631;0.0;0.0;204.3;200.0;227.0;427.0;110.94237
2025-12-05 09:00:00;82.617796;0.9;0.0;204.3;200.0;227.0;427.0;116.4822
2025-12-05 10:00:00;75.184296;6.449999999999999;0.0;173.7;200.0;193.0;393.0;118.3657
2025-12-05 11:00:00;60.722357;19.2;0.0;173.7;200.0;193.0;393.0;120.07764
2025-12-05 12:00:00;45.757044;33.3;0.0;173.7;200.0;193.0;393.0;120.94296
2025-12-05 13:00:00;31.35966;47.6;0.0;106.119;200.0;117.91;317.91;121.04034
2025-12-05 14:00:00;25.677433;54.1;0.0;106.119;200.0;117.91;317.91;120.22257
2025-12-05 15:00:00;28.41686;53.0;0.0;106.119;200.0;117.91;317.91;118.58314
2025-12-05 16:00:00;66.203408;17.3;0.0;91.773;200.0;101.97;301.97;116.49659
2025-12-05 17:00:00;81.518318;2.57;0.0;91.773;200.0;101.97;301.97;115.91168
2025-12-05 18:00:00;84.746043;0.0;0.0;91.773;200.0;101.97;301.97;115.25396
2025-12-05 19:00:00;85.35798;0.0;0.0;92.052;200.0;102.28;302.28;114.64202
2025-12-05 20:00:00;85.150632;0.0;0.0;92.052;200.0;102.28;302.28;114.84937
2025-12-05 21:00:00;85.404433;0.0;0.0;92.052;200.0;102.28;302.28;114.59557
2025-12-05 22:00:00;85.8767;0.0;0.0;83.052;200.0;92.28;292.28;114.1233
2025-12-05 23:00:00;86.398209;0.0;0.0;83.052;200.0;92.28;292.28;113.60179
2025-12-06 00:00:00;86.941682;0.0;0.0;83.052;200.0;92.28;292.28;113.05832
2025-12-06 01:00:00;87.641613;0.0;0.0;67.743;200.0;75.27;275.27;112.35839
2025-12-06 02:00:00;88.246973;0.0;0.0;67.743;200.0;75.27;275.27;111.75303
2025-12-06 03:00:00;88.131338;0.0;0.0;67.743;200.0;75.27;275.27;111.86866
2025-12-06 04:00:00;87.405126;0.0;0.0;78.525;200.0;87.25;287.25;112.59487
2025-12-06 05:00:00;85.956897;0.0;0.0;78.525;200.0;87.25;287.25;114.0431
2025-12-06 06:00:00;82.8454;0.0;0.0;78.525;200.0;87.25;287.25;117.1546
2025-12-06 07:00:00;81.411358;0.0;0.0;55.98;200.0;62.2;262.2;118.58864
2025-12-06 08:00:00;80.036673;0.0;0.0;55.98;200.0;62.2;262.2;119.96333
2025-12-06 09:00:00;77.444242;0.7000000000000002;0.0;55.98;200.0;62.2;262.2;121.85576
2025-12-06 10:00:00;71.899338;3.95;0.0;11.115;200.0;12.35;212.35;124.15066
2025-12-06 11:00:00;66.607638;7.879999999999999;0.0;11.115;200.0;12.35;212.35;125.51236
2025-12-06 12:00:00;54.796962;19.0;0.0;11.115;200.0;12.35;212.35;126.20304
2025-12-06 13:00:00;17.088298;44.3;0.0;0.0;166.43;0.0;166.43;105.0417
2025-12-06 14:00:00;28.864449;32.8;0.0;0.0;166.43;0.0;166.43;104.76555
2025-12-06 15:00:00;37.043079;25.199999999999996;0.0;0.0;166.43;0.0;166.43;104.18692
2025-12-06 16:00:00;62.829936;4.55;0.0;0.0;178.44;0.0;178.44;111.06006
2025-12-06 17:00:00;65.591644;2.1;0.0;0.0;178.44;0.0;178.44;110.74836
2025-12-06 18:00:00;67.927877;0.0;0.0;0.0;178.44;0.0;178.44;110.51212
2025-12-06 19:00:00;66.613754;0.0;0.0;0.0;175.67;0.0;175.67;109.05625
2025-12-06 20:00:00;66.349688;0.0;0.0;0.0;175.67;0.0;175.67;109.32031
2025-12-06 21:00:00;66.41773;0.0;0.0;0.0;175.67;0.0;175.67;109.25227
2025-12-06 22:00:00;71.34227;0.0;0.0;0.0;187.31;0.0;187.31;115.96773
2025-12-06 23:00:00;71.633357;0.0;0.0;0.0;187.31;0.0;187.31;115.67664
2025-12-07 00:00:00;72.074739;0.0;0.0;0.0;187.31;0.0;187.31;115.23526
2025-12-07 01:00:00;69.456684;0.0;0.0;0.0;180.11;0.0;180.11;110.65332
2025-12-07 02:00:00;69.352669;0.0;0.0;0.0;180.11;0.0;180.11;110.75733
2025-12-07 03:00:00;69.389264;0.0;0.0;0.0;180.11;0.0;180.11;110.72074
2025-12-07 04:00:00;68.754731;0.0;0.0;0.0;177.95;0.0;177.95;109.19527
2025-12-07 05:00:00;68.216972;0.0;0.0;0.0;177.95;0.0;177.95;109.73303
2025-12-07 06:00:00;67.960897;0.0;0.0;0.0;177.95;0.0;177.95;109.9891
2025-12-07 07:00:00;66.880188;0.0;0.0;0.0;175.84;0.0;175.84;108.95981
2025-12-07 08:00:00;66.324849;0.0;0.0;0.0;175.84;0.0;175.84;109.51515
2025-12-07 09:00:00;65.180573;0.0;0.0;0.0;175.84;0.0;175.84;110.65943
2025-12-07 10:00:00;50.976115;4.25;0.0;0.0;151.29;0.0;151.29;96.063885
2025-12-07 11:00:00;41.008876;13.8;0.0;0.0;151.29;0.0;151.29;96.481124
2025-12-07 12:00:00;32.398237;21.7;0.0;0.0;151.29;0.0;151.29;97.191763
2025-12-07 13:00:00;31.141871;16.7;0.0;0.0;134.58;0.0;134.58;86.738129
2025-12-07 14:00:00;37.512802;10.5;0.0;0.0;134.58;0.0;134.58;86.567198
2025-12-07 15:00:00;41.42257;6.83;0.0;0.0;134.58;0.0;134.58;86.32743
2025-12-07 16:00:00;51.792849;3.53;0.0;0.0;154.7;0.0;154.7;99.377151
2025-12-07 17:00:00;54.349004;0.35;0.0;0.0;154.7;0.0;154.7;100.001
2025-12-07 18:00:00;53.8061;0.0;0.0;0.0;154.7;0.0;154.7;100.8939
2025-12-07 19:00:00;41.027586;0.0;0.0;0.0;118.98;0.0;118.98;77.952414
2025-12-07 20:00:00;41.027586;0.0;0.0;0.0;118.98;0.0;118.98;77.952414
2025-12-07 21:00:00;41.027586;0.0;0.0;0.0;118.98;0.0;118.98;77.952414
2025-12-07 22:00:00;31.568966;0.0;0.0;0.0;91.55;0.0;91.55;59.981034
2025-12-07 23:00:00;31.568966;0.0;0.0;0.0;91.55;0.0;91.55;59.981034
2025-12-08 00:00:00;31.568966;0.0;0.0;0.0;91.55;0.0;91.55;59.981034
2025-12-08 01:00:00;35.996552;0.0;0.0;0.0;104.39;0.0;104.39;68.393448
2025-12-08 02:00:00;35.996552;0.0;0.0;0.0;104.39;0.0;104.39;68.393448
2025-12-08 03:00:00;35.996552;0.0;0.0;0.0;104.39;0.0;104.39;68.393448
2025-12-08 04:00:00;50.224138;0.0;0.0;0.0;145.65;0.0;145.65;95.425862
2025-12-08 05:00:00;50.224138;0.0;0.0;0.0;145.65;0.0;145.65;95.425862
2025-12-08 06:00:00;50.313647;0.0;0.0;0.0;145.65;0.0;145.65;95.336353
2025-12-08 07:00:00;67.198833;0.0;0.0;0.0;194.63;0.0;194.63;127.43117
2025-12-08 08:00:00;67.113793;0.0;0.0;0.0;194.63;0.0;194.63;127.51621
2025-12-08 09:00:00;67.113793;0.0;0.0;0.0;194.63;0.0;194.63;127.51621
2025-12-08 10:00:00;41.518276;2.33;0.0;0.0;127.16;0.0;127.15999999999998;83.311724
2025-12-08 11:00:00;28.848276;15.000000000000002;0.0;0.0;127.16;0.0;127.15999999999998;83.311724
2025-12-08 12:00:00;21.848276;22.000000000000004;0.0;0.0;127.16;0.0;127.15999999999998;83.311724
2025-12-08 13:00:00;13.775862;22.7;0.0;0.0;105.78;0.0;105.78;69.304138
2025-12-08 14:00:00;24.875862;11.6;0.0;0.0;105.78;0.0;105.78;69.304138
2025-12-08 15:00:00;28.855862;7.62;0.0;0.0;105.78;0.0;105.78;69.304138
2025-12-08 16:00:00;24.537241;4.28;0.0;0.0;83.57;0.0;83.57;54.752759
2025-12-08 17:00:00;27.517241;1.3;0.0;0.0;83.57;0.0;83.57;54.752759
2025-12-08 18:00:00;28.817241;0.0;0.0;0.0;83.57;0.0;83.57;54.752759
2025-12-08 19:00:00;30.024138;0.0;0.0;0.0;87.07;0.0;87.07;57.045862
2025-12-08 20:00:00;30.024138;0.0;0.0;0.0;87.07;0.0;87.07;57.045862
2025-12-08 21:00:00;30.024138;0.0;0.0;0.0;87.07;0.0;87.07;57.045862
2025-12-08 22:00:00;36.02069;0.0;0.0;0.0;104.46;0.0;104.46;68.43931
2025-12-08 23:00:00;36.02069;0.0;0.0;0.0;104.46;0.0;104.46;68.43931
2025-12-09 00:00:00;36.528847;0.0;0.0;0.0;104.46;0.0;104.46;67.931153
2025-12-09 01:00:00;32.258319;0.0;0.0;0.0;90.87;0.0;90.87;58.611681
2025-12-09 02:00:00;32.741516;0.0;0.0;0.0;90.87;0.0;90.87;58.128484
2025-12-09 03:00:00;33.099886;0.0;0.0;0.0;90.87;0.0;90.87;57.770114
2025-12-09 04:00:00;51.170118;0.0;0.0;0.0;139.52;0.0;139.52;88.349882
2025-12-09 05:00:00;51.169294;0.0;0.0;0.0;139.52;0.0;139.52;88.350706
2025-12-09 06:00:00;49.662041;0.0;0.0;0.0;139.52;0.0;139.52;89.857959
2025-12-09 07:00:00;69.200527;0.0;0.0;0.0;195.89;0.0;195.89;126.68947
2025-12-09 08:00:00;68.778064;0.0;0.0;0.0;195.89;0.0;195.89;127.11194
2025-12-09 09:00:00;67.60507;0.5;0.0;0.0;195.89;0.0;195.89;127.78493
2025-12-09 10:00:00;52.458621;2.4;0.0;0.0;159.09;0.0;159.09;104.23138
2025-12-09 11:00:00;45.708621;9.15;0.0;0.0;159.09;0.0;159.09;104.23138
2025-12-09 12:00:00;33.858621;21.0;0.0;0.0;159.09;0.0;159.09;104.23138
2025-12-09 13:00:00;0.0;60.3;22.47931;0.0;109.68;0.0;109.68;71.85931
2025-12-09 14:00:00;0.0;57.5;19.67931;0.0;109.68;0.0;109.68;71.85931
2025-12-09 15:00:00;0.0;40.4;2.5572579;0.0;109.68;0.0;109.68;71.837258
2025-12-09 16:00:00;16.623614;17.1;0.0;0.0;97.24;0.0;97.24;63.516386
2025-12-09 17:00:00;31.459287;2.3;0.0;0.0;97.24;0.0;97.24;63.480713
2025-12-09 18:00:00;34.245419;0.0;0.0;0.0;97.24;0.0;97.24;62.994581
2025-12-09 19:00:00;43.129312;0.0;0.0;0.0;121.94;0.0;121.94;78.810688
2025-12-09 20:00:00;43.170579;0.0;0.0;0.0;121.94;0.0;121.94;78.769421
2025-12-09 21:00:00;43.097009;0.0;0.0;0.0;121.94;0.0;121.94;78.842991
2025-12-09 22:00:00;33.359796;0.0;0.0;0.0;95.1;0.0;95.1;61.740204
2025-12-09 23:00:00;33.070066;0.0;0.0;0.0;95.1;0.0;95.1;62.029934
2025-12-10 00:00:00;32.793103;0.0;0.0;0.0;95.1;0.0;95.1;62.306897
2025-12-10 01:00:00;34.048276;0.0;0.0;0.0;98.74;0.0;98.74;64.691724
2025-12-10 02:00:00;34.048276;0.0;0.0;0.0;98.74;0.0;98.74;64.691724
2025-12-10 03:00:00;34.048276;0.0;0.0;0.0;98.74;0.0;98.74;64.691724
2025-12-10 04:00:00;43.759141;0.0;0.0;0.0;126.7;0.0;126.69999999999999;82.940859
2025-12-10 05:00:00;43.930165;0.0;0.0;0.0;126.7;0.0;126.69999999999999;82.769835
2025-12-10 06:00:00;44.830697;0.0;0.0;0.0;126.7;0.0;126.69999999999999;81.869303
2025-12-10 07:00:00;57.229656;0.0;0.0;0.0;162.35;0.0;162.35;105.12034
2025-12-10 08:00:00;56.680297;0.0;0.0;0.0;162.35;0.0;162.35;105.6697
2025-12-10 09:00:00;55.724042;0.4;0.0;0.0;162.35;0.0;162.35;106.22596
2025-12-10 10:00:00;51.814828;1.83;0.0;0.0;155.57;0.0;155.57;101.92517
2025-12-10 11:00:00;47.594828;6.05;0.0;0.0;155.57;0.0;155.57;101.92517
2025-12-10 12:00:00;45.950402;7.73;0.0;0.0;155.57;0.0;155.57;101.8896
2025-12-10 13:00:00;34.343914;13.8;0.0;0.0;139.27;0.0;139.27;91.126086
2025-12-10 14:00:00;31.181143;17.5;0.0;0.0;139.27;0.0;139.27;90.588857
2025-12-10 15:00:00;39.024765;10.5;0.0;0.0;139.27;0.0;139.27;89.745235
2025-12-10 16:00:00;32.250271;8.03;0.0;0.0;112.23;0.0;112.23;71.949729
2025-12-10 17:00:00;38.717719;1.7;0.0;0.0;112.23;0.0;112.23;71.812281
2025-12-10 18:00:00;40.609491;0.0;0.0;0.0;112.23;0.0;112.23;71.620509
2025-12-10 19:00:00;46.088203;0.0;0.0;0.0;125.91;0.0;125.91;79.821797
2025-12-10 20:00:00;46.456324;0.0;0.0;0.0;125.91;0.0;125.91;79.453676
2025-12-10 21:00:00;47.346198;0.0;0.0;0.0;125.91;0.0;125.91;78.563802
2025-12-10 22:00:00;59.279844;0.0;0.0;0.0;155.19;0.0;155.19;95.910156
2025-12-10 23:00:00;60.03273;0.0;0.0;0.0;155.19;0.0;155.19;95.15727
2025-12-11 00:00:00;60.816214;0.0;0.0;0.0;155.19;0.0;155.19;94.373786
2025-12-11 01:00:00;74.283491;0.0;0.0;0.0;188.05;0.0;188.05;113.76651
2025-12-11 02:00:00;75.342667;0.0;0.0;0.0;188.05;0.0;188.05;112.70733
2025-12-11 03:00:00;76.389051;0.0;0.0;0.0;188.05;0.0;188.05;111.66095
2025-12-11 04:00:00;81.982241;0.0;0.0;25.623;200.0;28.47;228.47000000000003;118.01776
2025-12-11 05:00:00;82.8392;0.0;0.0;25.623;200.0;28.47;228.47000000000003;117.1608
2025-12-11 06:00:00;80.736182;0.0;0.0;25.623;200.0;28.47;228.47000000000003;119.26382
2025-12-11 07:00:00;80.610816;0.0;0.0;129.6;200.0;144.0;344.0;119.38918
2025-12-11 08:00:00;78.761597;0.0;0.0;129.6;200.0;144.0;344.0;121.2384
2025-12-11 09:00:00;75.806368;0.8;0.0;129.6;200.0;144.0;344.0;123.39363
2025-12-11 10:00:00;64.654;10.4;0.0;53.919;200.0;59.91;259.91;124.946
2025-12-11 11:00:00;30.049581;44.00000000000001;0.0;53.919;200.0;59.91;259.91;125.95042
2025-12-11 12:00:00;0.0;76.8;3.4653465;53.919;200.0;59.91;259.91;126.66535
2025-12-11 13:00:00;0.0;93.9;20.482799;3.627;200.0;4.03;204.03;126.5828
2025-12-11 14:00:00;0.0;84.1;9.2275765;3.627;200.0;4.03;204.03;125.12758
2025-12-11 15:00:00;18.792158;58.800000000000004;0.0;3.627;200.0;4.03;204.03;122.40784
2025-12-11 16:00:00;57.360049;21.9;0.0;2.52;200.0;2.8;202.8;120.73995
2025-12-11 17:00:00;78.961405;2.23;0.0;2.52;200.0;2.8;202.8;118.8086
2025-12-11 18:00:00;82.014415;0.0;0.0;2.52;200.0;2.8;202.8;117.98559
2025-12-11 19:00:00;83.419142;0.0;0.0;50.769;200.0;56.41;256.41;116.58086
2025-12-11 20:00:00;83.329451;0.0;0.0;50.769;200.0;56.41;256.41;116.67055
2025-12-11 21:00:00;83.487324;0.0;0.0;50.769;200.0;56.41;256.41;116.51268
2025-12-11 22:00:00;82.956391;0.0;0.0;74.061;200.0;82.29;282.29;117.04361
2025-12-11 23:00:00;83.388233;0.0;0.0;74.061;200.0;82.29;282.29;116.61177
2025-12-12 00:00:00;82.799513;0.0;0.0;74.061;200.0;82.29;282.29;117.20049
2025-12-12 01:00:00;81.884888;0.0;0.0;77.643;200.0;86.27;286.27;118.11511
2025-12-12 02:00:00;81.268809;0.0;0.0;77.643;200.0;86.27;286.27;118.73119
2025-12-12 03:00:00;79.928829;0.0;0.0;77.643;200.0;86.27;286.27;120.07117
2025-12-12 04:00:00;79.221954;0.0;0.0;69.471;200.0;77.19;277.19;120.77805
2025-12-12 05:00:00;78.081453;0.0;0.0;69.471;200.0;77.19;277.19;121.91855
2025-12-12 06:00:00;78.495042;0.0;0.0;69.471;200.0;77.19;277.19;121.50496
2025-12-12 07:00:00;78.323105;0.0;0.0;146.7;200.0;163.0;363.0;121.67689
2025-12-12 08:00:00;76.290963;0.0;0.0;146.7;200.0;163.0;363.0;123.70904
2025-12-12 09:00:00;73.227789;1.0;0.0;146.7;200.0;163.0;363.0;125.77221
2025-12-12 10:00:00;61.847824;10.6;0.0;93.951;200.0;104.39;304.39;127.55218
2025-12-12 11:00:00;41.820097;29.0;0.0;93.951;200.0;104.39;304.39;129.1799
2025-12-12 12:00:00;19.912177;50.39999999999999;0.0;93.951;200.0;104.39;304.39;129.68782
2025-12-12 13:00:00;5.8486593;64.9;0.0;23.517;200.0;26.13;226.13;129.25134
2025-12-12 14:00:00;45.398654;26.9;0.0;23.517;200.0;26.13;226.13;127.70135
2025-12-12 15:00:00;49.255972;25.3;0.0;23.517;200.0;26.13;226.13;125.44403
2025-12-12 16:00:00;66.198194;8.48;0.0;0.0;194.76;0.0;194.76;120.08181
2025-12-12 17:00:00;74.795719;1.23;0.0;0.0;194.76;0.0;194.76;118.73428
2025-12-12 18:00:00;75.579001;0.0;0.0;0.0;194.76;0.0;194.76;119.181
2025-12-12 19:00:00;78.338535;0.0;0.0;15.228;200.0;16.92;216.92;121.66147
2025-12-12 20:00:00;78.360116;0.0;0.0;15.228;200.0;16.92;216.92;121.63988
2025-12-12 21:00:00;78.831857;0.0;0.0;15.228;200.0;16.92;216.92;121.16814
2025-12-12 22:00:00;79.569609;0.0;0.0;70.416;200.0;78.24;278.24;120.43039
2025-12-12 23:00:00;79.850608;0.0;0.0;70.416;200.0;78.24;278.24;120.14939
2025-12-13 00:00:00;80.354233;0.0;0.0;70.416;200.0;78.24;278.24;119.64577
2025-12-13 01:00:00;80.569272;0.0;0.0;85.734;200.0;95.26;295.26;119.43073
2025-12-13 02:00:00;80.120118;0.0;0.0;85.734;200.0;95.26;295.26;119.87988
2025-12-13 03:00:00;79.029435;0.0;0.0;85.734;200.0;95.26;295.26;120.97056
2025-12-13 04:00:00;78.266085;0.0;0.0;78.534;200.0;87.26;287.26;121.73391
2025-12-13 05:00:00;77.997966;0.0;0.0;78.534;200.0;87.26;287.26;122.00203
2025-12-13 06:00:00;79.472655;0.0;0.0;78.534;200.0;87.26;287.26;120.52734
2025-12-13 07:00:00;79.168438;0.0;0.0;52.281;200.0;58.09;258.09;120.83156
2025-12-13 08:00:00;78.031696;0.0;0.0;52.281;200.0;58.09;258.09;121.9683
2025-12-13 09:00:00;76.485521;0.3;0.0;52.281;200.0;58.09;258.09;123.21448
2025-12-13 10:00:00;74.242533;1.98;0.0;30.24;200.0;33.6;233.60000000000002;123.77747
2025-12-13 11:00:00;69.608581;5.9;0.0;30.24;200.0;33.6;233.60000000000002;124.49142
2025-12-13 12:00:00;67.600667;7.78;0.0;30.24;200.0;33.6;233.60000000000002;124.61933
2025-12-13 13:00:00;69.083501;6.42;0.0;11.016;200.0;12.24;212.24;124.4965
2025-12-13 14:00:00;69.44578;6.230000000000001;0.0;11.016;200.0;12.24;212.24;124.32422
2025-12-13 15:00:00;67.611033;9.48;0.0;11.016;200.0;12.24;212.24;122.90897
2025-12-13 16:00:00;71.670991;6.78;0.0;16.731;200.0;18.59;218.59;121.54901
2025-12-13 17:00:00;78.430453;0.633;0.0;16.731;200.0;18.59;218.59;120.93655
2025-12-13 18:00:00;79.224712;0.0;0.0;16.731;200.0;18.59;218.59;120.77529
2025-12-13 19:00:00;79.462403;0.0;0.0;50.634;200.0;56.26;256.26;120.5376
2025-12-13 20:00:00;79.422881;0.0;0.0;50.634;200.0;56.26;256.26;120.57712
2025-12-13 21:00:00;79.622354;0.0;0.0;50.634;200.0;56.26;256.26;120.37765
2025-12-13 22:00:00;79.337194;0.0;0.0;72.252;200.0;80.28;280.28;120.66281
2025-12-13 23:00:00;79.163006;0.0;0.0;72.252;200.0;80.28;280.28;120.83699
2025-12-14 00:00:00;79.03462;0.0;0.0;72.252;200.0;80.28;280.28;120.96538
2025-12-14 01:00:00;78.823816;0.0;0.0;114.543;200.0;127.27;327.27;121.17618
2025-12-14 02:00:00;79.022041;0.0;0.0;114.543;200.0;127.27;327.27;120.97796
2025-12-14 03:00:00;79.283675;0.0;0.0;114.543;200.0;127.27;327.27;120.71632
2025-12-14 04:00:00;79.206175;0.0;0.0;88.425;200.0;98.25;298.25;120.79383
2025-12-14 05:00:00;79.1328;0.0;0.0;88.425;200.0;98.25;298.25;120.8672
2025-12-14 06:00:00;81.370198;0.0;0.0;88.425;200.0;98.25;298.25;118.6298
2025-12-14 07:00:00;81.107963;0.0;0.0;65.88;200.0;73.2;273.2;118.89204
2025-12-14 08:00:00;80.371025;0.0;0.0;65.88;200.0;73.2;273.2;119.62897
2025-12-14 09:00:00;79.297182;0.0;0.0;65.88;200.0;73.2;273.2;120.70282
2025-12-14 10:00:00;75.220827;2.08;0.0;50.103;200.0;55.67;255.67;122.69917
2025-12-14 11:00:00;69.750944;6.7;0.0;50.103;200.0;55.67;255.67;123.54906
2025-12-14 12:00:00;63.646095;12.3;0.0;50.103;200.0;55.67;255.67;124.0539
2025-12-14 13:00:00;0.0;82.1;6.1533414;20.979;200.0;23.31;223.30999999999997;124.05334
2025-12-14 14:00:00;0.0;86.0;9.6298067;20.979;200.0;23.31;223.30999999999997;123.62981
2025-12-14 15:00:00;30.652321;47.699999999999996;0.0;20.979;200.0;23.31;223.30999999999997;121.64768
2025-12-14 16:00:00;62.914841;16.4;0.0;31.743;200.0;35.27;235.27;120.68516
2025-12-14 17:00:00;77.542456;2.6;0.0;31.743;200.0;35.27;235.27;119.85754
2025-12-14 18:00:00;82.919864;0.0;0.0;31.743;200.0;35.27;235.27;117.08014
2025-12-14 19:00:00;83.047216;0.0;0.0;87.273;200.0;96.97;296.97;116.95278
2025-12-14 20:00:00;83.027268;0.0;0.0;87.273;200.0;96.97;296.97;116.97273
2025-12-14 21:00:00;82.803363;0.0;0.0;87.273;200.0;96.97;296.97;117.19664
2025-12-14 22:00:00;82.833504;0.0;0.0;106.461;200.0;118.29;318.29;117.1665
2025-12-14 23:00:00;83.006573;0.0;0.0;106.461;200.0;118.29;318.29;116.99343
2025-12-15 00:00:00;82.915584;0.0;0.0;106.461;200.0;118.29;318.29;117.08442
2025-12-15 01:00:00;84.354748;0.0;0.0;117.216;200.0;130.24;330.24;115.64525
2025-12-15 02:00:00;85.379509;0.0;0.0;117.216;200.0;130.24;330.24;114.62049
2025-12-15 03:00:00;85.605863;0.0;0.0;117.216;200.0;130.24;330.24;114.39414
2025-12-15 04:00:00;86.123082;0.0;0.0;142.803;200.0;158.67;358.67;113.87692
2025-12-15 05:00:00;86.034262;0.0;0.0;142.803;200.0;158.67;358.67;113.96574
2025-12-15 06:00:00;87.34185;0.0;0.0;142.803;200.0;158.67;358.67;112.65815
2025-12-15 07:00:00;87.121057;0.0;0.0;245.376;200.0;272.64;472.64;112.87894
2025-12-15 08:00:00;84.615617;0.0;0.0;245.376;200.0;272.64;472.64;115.38438
2025-12-15 09:00:00;80.137518;0.9;0.0;245.376;200.0;272.64;472.64;118.96248
2025-12-15 10:00:00;68.999912;9.03;0.0;176.4;200.0;196.0;396.0;121.97009
2025-12-15 11:00:00;33.442381;42.0;0.0;176.4;200.0;196.0;396.0;124.55762
2025-12-15 12:00:00;0.0;74.7;0.56142204;176.4;200.0;196.0;396.0;125.86142
2025-12-15 13:00:00;0.0;87.5;13.399379;143.046;200.0;158.94;358.94;125.89938
2025-12-15 14:00:00;42.857472;32.7;0.0;143.046;200.0;158.94;358.94;124.44253
2025-12-15 15:00:00;77.327241;0.0;0.0;143.046;200.0;158.94;358.94;122.67276
2025-12-15 16:00:00;77.762225;0.0;0.0;54.144;200.0;60.16;260.16;122.23778
2025-12-15 17:00:00;77.620389;0.0;0.0;54.144;200.0;60.16;260.16;122.37961
2025-12-15 18:00:00;78.002719;0.0;0.0;54.144;200.0;60.16;260.16;121.99728
2025-12-15 19:00:00;78.197352;0.0;0.0;31.734;200.0;35.26;235.25999999999996;121.80265
2025-12-15 20:00:00;78.238951;0.0;0.0;31.734;200.0;35.26;235.25999999999996;121.76105
2025-12-15 21:00:00;78.165418;0.0;0.0;31.734;200.0;35.26;235.25999999999996;121.83458
2025-12-15 22:00:00;78.324154;0.0;0.0;22.221;200.0;24.69;224.68999999999997;121.67585
2025-12-15 23:00:00;78.473536;0.0;0.0;22.221;200.0;24.69;224.68999999999997;121.52646
2025-12-16 00:00:00;78.229313;0.0;0.0;22.221;200.0;24.69;224.68999999999997;121.77069
2025-12-16 01:00:00;78.551643;0.0;0.0;7.155;200.0;7.95;207.95;121.44836
2025-12-16 02:00:00;78.903838;0.0;0.0;7.155;200.0;7.95;207.95;121.09616
2025-12-16 03:00:00;79.042932;0.0;0.0;7.155;200.0;7.95;207.95;120.95707
2025-12-16 04:00:00;79.285133;0.0;0.0;45.738;200.0;50.82;250.82;120.71487
2025-12-16 05:00:00;79.721147;0.0;0.0;45.738;200.0;50.82;250.82;120.27885
2025-12-16 06:00:00;80.84143;0.0;0.0;45.738;200.0;50.82;250.82;119.15857
2025-12-16 07:00:00;80.764916;0.0;0.0;135.9;200.0;151.0;351.0;119.23508
2025-12-16 08:00:00;79.381399;0.0;0.0;135.9;200.0;151.0;351.0;120.6186
2025-12-16 09:00:00;75.342935;1.0;0.0;135.9;200.0;151.0;351.0;123.65707
2025-12-16 10:00:00;68.77185;4.95;0.0;94.806;200.0;105.34;305.34;126.27815
2025-12-16 11:00:00;44.84776;27.6;0.0;94.806;200.0;105.34;305.34;127.55224
2025-12-16 12:00:00;18.926879;53.5;0.0;94.806;200.0;105.34;305.34;127.57312
2025-12-16 13:00:00;17.456587;55.699999999999996;0.0;70.173;200.0;77.97;277.97;126.84341
2025-12-16 14:00:00;35.459639;39.6;0.0;70.173;200.0;77.97;277.97;124.94036
2025-12-16 15:00:00;63.563863;13.7;0.0;70.173;200.0;77.97;277.97;122.73614
2025-12-16 16:00:00;73.392415;5.85;0.0;20.538;200.0;22.82;222.81999999999996;120.75759
2025-12-16 17:00:00;79.073714;2.07;0.0;20.538;200.0;22.82;222.81999999999996;118.85629
2025-12-16 18:00:00;81.786214;0.0;0.0;20.538;200.0;22.82;222.81999999999996;118.21379
2025-12-16 19:00:00;80.67917;0.0;0.0;35.352;200.0;39.28;239.28;119.32083
2025-12-16 20:00:00;79.744273;0.0;0.0;35.352;200.0;39.28;239.28;120.25573
2025-12-16 21:00:00;80.564835;0.0;0.0;35.352;200.0;39.28;239.28;119.43516
2025-12-16 22:00:00;82.049244;0.0;0.0;39.843;200.0;44.27;244.27;117.95076
2025-12-16 23:00:00;82.717078;0.0;0.0;39.843;200.0;44.27;244.27;117.28292
2025-12-17 00:00:00;82.811901;0.0;0.0;39.843;200.0;44.27;244.27;117.1881
2025-12-17 01:00:00;83.179859;0.0;0.0;63.216;200.0;70.24;270.24;116.82014
2025-12-17 02:00:00;84.568534;0.0;0.0;63.216;200.0;70.24;270.24;115.43147
2025-12-17 03:00:00;85.06354;0.0;0.0;63.216;200.0;70.24;270.24;114.93646
2025-12-17 04:00:00;83.604736;0.0;0.0;97.965;200.0;108.85;308.85;116.39526
2025-12-17 05:00:00;82.041438;0.0;0.0;97.965;200.0;108.85;308.85;117.95856
2025-12-17 06:00:00;82.744315;0.0;0.0;97.965;200.0;108.85;308.85;117.25568
2025-12-17 07:00:00;81.520971;0.0;0.0;139.5;200.0;155.0;355.0;118.47903
2025-12-17 08:00:00;79.005579;0.0;0.0;139.5;200.0;155.0;355.0;120.99442
2025-12-17 09:00:00;75.988011;0.0;0.0;139.5;200.0;155.0;355.0;124.01199
2025-12-17 10:00:00;71.88208;1.95;0.0;63.108;200.0;70.12;270.12;126.16792
2025-12-17 11:00:00;63.938669;8.07;0.0;63.108;200.0;70.12;270.12;127.99133
2025-12-17 12:00:00;45.712723;25.9;0.0;63.108;200.0;70.12;270.12;128.38728
2025-12-17 13:00:00;44.395498;27.8;0.0;27.0;200.0;30.0;230.0;127.8045
2025-12-17 14:00:00;63.648917;9.32;0.0;27.0;200.0;30.0;230.0;127.03108
2025-12-17 15:00:00;65.016729;9.18;0.0;27.0;200.0;30.0;230.0;125.80327
2025-12-17 16:00:00;67.082205;5.07;0.0;0.0;192.94;0.0;192.94;120.78779
2025-12-17 17:00:00;71.382156;1.23;0.0;0.0;192.94;0.0;192.94;120.32784
2025-12-17 18:00:00;74.135448;0.0;0.0;0.0;192.94;0.0;192.94;118.80455
2025-12-17 19:00:00;66.627633;0.0;0.0;0.0;173.17;0.0;173.17;106.54237
2025-12-17 20:00:00;66.534947;0.0;0.0;0.0;173.17;0.0;173.17;106.63505
2025-12-17 21:00:00;66.398172;0.0;0.0;0.0;173.17;0.0;173.17;106.77183
2025-12-17 22:00:00;64.514747;0.0;0.0;0.0;169.83;0.0;169.83;105.31525
2025-12-17 23:00:00;63.759676;0.0;0.0;0.0;169.83;0.0;169.83;106.07032
2025-12-18 00:00:00;63.490817;0.0;0.0;0.0;169.83;0.0;169.83;106.33918
2025-12-18 01:00:00;70.655523;0.0;0.0;0.0;189.27;0.0;189.27;118.61448
2025-12-18 02:00:00;71.01434;0.0;0.0;0.0;189.27;0.0;189.27;118.25566
2025-12-18 03:00:00;71.332096;0.0;0.0;0.0;189.27;0.0;189.27;117.9379
2025-12-18 04:00:00;76.188152;0.0;0.0;8.028;200.0;8.92;208.92;123.81185
2025-12-18 05:00:00;76.196301;0.0;0.0;8.028;200.0;8.92;208.92;123.8037
2025-12-18 06:00:00;74.656532;0.0;0.0;8.028;200.0;8.92;208.92;125.34347
2025-12-18 07:00:00;74.642519;0.0;0.0;84.789;200.0;94.21;294.21;125.35748
2025-12-18 08:00:00;73.41332;0.0;0.0;84.789;200.0;94.21;294.21;126.58668
2025-12-18 09:00:00;72.40878;0.55;0.0;84.789;200.0;94.21;294.21;127.04122
2025-12-18 10:00:00;67.749761;4.45;0.0;22.554;200.0;25.06;225.06;127.80024
2025-12-18 11:00:00;57.573562;14.1;0.0;22.554;200.0;25.06;225.06;128.32644
2025-12-18 12:00:00;41.852061;29.499999999999996;0.0;22.554;200.0;25.06;225.06;128.64794
2025-12-18 13:00:00;29.016452;35.8;0.0;0.0;181.59;0.0;181.59;116.77355
2025-12-18 14:00:00;7.8118019;57.4;0.0;0.0;181.59;0.0;181.59;116.3782
2025-12-18 15:00:00;20.20206;45.20000000000001;0.0;0.0;181.59;0.0;181.59;116.18794
2025-12-18 16:00:00;42.758326;14.4;0.0;0.0;158.05;0.0;158.05;100.89167
2025-12-18 17:00:00;53.712156;3.47;0.0;0.0;158.05;0.0;158.05;100.86784
2025-12-18 18:00:00;57.457129;0.0;0.0;0.0;158.05;0.0;158.05;100.59287
2025-12-18 19:00:00;56.24533;0.0;0.0;0.0;154.8;0.0;154.8;98.55467
2025-12-18 20:00:00;55.963752;0.0;0.0;0.0;154.8;0.0;154.8;98.836248
2025-12-18 21:00:00;55.684148;0.0;0.0;0.0;154.8;0.0;154.8;99.115852
2025-12-18 22:00:00;46.18036;0.0;0.0;0.0;128.8;0.0;128.8;82.61964
2025-12-18 23:00:00;46.013248;0.0;0.0;0.0;128.8;0.0;128.8;82.786752
2025-12-19 00:00:00;45.615793;0.0;0.0;0.0;128.8;0.0;128.8;83.184207
2025-12-19 01:00:00;33.922491;0.0;0.0;0.0;96.25;0.0;96.25;62.327509
2025-12-19 02:00:00;33.839565;0.0;0.0;0.0;96.25;0.0;96.25;62.410435
2025-12-19 03:00:00;33.632807;0.0;0.0;0.0;96.25;0.0;96.25;62.617193
2025-12-19 04:00:00;45.549342;0.0;0.0;0.0;130.95;0.0;130.95;85.400658
2025-12-19 05:00:00;45.468604;0.0;0.0;0.0;130.95;0.0;130.95;85.481396
2025-12-19 06:00:00;45.546016;0.0;0.0;0.0;130.95;0.0;130.95;85.403984
2025-12-19 07:00:00;58.07475;0.0;0.0;0.0;166.59;0.0;166.59;108.51525
2025-12-19 08:00:00;58.173574;0.0;0.0;0.0;166.59;0.0;166.59;108.41643
2025-12-19 09:00:00;58.306944;0.0;0.0;0.0;166.59;0.0;166.59;108.28306
2025-12-19 10:00:00;62.234858;4.65;0.0;0.0;191.0;0.0;191.0;124.11514
2025-12-19 11:00:00;59.915179;7.2;0.0;0.0;191.0;0.0;191.0;123.88482
2025-12-19 12:00:00;52.500466;15.1;0.0;0.0;191.0;0.0;191.0;123.39953
2025-12-19 13:00:00;45.109267;26.2;0.0;0.0;199.75;0.0;199.75;128.44073
2025-12-19 14:00:00;46.91287;25.3;0.0;0.0;199.75;0.0;199.75;127.53713
2025-12-19 15:00:00;62.386328;11.300000000000002;0.0;0.0;199.75;0.0;199.75;126.06367
2025-12-19 16:00:00;61.495663;3.8300000000000005;0.0;0.0;173.49;0.0;173.49;108.16434
2025-12-19 17:00:00;65.993806;0.6;0.0;0.0;173.49;0.0;173.49;106.89619
2025-12-19 18:00:00;67.824977;0.0;0.0;0.0;173.49;0.0;173.49;105.66502
2025-12-19 19:00:00;78.637801;0.0;0.0;0.0;198.0;0.0;198.0;119.3622
2025-12-19 20:00:00;80.178681;0.0;0.0;0.0;198.0;0.0;198.0;117.82132
2025-12-19 21:00:00;81.183705;0.0;0.0;0.0;198.0;0.0;198.0;116.8163
2025-12-19 22:00:00;83.792443;0.0;0.0;38.016;200.0;42.24;242.23999999999998;116.20756
2025-12-19 23:00:00;86.086066;0.0;0.0;38.016;200.0;42.24;242.23999999999998;113.91393
2025-12-20 00:00:00;87.919844;0.0;0.0;38.016;200.0;42.24;242.23999999999998;112.08016
2025-12-20 01:00:00;89.217958;0.0;0.0;82.161;200.0;91.29;291.29;110.78204
2025-12-20 02:00:00;89.504935;0.0;0.0;82.161;200.0;91.29;291.29;110.49507
2025-12-20 03:00:00;89.273863;0.0;0.0;82.161;200.0;91.29;291.29;110.72614
2025-12-20 04:00:00;87.827092;0.0;0.0;99.234;200.0;110.26;310.26;112.17291
2025-12-20 05:00:00;86.961617;0.0;0.0;99.234;200.0;110.26;310.26;113.03838
2025-12-20 06:00:00;90.964429;0.0;0.0;99.234;200.0;110.26;310.26;109.03557
2025-12-20 07:00:00;89.441219;0.0;0.0;136.98;200.0;152.2;352.2;110.55878
2025-12-20 08:00:00;86.113214;0.0;0.0;136.98;200.0;152.2;352.2;113.88679
2025-12-20 09:00:00;83.033685;0.1;0.0;136.98;200.0;152.2;352.2;116.86631
2025-12-20 10:00:00;75.220954;4.77;0.0;92.862;200.0;103.18;303.18;120.00905
2025-12-20 11:00:00;65.123879;13.300000000000002;0.0;92.862;200.0;103.18;303.18;121.57612
2025-12-20 12:00:00;63.875872;14.2;0.0;92.862;200.0;103.18;303.18;121.92413
2025-12-20 13:00:00;63.748159;13.7;0.0;45.342;200.0;50.38;250.38000000000002;122.55184
2025-12-20 14:00:00;62.532194;14.4;0.0;45.342;200.0;50.38;250.38000000000002;123.06781
2025-12-20 15:00:00;67.68271;8.63;0.0;45.342;200.0;50.38;250.38000000000002;123.68729
2025-12-20 16:00:00;70.086617;5.6;0.0;26.163;200.0;29.07;229.07000000000002;124.31338
2025-12-20 17:00:00;73.267656;1.7300000000000002;0.0;26.163;200.0;29.07;229.07000000000002;125.00234
2025-12-20 18:00:00;76.892333;0.0;0.0;26.163;200.0;29.07;229.07000000000002;123.10767
2025-12-20 19:00:00;76.278176;0.0;0.0;16.407;200.0;18.23;218.23;123.72182
2025-12-20 20:00:00;75.808697;0.0;0.0;16.407;200.0;18.23;218.23;124.1913
2025-12-20 21:00:00;75.655861;0.0;0.0;16.407;200.0;18.23;218.23;124.34414
2025-12-20 22:00:00;75.739309;0.0;0.0;15.957;200.0;17.73;217.73;124.26069
2025-12-20 23:00:00;75.384551;0.0;0.0;15.957;200.0;17.73;217.73;124.61545
2025-12-21 00:00:00;75.443215;0.0;0.0;15.957;200.0;17.73;217.73;124.55678
2025-12-21 01:00:00;76.414432;0.0;0.0;8.388;200.0;9.32;209.32;123.58557
2025-12-21 02:00:00;77.342865;0.0;0.0;8.388;200.0;9.32;209.32;122.65714
2025-12-21 03:00:00;78.198024;0.0;0.0;8.388;200.0;9.32;209.32;121.80198
2025-12-21 04:00:00;77.842556;0.0;0.0;0.0;197.87;0.0;197.87;120.02744
2025-12-21 05:00:00;78.283079;0.0;0.0;0.0;197.87;0.0;197.87;119.58692
2025-12-21 06:00:00;77.949091;0.0;0.0;0.0;197.87;0.0;197.87;119.92091
2025-12-21 07:00:00;78.310153;0.0;0.0;7.326;200.0;8.14;208.14;121.68985
2025-12-21 08:00:00;77.384217;0.0;0.0;7.326;200.0;8.14;208.14;122.61578
2025-12-21 09:00:00;74.596164;0.0;0.0;7.326;200.0;8.14;208.14;125.40384
2025-12-21 10:00:00;60.123729;2.63;0.0;0.0;173.3;0.0;173.3;110.54627
2025-12-21 11:00:00;49.573382;12.4;0.0;0.0;173.3;0.0;173.3;111.32662
2025-12-21 12:00:00;41.097382;21.2;0.0;0.0;173.3;0.0;173.3;111.00262
2025-12-21 13:00:00;35.346799;21.3;0.0;0.0;154.72;0.0;154.72;98.073201
2025-12-21 14:00:00;40.355549;18.6;0.0;0.0;154.72;0.0;154.72;95.764451
2025-12-21 15:00:00;37.015161;24.7;0.0;0.0;154.72;0.0;154.72;93.004839
2025-12-21 16:00:00;66.462133;12.700000000000001;0.0;0.0;193.7;0.0;193.7;114.53787
2025-12-21 17:00:00;77.873481;3.03;0.0;0.0;193.7;0.0;193.7;112.79652
2025-12-21 18:00:00;78.373194;0.0;0.0;0.0;193.7;0.0;193.7;115.32681
2025-12-21 19:00:00;81.522513;0.0;0.0;34.479;200.0;38.31;238.30999999999997;118.47749
2025-12-21 20:00:00;82.241581;0.0;0.0;34.479;200.0;38.31;238.30999999999997;117.75842
2025-12-21 21:00:00;83.088659;0.0;0.0;34.479;200.0;38.31;238.30999999999997;116.91134
2025-12-21 22:00:00;84.128301;0.0;0.0;16.956;200.0;18.84;218.84;115.8717
2025-12-21 23:00:00;85.433736;0.0;0.0;16.956;200.0;18.84;218.84;114.56626
2025-12-22 00:00:00;86.528892;0.0;0.0;16.956;200.0;18.84;218.84;113.47111
2025-12-22 01:00:00;87.785117;0.0;0.0;37.134;200.0;41.26;241.26;112.21488
2025-12-22 02:00:00;88.662826;0.0;0.0;37.134;200.0;41.26;241.26;111.33717
2025-12-22 03:00:00;89.573246;0.0;0.0;37.134;200.0;41.26;241.26;110.42675
2025-12-22 04:00:00;90.640746;0.0;0.0;81.207;200.0;90.23;290.23;109.35925
2025-12-22 05:00:00;91.542816;0.0;0.0;81.207;200.0;90.23;290.23;108.45718
2025-12-22 06:00:00;90.46338;0.0;0.0;81.207;200.0;90.23;290.23;109.53662
2025-12-22 07:00:00;90.915165;0.0;0.0;128.907;200.0;143.23;343.23;109.08484
2025-12-22 08:00:00;89.688573;0.0;0.0;128.907;200.0;143.23;343.23;110.31143
2025-12-22 09:00:00;87.742994;0.0;0.0;128.907;200.0;143.23;343.23;112.25701
2025-12-22 10:00:00;78.854721;6.33;0.0;146.907;200.0;163.23;363.23;114.81528
2025-12-22 11:00:00;60.858874;22.5;0.0;146.907;200.0;163.23;363.23;116.64113
2025-12-22 12:00:00;59.655446;22.9;0.0;146.907;200.0;163.23;363.23;117.44455
2025-12-22 13:00:00;41.215769;42.0;0.0;132.561;200.0;147.29;347.29;116.78423
2025-12-22 14:00:00;21.072322;64.1;0.0;132.561;200.0;147.29;347.29;114.82768
2025-12-22 15:00:00;37.847059;50.0;0.0;132.561;200.0;147.29;347.29;112.15294
2025-12-22 16:00:00;71.859461;17.5;0.0;136.134;200.0;151.26;351.26;110.64054
2025-12-22 17:00:00;87.277063;2.73;0.0;136.134;200.0;151.26;351.26;109.99294
2025-12-22 18:00:00;91.656301;0.0;0.0;136.134;200.0;151.26;351.26;108.3437
2025-12-22 19:00:00;92.223505;0.0;0.0;122.607;200.0;136.23;336.23;107.77649
2025-12-22 20:00:00;93.256991;0.0;0.0;122.607;200.0;136.23;336.23;106.74301
2025-12-22 21:00:00;94.577736;0.0;0.0;122.607;200.0;136.23;336.23;105.42226
2025-12-22 22:00:00;95.659413;0.0;0.0;115.407;200.0;128.23;328.23;104.34059
2025-12-22 23:00:00;96.070439;0.0;0.0;115.407;200.0;128.23;328.23;103.92956
2025-12-23 00:00:00;96.689302;0.0;0.0;115.407;200.0;128.23;328.23;103.3107
2025-12-23 01:00:00;96.948224;0.0;0.0;116.325;200.0;129.25;329.25;103.05178
2025-12-23 02:00:00;97.517179;0.0;0.0;116.325;200.0;129.25;329.25;102.48282
2025-12-23 03:00:00;97.762928;0.0;0.0;116.325;200.0;129.25;329.25;102.23707
2025-12-23 04:00:00;97.708447;0.0;0.0;124.416;200.0;138.24;338.24;102.29155
2025-12-23 05:00:00;97.46323;0.0;0.0;124.416;200.0;138.24;338.24;102.53677
2025-12-23 06:00:00;95.503964;0.0;0.0;124.416;200.0;138.24;338.24;104.49604
2025-12-23 07:00:00;95.290237;0.0;0.0;160.416;200.0;178.24;378.24;104.70976
2025-12-23 08:00:00;92.68239;0.0;0.0;160.416;200.0;178.24;378.24;107.31761
2025-12-23 09:00:00;89.882532;0.0;0.0;160.416;200.0;178.24;378.24;110.11747
2025-12-23 10:00:00;86.727714;0.9670000000000001;0.0;156.834;200.0;174.26;374.26;112.30529
2025-12-23 11:00:00;83.086417;3.55;0.0;156.834;200.0;174.26;374.26;113.36358
2025-12-23 12:00:00;80.54799;5.9;0.0;156.834;200.0;174.26;374.26;113.55201
2025-12-23 13:00:00;79.851561;6.78;0.0;154.53;200.0;171.7;371.7;113.36844
2025-12-23 14:00:00;81.853261;5.55;0.0;154.53;200.0;171.7;371.7;112.59674
2025-12-23 15:00:00;84.684262;3.7500000000000004;0.0;154.53;200.0;171.7;371.7;111.56574
2025-12-23 16:00:00;86.154094;2.5;0.0;118.134;200.0;131.26;331.26;111.34591
2025-12-23 17:00:00;89.201275;0.45;0.0;118.134;200.0;131.26;331.26;110.34873
2025-12-23 18:00:00;89.773198;0.0;0.0;118.134;200.0;131.26;331.26;110.2268
2025-12-23 19:00:00;90.385028;0.0;0.0;110.061;200.0;122.29;322.29;109.61497
2025-12-23 20:00:00;91.693131;0.0;0.0;110.061;200.0;122.29;322.29;108.30687
2025-12-23 21:00:00;93.285239;0.0;0.0;110.061;200.0;122.29;322.29;106.71476
2025-12-23 22:00:00;94.413905;0.0;0.0;117.243;200.0;130.27;330.27;105.58609
2025-12-23 23:00:00;94.954851;0.0;0.0;117.243;200.0;130.27;330.27;105.04515
2025-12-24 00:00:00;95.404727;0.0;0.0;117.243;200.0;130.27;330.27;104.59527
2025-12-24 01:00:00;96.465446;0.0;0.0;146.034;200.0;162.26;362.26;103.53455
2025-12-24 02:00:00;97.216869;0.0;0.0;146.034;200.0;162.26;362.26;102.78313
2025-12-24 03:00:00;98.350303;0.0;0.0;146.034;200.0;162.26;362.26;101.6497
2025-12-24 04:00:00;99.298521;0.0;0.0;209.943;200.0;233.27;433.27;100.70148
2025-12-24 05:00:00;100.04493;0.0;0.0;209.943;200.0;233.27;433.27;99.955072
2025-12-24 06:00:00;99.16363;0.0;0.0;209.943;200.0;233.27;433.27;100.83637
2025-12-24 07:00:00;99.127298;0.0;0.0;273.438;200.0;303.82;503.82;100.8727
2025-12-24 08:00:00;98.638595;0.0;0.0;273.438;200.0;303.82;503.82;101.3614
2025-12-24 09:00:00;97.330896;0.6;0.0;273.438;200.0;303.82;503.82;102.0691
2025-12-24 10:00:00;89.752208;7.78;0.0;266.634;200.0;296.26;496.26;102.46779
2025-12-24 11:00:00;57.649758;39.9;0.0;266.634;200.0;296.26;496.26;102.45024
2025-12-24 12:00:00;22.136425;75.8;0.0;266.634;200.0;296.26;496.26;102.06357
2025-12-24 13:00:00;4.0355601;94.60000000000001;0.0;267.552;200.0;297.28;497.28;101.36444
2025-12-24 14:00:00;9.2705241;90.89999999999999;0.0;267.552;200.0;297.28;497.28;99.829476
2025-12-24 15:00:00;37.609226;64.0;0.0;267.552;200.0;297.28;497.28;98.390774
2025-12-24 16:00:00;77.997928;24.8;0.0;251.316;200.0;279.24;479.24;97.202072
2025-12-24 17:00:00;101.62591;2.03;0.0;251.316;200.0;279.24;479.24;96.344094
2025-12-24 18:00:00;103.83035;0.0;0.0;251.316;200.0;279.24;479.24;96.16965
2025-12-24 19:00:00;104.71412;0.0;0.0;258.543;200.0;287.27;487.27;95.285876
2025-12-24 20:00:00;105.3228;0.0;0.0;258.543;200.0;287.27;487.27;94.677205
2025-12-24 21:00:00;105.62586;0.0;0.0;258.543;200.0;287.27;487.27;94.374142
2025-12-24 22:00:00;105.73523;0.0;0.0;280.107;200.0;311.23;511.23;94.264773
2025-12-24 23:00:00;105.89971;0.0;0.0;280.107;200.0;311.23;511.23;94.100294
2025-12-25 00:00:00;106.24789;0.0;0.0;280.107;200.0;311.23;511.23;93.752115
2025-12-25 01:00:00;106.39423;0.0;0.0;285.525;200.0;317.25;517.25;93.605768
2025-12-25 02:00:00;106.47843;0.0;0.0;285.525;200.0;317.25;517.25;93.521565
2025-12-25 03:00:00;106.53806;0.0;0.0;285.525;200.0;317.25;517.25;93.461944
2025-12-25 04:00:00;106.59697;0.0;0.0;299.898;200.0;333.22;533.22;93.403025
2025-12-25 05:00:00;106.66097;0.0;0.0;299.898;200.0;333.22;533.22;93.339027
2025-12-25 06:00:00;108.43527;0.0;0.0;299.898;200.0;333.22;533.22;91.564734
2025-12-25 07:00:00;108.62978;0.0;0.0;368.829;200.0;409.81;609.81;91.370218
2025-12-25 08:00:00;106.90208;0.0;0.0;368.829;200.0;409.81;609.81;93.097923
2025-12-25 09:00:00;103.96911;0.4;0.0;368.829;200.0;409.81;609.81;95.630888
2025-12-25 10:00:00;95.223758;6.78;0.0;353.007;200.0;392.23;592.23;97.996242
2025-12-25 11:00:00;63.094534;36.8;0.0;353.007;200.0;392.23;592.23;100.10547
2025-12-25 12:00:00;48.184634;50.3;0.0;353.007;200.0;392.23;592.23;101.51537
2025-12-25 13:00:00;39.156292;59.3;0.0;293.949;200.0;326.61;526.61;101.54371
2025-12-25 14:00:00;25.110202;75.0;0.0;293.949;200.0;326.61;526.61;99.889798
2025-12-25 15:00:00;40.802303;61.7;0.0;293.949;200.0;326.61;526.61;97.497697
2025-12-25 16:00:00;81.420652;22.300000000000004;0.0;281.925;200.0;313.25;513.25;96.279348
2025-12-25 17:00:00;102.41235;2.05;0.0;281.925;200.0;313.25;513.25;95.537652
2025-12-25 18:00:00;103.99342;0.0;0.0;281.925;200.0;313.25;513.25;96.006575
2025-12-25 19:00:00;104.36232;0.0;0.0;273.807;200.0;304.23;504.22999999999996;95.637684
2025-12-25 20:00:00;104.70661;0.0;0.0;273.807;200.0;304.23;504.22999999999996;95.293386
2025-12-25 21:00:00;105.14278;0.0;0.0;273.807;200.0;304.23;504.22999999999996;94.857219
2025-12-25 22:00:00;105.76443;0.0;0.0;284.643;200.0;316.27;516.27;94.235575
2025-12-25 23:00:00;106.38326;0.0;0.0;284.643;200.0;316.27;516.27;93.616745
2025-12-26 00:00:00;106.81658;0.0;0.0;284.643;200.0;316.27;516.27;93.183416
2025-12-26 01:00:00;107.13711;0.0;0.0;285.507;200.0;317.23;517.23;92.862888
2025-12-26 02:00:00;107.2817;0.0;0.0;285.507;200.0;317.23;517.23;92.718295
2025-12-26 03:00:00;107.25104;0.0;0.0;285.507;200.0;317.23;517.23;92.748961
2025-12-26 04:00:00;106.91332;0.0;0.0;303.534;200.0;337.26;537.26;93.086684
2025-12-26 05:00:00;106.2573;0.0;0.0;303.534;200.0;337.26;537.26;93.742698
2025-12-26 06:00:00;106.0795;0.0;0.0;303.534;200.0;337.26;537.26;93.9205
2025-12-26 07:00:00;105.72802;0.0;0.0;360.234;200.0;400.26;600.26;94.271975
2025-12-26 08:00:00;103.45693;0.0;0.0;360.234;200.0;400.26;600.26;96.543073
2025-12-26 09:00:00;99.842877;0.1;0.0;360.234;200.0;400.26;600.26;100.05712
2025-12-26 10:00:00;91.610027;5.449999999999999;0.0;325.107;200.0;361.23;561.23;102.93997
2025-12-26 11:00:00;55.620495;39.4;0.0;325.107;200.0;361.23;561.23;104.97951
2025-12-26 12:00:00;21.836575;71.5;0.0;325.107;200.0;361.23;561.23;106.66342
2025-12-26 13:00:00;1.6709437;92.7;0.0;245.979;200.0;273.31;473.31000000000006;105.62906
2025-12-26 14:00:00;8.2148097;88.9;0.0;245.979;200.0;273.31;473.31000000000006;102.88519
2025-12-26 15:00:00;37.0813;62.900000000000006;0.0;245.979;200.0;273.31;473.31000000000006;100.0187
2025-12-26 16:00:00;75.866801;25.6;0.0;213.507;200.0;237.23;437.23;98.533199
2025-12-26 17:00:00;100.4568;2.2;0.0;213.507;200.0;237.23;437.23;97.343201
2025-12-26 18:00:00;101.73878;0.0;0.0;213.507;200.0;237.23;437.23;98.261217
2025-12-26 19:00:00;102.31425;0.0;0.0;220.743;200.0;245.27;445.2699999999999;97.685745
2025-12-26 20:00:00;102.85113;0.0;0.0;220.743;200.0;245.27;445.2699999999999;97.148869
2025-12-26 21:00:00;103.35215;0.0;0.0;220.743;200.0;245.27;445.2699999999999;96.647854
2025-12-26 22:00:00;103.94211;0.0;0.0;237.816;200.0;264.24;464.24;96.057889
2025-12-26 23:00:00;104.52455;0.0;0.0;237.816;200.0;264.24;464.24;95.475451
2025-12-27 00:00:00;104.88693;0.0;0.0;237.816;200.0;264.24;464.24;95.113073
2025-12-27 01:00:00;104.71673;0.0;0.0;259.371;200.0;288.19;488.19;95.283273
2025-12-27 02:00:00;103.90776;0.0;0.0;259.371;200.0;288.19;488.19;96.092241
2025-12-27 03:00:00;103.40455;0.0;0.0;259.371;200.0;288.19;488.19;96.595454
2025-12-27 04:00:00;102.72545;0.0;0.0;278.343;200.0;309.27;509.27000000000004;97.274546
2025-12-27 05:00:00;102.55285;0.0;0.0;278.343;200.0;309.27;509.27000000000004;97.447154
2025-12-27 06:00:00;103.03619;0.0;0.0;278.343;200.0;309.27;509.27000000000004;96.963809
2025-12-27 07:00:00;102.544;0.0;0.0;298.08;200.0;331.2;531.2;97.455997
2025-12-27 08:00:00;101.05611;0.0;0.0;298.08;200.0;331.2;531.2;98.943892
2025-12-27 09:00:00;97.38526;0.5;0.0;298.08;200.0;331.2;531.2;102.11474
2025-12-27 10:00:00;88.51469;6.73;0.0;271.053;200.0;301.17;501.17;104.75531
2025-12-27 11:00:00;65.044811;27.5;0.0;271.053;200.0;301.17;501.17;107.45519
2025-12-27 12:00:00;36.073;56.0;0.0;271.053;200.0;301.17;501.17;107.927
2025-12-27 13:00:00;18.017188;75.9;0.0;204.48;200.0;227.2;427.2;106.08281
2025-12-27 14:00:00;24.355811;72.7;0.0;204.48;200.0;227.2;427.2;102.94419
2025-12-27 15:00:00;53.478963;46.7;0.0;204.48;200.0;227.2;427.2;99.821037
2025-12-27 16:00:00;83.300049;18.4;0.0;229.644;200.0;255.16;455.16;98.299951
2025-12-27 17:00:00;98.426857;3.7500000000000004;0.0;229.644;200.0;255.16;455.16;97.823143
2025-12-27 18:00:00;101.62982;0.0;0.0;229.644;200.0;255.16;455.16;98.370185
2025-12-27 19:00:00;102.22382;0.0;0.0;219.852;200.0;244.28;444.2799999999999;97.77618
2025-12-27 20:00:00;100.94915;0.0;0.0;219.852;200.0;244.28;444.2799999999999;99.05085
2025-12-27 21:00:00;100.14869;0.0;0.0;219.852;200.0;244.28;444.2799999999999;99.851315
2025-12-27 22:00:00;99.317315;0.0;0.0;216.216;200.0;240.24;440.24;100.68269
2025-12-27 23:00:00;98.671994;0.0;0.0;216.216;200.0;240.24;440.24;101.32801
2025-12-28 00:00:00;98.351025;0.0;0.0;216.216;200.0;240.24;440.24;101.64898
2025-12-28 01:00:00;97.540273;0.0;0.0;202.734;200.0;225.26;425.26;102.45973
2025-12-28 02:00:00;97.553501;0.0;0.0;202.734;200.0;225.26;425.26;102.4465
2025-12-28 03:00:00;97.438049;0.0;0.0;202.734;200.0;225.26;425.26;102.56195
2025-12-28 04:00:00;97.82584;0.0;0.0;196.443;200.0;218.27;418.27;102.17416
2025-12-28 05:00:00;97.954121;0.0;0.0;196.443;200.0;218.27;418.27;102.04588
2025-12-28 06:00:00;98.598758;0.0;0.0;196.443;200.0;218.27;418.27;101.40124
2025-12-28 07:00:00;99.064432;0.0;0.0;209.043;200.0;232.27;432.27;100.93557
2025-12-28 08:00:00;98.20548;0.0;0.0;209.043;200.0;232.27;432.27;101.79452
2025-12-28 09:00:00;95.433899;0.6;0.0;209.043;200.0;232.27;432.27;103.9661
2025-12-28 10:00:00;86.969874;7.6;0.0;185.634;200.0;206.26;406.26;105.43013
2025-12-28 11:00:00;53.837794;39.1;0.0;185.634;200.0;206.26;406.26;107.06221
2025-12-28 12:00:00;18.18604;74.0;0.0;185.634;200.0;206.26;406.26;107.81396
2025-12-28 13:00:00;0.49863824;92.7;0.0;148.734;200.0;165.26;365.26;106.80136
2025-12-28 14:00:00;6.8455138;89.4;0.0;148.734;200.0;165.26;365.26;103.75449
2025-12-28 15:00:00;34.016172;64.9;0.0;148.734;200.0;165.26;365.26;101.08383
2025-12-28 16:00:00;73.767163;27.8;0.0;192.807;200.0;214.23;414.23;98.432837
2025-12-28 17:00:00;99.908704;2.33;0.0;192.807;200.0;214.23;414.23;97.761296
2025-12-28 18:00:00;103.78489;0.0;0.0;192.807;200.0;214.23;414.23;96.215106
2025-12-28 19:00:00;103.75736;0.0;0.0;241.389;200.0;268.21;468.21000000000004;96.242638
2025-12-28 20:00:00;104.1148;0.0;0.0;241.389;200.0;268.21;468.21000000000004;95.8852
2025-12-28 21:00:00;103.60085;0.0;0.0;241.389;200.0;268.21;468.21000000000004;96.399151
2025-12-28 22:00:00;102.57147;0.0;0.0;279.234;200.0;310.26;510.26;97.428535
2025-12-28 23:00:00;102.76798;0.0;0.0;279.234;200.0;310.26;510.26;97.232019
2025-12-29 00:00:00;104.11355;0.0;0.0;279.234;200.0;310.26;510.26;95.88645
2025-12-29 01:00:00;107.21033;0.0;0.0;290.88;200.0;323.2;523.2;92.789666
2025-12-29 02:00:00;106.40168;0.0;0.0;290.88;200.0;323.2;523.2;93.598322
2025-12-29 03:00:00;106.72675;0.0;0.0;290.88;200.0;323.2;523.2;93.273253
2025-12-29 04:00:00;106.86334;0.0;0.0;309.834;200.0;344.26;544.26;93.13666
2025-12-29 05:00:00;107.33434;0.0;0.0;309.834;200.0;344.26;544.26;92.665662
2025-12-29 06:00:00;106.01734;0.0;0.0;309.834;200.0;344.26;544.26;93.982659
2025-12-29 07:00:00;105.46215;0.0;0.0;340.434;200.0;378.26;578.26;94.537848
2025-12-29 08:00:00;103.45903;0.0;0.0;340.434;200.0;378.26;578.26;96.540967
2025-12-29 09:00:00;100.74637;0.0;0.0;340.434;200.0;378.26;578.26;99.253626
2025-12-29 10:00:00;97.851631;0.867;0.0;325.134;200.0;361.26;561.26;101.28137
2025-12-29 11:00:00;94.077968;3.6999999999999997;0.0;325.134;200.0;361.26;561.26;102.22203
2025-12-29 12:00:00;88.694815;8.32;0.0;325.134;200.0;361.26;561.26;102.98518
2025-12-29 13:00:00;85.575641;11.4;0.0;289.161;200.0;321.29;521.29;103.02436
2025-12-29 14:00:00;87.374219;10.0;0.0;289.161;200.0;321.29;521.29;102.62578
2025-12-29 15:00:00;87.136049;11.300000000000002;0.0;289.161;200.0;321.29;521.29;101.56395
2025-12-29 16:00:00;88.890452;9.55;0.0;229.743;200.0;255.27;455.27;101.55955
2025-12-29 17:00:00;96.932733;0.8;0.0;229.743;200.0;255.27;455.27;102.26727
2025-12-29 18:00:00;96.84024;0.0;0.0;229.743;200.0;255.27;455.27;103.15976
2025-12-29 19:00:00;96.038153;0.0;0.0;200.925;200.0;223.25;423.25;103.96185
2025-12-29 20:00:00;95.416456;0.0;0.0;200.925;200.0;223.25;423.25;104.58354
2025-12-29 21:00:00;94.914145;0.0;0.0;200.925;200.0;223.25;423.25;105.08585
2025-12-29 22:00:00;94.954081;0.0;0.0;185.652;200.0;206.28;406.28;105.04592
2025-12-29 23:00:00;95.239276;0.0;0.0;185.652;200.0;206.28;406.28;104.76072
2025-12-30 00:00:00;95.329232;0.0;0.0;185.652;200.0;206.28;406.28;104.67077
2025-12-30 01:00:00;95.518069;0.0;0.0;186.507;200.0;207.23;407.23;104.48193
2025-12-30 02:00:00;96.185997;0.0;0.0;186.507;200.0;207.23;407.23;103.814
2025-12-30 03:00:00;96.593092;0.0;0.0;186.507;200.0;207.23;407.23;103.40691
2025-12-30 04:00:00;97.549823;0.0;0.0;236.943;200.0;263.27;463.27000000000004;102.45018
2025-12-30 05:00:00;98.600604;0.0;0.0;236.943;200.0;263.27;463.27000000000004;101.3994
2025-12-30 06:00:00;100.05572;0.0;0.0;236.943;200.0;263.27;463.27000000000004;99.944278
2025-12-30 07:00:00;101.66555;0.0;0.0;299.016;200.0;332.24;532.24;98.334449
2025-12-30 08:00:00;100.93692;0.0;0.0;299.016;200.0;332.24;532.24;99.063081
2025-12-30 09:00:00;97.927546;0.4;0.0;299.016;200.0;332.24;532.24;101.67245
2025-12-30 10:00:00;88.238039;8.0;0.0;290.934;200.0;323.26;523.26;103.76196
2025-12-30 11:00:00;57.957691;37.2;0.0;290.934;200.0;323.26;523.26;104.84231
2025-12-30 12:00:00;31.674242;62.900000000000006;0.0;290.934;200.0;323.26;523.26;105.42576
2025-12-30 13:00:00;37.228862;58.1;0.0;233.352;200.0;259.28;459.28;104.67114
2025-12-30 14:00:00;14.078171;83.1;0.0;233.352;200.0;259.28;459.28;102.82183
2025-12-30 15:00:00;38.774995;61.2;0.0;233.352;200.0;259.28;459.28;100.025
2025-12-30 16:00:00;75.550885;25.9;0.0;228.825;200.0;254.25;454.25;98.549115
2025-12-30 17:00:00;100.16572;2.9;0.0;228.825;200.0;254.25;454.25;96.934281
2025-12-30 18:00:00;104.45428;0.0;0.0;228.825;200.0;254.25;454.25;95.545718
2025-12-30 19:00:00;105.13656;0.0;0.0;247.734;200.0;275.26;475.25999999999993;94.863441
2025-12-30 20:00:00;106.35993;0.0;0.0;247.734;200.0;275.26;475.25999999999993;93.640072
2025-12-30 21:00:00;106.30303;0.0;0.0;247.734;200.0;275.26;475.25999999999993;93.696966
2025-12-30 22:00:00;106.01559;0.0;0.0;267.543;200.0;297.27;497.27;93.984412
2025-12-30 23:00:00;105.67135;0.0;0.0;267.543;200.0;297.27;497.27;94.32865
2025-12-31 00:00:00;101.56716;0.0;0.0;267.543;200.0;297.27;497.27;98.432837
2025-12-31 01:00:00;102.2387;0.0;0.0;272.034;200.0;302.26;502.26;97.761296
2025-12-31 02:00:00;103.78489;0.0;0.0;272.034;200.0;302.26;502.26;96.215106
2025-12-31 03:00:00;103.75736;0.0;0.0;272.034;200.0;302.26;502.26;96.242638
2025-12-31 04:00:00;104.1148;0.0;0.0;277.434;200.0;308.26;508.26000000000005;95.8852
2025-12-31 05:00:00;103.60085;0.0;0.0;277.434;200.0;308.26;508.26000000000005;96.399151
2025-12-31 06:00:00;102.57147;0.0;0.0;277.434;200.0;308.26;508.26000000000005;97.428535
2025-12-31 07:00:00;102.76798;0.0;0.0;297.243;200.0;330.27;530.27;97.232019
2025-12-31 08:00:00;104.11355;0.0;0.0;297.243;200.0;330.27;530.27;95.88645
2025-12-31 09:00:00;107.01033;0.2;0.0;297.243;200.0;330.27;530.27;92.789666
2025-12-31 10:00:00;101.93168;4.47;0.0;271.143;200.0;301.27;501.27;93.598322
2025-12-31 11:00:00;89.426747;17.3;0.0;271.143;200.0;301.27;501.27;93.273253
2025-12-31 12:00:00;81.06334;25.799999999999997;0.0;271.143;200.0;301.27;501.27;93.13666
2025-12-31 13:00:00;78.834338;28.5;0.0;221.616;200.0;246.24;446.24000000000007;92.665662
2025-12-31 14:00:00;69.717341;36.3;0.0;221.616;200.0;246.24;446.24000000000007;93.982659
2025-12-31 15:00:00;86.962152;18.5;0.0;221.616;200.0;246.24;446.24000000000007;94.537848
2025-12-31 16:00:00;98.329033;5.13;0.0;191.034;200.0;212.26;412.26;96.540967
2025-12-31 17:00:00;100.11337;0.633;0.0;191.034;200.0;212.26;412.26;99.253626
2025-12-31 18:00:00;98.718631;0.0;0.0;191.034;200.0;212.26;412.26;101.28137
2025-12-31 19:00:00;97.777968;0.0;0.0;181.107;200.0;201.23;401.23;102.22203
2025-12-31 20:00:00;97.014815;0.0;0.0;181.107;200.0;201.23;401.23;102.98518
2025-12-31 21:00:00;96.975641;0.0;0.0;181.107;200.0;201.23;401.23;103.02436
2025-12-31 22:00:00;97.374219;0.0;0.0;188.334;200.0;209.26;409.26;102.62578
2025-12-31 23:00:00;98.436049;0.0;0.0;188.334;200.0;209.26;409.26;101.56395
2026-01-01 00:00:00;;;;;;;;
