time,solar_th_kw,T_source_pre_C,COP_wshp
2025-01-01 01:00:00,0.0,10.0,3.2815
2025-01-01 02:00:00,0.0,10.0,3.2815
2025-01-01 03:00:00,0.0,10.0,3.2815
2025-01-01 04:00:00,0.0,10.0,3.2815
2025-01-01 05:00:00,0.0,10.0,3.2815
2025-01-01 06:00:00,0.0,10.0,3.2815
2025-01-01 07:00:00,0.0,10.0,3.2815
2025-01-01 08:00:00,4243.347102747968,213.03096185396979,7.0
2025-01-01 09:00:00,72645.74491636755,3485.8729625056244,7.0
2025-01-01 10:00:00,173915.41856445285,8331.311893036022,7.0
2025-01-01 11:00:00,266818.9776584056,12776.458261167734,7.0
2025-01-01 12:00:00,380175.667371501,18200.223319210574,7.0
2025-01-01 13:00:00,268824.8876684026,12872.434816669978,7.0
2025-01-01 14:00:00,212772.18355402342,10190.48725138868,7.0
2025-01-01 15:00:00,103651.18589123798,4969.386884748229,7.0
2025-01-01 16:00:00,10873.465540991814,530.2615091383643,7.0
2025-01-01 17:00:00,0.0,10.0,3.2815
2025-01-01 18:00:00,0.0,10.0,3.2815
2025-01-01 19:00:00,0.0,10.0,3.2815
2025-01-01 20:00:00,0.0,10.0,3.2815
2025-01-01 21:00:00,0.0,10.0,3.2815
2025-01-01 22:00:00,0.0,10.0,3.2815
2025-01-01 23:00:00,0.0,10.0,3.2815
2025-01-02 00:00:00,0.0,10.0,3.2815
2025-01-02 01:00:00,0.0,10.0,3.2815
2025-01-02 02:00:00,0.0,10.0,3.2815
2025-01-02 03:00:00,0.0,10.0,3.2815
2025-01-02 04:00:00,0.0,10.0,3.2815
2025-01-02 05:00:00,0.0,10.0,3.2815
2025-01-02 06:00:00,0.0,10.0,3.2815
2025-01-02 07:00:00,0.0,10.0,3.2815
2025-01-02 08:00:00,1423.128603352435,78.09227767236531,7.0
2025-01-02 09:00:00,52180.07700549161,2506.6544021766317,7.0
2025-01-02 10:00:00,134282.289944633,6434.989949503972,7.0
2025-01-02 11:00:00,317387.83108450467,15196.020626052854,7.0
2025-01-02 12:00:00,493262.72087885457,23611.08712339017,7.0
2025-01-02 13:00:00,515262.572659105,24663.711610483493,7.0
2025-01-02 14:00:00,404974.5490347869,19386.772681090282,7.0
2025-01-02 15:00:00,176267.36295805202,8443.845117610144,7.0
2025-01-02 16:00:00,23784.367603217128,1148.0080192926855,7.0
2025-01-02 17:00:00,0.0,10.0,3.2815
2025-01-02 18:00:00,0.0,10.0,3.2815
2025-01-02 19:00:00,0.0,10.0,3.2815
2025-01-02 20:00:00,0.0,10.0,3.2815
2025-01-02 21:00:00,0.0,10.0,3.2815
2025-01-02 22:00:00,0.0,10.0,3.2815
2025-01-02 23:00:00,0.0,10.0,3.2815
2025-01-03 00:00:00,0.0,10.0,3.2815
2025-01-03 01:00:00,0.0,10.0,3.2815
2025-01-03 02:00:00,0.0,10.0,3.2815
2025-01-03 03:00:00,0.0,10.0,3.2815
2025-01-03 04:00:00,0.0,10.0,3.2815
2025-01-03 05:00:00,0.0,10.0,3.2815
2025-01-03 06:00:00,0.0,10.0,3.2815
2025-01-03 07:00:00,0.0,10.0,3.2815
2025-01-03 08:00:00,4859.050691606379,242.49046371322387,7.0
2025-01-03 09:00:00,104624.21776856692,5015.943433902724,7.0
2025-01-03 10:00:00,220724.84878035972,10570.997549299507,7.0
2025-01-03 11:00:00,433043.56985166523,20729.788031180156,7.0
2025-01-03 12:00:00,556852.9198803062,26653.680377048146,7.0
2025-01-03 13:00:00,549845.8978176209,26318.41616352253,7.0
2025-01-03 14:00:00,391363.9965144644,18735.55007246241,7.0
2025-01-03 15:00:00,168022.561543588,8049.357011654929,7.0
2025-01-03 16:00:00,23229.89899248605,1121.4784206931126,7.0
2025-01-03 17:00:00,0.0,10.0,3.2815
2025-01-03 18:00:00,0.0,10.0,3.2815
2025-01-03 19:00:00,0.0,10.0,3.2815
2025-01-03 20:00:00,0.0,10.0,3.2815
2025-01-03 21:00:00,0.0,10.0,3.2815
2025-01-03 22:00:00,0.0,10.0,3.2815
2025-01-03 23:00:00,0.0,10.0,3.2815
2025-01-04 00:00:00,0.0,10.0,3.2815
2025-01-04 01:00:00,0.0,10.0,3.2815
2025-01-04 02:00:00,0.0,10.0,3.2815
2025-01-04 03:00:00,0.0,10.0,3.2815
2025-01-04 04:00:00,0.0,10.0,3.2815
2025-01-04 05:00:00,0.0,10.0,3.2815
2025-01-04 06:00:00,0.0,10.0,3.2815
2025-01-04 07:00:00,0.0,10.0,3.2815
2025-01-04 08:00:00,4224.4597679921135,212.12726162641692,7.0
2025-01-04 09:00:00,84182.79021206008,4037.884699141631,7.0
2025-01-04 10:00:00,171535.03535257958,8217.417959453569,7.0
2025-01-04 11:00:00,305284.3959022476,14616.90889484438,7.0
2025-01-04 12:00:00,324108.9652161718,15517.605991204393,7.0
2025-01-04 13:00:00,318249.4909371944,15237.248370200688,7.0
2025-01-04 14:00:00,236513.74424115987,11326.447092878463,7.0
2025-01-04 15:00:00,135765.05226521654,6505.93551508213,7.0
2025-01-04 16:00:00,20516.303466204354,991.6413141724571,7.0
2025-01-04 17:00:00,0.0,10.0,3.2815
2025-01-04 18:00:00,0.0,10.0,3.2815
2025-01-04 19:00:00,0.0,10.0,3.2815
2025-01-04 20:00:00,0.0,10.0,3.2815
2025-01-04 21:00:00,0.0,10.0,3.2815
2025-01-04 22:00:00,0.0,10.0,3.2815
2025-01-04 23:00:00,0.0,10.0,3.2815
2025-01-05 00:00:00,0.0,10.0,3.2815
2025-01-05 01:00:00,0.0,10.0,3.2815
2025-01-05 02:00:00,0.0,10.0,3.2815
2025-01-05 03:00:00,0.0,10.0,3.2815
2025-01-05 04:00:00,0.0,10.0,3.2815
2025-01-05 05:00:00,0.0,10.0,3.2815
2025-01-05 06:00:00,0.0,10.0,3.2815
2025-01-05 07:00:00,0.0,10.0,3.2815
2025-01-05 08:00:00,186.7302278665021,18.934460663469,4.094420954643168
2025-01-05 09:00:00,8977.999939227184,439.5693750826404,7.0
2025-01-05 10:00:00,18890.26167378277,913.8402714728597,7.0
2025-01-05 11:00:00,47622.67143838551,2288.5967195399767,7.0
2025-01-05 12:00:00,45448.28202968952,2184.5589487889724,7.0
2025-01-05 13:00:00,32737.9319632899,1576.4082279086076,7.0
2025-01-05 14:00:00,27058.16720239491,1304.6491484399478,7.0
2025-01-05 15:00:00,25793.79415432158,1244.1528303503146,7.0
2025-01-05 16:00:00,3560.9244060321807,180.37915818335793,7.0
2025-01-05 17:00:00,0.0,10.0,3.2815
2025-01-05 18:00:00,0.0,10.0,3.2815
2025-01-05 19:00:00,0.0,10.0,3.2815
2025-01-05 20:00:00,0.0,10.0,3.2815
2025-01-05 21:00:00,0.0,10.0,3.2815
2025-01-05 22:00:00,0.0,10.0,3.2815
2025-01-05 23:00:00,0.0,10.0,3.2815
2025-01-06 00:00:00,0.0,10.0,3.2815
2025-01-06 01:00:00,0.0,10.0,3.2815
2025-01-06 02:00:00,0.0,10.0,3.2815
2025-01-06 03:00:00,0.0,10.0,3.2815
2025-01-06 04:00:00,0.0,10.0,3.2815
2025-01-06 05:00:00,0.0,10.0,3.2815
2025-01-06 06:00:00,0.0,10.0,3.2815
2025-01-06 07:00:00,0.0,10.0,3.2815
2025-01-06 08:00:00,3686.316819300609,186.37879518184732,7.0
2025-01-06 09:00:00,60166.080576751854,2888.7598362082226,7.0
2025-01-06 10:00:00,145572.05152339602,6975.169929349092,7.0
2025-01-06 11:00:00,536242.4548005061,25667.533722512253,7.0
2025-01-06 12:00:00,652255.740308155,31218.408627184446,7.0
2025-01-06 13:00:00,436311.16737360036,20886.132410220114,7.0
2025-01-06 14:00:00,219974.48204887053,10535.094834874188,7.0
2025-01-06 15:00:00,179251.23682556066,8586.614202179935,7.0
2025-01-06 16:00:00,25609.99344820259,1235.3585381915113,7.0
2025-01-06 17:00:00,0.0,10.0,3.2815
2025-01-06 18:00:00,0.0,10.0,3.2815
2025-01-06 19:00:00,0.0,10.0,3.2815
2025-01-06 20:00:00,0.0,10.0,3.2815
2025-01-06 21:00:00,0.0,10.0,3.2815
2025-01-06 22:00:00,0.0,10.0,3.2815
2025-01-06 23:00:00,0.0,10.0,3.2815
2025-01-07 00:00:00,0.0,10.0,3.2815
2025-01-07 01:00:00,0.0,10.0,3.2815
2025-01-07 02:00:00,0.0,10.0,3.2815
2025-01-07 03:00:00,0.0,10.0,3.2815
2025-01-07 04:00:00,0.0,10.0,3.2815
2025-01-07 05:00:00,0.0,10.0,3.2815
2025-01-07 06:00:00,0.0,10.0,3.2815
2025-01-07 07:00:00,0.0,10.0,3.2815
2025-01-07 08:00:00,4786.192604949571,239.00443085883117,7.0
2025-01-07 09:00:00,73597.47441419003,3531.4102590521543,7.0
2025-01-07 10:00:00,211405.2597752155,10125.084199771078,7.0
2025-01-07 11:00:00,317630.4482409859,15207.629102439518,7.0
2025-01-07 12:00:00,569414.1552639924,27254.69642411447,7.0
2025-01-07 13:00:00,578021.6658718106,27666.53903692874,7.0
2025-01-07 14:00:00,462404.0209217847,22134.594302477737,7.0
2025-01-07 15:00:00,186515.18108732803,8934.171343891294,7.0
2025-01-07 16:00:00,33142.094206454014,1595.7461342800964,7.0
2025-01-07 17:00:00,0.0,10.0,3.2815
2025-01-07 18:00:00,0.0,10.0,3.2815
2025-01-07 19:00:00,0.0,10.0,3.2815
2025-01-07 20:00:00,0.0,10.0,3.2815
2025-01-07 21:00:00,0.0,10.0,3.2815
2025-01-07 22:00:00,0.0,10.0,3.2815
2025-01-07 23:00:00,0.0,10.0,3.2815
2025-01-08 00:00:00,0.0,10.0,3.2815
2025-01-08 01:00:00,0.0,10.0,3.2815
2025-01-08 02:00:00,0.0,10.0,3.2815
2025-01-08 03:00:00,0.0,10.0,3.2815
2025-01-08 04:00:00,0.0,10.0,3.2815
2025-01-08 05:00:00,0.0,10.0,3.2815
2025-01-08 06:00:00,0.0,10.0,3.2815
2025-01-08 07:00:00,0.0,10.0,3.2815
2025-01-08 08:00:00,7729.187914714137,379.8176035748391,7.0
2025-01-08 09:00:00,157785.61594500326,7559.551002153266,7.0
2025-01-08 10:00:00,365606.255757177,17503.122285032394,7.0
2025-01-08 11:00:00,471901.23596413457,22589.006505460984,7.0
2025-01-08 12:00:00,486448.1701732869,23285.032065707506,7.0
2025-01-08 13:00:00,297034.79278078384,14222.191042142767,7.0
2025-01-08 14:00:00,175639.6974690093,8413.813276029152,7.0
2025-01-08 15:00:00,75702.30365699239,3632.1197922005927,7.0
2025-01-08 16:00:00,10728.987804418191,523.34869877599,7.0
2025-01-08 17:00:00,0.0,10.0,3.2815
2025-01-08 18:00:00,0.0,10.0,3.2815
2025-01-08 19:00:00,0.0,10.0,3.2815
2025-01-08 20:00:00,0.0,10.0,3.2815
2025-01-08 21:00:00,0.0,10.0,3.2815
2025-01-08 22:00:00,0.0,10.0,3.2815
2025-01-08 23:00:00,0.0,10.0,3.2815
2025-01-09 00:00:00,0.0,10.0,3.2815
2025-01-09 01:00:00,0.0,10.0,3.2815
2025-01-09 02:00:00,0.0,10.0,3.2815
2025-01-09 03:00:00,0.0,10.0,3.2815
2025-01-09 04:00:00,0.0,10.0,3.2815
2025-01-09 05:00:00,0.0,10.0,3.2815
2025-01-09 06:00:00,0.0,10.0,3.2815
2025-01-09 07:00:00,0.0,10.0,3.2815
2025-01-09 08:00:00,995.6562619850096,57.63905559736888,7.0
2025-01-09 09:00:00,15058.227383149266,730.4893484760414,7.0
2025-01-09 10:00:00,37573.084398168394,1807.755234362124,7.0
2025-01-09 11:00:00,71283.96160240973,3420.7158661440067,7.0
2025-01-09 12:00:00,51811.5554083768,2489.021789874488,7.0
2025-01-09 13:00:00,95565.85611140887,4582.529000545878,7.0
2025-01-09 14:00:00,113710.00405534575,5450.670050495011,7.0
2025-01-09 15:00:00,79314.71415919081,3804.962399961283,7.0
2025-01-09 16:00:00,13904.195866617194,675.272529503215,7.0
2025-01-09 17:00:00,0.0,10.0,3.2815
2025-01-09 18:00:00,0.0,10.0,3.2815
2025-01-09 19:00:00,0.0,10.0,3.2815
2025-01-09 20:00:00,0.0,10.0,3.2815
2025-01-09 21:00:00,0.0,10.0,3.2815
2025-01-09 22:00:00,0.0,10.0,3.2815
2025-01-09 23:00:00,0.0,10.0,3.2815
2025-01-10 00:00:00,0.0,10.0,3.2815
2025-01-10 01:00:00,0.0,10.0,3.2815
2025-01-10 02:00:00,0.0,10.0,3.2815
2025-01-10 03:00:00,0.0,10.0,3.2815
2025-01-10 04:00:00,0.0,10.0,3.2815
2025-01-10 05:00:00,0.0,10.0,3.2815
2025-01-10 06:00:00,0.0,10.0,3.2815
2025-01-10 07:00:00,0.0,10.0,3.2815
2025-01-10 08:00:00,2723.5950150815715,140.31555096084074,7.0
2025-01-10 09:00:00,61464.44822648277,2950.882690262333,7.0
2025-01-10 10:00:00,170575.0272266877,8171.484556300847,7.0
2025-01-10 11:00:00,267574.112630698,12812.589121086028,7.0
2025-01-10 12:00:00,317663.16376997996,15209.194438755021,7.0
2025-01-10 13:00:00,306968.3032387263,14697.4786238625,7.0
2025-01-10 14:00:00,250849.0623176685,12012.347479314281,7.0
2025-01-10 15:00:00,138170.11603005487,6621.010336366262,7.0
2025-01-10 16:00:00,24419.9913232806,1178.4206374775406,7.0
2025-01-10 17:00:00,0.0,10.0,3.2815
2025-01-10 18:00:00,0.0,10.0,3.2815
2025-01-10 19:00:00,0.0,10.0,3.2815
2025-01-10 20:00:00,0.0,10.0,3.2815
2025-01-10 21:00:00,0.0,10.0,3.2815
2025-01-10 22:00:00,0.0,10.0,3.2815
2025-01-10 23:00:00,0.0,10.0,3.2815
2025-01-11 00:00:00,0.0,10.0,3.2815
2025-01-11 01:00:00,0.0,10.0,3.2815
2025-01-11 02:00:00,0.0,10.0,3.2815
2025-01-11 03:00:00,0.0,10.0,3.2815
2025-01-11 04:00:00,0.0,10.0,3.2815
2025-01-11 05:00:00,0.0,10.0,3.2815
2025-01-11 06:00:00,0.0,10.0,3.2815
2025-01-11 07:00:00,0.0,10.0,3.2815
2025-01-11 08:00:00,2855.3667811591536,146.62042015115568,7.0
2025-01-11 09:00:00,41313.59966979063,1986.7272569277816,7.0
2025-01-11 10:00:00,101043.59075704643,4844.621567322796,7.0
2025-01-11 11:00:00,141004.08356668972,6756.606869219604,7.0
2025-01-11 12:00:00,220082.02550386716,10540.240454730485,7.0
2025-01-11 13:00:00,196768.77892493788,9424.774111241046,7.0
2025-01-11 14:00:00,165302.2864644142,7919.200309302115,7.0
2025-01-11 15:00:00,90454.0375138861,4337.944378654837,7.0
2025-01-11 16:00:00,17509.702392336345,847.7848034610691,7.0
2025-01-11 17:00:00,0.0,10.0,3.2815
2025-01-11 18:00:00,0.0,10.0,3.2815
2025-01-11 19:00:00,0.0,10.0,3.2815
2025-01-11 20:00:00,0.0,10.0,3.2815
2025-01-11 21:00:00,0.0,10.0,3.2815
2025-01-11 22:00:00,0.0,10.0,3.2815
2025-01-11 23:00:00,0.0,10.0,3.2815
2025-01-12 00:00:00,0.0,10.0,3.2815
2025-01-12 01:00:00,0.0,10.0,3.2815
2025-01-12 02:00:00,0.0,10.0,3.2815
2025-01-12 03:00:00,0.0,10.0,3.2815
2025-01-12 04:00:00,0.0,10.0,3.2815
2025-01-12 05:00:00,0.0,10.0,3.2815
2025-01-12 06:00:00,0.0,10.0,3.2815
2025-01-12 07:00:00,0.0,10.0,3.2815
2025-01-12 08:00:00,4322.139825351277,216.80094858140083,7.0
2025-01-12 09:00:00,77152.65206725839,3701.5144529788704,7.0
2025-01-12 10:00:00,171966.5120838319,8238.062779130712,7.0
2025-01-12 11:00:00,217700.73138216132,10426.302936945518,7.0
2025-01-12 12:00:00,333098.72892863577,15947.738226250516,7.0
2025-01-12 13:00:00,256054.50360284332,12261.411655638436,7.0
2025-01-12 14:00:00,191802.5747795538,9187.156688016928,7.0
2025-01-12 15:00:00,108651.97869514958,5208.659267710505,7.0
2025-01-12 16:00:00,21749.671375551563,1050.6541328015103,7.0
2025-01-12 17:00:00,0.0,10.0,3.2815
2025-01-12 18:00:00,0.0,10.0,3.2815
2025-01-12 19:00:00,0.0,10.0,3.2815
2025-01-12 20:00:00,0.0,10.0,3.2815
2025-01-12 21:00:00,0.0,10.0,3.2815
2025-01-12 22:00:00,0.0,10.0,3.2815
2025-01-12 23:00:00,0.0,10.0,3.2815
2025-01-13 00:00:00,0.0,10.0,3.2815
2025-01-13 01:00:00,0.0,10.0,3.2815
2025-01-13 02:00:00,0.0,10.0,3.2815
2025-01-13 03:00:00,0.0,10.0,3.2815
2025-01-13 04:00:00,0.0,10.0,3.2815
2025-01-13 05:00:00,0.0,10.0,3.2815
2025-01-13 06:00:00,0.0,10.0,3.2815
2025-01-13 07:00:00,0.0,10.0,3.2815
2025-01-13 08:00:00,5353.581803984186,266.15223942508067,7.0
2025-01-13 09:00:00,93498.6712138901,4483.6206322435455,7.0
2025-01-13 10:00:00,229910.9844972804,11010.525574032556,7.0
2025-01-13 11:00:00,327476.80643178197,15678.746719224016,7.0
2025-01-13 12:00:00,397160.7866799175,19012.90845358457,7.0
2025-01-13 13:00:00,406912.28870654455,19479.487497920793,7.0
2025-01-13 14:00:00,328817.0330210907,15742.872393353624,7.0
2025-01-13 15:00:00,187714.74697580715,8991.566840947711,7.0
2025-01-13 16:00:00,38757.121203636874,1864.4077130926735,7.0
2025-01-13 17:00:00,0.0,10.0,3.2815
2025-01-13 18:00:00,0.0,10.0,3.2815
2025-01-13 19:00:00,0.0,10.0,3.2815
2025-01-13 20:00:00,0.0,10.0,3.2815
2025-01-13 21:00:00,0.0,10.0,3.2815
2025-01-13 22:00:00,0.0,10.0,3.2815
2025-01-13 23:00:00,0.0,10.0,3.2815
2025-01-14 00:00:00,0.0,10.0,3.2815
2025-01-14 01:00:00,0.0,10.0,3.2815
2025-01-14 02:00:00,0.0,10.0,3.2815
2025-01-14 03:00:00,0.0,10.0,3.2815
2025-01-14 04:00:00,0.0,10.0,3.2815
2025-01-14 05:00:00,0.0,10.0,3.2815
2025-01-14 06:00:00,0.0,10.0,3.2815
2025-01-14 07:00:00,0.0,10.0,3.2815
2025-01-14 08:00:00,7151.079109127386,352.1568951735591,7.0
2025-01-14 09:00:00,110119.4731357627,5278.874312715919,7.0
2025-01-14 10:00:00,242816.34886202536,11628.007122584944,7.0
2025-01-14 11:00:00,301001.9256533266,14412.006012120892,7.0
2025-01-14 12:00:00,273324.9243911194,13087.74757852246,7.0
2025-01-14 13:00:00,262972.8107375435,12592.431135767632,7.0
2025-01-14 14:00:00,203020.55719900294,9723.902258325501,7.0
2025-01-14 15:00:00,145546.69268722474,6973.95658790549,7.0
2025-01-14 16:00:00,30516.87477007155,1470.1375488072513,7.0
2025-01-14 17:00:00,0.0,10.0,3.2815
2025-01-14 18:00:00,0.0,10.0,3.2815
2025-01-14 19:00:00,0.0,10.0,3.2815
2025-01-14 20:00:00,0.0,10.0,3.2815
2025-01-14 21:00:00,0.0,10.0,3.2815
2025-01-14 22:00:00,0.0,10.0,3.2815
2025-01-14 23:00:00,0.0,10.0,3.2815
2025-01-15 00:00:00,0.0,10.0,3.2815
2025-01-15 01:00:00,0.0,10.0,3.2815
2025-01-15 02:00:00,0.0,10.0,3.2815
2025-01-15 03:00:00,0.0,10.0,3.2815
2025-01-15 04:00:00,0.0,10.0,3.2815
2025-01-15 05:00:00,0.0,10.0,3.2815
2025-01-15 06:00:00,0.0,10.0,3.2815
2025-01-15 07:00:00,0.0,10.0,3.2815
2025-01-15 08:00:00,2778.0370466911686,142.92043285603677,7.0
2025-01-15 09:00:00,30955.97374400452,1491.1470690911253,7.0
2025-01-15 10:00:00,87272.45332236319,4185.71546996953,7.0
2025-01-15 11:00:00,126764.7828320217,6075.30061397233,7.0
2025-01-15 12:00:00,161191.6369834343,7722.518515953794,7.0
2025-01-15 13:00:00,98837.72941257078,4739.077962323961,7.0
2025-01-15 14:00:00,100888.45960538258,4837.199024180984,7.0
2025-01-15 15:00:00,39204.84652380452,1885.8299772155272,7.0
2025-01-15 16:00:00,14100.916894762637,684.6850188881644,7.0
2025-01-15 17:00:00,0.0,10.0,3.2815
2025-01-15 18:00:00,0.0,10.0,3.2815
2025-01-15 19:00:00,0.0,10.0,3.2815
2025-01-15 20:00:00,0.0,10.0,3.2815
2025-01-15 21:00:00,0.0,10.0,3.2815
2025-01-15 22:00:00,0.0,10.0,3.2815
2025-01-15 23:00:00,0.0,10.0,3.2815
2025-01-16 00:00:00,0.0,10.0,3.2815
2025-01-16 01:00:00,0.0,10.0,3.2815
2025-01-16 02:00:00,0.0,10.0,3.2815
2025-01-16 03:00:00,0.0,10.0,3.2815
2025-01-16 04:00:00,0.0,10.0,3.2815
2025-01-16 05:00:00,0.0,10.0,3.2815
2025-01-16 06:00:00,0.0,10.0,3.2815
2025-01-16 07:00:00,0.0,10.0,3.2815
2025-01-16 08:00:00,5872.953707294924,291.0025697270299,7.0
2025-01-16 09:00:00,88310.79777801703,4235.397022871628,7.0
2025-01-16 10:00:00,226692.8058770107,10856.545735742138,7.0
2025-01-16 11:00:00,376706.3287875427,18034.22625777716,7.0
2025-01-16 12:00:00,457446.6952629024,21897.401687220212,7.0
2025-01-16 13:00:00,494361.1222232722,23663.642211639817,7.0
2025-01-16 14:00:00,388541.3401036961,18600.494741803643,7.0
2025-01-16 15:00:00,272733.54250812397,13059.45179464708,7.0
2025-01-16 16:00:00,68605.01463063348,3292.536585197774,7.0
2025-01-16 17:00:00,0.0,10.0,3.2815
2025-01-16 18:00:00,0.0,10.0,3.2815
2025-01-16 19:00:00,0.0,10.0,3.2815
2025-01-16 20:00:00,0.0,10.0,3.2815
2025-01-16 21:00:00,0.0,10.0,3.2815
2025-01-16 22:00:00,0.0,10.0,3.2815
2025-01-16 23:00:00,0.0,10.0,3.2815
2025-01-17 00:00:00,0.0,10.0,3.2815
2025-01-17 01:00:00,0.0,10.0,3.2815
2025-01-17 02:00:00,0.0,10.0,3.2815
2025-01-17 03:00:00,0.0,10.0,3.2815
2025-01-17 04:00:00,0.0,10.0,3.2815
2025-01-17 05:00:00,0.0,10.0,3.2815
2025-01-17 06:00:00,0.0,10.0,3.2815
2025-01-17 07:00:00,0.0,10.0,3.2815
2025-01-17 08:00:00,10772.879808895943,525.4487946840164,7.0
2025-01-17 09:00:00,138368.9042087286,6630.521732475053,7.0
2025-01-17 10:00:00,327995.6401534233,15703.571299206857,7.0
2025-01-17 11:00:00,505505.5555596482,24196.868687064507,7.0
2025-01-17 12:00:00,629596.5295675307,30134.235864475155,7.0
2025-01-17 13:00:00,642251.4764830702,30739.73571689331,7.0
2025-01-17 14:00:00,506162.5513588479,24228.30389276784,7.0
2025-01-17 15:00:00,312128.3547952081,14944.371042832923,7.0
2025-01-17 16:00:00,75001.83778546368,3598.6046787303194,7.0
2025-01-17 17:00:00,0.0,10.0,3.2815
2025-01-17 18:00:00,0.0,10.0,3.2815
2025-01-17 19:00:00,0.0,10.0,3.2815
2025-01-17 20:00:00,0.0,10.0,3.2815
2025-01-17 21:00:00,0.0,10.0,3.2815
2025-01-17 22:00:00,0.0,10.0,3.2815
2025-01-17 23:00:00,0.0,10.0,3.2815
2025-01-18 00:00:00,0.0,10.0,3.2815
2025-01-18 01:00:00,0.0,10.0,3.2815
2025-01-18 02:00:00,0.0,10.0,3.2815
2025-01-18 03:00:00,0.0,10.0,3.2815
2025-01-18 04:00:00,0.0,10.0,3.2815
2025-01-18 05:00:00,0.0,10.0,3.2815
2025-01-18 06:00:00,0.0,10.0,3.2815
2025-01-18 07:00:00,0.0,10.0,3.2815
2025-01-18 08:00:00,12933.367133433447,628.821393944184,7.0
2025-01-18 09:00:00,165629.02300110497,7934.833636416506,7.0
2025-01-18 10:00:00,385221.3494053234,18441.64351221643,7.0
2025-01-18 11:00:00,566423.1194935382,27111.58466476259,7.0
2025-01-18 12:00:00,679906.1331846969,32541.39393228215,7.0
2025-01-18 13:00:00,660712.8691324026,31623.055939349404,7.0
2025-01-18 14:00:00,543211.6356583326,26000.98735207333,7.0
2025-01-18 15:00:00,315224.5157287374,15092.512714293656,7.0
2025-01-18 16:00:00,82553.87485783354,3959.9461654465804,7.0
2025-01-18 17:00:00,0.0,10.0,3.2815
2025-01-18 18:00:00,0.0,10.0,3.2815
2025-01-18 19:00:00,0.0,10.0,3.2815
2025-01-18 20:00:00,0.0,10.0,3.2815
2025-01-18 21:00:00,0.0,10.0,3.2815
2025-01-18 22:00:00,0.0,10.0,3.2815
2025-01-18 23:00:00,0.0,10.0,3.2815
2025-01-19 00:00:00,0.0,10.0,3.2815
2025-01-19 01:00:00,0.0,10.0,3.2815
2025-01-19 02:00:00,0.0,10.0,3.2815
2025-01-19 03:00:00,0.0,10.0,3.2815
2025-01-19 04:00:00,0.0,10.0,3.2815
2025-01-19 05:00:00,0.0,10.0,3.2815
2025-01-19 06:00:00,0.0,10.0,3.2815
2025-01-19 07:00:00,0.0,10.0,3.2815
2025-01-19 08:00:00,17053.283442050237,825.9465761746525,7.0
2025-01-19 09:00:00,202725.93501433602,9709.805503078278,7.0
2025-01-19 10:00:00,438841.04995920946,21007.17942388562,7.0
2025-01-19 11:00:00,616263.51518129,29496.292592406222,7.0
2025-01-19 12:00:00,736381.5586296018,35243.56739854554,7.0
2025-01-19 13:00:00,713382.2642513957,34143.12269145434,7.0
2025-01-19 14:00:00,573863.750441721,27467.595714914878,7.0
2025-01-19 15:00:00,342253.12774811016,16385.747739144026,7.0
2025-01-19 16:00:00,90553.07139843449,4342.682842030358,7.0
2025-01-19 17:00:00,0.0,10.0,3.2815
2025-01-19 18:00:00,0.0,10.0,3.2815
2025-01-19 19:00:00,0.0,10.0,3.2815
2025-01-19 20:00:00,0.0,10.0,3.2815
2025-01-19 21:00:00,0.0,10.0,3.2815
2025-01-19 22:00:00,0.0,10.0,3.2815
2025-01-19 23:00:00,0.0,10.0,3.2815
2025-01-20 00:00:00,0.0,10.0,3.2815
2025-01-20 01:00:00,0.0,10.0,3.2815
2025-01-20 02:00:00,0.0,10.0,3.2815
2025-01-20 03:00:00,0.0,10.0,3.2815
2025-01-20 04:00:00,0.0,10.0,3.2815
2025-01-20 05:00:00,0.0,10.0,3.2815
2025-01-20 06:00:00,0.0,10.0,3.2815
2025-01-20 07:00:00,0.0,10.0,3.2815
2025-01-20 08:00:00,11611.25172359804,565.5622834257434,7.0
2025-01-20 09:00:00,111407.04324766266,5340.480538165678,7.0
2025-01-20 10:00:00,220771.66463352,10573.237542273684,7.0
2025-01-20 11:00:00,417749.19377356477,19997.99970208444,7.0
2025-01-20 12:00:00,564002.7762048391,26995.778765781775,7.0
2025-01-20 13:00:00,607131.9138028626,29059.373866165675,7.0
2025-01-20 14:00:00,512891.3151624558,24550.2543139931,7.0
2025-01-20 15:00:00,337740.1377596836,16169.815203812614,7.0
2025-01-20 16:00:00,88675.71484412714,4252.857169575462,7.0
2025-01-20 17:00:00,0.0,10.0,3.2815
2025-01-20 18:00:00,0.0,10.0,3.2815
2025-01-20 19:00:00,0.0,10.0,3.2815
2025-01-20 20:00:00,0.0,10.0,3.2815
2025-01-20 21:00:00,0.0,10.0,3.2815
2025-01-20 22:00:00,0.0,10.0,3.2815
2025-01-20 23:00:00,0.0,10.0,3.2815
2025-01-21 00:00:00,0.0,10.0,3.2815
2025-01-21 01:00:00,0.0,10.0,3.2815
2025-01-21 02:00:00,0.0,10.0,3.2815
2025-01-21 03:00:00,0.0,10.0,3.2815
2025-01-21 04:00:00,0.0,10.0,3.2815
2025-01-21 05:00:00,0.0,10.0,3.2815
2025-01-21 06:00:00,0.0,10.0,3.2815
2025-01-21 07:00:00,0.0,10.0,3.2815
2025-01-21 08:00:00,20404.4195124758,986.2880149509951,7.0
2025-01-21 09:00:00,218291.82820239646,10454.585081454376,7.0
2025-01-21 10:00:00,476613.55293052574,22814.476216771567,7.0
2025-01-21 11:00:00,671790.4429632658,32153.08339537157,7.0
2025-01-21 12:00:00,754146.2916568444,36093.5546247294,7.0
2025-01-21 13:00:00,748129.1990082662,35805.65545494097,7.0
2025-01-21 14:00:00,599282.317723783,28683.7951064011,7.0
2025-01-21 15:00:00,364056.0715643837,17428.950792554242,7.0
2025-01-21 16:00:00,107145.6091437139,5136.584169555688,7.0
2025-01-21 17:00:00,0.0,10.0,3.2815
2025-01-21 18:00:00,0.0,10.0,3.2815
2025-01-21 19:00:00,0.0,10.0,3.2815
2025-01-21 20:00:00,0.0,10.0,3.2815
2025-01-21 21:00:00,0.0,10.0,3.2815
2025-01-21 22:00:00,0.0,10.0,3.2815
2025-01-21 23:00:00,0.0,10.0,3.2815
2025-01-22 00:00:00,0.0,10.0,3.2815
2025-01-22 01:00:00,0.0,10.0,3.2815
2025-01-22 02:00:00,0.0,10.0,3.2815
2025-01-22 03:00:00,0.0,10.0,3.2815
2025-01-22 04:00:00,0.0,10.0,3.2815
2025-01-22 05:00:00,0.0,10.0,3.2815
2025-01-22 06:00:00,0.0,10.0,3.2815
2025-01-22 07:00:00,0.0,10.0,3.2815
2025-01-22 08:00:00,19003.03258853302,919.2360090207187,7.0
2025-01-22 09:00:00,150849.43056923305,7227.6761037910555,7.0
2025-01-22 10:00:00,363236.24878759054,17389.724822372755,7.0
2025-01-22 11:00:00,526743.1041088222,25213.019335350342,7.0
2025-01-22 12:00:00,524763.6520402608,25118.308710060326,7.0
2025-01-22 13:00:00,387940.86162973184,18571.763714341236,7.0
2025-01-22 14:00:00,231303.84967003457,11077.16984067151,7.0
2025-01-22 15:00:00,115586.84375048523,5540.470992846183,7.0
2025-01-22 16:00:00,38065.547181364,1831.3180469552153,7.0
2025-01-22 17:00:00,0.0,10.0,3.2815
2025-01-22 18:00:00,0.0,10.0,3.2815
2025-01-22 19:00:00,0.0,10.0,3.2815
2025-01-22 20:00:00,0.0,10.0,3.2815
2025-01-22 21:00:00,0.0,10.0,3.2815
2025-01-22 22:00:00,0.0,10.0,3.2815
2025-01-22 23:00:00,0.0,10.0,3.2815
2025-01-23 00:00:00,0.0,10.0,3.2815
2025-01-23 01:00:00,0.0,10.0,3.2815
2025-01-23 02:00:00,0.0,10.0,3.2815
2025-01-23 03:00:00,0.0,10.0,3.2815
2025-01-23 04:00:00,0.0,10.0,3.2815
2025-01-23 05:00:00,0.0,10.0,3.2815
2025-01-23 06:00:00,0.0,10.0,3.2815
2025-01-23 07:00:00,0.0,10.0,3.2815
2025-01-23 08:00:00,6543.201563456645,323.07184514146627,7.0
2025-01-23 09:00:00,107305.47528066098,5144.233267017272,7.0
2025-01-23 10:00:00,195333.85434159703,9356.117432612298,7.0
2025-01-23 11:00:00,368055.13773404714,17620.29367148551,7.0
2025-01-23 12:00:00,522553.11463315587,25012.541370007457,7.0
2025-01-23 13:00:00,577241.357116289,27629.203689774593,7.0
2025-01-23 14:00:00,373283.52988872037,17870.45597553686,7.0
2025-01-23 15:00:00,167689.30814395237,8033.411872916381,7.0
2025-01-23 16:00:00,59304.888210701625,2847.554459842183,7.0
2025-01-23 17:00:00,106.0872740654711,15.075946127534504,3.698710067662797
2025-01-23 18:00:00,0.0,10.0,3.2815
2025-01-23 19:00:00,0.0,10.0,3.2815
2025-01-23 20:00:00,0.0,10.0,3.2815
2025-01-23 21:00:00,0.0,10.0,3.2815
2025-01-23 22:00:00,0.0,10.0,3.2815
2025-01-23 23:00:00,0.0,10.0,3.2815
2025-01-24 00:00:00,0.0,10.0,3.2815
2025-01-24 01:00:00,0.0,10.0,3.2815
2025-01-24 02:00:00,0.0,10.0,3.2815
2025-01-24 03:00:00,0.0,10.0,3.2815
2025-01-24 04:00:00,0.0,10.0,3.2815
2025-01-24 05:00:00,0.0,10.0,3.2815
2025-01-24 06:00:00,0.0,10.0,3.2815
2025-01-24 07:00:00,0.0,10.0,3.2815
2025-01-24 08:00:00,17625.832045798285,853.3412462104442,7.0
2025-01-24 09:00:00,98949.06285453071,4744.404921269412,7.0
2025-01-24 10:00:00,150219.3224019527,7197.527387653238,7.0
2025-01-24 11:00:00,179005.03871867832,8574.834388453508,7.0
2025-01-24 12:00:00,119438.82915233135,5724.776514465615,7.0
2025-01-24 13:00:00,85958.95771953352,4122.868790408303,7.0
2025-01-24 14:00:00,87391.42650203234,4191.407966604418,7.0
2025-01-24 15:00:00,42724.448875315284,2054.232003603602,7.0
2025-01-24 16:00:00,15106.552711416502,732.8015651395456,7.0
2025-01-24 17:00:00,0.0,10.0,3.2815
2025-01-24 18:00:00,0.0,10.0,3.2815
2025-01-24 19:00:00,0.0,10.0,3.2815
2025-01-24 20:00:00,0.0,10.0,3.2815
2025-01-24 21:00:00,0.0,10.0,3.2815
2025-01-24 22:00:00,0.0,10.0,3.2815
2025-01-24 23:00:00,0.0,10.0,3.2815
2025-01-25 00:00:00,0.0,10.0,3.2815
2025-01-25 01:00:00,0.0,10.0,3.2815
2025-01-25 02:00:00,0.0,10.0,3.2815
2025-01-25 03:00:00,0.0,10.0,3.2815
2025-01-25 04:00:00,0.0,10.0,3.2815
2025-01-25 05:00:00,0.0,10.0,3.2815
2025-01-25 06:00:00,0.0,10.0,3.2815
2025-01-25 07:00:00,0.0,10.0,3.2815
2025-01-25 08:00:00,9231.169772968984,451.68276425688913,7.0
2025-01-25 09:00:00,81801.80925009126,3923.9621650761364,7.0
2025-01-25 10:00:00,109020.74076958721,5226.303386104651,7.0
2025-01-25 11:00:00,192787.29074045926,9234.2722842325,7.0
2025-01-25 12:00:00,166742.15368958478,7988.093477970564,7.0
2025-01-25 13:00:00,175837.39585195808,8423.272528801821,7.0
2025-01-25 14:00:00,200505.2635097209,9603.553277977078,7.0
2025-01-25 15:00:00,168561.0526136779,8075.122134625736,7.0
2025-01-25 16:00:00,50374.87872048677,2420.28127849219,7.0
2025-01-25 17:00:00,406.92880006391556,29.470277515019884,5.784140430311257
2025-01-25 18:00:00,0.0,10.0,3.2815
2025-01-25 19:00:00,0.0,10.0,3.2815
2025-01-25 20:00:00,0.0,10.0,3.2815
2025-01-25 21:00:00,0.0,10.0,3.2815
2025-01-25 22:00:00,0.0,10.0,3.2815
2025-01-25 23:00:00,0.0,10.0,3.2815
2025-01-26 00:00:00,0.0,10.0,3.2815
2025-01-26 01:00:00,0.0,10.0,3.2815
2025-01-26 02:00:00,0.0,10.0,3.2815
2025-01-26 03:00:00,0.0,10.0,3.2815
2025-01-26 04:00:00,0.0,10.0,3.2815
2025-01-26 05:00:00,0.0,10.0,3.2815
2025-01-26 06:00:00,0.0,10.0,3.2815
2025-01-26 07:00:00,0.0,10.0,3.2815
2025-01-26 08:00:00,9686.543558030322,473.47098363781447,7.0
2025-01-26 09:00:00,55424.40326112044,2661.8853234985854,7.0
2025-01-26 10:00:00,243143.2562576466,11643.64862476778,7.0
2025-01-26 11:00:00,469403.7089662169,22469.507606039086,7.0
2025-01-26 12:00:00,587055.0351652976,28098.757663411365,7.0
2025-01-26 13:00:00,649512.3197290748,31087.14448464473,7.0
2025-01-26 14:00:00,537721.7495010435,25738.313373255667,7.0
2025-01-26 15:00:00,355770.1583020084,17032.495612536288,7.0
2025-01-26 16:00:00,108684.50940971785,5210.215761230519,7.0
2025-01-26 17:00:00,1492.6248578067,81.41745731132536,7.0
2025-01-26 18:00:00,0.0,10.0,3.2815
2025-01-26 19:00:00,0.0,10.0,3.2815
2025-01-26 20:00:00,0.0,10.0,3.2815
2025-01-26 21:00:00,0.0,10.0,3.2815
2025-01-26 22:00:00,0.0,10.0,3.2815
2025-01-26 23:00:00,0.0,10.0,3.2815
2025-01-27 00:00:00,0.0,10.0,3.2815
2025-01-27 01:00:00,0.0,10.0,3.2815
2025-01-27 02:00:00,0.0,10.0,3.2815
2025-01-27 03:00:00,0.0,10.0,3.2815
2025-01-27 04:00:00,0.0,10.0,3.2815
2025-01-27 05:00:00,0.0,10.0,3.2815
2025-01-27 06:00:00,0.0,10.0,3.2815
2025-01-27 07:00:00,0.0,10.0,3.2815
2025-01-27 08:00:00,23238.27344991226,1121.8791124359934,7.0
2025-01-27 09:00:00,230790.5827722742,11052.611615898288,7.0
2025-01-27 10:00:00,450162.6462326451,21548.8825948634,7.0
2025-01-27 11:00:00,654048.019403497,31304.163607822822,7.0
2025-01-27 12:00:00,441845.1141432565,21150.91455230892,7.0
2025-01-27 13:00:00,363362.1209436053,17395.747413569632,7.0
2025-01-27 14:00:00,505315.9644284202,24187.797341072735,7.0
2025-01-27 15:00:00,343259.4072103651,16433.89508183565,7.0
2025-01-27 16:00:00,108063.65709737697,5180.509908965405,7.0
2025-01-27 17:00:00,2369.5652866370156,123.37632950416342,7.0
2025-01-27 18:00:00,0.0,10.0,3.2815
2025-01-27 19:00:00,0.0,10.0,3.2815
2025-01-27 20:00:00,0.0,10.0,3.2815
2025-01-27 21:00:00,0.0,10.0,3.2815
2025-01-27 22:00:00,0.0,10.0,3.2815
2025-01-27 23:00:00,0.0,10.0,3.2815
2025-01-28 00:00:00,0.0,10.0,3.2815
2025-01-28 01:00:00,0.0,10.0,3.2815
2025-01-28 02:00:00,0.0,10.0,3.2815
2025-01-28 03:00:00,0.0,10.0,3.2815
2025-01-28 04:00:00,0.0,10.0,3.2815
2025-01-28 05:00:00,0.0,10.0,3.2815
2025-01-28 06:00:00,0.0,10.0,3.2815
2025-01-28 07:00:00,0.0,10.0,3.2815
2025-01-28 08:00:00,37390.26580015952,1799.0079330219867,7.0
2025-01-28 09:00:00,263538.8185059472,12619.512847174507,7.0
2025-01-28 10:00:00,561533.3770834752,26877.625697773936,7.0
2025-01-28 11:00:00,836549.8706944106,40036.30960260338,7.0
2025-01-28 12:00:00,833848.7447548127,39907.06912702453,7.0
2025-01-28 13:00:00,722037.5031858468,34557.24895626061,7.0
2025-01-28 14:00:00,387161.77535299666,18534.486858995057,7.0
2025-01-28 15:00:00,161076.76407683812,7717.022204633404,7.0
2025-01-28 16:00:00,60025.774375985486,2882.04662086055,7.0
2025-01-28 17:00:00,1630.1362454056214,87.99694954093881,7.0
2025-01-28 18:00:00,0.0,10.0,3.2815
2025-01-28 19:00:00,0.0,10.0,3.2815
2025-01-28 20:00:00,0.0,10.0,3.2815
2025-01-28 21:00:00,0.0,10.0,3.2815
2025-01-28 22:00:00,0.0,10.0,3.2815
2025-01-28 23:00:00,0.0,10.0,3.2815
2025-01-29 00:00:00,0.0,10.0,3.2815
2025-01-29 01:00:00,0.0,10.0,3.2815
2025-01-29 02:00:00,0.0,10.0,3.2815
2025-01-29 03:00:00,0.0,10.0,3.2815
2025-01-29 04:00:00,0.0,10.0,3.2815
2025-01-29 05:00:00,0.0,10.0,3.2815
2025-01-29 06:00:00,0.0,10.0,3.2815
2025-01-29 07:00:00,0.0,10.0,3.2815
2025-01-29 08:00:00,18580.498611328894,899.0190723123872,7.0
2025-01-29 09:00:00,155173.13378354147,7434.551855671841,7.0
2025-01-29 10:00:00,433133.31300944655,20734.081962174478,7.0
2025-01-29 11:00:00,743150.5457716399,35567.44238141818,7.0
2025-01-29 12:00:00,672117.5360312792,32168.73378140092,7.0
2025-01-29 13:00:00,785548.1851657031,37596.03756773699,7.0
2025-01-29 14:00:00,518742.38459477865,24830.20978922386,7.0
2025-01-29 15:00:00,351734.7378944124,16839.41329638337,7.0
2025-01-29 16:00:00,140624.27600805197,6738.434258758467,7.0
2025-01-29 17:00:00,4205.202616982119,211.20586684124973,7.0
2025-01-29 18:00:00,0.0,10.0,3.2815
2025-01-29 19:00:00,0.0,10.0,3.2815
2025-01-29 20:00:00,0.0,10.0,3.2815
2025-01-29 21:00:00,0.0,10.0,3.2815
2025-01-29 22:00:00,0.0,10.0,3.2815
2025-01-29 23:00:00,0.0,10.0,3.2815
2025-01-30 00:00:00,0.0,10.0,3.2815
2025-01-30 01:00:00,0.0,10.0,3.2815
2025-01-30 02:00:00,0.0,10.0,3.2815
2025-01-30 03:00:00,0.0,10.0,3.2815
2025-01-30 04:00:00,0.0,10.0,3.2815
2025-01-30 05:00:00,0.0,10.0,3.2815
2025-01-30 06:00:00,0.0,10.0,3.2815
2025-01-30 07:00:00,0.0,10.0,3.2815
2025-01-30 08:00:00,9775.401853515454,477.72257672322746,7.0
2025-01-30 09:00:00,72251.85368558578,3467.026492133291,7.0
2025-01-30 10:00:00,84733.66244697319,4064.242222343215,7.0
2025-01-30 11:00:00,186042.6267923305,8911.561090542129,7.0
2025-01-30 12:00:00,178289.75644962324,8540.610356441302,7.0
2025-01-30 13:00:00,123789.56551863196,5932.945718594831,7.0
2025-01-30 14:00:00,114332.56734798623,5480.457767846231,7.0
2025-01-30 15:00:00,80942.7195776906,3882.8573960617514,7.0
2025-01-30 16:00:00,27920.012598457353,1345.8857702611174,7.0
2025-01-30 17:00:00,1052.4471449205769,60.35632272347257,7.0
2025-01-30 18:00:00,0.0,10.0,3.2815
2025-01-30 19:00:00,0.0,10.0,3.2815
2025-01-30 20:00:00,0.0,10.0,3.2815
2025-01-30 21:00:00,0.0,10.0,3.2815
2025-01-30 22:00:00,0.0,10.0,3.2815
2025-01-30 23:00:00,0.0,10.0,3.2815
2025-01-31 00:00:00,0.0,10.0,3.2815
2025-01-31 01:00:00,0.0,10.0,3.2815
2025-01-31 02:00:00,0.0,10.0,3.2815
2025-01-31 03:00:00,0.0,10.0,3.2815
2025-01-31 04:00:00,0.0,10.0,3.2815
2025-01-31 05:00:00,0.0,10.0,3.2815
2025-01-31 06:00:00,0.0,10.0,3.2815
2025-01-31 07:00:00,0.0,10.0,3.2815
2025-01-31 08:00:00,47005.83160050412,2259.0828516987617,7.0
2025-01-31 09:00:00,244690.84253990036,11717.695815306237,7.0
2025-01-31 10:00:00,519832.85943563073,24882.3856189297,7.0
2025-01-31 11:00:00,743883.073860912,35602.49157229244,7.0
2025-01-31 12:00:00,924300.3084385985,44234.8951406028,7.0
2025-01-31 13:00:00,872934.9891613091,41777.22436178513,7.0
2025-01-31 14:00:00,530277.0684934394,25382.108540355952,7.0
2025-01-31 15:00:00,413887.0605328626,19813.208637936008,7.0
2025-01-31 16:00:00,160852.06065342572,7706.270844661518,7.0
2025-01-31 17:00:00,8147.354521109342,399.82557517269584,7.0
2025-01-31 18:00:00,0.0,10.0,3.2815
2025-01-31 19:00:00,0.0,10.0,3.2815
2025-01-31 20:00:00,0.0,10.0,3.2815
2025-01-31 21:00:00,0.0,10.0,3.2815
2025-01-31 22:00:00,0.0,10.0,3.2815
2025-01-31 23:00:00,0.0,10.0,3.2815
2025-02-01 00:00:00,0.0,10.0,3.2815
2025-02-01 01:00:00,0.0,10.0,3.2815
2025-02-01 02:00:00,0.0,10.0,3.2815
2025-02-01 03:00:00,0.0,10.0,3.2815
2025-02-01 04:00:00,0.0,10.0,3.2815
2025-02-01 05:00:00,0.0,10.0,3.2815
2025-02-01 06:00:00,0.0,10.0,3.2815
2025-02-01 07:00:00,0.0,10.0,3.2815
2025-02-01 08:00:00,67193.10833650084,3224.9812601196572,7.0
2025-02-01 09:00:00,385546.8780742043,18457.21904661265,7.0
2025-02-01 10:00:00,728920.5466198921,34886.58117798527,7.0
2025-02-01 11:00:00,982765.7807747372,47032.28616147068,7.0
2025-02-01 12:00:00,1101308.84938531,52704.20331987129,7.0
2025-02-01 13:00:00,1071541.8069587527,51279.94291668673,7.0
2025-02-01 14:00:00,896623.5290055716,42910.64732084075,7.0
2025-02-01 15:00:00,600519.0250220211,28742.967704402927,7.0
2025-02-01 16:00:00,243319.688956776,11652.090380706984,7.0
2025-02-01 17:00:00,11824.750634326101,575.7775423122536,7.0
2025-02-01 18:00:00,0.0,10.0,3.2815
2025-02-01 19:00:00,0.0,10.0,3.2815
2025-02-01 20:00:00,0.0,10.0,3.2815
2025-02-01 21:00:00,0.0,10.0,3.2815
2025-02-01 22:00:00,0.0,10.0,3.2815
2025-02-01 23:00:00,0.0,10.0,3.2815
2025-02-02 00:00:00,0.0,10.0,3.2815
2025-02-02 01:00:00,0.0,10.0,3.2815
2025-02-02 02:00:00,0.0,10.0,3.2815
2025-02-02 03:00:00,0.0,10.0,3.2815
2025-02-02 04:00:00,0.0,10.0,3.2815
2025-02-02 05:00:00,0.0,10.0,3.2815
2025-02-02 06:00:00,0.0,10.0,3.2815
2025-02-02 07:00:00,0.0,10.0,3.2815
2025-02-02 08:00:00,72410.14142551286,3474.6000682063573,7.0
2025-02-02 09:00:00,395170.10745225585,18917.660643648604,7.0
2025-02-02 10:00:00,738077.7409429981,35324.7244470334,7.0
2025-02-02 11:00:00,987035.7975305392,47236.593183279394,7.0
2025-02-02 12:00:00,1105585.0164585952,52908.8046152438,7.0
2025-02-02 13:00:00,1070131.2310300092,51212.45124545499,7.0
2025-02-02 14:00:00,900808.241557506,43110.87280179455,7.0
2025-02-02 15:00:00,607598.2509343696,29081.686647577495,7.0
2025-02-02 16:00:00,253024.27467097391,12116.42462540545,7.0
2025-02-02 17:00:00,14106.956466250233,684.9739936004896,7.0
2025-02-02 18:00:00,0.0,10.0,3.2815
2025-02-02 19:00:00,0.0,10.0,3.2815
2025-02-02 20:00:00,0.0,10.0,3.2815
2025-02-02 21:00:00,0.0,10.0,3.2815
2025-02-02 22:00:00,0.0,10.0,3.2815
2025-02-02 23:00:00,0.0,10.0,3.2815
2025-02-03 00:00:00,0.0,10.0,3.2815
2025-02-03 01:00:00,0.0,10.0,3.2815
2025-02-03 02:00:00,0.0,10.0,3.2815
2025-02-03 03:00:00,0.0,10.0,3.2815
2025-02-03 04:00:00,0.0,10.0,3.2815
2025-02-03 05:00:00,0.0,10.0,3.2815
2025-02-03 06:00:00,0.0,10.0,3.2815
2025-02-03 07:00:00,0.0,10.0,3.2815
2025-02-03 08:00:00,77825.43716064325,3733.705127303505,7.0
2025-02-03 09:00:00,404859.5910022093,19381.272296756426,7.0
2025-02-03 10:00:00,745020.5598308694,35656.91673831911,7.0
2025-02-03 11:00:00,979780.5894871088,46889.454042445395,7.0
2025-02-03 12:00:00,1093912.747942834,52350.322868078176,7.0
2025-02-03 13:00:00,1070519.6724810237,51231.03696081453,7.0
2025-02-03 14:00:00,907207.9727148749,43417.08003420454,7.0
2025-02-03 15:00:00,618073.2045550797,29582.880600721517,7.0
2025-02-03 16:00:00,263233.4002276636,12604.899532424095,7.0
2025-02-03 17:00:00,16745.340960141144,811.2124861311552,7.0
2025-02-03 18:00:00,0.0,10.0,3.2815
2025-02-03 19:00:00,0.0,10.0,3.2815
2025-02-03 20:00:00,0.0,10.0,3.2815
2025-02-03 21:00:00,0.0,10.0,3.2815
2025-02-03 22:00:00,0.0,10.0,3.2815
2025-02-03 23:00:00,0.0,10.0,3.2815
2025-02-04 00:00:00,0.0,10.0,3.2815
2025-02-04 01:00:00,0.0,10.0,3.2815
2025-02-04 02:00:00,0.0,10.0,3.2815
2025-02-04 03:00:00,0.0,10.0,3.2815
2025-02-04 04:00:00,0.0,10.0,3.2815
2025-02-04 05:00:00,0.0,10.0,3.2815
2025-02-04 06:00:00,0.0,10.0,3.2815
2025-02-04 07:00:00,0.0,10.0,3.2815
2025-02-04 08:00:00,59210.23001849705,2843.025359736701,7.0
2025-02-04 09:00:00,278738.56914550863,13346.773643325772,7.0
2025-02-04 10:00:00,453500.61617646663,21708.594075429028,7.0
2025-02-04 11:00:00,659391.282944621,31559.82215046034,7.0
2025-02-04 12:00:00,1008641.0120113054,48270.335502933274,7.0
2025-02-04 13:00:00,1027853.878065924,49189.61139071407,7.0
2025-02-04 14:00:00,878458.031151464,42041.48474408918,7.0
2025-02-04 15:00:00,609757.1874716147,29184.985046488742,7.0
2025-02-04 16:00:00,274675.80824321206,13152.383169531677,7.0
2025-02-04 17:00:00,19708.448119582776,952.987948305396,7.0
2025-02-04 18:00:00,0.0,10.0,3.2815
2025-02-04 19:00:00,0.0,10.0,3.2815
2025-02-04 20:00:00,0.0,10.0,3.2815
2025-02-04 21:00:00,0.0,10.0,3.2815
2025-02-04 22:00:00,0.0,10.0,3.2815
2025-02-04 23:00:00,0.0,10.0,3.2815
2025-02-05 00:00:00,0.0,10.0,3.2815
2025-02-05 01:00:00,0.0,10.0,3.2815
2025-02-05 02:00:00,0.0,10.0,3.2815
2025-02-05 03:00:00,0.0,10.0,3.2815
2025-02-05 04:00:00,0.0,10.0,3.2815
2025-02-05 05:00:00,0.0,10.0,3.2815
2025-02-05 06:00:00,0.0,10.0,3.2815
2025-02-05 07:00:00,0.0,10.0,3.2815
2025-02-05 08:00:00,29539.409371319238,1423.3688694411119,7.0
2025-02-05 09:00:00,148412.79892636885,7111.090857720998,7.0
2025-02-05 10:00:00,258652.43722807083,12385.714699907696,7.0
2025-02-05 11:00:00,362931.30127620226,17375.134032354174,7.0
2025-02-05 12:00:00,403029.6229927872,19293.71401879365,7.0
2025-02-05 13:00:00,492062.32017184986,23553.65168286363,7.0
2025-02-05 14:00:00,477817.2324386349,22872.06853773373,7.0
2025-02-05 15:00:00,307196.92425142694,14708.41742829794,7.0
2025-02-05 16:00:00,148453.89357790223,7113.057108990537,7.0
2025-02-05 17:00:00,9814.63500577787,479.5997610420034,7.0
2025-02-05 18:00:00,0.0,10.0,3.2815
2025-02-05 19:00:00,0.0,10.0,3.2815
2025-02-05 20:00:00,0.0,10.0,3.2815
2025-02-05 21:00:00,0.0,10.0,3.2815
2025-02-05 22:00:00,0.0,10.0,3.2815
2025-02-05 23:00:00,0.0,10.0,3.2815
2025-02-06 00:00:00,0.0,10.0,3.2815
2025-02-06 01:00:00,0.0,10.0,3.2815
2025-02-06 02:00:00,0.0,10.0,3.2815
2025-02-06 03:00:00,0.0,10.0,3.2815
2025-02-06 04:00:00,0.0,10.0,3.2815
2025-02-06 05:00:00,0.0,10.0,3.2815
2025-02-06 06:00:00,0.0,10.0,3.2815
2025-02-06 07:00:00,0.0,10.0,3.2815
2025-02-06 08:00:00,17855.466543518698,864.3285427520909,7.0
2025-02-06 09:00:00,83630.01939081158,4011.4363344885924,7.0
2025-02-06 10:00:00,184504.95771438282,8837.988407386738,7.0
2025-02-06 11:00:00,251943.48977943405,12064.712429637993,7.0
2025-02-06 12:00:00,341528.8765694635,16351.094572701606,7.0
2025-02-06 13:00:00,445149.13590124424,21309.00171776288,7.0
2025-02-06 14:00:00,509469.8401028862,24386.547373343838,7.0
2025-02-06 15:00:00,399471.7096627836,19123.478931233665,7.0
2025-02-06 16:00:00,187931.27740604006,9001.927148614355,7.0
2025-02-06 17:00:00,17263.254553482555,835.9930408364859,7.0
2025-02-06 18:00:00,0.0,10.0,3.2815
2025-02-06 19:00:00,0.0,10.0,3.2815
2025-02-06 20:00:00,0.0,10.0,3.2815
2025-02-06 21:00:00,0.0,10.0,3.2815
2025-02-06 22:00:00,0.0,10.0,3.2815
2025-02-06 23:00:00,0.0,10.0,3.2815
2025-02-07 00:00:00,0.0,10.0,3.2815
2025-02-07 01:00:00,0.0,10.0,3.2815
2025-02-07 02:00:00,0.0,10.0,3.2815
2025-02-07 03:00:00,0.0,10.0,3.2815
2025-02-07 04:00:00,0.0,10.0,3.2815
2025-02-07 05:00:00,0.0,10.0,3.2815
2025-02-07 06:00:00,0.0,10.0,3.2815
2025-02-07 07:00:00,0.0,10.0,3.2815
2025-02-07 08:00:00,51919.767903430744,2494.199421216782,7.0
2025-02-07 09:00:00,211407.569040683,10125.194690941771,7.0
2025-02-07 10:00:00,394902.10877454863,18904.837740409028,7.0
2025-02-07 11:00:00,646020.5787645592,30920.075538974128,7.0
2025-02-07 12:00:00,635392.7635941177,30411.56763608219,7.0
2025-02-07 13:00:00,463860.9126847033,22204.302042330302,7.0
2025-02-07 14:00:00,366202.2451532357,17531.638524078262,7.0
2025-02-07 15:00:00,334141.4743029705,15997.630349424428,7.0
2025-02-07 16:00:00,188190.27462742987,9014.319360164109,7.0
2025-02-07 17:00:00,22193.849563829302,1071.906677695182,7.0
2025-02-07 18:00:00,0.0,10.0,3.2815
2025-02-07 19:00:00,0.0,10.0,3.2815
2025-02-07 20:00:00,0.0,10.0,3.2815
2025-02-07 21:00:00,0.0,10.0,3.2815
2025-02-07 22:00:00,0.0,10.0,3.2815
2025-02-07 23:00:00,0.0,10.0,3.2815
2025-02-08 00:00:00,0.0,10.0,3.2815
2025-02-08 01:00:00,0.0,10.0,3.2815
2025-02-08 02:00:00,0.0,10.0,3.2815
2025-02-08 03:00:00,0.0,10.0,3.2815
2025-02-08 04:00:00,0.0,10.0,3.2815
2025-02-08 05:00:00,0.0,10.0,3.2815
2025-02-08 06:00:00,0.0,10.0,3.2815
2025-02-08 07:00:00,0.0,10.0,3.2815
2025-02-08 08:00:00,88077.56227424144,4224.237429389543,7.0
2025-02-08 09:00:00,372391.3707147921,17827.768933722113,7.0
2025-02-08 10:00:00,648739.159118133,31050.15115397766,7.0
2025-02-08 11:00:00,964881.2054509968,46176.56485411468,7.0
2025-02-08 12:00:00,1085642.7331859285,51954.628382101844,7.0
2025-02-08 13:00:00,999514.5493087907,47833.66264635362,7.0
2025-02-08 14:00:00,888531.5741933467,42523.47244944242,7.0
2025-02-08 15:00:00,564435.7463893729,27016.495042553724,7.0
2025-02-08 16:00:00,241216.05959905637,11551.438258328055,7.0
2025-02-08 17:00:00,27994.29941150017,1349.4401632296733,7.0
2025-02-08 18:00:00,0.0,10.0,3.2815
2025-02-08 19:00:00,0.0,10.0,3.2815
2025-02-08 20:00:00,0.0,10.0,3.2815
2025-02-08 21:00:00,0.0,10.0,3.2815
2025-02-08 22:00:00,0.0,10.0,3.2815
2025-02-08 23:00:00,0.0,10.0,3.2815
2025-02-09 00:00:00,0.0,10.0,3.2815
2025-02-09 01:00:00,0.0,10.0,3.2815
2025-02-09 02:00:00,0.0,10.0,3.2815
2025-02-09 03:00:00,0.0,10.0,3.2815
2025-02-09 04:00:00,0.0,10.0,3.2815
2025-02-09 05:00:00,0.0,10.0,3.2815
2025-02-09 06:00:00,0.0,10.0,3.2815
2025-02-09 07:00:00,0.0,10.0,3.2815
2025-02-09 08:00:00,83964.63812193958,4027.446800092803,7.0
2025-02-09 09:00:00,268311.63185611495,12847.877122302149,7.0
2025-02-09 10:00:00,438949.6991340896,21012.377948999503,7.0
2025-02-09 11:00:00,575145.9347311073,27528.94424550753,7.0
2025-02-09 12:00:00,676044.4684586234,32356.6252851016,7.0
2025-02-09 13:00:00,597298.7655758258,28588.888305063436,7.0
2025-02-09 14:00:00,468576.12587793753,22429.91032908792,7.0
2025-02-09 15:00:00,318051.61275983625,15227.7805148247,7.0
2025-02-09 16:00:00,148222.3569713094,7101.978802454995,7.0
2025-02-09 17:00:00,23474.231847703624,1133.168987928403,7.0
2025-02-09 18:00:00,0.0,10.0,3.2815
2025-02-09 19:00:00,0.0,10.0,3.2815
2025-02-09 20:00:00,0.0,10.0,3.2815
2025-02-09 21:00:00,0.0,10.0,3.2815
2025-02-09 22:00:00,0.0,10.0,3.2815
2025-02-09 23:00:00,0.0,10.0,3.2815
2025-02-10 00:00:00,0.0,10.0,3.2815
2025-02-10 01:00:00,0.0,10.0,3.2815
2025-02-10 02:00:00,0.0,10.0,3.2815
2025-02-10 03:00:00,0.0,10.0,3.2815
2025-02-10 04:00:00,0.0,10.0,3.2815
2025-02-10 05:00:00,0.0,10.0,3.2815
2025-02-10 06:00:00,0.0,10.0,3.2815
2025-02-10 07:00:00,0.0,10.0,3.2815
2025-02-10 08:00:00,76083.53192866394,3650.360379361911,7.0
2025-02-10 09:00:00,239708.01600210907,11479.283062301869,7.0
2025-02-10 10:00:00,376755.4940056916,18036.578660559408,7.0
2025-02-10 11:00:00,497886.6100348082,23832.32583898604,7.0
2025-02-10 12:00:00,511972.0751067622,24506.271536208715,7.0
2025-02-10 13:00:00,428474.18252372235,20511.157058551307,7.0
2025-02-10 14:00:00,296442.37121885706,14193.845512863974,7.0
2025-02-10 15:00:00,153727.84585687442,7365.399323295427,7.0
2025-02-10 16:00:00,81951.37304852295,3931.118327680524,7.0
2025-02-10 17:00:00,11110.077167254682,541.5826395815636,7.0
2025-02-10 18:00:00,0.0,10.0,3.2815
2025-02-10 19:00:00,0.0,10.0,3.2815
2025-02-10 20:00:00,0.0,10.0,3.2815
2025-02-10 21:00:00,0.0,10.0,3.2815
2025-02-10 22:00:00,0.0,10.0,3.2815
2025-02-10 23:00:00,0.0,10.0,3.2815
2025-02-11 00:00:00,0.0,10.0,3.2815
2025-02-11 01:00:00,0.0,10.0,3.2815
2025-02-11 02:00:00,0.0,10.0,3.2815
2025-02-11 03:00:00,0.0,10.0,3.2815
2025-02-11 04:00:00,0.0,10.0,3.2815
2025-02-11 05:00:00,0.0,10.0,3.2815
2025-02-11 06:00:00,0.0,10.0,3.2815
2025-02-11 07:00:00,0.0,10.0,3.2815
2025-02-11 08:00:00,43196.29667124204,2076.8084531694753,7.0
2025-02-11 09:00:00,195909.63146492207,9383.666577269,7.0
2025-02-11 10:00:00,393035.4680438379,18815.5247867865,7.0
2025-02-11 11:00:00,697309.2478125098,33374.07884270382,7.0
2025-02-11 12:00:00,765737.5997965484,36648.16266969131,7.0
2025-02-11 13:00:00,459040.55762122286,21973.66304407765,7.0
2025-02-11 14:00:00,364615.6324548106,17455.72404090003,7.0
2025-02-11 15:00:00,323118.65652838553,15470.222800401221,7.0
2025-02-11 16:00:00,119476.82736197654,5726.594610620887,7.0
2025-02-11 17:00:00,17949.73315962699,868.8389071591862,7.0
2025-02-11 18:00:00,0.0,10.0,3.2815
2025-02-11 19:00:00,0.0,10.0,3.2815
2025-02-11 20:00:00,0.0,10.0,3.2815
2025-02-11 21:00:00,0.0,10.0,3.2815
2025-02-11 22:00:00,0.0,10.0,3.2815
2025-02-11 23:00:00,0.0,10.0,3.2815
2025-02-12 00:00:00,0.0,10.0,3.2815
2025-02-12 01:00:00,0.0,10.0,3.2815
2025-02-12 02:00:00,0.0,10.0,3.2815
2025-02-12 03:00:00,0.0,10.0,3.2815
2025-02-12 04:00:00,0.0,10.0,3.2815
2025-02-12 05:00:00,0.0,10.0,3.2815
2025-02-12 06:00:00,0.0,10.0,3.2815
2025-02-12 07:00:00,0.0,10.0,3.2815
2025-02-12 08:00:00,108507.2499170073,5201.7344457898225,7.0
2025-02-12 09:00:00,314813.2862352377,15072.836661973097,7.0
2025-02-12 10:00:00,508225.844972655,24327.02607524665,7.0
2025-02-12 11:00:00,718276.8819635557,34377.31492648592,7.0
2025-02-12 12:00:00,753737.6043493376,36074.000208102276,7.0
2025-02-12 13:00:00,712973.4826284769,34123.563762128084,7.0
2025-02-12 14:00:00,524889.7772722632,25124.343410156136,7.0
2025-02-12 15:00:00,386261.4643343088,18491.409776761186,7.0
2025-02-12 16:00:00,168836.17279561213,8088.28577969436,7.0
2025-02-12 17:00:00,24553.245548700383,1184.7964377368603,7.0
2025-02-12 18:00:00,0.0,10.0,3.2815
2025-02-12 19:00:00,0.0,10.0,3.2815
2025-02-12 20:00:00,0.0,10.0,3.2815
2025-02-12 21:00:00,0.0,10.0,3.2815
2025-02-12 22:00:00,0.0,10.0,3.2815
2025-02-12 23:00:00,0.0,10.0,3.2815
2025-02-13 00:00:00,0.0,10.0,3.2815
2025-02-13 01:00:00,0.0,10.0,3.2815
2025-02-13 02:00:00,0.0,10.0,3.2815
2025-02-13 03:00:00,0.0,10.0,3.2815
2025-02-13 04:00:00,0.0,10.0,3.2815
2025-02-13 05:00:00,0.0,10.0,3.2815
2025-02-13 06:00:00,0.0,10.0,3.2815
2025-02-13 07:00:00,163.98213427862692,17.846035132948657,3.9744748784793518
2025-02-13 08:00:00,65968.36427921482,3166.3810659911396,7.0
2025-02-13 09:00:00,253928.82540399703,12159.704564784546,7.0
2025-02-13 10:00:00,259067.0103319978,12405.55073358841,7.0
2025-02-13 11:00:00,428859.69167873164,20529.602472666586,7.0
2025-02-13 12:00:00,495236.6134753228,23705.531745230754,7.0
2025-02-13 13:00:00,523672.9183647888,25066.12049592291,7.0
2025-02-13 14:00:00,419886.02857876214,20100.240601854646,7.0
2025-02-13 15:00:00,286743.19934258267,13729.770303472853,7.0
2025-02-13 16:00:00,135218.43235484892,6479.781452385116,7.0
2025-02-13 17:00:00,18552.390390500575,897.6741813636639,7.0
2025-02-13 18:00:00,0.0,10.0,3.2815
2025-02-13 19:00:00,0.0,10.0,3.2815
2025-02-13 20:00:00,0.0,10.0,3.2815
2025-02-13 21:00:00,0.0,10.0,3.2815
2025-02-13 22:00:00,0.0,10.0,3.2815
2025-02-13 23:00:00,0.0,10.0,3.2815
2025-02-14 00:00:00,0.0,10.0,3.2815
2025-02-14 01:00:00,0.0,10.0,3.2815
2025-02-14 02:00:00,0.0,10.0,3.2815
2025-02-14 03:00:00,0.0,10.0,3.2815
2025-02-14 04:00:00,0.0,10.0,3.2815
2025-02-14 05:00:00,0.0,10.0,3.2815
2025-02-14 06:00:00,0.0,10.0,3.2815
2025-02-14 07:00:00,366.7489874094865,27.547798440645288,5.379076781172777
2025-02-14 08:00:00,60247.41569064038,2892.651468451693,7.0
2025-02-14 09:00:00,203696.006538122,9756.220408522584,7.0
2025-02-14 10:00:00,380757.3362106442,18228.054364145657,7.0
2025-02-14 11:00:00,554691.9725832063,26550.2857695314,7.0
2025-02-14 12:00:00,536970.6185809745,25702.374094783474,7.0
2025-02-14 13:00:00,455731.56983287365,21815.338269515487,7.0
2025-02-14 14:00:00,427934.0000605865,20485.311007683566,7.0
2025-02-14 15:00:00,252561.29346632515,12094.272414656707,7.0
2025-02-14 16:00:00,188574.70522595607,9032.713168706032,7.0
2025-02-14 17:00:00,36898.588631007995,1775.4827096176073,7.0
2025-02-14 18:00:00,0.0,10.0,3.2815
2025-02-14 19:00:00,0.0,10.0,3.2815
2025-02-14 20:00:00,0.0,10.0,3.2815
2025-02-14 21:00:00,0.0,10.0,3.2815
2025-02-14 22:00:00,0.0,10.0,3.2815
2025-02-14 23:00:00,0.0,10.0,3.2815
2025-02-15 00:00:00,0.0,10.0,3.2815
2025-02-15 01:00:00,0.0,10.0,3.2815
2025-02-15 02:00:00,0.0,10.0,3.2815
2025-02-15 03:00:00,0.0,10.0,3.2815
2025-02-15 04:00:00,0.0,10.0,3.2815
2025-02-15 05:00:00,0.0,10.0,3.2815
2025-02-15 06:00:00,0.0,10.0,3.2815
2025-02-15 07:00:00,1238.8870801689234,69.27689378798677,7.0
2025-02-15 08:00:00,149837.1144607721,7179.239926352732,7.0
2025-02-15 09:00:00,493871.1042512239,23640.196375656647,7.0
2025-02-15 10:00:00,806335.2374732915,38590.63337192783,7.0
2025-02-15 11:00:00,1075751.0598782331,51481.342577905896,7.0
2025-02-15 12:00:00,1101693.623114923,52722.61354616856,7.0
2025-02-15 13:00:00,1043516.9032070353,49939.03843095863,7.0
2025-02-15 14:00:00,792962.0631215576,37950.768570409455,7.0
2025-02-15 15:00:00,509525.37302566675,24389.20445098884,7.0
2025-02-15 16:00:00,225938.95947680296,10820.476529990572,7.0
2025-02-15 17:00:00,36288.67893501836,1746.3004275128403,7.0
2025-02-15 18:00:00,0.0,10.0,3.2815
2025-02-15 19:00:00,0.0,10.0,3.2815
2025-02-15 20:00:00,0.0,10.0,3.2815
2025-02-15 21:00:00,0.0,10.0,3.2815
2025-02-15 22:00:00,0.0,10.0,3.2815
2025-02-15 23:00:00,0.0,10.0,3.2815
2025-02-16 00:00:00,0.0,10.0,3.2815
2025-02-16 01:00:00,0.0,10.0,3.2815
2025-02-16 02:00:00,0.0,10.0,3.2815
2025-02-16 03:00:00,0.0,10.0,3.2815
2025-02-16 04:00:00,0.0,10.0,3.2815
2025-02-16 05:00:00,0.0,10.0,3.2815
2025-02-16 06:00:00,0.0,10.0,3.2815
2025-02-16 07:00:00,2368.784128800087,123.33895353110462,7.0
2025-02-16 08:00:00,189399.22901391087,9072.164067651238,7.0
2025-02-16 09:00:00,561519.5947034054,26876.966253751452,7.0
2025-02-16 10:00:00,925369.766837369,44286.06539891718,7.0
2025-02-16 11:00:00,1139251.7384829186,54519.652558991314,7.0
2025-02-16 12:00:00,1224246.1224522537,58586.369495323146,7.0
2025-02-16 13:00:00,1228301.2378601276,58780.39415598697,7.0
2025-02-16 14:00:00,1042316.7038630256,49881.612625025155,7.0
2025-02-16 15:00:00,745812.5686193849,35694.81189566435,7.0
2025-02-16 16:00:00,313110.57247379207,14991.36710400919,7.0
2025-02-16 17:00:00,64876.4611291687,3114.136896132474,7.0
2025-02-16 18:00:00,0.0,10.0,3.2815
2025-02-16 19:00:00,0.0,10.0,3.2815
2025-02-16 20:00:00,0.0,10.0,3.2815
2025-02-16 21:00:00,0.0,10.0,3.2815
2025-02-16 22:00:00,0.0,10.0,3.2815
2025-02-16 23:00:00,0.0,10.0,3.2815
2025-02-17 00:00:00,0.0,10.0,3.2815
2025-02-17 01:00:00,0.0,10.0,3.2815
2025-02-17 02:00:00,0.0,10.0,3.2815
2025-02-17 03:00:00,0.0,10.0,3.2815
2025-02-17 04:00:00,0.0,10.0,3.2815
2025-02-17 05:00:00,0.0,10.0,3.2815
2025-02-17 06:00:00,0.0,10.0,3.2815
2025-02-17 07:00:00,3871.5190630942952,195.24014655953565,7.0
2025-02-17 08:00:00,211206.80151339935,10115.588589157864,7.0
2025-02-17 09:00:00,601661.0836557517,28797.61165816994,7.0
2025-02-17 10:00:00,958499.9202972028,45871.24020560779,7.0
2025-02-17 11:00:00,1220079.7157024306,58387.01989006844,7.0
2025-02-17 12:00:00,1348708.819142549,64541.522447011914,7.0
2025-02-17 13:00:00,1299402.314115888,62182.359527075976,7.0
2025-02-17 14:00:00,1111051.4487530692,53170.35639966838,7.0
2025-02-17 15:00:00,820385.460851577,39262.89286371182,7.0
2025-02-17 16:00:00,444448.46348823735,21275.47672192523,7.0
2025-02-17 17:00:00,90670.77495790579,4348.314591287358,7.0
2025-02-17 18:00:00,0.0,10.0,3.2815
2025-02-17 19:00:00,0.0,10.0,3.2815
2025-02-17 20:00:00,0.0,10.0,3.2815
2025-02-17 21:00:00,0.0,10.0,3.2815
2025-02-17 22:00:00,0.0,10.0,3.2815
2025-02-17 23:00:00,0.0,10.0,3.2815
2025-02-18 00:00:00,0.0,10.0,3.2815
2025-02-18 01:00:00,0.0,10.0,3.2815
2025-02-18 02:00:00,0.0,10.0,3.2815
2025-02-18 03:00:00,0.0,10.0,3.2815
2025-02-18 04:00:00,0.0,10.0,3.2815
2025-02-18 05:00:00,0.0,10.0,3.2815
2025-02-18 06:00:00,0.0,10.0,3.2815
2025-02-18 07:00:00,5427.132250607295,269.67139955058826,7.0
2025-02-18 08:00:00,223277.42409796178,10693.130339615396,7.0
2025-02-18 09:00:00,618021.8117254145,29580.421613656195,7.0
2025-02-18 10:00:00,985511.4970868087,47163.660147694194,7.0
2025-02-18 11:00:00,1243259.787486905,59496.11423382321,7.0
2025-02-18 12:00:00,1365177.253327073,65329.48580512311,7.0
2025-02-18 13:00:00,1334619.9354073235,63867.4131773839,7.0
2025-02-18 14:00:00,1155177.846020751,55281.667273720144,7.0
2025-02-18 15:00:00,852158.5916356249,40783.13835577152,7.0
2025-02-18 16:00:00,456859.1310281194,21869.28856593873,7.0
2025-02-18 17:00:00,95500.4084828924,4579.3975350666215,7.0
2025-02-18 18:00:00,0.0,10.0,3.2815
2025-02-18 19:00:00,0.0,10.0,3.2815
2025-02-18 20:00:00,0.0,10.0,3.2815
2025-02-18 21:00:00,0.0,10.0,3.2815
2025-02-18 22:00:00,0.0,10.0,3.2815
2025-02-18 23:00:00,0.0,10.0,3.2815
2025-02-19 00:00:00,0.0,10.0,3.2815
2025-02-19 01:00:00,0.0,10.0,3.2815
2025-02-19 02:00:00,0.0,10.0,3.2815
2025-02-19 03:00:00,0.0,10.0,3.2815
2025-02-19 04:00:00,0.0,10.0,3.2815
2025-02-19 05:00:00,0.0,10.0,3.2815
2025-02-19 06:00:00,0.0,10.0,3.2815
2025-02-19 07:00:00,6824.287230974219,336.52092014230715,7.0
2025-02-19 08:00:00,202678.34797350108,9707.528611172302,7.0
2025-02-19 09:00:00,548862.4585238823,26271.361651860396,7.0
2025-02-19 10:00:00,870107.2144881578,41641.924138189366,7.0
2025-02-19 11:00:00,1083257.692025854,51840.51158018441,7.0
2025-02-19 12:00:00,1180665.089795232,56501.15262178144,7.0
2025-02-19 13:00:00,1129531.6643240077,54054.57724038314,7.0
2025-02-19 14:00:00,949803.3176663934,45455.134816573845,7.0
2025-02-19 15:00:00,701383.5015521351,33569.019213020816,7.0
2025-02-19 16:00:00,404044.51420735393,19342.273407050427,7.0
2025-02-19 17:00:00,80569.18724681823,3864.9850357329296,7.0
2025-02-19 18:00:00,0.0,10.0,3.2815
2025-02-19 19:00:00,0.0,10.0,3.2815
2025-02-19 20:00:00,0.0,10.0,3.2815
2025-02-19 21:00:00,0.0,10.0,3.2815
2025-02-19 22:00:00,0.0,10.0,3.2815
2025-02-19 23:00:00,0.0,10.0,3.2815
2025-02-20 00:00:00,0.0,10.0,3.2815
2025-02-20 01:00:00,0.0,10.0,3.2815
2025-02-20 02:00:00,0.0,10.0,3.2815
2025-02-20 03:00:00,0.0,10.0,3.2815
2025-02-20 04:00:00,0.0,10.0,3.2815
2025-02-20 05:00:00,0.0,10.0,3.2815
2025-02-20 06:00:00,0.0,10.0,3.2815
2025-02-20 07:00:00,6818.9556915789,336.2658225635837,7.0
2025-02-20 08:00:00,186438.01547417988,8930.479209290903,7.0
2025-02-20 09:00:00,423810.9053503814,20288.033748822076,7.0
2025-02-20 10:00:00,714718.206281599,34207.04336275593,7.0
2025-02-20 11:00:00,928035.9717842801,44413.635013601925,7.0
2025-02-20 12:00:00,1069263.9824884697,51170.95609992678,7.0
2025-02-20 13:00:00,1163442.4132613768,55677.101112984536,7.0
2025-02-20 14:00:00,865956.4214789874,41443.32160186543,7.0
2025-02-20 15:00:00,511879.54523946985,24501.844269831094,7.0
2025-02-20 16:00:00,220158.31297414124,10543.890572925418,7.0
2025-02-20 17:00:00,39893.64998330042,1918.7870805406899,7.0
2025-02-20 18:00:00,0.0,10.0,3.2815
2025-02-20 19:00:00,0.0,10.0,3.2815
2025-02-20 20:00:00,0.0,10.0,3.2815
2025-02-20 21:00:00,0.0,10.0,3.2815
2025-02-20 22:00:00,0.0,10.0,3.2815
2025-02-20 23:00:00,0.0,10.0,3.2815
2025-02-21 00:00:00,0.0,10.0,3.2815
2025-02-21 01:00:00,0.0,10.0,3.2815
2025-02-21 02:00:00,0.0,10.0,3.2815
2025-02-21 03:00:00,0.0,10.0,3.2815
2025-02-21 04:00:00,0.0,10.0,3.2815
2025-02-21 05:00:00,0.0,10.0,3.2815
2025-02-21 06:00:00,0.0,10.0,3.2815
2025-02-21 07:00:00,10141.321172536642,495.230678111801,7.0
2025-02-21 08:00:00,129800.95769051037,6220.572138301932,7.0
2025-02-21 09:00:00,218807.85502586624,10479.275360089294,7.0
2025-02-21 10:00:00,780265.4530666276,37343.275266345816,7.0
2025-02-21 11:00:00,1196583.794114705,57262.81311553612,7.0
2025-02-21 12:00:00,1298060.435289057,62118.15479851948,7.0
2025-02-21 13:00:00,1249026.9124658017,59772.05322802879,7.0
2025-02-21 14:00:00,980423.853588553,46920.23222911737,7.0
2025-02-21 15:00:00,831576.5177986093,39798.35013390476,7.0
2025-02-21 16:00:00,474201.00295009237,22699.043203353704,7.0
2025-02-21 17:00:00,113410.88071990544,5436.357929182078,7.0
2025-02-21 18:00:00,0.0,10.0,3.2815
2025-02-21 19:00:00,0.0,10.0,3.2815
2025-02-21 20:00:00,0.0,10.0,3.2815
2025-02-21 21:00:00,0.0,10.0,3.2815
2025-02-21 22:00:00,0.0,10.0,3.2815
2025-02-21 23:00:00,0.0,10.0,3.2815
2025-02-22 00:00:00,0.0,10.0,3.2815
2025-02-22 01:00:00,0.0,10.0,3.2815
2025-02-22 02:00:00,0.0,10.0,3.2815
2025-02-22 03:00:00,0.0,10.0,3.2815
2025-02-22 04:00:00,0.0,10.0,3.2815
2025-02-22 05:00:00,0.0,10.0,3.2815
2025-02-22 06:00:00,0.0,10.0,3.2815
2025-02-22 07:00:00,9427.562773280722,461.07955853017813,7.0
2025-02-22 08:00:00,117554.07743028799,5634.597006233875,7.0
2025-02-22 09:00:00,340028.71363322693,16279.316441781193,7.0
2025-02-22 10:00:00,524078.1005774586,25085.507204663092,7.0
2025-02-22 11:00:00,606527.2488756052,29030.442529933265,7.0
2025-02-22 12:00:00,603073.7134544058,28865.201600689274,7.0
2025-02-22 13:00:00,542756.9216702952,25979.230701928,7.0
2025-02-22 14:00:00,475743.18695135356,22772.831911548015,7.0
2025-02-22 15:00:00,165397.70663697566,7923.765867797879,7.0
2025-02-22 16:00:00,72834.9952245418,3494.9280011742485,7.0
2025-02-22 17:00:00,29227.11912048171,1408.4267521761585,7.0
2025-02-22 18:00:00,0.0,10.0,3.2815
2025-02-22 19:00:00,0.0,10.0,3.2815
2025-02-22 20:00:00,0.0,10.0,3.2815
2025-02-22 21:00:00,0.0,10.0,3.2815
2025-02-22 22:00:00,0.0,10.0,3.2815
2025-02-22 23:00:00,0.0,10.0,3.2815
2025-02-23 00:00:00,0.0,10.0,3.2815
2025-02-23 01:00:00,0.0,10.0,3.2815
2025-02-23 02:00:00,0.0,10.0,3.2815
2025-02-23 03:00:00,0.0,10.0,3.2815
2025-02-23 04:00:00,0.0,10.0,3.2815
2025-02-23 05:00:00,0.0,10.0,3.2815
2025-02-23 06:00:00,0.0,10.0,3.2815
2025-02-23 07:00:00,16489.56261154287,798.9742876336303,7.0
2025-02-23 08:00:00,264288.37425924,12655.37675881531,7.0
2025-02-23 09:00:00,606282.622008081,29018.73789512349,7.0
2025-02-23 10:00:00,1011315.5988112505,48398.30616321773,7.0
2025-02-23 11:00:00,1286099.7775915181,61545.87452590996,7.0
2025-02-23 12:00:00,1264337.7006260408,60504.62682421247,7.0
2025-02-23 13:00:00,1203681.8991347237,57602.43536529778,7.0
2025-02-23 14:00:00,852149.4693514253,40782.701882843314,7.0
2025-02-23 15:00:00,622161.1666726985,29778.476874291795,7.0
2025-02-23 16:00:00,342193.46937203495,16382.893271389234,7.0
2025-02-23 17:00:00,106700.21704480135,5115.273542813462,7.0
2025-02-23 18:00:00,0.0,10.0,3.2815
2025-02-23 19:00:00,0.0,10.0,3.2815
2025-02-23 20:00:00,0.0,10.0,3.2815
2025-02-23 21:00:00,0.0,10.0,3.2815
2025-02-23 22:00:00,0.0,10.0,3.2815
2025-02-23 23:00:00,0.0,10.0,3.2815
2025-02-24 00:00:00,0.0,10.0,3.2815
2025-02-24 01:00:00,0.0,10.0,3.2815
2025-02-24 02:00:00,0.0,10.0,3.2815
2025-02-24 03:00:00,0.0,10.0,3.2815
2025-02-24 04:00:00,0.0,10.0,3.2815
2025-02-24 05:00:00,0.0,10.0,3.2815
2025-02-24 06:00:00,0.0,10.0,3.2815
2025-02-24 07:00:00,8527.541009238548,418.0163162315095,7.0
2025-02-24 08:00:00,120070.23397703143,5754.987271628298,7.0
2025-02-24 09:00:00,212108.56218811535,10158.73503292418,7.0
2025-02-24 10:00:00,230536.66252551778,11040.46232179511,7.0
2025-02-24 11:00:00,386373.7615760294,18496.782850527725,7.0
2025-02-24 12:00:00,634000.9194239413,30344.97222124121,7.0
2025-02-24 13:00:00,499764.4460305215,23922.174451221123,7.0
2025-02-24 14:00:00,401966.9049090154,19242.866263589254,7.0
2025-02-24 15:00:00,251048.42367106397,12021.886300050906,7.0
2025-02-24 16:00:00,95992.94894368821,4602.964064291302,7.0
2025-02-24 17:00:00,13436.994213813792,652.9183834360666,7.0
2025-02-24 18:00:00,0.0,10.0,3.2815
2025-02-24 19:00:00,0.0,10.0,3.2815
2025-02-24 20:00:00,0.0,10.0,3.2815
2025-02-24 21:00:00,0.0,10.0,3.2815
2025-02-24 22:00:00,0.0,10.0,3.2815
2025-02-24 23:00:00,0.0,10.0,3.2815
2025-02-25 00:00:00,0.0,10.0,3.2815
2025-02-25 01:00:00,0.0,10.0,3.2815
2025-02-25 02:00:00,0.0,10.0,3.2815
2025-02-25 03:00:00,0.0,10.0,3.2815
2025-02-25 04:00:00,0.0,10.0,3.2815
2025-02-25 05:00:00,0.0,10.0,3.2815
2025-02-25 06:00:00,0.0,10.0,3.2815
2025-02-25 07:00:00,20933.01380298731,1011.5796077984357,7.0
2025-02-25 08:00:00,233158.40276043955,11165.904438298543,7.0
2025-02-25 09:00:00,557585.8921306423,26688.750819647958,7.0
2025-02-25 10:00:00,914451.0410661544,43763.63832852413,7.0
2025-02-25 11:00:00,949014.4930731555,45417.39201306964,7.0
2025-02-25 12:00:00,1028106.8725897982,49201.716391856375,7.0
2025-02-25 13:00:00,959293.5729186416,45909.214015246005,7.0
2025-02-25 14:00:00,694603.8150155467,33244.632297394586,7.0
2025-02-25 15:00:00,468390.03149912274,22421.006291824055,7.0
2025-02-25 16:00:00,256831.79722199758,12298.602737894622,7.0
2025-02-25 17:00:00,63740.62410916156,3059.7906272326104,7.0
2025-02-25 18:00:00,0.0,10.0,3.2815
2025-02-25 19:00:00,0.0,10.0,3.2815
2025-02-25 20:00:00,0.0,10.0,3.2815
2025-02-25 21:00:00,0.0,10.0,3.2815
2025-02-25 22:00:00,0.0,10.0,3.2815
2025-02-25 23:00:00,0.0,10.0,3.2815
2025-02-26 00:00:00,0.0,10.0,3.2815
2025-02-26 01:00:00,0.0,10.0,3.2815
2025-02-26 02:00:00,0.0,10.0,3.2815
2025-02-26 03:00:00,0.0,10.0,3.2815
2025-02-26 04:00:00,0.0,10.0,3.2815
2025-02-26 05:00:00,0.0,10.0,3.2815
2025-02-26 06:00:00,0.0,10.0,3.2815
2025-02-26 07:00:00,10645.247391709798,519.3419804645836,7.0
2025-02-26 08:00:00,168087.5175094165,8052.46495260366,7.0
2025-02-26 09:00:00,413574.18763886474,19798.238643007884,7.0
2025-02-26 10:00:00,542913.7492755877,25986.73441509989,7.0
2025-02-26 11:00:00,1032208.4081030271,49397.96211019268,7.0
2025-02-26 12:00:00,1014360.193357358,48543.980543414254,7.0
2025-02-26 13:00:00,964051.6391734739,46136.87268772603,7.0
2025-02-26 14:00:00,889392.0860625802,42564.64526615216,7.0
2025-02-26 15:00:00,578013.947199028,27666.169722441533,7.0
2025-02-26 16:00:00,384496.197486768,18406.94724817072,7.0
2025-02-26 17:00:00,126369.13176588065,6056.369940951227,7.0
2025-02-26 18:00:00,336.86428481955414,26.117908364571967,5.112770289076455
2025-02-26 19:00:00,0.0,10.0,3.2815
2025-02-26 20:00:00,0.0,10.0,3.2815
2025-02-26 21:00:00,0.0,10.0,3.2815
2025-02-26 22:00:00,0.0,10.0,3.2815
2025-02-26 23:00:00,0.0,10.0,3.2815
2025-02-27 00:00:00,0.0,10.0,3.2815
2025-02-27 01:00:00,0.0,10.0,3.2815
2025-02-27 02:00:00,0.0,10.0,3.2815
2025-02-27 03:00:00,0.0,10.0,3.2815
2025-02-27 04:00:00,0.0,10.0,3.2815
2025-02-27 05:00:00,0.0,10.0,3.2815
2025-02-27 06:00:00,0.0,10.0,3.2815
2025-02-27 07:00:00,21632.84242371193,1045.0642307996138,7.0
2025-02-27 08:00:00,141943.87980579195,6801.573196449375,7.0
2025-02-27 09:00:00,434042.59450951073,20777.588254043578,7.0
2025-02-27 10:00:00,850381.7884354028,40698.12384858386,7.0
2025-02-27 11:00:00,1021360.2130768554,48878.909716595954,7.0
2025-02-27 12:00:00,1108333.6735946964,53040.31931075103,7.0
2025-02-27 13:00:00,1325864.0492319565,63448.47125511753,7.0
2025-02-27 14:00:00,938895.2978156431,44933.2199911791,7.0
2025-02-27 15:00:00,610493.3366783003,29220.20749656939,7.0
2025-02-27 16:00:00,344558.162677384,16496.03649174086,7.0
2025-02-27 17:00:00,102711.48883280526,4924.425303005037,7.0
2025-02-27 18:00:00,741.0710525364448,45.457945097437545,7.0
2025-02-27 19:00:00,0.0,10.0,3.2815
2025-02-27 20:00:00,0.0,10.0,3.2815
2025-02-27 21:00:00,0.0,10.0,3.2815
2025-02-27 22:00:00,0.0,10.0,3.2815
2025-02-27 23:00:00,0.0,10.0,3.2815
2025-02-28 00:00:00,0.0,10.0,3.2815
2025-02-28 01:00:00,0.0,10.0,3.2815
2025-02-28 02:00:00,0.0,10.0,3.2815
2025-02-28 03:00:00,0.0,10.0,3.2815
2025-02-28 04:00:00,0.0,10.0,3.2815
2025-02-28 05:00:00,0.0,10.0,3.2815
2025-02-28 06:00:00,0.0,10.0,3.2815
2025-02-28 07:00:00,13513.525302331276,656.5801580062812,7.0
2025-02-28 08:00:00,141169.8954047732,6764.540449989148,7.0
2025-02-28 09:00:00,293571.3452715043,14056.47585031121,7.0
2025-02-28 10:00:00,537902.1112274355,25746.943120929925,7.0
2025-02-28 11:00:00,565541.8718906252,27069.419707685418,7.0
2025-02-28 12:00:00,735787.2534277401,35215.13174295407,7.0
2025-02-28 13:00:00,650528.3540030319,31135.758564738368,7.0
2025-02-28 14:00:00,750808.0989869126,35933.83248741209,7.0
2025-02-28 15:00:00,607981.7594652643,29100.036338050926,7.0
2025-02-28 16:00:00,332111.8495079302,15900.519115211971,7.0
2025-02-28 17:00:00,127997.30717024628,6134.273070346711,7.0
2025-02-28 18:00:00,1189.9852076265156,66.93709127399596,7.0
2025-02-28 19:00:00,0.0,10.0,3.2815
2025-02-28 20:00:00,0.0,10.0,3.2815
2025-02-28 21:00:00,0.0,10.0,3.2815
2025-02-28 22:00:00,0.0,10.0,3.2815
2025-02-28 23:00:00,0.0,10.0,3.2815
2025-03-01 00:00:00,0.0,10.0,3.2815
2025-03-01 01:00:00,0.0,10.0,3.2815
2025-03-01 02:00:00,0.0,10.0,3.2815
2025-03-01 03:00:00,0.0,10.0,3.2815
2025-03-01 04:00:00,0.0,10.0,3.2815
2025-03-01 05:00:00,0.0,10.0,3.2815
2025-03-01 06:00:00,0.0,10.0,3.2815
2025-03-01 07:00:00,23463.480906742847,1132.6545888393707,7.0
2025-03-01 08:00:00,164735.67407223964,7892.089668528212,7.0
2025-03-01 09:00:00,467146.7669137435,22361.519948026005,7.0
2025-03-01 10:00:00,562284.296484051,26913.55485569622,7.0
2025-03-01 11:00:00,681672.1429262243,32625.892006039438,7.0
2025-03-01 12:00:00,593682.7683762169,28415.874084986455,7.0
2025-03-01 13:00:00,554884.7055023068,26559.50744030176,7.0
2025-03-01 14:00:00,564217.0746161109,27006.03227828282,7.0
2025-03-01 15:00:00,349914.9909518861,16752.344064683548,7.0
2025-03-01 16:00:00,277582.12705487286,13291.441485879084,7.0
2025-03-01 17:00:00,112991.93432525935,5416.312647141596,7.0
2025-03-01 18:00:00,1742.1482166333303,93.35637400159476,7.0
2025-03-01 19:00:00,0.0,10.0,3.2815
2025-03-01 20:00:00,0.0,10.0,3.2815
2025-03-01 21:00:00,0.0,10.0,3.2815
2025-03-01 22:00:00,0.0,10.0,3.2815
2025-03-01 23:00:00,0.0,10.0,3.2815
2025-03-02 00:00:00,0.0,10.0,3.2815
2025-03-02 01:00:00,0.0,10.0,3.2815
2025-03-02 02:00:00,0.0,10.0,3.2815
2025-03-02 03:00:00,0.0,10.0,3.2815
2025-03-02 04:00:00,0.0,10.0,3.2815
2025-03-02 05:00:00,0.0,10.0,3.2815
2025-03-02 06:00:00,0.0,10.0,3.2815
2025-03-02 07:00:00,47600.49555915289,2287.5356726867412,7.0
2025-03-02 08:00:00,371261.87036695855,17773.7258548784,7.0
2025-03-02 09:00:00,795036.6209928489,38050.0297125765,7.0
2025-03-02 10:00:00,1082014.3054967297,51781.019401757396,7.0
2025-03-02 11:00:00,1438269.5670960655,68826.72569837634,7.0
2025-03-02 12:00:00,1467809.1454111105,70240.1026512493,7.0
2025-03-02 13:00:00,1545757.528186287,73969.69034384147,7.0
2025-03-02 14:00:00,1364694.4101805526,65306.383262227406,7.0
2025-03-02 15:00:00,1056729.6586949232,50571.227688752304,7.0
2025-03-02 16:00:00,644170.230935125,30831.542150005982,7.0
2025-03-02 17:00:00,220174.36471565353,10544.658598835098,7.0
2025-03-02 18:00:00,3955.8359687255856,199.2744482643821,7.0
2025-03-02 19:00:00,0.0,10.0,3.2815
2025-03-02 20:00:00,0.0,10.0,3.2815
2025-03-02 21:00:00,0.0,10.0,3.2815
2025-03-02 22:00:00,0.0,10.0,3.2815
2025-03-02 23:00:00,0.0,10.0,3.2815
2025-03-03 00:00:00,0.0,10.0,3.2815
2025-03-03 01:00:00,0.0,10.0,3.2815
2025-03-03 02:00:00,0.0,10.0,3.2815
2025-03-03 03:00:00,0.0,10.0,3.2815
2025-03-03 04:00:00,0.0,10.0,3.2815
2025-03-03 05:00:00,0.0,10.0,3.2815
2025-03-03 06:00:00,0.0,10.0,3.2815
2025-03-03 07:00:00,61692.185384590535,2961.7792050043317,7.0
2025-03-03 08:00:00,414069.667823833,19821.94582889153,7.0
2025-03-03 09:00:00,861038.2937906547,41208.00448759114,7.0
2025-03-03 10:00:00,1242102.076317693,59440.72135491354,7.0
2025-03-03 11:00:00,1509690.583568282,72243.99921379339,7.0
2025-03-03 12:00:00,1627835.1082142666,77896.84728297926,7.0
2025-03-03 13:00:00,1587832.2797304324,75982.83635073839,7.0
2025-03-03 14:00:00,1395080.3005463758,66760.25361465913,7.0
2025-03-03 15:00:00,1079473.810706543,51659.46462710732,7.0
2025-03-03 16:00:00,664007.9527549418,31780.715442820183,7.0
2025-03-03 17:00:00,233496.14584382882,11182.064394441571,7.0
2025-03-03 18:00:00,5381.747898434826,267.4998994466424,7.0
2025-03-03 19:00:00,0.0,10.0,3.2815
2025-03-03 20:00:00,0.0,10.0,3.2815
2025-03-03 21:00:00,0.0,10.0,3.2815
2025-03-03 22:00:00,0.0,10.0,3.2815
2025-03-03 23:00:00,0.0,10.0,3.2815
2025-03-04 00:00:00,0.0,10.0,3.2815
2025-03-04 01:00:00,0.0,10.0,3.2815
2025-03-04 02:00:00,0.0,10.0,3.2815
2025-03-04 03:00:00,0.0,10.0,3.2815
2025-03-04 04:00:00,0.0,10.0,3.2815
2025-03-04 05:00:00,0.0,10.0,3.2815
2025-03-04 06:00:00,0.0,10.0,3.2815
2025-03-04 07:00:00,61602.243911562146,2957.475785242208,7.0
2025-03-04 08:00:00,391635.5179858645,18748.541530424136,7.0
2025-03-04 09:00:00,828236.5205012786,39638.541650778876,7.0
2025-03-04 10:00:00,1236029.0456836065,59150.14572648836,7.0
2025-03-04 11:00:00,1510674.5331910092,72291.0781431105,7.0
2025-03-04 12:00:00,1617541.7441825587,77404.34182691669,7.0
2025-03-04 13:00:00,1583324.2311627374,75767.14024702093,7.0
2025-03-04 14:00:00,1411908.4239610457,67565.42698378209,7.0
2025-03-04 15:00:00,1088706.3773157336,52101.21422563319,7.0
2025-03-04 16:00:00,673925.4661696024,32255.23761577045,7.0
2025-03-04 17:00:00,242980.09960044868,11635.842086145869,7.0
2025-03-04 18:00:00,6935.807286035737,341.8568079442936,7.0
2025-03-04 19:00:00,0.0,10.0,3.2815
2025-03-04 20:00:00,0.0,10.0,3.2815
2025-03-04 21:00:00,0.0,10.0,3.2815
2025-03-04 22:00:00,0.0,10.0,3.2815
2025-03-04 23:00:00,0.0,10.0,3.2815
2025-03-05 00:00:00,0.0,10.0,3.2815
2025-03-05 01:00:00,0.0,10.0,3.2815
2025-03-05 02:00:00,0.0,10.0,3.2815
2025-03-05 03:00:00,0.0,10.0,3.2815
2025-03-05 04:00:00,0.0,10.0,3.2815
2025-03-05 05:00:00,0.0,10.0,3.2815
2025-03-05 06:00:00,0.0,10.0,3.2815
2025-03-05 07:00:00,78181.6256670595,3750.7476395722247,7.0
2025-03-05 08:00:00,456572.57742499845,21855.577867224805,7.0
2025-03-05 09:00:00,901386.1799962849,43138.52535867391,7.0
2025-03-05 10:00:00,1284574.7740371495,61472.90784866743,7.0
2025-03-05 11:00:00,1550875.2679529772,74214.55827526207,7.0
2025-03-05 12:00:00,1670282.6410985293,79927.82971763298,7.0
2025-03-05 13:00:00,1630131.8746611385,78006.74041440854,7.0
2025-03-05 14:00:00,1434710.9253737724,68656.45575951065,7.0
2025-03-05 15:00:00,1105963.092906676,52926.89439744862,7.0
2025-03-05 16:00:00,685957.554798002,32830.93563626804,7.0
2025-03-05 17:00:00,252495.17833951185,12091.109011459897,7.0
2025-03-05 18:00:00,8635.273643093731,423.17098770783406,7.0
2025-03-05 19:00:00,0.0,10.0,3.2815
2025-03-05 20:00:00,0.0,10.0,3.2815
2025-03-05 21:00:00,0.0,10.0,3.2815
2025-03-05 22:00:00,0.0,10.0,3.2815
2025-03-05 23:00:00,0.0,10.0,3.2815
2025-03-06 00:00:00,0.0,10.0,3.2815
2025-03-06 01:00:00,0.0,10.0,3.2815
2025-03-06 02:00:00,0.0,10.0,3.2815
2025-03-06 03:00:00,0.0,10.0,3.2815
2025-03-06 04:00:00,0.0,10.0,3.2815
2025-03-06 05:00:00,0.0,10.0,3.2815
2025-03-06 06:00:00,0.0,10.0,3.2815
2025-03-06 07:00:00,85302.68722056552,4091.4682880653363,7.0
2025-03-06 08:00:00,465122.408870927,22264.660711527606,7.0
2025-03-06 09:00:00,905734.6985440576,43346.5884470841,7.0
2025-03-06 10:00:00,1279184.9207120494,61215.02012976312,7.0
2025-03-06 11:00:00,1514905.1504829833,72493.50002310926,7.0
2025-03-06 12:00:00,1603562.9807758708,76735.50147252971,7.0
2025-03-06 13:00:00,1594128.9877225414,76284.11424509768,7.0
2025-03-06 14:00:00,1394667.9999158063,66740.52631176107,7.0
2025-03-06 15:00:00,1106050.9795291102,52931.09949900049,7.0
2025-03-06 16:00:00,694547.8672336021,33241.95537002881,7.0
2025-03-06 17:00:00,262311.10877597623,12560.770754831397,7.0
2025-03-06 18:00:00,10582.969468544443,516.3621755284422,7.0
2025-03-06 19:00:00,0.0,10.0,3.2815
2025-03-06 20:00:00,0.0,10.0,3.2815
2025-03-06 21:00:00,0.0,10.0,3.2815
2025-03-06 22:00:00,0.0,10.0,3.2815
2025-03-06 23:00:00,0.0,10.0,3.2815
2025-03-07 00:00:00,0.0,10.0,3.2815
2025-03-07 01:00:00,0.0,10.0,3.2815
2025-03-07 02:00:00,0.0,10.0,3.2815
2025-03-07 03:00:00,0.0,10.0,3.2815
2025-03-07 04:00:00,0.0,10.0,3.2815
2025-03-07 05:00:00,0.0,10.0,3.2815
2025-03-07 06:00:00,0.0,10.0,3.2815
2025-03-07 07:00:00,90691.15131218384,4349.289536468126,7.0
2025-03-07 08:00:00,463758.2428473701,22199.389609922015,7.0
2025-03-07 09:00:00,866453.3187045183,41467.09658873293,7.0
2025-03-07 10:00:00,1232799.014841764,58995.59879625665,7.0
2025-03-07 11:00:00,1476325.5963876513,70647.58834390675,7.0
2025-03-07 12:00:00,1600984.0110407863,76612.10579142519,7.0
2025-03-07 13:00:00,1538427.8514691927,73618.98810857382,7.0
2025-03-07 14:00:00,1323098.4216514826,63316.144576625964,7.0
2025-03-07 15:00:00,1008641.650208394,48270.36603867914,7.0
2025-03-07 16:00:00,633134.7607284456,30303.52922145673,7.0
2025-03-07 17:00:00,242888.84496161944,11631.475835484183,7.0
2025-03-07 18:00:00,12319.858470552912,599.4669124666465,7.0
2025-03-07 19:00:00,0.0,10.0,3.2815
2025-03-07 20:00:00,0.0,10.0,3.2815
2025-03-07 21:00:00,0.0,10.0,3.2815
2025-03-07 22:00:00,0.0,10.0,3.2815
2025-03-07 23:00:00,0.0,10.0,3.2815
2025-03-08 00:00:00,0.0,10.0,3.2815
2025-03-08 01:00:00,0.0,10.0,3.2815
2025-03-08 02:00:00,0.0,10.0,3.2815
2025-03-08 03:00:00,0.0,10.0,3.2815
2025-03-08 04:00:00,0.0,10.0,3.2815
2025-03-08 05:00:00,0.0,10.0,3.2815
2025-03-08 06:00:00,0.0,10.0,3.2815
2025-03-08 07:00:00,103369.40260568698,4955.904430894114,7.0
2025-03-08 08:00:00,494432.7506674309,23667.069409924927,7.0
2025-03-08 09:00:00,933580.0337611565,44678.90113689744,7.0
2025-03-08 10:00:00,1303517.1158648236,62379.23999353223,7.0
2025-03-08 11:00:00,1543447.5685514442,73859.16595939925,7.0
2025-03-08 12:00:00,1671384.3235043108,79980.54179446463,7.0
2025-03-08 13:00:00,1629484.607421614,77975.77069002937,7.0
2025-03-08 14:00:00,1433546.7869169551,68600.75535487825,7.0
2025-03-08 15:00:00,1105937.193747387,52925.655203224254,7.0
2025-03-08 16:00:00,702508.2657602393,33622.835682308105,7.0
2025-03-08 17:00:00,274999.3632109753,13167.864268467718,7.0
2025-03-08 18:00:00,15130.02711128618,733.9247421668028,7.0
2025-03-08 19:00:00,0.0,10.0,3.2815
2025-03-08 20:00:00,0.0,10.0,3.2815
2025-03-08 21:00:00,0.0,10.0,3.2815
2025-03-08 22:00:00,0.0,10.0,3.2815
2025-03-08 23:00:00,0.0,10.0,3.2815
2025-03-09 00:00:00,0.0,10.0,3.2815
2025-03-09 01:00:00,0.0,10.0,3.2815
2025-03-09 02:00:00,0.0,10.0,3.2815
2025-03-09 03:00:00,0.0,10.0,3.2815
2025-03-09 04:00:00,0.0,10.0,3.2815
2025-03-09 05:00:00,0.0,10.0,3.2815
2025-03-09 06:00:00,0.0,10.0,3.2815
2025-03-09 07:00:00,113381.34697028006,5434.9448311138785,7.0
2025-03-09 08:00:00,509993.8213873226,24411.618248197254,7.0
2025-03-09 09:00:00,949376.0303702955,45434.6904483395,7.0
2025-03-09 10:00:00,1322371.8421366632,63281.38000653891,7.0
2025-03-09 11:00:00,1578820.3320435863,75551.64268151131,7.0
2025-03-09 12:00:00,1690591.9433691516,80899.56666838046,7.0
2025-03-09 13:00:00,1645944.846307717,78763.34192859891,7.0
2025-03-09 14:00:00,1453285.7965073,69545.20557451197,7.0
2025-03-09 15:00:00,1131369.0969823867,54142.49267858309,7.0
2025-03-09 16:00:00,721624.3927789129,34537.482908081955,7.0
2025-03-09 17:00:00,289382.70649099286,13856.062511530758,7.0
2025-03-09 18:00:00,17518.398868369004,848.2009027927754,7.0
2025-03-09 19:00:00,0.0,10.0,3.2815
2025-03-09 20:00:00,0.0,10.0,3.2815
2025-03-09 21:00:00,0.0,10.0,3.2815
2025-03-09 22:00:00,0.0,10.0,3.2815
2025-03-09 23:00:00,0.0,10.0,3.2815
2025-03-10 00:00:00,0.0,10.0,3.2815
2025-03-10 01:00:00,0.0,10.0,3.2815
2025-03-10 02:00:00,0.0,10.0,3.2815
2025-03-10 03:00:00,0.0,10.0,3.2815
2025-03-10 04:00:00,0.0,10.0,3.2815
2025-03-10 05:00:00,0.0,10.0,3.2815
2025-03-10 06:00:00,0.0,10.0,3.2815
2025-03-10 07:00:00,120783.89085066749,5789.13353352476,7.0
2025-03-10 08:00:00,506865.48060281517,24261.936870948095,7.0
2025-03-10 09:00:00,930132.3152325733,44513.93852787432,7.0
2025-03-10 10:00:00,1314003.6272078478,62880.98694774391,7.0
2025-03-10 11:00:00,1565485.7368334155,74913.62377193375,7.0
2025-03-10 12:00:00,1711822.3183260518,81915.3740825862,7.0
2025-03-10 13:00:00,1683839.6540797004,80576.49062582299,7.0
2025-03-10 14:00:00,1497047.95485756,71639.08874916556,7.0
2025-03-10 15:00:00,1158828.5818741124,55456.34363034031,7.0
2025-03-10 16:00:00,728861.1640246417,34883.73990548525,7.0
2025-03-10 17:00:00,298111.82965238125,14273.7239068125,7.0
2025-03-10 18:00:00,20176.47022875016,975.3813506579024,7.0
2025-03-10 19:00:00,0.0,10.0,3.2815
2025-03-10 20:00:00,0.0,10.0,3.2815
2025-03-10 21:00:00,0.0,10.0,3.2815
2025-03-10 22:00:00,0.0,10.0,3.2815
2025-03-10 23:00:00,0.0,10.0,3.2815
2025-03-11 00:00:00,0.0,10.0,3.2815
2025-03-11 01:00:00,0.0,10.0,3.2815
2025-03-11 02:00:00,0.0,10.0,3.2815
2025-03-11 03:00:00,0.0,10.0,3.2815
2025-03-11 04:00:00,0.0,10.0,3.2815
2025-03-11 05:00:00,0.0,10.0,3.2815
2025-03-11 06:00:00,0.0,10.0,3.2815
2025-03-11 07:00:00,102637.0669516379,4920.864447446789,7.0
2025-03-11 08:00:00,323405.5655087507,15483.950502811038,7.0
2025-03-11 09:00:00,583297.8880329613,27918.989858036424,7.0
2025-03-11 10:00:00,744892.3790841395,35650.78368823634,7.0
2025-03-11 11:00:00,676120.1410360665,32360.24598258691,7.0
2025-03-11 12:00:00,713474.5577400734,34147.5386478504,7.0
2025-03-11 13:00:00,862495.2879444646,41277.7171265294,7.0
2025-03-11 14:00:00,662239.7779167964,31696.113775923273,7.0
2025-03-11 15:00:00,389698.39653836435,18655.856293701643,7.0
2025-03-11 16:00:00,209022.35243092355,10011.069494302563,7.0
2025-03-11 17:00:00,103346.86433954467,4954.82604495429,7.0
2025-03-11 18:00:00,7498.058798770225,368.7587941995323,7.0
2025-03-11 19:00:00,0.0,10.0,3.2815
2025-03-11 20:00:00,0.0,10.0,3.2815
2025-03-11 21:00:00,0.0,10.0,3.2815
2025-03-11 22:00:00,0.0,10.0,3.2815
2025-03-11 23:00:00,0.0,10.0,3.2815
2025-03-12 00:00:00,0.0,10.0,3.2815
2025-03-12 01:00:00,0.0,10.0,3.2815
2025-03-12 02:00:00,0.0,10.0,3.2815
2025-03-12 03:00:00,0.0,10.0,3.2815
2025-03-12 04:00:00,0.0,10.0,3.2815
2025-03-12 05:00:00,0.0,10.0,3.2815
2025-03-12 06:00:00,0.0,10.0,3.2815
2025-03-12 07:00:00,98202.34047280817,4708.6765776463235,7.0
2025-03-12 08:00:00,385295.8440021992,18445.207846995178,7.0
2025-03-12 09:00:00,707534.2458348823,33863.31319784126,7.0
2025-03-12 10:00:00,1018685.636600952,48750.939550284784,7.0
2025-03-12 11:00:00,819717.0202121403,39230.91005799714,7.0
2025-03-12 12:00:00,832539.8326902158,39844.44175551272,7.0
2025-03-12 13:00:00,769372.4051829455,36822.07680301175,7.0
2025-03-12 14:00:00,850097.4770262698,40684.52043187894,7.0
2025-03-12 15:00:00,526516.5394919391,25202.178923059288,7.0
2025-03-12 16:00:00,365542.7366410311,17500.0830928723,7.0
2025-03-12 17:00:00,233669.92938132913,11190.379396235843,7.0
2025-03-12 18:00:00,23779.719021423585,1147.7855991111765,7.0
2025-03-12 19:00:00,0.0,10.0,3.2815
2025-03-12 20:00:00,0.0,10.0,3.2815
2025-03-12 21:00:00,0.0,10.0,3.2815
2025-03-12 22:00:00,0.0,10.0,3.2815
2025-03-12 23:00:00,0.0,10.0,3.2815
2025-03-13 00:00:00,0.0,10.0,3.2815
2025-03-13 01:00:00,0.0,10.0,3.2815
2025-03-13 02:00:00,0.0,10.0,3.2815
2025-03-13 03:00:00,0.0,10.0,3.2815
2025-03-13 04:00:00,0.0,10.0,3.2815
2025-03-13 05:00:00,0.0,10.0,3.2815
2025-03-13 06:00:00,78.01473376681992,13.732762381187555,3.5783228662895294
2025-03-13 07:00:00,136857.64967487383,6558.212903104011,7.0
2025-03-13 08:00:00,452095.3215152418,21641.355096423053,7.0
2025-03-13 09:00:00,788365.9862808852,37730.86058760216,7.0
2025-03-13 10:00:00,1162864.0405239575,55649.42777626591,7.0
2025-03-13 11:00:00,1134879.1054435524,54310.43566715561,7.0
2025-03-13 12:00:00,1202281.6680623936,57535.43866327243,7.0
2025-03-13 13:00:00,1180642.8569966946,56500.088851516484,7.0
2025-03-13 14:00:00,883640.2599150789,42289.43827344875,7.0
2025-03-13 15:00:00,588233.89429985,28155.162406691386,7.0
2025-03-13 16:00:00,521107.20375929837,24943.359031545377,7.0
2025-03-13 17:00:00,237076.51228002677,11353.373793302715,7.0
2025-03-13 18:00:00,25214.143036073576,1216.41832708486,7.0
2025-03-13 19:00:00,0.0,10.0,3.2815
2025-03-13 20:00:00,0.0,10.0,3.2815
2025-03-13 21:00:00,0.0,10.0,3.2815
2025-03-13 22:00:00,0.0,10.0,3.2815
2025-03-13 23:00:00,0.0,10.0,3.2815
2025-03-14 00:00:00,0.0,10.0,3.2815
2025-03-14 01:00:00,0.0,10.0,3.2815
2025-03-14 02:00:00,0.0,10.0,3.2815
2025-03-14 03:00:00,0.0,10.0,3.2815
2025-03-14 04:00:00,0.0,10.0,3.2815
2025-03-14 05:00:00,0.0,10.0,3.2815
2025-03-14 06:00:00,203.0568485163327,19.715638684991994,4.185069376250559
2025-03-14 07:00:00,133037.82601467572,6375.446220797881,7.0
2025-03-14 08:00:00,346192.09489403997,16574.21506670048,7.0
2025-03-14 09:00:00,584707.9026555844,27986.454672515996,7.0
2025-03-14 10:00:00,1024153.4745430519,49012.55859057665,7.0
2025-03-14 11:00:00,1185652.652287099,56739.79197545929,7.0
2025-03-14 12:00:00,1288349.439649252,61653.51385881588,7.0
2025-03-14 13:00:00,1135785.4104430273,54353.79954272858,7.0
2025-03-14 14:00:00,1052591.97417707,50373.25235296985,7.0
2025-03-14 15:00:00,935310.8445989918,44761.715052583335,7.0
2025-03-14 16:00:00,505800.05502451875,24210.959570551135,7.0
2025-03-14 17:00:00,266703.40962018084,12770.928689960805,7.0
2025-03-14 18:00:00,28298.581667838935,1363.999122863107,7.0
2025-03-14 19:00:00,0.0,10.0,3.2815
2025-03-14 20:00:00,0.0,10.0,3.2815
2025-03-14 21:00:00,0.0,10.0,3.2815
2025-03-14 22:00:00,0.0,10.0,3.2815
2025-03-14 23:00:00,0.0,10.0,3.2815
2025-03-15 00:00:00,0.0,10.0,3.2815
2025-03-15 01:00:00,0.0,10.0,3.2815
2025-03-15 02:00:00,0.0,10.0,3.2815
2025-03-15 03:00:00,0.0,10.0,3.2815
2025-03-15 04:00:00,0.0,10.0,3.2815
2025-03-15 05:00:00,0.0,10.0,3.2815
2025-03-15 06:00:00,1003.0697017774958,57.99376563528688,7.0
2025-03-15 07:00:00,157191.44121553053,7531.121589259835,7.0
2025-03-15 08:00:00,511376.5617595426,24477.778074619266,7.0
2025-03-15 09:00:00,875874.6323491413,41917.87714589192,7.0
2025-03-15 10:00:00,1245080.9834442744,59583.252796376764,7.0
2025-03-15 11:00:00,1442170.6966719911,69013.38261588474,7.0
2025-03-15 12:00:00,1345082.0664527437,64367.993610179125,7.0
2025-03-15 13:00:00,1137411.178170649,54431.58747227986,7.0
2025-03-15 14:00:00,950165.197006617,45472.44961754148,7.0
2025-03-15 15:00:00,702449.6009388976,33620.028753057304,7.0
2025-03-15 16:00:00,504241.8324410384,24136.40346607839,7.0
2025-03-15 17:00:00,239227.78598624846,11456.305549581266,7.0
2025-03-15 18:00:00,27204.500475585646,1311.6507404586434,7.0
2025-03-15 19:00:00,0.0,10.0,3.2815
2025-03-15 20:00:00,0.0,10.0,3.2815
2025-03-15 21:00:00,0.0,10.0,3.2815
2025-03-15 22:00:00,0.0,10.0,3.2815
2025-03-15 23:00:00,0.0,10.0,3.2815
2025-03-16 00:00:00,0.0,10.0,3.2815
2025-03-16 01:00:00,0.0,10.0,3.2815
2025-03-16 02:00:00,0.0,10.0,3.2815
2025-03-16 03:00:00,0.0,10.0,3.2815
2025-03-16 04:00:00,0.0,10.0,3.2815
2025-03-16 05:00:00,0.0,10.0,3.2815
2025-03-16 06:00:00,2089.828844838137,109.9918107578056,7.0
2025-03-16 07:00:00,187201.26735599502,8966.998438085886,7.0
2025-03-16 08:00:00,586337.995707939,28064.449555403782,7.0
2025-03-16 09:00:00,1011248.6531804301,48395.10302298708,7.0
2025-03-16 10:00:00,1400332.0398160499,67011.53300555263,7.0
2025-03-16 11:00:00,1674193.4269090113,80114.94865593356,7.0
2025-03-16 12:00:00,1710040.7162511824,81830.1299641714,7.0
2025-03-16 13:00:00,1218487.5536408843,58310.83988712366,7.0
2025-03-16 14:00:00,953483.1929134222,45631.20540255609,7.0
2025-03-16 15:00:00,1014901.4042681213,48569.87580230246,7.0
2025-03-16 16:00:00,620522.1573682745,29700.05537647247,7.0
2025-03-16 17:00:00,324492.74068188027,15535.968453678483,7.0
2025-03-16 18:00:00,43453.80238879846,2089.129300899448,7.0
2025-03-16 19:00:00,0.0,10.0,3.2815
2025-03-16 20:00:00,0.0,10.0,3.2815
2025-03-16 21:00:00,0.0,10.0,3.2815
2025-03-16 22:00:00,0.0,10.0,3.2815
2025-03-16 23:00:00,0.0,10.0,3.2815
2025-03-17 00:00:00,0.0,10.0,3.2815
2025-03-17 01:00:00,0.0,10.0,3.2815
2025-03-17 02:00:00,0.0,10.0,3.2815
2025-03-17 03:00:00,0.0,10.0,3.2815
2025-03-17 04:00:00,0.0,10.0,3.2815
2025-03-17 05:00:00,0.0,10.0,3.2815
2025-03-17 06:00:00,1899.480697719445,100.8842439100213,7.0
2025-03-17 07:00:00,115589.95108354912,5540.619669069336,7.0
2025-03-17 08:00:00,355223.3518625498,17006.332625002382,7.0
2025-03-17 09:00:00,718019.0684714039,34364.979352698756,7.0
2025-03-17 10:00:00,759286.9718766861,36339.520185487374,7.0
2025-03-17 11:00:00,1009141.6036073429,48294.28725393985,7.0
2025-03-17 12:00:00,796049.0107815743,38098.46941538633,7.0
2025-03-17 13:00:00,825529.7204500011,39509.029686602924,7.0
2025-03-17 14:00:00,982351.2265517131,47012.45103118245,7.0
2025-03-17 15:00:00,1107478.201409812,52999.38762726373,7.0
2025-03-17 16:00:00,829514.7711890836,39699.70197076955,7.0
2025-03-17 17:00:00,385945.1604358952,18476.275618942353,7.0
2025-03-17 18:00:00,49957.46699135848,2400.309425423851,7.0
2025-03-17 19:00:00,0.0,10.0,3.2815
2025-03-17 20:00:00,0.0,10.0,3.2815
2025-03-17 21:00:00,0.0,10.0,3.2815
2025-03-17 22:00:00,0.0,10.0,3.2815
2025-03-17 23:00:00,0.0,10.0,3.2815
2025-03-18 00:00:00,0.0,10.0,3.2815
2025-03-18 01:00:00,0.0,10.0,3.2815
2025-03-18 02:00:00,0.0,10.0,3.2815
2025-03-18 03:00:00,0.0,10.0,3.2815
2025-03-18 04:00:00,0.0,10.0,3.2815
2025-03-18 05:00:00,0.0,10.0,3.2815
2025-03-18 06:00:00,5281.973984142166,262.7260279493859,7.0
2025-03-18 07:00:00,238558.10251949646,11424.263278444807,7.0
2025-03-18 08:00:00,695482.2394988767,33286.66217697975,7.0
2025-03-18 09:00:00,1157747.4637806816,55404.61549189864,7.0
2025-03-18 10:00:00,1540765.6897940808,73730.84640163065,7.0
2025-03-18 11:00:00,1800502.120057028,86158.42679698698,7.0
2025-03-18 12:00:00,1911850.7594327333,91486.11289151834,7.0
2025-03-18 13:00:00,1864613.980755422,89225.97994045082,7.0
2025-03-18 14:00:00,1663185.1191532067,79588.23536618214,7.0
2025-03-18 15:00:00,1326999.7662840919,63502.81178392784,7.0
2025-03-18 16:00:00,892161.7910533223,42697.16703604413,7.0
2025-03-18 17:00:00,420679.5170440357,20138.206557130896,7.0
2025-03-18 18:00:00,56831.97841623904,2729.2334170449303,7.0
2025-03-18 19:00:00,0.0,10.0,3.2815
2025-03-18 20:00:00,0.0,10.0,3.2815
2025-03-18 21:00:00,0.0,10.0,3.2815
2025-03-18 22:00:00,0.0,10.0,3.2815
2025-03-18 23:00:00,0.0,10.0,3.2815
2025-03-19 00:00:00,0.0,10.0,3.2815
2025-03-19 01:00:00,0.0,10.0,3.2815
2025-03-19 02:00:00,0.0,10.0,3.2815
2025-03-19 03:00:00,0.0,10.0,3.2815
2025-03-19 04:00:00,0.0,10.0,3.2815
2025-03-19 05:00:00,0.0,10.0,3.2815
2025-03-19 06:00:00,7306.852874550228,359.6101853851784,7.0
2025-03-19 07:00:00,248251.98749653756,11888.085526150122,7.0
2025-03-19 08:00:00,696848.8793698124,33352.05164448864,7.0
2025-03-19 09:00:00,1147120.6442069677,54896.15522521376,7.0
2025-03-19 10:00:00,1518703.7738875502,72675.25233911723,7.0
2025-03-19 11:00:00,1768851.8279806336,84644.05875505424,7.0
2025-03-19 12:00:00,1874405.5634771176,89694.47672139318,7.0
2025-03-19 13:00:00,1825721.919291647,87365.1157555812,7.0
2025-03-19 14:00:00,1626896.1521777422,77851.92115682978,7.0
2025-03-19 15:00:00,1297606.4922044654,62096.435033706475,7.0
2025-03-19 16:00:00,873439.4077295183,41801.35922150805,7.0
2025-03-19 17:00:00,414418.6451734896,19838.643309736344,7.0
2025-03-19 18:00:00,59468.83319474056,2855.3987174517015,7.0
2025-03-19 19:00:00,0.0,10.0,3.2815
2025-03-19 20:00:00,0.0,10.0,3.2815
2025-03-19 21:00:00,0.0,10.0,3.2815
2025-03-19 22:00:00,0.0,10.0,3.2815
2025-03-19 23:00:00,0.0,10.0,3.2815
2025-03-20 00:00:00,0.0,10.0,3.2815
2025-03-20 01:00:00,0.0,10.0,3.2815
2025-03-20 02:00:00,0.0,10.0,3.2815
2025-03-20 03:00:00,0.0,10.0,3.2815
2025-03-20 04:00:00,0.0,10.0,3.2815
2025-03-20 05:00:00,0.0,10.0,3.2815
2025-03-20 06:00:00,9177.217036432698,449.10129360922,7.0
2025-03-20 07:00:00,244406.35348046842,11704.083898587005,7.0
2025-03-20 08:00:00,655038.0360242508,31351.53282412683,7.0
2025-03-20 09:00:00,1063248.7562110526,50883.14623019391,7.0
2025-03-20 10:00:00,1457198.8045113718,69732.43083786468,7.0
2025-03-20 11:00:00,1645730.0604627894,78753.06509391336,7.0
2025-03-20 12:00:00,1768788.6218929517,84641.03454033262,7.0
2025-03-20 13:00:00,1648145.1249413646,78868.6184182471,7.0
2025-03-20 14:00:00,1393851.681506482,66701.4680146642,7.0
2025-03-20 15:00:00,965905.4590207937,46225.57220195185,7.0
2025-03-20 16:00:00,595225.5302047438,28489.690440418366,7.0
2025-03-20 17:00:00,278904.1933387192,13354.698245871732,7.0
2025-03-20 18:00:00,51676.76832016068,2482.57264689764,7.0
2025-03-20 19:00:00,0.0,10.0,3.2815
2025-03-20 20:00:00,0.0,10.0,3.2815
2025-03-20 21:00:00,0.0,10.0,3.2815
2025-03-20 22:00:00,0.0,10.0,3.2815
2025-03-20 23:00:00,0.0,10.0,3.2815
2025-03-21 00:00:00,0.0,10.0,3.2815
2025-03-21 01:00:00,0.0,10.0,3.2815
2025-03-21 02:00:00,0.0,10.0,3.2815
2025-03-21 03:00:00,0.0,10.0,3.2815
2025-03-21 04:00:00,0.0,10.0,3.2815
2025-03-21 05:00:00,0.0,10.0,3.2815
2025-03-21 06:00:00,11952.486668675718,581.8893142907042,7.0
2025-03-21 07:00:00,268745.34229460557,12868.62881792371,7.0
2025-03-21 08:00:00,710244.9924831676,33993.01399440993,7.0
2025-03-21 09:00:00,1160835.9194230065,55552.38848913907,7.0
2025-03-21 10:00:00,1526955.6332616154,73070.07814648878,7.0
2025-03-21 11:00:00,1772852.2425768066,84835.46615200031,7.0
2025-03-21 12:00:00,1867021.0251691546,89341.14952962463,7.0
2025-03-21 13:00:00,1792675.29039698,85783.93733956842,7.0
2025-03-21 14:00:00,1544815.5787214278,73924.62099145589,7.0
2025-03-21 15:00:00,1254327.8908102228,60025.68855551306,7.0
2025-03-21 16:00:00,856050.4194345594,40969.35021217988,7.0
2025-03-21 17:00:00,382640.4793193904,18318.156905233987,7.0
2025-03-21 18:00:00,57809.784021265834,2776.0183742232457,7.0
2025-03-21 19:00:00,0.0,10.0,3.2815
2025-03-21 20:00:00,0.0,10.0,3.2815
2025-03-21 21:00:00,0.0,10.0,3.2815
2025-03-21 22:00:00,0.0,10.0,3.2815
2025-03-21 23:00:00,0.0,10.0,3.2815
2025-03-22 00:00:00,0.0,10.0,3.2815
2025-03-22 01:00:00,0.0,10.0,3.2815
2025-03-22 02:00:00,0.0,10.0,3.2815
2025-03-22 03:00:00,0.0,10.0,3.2815
2025-03-22 04:00:00,0.0,10.0,3.2815
2025-03-22 05:00:00,0.0,10.0,3.2815
2025-03-22 06:00:00,9490.649163084076,464.0980460805777,7.0
2025-03-22 07:00:00,187688.7049538613,8990.320811189536,7.0
2025-03-22 08:00:00,472855.6030020579,22634.67000009846,7.0
2025-03-22 09:00:00,721434.1580530022,34528.38076808623,7.0
2025-03-22 10:00:00,993148.0530174394,47529.04559892055,7.0
2025-03-22 11:00:00,1147663.2064067305,54922.11513907801,7.0
2025-03-22 12:00:00,1081220.719247801,51743.04876783737,7.0
2025-03-22 13:00:00,1307890.1661041644,62588.4768470892,7.0
2025-03-22 14:00:00,1354707.764425141,64828.553321777086,7.0
2025-03-22 15:00:00,1073443.1659871247,51370.91703287677,7.0
2025-03-22 16:00:00,807822.4480597597,38661.79177319424,7.0
2025-03-22 17:00:00,361958.1357608584,17328.571089036286,7.0
2025-03-22 18:00:00,54567.097984290995,2620.865932262727,7.0
2025-03-22 19:00:00,0.0,10.0,3.2815
2025-03-22 20:00:00,0.0,10.0,3.2815
2025-03-22 21:00:00,0.0,10.0,3.2815
2025-03-22 22:00:00,0.0,10.0,3.2815
2025-03-22 23:00:00,0.0,10.0,3.2815
2025-03-23 00:00:00,0.0,10.0,3.2815
2025-03-23 01:00:00,0.0,10.0,3.2815
2025-03-23 02:00:00,0.0,10.0,3.2815
2025-03-23 03:00:00,0.0,10.0,3.2815
2025-03-23 04:00:00,0.0,10.0,3.2815
2025-03-23 05:00:00,0.0,10.0,3.2815
2025-03-23 06:00:00,6820.767705500433,336.3525217942791,7.0
2025-03-23 07:00:00,220260.86266483634,10548.797256690734,7.0
2025-03-23 08:00:00,396649.78948562226,18988.458827063263,7.0
2025-03-23 09:00:00,497738.2189967929,23825.225789320237,7.0
2025-03-23 10:00:00,639277.2094532062,30597.42628962709,7.0
2025-03-23 11:00:00,1128187.220862952,53990.24980205512,7.0
2025-03-23 12:00:00,1390756.6651807239,66553.38110912555,7.0
2025-03-23 13:00:00,1131273.794387663,54137.9327458212,7.0
2025-03-23 14:00:00,969119.6001708318,46379.35885984841,7.0
2025-03-23 15:00:00,837891.350383635,40100.49523366675,7.0
2025-03-23 16:00:00,506824.0140739209,24259.95282650339,7.0
2025-03-23 17:00:00,243305.34731421954,11651.404177713854,7.0
2025-03-23 18:00:00,53106.62195676476,2550.9866964959215,7.0
2025-03-23 19:00:00,0.0,10.0,3.2815
2025-03-23 20:00:00,0.0,10.0,3.2815
2025-03-23 21:00:00,0.0,10.0,3.2815
2025-03-23 22:00:00,0.0,10.0,3.2815
2025-03-23 23:00:00,0.0,10.0,3.2815
2025-03-24 00:00:00,0.0,10.0,3.2815
2025-03-24 01:00:00,0.0,10.0,3.2815
2025-03-24 02:00:00,0.0,10.0,3.2815
2025-03-24 03:00:00,0.0,10.0,3.2815
2025-03-24 04:00:00,0.0,10.0,3.2815
2025-03-24 05:00:00,0.0,10.0,3.2815
2025-03-24 06:00:00,20083.390635178126,970.9277815874701,7.0
2025-03-24 07:00:00,306771.0531850063,14688.040822249106,7.0
2025-03-24 08:00:00,758838.1541194605,36318.04565164883,7.0
2025-03-24 09:00:00,1198453.044076132,57352.25091273358,7.0
2025-03-24 10:00:00,1565149.9881151977,74897.55923996161,7.0
2025-03-24 11:00:00,1661918.4796449523,79527.63060502164,7.0
2025-03-24 12:00:00,1505639.0325790679,72050.14509947694,7.0
2025-03-24 13:00:00,1199334.4307165353,57394.42252232227,7.0
2025-03-24 14:00:00,1069464.572989749,51180.553731566935,7.0
2025-03-24 15:00:00,898811.3290955536,43015.326750983426,7.0
2025-03-24 16:00:00,622661.1270729299,29802.398424542098,7.0
2025-03-24 17:00:00,303489.3232501985,14531.02025120567,7.0
2025-03-24 18:00:00,57292.91711319356,2751.2879001528017,7.0
2025-03-24 19:00:00,0.0,10.0,3.2815
2025-03-24 20:00:00,0.0,10.0,3.2815
2025-03-24 21:00:00,0.0,10.0,3.2815
2025-03-24 22:00:00,0.0,10.0,3.2815
2025-03-24 23:00:00,0.0,10.0,3.2815
2025-03-25 00:00:00,0.0,10.0,3.2815
2025-03-25 01:00:00,0.0,10.0,3.2815
2025-03-25 02:00:00,0.0,10.0,3.2815
2025-03-25 03:00:00,0.0,10.0,3.2815
2025-03-25 04:00:00,0.0,10.0,3.2815
2025-03-25 05:00:00,0.0,10.0,3.2815
2025-03-25 06:00:00,11256.96647253606,548.61083600651,7.0
2025-03-25 07:00:00,139100.6928298097,6665.535542096158,7.0
2025-03-25 08:00:00,321850.09704531834,15409.526174417148,7.0
2025-03-25 09:00:00,616946.3891148382,29528.965986355895,7.0
2025-03-25 10:00:00,983700.2272608563,47076.9965196582,7.0
2025-03-25 11:00:00,1443803.1598805848,69091.49090337726,7.0
2025-03-25 12:00:00,1508837.413583092,72203.17768340153,7.0
2025-03-25 13:00:00,1598664.9534715817,76501.14609911875,7.0
2025-03-25 14:00:00,1280637.1264195673,61284.50365643863,7.0
2025-03-25 15:00:00,891430.3969850834,42662.17210454944,7.0
2025-03-25 16:00:00,533454.1266730778,25534.1208934487,7.0
2025-03-25 17:00:00,239620.3233175789,11475.087240075545,7.0
2025-03-25 18:00:00,34722.59742754908,1671.3682979688554,7.0
2025-03-25 19:00:00,0.0,10.0,3.2815
2025-03-25 20:00:00,0.0,10.0,3.2815
2025-03-25 21:00:00,0.0,10.0,3.2815
2025-03-25 22:00:00,0.0,10.0,3.2815
2025-03-25 23:00:00,0.0,10.0,3.2815
2025-03-26 00:00:00,0.0,10.0,3.2815
2025-03-26 01:00:00,0.0,10.0,3.2815
2025-03-26 02:00:00,0.0,10.0,3.2815
2025-03-26 03:00:00,0.0,10.0,3.2815
2025-03-26 04:00:00,0.0,10.0,3.2815
2025-03-26 05:00:00,0.0,10.0,3.2815
2025-03-26 06:00:00,17185.057696186337,832.2515644108296,7.0
2025-03-26 07:00:00,79196.06784383181,3799.285542767072,7.0
2025-03-26 08:00:00,279354.70516175334,13376.253835490592,7.0
2025-03-26 09:00:00,557536.3850449474,26686.382059566862,7.0
2025-03-26 10:00:00,479001.03502760624,22928.709809933312,7.0
2025-03-26 11:00:00,604129.1741950336,28915.70211459491,7.0
2025-03-26 12:00:00,761942.7771498584,36466.5922081272,7.0
2025-03-26 13:00:00,728095.1638761361,34847.08918067637,7.0
2025-03-26 14:00:00,825825.7949062822,39523.19592853025,7.0
2025-03-26 15:00:00,531572.3194473278,25444.08227020707,7.0
2025-03-26 16:00:00,415088.1532112103,19870.677187139245,7.0
2025-03-26 17:00:00,224330.88203393118,10743.535025546946,7.0
2025-03-26 18:00:00,51772.97687646694,2487.1759271036817,7.0
2025-03-26 19:00:00,0.0,10.0,3.2815
2025-03-26 20:00:00,0.0,10.0,3.2815
2025-03-26 21:00:00,0.0,10.0,3.2815
2025-03-26 22:00:00,0.0,10.0,3.2815
2025-03-26 23:00:00,0.0,10.0,3.2815
2025-03-27 00:00:00,0.0,10.0,3.2815
2025-03-27 01:00:00,0.0,10.0,3.2815
2025-03-27 02:00:00,0.0,10.0,3.2815
2025-03-27 03:00:00,0.0,10.0,3.2815
2025-03-27 04:00:00,0.0,10.0,3.2815
2025-03-27 05:00:00,0.0,10.0,3.2815
2025-03-27 06:00:00,25045.19700999562,1208.3347851672545,7.0
2025-03-27 07:00:00,267686.40502473747,12817.9619629061,7.0
2025-03-27 08:00:00,602386.1002240621,28832.301446127374,7.0
2025-03-27 09:00:00,1087820.8601224353,52058.84498193471,7.0
2025-03-27 10:00:00,1592666.0953901832,76214.11939665949,7.0
2025-03-27 11:00:00,1856523.244770188,88838.8633861334,7.0
2025-03-27 12:00:00,2012916.74070258,96321.80577524306,7.0
2025-03-27 13:00:00,1955849.058912476,93591.29468480746,7.0
2025-03-27 14:00:00,1759006.917289122,84173.01039660872,7.0
2025-03-27 15:00:00,1425341.2970930773,68208.14818627165,7.0
2025-03-27 16:00:00,995049.6515157872,47620.03117300417,7.0
2025-03-27 17:00:00,521075.09023651906,24941.822499354977,7.0
2025-03-27 18:00:00,113936.11415960873,5461.488715770753,7.0
2025-03-27 19:00:00,0.0,10.0,3.2815
2025-03-27 20:00:00,0.0,10.0,3.2815
2025-03-27 21:00:00,0.0,10.0,3.2815
2025-03-27 22:00:00,0.0,10.0,3.2815
2025-03-27 23:00:00,0.0,10.0,3.2815
2025-03-28 00:00:00,0.0,10.0,3.2815
2025-03-28 01:00:00,0.0,10.0,3.2815
2025-03-28 02:00:00,0.0,10.0,3.2815
2025-03-28 03:00:00,0.0,10.0,3.2815
2025-03-28 04:00:00,0.0,10.0,3.2815
2025-03-28 05:00:00,0.0,10.0,3.2815
2025-03-28 06:00:00,45402.58069538987,2182.3722820760704,7.0
2025-03-28 07:00:00,389326.5310484753,18638.06368652992,7.0
2025-03-28 08:00:00,862793.5002985843,41291.98566021935,7.0
2025-03-28 09:00:00,1312161.2211725991,62792.83354892819,7.0
2025-03-28 10:00:00,1682412.113263648,80508.18723749512,7.0
2025-03-28 11:00:00,1925558.5903582168,92141.98996929267,7.0
2025-03-28 12:00:00,2018986.2694046022,96612.21384711016,7.0
2025-03-28 13:00:00,1847628.9717534403,88413.30008389667,7.0
2025-03-28 14:00:00,1396130.6176075635,66810.50801950064,7.0
2025-03-28 15:00:00,1032676.9467901331,49420.380229192975,7.0
2025-03-28 16:00:00,724743.8890594956,34686.741103325156,7.0
2025-03-28 17:00:00,419629.17710122524,20087.951057474893,7.0
2025-03-28 18:00:00,104661.34532046516,5017.719871792591,7.0
2025-03-28 19:00:00,0.0,10.0,3.2815
2025-03-28 20:00:00,0.0,10.0,3.2815
2025-03-28 21:00:00,0.0,10.0,3.2815
2025-03-28 22:00:00,0.0,10.0,3.2815
2025-03-28 23:00:00,0.0,10.0,3.2815
2025-03-29 00:00:00,0.0,10.0,3.2815
2025-03-29 01:00:00,0.0,10.0,3.2815
2025-03-29 02:00:00,0.0,10.0,3.2815
2025-03-29 03:00:00,0.0,10.0,3.2815
2025-03-29 04:00:00,0.0,10.0,3.2815
2025-03-29 05:00:00,0.0,10.0,3.2815
2025-03-29 06:00:00,30749.45917080429,1481.265989033698,7.0
2025-03-29 07:00:00,355069.021391907,16998.948391957274,7.0
2025-03-29 08:00:00,824544.8908944478,39461.90865523674,7.0
2025-03-29 09:00:00,1314158.7553866715,62888.40934864457,7.0
2025-03-29 10:00:00,1640869.624084597,78520.50832940656,7.0
2025-03-29 11:00:00,1789860.568845636,85649.26166725531,7.0
2025-03-29 12:00:00,1618016.0536505252,77427.03605983374,7.0
2025-03-29 13:00:00,1549505.633784687,74149.02553993717,7.0
2025-03-29 14:00:00,1536716.9542016576,73537.12699529462,7.0
2025-03-29 15:00:00,1365057.6629349045,65323.76377678968,7.0
2025-03-29 16:00:00,1029908.5941441474,49287.92316479174,7.0
2025-03-29 17:00:00,550607.8000144113,26354.870814086666,7.0
2025-03-29 18:00:00,131246.15088217577,6289.720137903147,7.0
2025-03-29 19:00:00,0.0,10.0,3.2815
2025-03-29 20:00:00,0.0,10.0,3.2815
2025-03-29 21:00:00,0.0,10.0,3.2815
2025-03-29 22:00:00,0.0,10.0,3.2815
2025-03-29 23:00:00,0.0,10.0,3.2815
2025-03-30 00:00:00,0.0,10.0,3.2815
2025-03-30 01:00:00,0.0,10.0,3.2815
2025-03-30 02:00:00,0.0,10.0,3.2815
2025-03-30 03:00:00,0.0,10.0,3.2815
2025-03-30 04:00:00,0.0,10.0,3.2815
2025-03-30 05:00:00,0.0,10.0,3.2815
2025-03-30 06:00:00,20512.834179982492,991.4753196163871,7.0
2025-03-30 07:00:00,38204.22834119968,1837.95350914831,7.0
2025-03-30 08:00:00,100767.05116003315,4831.390007657089,7.0
2025-03-30 09:00:00,273038.60915764526,13074.048285054798,7.0
2025-03-30 10:00:00,411246.76471457636,19686.87869447734,7.0
2025-03-30 11:00:00,1029490.8887760411,49267.93726201154,7.0
2025-03-30 12:00:00,1043246.8722655292,49926.11829021671,7.0
2025-03-30 13:00:00,1200644.0644272703,57457.08442235744,7.0
2025-03-30 14:00:00,1059588.2508498018,50708.00243300488,7.0
2025-03-30 15:00:00,853098.8943250607,40828.12891507467,7.0
2025-03-30 16:00:00,569659.1847138886,27266.420321238686,7.0
2025-03-30 17:00:00,310297.15849308926,14856.753994884653,7.0
2025-03-30 18:00:00,97621.55756549146,4680.887921793849,7.0
2025-03-30 19:00:00,0.0,10.0,3.2815
2025-03-30 20:00:00,0.0,10.0,3.2815
2025-03-30 21:00:00,0.0,10.0,3.2815
2025-03-30 22:00:00,0.0,10.0,3.2815
2025-03-30 23:00:00,0.0,10.0,3.2815
2025-03-31 00:00:00,0.0,10.0,3.2815
2025-03-31 01:00:00,0.0,10.0,3.2815
2025-03-31 02:00:00,0.0,10.0,3.2815
2025-03-31 03:00:00,0.0,10.0,3.2815
2025-03-31 04:00:00,0.0,10.0,3.2815
2025-03-31 05:00:00,0.0,10.0,3.2815
2025-03-31 06:00:00,54347.666362291406,2610.36681159289,7.0
2025-03-31 07:00:00,372059.7432566861,17811.901591228998,7.0
2025-03-31 08:00:00,664822.4806272829,31819.688068291045,7.0
2025-03-31 09:00:00,1054511.8565042757,50465.11275140075,7.0
2025-03-31 10:00:00,1152595.6996076556,55158.11959845242,7.0
2025-03-31 11:00:00,1252360.9778950885,59931.57788971715,7.0
2025-03-31 12:00:00,1364812.3731660713,65312.027424213935,7.0
2025-03-31 13:00:00,1599015.3907542678,76517.91343321855,7.0
2025-03-31 14:00:00,1653424.1145830853,79121.20165469308,7.0
2025-03-31 15:00:00,1235986.7186883728,59148.1205114054,7.0
2025-03-31 16:00:00,859061.7298223918,41113.432048918265,7.0
2025-03-31 17:00:00,434133.4765398099,20781.936676545927,7.0
2025-03-31 18:00:00,111949.25450322269,5366.423660441277,7.0
2025-03-31 19:00:00,0.0,10.0,3.2815
2025-03-31 20:00:00,0.0,10.0,3.2815
2025-03-31 21:00:00,0.0,10.0,3.2815
2025-03-31 22:00:00,0.0,10.0,3.2815
2025-03-31 23:00:00,0.0,10.0,3.2815
2025-04-01 00:00:00,0.0,10.0,3.2815
2025-04-01 01:00:00,0.0,10.0,3.2815
2025-04-01 02:00:00,0.0,10.0,3.2815
2025-04-01 03:00:00,0.0,10.0,3.2815
2025-04-01 04:00:00,0.0,10.0,3.2815
2025-04-01 05:00:00,0.0,10.0,3.2815
2025-04-01 06:00:00,72407.65887935646,3474.4812860936104,7.0
2025-04-01 07:00:00,441348.8909851731,21127.171817472397,7.0
2025-04-01 08:00:00,921286.7645019472,44090.706435499866,7.0
2025-04-01 09:00:00,1369838.1254602885,65552.49404116214,7.0
2025-04-01 10:00:00,1696576.2839865463,81185.89875533714,7.0
2025-04-01 11:00:00,1787371.0436777964,85530.14563051658,7.0
2025-04-01 12:00:00,1541185.72456615,73750.94375914593,7.0
2025-04-01 13:00:00,1315595.5667106172,62957.1563019434,7.0
2025-04-01 14:00:00,1180767.1612500718,56506.03642344841,7.0
2025-04-01 15:00:00,970752.3818969012,46457.48238741154,7.0
2025-04-01 16:00:00,779208.3941026535,37292.69828242361,7.0
2025-04-01 17:00:00,506585.3669700655,24248.534304787823,7.0
2025-04-01 18:00:00,155596.99174028556,7454.83214068352,7.0
2025-04-01 19:00:00,0.0,10.0,3.2815
2025-04-01 20:00:00,0.0,10.0,3.2815
2025-04-01 21:00:00,0.0,10.0,3.2815
2025-04-01 22:00:00,0.0,10.0,3.2815
2025-04-01 23:00:00,0.0,10.0,3.2815
2025-04-02 00:00:00,0.0,10.0,3.2815
2025-04-02 01:00:00,0.0,10.0,3.2815
2025-04-02 02:00:00,0.0,10.0,3.2815
2025-04-02 03:00:00,0.0,10.0,3.2815
2025-04-02 04:00:00,0.0,10.0,3.2815
2025-04-02 05:00:00,0.0,10.0,3.2815
2025-04-02 06:00:00,80249.68480400201,3849.6978375120584,7.0
2025-04-02 07:00:00,457967.5420499479,21922.32258612191,7.0
2025-04-02 08:00:00,934150.572883922,44706.1996595178,7.0
2025-04-02 09:00:00,1371283.932956969,65621.67143334779,7.0
2025-04-02 10:00:00,1716548.0197924844,82141.48420059733,7.0
2025-04-02 11:00:00,1933136.5001734216,92504.56938628812,7.0
2025-04-02 12:00:00,2068754.0972456743,98993.44962897964,7.0
2025-04-02 13:00:00,1901902.7790546112,91010.13296912015,7.0
2025-04-02 14:00:00,1633400.9332667533,78163.15470175854,7.0
2025-04-02 15:00:00,1116815.4090901227,53446.143975603954,7.0
2025-04-02 16:00:00,616814.0155846458,29522.6323246242,7.0
2025-04-02 17:00:00,401531.78235870606,19222.047002808904,7.0
2025-04-02 18:00:00,152229.87132047754,7293.725900501318,7.0
2025-04-02 19:00:00,171.12852813267168,18.18796785323788,4.0113922374966835
2025-04-02 20:00:00,0.0,10.0,3.2815
2025-04-02 21:00:00,0.0,10.0,3.2815
2025-04-02 22:00:00,0.0,10.0,3.2815
2025-04-02 23:00:00,0.0,10.0,3.2815
2025-04-03 00:00:00,0.0,10.0,3.2815
2025-04-03 01:00:00,0.0,10.0,3.2815
2025-04-03 02:00:00,0.0,10.0,3.2815
2025-04-03 03:00:00,0.0,10.0,3.2815
2025-04-03 04:00:00,0.0,10.0,3.2815
2025-04-03 05:00:00,0.0,10.0,3.2815
2025-04-03 06:00:00,86846.29206656449,4165.324979261459,7.0
2025-04-03 07:00:00,467155.7128535789,22361.94798342483,7.0
2025-04-03 08:00:00,941105.5216659242,45038.97232851312,7.0
2025-04-03 09:00:00,1395447.290522738,66777.81294367167,7.0
2025-04-03 10:00:00,1754968.427247218,83979.78120800087,7.0
2025-04-03 11:00:00,1992730.272509348,95355.94605307886,7.0
2025-04-03 12:00:00,2087564.6476886105,99893.47596596222,7.0
2025-04-03 13:00:00,2029234.9811848472,97102.58283181087,7.0
2025-04-03 14:00:00,1824595.0205038134,87311.19715329251,7.0
2025-04-03 15:00:00,1492926.1888842718,71441.8750662331,7.0
2025-04-03 16:00:00,1066865.499812214,51056.19616326383,7.0
2025-04-03 17:00:00,595629.2271453313,28509.006083508677,7.0
2025-04-03 18:00:00,170524.71232052392,8169.077144522676,7.0
2025-04-03 19:00:00,513.8028098027672,34.58386649774006,7.0
2025-04-03 20:00:00,0.0,10.0,3.2815
2025-04-03 21:00:00,0.0,10.0,3.2815
2025-04-03 22:00:00,0.0,10.0,3.2815
2025-04-03 23:00:00,0.0,10.0,3.2815
2025-04-04 00:00:00,0.0,10.0,3.2815
2025-04-04 01:00:00,0.0,10.0,3.2815
2025-04-04 02:00:00,0.0,10.0,3.2815
2025-04-04 03:00:00,0.0,10.0,3.2815
2025-04-04 04:00:00,0.0,10.0,3.2815
2025-04-04 05:00:00,0.0,10.0,3.2815
2025-04-04 06:00:00,101252.69540013008,4854.626574168903,7.0
2025-04-04 07:00:00,502091.57437189744,24033.520304875477,7.0
2025-04-04 08:00:00,982804.8682199162,47034.15637415867,7.0
2025-04-04 09:00:00,1430700.0356432602,68464.54715996461,7.0
2025-04-04 10:00:00,1790362.704709594,85673.28730667914,7.0
2025-04-04 11:00:00,2026571.2501926194,96975.13158816361,7.0
2025-04-04 12:00:00,2118416.3168592714,101369.63238561108,7.0
2025-04-04 13:00:00,2058990.7230347975,98526.30253755012,7.0
2025-04-04 14:00:00,1853424.8155112371,88690.61318235584,7.0
2025-04-04 15:00:00,1519860.2389424061,72730.58559533044,7.0
2025-04-04 16:00:00,1089944.7842526906,52160.46814606175,7.0
2025-04-04 17:00:00,613120.0198145803,29345.88611553016,7.0
2025-04-04 18:00:00,180845.3865355176,8662.889307919502,7.0
2025-04-04 19:00:00,970.1335738188341,56.41787434539876,7.0
2025-04-04 20:00:00,0.0,10.0,3.2815
2025-04-04 21:00:00,0.0,10.0,3.2815
2025-04-04 22:00:00,0.0,10.0,3.2815
2025-04-04 23:00:00,0.0,10.0,3.2815
2025-04-05 00:00:00,0.0,10.0,3.2815
2025-04-05 01:00:00,0.0,10.0,3.2815
2025-04-05 02:00:00,0.0,10.0,3.2815
2025-04-05 03:00:00,0.0,10.0,3.2815
2025-04-05 04:00:00,0.0,10.0,3.2815
2025-04-05 05:00:00,0.0,10.0,3.2815
2025-04-05 06:00:00,109157.88514068525,5232.865317736136,7.0
2025-04-05 07:00:00,512070.64576719183,24510.987835750806,7.0
2025-04-05 08:00:00,990299.7811205683,47392.764646917145,7.0
2025-04-05 09:00:00,1436769.139685812,68754.93491319675,7.0
2025-04-05 10:00:00,1794964.9187539963,85893.48893559791,7.0
2025-04-05 11:00:00,2031892.7560620713,97229.74909387901,7.0
2025-04-05 12:00:00,2126243.187647465,101744.1238108835,7.0
2025-04-05 13:00:00,2068377.9348182457,98975.45142671032,7.0
2025-04-05 14:00:00,1862038.9230932372,89102.7714398678,7.0
2025-04-05 15:00:00,1521510.4394608831,72809.54255793699,7.0
2025-04-05 16:00:00,1053880.8235124552,50434.91978528494,7.0
2025-04-05 17:00:00,558843.1021390893,26748.904408568862,7.0
2025-04-05 18:00:00,170431.65561089411,8164.624670377709,7.0
2025-04-05 19:00:00,1593.2085286540855,86.23007314134381,7.0
2025-04-05 20:00:00,0.0,10.0,3.2815
2025-04-05 21:00:00,0.0,10.0,3.2815
2025-04-05 22:00:00,0.0,10.0,3.2815
2025-04-05 23:00:00,0.0,10.0,3.2815
2025-04-06 00:00:00,0.0,10.0,3.2815
2025-04-06 01:00:00,0.0,10.0,3.2815
2025-04-06 02:00:00,0.0,10.0,3.2815
2025-04-06 03:00:00,0.0,10.0,3.2815
2025-04-06 04:00:00,0.0,10.0,3.2815
2025-04-06 05:00:00,0.0,10.0,3.2815
2025-04-06 06:00:00,126396.6560473706,6057.686892218689,7.0
2025-04-06 07:00:00,552006.3325385863,26421.786245865376,7.0
2025-04-06 08:00:00,1048751.2323726476,50189.48480251903,7.0
2025-04-06 09:00:00,1506794.7377797905,72105.44199903305,7.0
2025-04-06 10:00:00,1871362.8036273124,89548.89012570873,7.0
2025-04-06 11:00:00,2108510.740073448,100895.68134322719,7.0
2025-04-06 12:00:00,2198683.8466819003,105210.18405176558,7.0
2025-04-06 13:00:00,2134825.9088645633,102154.78032844802,7.0
2025-04-06 14:00:00,1922836.9258051796,92011.76678493683,7.0
2025-04-06 15:00:00,1581569.7620731338,75683.19435756622,7.0
2025-04-06 16:00:00,1143054.3635073267,54701.59634006347,7.0
2025-04-06 17:00:00,655981.6692211344,31396.682737853323,7.0
2025-04-06 18:00:00,206230.7962903482,9877.502214849197,7.0
2025-04-06 19:00:00,2484.262244159444,128.86422220858583,7.0
2025-04-06 20:00:00,0.0,10.0,3.2815
2025-04-06 21:00:00,0.0,10.0,3.2815
2025-04-06 22:00:00,0.0,10.0,3.2815
2025-04-06 23:00:00,0.0,10.0,3.2815
2025-04-07 00:00:00,0.0,10.0,3.2815
2025-04-07 01:00:00,0.0,10.0,3.2815
2025-04-07 02:00:00,0.0,10.0,3.2815
2025-04-07 03:00:00,0.0,10.0,3.2815
2025-04-07 04:00:00,0.0,10.0,3.2815
2025-04-07 05:00:00,0.0,10.0,3.2815
2025-04-07 06:00:00,134767.27209524854,6458.194837093232,7.0
2025-04-07 07:00:00,558912.062441414,26752.203944565263,7.0
2025-04-07 08:00:00,1047429.0468312419,50126.22233642306,7.0
2025-04-07 09:00:00,1497611.8009668523,71666.06703190682,7.0
2025-04-07 10:00:00,1858225.6089908339,88920.31621965712,7.0
2025-04-07 11:00:00,2096711.7749561635,100331.13755771116,7.0
2025-04-07 12:00:00,2188047.6507610832,104701.27515603269,7.0
2025-04-07 13:00:00,2126247.2057529907,101744.31606473638,7.0
2025-04-07 14:00:00,1916854.481780296,91725.5254440333,7.0
2025-04-07 15:00:00,1579071.809524974,75563.6750968887,7.0
2025-04-07 16:00:00,1144595.8212763388,54775.35030030329,7.0
2025-04-07 17:00:00,661407.9230291663,31656.312106658675,7.0
2025-04-07 18:00:00,213745.99605819234,10237.081151109682,7.0
2025-04-07 19:00:00,3440.3620487112316,174.6106243402503,7.0
2025-04-07 20:00:00,0.0,10.0,3.2815
2025-04-07 21:00:00,0.0,10.0,3.2815
2025-04-07 22:00:00,0.0,10.0,3.2815
2025-04-07 23:00:00,0.0,10.0,3.2815
2025-04-08 00:00:00,0.0,10.0,3.2815
2025-04-08 01:00:00,0.0,10.0,3.2815
2025-04-08 02:00:00,0.0,10.0,3.2815
2025-04-08 03:00:00,0.0,10.0,3.2815
2025-04-08 04:00:00,0.0,10.0,3.2815
2025-04-08 05:00:00,0.0,10.0,3.2815
2025-04-08 06:00:00,145003.62363317155,6947.9724226397875,7.0
2025-04-08 07:00:00,566288.0584005853,27105.122411511256,7.0
2025-04-08 08:00:00,1049935.834602777,50246.1643350611,7.0
2025-04-08 09:00:00,1495888.1478940456,71583.59559301654,7.0
2025-04-08 10:00:00,1820535.8078993463,87116.97645451418,7.0
2025-04-08 11:00:00,2080984.128146189,99578.61857158798,7.0
2025-04-08 12:00:00,2170370.69877357,103855.48797959666,7.0
2025-04-08 13:00:00,2104938.3298198525,100724.75262295945,7.0
2025-04-08 14:00:00,1893976.4476045338,90630.88266050401,7.0
2025-04-08 15:00:00,1566389.0292144918,74956.84350308574,7.0
2025-04-08 16:00:00,1137121.5299307362,54417.72870481991,7.0
2025-04-08 17:00:00,657124.8281271651,31451.379336227994,7.0
2025-04-08 18:00:00,217229.40669090793,10403.751516311384,7.0
2025-04-08 19:00:00,4536.653056579702,227.064739549268,7.0
2025-04-08 20:00:00,0.0,10.0,3.2815
2025-04-08 21:00:00,0.0,10.0,3.2815
2025-04-08 22:00:00,0.0,10.0,3.2815
2025-04-08 23:00:00,0.0,10.0,3.2815
2025-04-09 00:00:00,0.0,10.0,3.2815
2025-04-09 01:00:00,0.0,10.0,3.2815
2025-04-09 02:00:00,0.0,10.0,3.2815
2025-04-09 03:00:00,0.0,10.0,3.2815
2025-04-09 04:00:00,0.0,10.0,3.2815
2025-04-09 05:00:00,19.721528120371456,10.943613785663706,3.351784217652148
2025-04-09 06:00:00,144625.84387580756,6929.8968361630405,7.0
2025-04-09 07:00:00,498050.5319008988,23840.168990473627,7.0
2025-04-09 08:00:00,1023941.0307576413,49002.39381615509,7.0
2025-04-09 09:00:00,1485789.1478102682,71100.38984738126,7.0
2025-04-09 10:00:00,1838654.056125162,87983.87828350057,7.0
2025-04-09 11:00:00,2072345.674674319,99165.29543896264,7.0
2025-04-09 12:00:00,2165236.440226083,103609.82967588915,7.0
2025-04-09 13:00:00,2132646.395639744,102050.49739903082,7.0
2025-04-09 14:00:00,1920413.5602429654,91895.81627956772,7.0
2025-04-09 15:00:00,1589609.7911149964,76067.88474234432,7.0
2025-04-09 16:00:00,1149992.0657069015,55033.543813727345,7.0
2025-04-09 17:00:00,671531.7943377456,32140.707863050033,7.0
2025-04-09 18:00:00,226568.52168081247,10850.599123483851,7.0
2025-04-09 19:00:00,5766.648540303856,285.916198100663,7.0
2025-04-09 20:00:00,0.0,10.0,3.2815
2025-04-09 21:00:00,0.0,10.0,3.2815
2025-04-09 22:00:00,0.0,10.0,3.2815
2025-04-09 23:00:00,0.0,10.0,3.2815
2025-04-10 00:00:00,0.0,10.0,3.2815
2025-04-10 01:00:00,0.0,10.0,3.2815
2025-04-10 02:00:00,0.0,10.0,3.2815
2025-04-10 03:00:00,0.0,10.0,3.2815
2025-04-10 04:00:00,0.0,10.0,3.2815
2025-04-10 05:00:00,162.95574302626724,17.79692550364915,3.9692284038106678
2025-04-10 06:00:00,84719.97837955004,4063.5874822751216,7.0
2025-04-10 07:00:00,275471.20640049403,13190.440497631294,7.0
2025-04-10 08:00:00,458253.35664661817,21935.99792567551,7.0
2025-04-10 09:00:00,660656.9771189463,31620.38168033236,7.0
2025-04-10 10:00:00,865509.0942323947,41421.91838432511,7.0
2025-04-10 11:00:00,1240338.817364769,59356.35489783584,7.0
2025-04-10 12:00:00,1589897.338063274,76081.64296953465,7.0
2025-04-10 13:00:00,1712289.2745160274,81937.71648402045,7.0
2025-04-10 14:00:00,1761734.2461819947,84303.50460200931,7.0
2025-04-10 15:00:00,1565965.437384056,74936.57595139023,7.0
2025-04-10 16:00:00,1154399.4451701562,55244.42321388307,7.0
2025-04-10 17:00:00,681136.8862789221,32600.281640139812,7.0
2025-04-10 18:00:00,236881.50422972947,11344.043264580358,7.0
2025-04-10 19:00:00,7188.336028650105,353.9395229019189,7.0
2025-04-10 20:00:00,0.0,10.0,3.2815
2025-04-10 21:00:00,0.0,10.0,3.2815
2025-04-10 22:00:00,0.0,10.0,3.2815
2025-04-10 23:00:00,0.0,10.0,3.2815
2025-04-11 00:00:00,0.0,10.0,3.2815
2025-04-11 01:00:00,0.0,10.0,3.2815
2025-04-11 02:00:00,0.0,10.0,3.2815
2025-04-11 03:00:00,0.0,10.0,3.2815
2025-04-11 04:00:00,0.0,10.0,3.2815
2025-04-11 05:00:00,895.1797181132305,52.83156545996318,7.0
2025-04-11 06:00:00,151253.6741562092,7247.017902210967,7.0
2025-04-11 07:00:00,457473.6623777994,21898.691979799012,7.0
2025-04-11 08:00:00,761005.8679602823,36421.76401723838,7.0
2025-04-11 09:00:00,1402837.1577244396,67131.39510643252,7.0
2025-04-11 10:00:00,1832624.1217501303,87695.36467703973,7.0
2025-04-11 11:00:00,2110923.2815940552,101011.11395186868,7.0
2025-04-11 12:00:00,2204953.417876498,105510.16353476066,7.0
2025-04-11 13:00:00,2141939.1036770674,102495.12457785012,7.0
2025-04-11 14:00:00,1926412.8147076317,92182.86194773357,7.0
2025-04-11 15:00:00,1585689.252449373,75880.29916025708,7.0
2025-04-11 16:00:00,1123362.3899598932,53759.39664879872,7.0
2025-04-11 17:00:00,631417.95654031,30221.38548039761,7.0
2025-04-11 18:00:00,209912.70176247737,10053.669940788392,7.0
2025-04-11 19:00:00,8461.692848286382,414.86568652087954,7.0
2025-04-11 20:00:00,0.0,10.0,3.2815
2025-04-11 21:00:00,0.0,10.0,3.2815
2025-04-11 22:00:00,0.0,10.0,3.2815
2025-04-11 23:00:00,0.0,10.0,3.2815
2025-04-12 00:00:00,0.0,10.0,3.2815
2025-04-12 01:00:00,0.0,10.0,3.2815
2025-04-12 02:00:00,0.0,10.0,3.2815
2025-04-12 03:00:00,0.0,10.0,3.2815
2025-04-12 04:00:00,0.0,10.0,3.2815
2025-04-12 05:00:00,1760.5216899988864,94.23548755975533,7.0
2025-04-12 06:00:00,186593.8858877725,8937.937123816866,7.0
2025-04-12 07:00:00,618324.5693135629,29594.907622658517,7.0
2025-04-12 08:00:00,1097888.971127358,52540.5727812133,7.0
2025-04-12 09:00:00,1538379.54043657,73616.67657591245,7.0
2025-04-12 10:00:00,1888862.5598009229,90386.19903353698,7.0
2025-04-12 11:00:00,2116541.599841445,101279.93300676772,7.0
2025-04-12 12:00:00,2203692.2325596875,105449.81973969797,7.0
2025-04-12 13:00:00,2143922.1017916007,102590.00487041152,7.0
2025-04-12 14:00:00,1940023.9075700166,92834.11041004864,7.0
2025-04-12 15:00:00,1608185.6429205749,76956.68147945334,7.0
2025-04-12 16:00:00,1184751.4663536423,56696.673031274746,7.0
2025-04-12 17:00:00,710122.0379712702,33987.13100341006,7.0
2025-04-12 18:00:00,255128.96168864155,12217.12735352352,7.0
2025-04-12 19:00:00,10609.444918940768,517.6289434899888,7.0
2025-04-12 20:00:00,0.0,10.0,3.2815
2025-04-12 21:00:00,0.0,10.0,3.2815
2025-04-12 22:00:00,0.0,10.0,3.2815
2025-04-12 23:00:00,0.0,10.0,3.2815
2025-04-13 00:00:00,0.0,10.0,3.2815
2025-04-13 01:00:00,0.0,10.0,3.2815
2025-04-13 02:00:00,0.0,10.0,3.2815
2025-04-13 03:00:00,0.0,10.0,3.2815
2025-04-13 04:00:00,0.0,10.0,3.2815
2025-04-13 05:00:00,219.94637985637692,20.52375023236253,4.283165976440226
2025-04-13 06:00:00,25067.091343735912,1209.382360944302,7.0
2025-04-13 07:00:00,240922.67839974957,11537.400880370793,7.0
2025-04-13 08:00:00,557113.9281439442,26666.168810715037,7.0
2025-04-13 09:00:00,736009.6416551162,35225.77232799599,7.0
2025-04-13 10:00:00,880713.2067244672,42149.387881553455,7.0
2025-04-13 11:00:00,1165279.594712625,55765.004531704544,7.0
2025-04-13 12:00:00,1122170.862728909,53702.385776502815,7.0
2025-04-13 13:00:00,1266162.6200154107,60591.94354140721,7.0
2025-04-13 14:00:00,1307469.3919729362,62568.34411353761,7.0
2025-04-13 15:00:00,1078001.5720546506,51589.02258634692,7.0
2025-04-13 16:00:00,731473.6460321138,35008.73904459875,7.0
2025-04-13 17:00:00,546394.8469120336,26153.29411062362,7.0
2025-04-13 18:00:00,179659.73731110056,8606.159679956965,7.0
2025-04-13 19:00:00,7849.774470068252,385.5872952185767,7.0
2025-04-13 20:00:00,0.0,10.0,3.2815
2025-04-13 21:00:00,0.0,10.0,3.2815
2025-04-13 22:00:00,0.0,10.0,3.2815
2025-04-13 23:00:00,0.0,10.0,3.2815
2025-04-14 00:00:00,0.0,10.0,3.2815
2025-04-14 01:00:00,0.0,10.0,3.2815
2025-04-14 02:00:00,0.0,10.0,3.2815
2025-04-14 03:00:00,0.0,10.0,3.2815
2025-04-14 04:00:00,0.0,10.0,3.2815
2025-04-14 05:00:00,3212.419442392247,163.7042795402989,7.0
2025-04-14 06:00:00,182634.4831077043,8748.492014722693,7.0
2025-04-14 07:00:00,483071.0185802713,23123.445865084752,7.0
2025-04-14 08:00:00,899425.6495786115,43044.72007553165,7.0
2025-04-14 09:00:00,1188643.4546130018,56882.8925652154,7.0
2025-04-14 10:00:00,1350623.954006768,64633.155694103734,7.0
2025-04-14 11:00:00,1445015.2648713093,69149.48635747892,7.0
2025-04-14 12:00:00,1349845.1478910157,64595.892243589275,7.0
2025-04-14 13:00:00,1305011.509967506,62450.74210370842,7.0
2025-04-14 14:00:00,1240964.3200124628,59386.283254184826,7.0
2025-04-14 15:00:00,1212818.908895534,58039.61286581503,7.0
2025-04-14 16:00:00,1046837.5039649347,50097.91884999687,7.0
2025-04-14 17:00:00,619658.954442897,29658.753801095547,7.0
2025-04-14 18:00:00,248268.51604420997,11888.876365751674,7.0
2025-04-14 19:00:00,14511.830583889214,704.345960951637,7.0
2025-04-14 20:00:00,0.0,10.0,3.2815
2025-04-14 21:00:00,0.0,10.0,3.2815
2025-04-14 22:00:00,0.0,10.0,3.2815
2025-04-14 23:00:00,0.0,10.0,3.2815
2025-04-15 00:00:00,0.0,10.0,3.2815
2025-04-15 01:00:00,0.0,10.0,3.2815
2025-04-15 02:00:00,0.0,10.0,3.2815
2025-04-15 03:00:00,0.0,10.0,3.2815
2025-04-15 04:00:00,0.0,10.0,3.2815
2025-04-15 05:00:00,5080.724081120314,253.0968459866179,7.0
2025-04-15 06:00:00,198389.5857631899,9502.324677664588,7.0
2025-04-15 07:00:00,606146.1755300395,29012.209355504277,7.0
2025-04-15 08:00:00,1073053.1514088651,51352.256048271054,7.0
2025-04-15 09:00:00,1396358.3408924816,66821.40387045367,7.0
2025-04-15 10:00:00,1644474.2610593375,78692.97899805443,7.0
2025-04-15 11:00:00,1369403.505579717,65531.6988315654,7.0
2025-04-15 12:00:00,1319339.533002599,63136.29344510043,7.0
2025-04-15 13:00:00,889330.8710053782,42561.716316046804,7.0
2025-04-15 14:00:00,1042649.5602041506,49897.53876574884,7.0
2025-04-15 15:00:00,651114.6643286637,31163.811690366685,7.0
2025-04-15 16:00:00,428560.4191000726,20515.28321052979,7.0
2025-04-15 17:00:00,271576.1156972809,13004.072521401,7.0
2025-04-15 18:00:00,126754.8331889694,6074.824554496143,7.0
2025-04-15 19:00:00,8684.057239797086,425.5051310907696,7.0
2025-04-15 20:00:00,0.0,10.0,3.2815
2025-04-15 21:00:00,0.0,10.0,3.2815
2025-04-15 22:00:00,0.0,10.0,3.2815
2025-04-15 23:00:00,0.0,10.0,3.2815
2025-04-16 00:00:00,0.0,10.0,3.2815
2025-04-16 01:00:00,0.0,10.0,3.2815
2025-04-16 02:00:00,0.0,10.0,3.2815
2025-04-16 03:00:00,0.0,10.0,3.2815
2025-04-16 04:00:00,0.0,10.0,3.2815
2025-04-16 05:00:00,5110.322447971089,254.51303578809038,7.0
2025-04-16 06:00:00,86777.63656817083,4162.040027185207,7.0
2025-04-16 07:00:00,173951.4921904099,8333.037903847364,7.0
2025-04-16 08:00:00,279044.16156292165,13361.395290091945,7.0
2025-04-16 09:00:00,205066.81328558954,9821.809248114332,7.0
2025-04-16 10:00:00,211173.25196574628,10113.983347643363,7.0
2025-04-16 11:00:00,386935.317612992,18523.65156043024,7.0
2025-04-16 12:00:00,340899.14453287894,16320.963853247797,7.0
2025-04-16 13:00:00,335250.4124239142,16050.689589660966,7.0
2025-04-16 14:00:00,359401.8212415918,17206.259389549847,7.0
2025-04-16 15:00:00,183537.26969921318,8791.687545416899,7.0
2025-04-16 16:00:00,166667.58278975307,7984.525492332683,7.0
2025-04-16 17:00:00,202101.77309232656,9679.941296283567,7.0
2025-04-16 18:00:00,90240.55284266254,4327.729801084332,7.0
2025-04-16 19:00:00,5405.898109295794,268.6554119280284,7.0
2025-04-16 20:00:00,0.0,10.0,3.2815
2025-04-16 21:00:00,0.0,10.0,3.2815
2025-04-16 22:00:00,0.0,10.0,3.2815
2025-04-16 23:00:00,0.0,10.0,3.2815
2025-04-17 00:00:00,0.0,10.0,3.2815
2025-04-17 01:00:00,0.0,10.0,3.2815
2025-04-17 02:00:00,0.0,10.0,3.2815
2025-04-17 03:00:00,0.0,10.0,3.2815
2025-04-17 04:00:00,0.0,10.0,3.2815
2025-04-17 05:00:00,926.6678677906034,54.33817549237337,7.0
2025-04-17 06:00:00,30030.051499874324,1446.8445693719773,7.0
2025-04-17 07:00:00,129998.44656225691,6230.021366615163,7.0
2025-04-17 08:00:00,246626.3787423628,11810.305202983865,7.0
2025-04-17 09:00:00,290276.5376906928,13898.829554578604,7.0
2025-04-17 10:00:00,379666.75781148043,18175.873579496674,7.0
2025-04-17 11:00:00,452840.97759574035,21677.03242084882,7.0
2025-04-17 12:00:00,437246.01184378134,20930.861810707243,7.0
2025-04-17 13:00:00,722294.1068129678,34569.526641768796,7.0
2025-04-17 14:00:00,458119.4776047199,21929.592229890906,7.0
2025-04-17 15:00:00,324382.22830314,15530.680780054545,7.0
2025-04-17 16:00:00,193992.18152151833,9291.922560838197,7.0
2025-04-17 17:00:00,162360.34399394572,7778.437511672044,7.0
2025-04-17 18:00:00,50017.20698871014,2403.1677985028773,7.0
2025-04-17 19:00:00,7124.574942928413,350.8887532501633,7.0
2025-04-17 20:00:00,0.0,10.0,3.2815
2025-04-17 21:00:00,0.0,10.0,3.2815
2025-04-17 22:00:00,0.0,10.0,3.2815
2025-04-17 23:00:00,0.0,10.0,3.2815
2025-04-18 00:00:00,0.0,10.0,3.2815
2025-04-18 01:00:00,0.0,10.0,3.2815
2025-04-18 02:00:00,0.0,10.0,3.2815
2025-04-18 03:00:00,0.0,10.0,3.2815
2025-04-18 04:00:00,0.0,10.0,3.2815
2025-04-18 05:00:00,5069.14551543448,252.54284762844404,7.0
2025-04-18 06:00:00,89902.38884001698,4311.54970526397,7.0
2025-04-18 07:00:00,192684.30951648558,9229.344952941894,7.0
2025-04-18 08:00:00,350076.9686152518,16760.094192117314,7.0
2025-04-18 09:00:00,551444.707414418,26394.914230354927,7.0
2025-04-18 10:00:00,870033.3342768592,41638.38919984972,7.0
2025-04-18 11:00:00,1077871.6446437272,51582.8059638147,7.0
2025-04-18 12:00:00,1335831.4516295276,63925.38046074295,7.0
2025-04-18 13:00:00,1374059.872699414,65754.49151671838,7.0
2025-04-18 14:00:00,1372109.9225050586,65661.19246435686,7.0
2025-04-18 15:00:00,1123413.10911714,53761.82340273397,7.0
2025-04-18 16:00:00,732129.4095553505,35040.11528972969,7.0
2025-04-18 17:00:00,408723.3452440531,19566.14092076809,7.0
2025-04-18 18:00:00,198447.1289543891,9505.077940401392,7.0
2025-04-18 19:00:00,19123.40466788754,924.9954386549061,7.0
2025-04-18 20:00:00,0.0,10.0,3.2815
2025-04-18 21:00:00,0.0,10.0,3.2815
2025-04-18 22:00:00,0.0,10.0,3.2815
2025-04-18 23:00:00,0.0,10.0,3.2815
2025-04-19 00:00:00,0.0,10.0,3.2815
2025-04-19 01:00:00,0.0,10.0,3.2815
2025-04-19 02:00:00,0.0,10.0,3.2815
2025-04-19 03:00:00,0.0,10.0,3.2815
2025-04-19 04:00:00,0.0,10.0,3.2815
2025-04-19 05:00:00,14973.520419665709,726.4363837160627,7.0
2025-04-19 06:00:00,267364.7648202793,12802.5724794392,7.0
2025-04-19 07:00:00,627805.2147093759,30048.52701958736,7.0
2025-04-19 08:00:00,1099427.4141287135,52614.18249419682,7.0
2025-04-19 09:00:00,1559645.6551703317,74634.1940272886,7.0
2025-04-19 10:00:00,1951849.138649836,93399.91094018354,7.0
2025-04-19 11:00:00,2119460.1245240653,101419.57533607968,7.0
2025-04-19 12:00:00,2098269.455227944,100405.6677142557,7.0
2025-04-19 13:00:00,1836844.7643585466,87897.30929945198,7.0
2025-04-19 14:00:00,1580474.4772158982,75630.78838353581,7.0
2025-04-19 15:00:00,1493695.6034961473,71478.6891624951,7.0
2025-04-19 16:00:00,974628.456696816,46642.94051180938,7.0
2025-04-19 17:00:00,562956.2268634376,26945.704634614234,7.0
2025-04-19 18:00:00,201499.10275745494,9651.105395093537,7.0
2025-04-19 19:00:00,21073.794979017195,1018.3155492352724,7.0
2025-04-19 20:00:00,0.0,10.0,3.2815
2025-04-19 21:00:00,0.0,10.0,3.2815
2025-04-19 22:00:00,0.0,10.0,3.2815
2025-04-19 23:00:00,0.0,10.0,3.2815
2025-04-20 00:00:00,0.0,10.0,3.2815
2025-04-20 01:00:00,0.0,10.0,3.2815
2025-04-20 02:00:00,0.0,10.0,3.2815
2025-04-20 03:00:00,0.0,10.0,3.2815
2025-04-20 04:00:00,0.0,10.0,3.2815
2025-04-20 05:00:00,15990.500115825298,775.0956993217845,7.0
2025-04-20 06:00:00,237783.81790833257,11387.216167862802,7.0
2025-04-20 07:00:00,644289.2541024304,30837.237038393803,7.0
2025-04-20 08:00:00,1167607.7708677724,55876.40051998911,7.0
2025-04-20 09:00:00,1603229.0551617744,76719.52417041983,7.0
2025-04-20 10:00:00,1938225.511976258,92748.06277398362,7.0
2025-04-20 11:00:00,2115688.635806701,101239.12133046416,7.0
2025-04-20 12:00:00,1900556.6022546226,90945.72259591497,7.0
2025-04-20 13:00:00,1533516.806497742,73384.00988027474,7.0
2025-04-20 14:00:00,1233114.3412607508,59010.68618472492,7.0
2025-04-20 15:00:00,759342.6912686917,36342.18618510487,7.0
2025-04-20 16:00:00,453806.25159570243,21723.21777969868,7.0
2025-04-20 17:00:00,152435.0107233514,7303.541182935474,7.0
2025-04-20 18:00:00,61309.08121856802,2943.4488621324413,7.0
2025-04-20 19:00:00,8585.526620662307,420.7907474001104,7.0
2025-04-20 20:00:00,0.0,10.0,3.2815
2025-04-20 21:00:00,0.0,10.0,3.2815
2025-04-20 22:00:00,0.0,10.0,3.2815
2025-04-20 23:00:00,0.0,10.0,3.2815
2025-04-21 00:00:00,0.0,10.0,3.2815
2025-04-21 01:00:00,0.0,10.0,3.2815
2025-04-21 02:00:00,0.0,10.0,3.2815
2025-04-21 03:00:00,0.0,10.0,3.2815
2025-04-21 04:00:00,0.0,10.0,3.2815
2025-04-21 05:00:00,17629.106954278082,853.4979403960805,7.0
2025-04-21 06:00:00,256229.05461378966,12269.763378650223,7.0
2025-04-21 07:00:00,673588.9668401219,32239.137169383823,7.0
2025-04-21 08:00:00,1083391.9236575249,51846.93414629305,7.0
2025-04-21 09:00:00,1413553.710108781,67644.14880903259,7.0
2025-04-21 10:00:00,1475431.6998219339,70604.81817329828,7.0
2025-04-21 11:00:00,1647161.6975751189,78821.56447727841,7.0
2025-04-21 12:00:00,1383237.8182677587,66193.62766831381,7.0
2025-04-21 13:00:00,1530276.5150158836,73228.97201032937,7.0
2025-04-21 14:00:00,1184927.277026143,56705.085025174296,7.0
2025-04-21 15:00:00,946199.9365106127,45282.724234957546,7.0
2025-04-21 16:00:00,909227.7233024496,43513.71881829902,7.0
2025-04-21 17:00:00,515048.35935160174,24653.462169933096,7.0
2025-04-21 18:00:00,294270.22640986484,14089.915139227984,7.0
2025-04-21 19:00:00,23313.110876735776,1125.4598505615204,7.0
2025-04-21 20:00:00,0.0,10.0,3.2815
2025-04-21 21:00:00,0.0,10.0,3.2815
2025-04-21 22:00:00,0.0,10.0,3.2815
2025-04-21 23:00:00,0.0,10.0,3.2815
2025-04-22 00:00:00,0.0,10.0,3.2815
2025-04-22 01:00:00,0.0,10.0,3.2815
2025-04-22 02:00:00,0.0,10.0,3.2815
2025-04-22 03:00:00,0.0,10.0,3.2815
2025-04-22 04:00:00,0.0,10.0,3.2815
2025-04-22 05:00:00,20362.63450233336,984.2887321690602,7.0
2025-04-22 06:00:00,234359.83936865302,11223.389443476222,7.0
2025-04-22 07:00:00,408461.48781003605,19553.611856939526,7.0
2025-04-22 08:00:00,862239.7791487523,41265.491825299156,7.0
2025-04-22 09:00:00,1085713.0794556872,51957.99423232953,7.0
2025-04-22 10:00:00,1285705.265063087,61526.99832837737,7.0
2025-04-22 11:00:00,1219798.6207084868,58373.57036882712,7.0
2025-04-22 12:00:00,1402996.3310873406,67139.01105681056,7.0
2025-04-22 13:00:00,1653553.0338366253,79127.37004002993,7.0
2025-04-22 14:00:00,1589563.835800558,76065.68592347168,7.0
2025-04-22 15:00:00,1358449.7959006366,65007.597889982615,7.0
2025-04-22 16:00:00,988956.5025984121,47328.49294729245,7.0
2025-04-22 17:00:00,636523.1035273724,30465.650886477146,7.0
2025-04-22 18:00:00,275135.6015594329,13174.382849733633,7.0
2025-04-22 19:00:00,33571.885492555106,1616.3103106485696,7.0
2025-04-22 20:00:00,0.0,10.0,3.2815
2025-04-22 21:00:00,0.0,10.0,3.2815
2025-04-22 22:00:00,0.0,10.0,3.2815
2025-04-22 23:00:00,0.0,10.0,3.2815
2025-04-23 00:00:00,0.0,10.0,3.2815
2025-04-23 01:00:00,0.0,10.0,3.2815
2025-04-23 02:00:00,0.0,10.0,3.2815
2025-04-23 03:00:00,0.0,10.0,3.2815
2025-04-23 04:00:00,0.0,10.0,3.2815
2025-04-23 05:00:00,7371.485454392605,362.7026533202203,7.0
2025-04-23 06:00:00,117834.62055294607,5648.02012215053,7.0
2025-04-23 07:00:00,327851.2434365176,15696.662365383618,7.0
2025-04-23 08:00:00,911804.7098887397,43637.01961190142,7.0
2025-04-23 09:00:00,1342158.7755275774,64228.123230984565,7.0
2025-04-23 10:00:00,1599592.336911768,76545.51851252478,7.0
2025-04-23 11:00:00,1355726.9483566096,64877.31810318706,7.0
2025-04-23 12:00:00,1077721.8745528222,51575.63993075704,7.0
2025-04-23 13:00:00,1095976.6618252792,52449.07472848226,7.0
2025-04-23 14:00:00,1052722.2398753492,50379.485161499964,7.0
2025-04-23 15:00:00,731094.2621632966,34990.58670637783,7.0
2025-04-23 16:00:00,671090.0338059255,32119.570995498827,7.0
2025-04-23 17:00:00,476822.23090733145,22824.460808963227,7.0
2025-04-23 18:00:00,238549.33264799163,11423.84366736802,7.0
2025-04-23 19:00:00,29452.56045681111,1419.2134189861774,7.0
2025-04-23 20:00:00,0.0,10.0,3.2815
2025-04-23 21:00:00,0.0,10.0,3.2815
2025-04-23 22:00:00,0.0,10.0,3.2815
2025-04-23 23:00:00,0.0,10.0,3.2815
2025-04-24 00:00:00,0.0,10.0,3.2815
2025-04-24 01:00:00,0.0,10.0,3.2815
2025-04-24 02:00:00,0.0,10.0,3.2815
2025-04-24 03:00:00,0.0,10.0,3.2815
2025-04-24 04:00:00,0.0,10.0,3.2815
2025-04-24 05:00:00,9585.26979752333,468.62534916379565,7.0
2025-04-24 06:00:00,84034.97049679329,4030.8119854925017,7.0
2025-04-24 07:00:00,140500.2756783601,6732.50122862967,7.0
2025-04-24 08:00:00,274937.09430211206,13164.884894837896,7.0
2025-04-24 09:00:00,363685.7525794018,17411.232180832623,7.0
2025-04-24 10:00:00,414985.4175297199,19865.761604292817,7.0
2025-04-24 11:00:00,455102.995906581,21785.262962037366,7.0
2025-04-24 12:00:00,454785.25774049346,21770.06017897098,7.0
2025-04-24 13:00:00,396999.53188000387,19005.192912918847,7.0
2025-04-24 14:00:00,484552.3579985661,23194.32334921369,7.0
2025-04-24 15:00:00,437789.2701054415,20956.855028968494,7.0
2025-04-24 16:00:00,338468.652758143,16204.672380772392,7.0
2025-04-24 17:00:00,142321.29596911444,6819.63138608203,7.0
2025-04-24 18:00:00,48099.41400679974,2311.4073687463992,7.0
2025-04-24 19:00:00,5621.539169740202,278.9731660162776,7.0
2025-04-24 20:00:00,0.0,10.0,3.2815
2025-04-24 21:00:00,0.0,10.0,3.2815
2025-04-24 22:00:00,0.0,10.0,3.2815
2025-04-24 23:00:00,0.0,10.0,3.2815
2025-04-25 00:00:00,0.0,10.0,3.2815
2025-04-25 01:00:00,0.0,10.0,3.2815
2025-04-25 02:00:00,0.0,10.0,3.2815
2025-04-25 03:00:00,0.0,10.0,3.2815
2025-04-25 04:00:00,0.0,10.0,3.2815
2025-04-25 05:00:00,20145.097999802674,973.8802870718984,7.0
2025-04-25 06:00:00,190950.53105735034,9146.389045806236,7.0
2025-04-25 07:00:00,196006.96425663267,9388.32364864271,7.0
2025-04-25 08:00:00,509769.09754657734,24400.865911319488,7.0
2025-04-25 09:00:00,824162.644613183,39443.61935948244,7.0
2025-04-25 10:00:00,1181851.8105893016,56557.933521019215,7.0
2025-04-25 11:00:00,1450565.7686016522,69415.06069864365,7.0
2025-04-25 12:00:00,1656228.3952646127,79255.37776385706,7.0
2025-04-25 13:00:00,1421331.6099048068,68016.2971246319,7.0
2025-04-25 14:00:00,1474751.981348124,70572.29575828345,7.0
2025-04-25 15:00:00,1232019.0217950065,58958.278554785,7.0
2025-04-25 16:00:00,749110.6351472373,35852.614121877385,7.0
2025-04-25 17:00:00,623554.0048107632,29845.119847404934,7.0
2025-04-25 18:00:00,325898.8598671364,15603.246883595044,7.0
2025-04-25 19:00:00,24492.058481480984,1181.868826865119,7.0
2025-04-25 20:00:00,0.0,10.0,3.2815
2025-04-25 21:00:00,0.0,10.0,3.2815
2025-04-25 22:00:00,0.0,10.0,3.2815
2025-04-25 23:00:00,0.0,10.0,3.2815
2025-04-26 00:00:00,0.0,10.0,3.2815
2025-04-26 01:00:00,0.0,10.0,3.2815
2025-04-26 02:00:00,0.0,10.0,3.2815
2025-04-26 03:00:00,0.0,10.0,3.2815
2025-04-26 04:00:00,0.0,10.0,3.2815
2025-04-26 05:00:00,34324.65077659292,1652.327788353728,7.0
2025-04-26 06:00:00,319997.7060368116,15320.895025684766,7.0
2025-04-26 07:00:00,722404.495764261,34574.80840977326,7.0
2025-04-26 08:00:00,1219268.7139045037,58348.21597629205,7.0
2025-04-26 09:00:00,1701460.8714573178,81419.61107451281,7.0
2025-04-26 10:00:00,1831429.9735285835,87638.22839849682,7.0
2025-04-26 11:00:00,1686340.7485735947,80696.16021883229,7.0
2025-04-26 12:00:00,1834042.8457422033,87763.24620776092,7.0
2025-04-26 13:00:00,1808999.0253708458,86564.97729047108,7.0
2025-04-26 14:00:00,1537000.5791454925,73550.69756676997,7.0
2025-04-26 15:00:00,1271446.6314160791,60844.76705340091,7.0
2025-04-26 16:00:00,1052874.4312580698,50386.767045840665,7.0
2025-04-26 17:00:00,639575.817884856,30611.713774395022,7.0
2025-04-26 18:00:00,321156.7329386817,15376.350858310127,7.0
2025-04-26 19:00:00,44045.59420191895,2117.4446986564094,7.0
2025-04-26 20:00:00,0.0,10.0,3.2815
2025-04-26 21:00:00,0.0,10.0,3.2815
2025-04-26 22:00:00,0.0,10.0,3.2815
2025-04-26 23:00:00,0.0,10.0,3.2815
2025-04-27 00:00:00,0.0,10.0,3.2815
2025-04-27 01:00:00,0.0,10.0,3.2815
2025-04-27 02:00:00,0.0,10.0,3.2815
2025-04-27 03:00:00,0.0,10.0,3.2815
2025-04-27 04:00:00,0.0,10.0,3.2815
2025-04-27 05:00:00,45730.488696881985,2198.0616601378943,7.0
2025-04-27 06:00:00,357470.6034870975,17113.856626176916,7.0
2025-04-27 07:00:00,757511.6720620808,36254.57761062588,7.0
2025-04-27 08:00:00,1217738.7694019547,58275.01289004568,7.0
2025-04-27 09:00:00,1684148.527842162,80591.26927474458,7.0
2025-04-27 10:00:00,2017655.7631427874,96548.55326042045,7.0
2025-04-27 11:00:00,2231998.128571089,106804.16883115258,7.0
2025-04-27 12:00:00,2315971.9291653344,110822.05402704948,7.0
2025-04-27 13:00:00,2175266.2468435857,104089.72472935817,7.0
2025-04-27 14:00:00,1903559.3756304753,91089.39596318064,7.0
2025-04-27 15:00:00,1529539.336909247,73193.70033058598,7.0
2025-04-27 16:00:00,1153793.641637618,55215.43739892909,7.0
2025-04-27 17:00:00,771749.5439852759,36935.81550168784,7.0
2025-04-27 18:00:00,366687.3443807594,17554.849013433464,7.0
2025-04-27 19:00:00,59210.34945047108,2843.031074185219,7.0
2025-04-27 20:00:00,0.0,10.0,3.2815
2025-04-27 21:00:00,0.0,10.0,3.2815
2025-04-27 22:00:00,0.0,10.0,3.2815
2025-04-27 23:00:00,0.0,10.0,3.2815
2025-04-28 00:00:00,0.0,10.0,3.2815
2025-04-28 01:00:00,0.0,10.0,3.2815
2025-04-28 02:00:00,0.0,10.0,3.2815
2025-04-28 03:00:00,0.0,10.0,3.2815
2025-04-28 04:00:00,0.0,10.0,3.2815
2025-04-28 05:00:00,52029.2247228796,2499.436589611464,7.0
2025-04-28 06:00:00,378436.3910573974,18117.004356813275,7.0
2025-04-28 07:00:00,837662.0754381688,40089.52514058224,7.0
2025-04-28 08:00:00,1311651.6765435766,62768.453423137646,7.0
2025-04-28 09:00:00,1736706.4555377024,83106.00265730634,7.0
2025-04-28 10:00:00,2071447.5648929891,99122.32367909039,7.0
2025-04-28 11:00:00,2285833.684926441,109380.03277160003,7.0
2025-04-28 12:00:00,2359989.4412933458,112928.15508580602,7.0
2025-04-28 13:00:00,2278150.7627313696,109012.4288388215,7.0
2025-04-28 14:00:00,2083090.3887871497,99679.3965926866,7.0
2025-04-28 15:00:00,1759131.0884069519,84178.95159841875,7.0
2025-04-28 16:00:00,1339432.7895139514,64097.69327817949,7.0
2025-04-28 17:00:00,868283.5545516734,41554.66768189825,7.0
2025-04-28 18:00:00,406945.91614084574,19481.09646606917,7.0
2025-04-28 19:00:00,65889.18941158292,3162.59279481258,7.0
2025-04-28 20:00:00,0.0,10.0,3.2815
2025-04-28 21:00:00,0.0,10.0,3.2815
2025-04-28 22:00:00,0.0,10.0,3.2815
2025-04-28 23:00:00,0.0,10.0,3.2815
2025-04-29 00:00:00,0.0,10.0,3.2815
2025-04-29 01:00:00,0.0,10.0,3.2815
2025-04-29 02:00:00,0.0,10.0,3.2815
2025-04-29 03:00:00,0.0,10.0,3.2815
2025-04-29 04:00:00,0.0,10.0,3.2815
2025-04-29 05:00:00,58427.82572722276,2805.5897477140074,7.0
2025-04-29 06:00:00,394929.75035095325,18906.160303873363,7.0
2025-04-29 07:00:00,847462.2218671936,40558.43166828677,7.0
2025-04-29 08:00:00,1340408.4935397482,64144.37768132766,7.0
2025-04-29 09:00:00,1773730.4572927624,84877.48599486901,7.0
2025-04-29 10:00:00,2110357.5645807986,100984.04615219131,7.0
2025-04-29 11:00:00,2320390.603502993,111033.47385181785,7.0
2025-04-29 12:00:00,2393773.4601125303,114544.61531638901,7.0
2025-04-29 13:00:00,2316871.85896543,110865.11286915932,7.0
2025-04-29 14:00:00,2102945.162471363,100629.38576418006,7.0
2025-04-29 15:00:00,1766282.300757895,84521.1148687988,7.0
2025-04-29 16:00:00,1347580.0058006684,64487.512239266434,7.0
2025-04-29 17:00:00,875264.3403784607,41888.67657313209,7.0
2025-04-29 18:00:00,413192.0310716875,19779.95363979366,7.0
2025-04-29 19:00:00,70171.28752857228,3367.4778721804923,7.0
2025-04-29 20:00:00,0.0,10.0,3.2815
2025-04-29 21:00:00,0.0,10.0,3.2815
2025-04-29 22:00:00,0.0,10.0,3.2815
2025-04-29 23:00:00,0.0,10.0,3.2815
2025-04-30 00:00:00,0.0,10.0,3.2815
2025-04-30 01:00:00,0.0,10.0,3.2815
2025-04-30 02:00:00,0.0,10.0,3.2815
2025-04-30 03:00:00,0.0,10.0,3.2815
2025-04-30 04:00:00,0.0,10.0,3.2815
2025-04-30 05:00:00,61540.374327372694,2954.5155180561096,7.0
2025-04-30 06:00:00,392600.29390730057,18794.70305776558,7.0
2025-04-30 07:00:00,850186.1590136351,40688.763589169146,7.0
2025-04-30 08:00:00,1278549.783079873,61184.63076937192,7.0
2025-04-30 09:00:00,1719173.7638386795,82267.11788701816,7.0
2025-04-30 10:00:00,2044010.8111163594,97809.56034049566,7.0
2025-04-30 11:00:00,2267646.5345642124,108509.83418967522,7.0
2025-04-30 12:00:00,2329899.0618357942,111488.42401128203,7.0
2025-04-30 13:00:00,2197150.6185137145,105136.82385233082,7.0
2025-04-30 14:00:00,2065320.0593454884,98829.14159547792,7.0
2025-04-30 15:00:00,1748667.260908862,83678.28999563934,7.0
2025-04-30 16:00:00,1332346.8301894958,63758.65216217683,7.0
2025-04-30 17:00:00,872643.0495509675,41763.25595937644,7.0
2025-04-30 18:00:00,416089.7459483051,19918.600284607903,7.0
2025-04-30 19:00:00,73831.07234760946,3542.5871936655244,7.0
2025-04-30 20:00:00,0.0,10.0,3.2815
2025-04-30 21:00:00,0.0,10.0,3.2815
2025-04-30 22:00:00,0.0,10.0,3.2815
2025-04-30 23:00:00,0.0,10.0,3.2815
2025-05-01 00:00:00,0.0,10.0,3.2815
2025-05-01 01:00:00,0.0,10.0,3.2815
2025-05-01 02:00:00,0.0,10.0,3.2815
2025-05-01 03:00:00,0.0,10.0,3.2815
2025-05-01 04:00:00,0.0,10.0,3.2815
2025-05-01 05:00:00,67839.7720798089,3255.922109081766,7.0
2025-05-01 06:00:00,406855.3258264113,19476.762001263698,7.0
2025-05-01 07:00:00,866310.555920321,41460.26583350818,7.0
2025-05-01 08:00:00,1336582.8840859672,63961.334166792694,7.0
2025-05-01 09:00:00,1757331.2341621744,84092.83417043897,7.0
2025-05-01 10:00:00,2087244.2688020861,99878.1468326357,7.0
2025-05-01 11:00:00,2298001.3420218695,109962.21732162056,7.0
2025-05-01 12:00:00,2369512.0241122814,113383.7810580039,7.0
2025-05-01 13:00:00,2300967.5406046812,110104.14069878857,7.0
2025-05-01 14:00:00,2098235.737506657,100404.05442615584,7.0
2025-05-01 15:00:00,1770106.2458640127,84704.0787494743,7.0
2025-05-01 16:00:00,1351323.4257135482,64666.62323988269,7.0
2025-05-01 17:00:00,899643.561035287,43055.14646101852,7.0
2025-05-01 18:00:00,432117.2776715745,20685.46783117581,7.0
2025-05-01 19:00:00,80933.89798497928,3882.4353102860905,7.0
2025-05-01 20:00:00,0.0,10.0,3.2815
2025-05-01 21:00:00,0.0,10.0,3.2815
2025-05-01 22:00:00,0.0,10.0,3.2815
2025-05-01 23:00:00,0.0,10.0,3.2815
2025-05-02 00:00:00,0.0,10.0,3.2815
2025-05-02 01:00:00,0.0,10.0,3.2815
2025-05-02 02:00:00,0.0,10.0,3.2815
2025-05-02 03:00:00,0.0,10.0,3.2815
2025-05-02 04:00:00,0.0,10.0,3.2815
2025-05-02 05:00:00,71165.91589608345,3415.0677462240883,7.0
2025-05-02 06:00:00,395272.8228009344,18922.575253633222,7.0
2025-05-02 07:00:00,723670.3320465942,34635.37473907149,7.0
2025-05-02 08:00:00,1067838.3084183305,51102.74202958519,7.0
2025-05-02 09:00:00,1504906.3013071406,72015.08618694452,7.0
2025-05-02 10:00:00,1998189.2900743426,95617.14306575802,7.0
2025-05-02 11:00:00,2091425.285468969,100078.19547698417,7.0
2025-05-02 12:00:00,2065254.567229086,98826.00800139169,7.0
2025-05-02 13:00:00,1690461.9935509686,80893.34897373056,7.0
2025-05-02 14:00:00,1348454.0686911761,64529.33343019982,7.0
2025-05-02 15:00:00,1279454.0913352447,61227.8991069495,7.0
2025-05-02 16:00:00,1222056.4932031955,58481.60254560744,7.0
2025-05-02 17:00:00,856704.0524231942,41000.62451785618,7.0
2025-05-02 18:00:00,419476.36170852935,20080.639316197576,7.0
2025-05-02 19:00:00,79271.65222659886,3802.9020204114286,7.0
2025-05-02 20:00:00,0.0,10.0,3.2815
2025-05-02 21:00:00,0.0,10.0,3.2815
2025-05-02 22:00:00,0.0,10.0,3.2815
2025-05-02 23:00:00,0.0,10.0,3.2815
2025-05-03 00:00:00,0.0,10.0,3.2815
2025-05-03 01:00:00,0.0,10.0,3.2815
2025-05-03 02:00:00,0.0,10.0,3.2815
2025-05-03 03:00:00,0.0,10.0,3.2815
2025-05-03 04:00:00,0.0,10.0,3.2815
2025-05-03 05:00:00,49972.99915512749,2401.052591154425,7.0
2025-05-03 06:00:00,330323.7749376722,15814.965308022593,7.0
2025-05-03 07:00:00,430833.35996670317,20624.036362043214,7.0
2025-05-03 08:00:00,853873.1727621807,40865.17573024788,7.0
2025-05-03 09:00:00,854146.9850402419,40878.27679618382,7.0
2025-05-03 10:00:00,1008792.3895993253,48277.578449728484,7.0
2025-05-03 11:00:00,1552944.5765376326,74313.56825538912,7.0
2025-05-03 12:00:00,1508683.8539177016,72195.83033099052,7.0
2025-05-03 13:00:00,1590390.1530692356,76105.22263489166,7.0
2025-05-03 14:00:00,1295285.4788012789,61985.38176082674,7.0
2025-05-03 15:00:00,340898.13328863523,16320.915468355754,7.0
2025-05-03 16:00:00,295095.09239673393,14129.382411326982,7.0
2025-05-03 17:00:00,169300.79717649787,8110.516611315687,7.0
2025-05-03 18:00:00,123637.69078930952,5925.6789851344265,7.0
2025-05-03 19:00:00,34412.67829199835,1656.5396311960933,7.0
2025-05-03 20:00:00,0.0,10.0,3.2815
2025-05-03 21:00:00,0.0,10.0,3.2815
2025-05-03 22:00:00,0.0,10.0,3.2815
2025-05-03 23:00:00,0.0,10.0,3.2815
2025-05-04 00:00:00,0.0,10.0,3.2815
2025-05-04 01:00:00,0.0,10.0,3.2815
2025-05-04 02:00:00,0.0,10.0,3.2815
2025-05-04 03:00:00,0.0,10.0,3.2815
2025-05-04 04:00:00,0.0,10.0,3.2815
2025-05-04 05:00:00,65366.634529257775,3137.5901688640083,7.0
2025-05-04 06:00:00,286482.22224364313,13717.283360939862,7.0
2025-05-04 07:00:00,476161.92273619235,22792.867116564226,7.0
2025-05-04 08:00:00,1089092.9252389728,52119.70934157764,7.0
2025-05-04 09:00:00,1072800.1429332534,51340.1503795815,7.0
2025-05-04 10:00:00,1171880.1580326455,56080.82095849978,7.0
2025-05-04 11:00:00,993552.6658332165,47548.40506379026,7.0
2025-05-04 12:00:00,1458580.2240777286,69798.5274678339,7.0
2025-05-04 13:00:00,1060561.6511556983,50754.576610320495,7.0
2025-05-04 14:00:00,1382028.5493308825,66135.76791056854,7.0
2025-05-04 15:00:00,1376754.5527894157,65883.42357844094,7.0
2025-05-04 16:00:00,1012115.4339057836,48436.57578496572,7.0
2025-05-04 17:00:00,597202.2330694196,28584.269524852614,7.0
2025-05-04 18:00:00,333706.40736885375,15976.813749705922,7.0
2025-05-04 19:00:00,62971.627920290055,3022.9965512100503,7.0
2025-05-04 20:00:00,0.0,10.0,3.2815
2025-05-04 21:00:00,0.0,10.0,3.2815
2025-05-04 22:00:00,0.0,10.0,3.2815
2025-05-04 23:00:00,0.0,10.0,3.2815
2025-05-05 00:00:00,0.0,10.0,3.2815
2025-05-05 01:00:00,0.0,10.0,3.2815
2025-05-05 02:00:00,0.0,10.0,3.2815
2025-05-05 03:00:00,0.0,10.0,3.2815
2025-05-05 04:00:00,0.0,10.0,3.2815
2025-05-05 05:00:00,78572.70206845892,3769.4594291128674,7.0
2025-05-05 06:00:00,378024.4178039896,18097.292717894237,7.0
2025-05-05 07:00:00,655322.5842009943,31365.147569425568,7.0
2025-05-05 08:00:00,1173823.0118752148,56173.780472498314,7.0
2025-05-05 09:00:00,1560632.343279274,74681.40398465426,7.0
2025-05-05 10:00:00,1498468.9074037226,71707.07690926902,7.0
2025-05-05 11:00:00,1256775.564418658,60142.80212529464,7.0
2025-05-05 12:00:00,1150287.9988159793,55047.703292630584,7.0
2025-05-05 13:00:00,1066013.736024698,51015.44191505732,7.0
2025-05-05 14:00:00,1060726.014078281,50762.44086498952,7.0
2025-05-05 15:00:00,879003.2310289245,42067.57086262797,7.0
2025-05-05 16:00:00,619534.9674934318,29652.821411168985,7.0
2025-05-05 17:00:00,526685.1503396225,25210.246427733135,7.0
2025-05-05 18:00:00,264071.83889231377,12645.016214943244,7.0
2025-05-05 19:00:00,67036.5585401567,3217.4908392419475,7.0
2025-05-05 20:00:00,0.0,10.0,3.2815
2025-05-05 21:00:00,0.0,10.0,3.2815
2025-05-05 22:00:00,0.0,10.0,3.2815
2025-05-05 23:00:00,0.0,10.0,3.2815
2025-05-06 00:00:00,0.0,10.0,3.2815
2025-05-06 01:00:00,0.0,10.0,3.2815
2025-05-06 02:00:00,0.0,10.0,3.2815
2025-05-06 03:00:00,0.0,10.0,3.2815
2025-05-06 04:00:00,0.0,10.0,3.2815
2025-05-06 05:00:00,80885.67625787032,3880.1280506158046,7.0
2025-05-06 06:00:00,358879.36509114684,17181.26148761468,7.0
2025-05-06 07:00:00,573787.3738116813,27463.94133070245,7.0
2025-05-06 08:00:00,1123647.4537576581,53773.03606495973,7.0
2025-05-06 09:00:00,1428232.2385185668,68346.47074251516,7.0
2025-05-06 10:00:00,1463192.021691132,70019.18764072402,7.0
2025-05-06 11:00:00,1721166.9841631695,82362.48728053443,7.0
2025-05-06 12:00:00,1698066.7233226919,81257.21164223406,7.0
2025-05-06 13:00:00,1348435.84500926,64528.46148369666,7.0
2025-05-06 14:00:00,1369248.256012965,65524.270622629905,7.0
2025-05-06 15:00:00,1424450.2890685007,68165.51622337324,7.0
2025-05-06 16:00:00,867992.6513295171,41540.74886744101,7.0
2025-05-06 17:00:00,446429.7984497948,21370.277437789227,7.0
2025-05-06 18:00:00,171648.69687359186,8222.856309741237,7.0
2025-05-06 19:00:00,44969.40291992879,2161.6460727238655,7.0
2025-05-06 20:00:00,0.0,10.0,3.2815
2025-05-06 21:00:00,0.0,10.0,3.2815
2025-05-06 22:00:00,0.0,10.0,3.2815
2025-05-06 23:00:00,0.0,10.0,3.2815
2025-05-07 00:00:00,0.0,10.0,3.2815
2025-05-07 01:00:00,0.0,10.0,3.2815
2025-05-07 02:00:00,0.0,10.0,3.2815
2025-05-07 03:00:00,0.0,10.0,3.2815
2025-05-07 04:00:00,0.0,10.0,3.2815
2025-05-07 05:00:00,42785.64858698294,2057.160219472868,7.0
2025-05-07 06:00:00,172079.29719989604,8243.459196167274,7.0
2025-05-07 07:00:00,391483.35376889084,18741.260945879945,7.0
2025-05-07 08:00:00,827411.0385794934,39599.04490810973,7.0
2025-05-07 09:00:00,944719.7383140502,45211.901354739246,7.0
2025-05-07 10:00:00,1240335.1862180799,59356.1811587598,7.0
2025-05-07 11:00:00,1187659.2585834488,56835.80184609803,7.0
2025-05-07 12:00:00,1014246.561923358,48538.54363269655,7.0
2025-05-07 13:00:00,1003596.618151273,48028.976945036986,7.0
2025-05-07 14:00:00,1138739.2000820215,54495.12919052735,7.0
2025-05-07 15:00:00,712744.114625046,34112.589216509376,7.0
2025-05-07 16:00:00,644094.2997070767,30827.909076893626,7.0
2025-05-07 17:00:00,527937.0800138925,25270.147369085767,7.0
2025-05-07 18:00:00,327119.2567216293,15661.63907758992,7.0
2025-05-07 19:00:00,96702.73305264916,4636.925026442544,7.0
2025-05-07 20:00:00,0.0,10.0,3.2815
2025-05-07 21:00:00,0.0,10.0,3.2815
2025-05-07 22:00:00,0.0,10.0,3.2815
2025-05-07 23:00:00,0.0,10.0,3.2815
2025-05-08 00:00:00,0.0,10.0,3.2815
2025-05-08 01:00:00,0.0,10.0,3.2815
2025-05-08 02:00:00,0.0,10.0,3.2815
2025-05-08 03:00:00,0.0,10.0,3.2815
2025-05-08 04:00:00,0.0,10.0,3.2815
2025-05-08 05:00:00,105821.78162681105,5073.243140038806,7.0
2025-05-08 06:00:00,443939.297646993,21251.11471995182,7.0
2025-05-08 07:00:00,943545.537566299,45155.71950077986,7.0
2025-05-08 08:00:00,1416670.3437357312,67793.27003520244,7.0
2025-05-08 09:00:00,1802606.6763161437,86259.12326871502,7.0
2025-05-08 10:00:00,2007174.2123849164,96047.04365478069,7.0
2025-05-08 11:00:00,2078913.3941046172,99479.54038778073,7.0
2025-05-08 12:00:00,2086796.2363982382,99856.70987551378,7.0
2025-05-08 13:00:00,1914466.265535539,91611.25672418847,7.0
2025-05-08 14:00:00,1542665.622165557,73821.75225672522,7.0
2025-05-08 15:00:00,1124096.3350546684,53794.51363897935,7.0
2025-05-08 16:00:00,745093.0312260472,35660.38426918886,7.0
2025-05-08 17:00:00,474708.4067277377,22723.320896064004,7.0
2025-05-08 18:00:00,221859.6071257154,10625.29220697203,7.0
2025-05-08 19:00:00,103291.51603478991,4952.177800707651,7.0
2025-05-08 20:00:00,0.0,10.0,3.2815
2025-05-08 21:00:00,0.0,10.0,3.2815
2025-05-08 22:00:00,0.0,10.0,3.2815
2025-05-08 23:00:00,0.0,10.0,3.2815
2025-05-09 00:00:00,0.0,10.0,3.2815
2025-05-09 01:00:00,0.0,10.0,3.2815
2025-05-09 02:00:00,0.0,10.0,3.2815
2025-05-09 03:00:00,0.0,10.0,3.2815
2025-05-09 04:00:00,0.0,10.0,3.2815
2025-05-09 05:00:00,118518.93530746714,5680.762454902733,7.0
2025-05-09 06:00:00,491521.97388368903,23527.797793477945,7.0
2025-05-09 07:00:00,948359.3496560949,45386.04543809067,7.0
2025-05-09 08:00:00,1422694.961314725,68081.52924950837,7.0
2025-05-09 09:00:00,1838795.899313292,87990.66503891349,7.0
2025-05-09 10:00:00,2086573.9500485419,99846.074165002,7.0
2025-05-09 11:00:00,2054460.1483449535,98309.52862894515,7.0
2025-05-09 12:00:00,2116513.504632316,101278.58873838832,7.0
2025-05-09 13:00:00,1786630.858376144,85494.73006584421,7.0
2025-05-09 14:00:00,1405045.9728879903,67237.08004248758,7.0
2025-05-09 15:00:00,1138313.1685443248,54474.744906427026,7.0
2025-05-09 16:00:00,726086.0702530933,34750.960299191065,7.0
2025-05-09 17:00:00,462041.21661206754,22117.235244596533,7.0
2025-05-09 18:00:00,345149.6610174312,16524.337847723982,7.0
2025-05-09 19:00:00,127268.65942056975,6099.409541654055,7.0
2025-05-09 20:00:00,0.0,10.0,3.2815
2025-05-09 21:00:00,0.0,10.0,3.2815
2025-05-09 22:00:00,0.0,10.0,3.2815
2025-05-09 23:00:00,0.0,10.0,3.2815
2025-05-10 00:00:00,0.0,10.0,3.2815
2025-05-10 01:00:00,0.0,10.0,3.2815
2025-05-10 02:00:00,0.0,10.0,3.2815
2025-05-10 03:00:00,0.0,10.0,3.2815
2025-05-10 04:00:00,0.0,10.0,3.2815
2025-05-10 05:00:00,125158.75163537005,5998.457016046414,7.0
2025-05-10 06:00:00,497946.51478495623,23835.192094973983,7.0
2025-05-10 07:00:00,955536.4137257946,45729.44563281314,7.0
2025-05-10 08:00:00,1420035.7591357054,67954.2946954883,7.0
2025-05-10 09:00:00,1833014.028162954,87714.02048626574,7.0
2025-05-10 10:00:00,2155228.3446618305,103130.97342879571,7.0
2025-05-10 11:00:00,2360694.0675889356,112961.86926262849,7.0
2025-05-10 12:00:00,2430475.1781973527,116300.67838264846,7.0
2025-05-10 13:00:00,2356936.339313697,112782.07365137305,7.0
2025-05-10 14:00:00,2153218.284065344,103034.79828063847,7.0
2025-05-10 15:00:00,1830544.6103719128,87595.8665249719,7.0
2025-05-10 16:00:00,1420252.2849449718,67964.65478205607,7.0
2025-05-10 17:00:00,958863.1696406428,45888.620556968555,7.0
2025-05-10 18:00:00,500878.528128338,23975.479814753013,7.0
2025-05-10 19:00:00,132552.38592537376,6352.219422266688,7.0
2025-05-10 20:00:00,122.7652718410645,15.873936451725573,3.774146607358167
2025-05-10 21:00:00,0.0,10.0,3.2815
2025-05-10 22:00:00,0.0,10.0,3.2815
2025-05-10 23:00:00,0.0,10.0,3.2815
2025-05-11 00:00:00,0.0,10.0,3.2815
2025-05-11 01:00:00,0.0,10.0,3.2815
2025-05-11 02:00:00,0.0,10.0,3.2815
2025-05-11 03:00:00,0.0,10.0,3.2815
2025-05-11 04:00:00,78.4635601728818,13.754237328846019,3.5801859497017907
2025-05-11 05:00:00,129980.4524307735,6229.160403386291,7.0
2025-05-11 06:00:00,502433.13590762345,24049.86296208725,7.0
2025-05-11 07:00:00,966442.8714386431,46251.28571476761,7.0
2025-05-11 08:00:00,1430727.9904947476,68465.88471266735,7.0
2025-05-11 09:00:00,1842045.6861575874,88146.15723242046,7.0
2025-05-11 10:00:00,2163108.1014448632,103507.99528444323,7.0
2025-05-11 11:00:00,2365210.4112480367,113177.96226067161,7.0
2025-05-11 12:00:00,2434973.3316261806,116515.90103474549,7.0
2025-05-11 13:00:00,2367699.4394646734,113297.05451984084,7.0
2025-05-11 14:00:00,2169759.66989783,103826.25214822154,7.0
2025-05-11 15:00:00,1839495.9188002516,88024.1587942704,7.0
2025-05-11 16:00:00,1423019.8541519747,68097.0743613385,7.0
2025-05-11 17:00:00,967252.3048921255,46290.01458813997,7.0
2025-05-11 18:00:00,507283.5699269263,24281.94114482901,7.0
2025-05-11 19:00:00,137581.28505486512,6592.836605495939,7.0
2025-05-11 20:00:00,372.9587902444081,27.84491819351235,5.4379324301914105
2025-05-11 21:00:00,0.0,10.0,3.2815
2025-05-11 22:00:00,0.0,10.0,3.2815
2025-05-11 23:00:00,0.0,10.0,3.2815
2025-05-12 00:00:00,0.0,10.0,3.2815
2025-05-12 01:00:00,0.0,10.0,3.2815
2025-05-12 02:00:00,0.0,10.0,3.2815
2025-05-12 03:00:00,0.0,10.0,3.2815
2025-05-12 04:00:00,323.3201143443275,25.4698619303506,5.000569237154032
2025-05-12 05:00:00,134467.27096457,6443.840716008133,7.0
2025-05-12 06:00:00,503956.5887978421,24122.755444872826,7.0
2025-05-12 07:00:00,959158.8794078078,45902.76934965588,7.0
2025-05-12 08:00:00,1420887.615649918,67995.05338037886,7.0
2025-05-12 09:00:00,1829198.856918659,87531.47640759134,7.0
2025-05-12 10:00:00,2147755.757934217,102773.43339398167,7.0
2025-05-12 11:00:00,2352915.69142518,112589.69815431483,7.0
2025-05-12 12:00:00,2363410.8620307664,113091.8594273094,7.0
2025-05-12 13:00:00,2214105.2434232845,105948.04992455906,7.0
2025-05-12 14:00:00,2004830.9785788544,95934.92720472987,7.0
2025-05-12 15:00:00,1619583.7083286298,77502.04346069999,7.0
2025-05-12 16:00:00,1075308.8846871585,51460.18587019898,7.0
2025-05-12 17:00:00,938310.1121037971,44905.220674822835,7.0
2025-05-12 18:00:00,515635.1047419424,24681.536112054662,7.0
2025-05-12 19:00:00,123633.22635798251,5925.465375980024,7.0
2025-05-12 20:00:00,688.1530922396911,42.92598527462636,7.0
2025-05-12 21:00:00,0.0,10.0,3.2815
2025-05-12 22:00:00,0.0,10.0,3.2815
2025-05-12 23:00:00,0.0,10.0,3.2815
2025-05-13 00:00:00,0.0,10.0,3.2815
2025-05-13 01:00:00,0.0,10.0,3.2815
2025-05-13 02:00:00,0.0,10.0,3.2815
2025-05-13 03:00:00,0.0,10.0,3.2815
2025-05-13 04:00:00,619.0424097376672,39.61925405443384,7.0
2025-05-13 05:00:00,142928.57832354686,6848.687958064443,7.0
2025-05-13 06:00:00,522545.3978673769,25012.172146764446,7.0
2025-05-13 07:00:00,980092.0859581054,46904.35817981366,7.0
2025-05-13 08:00:00,1445937.3189353647,69193.60377681171,7.0
2025-05-13 09:00:00,1861388.624309809,89071.6566655411,7.0
2025-05-13 10:00:00,2184933.417947774,104552.2688013289,7.0
2025-05-13 11:00:00,2396289.266003608,114664.98880400037,7.0
2025-05-13 12:00:00,2460385.8384798574,117731.8104535817,7.0
2025-05-13 13:00:00,2394764.9634758052,114592.05566869881,7.0
2025-05-13 14:00:00,2189497.2118465095,104770.63214576601,7.0
2025-05-13 15:00:00,1857946.372944897,88906.9556432965,7.0
2025-05-13 16:00:00,1410934.4428181741,67518.82501522364,7.0
2025-05-13 17:00:00,957646.8090563278,45830.4214859487,7.0
2025-05-13 18:00:00,528325.5079300369,25288.73243684387,7.0
2025-05-13 19:00:00,151304.9487655001,7249.471232799047,7.0
2025-05-13 20:00:00,1173.4176894890666,66.14438705689314,7.0
2025-05-13 21:00:00,0.0,10.0,3.2815
2025-05-13 22:00:00,0.0,10.0,3.2815
2025-05-13 23:00:00,0.0,10.0,3.2815
2025-05-14 00:00:00,0.0,10.0,3.2815
2025-05-14 01:00:00,0.0,10.0,3.2815
2025-05-14 02:00:00,0.0,10.0,3.2815
2025-05-14 03:00:00,0.0,10.0,3.2815
2025-05-14 04:00:00,1047.7852734383066,60.133266671689306,7.0
2025-05-14 05:00:00,149077.98996000242,7142.918179904422,7.0
2025-05-14 06:00:00,524547.1622975568,25107.950349165396,7.0
2025-05-14 07:00:00,978407.9625109149,46823.77811057009,7.0
2025-05-14 08:00:00,1424249.7290073582,68155.92004819897,7.0
2025-05-14 09:00:00,1792984.5330567623,85798.73363907954,7.0
2025-05-14 10:00:00,2034407.901596038,97350.09098545635,7.0
2025-05-14 11:00:00,2187683.2655405696,104683.84045648659,7.0
2025-05-14 12:00:00,2107186.600182078,100832.32536756352,7.0
2025-05-14 13:00:00,2012760.422272822,96314.32642453694,7.0
2025-05-14 14:00:00,1823740.2353727038,87270.29834319156,7.0
2025-05-14 15:00:00,1608488.9197520043,76971.19233263179,7.0
2025-05-14 16:00:00,1332905.3346422906,63785.37486326749,7.0
2025-05-14 17:00:00,953331.5442007761,45623.94948329072,7.0
2025-05-14 18:00:00,528130.2927114088,25279.391995761187,7.0
2025-05-14 19:00:00,155406.71277664928,7445.727884050204,7.0
2025-05-14 20:00:00,1673.9499687592522,90.09329994063408,7.0
2025-05-14 21:00:00,0.0,10.0,3.2815
2025-05-14 22:00:00,0.0,10.0,3.2815
2025-05-14 23:00:00,0.0,10.0,3.2815
2025-05-15 00:00:00,0.0,10.0,3.2815
2025-05-15 01:00:00,0.0,10.0,3.2815
2025-05-15 02:00:00,0.0,10.0,3.2815
2025-05-15 03:00:00,0.0,10.0,3.2815
2025-05-15 04:00:00,794.2752060764568,48.00359837686396,7.0
2025-05-15 05:00:00,48790.22879447517,2344.460707869626,7.0
2025-05-15 06:00:00,133845.1728485743,6414.075255912645,7.0
2025-05-15 07:00:00,323346.7680433644,15481.137226955234,7.0
2025-05-15 08:00:00,514471.42971672944,24625.857881183227,7.0
2025-05-15 09:00:00,846820.1349744066,40527.70980738787,7.0
2025-05-15 10:00:00,1480878.5486016755,70865.43294744859,7.0
2025-05-15 11:00:00,2277361.172595896,108974.64940650218,7.0
2025-05-15 12:00:00,2324916.540108522,111250.02584251302,7.0
2025-05-15 13:00:00,2158365.466642384,103281.07495896575,7.0
2025-05-15 14:00:00,1942262.1246243613,92941.2021351369,7.0
2025-05-15 15:00:00,1766645.3819604374,84538.48717514054,7.0
2025-05-15 16:00:00,1444305.4801144474,69115.52536432762,7.0
2025-05-15 17:00:00,1004571.6691182791,48075.63010135307,7.0
2025-05-15 18:00:00,550498.8458688323,26349.65769707332,7.0
2025-05-15 19:00:00,160506.657662338,7689.744385757798,7.0
2025-05-15 20:00:00,2394.4766677021976,124.56826161254534,7.0
2025-05-15 21:00:00,0.0,10.0,3.2815
2025-05-15 22:00:00,0.0,10.0,3.2815
2025-05-15 23:00:00,0.0,10.0,3.2815
2025-05-16 00:00:00,0.0,10.0,3.2815
2025-05-16 01:00:00,0.0,10.0,3.2815
2025-05-16 02:00:00,0.0,10.0,3.2815
2025-05-16 03:00:00,0.0,10.0,3.2815
2025-05-16 04:00:00,2117.2385927957557,111.30328195195004,7.0
2025-05-16 05:00:00,159864.34048522526,7659.0115064701085,7.0
2025-05-16 06:00:00,537347.9760372236,25720.429475465244,7.0
2025-05-16 07:00:00,975969.9864707516,46707.12853927041,7.0
2025-05-16 08:00:00,1409080.140042861,67430.10239439526,7.0
2025-05-16 09:00:00,1826309.1154541348,87393.21126574808,7.0
2025-05-16 10:00:00,2169606.5272046947,103818.92474663611,7.0
2025-05-16 11:00:00,2349341.0106805004,112418.66079811007,7.0
2025-05-16 12:00:00,2455801.5817027674,117512.46802405585,7.0
2025-05-16 13:00:00,2409465.6990196733,115295.44014448198,7.0
2025-05-16 14:00:00,2198226.256782329,105188.28979819757,7.0
2025-05-16 15:00:00,1888833.7915034916,90384.82255997567,7.0
2025-05-16 16:00:00,1360365.481519693,65099.25748898053,7.0
2025-05-16 17:00:00,852477.4096366785,40798.392805582705,7.0
2025-05-16 18:00:00,513084.9470242693,24559.518996376522,7.0
2025-05-16 19:00:00,136989.854173345,6564.5384771935405,7.0
2025-05-16 20:00:00,2918.159481890172,149.6248555928312,7.0
2025-05-16 21:00:00,0.0,10.0,3.2815
2025-05-16 22:00:00,0.0,10.0,3.2815
2025-05-16 23:00:00,0.0,10.0,3.2815
2025-05-17 00:00:00,0.0,10.0,3.2815
2025-05-17 01:00:00,0.0,10.0,3.2815
2025-05-17 02:00:00,0.0,10.0,3.2815
2025-05-17 03:00:00,0.0,10.0,3.2815
2025-05-17 04:00:00,1884.2406861173445,100.15505675202606,7.0
2025-05-17 05:00:00,111850.72976847758,5361.709558300363,7.0
2025-05-17 06:00:00,372908.75071774016,17852.523957786612,7.0
2025-05-17 07:00:00,560807.8961611147,26842.913691919362,7.0
2025-05-17 08:00:00,927181.5107287746,44372.75170951075,7.0
2025-05-17 09:00:00,1102943.4433952614,52782.41355958189,7.0
2025-05-17 10:00:00,1222342.3005379578,58495.27753770134,7.0
2025-05-17 11:00:00,1527538.49246823,73097.96614680527,7.0
2025-05-17 12:00:00,1750973.486713356,83788.63572791177,7.0
2025-05-17 13:00:00,1387182.5779363518,66382.37215006468,7.0
2025-05-17 14:00:00,1214785.913536796,58133.72792042087,7.0
2025-05-17 15:00:00,936833.7292628483,44834.5803475047,7.0
2025-05-17 16:00:00,646244.7274588658,30930.800356883534,7.0
2025-05-17 17:00:00,428984.46312939917,20535.572398535845,7.0
2025-05-17 18:00:00,277869.6599272717,13305.19903958238,7.0
2025-05-17 19:00:00,142775.7079339553,6841.373585356713,7.0
2025-05-17 20:00:00,3614.543741242057,182.9446766144525,7.0
2025-05-17 21:00:00,0.0,10.0,3.2815
2025-05-17 22:00:00,0.0,10.0,3.2815
2025-05-17 23:00:00,0.0,10.0,3.2815
2025-05-18 00:00:00,0.0,10.0,3.2815
2025-05-18 01:00:00,0.0,10.0,3.2815
2025-05-18 02:00:00,0.0,10.0,3.2815
2025-05-18 03:00:00,0.0,10.0,3.2815
2025-05-18 04:00:00,1907.895693946192,101.28687530843024,7.0
2025-05-18 05:00:00,76553.30916379392,3672.837759033202,7.0
2025-05-18 06:00:00,241071.6665410864,11544.529499573513,7.0
2025-05-18 07:00:00,290679.65543207544,13918.1174847883,7.0
2025-05-18 08:00:00,536544.5783836808,25681.989396348363,7.0
2025-05-18 09:00:00,646799.4658740823,30957.34286478863,7.0
2025-05-18 10:00:00,710054.2652829139,33983.88829104851,7.0
2025-05-18 11:00:00,843955.8952958318,40390.66484669052,7.0
2025-05-18 12:00:00,998184.1129907105,47770.00540625409,7.0
2025-05-18 13:00:00,925403.7381550184,44287.69082081428,7.0
2025-05-18 14:00:00,770015.6559059402,36852.854349566514,7.0
2025-05-18 15:00:00,884094.7625606406,42311.1848115139,7.0
2025-05-18 16:00:00,1002893.4691725145,47995.33345323036,7.0
2025-05-18 17:00:00,675570.8433847206,32333.96379831199,7.0
2025-05-18 18:00:00,427669.0220458599,20472.6326337732,7.0
2025-05-18 19:00:00,126232.1486463925,6049.815724707775,7.0
2025-05-18 20:00:00,3410.2755571697153,173.171079290417,7.0
2025-05-18 21:00:00,0.0,10.0,3.2815
2025-05-18 22:00:00,0.0,10.0,3.2815
2025-05-18 23:00:00,0.0,10.0,3.2815
2025-05-19 00:00:00,0.0,10.0,3.2815
2025-05-19 01:00:00,0.0,10.0,3.2815
2025-05-19 02:00:00,0.0,10.0,3.2815
2025-05-19 03:00:00,0.0,10.0,3.2815
2025-05-19 04:00:00,4072.4995240184235,204.85643655590545,7.0
2025-05-19 05:00:00,171811.08794083237,8230.626217264708,7.0
2025-05-19 06:00:00,534242.9213468591,25571.862265399956,7.0
2025-05-19 07:00:00,1003633.1915431352,48030.72686809259,7.0
2025-05-19 08:00:00,1459952.0902140054,69864.16699588543,7.0
2025-05-19 09:00:00,1866919.0593261672,89336.27078115632,7.0
2025-05-19 10:00:00,1988811.8342928446,95168.4609709495,7.0
2025-05-19 11:00:00,1769769.6583691991,84687.97408465068,7.0
2025-05-19 12:00:00,1610861.1993841892,77084.69853512867,7.0
2025-05-19 13:00:00,1864713.6998571132,89230.75118933555,7.0
2025-05-19 14:00:00,1806705.187484262,86455.22428154363,7.0
2025-05-19 15:00:00,1627336.4391567567,77872.98751946204,7.0
2025-05-19 16:00:00,1198006.0034073177,57330.86140704869,7.0
2025-05-19 17:00:00,934778.1039043206,44736.225067192376,7.0
2025-05-19 18:00:00,513126.3228839116,24561.4987025795,7.0
2025-05-19 19:00:00,185623.5340520501,8891.508806318187,7.0
2025-05-19 20:00:00,5560.566207258495,276.0557993903586,7.0
2025-05-19 21:00:00,0.0,10.0,3.2815
2025-05-19 22:00:00,0.0,10.0,3.2815
2025-05-19 23:00:00,0.0,10.0,3.2815
2025-05-20 00:00:00,0.0,10.0,3.2815
2025-05-20 01:00:00,0.0,10.0,3.2815
2025-05-20 02:00:00,0.0,10.0,3.2815
2025-05-20 03:00:00,0.0,10.0,3.2815
2025-05-20 04:00:00,4493.986838579178,225.02329371192238,7.0
2025-05-20 05:00:00,168230.8992433063,8059.325322646235,7.0
2025-05-20 06:00:00,542317.4723911696,25958.20442063013,7.0
2025-05-20 07:00:00,1009020.9540722787,48288.514548912855,7.0
2025-05-20 08:00:00,1438480.22726304,68836.80513220286,7.0
2025-05-20 09:00:00,1838918.2325369825,87996.51830320491,7.0
2025-05-20 10:00:00,2168868.6230487665,103783.61832769218,7.0
2025-05-20 11:00:00,2126878.617230131,101774.52714019764,7.0
2025-05-20 12:00:00,1617420.371042578,77398.53449964488,7.0
2025-05-20 13:00:00,1529655.965018914,73199.28062291455,7.0
2025-05-20 14:00:00,1310553.614176789,62715.91455391335,7.0
2025-05-20 15:00:00,806595.3680417824,38603.0798106116,7.0
2025-05-20 16:00:00,666028.6505453432,31877.399547624074,7.0
2025-05-20 17:00:00,511502.17976798286,24483.788505645112,7.0
2025-05-20 18:00:00,385014.0537971255,18431.725062063422,7.0
2025-05-20 19:00:00,113854.28117005671,5457.5732617252015,7.0
2025-05-20 20:00:00,4644.670291624106,232.23302830737347,7.0
2025-05-20 21:00:00,0.0,10.0,3.2815
2025-05-20 22:00:00,0.0,10.0,3.2815
2025-05-20 23:00:00,0.0,10.0,3.2815
2025-05-21 00:00:00,0.0,10.0,3.2815
2025-05-21 01:00:00,0.0,10.0,3.2815
2025-05-21 02:00:00,0.0,10.0,3.2815
2025-05-21 03:00:00,0.0,10.0,3.2815
2025-05-21 04:00:00,5786.995300927733,286.8897273171164,7.0
2025-05-21 05:00:00,181480.0121905062,8693.254171794555,7.0
2025-05-21 06:00:00,480423.5230558791,22996.77143808034,7.0
2025-05-21 07:00:00,856471.627175995,40989.50369263134,7.0
2025-05-21 08:00:00,1049334.2770883774,50217.38167886973,7.0
2025-05-21 09:00:00,1173598.983950384,56163.06143303272,7.0
2025-05-21 10:00:00,1401200.743995437,67053.09779882473,7.0
2025-05-21 11:00:00,1799311.9813850634,86101.4823629217,7.0
2025-05-21 12:00:00,1945657.9650076546,93103.68253625142,7.0
2025-05-21 13:00:00,1718095.7585932433,82215.53868867194,7.0
2025-05-21 14:00:00,1457199.6371194907,69732.47067557371,7.0
2025-05-21 15:00:00,1197945.7013241947,57327.97613991362,7.0
2025-05-21 16:00:00,908352.5784574253,43471.84585920696,7.0
2025-05-21 17:00:00,589732.8556607766,28226.88304597017,7.0
2025-05-21 18:00:00,331746.42038418376,15883.034468142763,7.0
2025-05-21 19:00:00,116258.02864823844,5572.585102786528,7.0
2025-05-21 20:00:00,5712.7172707324,283.3357545804976,7.0
2025-05-21 21:00:00,0.0,10.0,3.2815
2025-05-21 22:00:00,0.0,10.0,3.2815
2025-05-21 23:00:00,0.0,10.0,3.2815
2025-05-22 00:00:00,0.0,10.0,3.2815
2025-05-22 01:00:00,0.0,10.0,3.2815
2025-05-22 02:00:00,0.0,10.0,3.2815
2025-05-22 03:00:00,0.0,10.0,3.2815
2025-05-22 04:00:00,6289.138544521338,310.91571983355686,7.0
2025-05-22 05:00:00,179409.5349433356,8594.188274800747,7.0
2025-05-22 06:00:00,519772.3731998788,24879.491540664058,7.0
2025-05-22 07:00:00,690218.0970691792,33034.78933345355,7.0
2025-05-22 08:00:00,794931.1201871104,38044.98182713447,7.0
2025-05-22 09:00:00,993244.0114582004,47533.63691187562,7.0
2025-05-22 10:00:00,1453922.7930555504,69575.683878256,7.0
2025-05-22 11:00:00,1751145.8380554805,83796.8822036115,7.0
2025-05-22 12:00:00,1709116.1703906031,81785.89332012455,7.0
2025-05-22 13:00:00,1757910.7393841825,84120.56169302309,7.0
2025-05-22 14:00:00,1936763.2364560664,92678.0974380893,7.0
2025-05-22 15:00:00,1765793.763008927,84497.73985688646,7.0
2025-05-22 16:00:00,1305123.1245884863,62456.082516195514,7.0
2025-05-22 17:00:00,993151.3638063271,47529.20400987211,7.0
2025-05-22 18:00:00,553774.1229300482,26506.36951818412,7.0
2025-05-22 19:00:00,194068.93650976612,9295.59504831417,7.0
2025-05-22 20:00:00,7936.811641952009,389.7517532034454,7.0
2025-05-22 21:00:00,0.0,10.0,3.2815
2025-05-22 22:00:00,0.0,10.0,3.2815
2025-05-22 23:00:00,0.0,10.0,3.2815
2025-05-23 00:00:00,0.0,10.0,3.2815
2025-05-23 01:00:00,0.0,10.0,3.2815
2025-05-23 02:00:00,0.0,10.0,3.2815
2025-05-23 03:00:00,0.0,10.0,3.2815
2025-05-23 04:00:00,7227.397729328423,355.8085037956184,7.0
2025-05-23 05:00:00,180260.2606217414,8634.8928527149,7.0
2025-05-23 06:00:00,494134.66144667065,23652.806767783284,7.0
2025-05-23 07:00:00,885464.9708496446,42376.74501672941,7.0
2025-05-23 08:00:00,1242278.675767753,59449.17108936618,7.0
2025-05-23 09:00:00,1431970.5494922856,68525.3372962816,7.0
2025-05-23 10:00:00,1656034.5793991967,79246.10427747353,7.0
2025-05-23 11:00:00,1695179.0569637,81119.04578773685,7.0
2025-05-23 12:00:00,1643754.8285316431,78658.55638907384,7.0
2025-05-23 13:00:00,1632886.7471012338,78138.552492882,7.0
2025-05-23 14:00:00,1468901.297471287,70292.35873068358,7.0
2025-05-23 15:00:00,1243689.8782380808,59516.69273866415,7.0
2025-05-23 16:00:00,1200469.2079685598,57448.718084620086,7.0
2025-05-23 17:00:00,843723.2676405348,40379.53433686769,7.0
2025-05-23 18:00:00,503766.0905143308,24113.64069446559,7.0
2025-05-23 19:00:00,193946.36314235686,9289.730293892673,7.0
2025-05-23 20:00:00,10409.343750426373,508.05472490078336,7.0
2025-05-23 21:00:00,0.0,10.0,3.2815
2025-05-23 22:00:00,0.0,10.0,3.2815
2025-05-23 23:00:00,0.0,10.0,3.2815
2025-05-24 00:00:00,0.0,10.0,3.2815
2025-05-24 01:00:00,0.0,10.0,3.2815
2025-05-24 02:00:00,0.0,10.0,3.2815
2025-05-24 03:00:00,0.0,10.0,3.2815
2025-05-24 04:00:00,7257.510181589691,357.2492909851527,7.0
2025-05-24 05:00:00,162299.77085106584,7775.539275170615,7.0
2025-05-24 06:00:00,365370.88170073915,17491.86036845642,7.0
2025-05-24 07:00:00,867687.1050433724,41526.12942791256,7.0
2025-05-24 08:00:00,734215.3816739528,35139.92256813171,7.0
2025-05-24 09:00:00,783990.8574038651,37521.524277696895,7.0
2025-05-24 10:00:00,879098.1711187242,42072.11345065665,7.0
2025-05-24 11:00:00,1017919.2398529168,48714.26984942186,7.0
2025-05-24 12:00:00,959413.112067286,45914.933591736175,7.0
2025-05-24 13:00:00,958265.3190459915,45860.015265358445,7.0
2025-05-24 14:00:00,558305.6049699733,26723.18684066858,7.0
2025-05-24 15:00:00,523904.22910889547,25077.187995640932,7.0
2025-05-24 16:00:00,244255.1031929729,11696.847042725976,7.0
2025-05-24 17:00:00,100517.1693052623,4819.433938050827,7.0
2025-05-24 18:00:00,94143.12948285924,4514.455956117667,7.0
2025-05-24 19:00:00,17940.241599377005,868.384765520431,7.0
2025-05-24 20:00:00,1958.7579110706117,103.72047421390486,7.0
2025-05-24 21:00:00,0.0,10.0,3.2815
2025-05-24 22:00:00,0.0,10.0,3.2815
2025-05-24 23:00:00,0.0,10.0,3.2815
2025-05-25 00:00:00,0.0,10.0,3.2815
2025-05-25 01:00:00,0.0,10.0,3.2815
2025-05-25 02:00:00,0.0,10.0,3.2815
2025-05-25 03:00:00,0.0,10.0,3.2815
2025-05-25 04:00:00,1651.6671187828315,89.02713486999194,7.0
2025-05-25 05:00:00,56329.128396637985,2705.1736074946402,7.0
2025-05-25 06:00:00,99770.80322851404,4783.722642512633,7.0
2025-05-25 07:00:00,213035.53160309736,10203.087636511835,7.0
2025-05-25 08:00:00,446751.80852720956,21385.684618526775,7.0
2025-05-25 09:00:00,405110.16982545384,19393.261714136548,7.0
2025-05-25 10:00:00,296278.6710749889,14186.012970095162,7.0
2025-05-25 11:00:00,865001.7988755396,41397.64587921242,7.0
2025-05-25 12:00:00,1099041.8783041511,52595.735804026364,7.0
2025-05-25 13:00:00,1336210.6153241245,63943.52226431218,7.0
2025-05-25 14:00:00,1415468.251686271,67735.75366919956,7.0
2025-05-25 15:00:00,1241129.9896685167,59394.21003198644,7.0
2025-05-25 16:00:00,1111770.276951809,53204.750093387986,7.0
2025-05-25 17:00:00,708469.8940639904,33908.08105569332,7.0
2025-05-25 18:00:00,481866.8297472458,23065.82917450937,7.0
2025-05-25 19:00:00,150952.73288256727,7232.618798208961,7.0
2025-05-25 20:00:00,8397.136106718755,411.7768472114237,7.0
2025-05-25 21:00:00,0.0,10.0,3.2815
2025-05-25 22:00:00,0.0,10.0,3.2815
2025-05-25 23:00:00,0.0,10.0,3.2815
2025-05-26 00:00:00,0.0,10.0,3.2815
2025-05-26 01:00:00,0.0,10.0,3.2815
2025-05-26 02:00:00,0.0,10.0,3.2815
2025-05-26 03:00:00,0.0,10.0,3.2815
2025-05-26 04:00:00,5651.697593330452,280.4161527909307,7.0
2025-05-26 05:00:00,153688.70899874173,7363.526746351278,7.0
2025-05-26 06:00:00,434006.27099992434,20775.85028707772,7.0
2025-05-26 07:00:00,682101.1602867275,32646.419152474995,7.0
2025-05-26 08:00:00,1051787.347458441,50334.753466911054,7.0
2025-05-26 09:00:00,1416129.3143739714,67767.38346286945,7.0
2025-05-26 10:00:00,1641150.5488245343,78533.94970452317,7.0
2025-05-26 11:00:00,1680959.8009726647,80438.69861113229,7.0
2025-05-26 12:00:00,1959418.510793964,93762.08185617052,7.0
2025-05-26 13:00:00,1195602.654991978,57215.86865990326,7.0
2025-05-26 14:00:00,844056.6992999929,40395.48800478435,7.0
2025-05-26 15:00:00,1063608.1732055673,50900.343215577384,7.0
2025-05-26 16:00:00,907870.4160704539,43448.77588853846,7.0
2025-05-26 17:00:00,684207.0265072329,32747.178301781478,7.0
2025-05-26 18:00:00,391206.2091748832,18728.000438989628,7.0
2025-05-26 19:00:00,126454.76042944401,6060.467006193494,7.0
2025-05-26 20:00:00,10118.881053277082,494.1569881950757,7.0
2025-05-26 21:00:00,0.0,10.0,3.2815
2025-05-26 22:00:00,0.0,10.0,3.2815
2025-05-26 23:00:00,0.0,10.0,3.2815
2025-05-27 00:00:00,0.0,10.0,3.2815
2025-05-27 01:00:00,0.0,10.0,3.2815
2025-05-27 02:00:00,0.0,10.0,3.2815
2025-05-27 03:00:00,0.0,10.0,3.2815
2025-05-27 04:00:00,5764.374472601756,285.80739103357683,7.0
2025-05-27 05:00:00,104439.80274464772,5007.119748547738,7.0
2025-05-27 06:00:00,396531.2847131079,18982.788742253968,7.0
2025-05-27 07:00:00,163887.22710063017,7851.4941196473765,7.0
2025-05-27 08:00:00,565230.3025739798,27054.512084879418,7.0
2025-05-27 09:00:00,872468.2613414545,41754.892887150934,7.0
2025-05-27 10:00:00,566327.116537355,27106.99122188301,7.0
2025-05-27 11:00:00,500917.6225588693,23977.35036166839,7.0
2025-05-27 12:00:00,451348.42280120763,21605.618315847256,7.0
2025-05-27 13:00:00,537666.2764240257,25735.65915904429,7.0
2025-05-27 14:00:00,559544.1688107895,26782.448268458826,7.0
2025-05-27 15:00:00,591898.7249046662,28330.51315333331,7.0
2025-05-27 16:00:00,226863.88481757115,10864.731330984265,7.0
2025-05-27 17:00:00,82075.25504523027,3937.045695944032,7.0
2025-05-27 18:00:00,49374.59259965435,2372.420698548055,7.0
2025-05-27 19:00:00,29257.07423358328,1409.8600111762335,7.0
2025-05-27 20:00:00,1682.8562704504204,90.51943877753207,7.0
2025-05-27 21:00:00,0.0,10.0,3.2815
2025-05-27 22:00:00,0.0,10.0,3.2815
2025-05-27 23:00:00,0.0,10.0,3.2815
2025-05-28 00:00:00,0.0,10.0,3.2815
2025-05-28 01:00:00,0.0,10.0,3.2815
2025-05-28 02:00:00,0.0,10.0,3.2815
2025-05-28 03:00:00,0.0,10.0,3.2815
2025-05-28 04:00:00,1003.592268707967,58.01876883770177,7.0
2025-05-28 05:00:00,19919.9669132193,963.1084647473351,7.0
2025-05-28 06:00:00,75835.43372799466,3638.489652057161,7.0
2025-05-28 07:00:00,129519.48975200084,6207.104772823007,7.0
2025-05-28 08:00:00,292735.3320373017,14016.475217095773,7.0
2025-05-28 09:00:00,307720.2742675343,14733.458098925086,7.0
2025-05-28 10:00:00,270612.5453250743,12957.968675840877,7.0
2025-05-28 11:00:00,776263.8948880471,37151.81315253814,7.0
2025-05-28 12:00:00,1768358.8808618174,84620.47276850801,7.0
2025-05-28 13:00:00,1750378.670000403,83760.1755981054,7.0
2025-05-28 14:00:00,1311134.5002059494,62743.70814382532,7.0
2025-05-28 15:00:00,1214786.6878694477,58133.76496983004,7.0
2025-05-28 16:00:00,790485.200895912,37832.25841607235,7.0
2025-05-28 17:00:00,697824.6172684333,33398.73766834609,7.0
2025-05-28 18:00:00,459139.5865835896,21978.401271942086,7.0
2025-05-28 19:00:00,174221.4036850632,8345.952329428861,7.0
2025-05-28 20:00:00,12478.604401017512,607.0624115319383,7.0
2025-05-28 21:00:00,0.0,10.0,3.2815
2025-05-28 22:00:00,0.0,10.0,3.2815
2025-05-28 23:00:00,0.0,10.0,3.2815
2025-05-29 00:00:00,0.0,10.0,3.2815
2025-05-29 01:00:00,0.0,10.0,3.2815
2025-05-29 02:00:00,0.0,10.0,3.2815
2025-05-29 03:00:00,0.0,10.0,3.2815
2025-05-29 04:00:00,10262.188139563326,501.0137865819773,7.0
2025-05-29 05:00:00,149151.34594141314,7146.428035474312,7.0
2025-05-29 06:00:00,315714.81373709283,15115.971949143199,7.0
2025-05-29 07:00:00,597341.7847154349,28590.946637102148,7.0
2025-05-29 08:00:00,534545.8107422637,25586.354580969553,7.0
2025-05-29 09:00:00,437646.11675398046,20950.005586314855,7.0
2025-05-29 10:00:00,568443.7223655166,27208.264228015145,7.0
2025-05-29 11:00:00,625076.0595442792,29917.94543274063,7.0
2025-05-29 12:00:00,396070.2231455866,18960.728380171608,7.0
2025-05-29 13:00:00,512407.72831534746,24527.116187337197,7.0
2025-05-29 14:00:00,566068.7393392933,27094.628676521213,7.0
2025-05-29 15:00:00,605133.3105114588,28963.746914423864,7.0
2025-05-29 16:00:00,504229.15650737775,24135.79696207549,7.0
2025-05-29 17:00:00,262492.40698476066,12569.44531027563,7.0
2025-05-29 18:00:00,210920.71271948147,10101.90013011873,7.0
2025-05-29 19:00:00,113696.8709534054,5450.041672411742,7.0
2025-05-29 20:00:00,7989.367564774536,392.2663906590687,7.0
2025-05-29 21:00:00,0.0,10.0,3.2815
2025-05-29 22:00:00,0.0,10.0,3.2815
2025-05-29 23:00:00,0.0,10.0,3.2815
2025-05-30 00:00:00,0.0,10.0,3.2815
2025-05-30 01:00:00,0.0,10.0,3.2815
2025-05-30 02:00:00,0.0,10.0,3.2815
2025-05-30 03:00:00,0.0,10.0,3.2815
2025-05-30 04:00:00,11943.09388475314,581.4398987920163,7.0
2025-05-30 05:00:00,196588.35169624301,9416.141229485313,7.0
2025-05-30 06:00:00,472077.79561130493,22597.454335469134,7.0
2025-05-30 07:00:00,981547.8978428089,46974.014250852095,7.0
2025-05-30 08:00:00,1288044.631372378,61638.929730735785,7.0
2025-05-30 09:00:00,1405518.7747372517,67259.70214053836,7.0
2025-05-30 10:00:00,1336834.3341963221,63973.3652725513,7.0
2025-05-30 11:00:00,1331780.3541430347,63731.54804512128,7.0
2025-05-30 12:00:00,1476428.0059340186,70652.48832220185,7.0
2025-05-30 13:00:00,1479198.3700258832,70785.04162803269,7.0
2025-05-30 14:00:00,1591931.4849395554,76178.97057127059,7.0
2025-05-30 15:00:00,1419952.928837556,67950.33152332803,7.0
2025-05-30 16:00:00,1179220.9025963603,56432.05275580671,7.0
2025-05-30 17:00:00,660975.6361789147,31635.62852530692,7.0
2025-05-30 18:00:00,380935.8261114229,18236.594550785783,7.0
2025-05-30 19:00:00,215882.26876286764,10339.295156118069,7.0
2025-05-30 20:00:00,18053.237772857363,873.79128099796,7.0
2025-05-30 21:00:00,0.0,10.0,3.2815
2025-05-30 22:00:00,0.0,10.0,3.2815
2025-05-30 23:00:00,0.0,10.0,3.2815
2025-05-31 00:00:00,0.0,10.0,3.2815
2025-05-31 01:00:00,0.0,10.0,3.2815
2025-05-31 02:00:00,0.0,10.0,3.2815
2025-05-31 03:00:00,0.0,10.0,3.2815
2025-05-31 04:00:00,13308.485797288591,646.7696553726598,7.0
2025-05-31 05:00:00,156807.3851334981,7512.745700167372,7.0
2025-05-31 06:00:00,413031.7318545177,19772.28382079032,7.0
2025-05-31 07:00:00,698656.9543174283,33438.56240753245,7.0
2025-05-31 08:00:00,1032074.0868894575,49391.53525786878,7.0
2025-05-31 09:00:00,1582125.7478446804,75709.79654759237,7.0
2025-05-31 10:00:00,1789353.3656798669,85624.99357319936,7.0
2025-05-31 11:00:00,1804156.3466951863,86333.27017680317,7.0
2025-05-31 12:00:00,1555726.0968453162,74446.65535145054,7.0
2025-05-31 13:00:00,720520.1230732589,34484.64703699803,7.0
2025-05-31 14:00:00,655101.4815052559,31354.568493074446,7.0
2025-05-31 15:00:00,1068581.4200382582,51138.297609486035,7.0
2025-05-31 16:00:00,1058632.2537305725,50662.26094404653,7.0
2025-05-31 17:00:00,807144.4111697727,38629.349816735536,7.0
2025-05-31 18:00:00,485249.3019276087,23227.669948689414,7.0
2025-05-31 19:00:00,177703.99333632464,8512.583413221275,7.0
2025-05-31 20:00:00,13366.93774874571,649.5663994615172,7.0
2025-05-31 21:00:00,0.0,10.0,3.2815
2025-05-31 22:00:00,0.0,10.0,3.2815
2025-05-31 23:00:00,0.0,10.0,3.2815
2025-06-01 00:00:00,0.0,10.0,3.2815
2025-06-01 01:00:00,0.0,10.0,3.2815
2025-06-01 02:00:00,0.0,10.0,3.2815
2025-06-01 03:00:00,0.0,10.0,3.2815
2025-06-01 04:00:00,6716.7173612111055,331.374036421584,7.0
2025-06-01 05:00:00,175044.12505567557,8385.316988309836,7.0
2025-06-01 06:00:00,495874.4967271612,23736.05247498379,7.0
2025-06-01 07:00:00,946394.4811844152,45292.032592555755,7.0
2025-06-01 08:00:00,1145902.657760634,54837.87836175283,7.0
2025-06-01 09:00:00,1209399.6167862122,57876.010372546036,7.0
2025-06-01 10:00:00,1283856.5823589468,61438.544610475925,7.0
2025-06-01 11:00:00,1468732.1745562442,70284.26672517914,7.0
2025-06-01 12:00:00,1248196.9341923832,59732.341348917864,7.0
2025-06-01 13:00:00,1531196.501452057,73272.99050009841,7.0
2025-06-01 14:00:00,1804367.0622719137,86343.35226181406,7.0
2025-06-01 15:00:00,1731958.3909940943,82878.82253560261,7.0
2025-06-01 16:00:00,1302968.9726302924,62353.0130445116,7.0
2025-06-01 17:00:00,849136.5300243589,40638.54210642866,7.0
2025-06-01 18:00:00,488289.50596154114,23373.134256533067,7.0
2025-06-01 19:00:00,195426.6407740074,9360.556974832889,7.0
2025-06-01 20:00:00,19334.385135031443,935.0901978483944,7.0
2025-06-01 21:00:00,0.0,10.0,3.2815
2025-06-01 22:00:00,0.0,10.0,3.2815
2025-06-01 23:00:00,0.0,10.0,3.2815
2025-06-02 00:00:00,0.0,10.0,3.2815
2025-06-02 01:00:00,0.0,10.0,3.2815
2025-06-02 02:00:00,0.0,10.0,3.2815
2025-06-02 03:00:00,0.0,10.0,3.2815
2025-06-02 04:00:00,10345.43378773375,504.9968319489832,7.0
2025-06-02 05:00:00,145933.96458995683,6992.486344017073,7.0
2025-06-02 06:00:00,393904.2223873927,18857.091980258025,7.0
2025-06-02 07:00:00,913060.7566613065,43697.117543603184,7.0
2025-06-02 08:00:00,1272324.1639341868,60886.754255224245,7.0
2025-06-02 09:00:00,1446354.886933168,69213.58310685014,7.0
2025-06-02 10:00:00,1387057.828646564,66376.4032845246,7.0
2025-06-02 11:00:00,1488311.5290860983,71221.07794670327,7.0
2025-06-02 12:00:00,1773703.5250995758,84876.19737318544,7.0
2025-06-02 13:00:00,1562039.5447990783,74748.73420091283,7.0
2025-06-02 14:00:00,1452831.453300662,69523.46666510345,7.0
2025-06-02 15:00:00,1353863.7439659382,64788.16956774824,7.0
2025-06-02 16:00:00,861925.1523535572,41250.437911653455,7.0
2025-06-02 17:00:00,659638.4339852437,31571.64755910257,7.0
2025-06-02 18:00:00,356568.2688423178,17070.682719728124,7.0
2025-06-02 19:00:00,204745.1630418238,9806.41928429779,7.0
2025-06-02 20:00:00,15251.100568883525,739.7177305685897,7.0
2025-06-02 21:00:00,0.0,10.0,3.2815
2025-06-02 22:00:00,0.0,10.0,3.2815
2025-06-02 23:00:00,0.0,10.0,3.2815
2025-06-03 00:00:00,0.0,10.0,3.2815
2025-06-03 01:00:00,0.0,10.0,3.2815
2025-06-03 02:00:00,0.0,10.0,3.2815
2025-06-03 03:00:00,0.0,10.0,3.2815
2025-06-03 04:00:00,18229.408062392245,882.2204814541744,7.0
2025-06-03 05:00:00,231698.37056110395,11096.046438330332,7.0
2025-06-03 06:00:00,598460.6412429055,28644.480442244283,7.0
2025-06-03 07:00:00,913182.2745079459,43702.931794638556,7.0
2025-06-03 08:00:00,1277740.092588386,61145.88959753043,7.0
2025-06-03 09:00:00,1485459.8479263159,71084.63387207253,7.0
2025-06-03 10:00:00,1519915.1270009456,72733.21181822706,7.0
2025-06-03 11:00:00,1456924.9576023736,69719.32811494611,7.0
2025-06-03 12:00:00,1887642.4559932412,90327.82086092062,7.0
2025-06-03 13:00:00,1618040.1599390288,77428.18947076693,7.0
2025-06-03 14:00:00,1604471.612984995,76778.97669784665,7.0
2025-06-03 15:00:00,1292802.5845067804,61866.58299075504,7.0
2025-06-03 16:00:00,1102735.7074083441,52772.474038676744,7.0
2025-06-03 17:00:00,726738.4022079997,34782.17235444974,7.0
2025-06-03 18:00:00,521343.93644974584,24954.68595453329,7.0
2025-06-03 19:00:00,238700.4545739466,11431.074381528546,7.0
2025-06-03 20:00:00,24447.144575085214,1179.7198361284793,7.0
2025-06-03 21:00:00,0.0,10.0,3.2815
2025-06-03 22:00:00,0.0,10.0,3.2815
2025-06-03 23:00:00,0.0,10.0,3.2815
2025-06-04 00:00:00,0.0,10.0,3.2815
2025-06-04 01:00:00,0.0,10.0,3.2815
2025-06-04 02:00:00,0.0,10.0,3.2815
2025-06-04 03:00:00,0.0,10.0,3.2815
2025-06-04 04:00:00,17916.52144419978,867.2498298660182,7.0
2025-06-04 05:00:00,206112.8793147083,9871.860254292264,7.0
2025-06-04 06:00:00,504836.49148967897,24164.85605213775,7.0
2025-06-04 07:00:00,938708.0911849994,44924.26273612438,7.0
2025-06-04 08:00:00,1264123.0370237085,60494.35583845495,7.0
2025-06-04 09:00:00,1582327.180337528,75719.43446591042,7.0
2025-06-04 10:00:00,1428748.501195483,68371.17230600397,7.0
2025-06-04 11:00:00,1883120.0487017601,90111.43773692632,7.0
2025-06-04 12:00:00,1418653.261329123,67888.14647507765,7.0
2025-06-04 13:00:00,1000645.7565801815,47887.78739618093,7.0
2025-06-04 14:00:00,956517.5363269717,45776.389297941234,7.0
2025-06-04 15:00:00,903043.6819524238,43217.83167236477,7.0
2025-06-04 16:00:00,801808.7207070717,38374.05362234793,7.0
2025-06-04 17:00:00,618309.6099095567,29594.191861701278,7.0
2025-06-04 18:00:00,326999.2833688499,15655.89872578229,7.0
2025-06-04 19:00:00,162991.9396258297,7808.657398365057,7.0
2025-06-04 20:00:00,16318.21068416658,790.7756308213675,7.0
2025-06-04 21:00:00,0.0,10.0,3.2815
2025-06-04 22:00:00,0.0,10.0,3.2815
2025-06-04 23:00:00,0.0,10.0,3.2815
2025-06-05 00:00:00,0.0,10.0,3.2815
2025-06-05 01:00:00,0.0,10.0,3.2815
2025-06-05 02:00:00,0.0,10.0,3.2815
2025-06-05 03:00:00,0.0,10.0,3.2815
2025-06-05 04:00:00,14011.052225984444,680.3852739705475,7.0
2025-06-05 05:00:00,160612.02165361732,7694.785725053461,7.0
2025-06-05 06:00:00,356205.30917364697,17053.31622840416,7.0
2025-06-05 07:00:00,544435.8904526539,26059.564136490615,7.0
2025-06-05 08:00:00,876090.1168890592,41928.18741095977,7.0
2025-06-05 09:00:00,1213876.329211143,58090.20713928914,7.0
2025-06-05 10:00:00,1765510.4218814399,84484.18286514067,7.0
2025-06-05 11:00:00,1689995.004447196,80871.00499747349,7.0
2025-06-05 12:00:00,1411632.1668452015,67552.2089399618,7.0
2025-06-05 13:00:00,1046852.2848906333,50098.62607132217,7.0
2025-06-05 14:00:00,989760.2145172667,47366.948063027114,7.0
2025-06-05 15:00:00,1124340.7797480745,53806.20955732414,7.0
2025-06-05 16:00:00,1121483.0398116368,53669.475589073525,7.0
2025-06-05 17:00:00,814829.9256377614,38997.07778171107,7.0
2025-06-05 18:00:00,245772.13168797616,11769.432138180677,7.0
2025-06-05 19:00:00,124097.84836336882,5947.696093941091,7.0
2025-06-05 20:00:00,6076.010574123411,300.7182092882015,7.0
2025-06-05 21:00:00,0.0,10.0,3.2815
2025-06-05 22:00:00,0.0,10.0,3.2815
2025-06-05 23:00:00,0.0,10.0,3.2815
2025-06-06 00:00:00,0.0,10.0,3.2815
2025-06-06 01:00:00,0.0,10.0,3.2815
2025-06-06 02:00:00,0.0,10.0,3.2815
2025-06-06 03:00:00,0.0,10.0,3.2815
2025-06-06 04:00:00,2172.1034623824803,113.92839532930529,7.0
2025-06-06 05:00:00,65108.661325315225,3125.246953364365,7.0
2025-06-06 06:00:00,394368.0372647776,18879.28407965443,7.0
2025-06-06 07:00:00,603489.2675739984,28885.084572918586,7.0
2025-06-06 08:00:00,854296.6178802329,40885.4362622121,7.0
2025-06-06 09:00:00,1190433.870881395,56968.558415377745,7.0
2025-06-06 10:00:00,1616893.531473756,77373.32686477301,7.0
2025-06-06 11:00:00,1649686.9025266035,78942.38768069872,7.0
2025-06-06 12:00:00,1779253.8443410858,85141.76288713329,7.0
2025-06-06 13:00:00,1466714.409089286,70187.72292293234,7.0
2025-06-06 14:00:00,1584126.0012366201,75805.50245151293,7.0
2025-06-06 15:00:00,1224349.3233592892,58591.30733776503,7.0
2025-06-06 16:00:00,885012.0179422615,42355.07262881634,7.0
2025-06-06 17:00:00,711014.0863964881,34029.81274624345,7.0
2025-06-06 18:00:00,430865.2285694149,20625.56117557009,7.0
2025-06-06 19:00:00,170668.86209888096,8175.974263104352,7.0
2025-06-06 20:00:00,15102.991317421456,732.6311635129883,7.0
2025-06-06 21:00:00,0.0,10.0,3.2815
2025-06-06 22:00:00,0.0,10.0,3.2815
2025-06-06 23:00:00,0.0,10.0,3.2815
2025-06-07 00:00:00,0.0,10.0,3.2815
2025-06-07 01:00:00,0.0,10.0,3.2815
2025-06-07 02:00:00,0.0,10.0,3.2815
2025-06-07 03:00:00,0.0,10.0,3.2815
2025-06-07 04:00:00,14997.12883426673,727.5659729314225,7.0
2025-06-07 05:00:00,118649.1577923712,5686.993195807235,7.0
2025-06-07 06:00:00,338518.01460503973,16207.034191628694,7.0
2025-06-07 07:00:00,318473.6815840595,15247.975195409545,7.0
2025-06-07 08:00:00,768462.7848370489,36778.55429842339,7.0
2025-06-07 09:00:00,1236784.7108172684,59186.301952979346,7.0
2025-06-07 10:00:00,1043555.6289742638,49940.891338481524,7.0
2025-06-07 11:00:00,1087913.2107824613,52063.26367380198,7.0
2025-06-07 12:00:00,1070093.4292945343,51210.64254997771,7.0
2025-06-07 13:00:00,1275097.5172178233,61019.45058458485,7.0
2025-06-07 14:00:00,1426770.1938851688,68276.51645383582,7.0
2025-06-07 15:00:00,1361721.7635214988,65164.151364665006,7.0
2025-06-07 16:00:00,963076.7041928815,46090.22508099912,7.0
2025-06-07 17:00:00,317084.00336375466,15181.483414533714,7.0
2025-06-07 18:00:00,207815.09241888952,9953.305857363135,7.0
2025-06-07 19:00:00,169291.6020812105,8110.076654603373,7.0
2025-06-07 20:00:00,23527.2031922907,1135.7035020234784,7.0
2025-06-07 21:00:00,0.0,10.0,3.2815
2025-06-07 22:00:00,0.0,10.0,3.2815
2025-06-07 23:00:00,0.0,10.0,3.2815
2025-06-08 00:00:00,0.0,10.0,3.2815
2025-06-08 01:00:00,0.0,10.0,3.2815
2025-06-08 02:00:00,0.0,10.0,3.2815
2025-06-08 03:00:00,0.0,10.0,3.2815
2025-06-08 04:00:00,12508.483156611941,608.4920170627723,7.0
2025-06-08 05:00:00,138883.24898569065,6655.131530415821,7.0
2025-06-08 06:00:00,315062.56926736876,15084.764079778408,7.0
2025-06-08 07:00:00,612572.8790183993,29319.70713006695,7.0
2025-06-08 08:00:00,1205188.0991524446,57674.502351791605,7.0
2025-06-08 09:00:00,1133922.8259528233,54264.6806675992,7.0
2025-06-08 10:00:00,1342698.2791859203,64253.93680315408,7.0
2025-06-08 11:00:00,1731798.962944847,82871.19439927499,7.0
2025-06-08 12:00:00,1715046.1436799315,82069.62409951826,7.0
2025-06-08 13:00:00,1952113.686334612,93412.56872414412,7.0
2025-06-08 14:00:00,1913895.2166598954,91583.93381147824,7.0
2025-06-08 15:00:00,1723853.931504833,82491.04935429823,7.0
2025-06-08 16:00:00,1301300.0209636188,62273.1588977808,7.0
2025-06-08 17:00:00,886491.2870108098,42425.85105314879,7.0
2025-06-08 18:00:00,488314.8735550394,23374.348016987533,7.0
2025-06-08 19:00:00,241807.46348183017,11579.735094824411,7.0
2025-06-08 20:00:00,30238.298198208267,1456.8085262300608,7.0
2025-06-08 21:00:00,0.0,10.0,3.2815
2025-06-08 22:00:00,0.0,10.0,3.2815
2025-06-08 23:00:00,0.0,10.0,3.2815
2025-06-09 00:00:00,0.0,10.0,3.2815
2025-06-09 01:00:00,0.0,10.0,3.2815
2025-06-09 02:00:00,0.0,10.0,3.2815
2025-06-09 03:00:00,0.0,10.0,3.2815
2025-06-09 04:00:00,20425.759064927926,987.3090461688004,7.0
2025-06-09 05:00:00,222821.80860243508,10671.330555140434,7.0
2025-06-09 06:00:00,591871.3232776583,28329.202070701354,7.0
2025-06-09 07:00:00,904672.9144982841,43295.78538269302,7.0
2025-06-09 08:00:00,1294833.5255465463,61963.75720318403,7.0
2025-06-09 09:00:00,1501236.59038511,71839.50193230191,7.0
2025-06-09 10:00:00,1172425.8760371653,56106.931867806954,7.0
2025-06-09 11:00:00,1559432.9808897537,74624.01822439012,7.0
2025-06-09 12:00:00,1427424.973218235,68307.84560852799,7.0
2025-06-09 13:00:00,1015362.8531394392,48591.95469566695,7.0
2025-06-09 14:00:00,943493.892393086,45153.248439860574,7.0
2025-06-09 15:00:00,859290.0547410725,41124.35668617571,7.0
2025-06-09 16:00:00,831098.1989159511,39775.464062964165,7.0
2025-06-09 17:00:00,646693.0878134966,30952.25300543046,7.0
2025-06-09 18:00:00,436291.3961145368,20885.186416963483,7.0
2025-06-09 19:00:00,205323.7310186143,9834.101962613124,7.0
2025-06-09 20:00:00,30007.97959661835,1445.7884974458539,7.0
2025-06-09 21:00:00,0.0,10.0,3.2815
2025-06-09 22:00:00,0.0,10.0,3.2815
2025-06-09 23:00:00,0.0,10.0,3.2815
2025-06-10 00:00:00,0.0,10.0,3.2815
2025-06-10 01:00:00,0.0,10.0,3.2815
2025-06-10 02:00:00,0.0,10.0,3.2815
2025-06-10 03:00:00,0.0,10.0,3.2815
2025-06-10 04:00:00,15811.399366765923,766.5262854911925,7.0
2025-06-10 05:00:00,143366.96354954326,6869.663327729343,7.0
2025-06-10 06:00:00,306133.5752141888,14657.539483932476,7.0
2025-06-10 07:00:00,730716.2472186465,34972.49986692088,7.0
2025-06-10 08:00:00,661159.6761481427,31644.434265461372,7.0
2025-06-10 09:00:00,874163.258161351,41835.99321346177,7.0
2025-06-10 10:00:00,857866.5487785325,41056.24635303983,7.0
2025-06-10 11:00:00,1107789.0008174328,53014.258412317366,7.0
2025-06-10 12:00:00,1311771.0222941646,62774.16374613228,7.0
2025-06-10 13:00:00,933661.3835298372,44682.79347032714,7.0
2025-06-10 14:00:00,991008.3050543973,47426.665313607526,7.0
2025-06-10 15:00:00,791833.3698753152,37896.76410886676,7.0
2025-06-10 16:00:00,579315.6093789436,27728.45020951883,7.0
2025-06-10 17:00:00,514291.4684786707,24617.24729563018,7.0
2025-06-10 18:00:00,278023.3006155324,13312.55026868576,7.0
2025-06-10 19:00:00,101333.5084845586,4858.493228926249,7.0
2025-06-10 20:00:00,19639.62500113988,949.6949761310947,7.0
2025-06-10 21:00:00,0.0,10.0,3.2815
2025-06-10 22:00:00,0.0,10.0,3.2815
2025-06-10 23:00:00,0.0,10.0,3.2815
2025-06-11 00:00:00,0.0,10.0,3.2815
2025-06-11 01:00:00,0.0,10.0,3.2815
2025-06-11 02:00:00,0.0,10.0,3.2815
2025-06-11 03:00:00,0.0,10.0,3.2815
2025-06-11 04:00:00,22658.051381434772,1094.1172909777404,7.0
2025-06-11 05:00:00,228348.6579939986,10935.7731097607,7.0
2025-06-11 06:00:00,587167.4165021809,28104.134760869896,7.0
2025-06-11 07:00:00,979122.72068868,46857.977066444015,7.0
2025-06-11 08:00:00,1327283.1428543634,63516.370471500646,7.0
2025-06-11 09:00:00,1685933.1466272266,80676.65773336013,7.0
2025-06-11 10:00:00,1971370.4253464334,94333.94379648006,7.0
2025-06-11 11:00:00,2222409.143690699,106345.36572682769,7.0
2025-06-11 12:00:00,2446121.42515552,117049.3026390201,7.0
2025-06-11 13:00:00,2445004.630477397,116995.86748695679,7.0
2025-06-11 14:00:00,2239269.4084076304,107152.0769573029,7.0
2025-06-11 15:00:00,1953718.4636892711,93489.3523296302,7.0
2025-06-11 16:00:00,1562199.0052180474,74756.36388603097,7.0
2025-06-11 17:00:00,1121747.1097841663,53682.11051598882,7.0
2025-06-11 18:00:00,675967.2340841948,32352.929860487788,7.0
2025-06-11 19:00:00,283176.63322933984,13559.121207145447,7.0
2025-06-11 20:00:00,36843.50018521433,1772.846898814083,7.0
2025-06-11 21:00:00,0.0,10.0,3.2815
2025-06-11 22:00:00,0.0,10.0,3.2815
2025-06-11 23:00:00,0.0,10.0,3.2815
2025-06-12 00:00:00,0.0,10.0,3.2815
2025-06-12 01:00:00,0.0,10.0,3.2815
2025-06-12 02:00:00,0.0,10.0,3.2815
2025-06-12 03:00:00,0.0,10.0,3.2815
2025-06-12 04:00:00,22932.542468661468,1107.2508358211228,7.0
2025-06-12 05:00:00,244643.44582262132,11715.428029790493,7.0
2025-06-12 06:00:00,626624.9039981755,29992.05282287921,7.0
2025-06-12 07:00:00,1067892.3015612375,51105.32543355204,7.0
2025-06-12 08:00:00,1510694.716487454,72292.04385107436,7.0
2025-06-12 09:00:00,1906826.0293281619,91245.69518316565,7.0
2025-06-12 10:00:00,2218025.7041485715,106135.63177744362,7.0
2025-06-12 11:00:00,2419830.718586992,115791.37409507138,7.0
2025-06-12 12:00:00,2489578.8792361007,119128.60666201438,7.0
2025-06-12 13:00:00,2426923.9214174706,116130.7617903096,7.0
2025-06-12 14:00:00,2243447.95408418,107352.0073724488,7.0
2025-06-12 15:00:00,1854463.8416679858,88740.3273525352,7.0
2025-06-12 16:00:00,1550990.9234192842,74220.09202963082,7.0
2025-06-12 17:00:00,1117589.6061955448,53483.18689930836,7.0
2025-06-12 18:00:00,671181.4361815077,32123.944314904675,7.0
2025-06-12 19:00:00,278547.01050395466,13337.608158083955,7.0
2025-06-12 20:00:00,35576.46047079989,1712.2229890334875,7.0
2025-06-12 21:00:00,0.0,10.0,3.2815
2025-06-12 22:00:00,0.0,10.0,3.2815
2025-06-12 23:00:00,0.0,10.0,3.2815
2025-06-13 00:00:00,0.0,10.0,3.2815
2025-06-13 01:00:00,0.0,10.0,3.2815
2025-06-13 02:00:00,0.0,10.0,3.2815
2025-06-13 03:00:00,0.0,10.0,3.2815
2025-06-13 04:00:00,20932.822710628356,1011.5704646233663,7.0
2025-06-13 05:00:00,223994.72785647583,10727.451093611284,7.0
2025-06-13 06:00:00,537935.2884455478,25748.530547633865,7.0
2025-06-13 07:00:00,926144.9687123022,44323.15639771781,7.0
2025-06-13 08:00:00,1359521.3911103716,65058.87038805606,7.0
2025-06-13 09:00:00,1737130.426470918,83126.28834789082,7.0
2025-06-13 10:00:00,1932360.9278872497,92467.4606644617,7.0
2025-06-13 11:00:00,2316869.625986594,110865.00602806668,7.0
2025-06-13 12:00:00,2377977.8725239113,113788.84557530677,7.0
2025-06-13 13:00:00,2224476.5471040737,106444.28455043414,7.0
2025-06-13 14:00:00,2134035.2943245177,102116.95188155585,7.0
2025-06-13 15:00:00,1834624.6854697072,87791.0854291726,7.0
2025-06-13 16:00:00,1462753.030931,69998.18329813397,7.0
2025-06-13 17:00:00,1019554.2843165279,48792.50164193913,7.0
2025-06-13 18:00:00,616595.8240426363,29512.19253792518,7.0
2025-06-13 19:00:00,262455.3315266718,12567.671364912527,7.0
2025-06-13 20:00:00,34763.4459908061,1673.322774679718,7.0
2025-06-13 21:00:00,0.0,10.0,3.2815
2025-06-13 22:00:00,0.0,10.0,3.2815
2025-06-13 23:00:00,0.0,10.0,3.2815
2025-06-14 00:00:00,0.0,10.0,3.2815
2025-06-14 01:00:00,0.0,10.0,3.2815
2025-06-14 02:00:00,0.0,10.0,3.2815
2025-06-14 03:00:00,0.0,10.0,3.2815
2025-06-14 04:00:00,22054.93089972722,1065.2598516615894,7.0
2025-06-14 05:00:00,224379.46316430083,10745.859481545494,7.0
2025-06-14 06:00:00,575699.1159141794,27555.412244697574,7.0
2025-06-14 07:00:00,996592.6857109807,47693.860560334004,7.0
2025-06-14 08:00:00,1392302.8539340338,66627.36143225043,7.0
2025-06-14 09:00:00,1780341.989505802,85193.82724908144,7.0
2025-06-14 10:00:00,2017779.7488983262,96554.48559322135,7.0
2025-06-14 11:00:00,2231277.736867285,106769.70032857821,7.0
2025-06-14 12:00:00,2080923.515580757,99575.71844884005,7.0
2025-06-14 13:00:00,1868479.2531042562,89410.92120116059,7.0
2025-06-14 14:00:00,1154077.0012099897,55228.99527320524,7.0
2025-06-14 15:00:00,1149716.2093489252,55020.34494492465,7.0
2025-06-14 16:00:00,1243339.1691234994,59499.91239825356,7.0
2025-06-14 17:00:00,847672.5165161404,40568.493613212464,7.0
2025-06-14 18:00:00,388659.2521016427,18606.13646419343,7.0
2025-06-14 19:00:00,236025.74139378915,11303.097674343979,7.0
2025-06-14 20:00:00,29814.470115422675,1436.5296705943863,7.0
2025-06-14 21:00:00,0.0,10.0,3.2815
2025-06-14 22:00:00,0.0,10.0,3.2815
2025-06-14 23:00:00,0.0,10.0,3.2815
2025-06-15 00:00:00,0.0,10.0,3.2815
2025-06-15 01:00:00,0.0,10.0,3.2815
2025-06-15 02:00:00,0.0,10.0,3.2815
2025-06-15 03:00:00,0.0,10.0,3.2815
2025-06-15 04:00:00,8467.085233673808,415.12369539109125,7.0
2025-06-15 05:00:00,51494.37100445135,2473.8455026053275,7.0
2025-06-15 06:00:00,129687.42733823041,6215.140064030164,7.0
2025-06-15 07:00:00,86020.97107945515,4125.835936816036,7.0
2025-06-15 08:00:00,454529.90548941406,21757.84236791455,7.0
2025-06-15 09:00:00,932867.8793832834,44644.8267647504,7.0
2025-06-15 10:00:00,886638.5589674274,42432.897558250115,7.0
2025-06-15 11:00:00,698859.5441140836,33448.25569923845,7.0
2025-06-15 12:00:00,950599.7793142702,45493.24302939092,7.0
2025-06-15 13:00:00,949355.520207671,45433.709100845495,7.0
2025-06-15 14:00:00,881743.8994132609,42198.70332120865,7.0
2025-06-15 15:00:00,1084720.8428379376,51910.51879607357,7.0
2025-06-15 16:00:00,848780.0636486064,40621.486298976386,7.0
2025-06-15 17:00:00,696502.3654265847,33335.47202998013,7.0
2025-06-15 18:00:00,383426.23417741834,18355.752831455422,7.0
2025-06-15 19:00:00,210420.39293523898,10077.961384461196,7.0
2025-06-15 20:00:00,29259.615815931964,1409.9816179871752,7.0
2025-06-15 21:00:00,0.0,10.0,3.2815
2025-06-15 22:00:00,0.0,10.0,3.2815
2025-06-15 23:00:00,0.0,10.0,3.2815
2025-06-16 00:00:00,0.0,10.0,3.2815
2025-06-16 01:00:00,0.0,10.0,3.2815
2025-06-16 02:00:00,0.0,10.0,3.2815
2025-06-16 03:00:00,0.0,10.0,3.2815
2025-06-16 04:00:00,23179.360487037626,1119.0603103845754,7.0
2025-06-16 05:00:00,238312.36625781012,11412.505562574646,7.0
2025-06-16 06:00:00,608425.631216303,29121.27422087574,7.0
2025-06-16 07:00:00,1033615.9554987449,49465.30887553803,7.0
2025-06-16 08:00:00,1465161.2984594475,70113.41140954294,7.0
2025-06-16 09:00:00,1860331.427066723,89021.07306539344,7.0
2025-06-16 10:00:00,1868623.8250547715,89417.83851936705,7.0
2025-06-16 11:00:00,1583642.2637586591,75782.3571176392,7.0
2025-06-16 12:00:00,1728648.8126765296,82720.46950605405,7.0
2025-06-16 13:00:00,1680349.0654807398,80409.47681726028,7.0
2025-06-16 14:00:00,1349974.5834303764,64602.08533159695,7.0
2025-06-16 15:00:00,1072074.9986508074,51305.454480899876,7.0
2025-06-16 16:00:00,854892.4849480394,40913.94664823155,7.0
2025-06-16 17:00:00,653769.2009347826,31290.823011233617,7.0
2025-06-16 18:00:00,378987.84727062075,18143.389821560802,7.0
2025-06-16 19:00:00,268745.57078896207,12868.639750668042,7.0
2025-06-16 20:00:00,41535.26750258247,1997.333373329305,7.0
2025-06-16 21:00:00,0.0,10.0,3.2815
2025-06-16 22:00:00,0.0,10.0,3.2815
2025-06-16 23:00:00,0.0,10.0,3.2815
2025-06-17 00:00:00,0.0,10.0,3.2815
2025-06-17 01:00:00,0.0,10.0,3.2815
2025-06-17 02:00:00,0.0,10.0,3.2815
2025-06-17 03:00:00,0.0,10.0,3.2815
2025-06-17 04:00:00,23286.633815840592,1124.193005542612,7.0
2025-06-17 05:00:00,240148.2899459832,11500.348801243215,7.0
2025-06-17 06:00:00,613714.2586255673,29374.318594524753,7.0
2025-06-17 07:00:00,1048091.5580546447,50157.92143802128,7.0
2025-06-17 08:00:00,1488422.3551906687,71226.38063113247,7.0
2025-06-17 09:00:00,1882646.5241703705,90088.78106078328,7.0
2025-06-17 10:00:00,2170992.8052450456,103885.25383947587,7.0
2025-06-17 11:00:00,2359164.848414555,112888.70088107919,7.0
2025-06-17 12:00:00,2437776.3990489547,116650.01909325141,7.0
2025-06-17 13:00:00,2302215.6329628164,110163.85803649838,7.0
2025-06-17 14:00:00,2031358.4246309581,97204.18299669656,7.0
2025-06-17 15:00:00,1743403.8409341373,83426.45171933672,7.0
2025-06-17 16:00:00,1491178.413815328,71358.24946484822,7.0
2025-06-17 17:00:00,1104577.5910897264,52860.60244448452,7.0
2025-06-17 18:00:00,649782.55600649,31100.07445007129,7.0
2025-06-17 19:00:00,270521.43258444563,12953.609214566777,7.0
2025-06-17 20:00:00,32059.280520358952,1543.9368670028207,7.0
2025-06-17 21:00:00,0.0,10.0,3.2815
2025-06-17 22:00:00,0.0,10.0,3.2815
2025-06-17 23:00:00,0.0,10.0,3.2815
2025-06-18 00:00:00,0.0,10.0,3.2815
2025-06-18 01:00:00,0.0,10.0,3.2815
2025-06-18 02:00:00,0.0,10.0,3.2815
2025-06-18 03:00:00,0.0,10.0,3.2815
2025-06-18 04:00:00,18526.07064205466,896.4148632562037,7.0
2025-06-18 05:00:00,203492.4689220948,9746.481766607407,7.0
2025-06-18 06:00:00,530951.023686936,25414.355200331865,7.0
2025-06-18 07:00:00,919300.704596809,43995.679645780336,7.0
2025-06-18 08:00:00,1350177.1115352132,64611.775671541305,7.0
2025-06-18 09:00:00,1713161.5373226423,81979.45154653791,7.0
2025-06-18 10:00:00,2095138.392461013,100255.85609861306,7.0
2025-06-18 11:00:00,2338186.970492598,111884.9746647176,7.0
2025-06-18 12:00:00,2366870.1807123455,113257.37706757635,7.0
2025-06-18 13:00:00,2168156.069956899,103749.52487832053,7.0
2025-06-18 14:00:00,2081148.9701534344,99586.50574896816,7.0
2025-06-18 15:00:00,1846218.8089790533,88345.82818081595,7.0
2025-06-18 16:00:00,1500952.447160667,71825.90656271133,7.0
2025-06-18 17:00:00,1006283.2565603978,48157.5242373396,7.0
2025-06-18 18:00:00,550395.7435917938,26344.724573770036,7.0
2025-06-18 19:00:00,282715.9076318504,13537.07692018423,7.0
2025-06-18 20:00:00,42242.397223883374,2031.1673312862858,7.0
2025-06-18 21:00:00,0.0,10.0,3.2815
2025-06-18 22:00:00,0.0,10.0,3.2815
2025-06-18 23:00:00,0.0,10.0,3.2815
2025-06-19 00:00:00,0.0,10.0,3.2815
2025-06-19 01:00:00,0.0,10.0,3.2815
2025-06-19 02:00:00,0.0,10.0,3.2815
2025-06-19 03:00:00,0.0,10.0,3.2815
2025-06-19 04:00:00,22511.727110046184,1087.1161296672817,7.0
2025-06-19 05:00:00,235847.54071493106,11294.571326073257,7.0
2025-06-19 06:00:00,604699.5188686128,28942.99133342645,7.0
2025-06-19 07:00:00,1037958.0412069256,49673.064172580176,7.0
2025-06-19 08:00:00,1476215.7965198138,70642.33476171357,7.0
2025-06-19 09:00:00,1871476.220785726,89554.31678400603,7.0
2025-06-19 10:00:00,2182928.3236938426,104456.33127721734,7.0
2025-06-19 11:00:00,2387909.3624375733,114264.03648026667,7.0
2025-06-19 12:00:00,2463673.138685946,117889.09754478211,7.0
2025-06-19 13:00:00,2405502.2971284273,115105.80369035539,7.0
2025-06-19 14:00:00,2212457.3544699578,105869.20356315588,7.0
2025-06-19 15:00:00,1818367.8834827384,87013.24801352815,7.0
2025-06-19 16:00:00,1445295.9697244042,69162.91721169397,7.0
2025-06-19 17:00:00,1113379.4696340105,53281.7449585651,7.0
2025-06-19 18:00:00,684433.5484369546,32758.016671624624,7.0
2025-06-19 19:00:00,297674.9345458134,14252.819834727916,7.0
2025-06-19 20:00:00,44678.09251436716,2147.7077758070413,7.0
2025-06-19 21:00:00,0.0,10.0,3.2815
2025-06-19 22:00:00,0.0,10.0,3.2815
2025-06-19 23:00:00,0.0,10.0,3.2815
2025-06-20 00:00:00,0.0,10.0,3.2815
2025-06-20 01:00:00,0.0,10.0,3.2815
2025-06-20 02:00:00,0.0,10.0,3.2815
2025-06-20 03:00:00,0.0,10.0,3.2815
2025-06-20 04:00:00,23050.63116290734,1112.9010125792986,7.0
2025-06-20 05:00:00,242346.30713645203,11605.517087868519,7.0
2025-06-20 06:00:00,620811.0099220721,29713.876072826413,7.0
2025-06-20 07:00:00,1064516.7223238721,50943.81446525704,7.0
2025-06-20 08:00:00,1510195.3666748006,72268.1515155407,7.0
2025-06-20 09:00:00,1911516.9608577224,91470.14166783361,7.0
2025-06-20 10:00:00,2230337.810945017,106724.72779641229,7.0
2025-06-20 11:00:00,2438666.823184506,116692.62311887588,7.0
2025-06-20 12:00:00,2520807.9050870477,120622.81842521759,7.0
2025-06-20 13:00:00,2469456.5735108037,118165.81691439252,7.0
2025-06-20 14:00:00,2287092.4799849438,109440.26220023655,7.0
2025-06-20 15:00:00,1994045.0296253106,95418.85309212013,7.0
2025-06-20 16:00:00,1603968.3312113336,76754.89623020735,7.0
2025-06-20 17:00:00,1158809.5225971458,55455.431703212715,7.0
2025-06-20 18:00:00,698626.8415718463,33437.121606308436,7.0
2025-06-20 19:00:00,265413.0641671909,12709.189673071336,7.0
2025-06-20 20:00:00,44512.38454548947,2139.7791648559555,7.0
2025-06-20 21:00:00,0.0,10.0,3.2815
2025-06-20 22:00:00,0.0,10.0,3.2815
2025-06-20 23:00:00,0.0,10.0,3.2815
2025-06-21 00:00:00,0.0,10.0,3.2815
2025-06-21 01:00:00,0.0,10.0,3.2815
2025-06-21 02:00:00,0.0,10.0,3.2815
2025-06-21 03:00:00,0.0,10.0,3.2815
2025-06-21 04:00:00,20527.734288645523,992.1882434758622,7.0
2025-06-21 05:00:00,195339.63798686524,9356.394162050969,7.0
2025-06-21 06:00:00,557568.0153068781,26687.895469228617,7.0
2025-06-21 07:00:00,999401.6661557091,47828.26153855067,7.0
2025-06-21 08:00:00,1499561.700930105,71759.36368086627,7.0
2025-06-21 09:00:00,1913987.8745966854,91588.36720558304,7.0
2025-06-21 10:00:00,2231556.471104243,106783.03689493984,7.0
2025-06-21 11:00:00,2433941.895079191,116466.55000378903,7.0
2025-06-21 12:00:00,2511712.6417930657,120187.63836330458,7.0
2025-06-21 13:00:00,2458114.6901325244,117623.14306854185,7.0
2025-06-21 14:00:00,2275057.721081986,108864.43641540603,7.0
2025-06-21 15:00:00,1978948.0555948594,94696.50983707461,7.0
2025-06-21 16:00:00,1594846.7995184185,76318.45930710137,7.0
2025-06-21 17:00:00,1156897.4096662623,55363.94304623265,7.0
2025-06-21 18:00:00,709785.9154545013,33971.04858633978,7.0
2025-06-21 19:00:00,310471.58772363723,14865.09989108312,7.0
2025-06-21 20:00:00,47164.35656923649,2266.667778432368,7.0
2025-06-21 21:00:00,0.0,10.0,3.2815
2025-06-21 22:00:00,0.0,10.0,3.2815
2025-06-21 23:00:00,0.0,10.0,3.2815
2025-06-22 00:00:00,0.0,10.0,3.2815
2025-06-22 01:00:00,0.0,10.0,3.2815
2025-06-22 02:00:00,0.0,10.0,3.2815
2025-06-22 03:00:00,0.0,10.0,3.2815
2025-06-22 04:00:00,22871.697079137146,1104.3395731644569,7.0
2025-06-22 05:00:00,244714.95989489765,11718.84975573673,7.0
2025-06-22 06:00:00,623847.2629241953,29859.1513360859,7.0
2025-06-22 07:00:00,1066409.8334966267,51034.39394720701,7.0
2025-06-22 08:00:00,1506877.5035175197,72109.40208217797,7.0
2025-06-22 09:00:00,1897909.9570662472,90819.08885484436,7.0
2025-06-22 10:00:00,2172580.3533455506,103961.21307873448,7.0
2025-06-22 11:00:00,2346847.8732355232,112299.37192514465,7.0
2025-06-22 12:00:00,2340243.4827845353,111983.37238203519,7.0
2025-06-22 13:00:00,2227843.1375624263,106605.36543360891,7.0
2025-06-22 14:00:00,1426084.0308964036,68243.68568882314,7.0
2025-06-22 15:00:00,903702.2045808384,43249.33993209753,7.0
2025-06-22 16:00:00,933101.0989445604,44655.985595433514,7.0
2025-06-22 17:00:00,817653.855710672,39132.1940531422,7.0
2025-06-22 18:00:00,522966.3396933469,25032.312903987888,7.0
2025-06-22 19:00:00,235185.57214940432,11262.898188966714,7.0
2025-06-22 20:00:00,40908.03478811031,1967.322238665565,7.0
2025-06-22 21:00:00,0.0,10.0,3.2815
2025-06-22 22:00:00,0.0,10.0,3.2815
2025-06-22 23:00:00,0.0,10.0,3.2815
2025-06-23 00:00:00,0.0,10.0,3.2815
2025-06-23 01:00:00,0.0,10.0,3.2815
2025-06-23 02:00:00,0.0,10.0,3.2815
2025-06-23 03:00:00,0.0,10.0,3.2815
2025-06-23 04:00:00,18915.198817430246,915.0334362406817,7.0
2025-06-23 05:00:00,186094.92502733783,8914.063398437216,7.0
2025-06-23 06:00:00,415319.6494795974,19881.7535636171,7.0
2025-06-23 07:00:00,823469.3430800003,39410.447037320584,7.0
2025-06-23 08:00:00,981767.4044392513,46984.51695881585,7.0
2025-06-23 09:00:00,925985.4972677913,44315.52618506178,7.0
2025-06-23 10:00:00,773341.2874640437,37011.97547674851,7.0
2025-06-23 11:00:00,1212546.5811103338,58026.58282824563,7.0
2025-06-23 12:00:00,1937798.934509105,92727.6523688567,7.0
2025-06-23 13:00:00,1772963.5296103375,84840.79089044678,7.0
2025-06-23 14:00:00,1968942.597161783,94217.77976850636,7.0
2025-06-23 15:00:00,1313361.911946451,62850.28286825124,7.0
2025-06-23 16:00:00,1301956.3178341663,62304.56066192183,7.0
2025-06-23 17:00:00,930614.6196741576,44537.01529541424,7.0
2025-06-23 18:00:00,627948.2359955693,30055.37014332867,7.0
2025-06-23 19:00:00,149215.3087884649,7149.488458778225,7.0
2025-06-23 20:00:00,25348.20744256946,1222.8328919889693,7.0
2025-06-23 21:00:00,0.0,10.0,3.2815
2025-06-23 22:00:00,0.0,10.0,3.2815
2025-06-23 23:00:00,0.0,10.0,3.2815
2025-06-24 00:00:00,0.0,10.0,3.2815
2025-06-24 01:00:00,0.0,10.0,3.2815
2025-06-24 02:00:00,0.0,10.0,3.2815
2025-06-24 03:00:00,0.0,10.0,3.2815
2025-06-24 04:00:00,21505.82230876384,1038.9867133379828,7.0
2025-06-24 05:00:00,235557.2294533313,11280.680835087622,7.0
2025-06-24 06:00:00,607509.8779011563,29077.4582727826,7.0
2025-06-24 07:00:00,974282.7836332697,46626.40113077845,7.0
2025-06-24 08:00:00,1378572.4969484082,65970.40655255542,7.0
2025-06-24 09:00:00,1534999.1019963564,73454.93310987351,7.0
2025-06-24 10:00:00,1689582.6505603187,80851.27514642673,7.0
2025-06-24 11:00:00,1696559.7282204675,81185.1066134195,7.0
2025-06-24 12:00:00,1775049.245072323,84940.58588862789,7.0
2025-06-24 13:00:00,1200999.9558017494,57474.11271778706,7.0
2025-06-24 14:00:00,1357982.1277390914,64985.22142292303,7.0
2025-06-24 15:00:00,963646.4258116452,46117.484488595466,7.0
2025-06-24 16:00:00,941946.983873136,45079.23367814048,7.0
2025-06-24 17:00:00,475525.56861737894,22762.41955107076,7.0
2025-06-24 18:00:00,272479.34154434217,13047.28906910728,7.0
2025-06-24 19:00:00,199540.10066385605,9557.373237505075,7.0
2025-06-24 20:00:00,15890.946205248694,770.3323543181194,7.0
2025-06-24 21:00:00,0.0,10.0,3.2815
2025-06-24 22:00:00,0.0,10.0,3.2815
2025-06-24 23:00:00,0.0,10.0,3.2815
2025-06-25 00:00:00,0.0,10.0,3.2815
2025-06-25 01:00:00,0.0,10.0,3.2815
2025-06-25 02:00:00,0.0,10.0,3.2815
2025-06-25 03:00:00,0.0,10.0,3.2815
2025-06-25 04:00:00,15939.364039113152,772.6489970867538,7.0
2025-06-25 05:00:00,200654.5583883614,9610.696573605808,7.0
2025-06-25 06:00:00,546141.5167043372,26141.173048054414,7.0
2025-06-25 07:00:00,991279.009775934,47439.617692628424,7.0
2025-06-25 08:00:00,1425888.4211807232,68234.32637228341,7.0
2025-06-25 09:00:00,1788598.856549904,85588.89265789013,7.0
2025-06-25 10:00:00,2109280.528660129,100932.51333302051,7.0
2025-06-25 11:00:00,2067310.425278577,98924.37441524293,7.0
2025-06-25 12:00:00,2137083.7554308944,102262.8112646361,7.0
2025-06-25 13:00:00,1898094.6172723135,90827.92427140255,7.0
2025-06-25 14:00:00,2051364.1633089911,98161.39537363594,7.0
2025-06-25 15:00:00,1848983.1880141676,88478.0951202951,7.0
2025-06-25 16:00:00,1412948.3208495935,67615.18281577002,7.0
2025-06-25 17:00:00,1011787.3697526038,48420.878935531284,7.0
2025-06-25 18:00:00,563052.1343380995,26950.293508999974,7.0
2025-06-25 19:00:00,233069.40754997835,11161.646294257338,7.0
2025-06-25 20:00:00,42037.327921081844,2021.355402922576,7.0
2025-06-25 21:00:00,0.0,10.0,3.2815
2025-06-25 22:00:00,0.0,10.0,3.2815
2025-06-25 23:00:00,0.0,10.0,3.2815
2025-06-26 00:00:00,0.0,10.0,3.2815
2025-06-26 01:00:00,0.0,10.0,3.2815
2025-06-26 02:00:00,0.0,10.0,3.2815
2025-06-26 03:00:00,0.0,10.0,3.2815
2025-06-26 04:00:00,8218.81676499423,403.2448212915899,7.0
2025-06-26 05:00:00,64451.12717766717,3093.7859893620657,7.0
2025-06-26 06:00:00,93960.49757223812,4505.7175871884265,7.0
2025-06-26 07:00:00,347217.75128233247,16623.289535039832,7.0
2025-06-26 08:00:00,879236.4596184097,42078.73012528276,7.0
2025-06-26 09:00:00,1006325.402806465,48159.54080413708,7.0
2025-06-26 10:00:00,971670.4014423911,46501.406767578526,7.0
2025-06-26 11:00:00,979169.1994929452,46860.2009326768,7.0
2025-06-26 12:00:00,1270917.8282875752,60819.46546830503,7.0
2025-06-26 13:00:00,1550285.2985597341,74186.33007462842,7.0
2025-06-26 14:00:00,1625233.0287005457,77772.3458708395,7.0
2025-06-26 15:00:00,1029097.6441380486,49249.12172909324,7.0
2025-06-26 16:00:00,1053338.2296120618,50408.9583546441,7.0
2025-06-26 17:00:00,896495.1084366519,42904.50279601205,7.0
2025-06-26 18:00:00,599014.7676582225,28670.993667857532,7.0
2025-06-26 19:00:00,174386.98125064367,8353.874700987735,7.0
2025-06-26 20:00:00,12186.96764128039,593.1084995827937,7.0
2025-06-26 21:00:00,0.0,10.0,3.2815
2025-06-26 22:00:00,0.0,10.0,3.2815
2025-06-26 23:00:00,0.0,10.0,3.2815
2025-06-27 00:00:00,0.0,10.0,3.2815
2025-06-27 01:00:00,0.0,10.0,3.2815
2025-06-27 02:00:00,0.0,10.0,3.2815
2025-06-27 03:00:00,0.0,10.0,3.2815
2025-06-27 04:00:00,13473.934473313075,654.6858599671327,7.0
2025-06-27 05:00:00,135566.167216628,6496.419484049187,7.0
2025-06-27 06:00:00,366128.9638353075,17528.132240923806,7.0
2025-06-27 07:00:00,307057.38141928765,14701.740737764958,7.0
2025-06-27 08:00:00,698379.9952112108,33425.31077565602,7.0
2025-06-27 09:00:00,1173267.733254937,56147.212117461095,7.0
2025-06-27 10:00:00,645074.557447561,30874.811361127315,7.0
2025-06-27 11:00:00,1499980.0752255754,71779.38158974046,7.0
2025-06-27 12:00:00,2180903.879198218,104359.46790422098,7.0
2025-06-27 13:00:00,1431019.860334746,68479.84977678211,7.0
2025-06-27 14:00:00,1148530.7265148065,54963.62327822041,7.0
2025-06-27 15:00:00,641449.5153650598,30701.364371533964,7.0
2025-06-27 16:00:00,593459.1327749728,28405.173816984345,7.0
2025-06-27 17:00:00,466146.1287257161,22313.642522761536,7.0
2025-06-27 18:00:00,382758.4707475732,18323.80242811355,7.0
2025-06-27 19:00:00,98338.40484479176,4715.186834679032,7.0
2025-06-27 20:00:00,30997.424438829756,1493.1303559248688,7.0
2025-06-27 21:00:00,0.0,10.0,3.2815
2025-06-27 22:00:00,0.0,10.0,3.2815
2025-06-27 23:00:00,0.0,10.0,3.2815
2025-06-28 00:00:00,0.0,10.0,3.2815
2025-06-28 01:00:00,0.0,10.0,3.2815
2025-06-28 02:00:00,0.0,10.0,3.2815
2025-06-28 03:00:00,0.0,10.0,3.2815
2025-06-28 04:00:00,17781.117301852886,860.7711627680807,7.0
2025-06-28 05:00:00,216222.61023029318,10355.579436856133,7.0
2025-06-28 06:00:00,570088.937151448,27286.982638825262,7.0
2025-06-28 07:00:00,919466.7262595857,44003.623266008886,7.0
2025-06-28 08:00:00,1198610.003312186,57359.760924028036,7.0
2025-06-28 09:00:00,1591344.6344131518,76150.89159871539,7.0
2025-06-28 10:00:00,1859382.9780508482,88975.69272970565,7.0
2025-06-28 11:00:00,1919216.6731657602,91838.54895529953,7.0
2025-06-28 12:00:00,1773963.703709022,84888.64611047952,7.0
2025-06-28 13:00:00,1811840.4818689558,86700.93214683999,7.0
2025-06-28 14:00:00,1903058.8092543038,91065.4454188662,7.0
2025-06-28 15:00:00,1565383.4173103261,74908.72810097254,7.0
2025-06-28 16:00:00,1116191.7093241597,53416.30188153874,7.0
2025-06-28 17:00:00,691746.1106871563,33107.90003287829,7.0
2025-06-28 18:00:00,557618.8524392105,26690.32786790481,7.0
2025-06-28 19:00:00,297556.14271575876,14247.136015108073,7.0
2025-06-28 20:00:00,45518.8387577213,2187.9348687904926,7.0
2025-06-28 21:00:00,0.0,10.0,3.2815
2025-06-28 22:00:00,0.0,10.0,3.2815
2025-06-28 23:00:00,0.0,10.0,3.2815
2025-06-29 00:00:00,0.0,10.0,3.2815
2025-06-29 01:00:00,0.0,10.0,3.2815
2025-06-29 02:00:00,0.0,10.0,3.2815
2025-06-29 03:00:00,0.0,10.0,3.2815
2025-06-29 04:00:00,17483.042368190894,846.5092042196601,7.0
2025-06-29 05:00:00,216957.2886585396,10390.73151476266,7.0
2025-06-29 06:00:00,570147.4715969868,27289.783329999365,7.0
2025-06-29 07:00:00,1003467.5224541038,48022.80011742123,7.0
2025-06-29 08:00:00,1418218.921772972,67867.36467813262,7.0
2025-06-29 09:00:00,1772360.435273229,84811.93470206836,7.0
2025-06-29 10:00:00,1971047.4793515122,94318.49183500059,7.0
2025-06-29 11:00:00,2077237.918257385,99399.37407930072,7.0
2025-06-29 12:00:00,2215930.8394085765,106035.39901476442,7.0
2025-06-29 13:00:00,1991038.5629366352,95275.00301132226,7.0
2025-06-29 14:00:00,1855460.1859983765,88787.99933006585,7.0
2025-06-29 15:00:00,1396928.0643131903,66848.66336426747,7.0
2025-06-29 16:00:00,1142957.3382010756,54696.95398091271,7.0
2025-06-29 17:00:00,963185.9432692432,46095.45183106427,7.0
2025-06-29 18:00:00,687784.4246790952,32918.345678425605,7.0
2025-06-29 19:00:00,291520.13300343277,13958.331722652285,7.0
2025-06-29 20:00:00,45636.292389899405,2193.554659803799,7.0
2025-06-29 21:00:00,0.0,10.0,3.2815
2025-06-29 22:00:00,0.0,10.0,3.2815
2025-06-29 23:00:00,0.0,10.0,3.2815
2025-06-30 00:00:00,0.0,10.0,3.2815
2025-06-30 01:00:00,0.0,10.0,3.2815
2025-06-30 02:00:00,0.0,10.0,3.2815
2025-06-30 03:00:00,0.0,10.0,3.2815
2025-06-30 04:00:00,17044.857514024752,825.5434217236724,7.0
2025-06-30 05:00:00,218805.64050969805,10479.169402377896,7.0
2025-06-30 06:00:00,583507.7968665778,27929.033342898463,7.0
2025-06-30 07:00:00,1017528.3427591565,48695.56663919409,7.0
2025-06-30 08:00:00,1456815.985273814,69714.11412793369,7.0
2025-06-30 09:00:00,1852579.0884995228,88650.14777509678,7.0
2025-06-30 10:00:00,2159619.1677949764,103341.06066004671,7.0
2025-06-30 11:00:00,2379676.612223431,113870.12498676704,7.0
2025-06-30 12:00:00,2455154.6783515466,117481.51571060032,7.0
2025-06-30 13:00:00,2395624.230875952,114633.16894143312,7.0
2025-06-30 14:00:00,2223045.181276688,106375.79814720996,7.0
2025-06-30 15:00:00,1929980.7188105818,92353.57506270727,7.0
2025-06-30 16:00:00,1561629.677255153,74729.12331364368,7.0
2025-06-30 17:00:00,1131145.6851813952,54131.80311872704,7.0
2025-06-30 18:00:00,677807.9036938974,32441.0001767415,7.0
2025-06-30 19:00:00,304848.7759394746,14596.06583442462,7.0
2025-06-30 20:00:00,45306.148889641285,2177.7583200785302,7.0
2025-06-30 21:00:00,0.0,10.0,3.2815
2025-06-30 22:00:00,0.0,10.0,3.2815
2025-06-30 23:00:00,0.0,10.0,3.2815
2025-07-01 00:00:00,0.0,10.0,3.2815
2025-07-01 01:00:00,0.0,10.0,3.2815
2025-07-01 02:00:00,0.0,10.0,3.2815
2025-07-01 03:00:00,0.0,10.0,3.2815
2025-07-01 04:00:00,16369.366747558719,793.2232893568765,7.0
2025-07-01 05:00:00,217471.92042091224,10415.355044062786,7.0
2025-07-01 06:00:00,584402.4524049333,27971.83982798724,7.0
2025-07-01 07:00:00,977585.1940569734,46784.411198898255,7.0
2025-07-01 08:00:00,1458099.0338443913,69775.50401169337,7.0
2025-07-01 09:00:00,1834793.7732508783,87799.17575363054,7.0
2025-07-01 10:00:00,2164321.5868453137,103566.05678685711,7.0
2025-07-01 11:00:00,2353602.506077203,112622.56009938769,7.0
2025-07-01 12:00:00,2439053.677333909,116711.1328867899,7.0
2025-07-01 13:00:00,2233686.4747796417,106884.95094639434,7.0
2025-07-01 14:00:00,2059845.230190272,98567.18804738144,7.0
2025-07-01 15:00:00,1714845.9436242539,82060.04514948583,7.0
2025-07-01 16:00:00,1422880.016461826,68090.38356276679,7.0
2025-07-01 17:00:00,1066440.7819221078,51035.874733115204,7.0
2025-07-01 18:00:00,668485.3182627704,31994.943457548823,7.0
2025-07-01 19:00:00,245426.81744316357,11752.90992551022,7.0
2025-07-01 20:00:00,40694.798478418146,1957.119544421921,7.0
2025-07-01 21:00:00,0.0,10.0,3.2815
2025-07-01 22:00:00,0.0,10.0,3.2815
2025-07-01 23:00:00,0.0,10.0,3.2815
2025-07-02 00:00:00,0.0,10.0,3.2815
2025-07-02 01:00:00,0.0,10.0,3.2815
2025-07-02 02:00:00,0.0,10.0,3.2815
2025-07-02 03:00:00,0.0,10.0,3.2815
2025-07-02 04:00:00,15659.472598168744,759.257062113337,7.0
2025-07-02 05:00:00,217529.9261964015,10418.130440019211,7.0
2025-07-02 06:00:00,584410.5172215162,27972.22570437877,7.0
2025-07-02 07:00:00,1013714.0292753886,48513.06360169323,7.0
2025-07-02 08:00:00,1449231.3676501508,69351.21376316511,7.0
2025-07-02 09:00:00,1848376.541960996,88449.0689933491,7.0
2025-07-02 10:00:00,2155474.9717732416,103142.77376905462,7.0
2025-07-02 11:00:00,2331882.5652231947,111583.32847957869,7.0
2025-07-02 12:00:00,2208336.2056892477,105672.01941096879,7.0
2025-07-02 13:00:00,1870713.8266300105,89517.83859473735,7.0
2025-07-02 14:00:00,1719569.512758127,82286.05324201564,7.0
2025-07-02 15:00:00,1647704.7278620934,78847.54678765997,7.0
2025-07-02 16:00:00,1273887.1743454998,60961.53944236841,7.0
2025-07-02 17:00:00,796160.3887592095,38103.798505225335,7.0
2025-07-02 18:00:00,444043.78039515263,21256.11389450491,7.0
2025-07-02 19:00:00,166594.31904035143,7981.0200497775795,7.0
2025-07-02 20:00:00,28393.636372546178,1368.5471948586687,7.0
2025-07-02 21:00:00,0.0,10.0,3.2815
2025-07-02 22:00:00,0.0,10.0,3.2815
2025-07-02 23:00:00,0.0,10.0,3.2815
2025-07-03 00:00:00,0.0,10.0,3.2815
2025-07-03 01:00:00,0.0,10.0,3.2815
2025-07-03 02:00:00,0.0,10.0,3.2815
2025-07-03 03:00:00,0.0,10.0,3.2815
2025-07-03 04:00:00,9426.876721925923,461.04673310650344,7.0
2025-07-03 05:00:00,103375.06051152428,4956.175144092071,7.0
2025-07-03 06:00:00,301650.05105034675,14443.016796667307,7.0
2025-07-03 07:00:00,706693.0009630269,33823.06224703478,7.0
2025-07-03 08:00:00,1066624.909602957,51044.68466999795,7.0
2025-07-03 09:00:00,1601633.8578830208,76643.19894177133,7.0
2025-07-03 10:00:00,1949298.3206041332,93277.86222986283,7.0
2025-07-03 11:00:00,2386713.961257423,114206.84025155133,7.0
2025-07-03 12:00:00,2509055.4009916033,120060.49765510064,7.0
2025-07-03 13:00:00,2422069.907748376,115898.51233245818,7.0
2025-07-03 14:00:00,2195858.638944848,105075.00664807885,7.0
2025-07-03 15:00:00,1942881.4221159883,92970.83359406643,7.0
2025-07-03 16:00:00,1500697.1665552442,71813.69217967676,7.0
2025-07-03 17:00:00,1118276.839833979,53516.06889157795,7.0
2025-07-03 18:00:00,715427.9799875946,34241.003827157634,7.0
2025-07-03 19:00:00,309200.8879908313,14804.300860805322,7.0
2025-07-03 20:00:00,44730.00950922354,2150.191842546581,7.0
2025-07-03 21:00:00,0.0,10.0,3.2815
2025-07-03 22:00:00,0.0,10.0,3.2815
2025-07-03 23:00:00,0.0,10.0,3.2815
2025-07-04 00:00:00,0.0,10.0,3.2815
2025-07-04 01:00:00,0.0,10.0,3.2815
2025-07-04 02:00:00,0.0,10.0,3.2815
2025-07-04 03:00:00,0.0,10.0,3.2815
2025-07-04 04:00:00,14006.916920187328,680.1874124491544,7.0
2025-07-04 05:00:00,216105.46297570915,10349.974305057855,7.0
2025-07-04 06:00:00,592425.4409509621,28355.71487803647,7.0
2025-07-04 07:00:00,1038504.5671732153,49699.21374034523,7.0
2025-07-04 08:00:00,1481827.5650564744,70910.84043332413,7.0
2025-07-04 09:00:00,1882753.023439443,90093.87671959057,7.0
2025-07-04 10:00:00,2209316.6217452646,105718.92927010835,7.0
2025-07-04 11:00:00,2400578.67810435,114870.22383274403,7.0
2025-07-04 12:00:00,2412610.4632973275,115445.90733480036,7.0
2025-07-04 13:00:00,2350445.9805041733,112471.53016766379,7.0
2025-07-04 14:00:00,1806962.4601726083,86467.53397955064,7.0
2025-07-04 15:00:00,1608342.4988383753,76964.18654729068,7.0
2025-07-04 16:00:00,1457538.9347102784,69748.70501006117,7.0
2025-07-04 17:00:00,766404.964071498,36680.09397471282,7.0
2025-07-04 18:00:00,602293.5983983465,28827.87552145198,7.0
2025-07-04 19:00:00,280439.34732399957,13428.150589665052,7.0
2025-07-04 20:00:00,43949.6968973368,2112.8563108773587,7.0
2025-07-04 21:00:00,0.0,10.0,3.2815
2025-07-04 22:00:00,0.0,10.0,3.2815
2025-07-04 23:00:00,0.0,10.0,3.2815
2025-07-05 00:00:00,0.0,10.0,3.2815
2025-07-05 01:00:00,0.0,10.0,3.2815
2025-07-05 02:00:00,0.0,10.0,3.2815
2025-07-05 03:00:00,0.0,10.0,3.2815
2025-07-05 04:00:00,12335.798278184187,600.2295826882386,7.0
2025-07-05 05:00:00,184350.1509465138,8830.58138500066,7.0
2025-07-05 06:00:00,458225.4677469834,21934.6635285638,7.0
2025-07-05 07:00:00,826327.1990273274,39547.18655633145,7.0
2025-07-05 08:00:00,1378162.5511802903,65950.79192250193,7.0
2025-07-05 09:00:00,1792105.4256968524,85756.6710859738,7.0
2025-07-05 10:00:00,1990267.3553103048,95238.10312489497,7.0
2025-07-05 11:00:00,2405063.6747250464,115084.81697249024,7.0
2025-07-05 12:00:00,2443880.6715173326,116942.08954628385,7.0
2025-07-05 13:00:00,2179678.5834166636,104300.84131180208,7.0
2025-07-05 14:00:00,2139713.3699786146,102388.63014251746,7.0
2025-07-05 15:00:00,1863847.6655096565,89189.31413921801,7.0
2025-07-05 16:00:00,1307821.868026269,62585.208996472196,7.0
2025-07-05 17:00:00,784971.1503708888,37568.42824741094,7.0
2025-07-05 18:00:00,358091.83853885846,17143.58079133294,7.0
2025-07-05 19:00:00,150971.37221295355,7233.510632198734,7.0
2025-07-05 20:00:00,16305.092014301901,790.1479432680336,7.0
2025-07-05 21:00:00,0.0,10.0,3.2815
2025-07-05 22:00:00,0.0,10.0,3.2815
2025-07-05 23:00:00,0.0,10.0,3.2815
2025-07-06 00:00:00,0.0,10.0,3.2815
2025-07-06 01:00:00,0.0,10.0,3.2815
2025-07-06 02:00:00,0.0,10.0,3.2815
2025-07-06 03:00:00,0.0,10.0,3.2815
2025-07-06 04:00:00,3602.361963991543,182.3618164589255,7.0
2025-07-06 05:00:00,46133.67363549885,2217.352805526261,7.0
2025-07-06 06:00:00,107521.28414434266,5154.559049968549,7.0
2025-07-06 07:00:00,303622.6257761528,14537.39836249535,7.0
2025-07-06 08:00:00,215042.13387888568,10299.09731477922,7.0
2025-07-06 09:00:00,245164.63853316457,11740.365480055721,7.0
2025-07-06 10:00:00,369533.5010839111,17691.02875999575,7.0
2025-07-06 11:00:00,310513.9635921964,14867.127444602698,7.0
2025-07-06 12:00:00,320892.1259266448,15363.69023572463,7.0
2025-07-06 13:00:00,232531.75160497698,11135.921129424736,7.0
2025-07-06 14:00:00,227528.6119810003,10896.536458421066,7.0
2025-07-06 15:00:00,150741.1732373402,7222.496327145464,7.0
2025-07-06 16:00:00,241121.9828220115,11546.936977129737,7.0
2025-07-06 17:00:00,169351.95718019665,8112.964458382615,7.0
2025-07-06 18:00:00,168616.10854498929,8077.756389712406,7.0
2025-07-06 19:00:00,41030.453737353004,1973.1796046580384,7.0
2025-07-06 20:00:00,22162.995956352377,1070.4304285336066,7.0
2025-07-06 21:00:00,0.0,10.0,3.2815
2025-07-06 22:00:00,0.0,10.0,3.2815
2025-07-06 23:00:00,0.0,10.0,3.2815
2025-07-07 00:00:00,0.0,10.0,3.2815
2025-07-07 01:00:00,0.0,10.0,3.2815
2025-07-07 02:00:00,0.0,10.0,3.2815
2025-07-07 03:00:00,0.0,10.0,3.2815
2025-07-07 04:00:00,2599.8575500799034,134.39509808994754,7.0
2025-07-07 05:00:00,49051.65162756893,2356.9689773956425,7.0
2025-07-07 06:00:00,104660.70227085015,5017.689103868428,7.0
2025-07-07 07:00:00,430409.1238959157,20603.737985450512,7.0
2025-07-07 08:00:00,417499.93805992336,19986.07359138389,7.0
2025-07-07 09:00:00,1019295.5310137625,48780.12110113696,7.0
2025-07-07 10:00:00,1077353.4713942737,51558.01298537195,7.0
2025-07-07 11:00:00,1231361.6373324955,58926.82475275098,7.0
2025-07-07 12:00:00,1321293.2864102665,63229.77446939075,7.0
2025-07-07 13:00:00,1356124.770837579,64896.352671654495,7.0
2025-07-07 14:00:00,1452583.7632696787,69511.61546744873,7.0
2025-07-07 15:00:00,1388185.6553848302,66430.36628635551,7.0
2025-07-07 16:00:00,1178153.0015193059,56380.957010493104,7.0
2025-07-07 17:00:00,919121.8370715211,43987.12139098187,7.0
2025-07-07 18:00:00,530064.1242343155,25371.91981982371,7.0
2025-07-07 19:00:00,198282.95438337087,9497.22269776894,7.0
2025-07-07 20:00:00,27263.45556113882,1314.4715579492258,7.0
2025-07-07 21:00:00,0.0,10.0,3.2815
2025-07-07 22:00:00,0.0,10.0,3.2815
2025-07-07 23:00:00,0.0,10.0,3.2815
2025-07-08 00:00:00,0.0,10.0,3.2815
2025-07-08 01:00:00,0.0,10.0,3.2815
2025-07-08 02:00:00,0.0,10.0,3.2815
2025-07-08 03:00:00,0.0,10.0,3.2815
2025-07-08 04:00:00,6946.745731335847,342.38017853281565,7.0
2025-07-08 05:00:00,125801.75539466782,6029.222746156355,7.0
2025-07-08 06:00:00,408585.6440745519,19559.552348064684,7.0
2025-07-08 07:00:00,551317.386750548,26388.822332562104,7.0
2025-07-08 08:00:00,679540.8985846662,32523.918592567763,7.0
2025-07-08 09:00:00,1075473.5971870923,51468.06685105705,7.0
2025-07-08 10:00:00,1134710.6568935846,54302.375927922716,7.0
2025-07-08 11:00:00,1320953.417345331,63213.51279164263,7.0
2025-07-08 12:00:00,1785348.3055324266,85433.36390107304,7.0
2025-07-08 13:00:00,1858543.4326908765,88935.52309525725,7.0
2025-07-08 14:00:00,1621171.749230605,77578.02627897632,7.0
2025-07-08 15:00:00,1353034.5406078356,64748.49476592515,7.0
2025-07-08 16:00:00,1051427.8902142553,50317.55455570599,7.0
2025-07-08 17:00:00,673953.1309388261,32256.561288939047,7.0
2025-07-08 18:00:00,520045.3593631806,24892.553079578018,7.0
2025-07-08 19:00:00,187461.71261812028,8979.459933881353,7.0
2025-07-08 20:00:00,22289.629943875912,1076.4894709988475,7.0
2025-07-08 21:00:00,0.0,10.0,3.2815
2025-07-08 22:00:00,0.0,10.0,3.2815
2025-07-08 23:00:00,0.0,10.0,3.2815
2025-07-09 00:00:00,0.0,10.0,3.2815
2025-07-09 01:00:00,0.0,10.0,3.2815
2025-07-09 02:00:00,0.0,10.0,3.2815
2025-07-09 03:00:00,0.0,10.0,3.2815
2025-07-09 04:00:00,6701.190092950939,330.63110492588225,7.0
2025-07-09 05:00:00,117627.49298642634,5638.109712269203,7.0
2025-07-09 06:00:00,380166.3306415777,18199.77658572142,7.0
2025-07-09 07:00:00,949812.0057700989,45455.550515315736,7.0
2025-07-09 08:00:00,1253492.946862915,59985.73908435,7.0
2025-07-09 09:00:00,1363844.3516951925,65265.710607425484,7.0
2025-07-09 10:00:00,955572.0897044791,45731.15261743919,7.0
2025-07-09 11:00:00,883657.1097645547,42290.24448634233,7.0
2025-07-09 12:00:00,834343.5359684209,39930.743347771335,7.0
2025-07-09 13:00:00,1067958.7003027985,51108.502406832464,7.0
2025-07-09 14:00:00,1005826.3089801074,48135.660716751554,7.0
2025-07-09 15:00:00,698440.5152678317,33428.20647214506,7.0
2025-07-09 16:00:00,852272.7943665428,40788.60260126999,7.0
2025-07-09 17:00:00,669419.3611321999,32039.634503933008,7.0
2025-07-09 18:00:00,582727.915225835,27891.71843185814,7.0
2025-07-09 19:00:00,262873.75562459405,12587.691656679142,7.0
2025-07-09 20:00:00,38215.12759415051,1838.4750045048088,7.0
2025-07-09 21:00:00,0.0,10.0,3.2815
2025-07-09 22:00:00,0.0,10.0,3.2815
2025-07-09 23:00:00,0.0,10.0,3.2815
2025-07-10 00:00:00,0.0,10.0,3.2815
2025-07-10 01:00:00,0.0,10.0,3.2815
2025-07-10 02:00:00,0.0,10.0,3.2815
2025-07-10 03:00:00,0.0,10.0,3.2815
2025-07-10 04:00:00,8669.84695931839,424.8252133645163,7.0
2025-07-10 05:00:00,190889.45170249228,9143.466588635994,7.0
2025-07-10 06:00:00,563495.1993281156,26971.492790818927,7.0
2025-07-10 07:00:00,846417.1463506577,40508.428055055396,7.0
2025-07-10 08:00:00,1257388.3337519378,60172.12123215014,7.0
2025-07-10 09:00:00,1545008.3290650249,73933.8434959342,7.0
2025-07-10 10:00:00,1882668.8869990124,90089.85105258433,7.0
2025-07-10 11:00:00,2186520.517166868,104628.20656300803,7.0
2025-07-10 12:00:00,2355135.929576817,112695.92964482379,7.0
2025-07-10 13:00:00,1968578.2763054995,94200.3481485885,7.0
2025-07-10 14:00:00,1048339.016147222,50169.761538144594,7.0
2025-07-10 15:00:00,926555.4081283862,44342.79464729121,7.0
2025-07-10 16:00:00,745726.7183438836,35690.70422698008,7.0
2025-07-10 17:00:00,662831.0583849036,31724.404707411653,7.0
2025-07-10 18:00:00,505738.41682700627,24208.01037449791,7.0
2025-07-10 19:00:00,182105.34017724672,8723.17417116013,7.0
2025-07-10 20:00:00,25162.34470704088,1213.9399381359274,7.0
2025-07-10 21:00:00,0.0,10.0,3.2815
2025-07-10 22:00:00,0.0,10.0,3.2815
2025-07-10 23:00:00,0.0,10.0,3.2815
2025-07-11 00:00:00,0.0,10.0,3.2815
2025-07-11 01:00:00,0.0,10.0,3.2815
2025-07-11 02:00:00,0.0,10.0,3.2815
2025-07-11 03:00:00,0.0,10.0,3.2815
2025-07-11 04:00:00,6407.005158770815,316.55527075458446,7.0
2025-07-11 05:00:00,160160.53515551108,7673.183500263688,7.0
2025-07-11 06:00:00,479842.36193973187,22968.964686111573,7.0
2025-07-11 07:00:00,516669.73263965774,24731.039839218072,7.0
2025-07-11 08:00:00,706224.9853018847,33800.66915320022,7.0
2025-07-11 09:00:00,915613.6657009226,43819.26630147955,7.0
2025-07-11 10:00:00,1085638.655077509,51954.43325729709,7.0
2025-07-11 11:00:00,1097256.1849563546,52510.295930926055,7.0
2025-07-11 12:00:00,1123870.0536757468,53783.68677874386,7.0
2025-07-11 13:00:00,1146405.542473292,54861.93983125799,7.0
2025-07-11 14:00:00,1276029.320429643,61064.03447031784,7.0
2025-07-11 15:00:00,893354.5316779165,42754.23596545055,7.0
2025-07-11 16:00:00,543812.630782457,26029.74309963909,7.0
2025-07-11 17:00:00,494403.8073944575,23665.684564328112,7.0
2025-07-11 18:00:00,469755.43269884936,22486.336492767914,7.0
2025-07-11 19:00:00,228909.17149870086,10962.591937736883,7.0
2025-07-11 20:00:00,28375.41796558381,1367.6755007456368,7.0
2025-07-11 21:00:00,0.0,10.0,3.2815
2025-07-11 22:00:00,0.0,10.0,3.2815
2025-07-11 23:00:00,0.0,10.0,3.2815
2025-07-12 00:00:00,0.0,10.0,3.2815
2025-07-12 01:00:00,0.0,10.0,3.2815
2025-07-12 02:00:00,0.0,10.0,3.2815
2025-07-12 03:00:00,0.0,10.0,3.2815
2025-07-12 04:00:00,6167.082334228257,305.07570977168695,7.0
2025-07-12 05:00:00,137020.70444221853,6566.014566613328,7.0
2025-07-12 06:00:00,359702.99745120935,17220.669734507625,7.0
2025-07-12 07:00:00,682601.8500108522,32670.37559860537,7.0
2025-07-12 08:00:00,962933.9789609875,46083.39612253529,7.0
2025-07-12 09:00:00,1468752.3128602472,70285.2302803946,7.0
2025-07-12 10:00:00,2011519.5837353352,96254.95615958542,7.0
2025-07-12 11:00:00,2203116.8195888666,105422.28801860606,7.0
2025-07-12 12:00:00,2264802.152685346,108373.73936293522,7.0
2025-07-12 13:00:00,2208181.134440087,105664.59973397545,7.0
2025-07-12 14:00:00,2147809.627272046,102776.01087426058,7.0
2025-07-12 15:00:00,1894816.558470999,90671.07935267937,7.0
2025-07-12 16:00:00,1234718.0694368512,59087.41959027996,7.0
2025-07-12 17:00:00,688737.7620840854,32963.959908329445,7.0
2025-07-12 18:00:00,412847.78038125986,19763.482314892815,7.0
2025-07-12 19:00:00,281953.30622811354,13500.588814742274,7.0
2025-07-12 20:00:00,32298.806518715286,1555.3974410868557,7.0
2025-07-12 21:00:00,0.0,10.0,3.2815
2025-07-12 22:00:00,0.0,10.0,3.2815
2025-07-12 23:00:00,0.0,10.0,3.2815
2025-07-13 00:00:00,0.0,10.0,3.2815
2025-07-13 01:00:00,0.0,10.0,3.2815
2025-07-13 02:00:00,0.0,10.0,3.2815
2025-07-13 03:00:00,0.0,10.0,3.2815
2025-07-13 04:00:00,5690.210464928035,282.2588739200017,7.0
2025-07-13 05:00:00,139556.2745608559,6687.333711045737,7.0
2025-07-13 06:00:00,488188.91024295916,23368.32106425642,7.0
2025-07-13 07:00:00,580365.469008495,27778.682727679185,7.0
2025-07-13 08:00:00,854100.8397868398,40876.06888932248,7.0
2025-07-13 09:00:00,1350117.960378735,64608.945472666746,7.0
2025-07-13 10:00:00,1096042.510341131,52452.22537517373,7.0
2025-07-13 11:00:00,1310318.5474646322,62704.66734280537,7.0
2025-07-13 12:00:00,1786949.5947198104,85509.98060860338,7.0
2025-07-13 13:00:00,1895563.0102212634,90706.79474742887,7.0
2025-07-13 14:00:00,1919541.3434193574,91854.08341719414,7.0
2025-07-13 15:00:00,1553486.2947544127,74339.48778729247,7.0
2025-07-13 16:00:00,1341200.2051254723,64182.25861844365,7.0
2025-07-13 17:00:00,887526.0763857082,42475.36250649321,7.0
2025-07-13 18:00:00,586377.3542108666,28066.332737362038,7.0
2025-07-13 19:00:00,267875.6312894201,12827.015851168426,7.0
2025-07-13 20:00:00,30675.150650954452,1477.7105574619354,7.0
2025-07-13 21:00:00,0.0,10.0,3.2815
2025-07-13 22:00:00,0.0,10.0,3.2815
2025-07-13 23:00:00,0.0,10.0,3.2815
2025-07-14 00:00:00,0.0,10.0,3.2815
2025-07-14 01:00:00,0.0,10.0,3.2815
2025-07-14 02:00:00,0.0,10.0,3.2815
2025-07-14 03:00:00,0.0,10.0,3.2815
2025-07-14 04:00:00,5129.761942297453,255.44315513384942,7.0
2025-07-14 05:00:00,144250.8270677485,6911.953448217631,7.0
2025-07-14 06:00:00,391375.10454973375,18736.08155740353,7.0
2025-07-14 07:00:00,556222.7155409503,26623.527059375614,7.0
2025-07-14 08:00:00,869578.4985188028,41616.62672338769,7.0
2025-07-14 09:00:00,1144233.0483511407,54757.99274407372,7.0
2025-07-14 10:00:00,1421115.783881642,68005.97052065271,7.0
2025-07-14 11:00:00,1577055.0787890179,75467.1808033023,7.0
2025-07-14 12:00:00,2044872.4155368118,97850.78543238335,7.0
2025-07-14 13:00:00,1909756.0812772245,91385.88905632653,7.0
2025-07-14 14:00:00,1653256.1883464195,79113.16690652726,7.0
2025-07-14 15:00:00,1494709.8981743315,71527.22000834122,7.0
2025-07-14 16:00:00,1225751.942728101,58658.41831234933,7.0
2025-07-14 17:00:00,798620.9479918755,38221.52861205146,7.0
2025-07-14 18:00:00,467417.05841958564,22374.452555961037,7.0
2025-07-14 19:00:00,179643.30360978964,8605.373378458835,7.0
2025-07-14 20:00:00,24744.666914341426,1193.9553547531784,7.0
2025-07-14 21:00:00,0.0,10.0,3.2815
2025-07-14 22:00:00,0.0,10.0,3.2815
2025-07-14 23:00:00,0.0,10.0,3.2815
2025-07-15 00:00:00,0.0,10.0,3.2815
2025-07-15 01:00:00,0.0,10.0,3.2815
2025-07-15 02:00:00,0.0,10.0,3.2815
2025-07-15 03:00:00,0.0,10.0,3.2815
2025-07-15 04:00:00,1433.4077072368407,78.58410082472922,7.0
2025-07-15 05:00:00,70800.31997812664,3397.5751185706526,7.0
2025-07-15 06:00:00,241207.41440895345,11551.024612868587,7.0
2025-07-15 07:00:00,590812.3509755684,28278.53353950088,7.0
2025-07-15 08:00:00,866761.6507891057,41481.849320052905,7.0
2025-07-15 09:00:00,1376651.8193444633,65878.5081026059,7.0
2025-07-15 10:00:00,1853474.6130095255,88692.99583777634,7.0
2025-07-15 11:00:00,2098679.123170761,100425.2690512326,7.0
2025-07-15 12:00:00,2035602.0241381673,97407.226035319,7.0
2025-07-15 13:00:00,2141090.4794591838,102454.5205482863,7.0
2025-07-15 14:00:00,1619524.5764883193,77499.21418604399,7.0
2025-07-15 15:00:00,1130111.26164448,54082.30916959234,7.0
2025-07-15 16:00:00,828236.3424624068,39638.533132172575,7.0
2025-07-15 17:00:00,449264.5881071759,21505.913306563438,7.0
2025-07-15 18:00:00,408268.5679356042,19544.381240938,7.0
2025-07-15 19:00:00,139961.29150642408,6706.712512269094,7.0
2025-07-15 20:00:00,22188.556112336733,1071.6534025041499,7.0
2025-07-15 21:00:00,0.0,10.0,3.2815
2025-07-15 22:00:00,0.0,10.0,3.2815
2025-07-15 23:00:00,0.0,10.0,3.2815
2025-07-16 00:00:00,0.0,10.0,3.2815
2025-07-16 01:00:00,0.0,10.0,3.2815
2025-07-16 02:00:00,0.0,10.0,3.2815
2025-07-16 03:00:00,0.0,10.0,3.2815
2025-07-16 04:00:00,2055.840902656598,108.36559342854535,7.0
2025-07-16 05:00:00,76090.67106650048,3650.7019649043295,7.0
2025-07-16 06:00:00,295966.0627528633,14171.055634108292,7.0
2025-07-16 07:00:00,439999.5057793417,21062.60793202592,7.0
2025-07-16 08:00:00,665581.604041625,31856.009762757178,7.0
2025-07-16 09:00:00,879666.7789933567,42099.31956906013,7.0
2025-07-16 10:00:00,1471591.2855240442,70421.06629301647,7.0
2025-07-16 11:00:00,1661950.5264536156,79529.16394514908,7.0
2025-07-16 12:00:00,1781649.728066912,85256.39847210105,7.0
2025-07-16 13:00:00,1377035.524573065,65896.86720445288,7.0
2025-07-16 14:00:00,1466540.2000926633,70179.38756424226,7.0
2025-07-16 15:00:00,1353085.328341596,64750.92480103331,7.0
2025-07-16 16:00:00,1089773.2366908048,52152.26012874664,7.0
2025-07-16 17:00:00,697088.9528350887,33363.53841316214,7.0
2025-07-16 18:00:00,382016.32693259616,18288.29315466967,7.0
2025-07-16 19:00:00,161835.96553054935,7753.347633040638,7.0
2025-07-16 20:00:00,15014.914577409625,728.4169654262978,7.0
2025-07-16 21:00:00,0.0,10.0,3.2815
2025-07-16 22:00:00,0.0,10.0,3.2815
2025-07-16 23:00:00,0.0,10.0,3.2815
2025-07-17 00:00:00,0.0,10.0,3.2815
2025-07-17 01:00:00,0.0,10.0,3.2815
2025-07-17 02:00:00,0.0,10.0,3.2815
2025-07-17 03:00:00,0.0,10.0,3.2815
2025-07-17 04:00:00,2863.054432309162,146.9882503497207,7.0
2025-07-17 05:00:00,134512.6590377351,6446.012394150005,7.0
2025-07-17 06:00:00,409577.21390854026,19606.9958807914,7.0
2025-07-17 07:00:00,421254.4966560969,20165.717543353916,7.0
2025-07-17 08:00:00,920193.8434546924,44038.41356242547,7.0
2025-07-17 09:00:00,1215238.663758909,58155.39061047411,7.0
2025-07-17 10:00:00,1582741.894208373,75739.2772348504,7.0
2025-07-17 11:00:00,1706292.7314880288,81650.80054966644,7.0
2025-07-17 12:00:00,1267475.7262492885,60654.771590875054,7.0
2025-07-17 13:00:00,1168262.861504668,55907.74456960134,7.0
2025-07-17 14:00:00,970789.4325272755,46459.25514484572,7.0
2025-07-17 15:00:00,800692.7441272453,38320.657613743795,7.0
2025-07-17 16:00:00,864800.8697004967,41388.032043085965,7.0
2025-07-17 17:00:00,739769.057290271,35405.648674175645,7.0
2025-07-17 18:00:00,527655.1361505666,25256.65723208453,7.0
2025-07-17 19:00:00,240090.8933832334,11497.602554221694,7.0
2025-07-17 20:00:00,25845.575093746582,1246.630387260602,7.0
2025-07-17 21:00:00,0.0,10.0,3.2815
2025-07-17 22:00:00,0.0,10.0,3.2815
2025-07-17 23:00:00,0.0,10.0,3.2815
2025-07-18 00:00:00,0.0,10.0,3.2815
2025-07-18 01:00:00,0.0,10.0,3.2815
2025-07-18 02:00:00,0.0,10.0,3.2815
2025-07-18 03:00:00,0.0,10.0,3.2815
2025-07-18 04:00:00,2653.2324420353602,136.94892067154834,7.0
2025-07-18 05:00:00,149675.5710604662,7171.510577055799,7.0
2025-07-18 06:00:00,428169.8968113264,20496.597933556288,7.0
2025-07-18 07:00:00,936379.8501956877,44812.86364572669,7.0
2025-07-18 08:00:00,1294984.1517071414,61970.964196513945,7.0
2025-07-18 09:00:00,1633430.031383865,78164.5469561658,7.0
2025-07-18 10:00:00,1826987.9020979349,87425.68909559498,7.0
2025-07-18 11:00:00,2108608.1203430337,100900.34068626956,7.0
2025-07-18 12:00:00,2239052.6124419724,107141.70394459198,7.0
2025-07-18 13:00:00,2157425.6271782867,103236.10656355438,7.0
2025-07-18 14:00:00,1989162.409145719,95185.23488735496,7.0
2025-07-18 15:00:00,1820112.08860881,87096.70280424927,7.0
2025-07-18 16:00:00,1492895.2149141019,71440.393058091,7.0
2025-07-18 17:00:00,1045428.7785857726,50030.5157218073,7.0
2025-07-18 18:00:00,604274.2808580077,28922.645017129555,7.0
2025-07-18 19:00:00,243685.60470717776,11669.598311348218,7.0
2025-07-18 20:00:00,23655.383306620075,1141.8365218478505,7.0
2025-07-18 21:00:00,0.0,10.0,3.2815
2025-07-18 22:00:00,0.0,10.0,3.2815
2025-07-18 23:00:00,0.0,10.0,3.2815
2025-07-19 00:00:00,0.0,10.0,3.2815
2025-07-19 01:00:00,0.0,10.0,3.2815
2025-07-19 02:00:00,0.0,10.0,3.2815
2025-07-19 03:00:00,0.0,10.0,3.2815
2025-07-19 04:00:00,2107.3055502361176,110.82801675770898,7.0
2025-07-19 05:00:00,147610.0174713987,7072.680261789411,7.0
2025-07-19 06:00:00,482199.82548905467,23081.761985122233,7.0
2025-07-19 07:00:00,884870.280637853,42348.29093961019,7.0
2025-07-19 08:00:00,1292484.6049265394,61851.36865677222,7.0
2025-07-19 09:00:00,1531557.1522314453,73290.24651825098,7.0
2025-07-19 10:00:00,1659428.8341207707,79408.50880960625,7.0
2025-07-19 11:00:00,2101327.616393711,100551.9912150101,7.0
2025-07-19 12:00:00,2035009.5106922002,97378.87610967465,7.0
2025-07-19 13:00:00,2065477.343488875,98836.66715257776,7.0
2025-07-19 14:00:00,1614641.8328155342,77265.59008686765,7.0
2025-07-19 15:00:00,1313626.9213667351,62862.962744819866,7.0
2025-07-19 16:00:00,1050820.971987726,50288.51540611129,7.0
2025-07-19 17:00:00,642649.0580529174,30758.75875851279,7.0
2025-07-19 18:00:00,259804.55477789216,12440.839941525941,7.0
2025-07-19 19:00:00,108764.90465385241,5214.062423629302,7.0
2025-07-19 20:00:00,4335.819446236354,217.4554758964763,7.0
2025-07-19 21:00:00,0.0,10.0,3.2815
2025-07-19 22:00:00,0.0,10.0,3.2815
2025-07-19 23:00:00,0.0,10.0,3.2815
2025-07-20 00:00:00,0.0,10.0,3.2815
2025-07-20 01:00:00,0.0,10.0,3.2815
2025-07-20 02:00:00,0.0,10.0,3.2815
2025-07-20 03:00:00,0.0,10.0,3.2815
2025-07-20 04:00:00,1080.1851827823355,61.6835015685328,7.0
2025-07-20 05:00:00,84082.41051585176,4033.081842863721,7.0
2025-07-20 06:00:00,252339.4272758599,12083.656807457412,7.0
2025-07-20 07:00:00,458793.8611134895,21961.85938342055,7.0
2025-07-20 08:00:00,1013046.4630641004,48481.12263464595,7.0
2025-07-20 09:00:00,1563418.4091870114,74814.70857354123,7.0
2025-07-20 10:00:00,1849300.321214147,88493.26895761468,7.0
2025-07-20 11:00:00,1610454.5610808472,77065.24215697833,7.0
2025-07-20 12:00:00,1528737.9025137527,73155.35418726089,7.0
2025-07-20 13:00:00,1541126.688363947,73748.11906047593,7.0
2025-07-20 14:00:00,963775.5257038062,46123.66151692852,7.0
2025-07-20 15:00:00,273659.18999827676,13103.741148242907,7.0
2025-07-20 16:00:00,643330.1980880302,30791.349190814843,7.0
2025-07-20 17:00:00,822632.5217594497,39370.40773968659,7.0
2025-07-20 18:00:00,489268.6264651905,23419.982127521074,7.0
2025-07-20 19:00:00,130955.97755399627,6275.836246602692,7.0
2025-07-20 20:00:00,16536.14431468948,801.2030772578701,7.0
2025-07-20 21:00:00,0.0,10.0,3.2815
2025-07-20 22:00:00,0.0,10.0,3.2815
2025-07-20 23:00:00,0.0,10.0,3.2815
2025-07-21 00:00:00,0.0,10.0,3.2815
2025-07-21 01:00:00,0.0,10.0,3.2815
2025-07-21 02:00:00,0.0,10.0,3.2815
2025-07-21 03:00:00,0.0,10.0,3.2815
2025-07-21 04:00:00,939.1521023765755,54.935507290745235,7.0
2025-07-21 05:00:00,77919.77184770904,3738.2187486942125,7.0
2025-07-21 06:00:00,294014.62139782734,14077.685234345805,7.0
2025-07-21 07:00:00,513131.2978435291,24561.73673892484,7.0
2025-07-21 08:00:00,808127.7059072442,38676.397411829865,7.0
2025-07-21 09:00:00,1247552.58037436,59701.51102269666,7.0
2025-07-21 10:00:00,1510395.1686544777,72277.71141887453,7.0
2025-07-21 11:00:00,1750366.0090109862,83759.56980913809,7.0
2025-07-21 12:00:00,1755169.0253261991,83989.37920221048,7.0
2025-07-21 13:00:00,1776406.2375469916,85005.51375822927,7.0
2025-07-21 14:00:00,960583.4021984836,45970.92833485567,7.0
2025-07-21 15:00:00,1081782.1649019674,51769.91219626638,7.0
2025-07-21 16:00:00,730483.1005141073,34961.34452220609,7.0
2025-07-21 17:00:00,735024.3490569664,35178.629141481644,7.0
2025-07-21 18:00:00,478049.21152562194,22883.16801558,7.0
2025-07-21 19:00:00,149231.49268412284,7150.262807852767,7.0
2025-07-21 20:00:00,11153.04432799252,543.6384845929435,7.0
2025-07-21 21:00:00,0.0,10.0,3.2815
2025-07-21 22:00:00,0.0,10.0,3.2815
2025-07-21 23:00:00,0.0,10.0,3.2815
2025-07-22 00:00:00,0.0,10.0,3.2815
2025-07-22 01:00:00,0.0,10.0,3.2815
2025-07-22 02:00:00,0.0,10.0,3.2815
2025-07-22 03:00:00,0.0,10.0,3.2815
2025-07-22 04:00:00,577.5539225012493,37.634158971351646,7.0
2025-07-22 05:00:00,112500.84633742184,5392.81561423071,7.0
2025-07-22 06:00:00,413604.34037689195,19799.681357746027,7.0
2025-07-22 07:00:00,795166.6332057159,38056.250392617985,7.0
2025-07-22 08:00:00,1044840.6986471086,50002.37792569898,7.0
2025-07-22 09:00:00,1202493.5659710949,57545.57731919114,7.0
2025-07-22 10:00:00,1236370.4931201295,59166.482924408105,7.0
2025-07-22 11:00:00,1696071.7369018618,81161.75774650057,7.0
2025-07-22 12:00:00,1355450.8387743183,64864.10711838844,7.0
2025-07-22 13:00:00,1576518.1581856548,75441.49082228013,7.0
2025-07-22 14:00:00,1583256.2177921876,75763.88601876496,7.0
2025-07-22 15:00:00,1277234.0196365549,61121.67558069641,7.0
2025-07-22 16:00:00,1270229.8160942835,60786.54622460687,7.0
2025-07-22 17:00:00,758378.2888862398,36296.04253044209,7.0
2025-07-22 18:00:00,375135.8180835139,17959.082204952818,7.0
2025-07-22 19:00:00,142505.33772644048,6828.437211791411,7.0
2025-07-22 20:00:00,9675.609241041684,472.94781057615717,7.0
2025-07-22 21:00:00,0.0,10.0,3.2815
2025-07-22 22:00:00,0.0,10.0,3.2815
2025-07-22 23:00:00,0.0,10.0,3.2815
2025-07-23 00:00:00,0.0,10.0,3.2815
2025-07-23 01:00:00,0.0,10.0,3.2815
2025-07-23 02:00:00,0.0,10.0,3.2815
2025-07-23 03:00:00,0.0,10.0,3.2815
2025-07-23 04:00:00,310.2910289910611,24.846460717275654,4.897186317514709
2025-07-23 05:00:00,102098.95635788969,4895.117529085632,7.0
2025-07-23 06:00:00,346451.56505305786,16586.62990684487,7.0
2025-07-23 07:00:00,761228.703295682,36432.42599500871,7.0
2025-07-23 08:00:00,1167806.5174703358,55885.909926810324,7.0
2025-07-23 09:00:00,1556401.3162874752,74478.96250179307,7.0
2025-07-23 10:00:00,1728006.5430130123,82689.73890014412,7.0
2025-07-23 11:00:00,1710141.0549829432,81834.9308604279,7.0
2025-07-23 12:00:00,1643944.0694363867,78667.61097781755,7.0
2025-07-23 13:00:00,1593378.3125363092,76248.19677207222,7.0
2025-07-23 14:00:00,1230466.7794973233,58884.00858838867,7.0
2025-07-23 15:00:00,1465362.8448917158,70123.05477950793,7.0
2025-07-23 16:00:00,907460.2531783013,43429.15086977518,7.0
2025-07-23 17:00:00,769057.4318128362,36807.006306834264,7.0
2025-07-23 18:00:00,356537.6678399052,17069.218556933265,7.0
2025-07-23 19:00:00,170174.14996327425,8152.303825993983,7.0
2025-07-23 20:00:00,11102.00878213797,541.1965924467928,7.0
2025-07-23 21:00:00,0.0,10.0,3.2815
2025-07-23 22:00:00,0.0,10.0,3.2815
2025-07-23 23:00:00,0.0,10.0,3.2815
2025-07-24 00:00:00,0.0,10.0,3.2815
2025-07-24 01:00:00,0.0,10.0,3.2815
2025-07-24 02:00:00,0.0,10.0,3.2815
2025-07-24 03:00:00,0.0,10.0,3.2815
2025-07-24 04:00:00,160.8575126881766,17.69653170756826,3.9585461288048487
2025-07-24 05:00:00,98429.61614468315,4719.551011707328,7.0
2025-07-24 06:00:00,333021.2958390932,15944.033293736516,7.0
2025-07-24 07:00:00,539779.5736560243,25836.77385913992,7.0
2025-07-24 08:00:00,621543.1960050026,29748.908899760892,7.0
2025-07-24 09:00:00,1044473.3806378123,49984.80290133073,7.0
2025-07-24 10:00:00,1347901.3548614602,64502.88779241437,7.0
2025-07-24 11:00:00,1800194.4387703612,86143.7052043235,7.0
2025-07-24 12:00:00,2027333.0205448363,97011.57993037494,7.0
2025-07-24 13:00:00,1758135.83127681,84131.33164003876,7.0
2025-07-24 14:00:00,1776130.3616948314,84992.3139566905,7.0
2025-07-24 15:00:00,1413395.2085428843,67636.56500205188,7.0
2025-07-24 16:00:00,1036512.2149748221,49603.88588396279,7.0
2025-07-24 17:00:00,682134.6443289649,32648.021259759083,7.0
2025-07-24 18:00:00,382347.377222501,18304.132881459376,7.0
2025-07-24 19:00:00,126640.34554452615,6069.346676771586,7.0
2025-07-24 20:00:00,10421.772249445132,508.64938992560434,7.0
2025-07-24 21:00:00,0.0,10.0,3.2815
2025-07-24 22:00:00,0.0,10.0,3.2815
2025-07-24 23:00:00,0.0,10.0,3.2815
2025-07-25 00:00:00,0.0,10.0,3.2815
2025-07-25 01:00:00,0.0,10.0,3.2815
2025-07-25 02:00:00,0.0,10.0,3.2815
2025-07-25 03:00:00,0.0,10.0,3.2815
2025-07-25 04:00:00,0.0,10.0,3.2815
2025-07-25 05:00:00,111800.2189140641,5359.292771007851,7.0
2025-07-25 06:00:00,374664.10937543644,17936.51241030796,7.0
2025-07-25 07:00:00,516651.1360616357,24730.150050795964,7.0
2025-07-25 08:00:00,799052.8073969353,38242.19174148016,7.0
2025-07-25 09:00:00,991830.0475335704,47465.98313557753,7.0
2025-07-25 10:00:00,1664628.2698368418,79657.2856381264,7.0
2025-07-25 11:00:00,1661528.5653354865,79508.97441796587,7.0
2025-07-25 12:00:00,1886573.6595957607,90276.68227730913,7.0
2025-07-25 13:00:00,1966637.6098873478,94107.49329604534,7.0
2025-07-25 14:00:00,1696419.140712118,81178.37993837884,7.0
2025-07-25 15:00:00,1388162.178753058,66429.24300253866,7.0
2025-07-25 16:00:00,895952.7614114869,42878.553177583104,7.0
2025-07-25 17:00:00,437193.17789544334,20928.333870595376,7.0
2025-07-25 18:00:00,318224.57037901966,15236.055998996157,7.0
2025-07-25 19:00:00,115498.65853847508,5536.251604711726,7.0
2025-07-25 20:00:00,6676.1805526215785,329.4344762019894,7.0
2025-07-25 21:00:00,0.0,10.0,3.2815
2025-07-25 22:00:00,0.0,10.0,3.2815
2025-07-25 23:00:00,0.0,10.0,3.2815
2025-07-26 00:00:00,0.0,10.0,3.2815
2025-07-26 01:00:00,0.0,10.0,3.2815
2025-07-26 02:00:00,0.0,10.0,3.2815
2025-07-26 03:00:00,0.0,10.0,3.2815
2025-07-26 04:00:00,0.0,10.0,3.2815
2025-07-26 05:00:00,105330.98940879556,5049.760258794046,7.0
2025-07-26 06:00:00,416588.9877221069,19942.487450818513,7.0
2025-07-26 07:00:00,762726.6416687341,36504.09768749924,7.0
2025-07-26 08:00:00,1070778.223632809,51243.407829321004,7.0
2025-07-26 09:00:00,1444274.7087978874,69114.0530525305,7.0
2025-07-26 10:00:00,1701455.4087355542,81419.34970026575,7.0
2025-07-26 11:00:00,1743673.5929350965,83439.35851364098,7.0
2025-07-26 12:00:00,1709292.0778068881,81794.3099429133,7.0
2025-07-26 13:00:00,1718349.1121633705,82227.66086906078,7.0
2025-07-26 14:00:00,1620058.807494866,77524.77547822325,7.0
2025-07-26 15:00:00,1266540.6806519972,60610.03256708121,7.0
2025-07-26 16:00:00,1028484.4303139478,49219.78135473435,7.0
2025-07-26 17:00:00,558357.6405353444,26725.676580638486,7.0
2025-07-26 18:00:00,423380.7990782496,20267.454501351658,7.0
2025-07-26 19:00:00,128435.4654610956,6155.237581870603,7.0
2025-07-26 20:00:00,6616.6075740374645,326.5840944515533,7.0
2025-07-26 21:00:00,0.0,10.0,3.2815
2025-07-26 22:00:00,0.0,10.0,3.2815
2025-07-26 23:00:00,0.0,10.0,3.2815
2025-07-27 00:00:00,0.0,10.0,3.2815
2025-07-27 01:00:00,0.0,10.0,3.2815
2025-07-27 02:00:00,0.0,10.0,3.2815
2025-07-27 03:00:00,0.0,10.0,3.2815
2025-07-27 04:00:00,0.0,10.0,3.2815
2025-07-27 05:00:00,32410.365646424274,1560.735198393506,7.0
2025-07-27 06:00:00,111212.72788850364,5331.183152559983,7.0
2025-07-27 07:00:00,577149.4275081409,27624.80514393019,7.0
2025-07-27 08:00:00,693506.647231807,33192.13623118694,7.0
2025-07-27 09:00:00,1010910.253105593,48378.91163184656,7.0
2025-07-27 10:00:00,1072515.7921985297,51326.54508126936,7.0
2025-07-27 11:00:00,1525812.705301838,73015.39259817406,7.0
2025-07-27 12:00:00,1686625.5137822558,80709.7853484333,7.0
2025-07-27 13:00:00,1722457.702516337,82424.24413953765,7.0
2025-07-27 14:00:00,1593111.523483986,76235.43174564527,7.0
2025-07-27 15:00:00,1022378.5137576523,48927.63223720824,7.0
2025-07-27 16:00:00,696052.4911319469,33313.94694411229,7.0
2025-07-27 17:00:00,427785.6766392917,20478.214193267544,7.0
2025-07-27 18:00:00,206029.91293596063,9867.890571098595,7.0
2025-07-27 19:00:00,78427.64826274005,3762.5190556334956,7.0
2025-07-27 20:00:00,3702.8837548736988,187.17147152505734,7.0
2025-07-27 21:00:00,0.0,10.0,3.2815
2025-07-27 22:00:00,0.0,10.0,3.2815
2025-07-27 23:00:00,0.0,10.0,3.2815
2025-07-28 00:00:00,0.0,10.0,3.2815
2025-07-28 01:00:00,0.0,10.0,3.2815
2025-07-28 02:00:00,0.0,10.0,3.2815
2025-07-28 03:00:00,0.0,10.0,3.2815
2025-07-28 04:00:00,0.0,10.0,3.2815
2025-07-28 05:00:00,55932.847730299334,2686.212810062169,7.0
2025-07-28 06:00:00,298904.4053308954,14311.646188081118,7.0
2025-07-28 07:00:00,565252.3141879069,27055.565272148655,7.0
2025-07-28 08:00:00,987128.099627455,47241.009551552874,7.0
2025-07-28 09:00:00,1099315.4462416067,52608.82517902424,7.0
2025-07-28 10:00:00,1553378.3423149907,74334.32259880338,7.0
2025-07-28 11:00:00,1472115.061649128,70446.12735163292,7.0
2025-07-28 12:00:00,1738549.9421621235,83194.20775895327,7.0
2025-07-28 13:00:00,1403928.5132666363,67183.61307495867,7.0
2025-07-28 14:00:00,1531622.5473234418,73293.37547002114,7.0
2025-07-28 15:00:00,1510435.7901154652,72279.6550294481,7.0
2025-07-28 16:00:00,802555.8096957918,38409.79950697569,7.0
2025-07-28 17:00:00,458401.5194467905,21943.08705487036,7.0
2025-07-28 18:00:00,276091.073240235,13220.099198097367,7.0
2025-07-28 19:00:00,116458.39788986478,5582.17214784042,7.0
2025-07-28 20:00:00,6356.665893645787,314.14669347587494,7.0
2025-07-28 21:00:00,0.0,10.0,3.2815
2025-07-28 22:00:00,0.0,10.0,3.2815
2025-07-28 23:00:00,0.0,10.0,3.2815
2025-07-29 00:00:00,0.0,10.0,3.2815
2025-07-29 01:00:00,0.0,10.0,3.2815
2025-07-29 02:00:00,0.0,10.0,3.2815
2025-07-29 03:00:00,0.0,10.0,3.2815
2025-07-29 04:00:00,0.0,10.0,3.2815
2025-07-29 05:00:00,85366.09527974034,4094.5021664947535,7.0
2025-07-29 06:00:00,376528.0839635297,18025.697797298068,7.0
2025-07-29 07:00:00,461599.53721673257,22096.102259173807,7.0
2025-07-29 08:00:00,905876.4474585248,43353.37069179545,7.0
2025-07-29 09:00:00,1218274.4744003634,58300.64470815136,7.0
2025-07-29 10:00:00,1437383.966890154,68784.35248278249,7.0
2025-07-29 11:00:00,1212139.4659839731,58007.103635596795,7.0
2025-07-29 12:00:00,1297272.2446819933,62080.44232928197,7.0
2025-07-29 13:00:00,1603316.7517212846,76723.7201780519,7.0
2025-07-29 14:00:00,1254826.1924971477,60049.53074149032,7.0
2025-07-29 15:00:00,961548.8159747995,46017.12038156935,7.0
2025-07-29 16:00:00,800456.1495418604,38309.33729865361,7.0
2025-07-29 17:00:00,577058.4697941463,27620.45310019839,7.0
2025-07-29 18:00:00,330393.6072473685,15818.306566859737,7.0
2025-07-29 19:00:00,72393.76503929996,3473.816509057415,7.0
2025-07-29 20:00:00,2133.743949410377,112.09301193351087,7.0
2025-07-29 21:00:00,0.0,10.0,3.2815
2025-07-29 22:00:00,0.0,10.0,3.2815
2025-07-29 23:00:00,0.0,10.0,3.2815
2025-07-30 00:00:00,0.0,10.0,3.2815
2025-07-30 01:00:00,0.0,10.0,3.2815
2025-07-30 02:00:00,0.0,10.0,3.2815
2025-07-30 03:00:00,0.0,10.0,3.2815
2025-07-30 04:00:00,0.0,10.0,3.2815
2025-07-30 05:00:00,60677.601972819124,2913.234544154025,7.0
2025-07-30 06:00:00,351175.68401181535,16812.664306785424,7.0
2025-07-30 07:00:00,643851.5130682194,30816.292491302363,7.0
2025-07-30 08:00:00,941662.7933321149,45065.6360445988,7.0
2025-07-30 09:00:00,1178328.5278479664,56389.35539942423,7.0
2025-07-30 10:00:00,1556813.5427786873,74498.68625735346,7.0
2025-07-30 11:00:00,1691198.0076550108,80928.56495956989,7.0
2025-07-30 12:00:00,1501274.6905131873,71841.3249049372,7.0
2025-07-30 13:00:00,1292631.7780366368,61858.41043237497,7.0
2025-07-30 14:00:00,1530742.489269616,73251.26742916823,7.0
2025-07-30 15:00:00,1421601.1176187804,68029.19223056365,7.0
2025-07-30 16:00:00,1037633.6694437088,49657.543992521954,7.0
2025-07-30 17:00:00,733147.1394248278,35088.81049879559,7.0
2025-07-30 18:00:00,490029.17118756636,23456.371827156283,7.0
2025-07-30 19:00:00,168604.98065507348,8077.223954788205,7.0
2025-07-30 20:00:00,5715.212759683258,283.4551559657061,7.0
2025-07-30 21:00:00,0.0,10.0,3.2815
2025-07-30 22:00:00,0.0,10.0,3.2815
2025-07-30 23:00:00,0.0,10.0,3.2815
2025-07-31 00:00:00,0.0,10.0,3.2815
2025-07-31 01:00:00,0.0,10.0,3.2815
2025-07-31 02:00:00,0.0,10.0,3.2815
2025-07-31 03:00:00,0.0,10.0,3.2815
2025-07-31 04:00:00,0.0,10.0,3.2815
2025-07-31 05:00:00,16920.262111035983,819.5819191883246,7.0
2025-07-31 06:00:00,63053.299323742875,3026.904273863295,7.0
2025-07-31 07:00:00,107931.57779925308,5174.190325323114,7.0
2025-07-31 08:00:00,467693.96546069393,22387.701696683922,7.0
2025-07-31 09:00:00,771603.7143891498,36928.83800905023,7.0
2025-07-31 10:00:00,1069828.9544667841,51197.988251999246,7.0
2025-07-31 11:00:00,1364405.6700759903,65292.56794621963,7.0
2025-07-31 12:00:00,1441272.9298156116,68970.42726390486,7.0
2025-07-31 13:00:00,1527531.213121775,73097.61785271652,7.0
2025-07-31 14:00:00,1063200.7627351745,50880.849891635145,7.0
2025-07-31 15:00:00,551574.8899153348,26401.143058149984,7.0
2025-07-31 16:00:00,575895.3329796587,27564.800621036302,7.0
2025-07-31 17:00:00,218719.22290476525,10475.03458874475,7.0
2025-07-31 18:00:00,215763.9393040767,10333.633459525201,7.0
2025-07-31 19:00:00,26789.044063930174,1291.7724432502475,7.0
2025-07-31 20:00:00,471.25937628020523,32.548295515799296,6.577117568241365
2025-07-31 21:00:00,0.0,10.0,3.2815
2025-07-31 22:00:00,0.0,10.0,3.2815
2025-07-31 23:00:00,0.0,10.0,3.2815
2025-08-01 00:00:00,0.0,10.0,3.2815
2025-08-01 01:00:00,0.0,10.0,3.2815
2025-08-01 02:00:00,0.0,10.0,3.2815
2025-08-01 03:00:00,0.0,10.0,3.2815
2025-08-01 04:00:00,0.0,10.0,3.2815
2025-08-01 05:00:00,38024.21691956924,1829.3405224674277,7.0
2025-08-01 06:00:00,159572.02290387213,7645.025019324025,7.0
2025-08-01 07:00:00,455197.72132793587,21789.795278848607,7.0
2025-08-01 08:00:00,875310.446702129,41890.882617326744,7.0
2025-08-01 09:00:00,1263079.2624059836,60444.414469185824,7.0
2025-08-01 10:00:00,1587849.8640351458,75983.6777050309,7.0
2025-08-01 11:00:00,1767572.4693422946,84582.8454230763,7.0
2025-08-01 12:00:00,1514669.3879861594,72482.21952086886,7.0
2025-08-01 13:00:00,1705359.490160116,81606.147854551,7.0
2025-08-01 14:00:00,1273861.6247400756,60960.31697320936,7.0
2025-08-01 15:00:00,1165946.8599955947,55796.93110026769,7.0
2025-08-01 16:00:00,1044302.118656728,49976.6085481688,7.0
2025-08-01 17:00:00,756522.2981585728,36207.23914634319,7.0
2025-08-01 18:00:00,424595.0417111962,20325.552234985462,7.0
2025-08-01 19:00:00,152114.69087044225,7288.214874183839,7.0
2025-08-01 20:00:00,2254.1118055847455,117.85223950166247,7.0
2025-08-01 21:00:00,0.0,10.0,3.2815
2025-08-01 22:00:00,0.0,10.0,3.2815
2025-08-01 23:00:00,0.0,10.0,3.2815
2025-08-02 00:00:00,0.0,10.0,3.2815
2025-08-02 01:00:00,0.0,10.0,3.2815
2025-08-02 02:00:00,0.0,10.0,3.2815
2025-08-02 03:00:00,0.0,10.0,3.2815
2025-08-02 04:00:00,0.0,10.0,3.2815
2025-08-02 05:00:00,60679.44696152103,2913.322821125408,7.0
2025-08-02 06:00:00,209875.19818481148,10051.875511234999,7.0
2025-08-02 07:00:00,307484.42601650173,14722.173493612523,7.0
2025-08-02 08:00:00,448188.5421861304,21454.42785579571,7.0
2025-08-02 09:00:00,428223.7149399091,20499.172963632016,7.0
2025-08-02 10:00:00,689150.8463821616,32983.72470728046,7.0
2025-08-02 11:00:00,646859.2183860748,30960.201836654294,7.0
2025-08-02 12:00:00,873253.6523206331,41792.4714029011,7.0
2025-08-02 13:00:00,850249.0669538756,40691.77353846294,7.0
2025-08-02 14:00:00,1284575.0412148035,61472.92063228725,7.0
2025-08-02 15:00:00,780767.61436292,37367.302122627756,7.0
2025-08-02 16:00:00,794705.2254642046,38034.17346718682,7.0
2025-08-02 17:00:00,393275.41138994804,18827.00532966259,7.0
2025-08-02 18:00:00,318120.5240165453,15231.077704140926,7.0
2025-08-02 19:00:00,110029.1869434373,5274.554399207526,7.0
2025-08-02 20:00:00,1763.2309782709733,94.36511857755853,7.0
2025-08-02 21:00:00,0.0,10.0,3.2815
2025-08-02 22:00:00,0.0,10.0,3.2815
2025-08-02 23:00:00,0.0,10.0,3.2815
2025-08-03 00:00:00,0.0,10.0,3.2815
2025-08-03 01:00:00,0.0,10.0,3.2815
2025-08-03 02:00:00,0.0,10.0,3.2815
2025-08-03 03:00:00,0.0,10.0,3.2815
2025-08-03 04:00:00,0.0,10.0,3.2815
2025-08-03 05:00:00,29400.097378216447,1416.7032238381075,7.0
2025-08-03 06:00:00,117364.8221810987,5625.541731153048,7.0
2025-08-03 07:00:00,460732.35777556786,22054.61041988363,7.0
2025-08-03 08:00:00,938236.1909655421,44901.6837782556,7.0
2025-08-03 09:00:00,1420035.418889871,67954.27841578331,7.0
2025-08-03 10:00:00,1845601.9500440313,88316.31339923594,7.0
2025-08-03 11:00:00,1961515.55392567,93862.41884811818,7.0
2025-08-03 12:00:00,1094685.3827209924,52387.29103928193,7.0
2025-08-03 13:00:00,1302104.0387873144,62311.62865011074,7.0
2025-08-03 14:00:00,910671.9726277143,43582.82165682843,7.0
2025-08-03 15:00:00,907100.4776547526,43411.93672989247,7.0
2025-08-03 16:00:00,555469.5084627052,26587.488443191633,7.0
2025-08-03 17:00:00,390916.16690205975,18714.12281828037,7.0
2025-08-03 18:00:00,284046.8588694458,13600.758797581138,7.0
2025-08-03 19:00:00,88929.77912203353,4265.013355121222,7.0
2025-08-03 20:00:00,1162.982843489999,65.64511212870809,7.0
2025-08-03 21:00:00,0.0,10.0,3.2815
2025-08-03 22:00:00,0.0,10.0,3.2815
2025-08-03 23:00:00,0.0,10.0,3.2815
2025-08-04 00:00:00,0.0,10.0,3.2815
2025-08-04 01:00:00,0.0,10.0,3.2815
2025-08-04 02:00:00,0.0,10.0,3.2815
2025-08-04 03:00:00,0.0,10.0,3.2815
2025-08-04 04:00:00,0.0,10.0,3.2815
2025-08-04 05:00:00,14371.939117064121,697.6525893332115,7.0
2025-08-04 06:00:00,73624.81655929783,3532.718495660183,7.0
2025-08-04 07:00:00,262500.16573013575,12569.81654211176,7.0
2025-08-04 08:00:00,850005.2721495132,40680.108715287715,7.0
2025-08-04 09:00:00,1209977.5351522716,57903.66196900821,7.0
2025-08-04 10:00:00,994424.6953495903,47590.12896409523,7.0
2025-08-04 11:00:00,1256451.0785720607,60127.27648670146,7.0
2025-08-04 12:00:00,1624407.5260876731,77732.84813816618,7.0
2025-08-04 13:00:00,1861268.0957213936,89065.8897474351,7.0
2025-08-04 14:00:00,1684739.4259757174,80619.54191271374,7.0
2025-08-04 15:00:00,1453700.2997481495,69565.0382654617,7.0
2025-08-04 16:00:00,994132.5612701015,47576.15125694265,7.0
2025-08-04 17:00:00,412892.4814423605,19765.621121644042,7.0
2025-08-04 18:00:00,167780.82964353316,8037.79089203508,7.0
2025-08-04 19:00:00,75954.35214404462,3644.1795284231875,7.0
2025-08-04 20:00:00,632.0903715501261,40.243558447374454,7.0
2025-08-04 21:00:00,0.0,10.0,3.2815
2025-08-04 22:00:00,0.0,10.0,3.2815
2025-08-04 23:00:00,0.0,10.0,3.2815
2025-08-05 00:00:00,0.0,10.0,3.2815
2025-08-05 01:00:00,0.0,10.0,3.2815
2025-08-05 02:00:00,0.0,10.0,3.2815
2025-08-05 03:00:00,0.0,10.0,3.2815
2025-08-05 04:00:00,0.0,10.0,3.2815
2025-08-05 05:00:00,6146.269205190958,304.07986627707936,7.0
2025-08-05 06:00:00,36495.02450433314,1756.1734212599588,7.0
2025-08-05 07:00:00,114694.93851972031,5497.796101422024,7.0
2025-08-05 08:00:00,224288.85020921676,10741.523933455348,7.0
2025-08-05 09:00:00,425730.3475056958,20379.87308639693,7.0
2025-08-05 10:00:00,1155674.77216831,55305.443644416744,7.0
2025-08-05 11:00:00,1881345.194135376,90026.51646580746,7.0
2025-08-05 12:00:00,2108104.4668595525,100876.24243347142,7.0
2025-08-05 13:00:00,2138252.9697877294,102318.75453529807,7.0
2025-08-05 14:00:00,1875339.2078551494,89739.14870120333,7.0
2025-08-05 15:00:00,1453928.5588938363,69575.95975568595,7.0
2025-08-05 16:00:00,1046979.9505005692,50104.73447371145,7.0
2025-08-05 17:00:00,698118.6255345462,33412.805049499824,7.0
2025-08-05 18:00:00,385844.3323784182,18471.451309972163,7.0
2025-08-05 19:00:00,124886.13402954002,5985.413111461245,7.0
2025-08-05 20:00:00,805.8569998910285,48.5577511909583,7.0
2025-08-05 21:00:00,0.0,10.0,3.2815
2025-08-05 22:00:00,0.0,10.0,3.2815
2025-08-05 23:00:00,0.0,10.0,3.2815
2025-08-06 00:00:00,0.0,10.0,3.2815
2025-08-06 01:00:00,0.0,10.0,3.2815
2025-08-06 02:00:00,0.0,10.0,3.2815
2025-08-06 03:00:00,0.0,10.0,3.2815
2025-08-06 04:00:00,0.0,10.0,3.2815
2025-08-06 05:00:00,62812.689406022786,3015.391837608746,7.0
2025-08-06 06:00:00,379701.82789120934,18177.551573742076,7.0
2025-08-06 07:00:00,735071.7278388981,35180.8960688468,7.0
2025-08-06 08:00:00,1280769.4099574538,61290.83301231836,7.0
2025-08-06 09:00:00,1649208.311839133,78919.48860474321,7.0
2025-08-06 10:00:00,1964615.5707722325,94010.74501302547,7.0
2025-08-06 11:00:00,1822010.0447100669,87187.51410096014,7.0
2025-08-06 12:00:00,1594207.1639651256,76287.85473517347,7.0
2025-08-06 13:00:00,1322473.0745622288,63286.22366326453,7.0
2025-08-06 14:00:00,1600932.6780637272,76609.64966812091,7.0
2025-08-06 15:00:00,1515579.8133432902,72525.78054274117,7.0
2025-08-06 16:00:00,1354061.5400611304,64797.63349574787,7.0
2025-08-06 17:00:00,848025.3055038883,40585.37346908556,7.0
2025-08-06 18:00:00,455685.34808344644,21813.126702557245,7.0
2025-08-06 19:00:00,139657.13856134858,6692.159739777444,7.0
2025-08-06 20:00:00,371.67439572225373,27.78346391015568,5.425653709661498
2025-08-06 21:00:00,0.0,10.0,3.2815
2025-08-06 22:00:00,0.0,10.0,3.2815
2025-08-06 23:00:00,0.0,10.0,3.2815
2025-08-07 00:00:00,0.0,10.0,3.2815
2025-08-07 01:00:00,0.0,10.0,3.2815
2025-08-07 02:00:00,0.0,10.0,3.2815
2025-08-07 03:00:00,0.0,10.0,3.2815
2025-08-07 04:00:00,0.0,10.0,3.2815
2025-08-07 05:00:00,48023.504695625576,2307.775344288305,7.0
2025-08-07 06:00:00,275654.9168339383,13199.230470523364,7.0
2025-08-07 07:00:00,737424.7042260884,35293.478671104705,7.0
2025-08-07 08:00:00,1234137.2790048972,59059.63057439699,7.0
2025-08-07 09:00:00,1655289.8989688056,79210.47363487107,7.0
2025-08-07 10:00:00,2035776.095595001,97415.55481315794,7.0
2025-08-07 11:00:00,2247788.94321631,107559.71020173733,7.0
2025-08-07 12:00:00,2327701.3571735355,111383.27067815959,7.0
2025-08-07 13:00:00,2289181.8324140836,109540.23121598485,7.0
2025-08-07 14:00:00,2083767.0406206832,99711.7722785016,7.0
2025-08-07 15:00:00,1501339.6467252846,71844.43285766912,7.0
2025-08-07 16:00:00,841934.6663902758,40293.95532967827,7.0
2025-08-07 17:00:00,645727.8231866438,30906.068095054725,7.0
2025-08-07 18:00:00,361914.7087167027,17326.493240033622,7.0
2025-08-07 19:00:00,51666.83709806246,2482.0974688068163,7.0
2025-08-07 20:00:00,0.0,10.0,3.2815
2025-08-07 21:00:00,0.0,10.0,3.2815
2025-08-07 22:00:00,0.0,10.0,3.2815
2025-08-07 23:00:00,0.0,10.0,3.2815
2025-08-08 00:00:00,0.0,10.0,3.2815
2025-08-08 01:00:00,0.0,10.0,3.2815
2025-08-08 02:00:00,0.0,10.0,3.2815
2025-08-08 03:00:00,0.0,10.0,3.2815
2025-08-08 04:00:00,0.0,10.0,3.2815
2025-08-08 05:00:00,32730.086046042477,1576.0328251694964,7.0
2025-08-08 06:00:00,218727.68688629803,10475.439563937705,7.0
2025-08-08 07:00:00,602386.8224258807,28832.33600123831,7.0
2025-08-08 08:00:00,783153.1706908117,37481.44357372305,7.0
2025-08-08 09:00:00,1060986.7265876953,50774.91514773662,7.0
2025-08-08 10:00:00,1613226.1782740192,77197.85541980954,7.0
2025-08-08 11:00:00,1646915.3393282478,78809.77700135157,7.0
2025-08-08 12:00:00,1807598.7316011894,86497.97758857366,7.0
2025-08-08 13:00:00,1617128.5586597444,77384.57218467677,7.0
2025-08-08 14:00:00,1603035.5112184347,76710.26369466195,7.0
2025-08-08 15:00:00,1481466.3577939726,70893.55778918529,7.0
2025-08-08 16:00:00,949214.0981768707,45426.94249650099,7.0
2025-08-08 17:00:00,674937.5731854696,32303.663788778453,7.0
2025-08-08 18:00:00,351773.90138016845,16841.28714737648,7.0
2025-08-08 19:00:00,71358.62460682869,3424.288258699937,7.0
2025-08-08 20:00:00,0.0,10.0,3.2815
2025-08-08 21:00:00,0.0,10.0,3.2815
2025-08-08 22:00:00,0.0,10.0,3.2815
2025-08-08 23:00:00,0.0,10.0,3.2815
2025-08-09 00:00:00,0.0,10.0,3.2815
2025-08-09 01:00:00,0.0,10.0,3.2815
2025-08-09 02:00:00,0.0,10.0,3.2815
2025-08-09 03:00:00,0.0,10.0,3.2815
2025-08-09 04:00:00,0.0,10.0,3.2815
2025-08-09 05:00:00,36677.348853818265,1764.8970743453717,7.0
2025-08-09 06:00:00,216538.96286549894,10370.715926578896,7.0
2025-08-09 07:00:00,452008.3156563901,21637.192136669382,7.0
2025-08-09 08:00:00,651220.6986204276,31168.885101455868,7.0
2025-08-09 09:00:00,1223294.4985662284,58540.83725197265,7.0
2025-08-09 10:00:00,1865988.2353806703,89291.7337502713,7.0
2025-08-09 11:00:00,2200361.065744167,105290.4337676635,7.0
2025-08-09 12:00:00,2258945.946867738,108093.53812764295,7.0
2025-08-09 13:00:00,2091894.4948074284,100100.64568456596,7.0
2025-08-09 14:00:00,1927088.0341434851,92215.1690977744,7.0
2025-08-09 15:00:00,1623186.6735153806,77674.4341394919,7.0
2025-08-09 16:00:00,1365656.8979583958,65352.43530901415,7.0
2025-08-09 17:00:00,934911.4906073502,44742.607206093315,7.0
2025-08-09 18:00:00,481382.27943632344,23042.644949106387,7.0
2025-08-09 19:00:00,120112.35222223998,5757.002498671769,7.0
2025-08-09 20:00:00,0.0,10.0,3.2815
2025-08-09 21:00:00,0.0,10.0,3.2815
2025-08-09 22:00:00,0.0,10.0,3.2815
2025-08-09 23:00:00,0.0,10.0,3.2815
2025-08-10 00:00:00,0.0,10.0,3.2815
2025-08-10 01:00:00,0.0,10.0,3.2815
2025-08-10 02:00:00,0.0,10.0,3.2815
2025-08-10 03:00:00,0.0,10.0,3.2815
2025-08-10 04:00:00,0.0,10.0,3.2815
2025-08-10 05:00:00,47174.668912267574,2267.161191974525,7.0
2025-08-10 06:00:00,352106.5244518325,16857.20212688194,7.0
2025-08-10 07:00:00,786472.7191543238,37640.273643747554,7.0
2025-08-10 08:00:00,1245810.5241899965,59618.15905215294,7.0
2025-08-10 09:00:00,1665379.7474936158,79693.24150687158,7.0
2025-08-10 10:00:00,2001988.0564874106,95798.90222427802,7.0
2025-08-10 11:00:00,2221737.7614879343,106313.24217645617,7.0
2025-08-10 12:00:00,2301614.083474232,110135.07576431731,7.0
2025-08-10 13:00:00,2243298.1438287804,107344.83941764498,7.0
2025-08-10 14:00:00,2008475.7782988602,96109.31953583063,7.0
2025-08-10 15:00:00,1736592.4415207405,83100.54744118375,7.0
2025-08-10 16:00:00,1350045.2732947138,64605.46762175664,7.0
2025-08-10 17:00:00,915507.3587686834,43814.179845391554,7.0
2025-08-10 18:00:00,476060.7457953463,22788.026114609867,7.0
2025-08-10 19:00:00,111917.82696396769,5364.9199504290755,7.0
2025-08-10 20:00:00,0.0,10.0,3.2815
2025-08-10 21:00:00,0.0,10.0,3.2815
2025-08-10 22:00:00,0.0,10.0,3.2815
2025-08-10 23:00:00,0.0,10.0,3.2815
2025-08-11 00:00:00,0.0,10.0,3.2815
2025-08-11 01:00:00,0.0,10.0,3.2815
2025-08-11 02:00:00,0.0,10.0,3.2815
2025-08-11 03:00:00,0.0,10.0,3.2815
2025-08-11 04:00:00,0.0,10.0,3.2815
2025-08-11 05:00:00,43298.99177432145,2081.722094465141,7.0
2025-08-11 06:00:00,345312.1300868543,16532.111487409296,7.0
2025-08-11 07:00:00,783947.7237561595,37519.460466801895,7.0
2025-08-11 08:00:00,1246091.751681818,59631.614913005644,7.0
2025-08-11 09:00:00,1667760.199241449,79807.13871968655,7.0
2025-08-11 10:00:00,2005401.0055732005,95962.20122359811,7.0
2025-08-11 11:00:00,2228952.744936071,106658.45669550578,7.0
2025-08-11 12:00:00,2320332.4100210564,111030.68947469171,7.0
2025-08-11 13:00:00,2272653.29558549,108749.39213327703,7.0
2025-08-11 14:00:00,2089317.0323449695,99977.32212176887,7.0
2025-08-11 15:00:00,1786041.5098717911,85466.53157281298,7.0
2025-08-11 16:00:00,1387868.6755476461,66415.1997869687,7.0
2025-08-11 17:00:00,932320.4518394943,44618.63405930594,7.0
2025-08-11 18:00:00,474259.3475011527,22701.834808667594,7.0
2025-08-11 19:00:00,106206.07236555404,5091.630256725073,7.0
2025-08-11 20:00:00,0.0,10.0,3.2815
2025-08-11 21:00:00,0.0,10.0,3.2815
2025-08-11 22:00:00,0.0,10.0,3.2815
2025-08-11 23:00:00,0.0,10.0,3.2815
2025-08-12 00:00:00,0.0,10.0,3.2815
2025-08-12 01:00:00,0.0,10.0,3.2815
2025-08-12 02:00:00,0.0,10.0,3.2815
2025-08-12 03:00:00,0.0,10.0,3.2815
2025-08-12 04:00:00,0.0,10.0,3.2815
2025-08-12 05:00:00,39788.60556235369,1913.7610316915639,7.0
2025-08-12 06:00:00,334525.74719139666,16016.016612028548,7.0
2025-08-12 07:00:00,756434.2676163202,36203.027158675606,7.0
2025-08-12 08:00:00,1178769.7437467778,56410.4662079798,7.0
2025-08-12 09:00:00,1599761.3298808048,76553.60430051698,7.0
2025-08-12 10:00:00,1972651.7634213448,94395.25183834185,7.0
2025-08-12 11:00:00,2193968.970704568,104984.59189974009,7.0
2025-08-12 12:00:00,2274891.154816963,108856.46673765373,7.0
2025-08-12 13:00:00,2222496.2271148292,106349.53239783872,7.0
2025-08-12 14:00:00,2038772.0051172844,97558.89976637725,7.0
2025-08-12 15:00:00,1737391.1660430685,83138.76392550567,7.0
2025-08-12 16:00:00,1344154.368531527,64323.60614983383,7.0
2025-08-12 17:00:00,895728.7223368124,42867.83360463217,7.0
2025-08-12 18:00:00,447925.61893979117,21441.847796162256,7.0
2025-08-12 19:00:00,89766.96310385822,4305.070004969292,7.0
2025-08-12 20:00:00,0.0,10.0,3.2815
2025-08-12 21:00:00,0.0,10.0,3.2815
2025-08-12 22:00:00,0.0,10.0,3.2815
2025-08-12 23:00:00,0.0,10.0,3.2815
2025-08-13 00:00:00,0.0,10.0,3.2815
2025-08-13 01:00:00,0.0,10.0,3.2815
2025-08-13 02:00:00,0.0,10.0,3.2815
2025-08-13 03:00:00,0.0,10.0,3.2815
2025-08-13 04:00:00,0.0,10.0,3.2815
2025-08-13 05:00:00,34900.66600383718,1679.8883255424487,7.0
2025-08-13 06:00:00,316687.9176566462,15162.531945294078,7.0
2025-08-13 07:00:00,745535.7989307676,35681.569326830984,7.0
2025-08-13 08:00:00,1199276.1544596518,57391.63418467233,7.0
2025-08-13 09:00:00,1534638.7346181371,73437.69065158551,7.0
2025-08-13 10:00:00,1849643.8313511284,88509.70484933628,7.0
2025-08-13 11:00:00,2021018.0720260653,96709.4292835438,7.0
2025-08-13 12:00:00,2150015.203393717,102881.54083223526,7.0
2025-08-13 13:00:00,2146575.2896228745,102716.95165659685,7.0
2025-08-13 14:00:00,2006461.424335488,96012.93896342047,7.0
2025-08-13 15:00:00,1715843.4313471073,82107.77183478982,7.0
2025-08-13 16:00:00,1315745.9499470247,62964.35167210644,7.0
2025-08-13 17:00:00,875227.0677084434,41886.89319179155,7.0
2025-08-13 18:00:00,434125.3783019741,20781.54920105139,7.0
2025-08-13 19:00:00,68574.8450742405,3291.0930657531335,7.0
2025-08-13 20:00:00,0.0,10.0,3.2815
2025-08-13 21:00:00,0.0,10.0,3.2815
2025-08-13 22:00:00,0.0,10.0,3.2815
2025-08-13 23:00:00,0.0,10.0,3.2815
2025-08-14 00:00:00,0.0,10.0,3.2815
2025-08-14 01:00:00,0.0,10.0,3.2815
2025-08-14 02:00:00,0.0,10.0,3.2815
2025-08-14 03:00:00,0.0,10.0,3.2815
2025-08-14 04:00:00,0.0,10.0,3.2815
2025-08-14 05:00:00,29369.057596408486,1415.2180668138033,7.0
2025-08-14 06:00:00,271913.2026172468,13020.201082164916,7.0
2025-08-14 07:00:00,660106.4649893334,31594.041387049445,7.0
2025-08-14 08:00:00,905127.7508542661,43317.54788776393,7.0
2025-08-14 09:00:00,1017140.238629969,48676.99706363488,7.0
2025-08-14 10:00:00,1270116.4947721194,60781.12415177606,7.0
2025-08-14 11:00:00,1613951.0947316715,77232.54041778333,7.0
2025-08-14 12:00:00,1835581.9785330598,87836.88892502678,7.0
2025-08-14 13:00:00,1935201.34055368,92603.3655767311,7.0
2025-08-14 14:00:00,1895632.9592319413,90710.14159004504,7.0
2025-08-14 15:00:00,1461931.457238671,69958.87355208951,7.0
2025-08-14 16:00:00,1186056.968764486,56759.137261458665,7.0
2025-08-14 17:00:00,709328.0315005837,33949.14026318583,7.0
2025-08-14 18:00:00,324677.2656998888,15544.797401908556,7.0
2025-08-14 19:00:00,76716.77487861364,3680.659085101131,7.0
2025-08-14 20:00:00,0.0,10.0,3.2815
2025-08-14 21:00:00,0.0,10.0,3.2815
2025-08-14 22:00:00,0.0,10.0,3.2815
2025-08-14 23:00:00,0.0,10.0,3.2815
2025-08-15 00:00:00,0.0,10.0,3.2815
2025-08-15 01:00:00,0.0,10.0,3.2815
2025-08-15 02:00:00,0.0,10.0,3.2815
2025-08-15 03:00:00,0.0,10.0,3.2815
2025-08-15 04:00:00,0.0,10.0,3.2815
2025-08-15 05:00:00,27713.198352688105,1335.9903518032586,7.0
2025-08-15 06:00:00,286433.5437621901,13714.954246994741,7.0
2025-08-15 07:00:00,652577.8613390556,31233.821116701223,7.0
2025-08-15 08:00:00,1123188.2004163493,53751.06222087796,7.0
2025-08-15 09:00:00,1583965.0116660425,75797.79960124605,7.0
2025-08-15 10:00:00,1924726.6703171597,92102.18518263922,7.0
2025-08-15 11:00:00,2152454.2638126966,102998.24228768883,7.0
2025-08-15 12:00:00,2247611.9868661608,107551.2433907254,7.0
2025-08-15 13:00:00,2205147.2772948164,105519.43910501515,7.0
2025-08-15 14:00:00,2036023.6502964597,97427.39953571577,7.0
2025-08-15 15:00:00,1738624.3337864068,83197.76716681372,7.0
2025-08-15 16:00:00,1325549.8365152124,63433.43715383792,7.0
2025-08-15 17:00:00,857781.5870808845,41052.181200042316,7.0
2025-08-15 18:00:00,413269.1165579586,19783.641940572183,7.0
2025-08-15 19:00:00,64745.25140430085,3107.8589188660694,7.0
2025-08-15 20:00:00,0.0,10.0,3.2815
2025-08-15 21:00:00,0.0,10.0,3.2815
2025-08-15 22:00:00,0.0,10.0,3.2815
2025-08-15 23:00:00,0.0,10.0,3.2815
2025-08-16 00:00:00,0.0,10.0,3.2815
2025-08-16 01:00:00,0.0,10.0,3.2815
2025-08-16 02:00:00,0.0,10.0,3.2815
2025-08-16 03:00:00,0.0,10.0,3.2815
2025-08-16 04:00:00,0.0,10.0,3.2815
2025-08-16 05:00:00,18351.400711368293,888.057450304703,7.0
2025-08-16 06:00:00,169533.0558946227,8121.629468642233,7.0
2025-08-16 07:00:00,270683.1541237296,12961.347087259792,7.0
2025-08-16 08:00:00,536834.1316497616,25695.843619605817,7.0
2025-08-16 09:00:00,896069.1527140137,42884.122139426494,7.0
2025-08-16 10:00:00,1285425.0551936242,61513.591157589675,7.0
2025-08-16 11:00:00,1305705.1255396265,62483.92945165676,7.0
2025-08-16 12:00:00,1278695.5664256436,61191.60604907386,7.0
2025-08-16 13:00:00,1273851.0805918123,60959.81246850777,7.0
2025-08-16 14:00:00,966073.3467322519,46233.60510680631,7.0
2025-08-16 15:00:00,735933.9257791659,35222.14955881177,7.0
2025-08-16 16:00:00,822971.9169368483,39386.64674338987,7.0
2025-08-16 17:00:00,573470.2284699474,27448.766912437673,7.0
2025-08-16 18:00:00,360780.00610391755,17272.20124899127,7.0
2025-08-16 19:00:00,29596.75224034193,1426.1125473847815,7.0
2025-08-16 20:00:00,0.0,10.0,3.2815
2025-08-16 21:00:00,0.0,10.0,3.2815
2025-08-16 22:00:00,0.0,10.0,3.2815
2025-08-16 23:00:00,0.0,10.0,3.2815
2025-08-17 00:00:00,0.0,10.0,3.2815
2025-08-17 01:00:00,0.0,10.0,3.2815
2025-08-17 02:00:00,0.0,10.0,3.2815
2025-08-17 03:00:00,0.0,10.0,3.2815
2025-08-17 04:00:00,0.0,10.0,3.2815
2025-08-17 05:00:00,21954.557641255044,1060.4573034093323,7.0
2025-08-17 06:00:00,258975.0690683531,12401.151630064742,7.0
2025-08-17 07:00:00,431801.4405719227,20670.35600822597,7.0
2025-08-17 08:00:00,851386.6248121576,40746.20214412238,7.0
2025-08-17 09:00:00,1114624.5111601553,53341.3163234524,7.0
2025-08-17 10:00:00,1339747.8387334268,64112.767403513244,7.0
2025-08-17 11:00:00,1382873.4118802878,66176.19195599464,7.0
2025-08-17 12:00:00,1288910.9038064645,61680.37817255811,7.0
2025-08-17 13:00:00,1435248.2411354326,68682.16464762836,7.0
2025-08-17 14:00:00,1275764.1957140737,61051.349077228406,7.0
2025-08-17 15:00:00,762064.5100258025,36472.41674764605,7.0
2025-08-17 16:00:00,450906.03773876146,21584.45156644792,7.0
2025-08-17 17:00:00,263139.62310976215,12600.412588983836,7.0
2025-08-17 18:00:00,128203.20539920185,6144.124660248893,7.0
2025-08-17 19:00:00,25304.310755378647,1220.7325720276863,7.0
2025-08-17 20:00:00,0.0,10.0,3.2815
2025-08-17 21:00:00,0.0,10.0,3.2815
2025-08-17 22:00:00,0.0,10.0,3.2815
2025-08-17 23:00:00,0.0,10.0,3.2815
2025-08-18 00:00:00,0.0,10.0,3.2815
2025-08-18 01:00:00,0.0,10.0,3.2815
2025-08-18 02:00:00,0.0,10.0,3.2815
2025-08-18 03:00:00,0.0,10.0,3.2815
2025-08-18 04:00:00,0.0,10.0,3.2815
2025-08-18 05:00:00,15747.630844562938,763.4751600269349,7.0
2025-08-18 06:00:00,210247.2499091284,10069.6770291449,7.0
2025-08-18 07:00:00,609252.8713366527,29160.855087878117,7.0
2025-08-18 08:00:00,1077166.0090715038,51549.0434962442,7.0
2025-08-18 09:00:00,1553318.8915397143,74331.47806410116,7.0
2025-08-18 10:00:00,1810425.9571253348,86633.25153709736,7.0
2025-08-18 11:00:00,2002438.8964574863,95820.47351471227,7.0
2025-08-18 12:00:00,2255954.9711277974,107950.42924056448,7.0
2025-08-18 13:00:00,2209353.1920582834,105720.67904585088,7.0
2025-08-18 14:00:00,2020649.0066801708,96691.77065455362,7.0
2025-08-18 15:00:00,1698930.206036502,81298.52660461732,7.0
2025-08-18 16:00:00,1294467.5891476276,61946.248284575486,7.0
2025-08-18 17:00:00,835602.2553498641,39990.96915549589,7.0
2025-08-18 18:00:00,385298.5121426763,18445.335509218963,7.0
2025-08-18 19:00:00,57687.72240052976,2770.1781052885053,7.0
2025-08-18 20:00:00,0.0,10.0,3.2815
2025-08-18 21:00:00,0.0,10.0,3.2815
2025-08-18 22:00:00,0.0,10.0,3.2815
2025-08-18 23:00:00,0.0,10.0,3.2815
2025-08-19 00:00:00,0.0,10.0,3.2815
2025-08-19 01:00:00,0.0,10.0,3.2815
2025-08-19 02:00:00,0.0,10.0,3.2815
2025-08-19 03:00:00,0.0,10.0,3.2815
2025-08-19 04:00:00,0.0,10.0,3.2815
2025-08-19 05:00:00,18923.83278044692,915.4465445189915,7.0
2025-08-19 06:00:00,275859.8490637453,13209.035840370589,7.0
2025-08-19 07:00:00,705674.1761269397,33774.314647221996,7.0
2025-08-19 08:00:00,1166618.3983017337,55829.06211970018,7.0
2025-08-19 09:00:00,1585626.398010743,75877.29177084895,7.0
2025-08-19 10:00:00,1924269.233388544,92080.2982482557,7.0
2025-08-19 11:00:00,2146219.447480785,102699.92571678398,7.0
2025-08-19 12:00:00,2231160.706401652,106764.10078476806,7.0
2025-08-19 13:00:00,2150663.652014999,102912.56708205739,7.0
2025-08-19 14:00:00,1915410.1459895454,91656.4184683993,7.0
2025-08-19 15:00:00,1446348.2985290058,69213.26787220124,7.0
2025-08-19 16:00:00,1114078.2231631612,53315.17814177805,7.0
2025-08-19 17:00:00,746433.6759716143,35724.529950794946,7.0
2025-08-19 18:00:00,348633.6920682438,16691.037898002094,7.0
2025-08-19 19:00:00,40200.740537808284,1933.4804085075734,7.0
2025-08-19 20:00:00,0.0,10.0,3.2815
2025-08-19 21:00:00,0.0,10.0,3.2815
2025-08-19 22:00:00,0.0,10.0,3.2815
2025-08-19 23:00:00,0.0,10.0,3.2815
2025-08-20 00:00:00,0.0,10.0,3.2815
2025-08-20 01:00:00,0.0,10.0,3.2815
2025-08-20 02:00:00,0.0,10.0,3.2815
2025-08-20 03:00:00,0.0,10.0,3.2815
2025-08-20 04:00:00,0.0,10.0,3.2815
2025-08-20 05:00:00,12417.08292301503,604.1188001442598,7.0
2025-08-20 06:00:00,201505.67031847348,9651.419632462846,7.0
2025-08-20 07:00:00,415847.4178035975,19907.005636535767,7.0
2025-08-20 08:00:00,551555.3119928989,26400.206315449712,7.0
2025-08-20 09:00:00,973824.7292763296,46604.48465436984,7.0
2025-08-20 10:00:00,1426530.7212587225,68265.0584334317,7.0
2025-08-20 11:00:00,1776943.4161116243,85031.2160818959,7.0
2025-08-20 12:00:00,1576603.3259742346,75445.56583608779,7.0
2025-08-20 13:00:00,2073456.5146694202,99218.44567796269,7.0
2025-08-20 14:00:00,1893824.6636597575,90623.6202708018,7.0
2025-08-20 15:00:00,1562966.7745605644,74793.09926127103,7.0
2025-08-20 16:00:00,1205566.6464355094,57692.614661986096,7.0
2025-08-20 17:00:00,747974.0310492485,35798.23115068175,7.0
2025-08-20 18:00:00,314805.5255255916,15072.465336152709,7.0
2025-08-20 19:00:00,39233.563306235184,1887.2039859442673,7.0
2025-08-20 20:00:00,0.0,10.0,3.2815
2025-08-20 21:00:00,0.0,10.0,3.2815
2025-08-20 22:00:00,0.0,10.0,3.2815
2025-08-20 23:00:00,0.0,10.0,3.2815
2025-08-21 00:00:00,0.0,10.0,3.2815
2025-08-21 01:00:00,0.0,10.0,3.2815
2025-08-21 02:00:00,0.0,10.0,3.2815
2025-08-21 03:00:00,0.0,10.0,3.2815
2025-08-21 04:00:00,0.0,10.0,3.2815
2025-08-21 05:00:00,14178.449486698024,688.3947122822021,7.0
2025-08-21 06:00:00,236838.16181014327,11341.969464600155,7.0
2025-08-21 07:00:00,611398.2565013457,29263.505095758166,7.0
2025-08-21 08:00:00,1059412.5898736145,50699.59760160835,7.0
2025-08-21 09:00:00,1515231.7232230396,72509.1255130641,7.0
2025-08-21 10:00:00,1848629.5329118199,88461.17382353205,7.0
2025-08-21 11:00:00,1721466.2533616973,82376.80638094245,7.0
2025-08-21 12:00:00,1480437.5968005452,70844.3347751457,7.0
2025-08-21 13:00:00,1193508.3313212171,57115.661785704164,7.0
2025-08-21 14:00:00,1215057.696473366,58146.7318886778,7.0
2025-08-21 15:00:00,988784.0119470677,47320.23980607979,7.0
2025-08-21 16:00:00,919658.0550027284,44012.777751326714,7.0
2025-08-21 17:00:00,587228.3642117577,28107.050919222853,7.0
2025-08-21 18:00:00,238972.31906219784,11444.0822517798,7.0
2025-08-21 19:00:00,34577.80685586246,1664.4405194192566,7.0
2025-08-21 20:00:00,0.0,10.0,3.2815
2025-08-21 21:00:00,0.0,10.0,3.2815
2025-08-21 22:00:00,0.0,10.0,3.2815
2025-08-21 23:00:00,0.0,10.0,3.2815
2025-08-22 00:00:00,0.0,10.0,3.2815
2025-08-22 01:00:00,0.0,10.0,3.2815
2025-08-22 02:00:00,0.0,10.0,3.2815
2025-08-22 03:00:00,0.0,10.0,3.2815
2025-08-22 04:00:00,0.0,10.0,3.2815
2025-08-22 05:00:00,11618.57733104263,565.9127909589776,7.0
2025-08-22 06:00:00,200115.9048251524,9584.923675844613,7.0
2025-08-22 07:00:00,314898.5589371862,15076.916695559148,7.0
2025-08-22 08:00:00,584963.4145784824,27998.680123372364,7.0
2025-08-22 09:00:00,1158569.9307628998,55443.96797908612,7.0
2025-08-22 10:00:00,1431820.9527968098,68518.17955965598,7.0
2025-08-22 11:00:00,1210081.5586900301,57908.63917177178,7.0
2025-08-22 12:00:00,1009167.7624873809,48295.5388749943,7.0
2025-08-22 13:00:00,904191.6748329677,43272.75956138601,7.0
2025-08-22 14:00:00,725512.4445842594,34723.51409494064,7.0
2025-08-22 15:00:00,429245.2718706054,20548.0512856749,7.0
2025-08-22 16:00:00,603183.2873209058,28870.44436942133,7.0
2025-08-22 17:00:00,326764.40525816387,15644.660538668128,7.0
2025-08-22 18:00:00,116785.39313742734,5597.8178534654235,7.0
2025-08-22 19:00:00,9222.476605779717,451.26682324304863,7.0
2025-08-22 20:00:00,0.0,10.0,3.2815
2025-08-22 21:00:00,0.0,10.0,3.2815
2025-08-22 22:00:00,0.0,10.0,3.2815
2025-08-22 23:00:00,0.0,10.0,3.2815
2025-08-23 00:00:00,0.0,10.0,3.2815
2025-08-23 01:00:00,0.0,10.0,3.2815
2025-08-23 02:00:00,0.0,10.0,3.2815
2025-08-23 03:00:00,0.0,10.0,3.2815
2025-08-23 04:00:00,0.0,10.0,3.2815
2025-08-23 05:00:00,3267.1950933411226,166.32512408330732,7.0
2025-08-23 06:00:00,34251.12014238728,1648.809576190779,7.0
2025-08-23 07:00:00,43458.275944096014,2089.343346607465,7.0
2025-08-23 08:00:00,147372.41224224376,7061.311590537979,7.0
2025-08-23 09:00:00,164653.04975323935,7888.136351829635,7.0
2025-08-23 10:00:00,295220.083488815,14135.362846354785,7.0
2025-08-23 11:00:00,464487.81311907293,22234.297278424543,7.0
2025-08-23 12:00:00,691102.2184460771,33077.09179167833,7.0
2025-08-23 13:00:00,974100.7789034821,46617.69277050153,7.0
2025-08-23 14:00:00,1261758.7622234453,60381.232642270115,7.0
2025-08-23 15:00:00,942478.2294354361,45104.652126097426,7.0
2025-08-23 16:00:00,596636.133488283,28557.183420492012,7.0
2025-08-23 17:00:00,406212.2903782518,19445.99475494028,7.0
2025-08-23 18:00:00,154416.89254333285,7398.368064274298,7.0
2025-08-23 19:00:00,17901.365910558103,866.5246847156988,7.0
2025-08-23 20:00:00,0.0,10.0,3.2815
2025-08-23 21:00:00,0.0,10.0,3.2815
2025-08-23 22:00:00,0.0,10.0,3.2815
2025-08-23 23:00:00,0.0,10.0,3.2815
2025-08-24 00:00:00,0.0,10.0,3.2815
2025-08-24 01:00:00,0.0,10.0,3.2815
2025-08-24 02:00:00,0.0,10.0,3.2815
2025-08-24 03:00:00,0.0,10.0,3.2815
2025-08-24 04:00:00,0.0,10.0,3.2815
2025-08-24 05:00:00,5917.337005051644,293.1261724905093,7.0
2025-08-24 06:00:00,159838.73034347483,7657.786140836117,7.0
2025-08-24 07:00:00,635647.7384155674,30423.76738830466,7.0
2025-08-24 08:00:00,1059735.8993500455,50715.06695454763,7.0
2025-08-24 09:00:00,1496688.5660190245,71621.8931109581,7.0
2025-08-24 10:00:00,1578846.954939724,75552.91650429301,7.0
2025-08-24 11:00:00,1548173.8844363021,74085.30547542116,7.0
2025-08-24 12:00:00,1781414.7111157523,85245.15364190203,7.0
2025-08-24 13:00:00,1752663.179701756,83869.48228238068,7.0
2025-08-24 14:00:00,1702536.4766557186,81471.07543807266,7.0
2025-08-24 15:00:00,1640306.3682116275,78493.55828763767,7.0
2025-08-24 16:00:00,1165806.2576318022,55790.2037144403,7.0
2025-08-24 17:00:00,731268.3210972759,34998.91488503713,7.0
2025-08-24 18:00:00,317793.2178236654,15215.417120749542,7.0
2025-08-24 19:00:00,28748.83412148721,1385.5423024635027,7.0
2025-08-24 20:00:00,0.0,10.0,3.2815
2025-08-24 21:00:00,0.0,10.0,3.2815
2025-08-24 22:00:00,0.0,10.0,3.2815
2025-08-24 23:00:00,0.0,10.0,3.2815
2025-08-25 00:00:00,0.0,10.0,3.2815
2025-08-25 01:00:00,0.0,10.0,3.2815
2025-08-25 02:00:00,0.0,10.0,3.2815
2025-08-25 03:00:00,0.0,10.0,3.2815
2025-08-25 04:00:00,0.0,10.0,3.2815
2025-08-25 05:00:00,7751.27637631698,380.87446776636267,7.0
2025-08-25 06:00:00,233815.13428179032,11197.326999128723,7.0
2025-08-25 07:00:00,657241.9602323999,31456.983743177025,7.0
2025-08-25 08:00:00,1125866.9050881423,53879.22990852355,7.0
2025-08-25 09:00:00,1550954.067167986,74218.32857263091,7.0
2025-08-25 10:00:00,1841233.9197428944,88107.31673410979,7.0
2025-08-25 11:00:00,2097073.8412833475,100348.46130542332,7.0
2025-08-25 12:00:00,2211424.3495125244,105819.77748863754,7.0
2025-08-25 13:00:00,2145212.0755147333,102651.7261011834,7.0
2025-08-25 14:00:00,1948806.4226574812,93254.32644294169,7.0
2025-08-25 15:00:00,1640143.6875555166,78485.7745241874,7.0
2025-08-25 16:00:00,1210891.9602689052,57947.41436693326,7.0
2025-08-25 17:00:00,750064.1718909768,35898.237889520424,7.0
2025-08-25 18:00:00,302387.23943819525,14478.2889683347,7.0
2025-08-25 19:00:00,23833.45027973589,1150.3564727146359,7.0
2025-08-25 20:00:00,0.0,10.0,3.2815
2025-08-25 21:00:00,0.0,10.0,3.2815
2025-08-25 22:00:00,0.0,10.0,3.2815
2025-08-25 23:00:00,0.0,10.0,3.2815
2025-08-26 00:00:00,0.0,10.0,3.2815
2025-08-26 01:00:00,0.0,10.0,3.2815
2025-08-26 02:00:00,0.0,10.0,3.2815
2025-08-26 03:00:00,0.0,10.0,3.2815
2025-08-26 04:00:00,0.0,10.0,3.2815
2025-08-26 05:00:00,6029.853266860008,298.50972568708175,7.0
2025-08-26 06:00:00,218908.2312952163,10484.078052402694,7.0
2025-08-26 07:00:00,620339.2002893459,29691.301449251005,7.0
2025-08-26 08:00:00,1015774.4730979436,48611.64943052361,7.0
2025-08-26 09:00:00,1424164.1156730072,68151.82371641183,7.0
2025-08-26 10:00:00,1706932.395046432,81681.40646155177,7.0
2025-08-26 11:00:00,1975418.6134073513,94527.63700513642,7.0
2025-08-26 12:00:00,2035599.0425595224,97407.0833760537,7.0
2025-08-26 13:00:00,1888639.8973418942,90375.54532736336,7.0
2025-08-26 14:00:00,1618928.9471595592,77470.71517509854,7.0
2025-08-26 15:00:00,1096783.619219368,52487.6851301133,7.0
2025-08-26 16:00:00,559496.8496619649,26780.184194352387,7.0
2025-08-26 17:00:00,339271.3523245346,16243.079058590172,7.0
2025-08-26 18:00:00,190445.69996557312,9122.234448113548,7.0
2025-08-26 19:00:00,18062.086450166484,874.2146626873915,7.0
2025-08-26 20:00:00,0.0,10.0,3.2815
2025-08-26 21:00:00,0.0,10.0,3.2815
2025-08-26 22:00:00,0.0,10.0,3.2815
2025-08-26 23:00:00,0.0,10.0,3.2815
2025-08-27 00:00:00,0.0,10.0,3.2815
2025-08-27 01:00:00,0.0,10.0,3.2815
2025-08-27 02:00:00,0.0,10.0,3.2815
2025-08-27 03:00:00,0.0,10.0,3.2815
2025-08-27 04:00:00,0.0,10.0,3.2815
2025-08-27 05:00:00,4139.522279155172,208.06326694522355,7.0
2025-08-27 06:00:00,135469.34750473726,6491.786961949151,7.0
2025-08-27 07:00:00,464769.4457730714,22247.772525027336,7.0
2025-08-27 08:00:00,573930.1755884573,27470.773951600826,7.0
2025-08-27 09:00:00,871159.8780855791,41692.29081749183,7.0
2025-08-27 10:00:00,1053084.279344098,50396.80762411952,7.0
2025-08-27 11:00:00,1342854.725068894,64261.42225210019,7.0
2025-08-27 12:00:00,1001094.9571771836,47909.28024771214,7.0
2025-08-27 13:00:00,947969.9686383319,45367.4147673843,7.0
2025-08-27 14:00:00,793514.3105197614,37977.19189089767,7.0
2025-08-27 15:00:00,754603.6854272119,36115.43949412497,7.0
2025-08-27 16:00:00,836341.3598539982,40026.33300736833,7.0
2025-08-27 17:00:00,536071.3588663958,25659.347314181618,7.0
2025-08-27 18:00:00,202910.83802764193,9718.652537207747,7.0
2025-08-27 19:00:00,12109.348172782444,589.3946494154279,7.0
2025-08-27 20:00:00,0.0,10.0,3.2815
2025-08-27 21:00:00,0.0,10.0,3.2815
2025-08-27 22:00:00,0.0,10.0,3.2815
2025-08-27 23:00:00,0.0,10.0,3.2815
2025-08-28 00:00:00,0.0,10.0,3.2815
2025-08-28 01:00:00,0.0,10.0,3.2815
2025-08-28 02:00:00,0.0,10.0,3.2815
2025-08-28 03:00:00,0.0,10.0,3.2815
2025-08-28 04:00:00,0.0,10.0,3.2815
2025-08-28 05:00:00,1627.7679320440354,87.88363311215481,7.0
2025-08-28 06:00:00,79193.23076152052,3799.149797201939,7.0
2025-08-28 07:00:00,233618.05830119195,11187.89752637282,7.0
2025-08-28 08:00:00,472750.4751371352,22629.639958714604,7.0
2025-08-28 09:00:00,785616.4570839573,37599.30416669652,7.0
2025-08-28 10:00:00,1109519.720756103,53097.06797876091,7.0
2025-08-28 11:00:00,1204102.4378313734,57622.55683403701,7.0
2025-08-28 12:00:00,1089394.149970575,52134.12200816149,7.0
2025-08-28 13:00:00,1232373.0523029864,58975.21781354002,7.0
2025-08-28 14:00:00,1048501.6989569706,50177.54540463974,7.0
2025-08-28 15:00:00,939335.9435964373,44954.303521360634,7.0
2025-08-28 16:00:00,791353.9361608226,37873.82469669008,7.0
2025-08-28 17:00:00,476275.40248849284,22798.296769784345,7.0
2025-08-28 18:00:00,195351.631151329,9356.967997671245,7.0
2025-08-28 19:00:00,9961.50974187079,486.62726037659286,7.0
2025-08-28 20:00:00,0.0,10.0,3.2815
2025-08-28 21:00:00,0.0,10.0,3.2815
2025-08-28 22:00:00,0.0,10.0,3.2815
2025-08-28 23:00:00,0.0,10.0,3.2815
2025-08-29 00:00:00,0.0,10.0,3.2815
2025-08-29 01:00:00,0.0,10.0,3.2815
2025-08-29 02:00:00,0.0,10.0,3.2815
2025-08-29 03:00:00,0.0,10.0,3.2815
2025-08-29 04:00:00,0.0,10.0,3.2815
2025-08-29 05:00:00,2267.1001669509283,118.473692198609,7.0
2025-08-29 06:00:00,148516.98414928137,7116.075796616334,7.0
2025-08-29 07:00:00,572154.3450638662,27385.805983917046,7.0
2025-08-29 08:00:00,1008833.7945955782,48279.55955002766,7.0
2025-08-29 09:00:00,1471993.9489668957,70440.33248645434,7.0
2025-08-29 10:00:00,1742327.4179123368,83374.94822547067,7.0
2025-08-29 11:00:00,1728715.8859418747,82723.67875319975,7.0
2025-08-29 12:00:00,1449564.2810543717,69367.14263418048,7.0
2025-08-29 13:00:00,1417692.4072796411,67842.17259711202,7.0
2025-08-29 14:00:00,1360077.650881269,65085.485688099,7.0
2025-08-29 15:00:00,939503.0266097531,44962.29792391163,7.0
2025-08-29 16:00:00,577248.3393509629,27629.537767988655,7.0
2025-08-29 17:00:00,223343.0719453853,10696.271384946665,7.0
2025-08-29 18:00:00,107513.05734102694,5154.165423015644,7.0
2025-08-29 19:00:00,6030.147444016374,298.5238011491088,7.0
2025-08-29 20:00:00,0.0,10.0,3.2815
2025-08-29 21:00:00,0.0,10.0,3.2815
2025-08-29 22:00:00,0.0,10.0,3.2815
2025-08-29 23:00:00,0.0,10.0,3.2815
2025-08-30 00:00:00,0.0,10.0,3.2815
2025-08-30 01:00:00,0.0,10.0,3.2815
2025-08-30 02:00:00,0.0,10.0,3.2815
2025-08-30 03:00:00,0.0,10.0,3.2815
2025-08-30 04:00:00,0.0,10.0,3.2815
2025-08-30 05:00:00,1403.2504385358404,77.14116930793494,7.0
2025-08-30 06:00:00,123420.22728974443,5915.274033002126,7.0
2025-08-30 07:00:00,369627.4067182593,17695.521852548292,7.0
2025-08-30 08:00:00,799648.3154629305,38270.684950379444,7.0
2025-08-30 09:00:00,1008694.7661276162,48272.90747022087,7.0
2025-08-30 10:00:00,1219786.4106436365,58372.98615519792,7.0
2025-08-30 11:00:00,1758426.5675800007,84145.24246794262,7.0
2025-08-30 12:00:00,1664771.975541112,79664.1615091441,7.0
2025-08-30 13:00:00,1372426.922384632,65676.35992270967,7.0
2025-08-30 14:00:00,1038254.4406266074,49687.24596299557,7.0
2025-08-30 15:00:00,1146941.749887845,54887.59568841364,7.0
2025-08-30 16:00:00,798773.2337489794,38228.81501191289,7.0
2025-08-30 17:00:00,523695.90169276425,25067.220176687282,7.0
2025-08-30 18:00:00,200626.60922213606,9609.35929292517,7.0
2025-08-30 19:00:00,7577.072757800663,372.5393664019456,7.0
2025-08-30 20:00:00,0.0,10.0,3.2815
2025-08-30 21:00:00,0.0,10.0,3.2815
2025-08-30 22:00:00,0.0,10.0,3.2815
2025-08-30 23:00:00,0.0,10.0,3.2815
2025-08-31 00:00:00,0.0,10.0,3.2815
2025-08-31 01:00:00,0.0,10.0,3.2815
2025-08-31 02:00:00,0.0,10.0,3.2815
2025-08-31 03:00:00,0.0,10.0,3.2815
2025-08-31 04:00:00,0.0,10.0,3.2815
2025-08-31 05:00:00,132.2150610269708,16.32607947497468,3.8182707621909326
2025-08-31 06:00:00,31875.770481831507,1535.1564823842825,7.0
2025-08-31 07:00:00,86312.04905075392,4139.763112476264,7.0
2025-08-31 08:00:00,220869.63056469656,10577.924907401748,7.0
2025-08-31 09:00:00,144648.8887422958,6930.9994613538665,7.0
2025-08-31 10:00:00,295295.73479485227,14138.982526069485,7.0
2025-08-31 11:00:00,776980.4916834187,37186.10008054635,7.0
2025-08-31 12:00:00,600975.8512241491,28764.825417423403,7.0
2025-08-31 13:00:00,1037839.4106928188,49667.388071426736,7.0
2025-08-31 14:00:00,1024976.4547745343,49051.935635145186,7.0
2025-08-31 15:00:00,1029171.5926481345,49252.65993531744,7.0
2025-08-31 16:00:00,691004.0583854781,33072.395138061154,7.0
2025-08-31 17:00:00,316734.21628309326,15164.747190578626,7.0
2025-08-31 18:00:00,124393.6232864516,5961.848004136441,7.0
2025-08-31 19:00:00,4214.794979661049,211.66483156272963,7.0
2025-08-31 20:00:00,0.0,10.0,3.2815
2025-08-31 21:00:00,0.0,10.0,3.2815
2025-08-31 22:00:00,0.0,10.0,3.2815
2025-08-31 23:00:00,0.0,10.0,3.2815
2025-09-01 00:00:00,0.0,10.0,3.2815
2025-09-01 01:00:00,0.0,10.0,3.2815
2025-09-01 02:00:00,0.0,10.0,3.2815
2025-09-01 03:00:00,0.0,10.0,3.2815
2025-09-01 04:00:00,0.0,10.0,3.2815
2025-09-01 05:00:00,389.4116498737399,28.63213635759521,5.600283056778291
2025-09-01 06:00:00,61110.49472157312,2933.9471158647425,7.0
2025-09-01 07:00:00,114290.82263808302,5478.460413305407,7.0
2025-09-01 08:00:00,347237.23151320114,16624.221603502447,7.0
2025-09-01 09:00:00,512634.7213117321,24537.977096255123,7.0
2025-09-01 10:00:00,864470.909076425,41372.244453417465,7.0
2025-09-01 11:00:00,984985.3070753635,47138.483592122655,7.0
2025-09-01 12:00:00,1041774.9689966468,49855.69229649028,7.0
2025-09-01 13:00:00,1566590.3828344853,74966.47764758303,7.0
2025-09-01 14:00:00,1320556.488405621,63194.52097634549,7.0
2025-09-01 15:00:00,1212088.7759999377,58004.67827750898,7.0
2025-09-01 16:00:00,851808.925552641,40766.407921178994,7.0
2025-09-01 17:00:00,456892.41848188295,21870.88126707574,7.0
2025-09-01 18:00:00,173991.56423520058,8334.955226564622,7.0
2025-09-01 19:00:00,3569.468482632124,180.78796567617817,7.0
2025-09-01 20:00:00,0.0,10.0,3.2815
2025-09-01 21:00:00,0.0,10.0,3.2815
2025-09-01 22:00:00,0.0,10.0,3.2815
2025-09-01 23:00:00,0.0,10.0,3.2815
2025-09-02 00:00:00,0.0,10.0,3.2815
2025-09-02 01:00:00,0.0,10.0,3.2815
2025-09-02 02:00:00,0.0,10.0,3.2815
2025-09-02 03:00:00,0.0,10.0,3.2815
2025-09-02 04:00:00,0.0,10.0,3.2815
2025-09-02 05:00:00,294.669729986621,24.099030142900524,4.778733505222764
2025-09-02 06:00:00,93219.6841035335,4470.271966676243,7.0
2025-09-02 07:00:00,379192.5227904243,18153.18290863274,7.0
2025-09-02 08:00:00,783220.8054282952,37484.67968556436,7.0
2025-09-02 09:00:00,1053733.298408204,50427.86116785665,7.0
2025-09-02 10:00:00,1640737.5019493927,78514.1866961432,7.0
2025-09-02 11:00:00,1747460.0415391952,83620.52830331078,7.0
2025-09-02 12:00:00,1491325.3726539223,71365.28098822595,7.0
2025-09-02 13:00:00,1455135.5157228387,69633.70888626022,7.0
2025-09-02 14:00:00,1334869.858512565,63879.3712206969,7.0
2025-09-02 15:00:00,1130357.3977895884,54094.0860186406,7.0
2025-09-02 16:00:00,692949.2162914049,33165.464894325596,7.0
2025-09-02 17:00:00,354954.89975882415,16993.488026738,7.0
2025-09-02 18:00:00,128054.567939105,6137.012820052871,7.0
2025-09-02 19:00:00,2276.945117570697,118.94474246749748,7.0
2025-09-02 20:00:00,0.0,10.0,3.2815
2025-09-02 21:00:00,0.0,10.0,3.2815
2025-09-02 22:00:00,0.0,10.0,3.2815
2025-09-02 23:00:00,0.0,10.0,3.2815
2025-09-03 00:00:00,0.0,10.0,3.2815
2025-09-03 01:00:00,0.0,10.0,3.2815
2025-09-03 02:00:00,0.0,10.0,3.2815
2025-09-03 03:00:00,0.0,10.0,3.2815
2025-09-03 04:00:00,0.0,10.0,3.2815
2025-09-03 05:00:00,27.035024305998473,11.293541832822893,3.37861968671019
2025-09-03 06:00:00,106650.07680238431,5112.87448815236,7.0
2025-09-03 07:00:00,417422.7641776584,19982.381061131982,7.0
2025-09-03 08:00:00,760402.4038671472,36392.89013718408,7.0
2025-09-03 09:00:00,804567.6565717413,38506.06012304982,7.0
2025-09-03 10:00:00,704837.8802473249,33734.30049030263,7.0
2025-09-03 11:00:00,987995.2148771617,47282.49831948142,7.0
2025-09-03 12:00:00,1040472.9986438896,49793.39706430094,7.0
2025-09-03 13:00:00,1054960.7424730116,50486.59054894792,7.0
2025-09-03 14:00:00,716695.6603189094,34301.658388464566,7.0
2025-09-03 15:00:00,535688.8695278217,25641.04638889099,7.0
2025-09-03 16:00:00,313597.37355854886,15014.659021940137,7.0
2025-09-03 17:00:00,354270.8051136567,16960.756225533813,7.0
2025-09-03 18:00:00,136686.72656563087,6550.034763905784,7.0
2025-09-03 19:00:00,1695.738840570046,91.1358296923467,7.0
2025-09-03 20:00:00,0.0,10.0,3.2815
2025-09-03 21:00:00,0.0,10.0,3.2815
2025-09-03 22:00:00,0.0,10.0,3.2815
2025-09-03 23:00:00,0.0,10.0,3.2815
2025-09-04 00:00:00,0.0,10.0,3.2815
2025-09-04 01:00:00,0.0,10.0,3.2815
2025-09-04 02:00:00,0.0,10.0,3.2815
2025-09-04 03:00:00,0.0,10.0,3.2815
2025-09-04 04:00:00,0.0,10.0,3.2815
2025-09-04 05:00:00,0.0,10.0,3.2815
2025-09-04 06:00:00,77696.43308739844,3727.532683607581,7.0
2025-09-04 07:00:00,397544.6876195829,19031.27691959727,7.0
2025-09-04 08:00:00,901807.4880181552,43158.68363723231,7.0
2025-09-04 09:00:00,1140830.2401020294,54595.17895225021,7.0
2025-09-04 10:00:00,1407856.2959142502,67371.54525905503,7.0
2025-09-04 11:00:00,1749545.4041302514,83720.30641771537,7.0
2025-09-04 12:00:00,1641751.4069493061,78562.698897096,7.0
2025-09-04 13:00:00,1685451.4089072314,80653.60808168571,7.0
2025-09-04 14:00:00,1074702.6124500127,51431.17762918721,7.0
2025-09-04 15:00:00,685395.2176530644,32804.0295527782,7.0
2025-09-04 16:00:00,569844.2451262916,27275.274886425435,7.0
2025-09-04 17:00:00,272366.38682246854,13041.884536960217,7.0
2025-09-04 18:00:00,79115.5824694842,3795.434567917904,7.0
2025-09-04 19:00:00,576.0024868736698,37.559927601610994,7.0
2025-09-04 20:00:00,0.0,10.0,3.2815
2025-09-04 21:00:00,0.0,10.0,3.2815
2025-09-04 22:00:00,0.0,10.0,3.2815
2025-09-04 23:00:00,0.0,10.0,3.2815
2025-09-05 00:00:00,0.0,10.0,3.2815
2025-09-05 01:00:00,0.0,10.0,3.2815
2025-09-05 02:00:00,0.0,10.0,3.2815
2025-09-05 03:00:00,0.0,10.0,3.2815
2025-09-05 04:00:00,0.0,10.0,3.2815
2025-09-05 05:00:00,0.0,10.0,3.2815
2025-09-05 06:00:00,133805.85756514478,6412.194141872956,7.0
2025-09-05 07:00:00,474713.51174019504,22723.565155033255,7.0
2025-09-05 08:00:00,824297.0479788742,39450.050142529864,7.0
2025-09-05 09:00:00,1050421.5722410937,50269.40537038726,7.0
2025-09-05 10:00:00,1303976.75689244,62401.23238719808,7.0
2025-09-05 11:00:00,1383153.382185784,66189.58766439157,7.0
2025-09-05 12:00:00,1789075.3860147998,85611.69311075598,7.0
2025-09-05 13:00:00,1372138.3855970886,65662.55433478893,7.0
2025-09-05 14:00:00,1207680.7303584493,57793.767002796616,7.0
2025-09-05 15:00:00,1020844.8963723026,48854.25341494271,7.0
2025-09-05 16:00:00,798287.5046014484,38205.574382844425,7.0
2025-09-05 17:00:00,444799.89562862064,21292.2916568718,7.0
2025-09-05 18:00:00,114648.88175422975,5495.592428432045,7.0
2025-09-05 19:00:00,320.2033258411601,25.32073329383541,4.975443007469199
2025-09-05 20:00:00,0.0,10.0,3.2815
2025-09-05 21:00:00,0.0,10.0,3.2815
2025-09-05 22:00:00,0.0,10.0,3.2815
2025-09-05 23:00:00,0.0,10.0,3.2815
2025-09-06 00:00:00,0.0,10.0,3.2815
2025-09-06 01:00:00,0.0,10.0,3.2815
2025-09-06 02:00:00,0.0,10.0,3.2815
2025-09-06 03:00:00,0.0,10.0,3.2815
2025-09-06 04:00:00,0.0,10.0,3.2815
2025-09-06 05:00:00,0.0,10.0,3.2815
2025-09-06 06:00:00,123866.13316183767,5936.60924219319,7.0
2025-09-06 07:00:00,519543.76796081103,24868.553490947896,7.0
2025-09-06 08:00:00,972384.6627727981,46535.581950851585,7.0
2025-09-06 09:00:00,1376530.6309727894,65872.70961592293,7.0
2025-09-06 10:00:00,1717843.8437888734,82203.48534874992,7.0
2025-09-06 11:00:00,1950217.177895036,93321.82669354239,7.0
2025-09-06 12:00:00,2023861.1518799397,96845.46181243731,7.0
2025-09-06 13:00:00,1901970.0986268346,91013.35400128395,7.0
2025-09-06 14:00:00,1698346.4599232667,81270.59616857735,7.0
2025-09-06 15:00:00,1401329.0462505354,67059.23666270505,7.0
2025-09-06 16:00:00,947217.6762034893,45331.41991404255,7.0
2025-09-06 17:00:00,483092.2945274318,23124.463852987166,7.0
2025-09-06 18:00:00,124348.42237374013,5959.685281040198,7.0
2025-09-06 19:00:00,24.648773393730757,11.179367148025396,3.369816691119419
2025-09-06 20:00:00,0.0,10.0,3.2815
2025-09-06 21:00:00,0.0,10.0,3.2815
2025-09-06 22:00:00,0.0,10.0,3.2815
2025-09-06 23:00:00,0.0,10.0,3.2815
2025-09-07 00:00:00,0.0,10.0,3.2815
2025-09-07 01:00:00,0.0,10.0,3.2815
2025-09-07 02:00:00,0.0,10.0,3.2815
2025-09-07 03:00:00,0.0,10.0,3.2815
2025-09-07 04:00:00,0.0,10.0,3.2815
2025-09-07 05:00:00,0.0,10.0,3.2815
2025-09-07 06:00:00,115397.05642885501,5531.390259753828,7.0
2025-09-07 07:00:00,507803.7778704282,24306.83147705398,7.0
2025-09-07 08:00:00,972158.954345433,46524.782504566174,7.0
2025-09-07 09:00:00,1402858.0988112604,67132.39707230912,7.0
2025-09-07 10:00:00,1724248.0257697417,82509.90553922209,7.0
2025-09-07 11:00:00,1936428.7053780877,92662.09116641569,7.0
2025-09-07 12:00:00,2026622.7839042372,96977.59731599221,7.0
2025-09-07 13:00:00,1956219.112927667,93609.00061854867,7.0
2025-09-07 14:00:00,1721617.3317711283,82384.03501297266,7.0
2025-09-07 15:00:00,1414454.7718446858,67687.26181075051,7.0
2025-09-07 16:00:00,993506.7877424691,47546.20993983105,7.0
2025-09-07 17:00:00,533714.0294285347,25546.556431987305,7.0
2025-09-07 18:00:00,138283.7643916981,6626.448057019047,7.0
2025-09-07 19:00:00,0.0,10.0,3.2815
2025-09-07 20:00:00,0.0,10.0,3.2815
2025-09-07 21:00:00,0.0,10.0,3.2815
2025-09-07 22:00:00,0.0,10.0,3.2815
2025-09-07 23:00:00,0.0,10.0,3.2815
2025-09-08 00:00:00,0.0,10.0,3.2815
2025-09-08 01:00:00,0.0,10.0,3.2815
2025-09-08 02:00:00,0.0,10.0,3.2815
2025-09-08 03:00:00,0.0,10.0,3.2815
2025-09-08 04:00:00,0.0,10.0,3.2815
2025-09-08 05:00:00,0.0,10.0,3.2815
2025-09-08 06:00:00,35803.59407046477,1723.0906253810897,7.0
2025-09-08 07:00:00,126417.27083949427,6058.673245908817,7.0
2025-09-08 08:00:00,190178.01789877567,9109.426693721323,7.0
2025-09-08 09:00:00,581342.9731327835,27825.453259941794,7.0
2025-09-08 10:00:00,850296.7452984679,40694.05479896975,7.0
2025-09-08 11:00:00,1067326.9420046601,51078.27473706508,7.0
2025-09-08 12:00:00,997405.822514585,47732.76662749211,7.0
2025-09-08 13:00:00,1170283.683664625,56004.43462510167,7.0
2025-09-08 14:00:00,1242899.984660323,59478.89878757526,7.0
2025-09-08 15:00:00,1026043.0442648389,49102.96862511191,7.0
2025-09-08 16:00:00,656234.0725474746,31408.75945203228,7.0
2025-09-08 17:00:00,378042.33489344385,18098.14999490162,7.0
2025-09-08 18:00:00,73214.75867154596,3513.0985010309078,7.0
2025-09-08 19:00:00,0.0,10.0,3.2815
2025-09-08 20:00:00,0.0,10.0,3.2815
2025-09-08 21:00:00,0.0,10.0,3.2815
2025-09-08 22:00:00,0.0,10.0,3.2815
2025-09-08 23:00:00,0.0,10.0,3.2815
2025-09-09 00:00:00,0.0,10.0,3.2815
2025-09-09 01:00:00,0.0,10.0,3.2815
2025-09-09 02:00:00,0.0,10.0,3.2815
2025-09-09 03:00:00,0.0,10.0,3.2815
2025-09-09 04:00:00,0.0,10.0,3.2815
2025-09-09 05:00:00,0.0,10.0,3.2815
2025-09-09 06:00:00,5457.319251270929,271.1157536493268,7.0
2025-09-09 07:00:00,28694.902641878223,1382.9618488936949,7.0
2025-09-09 08:00:00,44076.941092677596,2118.94454988888,7.0
2025-09-09 09:00:00,82831.43525557869,3973.226567252569,7.0
2025-09-09 10:00:00,128136.00360935811,6140.909263605651,7.0
2025-09-09 11:00:00,141725.00052369366,6791.100503526012,7.0
2025-09-09 12:00:00,218211.54128252942,10450.7436020349,7.0
2025-09-09 13:00:00,313265.13026922836,14998.762213838676,7.0
2025-09-09 14:00:00,387761.12760201795,18563.164000096553,7.0
2025-09-09 15:00:00,560067.5150230484,26807.488757083654,7.0
2025-09-09 16:00:00,354186.5501445558,16956.724887299322,7.0
2025-09-09 17:00:00,241648.76547719215,11572.14188886087,7.0
2025-09-09 18:00:00,75442.5165860407,3619.6897888057756,7.0
2025-09-09 19:00:00,0.0,10.0,3.2815
2025-09-09 20:00:00,0.0,10.0,3.2815
2025-09-09 21:00:00,0.0,10.0,3.2815
2025-09-09 22:00:00,0.0,10.0,3.2815
2025-09-09 23:00:00,0.0,10.0,3.2815
2025-09-10 00:00:00,0.0,10.0,3.2815
2025-09-10 01:00:00,0.0,10.0,3.2815
2025-09-10 02:00:00,0.0,10.0,3.2815
2025-09-10 03:00:00,0.0,10.0,3.2815
2025-09-10 04:00:00,0.0,10.0,3.2815
2025-09-10 05:00:00,0.0,10.0,3.2815
2025-09-10 06:00:00,56186.85049885754,2698.3660525769155,7.0
2025-09-10 07:00:00,245449.10617809233,11753.976372157527,7.0
2025-09-10 08:00:00,582966.4746220727,27903.132757036972,7.0
2025-09-10 09:00:00,943262.0166798754,45142.15390812801,7.0
2025-09-10 10:00:00,1410196.5974926865,67483.52141113332,7.0
2025-09-10 11:00:00,1626268.80040931,77821.90432580431,7.0
2025-09-10 12:00:00,1756115.381643809,84034.65940879469,7.0
2025-09-10 13:00:00,1834255.2476831262,87773.40898005388,7.0
2025-09-10 14:00:00,1350740.9812425398,64638.755083375116,7.0
2025-09-10 15:00:00,994681.6021425145,47602.42115514424,7.0
2025-09-10 16:00:00,615220.8276157093,29446.403235201404,7.0
2025-09-10 17:00:00,366558.08269221534,17548.664243646665,7.0
2025-09-10 18:00:00,69119.35270960578,3317.146062660564,7.0
2025-09-10 19:00:00,0.0,10.0,3.2815
2025-09-10 20:00:00,0.0,10.0,3.2815
2025-09-10 21:00:00,0.0,10.0,3.2815
2025-09-10 22:00:00,0.0,10.0,3.2815
2025-09-10 23:00:00,0.0,10.0,3.2815
2025-09-11 00:00:00,0.0,10.0,3.2815
2025-09-11 01:00:00,0.0,10.0,3.2815
2025-09-11 02:00:00,0.0,10.0,3.2815
2025-09-11 03:00:00,0.0,10.0,3.2815
2025-09-11 04:00:00,0.0,10.0,3.2815
2025-09-11 05:00:00,0.0,10.0,3.2815
2025-09-11 06:00:00,33170.0750379952,1597.0849300476173,7.0
2025-09-11 07:00:00,153174.06742135354,7338.902747433184,7.0
2025-09-11 08:00:00,319308.0784661003,15287.898491200973,7.0
2025-09-11 09:00:00,796481.3364438659,38119.154853773485,7.0
2025-09-11 10:00:00,1281059.7303052074,61304.723938048206,7.0
2025-09-11 11:00:00,1412229.4265549725,67580.78595956806,7.0
2025-09-11 12:00:00,1610296.3918365256,77057.67425055147,7.0
2025-09-11 13:00:00,1431679.9486745591,68511.43295093584,7.0
2025-09-11 14:00:00,1365597.7007667802,65349.602907501445,7.0
2025-09-11 15:00:00,1147211.184426594,54900.48729313847,7.0
2025-09-11 16:00:00,675164.6848823653,32314.53037714666,7.0
2025-09-11 17:00:00,326285.17453264503,15621.730838882539,7.0
2025-09-11 18:00:00,61462.875535984764,2950.8074419131467,7.0
2025-09-11 19:00:00,0.0,10.0,3.2815
2025-09-11 20:00:00,0.0,10.0,3.2815
2025-09-11 21:00:00,0.0,10.0,3.2815
2025-09-11 22:00:00,0.0,10.0,3.2815
2025-09-11 23:00:00,0.0,10.0,3.2815
2025-09-12 00:00:00,0.0,10.0,3.2815
2025-09-12 01:00:00,0.0,10.0,3.2815
2025-09-12 02:00:00,0.0,10.0,3.2815
2025-09-12 03:00:00,0.0,10.0,3.2815
2025-09-12 04:00:00,0.0,10.0,3.2815
2025-09-12 05:00:00,0.0,10.0,3.2815
2025-09-12 06:00:00,69652.02060522979,3342.63256484353,7.0
2025-09-12 07:00:00,352070.30003742967,16855.468901312426,7.0
2025-09-12 08:00:00,750102.6814577043,35900.08045252174,7.0
2025-09-12 09:00:00,1089961.6238523705,52161.273868534474,7.0
2025-09-12 10:00:00,1419964.1877128067,67950.87022549314,7.0
2025-09-12 11:00:00,1710019.7759779016,81829.12803722017,7.0
2025-09-12 12:00:00,1686062.7534863057,80682.85901848353,7.0
2025-09-12 13:00:00,1495237.4898401005,71552.46362871294,7.0
2025-09-12 14:00:00,1326178.4707245652,63463.51534567298,7.0
2025-09-12 15:00:00,1067607.7038588552,51091.70831860551,7.0
2025-09-12 16:00:00,641572.8625513782,30707.26615078365,7.0
2025-09-12 17:00:00,343562.82153573295,16448.412513671432,7.0
2025-09-12 18:00:00,78462.51509630108,3764.1873251818697,7.0
2025-09-12 19:00:00,0.0,10.0,3.2815
2025-09-12 20:00:00,0.0,10.0,3.2815
2025-09-12 21:00:00,0.0,10.0,3.2815
2025-09-12 22:00:00,0.0,10.0,3.2815
2025-09-12 23:00:00,0.0,10.0,3.2815
2025-09-13 00:00:00,0.0,10.0,3.2815
2025-09-13 01:00:00,0.0,10.0,3.2815
2025-09-13 02:00:00,0.0,10.0,3.2815
2025-09-13 03:00:00,0.0,10.0,3.2815
2025-09-13 04:00:00,0.0,10.0,3.2815
2025-09-13 05:00:00,0.0,10.0,3.2815
2025-09-13 06:00:00,20489.8035400953,990.373375124177,7.0
2025-09-13 07:00:00,158133.33275203514,7576.188169953834,7.0
2025-09-13 08:00:00,489661.91841618257,23438.799924219264,7.0
2025-09-13 09:00:00,1112456.6780709836,53237.59225220017,7.0
2025-09-13 10:00:00,1302026.0934827954,62307.89920970313,7.0
2025-09-13 11:00:00,1682305.4594788156,80503.08418558926,7.0
2025-09-13 12:00:00,1637940.305607369,78380.34955059181,7.0
2025-09-13 13:00:00,1505451.995283058,72041.1959465578,7.0
2025-09-13 14:00:00,1409292.2792432713,67440.25259537183,7.0
2025-09-13 15:00:00,949728.0333392738,45451.532695659036,7.0
2025-09-13 16:00:00,539395.3929229073,25818.392005880727,7.0
2025-09-13 17:00:00,209279.95777487665,10023.395108845772,7.0
2025-09-13 18:00:00,44024.680709101405,2116.444053067053,7.0
2025-09-13 19:00:00,0.0,10.0,3.2815
2025-09-13 20:00:00,0.0,10.0,3.2815
2025-09-13 21:00:00,0.0,10.0,3.2815
2025-09-13 22:00:00,0.0,10.0,3.2815
2025-09-13 23:00:00,0.0,10.0,3.2815
2025-09-14 00:00:00,0.0,10.0,3.2815
2025-09-14 01:00:00,0.0,10.0,3.2815
2025-09-14 02:00:00,0.0,10.0,3.2815
2025-09-14 03:00:00,0.0,10.0,3.2815
2025-09-14 04:00:00,0.0,10.0,3.2815
2025-09-14 05:00:00,0.0,10.0,3.2815
2025-09-14 06:00:00,65346.47092024694,3136.6254028826284,7.0
2025-09-14 07:00:00,386948.55298432097,18524.28483178569,7.0
2025-09-14 08:00:00,791643.3142103524,37887.6705363805,7.0
2025-09-14 09:00:00,1058980.669161444,50678.931538825076,7.0
2025-09-14 10:00:00,1348540.4485288989,64533.46643678942,7.0
2025-09-14 11:00:00,1605581.0071368439,76832.05775774372,7.0
2025-09-14 12:00:00,1749978.3542282407,83741.02173340865,7.0
2025-09-14 13:00:00,1741876.9420540268,83353.394356652,7.0
2025-09-14 14:00:00,1432963.6702422397,68572.85503551386,7.0
2025-09-14 15:00:00,1031079.4870685962,49343.9467496936,7.0
2025-09-14 16:00:00,554647.0939155751,26548.13846486005,7.0
2025-09-14 17:00:00,145223.52481563322,6958.494010317379,7.0
2025-09-14 18:00:00,16885.74329499051,817.9303011957181,7.0
2025-09-14 19:00:00,0.0,10.0,3.2815
2025-09-14 20:00:00,0.0,10.0,3.2815
2025-09-14 21:00:00,0.0,10.0,3.2815
2025-09-14 22:00:00,0.0,10.0,3.2815
2025-09-14 23:00:00,0.0,10.0,3.2815
2025-09-15 00:00:00,0.0,10.0,3.2815
2025-09-15 01:00:00,0.0,10.0,3.2815
2025-09-15 02:00:00,0.0,10.0,3.2815
2025-09-15 03:00:00,0.0,10.0,3.2815
2025-09-15 04:00:00,0.0,10.0,3.2815
2025-09-15 05:00:00,0.0,10.0,3.2815
2025-09-15 06:00:00,40246.665048506635,1935.6777535170638,7.0
2025-09-15 07:00:00,271809.9800212361,13015.26220197302,7.0
2025-09-15 08:00:00,619131.4836929064,29633.515966167775,7.0
2025-09-15 09:00:00,998053.5833170413,47763.75996732255,7.0
2025-09-15 10:00:00,1506384.5879044875,72085.81760308552,7.0
2025-09-15 11:00:00,1661180.6030018965,79492.32550248309,7.0
2025-09-15 12:00:00,1794939.9421298648,85892.29388181173,7.0
2025-09-15 13:00:00,1354060.095314748,64797.56436912669,7.0
2025-09-15 14:00:00,1132872.3534460466,54214.41882516969,7.0
2025-09-15 15:00:00,1016729.8361393835,48657.360580831744,7.0
2025-09-15 16:00:00,646309.0860595835,30933.87971576954,7.0
2025-09-15 17:00:00,259105.12665724248,12407.374481207775,7.0
2025-09-15 18:00:00,47269.59616897366,2271.7031659796007,7.0
2025-09-15 19:00:00,0.0,10.0,3.2815
2025-09-15 20:00:00,0.0,10.0,3.2815
2025-09-15 21:00:00,0.0,10.0,3.2815
2025-09-15 22:00:00,0.0,10.0,3.2815
2025-09-15 23:00:00,0.0,10.0,3.2815
2025-09-16 00:00:00,0.0,10.0,3.2815
2025-09-16 01:00:00,0.0,10.0,3.2815
2025-09-16 02:00:00,0.0,10.0,3.2815
2025-09-16 03:00:00,0.0,10.0,3.2815
2025-09-16 04:00:00,0.0,10.0,3.2815
2025-09-16 05:00:00,0.0,10.0,3.2815
2025-09-16 06:00:00,43134.17085132128,2073.8359259005397,7.0
2025-09-16 07:00:00,304128.69028849166,14561.611975525917,7.0
2025-09-16 08:00:00,734684.2189952437,35162.35497584898,7.0
2025-09-16 09:00:00,848359.5290025075,40601.36502404342,7.0
2025-09-16 10:00:00,1087670.4385203333,52051.647776092505,7.0
2025-09-16 11:00:00,1212104.9655281187,58005.45289608223,7.0
2025-09-16 12:00:00,1610909.3595359342,77087.00284860929,7.0
2025-09-16 13:00:00,1143198.0346919333,54708.47055942265,7.0
2025-09-16 14:00:00,984062.4374923579,47094.3271527444,7.0
2025-09-16 15:00:00,865063.185223126,41400.58302502995,7.0
2025-09-16 16:00:00,500340.0007465347,23949.712954379647,7.0
2025-09-16 17:00:00,272523.7010483676,13049.411533414719,7.0
2025-09-16 18:00:00,44495.7490466173,2138.9832079721195,7.0
2025-09-16 19:00:00,0.0,10.0,3.2815
2025-09-16 20:00:00,0.0,10.0,3.2815
2025-09-16 21:00:00,0.0,10.0,3.2815
2025-09-16 22:00:00,0.0,10.0,3.2815
2025-09-16 23:00:00,0.0,10.0,3.2815
2025-09-17 00:00:00,0.0,10.0,3.2815
2025-09-17 01:00:00,0.0,10.0,3.2815
2025-09-17 02:00:00,0.0,10.0,3.2815
2025-09-17 03:00:00,0.0,10.0,3.2815
2025-09-17 04:00:00,0.0,10.0,3.2815
2025-09-17 05:00:00,0.0,10.0,3.2815
2025-09-17 06:00:00,51641.97011090686,2480.907660808941,7.0
2025-09-17 07:00:00,149529.34506096345,7164.514117749448,7.0
2025-09-17 08:00:00,153960.3298517747,7376.522959415057,7.0
2025-09-17 09:00:00,366772.34241069114,17558.915904817757,7.0
2025-09-17 10:00:00,394027.59916481946,18862.995175350214,7.0
2025-09-17 11:00:00,512983.6165865017,24554.670650071854,7.0
2025-09-17 12:00:00,229932.61746646982,11011.5606443287,7.0
2025-09-17 13:00:00,330820.9385307082,15838.753039746804,7.0
2025-09-17 14:00:00,305725.25787337037,14638.002769060782,7.0
2025-09-17 15:00:00,553625.5098734782,26499.258845620967,7.0
2025-09-17 16:00:00,439618.91493271705,21044.39784367067,7.0
2025-09-17 17:00:00,192600.9496925358,9225.356444618938,7.0
2025-09-17 18:00:00,27181.235117239685,1310.5375654181667,7.0
2025-09-17 19:00:00,0.0,10.0,3.2815
2025-09-17 20:00:00,0.0,10.0,3.2815
2025-09-17 21:00:00,0.0,10.0,3.2815
2025-09-17 22:00:00,0.0,10.0,3.2815
2025-09-17 23:00:00,0.0,10.0,3.2815
2025-09-18 00:00:00,0.0,10.0,3.2815
2025-09-18 01:00:00,0.0,10.0,3.2815
2025-09-18 02:00:00,0.0,10.0,3.2815
2025-09-18 03:00:00,0.0,10.0,3.2815
2025-09-18 04:00:00,0.0,10.0,3.2815
2025-09-18 05:00:00,0.0,10.0,3.2815
2025-09-18 06:00:00,26917.739241097686,1297.9301072295543,7.0
2025-09-18 07:00:00,287548.78263657884,13768.314958687984,7.0
2025-09-18 08:00:00,654287.7723177139,31315.63503912507,7.0
2025-09-18 09:00:00,1109169.0617301443,53080.29003493513,7.0
2025-09-18 10:00:00,1359898.5048831515,65076.9141092417,7.0
2025-09-18 11:00:00,1404444.8651832954,67208.31890829165,7.0
2025-09-18 12:00:00,1554125.8928402867,74370.0905665209,7.0
2025-09-18 13:00:00,1334186.7935943997,63846.688688727256,7.0
2025-09-18 14:00:00,1262311.0646785246,60407.6585970586,7.0
2025-09-18 15:00:00,991014.5162867743,47426.96250175953,7.0
2025-09-18 16:00:00,762655.0966946101,36500.6744829957,7.0
2025-09-18 17:00:00,334235.89062339265,16002.147876717352,7.0
2025-09-18 18:00:00,40030.868410477815,1925.3525555252545,7.0
2025-09-18 19:00:00,0.0,10.0,3.2815
2025-09-18 20:00:00,0.0,10.0,3.2815
2025-09-18 21:00:00,0.0,10.0,3.2815
2025-09-18 22:00:00,0.0,10.0,3.2815
2025-09-18 23:00:00,0.0,10.0,3.2815
2025-09-19 00:00:00,0.0,10.0,3.2815
2025-09-19 01:00:00,0.0,10.0,3.2815
2025-09-19 02:00:00,0.0,10.0,3.2815
2025-09-19 03:00:00,0.0,10.0,3.2815
2025-09-19 04:00:00,0.0,10.0,3.2815
2025-09-19 05:00:00,0.0,10.0,3.2815
2025-09-19 06:00:00,48179.763920196536,2315.2518622103603,7.0
2025-09-19 07:00:00,358674.99545309425,17171.483036033216,7.0
2025-09-19 08:00:00,792583.3794388934,37932.64973391835,7.0
2025-09-19 09:00:00,1218837.7461411539,58327.595509146115,7.0
2025-09-19 10:00:00,1558751.2589062804,74591.3999476689,7.0
2025-09-19 11:00:00,1771433.1208014265,84767.565588585,7.0
2025-09-19 12:00:00,1839839.0119365212,88040.57473380484,7.0
2025-09-19 13:00:00,1734620.5277304484,83006.19749906452,7.0
2025-09-19 14:00:00,1537865.9241553482,73592.10163422719,7.0
2025-09-19 15:00:00,1221172.9577657755,58439.328122764375,7.0
2025-09-19 16:00:00,797779.8548851423,38181.284922734085,7.0
2025-09-19 17:00:00,352119.3378077983,16857.81520611475,7.0
2025-09-19 18:00:00,37156.20526860798,1787.8088645266973,7.0
2025-09-19 19:00:00,0.0,10.0,3.2815
2025-09-19 20:00:00,0.0,10.0,3.2815
2025-09-19 21:00:00,0.0,10.0,3.2815
2025-09-19 22:00:00,0.0,10.0,3.2815
2025-09-19 23:00:00,0.0,10.0,3.2815
2025-09-20 00:00:00,0.0,10.0,3.2815
2025-09-20 01:00:00,0.0,10.0,3.2815
2025-09-20 02:00:00,0.0,10.0,3.2815
2025-09-20 03:00:00,0.0,10.0,3.2815
2025-09-20 04:00:00,0.0,10.0,3.2815
2025-09-20 05:00:00,0.0,10.0,3.2815
2025-09-20 06:00:00,43935.20921581618,2112.1631203739803,7.0
2025-09-20 07:00:00,312640.11423458206,14968.857140410626,7.0
2025-09-20 08:00:00,678383.5999092185,32468.545450201844,7.0
2025-09-20 09:00:00,1026491.1324549927,49124.40825143506,7.0
2025-09-20 10:00:00,1251289.6175113076,59880.31662733528,7.0
2025-09-20 11:00:00,1579549.9260444925,75586.55148538241,7.0
2025-09-20 12:00:00,1649337.7943590605,78925.6839406249,7.0
2025-09-20 13:00:00,1348109.0910380578,64512.82732239511,7.0
2025-09-20 14:00:00,1136998.4765545533,54411.84098347145,7.0
2025-09-20 15:00:00,694054.0532126717,33218.32790491252,7.0
2025-09-20 16:00:00,378860.0759112171,18137.27635938838,7.0
2025-09-20 17:00:00,171899.56044774386,8234.859351566693,7.0
2025-09-20 18:00:00,18911.010120040184,914.8330200976166,7.0
2025-09-20 19:00:00,0.0,10.0,3.2815
2025-09-20 20:00:00,0.0,10.0,3.2815
2025-09-20 21:00:00,0.0,10.0,3.2815
2025-09-20 22:00:00,0.0,10.0,3.2815
2025-09-20 23:00:00,0.0,10.0,3.2815
2025-09-21 00:00:00,0.0,10.0,3.2815
2025-09-21 01:00:00,0.0,10.0,3.2815
2025-09-21 02:00:00,0.0,10.0,3.2815
2025-09-21 03:00:00,0.0,10.0,3.2815
2025-09-21 04:00:00,0.0,10.0,3.2815
2025-09-21 05:00:00,0.0,10.0,3.2815
2025-09-21 06:00:00,23933.86727725646,1155.161113744328,7.0
2025-09-21 07:00:00,70720.05208083743,3393.734549322365,7.0
2025-09-21 08:00:00,197721.43262660774,9470.355628067357,7.0
2025-09-21 09:00:00,344453.30075193895,16491.01917473392,7.0
2025-09-21 10:00:00,468925.6711920071,22446.634985263496,7.0
2025-09-21 11:00:00,550719.6310998963,26360.221583727096,7.0
2025-09-21 12:00:00,413404.2211974061,19790.10627738785,7.0
2025-09-21 13:00:00,427994.7683841206,20488.218582972277,7.0
2025-09-21 14:00:00,354038.5741394196,16949.64469566601,7.0
2025-09-21 15:00:00,260091.02580017652,12454.546689003662,7.0
2025-09-21 16:00:00,226261.0753843648,10835.888774371522,7.0
2025-09-21 17:00:00,131889.55479982216,6320.505014345557,7.0
2025-09-21 18:00:00,9563.668430558797,467.5917909358276,7.0
2025-09-21 19:00:00,0.0,10.0,3.2815
2025-09-21 20:00:00,0.0,10.0,3.2815
2025-09-21 21:00:00,0.0,10.0,3.2815
2025-09-21 22:00:00,0.0,10.0,3.2815
2025-09-21 23:00:00,0.0,10.0,3.2815
2025-09-22 00:00:00,0.0,10.0,3.2815
2025-09-22 01:00:00,0.0,10.0,3.2815
2025-09-22 02:00:00,0.0,10.0,3.2815
2025-09-22 03:00:00,0.0,10.0,3.2815
2025-09-22 04:00:00,0.0,10.0,3.2815
2025-09-22 05:00:00,0.0,10.0,3.2815
2025-09-22 06:00:00,28220.218531324714,1360.2496904940056,7.0
2025-09-22 07:00:00,192883.13384625965,9238.858078768404,7.0
2025-09-22 08:00:00,395512.52574893413,18934.044294207375,7.0
2025-09-22 09:00:00,794133.7976032301,38006.83242120718,7.0
2025-09-22 10:00:00,1018617.8064145007,48747.694086818214,7.0
2025-09-22 11:00:00,1155224.7891207435,55283.9133550595,7.0
2025-09-22 12:00:00,1028975.1685215455,49243.26165174859,7.0
2025-09-22 13:00:00,871940.2620974955,41729.62976543041,7.0
2025-09-22 14:00:00,911572.1595610749,43625.89280196531,7.0
2025-09-22 15:00:00,525782.8490187376,25167.07411572907,7.0
2025-09-22 16:00:00,282671.840269803,13534.968433961865,7.0
2025-09-22 17:00:00,149462.16663986442,7161.299839227962,7.0
2025-09-22 18:00:00,9320.347571293934,455.94964455951845,7.0
2025-09-22 19:00:00,0.0,10.0,3.2815
2025-09-22 20:00:00,0.0,10.0,3.2815
2025-09-22 21:00:00,0.0,10.0,3.2815
2025-09-22 22:00:00,0.0,10.0,3.2815
2025-09-22 23:00:00,0.0,10.0,3.2815
2025-09-23 00:00:00,0.0,10.0,3.2815
2025-09-23 01:00:00,0.0,10.0,3.2815
2025-09-23 02:00:00,0.0,10.0,3.2815
2025-09-23 03:00:00,0.0,10.0,3.2815
2025-09-23 04:00:00,0.0,10.0,3.2815
2025-09-23 05:00:00,0.0,10.0,3.2815
2025-09-23 06:00:00,15137.993448755738,734.3059066390306,7.0
2025-09-23 07:00:00,190469.3660697533,9123.366797595852,7.0
2025-09-23 08:00:00,527776.9099348267,25262.48372893907,7.0
2025-09-23 09:00:00,833329.7360275929,39882.236173569036,7.0
2025-09-23 10:00:00,1159552.3379007224,55490.97310529773,7.0
2025-09-23 11:00:00,1297951.61897538,62112.94827633397,7.0
2025-09-23 12:00:00,1417889.2070125486,67851.58885227506,7.0
2025-09-23 13:00:00,882346.9508487543,42227.557456878196,7.0
2025-09-23 14:00:00,606616.8821338515,29034.73120257663,7.0
2025-09-23 15:00:00,473541.9913822312,22667.51154938905,7.0
2025-09-23 16:00:00,309908.80775193183,14838.172619709658,7.0
2025-09-23 17:00:00,147620.1105376572,7073.163183619962,7.0
2025-09-23 18:00:00,13355.107414245134,649.000354748571,7.0
2025-09-23 19:00:00,0.0,10.0,3.2815
2025-09-23 20:00:00,0.0,10.0,3.2815
2025-09-23 21:00:00,0.0,10.0,3.2815
2025-09-23 22:00:00,0.0,10.0,3.2815
2025-09-23 23:00:00,0.0,10.0,3.2815
2025-09-24 00:00:00,0.0,10.0,3.2815
2025-09-24 01:00:00,0.0,10.0,3.2815
2025-09-24 02:00:00,0.0,10.0,3.2815
2025-09-24 03:00:00,0.0,10.0,3.2815
2025-09-24 04:00:00,0.0,10.0,3.2815
2025-09-24 05:00:00,0.0,10.0,3.2815
2025-09-24 06:00:00,19864.141284260477,960.4373820220325,7.0
2025-09-24 07:00:00,204972.02992953386,9817.27415930784,7.0
2025-09-24 08:00:00,506453.81516724284,24242.23996015516,7.0
2025-09-24 09:00:00,920717.4514717503,44063.466577595704,7.0
2025-09-24 10:00:00,1151161.7593024813,55089.5100144728,7.0
2025-09-24 11:00:00,1160895.264259691,55555.22795500914,7.0
2025-09-24 12:00:00,965708.5613685263,46216.151261651976,7.0
2025-09-24 13:00:00,841192.8918134044,40258.4637231294,7.0
2025-09-24 14:00:00,619554.0104175535,29653.7325558638,7.0
2025-09-24 15:00:00,448294.9999591127,21459.52152914415,7.0
2025-09-24 16:00:00,301545.57174004277,14438.017786604916,7.0
2025-09-24 17:00:00,109930.70864619315,5269.84251895661,7.0
2025-09-24 18:00:00,5701.382970914484,282.79344358442506,7.0
2025-09-24 19:00:00,0.0,10.0,3.2815
2025-09-24 20:00:00,0.0,10.0,3.2815
2025-09-24 21:00:00,0.0,10.0,3.2815
2025-09-24 22:00:00,0.0,10.0,3.2815
2025-09-24 23:00:00,0.0,10.0,3.2815
2025-09-25 00:00:00,0.0,10.0,3.2815
2025-09-25 01:00:00,0.0,10.0,3.2815
2025-09-25 02:00:00,0.0,10.0,3.2815
2025-09-25 03:00:00,0.0,10.0,3.2815
2025-09-25 04:00:00,0.0,10.0,3.2815
2025-09-25 05:00:00,0.0,10.0,3.2815
2025-09-25 06:00:00,4538.439636403201,227.15022183747374,7.0
2025-09-25 07:00:00,49828.21610797877,2394.125172630563,7.0
2025-09-25 08:00:00,100278.4776367189,4808.013284053536,7.0
2025-09-25 09:00:00,154417.48472174836,7398.396398169778,7.0
2025-09-25 10:00:00,169102.26385972626,8101.01740955628,7.0
2025-09-25 11:00:00,234174.51381047134,11214.52219188858,7.0
2025-09-25 12:00:00,353880.53254616784,16942.08289694583,7.0
2025-09-25 13:00:00,211166.910340044,10113.679920576269,7.0
2025-09-25 14:00:00,167631.4337160276,8030.64276153242,7.0
2025-09-25 15:00:00,123300.98494509049,5909.568657659832,7.0
2025-09-25 16:00:00,53633.058440967485,2576.1750450223676,7.0
2025-09-25 17:00:00,29388.81431896626,1416.16336454384,7.0
2025-09-25 18:00:00,2413.4623952771185,125.47666963048412,7.0
2025-09-25 19:00:00,0.0,10.0,3.2815
2025-09-25 20:00:00,0.0,10.0,3.2815
2025-09-25 21:00:00,0.0,10.0,3.2815
2025-09-25 22:00:00,0.0,10.0,3.2815
2025-09-25 23:00:00,0.0,10.0,3.2815
2025-09-26 00:00:00,0.0,10.0,3.2815
2025-09-26 01:00:00,0.0,10.0,3.2815
2025-09-26 02:00:00,0.0,10.0,3.2815
2025-09-26 03:00:00,0.0,10.0,3.2815
2025-09-26 04:00:00,0.0,10.0,3.2815
2025-09-26 05:00:00,0.0,10.0,3.2815
2025-09-26 06:00:00,6456.079815938445,318.9033404755237,7.0
2025-09-26 07:00:00,126923.85283036985,6082.911618677984,7.0
2025-09-26 08:00:00,509353.2529679912,24380.96904153068,7.0
2025-09-26 09:00:00,670267.3687504377,32080.209031121423,7.0
2025-09-26 10:00:00,762806.7606602202,36507.93113206795,7.0
2025-09-26 11:00:00,834864.2379862429,39955.657319915925,7.0
2025-09-26 12:00:00,916466.3881215281,43860.06641729799,7.0
2025-09-26 13:00:00,821765.7953312706,39328.93757565888,7.0
2025-09-26 14:00:00,570711.2645982458,27316.759071686403,7.0
2025-09-26 15:00:00,460850.4249176335,22060.259565437012,7.0
2025-09-26 16:00:00,209427.56505856436,10030.457658304515,7.0
2025-09-26 17:00:00,100067.11799273979,4797.9003824277415,7.0
2025-09-26 18:00:00,5987.465618502723,296.48160854080015,7.0
2025-09-26 19:00:00,0.0,10.0,3.2815
2025-09-26 20:00:00,0.0,10.0,3.2815
2025-09-26 21:00:00,0.0,10.0,3.2815
2025-09-26 22:00:00,0.0,10.0,3.2815
2025-09-26 23:00:00,0.0,10.0,3.2815
2025-09-27 00:00:00,0.0,10.0,3.2815
2025-09-27 01:00:00,0.0,10.0,3.2815
2025-09-27 02:00:00,0.0,10.0,3.2815
2025-09-27 03:00:00,0.0,10.0,3.2815
2025-09-27 04:00:00,0.0,10.0,3.2815
2025-09-27 05:00:00,0.0,10.0,3.2815
2025-09-27 06:00:00,9720.368172722337,475.0893862546573,7.0
2025-09-27 07:00:00,80775.20024309428,3874.8421168944633,7.0
2025-09-27 08:00:00,308030.52260059566,14748.302516774911,7.0
2025-09-27 09:00:00,671363.7976602949,32132.669744511717,7.0
2025-09-27 10:00:00,1212595.621640984,58028.92926511885,7.0
2025-09-27 11:00:00,1160572.2704123403,55539.77370393973,7.0
2025-09-27 12:00:00,1110399.8655309896,53139.18016894687,7.0
2025-09-27 13:00:00,907019.8347078818,43408.078215688125,7.0
2025-09-27 14:00:00,696523.6478747998,33336.49032893779,7.0
2025-09-27 15:00:00,560648.2514438112,26835.2751886991,7.0
2025-09-27 16:00:00,293715.09581200936,14063.353866603318,7.0
2025-09-27 17:00:00,132196.42433273143,6335.1877671163365,7.0
2025-09-27 18:00:00,3760.049922158541,189.9066948401216,7.0
2025-09-27 19:00:00,0.0,10.0,3.2815
2025-09-27 20:00:00,0.0,10.0,3.2815
2025-09-27 21:00:00,0.0,10.0,3.2815
2025-09-27 22:00:00,0.0,10.0,3.2815
2025-09-27 23:00:00,0.0,10.0,3.2815
2025-09-28 00:00:00,0.0,10.0,3.2815
2025-09-28 01:00:00,0.0,10.0,3.2815
2025-09-28 02:00:00,0.0,10.0,3.2815
2025-09-28 03:00:00,0.0,10.0,3.2815
2025-09-28 04:00:00,0.0,10.0,3.2815
2025-09-28 05:00:00,0.0,10.0,3.2815
2025-09-28 06:00:00,14392.615617080493,698.6418955540905,7.0
2025-09-28 07:00:00,217972.1521088287,10439.289574585106,7.0
2025-09-28 08:00:00,547960.3752591728,26228.19977316616,7.0
2025-09-28 09:00:00,896442.8626449491,42902.002997365984,7.0
2025-09-28 10:00:00,1242310.7786292632,59450.707111448,7.0
2025-09-28 11:00:00,1534594.4457428202,73435.57156664212,7.0
2025-09-28 12:00:00,1596540.4527241697,76399.49534565405,7.0
2025-09-28 13:00:00,1111419.9801889446,53187.989482724624,7.0
2025-09-28 14:00:00,883053.6474834194,42261.37069298657,7.0
2025-09-28 15:00:00,646999.265932318,30966.90267618747,7.0
2025-09-28 16:00:00,395614.8774813586,18938.9415062851,7.0
2025-09-28 17:00:00,145803.0076889316,6986.220463585243,7.0
2025-09-28 18:00:00,3366.55505281976,171.07918913013205,7.0
2025-09-28 19:00:00,0.0,10.0,3.2815
2025-09-28 20:00:00,0.0,10.0,3.2815
2025-09-28 21:00:00,0.0,10.0,3.2815
2025-09-28 22:00:00,0.0,10.0,3.2815
2025-09-28 23:00:00,0.0,10.0,3.2815
2025-09-29 00:00:00,0.0,10.0,3.2815
2025-09-29 01:00:00,0.0,10.0,3.2815
2025-09-29 02:00:00,0.0,10.0,3.2815
2025-09-29 03:00:00,0.0,10.0,3.2815
2025-09-29 04:00:00,0.0,10.0,3.2815
2025-09-29 05:00:00,0.0,10.0,3.2815
2025-09-29 06:00:00,7820.497743586696,384.18649490845434,7.0
2025-09-29 07:00:00,120509.7472717885,5776.016615875047,7.0
2025-09-29 08:00:00,360456.272999069,17256.711626749715,7.0
2025-09-29 09:00:00,682696.9014975812,32674.923516630675,7.0
2025-09-29 10:00:00,776527.1436585071,37164.40878748838,7.0
2025-09-29 11:00:00,1041162.5266272197,49826.38883383827,7.0
2025-09-29 12:00:00,1137687.1551353398,54444.792111738745,7.0
2025-09-29 13:00:00,980862.8160326912,46941.235216875175,7.0
2025-09-29 14:00:00,936684.513438757,44827.44083439029,7.0
2025-09-29 15:00:00,811701.8687170391,38847.4099864612,7.0
2025-09-29 16:00:00,389611.1816141793,18651.683330821972,7.0
2025-09-29 17:00:00,139555.51494123298,6687.297365609234,7.0
2025-09-29 18:00:00,2210.1272684398723,115.74771619329532,7.0
2025-09-29 19:00:00,0.0,10.0,3.2815
2025-09-29 20:00:00,0.0,10.0,3.2815
2025-09-29 21:00:00,0.0,10.0,3.2815
2025-09-29 22:00:00,0.0,10.0,3.2815
2025-09-29 23:00:00,0.0,10.0,3.2815
2025-09-30 00:00:00,0.0,10.0,3.2815
2025-09-30 01:00:00,0.0,10.0,3.2815
2025-09-30 02:00:00,0.0,10.0,3.2815
2025-09-30 03:00:00,0.0,10.0,3.2815
2025-09-30 04:00:00,0.0,10.0,3.2815
2025-09-30 05:00:00,0.0,10.0,3.2815
2025-09-30 06:00:00,9519.553128863525,465.4810109504079,7.0
2025-09-30 07:00:00,139463.30269330277,6682.885296330277,7.0
2025-09-30 08:00:00,255689.5661080443,12243.950531485372,7.0
2025-09-30 09:00:00,518329.23924506386,24810.44206914181,7.0
2025-09-30 10:00:00,608816.7719611727,29139.989089051327,7.0
2025-09-30 11:00:00,966479.0221298196,46253.015412910034,7.0
2025-09-30 12:00:00,1148128.4762072782,54944.376852022884,7.0
2025-09-30 13:00:00,865321.8831758072,41412.960917502736,7.0
2025-09-30 14:00:00,887644.2831773256,42481.01833384333,7.0
2025-09-30 15:00:00,823553.0160430027,39414.45052837334,7.0
2025-09-30 16:00:00,468437.4206748428,22423.273716499654,7.0
2025-09-30 17:00:00,128141.73943657045,6141.183705099064,7.0
2025-09-30 18:00:00,1294.8580452619624,71.9549303953092,7.0
2025-09-30 19:00:00,0.0,10.0,3.2815
2025-09-30 20:00:00,0.0,10.0,3.2815
2025-09-30 21:00:00,0.0,10.0,3.2815
2025-09-30 22:00:00,0.0,10.0,3.2815
2025-09-30 23:00:00,0.0,10.0,3.2815
2025-10-01 00:00:00,0.0,10.0,3.2815
2025-10-01 01:00:00,0.0,10.0,3.2815
2025-10-01 02:00:00,0.0,10.0,3.2815
2025-10-01 03:00:00,0.0,10.0,3.2815
2025-10-01 04:00:00,0.0,10.0,3.2815
2025-10-01 05:00:00,0.0,10.0,3.2815
2025-10-01 06:00:00,9194.420319391675,449.9244171957739,7.0
2025-10-01 07:00:00,195874.88791354068,9382.004206389505,7.0
2025-10-01 08:00:00,513194.99096203817,24564.78425655685,7.0
2025-10-01 09:00:00,905310.2487752623,43326.279845706325,7.0
2025-10-01 10:00:00,1413794.4886778777,67655.66931473099,7.0
2025-10-01 11:00:00,1631226.0336428522,78059.09251879677,7.0
2025-10-01 12:00:00,1658784.933294589,79377.70015763585,7.0
2025-10-01 13:00:00,1558404.7070503288,74574.81851915449,7.0
2025-10-01 14:00:00,1217641.8078536512,58270.37358151442,7.0
2025-10-01 15:00:00,918869.4513384636,43975.045518586776,7.0
2025-10-01 16:00:00,535027.0541004074,25609.38057896686,7.0
2025-10-01 17:00:00,156200.86627847492,7483.725659257174,7.0
2025-10-01 18:00:00,983.3073447866832,57.048198315152305,7.0
2025-10-01 19:00:00,0.0,10.0,3.2815
2025-10-01 20:00:00,0.0,10.0,3.2815
2025-10-01 21:00:00,0.0,10.0,3.2815
2025-10-01 22:00:00,0.0,10.0,3.2815
2025-10-01 23:00:00,0.0,10.0,3.2815
2025-10-02 00:00:00,0.0,10.0,3.2815
2025-10-02 01:00:00,0.0,10.0,3.2815
2025-10-02 02:00:00,0.0,10.0,3.2815
2025-10-02 03:00:00,0.0,10.0,3.2815
2025-10-02 04:00:00,0.0,10.0,3.2815
2025-10-02 05:00:00,0.0,10.0,3.2815
2025-10-02 06:00:00,9277.468634523511,453.8980207905986,7.0
2025-10-02 07:00:00,236045.45012313637,11304.040675748152,7.0
2025-10-02 08:00:00,612789.6443546815,29330.078677257487,7.0
2025-10-02 09:00:00,996315.0291600658,47680.575557897886,7.0
2025-10-02 10:00:00,1300093.8165726298,62215.445769025355,7.0
2025-10-02 11:00:00,1603390.0535099157,76727.22744066583,7.0
2025-10-02 12:00:00,1612501.2595715409,77163.17031442779,7.0
2025-10-02 13:00:00,1547634.786447923,74059.51131329774,7.0
2025-10-02 14:00:00,1321966.24758192,63261.97356851291,7.0
2025-10-02 15:00:00,989430.6377919519,47351.17884172019,7.0
2025-10-02 16:00:00,566888.8077021593,27133.8663972325,7.0
2025-10-02 17:00:00,164610.94032466435,7886.121546634658,7.0
2025-10-02 18:00:00,313.4088472313001,24.995638623507183,4.92153451116915
2025-10-02 19:00:00,0.0,10.0,3.2815
2025-10-02 20:00:00,0.0,10.0,3.2815
2025-10-02 21:00:00,0.0,10.0,3.2815
2025-10-02 22:00:00,0.0,10.0,3.2815
2025-10-02 23:00:00,0.0,10.0,3.2815
2025-10-03 00:00:00,0.0,10.0,3.2815
2025-10-03 01:00:00,0.0,10.0,3.2815
2025-10-03 02:00:00,0.0,10.0,3.2815
2025-10-03 03:00:00,0.0,10.0,3.2815
2025-10-03 04:00:00,0.0,10.0,3.2815
2025-10-03 05:00:00,0.0,10.0,3.2815
2025-10-03 06:00:00,2174.4921136819653,114.04268486516581,7.0
2025-10-03 07:00:00,69610.93235407183,3340.6666198120492,7.0
2025-10-03 08:00:00,258768.90009709776,12391.28708598554,7.0
2025-10-03 09:00:00,462915.60679435835,22159.072095423846,7.0
2025-10-03 10:00:00,339935.94768620125,16274.87787972255,7.0
2025-10-03 11:00:00,552722.1759206761,26456.0371253912,7.0
2025-10-03 12:00:00,801582.2760542029,38363.21894996186,7.0
2025-10-03 13:00:00,548397.9489274009,26249.13631231583,7.0
2025-10-03 14:00:00,369410.01575486263,17685.120371046058,7.0
2025-10-03 15:00:00,201080.23577716245,9631.063912782893,7.0
2025-10-03 16:00:00,87032.68926606924,4174.243505553552,7.0
2025-10-03 17:00:00,27775.652057414936,1338.9785673404276,7.0
2025-10-03 18:00:00,0.0,10.0,3.2815
2025-10-03 19:00:00,0.0,10.0,3.2815
2025-10-03 20:00:00,0.0,10.0,3.2815
2025-10-03 21:00:00,0.0,10.0,3.2815
2025-10-03 22:00:00,0.0,10.0,3.2815
2025-10-03 23:00:00,0.0,10.0,3.2815
2025-10-04 00:00:00,0.0,10.0,3.2815
2025-10-04 01:00:00,0.0,10.0,3.2815
2025-10-04 02:00:00,0.0,10.0,3.2815
2025-10-04 03:00:00,0.0,10.0,3.2815
2025-10-04 04:00:00,0.0,10.0,3.2815
2025-10-04 05:00:00,0.0,10.0,3.2815
2025-10-04 06:00:00,726.576193811821,44.76441118716846,7.0
2025-10-04 07:00:00,10482.662876085016,511.5628170375606,7.0
2025-10-04 08:00:00,33535.117950680615,1614.5510981186899,7.0
2025-10-04 09:00:00,78769.71703332737,3778.885982455855,7.0
2025-10-04 10:00:00,78594.242688542,3770.490080791483,7.0
2025-10-04 11:00:00,85209.45431640263,4087.0073835599346,7.0
2025-10-04 12:00:00,533148.3057845981,25519.488315052542,7.0
2025-10-04 13:00:00,1236702.0524178394,59182.34700563826,7.0
2025-10-04 14:00:00,1126994.9692581575,53933.20427072524,7.0
2025-10-04 15:00:00,830361.3426391833,39740.20778177911,7.0
2025-10-04 16:00:00,461911.41647602746,22111.024711771646,7.0
2025-10-04 17:00:00,129410.68716189766,6201.8989072678305,7.0
2025-10-04 18:00:00,0.0,10.0,3.2815
2025-10-04 19:00:00,0.0,10.0,3.2815
2025-10-04 20:00:00,0.0,10.0,3.2815
2025-10-04 21:00:00,0.0,10.0,3.2815
2025-10-04 22:00:00,0.0,10.0,3.2815
2025-10-04 23:00:00,0.0,10.0,3.2815
2025-10-05 00:00:00,0.0,10.0,3.2815
2025-10-05 01:00:00,0.0,10.0,3.2815
2025-10-05 02:00:00,0.0,10.0,3.2815
2025-10-05 03:00:00,0.0,10.0,3.2815
2025-10-05 04:00:00,0.0,10.0,3.2815
2025-10-05 05:00:00,0.0,10.0,3.2815
2025-10-05 06:00:00,3133.894250754455,159.94709333753372,7.0
2025-10-05 07:00:00,145415.72443283643,6967.690164250547,7.0
2025-10-05 08:00:00,335337.261083151,16054.845027901962,7.0
2025-10-05 09:00:00,544493.0736237587,26062.30017338559,7.0
2025-10-05 10:00:00,916803.7790637505,43876.20952458136,7.0
2025-10-05 11:00:00,1357380.3285338918,64956.42720257856,7.0
2025-10-05 12:00:00,1233298.902962051,59019.516888136415,7.0
2025-10-05 13:00:00,1080509.3000315542,51709.00957088776,7.0
2025-10-05 14:00:00,663591.8176083672,31760.804670256803,7.0
2025-10-05 15:00:00,474068.20992286364,22692.68946999348,7.0
2025-10-05 16:00:00,278639.3688533241,13342.027217862398,7.0
2025-10-05 17:00:00,78727.71685688812,3776.876404635795,7.0
2025-10-05 18:00:00,0.0,10.0,3.2815
2025-10-05 19:00:00,0.0,10.0,3.2815
2025-10-05 20:00:00,0.0,10.0,3.2815
2025-10-05 21:00:00,0.0,10.0,3.2815
2025-10-05 22:00:00,0.0,10.0,3.2815
2025-10-05 23:00:00,0.0,10.0,3.2815
2025-10-06 00:00:00,0.0,10.0,3.2815
2025-10-06 01:00:00,0.0,10.0,3.2815
2025-10-06 02:00:00,0.0,10.0,3.2815
2025-10-06 03:00:00,0.0,10.0,3.2815
2025-10-06 04:00:00,0.0,10.0,3.2815
2025-10-06 05:00:00,0.0,10.0,3.2815
2025-10-06 06:00:00,613.851500980264,39.370885214366695,7.0
2025-10-06 07:00:00,33142.18802097257,1595.7506230130416,7.0
2025-10-06 08:00:00,42415.74091998044,2039.4612880373415,7.0
2025-10-06 09:00:00,88338.6894802955,4236.731554081125,7.0
2025-10-06 10:00:00,127093.14386803434,6091.011668327003,7.0
2025-10-06 11:00:00,136968.5489057781,6563.5190864008655,7.0
2025-10-06 12:00:00,253066.55253613484,12118.447489767217,7.0
2025-10-06 13:00:00,404686.16784359474,19372.97453797104,7.0
2025-10-06 14:00:00,245603.94204386932,11761.384786788005,7.0
2025-10-06 15:00:00,101272.24788499028,4855.562099760301,7.0
2025-10-06 16:00:00,51726.00981879452,2484.9286994638524,7.0
2025-10-06 17:00:00,14344.64047543243,696.3464342312167,7.0
2025-10-06 18:00:00,0.0,10.0,3.2815
2025-10-06 19:00:00,0.0,10.0,3.2815
2025-10-06 20:00:00,0.0,10.0,3.2815
2025-10-06 21:00:00,0.0,10.0,3.2815
2025-10-06 22:00:00,0.0,10.0,3.2815
2025-10-06 23:00:00,0.0,10.0,3.2815
2025-10-07 00:00:00,0.0,10.0,3.2815
2025-10-07 01:00:00,0.0,10.0,3.2815
2025-10-07 02:00:00,0.0,10.0,3.2815
2025-10-07 03:00:00,0.0,10.0,3.2815
2025-10-07 04:00:00,0.0,10.0,3.2815
2025-10-07 05:00:00,0.0,10.0,3.2815
2025-10-07 06:00:00,945.6730789772178,55.247515740536734,7.0
2025-10-07 07:00:00,56155.07423806854,2696.8456573238536,7.0
2025-10-07 08:00:00,189895.93233676974,9095.929776878935,7.0
2025-10-07 09:00:00,286693.55707474693,13727.395075346742,7.0
2025-10-07 10:00:00,444597.42647205526,21282.60413741891,7.0
2025-10-07 11:00:00,434764.9321586911,20812.149864052208,7.0
2025-10-07 12:00:00,645190.4609173009,30880.35698168904,7.0
2025-10-07 13:00:00,628189.8132642597,30066.928864318645,7.0
2025-10-07 14:00:00,637833.1898787534,30528.334443959495,7.0
2025-10-07 15:00:00,435525.8884242754,20848.55925475002,7.0
2025-10-07 16:00:00,196579.49562098735,9415.717493827146,7.0
2025-10-07 17:00:00,42029.12707193244,2020.9630177958104,7.0
2025-10-07 18:00:00,0.0,10.0,3.2815
2025-10-07 19:00:00,0.0,10.0,3.2815
2025-10-07 20:00:00,0.0,10.0,3.2815
2025-10-07 21:00:00,0.0,10.0,3.2815
2025-10-07 22:00:00,0.0,10.0,3.2815
2025-10-07 23:00:00,0.0,10.0,3.2815
2025-10-08 00:00:00,0.0,10.0,3.2815
2025-10-08 01:00:00,0.0,10.0,3.2815
2025-10-08 02:00:00,0.0,10.0,3.2815
2025-10-08 03:00:00,0.0,10.0,3.2815
2025-10-08 04:00:00,0.0,10.0,3.2815
2025-10-08 05:00:00,0.0,10.0,3.2815
2025-10-08 06:00:00,294.78279117367964,24.104439769075583,4.779570232625033
2025-10-08 07:00:00,38353.535486618464,1845.097391704233,7.0
2025-10-08 08:00:00,132728.48423434235,6360.6451786766675,7.0
2025-10-08 09:00:00,192744.9823924426,9232.247961360888,7.0
2025-10-08 10:00:00,291443.11418507906,13954.64661172627,7.0
2025-10-08 11:00:00,520829.2119483727,24930.057987960416,7.0
2025-10-08 12:00:00,638198.3370503794,30545.80560049662,7.0
2025-10-08 13:00:00,404830.783187155,19379.89393239976,7.0
2025-10-08 14:00:00,408161.19987027586,19539.24401293186,7.0
2025-10-08 15:00:00,391049.93002528057,18720.522967716774,7.0
2025-10-08 16:00:00,195239.7878382156,9351.616642976822,7.0
2025-10-08 17:00:00,42687.82968458697,2052.4798892146873,7.0
2025-10-08 18:00:00,0.0,10.0,3.2815
2025-10-08 19:00:00,0.0,10.0,3.2815
2025-10-08 20:00:00,0.0,10.0,3.2815
2025-10-08 21:00:00,0.0,10.0,3.2815
2025-10-08 22:00:00,0.0,10.0,3.2815
2025-10-08 23:00:00,0.0,10.0,3.2815
2025-10-09 00:00:00,0.0,10.0,3.2815
2025-10-09 01:00:00,0.0,10.0,3.2815
2025-10-09 02:00:00,0.0,10.0,3.2815
2025-10-09 03:00:00,0.0,10.0,3.2815
2025-10-09 04:00:00,0.0,10.0,3.2815
2025-10-09 05:00:00,0.0,10.0,3.2815
2025-10-09 06:00:00,47.68487659802487,12.281573042967697,3.4567635214781935
2025-10-09 07:00:00,35505.523495652524,1708.828875390073,7.0
2025-10-09 08:00:00,163038.6086635545,7810.890366677249,7.0
2025-10-09 09:00:00,353732.8839504344,16935.018370834183,7.0
2025-10-09 10:00:00,697813.111757915,33398.18716545048,7.0
2025-10-09 11:00:00,992384.9030778792,47492.53124774541,7.0
2025-10-09 12:00:00,853461.8269632426,40845.49411307381,7.0
2025-10-09 13:00:00,799287.328707503,38253.41285681833,7.0
2025-10-09 14:00:00,536089.1117205109,25660.1967330388,7.0
2025-10-09 15:00:00,280505.5180715365,13431.3166541405,7.0
2025-10-09 16:00:00,143388.9978330853,6870.717599669153,7.0
2025-10-09 17:00:00,23644.51069109016,1141.3163010090984,7.0
2025-10-09 18:00:00,0.0,10.0,3.2815
2025-10-09 19:00:00,0.0,10.0,3.2815
2025-10-09 20:00:00,0.0,10.0,3.2815
2025-10-09 21:00:00,0.0,10.0,3.2815
2025-10-09 22:00:00,0.0,10.0,3.2815
2025-10-09 23:00:00,0.0,10.0,3.2815
2025-10-10 00:00:00,0.0,10.0,3.2815
2025-10-10 01:00:00,0.0,10.0,3.2815
2025-10-10 02:00:00,0.0,10.0,3.2815
2025-10-10 03:00:00,0.0,10.0,3.2815
2025-10-10 04:00:00,0.0,10.0,3.2815
2025-10-10 05:00:00,0.0,10.0,3.2815
2025-10-10 06:00:00,228.91143201891902,20.952700096598996,4.337128066512244
2025-10-10 07:00:00,64933.25090501911,3116.8541102879954,7.0
2025-10-10 08:00:00,198330.53870820178,9499.499459722574,7.0
2025-10-10 09:00:00,423620.4621661357,20278.921634743336,7.0
2025-10-10 10:00:00,704958.0951970408,33740.052401772286,7.0
2025-10-10 11:00:00,897841.7170933611,42968.93383221823,7.0
2025-10-10 12:00:00,631489.6989913343,30224.818133556666,7.0
2025-10-10 13:00:00,569769.8679279421,27271.716168801053,7.0
2025-10-10 14:00:00,560726.530561158,26839.02060101234,7.0
2025-10-10 15:00:00,458829.3813459934,21963.55891607624,7.0
2025-10-10 16:00:00,206804.18987013752,9904.937314360646,7.0
2025-10-10 17:00:00,37310.08844510304,1795.1716959379446,7.0
2025-10-10 18:00:00,0.0,10.0,3.2815
2025-10-10 19:00:00,0.0,10.0,3.2815
2025-10-10 20:00:00,0.0,10.0,3.2815
2025-10-10 21:00:00,0.0,10.0,3.2815
2025-10-10 22:00:00,0.0,10.0,3.2815
2025-10-10 23:00:00,0.0,10.0,3.2815
2025-10-11 00:00:00,0.0,10.0,3.2815
2025-10-11 01:00:00,0.0,10.0,3.2815
2025-10-11 02:00:00,0.0,10.0,3.2815
2025-10-11 03:00:00,0.0,10.0,3.2815
2025-10-11 04:00:00,0.0,10.0,3.2815
2025-10-11 05:00:00,0.0,10.0,3.2815
2025-10-11 06:00:00,0.0,10.0,3.2815
2025-10-11 07:00:00,43591.508869047146,2095.7181277056047,7.0
2025-10-11 08:00:00,157460.5173844474,7543.996047102746,7.0
2025-10-11 09:00:00,294264.5746647721,14089.644720802493,7.0
2025-10-11 10:00:00,425602.2588277378,20373.744441518556,7.0
2025-10-11 11:00:00,381016.81899850094,18240.469808540714,7.0
2025-10-11 12:00:00,473367.6632184436,22659.170488920747,7.0
2025-10-11 13:00:00,524086.022855173,25085.88626101306,7.0
2025-10-11 14:00:00,397659.89700329123,19036.789330301017,7.0
2025-10-11 15:00:00,311181.9897771046,14899.090419957156,7.0
2025-10-11 16:00:00,132527.30143654463,6351.019207490174,7.0
2025-10-11 17:00:00,22283.049330417816,1076.1746091109003,7.0
2025-10-11 18:00:00,0.0,10.0,3.2815
2025-10-11 19:00:00,0.0,10.0,3.2815
2025-10-11 20:00:00,0.0,10.0,3.2815
2025-10-11 21:00:00,0.0,10.0,3.2815
2025-10-11 22:00:00,0.0,10.0,3.2815
2025-10-11 23:00:00,0.0,10.0,3.2815
2025-10-12 00:00:00,0.0,10.0,3.2815
2025-10-12 01:00:00,0.0,10.0,3.2815
2025-10-12 02:00:00,0.0,10.0,3.2815
2025-10-12 03:00:00,0.0,10.0,3.2815
2025-10-12 04:00:00,0.0,10.0,3.2815
2025-10-12 05:00:00,0.0,10.0,3.2815
2025-10-12 06:00:00,0.0,10.0,3.2815
2025-10-12 07:00:00,69587.34628009956,3339.5380995262944,7.0
2025-10-12 08:00:00,269032.51808437635,12882.369286333796,7.0
2025-10-12 09:00:00,455657.7843120241,21811.807861819332,7.0
2025-10-12 10:00:00,551799.585117447,26411.894024758225,7.0
2025-10-12 11:00:00,544830.456100653,26078.44287562933,7.0
2025-10-12 12:00:00,680800.4960081294,32584.186411872222,7.0
2025-10-12 13:00:00,631506.7642510787,30225.634653161662,7.0
2025-10-12 14:00:00,451359.79073396634,21606.162236074946,7.0
2025-10-12 15:00:00,312904.3270663828,14981.498902697744,7.0
2025-10-12 16:00:00,149886.9173684722,7181.622840596757,7.0
2025-10-12 17:00:00,23716.99298775997,1144.7843534813383,7.0
2025-10-12 18:00:00,0.0,10.0,3.2815
2025-10-12 19:00:00,0.0,10.0,3.2815
2025-10-12 20:00:00,0.0,10.0,3.2815
2025-10-12 21:00:00,0.0,10.0,3.2815
2025-10-12 22:00:00,0.0,10.0,3.2815
2025-10-12 23:00:00,0.0,10.0,3.2815
2025-10-13 00:00:00,0.0,10.0,3.2815
2025-10-13 01:00:00,0.0,10.0,3.2815
2025-10-13 02:00:00,0.0,10.0,3.2815
2025-10-13 03:00:00,0.0,10.0,3.2815
2025-10-13 04:00:00,0.0,10.0,3.2815
2025-10-13 05:00:00,0.0,10.0,3.2815
2025-10-13 06:00:00,0.0,10.0,3.2815
2025-10-13 07:00:00,13563.340614369892,658.963665759325,7.0
2025-10-13 08:00:00,86386.44561548557,4143.322756721798,7.0
2025-10-13 09:00:00,126789.68096891692,6076.491912388369,7.0
2025-10-13 10:00:00,241185.57350590872,11549.97959358415,7.0
2025-10-13 11:00:00,229468.06066898952,10989.333046363134,7.0
2025-10-13 12:00:00,312854.7542786524,14979.126998978585,7.0
2025-10-13 13:00:00,327783.27852713695,15693.410455843872,7.0
2025-10-13 14:00:00,327529.68594903185,15681.276839666594,7.0
2025-10-13 15:00:00,206567.56049204638,9893.615334547674,7.0
2025-10-13 16:00:00,120503.71636258037,5775.728055625855,7.0
2025-10-13 17:00:00,22641.156606852528,1093.3089285575372,7.0
2025-10-13 18:00:00,0.0,10.0,3.2815
2025-10-13 19:00:00,0.0,10.0,3.2815
2025-10-13 20:00:00,0.0,10.0,3.2815
2025-10-13 21:00:00,0.0,10.0,3.2815
2025-10-13 22:00:00,0.0,10.0,3.2815
2025-10-13 23:00:00,0.0,10.0,3.2815
2025-10-14 00:00:00,0.0,10.0,3.2815
2025-10-14 01:00:00,0.0,10.0,3.2815
2025-10-14 02:00:00,0.0,10.0,3.2815
2025-10-14 03:00:00,0.0,10.0,3.2815
2025-10-14 04:00:00,0.0,10.0,3.2815
2025-10-14 05:00:00,0.0,10.0,3.2815
2025-10-14 06:00:00,0.0,10.0,3.2815
2025-10-14 07:00:00,77804.95551609746,3732.725144310883,7.0
2025-10-14 08:00:00,297347.78342531674,14237.166671067787,7.0
2025-10-14 09:00:00,378602.5376694619,18124.953955476645,7.0
2025-10-14 10:00:00,740778.8134557807,35453.9623663053,7.0
2025-10-14 11:00:00,667382.695028264,31942.186364988705,7.0
2025-10-14 12:00:00,591288.8441027349,28301.332253719374,7.0
2025-10-14 13:00:00,489814.0295787187,23446.07797027362,7.0
2025-10-14 14:00:00,343885.3668954631,16463.84530600302,7.0
2025-10-14 15:00:00,222415.3328488126,10651.881954488641,7.0
2025-10-14 16:00:00,105044.2363105894,5036.040014860737,7.0
2025-10-14 17:00:00,16725.780962544526,810.2766010786855,7.0
2025-10-14 18:00:00,0.0,10.0,3.2815
2025-10-14 19:00:00,0.0,10.0,3.2815
2025-10-14 20:00:00,0.0,10.0,3.2815
2025-10-14 21:00:00,0.0,10.0,3.2815
2025-10-14 22:00:00,0.0,10.0,3.2815
2025-10-14 23:00:00,0.0,10.0,3.2815
2025-10-15 00:00:00,0.0,10.0,3.2815
2025-10-15 01:00:00,0.0,10.0,3.2815
2025-10-15 02:00:00,0.0,10.0,3.2815
2025-10-15 03:00:00,0.0,10.0,3.2815
2025-10-15 04:00:00,0.0,10.0,3.2815
2025-10-15 05:00:00,0.0,10.0,3.2815
2025-10-15 06:00:00,0.0,10.0,3.2815
2025-10-15 07:00:00,47207.147335150614,2268.7151835000295,7.0
2025-10-15 08:00:00,202763.70306810105,9711.61258699048,7.0
2025-10-15 09:00:00,351784.9744982495,16841.81696163873,7.0
2025-10-15 10:00:00,423391.5392898333,20267.968387073364,7.0
2025-10-15 11:00:00,574774.2476346521,27511.160173906796,7.0
2025-10-15 12:00:00,711608.8635690678,34058.27098416592,7.0
2025-10-15 13:00:00,534670.5238651646,25592.321716036582,7.0
2025-10-15 14:00:00,329885.7003359031,15794.004800760915,7.0
2025-10-15 15:00:00,251684.60339774223,12052.325521423074,7.0
2025-10-15 16:00:00,143687.44439103498,6884.997339283971,7.0
2025-10-15 17:00:00,17527.13339551544,848.618822751935,7.0
2025-10-15 18:00:00,0.0,10.0,3.2815
2025-10-15 19:00:00,0.0,10.0,3.2815
2025-10-15 20:00:00,0.0,10.0,3.2815
2025-10-15 21:00:00,0.0,10.0,3.2815
2025-10-15 22:00:00,0.0,10.0,3.2815
2025-10-15 23:00:00,0.0,10.0,3.2815
2025-10-16 00:00:00,0.0,10.0,3.2815
2025-10-16 01:00:00,0.0,10.0,3.2815
2025-10-16 02:00:00,0.0,10.0,3.2815
2025-10-16 03:00:00,0.0,10.0,3.2815
2025-10-16 04:00:00,0.0,10.0,3.2815
2025-10-16 05:00:00,0.0,10.0,3.2815
2025-10-16 06:00:00,0.0,10.0,3.2815
2025-10-16 07:00:00,38524.82396825819,1853.2930128353203,7.0
2025-10-16 08:00:00,197769.59640498811,9472.660115071201,7.0
2025-10-16 09:00:00,338259.3673104023,16194.658722985754,7.0
2025-10-16 10:00:00,431473.18747637287,20654.65011848674,7.0
2025-10-16 11:00:00,662213.3747500946,31694.850466511707,7.0
2025-10-16 12:00:00,552665.1322482077,26453.30776307214,7.0
2025-10-16 13:00:00,606265.9851146558,29017.941871514635,7.0
2025-10-16 14:00:00,371011.07004196604,17761.72583932852,7.0
2025-10-16 15:00:00,362299.6482904702,17344.911401457903,7.0
2025-10-16 16:00:00,139199.76742174634,6670.275953193605,7.0
2025-10-16 17:00:00,17480.63200354878,846.3938757678843,7.0
2025-10-16 18:00:00,0.0,10.0,3.2815
2025-10-16 19:00:00,0.0,10.0,3.2815
2025-10-16 20:00:00,0.0,10.0,3.2815
2025-10-16 21:00:00,0.0,10.0,3.2815
2025-10-16 22:00:00,0.0,10.0,3.2815
2025-10-16 23:00:00,0.0,10.0,3.2815
2025-10-17 00:00:00,0.0,10.0,3.2815
2025-10-17 01:00:00,0.0,10.0,3.2815
2025-10-17 02:00:00,0.0,10.0,3.2815
2025-10-17 03:00:00,0.0,10.0,3.2815
2025-10-17 04:00:00,0.0,10.0,3.2815
2025-10-17 05:00:00,0.0,10.0,3.2815
2025-10-17 06:00:00,0.0,10.0,3.2815
2025-10-17 07:00:00,41128.71711064782,1977.881201466403,7.0
2025-10-17 08:00:00,215969.66576503936,10343.476830863126,7.0
2025-10-17 09:00:00,270480.7623220102,12951.663268995702,7.0
2025-10-17 10:00:00,404949.2307416529,19385.561279504924,7.0
2025-10-17 11:00:00,723044.5979791664,34605.43531000796,7.0
2025-10-17 12:00:00,502551.32282988424,24055.517838750442,7.0
2025-10-17 13:00:00,662328.067834236,31700.338173886885,7.0
2025-10-17 14:00:00,649273.5837249445,31075.72170932749,7.0
2025-10-17 15:00:00,440519.25938851305,21087.476525766175,7.0
2025-10-17 16:00:00,172501.83798717905,8263.6764587167,7.0
2025-10-17 17:00:00,15955.770183387824,773.433980066403,7.0
2025-10-17 18:00:00,0.0,10.0,3.2815
2025-10-17 19:00:00,0.0,10.0,3.2815
2025-10-17 20:00:00,0.0,10.0,3.2815
2025-10-17 21:00:00,0.0,10.0,3.2815
2025-10-17 22:00:00,0.0,10.0,3.2815
2025-10-17 23:00:00,0.0,10.0,3.2815
2025-10-18 00:00:00,0.0,10.0,3.2815
2025-10-18 01:00:00,0.0,10.0,3.2815
2025-10-18 02:00:00,0.0,10.0,3.2815
2025-10-18 03:00:00,0.0,10.0,3.2815
2025-10-18 04:00:00,0.0,10.0,3.2815
2025-10-18 05:00:00,0.0,10.0,3.2815
2025-10-18 06:00:00,0.0,10.0,3.2815
2025-10-18 07:00:00,41647.32134468816,2002.6948011812515,7.0
2025-10-18 08:00:00,247542.02518731696,11854.116037670668,7.0
2025-10-18 09:00:00,463046.04317640717,22165.313070641492,7.0
2025-10-18 10:00:00,761259.2112874894,36433.88570753538,7.0
2025-10-18 11:00:00,946607.2852518781,45302.21460535302,7.0
2025-10-18 12:00:00,975019.2305776655,46661.637826682556,7.0
2025-10-18 13:00:00,871765.1178033281,41721.24965566163,7.0
2025-10-18 14:00:00,718881.1977751205,34406.22955861821,7.0
2025-10-18 15:00:00,604613.8049714421,28938.890190021153,7.0
2025-10-18 16:00:00,265889.52773641195,12731.986973034063,7.0
2025-10-18 17:00:00,23187.83799240638,1119.465932651023,7.0
2025-10-18 18:00:00,0.0,10.0,3.2815
2025-10-18 19:00:00,0.0,10.0,3.2815
2025-10-18 20:00:00,0.0,10.0,3.2815
2025-10-18 21:00:00,0.0,10.0,3.2815
2025-10-18 22:00:00,0.0,10.0,3.2815
2025-10-18 23:00:00,0.0,10.0,3.2815
2025-10-19 00:00:00,0.0,10.0,3.2815
2025-10-19 01:00:00,0.0,10.0,3.2815
2025-10-19 02:00:00,0.0,10.0,3.2815
2025-10-19 03:00:00,0.0,10.0,3.2815
2025-10-19 04:00:00,0.0,10.0,3.2815
2025-10-19 05:00:00,0.0,10.0,3.2815
2025-10-19 06:00:00,0.0,10.0,3.2815
2025-10-19 07:00:00,73581.5998242259,3530.6507092931047,7.0
2025-10-19 08:00:00,296501.93699630466,14196.695550062426,7.0
2025-10-19 09:00:00,592522.757005167,28360.371148572583,7.0
2025-10-19 10:00:00,882123.8903602571,42216.8847062324,7.0
2025-10-19 11:00:00,1065187.8846280244,50975.92749416384,7.0
2025-10-19 12:00:00,1321518.6250812227,63240.55622398195,7.0
2025-10-19 13:00:00,1241096.3218214058,59392.59913021081,7.0
2025-10-19 14:00:00,1002290.9142113463,47966.50307231322,7.0
2025-10-19 15:00:00,652172.8190235503,31214.441101605276,7.0
2025-10-19 16:00:00,249352.2841646196,11940.731299742565,7.0
2025-10-19 17:00:00,14558.700145980885,706.5885237311428,7.0
2025-10-19 18:00:00,0.0,10.0,3.2815
2025-10-19 19:00:00,0.0,10.0,3.2815
2025-10-19 20:00:00,0.0,10.0,3.2815
2025-10-19 21:00:00,0.0,10.0,3.2815
2025-10-19 22:00:00,0.0,10.0,3.2815
2025-10-19 23:00:00,0.0,10.0,3.2815
2025-10-20 00:00:00,0.0,10.0,3.2815
2025-10-20 01:00:00,0.0,10.0,3.2815
2025-10-20 02:00:00,0.0,10.0,3.2815
2025-10-20 03:00:00,0.0,10.0,3.2815
2025-10-20 04:00:00,0.0,10.0,3.2815
2025-10-20 05:00:00,0.0,10.0,3.2815
2025-10-20 06:00:00,0.0,10.0,3.2815
2025-10-20 07:00:00,13931.087313048429,676.5592015812645,7.0
2025-10-20 08:00:00,69160.22699104525,3319.1017699064714,7.0
2025-10-20 09:00:00,200214.4983102761,9589.641067477325,7.0
2025-10-20 10:00:00,530498.9784304281,25392.72624069034,7.0
2025-10-20 11:00:00,551809.1733729434,26412.3527929638,7.0
2025-10-20 12:00:00,790250.4401682983,37821.02584537313,7.0
2025-10-20 13:00:00,736657.6190974679,35256.77603337167,7.0
2025-10-20 14:00:00,570023.1947144879,27283.837067678847,7.0
2025-10-20 15:00:00,479148.39260187984,22935.7604115732,7.0
2025-10-20 16:00:00,178485.98007185283,8549.999046500136,7.0
2025-10-20 17:00:00,14014.27685144252,680.5395622699771,7.0
2025-10-20 18:00:00,0.0,10.0,3.2815
2025-10-20 19:00:00,0.0,10.0,3.2815
2025-10-20 20:00:00,0.0,10.0,3.2815
2025-10-20 21:00:00,0.0,10.0,3.2815
2025-10-20 22:00:00,0.0,10.0,3.2815
2025-10-20 23:00:00,0.0,10.0,3.2815
2025-10-21 00:00:00,0.0,10.0,3.2815
2025-10-21 01:00:00,0.0,10.0,3.2815
2025-10-21 02:00:00,0.0,10.0,3.2815
2025-10-21 03:00:00,0.0,10.0,3.2815
2025-10-21 04:00:00,0.0,10.0,3.2815
2025-10-21 05:00:00,0.0,10.0,3.2815
2025-10-21 06:00:00,0.0,10.0,3.2815
2025-10-21 07:00:00,30116.299196196065,1450.9712534065102,7.0
2025-10-21 08:00:00,45203.672294314725,2172.855133699269,7.0
2025-10-21 09:00:00,87446.10862193402,4194.024335977705,7.0
2025-10-21 10:00:00,395363.1041295251,18926.894934427037,7.0
2025-10-21 11:00:00,772982.8032419101,36994.823121622496,7.0
2025-10-21 12:00:00,548897.5875966271,26273.04246873814,7.0
2025-10-21 13:00:00,631431.9146515911,30222.053332612013,7.0
2025-10-21 14:00:00,650224.5573445989,31121.22283945449,7.0
2025-10-21 15:00:00,425187.58099883085,20353.903397073245,7.0
2025-10-21 16:00:00,178289.81910993985,8540.613354542576,7.0
2025-10-21 17:00:00,12390.386025119597,602.8414366085932,7.0
2025-10-21 18:00:00,0.0,10.0,3.2815
2025-10-21 19:00:00,0.0,10.0,3.2815
2025-10-21 20:00:00,0.0,10.0,3.2815
2025-10-21 21:00:00,0.0,10.0,3.2815
2025-10-21 22:00:00,0.0,10.0,3.2815
2025-10-21 23:00:00,0.0,10.0,3.2815
2025-10-22 00:00:00,0.0,10.0,3.2815
2025-10-22 01:00:00,0.0,10.0,3.2815
2025-10-22 02:00:00,0.0,10.0,3.2815
2025-10-22 03:00:00,0.0,10.0,3.2815
2025-10-22 04:00:00,0.0,10.0,3.2815
2025-10-22 05:00:00,0.0,10.0,3.2815
2025-10-22 06:00:00,0.0,10.0,3.2815
2025-10-22 07:00:00,31576.992455477233,1520.8608830371882,7.0
2025-10-22 08:00:00,169813.5075476407,8135.048208021087,7.0
2025-10-22 09:00:00,427795.92666265345,20478.704625007344,7.0
2025-10-22 10:00:00,488932.0551593915,23403.878237291457,7.0
2025-10-22 11:00:00,712750.5629822583,34112.897750347285,7.0
2025-10-22 12:00:00,894730.2172964427,42820.05824384894,7.0
2025-10-22 13:00:00,864375.6739705334,41367.68774978629,7.0
2025-10-22 14:00:00,720210.9050922788,34469.85191829086,7.0
2025-10-22 15:00:00,455587.9797304632,21808.467929687235,7.0
2025-10-22 16:00:00,176585.52161142835,8459.068019685566,7.0
2025-10-22 17:00:00,11852.73654480339,577.1165810910713,7.0
2025-10-22 18:00:00,0.0,10.0,3.2815
2025-10-22 19:00:00,0.0,10.0,3.2815
2025-10-22 20:00:00,0.0,10.0,3.2815
2025-10-22 21:00:00,0.0,10.0,3.2815
2025-10-22 22:00:00,0.0,10.0,3.2815
2025-10-22 23:00:00,0.0,10.0,3.2815
2025-10-23 00:00:00,0.0,10.0,3.2815
2025-10-23 01:00:00,0.0,10.0,3.2815
2025-10-23 02:00:00,0.0,10.0,3.2815
2025-10-23 03:00:00,0.0,10.0,3.2815
2025-10-23 04:00:00,0.0,10.0,3.2815
2025-10-23 05:00:00,0.0,10.0,3.2815
2025-10-23 06:00:00,0.0,10.0,3.2815
2025-10-23 07:00:00,21635.427486280765,1045.1879180038643,7.0
2025-10-23 08:00:00,279597.50196957035,13387.870907634944,7.0
2025-10-23 09:00:00,725095.0244886896,34703.541841564096,7.0
2025-10-23 10:00:00,922352.1498582066,44141.681811397444,7.0
2025-10-23 11:00:00,981136.0083925317,46954.306621652235,7.0
2025-10-23 12:00:00,950102.6739519972,45469.458083827616,7.0
2025-10-23 13:00:00,417729.68857708777,19997.06643909511,7.0
2025-10-23 14:00:00,123785.10512665597,5932.732302710811,7.0
2025-10-23 15:00:00,162027.88719584263,7762.53048783936,7.0
2025-10-23 16:00:00,72404.25269402984,3474.318310719131,7.0
2025-10-23 17:00:00,1807.6282588393487,96.48939037508846,7.0
2025-10-23 18:00:00,0.0,10.0,3.2815
2025-10-23 19:00:00,0.0,10.0,3.2815
2025-10-23 20:00:00,0.0,10.0,3.2815
2025-10-23 21:00:00,0.0,10.0,3.2815
2025-10-23 22:00:00,0.0,10.0,3.2815
2025-10-23 23:00:00,0.0,10.0,3.2815
2025-10-24 00:00:00,0.0,10.0,3.2815
2025-10-24 01:00:00,0.0,10.0,3.2815
2025-10-24 02:00:00,0.0,10.0,3.2815
2025-10-24 03:00:00,0.0,10.0,3.2815
2025-10-24 04:00:00,0.0,10.0,3.2815
2025-10-24 05:00:00,0.0,10.0,3.2815
2025-10-24 06:00:00,0.0,10.0,3.2815
2025-10-24 07:00:00,40170.72056757496,1932.0440462954525,7.0
2025-10-24 08:00:00,214689.93907766676,10282.245888883577,7.0
2025-10-24 09:00:00,490093.00587208575,23459.426118281615,7.0
2025-10-24 10:00:00,719428.1368697704,34432.39889329045,7.0
2025-10-24 11:00:00,1084952.0565253438,51921.58165193033,7.0
2025-10-24 12:00:00,1038862.8996349254,49716.358834206956,7.0
2025-10-24 13:00:00,824968.4727892232,39482.17573154178,7.0
2025-10-24 14:00:00,658648.4641184225,31524.28057982883,7.0
2025-10-24 15:00:00,540486.2996223222,25870.588498675705,7.0
2025-10-24 16:00:00,200965.2777316999,9625.56352783253,7.0
2025-10-24 17:00:00,6615.750638283125,326.54309274081936,7.0
2025-10-24 18:00:00,0.0,10.0,3.2815
2025-10-24 19:00:00,0.0,10.0,3.2815
2025-10-24 20:00:00,0.0,10.0,3.2815
2025-10-24 21:00:00,0.0,10.0,3.2815
2025-10-24 22:00:00,0.0,10.0,3.2815
2025-10-24 23:00:00,0.0,10.0,3.2815
2025-10-25 00:00:00,0.0,10.0,3.2815
2025-10-25 01:00:00,0.0,10.0,3.2815
2025-10-25 02:00:00,0.0,10.0,3.2815
2025-10-25 03:00:00,0.0,10.0,3.2815
2025-10-25 04:00:00,0.0,10.0,3.2815
2025-10-25 05:00:00,0.0,10.0,3.2815
2025-10-25 06:00:00,0.0,10.0,3.2815
2025-10-25 07:00:00,18465.688570892067,893.5257689422041,7.0
2025-10-25 08:00:00,92216.40287560699,4422.268080172583,7.0
2025-10-25 09:00:00,77103.60792693558,3699.167843394047,7.0
2025-10-25 10:00:00,460231.8679741641,22030.663539433688,7.0
2025-10-25 11:00:00,732988.3571002325,35081.21325838433,7.0
2025-10-25 12:00:00,421729.9677844868,20188.467358109418,7.0
2025-10-25 13:00:00,208179.92476246977,9970.761950357406,7.0
2025-10-25 14:00:00,163030.42433900695,7810.49877220129,7.0
2025-10-25 15:00:00,107962.45219200147,5175.667568995285,7.0
2025-10-25 16:00:00,118909.2980133779,5699.440096333871,7.0
2025-10-25 17:00:00,5388.8028775895855,267.8374582578749,7.0
2025-10-25 18:00:00,0.0,10.0,3.2815
2025-10-25 19:00:00,0.0,10.0,3.2815
2025-10-25 20:00:00,0.0,10.0,3.2815
2025-10-25 21:00:00,0.0,10.0,3.2815
2025-10-25 22:00:00,0.0,10.0,3.2815
2025-10-25 23:00:00,0.0,10.0,3.2815
2025-10-26 00:00:00,0.0,10.0,3.2815
2025-10-26 01:00:00,0.0,10.0,3.2815
2025-10-26 02:00:00,0.0,10.0,3.2815
2025-10-26 03:00:00,0.0,10.0,3.2815
2025-10-26 04:00:00,0.0,10.0,3.2815
2025-10-26 05:00:00,0.0,10.0,3.2815
2025-10-26 06:00:00,0.0,10.0,3.2815
2025-10-26 07:00:00,26272.576241507497,1267.0610641869616,7.0
2025-10-26 08:00:00,162468.71709940294,7783.622827722628,7.0
2025-10-26 09:00:00,216713.87321642993,10379.084842891383,7.0
2025-10-26 10:00:00,305710.80910937145,14637.311440639782,7.0
2025-10-26 11:00:00,518945.5278778989,24839.929563535832,7.0
2025-10-26 12:00:00,653653.3808541156,31285.281380579694,7.0
2025-10-26 13:00:00,659050.1184865828,31543.498492180992,7.0
2025-10-26 14:00:00,665057.2969118947,31830.92329721984,7.0
2025-10-26 15:00:00,427384.21956235403,20459.005720686797,7.0
2025-10-26 16:00:00,138130.54083685746,6619.1167864525105,7.0
2025-10-26 17:00:00,3909.981056576205,197.08043332900502,7.0
2025-10-26 18:00:00,0.0,10.0,3.2815
2025-10-26 19:00:00,0.0,10.0,3.2815
2025-10-26 20:00:00,0.0,10.0,3.2815
2025-10-26 21:00:00,0.0,10.0,3.2815
2025-10-26 22:00:00,0.0,10.0,3.2815
2025-10-26 23:00:00,0.0,10.0,3.2815
2025-10-27 00:00:00,0.0,10.0,3.2815
2025-10-27 01:00:00,0.0,10.0,3.2815
2025-10-27 02:00:00,0.0,10.0,3.2815
2025-10-27 03:00:00,0.0,10.0,3.2815
2025-10-27 04:00:00,0.0,10.0,3.2815
2025-10-27 05:00:00,0.0,10.0,3.2815
2025-10-27 06:00:00,0.0,10.0,3.2815
2025-10-27 07:00:00,24620.030666152205,1187.9918979020194,7.0
2025-10-27 08:00:00,194430.20152579827,9312.880455779821,7.0
2025-10-27 09:00:00,442803.08929209015,21196.750683832066,7.0
2025-10-27 10:00:00,585184.9263703687,28009.27877370185,7.0
2025-10-27 11:00:00,676634.7212945002,32384.86704758374,7.0
2025-10-27 12:00:00,554837.4058980801,26557.244301343548,7.0
2025-10-27 13:00:00,648766.8095471727,31051.474141013052,7.0
2025-10-27 14:00:00,389871.3030836386,18664.12933414539,7.0
2025-10-27 15:00:00,323409.61166193907,15484.144098657373,7.0
2025-10-27 16:00:00,111760.07351192675,5357.371938369702,7.0
2025-10-27 17:00:00,3284.7776953748516,167.16639690788764,7.0
2025-10-27 18:00:00,0.0,10.0,3.2815
2025-10-27 19:00:00,0.0,10.0,3.2815
2025-10-27 20:00:00,0.0,10.0,3.2815
2025-10-27 21:00:00,0.0,10.0,3.2815
2025-10-27 22:00:00,0.0,10.0,3.2815
2025-10-27 23:00:00,0.0,10.0,3.2815
2025-10-28 00:00:00,0.0,10.0,3.2815
2025-10-28 01:00:00,0.0,10.0,3.2815
2025-10-28 02:00:00,0.0,10.0,3.2815
2025-10-28 03:00:00,0.0,10.0,3.2815
2025-10-28 04:00:00,0.0,10.0,3.2815
2025-10-28 05:00:00,0.0,10.0,3.2815
2025-10-28 06:00:00,0.0,10.0,3.2815
2025-10-28 07:00:00,7644.4011490660005,375.7608205294737,7.0
2025-10-28 08:00:00,102823.19961747709,4929.770316625698,7.0
2025-10-28 09:00:00,211922.38279573826,10149.826928025754,7.0
2025-10-28 10:00:00,191381.50550629682,9167.009832837168,7.0
2025-10-28 11:00:00,410881.5211088044,19669.40292386624,7.0
2025-10-28 12:00:00,425490.3633969048,20368.390593153337,7.0
2025-10-28 13:00:00,516464.15177775215,24721.20343434221,7.0
2025-10-28 14:00:00,363839.291418403,17418.578536765694,7.0
2025-10-28 15:00:00,308955.6017722608,14792.564678098603,7.0
2025-10-28 16:00:00,129271.37335900066,6195.233175071801,7.0
2025-10-28 17:00:00,1724.578949392818,92.51573920539799,7.0
2025-10-28 18:00:00,0.0,10.0,3.2815
2025-10-28 19:00:00,0.0,10.0,3.2815
2025-10-28 20:00:00,0.0,10.0,3.2815
2025-10-28 21:00:00,0.0,10.0,3.2815
2025-10-28 22:00:00,0.0,10.0,3.2815
2025-10-28 23:00:00,0.0,10.0,3.2815
2025-10-29 00:00:00,0.0,10.0,3.2815
2025-10-29 01:00:00,0.0,10.0,3.2815
2025-10-29 02:00:00,0.0,10.0,3.2815
2025-10-29 03:00:00,0.0,10.0,3.2815
2025-10-29 04:00:00,0.0,10.0,3.2815
2025-10-29 05:00:00,0.0,10.0,3.2815
2025-10-29 06:00:00,0.0,10.0,3.2815
2025-10-29 07:00:00,24772.839625938614,1195.3033313846227,7.0
2025-10-29 08:00:00,247666.52644698886,11860.073035741094,7.0
2025-10-29 09:00:00,453550.27417132247,21710.970056044138,7.0
2025-10-29 10:00:00,641379.5119985493,30698.014928160257,7.0
2025-10-29 11:00:00,757508.9832167936,36254.448957741326,7.0
2025-10-29 12:00:00,638421.672921567,30556.4915273477,7.0
2025-10-29 13:00:00,666001.7985967626,31876.114765395338,7.0
2025-10-29 14:00:00,565607.6681166283,27072.567852470253,7.0
2025-10-29 15:00:00,304595.09165748785,14583.927830501812,7.0
2025-10-29 16:00:00,91600.87954670726,4392.817203191735,7.0
2025-10-29 17:00:00,880.6753234082373,52.13757528269078,7.0
2025-10-29 18:00:00,0.0,10.0,3.2815
2025-10-29 19:00:00,0.0,10.0,3.2815
2025-10-29 20:00:00,0.0,10.0,3.2815
2025-10-29 21:00:00,0.0,10.0,3.2815
2025-10-29 22:00:00,0.0,10.0,3.2815
2025-10-29 23:00:00,0.0,10.0,3.2815
2025-10-30 00:00:00,0.0,10.0,3.2815
2025-10-30 01:00:00,0.0,10.0,3.2815
2025-10-30 02:00:00,0.0,10.0,3.2815
2025-10-30 03:00:00,0.0,10.0,3.2815
2025-10-30 04:00:00,0.0,10.0,3.2815
2025-10-30 05:00:00,0.0,10.0,3.2815
2025-10-30 06:00:00,0.0,10.0,3.2815
2025-10-30 07:00:00,28846.37707437933,1390.2094293961402,7.0
2025-10-30 08:00:00,267971.7795315432,12831.616245528383,7.0
2025-10-30 09:00:00,596982.3634561728,28573.749447663766,7.0
2025-10-30 10:00:00,858177.6025159652,41071.12930698398,7.0
2025-10-30 11:00:00,976811.5525820681,46747.39486038603,7.0
2025-10-30 12:00:00,920834.0665875523,44069.046248208244,7.0
2025-10-30 13:00:00,866999.3972845112,41493.22475045508,7.0
2025-10-30 14:00:00,709729.6999966543,33968.35885151456,7.0
2025-10-30 15:00:00,441178.85536448983,21119.03614184162,7.0
2025-10-30 16:00:00,148704.51931058412,7125.048770841346,7.0
2025-10-30 17:00:00,784.7489878211459,47.54779846034191,7.0
2025-10-30 18:00:00,0.0,10.0,3.2815
2025-10-30 19:00:00,0.0,10.0,3.2815
2025-10-30 20:00:00,0.0,10.0,3.2815
2025-10-30 21:00:00,0.0,10.0,3.2815
2025-10-30 22:00:00,0.0,10.0,3.2815
2025-10-30 23:00:00,0.0,10.0,3.2815
2025-10-31 00:00:00,0.0,10.0,3.2815
2025-10-31 01:00:00,0.0,10.0,3.2815
2025-10-31 02:00:00,0.0,10.0,3.2815
2025-10-31 03:00:00,0.0,10.0,3.2815
2025-10-31 04:00:00,0.0,10.0,3.2815
2025-10-31 05:00:00,0.0,10.0,3.2815
2025-10-31 06:00:00,0.0,10.0,3.2815
2025-10-31 07:00:00,16770.152972760898,812.3996637684639,7.0
2025-10-31 08:00:00,181126.69943982386,8676.349255493966,7.0
2025-10-31 09:00:00,419428.6443511474,20078.356189050115,7.0
2025-10-31 10:00:00,554136.9049255993,26523.727508401884,7.0
2025-10-31 11:00:00,683019.9539657861,32690.38057252565,7.0
2025-10-31 12:00:00,924731.4073658667,44255.52188353429,7.0
2025-10-31 13:00:00,852748.1697319226,40811.34783406328,7.0
2025-10-31 14:00:00,701463.6004585163,33572.851696579724,7.0
2025-10-31 15:00:00,322600.3858392817,15445.425159774246,7.0
2025-10-31 16:00:00,101082.18420942986,4846.4681439918595,7.0
2025-10-31 17:00:00,58.948727747455706,12.820513289351947,3.500931649856276
2025-10-31 18:00:00,0.0,10.0,3.2815
2025-10-31 19:00:00,0.0,10.0,3.2815
2025-10-31 20:00:00,0.0,10.0,3.2815
2025-10-31 21:00:00,0.0,10.0,3.2815
2025-10-31 22:00:00,0.0,10.0,3.2815
2025-10-31 23:00:00,0.0,10.0,3.2815
2025-11-01 00:00:00,0.0,10.0,3.2815
2025-11-01 01:00:00,0.0,10.0,3.2815
2025-11-01 02:00:00,0.0,10.0,3.2815
2025-11-01 03:00:00,0.0,10.0,3.2815
2025-11-01 04:00:00,0.0,10.0,3.2815
2025-11-01 05:00:00,0.0,10.0,3.2815
2025-11-01 06:00:00,0.0,10.0,3.2815
2025-11-01 07:00:00,4756.039798718007,237.56171285732088,7.0
2025-11-01 08:00:00,32521.52894762281,1566.0540166326703,7.0
2025-11-01 09:00:00,75772.1975059274,3635.4639954989184,7.0
2025-11-01 10:00:00,86491.9702539344,4148.371782484899,7.0
2025-11-01 11:00:00,115904.90251542255,5555.689115570457,7.0
2025-11-01 12:00:00,198329.48802286023,9499.449187696662,7.0
2025-11-01 13:00:00,142663.48682423052,6836.0041542694025,7.0
2025-11-01 14:00:00,120921.58947339823,5795.721984373121,7.0
2025-11-01 15:00:00,105995.58538916183,5081.559109529274,7.0
2025-11-01 16:00:00,34065.93970367823,1639.949268118576,7.0
2025-11-01 17:00:00,0.0,10.0,3.2815
2025-11-01 18:00:00,0.0,10.0,3.2815
2025-11-01 19:00:00,0.0,10.0,3.2815
2025-11-01 20:00:00,0.0,10.0,3.2815
2025-11-01 21:00:00,0.0,10.0,3.2815
2025-11-01 22:00:00,0.0,10.0,3.2815
2025-11-01 23:00:00,0.0,10.0,3.2815
2025-11-02 00:00:00,0.0,10.0,3.2815
2025-11-02 01:00:00,0.0,10.0,3.2815
2025-11-02 02:00:00,0.0,10.0,3.2815
2025-11-02 03:00:00,0.0,10.0,3.2815
2025-11-02 04:00:00,0.0,10.0,3.2815
2025-11-02 05:00:00,0.0,10.0,3.2815
2025-11-02 06:00:00,0.0,10.0,3.2815
2025-11-02 07:00:00,11833.870980632935,576.2139225183222,7.0
2025-11-02 08:00:00,161054.09990262063,7715.937794383762,7.0
2025-11-02 09:00:00,419529.91771389137,20083.20180449241,7.0
2025-11-02 10:00:00,757932.7744282634,36274.726049199206,7.0
2025-11-02 11:00:00,631382.4769975035,30219.687894617393,7.0
2025-11-02 12:00:00,616557.4730218322,29510.357560853216,7.0
2025-11-02 13:00:00,566918.790129777,27135.300963147227,7.0
2025-11-02 14:00:00,507531.7778283711,24293.817120974694,7.0
2025-11-02 15:00:00,297380.8258029471,14238.747646074024,7.0
2025-11-02 16:00:00,103084.57227334252,4942.276185327393,7.0
2025-11-02 17:00:00,0.0,10.0,3.2815
2025-11-02 18:00:00,0.0,10.0,3.2815
2025-11-02 19:00:00,0.0,10.0,3.2815
2025-11-02 20:00:00,0.0,10.0,3.2815
2025-11-02 21:00:00,0.0,10.0,3.2815
2025-11-02 22:00:00,0.0,10.0,3.2815
2025-11-02 23:00:00,0.0,10.0,3.2815
2025-11-03 00:00:00,0.0,10.0,3.2815
2025-11-03 01:00:00,0.0,10.0,3.2815
2025-11-03 02:00:00,0.0,10.0,3.2815
2025-11-03 03:00:00,0.0,10.0,3.2815
2025-11-03 04:00:00,0.0,10.0,3.2815
2025-11-03 05:00:00,0.0,10.0,3.2815
2025-11-03 06:00:00,0.0,10.0,3.2815
2025-11-03 07:00:00,16882.975633143928,817.79787718392,7.0
2025-11-03 08:00:00,242700.27570369307,11622.45338295182,7.0
2025-11-03 09:00:00,501395.6352362268,24000.221781637647,7.0
2025-11-03 10:00:00,738972.6575803418,35367.543424896736,7.0
2025-11-03 11:00:00,867163.3219446104,41501.06803562729,7.0
2025-11-03 12:00:00,732720.6759846298,35068.40554950382,7.0
2025-11-03 13:00:00,533969.259199403,25558.768382746555,7.0
2025-11-03 14:00:00,516158.30635714316,24706.56968215996,7.0
2025-11-03 15:00:00,315162.6761832931,15089.553884368092,7.0
2025-11-03 16:00:00,86403.99645537455,4144.162509826534,7.0
2025-11-03 17:00:00,0.0,10.0,3.2815
2025-11-03 18:00:00,0.0,10.0,3.2815
2025-11-03 19:00:00,0.0,10.0,3.2815
2025-11-03 20:00:00,0.0,10.0,3.2815
2025-11-03 21:00:00,0.0,10.0,3.2815
2025-11-03 22:00:00,0.0,10.0,3.2815
2025-11-03 23:00:00,0.0,10.0,3.2815
2025-11-04 00:00:00,0.0,10.0,3.2815
2025-11-04 01:00:00,0.0,10.0,3.2815
2025-11-04 02:00:00,0.0,10.0,3.2815
2025-11-04 03:00:00,0.0,10.0,3.2815
2025-11-04 04:00:00,0.0,10.0,3.2815
2025-11-04 05:00:00,0.0,10.0,3.2815
2025-11-04 06:00:00,0.0,10.0,3.2815
2025-11-04 07:00:00,9760.068346644315,476.98891610738355,7.0
2025-11-04 08:00:00,130587.79795130665,6258.219997670175,7.0
2025-11-04 09:00:00,372682.87534090196,17841.716523488132,7.0
2025-11-04 10:00:00,717720.4775838649,34350.69270736196,7.0
2025-11-04 11:00:00,946510.1860189999,45297.56870904306,7.0
2025-11-04 12:00:00,998917.9892608445,47805.11910338969,7.0
2025-11-04 13:00:00,875342.9094692206,41892.435859771314,7.0
2025-11-04 14:00:00,687303.4306973191,32895.33161231192,7.0
2025-11-04 15:00:00,412456.7143143639,19744.771019826025,7.0
2025-11-04 16:00:00,106619.16010659425,5111.395220411208,7.0
2025-11-04 17:00:00,0.0,10.0,3.2815
2025-11-04 18:00:00,0.0,10.0,3.2815
2025-11-04 19:00:00,0.0,10.0,3.2815
2025-11-04 20:00:00,0.0,10.0,3.2815
2025-11-04 21:00:00,0.0,10.0,3.2815
2025-11-04 22:00:00,0.0,10.0,3.2815
2025-11-04 23:00:00,0.0,10.0,3.2815
2025-11-05 00:00:00,0.0,10.0,3.2815
2025-11-05 01:00:00,0.0,10.0,3.2815
2025-11-05 02:00:00,0.0,10.0,3.2815
2025-11-05 03:00:00,0.0,10.0,3.2815
2025-11-05 04:00:00,0.0,10.0,3.2815
2025-11-05 05:00:00,0.0,10.0,3.2815
2025-11-05 06:00:00,0.0,10.0,3.2815
2025-11-05 07:00:00,12022.245606797493,585.2270625261958,7.0
2025-11-05 08:00:00,225298.3979214308,10789.8276517431,7.0
2025-11-05 09:00:00,504810.45521617035,24163.61029742442,7.0
2025-11-05 10:00:00,753516.5454037777,36063.42322506113,7.0
2025-11-05 11:00:00,943972.8937701541,45176.16716603608,7.0
2025-11-05 12:00:00,1021947.21871319,48906.99611067895,7.0
2025-11-05 13:00:00,864332.8796188859,41365.64017315243,7.0
2025-11-05 14:00:00,661933.0568695947,31681.438127731803,7.0
2025-11-05 15:00:00,387904.110031428,18570.005264661624,7.0
2025-11-05 16:00:00,100091.6866450441,4799.075916030818,7.0
2025-11-05 17:00:00,0.0,10.0,3.2815
2025-11-05 18:00:00,0.0,10.0,3.2815
2025-11-05 19:00:00,0.0,10.0,3.2815
2025-11-05 20:00:00,0.0,10.0,3.2815
2025-11-05 21:00:00,0.0,10.0,3.2815
2025-11-05 22:00:00,0.0,10.0,3.2815
2025-11-05 23:00:00,0.0,10.0,3.2815
2025-11-06 00:00:00,0.0,10.0,3.2815
2025-11-06 01:00:00,0.0,10.0,3.2815
2025-11-06 02:00:00,0.0,10.0,3.2815
2025-11-06 03:00:00,0.0,10.0,3.2815
2025-11-06 04:00:00,0.0,10.0,3.2815
2025-11-06 05:00:00,0.0,10.0,3.2815
2025-11-06 06:00:00,0.0,10.0,3.2815
2025-11-06 07:00:00,9834.472214395806,480.54890977970365,7.0
2025-11-06 08:00:00,195153.14884888058,9347.471236788544,7.0
2025-11-06 09:00:00,509292.4463079997,24378.05963196171,7.0
2025-11-06 10:00:00,759060.1859385035,36328.66918366045,7.0
2025-11-06 11:00:00,922037.8306552166,44126.642615082135,7.0
2025-11-06 12:00:00,910008.9668853616,43551.09889403644,7.0
2025-11-06 13:00:00,815153.19715332,39012.545318340664,7.0
2025-11-06 14:00:00,631755.9560415989,30237.557705339663,7.0
2025-11-06 15:00:00,354298.92337234726,16962.101596763026,7.0
2025-11-06 16:00:00,89297.33662947339,4282.5998387307845,7.0
2025-11-06 17:00:00,0.0,10.0,3.2815
2025-11-06 18:00:00,0.0,10.0,3.2815
2025-11-06 19:00:00,0.0,10.0,3.2815
2025-11-06 20:00:00,0.0,10.0,3.2815
2025-11-06 21:00:00,0.0,10.0,3.2815
2025-11-06 22:00:00,0.0,10.0,3.2815
2025-11-06 23:00:00,0.0,10.0,3.2815
2025-11-07 00:00:00,0.0,10.0,3.2815
2025-11-07 01:00:00,0.0,10.0,3.2815
2025-11-07 02:00:00,0.0,10.0,3.2815
2025-11-07 03:00:00,0.0,10.0,3.2815
2025-11-07 04:00:00,0.0,10.0,3.2815
2025-11-07 05:00:00,0.0,10.0,3.2815
2025-11-07 06:00:00,0.0,10.0,3.2815
2025-11-07 07:00:00,7721.911649998787,379.469456937741,7.0
2025-11-07 08:00:00,203362.13705025188,9740.24579187808,7.0
2025-11-07 09:00:00,533003.669795456,25512.567932796937,7.0
2025-11-07 10:00:00,806271.2590090361,38587.57220138929,7.0
2025-11-07 11:00:00,1010680.0766762703,48367.89840556317,7.0
2025-11-07 12:00:00,1052334.9805211192,50360.956005795175,7.0
2025-11-07 13:00:00,943896.2732016608,45172.50111012731,7.0
2025-11-07 14:00:00,723956.1555949792,34649.0505069368,7.0
2025-11-07 15:00:00,407778.49997381156,19520.933013101032,7.0
2025-11-07 16:00:00,92879.56726504007,4453.998433733975,7.0
2025-11-07 17:00:00,0.0,10.0,3.2815
2025-11-07 18:00:00,0.0,10.0,3.2815
2025-11-07 19:00:00,0.0,10.0,3.2815
2025-11-07 20:00:00,0.0,10.0,3.2815
2025-11-07 21:00:00,0.0,10.0,3.2815
2025-11-07 22:00:00,0.0,10.0,3.2815
2025-11-07 23:00:00,0.0,10.0,3.2815
2025-11-08 00:00:00,0.0,10.0,3.2815
2025-11-08 01:00:00,0.0,10.0,3.2815
2025-11-08 02:00:00,0.0,10.0,3.2815
2025-11-08 03:00:00,0.0,10.0,3.2815
2025-11-08 04:00:00,0.0,10.0,3.2815
2025-11-08 05:00:00,0.0,10.0,3.2815
2025-11-08 06:00:00,0.0,10.0,3.2815
2025-11-08 07:00:00,4918.609121601569,245.34014935892677,7.0
2025-11-08 08:00:00,163147.26788396548,7816.0893724385405,7.0
2025-11-08 09:00:00,427844.19945004943,20481.014327753564,7.0
2025-11-08 10:00:00,668779.0265817557,32008.996487165346,7.0
2025-11-08 11:00:00,705496.9153329819,33765.83326952066,7.0
2025-11-08 12:00:00,672000.6332544,32163.140347100478,7.0
2025-11-08 13:00:00,534378.6949605156,25578.358610550986,7.0
2025-11-08 14:00:00,394566.61391766585,18888.78535491224,7.0
2025-11-08 15:00:00,214835.72501654338,10289.221292657578,7.0
2025-11-08 16:00:00,33635.77758219591,1619.3673484304263,7.0
2025-11-08 17:00:00,0.0,10.0,3.2815
2025-11-08 18:00:00,0.0,10.0,3.2815
2025-11-08 19:00:00,0.0,10.0,3.2815
2025-11-08 20:00:00,0.0,10.0,3.2815
2025-11-08 21:00:00,0.0,10.0,3.2815
2025-11-08 22:00:00,0.0,10.0,3.2815
2025-11-08 23:00:00,0.0,10.0,3.2815
2025-11-09 00:00:00,0.0,10.0,3.2815
2025-11-09 01:00:00,0.0,10.0,3.2815
2025-11-09 02:00:00,0.0,10.0,3.2815
2025-11-09 03:00:00,0.0,10.0,3.2815
2025-11-09 04:00:00,0.0,10.0,3.2815
2025-11-09 05:00:00,0.0,10.0,3.2815
2025-11-09 06:00:00,0.0,10.0,3.2815
2025-11-09 07:00:00,1693.5577131487357,91.03146952864765,7.0
2025-11-09 08:00:00,73236.42094647214,3514.134973515413,7.0
2025-11-09 09:00:00,210880.2744573983,10099.965285042981,7.0
2025-11-09 10:00:00,365100.7501739282,17478.93541502049,7.0
2025-11-09 11:00:00,503435.25946317555,24097.81145756821,7.0
2025-11-09 12:00:00,459057.6324887025,21974.480023382894,7.0
2025-11-09 13:00:00,516874.171217436,24740.821589351002,7.0
2025-11-09 14:00:00,308886.3235073299,14789.24992858038,7.0
2025-11-09 15:00:00,215308.6955689271,10311.851462628092,7.0
2025-11-09 16:00:00,43726.15886818463,2102.160711396394,7.0
2025-11-09 17:00:00,0.0,10.0,3.2815
2025-11-09 18:00:00,0.0,10.0,3.2815
2025-11-09 19:00:00,0.0,10.0,3.2815
2025-11-09 20:00:00,0.0,10.0,3.2815
2025-11-09 21:00:00,0.0,10.0,3.2815
2025-11-09 22:00:00,0.0,10.0,3.2815
2025-11-09 23:00:00,0.0,10.0,3.2815
2025-11-10 00:00:00,0.0,10.0,3.2815
2025-11-10 01:00:00,0.0,10.0,3.2815
2025-11-10 02:00:00,0.0,10.0,3.2815
2025-11-10 03:00:00,0.0,10.0,3.2815
2025-11-10 04:00:00,0.0,10.0,3.2815
2025-11-10 05:00:00,0.0,10.0,3.2815
2025-11-10 06:00:00,0.0,10.0,3.2815
2025-11-10 07:00:00,2703.931644037958,139.37471981042862,7.0
2025-11-10 08:00:00,123580.8052286463,5922.957187973508,7.0
2025-11-10 09:00:00,315993.7725905447,15129.319262705489,7.0
2025-11-10 10:00:00,514366.5566553359,24620.840031355783,7.0
2025-11-10 11:00:00,736273.0565232798,35238.37591020478,7.0
2025-11-10 12:00:00,858696.4790859537,41095.95593712697,7.0
2025-11-10 13:00:00,673029.2305968715,32212.35553095079,7.0
2025-11-10 14:00:00,581008.7386474087,27809.461179301852,7.0
2025-11-10 15:00:00,315330.95207619556,15097.605362497394,7.0
2025-11-10 16:00:00,61630.95582110115,2958.849560818237,7.0
2025-11-10 17:00:00,0.0,10.0,3.2815
2025-11-10 18:00:00,0.0,10.0,3.2815
2025-11-10 19:00:00,0.0,10.0,3.2815
2025-11-10 20:00:00,0.0,10.0,3.2815
2025-11-10 21:00:00,0.0,10.0,3.2815
2025-11-10 22:00:00,0.0,10.0,3.2815
2025-11-10 23:00:00,0.0,10.0,3.2815
2025-11-11 00:00:00,0.0,10.0,3.2815
2025-11-11 01:00:00,0.0,10.0,3.2815
2025-11-11 02:00:00,0.0,10.0,3.2815
2025-11-11 03:00:00,0.0,10.0,3.2815
2025-11-11 04:00:00,0.0,10.0,3.2815
2025-11-11 05:00:00,0.0,10.0,3.2815
2025-11-11 06:00:00,0.0,10.0,3.2815
2025-11-11 07:00:00,1690.6795044751166,90.89375619498165,7.0
2025-11-11 08:00:00,101041.21640789873,4844.507962100417,7.0
2025-11-11 09:00:00,285433.61535364285,13667.110782470949,7.0
2025-11-11 10:00:00,532905.0087875448,25507.847310408844,7.0
2025-11-11 11:00:00,636654.1924247966,30471.92308252615,7.0
2025-11-11 12:00:00,612170.4793851951,29300.45355910024,7.0
2025-11-11 13:00:00,500568.8007610838,23960.66032349683,7.0
2025-11-11 14:00:00,427236.96070982766,20451.959842575485,7.0
2025-11-11 15:00:00,252131.317515075,12073.699402635168,7.0
2025-11-11 16:00:00,53767.86403479059,2582.6250734349564,7.0
2025-11-11 17:00:00,0.0,10.0,3.2815
2025-11-11 18:00:00,0.0,10.0,3.2815
2025-11-11 19:00:00,0.0,10.0,3.2815
2025-11-11 20:00:00,0.0,10.0,3.2815
2025-11-11 21:00:00,0.0,10.0,3.2815
2025-11-11 22:00:00,0.0,10.0,3.2815
2025-11-11 23:00:00,0.0,10.0,3.2815
2025-11-12 00:00:00,0.0,10.0,3.2815
2025-11-12 01:00:00,0.0,10.0,3.2815
2025-11-12 02:00:00,0.0,10.0,3.2815
2025-11-12 03:00:00,0.0,10.0,3.2815
2025-11-12 04:00:00,0.0,10.0,3.2815
2025-11-12 05:00:00,0.0,10.0,3.2815
2025-11-12 06:00:00,0.0,10.0,3.2815
2025-11-12 07:00:00,1859.7995681018456,98.98562526803089,7.0
2025-11-12 08:00:00,143527.5860993495,6877.348617193756,7.0
2025-11-12 09:00:00,420659.43029276736,20137.24546855346,7.0
2025-11-12 10:00:00,718414.8167536093,34383.91467720619,7.0
2025-11-12 11:00:00,918373.1757861796,43951.3002768507,7.0
2025-11-12 12:00:00,949925.939103099,45461.00187096168,7.0
2025-11-12 13:00:00,839970.8494291505,40199.99279565313,7.0
2025-11-12 14:00:00,589277.9403335814,28205.11676237232,7.0
2025-11-12 15:00:00,283815.785995532,13589.702679212056,7.0
2025-11-12 16:00:00,51925.90054431126,2494.4928490101083,7.0
2025-11-12 17:00:00,0.0,10.0,3.2815
2025-11-12 18:00:00,0.0,10.0,3.2815
2025-11-12 19:00:00,0.0,10.0,3.2815
2025-11-12 20:00:00,0.0,10.0,3.2815
2025-11-12 21:00:00,0.0,10.0,3.2815
2025-11-12 22:00:00,0.0,10.0,3.2815
2025-11-12 23:00:00,0.0,10.0,3.2815
2025-11-13 00:00:00,0.0,10.0,3.2815
2025-11-13 01:00:00,0.0,10.0,3.2815
2025-11-13 02:00:00,0.0,10.0,3.2815
2025-11-13 03:00:00,0.0,10.0,3.2815
2025-11-13 04:00:00,0.0,10.0,3.2815
2025-11-13 05:00:00,0.0,10.0,3.2815
2025-11-13 06:00:00,0.0,10.0,3.2815
2025-11-13 07:00:00,1105.359484804386,62.88801362700411,7.0
2025-11-13 08:00:00,143905.66140849638,6895.438344904133,7.0
2025-11-13 09:00:00,423128.2109940132,20255.36894708197,7.0
2025-11-13 10:00:00,705930.2251011453,33786.565794313174,7.0
2025-11-13 11:00:00,876658.8313388977,41955.39862865539,7.0
2025-11-13 12:00:00,925708.2330712458,44302.259955561996,7.0
2025-11-13 13:00:00,820045.303566881,39246.61739554454,7.0
2025-11-13 14:00:00,568964.4926903233,27233.18146843652,7.0
2025-11-13 15:00:00,259248.00934755176,12414.21097356707,7.0
2025-11-13 16:00:00,49070.233455093134,2357.858060052303,7.0
2025-11-13 17:00:00,0.0,10.0,3.2815
2025-11-13 18:00:00,0.0,10.0,3.2815
2025-11-13 19:00:00,0.0,10.0,3.2815
2025-11-13 20:00:00,0.0,10.0,3.2815
2025-11-13 21:00:00,0.0,10.0,3.2815
2025-11-13 22:00:00,0.0,10.0,3.2815
2025-11-13 23:00:00,0.0,10.0,3.2815
2025-11-14 00:00:00,0.0,10.0,3.2815
2025-11-14 01:00:00,0.0,10.0,3.2815
2025-11-14 02:00:00,0.0,10.0,3.2815
2025-11-14 03:00:00,0.0,10.0,3.2815
2025-11-14 04:00:00,0.0,10.0,3.2815
2025-11-14 05:00:00,0.0,10.0,3.2815
2025-11-14 06:00:00,0.0,10.0,3.2815
2025-11-14 07:00:00,189.08708806428913,19.047229093985123,4.107263398029091
2025-11-14 08:00:00,75403.6405954139,3617.829693560474,7.0
2025-11-14 09:00:00,250716.37600053832,12005.998851700399,7.0
2025-11-14 10:00:00,333576.55230108247,15970.60058856854,7.0
2025-11-14 11:00:00,349693.7372219591,16741.757761816225,7.0
2025-11-14 12:00:00,398211.3067160798,19063.17257014736,7.0
2025-11-14 13:00:00,519837.3299086606,24882.599517160794,7.0
2025-11-14 14:00:00,376858.671907951,18041.515402294306,7.0
2025-11-14 15:00:00,218446.9136413545,10462.005437385384,7.0
2025-11-14 16:00:00,33764.19272444094,1625.5116136096144,7.0
2025-11-14 17:00:00,0.0,10.0,3.2815
2025-11-14 18:00:00,0.0,10.0,3.2815
2025-11-14 19:00:00,0.0,10.0,3.2815
2025-11-14 20:00:00,0.0,10.0,3.2815
2025-11-14 21:00:00,0.0,10.0,3.2815
2025-11-14 22:00:00,0.0,10.0,3.2815
2025-11-14 23:00:00,0.0,10.0,3.2815
2025-11-15 00:00:00,0.0,10.0,3.2815
2025-11-15 01:00:00,0.0,10.0,3.2815
2025-11-15 02:00:00,0.0,10.0,3.2815
2025-11-15 03:00:00,0.0,10.0,3.2815
2025-11-15 04:00:00,0.0,10.0,3.2815
2025-11-15 05:00:00,0.0,10.0,3.2815
2025-11-15 06:00:00,0.0,10.0,3.2815
2025-11-15 07:00:00,0.0,10.0,3.2815
2025-11-15 08:00:00,14484.15209988282,703.0216315733408,7.0
2025-11-15 09:00:00,51528.27057411671,2475.467491584531,7.0
2025-11-15 10:00:00,134642.52676201487,6452.226160861956,7.0
2025-11-15 11:00:00,139372.35689103595,6678.533822537605,7.0
2025-11-15 12:00:00,207454.53836296007,9936.054467127276,7.0
2025-11-15 13:00:00,307267.4960529354,14711.79406951844,7.0
2025-11-15 14:00:00,173307.72733539657,8302.235757674476,7.0
2025-11-15 15:00:00,140569.01311560988,6735.790101225353,7.0
2025-11-15 16:00:00,29257.957394245517,1409.9022676672496,7.0
2025-11-15 17:00:00,0.0,10.0,3.2815
2025-11-15 18:00:00,0.0,10.0,3.2815
2025-11-15 19:00:00,0.0,10.0,3.2815
2025-11-15 20:00:00,0.0,10.0,3.2815
2025-11-15 21:00:00,0.0,10.0,3.2815
2025-11-15 22:00:00,0.0,10.0,3.2815
2025-11-15 23:00:00,0.0,10.0,3.2815
2025-11-16 00:00:00,0.0,10.0,3.2815
2025-11-16 01:00:00,0.0,10.0,3.2815
2025-11-16 02:00:00,0.0,10.0,3.2815
2025-11-16 03:00:00,0.0,10.0,3.2815
2025-11-16 04:00:00,0.0,10.0,3.2815
2025-11-16 05:00:00,0.0,10.0,3.2815
2025-11-16 06:00:00,0.0,10.0,3.2815
2025-11-16 07:00:00,0.0,10.0,3.2815
2025-11-16 08:00:00,22300.663847543146,1077.0174089733564,7.0
2025-11-16 09:00:00,81868.53241654571,3927.1546610787427,7.0
2025-11-16 10:00:00,108852.59652857312,5218.258207108762,7.0
2025-11-16 11:00:00,202384.76225833068,9693.481447767017,7.0
2025-11-16 12:00:00,199951.30008805366,9577.047851103045,7.0
2025-11-16 13:00:00,157210.94419311176,7532.054746081902,7.0
2025-11-16 14:00:00,84247.63826423047,4040.9874767574383,7.0
2025-11-16 15:00:00,42837.9235178913,2059.661412339297,7.0
2025-11-16 16:00:00,6809.5053258008,335.8136519521914,7.0
2025-11-16 17:00:00,0.0,10.0,3.2815
2025-11-16 18:00:00,0.0,10.0,3.2815
2025-11-16 19:00:00,0.0,10.0,3.2815
2025-11-16 20:00:00,0.0,10.0,3.2815
2025-11-16 21:00:00,0.0,10.0,3.2815
2025-11-16 22:00:00,0.0,10.0,3.2815
2025-11-16 23:00:00,0.0,10.0,3.2815
2025-11-17 00:00:00,0.0,10.0,3.2815
2025-11-17 01:00:00,0.0,10.0,3.2815
2025-11-17 02:00:00,0.0,10.0,3.2815
2025-11-17 03:00:00,0.0,10.0,3.2815
2025-11-17 04:00:00,0.0,10.0,3.2815
2025-11-17 05:00:00,0.0,10.0,3.2815
2025-11-17 06:00:00,0.0,10.0,3.2815
2025-11-17 07:00:00,0.0,10.0,3.2815
2025-11-17 08:00:00,83125.45547155118,3987.294520169913,7.0
2025-11-17 09:00:00,298341.0098041214,14284.689464312027,7.0
2025-11-17 10:00:00,405357.5536196927,19405.09825931544,7.0
2025-11-17 11:00:00,665092.2941929712,31832.597808276136,7.0
2025-11-17 12:00:00,762773.3121768401,36506.330726164604,7.0
2025-11-17 13:00:00,588714.9876951965,28178.18122943524,7.0
2025-11-17 14:00:00,574444.2923268873,27495.372838607047,7.0
2025-11-17 15:00:00,259677.4836537216,12434.759983431655,7.0
2025-11-17 16:00:00,40209.60287285499,1933.9044436772724,7.0
2025-11-17 17:00:00,0.0,10.0,3.2815
2025-11-17 18:00:00,0.0,10.0,3.2815
2025-11-17 19:00:00,0.0,10.0,3.2815
2025-11-17 20:00:00,0.0,10.0,3.2815
2025-11-17 21:00:00,0.0,10.0,3.2815
2025-11-17 22:00:00,0.0,10.0,3.2815
2025-11-17 23:00:00,0.0,10.0,3.2815
2025-11-18 00:00:00,0.0,10.0,3.2815
2025-11-18 01:00:00,0.0,10.0,3.2815
2025-11-18 02:00:00,0.0,10.0,3.2815
2025-11-18 03:00:00,0.0,10.0,3.2815
2025-11-18 04:00:00,0.0,10.0,3.2815
2025-11-18 05:00:00,0.0,10.0,3.2815
2025-11-18 06:00:00,0.0,10.0,3.2815
2025-11-18 07:00:00,0.0,10.0,3.2815
2025-11-18 08:00:00,96389.66678339387,4621.945779109755,7.0
2025-11-18 09:00:00,343328.5523913434,16437.203463700644,7.0
2025-11-18 10:00:00,483595.3791451609,23148.534887328275,7.0
2025-11-18 11:00:00,652417.2487576538,31226.13630419396,7.0
2025-11-18 12:00:00,659278.7199702885,31554.436362214758,7.0
2025-11-18 13:00:00,513251.36663812323,24567.48165732647,7.0
2025-11-18 14:00:00,290258.2926364578,13897.95658547645,7.0
2025-11-18 15:00:00,142330.19351454114,6820.0571059589065,7.0
2025-11-18 16:00:00,14053.60223052319,682.4211593551767,7.0
2025-11-18 17:00:00,0.0,10.0,3.2815
2025-11-18 18:00:00,0.0,10.0,3.2815
2025-11-18 19:00:00,0.0,10.0,3.2815
2025-11-18 20:00:00,0.0,10.0,3.2815
2025-11-18 21:00:00,0.0,10.0,3.2815
2025-11-18 22:00:00,0.0,10.0,3.2815
2025-11-18 23:00:00,0.0,10.0,3.2815
2025-11-19 00:00:00,0.0,10.0,3.2815
2025-11-19 01:00:00,0.0,10.0,3.2815
2025-11-19 02:00:00,0.0,10.0,3.2815
2025-11-19 03:00:00,0.0,10.0,3.2815
2025-11-19 04:00:00,0.0,10.0,3.2815
2025-11-19 05:00:00,0.0,10.0,3.2815
2025-11-19 06:00:00,0.0,10.0,3.2815
2025-11-19 07:00:00,0.0,10.0,3.2815
2025-11-19 08:00:00,54909.5425862287,2637.250841446349,7.0
2025-11-19 09:00:00,178069.39367322205,8530.066682929284,7.0
2025-11-19 10:00:00,360808.97928807605,17273.587525745264,7.0
2025-11-19 11:00:00,329042.0616058246,15753.639311283476,7.0
2025-11-19 12:00:00,209385.16641836226,10028.429015232645,7.0
2025-11-19 13:00:00,143321.15858917893,6867.471702831527,7.0
2025-11-19 14:00:00,151750.0152499854,7270.766279903608,7.0
2025-11-19 15:00:00,70430.11279905695,3379.861856414208,7.0
2025-11-19 16:00:00,15229.970008801522,738.7066989857187,7.0
2025-11-19 17:00:00,0.0,10.0,3.2815
2025-11-19 18:00:00,0.0,10.0,3.2815
2025-11-19 19:00:00,0.0,10.0,3.2815
2025-11-19 20:00:00,0.0,10.0,3.2815
2025-11-19 21:00:00,0.0,10.0,3.2815
2025-11-19 22:00:00,0.0,10.0,3.2815
2025-11-19 23:00:00,0.0,10.0,3.2815
2025-11-20 00:00:00,0.0,10.0,3.2815
2025-11-20 01:00:00,0.0,10.0,3.2815
2025-11-20 02:00:00,0.0,10.0,3.2815
2025-11-20 03:00:00,0.0,10.0,3.2815
2025-11-20 04:00:00,0.0,10.0,3.2815
2025-11-20 05:00:00,0.0,10.0,3.2815
2025-11-20 06:00:00,0.0,10.0,3.2815
2025-11-20 07:00:00,0.0,10.0,3.2815
2025-11-20 08:00:00,48942.70187943097,2351.7560707861708,7.0
2025-11-20 09:00:00,232866.51532412283,11151.93853225468,7.0
2025-11-20 10:00:00,450525.501729929,21566.24410191048,7.0
2025-11-20 11:00:00,562882.69989466,26942.186597830623,7.0
2025-11-20 12:00:00,436344.0922458907,20887.707762961276,7.0
2025-11-20 13:00:00,468370.77936180163,22420.08513692831,7.0
2025-11-20 14:00:00,327798.77504395606,15694.151915978759,7.0
2025-11-20 15:00:00,168059.14548036968,8051.107439252138,7.0
2025-11-20 16:00:00,22049.992936042883,1065.0235854565972,7.0
2025-11-20 17:00:00,0.0,10.0,3.2815
2025-11-20 18:00:00,0.0,10.0,3.2815
2025-11-20 19:00:00,0.0,10.0,3.2815
2025-11-20 20:00:00,0.0,10.0,3.2815
2025-11-20 21:00:00,0.0,10.0,3.2815
2025-11-20 22:00:00,0.0,10.0,3.2815
2025-11-20 23:00:00,0.0,10.0,3.2815
2025-11-21 00:00:00,0.0,10.0,3.2815
2025-11-21 01:00:00,0.0,10.0,3.2815
2025-11-21 02:00:00,0.0,10.0,3.2815
2025-11-21 03:00:00,0.0,10.0,3.2815
2025-11-21 04:00:00,0.0,10.0,3.2815
2025-11-21 05:00:00,0.0,10.0,3.2815
2025-11-21 06:00:00,0.0,10.0,3.2815
2025-11-21 07:00:00,0.0,10.0,3.2815
2025-11-21 08:00:00,77124.64055111264,3700.1741890484514,7.0
2025-11-21 09:00:00,349498.724438163,16732.42700661067,7.0
2025-11-21 10:00:00,629892.7139555962,30148.40736629647,7.0
2025-11-21 11:00:00,817767.197774478,39137.617118396076,7.0
2025-11-21 12:00:00,878944.9269051112,42064.781191632115,7.0
2025-11-21 13:00:00,768502.204269186,36780.440395654834,7.0
2025-11-21 14:00:00,569575.0414890646,27262.394329620314,7.0
2025-11-21 15:00:00,281614.59828146646,13484.382692893134,7.0
2025-11-21 16:00:00,32169.724716487006,1549.2212783008138,7.0
2025-11-21 17:00:00,0.0,10.0,3.2815
2025-11-21 18:00:00,0.0,10.0,3.2815
2025-11-21 19:00:00,0.0,10.0,3.2815
2025-11-21 20:00:00,0.0,10.0,3.2815
2025-11-21 21:00:00,0.0,10.0,3.2815
2025-11-21 22:00:00,0.0,10.0,3.2815
2025-11-21 23:00:00,0.0,10.0,3.2815
2025-11-22 00:00:00,0.0,10.0,3.2815
2025-11-22 01:00:00,0.0,10.0,3.2815
2025-11-22 02:00:00,0.0,10.0,3.2815
2025-11-22 03:00:00,0.0,10.0,3.2815
2025-11-22 04:00:00,0.0,10.0,3.2815
2025-11-22 05:00:00,0.0,10.0,3.2815
2025-11-22 06:00:00,0.0,10.0,3.2815
2025-11-22 07:00:00,0.0,10.0,3.2815
2025-11-22 08:00:00,87097.15631623763,4177.328053408499,7.0
2025-11-22 09:00:00,363590.8735899152,17406.692516263887,7.0
2025-11-22 10:00:00,628731.1835669489,30092.83174961478,7.0
2025-11-22 11:00:00,790058.7013720818,37811.85174029099,7.0
2025-11-22 12:00:00,791766.9153968823,37893.58446875035,7.0
2025-11-22 13:00:00,633163.192004785,30304.88956960694,7.0
2025-11-22 14:00:00,454340.95970022806,21748.801899532442,7.0
2025-11-22 15:00:00,251769.5889030519,12056.391813543152,7.0
2025-11-22 16:00:00,29898.69619792359,1440.5596266949085,7.0
2025-11-22 17:00:00,0.0,10.0,3.2815
2025-11-22 18:00:00,0.0,10.0,3.2815
2025-11-22 19:00:00,0.0,10.0,3.2815
2025-11-22 20:00:00,0.0,10.0,3.2815
2025-11-22 21:00:00,0.0,10.0,3.2815
2025-11-22 22:00:00,0.0,10.0,3.2815
2025-11-22 23:00:00,0.0,10.0,3.2815
2025-11-23 00:00:00,0.0,10.0,3.2815
2025-11-23 01:00:00,0.0,10.0,3.2815
2025-11-23 02:00:00,0.0,10.0,3.2815
2025-11-23 03:00:00,0.0,10.0,3.2815
2025-11-23 04:00:00,0.0,10.0,3.2815
2025-11-23 05:00:00,0.0,10.0,3.2815
2025-11-23 06:00:00,0.0,10.0,3.2815
2025-11-23 07:00:00,0.0,10.0,3.2815
2025-11-23 08:00:00,24055.94709806685,1161.0022534960215,7.0
2025-11-23 09:00:00,127368.43720027925,6104.183598099486,7.0
2025-11-23 10:00:00,152201.6479083892,7292.375498009052,7.0
2025-11-23 11:00:00,246625.02198785922,11810.24028650044,7.0
2025-11-23 12:00:00,267312.0841978086,12800.051875493233,7.0
2025-11-23 13:00:00,295237.0058278152,14136.172527646662,7.0
2025-11-23 14:00:00,263133.0630152821,12600.098708865173,7.0
2025-11-23 15:00:00,135395.5030718804,6488.25373549667,7.0
2025-11-23 16:00:00,5409.998239868192,268.8515904243154,7.0
2025-11-23 17:00:00,0.0,10.0,3.2815
2025-11-23 18:00:00,0.0,10.0,3.2815
2025-11-23 19:00:00,0.0,10.0,3.2815
2025-11-23 20:00:00,0.0,10.0,3.2815
2025-11-23 21:00:00,0.0,10.0,3.2815
2025-11-23 22:00:00,0.0,10.0,3.2815
2025-11-23 23:00:00,0.0,10.0,3.2815
2025-11-24 00:00:00,0.0,10.0,3.2815
2025-11-24 01:00:00,0.0,10.0,3.2815
2025-11-24 02:00:00,0.0,10.0,3.2815
2025-11-24 03:00:00,0.0,10.0,3.2815
2025-11-24 04:00:00,0.0,10.0,3.2815
2025-11-24 05:00:00,0.0,10.0,3.2815
2025-11-24 06:00:00,0.0,10.0,3.2815
2025-11-24 07:00:00,0.0,10.0,3.2815
2025-11-24 08:00:00,33970.21866707461,1635.369314214096,7.0
2025-11-24 09:00:00,145740.60293918723,6983.234590391733,7.0
2025-11-24 10:00:00,282500.36689915153,13526.763966466578,7.0
2025-11-24 11:00:00,303234.5086541551,14518.828165270581,7.0
2025-11-24 12:00:00,335228.2749057776,16049.63037826687,7.0
2025-11-24 13:00:00,181867.8024370111,8711.808729043592,7.0
2025-11-24 14:00:00,113774.93785466091,5453.77693084502,7.0
2025-11-24 15:00:00,113119.11994881868,5422.398083675535,7.0
2025-11-24 16:00:00,11753.65211948696,572.3756994969838,7.0
2025-11-24 17:00:00,0.0,10.0,3.2815
2025-11-24 18:00:00,0.0,10.0,3.2815
2025-11-24 19:00:00,0.0,10.0,3.2815
2025-11-24 20:00:00,0.0,10.0,3.2815
2025-11-24 21:00:00,0.0,10.0,3.2815
2025-11-24 22:00:00,0.0,10.0,3.2815
2025-11-24 23:00:00,0.0,10.0,3.2815
2025-11-25 00:00:00,0.0,10.0,3.2815
2025-11-25 01:00:00,0.0,10.0,3.2815
2025-11-25 02:00:00,0.0,10.0,3.2815
2025-11-25 03:00:00,0.0,10.0,3.2815
2025-11-25 04:00:00,0.0,10.0,3.2815
2025-11-25 05:00:00,0.0,10.0,3.2815
2025-11-25 06:00:00,0.0,10.0,3.2815
2025-11-25 07:00:00,0.0,10.0,3.2815
2025-11-25 08:00:00,16296.49953640008,789.7368199234488,7.0
2025-11-25 09:00:00,50337.05604796973,2418.4715812425707,7.0
2025-11-25 10:00:00,110977.80139284807,5319.942650375505,7.0
2025-11-25 11:00:00,137372.09915692496,6582.827710857654,7.0
2025-11-25 12:00:00,164416.01307984782,7876.794884203245,7.0
2025-11-25 13:00:00,162123.0477180743,7767.083622874368,7.0
2025-11-25 14:00:00,69188.31001648009,3320.4454553339756,7.0
2025-11-25 15:00:00,58442.892896056714,2806.3106648830963,7.0
2025-11-25 16:00:00,8489.389753292768,416.19089728673526,7.0
2025-11-25 17:00:00,0.0,10.0,3.2815
2025-11-25 18:00:00,0.0,10.0,3.2815
2025-11-25 19:00:00,0.0,10.0,3.2815
2025-11-25 20:00:00,0.0,10.0,3.2815
2025-11-25 21:00:00,0.0,10.0,3.2815
2025-11-25 22:00:00,0.0,10.0,3.2815
2025-11-25 23:00:00,0.0,10.0,3.2815
2025-11-26 00:00:00,0.0,10.0,3.2815
2025-11-26 01:00:00,0.0,10.0,3.2815
2025-11-26 02:00:00,0.0,10.0,3.2815
2025-11-26 03:00:00,0.0,10.0,3.2815
2025-11-26 04:00:00,0.0,10.0,3.2815
2025-11-26 05:00:00,0.0,10.0,3.2815
2025-11-26 06:00:00,0.0,10.0,3.2815
2025-11-26 07:00:00,0.0,10.0,3.2815
2025-11-26 08:00:00,17233.532458309597,834.570931019598,7.0
2025-11-26 09:00:00,117472.02784119542,5630.671188573943,7.0
2025-11-26 10:00:00,206363.04652450167,9883.829977248884,7.0
2025-11-26 11:00:00,350227.451448012,16767.29432765608,7.0
2025-11-26 12:00:00,438152.00984812225,20974.21099751781,7.0
2025-11-26 13:00:00,502673.13898441935,24061.34636289088,7.0
2025-11-26 14:00:00,324867.33849002176,15553.891793780946,7.0
2025-11-26 15:00:00,158250.39092197834,7581.789039329106,7.0
2025-11-26 16:00:00,16185.218702877293,784.4123781281002,7.0
2025-11-26 17:00:00,0.0,10.0,3.2815
2025-11-26 18:00:00,0.0,10.0,3.2815
2025-11-26 19:00:00,0.0,10.0,3.2815
2025-11-26 20:00:00,0.0,10.0,3.2815
2025-11-26 21:00:00,0.0,10.0,3.2815
2025-11-26 22:00:00,0.0,10.0,3.2815
2025-11-26 23:00:00,0.0,10.0,3.2815
2025-11-27 00:00:00,0.0,10.0,3.2815
2025-11-27 01:00:00,0.0,10.0,3.2815
2025-11-27 02:00:00,0.0,10.0,3.2815
2025-11-27 03:00:00,0.0,10.0,3.2815
2025-11-27 04:00:00,0.0,10.0,3.2815
2025-11-27 05:00:00,0.0,10.0,3.2815
2025-11-27 06:00:00,0.0,10.0,3.2815
2025-11-27 07:00:00,0.0,10.0,3.2815
2025-11-27 08:00:00,38531.20380733644,1853.5982682936094,7.0
2025-11-27 09:00:00,106525.17284606992,5106.898222299996,7.0
2025-11-27 10:00:00,124402.94643637283,5962.294087864729,7.0
2025-11-27 11:00:00,108681.24606500145,5210.059620334998,7.0
2025-11-27 12:00:00,63555.72606933939,3050.9438310688706,7.0
2025-11-27 13:00:00,45575.62340412918,2190.6518375181427,7.0
2025-11-27 14:00:00,34143.27619423242,1643.6495786714077,7.0
2025-11-27 15:00:00,22841.07076790788,1102.8741994214297,7.0
2025-11-27 16:00:00,1650.1549351725876,88.95478158720515,7.0
2025-11-27 17:00:00,0.0,10.0,3.2815
2025-11-27 18:00:00,0.0,10.0,3.2815
2025-11-27 19:00:00,0.0,10.0,3.2815
2025-11-27 20:00:00,0.0,10.0,3.2815
2025-11-27 21:00:00,0.0,10.0,3.2815
2025-11-27 22:00:00,0.0,10.0,3.2815
2025-11-27 23:00:00,0.0,10.0,3.2815
2025-11-28 00:00:00,0.0,10.0,3.2815
2025-11-28 01:00:00,0.0,10.0,3.2815
2025-11-28 02:00:00,0.0,10.0,3.2815
2025-11-28 03:00:00,0.0,10.0,3.2815
2025-11-28 04:00:00,0.0,10.0,3.2815
2025-11-28 05:00:00,0.0,10.0,3.2815
2025-11-28 06:00:00,0.0,10.0,3.2815
2025-11-28 07:00:00,0.0,10.0,3.2815
2025-11-28 08:00:00,5175.749224571343,257.64350356800685,7.0
2025-11-28 09:00:00,28883.06048971479,1391.964616732765,7.0
2025-11-28 10:00:00,64618.82377402875,3101.809749953529,7.0
2025-11-28 11:00:00,85704.17600842893,4110.67827791526,7.0
2025-11-28 12:00:00,113596.82570551566,5445.254818445725,7.0
2025-11-28 13:00:00,130744.9154730192,6265.73758244111,7.0
2025-11-28 14:00:00,125787.37605545383,6028.534739495399,7.0
2025-11-28 15:00:00,84579.74975276423,4056.877978601159,7.0
2025-11-28 16:00:00,5942.346561051743,294.3228019641982,7.0
2025-11-28 17:00:00,0.0,10.0,3.2815
2025-11-28 18:00:00,0.0,10.0,3.2815
2025-11-28 19:00:00,0.0,10.0,3.2815
2025-11-28 20:00:00,0.0,10.0,3.2815
2025-11-28 21:00:00,0.0,10.0,3.2815
2025-11-28 22:00:00,0.0,10.0,3.2815
2025-11-28 23:00:00,0.0,10.0,3.2815
2025-11-29 00:00:00,0.0,10.0,3.2815
2025-11-29 01:00:00,0.0,10.0,3.2815
2025-11-29 02:00:00,0.0,10.0,3.2815
2025-11-29 03:00:00,0.0,10.0,3.2815
2025-11-29 04:00:00,0.0,10.0,3.2815
2025-11-29 05:00:00,0.0,10.0,3.2815
2025-11-29 06:00:00,0.0,10.0,3.2815
2025-11-29 07:00:00,0.0,10.0,3.2815
2025-11-29 08:00:00,34605.60981530932,1665.7708045602544,7.0
2025-11-29 09:00:00,144366.0853896293,6917.468200460732,7.0
2025-11-29 10:00:00,277253.7485634643,13275.729596338007,7.0
2025-11-29 11:00:00,269107.9933226616,12885.980541754145,7.0
2025-11-29 12:00:00,264747.21218065254,12677.330726347012,7.0
2025-11-29 13:00:00,295884.4075251531,14167.148685414024,7.0
2025-11-29 14:00:00,234225.41905164527,11216.957849361019,7.0
2025-11-29 15:00:00,91374.414022446,4381.981532174449,7.0
2025-11-29 16:00:00,3532.9988697940316,179.04300812411634,7.0
2025-11-29 17:00:00,0.0,10.0,3.2815
2025-11-29 18:00:00,0.0,10.0,3.2815
2025-11-29 19:00:00,0.0,10.0,3.2815
2025-11-29 20:00:00,0.0,10.0,3.2815
2025-11-29 21:00:00,0.0,10.0,3.2815
2025-11-29 22:00:00,0.0,10.0,3.2815
2025-11-29 23:00:00,0.0,10.0,3.2815
2025-11-30 00:00:00,0.0,10.0,3.2815
2025-11-30 01:00:00,0.0,10.0,3.2815
2025-11-30 02:00:00,0.0,10.0,3.2815
2025-11-30 03:00:00,0.0,10.0,3.2815
2025-11-30 04:00:00,0.0,10.0,3.2815
2025-11-30 05:00:00,0.0,10.0,3.2815
2025-11-30 06:00:00,0.0,10.0,3.2815
2025-11-30 07:00:00,0.0,10.0,3.2815
2025-11-30 08:00:00,32199.95018052912,1550.6674727525894,7.0
2025-11-30 09:00:00,196344.53791579747,9404.475498363516,7.0
2025-11-30 10:00:00,284491.30311352457,13622.024072417444,7.0
2025-11-30 11:00:00,413877.79575496865,19812.765347127686,7.0
2025-11-30 12:00:00,468425.6697097837,22422.71146936764,7.0
2025-11-30 13:00:00,446061.1588625665,21352.63918002711,7.0
2025-11-30 14:00:00,354827.62293623685,16987.398226614205,7.0
2025-11-30 15:00:00,147307.86570742435,7058.223239589682,7.0
2025-11-30 16:00:00,9047.454424173993,442.8925561805739,7.0
2025-11-30 17:00:00,0.0,10.0,3.2815
2025-11-30 18:00:00,0.0,10.0,3.2815
2025-11-30 19:00:00,0.0,10.0,3.2815
2025-11-30 20:00:00,0.0,10.0,3.2815
2025-11-30 21:00:00,0.0,10.0,3.2815
2025-11-30 22:00:00,0.0,10.0,3.2815
2025-11-30 23:00:00,0.0,10.0,3.2815
2025-12-01 00:00:00,0.0,10.0,3.2815
2025-12-01 01:00:00,0.0,10.0,3.2815
2025-12-01 02:00:00,0.0,10.0,3.2815
2025-12-01 03:00:00,0.0,10.0,3.2815
2025-12-01 04:00:00,0.0,10.0,3.2815
2025-12-01 05:00:00,0.0,10.0,3.2815
2025-12-01 06:00:00,0.0,10.0,3.2815
2025-12-01 07:00:00,0.0,10.0,3.2815
2025-12-01 08:00:00,40595.46922396259,1952.3669485149564,7.0
2025-12-01 09:00:00,284397.589970364,13617.540189969568,7.0
2025-12-01 10:00:00,524392.5417246695,25100.55223563012,7.0
2025-12-01 11:00:00,695879.5137234875,33305.670513085526,7.0
2025-12-01 12:00:00,707730.2300344314,33872.690432269446,7.0
2025-12-01 13:00:00,668957.7873202197,32017.549632546394,7.0
2025-12-01 14:00:00,461941.3582578161,22112.457332909864,7.0
2025-12-01 15:00:00,160632.68511440503,7695.774407387801,7.0
2025-12-01 16:00:00,11586.044902852427,564.3562154474846,7.0
2025-12-01 17:00:00,0.0,10.0,3.2815
2025-12-01 18:00:00,0.0,10.0,3.2815
2025-12-01 19:00:00,0.0,10.0,3.2815
2025-12-01 20:00:00,0.0,10.0,3.2815
2025-12-01 21:00:00,0.0,10.0,3.2815
2025-12-01 22:00:00,0.0,10.0,3.2815
2025-12-01 23:00:00,0.0,10.0,3.2815
2025-12-02 00:00:00,0.0,10.0,3.2815
2025-12-02 01:00:00,0.0,10.0,3.2815
2025-12-02 02:00:00,0.0,10.0,3.2815
2025-12-02 03:00:00,0.0,10.0,3.2815
2025-12-02 04:00:00,0.0,10.0,3.2815
2025-12-02 05:00:00,0.0,10.0,3.2815
2025-12-02 06:00:00,0.0,10.0,3.2815
2025-12-02 07:00:00,0.0,10.0,3.2815
2025-12-02 08:00:00,5732.88993272212,284.3009537187617,7.0
2025-12-02 09:00:00,76796.87375266117,3684.4915671129747,7.0
2025-12-02 10:00:00,185743.08567051287,8897.228979450376,7.0
2025-12-02 11:00:00,322133.94785647624,15423.107552941447,7.0
2025-12-02 12:00:00,398618.07050571934,19082.634952426764,7.0
2025-12-02 13:00:00,279950.77546363417,13404.77394562843,7.0
2025-12-02 14:00:00,232870.58586260112,11152.133294861298,7.0
2025-12-02 15:00:00,90195.15632490668,4325.5577188950565,7.0
2025-12-02 16:00:00,5626.135665524394,279.1930940442294,7.0
2025-12-02 17:00:00,0.0,10.0,3.2815
2025-12-02 18:00:00,0.0,10.0,3.2815
2025-12-02 19:00:00,0.0,10.0,3.2815
2025-12-02 20:00:00,0.0,10.0,3.2815
2025-12-02 21:00:00,0.0,10.0,3.2815
2025-12-02 22:00:00,0.0,10.0,3.2815
2025-12-02 23:00:00,0.0,10.0,3.2815
2025-12-03 00:00:00,0.0,10.0,3.2815
2025-12-03 01:00:00,0.0,10.0,3.2815
2025-12-03 02:00:00,0.0,10.0,3.2815
2025-12-03 03:00:00,0.0,10.0,3.2815
2025-12-03 04:00:00,0.0,10.0,3.2815
2025-12-03 05:00:00,0.0,10.0,3.2815
2025-12-03 06:00:00,0.0,10.0,3.2815
2025-12-03 07:00:00,0.0,10.0,3.2815
2025-12-03 08:00:00,10878.86383100155,530.51980052639,7.0
2025-12-03 09:00:00,72147.47876526666,3462.0324768070172,7.0
2025-12-03 10:00:00,130983.28188872593,6277.142674101719,7.0
2025-12-03 11:00:00,297047.40233535436,14222.79437011265,7.0
2025-12-03 12:00:00,296489.06357560906,14196.079596919095,7.0
2025-12-03 13:00:00,332965.552698522,15941.366157824017,7.0
2025-12-03 14:00:00,194423.89608856884,9312.578760218605,7.0
2025-12-03 15:00:00,115288.51547082487,5526.196912479659,7.0
2025-12-03 16:00:00,8371.509401979978,410.55068908995105,7.0
2025-12-03 17:00:00,0.0,10.0,3.2815
2025-12-03 18:00:00,0.0,10.0,3.2815
2025-12-03 19:00:00,0.0,10.0,3.2815
2025-12-03 20:00:00,0.0,10.0,3.2815
2025-12-03 21:00:00,0.0,10.0,3.2815
2025-12-03 22:00:00,0.0,10.0,3.2815
2025-12-03 23:00:00,0.0,10.0,3.2815
2025-12-04 00:00:00,0.0,10.0,3.2815
2025-12-04 01:00:00,0.0,10.0,3.2815
2025-12-04 02:00:00,0.0,10.0,3.2815
2025-12-04 03:00:00,0.0,10.0,3.2815
2025-12-04 04:00:00,0.0,10.0,3.2815
2025-12-04 05:00:00,0.0,10.0,3.2815
2025-12-04 06:00:00,0.0,10.0,3.2815
2025-12-04 07:00:00,0.0,10.0,3.2815
2025-12-04 08:00:00,27626.972517481303,1331.8647137550863,7.0
2025-12-04 09:00:00,186971.78893461186,8956.018609311572,7.0
2025-12-04 10:00:00,373957.88742911845,17902.721886560692,7.0
2025-12-04 11:00:00,466400.12953600247,22325.795671579064,7.0
2025-12-04 12:00:00,478936.1099440109,22925.60334660339,7.0
2025-12-04 13:00:00,461047.0689252721,22069.668369630246,7.0
2025-12-04 14:00:00,387706.7263228817,18560.561068080464,7.0
2025-12-04 15:00:00,145721.90268883685,6982.339841571141,7.0
2025-12-04 16:00:00,10575.0533233577,515.983412600847,7.0
2025-12-04 17:00:00,0.0,10.0,3.2815
2025-12-04 18:00:00,0.0,10.0,3.2815
2025-12-04 19:00:00,0.0,10.0,3.2815
2025-12-04 20:00:00,0.0,10.0,3.2815
2025-12-04 21:00:00,0.0,10.0,3.2815
2025-12-04 22:00:00,0.0,10.0,3.2815
2025-12-04 23:00:00,0.0,10.0,3.2815
2025-12-05 00:00:00,0.0,10.0,3.2815
2025-12-05 01:00:00,0.0,10.0,3.2815
2025-12-05 02:00:00,0.0,10.0,3.2815
2025-12-05 03:00:00,0.0,10.0,3.2815
2025-12-05 04:00:00,0.0,10.0,3.2815
2025-12-05 05:00:00,0.0,10.0,3.2815
2025-12-05 06:00:00,0.0,10.0,3.2815
2025-12-05 07:00:00,0.0,10.0,3.2815
2025-12-05 08:00:00,21778.299085035596,1052.023879666775,7.0
2025-12-05 09:00:00,234192.51991275506,11215.383727883018,7.0
2025-12-05 10:00:00,446252.36489577347,21361.78779405615,7.0
2025-12-05 11:00:00,576414.8955746933,27589.660075344178,7.0
2025-12-05 12:00:00,596505.6368424911,28550.939561841682,7.0
2025-12-05 13:00:00,464069.2466381426,22214.270174073812,7.0
2025-12-05 14:00:00,249503.86434169952,11947.983939794234,7.0
2025-12-05 15:00:00,109598.3350254561,5253.939474902206,7.0
2025-12-05 16:00:00,7088.960567642584,349.18471615514756,7.0
2025-12-05 17:00:00,0.0,10.0,3.2815
2025-12-05 18:00:00,0.0,10.0,3.2815
2025-12-05 19:00:00,0.0,10.0,3.2815
2025-12-05 20:00:00,0.0,10.0,3.2815
2025-12-05 21:00:00,0.0,10.0,3.2815
2025-12-05 22:00:00,0.0,10.0,3.2815
2025-12-05 23:00:00,0.0,10.0,3.2815
2025-12-06 00:00:00,0.0,10.0,3.2815
2025-12-06 01:00:00,0.0,10.0,3.2815
2025-12-06 02:00:00,0.0,10.0,3.2815
2025-12-06 03:00:00,0.0,10.0,3.2815
2025-12-06 04:00:00,0.0,10.0,3.2815
2025-12-06 05:00:00,0.0,10.0,3.2815
2025-12-06 06:00:00,0.0,10.0,3.2815
2025-12-06 07:00:00,0.0,10.0,3.2815
2025-12-06 08:00:00,10504.402891662254,512.6030091704426,7.0
2025-12-06 09:00:00,129767.62794502632,6218.977413637623,7.0
2025-12-06 10:00:00,252266.72573809928,12080.178264980826,7.0
2025-12-06 11:00:00,441054.6958064373,21113.09549313097,7.0
2025-12-06 12:00:00,456581.22944663686,21855.991839552004,7.0
2025-12-06 13:00:00,363232.71035653516,17389.55551945144,7.0
2025-12-06 14:00:00,162922.8225610239,7805.350361771478,7.0
2025-12-06 15:00:00,83523.6571437512,4006.347231758431,7.0
2025-12-06 16:00:00,6858.41423703165,338.1537912455335,7.0
2025-12-06 17:00:00,0.0,10.0,3.2815
2025-12-06 18:00:00,0.0,10.0,3.2815
2025-12-06 19:00:00,0.0,10.0,3.2815
2025-12-06 20:00:00,0.0,10.0,3.2815
2025-12-06 21:00:00,0.0,10.0,3.2815
2025-12-06 22:00:00,0.0,10.0,3.2815
2025-12-06 23:00:00,0.0,10.0,3.2815
2025-12-07 00:00:00,0.0,10.0,3.2815
2025-12-07 01:00:00,0.0,10.0,3.2815
2025-12-07 02:00:00,0.0,10.0,3.2815
2025-12-07 03:00:00,0.0,10.0,3.2815
2025-12-07 04:00:00,0.0,10.0,3.2815
2025-12-07 05:00:00,0.0,10.0,3.2815
2025-12-07 06:00:00,0.0,10.0,3.2815
2025-12-07 07:00:00,0.0,10.0,3.2815
2025-12-07 08:00:00,4471.632170303587,223.95369235902334,7.0
2025-12-07 09:00:00,66264.25930642043,3180.5387227952356,7.0
2025-12-07 10:00:00,136025.89863532755,6518.416202647251,7.0
2025-12-07 11:00:00,153231.858245579,7341.667858640144,7.0
2025-12-07 12:00:00,160001.7038393701,7665.583915759335,7.0
2025-12-07 13:00:00,208887.07595347858,10004.596935573138,7.0
2025-12-07 14:00:00,185184.48796278113,8870.50181640101,7.0
2025-12-07 15:00:00,54286.1430719341,2607.42311348967,7.0
2025-12-07 16:00:00,1400.7146553335488,77.01983996811238,7.0
2025-12-07 17:00:00,0.0,10.0,3.2815
2025-12-07 18:00:00,0.0,10.0,3.2815
2025-12-07 19:00:00,0.0,10.0,3.2815
2025-12-07 20:00:00,0.0,10.0,3.2815
2025-12-07 21:00:00,0.0,10.0,3.2815
2025-12-07 22:00:00,0.0,10.0,3.2815
2025-12-07 23:00:00,0.0,10.0,3.2815
2025-12-08 00:00:00,0.0,10.0,3.2815
2025-12-08 01:00:00,0.0,10.0,3.2815
2025-12-08 02:00:00,0.0,10.0,3.2815
2025-12-08 03:00:00,0.0,10.0,3.2815
2025-12-08 04:00:00,0.0,10.0,3.2815
2025-12-08 05:00:00,0.0,10.0,3.2815
2025-12-08 06:00:00,0.0,10.0,3.2815
2025-12-08 07:00:00,0.0,10.0,3.2815
2025-12-08 08:00:00,9905.258630760165,483.9358196535964,7.0
2025-12-08 09:00:00,74681.92508325053,3583.2978508732313,7.0
2025-12-08 10:00:00,122822.14288710718,5886.657554407042,7.0
2025-12-08 11:00:00,188457.70261806936,9027.114957802361,7.0
2025-12-08 12:00:00,211064.9890302185,10108.803302881268,7.0
2025-12-08 13:00:00,164121.8785792842,7862.721463123647,7.0
2025-12-08 14:00:00,121525.27303589333,5824.6063653537485,7.0
2025-12-08 15:00:00,38977.643189083305,1874.9590042623593,7.0
2025-12-08 16:00:00,1583.4455888988302,85.76294683726461,7.0
2025-12-08 17:00:00,0.0,10.0,3.2815
2025-12-08 18:00:00,0.0,10.0,3.2815
2025-12-08 19:00:00,0.0,10.0,3.2815
2025-12-08 20:00:00,0.0,10.0,3.2815
2025-12-08 21:00:00,0.0,10.0,3.2815
2025-12-08 22:00:00,0.0,10.0,3.2815
2025-12-08 23:00:00,0.0,10.0,3.2815
2025-12-09 00:00:00,0.0,10.0,3.2815
2025-12-09 01:00:00,0.0,10.0,3.2815
2025-12-09 02:00:00,0.0,10.0,3.2815
2025-12-09 03:00:00,0.0,10.0,3.2815
2025-12-09 04:00:00,0.0,10.0,3.2815
2025-12-09 05:00:00,0.0,10.0,3.2815
2025-12-09 06:00:00,0.0,10.0,3.2815
2025-12-09 07:00:00,0.0,10.0,3.2815
2025-12-09 08:00:00,12078.95495590054,587.9404285119875,7.0
2025-12-09 09:00:00,141512.31486904665,6780.9241564137155,7.0
2025-12-09 10:00:00,276447.41751698585,13237.149163492146,7.0
2025-12-09 11:00:00,362522.25841230206,17355.562603459428,7.0
2025-12-09 12:00:00,418544.47190309374,20036.051287229366,7.0
2025-12-09 13:00:00,398224.62768428755,19063.809937047252,7.0
2025-12-09 14:00:00,340822.11180780554,16317.278076928495,7.0
2025-12-09 15:00:00,153652.6904982663,7361.80337312279,7.0
2025-12-09 16:00:00,10683.325989790588,521.1639229564876,7.0
2025-12-09 17:00:00,0.0,10.0,3.2815
2025-12-09 18:00:00,0.0,10.0,3.2815
2025-12-09 19:00:00,0.0,10.0,3.2815
2025-12-09 20:00:00,0.0,10.0,3.2815
2025-12-09 21:00:00,0.0,10.0,3.2815
2025-12-09 22:00:00,0.0,10.0,3.2815
2025-12-09 23:00:00,0.0,10.0,3.2815
2025-12-10 00:00:00,0.0,10.0,3.2815
2025-12-10 01:00:00,0.0,10.0,3.2815
2025-12-10 02:00:00,0.0,10.0,3.2815
2025-12-10 03:00:00,0.0,10.0,3.2815
2025-12-10 04:00:00,0.0,10.0,3.2815
2025-12-10 05:00:00,0.0,10.0,3.2815
2025-12-10 06:00:00,0.0,10.0,3.2815
2025-12-10 07:00:00,0.0,10.0,3.2815
2025-12-10 08:00:00,6161.361165843892,304.80196965760246,7.0
2025-12-10 09:00:00,72340.8726345429,3471.2857719876984,7.0
2025-12-10 10:00:00,123193.9553048772,5904.447622242928,7.0
2025-12-10 11:00:00,160921.1216523702,7709.575198678001,7.0
2025-12-10 12:00:00,176207.69444514555,8440.9901648395,7.0
2025-12-10 13:00:00,187799.56475205885,8995.625107754013,7.0
2025-12-10 14:00:00,204589.70455698422,9798.98107928154,7.0
2025-12-10 15:00:00,84123.29086466352,4035.037840414522,7.0
2025-12-10 16:00:00,6760.787050634098,333.4826340016315,7.0
2025-12-10 17:00:00,0.0,10.0,3.2815
2025-12-10 18:00:00,0.0,10.0,3.2815
2025-12-10 19:00:00,0.0,10.0,3.2815
2025-12-10 20:00:00,0.0,10.0,3.2815
2025-12-10 21:00:00,0.0,10.0,3.2815
2025-12-10 22:00:00,0.0,10.0,3.2815
2025-12-10 23:00:00,0.0,10.0,3.2815
2025-12-11 00:00:00,0.0,10.0,3.2815
2025-12-11 01:00:00,0.0,10.0,3.2815
2025-12-11 02:00:00,0.0,10.0,3.2815
2025-12-11 03:00:00,0.0,10.0,3.2815
2025-12-11 04:00:00,0.0,10.0,3.2815
2025-12-11 05:00:00,0.0,10.0,3.2815
2025-12-11 06:00:00,0.0,10.0,3.2815
2025-12-11 07:00:00,0.0,10.0,3.2815
2025-12-11 08:00:00,12609.873765109163,613.3432423497208,7.0
2025-12-11 09:00:00,135601.62793020857,6498.116168909501,7.0
2025-12-11 10:00:00,313328.4434195483,15001.791551174558,7.0
2025-12-11 11:00:00,443421.45670638187,21226.337641453676,7.0
2025-12-11 12:00:00,557079.7851010627,26664.535172299653,7.0
2025-12-11 13:00:00,514623.49946608965,24633.133945745918,7.0
2025-12-11 14:00:00,326358.66945002216,15625.247342106324,7.0
2025-12-11 15:00:00,146535.14040883034,7021.25073726461,7.0
2025-12-11 16:00:00,9836.866160737964,480.6634526668882,7.0
2025-12-11 17:00:00,0.0,10.0,3.2815
2025-12-11 18:00:00,0.0,10.0,3.2815
2025-12-11 19:00:00,0.0,10.0,3.2815
2025-12-11 20:00:00,0.0,10.0,3.2815
2025-12-11 21:00:00,0.0,10.0,3.2815
2025-12-11 22:00:00,0.0,10.0,3.2815
2025-12-11 23:00:00,0.0,10.0,3.2815
2025-12-12 00:00:00,0.0,10.0,3.2815
2025-12-12 01:00:00,0.0,10.0,3.2815
2025-12-12 02:00:00,0.0,10.0,3.2815
2025-12-12 03:00:00,0.0,10.0,3.2815
2025-12-12 04:00:00,0.0,10.0,3.2815
2025-12-12 05:00:00,0.0,10.0,3.2815
2025-12-12 06:00:00,0.0,10.0,3.2815
2025-12-12 07:00:00,0.0,10.0,3.2815
2025-12-12 08:00:00,11118.771626689604,541.9986424253399,7.0
2025-12-12 09:00:00,129864.91622894803,6223.632355452059,7.0
2025-12-12 10:00:00,322712.9179154547,15450.809469638984,7.0
2025-12-12 11:00:00,444553.52844073676,21280.5037531453,7.0
2025-12-12 12:00:00,561294.0541713544,26866.17484073466,7.0
2025-12-12 13:00:00,456675.6294954222,21860.50858829771,7.0
2025-12-12 14:00:00,299872.1822743829,14357.951304994396,7.0
2025-12-12 15:00:00,144725.1902272227,6934.650250106349,7.0
2025-12-12 16:00:00,8470.921477307194,415.3072477180476,7.0
2025-12-12 17:00:00,0.0,10.0,3.2815
2025-12-12 18:00:00,0.0,10.0,3.2815
2025-12-12 19:00:00,0.0,10.0,3.2815
2025-12-12 20:00:00,0.0,10.0,3.2815
2025-12-12 21:00:00,0.0,10.0,3.2815
2025-12-12 22:00:00,0.0,10.0,3.2815
2025-12-12 23:00:00,0.0,10.0,3.2815
2025-12-13 00:00:00,0.0,10.0,3.2815
2025-12-13 01:00:00,0.0,10.0,3.2815
2025-12-13 02:00:00,0.0,10.0,3.2815
2025-12-13 03:00:00,0.0,10.0,3.2815
2025-12-13 04:00:00,0.0,10.0,3.2815
2025-12-13 05:00:00,0.0,10.0,3.2815
2025-12-13 06:00:00,0.0,10.0,3.2815
2025-12-13 07:00:00,0.0,10.0,3.2815
2025-12-13 08:00:00,7159.441374414286,352.55700356049215,7.0
2025-12-13 09:00:00,80181.64717544893,3846.4424485860736,7.0
2025-12-13 10:00:00,157144.7485068319,7528.887488365163,7.0
2025-12-13 11:00:00,190158.91508139108,9108.512683320148,7.0
2025-12-13 12:00:00,261452.5953239933,12519.693556171927,7.0
2025-12-13 13:00:00,197169.92560935105,9443.967732504834,7.0
2025-12-13 14:00:00,120404.11926189008,5770.962644109573,7.0
2025-12-13 15:00:00,88762.27731802585,4256.998914738079,7.0
2025-12-13 16:00:00,6424.811340899509,317.40724119136405,7.0
2025-12-13 17:00:00,0.0,10.0,3.2815
2025-12-13 18:00:00,0.0,10.0,3.2815
2025-12-13 19:00:00,0.0,10.0,3.2815
2025-12-13 20:00:00,0.0,10.0,3.2815
2025-12-13 21:00:00,0.0,10.0,3.2815
2025-12-13 22:00:00,0.0,10.0,3.2815
2025-12-13 23:00:00,0.0,10.0,3.2815
2025-12-14 00:00:00,0.0,10.0,3.2815
2025-12-14 01:00:00,0.0,10.0,3.2815
2025-12-14 02:00:00,0.0,10.0,3.2815
2025-12-14 03:00:00,0.0,10.0,3.2815
2025-12-14 04:00:00,0.0,10.0,3.2815
2025-12-14 05:00:00,0.0,10.0,3.2815
2025-12-14 06:00:00,0.0,10.0,3.2815
2025-12-14 07:00:00,0.0,10.0,3.2815
2025-12-14 08:00:00,8657.814733478086,424.2495087788558,7.0
2025-12-14 09:00:00,110637.8221089342,5303.675698992067,7.0
2025-12-14 10:00:00,244974.44099712363,11731.2651194796,7.0
2025-12-14 11:00:00,433072.9872189991,20731.19556071766,7.0
2025-12-14 12:00:00,377858.43207477557,18089.350816974908,7.0
2025-12-14 13:00:00,293955.8874036563,14074.874995390253,7.0
2025-12-14 14:00:00,208107.79344251723,9967.310691029532,7.0
2025-12-14 15:00:00,100749.45265179926,4830.5479737703,7.0
2025-12-14 16:00:00,7145.430266803919,351.88661563655114,7.0
2025-12-14 17:00:00,0.0,10.0,3.2815
2025-12-14 18:00:00,0.0,10.0,3.2815
2025-12-14 19:00:00,0.0,10.0,3.2815
2025-12-14 20:00:00,0.0,10.0,3.2815
2025-12-14 21:00:00,0.0,10.0,3.2815
2025-12-14 22:00:00,0.0,10.0,3.2815
2025-12-14 23:00:00,0.0,10.0,3.2815
2025-12-15 00:00:00,0.0,10.0,3.2815
2025-12-15 01:00:00,0.0,10.0,3.2815
2025-12-15 02:00:00,0.0,10.0,3.2815
2025-12-15 03:00:00,0.0,10.0,3.2815
2025-12-15 04:00:00,0.0,10.0,3.2815
2025-12-15 05:00:00,0.0,10.0,3.2815
2025-12-15 06:00:00,0.0,10.0,3.2815
2025-12-15 07:00:00,0.0,10.0,3.2815
2025-12-15 08:00:00,10979.682845332718,535.3436768101778,7.0
2025-12-15 09:00:00,162720.58300653496,7795.673828063874,7.0
2025-12-15 10:00:00,362769.814363664,17367.407385821247,7.0
2025-12-15 11:00:00,513975.9727508143,24602.151806259055,7.0
2025-12-15 12:00:00,666331.9046400057,31891.909312918935,7.0
2025-12-15 13:00:00,606652.2637941575,29036.424104983613,7.0
2025-12-15 14:00:00,437107.6731777832,20924.2427357791,7.0
2025-12-15 15:00:00,189680.463898254,9085.62028221311,7.0
2025-12-15 16:00:00,10913.586560671667,532.1811751517544,7.0
2025-12-15 17:00:00,0.0,10.0,3.2815
2025-12-15 18:00:00,0.0,10.0,3.2815
2025-12-15 19:00:00,0.0,10.0,3.2815
2025-12-15 20:00:00,0.0,10.0,3.2815
2025-12-15 21:00:00,0.0,10.0,3.2815
2025-12-15 22:00:00,0.0,10.0,3.2815
2025-12-15 23:00:00,0.0,10.0,3.2815
2025-12-16 00:00:00,0.0,10.0,3.2815
2025-12-16 01:00:00,0.0,10.0,3.2815
2025-12-16 02:00:00,0.0,10.0,3.2815
2025-12-16 03:00:00,0.0,10.0,3.2815
2025-12-16 04:00:00,0.0,10.0,3.2815
2025-12-16 05:00:00,0.0,10.0,3.2815
2025-12-16 06:00:00,0.0,10.0,3.2815
2025-12-16 07:00:00,0.0,10.0,3.2815
2025-12-16 08:00:00,10787.586373674854,526.1524580705673,7.0
2025-12-16 09:00:00,172461.8901443832,8261.765078678622,7.0
2025-12-16 10:00:00,378883.110023641,18138.37847003067,7.0
2025-12-16 11:00:00,559228.3941728459,26767.339434107456,7.0
2025-12-16 12:00:00,508194.9990636145,24325.55019443132,7.0
2025-12-16 13:00:00,401336.5972216427,19212.708001035535,7.0
2025-12-16 14:00:00,270830.87212954205,12968.41493442785,7.0
2025-12-16 15:00:00,102404.4594164158,4909.734900306977,7.0
2025-12-16 16:00:00,5437.463270803818,270.1657067370248,7.0
2025-12-16 17:00:00,0.0,10.0,3.2815
2025-12-16 18:00:00,0.0,10.0,3.2815
2025-12-16 19:00:00,0.0,10.0,3.2815
2025-12-16 20:00:00,0.0,10.0,3.2815
2025-12-16 21:00:00,0.0,10.0,3.2815
2025-12-16 22:00:00,0.0,10.0,3.2815
2025-12-16 23:00:00,0.0,10.0,3.2815
2025-12-17 00:00:00,0.0,10.0,3.2815
2025-12-17 01:00:00,0.0,10.0,3.2815
2025-12-17 02:00:00,0.0,10.0,3.2815
2025-12-17 03:00:00,0.0,10.0,3.2815
2025-12-17 04:00:00,0.0,10.0,3.2815
2025-12-17 05:00:00,0.0,10.0,3.2815
2025-12-17 06:00:00,0.0,10.0,3.2815
2025-12-17 07:00:00,0.0,10.0,3.2815
2025-12-17 08:00:00,6496.885255011024,320.85575382827864,7.0
2025-12-17 09:00:00,126027.4230432904,6040.020241305761,7.0
2025-12-17 10:00:00,221437.3601423788,10605.089002027695,7.0
2025-12-17 11:00:00,295335.63248433225,14140.89150642738,7.0
2025-12-17 12:00:00,410886.47790038976,19669.64009092774,7.0
2025-12-17 13:00:00,307722.8897277059,14733.58324056009,7.0
2025-12-17 14:00:00,175318.12751607836,8398.427153879347,7.0
2025-12-17 15:00:00,77108.5507537637,3699.4043422853447,7.0
2025-12-17 16:00:00,5042.116727950709,251.24960420816788,7.0
2025-12-17 17:00:00,0.0,10.0,3.2815
2025-12-17 18:00:00,0.0,10.0,3.2815
2025-12-17 19:00:00,0.0,10.0,3.2815
2025-12-17 20:00:00,0.0,10.0,3.2815
2025-12-17 21:00:00,0.0,10.0,3.2815
2025-12-17 22:00:00,0.0,10.0,3.2815
2025-12-17 23:00:00,0.0,10.0,3.2815
2025-12-18 00:00:00,0.0,10.0,3.2815
2025-12-18 01:00:00,0.0,10.0,3.2815
2025-12-18 02:00:00,0.0,10.0,3.2815
2025-12-18 03:00:00,0.0,10.0,3.2815
2025-12-18 04:00:00,0.0,10.0,3.2815
2025-12-18 05:00:00,0.0,10.0,3.2815
2025-12-18 06:00:00,0.0,10.0,3.2815
2025-12-18 07:00:00,0.0,10.0,3.2815
2025-12-18 08:00:00,6882.010841956606,339.2828154046223,7.0
2025-12-18 09:00:00,98849.4587453929,4739.639174420713,7.0
2025-12-18 10:00:00,143742.84087259488,6887.647888640904,7.0
2025-12-18 11:00:00,258634.2570572518,12384.844835275206,7.0
2025-12-18 12:00:00,373027.83568895276,17858.221803299173,7.0
2025-12-18 13:00:00,450593.4592867777,21569.495659654436,7.0
2025-12-18 14:00:00,378745.13762698387,18131.776919951382,7.0
2025-12-18 15:00:00,157838.94252081978,7562.102512957885,7.0
2025-12-18 16:00:00,8441.421934092703,413.895786320225,7.0
2025-12-18 17:00:00,0.0,10.0,3.2815
2025-12-18 18:00:00,0.0,10.0,3.2815
2025-12-18 19:00:00,0.0,10.0,3.2815
2025-12-18 20:00:00,0.0,10.0,3.2815
2025-12-18 21:00:00,0.0,10.0,3.2815
2025-12-18 22:00:00,0.0,10.0,3.2815
2025-12-18 23:00:00,0.0,10.0,3.2815
2025-12-19 00:00:00,0.0,10.0,3.2815
2025-12-19 01:00:00,0.0,10.0,3.2815
2025-12-19 02:00:00,0.0,10.0,3.2815
2025-12-19 03:00:00,0.0,10.0,3.2815
2025-12-19 04:00:00,0.0,10.0,3.2815
2025-12-19 05:00:00,0.0,10.0,3.2815
2025-12-19 06:00:00,0.0,10.0,3.2815
2025-12-19 07:00:00,0.0,10.0,3.2815
2025-12-19 08:00:00,1787.7579701202053,95.53865885742609,7.0
2025-12-19 09:00:00,33538.113159167406,1614.694409529541,7.0
2025-12-19 10:00:00,79886.98006465356,3832.3435437633284,7.0
2025-12-19 11:00:00,113095.7225344371,5421.278590164454,7.0
2025-12-19 12:00:00,102134.55424629811,4896.820777334838,7.0
2025-12-19 13:00:00,69294.4389440679,3325.523394453009,7.0
2025-12-19 14:00:00,70201.50731734028,3368.923795088052,7.0
2025-12-19 15:00:00,41636.436042514055,2002.1739733260313,7.0
2025-12-19 16:00:00,4425.437225610263,221.74340792393605,7.0
2025-12-19 17:00:00,0.0,10.0,3.2815
2025-12-19 18:00:00,0.0,10.0,3.2815
2025-12-19 19:00:00,0.0,10.0,3.2815
2025-12-19 20:00:00,0.0,10.0,3.2815
2025-12-19 21:00:00,0.0,10.0,3.2815
2025-12-19 22:00:00,0.0,10.0,3.2815
2025-12-19 23:00:00,0.0,10.0,3.2815
2025-12-20 00:00:00,0.0,10.0,3.2815
2025-12-20 01:00:00,0.0,10.0,3.2815
2025-12-20 02:00:00,0.0,10.0,3.2815
2025-12-20 03:00:00,0.0,10.0,3.2815
2025-12-20 04:00:00,0.0,10.0,3.2815
2025-12-20 05:00:00,0.0,10.0,3.2815
2025-12-20 06:00:00,0.0,10.0,3.2815
2025-12-20 07:00:00,0.0,10.0,3.2815
2025-12-20 08:00:00,6117.195356529361,302.6887730396823,7.0
2025-12-20 09:00:00,91932.37641165599,4408.678297208421,7.0
2025-12-20 10:00:00,221557.22760113943,10610.824287135858,7.0
2025-12-20 11:00:00,375757.3910083148,17988.822536283005,7.0
2025-12-20 12:00:00,315506.7367712621,15106.016113457514,7.0
2025-12-20 13:00:00,148724.6272452273,7126.010872977383,7.0
2025-12-20 14:00:00,102968.74587424146,4936.73425235605,7.0
2025-12-20 15:00:00,37568.82300588552,1807.5513399945226,7.0
2025-12-20 16:00:00,2891.282542622859,148.3388776374574,7.0
2025-12-20 17:00:00,0.0,10.0,3.2815
2025-12-20 18:00:00,0.0,10.0,3.2815
2025-12-20 19:00:00,0.0,10.0,3.2815
2025-12-20 20:00:00,0.0,10.0,3.2815
2025-12-20 21:00:00,0.0,10.0,3.2815
2025-12-20 22:00:00,0.0,10.0,3.2815
2025-12-20 23:00:00,0.0,10.0,3.2815
2025-12-21 00:00:00,0.0,10.0,3.2815
2025-12-21 01:00:00,0.0,10.0,3.2815
2025-12-21 02:00:00,0.0,10.0,3.2815
2025-12-21 03:00:00,0.0,10.0,3.2815
2025-12-21 04:00:00,0.0,10.0,3.2815
2025-12-21 05:00:00,0.0,10.0,3.2815
2025-12-21 06:00:00,0.0,10.0,3.2815
2025-12-21 07:00:00,0.0,10.0,3.2815
2025-12-21 08:00:00,6248.081871603042,308.9512857226336,7.0
2025-12-21 09:00:00,142305.40004741284,6818.870815665687,7.0
2025-12-21 10:00:00,372215.2205748841,17819.340697362877,7.0
2025-12-21 11:00:00,550744.6491319208,26361.418618752192,7.0
2025-12-21 12:00:00,652880.8022425877,31248.31589677453,7.0
2025-12-21 13:00:00,603052.7272855041,28864.197477775317,7.0
2025-12-21 14:00:00,441702.55746519926,21144.093658621976,7.0
2025-12-21 15:00:00,195473.79774051518,9362.813289019865,7.0
2025-12-21 16:00:00,13308.301703059518,646.7608470363406,7.0
2025-12-21 17:00:00,0.0,10.0,3.2815
2025-12-21 18:00:00,0.0,10.0,3.2815
2025-12-21 19:00:00,0.0,10.0,3.2815
2025-12-21 20:00:00,0.0,10.0,3.2815
2025-12-21 21:00:00,0.0,10.0,3.2815
2025-12-21 22:00:00,0.0,10.0,3.2815
2025-12-21 23:00:00,0.0,10.0,3.2815
2025-12-22 00:00:00,0.0,10.0,3.2815
2025-12-22 01:00:00,0.0,10.0,3.2815
2025-12-22 02:00:00,0.0,10.0,3.2815
2025-12-22 03:00:00,0.0,10.0,3.2815
2025-12-22 04:00:00,0.0,10.0,3.2815
2025-12-22 05:00:00,0.0,10.0,3.2815
2025-12-22 06:00:00,0.0,10.0,3.2815
2025-12-22 07:00:00,0.0,10.0,3.2815
2025-12-22 08:00:00,5765.292826727196,285.8513314223539,7.0
2025-12-22 09:00:00,100256.25335372637,4806.9499212309265,7.0
2025-12-22 10:00:00,239774.7490631242,11482.47603172843,7.0
2025-12-22 11:00:00,356593.2620487801,17071.878566927277,7.0
2025-12-22 12:00:00,449727.22110317455,21528.04885661122,7.0
2025-12-22 13:00:00,459522.66870188434,21996.730559898773,7.0
2025-12-22 14:00:00,347401.5780240917,16632.085072923048,7.0
2025-12-22 15:00:00,154983.91198964973,7425.498181322954,7.0
2025-12-22 16:00:00,10882.540455916334,530.6957155940829,7.0
2025-12-22 17:00:00,0.0,10.0,3.2815
2025-12-22 18:00:00,0.0,10.0,3.2815
2025-12-22 19:00:00,0.0,10.0,3.2815
2025-12-22 20:00:00,0.0,10.0,3.2815
2025-12-22 21:00:00,0.0,10.0,3.2815
2025-12-22 22:00:00,0.0,10.0,3.2815
2025-12-22 23:00:00,0.0,10.0,3.2815
2025-12-23 00:00:00,0.0,10.0,3.2815
2025-12-23 01:00:00,0.0,10.0,3.2815
2025-12-23 02:00:00,0.0,10.0,3.2815
2025-12-23 03:00:00,0.0,10.0,3.2815
2025-12-23 04:00:00,0.0,10.0,3.2815
2025-12-23 05:00:00,0.0,10.0,3.2815
2025-12-23 06:00:00,0.0,10.0,3.2815
2025-12-23 07:00:00,0.0,10.0,3.2815
2025-12-23 08:00:00,6158.7931261014055,304.679096942651,7.0
2025-12-23 09:00:00,142204.19402171622,6814.028422091685,7.0
2025-12-23 10:00:00,330935.41319419286,15844.230296372865,7.0
2025-12-23 11:00:00,418161.4166638415,20017.72328535127,7.0
2025-12-23 12:00:00,444916.953288186,21297.892501827082,7.0
2025-12-23 13:00:00,335608.7364719463,16067.834280954368,7.0
2025-12-23 14:00:00,255216.20285155892,12221.301571844924,7.0
2025-12-23 15:00:00,111332.07272646426,5336.893431888242,7.0
2025-12-23 16:00:00,8112.325697055785,398.1495548830519,7.0
2025-12-23 17:00:00,0.0,10.0,3.2815
2025-12-23 18:00:00,0.0,10.0,3.2815
2025-12-23 19:00:00,0.0,10.0,3.2815
2025-12-23 20:00:00,0.0,10.0,3.2815
2025-12-23 21:00:00,0.0,10.0,3.2815
2025-12-23 22:00:00,0.0,10.0,3.2815
2025-12-23 23:00:00,0.0,10.0,3.2815
2025-12-24 00:00:00,0.0,10.0,3.2815
2025-12-24 01:00:00,0.0,10.0,3.2815
2025-12-24 02:00:00,0.0,10.0,3.2815
2025-12-24 03:00:00,0.0,10.0,3.2815
2025-12-24 04:00:00,0.0,10.0,3.2815
2025-12-24 05:00:00,0.0,10.0,3.2815
2025-12-24 06:00:00,0.0,10.0,3.2815
2025-12-24 07:00:00,0.0,10.0,3.2815
2025-12-24 08:00:00,6327.884919593684,312.7696133776882,7.0
2025-12-24 09:00:00,143146.21072754898,6859.100991748755,7.0
2025-12-24 10:00:00,364239.0955159501,17437.70791942345,7.0
2025-12-24 11:00:00,502134.5386731299,24035.576013068418,7.0
2025-12-24 12:00:00,499829.99472226645,23925.310752261554,7.0
2025-12-24 13:00:00,417703.41905932827,19995.80952436977,7.0
2025-12-24 14:00:00,355331.18519829854,17011.492114751127,7.0
2025-12-24 15:00:00,193429.7812798935,9265.01345836811,7.0
2025-12-24 16:00:00,15432.230393153568,748.3842293374913,7.0
2025-12-24 17:00:00,0.0,10.0,3.2815
2025-12-24 18:00:00,0.0,10.0,3.2815
2025-12-24 19:00:00,0.0,10.0,3.2815
2025-12-24 20:00:00,0.0,10.0,3.2815
2025-12-24 21:00:00,0.0,10.0,3.2815
2025-12-24 22:00:00,0.0,10.0,3.2815
2025-12-24 23:00:00,0.0,10.0,3.2815
2025-12-25 00:00:00,0.0,10.0,3.2815
2025-12-25 01:00:00,0.0,10.0,3.2815
2025-12-25 02:00:00,0.0,10.0,3.2815
2025-12-25 03:00:00,0.0,10.0,3.2815
2025-12-25 04:00:00,0.0,10.0,3.2815
2025-12-25 05:00:00,0.0,10.0,3.2815
2025-12-25 06:00:00,0.0,10.0,3.2815
2025-12-25 07:00:00,0.0,10.0,3.2815
2025-12-25 08:00:00,7336.356743464689,361.0218537542914,7.0
2025-12-25 09:00:00,183239.132128743,8777.422589892009,7.0
2025-12-25 10:00:00,446127.0781762347,21355.793214173907,7.0
2025-12-25 11:00:00,639612.4994196766,30613.468871754863,7.0
2025-12-25 12:00:00,713704.6273321825,34158.546762305385,7.0
2025-12-25 13:00:00,655657.7985767475,31381.18653477261,7.0
2025-12-25 14:00:00,476150.7599337195,22792.333011182753,7.0
2025-12-25 15:00:00,218222.20716000875,10451.253931100897,7.0
2025-12-25 16:00:00,16984.398628548875,822.6506520836782,7.0
2025-12-25 17:00:00,0.0,10.0,3.2815
2025-12-25 18:00:00,0.0,10.0,3.2815
2025-12-25 19:00:00,0.0,10.0,3.2815
2025-12-25 20:00:00,0.0,10.0,3.2815
2025-12-25 21:00:00,0.0,10.0,3.2815
2025-12-25 22:00:00,0.0,10.0,3.2815
2025-12-25 23:00:00,0.0,10.0,3.2815
2025-12-26 00:00:00,0.0,10.0,3.2815
2025-12-26 01:00:00,0.0,10.0,3.2815
2025-12-26 02:00:00,0.0,10.0,3.2815
2025-12-26 03:00:00,0.0,10.0,3.2815
2025-12-26 04:00:00,0.0,10.0,3.2815
2025-12-26 05:00:00,0.0,10.0,3.2815
2025-12-26 06:00:00,0.0,10.0,3.2815
2025-12-26 07:00:00,0.0,10.0,3.2815
2025-12-26 08:00:00,6949.48105473686,342.5110552505675,7.0
2025-12-26 09:00:00,174869.6492530393,8376.968863781785,7.0
2025-12-26 10:00:00,421916.9067553579,20197.411806476455,7.0
2025-12-26 11:00:00,627244.5101232728,30021.69904896042,7.0
2025-12-26 12:00:00,717968.9626904479,34362.581946911385,7.0
2025-12-26 13:00:00,665365.4575298363,31845.66782439408,7.0
2025-12-26 14:00:00,488017.91519689886,23360.13948310521,7.0
2025-12-26 15:00:00,226039.29229391197,10825.277143249376,7.0
2025-12-26 16:00:00,18460.384642657868,893.2719924716683,7.0
2025-12-26 17:00:00,0.0,10.0,3.2815
2025-12-26 18:00:00,0.0,10.0,3.2815
2025-12-26 19:00:00,0.0,10.0,3.2815
2025-12-26 20:00:00,0.0,10.0,3.2815
2025-12-26 21:00:00,0.0,10.0,3.2815
2025-12-26 22:00:00,0.0,10.0,3.2815
2025-12-26 23:00:00,0.0,10.0,3.2815
2025-12-27 00:00:00,0.0,10.0,3.2815
2025-12-27 01:00:00,0.0,10.0,3.2815
2025-12-27 02:00:00,0.0,10.0,3.2815
2025-12-27 03:00:00,0.0,10.0,3.2815
2025-12-27 04:00:00,0.0,10.0,3.2815
2025-12-27 05:00:00,0.0,10.0,3.2815
2025-12-27 06:00:00,0.0,10.0,3.2815
2025-12-27 07:00:00,0.0,10.0,3.2815
2025-12-27 08:00:00,6789.970066478337,334.8789505492027,7.0
2025-12-27 09:00:00,178358.4566279206,8543.89744631199,7.0
2025-12-27 10:00:00,441678.68590321904,21142.95147862292,7.0
2025-12-27 11:00:00,634376.247087416,30362.930482651485,7.0
2025-12-27 12:00:00,713407.336361854,34144.3223139643,7.0
2025-12-27 13:00:00,649305.3900721228,31077.24354412071,7.0
2025-12-27 14:00:00,476160.3662235239,22792.79264227387,7.0
2025-12-27 15:00:00,216899.5696482101,10387.969839627278,7.0
2025-12-27 16:00:00,18268.45367935125,884.0886927919257,7.0
2025-12-27 17:00:00,0.0,10.0,3.2815
2025-12-27 18:00:00,0.0,10.0,3.2815
2025-12-27 19:00:00,0.0,10.0,3.2815
2025-12-27 20:00:00,0.0,10.0,3.2815
2025-12-27 21:00:00,0.0,10.0,3.2815
2025-12-27 22:00:00,0.0,10.0,3.2815
2025-12-27 23:00:00,0.0,10.0,3.2815
2025-12-28 00:00:00,0.0,10.0,3.2815
2025-12-28 01:00:00,0.0,10.0,3.2815
2025-12-28 02:00:00,0.0,10.0,3.2815
2025-12-28 03:00:00,0.0,10.0,3.2815
2025-12-28 04:00:00,0.0,10.0,3.2815
2025-12-28 05:00:00,0.0,10.0,3.2815
2025-12-28 06:00:00,0.0,10.0,3.2815
2025-12-28 07:00:00,0.0,10.0,3.2815
2025-12-28 08:00:00,5133.9007861302725,255.6411859392475,7.0
2025-12-28 09:00:00,118463.69241774757,5678.119254437683,7.0
2025-12-28 10:00:00,326554.1924154513,15634.60250791633,7.0
2025-12-28 11:00:00,518744.56719440967,24830.314219828215,7.0
2025-12-28 12:00:00,615254.7225888105,29448.025004249303,7.0
2025-12-28 13:00:00,637679.4221026108,30520.97713409621,7.0
2025-12-28 14:00:00,490065.8907400217,23458.128743541707,7.0
2025-12-28 15:00:00,225894.7542119446,10818.361445547587,7.0
2025-12-28 16:00:00,21003.4049341037,1014.9476045025692,7.0
2025-12-28 17:00:00,0.0,10.0,3.2815
2025-12-28 18:00:00,0.0,10.0,3.2815
2025-12-28 19:00:00,0.0,10.0,3.2815
2025-12-28 20:00:00,0.0,10.0,3.2815
2025-12-28 21:00:00,0.0,10.0,3.2815
2025-12-28 22:00:00,0.0,10.0,3.2815
2025-12-28 23:00:00,0.0,10.0,3.2815
2025-12-29 00:00:00,0.0,10.0,3.2815
2025-12-29 01:00:00,0.0,10.0,3.2815
2025-12-29 02:00:00,0.0,10.0,3.2815
2025-12-29 03:00:00,0.0,10.0,3.2815
2025-12-29 04:00:00,0.0,10.0,3.2815
2025-12-29 05:00:00,0.0,10.0,3.2815
2025-12-29 06:00:00,0.0,10.0,3.2815
2025-12-29 07:00:00,0.0,10.0,3.2815
2025-12-29 08:00:00,4685.35142882738,234.17949420226697,7.0
2025-12-29 09:00:00,75572.48808969319,3625.9085210379517,7.0
2025-12-29 10:00:00,206889.02367448807,9908.99634806163,7.0
2025-12-29 11:00:00,261834.68200452413,12537.975215527471,7.0
2025-12-29 12:00:00,280119.5575916342,13412.849645532737,7.0
2025-12-29 13:00:00,233071.78573332986,11161.760082934443,7.0
2025-12-29 14:00:00,170799.07654791663,8182.204619517542,7.0
2025-12-29 15:00:00,99227.0918209529,4757.707742629325,7.0
2025-12-29 16:00:00,11063.81616391264,539.3691944455808,7.0
2025-12-29 17:00:00,0.0,10.0,3.2815
2025-12-29 18:00:00,0.0,10.0,3.2815
2025-12-29 19:00:00,0.0,10.0,3.2815
2025-12-29 20:00:00,0.0,10.0,3.2815
2025-12-29 21:00:00,0.0,10.0,3.2815
2025-12-29 22:00:00,0.0,10.0,3.2815
2025-12-29 23:00:00,0.0,10.0,3.2815
2025-12-30 00:00:00,0.0,10.0,3.2815
2025-12-30 01:00:00,0.0,10.0,3.2815
2025-12-30 02:00:00,0.0,10.0,3.2815
2025-12-30 03:00:00,0.0,10.0,3.2815
2025-12-30 04:00:00,0.0,10.0,3.2815
2025-12-30 05:00:00,0.0,10.0,3.2815
2025-12-30 06:00:00,0.0,10.0,3.2815
2025-12-30 07:00:00,0.0,10.0,3.2815
2025-12-30 08:00:00,5830.643671439782,288.97816609759724,7.0
2025-12-30 09:00:00,176861.32822810207,8472.26450852163,7.0
2025-12-30 10:00:00,445394.0713742403,21320.721118384703,7.0
2025-12-30 11:00:00,623602.5847493272,29847.44424637929,7.0
2025-12-30 12:00:00,693769.2155283313,33204.69930757566,7.0
2025-12-30 13:00:00,614597.4983329015,29416.57886760294,7.0
2025-12-30 14:00:00,459215.99504757806,21982.057179309955,7.0
2025-12-30 15:00:00,232053.8876613364,11113.056825901263,7.0
2025-12-30 16:00:00,22697.104923724033,1095.9858815178964,7.0
2025-12-30 17:00:00,0.0,10.0,3.2815
2025-12-30 18:00:00,0.0,10.0,3.2815
2025-12-30 19:00:00,0.0,10.0,3.2815
2025-12-30 20:00:00,0.0,10.0,3.2815
2025-12-30 21:00:00,0.0,10.0,3.2815
2025-12-30 22:00:00,0.0,10.0,3.2815
2025-12-30 23:00:00,0.0,10.0,3.2815
2025-12-31 00:00:00,0.0,10.0,3.2815
