time,el_price_eur_kwh,heat_demand_kw,pv_power_kw,cop_t
2025-01-01 00:00:00,0.00216,344.27,0.0,3.406254150390628
2025-01-01 01:00:00,0.0016,373.27,0.0,3.412948486328128
2025-01-01 02:00:00,0.0,373.27,0.0,3.4141899414062524
2025-01-01 03:00:00,-1e-05,373.27,0.0,3.4169914550781275
2025-01-01 04:00:00,-1e-05,370.27,0.0,3.4103483886718777
2025-01-01 05:00:00,-6e-05,370.27,0.0,3.412054931640628
2025-01-01 06:00:00,-8.999999999999999e-05,370.27,0.0,3.4040898437500027
2025-01-01 07:00:00,-1e-05,385.27,0.0,3.373763916015628
2025-01-01 08:00:00,-1e-05,385.27,0.0,3.402152587890628
2025-01-01 09:00:00,-4e-05,385.27,0.0,3.3876030273437525
2025-01-01 10:00:00,-3e-05,361.51,0.0,3.4445268554687525
2025-01-01 11:00:00,-0.0001,361.51,0.0,3.4636247558593776
2025-01-01 12:00:00,-5e-05,361.51,0.0,3.4660637207031275
2025-01-01 13:00:00,-0.0001,374.26,0.0,3.4638334960937525
2025-01-01 14:00:00,-0.00101,374.26,0.0,3.439271728515628
2025-01-01 15:00:00,-1e-05,374.26,0.0,3.396556884765628
2025-01-01 16:00:00,-1e-05,342.27,0.0,3.376993896484377
2025-01-01 17:00:00,7.000000000000001e-05,342.27,0.0,3.367838623046877
2025-01-01 18:00:00,0.00101,342.27,0.0,3.371801025390628
2025-01-01 19:00:00,0.00148,286.28,0.0,3.3592985839843776
2025-01-01 20:00:00,0.001,286.28,0.0,3.3476860351562525
2025-01-01 21:00:00,7.000000000000001e-05,286.28,0.0,3.380465576171878
2025-01-01 22:00:00,0.01005,325.29,0.0,3.3943376464843777
2025-01-01 23:00:00,0.00701,325.29,0.0,3.398409912109378
2025-01-02 00:00:00,0.0025499999999999,325.29,0.0,3.354102050781246
2025-01-02 01:00:00,0.00156,385.28,0.0,3.3086040039062525
2025-01-02 02:00:00,0.00345,385.28,0.0,3.3834172363281274
2025-01-02 03:00:00,0.0070199999999999,385.28,0.0,3.528671142578128
2025-01-02 04:00:00,0.01275,442.29,0.0,3.628723632812503
2025-01-02 05:00:00,0.03007,442.29,0.0,3.7035222167968778
2025-01-02 06:00:00,0.06713,442.29,0.0,3.8068229980468775
2025-01-02 07:00:00,0.09883,497.25,0.0,3.8473991699218777
2025-01-02 08:00:00,0.12153,497.25,0.0,3.8503398437500023
2025-01-02 09:00:00,0.12723,497.25,0.0,3.831205322265628
2025-01-02 10:00:00,0.12635,482.27,200.0,3.7899370117187527
2025-01-02 11:00:00,0.11997,482.27,2.83,3.7391435546875034
2025-01-02 12:00:00,0.11595,482.27,5.83,3.705294677734378
2025-01-02 13:00:00,0.1139,433.65,23.6,3.736678955078128
2025-01-02 14:00:00,0.12221,433.65,17.7,3.7637565917968776
2025-01-02 15:00:00,0.13011,433.65,12.9,3.778547851562503
2025-01-02 16:00:00,0.13859,427.28,13.4,3.784707519531246
2025-01-02 17:00:00,0.15287,427.28,4.73,3.771282226562503
2025-01-02 18:00:00,0.15294,427.28,0.0,3.844315673828128
2025-01-02 19:00:00,0.13915,428.24,0.0,3.895160400390628
2025-01-02 20:00:00,0.13,428.24,0.0,3.870031005859378
2025-01-02 21:00:00,0.11978,428.24,0.0,3.823247558593753
2025-01-02 22:00:00,0.11342,446.25,0.0,3.7954997558593777
2025-01-02 23:00:00,0.08247,446.25,0.0,3.710524169921878
2025-01-03 00:00:00,0.09956,446.25,0.0,3.697582275390628
2025-01-03 01:00:00,0.08753,454.27,0.0,3.681659423828128
2025-01-03 02:00:00,0.08501,454.27,0.0,3.6434929199218775
2025-01-03 03:00:00,0.08379,454.27,0.0,3.6458256835937526
2025-01-03 04:00:00,0.0775,450.26,0.0,3.648096191406253
2025-01-03 05:00:00,0.0798799999999999,450.26,0.0,3.623607666015628
2025-01-03 06:00:00,0.08356,450.26,0.0,3.613833496093753
2025-01-03 07:00:00,0.07843,518.23,0.0,3.6109001464843775
2025-01-03 08:00:00,0.0825699999999999,518.23,0.0,3.6010930175781275
2025-01-03 09:00:00,0.08076,518.23,0.0,3.654460937500003
2025-01-03 10:00:00,0.07764,505.0,4.0,3.717906982421878
2025-01-03 11:00:00,0.07048,505.0,32.7,3.738671142578128
2025-01-03 12:00:00,0.06994,505.0,71.4,3.7253630371093776
2025-01-03 13:00:00,0.0778,473.35,84.2,3.744742919921878
2025-01-03 14:00:00,0.07881,473.35,62.9,3.711381103515628
2025-01-03 15:00:00,0.08529,473.35,33.0,3.647162353515628
2025-01-03 16:00:00,0.10551,466.44,15.1,3.6137712402343776
2025-01-03 17:00:00,0.11666,466.44,1.73,3.585159179687502
2025-01-03 18:00:00,0.11506,466.44,0.0,3.5653251953125027
2025-01-03 19:00:00,0.11491,436.23,0.0,3.5495561523437527
2025-01-03 20:00:00,0.1133,436.23,0.0,3.539760009765628
2025-01-03 21:00:00,0.1077999999999999,436.23,0.0,3.5050249023437527
2025-01-03 22:00:00,0.09822,442.26,0.0,3.468938476562503
2025-01-03 23:00:00,0.08857,442.26,0.0,3.4502653808593777
2025-01-04 00:00:00,0.09043,442.26,0.0,3.4471306152343777
2025-01-04 01:00:00,0.09029,445.25,0.0,3.444299804687503
2025-01-04 02:00:00,0.0902,445.25,0.0,3.426721679687503
2025-01-04 03:00:00,0.0915199999999999,445.25,0.0,3.424392578125002
2025-01-04 04:00:00,0.09595,448.27,0.0,3.406400634765628
2025-01-04 05:00:00,0.10211,448.27,0.0,3.410948974609377
2025-01-04 06:00:00,0.11066,448.27,0.0,3.3934587402343777
2025-01-04 07:00:00,0.11996,461.2,0.0,3.3807365722656275
2025-01-04 08:00:00,0.1283899999999999,461.2,0.0,3.3850908203125027
2025-01-04 09:00:00,0.13075,461.2,0.0,3.419379150390628
2025-01-04 10:00:00,0.13034,437.19,2.93,3.472113525390628
2025-01-04 11:00:00,0.12829,437.19,10.6,3.4840703125000028
2025-01-04 12:00:00,0.13003,437.19,18.6,3.5348857421875026
2025-01-04 13:00:00,0.12985,425.47,21.1,3.5089287109375027
2025-01-04 14:00:00,0.1364,425.47,22.6,3.463536865234378
2025-01-04 15:00:00,0.13872,425.47,22.2,3.375041992187503
2025-01-04 16:00:00,0.142,460.19,18.7,3.3426762695312457
2025-01-04 17:00:00,0.15124,460.19,2.55,3.329229003906253
2025-01-04 18:00:00,0.14385,460.19,0.0,3.3178032226562526
2025-01-04 19:00:00,0.13796,449.26,0.0,3.333938476562502
2025-01-04 20:00:00,0.12949,449.26,0.0,3.393810302734378
2025-01-04 21:00:00,0.12283,449.26,0.0,3.4517814941406275
2025-01-04 22:00:00,0.11829,465.34,0.0,3.4661882324218776
2025-01-04 23:00:00,0.1094899999999999,465.34,0.0,3.453114501953128
2025-01-05 00:00:00,0.11384,465.34,0.0,3.474248535156253
2025-01-05 01:00:00,0.10033,464.26,0.0,3.443259765625003
2025-01-05 02:00:00,0.09361,464.26,0.0,3.4145524902343776
2025-01-05 03:00:00,0.09387,464.26,0.0,3.4111650390625026
2025-01-05 04:00:00,0.08938,480.26,0.0,3.4227116699218776
2025-01-05 05:00:00,0.08355,480.26,0.0,3.476537353515628
2025-01-05 06:00:00,0.08392,480.26,0.0,3.5307878417968777
2025-01-05 07:00:00,0.08253,463.21,0.0,3.4638225097656274
2025-01-05 08:00:00,0.08405,463.21,0.0,3.4205986328125024
2025-01-05 09:00:00,0.08915,463.21,0.0,3.442263671875003
2025-01-05 10:00:00,0.08295,379.32,650.0,3.458560058593753
2025-01-05 11:00:00,0.08882,379.32,2.73,3.4705791015625027
2025-01-05 12:00:00,0.08166,379.32,3.1,3.473585693359378
2025-01-05 13:00:00,0.07839,223.3,8.25,3.456893798828128
2025-01-05 14:00:00,0.068,223.3,11.8,3.4331523437500024
2025-01-05 15:00:00,0.05064,223.3,6.53,3.3826005859375026
2025-01-05 16:00:00,0.0499099999999999,194.58,4.03,3.326321289062503
2025-01-05 17:00:00,0.0663,194.58,1.73,3.301825439453128
2025-01-05 18:00:00,0.06505,194.58,0.0,3.3402995605468777
2025-01-05 19:00:00,0.05128,187.19,0.0,3.3242558593750027
2025-01-05 20:00:00,0.03685,187.19,0.0,3.298437988281246
2025-01-05 21:00:00,0.0368,187.19,0.0,3.273301269531246
2025-01-05 22:00:00,0.03468,195.41,0.0,3.255052978515628
2025-01-05 23:00:00,0.02814,195.41,0.0,3.247600585937503
2025-01-06 00:00:00,0.02752,195.41,0.0,3.251559326171878
2025-01-06 01:00:00,0.01926,194.34,0.0,3.2481279296875027
2025-01-06 02:00:00,0.0113499999999999,194.34,0.0,3.236522705078128
2025-01-06 03:00:00,0.0092,194.34,0.0,3.2069291992187527
2025-01-06 04:00:00,0.01,212.03,0.0,3.1610356445312457
2025-01-06 05:00:00,0.01481,212.03,0.0,3.1330241699218777
2025-01-06 06:00:00,0.02382,212.03,0.0,3.1384477539062527
2025-01-06 07:00:00,0.03172,265.19,0.0,3.0972893066406275
2025-01-06 08:00:00,0.04137,265.19,0.0,3.0742802734375028
2025-01-06 09:00:00,0.0363599999999999,265.19,0.0,3.0596391601562525
2025-01-06 10:00:00,0.03469,245.91,0.0,3.036663085937503
2025-01-06 11:00:00,0.03283,245.91,0.0,3.0188066406250025
2025-01-06 12:00:00,0.03128,245.91,0.0,2.9941862792968776
2025-01-06 13:00:00,0.0286,234.73,0.0,2.9698881835937527
2025-01-06 14:00:00,0.02561,234.73,0.0,2.9309343261718777
2025-01-06 15:00:00,0.02632,234.73,0.0,2.879796630859377
2025-01-06 16:00:00,0.02687,318.23,0.0,2.8435673828125028
2025-01-06 17:00:00,0.03166,318.23,0.0,2.8112968750000027
2025-01-06 18:00:00,0.03158,318.23,0.0,2.783992106119793
2025-01-06 19:00:00,0.0287399999999999,315.51,0.0,2.7720393880208345
2025-01-06 20:00:00,0.02659,315.51,0.0,2.7620825195312517
2025-01-06 21:00:00,0.01382,315.51,0.0,2.75123250325521
2025-01-06 22:00:00,0.02694,325.7,0.0,2.743409830729168
2025-01-06 23:00:00,0.01299,325.7,0.0,2.7343115234375013
2025-01-07 00:00:00,0.01907,325.7,0.0,2.725483805338543
2025-01-07 01:00:00,0.00871,365.22,0.0,2.718959147135418
2025-01-07 02:00:00,0.0089,365.22,0.0,2.712625732421876
2025-01-07 03:00:00,0.00501,365.22,0.0,2.70378377278646
2025-01-07 04:00:00,0.00513,402.21,0.0,2.6844417317708347
2025-01-07 05:00:00,0.0058,402.21,0.0,2.664082438151043
2025-01-07 06:00:00,0.04886,402.21,0.0,2.6940466308593765
2025-01-07 07:00:00,0.07683,560.0,0.0,2.682087809244793
2025-01-07 08:00:00,0.08508,560.0,0.0,2.6848527018229142
2025-01-07 09:00:00,0.08424,560.0,0.0,2.695460611979168
2025-01-07 10:00:00,0.07525,577.0,3.72,2.704562988281252
2025-01-07 11:00:00,0.0628,577.0,16.4,2.718904215494793
2025-01-07 12:00:00,0.0624399999999999,577.0,26.5,2.724307861328126
2025-01-07 13:00:00,0.0639,542.0,39.0,2.707862955729168
2025-01-07 14:00:00,0.07256,542.0,43.3,2.661927897135418
2025-01-07 15:00:00,0.07811,542.0,32.8,2.6195837402343765
2025-01-07 16:00:00,0.07998,455.39,7.68,2.6012813313802097
2025-01-07 17:00:00,0.09603,455.39,467.0,2.586067301432293
2025-01-07 18:00:00,0.10111,455.39,0.0,2.560674641927085
2025-01-07 19:00:00,0.08621,390.3,0.0,2.547010904947918
2025-01-07 20:00:00,0.07801,390.3,0.0,2.5337805175781263
2025-01-07 21:00:00,0.07245,390.3,0.0,2.511761067708335
2025-01-07 22:00:00,0.07245,385.26,0.0,2.501348470052085
2025-01-07 23:00:00,0.05004,385.26,0.0,2.495442301432293
2025-01-08 00:00:00,0.07105,385.26,0.0,2.4828039550781265
2025-01-08 01:00:00,0.06801,395.26,0.0,2.4717077636718763
2025-01-08 02:00:00,0.06334,395.26,0.0,2.45983846028646
2025-01-08 03:00:00,0.05701,395.26,0.0,2.4497941080729144
2025-01-08 04:00:00,0.06629,439.27,0.0,2.45180623372396
2025-01-08 05:00:00,0.07207,439.27,0.0,2.4559912109375017
2025-01-08 06:00:00,0.0827,439.27,0.0,2.461643066406248
2025-01-08 07:00:00,0.10073,590.4,0.0,2.4698197428385438
2025-01-08 08:00:00,0.12822,590.4,0.0,2.4949621582031263
2025-01-08 09:00:00,0.10818,590.4,0.0,2.5300634765625016
2025-01-08 10:00:00,0.09465,575.0,4.22,2.550506184895835
2025-01-08 11:00:00,0.10001,575.0,19.9,2.562526041666668
2025-01-08 12:00:00,0.08999,575.0,22.2,2.570161539713543
2025-01-08 13:00:00,0.0972,517.0,23.9,2.5578405761718765
2025-01-08 14:00:00,0.11019,517.0,23.0,2.524600830078126
2025-01-08 15:00:00,0.1278,517.0,18.0,2.4686214192708347
2025-01-08 16:00:00,0.13582,445.38,5.9,2.438486328125001
2025-01-08 17:00:00,0.15546,445.38,1.15,2.421355794270835
2025-01-08 18:00:00,0.14923,445.38,0.0,2.3947932942708348
2025-01-08 19:00:00,0.14648,465.41,0.0,2.380867106119793
2025-01-08 20:00:00,0.13686,465.41,0.0,2.36745564778646
2025-01-08 21:00:00,0.12786,465.41,0.0,2.3583085123697933
2025-01-08 22:00:00,0.11592,462.29,0.0,2.35128133138021
2025-01-08 23:00:00,0.10359,462.29,0.0,2.344016113281252
2025-01-09 00:00:00,0.10144,462.29,0.0,2.3359716796875016
2025-01-09 01:00:00,0.1,474.3,0.0,2.3298722330729147
2025-01-09 02:00:00,0.09877,474.3,0.0,2.322942708333335
2025-01-09 03:00:00,0.09522,474.3,0.0,2.3144934082031265
2025-01-09 04:00:00,0.09828,503.55,0.0,2.305240478515626
2025-01-09 05:00:00,0.10265,503.55,0.0,2.29873006184896
2025-01-09 06:00:00,0.13354,503.55,0.0,2.262347005208335
2025-01-09 07:00:00,0.1488,659.0,0.0,2.25378377278646
2025-01-09 08:00:00,0.16488,659.0,0.0,2.3095170084635432
2025-01-09 09:00:00,0.15615,659.0,0.0,2.3988175455729146
2025-01-09 10:00:00,0.14764,676.0,0.0,2.47624471028646
2025-01-09 11:00:00,0.14021,676.0,0.0,2.540740559895835
2025-01-09 12:00:00,0.12818,676.0,0.0,2.58646199544271
2025-01-09 13:00:00,0.12115,673.0,0.0,2.5899328613281263
2025-01-09 14:00:00,0.12395,673.0,0.0,2.5374792480468766
2025-01-09 15:00:00,0.12753,673.0,0.0,2.4553137207031264
2025-01-09 16:00:00,0.12375,542.92,0.0,2.407049153645835
2025-01-09 17:00:00,0.13091,542.92,0.0,2.374566243489581
2025-01-09 18:00:00,0.13475,542.92,0.0,2.3730627441406265
2025-01-09 19:00:00,0.12544,470.13,0.0,2.356805013020835
2025-01-09 20:00:00,0.11923,470.13,0.0,2.346079101562501
2025-01-09 21:00:00,0.10499,470.13,0.0,2.334099934895835
2025-01-09 22:00:00,0.1011,479.28,0.0,2.31990926106771
2025-01-09 23:00:00,0.08819,479.28,0.0,2.3047074381510435
2025-01-10 00:00:00,0.08479,479.28,0.0,2.287827148437501
2025-01-10 01:00:00,0.08023,475.24,0.0,2.27501180013021
2025-01-10 02:00:00,0.07129,475.24,0.0,2.267221679687501
2025-01-10 03:00:00,0.06905,475.24,0.0,2.268776041666668
2025-01-10 04:00:00,0.06989,509.62,0.0,2.2779882812500016
2025-01-10 05:00:00,0.0839,509.62,0.0,2.289084472656248
2025-01-10 06:00:00,0.09909,509.62,0.0,2.2779943847656265
2025-01-10 07:00:00,0.12392,680.0,0.0,2.28166463216146
2025-01-10 08:00:00,0.13947,680.0,0.0,2.36182820638021
2025-01-10 09:00:00,0.13692,680.0,0.0,2.4670324707031264
2025-01-10 10:00:00,0.12357,663.0,0.0,2.547267252604168
2025-01-10 11:00:00,0.11359,663.0,0.0,2.5945654296875014
2025-01-10 12:00:00,0.10743,663.0,0.0,2.6296769205729142
2025-01-10 13:00:00,0.10501,602.67,100.0,2.6435176595052097
2025-01-10 14:00:00,0.11001,602.67,1.15,2.5965958658854182
2025-01-10 15:00:00,0.12869,602.67,1.68,2.515056966145835
2025-01-10 16:00:00,0.13487,528.08,925.0,2.4622819010416683
2025-01-10 17:00:00,0.14256,528.08,100.0,2.4221126302083347
2025-01-10 18:00:00,0.14412,528.08,0.0,2.380179443359377
2025-01-10 19:00:00,0.14105,514.27,0.0,2.352996419270835
2025-01-10 20:00:00,0.13482,514.27,0.0,2.3331762695312515
2025-01-10 21:00:00,0.12251,514.27,0.0,2.335652262369793
2025-01-10 22:00:00,0.11977,498.24,0.0,2.35762898763021
2025-01-10 23:00:00,0.1117099999999999,498.24,0.0,2.368855387369793
2025-01-11 00:00:00,0.10664,498.24,0.0,2.368291829427085
2025-01-11 01:00:00,0.09899,503.27,0.0,2.37741658528646
2025-01-11 02:00:00,0.0957099999999999,503.27,0.0,2.393743489583335
2025-01-11 03:00:00,0.08945,503.27,0.0,2.36989705403646
2025-01-11 04:00:00,0.08835,498.23,0.0,2.28085896809896
2025-01-11 05:00:00,0.0884,498.23,0.0,2.2663366699218765
2025-01-11 06:00:00,0.08813,498.23,0.0,2.2858902994791683
2025-01-11 07:00:00,0.09468,521.2,0.0,2.271404622395835
2025-01-11 08:00:00,0.10765,521.2,0.0,2.3212906901041683
2025-01-11 09:00:00,0.10314,521.2,0.0,2.45808064778646
2025-01-11 10:00:00,0.10113,501.27,0.0,2.55683553059896
2025-01-11 11:00:00,0.09956,501.27,0.0,2.6252823893229142
2025-01-11 12:00:00,0.0967399999999999,501.27,0.0,2.6596553548177098
2025-01-11 13:00:00,0.09315,521.19,0.0,2.654536539713543
2025-01-11 14:00:00,0.0949,521.19,167.0,2.5943070475260432
2025-01-11 15:00:00,0.10489,521.19,100.0,2.5070979817708348
2025-01-11 16:00:00,0.11212,521.2,200.0,2.4608719889322934
2025-01-11 17:00:00,0.1198,521.2,0.0,2.41007039388021
2025-01-11 18:00:00,0.12234,521.2,0.0,2.4129248046875014
2025-01-11 19:00:00,0.11485,499.29,0.0,2.4391333007812515
2025-01-11 20:00:00,0.11119,499.29,0.0,2.4386368815104182
2025-01-11 21:00:00,0.1047999999999999,499.29,0.0,2.4557897949218765
2025-01-11 22:00:00,0.10307,496.49,0.0,2.4800268554687515
2025-01-11 23:00:00,0.1056899999999999,496.49,0.0,2.504241536458335
2025-01-12 00:00:00,0.08358,496.49,0.0,2.5133744303385432
2025-01-12 01:00:00,0.08379,498.26,0.0,2.5066503906250013
2025-01-12 02:00:00,0.08675,498.26,0.0,2.495161539713543
2025-01-12 03:00:00,0.0842,498.26,0.0,2.52581746419271
2025-01-12 04:00:00,0.085,501.26,0.0,2.548683268229168
2025-01-12 05:00:00,0.08375,501.26,0.0,2.5478796386718763
2025-01-12 06:00:00,0.0859,501.26,0.0,2.5386836751302098
2025-01-12 07:00:00,0.10175,494.27,0.0,2.542402750651043
2025-01-12 08:00:00,0.11467,494.27,0.0,2.59449422200521
2025-01-12 09:00:00,0.12007,494.27,0.0,2.6371435546875013
2025-01-12 10:00:00,0.11777,473.28,0.0,2.652475585937501
2025-01-12 11:00:00,0.10561,473.28,0.0,2.6698543294270847
2025-01-12 12:00:00,0.10299,473.28,150.0,2.6905920410156265
2025-01-12 13:00:00,0.09961,452.54,350.0,2.6866735839843763
2025-01-12 14:00:00,0.10474,452.54,275.0,2.67579305013021
2025-01-12 15:00:00,0.1187,452.54,400.0,2.650679117838543
2025-01-12 16:00:00,0.1329199999999999,464.28,200.0,2.63774373372396
2025-01-12 17:00:00,0.141,464.28,0.0,2.63370320638021
2025-01-12 18:00:00,0.1466599999999999,464.28,0.0,2.6538264973958348
2025-01-12 19:00:00,0.14366,473.29,0.0,2.6533992513020848
2025-01-12 20:00:00,0.13486,473.29,0.0,2.663638916015626
2025-01-12 21:00:00,0.12749,473.29,0.0,2.6626501464843764
2025-01-12 22:00:00,0.1212,490.53,0.0,2.6498490397135432
2025-01-12 23:00:00,0.1149,490.53,0.0,2.6635900878906265
2025-01-13 00:00:00,0.11239,490.53,0.0,2.665512695312501
2025-01-13 01:00:00,0.10507,529.29,0.0,2.652329101562501
2025-01-13 02:00:00,0.10446,529.29,0.0,2.6603613281250014
2025-01-13 03:00:00,0.10037,529.29,0.0,2.6742956542968765
2025-01-13 04:00:00,0.1,579.43,0.0,2.693546142578126
2025-01-13 05:00:00,0.11011,579.43,0.0,2.691890055338543
2025-01-13 06:00:00,0.14028,579.43,0.0,2.6989375813802097
2025-01-13 07:00:00,0.18192,834.0,0.0,2.706687011718752
2025-01-13 08:00:00,0.22309,834.0,0.0,2.738722330729168
2025-01-13 09:00:00,0.17409,834.0,0.0,2.785770263671876
2025-01-13 10:00:00,0.14169,801.0,100.0,2.8451311035156275
2025-01-13 11:00:00,0.11573,801.0,1.48,2.8688798828125024
2025-01-13 12:00:00,0.1041,801.0,4.97,2.893199951171878
2025-01-13 13:00:00,0.10304,707.03,7.4,2.8830119628906274
2025-01-13 14:00:00,0.10467,707.03,9.13,2.8376530761718777
2025-01-13 15:00:00,0.1382,707.03,9.5,2.793460693359376
2025-01-13 16:00:00,0.14262,605.39,7.15,2.7782283528645846
2025-01-13 17:00:00,0.149,605.39,1.87,2.761905517578126
2025-01-13 18:00:00,0.149,605.39,0.0,2.6936214192708348
2025-01-13 19:00:00,0.13973,559.26,0.0,2.684551595052085
2025-01-13 20:00:00,0.12318,559.26,0.0,2.6815852864583345
2025-01-13 21:00:00,0.12022,559.26,0.0,2.673878580729168
2025-01-13 22:00:00,0.1155699999999999,577.22,0.0,2.669353841145835
2025-01-13 23:00:00,0.10231,577.22,0.0,2.6550817871093764
2025-01-14 00:00:00,0.10638,577.22,0.0,2.6523819986979182
2025-01-14 01:00:00,0.1037,612.23,0.0,2.64326131184896
2025-01-14 02:00:00,0.09908,612.23,0.0,2.6475398763020848
2025-01-14 03:00:00,0.09799,612.23,0.0,2.654634195963543
2025-01-14 04:00:00,0.10188,685.02,0.0,2.6562556966145845
2025-01-14 05:00:00,0.10764,685.02,0.0,2.656587320963543
2025-01-14 06:00:00,0.1234,685.02,0.0,2.6588313802083348
2025-01-14 07:00:00,0.15662,878.9,0.0,2.653962809244793
2025-01-14 08:00:00,0.18403,878.9,0.0,2.6615515136718764
2025-01-14 09:00:00,0.15186,878.9,0.0,2.681949462890626
2025-01-14 10:00:00,0.11762,819.0,167.0,2.6939632161458347
2025-01-14 11:00:00,0.10931,819.0,250.0,2.70925252278646
2025-01-14 12:00:00,0.10311,819.0,3.63,2.7280859375000013
2025-01-14 13:00:00,0.10811,637.12,7.32,2.7191137695312517
2025-01-14 14:00:00,0.11535,637.12,7.18,2.7027522786458347
2025-01-14 15:00:00,0.12535,637.12,7.3,2.677898763020835
2025-01-14 16:00:00,0.1419699999999999,506.3,3.88,2.6703853352864595
2025-01-14 17:00:00,0.16586,506.3,650.0,2.6599035644531264
2025-01-14 18:00:00,0.17007,506.3,0.0,2.6170568847656264
2025-01-14 19:00:00,0.15838,429.29,0.0,2.624619140625001
2025-01-14 20:00:00,0.13546,429.29,0.0,2.645631510416668
2025-01-14 21:00:00,0.11769,429.29,0.0,2.673170572916668
2025-01-14 22:00:00,0.121,450.23,0.0,2.6883235677083346
2025-01-14 23:00:00,0.12176,450.23,0.0,2.68569295247396
2025-01-15 00:00:00,0.10828,450.23,0.0,2.6725826009114595
2025-01-15 01:00:00,0.10772,466.22,0.0,2.64875447591146
2025-01-15 02:00:00,0.1084099999999999,466.22,0.0,2.6386409505208346
2025-01-15 03:00:00,0.10804,466.22,0.0,2.62366902669271
2025-01-15 04:00:00,0.10875,491.29,0.0,2.6175451660156264
2025-01-15 05:00:00,0.11492,491.29,0.0,2.60590779622396
2025-01-15 06:00:00,0.13449,491.29,0.0,2.616291910807293
2025-01-15 07:00:00,0.19179,614.0,0.0,2.6177852376302098
2025-01-15 08:00:00,0.30724,614.0,0.0,2.653606770833335
2025-01-15 09:00:00,0.3150199999999999,614.0,0.0,2.695920410156248
2025-01-15 10:00:00,0.31103,611.0,0.0,2.7445654296875013
2025-01-15 11:00:00,0.3048,611.0,725.0,2.758550618489581
2025-01-15 12:00:00,0.3110199999999999,611.0,2.38,2.779943440755209
2025-01-15 13:00:00,0.3093399999999999,607.0,4.25,2.7684301757812517
2025-01-15 14:00:00,0.28583,607.0,4.53,2.7395198567708348
2025-01-15 15:00:00,0.30174,607.0,4.35,2.6934505208333346
2025-01-15 16:00:00,0.33352,508.2,3.28,2.667341715494793
2025-01-15 17:00:00,0.37799,508.2,633.0,2.6519934082031265
2025-01-15 18:00:00,0.32474,508.2,0.0,2.6261592610677096
2025-01-15 19:00:00,0.27009,457.23,0.0,2.6040197753906265
2025-01-15 20:00:00,0.18166,457.23,0.0,2.596441243489581
2025-01-15 21:00:00,0.15087,457.23,0.0,2.5911739095052098
2025-01-15 22:00:00,0.14116,474.23,0.0,2.5822932942708348
2025-01-15 23:00:00,0.1239,474.23,0.0,2.5802547200520847
2025-01-16 00:00:00,0.12633,474.23,0.0,2.580020751953126
2025-01-16 01:00:00,0.11912,471.24,0.0,2.569136149088543
2025-01-16 02:00:00,0.11762,471.24,0.0,2.5579870605468766
2025-01-16 03:00:00,0.11503,471.24,0.0,2.54920613606771
2025-01-16 04:00:00,0.11575,494.6,0.0,2.547511393229168
2025-01-16 05:00:00,0.1232699999999999,494.6,0.0,2.526861165364585
2025-01-16 06:00:00,0.1387,494.6,0.0,2.5386022949218763
2025-01-16 07:00:00,0.17304,629.0,0.0,2.5324743652343766
2025-01-16 08:00:00,0.19965,629.0,0.0,2.56701619466146
2025-01-16 09:00:00,0.175,629.0,0.0,2.602156168619793
2025-01-16 10:00:00,0.1519,631.0,633.0,2.6409582519531263
2025-01-16 11:00:00,0.14064,631.0,3.65,2.676490885416668
2025-01-16 12:00:00,0.13113,631.0,8.18,2.6905452473958347
2025-01-16 13:00:00,0.13058,611.0,11.3,2.68178670247396
2025-01-16 14:00:00,0.13842,611.0,12.6,2.641627604166668
2025-01-16 15:00:00,0.16304,611.0,19.3,2.554762369791668
2025-01-16 16:00:00,0.1792,506.74,40.7,2.4842199707031263
2025-01-16 17:00:00,0.19156,506.74,10.4,2.44470174153646
2025-01-16 18:00:00,0.1843199999999999,506.74,500.0,2.4624365234375016
2025-01-16 19:00:00,0.17997,453.45,0.0,2.4478430175781267
2025-01-16 20:00:00,0.1596,453.45,0.0,2.4400895182291684
2025-01-16 21:00:00,0.1416,453.45,0.0,2.43682820638021
2025-01-16 22:00:00,0.13529,481.25,0.0,2.4229101562500017
2025-01-16 23:00:00,0.12375,481.25,0.0,2.4166662597656265
2025-01-17 00:00:00,0.11887,481.25,0.0,2.4253251139322933
2025-01-17 01:00:00,0.11839,526.23,0.0,2.423260091145835
2025-01-17 02:00:00,0.11571,526.23,0.0,2.4300797526041684
2025-01-17 03:00:00,0.11472,526.23,0.0,2.432541503906248
2025-01-17 04:00:00,0.11548,564.93,0.0,2.44064900716146
2025-01-17 05:00:00,0.1221599999999999,564.93,0.0,2.45910603841146
2025-01-17 06:00:00,0.1408,564.93,0.0,2.5031754557291683
2025-01-17 07:00:00,0.17501,733.0,0.0,2.5391516113281263
2025-01-17 08:00:00,0.2081299999999999,733.0,0.0,2.589216715494793
2025-01-17 09:00:00,0.17534,733.0,0.0,2.6469600423177098
2025-01-17 10:00:00,0.158,722.0,2.08,2.6800573730468766
2025-01-17 11:00:00,0.14073,722.0,7.13,2.67604939778646
2025-01-17 12:00:00,0.12644,722.0,12.7,2.684828287760418
2025-01-17 13:00:00,0.12403,697.0,14.8,2.668833007812501
2025-01-17 14:00:00,0.13299,697.0,14.8,2.658664550781252
2025-01-17 15:00:00,0.1519799999999999,697.0,10.2,2.639613444010418
2025-01-17 16:00:00,0.17021,551.16,6.23,2.623353678385418
2025-01-17 17:00:00,0.17879,551.16,1.55,2.6108984375000013
2025-01-17 18:00:00,0.17992,551.16,0.0,2.554831542968752
2025-01-17 19:00:00,0.1742199999999999,510.32,0.0,2.546797281901043
2025-01-17 20:00:00,0.15791,510.32,0.0,2.53922078450521
2025-01-17 21:00:00,0.145,510.32,0.0,2.5307246907552097
2025-01-17 22:00:00,0.13997,510.27,0.0,2.516731363932293
2025-01-17 23:00:00,0.12684,510.27,0.0,2.5009476725260438
2025-01-18 00:00:00,0.12529,510.27,0.0,2.485939127604168
2025-01-18 01:00:00,0.1210499999999999,514.25,0.0,2.47109334309896
2025-01-18 02:00:00,0.12098,514.25,0.0,2.4623958333333347
2025-01-18 03:00:00,0.11885,514.25,0.0,2.451027018229168
2025-01-18 04:00:00,0.11646,513.27,0.0,2.4448929850260432
2025-01-18 05:00:00,0.11977,513.27,0.0,2.4370133463541683
2025-01-18 06:00:00,0.11975,513.27,0.0,2.465911458333335
2025-01-18 07:00:00,0.1333899999999999,523.21,0.0,2.454929199218752
2025-01-18 08:00:00,0.1456299999999999,523.21,0.0,2.442945963541668
2025-01-18 09:00:00,0.1441,523.21,0.0,2.452556966145835
2025-01-18 10:00:00,0.13121,514.2,1.68,2.495533854166668
2025-01-18 11:00:00,0.12156,514.2,8.15,2.541438395182293
2025-01-18 12:00:00,0.11887,514.2,22.1,2.57681844075521
2025-01-18 13:00:00,0.11501,441.66,60.4,2.5817480468750014
2025-01-18 14:00:00,0.11932,441.66,97.5,2.5460791015625013
2025-01-18 15:00:00,0.13332,441.66,85.4,2.47058064778646
2025-01-18 16:00:00,0.14971,482.24,49.4,2.4073522949218766
2025-01-18 17:00:00,0.16459,482.24,8.82,2.3541967773437515
2025-01-18 18:00:00,0.16757,482.24,600.0,2.409978841145835
2025-01-18 19:00:00,0.16785,501.33,0.0,2.39294392903646
2025-01-18 20:00:00,0.15612,501.33,0.0,2.35759236653646
2025-01-18 21:00:00,0.14342,501.33,0.0,2.338335774739581
2025-01-18 22:00:00,0.1364,522.34,0.0,2.31791951497396
2025-01-18 23:00:00,0.12936,522.34,0.0,2.2903092447916684
2025-01-19 00:00:00,0.1297299999999999,522.34,0.0,2.271353759765627
2025-01-19 01:00:00,0.1242,526.27,0.0,2.2743200683593767
2025-01-19 02:00:00,0.1230499999999999,526.27,0.0,2.2711523437500016
2025-01-19 03:00:00,0.12124,526.27,0.0,2.2718400065104185
2025-01-19 04:00:00,0.12018,540.24,0.0,2.2865576171875017
2025-01-19 05:00:00,0.12,540.24,0.0,2.340274658203126
2025-01-19 06:00:00,0.12157,540.24,0.0,2.416143391927085
2025-01-19 07:00:00,0.12333,547.33,0.0,2.420415852864585
2025-01-19 08:00:00,0.1235999999999999,547.33,0.0,2.4435990397135434
2025-01-19 09:00:00,0.12516,547.33,0.0,2.4887487792968765
2025-01-19 10:00:00,0.12519,541.41,2.03,2.542933756510418
2025-01-19 11:00:00,0.12156,541.41,7.2,2.5823909505208347
2025-01-19 12:00:00,0.11225,541.41,12.2,2.608015543619793
2025-01-19 13:00:00,0.10751,537.79,14.5,2.5989172363281265
2025-01-19 14:00:00,0.11681,537.79,14.1,2.564186197916668
2025-01-19 15:00:00,0.12629,537.79,9.82,2.4946610514322933
2025-01-19 16:00:00,0.14015,546.26,6.35,2.45134236653646
2025-01-19 17:00:00,0.14967,546.26,1.8,2.4254085286458347
2025-01-19 18:00:00,0.15904,546.26,200.0,2.423683268229168
2025-01-19 19:00:00,0.1566,554.26,0.0,2.406227213541668
2025-01-19 20:00:00,0.14906,554.26,0.0,2.3821203613281265
2025-01-19 21:00:00,0.13926,554.26,0.0,2.354729817708335
2025-01-19 22:00:00,0.13099,540.36,0.0,2.33359334309896
2025-01-19 23:00:00,0.12294,540.36,0.0,2.3135555013020848
2025-01-20 00:00:00,0.1222699999999999,540.36,0.0,2.2881201171875016
2025-01-20 01:00:00,0.11944,551.24,0.0,2.268597005208335
2025-01-20 02:00:00,0.11656,551.24,0.0,2.251877441406248
2025-01-20 03:00:00,0.11441,551.24,0.0,2.239353027343752
2025-01-20 04:00:00,0.11545,591.62,0.0,2.234295247395835
2025-01-20 05:00:00,0.12754,591.62,0.0,2.231794840494793
2025-01-20 06:00:00,0.16171,591.62,0.0,2.2193640136718766
2025-01-20 07:00:00,0.27648,768.0,0.0,2.223605957031252
2025-01-20 08:00:00,0.43199,768.0,0.0,2.2641068522135432
2025-01-20 09:00:00,0.2917,768.0,0.0,2.3404577636718766
2025-01-20 10:00:00,0.23629,754.0,1.15,2.420574544270835
2025-01-20 11:00:00,0.1874799999999999,754.0,5.95,2.4977941894531264
2025-01-20 12:00:00,0.176,754.0,16.1,2.5373937988281265
2025-01-20 13:00:00,0.17139,726.0,14.4,2.5381241861979182
2025-01-20 14:00:00,0.19185,726.0,15.4,2.489080403645835
2025-01-20 15:00:00,0.27717,726.0,13.5,2.401692301432293
2025-01-20 16:00:00,0.40212,600.09,12.7,2.328452148437502
2025-01-20 17:00:00,0.5834,600.09,2.03,2.2891516113281267
2025-01-20 18:00:00,0.47328,600.09,300.0,2.3172928873697933
2025-01-20 19:00:00,0.29557,528.58,0.0,2.3441178385416683
2025-01-20 20:00:00,0.22,528.58,0.0,2.391387532552085
2025-01-20 21:00:00,0.17,528.58,0.0,2.4256201171875014
2025-01-20 22:00:00,0.1525099999999999,522.2,0.0,2.4717118326822933
2025-01-20 23:00:00,0.13798,522.2,0.0,2.509114176432293
2025-01-21 00:00:00,0.12752,522.2,0.0,2.543812662760418
2025-01-21 01:00:00,0.12165,545.25,0.0,2.585133463541668
2025-01-21 02:00:00,0.11667,545.25,0.0,2.6132991536458348
2025-01-21 03:00:00,0.11386,545.25,0.0,2.6413366699218765
2025-01-21 04:00:00,0.11354,594.77,0.0,2.6561865234375013
2025-01-21 05:00:00,0.12234,594.77,0.0,2.659114176432293
2025-01-21 06:00:00,0.1422,594.77,0.0,2.6709814453125014
2025-01-21 07:00:00,0.19006,793.0,0.0,2.690809733072914
2025-01-21 08:00:00,0.2483199999999999,793.0,0.0,2.718302001953126
2025-01-21 09:00:00,0.21168,793.0,1.3,2.7585078938802097
2025-01-21 10:00:00,0.19805,752.0,4.93,2.8110112304687527
2025-01-21 11:00:00,0.1615,752.0,12.4,2.8610063476562524
2025-01-21 12:00:00,0.14744,752.0,23.2,2.9088334960937527
2025-01-21 13:00:00,0.14283,693.75,32.4,2.9579716796875024
2025-01-21 14:00:00,0.15005,693.75,51.3,2.9796953125000027
2025-01-21 15:00:00,0.17343,693.75,70.0,3.0026933593750025
2025-01-21 16:00:00,0.2121299999999999,512.28,42.9,3.0118999023437527
2025-01-21 17:00:00,0.30115,512.28,12.9,3.0408415527343777
2025-01-21 18:00:00,0.25193,512.28,1.1,3.076836425781246
2025-01-21 19:00:00,0.20268,443.32,0.0,3.1143474121093777
2025-01-21 20:00:00,0.17484,443.32,0.0,3.1599626464843777
2025-01-21 21:00:00,0.15519,443.32,0.0,3.2004216308593776
2025-01-21 22:00:00,0.1386,447.56,0.0,3.2581584472656275
2025-01-21 23:00:00,0.12529,447.56,0.0,3.317327148437503
2025-01-22 00:00:00,0.128,447.56,0.0,3.3732695312500027
2025-01-22 01:00:00,0.12506,486.23,0.0,3.392993652343753
2025-01-22 02:00:00,0.12222,486.23,0.0,3.435785400390628
2025-01-22 03:00:00,0.1216599999999999,486.23,0.0,3.4768962402343777
2025-01-22 04:00:00,0.1231599999999999,477.55,0.0,3.533336669921878
2025-01-22 05:00:00,0.12832,477.55,0.0,3.5920732421875026
2025-01-22 06:00:00,0.1569199999999999,477.55,0.0,3.717104980468753
2025-01-22 07:00:00,0.20825,623.99,0.0,3.780437500000003
2025-01-22 08:00:00,0.2386,623.99,0.0,3.792599365234378
2025-01-22 09:00:00,0.19941,623.99,1.1,3.797393066406253
2025-01-22 10:00:00,0.17906,596.8,5.28,3.8012565917968777
2025-01-22 11:00:00,0.17294,596.8,11.2,3.806896240234378
2025-01-22 12:00:00,0.165,596.8,11.1,3.7341960449218776
2025-01-22 13:00:00,0.17,528.2,15.4,3.6544060058593777
2025-01-22 14:00:00,0.17992,528.2,17.1,3.570323974609378
2025-01-22 15:00:00,0.1956699999999999,528.2,8.48,3.4727250976562525
2025-01-22 16:00:00,0.19904,428.15,6.7,3.4092644042968776
2025-01-22 17:00:00,0.20899,428.15,5.23,3.3786564941406274
2025-01-22 18:00:00,0.18043,428.15,300.0,3.4234550781250026
2025-01-22 19:00:00,0.16708,364.33,0.0,3.3868266601562524
2025-01-22 20:00:00,0.13449,364.33,0.0,3.354296142578128
2025-01-22 21:00:00,0.12778,364.33,0.0,3.333711425781246
2025-01-22 22:00:00,0.12809,373.25,0.0,3.2852580566406275
2025-01-22 23:00:00,0.11468,373.25,0.0,3.2759343261718774
2025-01-23 00:00:00,0.1137,373.25,0.0,3.264955322265628
2025-01-23 01:00:00,0.1088799999999999,394.44,0.0,3.2504130859375024
2025-01-23 02:00:00,0.10558,394.44,0.0,3.2139128417968776
2025-01-23 03:00:00,0.10001,394.44,0.0,3.1723222656250027
2025-01-23 04:00:00,0.09759,445.8,0.0,3.1315153808593776
2025-01-23 05:00:00,0.10001,445.8,0.0,3.082714111328128
2025-01-23 06:00:00,0.1064099999999999,445.8,0.0,3.066725341796878
2025-01-23 07:00:00,0.1366,561.0,0.0,3.045843994140628
2025-01-23 08:00:00,0.15903,561.0,0.0,3.0890458984375027
2025-01-23 09:00:00,0.1554199999999999,561.0,300.0,3.196451904296877
2025-01-23 10:00:00,0.13094,559.0,3.88,3.314291259765628
2025-01-23 11:00:00,0.1161,559.0,9.98,3.4079606933593776
2025-01-23 12:00:00,0.09493,559.0,26.4,3.476801025390628
2025-01-23 13:00:00,0.08856,515.97,22.6,3.4650566406250025
2025-01-23 14:00:00,0.08586,515.97,50.6,3.4429814453125025
2025-01-23 15:00:00,0.0897999999999999,515.97,60.8,3.413373291015628
2025-01-23 16:00:00,0.08987,397.15,17.8,3.419174072265628
2025-01-23 17:00:00,0.10675,397.15,6.45,3.476064941406253
2025-01-23 18:00:00,0.112,397.15,500.0,3.513239013671878
2025-01-23 19:00:00,0.10187,344.35,0.0,3.5897294921875025
2025-01-23 20:00:00,0.08636,344.35,0.0,3.672170898437503
2025-01-23 21:00:00,0.07428,344.35,0.0,3.738744384765628
2025-01-23 22:00:00,0.07568,323.32,0.0,3.796711914062503
2025-01-23 23:00:00,0.05823,323.32,0.0,3.851844970703128
2025-01-24 00:00:00,0.06903,323.32,0.0,3.8965739746093777
2025-01-24 01:00:00,0.0581599999999999,327.33,0.0,3.929034912109378
2025-01-24 02:00:00,0.04505,327.33,0.0,3.9501250000000026
2025-01-24 03:00:00,0.0406,327.33,0.0,3.968563720703128
2025-01-24 04:00:00,0.05017,339.04,0.0,3.945756103515628
2025-01-24 05:00:00,0.0732,339.04,0.0,3.8810795898437527
2025-01-24 06:00:00,0.08544,339.04,0.0,3.8248552246093777
2025-01-24 07:00:00,0.10916,400.08,0.0,3.738088867187503
2025-01-24 08:00:00,0.11623,400.08,0.0,3.705580322265628
2025-01-24 09:00:00,0.09634,400.08,600.0,3.719291259765628
2025-01-24 10:00:00,0.0889,372.0,2.78,3.738740722656253
2025-01-24 11:00:00,0.07844,372.0,9.1,3.761995117187503
2025-01-24 12:00:00,0.07648,372.0,20.5,3.8174980468750026
2025-01-24 13:00:00,0.0746899999999999,382.0,12.7,3.792939941406253
2025-01-24 14:00:00,0.07451,382.0,13.1,3.726212646484378
2025-01-24 15:00:00,0.07451,382.0,12.9,3.636117431640628
2025-01-24 16:00:00,0.07525,272.0,5.88,3.572015869140628
2025-01-24 17:00:00,0.08302,272.0,1.95,3.5222954101562527
2025-01-24 18:00:00,0.08859,272.0,300.0,3.4854399414062525
2025-01-24 19:00:00,0.09178,254.31,0.0,3.4409196777343776
2025-01-24 20:00:00,0.08499,254.31,0.0,3.4073674316406275
2025-01-24 21:00:00,0.08079,254.31,0.0,3.416288330078128
2025-01-24 22:00:00,0.09197,241.27,0.0,3.397494384765628
2025-01-24 23:00:00,0.08629,241.27,0.0,3.397245361328128
2025-01-25 00:00:00,0.05904,241.27,0.0,3.3558818359375024
2025-01-25 01:00:00,0.0649599999999999,236.27,0.0,3.3425810546875026
2025-01-25 02:00:00,0.06355,236.27,0.0,3.285492431640628
2025-01-25 03:00:00,0.06717,236.27,0.0,3.2370170898437527
2025-01-25 04:00:00,0.0767699999999999,207.34,0.0,3.2023991699218777
2025-01-25 05:00:00,0.07689,207.34,0.0,3.1480974121093777
2025-01-25 06:00:00,0.0793199999999999,207.34,0.0,3.0100102539062528
2025-01-25 07:00:00,0.07689,205.2,0.0,2.9979399414062526
2025-01-25 08:00:00,0.08899,205.2,0.0,3.1170646972656275
2025-01-25 09:00:00,0.08731,205.2,400.0,3.2691337890625025
2025-01-25 10:00:00,0.08632,253.26,5.8,3.374954101562502
2025-01-25 11:00:00,0.08815,253.26,9.38,3.4615336914062524
2025-01-25 12:00:00,0.08255,253.26,13.6,3.518468505859378
2025-01-25 13:00:00,0.08198,285.23,18.1,3.5263090820312457
2025-01-25 14:00:00,0.089,285.23,17.2,3.500685302734378
2025-01-25 15:00:00,0.1110699999999999,285.23,21.1,3.4535063476562526
2025-01-25 16:00:00,0.13297,274.24,10.2,3.444010498046877
2025-01-25 17:00:00,0.14585,274.24,4.32,3.4493681640625025
2025-01-25 18:00:00,0.151,274.24,800.0,3.509496337890628
2025-01-25 19:00:00,0.14753,314.33,0.0,3.555730468750003
2025-01-25 20:00:00,0.1376,314.33,0.0,3.5900151367187525
2025-01-25 21:00:00,0.13461,314.33,0.0,3.630107910156253
2025-01-25 22:00:00,0.13226,296.32,0.0,3.6438298339843778
2025-01-25 23:00:00,0.12203,296.32,0.0,3.654801513671877
2025-01-26 00:00:00,0.12621,296.32,0.0,3.661210205078128
2025-01-26 01:00:00,0.11579,327.29,0.0,3.666410400390628
2025-01-26 02:00:00,0.1113,327.29,0.0,3.656035644531246
2025-01-26 03:00:00,0.10685,327.29,0.0,3.6378972167968775
2025-01-26 04:00:00,0.10543,346.32,0.0,3.628635742187503
2025-01-26 05:00:00,0.10786,346.32,0.0,3.636956054687503
2025-01-26 06:00:00,0.1105999999999999,346.32,0.0,3.6770927734375034
2025-01-26 07:00:00,0.11762,425.64,0.0,3.7095134277343775
2025-01-26 08:00:00,0.12417,425.64,0.0,3.7549675292968776
2025-01-26 09:00:00,0.12197,425.64,100.0,3.801165039062503
2025-01-26 10:00:00,0.10551,393.65,2.83,3.8087968750000023
2025-01-26 11:00:00,0.10257,393.65,7.2,3.675811035156253
2025-01-26 12:00:00,0.09673,393.65,15.5,3.5917363281250028
2025-01-26 13:00:00,0.09002,360.31,61.8,3.537350341796877
2025-01-26 14:00:00,0.0925199999999999,360.31,63.5,3.4529460449218776
2025-01-26 15:00:00,0.11163,360.31,83.9,3.3540251464843776
2025-01-26 16:00:00,0.12592,374.3,12.4,3.260868408203128
2025-01-26 17:00:00,0.13277,374.3,12.3,3.2072770996093776
2025-01-26 18:00:00,0.11894,374.3,1.5,3.1254472656250027
2025-01-26 19:00:00,0.09032,369.27,0.0,3.0435551757812456
2025-01-26 20:00:00,0.07893,369.27,0.0,2.9540166015625027
2025-01-26 21:00:00,0.06826,369.27,0.0,2.8762919921875025
2025-01-26 22:00:00,0.04925,277.3,0.0,2.812490722656253
2025-01-26 23:00:00,0.02389,277.3,0.0,2.7774715169270845
2025-01-27 00:00:00,0.04014,277.3,0.0,2.756389973958335
2025-01-27 01:00:00,0.03526,252.34,0.0,2.7448177083333345
2025-01-27 02:00:00,0.02638,252.34,0.0,2.7210872395833348
2025-01-27 03:00:00,0.01407,252.34,0.0,2.7020239257812517
2025-01-27 04:00:00,0.0101,225.5,0.0,2.687648111979168
2025-01-27 05:00:00,0.02152,225.5,0.0,2.6749650065104182
2025-01-27 06:00:00,0.0341,225.5,0.0,2.66774861653646
2025-01-27 07:00:00,0.05699,268.52,0.0,2.674468587239581
2025-01-27 08:00:00,0.07176,268.52,0.0,2.77602498372396
2025-01-27 09:00:00,0.06296,268.52,450.0,3.0471660156250024
2025-01-27 10:00:00,0.04557,275.99,6.33,3.236954833984377
2025-01-27 11:00:00,0.04011,275.99,27.7,3.348945800781246
2025-01-27 12:00:00,0.03566,275.99,72.0,3.403536865234378
2025-01-27 13:00:00,0.0383699999999999,254.52,62.9,3.4189836425781275
2025-01-27 14:00:00,0.05395,254.52,93.4,3.3790996093750025
2025-01-27 15:00:00,0.08679,254.52,76.0,3.2049956054687527
2025-01-27 16:00:00,0.10246,228.93,40.1,2.9084599609375026
2025-01-27 17:00:00,0.11856,228.93,13.1,2.7592077636718764
2025-01-27 18:00:00,0.11867,228.93,1.9,2.7535559082031265
2025-01-27 19:00:00,0.10005,250.34,0.0,2.73320271809896
2025-01-27 20:00:00,0.0940699999999999,250.34,0.0,2.7013525390625013
2025-01-27 21:00:00,0.08508,250.34,0.0,2.687381591796876
2025-01-27 22:00:00,0.08226,259.26,0.0,2.6769588216145848
2025-01-27 23:00:00,0.06928,259.26,0.0,2.66608846028646
2025-01-28 00:00:00,0.07692,259.26,0.0,2.66212117513021
2025-01-28 01:00:00,0.07153,273.3,0.0,2.670324300130209
2025-01-28 02:00:00,0.05733,273.3,0.0,2.682102050781252
2025-01-28 03:00:00,0.06928,273.3,0.0,2.6571712239583345
2025-01-28 04:00:00,0.07692,321.59,0.0,2.64873006184896
2025-01-28 05:00:00,0.07759,321.59,0.0,2.657932128906248
2025-01-28 06:00:00,0.09822,321.59,0.0,2.713819986979168
2025-01-28 07:00:00,0.12545,418.03,0.0,2.75830037434896
2025-01-28 08:00:00,0.1475,418.03,0.0,2.995841552734378
2025-01-28 09:00:00,0.1353,418.03,0.0,3.324973632812503
2025-01-28 10:00:00,0.12053,356.06,0.0,3.6129545898437527
2025-01-28 11:00:00,0.11634,356.06,0.0,3.8166484375000023
2025-01-28 12:00:00,0.11475,356.06,0.0,3.917030517578128
2025-01-28 13:00:00,0.11739,335.06,0.0,3.922238037109378
2025-01-28 14:00:00,0.12133,335.06,0.0,3.816337158203128
2025-01-28 15:00:00,0.13991,335.06,0.0,3.6323051757812457
2025-01-28 16:00:00,0.147,279.13,0.0,3.4981950683593777
2025-01-28 17:00:00,0.1495999999999999,279.13,0.0,3.441633789062503
2025-01-28 18:00:00,0.13494,279.13,0.0,3.419082519531246
2025-01-28 19:00:00,0.1289,249.29,0.0,3.408195068359378
2025-01-28 20:00:00,0.09476,249.29,0.0,3.4043681640625025
2025-01-28 21:00:00,0.08726,249.29,0.0,3.3823186035156274
2025-01-28 22:00:00,0.0798,268.3,0.0,3.348282958984377
2025-01-28 23:00:00,0.06443,268.3,0.0,3.3330925292968776
2025-01-29 00:00:00,0.0877199999999999,268.3,0.0,3.3110502929687526
2025-01-29 01:00:00,0.08339,282.33,0.0,3.3002617187500025
2025-01-29 02:00:00,0.07816,282.33,0.0,3.278278076171877
2025-01-29 03:00:00,0.07564,282.33,0.0,3.2370537109375026
2025-01-29 04:00:00,0.07901,308.74,0.0,3.216787597656253
2025-01-29 05:00:00,0.08698,308.74,0.0,3.1629033203125028
2025-01-29 06:00:00,0.09314,308.74,0.0,3.1262749023437526
2025-01-29 07:00:00,0.14142,441.02,0.0,3.1372282714843776
2025-01-29 08:00:00,0.14254,441.02,0.0,3.338959228515628
2025-01-29 09:00:00,0.1304499999999999,441.02,650.0,3.628536865234378
2025-01-29 10:00:00,0.1050499999999999,406.05,8.45,3.875209228515628
2025-01-29 11:00:00,0.08925,406.05,24.9,3.997596923828128
2025-01-29 12:00:00,0.085,406.05,62.8,4.0
2025-01-29 13:00:00,0.08553,366.04,32.1,4.0
2025-01-29 14:00:00,0.08767,366.04,50.6,4.0
2025-01-29 15:00:00,0.10275,366.04,31.1,3.829542724609378
2025-01-29 16:00:00,0.13266,304.12,48.8,3.633088867187503
2025-01-29 17:00:00,0.1495699999999999,304.12,14.0,3.533732177734377
2025-01-29 18:00:00,0.15009,304.12,1.23,3.519662353515628
2025-01-29 19:00:00,0.1463,282.32,0.0,3.4941484375000025
2025-01-29 20:00:00,0.1319499999999999,282.32,0.0,3.481711914062503
2025-01-29 21:00:00,0.11965,282.32,0.0,3.483986083984377
2025-01-29 22:00:00,0.1119899999999999,300.29,0.0,3.4740690917968777
2025-01-29 23:00:00,0.09933,300.29,0.0,3.4596147460937527
2025-01-30 00:00:00,0.0924099999999999,300.29,0.0,3.444999267578128
2025-01-30 01:00:00,0.09243,296.29,0.0,3.4427250976562527
2025-01-30 02:00:00,0.09333,296.29,0.0,3.452678710937503
2025-01-30 03:00:00,0.09295,296.29,0.0,3.4491813964843776
2025-01-30 04:00:00,0.09243,347.26,0.0,3.470403320312503
2025-01-30 05:00:00,0.10865,347.26,0.0,3.501018554687503
2025-01-30 06:00:00,0.13983,347.26,0.0,3.568386718750003
2025-01-30 07:00:00,0.15264,455.03,0.0,3.610171386718753
2025-01-30 08:00:00,0.1603,455.03,0.0,3.7286992187500023
2025-01-30 09:00:00,0.1515099999999999,455.03,500.0,3.8559392089843776
2025-01-30 10:00:00,0.13509,455.06,2.45,3.979052001953128
2025-01-30 11:00:00,0.12325,455.06,8.6,4.0
2025-01-30 12:00:00,0.11589,455.06,14.9,4.0
2025-01-30 13:00:00,0.1133,480.04,10.7,3.944192382812503
2025-01-30 14:00:00,0.12941,480.04,9.75,3.873586914062503
2025-01-30 15:00:00,0.15322,480.04,8.4,3.785403320312503
2025-01-30 16:00:00,0.16087,409.11,5.73,3.7009477539062527
2025-01-30 17:00:00,0.18036,409.11,1.78,3.626134521484378
2025-01-30 18:00:00,0.17658,409.11,200.0,3.534812500000003
2025-01-30 19:00:00,0.16128,365.32,0.0,3.4647087402343777
2025-01-30 20:00:00,0.1502,365.32,0.0,3.409407226562503
2025-01-30 21:00:00,0.1341699999999999,365.32,0.0,3.3792241210937526
2025-01-30 22:00:00,0.12646,390.29,0.0,3.353241455078128
2025-01-30 23:00:00,0.1202,390.29,0.0,3.326614257812502
2025-01-31 00:00:00,0.12,390.29,0.0,3.2975810546875026
2025-01-31 01:00:00,0.11708,426.29,0.0,3.281570312500002
2025-01-31 02:00:00,0.11389,426.29,0.0,3.240038330078128
2025-01-31 03:00:00,0.11312,426.29,0.0,3.214366943359378
2025-01-31 04:00:00,0.11598,461.55,0.0,3.1694548339843776
2025-01-31 05:00:00,0.12074,461.55,0.0,3.1548869628906275
2025-01-31 06:00:00,0.13187,461.55,0.0,3.1050419921875028
2025-01-31 07:00:00,0.15797,623.02,0.0,3.0763017578125025
2025-01-31 08:00:00,0.1636999999999999,623.02,0.0,3.192679931640628
2025-01-31 09:00:00,0.1548199999999999,623.02,2.83,3.325687744140628
2025-01-31 10:00:00,0.1301,534.03,8.3,3.406649658203128
2025-01-31 11:00:00,0.1262,534.03,32.2,3.478397705078128
2025-01-31 12:00:00,0.12006,534.03,47.8,3.4952580566406275
2025-01-31 13:00:00,0.1211899999999999,444.03,102.0,3.5059697265625025
2025-01-31 14:00:00,0.11976,444.03,120.0,3.458409912109378
2025-01-31 15:00:00,0.14987,444.03,74.8,3.337047607421878
2025-01-31 16:00:00,0.16826,377.13,48.0,3.1895744628906275
2025-01-31 17:00:00,0.1852599999999999,377.13,19.2,3.1511552734375026
2025-01-31 18:00:00,0.1844799999999999,377.13,1.97,3.173373291015628
2025-01-31 19:00:00,0.17899,393.3,0.0,3.2256572265625025
2025-01-31 20:00:00,0.16266,393.3,0.0,3.2802666015625026
2025-01-31 21:00:00,0.1527,393.3,0.0,3.3096660156250026
2025-01-31 22:00:00,0.14431,430.29,0.0,3.363781005859378
2025-01-31 23:00:00,0.13141,430.29,0.0,3.4342692871093776
2025-02-01 00:00:00,0.13693,430.29,0.0,3.476423828125003
2025-02-01 01:00:00,0.1294199999999999,469.31,0.0,3.466514160156253
2025-02-01 02:00:00,0.1242399999999999,469.31,0.0,3.458607666015628
2025-02-01 03:00:00,0.11912,469.31,0.0,3.474691650390628
2025-02-01 04:00:00,0.11886,493.31,0.0,3.500765869140628
2025-02-01 05:00:00,0.12054,493.31,0.0,3.5142680664062524
2025-02-01 06:00:00,0.1271,493.31,0.0,3.4978105468750025
2025-02-01 07:00:00,0.14474,517.38,0.0,3.4024016113281275
2025-02-01 08:00:00,0.15346,517.38,0.0,3.3064140625000027
2025-02-01 09:00:00,0.14244,517.38,2.25,3.305948974609377
2025-02-01 10:00:00,0.1284,441.23,22.2,3.348217041015628
2025-02-01 11:00:00,0.1200799999999999,441.23,65.1,3.408685791015628
2025-02-01 12:00:00,0.11029,441.23,97.6,3.431625244140628
2025-02-01 13:00:00,0.1034,389.24,120.0,3.434298583984378
2025-02-01 14:00:00,0.1137,389.24,123.0,3.4000505371093777
2025-02-01 15:00:00,0.12949,389.24,108.0,3.345686523437503
2025-02-01 16:00:00,0.15443,414.21,80.8,3.2622380371093778
2025-02-01 17:00:00,0.16827,414.21,31.3,3.2214604492187524
2025-02-01 18:00:00,0.16751,414.21,2.53,3.1063786621093774
2025-02-01 19:00:00,0.1629799999999999,461.29,0.0,3.0527397460937524
2025-02-01 20:00:00,0.1566,461.29,0.0,2.966581298828128
2025-02-01 21:00:00,0.14524,461.29,0.0,2.9230314941406275
2025-02-01 22:00:00,0.14173,481.29,0.0,2.8659978027343778
2025-02-01 23:00:00,0.13174,481.29,0.0,2.8429265136718778
2025-02-02 00:00:00,0.13326,481.29,0.0,2.851173583984377
2025-02-02 01:00:00,0.12691,492.28,0.0,2.8952470703125024
2025-02-02 02:00:00,0.1229899999999999,492.28,0.0,2.926927978515628
2025-02-02 03:00:00,0.12066,492.28,0.0,2.953789550781246
2025-02-02 04:00:00,0.12234,523.25,0.0,2.957773925781246
2025-02-02 05:00:00,0.1234099999999999,523.25,0.0,2.9412285156250024
2025-02-02 06:00:00,0.12809,523.25,0.0,3.033510009765628
2025-02-02 07:00:00,0.1359,529.31,0.0,3.022655517578128
2025-02-02 08:00:00,0.1373,529.31,0.0,3.1465336914062525
2025-02-02 09:00:00,0.1377,529.31,1.73,3.317052490234378
2025-02-02 10:00:00,0.13004,467.3,24.8,3.4998173828125028
2025-02-02 11:00:00,0.12933,467.3,65.2,3.6429216308593775
2025-02-02 12:00:00,0.12224,467.3,99.4,3.740000488281246
2025-02-02 13:00:00,0.11188,398.26,118.0,3.775178710937503
2025-02-02 14:00:00,0.11642,398.26,123.0,3.7274248046875034
2025-02-02 15:00:00,0.12797,398.26,108.0,3.633791992187503
2025-02-02 16:00:00,0.15121,403.28,82.3,3.5656621093750025
2025-02-02 17:00:00,0.16403,403.28,30.7,3.5391850585937528
2025-02-02 18:00:00,0.17249,403.28,3.9,3.456985351562502
2025-02-02 19:00:00,0.17395,459.28,0.0,3.440190917968753
2025-02-02 20:00:00,0.1655,459.28,0.0,3.4469365234375027
2025-02-02 21:00:00,0.15577,459.28,0.0,3.4479143066406275
2025-02-02 22:00:00,0.14844,492.34,0.0,3.441044189453128
2025-02-02 23:00:00,0.13324,492.34,0.0,3.439648925781246
2025-02-03 00:00:00,0.12954,492.34,0.0,3.447885009765628
2025-02-03 01:00:00,0.12663,506.31,0.0,3.459457275390628
2025-02-03 02:00:00,0.12472,506.31,0.0,3.469912597656253
2025-02-03 03:00:00,0.12004,506.31,0.0,3.482484619140628
2025-02-03 04:00:00,0.1232399999999999,545.08,0.0,3.4951042480468777
2025-02-03 05:00:00,0.12777,545.08,0.0,3.505090820312503
2025-02-03 06:00:00,0.15918,545.08,0.0,3.5209587402343776
2025-02-03 07:00:00,0.20788,724.08,0.0,3.552705566406253
2025-02-03 08:00:00,0.24323,724.08,0.0,3.586997558593753
2025-02-03 09:00:00,0.17804,724.08,1.87,3.626694824218753
2025-02-03 10:00:00,0.14995,634.04,20.9,3.683153564453128
2025-02-03 11:00:00,0.12605,634.04,59.5,3.7221989746093778
2025-02-03 12:00:00,0.11727,634.04,79.9,3.7601091308593775
2025-02-03 13:00:00,0.11529,526.05,103.0,3.7714799804687527
2025-02-03 14:00:00,0.12418,526.05,116.0,3.760852539062503
2025-02-03 15:00:00,0.14586,526.05,103.0,3.734906494140628
2025-02-03 16:00:00,0.17071,433.15,76.1,3.711047851562503
2025-02-03 17:00:00,0.216,433.15,31.7,3.691191894531246
2025-02-03 18:00:00,0.20073,433.15,3.45,3.622289306640628
2025-02-03 19:00:00,0.2011,427.31,0.0,3.619172851562503
2025-02-03 20:00:00,0.16774,427.31,0.0,3.6180302734375034
2025-02-03 21:00:00,0.153,427.31,0.0,3.616195556640628
2025-02-03 22:00:00,0.14423,458.23,0.0,3.611885253906253
2025-02-03 23:00:00,0.13581,458.23,0.0,3.605081054687503
2025-02-04 00:00:00,0.1324,458.23,0.0,3.613855468750003
2025-02-04 01:00:00,0.12554,492.33,0.0,3.6104606933593777
2025-02-04 02:00:00,0.12318,492.33,0.0,3.624325439453128
2025-02-04 03:00:00,0.1239899999999999,492.33,0.0,3.6368278808593777
2025-02-04 04:00:00,0.12325,544.84,0.0,3.6452397460937527
2025-02-04 05:00:00,0.12763,544.84,0.0,3.643416015625003
2025-02-04 06:00:00,0.1554199999999999,544.84,0.0,3.600961181640628
2025-02-04 07:00:00,0.19224,719.06,0.0,3.605385009765628
2025-02-04 08:00:00,0.21199,719.06,0.0,3.633821289062503
2025-02-04 09:00:00,0.16331,719.06,3.2,3.662532226562503
2025-02-04 10:00:00,0.13653,673.05,23.9,3.721946289062503
2025-02-04 11:00:00,0.12657,673.05,46.4,3.770209228515628
2025-02-04 12:00:00,0.11689,673.05,98.5,3.772670166015628
2025-02-04 13:00:00,0.11317,571.01,118.0,3.7789909667968775
2025-02-04 14:00:00,0.12009,571.01,122.0,3.7664079589843777
2025-02-04 15:00:00,0.12747,571.01,109.0,3.755304443359378
2025-02-04 16:00:00,0.16481,494.13,80.7,3.739652587890628
2025-02-04 17:00:00,0.16899,494.13,34.6,3.724934570312503
2025-02-04 18:00:00,0.175,494.13,3.13,3.6723942871093778
2025-02-04 19:00:00,0.16204,452.31,0.0,3.657288085937503
2025-02-04 20:00:00,0.14501,452.31,0.0,3.6448662109375034
2025-02-04 21:00:00,0.13243,452.31,0.0,3.640186035156253
2025-02-04 22:00:00,0.1294199999999999,448.29,0.0,3.639387695312503
2025-02-04 23:00:00,0.12062,448.29,0.0,3.642617675781246
2025-02-05 00:00:00,0.11334,448.29,0.0,3.640482666015628
2025-02-05 01:00:00,0.10967,425.29,0.0,3.634271728515628
2025-02-05 02:00:00,0.1094,425.29,0.0,3.616371337890628
2025-02-05 03:00:00,0.10818,425.29,0.0,3.5874150390625026
2025-02-05 04:00:00,0.11517,430.92,0.0,3.544894287109378
2025-02-05 05:00:00,0.12242,430.92,0.0,3.501384765625003
2025-02-05 06:00:00,0.13981,430.92,0.0,3.534398681640628
2025-02-05 07:00:00,0.16532,574.03,0.0,3.5134294433593776
2025-02-05 08:00:00,0.18081,574.03,0.0,3.531754638671877
2025-02-05 09:00:00,0.15933,574.03,500.0,3.5562102050781275
2025-02-05 10:00:00,0.13219,563.03,3.28,3.643899414062503
2025-02-05 11:00:00,0.11996,563.03,10.4,3.693660156250002
2025-02-05 12:00:00,0.11546,563.03,15.4,3.725743896484378
2025-02-05 13:00:00,0.1188,547.03,14.4,3.718470947265628
2025-02-05 14:00:00,0.12885,547.03,13.1,3.6823735351562528
2025-02-05 15:00:00,0.14412,547.03,11.5,3.6247246093750025
2025-02-05 16:00:00,0.16058,448.17,8.68,3.5191203613281274
2025-02-05 17:00:00,0.17719,448.17,2.75,3.456761962890628
2025-02-05 18:00:00,0.1899,448.17,533.0,3.3744707031250027
2025-02-05 19:00:00,0.18963,376.27,0.0,3.3723137207031275
2025-02-05 20:00:00,0.17,376.27,0.0,3.373394042968753
2025-02-05 21:00:00,0.1554199999999999,376.27,0.0,3.3957475585937527
2025-02-05 22:00:00,0.1437,401.31,0.0,3.412933837890628
2025-02-05 23:00:00,0.13321,401.31,0.0,3.4382976074218776
2025-02-06 00:00:00,0.1336699999999999,401.31,0.0,3.463687011718753
2025-02-06 01:00:00,0.12957,402.3,0.0,3.4718205566406275
2025-02-06 02:00:00,0.12587,402.3,0.0,3.475449707031246
2025-02-06 03:00:00,0.125,402.3,0.0,3.4844072265625026
2025-02-06 04:00:00,0.12501,443.28,0.0,3.493280517578128
2025-02-06 05:00:00,0.13528,443.28,0.0,3.517882568359377
2025-02-06 06:00:00,0.15612,443.28,0.0,3.5211638183593776
2025-02-06 07:00:00,0.18009,586.04,0.0,3.5513652343750026
2025-02-06 08:00:00,0.2194199999999999,586.04,0.0,3.598456298828128
2025-02-06 09:00:00,0.17899,586.04,100.0,3.6282329101562527
2025-02-06 10:00:00,0.1601399999999999,580.05,2.0,3.644174072265628
2025-02-06 11:00:00,0.15256,580.05,8.93,3.657181884765627
2025-02-06 12:00:00,0.14789,580.05,6.78,3.680341064453128
2025-02-06 13:00:00,0.14548,533.02,2.42,3.731379882812503
2025-02-06 14:00:00,0.13779,533.02,18.4,3.7689860839843776
2025-02-06 15:00:00,0.1508,533.02,13.0,3.7751420898437527
2025-02-06 16:00:00,0.1648899999999999,424.14,6.28,3.789189941406253
2025-02-06 17:00:00,0.17159,424.14,8.98,3.800128662109378
2025-02-06 18:00:00,0.17048,424.14,1.4,3.8012382812500025
2025-02-06 19:00:00,0.1629499999999999,404.29,0.0,3.788871337890628
2025-02-06 20:00:00,0.14133,404.29,0.0,3.7844841308593775
2025-02-06 21:00:00,0.13126,404.29,0.0,3.796074707031246
2025-02-06 22:00:00,0.134,407.32,0.0,3.790735351562503
2025-02-06 23:00:00,0.12195,407.32,0.0,3.7821550292968777
2025-02-07 00:00:00,0.12605,407.32,0.0,3.7701286621093777
2025-02-07 01:00:00,0.1127,428.3,0.0,3.7473210449218777
2025-02-07 02:00:00,0.10882,428.3,0.0,3.701650878906253
2025-02-07 03:00:00,0.105,428.3,0.0,3.692649414062503
2025-02-07 04:00:00,0.10481,451.5,0.0,3.691810791015628
2025-02-07 05:00:00,0.10507,451.5,0.0,3.668109619140628
2025-02-07 06:00:00,0.11239,451.5,0.0,3.382787353515628
2025-02-07 07:00:00,0.14166,583.02,0.0,3.1384038085937527
2025-02-07 08:00:00,0.16421,583.02,0.0,2.9451579589843777
2025-02-07 09:00:00,0.15036,583.02,0.0,2.8156291503906274
2025-02-07 10:00:00,0.13388,569.02,0.0,2.816383544921877
2025-02-07 11:00:00,0.11514,569.02,0.0,2.8239384765625024
2025-02-07 12:00:00,0.1114899999999999,569.02,0.0,2.8200749511718777
2025-02-07 13:00:00,0.1067699999999999,551.04,0.0,2.817218505859377
2025-02-07 14:00:00,0.10959,551.04,0.0,2.8132268066406274
2025-02-07 15:00:00,0.11168,551.04,0.0,2.8158598632812457
2025-02-07 16:00:00,0.12661,445.15,0.0,2.8162846679687528
2025-02-07 17:00:00,0.14285,445.15,0.0,2.8210124511718777
2025-02-07 18:00:00,0.14905,445.15,0.0,2.8275200195312458
2025-02-07 19:00:00,0.14432,401.7,0.0,2.852074462890628
2025-02-07 20:00:00,0.12693,401.7,0.0,2.8754716796875024
2025-02-07 21:00:00,0.1,401.7,0.0,2.8971953125000027
2025-02-07 22:00:00,0.09872,399.85,0.0,2.9019194335937524
2025-02-07 23:00:00,0.10014,399.85,0.0,2.8695061035156275
2025-02-08 00:00:00,0.08134,399.85,0.0,2.9026665039062527
2025-02-08 01:00:00,0.08485,415.56,0.0,2.936559326171877
2025-02-08 02:00:00,0.0858,415.56,0.0,2.886523925781246
2025-02-08 03:00:00,0.08708,415.56,0.0,2.8653203125000024
2025-02-08 04:00:00,0.0896899999999999,420.68,0.0,2.856996337890628
2025-02-08 05:00:00,0.09099,420.68,0.0,2.8648369140625025
2025-02-08 06:00:00,0.0907999999999999,420.68,0.0,2.895814697265628
2025-02-08 07:00:00,0.09531,429.5,0.0,2.9517387695312456
2025-02-08 08:00:00,0.11111,429.5,0.0,3.0354509277343777
2025-02-08 09:00:00,0.09268,429.5,1.7,3.1016398925781274
2025-02-08 10:00:00,0.07942,342.22,12.5,3.1874943847656274
2025-02-08 11:00:00,0.06875,342.22,43.7,3.3409111328125025
2025-02-08 12:00:00,0.0677099999999999,342.22,65.7,3.5594804687500026
2025-02-08 13:00:00,0.0798499999999999,308.24,63.2,3.721726562500003
2025-02-08 14:00:00,0.08985,308.24,71.1,3.815498535156253
2025-02-08 15:00:00,0.118,308.24,32.8,3.8689873046875034
2025-02-08 16:00:00,0.14087,314.26,27.6,3.884265625000003
2025-02-08 17:00:00,0.15,314.26,6.63,3.8905534667968777
2025-02-08 18:00:00,0.16049,314.26,1.08,3.878080322265628
2025-02-08 19:00:00,0.1611,320.25,0.0,3.854510986328128
2025-02-08 20:00:00,0.1564199999999999,320.25,0.0,3.839543945312503
2025-02-08 21:00:00,0.149,320.25,0.0,3.8153886718750023
2025-02-08 22:00:00,0.144,351.31,0.0,3.791174804687503
2025-02-08 23:00:00,0.13631,351.31,0.0,3.7903984375000026
2025-02-09 00:00:00,0.135,351.31,0.0,3.8139238281250023
2025-02-09 01:00:00,0.13451,395.33,0.0,3.790292236328128
2025-02-09 02:00:00,0.13018,395.33,0.0,3.7615739746093775
2025-02-09 03:00:00,0.1193,395.33,0.0,3.751971923828128
2025-02-09 04:00:00,0.11679,406.31,0.0,3.769070312500003
2025-02-09 05:00:00,0.117,406.31,0.0,3.787142822265628
2025-02-09 06:00:00,0.117,406.31,0.0,3.7937272949218777
2025-02-09 07:00:00,0.13343,416.3,0.0,3.808342773437503
2025-02-09 08:00:00,0.13677,416.3,0.0,3.869203369140628
2025-02-09 09:00:00,0.12397,416.3,2.4,3.960441162109378
2025-02-09 10:00:00,0.11479,358.29,9.05,4.0
2025-02-09 11:00:00,0.10565,358.29,13.9,4.0
2025-02-09 12:00:00,0.0987099999999999,358.29,31.0,4.0
2025-02-09 13:00:00,0.09553,333.28,57.3,4.0
2025-02-09 14:00:00,0.1099,333.28,50.8,4.0
2025-02-09 15:00:00,0.1204,333.28,44.7,4.0
2025-02-09 16:00:00,0.14196,352.29,24.2,3.946898681640628
2025-02-09 17:00:00,0.14858,352.29,10.6,3.889593994140628
2025-02-09 18:00:00,0.16193,352.29,2.78,3.792266113281246
2025-02-09 19:00:00,0.15613,385.31,0.0,3.7570036621093776
2025-02-09 20:00:00,0.15065,385.31,0.0,3.7364189453125034
2025-02-09 21:00:00,0.14292,385.31,0.0,3.722484619140628
2025-02-09 22:00:00,0.143,426.33,0.0,3.7400407714843777
2025-02-09 23:00:00,0.12797,426.33,0.0,3.742922851562503
2025-02-10 00:00:00,0.11858,426.33,0.0,3.711340820312503
2025-02-10 01:00:00,0.1118199999999999,442.28,0.0,3.6546257324218776
2025-02-10 02:00:00,0.10922,442.28,0.0,3.597445556640628
2025-02-10 03:00:00,0.10629,442.28,0.0,3.5738835449218778
2025-02-10 04:00:00,0.10585,468.22,0.0,3.523002197265628
2025-02-10 05:00:00,0.112,468.22,0.0,3.471908447265628
2025-02-10 06:00:00,0.14538,468.22,0.0,3.448617431640628
2025-02-10 07:00:00,0.16202,591.18,0.0,3.4953679199218777
2025-02-10 08:00:00,0.18136,591.18,0.0,3.631429931640628
2025-02-10 09:00:00,0.16318,591.18,900.0,3.811060058593753
2025-02-10 10:00:00,0.1359,567.13,6.68,3.934901611328128
2025-02-10 11:00:00,0.11528,567.13,15.8,4.0
2025-02-10 12:00:00,0.10936,567.13,22.5,4.0
2025-02-10 13:00:00,0.1097399999999999,553.14,12.1,4.0
2025-02-10 14:00:00,0.12307,553.14,11.4,4.0
2025-02-10 15:00:00,0.12854,553.14,7.23,3.968395263671878
2025-02-10 16:00:00,0.13358,419.26,7.53,3.861791259765628
2025-02-10 17:00:00,0.13382,419.26,1.92,3.7993706054687526
2025-02-10 18:00:00,0.14211,419.26,725.0,3.736429931640628
2025-02-10 19:00:00,0.11485,377.28,0.0,3.7133220214843776
2025-02-10 20:00:00,0.09437,377.28,0.0,3.6818864746093776
2025-02-10 21:00:00,0.09148,377.28,0.0,3.610079833984378
2025-02-10 22:00:00,0.08887,374.27,0.0,3.5228337402343777
2025-02-10 23:00:00,0.08738,374.27,0.0,3.4470537109375026
2025-02-11 00:00:00,0.07745,374.27,0.0,3.4326945800781274
2025-02-11 01:00:00,0.0711,372.3,0.0,3.478895751953128
2025-02-11 02:00:00,0.07162,372.3,0.0,3.5426347656250026
2025-02-11 03:00:00,0.07489,372.3,0.0,3.5750810546875025
2025-02-11 04:00:00,0.07745,384.05,0.0,3.538705322265628
2025-02-11 05:00:00,0.08744,384.05,0.0,3.468253662109378
2025-02-11 06:00:00,0.10046,384.05,0.0,3.441113769531246
2025-02-11 07:00:00,0.13493,482.15,0.0,3.445951416015628
2025-02-11 08:00:00,0.15553,482.15,0.0,3.5172709960937527
2025-02-11 09:00:00,0.14142,482.15,1.43,3.603700439453128
2025-02-11 10:00:00,0.09665,483.52,8.05,3.679751464843753
2025-02-11 11:00:00,0.09278,483.52,17.9,3.7519023437500025
2025-02-11 12:00:00,0.09768,483.52,29.0,3.804523193359378
2025-02-11 13:00:00,0.11111,470.38,25.3,3.826510498046878
2025-02-11 14:00:00,0.12346,470.38,26.8,3.789633056640628
2025-02-11 15:00:00,0.1436899999999999,470.38,14.4,3.684299804687503
2025-02-11 16:00:00,0.14447,392.26,6.68,3.561586181640628
2025-02-11 17:00:00,0.15997,392.26,4.72,3.5107634277343776
2025-02-11 18:00:00,0.16819,392.26,900.0,3.436254150390628
2025-02-11 19:00:00,0.16745,381.33,0.0,3.416603271484377
2025-02-11 20:00:00,0.16263,381.33,0.0,3.403972656250003
2025-02-11 21:00:00,0.14875,381.33,0.0,3.4119633789062527
2025-02-11 22:00:00,0.14295,392.28,0.0,3.4029802246093777
2025-02-11 23:00:00,0.12824,392.28,0.0,3.344595214843753
2025-02-12 00:00:00,0.12913,392.28,0.0,3.3151335449218777
2025-02-12 01:00:00,0.12777,398.29,0.0,3.292465087890628
2025-02-12 02:00:00,0.12682,398.29,0.0,3.2916960449218777
2025-02-12 03:00:00,0.12659,398.29,0.0,3.2785234375000027
2025-02-12 04:00:00,0.12874,437.28,0.0,3.262249023437503
2025-02-12 05:00:00,0.13124,437.28,0.0,3.2630253906250024
2025-02-12 06:00:00,0.15113,437.28,0.0,3.303612548828128
2025-02-12 07:00:00,0.1636399999999999,565.31,0.0,3.318539306640628
2025-02-12 08:00:00,0.18,565.31,0.0,3.3586064453125024
2025-02-12 09:00:00,0.17492,565.31,1.73,3.4066459960937525
2025-02-12 10:00:00,0.16205,505.09,21.9,3.455355712890628
2025-02-12 11:00:00,0.14401,505.09,70.4,3.5210283203125026
2025-02-12 12:00:00,0.13728,505.09,97.2,3.582676269531246
2025-02-12 13:00:00,0.14203,450.16,123.0,3.6144707031250025
2025-02-12 14:00:00,0.1494,450.16,48.1,3.576578857421877
2025-02-12 15:00:00,0.1596699999999999,450.16,28.7,3.5051054687500027
2025-02-12 16:00:00,0.17321,371.28,11.4,3.3808464355468777
2025-02-12 17:00:00,0.18459,371.28,4.3,3.249669677734378
2025-02-12 18:00:00,0.19713,371.28,450.0,3.236453125000003
2025-02-12 19:00:00,0.19257,372.29,0.0,3.1473649902343777
2025-02-12 20:00:00,0.1739,372.29,0.0,3.0702812500000025
2025-02-12 21:00:00,0.15578,372.29,0.0,3.014247314453128
2025-02-12 22:00:00,0.1503799999999999,369.35,0.0,2.955287353515628
2025-02-12 23:00:00,0.14181,369.35,0.0,2.9229985351562524
2025-02-13 00:00:00,0.14033,369.35,0.0,2.9140556640625026
2025-02-13 01:00:00,0.13775,387.26,0.0,2.9042302246093774
2025-02-13 02:00:00,0.14079,387.26,0.0,2.9055888671875025
2025-02-13 03:00:00,0.13659,387.26,0.0,2.8991032714843774
2025-02-13 04:00:00,0.14,431.3,0.0,2.885194580078128
2025-02-13 05:00:00,0.142,431.3,0.0,2.8602373046875025
2025-02-13 06:00:00,0.15999,431.3,0.0,2.8609916992187525
2025-02-13 07:00:00,0.19033,568.12,0.0,2.957279541015628
2025-02-13 08:00:00,0.22236,568.12,0.0,3.1020134277343776
2025-02-13 09:00:00,0.22005,568.12,100.0,3.2603959960937527
2025-02-13 10:00:00,0.20389,626.16,1.7,3.3750859375000024
2025-02-13 11:00:00,0.18468,626.16,4.33,3.4539787597656275
2025-02-13 12:00:00,0.17452,626.16,7.08,3.521288330078128
2025-02-13 13:00:00,0.1701,634.6,7.03,3.5577519531250026
2025-02-13 14:00:00,0.1667,634.6,6.23,3.5867851562500026
2025-02-13 15:00:00,0.1701,634.6,4.85,3.5503105468750027
2025-02-13 16:00:00,0.182,549.9,3.43,3.458834716796878
2025-02-13 17:00:00,0.21305,549.9,3.53,3.4009404296875028
2025-02-13 18:00:00,0.20717,549.9,1.17,3.402518798828128
2025-02-13 19:00:00,0.19652,504.27,0.0,3.371830322265628
2025-02-13 20:00:00,0.17703,504.27,0.0,3.363048583984378
2025-02-13 21:00:00,0.1629199999999999,504.27,0.0,3.381527587890628
2025-02-13 22:00:00,0.15312,505.24,0.0,3.426644775390628
2025-02-13 23:00:00,0.13897,505.24,0.0,3.5159782714843777
2025-02-14 00:00:00,0.13921,505.24,0.0,3.5521892089843776
2025-02-14 01:00:00,0.1328,511.96,0.0,3.5783476562500027
2025-02-14 02:00:00,0.1285,511.96,0.0,3.595892822265628
2025-02-14 03:00:00,0.12765,511.96,0.0,3.614569580078128
2025-02-14 04:00:00,0.12958,551.25,0.0,3.634421875000003
2025-02-14 05:00:00,0.13959,551.25,0.0,3.6376042480468778
2025-02-14 06:00:00,0.1628899999999999,551.25,0.0,3.618868896484378
2025-02-14 07:00:00,0.22708,673.93,0.0,3.6576762695312457
2025-02-14 08:00:00,0.26564,673.93,0.0,3.7182438964843776
2025-02-14 09:00:00,0.21511,673.93,700.0,3.809836914062503
2025-02-14 10:00:00,0.18103,653.77,3.33,3.852811767578128
2025-02-14 11:00:00,0.16301,653.77,10.8,3.897727539062503
2025-02-14 12:00:00,0.14986,653.77,14.8,3.943782226562503
2025-02-14 13:00:00,0.14861,625.37,14.6,3.946312744140628
2025-02-14 14:00:00,0.1558,625.37,8.73,3.9475798339843777
2025-02-14 15:00:00,0.17506,625.37,7.28,3.9114165039062527
2025-02-14 16:00:00,0.2,515.31,4.85,3.893333007812503
2025-02-14 17:00:00,0.29891,515.31,3.48,3.899144775390628
2025-02-14 18:00:00,0.29306,515.31,867.0,3.897621337890628
2025-02-14 19:00:00,0.2256999999999999,475.53,0.0,3.908040039062503
2025-02-14 20:00:00,0.18355,475.53,0.0,3.914298583984378
2025-02-14 21:00:00,0.16379,475.53,0.0,3.9226774902343777
2025-02-14 22:00:00,0.153,455.78,0.0,3.924984619140628
2025-02-14 23:00:00,0.14003,455.78,0.0,3.927423583984378
2025-02-15 00:00:00,0.13529,455.78,0.0,3.905930664062503
2025-02-15 01:00:00,0.13034,478.52,0.0,3.8612456054687527
2025-02-15 02:00:00,0.12,478.52,0.0,3.786849853515628
2025-02-15 03:00:00,0.11824,478.52,0.0,3.7633061523437528
2025-02-15 04:00:00,0.11845,481.1,0.0,3.7695134277343776
2025-02-15 05:00:00,0.12037,481.1,0.0,3.785769531250003
2025-02-15 06:00:00,0.13374,481.1,0.0,3.8716862792968776
2025-02-15 07:00:00,0.14858,492.73,0.0,3.880295898437503
2025-02-15 08:00:00,0.15067,492.73,0.0,3.919740478515628
2025-02-15 09:00:00,0.13701,492.73,1.2,4.0
2025-02-15 10:00:00,0.12459,472.26,8.48,4.0
2025-02-15 11:00:00,0.1183599999999999,472.26,24.5,4.0
2025-02-15 12:00:00,0.11239,472.26,44.2,4.0
2025-02-15 13:00:00,0.11001,468.31,49.6,4.0
2025-02-15 14:00:00,0.11615,468.31,45.5,4.0
2025-02-15 15:00:00,0.12883,468.31,35.3,4.0
2025-02-15 16:00:00,0.14589,499.27,26.1,4.0
2025-02-15 17:00:00,0.16454,499.27,10.5,4.0
2025-02-15 18:00:00,0.1747,499.27,2.45,3.994960205078128
2025-02-15 19:00:00,0.16476,495.58,0.0,3.962693359375003
2025-02-15 20:00:00,0.14965,495.58,0.0,3.956405517578128
2025-02-15 21:00:00,0.12831,495.58,0.0,3.943353759765628
2025-02-15 22:00:00,0.13237,502.2,0.0,3.919469482421878
2025-02-15 23:00:00,0.12454,502.2,0.0,3.895471679687503
2025-02-16 00:00:00,0.13411,502.2,0.0,3.903352539062503
2025-02-16 01:00:00,0.1289,494.24,0.0,3.9131853027343775
2025-02-16 02:00:00,0.12357,494.24,0.0,3.875831787109378
2025-02-16 03:00:00,0.1199,494.24,0.0,3.870364257812503
2025-02-16 04:00:00,0.11957,515.22,0.0,3.8708842773437526
2025-02-16 05:00:00,0.12018,515.22,0.0,3.868313476562503
2025-02-16 06:00:00,0.11992,515.22,0.0,3.992656738281246
2025-02-16 07:00:00,0.12751,515.24,0.0,4.0
2025-02-16 08:00:00,0.1296,515.24,0.0,4.0
2025-02-16 09:00:00,0.13049,515.24,967.0,4.0
2025-02-16 10:00:00,0.1277,458.4,19.5,4.0
2025-02-16 11:00:00,0.12403,458.4,40.0,4.0
2025-02-16 12:00:00,0.12467,458.4,89.0,4.0
2025-02-16 13:00:00,0.11877,421.31,128.0,4.0
2025-02-16 14:00:00,0.12102,421.31,127.0,4.0
2025-02-16 15:00:00,0.12955,421.31,112.0,4.0
2025-02-16 16:00:00,0.13768,430.33,103.0,3.9462504882812457
2025-02-16 17:00:00,0.1539799999999999,430.33,58.2,3.869426757812503
2025-02-16 18:00:00,0.16998,430.33,11.9,3.8292167968750026
2025-02-16 19:00:00,0.16029,504.27,200.0,3.757567626953128
2025-02-16 20:00:00,0.15372,504.27,0.0,3.707982666015628
2025-02-16 21:00:00,0.13934,504.27,0.0,3.644979736328128
2025-02-16 22:00:00,0.13762,512.32,0.0,3.593329345703128
2025-02-16 23:00:00,0.13151,512.32,0.0,3.542913085937503
2025-02-17 00:00:00,0.12805,512.32,0.0,3.537273437500003
2025-02-17 01:00:00,0.12106,537.08,0.0,3.505804931640628
2025-02-17 02:00:00,0.12034,537.08,0.0,3.482488281250003
2025-02-17 03:00:00,0.12552,537.08,0.0,3.4872124023437525
2025-02-17 04:00:00,0.12894,573.23,0.0,3.4686162109375025
2025-02-17 05:00:00,0.13154,573.23,0.0,3.465195800781246
2025-02-17 06:00:00,0.15316,573.23,0.0,3.475863525390628
2025-02-17 07:00:00,0.20474,713.1,0.0,3.561996337890628
2025-02-17 08:00:00,0.20979,713.1,100.0,3.629690429687503
2025-02-17 09:00:00,0.1713,713.1,8.4,3.711644775390628
2025-02-17 10:00:00,0.13967,660.12,43.5,3.7984624023437528
2025-02-17 11:00:00,0.11719,660.12,83.4,3.8618242187500025
2025-02-17 12:00:00,0.10947,660.12,115.0,3.924867431640628
2025-02-17 13:00:00,0.10678,613.02,133.0,3.947649414062503
2025-02-17 14:00:00,0.11189,613.02,138.0,3.9196562500000023
2025-02-17 15:00:00,0.13227,613.02,131.0,3.874568359375002
2025-02-17 16:00:00,0.15896,522.17,106.0,3.7453105468750025
2025-02-17 17:00:00,0.2229199999999999,522.17,63.2,3.6463933105468778
2025-02-17 18:00:00,0.271,522.17,12.3,3.5253972167968777
2025-02-17 19:00:00,0.21536,490.32,200.0,3.443248779296878
2025-02-17 20:00:00,0.17786,490.32,0.0,3.4259306640625025
2025-02-17 21:00:00,0.15519,490.32,0.0,3.395165283203128
2025-02-17 22:00:00,0.13939,513.3,0.0,3.407074462890628
2025-02-17 23:00:00,0.12957,513.3,0.0,3.4293400878906275
2025-02-18 00:00:00,0.1329499999999999,513.3,0.0,3.4820854492187525
2025-02-18 01:00:00,0.125,532.35,0.0,3.502245361328128
2025-02-18 02:00:00,0.12356,532.35,0.0,3.539957763671877
2025-02-18 03:00:00,0.11711,532.35,0.0,3.549541503906253
2025-02-18 04:00:00,0.11566,591.24,0.0,3.558638183593753
2025-02-18 05:00:00,0.12193,591.24,0.0,3.538152343750003
2025-02-18 06:00:00,0.14361,591.24,0.0,3.525682861328128
2025-02-18 07:00:00,0.19034,725.11,0.0,3.5027873535156275
2025-02-18 08:00:00,0.1938,725.11,100.0,3.539906494140628
2025-02-18 09:00:00,0.14353,725.11,8.75,3.591337158203128
2025-02-18 10:00:00,0.1242399999999999,663.24,43.5,3.652205078125003
2025-02-18 11:00:00,0.1097099999999999,663.24,74.6,3.7203056640625034
2025-02-18 12:00:00,0.09641,663.24,111.0,3.673295166015627
2025-02-18 13:00:00,0.08853,584.13,129.0,3.621945068359378
2025-02-18 14:00:00,0.0983499999999999,584.13,139.0,3.615734130859378
2025-02-18 15:00:00,0.11,584.13,132.0,3.6452214355468775
2025-02-18 16:00:00,0.12816,487.26,107.0,3.7087993164062527
2025-02-18 17:00:00,0.17761,487.26,50.7,3.761819335937503
2025-02-18 18:00:00,0.17432,487.26,16.7,3.7234038085937526
2025-02-18 19:00:00,0.15591,472.31,400.0,3.709011718750003
2025-02-18 20:00:00,0.14242,472.31,0.0,3.6544902343750025
2025-02-18 21:00:00,0.12941,472.31,0.0,3.5946586914062526
2025-02-18 22:00:00,0.1219,480.29,0.0,3.525232421875003
2025-02-18 23:00:00,0.11445,480.29,0.0,3.4854033203125026
2025-02-19 00:00:00,0.10454,480.29,0.0,3.4704143066406274
2025-02-19 01:00:00,0.09929,503.26,0.0,3.4461491699218776
2025-02-19 02:00:00,0.0996,503.26,0.0,3.3950737304687526
2025-02-19 03:00:00,0.09729,503.26,0.0,3.358708984375003
2025-02-19 04:00:00,0.0945,547.7,0.0,3.3377983398437525
2025-02-19 05:00:00,0.09748,547.7,0.0,3.3513334960937526
2025-02-19 06:00:00,0.115,547.7,0.0,3.460072509765628
2025-02-19 07:00:00,0.1495,679.09,0.0,3.529593994140628
2025-02-19 08:00:00,0.16637,679.09,500.0,3.6282438964843777
2025-02-19 09:00:00,0.1287599999999999,679.09,10.1,3.721777832031246
2025-02-19 10:00:00,0.1079099999999999,634.4,28.4,3.8330253906250022
2025-02-19 11:00:00,0.08928,634.4,38.7,3.8600444335937527
2025-02-19 12:00:00,0.08152,634.4,70.9,3.833904296875003
2025-02-19 13:00:00,0.08274,556.13,111.0,3.779086181640628
2025-02-19 14:00:00,0.0852,556.13,94.5,3.722806884765628
2025-02-19 15:00:00,0.09063,556.13,92.3,3.659188720703128
2025-02-19 16:00:00,0.11003,438.5,76.0,3.5591032714843776
2025-02-19 17:00:00,0.13128,438.5,56.6,3.492731201171878
2025-02-19 18:00:00,0.14298,438.5,8.58,3.489863769531246
2025-02-19 19:00:00,0.14442,431.28,300.0,3.4439482421875027
2025-02-19 20:00:00,0.1209,431.28,0.0,3.377147705078128
2025-02-19 21:00:00,0.11375,431.28,0.0,3.346195556640628
2025-02-19 22:00:00,0.1071299999999999,429.32,0.0,3.3089335937500026
2025-02-19 23:00:00,0.09981,429.32,0.0,3.2753154296875024
2025-02-20 00:00:00,0.08617,429.32,0.0,3.233036376953128
2025-02-20 01:00:00,0.0852,420.3,0.0,3.190676757812503
2025-02-20 02:00:00,0.08456,420.3,0.0,3.1490751953125025
2025-02-20 03:00:00,0.08364,420.3,0.0,3.138539306640628
2025-02-20 04:00:00,0.08218,427.18,0.0,3.135023681640628
2025-02-20 05:00:00,0.08384,427.18,0.0,3.1624492187500026
2025-02-20 06:00:00,0.08631,427.18,0.0,3.2134477539062525
2025-02-20 07:00:00,0.11041,472.16,0.0,3.2793547363281275
2025-02-20 08:00:00,0.12798,472.16,0.0,3.4290507812500026
2025-02-20 09:00:00,0.10587,472.16,1.08,3.553031494140628
2025-02-20 10:00:00,0.09372,372.14,19.8,3.6548564453125034
2025-02-20 11:00:00,0.08723,372.14,50.1,3.752708007812503
2025-02-20 12:00:00,0.08687,372.14,56.9,3.801044189453128
2025-02-20 13:00:00,0.08451,259.61,72.9,3.8419060058593777
2025-02-20 14:00:00,0.08478,259.61,88.3,3.838196289062503
2025-02-20 15:00:00,0.0900499999999999,259.61,16.7,3.7682792968750025
2025-02-20 16:00:00,0.09834,190.12,13.3,3.6623747558593776
2025-02-20 17:00:00,0.1101299999999999,190.12,6.6,3.5973942871093776
2025-02-20 18:00:00,0.11238,190.12,1.6,3.5221525878906275
2025-02-20 19:00:00,0.12245,216.39,0.0,3.4524772949218776
2025-02-20 20:00:00,0.1059099999999999,216.39,0.0,3.436517822265628
2025-02-20 21:00:00,0.0924099999999999,216.39,0.0,3.430087158203128
2025-02-20 22:00:00,0.09084,241.34,0.0,3.434734375000003
2025-02-20 23:00:00,0.083,241.34,0.0,3.440677978515628
2025-02-21 00:00:00,0.07551,241.34,0.0,3.439952880859378
2025-02-21 01:00:00,0.07499,201.85,0.0,3.4557841796875026
2025-02-21 02:00:00,0.0798,201.85,0.0,3.472769042968753
2025-02-21 03:00:00,0.0834,201.85,0.0,3.4740288085937525
2025-02-21 04:00:00,0.0824,221.53,0.0,3.4594462890625026
2025-02-21 05:00:00,0.08203,221.53,0.0,3.434906494140628
2025-02-21 06:00:00,0.10647,221.53,0.0,3.3771660156250025
2025-02-21 07:00:00,0.1525,276.11,0.0,3.4094804687500027
2025-02-21 08:00:00,0.14521,276.11,0.0,3.465258056640628
2025-02-21 09:00:00,0.12098,276.11,2.67,3.561978027343753
2025-02-21 10:00:00,0.09868,202.98,5.48,3.6457927246093775
2025-02-21 11:00:00,0.0834,202.98,25.9,3.719261962890628
2025-02-21 12:00:00,0.078,202.98,19.0,3.784008056640628
2025-02-21 13:00:00,0.0764099999999999,141.43,66.9,3.8209440917968776
2025-02-21 14:00:00,0.07952,141.43,42.5,3.828235351562503
2025-02-21 15:00:00,0.08294,141.43,39.4,3.7949174804687527
2025-02-21 16:00:00,0.1034699999999999,115.48,40.9,3.696436035156253
2025-02-21 17:00:00,0.10345,115.48,22.6,3.5737517089843776
2025-02-21 18:00:00,0.10198,115.48,9.07,3.555499755859377
2025-02-21 19:00:00,0.08195,150.71,700.0,3.5675224609375027
2025-02-21 20:00:00,0.08025,150.71,0.0,3.5859721679687526
2025-02-21 21:00:00,0.07085,150.71,0.0,3.606556884765628
2025-02-21 22:00:00,0.07064,189.8,0.0,3.618770019531246
2025-02-21 23:00:00,0.06433,189.8,0.0,3.6344987792968775
2025-02-22 00:00:00,0.05099,189.8,0.0,3.6505058593750026
2025-02-22 01:00:00,0.04862,205.17,0.0,3.662074462890628
2025-02-22 02:00:00,0.04796,205.17,0.0,3.670878173828128
2025-02-22 03:00:00,0.04262,205.17,0.0,3.678499023437503
2025-02-22 04:00:00,0.0412,205.09,0.0,3.688031494140628
2025-02-22 05:00:00,0.04915,205.09,0.0,3.696487304687503
2025-02-22 06:00:00,0.04911,205.09,0.0,3.647469970703128
2025-02-22 07:00:00,0.06122,214.61,0.0,3.670343505859378
2025-02-22 08:00:00,0.06825,214.61,0.0,3.730863525390628
2025-02-22 09:00:00,0.06774,214.61,3.1,3.8016813964843776
2025-02-22 10:00:00,0.05321,168.48,22.2,3.893878662109378
2025-02-22 11:00:00,0.04713,168.48,26.6,3.925303222656253
2025-02-22 12:00:00,0.0404,168.48,27.1,3.9328435058593776
2025-02-22 13:00:00,0.05269,141.11,34.0,3.929445068359378
2025-02-22 14:00:00,0.068,141.11,18.8,3.9312028808593777
2025-02-22 15:00:00,0.0856,141.11,21.8,3.940010253906253
2025-02-22 16:00:00,0.10095,154.74,8.93,3.922908203125002
2025-02-22 17:00:00,0.1083799999999999,154.74,5.07,3.918004638671878
2025-02-22 18:00:00,0.10698,154.74,3.7,3.775471679687503
2025-02-22 19:00:00,0.11518,212.34,100.0,3.5665080566406275
2025-02-22 20:00:00,0.103,212.34,0.0,3.422770263671877
2025-02-22 21:00:00,0.10158,212.34,0.0,3.3311040039062525
2025-02-22 22:00:00,0.0942699999999999,235.3,0.0,3.273381835937503
2025-02-22 23:00:00,0.08351,235.3,0.0,3.196016113281246
2025-02-23 00:00:00,0.0911,235.3,0.0,3.1379423828125024
2025-02-23 01:00:00,0.08499,247.32,0.0,3.0860466308593777
2025-02-23 02:00:00,0.08621,247.32,0.0,3.0676921386718776
2025-02-23 03:00:00,0.08363,247.32,0.0,3.0825566406250027
2025-02-23 04:00:00,0.08577,270.31,0.0,3.0995488281250028
2025-02-23 05:00:00,0.08733,270.31,0.0,3.118452636718753
2025-02-23 06:00:00,0.0877,270.31,0.0,3.1799174804687524
2025-02-23 07:00:00,0.108,289.31,0.0,3.187509033203128
2025-02-23 08:00:00,0.1122399999999999,289.31,300.0,3.278644287109377
2025-02-23 09:00:00,0.09935,289.31,8.55,3.4276774902343776
2025-02-23 10:00:00,0.083,187.01,43.6,3.528868896484377
2025-02-23 11:00:00,0.0815,187.01,83.2,3.5505888671875026
2025-02-23 12:00:00,0.07112,187.01,112.0,3.559883300781246
2025-02-23 13:00:00,0.0692,137.04,127.0,3.595980712890628
2025-02-23 14:00:00,0.06475,137.04,133.0,3.598708984375002
2025-02-23 15:00:00,0.06911,137.04,126.0,3.5433598632812457
2025-02-23 16:00:00,0.0847,147.72,103.0,3.4046501464843777
2025-02-23 17:00:00,0.15045,147.72,68.7,3.268148681640628
2025-02-23 18:00:00,0.15469,147.72,19.0,3.2261955566406275
2025-02-23 19:00:00,0.11702,226.3,900.0,3.189347412109377
2025-02-23 20:00:00,0.09603,226.3,0.0,3.1518034667968777
2025-02-23 21:00:00,0.07732,226.3,0.0,3.110150634765628
2025-02-23 22:00:00,0.07381,231.3,0.0,3.0695085449218777
2025-02-23 23:00:00,0.06599,231.3,0.0,3.029349853515628
2025-02-24 00:00:00,0.07083,231.3,0.0,3.0109038085937527
2025-02-24 01:00:00,0.06799,192.92,0.0,3.0055314941406275
2025-02-24 02:00:00,0.0409799999999999,192.92,0.0,2.9921354980468777
2025-02-24 03:00:00,0.0371,192.92,0.0,3.011863281250003
2025-02-24 04:00:00,0.06534,199.44,0.0,2.987905761718753
2025-02-24 05:00:00,0.07003,199.44,0.0,2.980394775390628
2025-02-24 06:00:00,0.081,199.44,0.0,3.0090544433593776
2025-02-24 07:00:00,0.0848,230.73,0.0,3.0315397949218776
2025-02-24 08:00:00,0.10668,230.73,0.0,3.059027587890628
2025-02-24 09:00:00,0.09326,230.73,1.88,3.1313359375000025
2025-02-24 10:00:00,0.07904,217.45,7.58,3.252701904296877
2025-02-24 11:00:00,0.08344,217.45,10.0,3.3485795898437525
2025-02-24 12:00:00,0.08163,217.45,11.6,3.427787353515628
2025-02-24 13:00:00,0.083,196.77,14.9,3.4558098144531275
2025-02-24 14:00:00,0.0864,196.77,20.6,3.444299804687503
2025-02-24 15:00:00,0.09255,196.77,17.9,3.384010498046877
2025-02-24 16:00:00,0.1007,186.01,12.8,3.2372478027343776
2025-02-24 17:00:00,0.11294,186.01,11.2,3.1652250976562524
2025-02-24 18:00:00,0.13781,186.01,1.98,3.0753056640625025
2025-02-24 19:00:00,0.14871,202.34,200.0,3.060331298828128
2025-02-24 20:00:00,0.12927,202.34,0.0,3.0761149902343776
2025-02-24 21:00:00,0.11229,202.34,0.0,3.0749833984375026
2025-02-24 22:00:00,0.1129,239.35,0.0,3.073046142578128
2025-02-24 23:00:00,0.10648,239.35,0.0,3.0808171386718777
2025-02-25 00:00:00,0.0906,239.35,0.0,3.072859375000003
2025-02-25 01:00:00,0.0899099999999999,259.3,0.0,3.0640190429687526
2025-02-25 02:00:00,0.09339,259.3,0.0,3.0436760253906274
2025-02-25 03:00:00,0.09386,259.3,0.0,3.0274675292968776
2025-02-25 04:00:00,0.09743,306.27,0.0,3.0136796875000025
2025-02-25 05:00:00,0.10578,306.27,0.0,3.0193120117187524
2025-02-25 06:00:00,0.14487,306.27,0.0,3.1211955566406275
2025-02-25 07:00:00,0.16716,396.16,0.0,3.198594238281246
2025-02-25 08:00:00,0.17334,396.16,1.1,3.289388916015628
2025-02-25 09:00:00,0.1537299999999999,396.16,13.6,3.3806962890625027
2025-02-25 10:00:00,0.14036,299.28,47.7,3.4946611328125026
2025-02-25 11:00:00,0.12675,299.28,78.6,3.584327880859377
2025-02-25 12:00:00,0.1246299999999999,299.28,72.7,3.621238281250003
2025-02-25 13:00:00,0.12581,247.82,72.5,3.656387207031246
2025-02-25 14:00:00,0.13438,247.82,83.0,3.6766569824218776
2025-02-25 15:00:00,0.14834,247.82,36.8,3.628203613281246
2025-02-25 16:00:00,0.17068,211.06,20.3,3.490167724609378
2025-02-25 17:00:00,0.20797,211.06,11.6,3.358734619140628
2025-02-25 18:00:00,0.23305,211.06,4.25,3.3231206054687528
2025-02-25 19:00:00,0.18809,244.28,400.0,3.3116435546875027
2025-02-25 20:00:00,0.15696,244.28,0.0,3.3010270996093776
2025-02-25 21:00:00,0.1424699999999999,244.28,0.0,3.2836577148437525
2025-02-25 22:00:00,0.12946,248.36,0.0,3.2577922363281275
2025-02-25 23:00:00,0.11513,248.36,0.0,3.2458427734375026
2025-02-26 00:00:00,0.1229899999999999,248.36,0.0,3.2226909179687526
2025-02-26 01:00:00,0.11982,272.31,0.0,3.216344482421878
2025-02-26 02:00:00,0.11694,272.31,0.0,3.196089355468753
2025-02-26 03:00:00,0.11598,272.31,0.0,3.179038574218753
2025-02-26 04:00:00,0.11656,346.5,0.0,3.167052490234377
2025-02-26 05:00:00,0.11727,346.5,0.0,3.1589042968750025
2025-02-26 06:00:00,0.13265,346.5,0.0,3.1828874511718777
2025-02-26 07:00:00,0.15993,451.17,0.0,3.2084196777343776
2025-02-26 08:00:00,0.1751899999999999,451.17,0.0,3.2359184570312456
2025-02-26 09:00:00,0.16022,451.17,8.07,3.248845703125003
2025-02-26 10:00:00,0.14137,375.17,15.9,3.262736083984377
2025-02-26 11:00:00,0.1299499999999999,375.17,46.4,3.254214355468753
2025-02-26 12:00:00,0.12053,375.17,108.0,3.2828923339843774
2025-02-26 13:00:00,0.11989,293.14,129.0,3.288488037109378
2025-02-26 14:00:00,0.12512,293.14,121.0,3.2741069335937527
2025-02-26 15:00:00,0.1329,293.14,116.0,3.245820800781246
2025-02-26 16:00:00,0.14975,233.51,111.0,3.234120361328128
2025-02-26 17:00:00,0.16501,233.51,44.2,3.232270996093753
2025-02-26 18:00:00,0.17257,233.51,8.4,3.2363286132812457
2025-02-26 19:00:00,0.16282,262.3,1.2,3.2227458496093777
2025-02-26 20:00:00,0.1473799999999999,262.3,0.0,3.221200439453128
2025-02-26 21:00:00,0.11844,262.3,0.0,3.214194824218753
2025-02-26 22:00:00,0.1209399999999999,281.27,0.0,3.200084716796878
2025-02-26 23:00:00,0.1124599999999999,281.27,0.0,3.1858427734375026
2025-02-27 00:00:00,0.10148,281.27,0.0,3.1553776855468776
2025-02-27 01:00:00,0.10381,311.29,0.0,3.1310832519531275
2025-02-27 02:00:00,0.10124,311.29,0.0,3.095663330078128
2025-02-27 03:00:00,0.0996,311.29,0.0,3.006820556640628
2025-02-27 04:00:00,0.10043,341.4,0.0,2.9334721679687528
2025-02-27 05:00:00,0.10587,341.4,0.0,2.8807011718750024
2025-02-27 06:00:00,0.11518,341.4,0.0,2.8696086425781275
2025-02-27 07:00:00,0.1523199999999999,431.14,0.0,2.9281657714843776
2025-02-27 08:00:00,0.15905,431.14,200.0,3.0361833496093777
2025-02-27 09:00:00,0.14258,431.14,7.78,3.1511113281250025
2025-02-27 10:00:00,0.12994,399.14,32.4,3.268763916015628
2025-02-27 11:00:00,0.11,399.14,58.7,3.3976042480468776
2025-02-27 12:00:00,0.1011,399.14,62.6,3.447050048828128
2025-02-27 13:00:00,0.10925,439.15,82.5,3.513920166015628
2025-02-27 14:00:00,0.11,439.15,24.9,3.520706054687502
2025-02-27 15:00:00,0.123,439.15,2.9,3.464679443359377
2025-02-27 16:00:00,0.14262,347.23,34.5,3.3630449218750025
2025-02-27 17:00:00,0.15869,347.23,36.4,3.2429130859375026
2025-02-27 18:00:00,0.17471,347.23,18.1,3.088240234375003
2025-02-27 19:00:00,0.1631699999999999,356.31,200.0,3.012039062500002
2025-02-27 20:00:00,0.14461,356.31,0.0,2.946849853515628
2025-02-27 21:00:00,0.13654,356.31,0.0,2.8946721191406275
2025-02-27 22:00:00,0.12469,335.27,0.0,2.8350895996093777
2025-02-27 23:00:00,0.11489,335.27,0.0,2.7860876464843765
2025-02-28 00:00:00,0.11547,335.27,0.0,2.755421549479168
2025-02-28 01:00:00,0.11054,368.31,0.0,2.7541377766927098
2025-02-28 02:00:00,0.1093799999999999,368.31,0.0,2.71877400716146
2025-02-28 03:00:00,0.10693,368.31,0.0,2.724659830729168
2025-02-28 04:00:00,0.11203,380.84,0.0,2.7162471516927096
2025-02-28 05:00:00,0.11263,380.84,0.0,2.6980159505208348
2025-02-28 06:00:00,0.13599,380.84,0.0,2.6788875325520847
2025-02-28 07:00:00,0.15,480.14,0.0,2.8237297363281275
2025-02-28 08:00:00,0.16182,480.14,0.0,3.006146728515628
2025-02-28 09:00:00,0.1455,480.14,1.92,3.183568603515628
2025-02-28 10:00:00,0.1277,474.12,8.8,3.3392119140625027
2025-02-28 11:00:00,0.11597,474.12,16.4,3.4486577148437525
2025-02-28 12:00:00,0.10951,474.12,24.8,3.553031494140628
2025-02-28 13:00:00,0.10857,430.15,30.0,3.621670410156253
2025-02-28 14:00:00,0.11158,430.15,34.2,3.646309082031246
2025-02-28 15:00:00,0.12557,430.15,32.4,3.610424072265628
2025-02-28 16:00:00,0.13505,355.23,45.1,3.4992351074218777
2025-02-28 17:00:00,0.1528499999999999,355.23,17.6,3.3480485839843777
2025-02-28 18:00:00,0.16124,355.23,16.5,3.2828923339843774
2025-02-28 19:00:00,0.15886,366.34,600.0,3.2154216308593777
2025-02-28 20:00:00,0.14396,366.34,0.0,3.1651079101562525
2025-02-28 21:00:00,0.13294,366.34,0.0,3.108099853515628
2025-02-28 22:00:00,0.12743,389.26,0.0,3.0599687500000026
2025-02-28 23:00:00,0.11903,389.26,0.0,3.032737304687503
2025-03-01 00:00:00,0.12819,389.26,0.0,3.012606689453128
2025-03-01 01:00:00,0.12038,453.29,0.0,3.006582519531246
2025-03-01 02:00:00,0.11709,453.29,0.0,3.0081022949218776
2025-03-01 03:00:00,0.11215,453.29,0.0,3.005656005859377
2025-03-01 04:00:00,0.10975,462.31,0.0,3.0138957519531275
2025-03-01 05:00:00,0.11438,462.31,0.0,3.049879638671878
2025-03-01 06:00:00,0.11886,462.31,0.0,3.1263444824218776
2025-03-01 07:00:00,0.13579,477.3,0.0,3.2429973144531274
2025-03-01 08:00:00,0.13879,477.3,300.0,3.372196533203128
2025-03-01 09:00:00,0.13774,477.3,2.9,3.5427629394531275
2025-03-01 10:00:00,0.12508,416.23,10.6,3.662814208984378
2025-03-01 11:00:00,0.11211,416.23,24.7,3.731321289062503
2025-03-01 12:00:00,0.10221,416.23,33.1,3.763474609375003
2025-03-01 13:00:00,0.09727,392.22,17.2,3.806515380859378
2025-03-01 14:00:00,0.09939,392.22,13.7,3.8166960449218776
2025-03-01 15:00:00,0.10923,392.22,14.9,3.778020507812503
2025-03-01 16:00:00,0.12541,390.23,22.0,3.706667968750003
2025-03-01 17:00:00,0.145,390.23,13.9,3.6661577148437527
2025-03-01 18:00:00,0.15855,390.23,4.75,3.5709208984375027
2025-03-01 19:00:00,0.15078,402.31,950.0,3.5492009277343777
2025-03-01 20:00:00,0.13729,402.31,0.0,3.559890625000002
2025-03-01 21:00:00,0.1286,402.31,0.0,3.579351074218753
2025-03-01 22:00:00,0.12357,442.32,0.0,3.6010307617187527
2025-03-01 23:00:00,0.11992,442.32,0.0,3.550336181640628
2025-03-02 00:00:00,0.12394,442.32,0.0,3.5195854492187526
2025-03-02 01:00:00,0.10754,450.3,0.0,3.470487548828128
2025-03-02 02:00:00,0.0993199999999999,450.3,0.0,3.451854736328128
2025-03-02 03:00:00,0.09301,450.3,0.0,3.4983928222656275
2025-03-02 04:00:00,0.09423,472.34,0.0,3.5355302734375025
2025-03-02 05:00:00,0.09398,472.34,0.0,3.520306884765628
2025-03-02 06:00:00,0.09589,472.34,0.0,3.433822509765628
2025-03-02 07:00:00,0.1026,483.3,0.0,3.3735148925781275
2025-03-02 08:00:00,0.10311,483.3,1.65,3.3733720703125027
2025-03-02 09:00:00,0.089,483.3,13.1,3.485084716796877
2025-03-02 10:00:00,0.0683,356.34,51.4,3.6313786621093778
2025-03-02 11:00:00,0.049,356.34,92.6,3.726454345703128
2025-03-02 12:00:00,0.0275,356.34,122.0,3.795001708984378
2025-03-02 13:00:00,0.00313,275.31,140.0,3.839829589843753
2025-03-02 14:00:00,0.0028399999999999,275.31,142.0,3.821083251953128
2025-03-02 15:00:00,0.05073,275.31,135.0,3.7736113281250026
2025-03-02 16:00:00,0.08043,284.29,115.0,3.703405029296878
2025-03-02 17:00:00,0.12655,284.29,80.3,3.634008056640628
2025-03-02 18:00:00,0.14309,284.29,28.8,3.5780290527343777
2025-03-02 19:00:00,0.1461,352.32,1.73,3.5160295410156275
2025-03-02 20:00:00,0.13298,352.32,0.0,3.486791259765628
2025-03-02 21:00:00,0.12,352.32,0.0,3.469213134765628
2025-03-02 22:00:00,0.12079,427.29,0.0,3.4558647460937526
2025-03-02 23:00:00,0.11278,427.29,0.0,3.482052490234377
2025-03-03 00:00:00,0.10801,427.29,0.0,3.504746582031246
2025-03-03 01:00:00,0.10369,470.35,0.0,3.5079472656250026
2025-03-03 02:00:00,0.10279,470.35,0.0,3.4982207031250026
2025-03-03 03:00:00,0.0997,470.35,0.0,3.4822282714843777
2025-03-03 04:00:00,0.10337,524.32,0.0,3.5000187988281275
2025-03-03 05:00:00,0.1167,524.32,0.0,3.482708007812503
2025-03-03 06:00:00,0.13751,524.32,0.0,3.370402099609377
2025-03-03 07:00:00,0.163,563.33,0.0,3.495184814453128
2025-03-03 08:00:00,0.14752,563.33,1.7,3.642441894531246
2025-03-03 09:00:00,0.10674,563.33,15.8,3.782583496093753
2025-03-03 10:00:00,0.07239,411.5,56.9,3.9308769531250025
2025-03-03 11:00:00,0.0064,411.5,96.4,4.0
2025-03-03 12:00:00,0.00033,411.5,124.0,4.0
2025-03-03 13:00:00,1e-05,287.33,140.0,4.0
2025-03-03 14:00:00,0.0613999999999999,287.33,143.0,4.0
2025-03-03 15:00:00,0.0841,287.33,137.0,3.9589909667968777
2025-03-03 16:00:00,0.10636,254.33,119.0,3.867266113281246
2025-03-03 17:00:00,0.14879,254.33,85.5,3.766722900390628
2025-03-03 18:00:00,0.18395,254.33,33.4,3.7479326171875034
2025-03-03 19:00:00,0.17593,338.31,1.93,3.730676757812503
2025-03-03 20:00:00,0.15049,338.31,0.0,3.6889030761718775
2025-03-03 21:00:00,0.12821,338.31,0.0,3.641420166015628
2025-03-03 22:00:00,0.12493,423.32,0.0,3.624047119140628
2025-03-03 23:00:00,0.12246,423.32,0.0,3.647147705078128
2025-03-04 00:00:00,0.121,423.32,0.0,3.642474853515628
2025-03-04 01:00:00,0.10944,455.25,0.0,3.5462639160156275
2025-03-04 02:00:00,0.10379,455.25,0.0,3.4974040527343777
2025-03-04 03:00:00,0.10482,455.25,0.0,3.4691948242187527
2025-03-04 04:00:00,0.10028,503.29,0.0,3.435854980468753
2025-03-04 05:00:00,0.11151,503.29,0.0,3.3819597167968776
2025-03-04 06:00:00,0.14186,503.29,0.0,3.3771916503906274
2025-03-04 07:00:00,0.16961,615.15,0.0,3.503614990234378
2025-03-04 08:00:00,0.14195,615.15,1.75,3.696157714843753
2025-03-04 09:00:00,0.11098,615.15,16.9,3.881537353515628
2025-03-04 10:00:00,0.08002,439.48,48.6,4.0
2025-03-04 11:00:00,0.04858,439.48,85.9,4.0
2025-03-04 12:00:00,0.02053,439.48,117.0,4.0
2025-03-04 13:00:00,0.01434,270.11,135.0,4.0
2025-03-04 14:00:00,0.05231,270.11,140.0,4.0
2025-03-04 15:00:00,0.08129,270.11,137.0,4.0
2025-03-04 16:00:00,0.11115,208.25,118.0,4.0
2025-03-04 17:00:00,0.14861,208.25,83.8,3.921381103515628
2025-03-04 18:00:00,0.18092,208.25,33.3,3.795950195312503
2025-03-04 19:00:00,0.1636699999999999,272.27,2.17,3.675983154296878
2025-03-04 20:00:00,0.13413,272.27,0.0,3.5710270996093776
2025-03-04 21:00:00,0.11438,272.27,0.0,3.462954589843753
2025-03-04 22:00:00,0.11441,326.27,0.0,3.4002885742187527
2025-03-04 23:00:00,0.10681,326.27,0.0,3.364271728515628
2025-03-05 00:00:00,0.0900499999999999,326.27,0.0,3.3422954101562525
2025-03-05 01:00:00,0.0830699999999999,404.29,0.0,3.320967285156253
2025-03-05 02:00:00,0.08301,404.29,0.0,3.311057617187503
2025-03-05 03:00:00,0.0797099999999999,404.29,0.0,3.302268554687503
2025-03-05 04:00:00,0.08163,437.19,0.0,3.292593261718753
2025-03-05 05:00:00,0.09194,437.19,0.0,3.2828154296875027
2025-03-05 06:00:00,0.1155699999999999,437.19,0.0,3.2508818359375025
2025-03-05 07:00:00,0.14016,528.12,0.0,3.2768937988281275
2025-03-05 08:00:00,0.08564,528.12,1.63,3.3552446289062527
2025-03-05 09:00:00,0.04163,528.12,18.5,3.424949218750003
2025-03-05 10:00:00,2e-05,266.35,56.2,3.504680664062503
2025-03-05 11:00:00,-7.000000000000001e-05,266.35,96.4,3.5733635253906275
2025-03-05 12:00:00,-0.00428,266.35,115.0,3.639237548828128
2025-03-05 13:00:00,-0.0037,170.18,127.0,3.7010576171875034
2025-03-05 14:00:00,5e-05,170.18,131.0,3.7185368652343778
2025-03-05 15:00:00,0.0485,170.18,123.0,3.703232910156253
2025-03-05 16:00:00,0.08989,135.49,105.0,3.650579101562503
2025-03-05 17:00:00,0.13313,135.49,74.1,3.558685791015628
2025-03-05 18:00:00,0.14623,135.49,28.7,3.475717041015628
2025-03-05 19:00:00,0.14589,214.17,2.3,3.4485075683593776
2025-03-05 20:00:00,0.123,214.17,0.0,3.4300798339843777
2025-03-05 21:00:00,0.10812,214.17,0.0,3.4026689453125027
2025-03-05 22:00:00,0.10912,266.33,0.0,3.4278422851562524
2025-03-05 23:00:00,0.09698,266.33,0.0,3.427172119140628
2025-03-06 00:00:00,0.0839,266.33,0.0,3.4430107421875027
2025-03-06 01:00:00,0.08484,272.31,0.0,3.438308593750002
2025-03-06 02:00:00,0.087,272.31,0.0,3.402577392578128
2025-03-06 03:00:00,0.08812,272.31,0.0,3.379583007812503
2025-03-06 04:00:00,0.09456,319.9,0.0,3.3001079101562527
2025-03-06 05:00:00,0.09591,319.9,0.0,3.229139892578128
2025-03-06 06:00:00,0.13928,319.9,0.0,3.331583740234377
2025-03-06 07:00:00,0.1513199999999999,365.59,0.0,3.4141716308593777
2025-03-06 08:00:00,0.1085,365.59,1.47,3.507522460937502
2025-03-06 09:00:00,0.0787,365.59,16.2,3.5646953125000027
2025-03-06 10:00:00,0.05047,154.32,50.1,3.621985351562503
2025-03-06 11:00:00,0.0040199999999999,154.32,87.8,3.630331298828128
2025-03-06 12:00:00,8e-05,154.32,75.2,3.6359746093750025
2025-03-06 13:00:00,2e-05,79.47,117.0,3.6351250000000026
2025-03-06 14:00:00,0.01316,79.47,127.0,3.6487517089843777
2025-03-06 15:00:00,0.071,79.47,124.0,3.6354069824218778
2025-03-06 16:00:00,0.11652,64.81,105.0,3.5851298828125024
2025-03-06 17:00:00,0.14895,64.81,75.6,3.499930908203128
2025-03-06 18:00:00,0.16536,64.81,31.2,3.289388916015628
2025-03-06 19:00:00,0.1490999999999999,136.53,2.67,3.167836181640628
2025-03-06 20:00:00,0.12564,136.53,0.0,3.0925798339843777
2025-03-06 21:00:00,0.1066299999999999,136.53,0.0,3.0075676269531275
2025-03-06 22:00:00,0.10147,181.03,0.0,2.971019775390628
2025-03-06 23:00:00,0.09111,181.03,0.0,2.9658708496093777
2025-03-07 00:00:00,0.0902699999999999,181.03,0.0,2.953910400390628
2025-03-07 01:00:00,0.0902699999999999,220.31,0.0,2.874706298828128
2025-03-07 02:00:00,0.0913799999999999,220.31,0.0,2.840322753906253
2025-03-07 03:00:00,0.09169,220.31,0.0,2.838088867187502
2025-03-07 04:00:00,0.099,267.3,0.0,2.866605712890628
2025-03-07 05:00:00,0.11517,267.3,0.0,2.827003662109377
2025-03-07 06:00:00,0.1356699999999999,267.3,0.0,2.808422119140628
2025-03-07 07:00:00,0.1477,341.43,0.0,3.152418701171878
2025-03-07 08:00:00,0.12223,341.43,1.57,3.368223144531246
2025-03-07 09:00:00,0.083,341.43,13.1,3.541191894531246
2025-03-07 10:00:00,0.0653,171.88,43.4,3.619854003906253
2025-03-07 11:00:00,0.03181,171.88,79.5,3.726223632812503
2025-03-07 12:00:00,0.01279,171.88,95.7,3.767532226562503
2025-03-07 13:00:00,0.00808,73.96,123.0,3.808588134765628
2025-03-07 14:00:00,0.03706,73.96,124.0,3.8027800292968776
2025-03-07 15:00:00,0.09015,73.96,110.0,3.757014648437503
2025-03-07 16:00:00,0.12699,67.64,86.7,3.668274414062503
2025-03-07 17:00:00,0.14991,67.64,36.2,3.546428710937503
2025-03-07 18:00:00,0.21664,67.64,23.7,3.4610466308593777
2025-03-07 19:00:00,0.17868,140.82,2.13,3.367285644531246
2025-03-07 20:00:00,0.1487,140.82,0.0,3.269701416015628
2025-03-07 21:00:00,0.1324,140.82,0.0,3.1690739746093777
2025-03-07 22:00:00,0.11911,219.16,0.0,3.059774658203128
2025-03-07 23:00:00,0.11183,219.16,0.0,2.991029541015628
2025-03-08 00:00:00,0.12497,219.16,0.0,2.905951416015628
2025-03-08 01:00:00,0.11394,275.26,0.0,2.8617534179687527
2025-03-08 02:00:00,0.11722,275.26,0.0,2.860380126953128
2025-03-08 03:00:00,0.11676,275.26,0.0,2.854330322265628
2025-03-08 04:00:00,0.11842,333.34,0.0,2.8729008789062527
2025-03-08 05:00:00,0.1212999999999999,333.34,0.0,2.8794121093750027
2025-03-08 06:00:00,0.12782,333.34,0.0,2.8814921875000024
2025-03-08 07:00:00,0.12059,277.18,0.0,3.098127929687503
2025-03-08 08:00:00,0.09804,277.18,2.4,3.1967595214843776
2025-03-08 09:00:00,0.07254,277.18,18.1,3.3270646972656275
2025-03-08 10:00:00,0.01805,145.08,53.0,3.4343388671875026
2025-03-08 11:00:00,0.00207,145.08,89.0,3.5062443847656275
2025-03-08 12:00:00,-0.00034,145.08,112.0,3.535588867187503
2025-03-08 13:00:00,-0.0001,73.71,119.0,3.5552983398437528
2025-03-08 14:00:00,7.000000000000001e-05,73.71,131.0,3.5519365234375027
2025-03-08 15:00:00,0.0562,73.71,124.0,3.502992431640628
2025-03-08 16:00:00,0.10086,75.41,105.0,3.422671386718753
2025-03-08 17:00:00,0.14558,75.41,74.2,3.369457275390628
2025-03-08 18:00:00,0.17405,75.41,29.1,3.3729436035156275
2025-03-08 19:00:00,0.14003,135.94,2.3,3.322179443359378
2025-03-08 20:00:00,0.1112099999999999,135.94,0.0,3.2704558105468777
2025-03-08 21:00:00,0.1,135.94,0.0,3.182814208984378
2025-03-08 22:00:00,0.09924,198.83,0.0,3.1154020996093776
2025-03-08 23:00:00,0.09794,198.83,0.0,3.0568486328125024
2025-03-09 00:00:00,0.09519,198.83,0.0,2.9980644531250027
2025-03-09 01:00:00,0.09481,236.23,0.0,2.960037109375002
2025-03-09 02:00:00,0.09444,236.23,0.0,2.9426933593750024
2025-03-09 03:00:00,0.09651,236.23,0.0,2.8998942871093774
2025-03-09 04:00:00,0.09867,255.36,0.0,2.8485661621093774
2025-03-09 05:00:00,0.10151,255.36,0.0,2.8145085449218774
2025-03-09 06:00:00,0.1,255.36,0.0,2.787241210937501
2025-03-09 07:00:00,0.09301,235.13,0.0,2.9328862304687524
2025-03-09 08:00:00,0.0654,235.13,2.5,3.1262089843750025
2025-03-09 09:00:00,0.02927,235.13,17.9,3.3162797851562527
2025-03-09 10:00:00,0.0101,131.66,50.7,3.4794194335937525
2025-03-09 11:00:00,3e-05,131.66,86.0,3.615551025390628
2025-03-09 12:00:00,-0.00226,131.66,113.0,3.703529541015628
2025-03-09 13:00:00,-0.00204,75.88,126.0,3.742424804687503
2025-03-09 14:00:00,8.999999999999999e-05,75.88,127.0,3.7309440917968777
2025-03-09 15:00:00,0.01739,75.88,117.0,3.662631103515628
2025-03-09 16:00:00,0.09056,83.71,95.8,3.523060791015628
2025-03-09 17:00:00,0.12574,83.71,61.4,3.3842595214843776
2025-03-09 18:00:00,0.13537,83.71,30.7,3.363605224609377
2025-03-09 19:00:00,0.1367,151.06,2.73,3.318700439453128
2025-03-09 20:00:00,0.1301999999999999,151.06,0.0,3.279742919921877
2025-03-09 21:00:00,0.1227,151.06,0.0,3.243400146484378
2025-03-09 22:00:00,0.1128,196.62,0.0,3.234629394531246
2025-03-09 23:00:00,0.10683,196.62,0.0,3.2351274414062527
2025-03-10 00:00:00,0.09683,196.62,0.0,3.198491699218753
2025-03-10 01:00:00,0.09492,280.84,0.0,3.1821989746093777
2025-03-10 02:00:00,0.0967,280.84,0.0,3.1507048339843777
2025-03-10 03:00:00,0.09687,280.84,0.0,3.1250517578125026
2025-03-10 04:00:00,0.09465,371.81,0.0,3.1058732910156275
2025-03-10 05:00:00,0.10637,371.81,0.0,3.076887695312503
2025-03-10 06:00:00,0.14849,371.81,0.0,3.109242431640628
2025-03-10 07:00:00,0.15975,427.15,0.0,3.3033818359375027
2025-03-10 08:00:00,0.13396,427.15,2.47,3.549768554687503
2025-03-10 09:00:00,0.09888,427.15,19.0,3.760845214843753
2025-03-10 10:00:00,0.08438,219.08,52.7,3.932220947265628
2025-03-10 11:00:00,0.0778799999999999,219.08,89.6,4.0
2025-03-10 12:00:00,0.0760199999999999,219.08,113.0,4.0
2025-03-10 13:00:00,0.07732,101.56,131.0,4.0
2025-03-10 14:00:00,0.08391,101.56,135.0,4.0
2025-03-10 15:00:00,0.09747,101.56,127.0,4.0
2025-03-10 16:00:00,0.12747,82.78,110.0,3.9355644531250022
2025-03-10 17:00:00,0.14797,82.78,75.3,3.831816894531246
2025-03-10 18:00:00,0.17492,82.78,28.2,3.7767094726562527
2025-03-10 19:00:00,0.16024,151.47,4.5,3.707202636718753
2025-03-10 20:00:00,0.14214,151.47,0.0,3.673676025390628
2025-03-10 21:00:00,0.12659,151.47,0.0,3.6418669433593776
2025-03-10 22:00:00,0.1068799999999999,221.17,0.0,3.604037353515628
2025-03-10 23:00:00,0.09797,221.17,0.0,3.5735319824218776
2025-03-11 00:00:00,0.10439,221.17,0.0,3.5735759277343777
2025-03-11 01:00:00,0.1018,271.38,0.0,3.546146728515628
2025-03-11 02:00:00,0.09973,271.38,0.0,3.500560791015628
2025-03-11 03:00:00,0.1005,271.38,0.0,3.466356689453128
2025-03-11 04:00:00,0.10253,326.93,0.0,3.4357341308593776
2025-03-11 05:00:00,0.11086,326.93,0.0,3.388566162109377
2025-03-11 06:00:00,0.14804,326.93,0.0,3.499769775390628
2025-03-11 07:00:00,0.1529799999999999,458.13,0.0,3.5605424804687527
2025-03-11 08:00:00,0.14649,458.13,2.23,3.6715556640625024
2025-03-11 09:00:00,0.12853,458.13,10.1,3.856071044921878
2025-03-11 10:00:00,0.102,479.14,36.8,4.0
2025-03-11 11:00:00,0.09748,479.14,10.8,4.0
2025-03-11 12:00:00,0.09644,479.14,14.1,4.0
2025-03-11 13:00:00,0.09838,410.16,15.6,4.0
2025-03-11 14:00:00,0.10235,410.16,21.8,4.0
2025-03-11 15:00:00,0.11284,410.16,10.0,4.0
2025-03-11 16:00:00,0.13286,331.15,7.78,4.0
2025-03-11 17:00:00,0.17195,331.15,4.0,3.881877929687503
2025-03-11 18:00:00,0.20502,331.15,3.0,3.736063720703128
2025-03-11 19:00:00,0.18095,311.28,750.0,3.6467265625000023
2025-03-11 20:00:00,0.14943,311.28,0.0,3.5761137695312457
2025-03-11 21:00:00,0.133,311.28,0.0,3.526880371093753
2025-03-11 22:00:00,0.12125,342.32,0.0,3.5155241699218776
2025-03-11 23:00:00,0.10734,342.32,0.0,3.5088774414062525
2025-03-12 00:00:00,0.10173,342.32,0.0,3.4975322265625026
2025-03-12 01:00:00,0.10009,406.25,0.0,3.4919584960937526
2025-03-12 02:00:00,0.09779,406.25,0.0,3.4838652343750027
2025-03-12 03:00:00,0.09738,406.25,0.0,3.4730180664062527
2025-03-12 04:00:00,0.1018,460.74,0.0,3.458212158203128
2025-03-12 05:00:00,0.11031,460.74,0.0,3.4341337890625026
2025-03-12 06:00:00,0.14454,460.74,0.0,3.4028593750000025
2025-03-12 07:00:00,0.1616399999999999,540.15,0.0,3.405089599609377
2025-03-12 08:00:00,0.14841,540.15,2.53,3.431508056640628
2025-03-12 09:00:00,0.125,540.15,23.1,3.4355839843750027
2025-03-12 10:00:00,0.10262,432.14,41.5,3.4753691406250025
2025-03-12 11:00:00,0.09969,432.14,39.0,3.513605224609378
2025-03-12 12:00:00,0.0980699999999999,432.14,38.8,3.504460937500003
2025-03-12 13:00:00,0.09991,385.15,61.8,3.5297917480468777
2025-03-12 14:00:00,0.10165,385.15,65.0,3.536215087890628
2025-03-12 15:00:00,0.11774,385.15,70.2,3.548545410156253
2025-03-12 16:00:00,0.1421,307.21,113.0,3.517831298828128
2025-03-12 17:00:00,0.15703,307.21,18.9,3.481700927734378
2025-03-12 18:00:00,0.19975,307.21,3.73,3.4865605468750025
2025-03-12 19:00:00,0.17949,335.29,850.0,3.457054931640628
2025-03-12 20:00:00,0.14805,335.29,0.0,3.4594243164062526
2025-03-12 21:00:00,0.1321999999999999,335.29,0.0,3.4535612792968777
2025-03-12 22:00:00,0.12,354.3,0.0,3.437228271484378
2025-03-12 23:00:00,0.10991,354.3,0.0,3.4104399414062527
2025-03-13 00:00:00,0.1085199999999999,354.3,0.0,3.3831938476562526
2025-03-13 01:00:00,0.10225,393.25,0.0,3.3496086425781275
2025-03-13 02:00:00,0.09898,393.25,0.0,3.3345244140625026
2025-03-13 03:00:00,0.0967099999999999,393.25,0.0,3.3198063964843776
2025-03-13 04:00:00,0.0983499999999999,434.67,0.0,3.3154851074218774
2025-03-13 05:00:00,0.10588,434.67,0.0,3.3063994140625024
2025-03-13 06:00:00,0.13299,434.67,0.0,3.3135112304687526
2025-03-13 07:00:00,0.15987,605.1,0.0,3.347660400390628
2025-03-13 08:00:00,0.15803,605.1,1.33,3.3967802734375026
2025-03-13 09:00:00,0.1481299999999999,605.1,10.7,3.4924821777343777
2025-03-13 10:00:00,0.1237699999999999,521.08,23.4,3.6106328125000022
2025-03-13 11:00:00,0.1107,521.08,43.7,3.723158447265628
2025-03-13 12:00:00,0.11001,521.08,120.0,3.713420898437503
2025-03-13 13:00:00,0.10822,429.13,101.0,3.732031738281246
2025-03-13 14:00:00,0.10754,429.13,85.1,3.740110351562503
2025-03-13 15:00:00,0.1099899999999999,429.13,47.1,3.7198552246093777
2025-03-13 16:00:00,0.12147,344.95,44.8,3.643441650390628
2025-03-13 17:00:00,0.14265,344.95,41.9,3.550753662109378
2025-03-13 18:00:00,0.16605,344.95,23.5,3.4848613281250027
2025-03-13 19:00:00,0.1734699999999999,367.33,6.78,3.4774125976562527
2025-03-13 20:00:00,0.149,367.33,0.0,3.481437255859378
2025-03-13 21:00:00,0.13569,367.33,0.0,3.491643554687503
2025-03-13 22:00:00,0.12348,418.29,0.0,3.507943603515628
2025-03-13 23:00:00,0.11163,418.29,0.0,3.530721923828128
2025-03-14 00:00:00,0.10909,418.29,0.0,3.5662187500000027
2025-03-14 01:00:00,0.106,431.29,0.0,3.612269775390628
2025-03-14 02:00:00,0.1059,431.29,0.0,3.6506889648437526
2025-03-14 03:00:00,0.1038299999999999,431.29,0.0,3.6732438964843777
2025-03-14 04:00:00,0.1052999999999999,451.11,0.0,3.678491699218753
2025-03-14 05:00:00,0.11399,451.11,0.0,3.6744157714843775
2025-03-14 06:00:00,0.14302,451.11,0.0,3.689144775390628
2025-03-14 07:00:00,0.15511,575.11,0.0,3.694813720703128
2025-03-14 08:00:00,0.155,575.11,2.68,3.709791748046878
2025-03-14 09:00:00,0.13209,575.11,15.1,3.737660400390628
2025-03-14 10:00:00,0.112,504.11,28.8,3.8160808105468775
2025-03-14 11:00:00,0.10635,504.11,45.9,3.927357666015628
2025-03-14 12:00:00,0.1045,504.11,114.0,3.9948356933593776
2025-03-14 13:00:00,0.10459,454.11,84.3,4.0
2025-03-14 14:00:00,0.10538,454.11,56.2,4.0
2025-03-14 15:00:00,0.10939,454.11,44.9,4.0
2025-03-14 16:00:00,0.12484,360.23,21.5,3.9685124511718777
2025-03-14 17:00:00,0.14644,360.23,14.6,3.906252929687503
2025-03-14 18:00:00,0.15533,360.23,8.57,3.854719726562503
2025-03-14 19:00:00,0.15091,367.31,2.4,3.812587158203128
2025-03-14 20:00:00,0.13001,367.31,0.0,3.767275878906253
2025-03-14 21:00:00,0.11139,367.31,0.0,3.7364958496093776
2025-03-14 22:00:00,0.114,395.28,0.0,3.681772949218753
2025-03-14 23:00:00,0.10517,395.28,0.0,3.6356816406250023
2025-03-15 00:00:00,0.11215,395.28,0.0,3.6056999511718777
2025-03-15 01:00:00,0.10314,424.37,0.0,3.5705693359375026
2025-03-15 02:00:00,0.096,424.37,0.0,3.548164550781246
2025-03-15 03:00:00,0.0899,424.37,0.0,3.497748291015628
2025-03-15 04:00:00,0.0869,456.32,0.0,3.4515874023437525
2025-03-15 05:00:00,0.0905499999999999,456.32,0.0,3.4138750000000027
2025-03-15 06:00:00,0.09701,456.32,0.0,3.484418212890628
2025-03-15 07:00:00,0.09942,467.26,0.0,3.708557617187503
2025-03-15 08:00:00,0.09877,467.26,4.0,3.949652587890628
2025-03-15 09:00:00,0.0864,467.26,10.8,4.0
2025-03-15 10:00:00,0.07239,335.22,21.0,4.0
2025-03-15 11:00:00,0.06716,335.22,55.6,4.0
2025-03-15 12:00:00,0.05732,335.22,127.0,4.0
2025-03-15 13:00:00,0.048,283.98,156.0,4.0
2025-03-15 14:00:00,0.0545099999999999,283.98,159.0,4.0
2025-03-15 15:00:00,0.0708,283.98,120.0,4.0
2025-03-15 16:00:00,0.08424,318.22,127.0,4.0
2025-03-15 17:00:00,0.1219099999999999,318.22,89.1,4.0
2025-03-15 18:00:00,0.1303,318.22,36.0,4.0
2025-03-15 19:00:00,0.13296,370.29,5.0,4.0
2025-03-15 20:00:00,0.12146,370.29,0.0,3.984757568359378
2025-03-15 21:00:00,0.1085,370.29,0.0,3.952776367187503
2025-03-15 22:00:00,0.10502,376.29,0.0,3.921289550781246
2025-03-15 23:00:00,0.09525,376.29,0.0,3.884379150390628
2025-03-16 00:00:00,0.09001,376.29,0.0,3.8596342773437526
2025-03-16 01:00:00,0.08579,381.3,0.0,3.8372294921875034
2025-03-16 02:00:00,0.07962,381.3,0.0,3.8202519531250023
2025-03-16 03:00:00,0.07818,381.3,0.0,3.8028496093750026
2025-03-16 04:00:00,0.0785999999999999,456.32,0.0,3.8145244140625034
2025-03-16 05:00:00,0.08051,456.32,0.0,3.8286088867187527
2025-03-16 06:00:00,0.08514,456.32,0.0,3.902601806640628
2025-03-16 07:00:00,0.0820699999999999,427.31,0.0,3.962883789062503
2025-03-16 08:00:00,0.07795,427.31,4.85,4.0
2025-03-16 09:00:00,0.0569,427.31,27.8,4.0
2025-03-16 10:00:00,0.02409,311.98,65.3,4.0
2025-03-16 11:00:00,0.0029,311.98,106.0,4.0
2025-03-16 12:00:00,0.00101,311.98,135.0,4.0
2025-03-16 13:00:00,0.00019,250.64,152.0,4.0
2025-03-16 14:00:00,0.0025299999999999,250.64,157.0,4.0
2025-03-16 15:00:00,0.031,250.64,144.0,4.0
2025-03-16 16:00:00,0.0711099999999999,270.85,128.0,4.0
2025-03-16 17:00:00,0.11681,270.85,92.5,3.992773925781246
2025-03-16 18:00:00,0.13084,270.85,46.5,3.892230712890628
2025-03-16 19:00:00,0.14,348.32,6.8,3.846216308593753
2025-03-16 20:00:00,0.12528,348.32,0.0,3.835013916015628
2025-03-16 21:00:00,0.10773,348.32,0.0,3.791031982421878
2025-03-16 22:00:00,0.1008,420.31,0.0,3.7647783203125034
2025-03-16 23:00:00,0.0797099999999999,420.31,0.0,3.7558574218750023
2025-03-17 00:00:00,0.0780999999999999,420.31,0.0,3.7297136230468775
2025-03-17 01:00:00,0.07901,420.29,0.0,3.7249528808593775
2025-03-17 02:00:00,0.07879,420.29,0.0,3.682644531250003
2025-03-17 03:00:00,0.08091,420.29,0.0,3.678627197265628
2025-03-17 04:00:00,0.08585,414.63,0.0,3.683058349609378
2025-03-17 05:00:00,0.1033,414.63,0.0,3.6842045898437528
2025-03-17 06:00:00,0.13518,414.63,0.0,3.623285400390628
2025-03-17 07:00:00,0.15287,517.09,0.0,3.545890380859378
2025-03-17 08:00:00,0.13524,517.09,1.13,3.537833740234378
2025-03-17 09:00:00,0.10073,517.09,3.25,3.562347900390628
2025-03-17 10:00:00,0.0682099999999999,442.11,17.2,3.6000712890625026
2025-03-17 11:00:00,0.05056,442.11,81.4,3.604670898437503
2025-03-17 12:00:00,0.03117,442.11,57.2,3.627394287109378
2025-03-17 13:00:00,0.02795,350.12,52.9,3.6401677246093778
2025-03-17 14:00:00,0.05014,350.12,78.8,3.6297819824218776
2025-03-17 15:00:00,0.07001,350.12,129.0,3.622025634765628
2025-03-17 16:00:00,0.09855,272.53,80.5,3.582928955078128
2025-03-17 17:00:00,0.14305,272.53,96.8,3.4952653808593777
2025-03-17 18:00:00,0.17733,272.53,52.1,3.386405517578128
2025-03-17 19:00:00,0.17,340.27,8.0,3.2409685058593776
2025-03-17 20:00:00,0.1415,340.27,0.0,3.0889946289062524
2025-03-17 21:00:00,0.11885,340.27,0.0,3.0101787109375024
2025-03-17 22:00:00,0.10786,388.28,0.0,2.9770439453125026
2025-03-17 23:00:00,0.0935,388.28,0.0,2.9449602050781274
2025-03-18 00:00:00,0.0922,388.28,0.0,2.921775390625003
2025-03-18 01:00:00,0.08999,427.26,0.0,2.8862602539062525
2025-03-18 02:00:00,0.09237,427.26,0.0,2.8839421386718778
2025-03-18 03:00:00,0.0892,427.26,0.0,2.8856669921875024
2025-03-18 04:00:00,0.09525,493.81,0.0,2.871553222656253
2025-03-18 05:00:00,0.1107399999999999,493.81,0.0,2.8839750976562524
2025-03-18 06:00:00,0.1389,493.81,0.0,3.0883867187500025
2025-03-18 07:00:00,0.13668,594.12,100.0,3.446361572265628
2025-03-18 08:00:00,0.1065199999999999,594.12,4.1,3.7194121093750026
2025-03-18 09:00:00,0.07153,594.12,30.9,3.9069414062500023
2025-03-18 10:00:00,0.02527,449.07,75.2,4.0
2025-03-18 11:00:00,0.00068,449.07,117.0,4.0
2025-03-18 12:00:00,-0.00146,449.07,146.0,4.0
2025-03-18 13:00:00,-0.0003,318.02,159.0,4.0
2025-03-18 14:00:00,0.0057199999999999,318.02,162.0,4.0
2025-03-18 15:00:00,0.05028,318.02,154.0,4.0
2025-03-18 16:00:00,0.09594,253.62,135.0,4.0
2025-03-18 17:00:00,0.1409,253.62,103.0,3.925208007812503
2025-03-18 18:00:00,0.17091,253.62,55.2,3.828997070312503
2025-03-18 19:00:00,0.16746,289.22,9.2,3.789944335937503
2025-03-18 20:00:00,0.14239,289.22,0.0,3.7898344726562527
2025-03-18 21:00:00,0.12304,289.22,0.0,3.7846855468750022
2025-03-18 22:00:00,0.11597,357.31,0.0,3.7810563964843777
2025-03-18 23:00:00,0.10329,357.31,0.0,3.759548828125003
2025-03-19 00:00:00,0.10729,357.31,0.0,3.730629150390628
2025-03-19 01:00:00,0.1024,367.26,0.0,3.7208842773437527
2025-03-19 02:00:00,0.10119,367.26,0.0,3.686057617187503
2025-03-19 03:00:00,0.102,367.26,0.0,3.6617302246093777
2025-03-19 04:00:00,0.10659,416.64,0.0,3.622571289062503
2025-03-19 05:00:00,0.1225199999999999,416.64,0.0,3.5715874023437526
2025-03-19 06:00:00,0.15805,416.64,0.0,3.652952148437503
2025-03-19 07:00:00,0.14774,478.11,100.0,3.8354570312500025
2025-03-19 08:00:00,0.10823,478.11,4.65,3.941361572265628
2025-03-19 09:00:00,0.0795,478.11,29.7,4.0
2025-03-19 10:00:00,0.02652,241.07,71.7,4.0
2025-03-19 11:00:00,-4e-05,241.07,111.0,4.0
2025-03-19 12:00:00,-0.00056,241.07,136.0,4.0
2025-03-19 13:00:00,-0.00025,133.7,147.0,4.0
2025-03-19 14:00:00,0.00099,133.7,144.0,4.0
2025-03-19 15:00:00,0.06673,133.7,135.0,4.0
2025-03-19 16:00:00,0.1098499999999999,99.51,118.0,4.0
2025-03-19 17:00:00,0.14756,99.51,88.6,3.9377946777343777
2025-03-19 18:00:00,0.24818,99.51,45.2,3.822903320312503
2025-03-19 19:00:00,0.2203,161.47,7.63,3.677198974609378
2025-03-19 20:00:00,0.17668,161.47,0.0,3.5254484863281275
2025-03-19 21:00:00,0.13824,161.47,0.0,3.443138916015628
2025-03-19 22:00:00,0.12445,205.12,0.0,3.4305412597656275
2025-03-19 23:00:00,0.11114,205.12,0.0,3.3797990722656275
2025-03-20 00:00:00,0.11717,205.12,0.0,3.370314208984378
2025-03-20 01:00:00,0.10286,239.17,0.0,3.375499755859378
2025-03-20 02:00:00,0.09956,239.17,0.0,3.3720720214843776
2025-03-20 03:00:00,0.10008,239.17,0.0,3.394740478515628
2025-03-20 04:00:00,0.10283,340.17,0.0,3.4219316406250027
2025-03-20 05:00:00,0.1197,340.17,0.0,3.443490478515628
2025-03-20 06:00:00,0.14484,340.17,0.0,3.475577880859378
2025-03-20 07:00:00,0.14121,418.1,500.0,3.781418945312503
2025-03-20 08:00:00,0.09987,418.1,7.15,3.9452360839843776
2025-03-20 09:00:00,0.07945,418.1,27.3,4.0
2025-03-20 10:00:00,0.0375099999999999,174.79,67.5,4.0
2025-03-20 11:00:00,0.00342,174.79,103.0,4.0
2025-03-20 12:00:00,0.00043,174.79,126.0,4.0
2025-03-20 13:00:00,0.00065,95.08,137.0,4.0
2025-03-20 14:00:00,0.0166,95.08,140.0,4.0
2025-03-20 15:00:00,0.07942,95.08,136.0,4.0
2025-03-20 16:00:00,0.12076,72.82,120.0,4.0
2025-03-20 17:00:00,0.15514,72.82,91.2,4.0
2025-03-20 18:00:00,0.28007,72.82,42.4,4.0
2025-03-20 19:00:00,0.25385,129.62,9.0,3.839895507812503
2025-03-20 20:00:00,0.164,129.62,0.0,3.7158378906250022
2025-03-20 21:00:00,0.13682,129.62,0.0,3.6222124023437527
2025-03-20 22:00:00,0.12503,184.97,0.0,3.603224365234378
2025-03-20 23:00:00,0.11791,184.97,0.0,3.5871586914062528
2025-03-21 00:00:00,0.12507,184.97,0.0,3.484249755859377
2025-03-21 01:00:00,0.11641,253.24,0.0,3.4530485839843776
2025-03-21 02:00:00,0.1127399999999999,253.24,0.0,3.4345183105468777
2025-03-21 03:00:00,0.10581,253.24,0.0,3.421034423828128
2025-03-21 04:00:00,0.1090999999999999,250.98,0.0,3.4251066894531275
2025-03-21 05:00:00,0.12749,250.98,0.0,3.390228759765628
2025-03-21 06:00:00,0.156,250.98,0.0,3.506786376953128
2025-03-21 07:00:00,0.14827,249.63,200.0,3.873828613281246
2025-03-21 08:00:00,0.11073,249.63,5.4,4.0
2025-03-21 09:00:00,0.07331,249.63,29.8,4.0
2025-03-21 10:00:00,0.04325,92.6,66.0,4.0
2025-03-21 11:00:00,0.00735,92.6,102.0,4.0
2025-03-21 12:00:00,0.00081,92.6,127.0,4.0
2025-03-21 13:00:00,0.0,30.49,139.0,4.0
2025-03-21 14:00:00,0.00249,30.49,132.0,4.0
2025-03-21 15:00:00,0.01236,30.49,115.0,4.0
2025-03-21 16:00:00,0.04622,35.12,96.3,4.0
2025-03-21 17:00:00,0.10024,35.12,71.8,4.0
2025-03-21 18:00:00,0.12065,35.12,20.4,4.0
2025-03-21 19:00:00,0.0835,57.3,4.77,4.0
2025-03-21 20:00:00,0.07,57.3,0.0,3.8779448242187526
2025-03-21 21:00:00,0.0471899999999999,57.3,0.0,3.7524370117187527
2025-03-21 22:00:00,0.0271299999999999,68.59,0.0,3.6306169433593776
2025-03-21 23:00:00,0.0184499999999999,68.59,0.0,3.571671630859377
2025-03-22 00:00:00,0.02693,68.59,0.0,3.5366508789062525
2025-03-22 01:00:00,0.01257,81.1,0.0,3.555404541015628
2025-03-22 02:00:00,0.00907,81.1,0.0,3.606761962890628
2025-03-22 03:00:00,0.00688,81.1,0.0,3.652776367187503
2025-03-22 04:00:00,0.0101199999999999,111.2,0.0,3.671910888671878
2025-03-22 05:00:00,0.01295,111.2,0.0,3.6222124023437527
2025-03-22 06:00:00,0.0130099999999999,111.2,0.0,3.6210954589843776
2025-03-22 07:00:00,0.01304,118.66,550.0,3.635179931640628
2025-03-22 08:00:00,0.00311,118.66,4.95,3.684603759765628
2025-03-22 09:00:00,0.0,118.66,19.5,3.722708007812503
2025-03-22 10:00:00,-0.00186,73.28,28.8,3.7817888183593777
2025-03-22 11:00:00,-0.00631,73.28,77.6,3.857982666015628
2025-03-22 12:00:00,-0.0151799999999999,73.28,92.3,3.8844011230468776
2025-03-22 13:00:00,-0.01504,59.84,49.7,3.928401367187503
2025-03-22 14:00:00,-0.00679,59.84,60.4,3.930902587890628
2025-03-22 15:00:00,-0.00151,59.84,113.0,3.924779541015628
2025-03-22 16:00:00,0.00101,77.32,30.4,3.8903044433593776
2025-03-22 17:00:00,0.03499,77.32,56.6,3.795928222656253
2025-03-22 18:00:00,0.06003,77.32,20.8,3.7088103027343777
2025-03-22 19:00:00,0.05095,114.08,4.3,3.669021484375002
2025-03-22 20:00:00,0.04215,114.08,100.0,3.6517070312500026
2025-03-22 21:00:00,0.03612,114.08,0.0,3.5960173339843777
2025-03-22 22:00:00,0.03714,144.18,0.0,3.605740234375003
2025-03-22 23:00:00,0.03569,144.18,0.0,3.5972185058593777
2025-03-23 00:00:00,0.0136899999999999,144.18,0.0,3.624702636718753
2025-03-23 01:00:00,0.01901,165.94,0.0,3.679956542968753
2025-03-23 02:00:00,0.0236499999999999,165.94,0.0,3.691342041015628
2025-03-23 03:00:00,0.0234899999999999,165.94,0.0,3.731112548828128
2025-03-23 04:00:00,0.02482,178.2,0.0,3.7126481933593776
2025-03-23 05:00:00,0.02501,178.2,0.0,3.7267363281250026
2025-03-23 06:00:00,0.02484,178.2,0.0,3.926731445312503
2025-03-23 07:00:00,0.02426,162.62,0.0,3.985607177734378
2025-03-23 08:00:00,0.01899,162.62,3.35,4.0
2025-03-23 09:00:00,0.02309,162.62,17.9,4.0
2025-03-23 10:00:00,0.0137799999999999,134.36,35.6,4.0
2025-03-23 11:00:00,0.0096,134.36,24.3,4.0
2025-03-23 12:00:00,0.01349,134.36,48.4,4.0
2025-03-23 13:00:00,0.00501,96.05,41.0,4.0
2025-03-23 14:00:00,0.01146,96.05,119.0,4.0
2025-03-23 15:00:00,0.0425,96.05,49.4,4.0
2025-03-23 16:00:00,0.08442,95.45,71.9,4.0
2025-03-23 17:00:00,0.12423,95.45,15.0,3.901722900390628
2025-03-23 18:00:00,0.14,95.45,19.4,3.750199462890628
2025-03-23 19:00:00,0.14251,136.67,9.75,3.685922119140628
2025-03-23 20:00:00,0.14058,136.67,200.0,3.6255595703125034
2025-03-23 21:00:00,0.13,136.67,0.0,3.5579423828125027
2025-03-23 22:00:00,0.12647,159.87,0.0,3.466730224609378
2025-03-23 23:00:00,0.11424,159.87,0.0,3.3406547851562527
2025-03-24 00:00:00,0.11045,159.87,0.0,3.2298649902343777
2025-03-24 01:00:00,0.10729,200.85,0.0,3.153451416015628
2025-03-24 02:00:00,0.10191,200.85,0.0,3.115958740234378
2025-03-24 03:00:00,0.09894,200.85,0.0,3.096274902343753
2025-03-24 04:00:00,0.10199,254.08,0.0,3.093832275390628
2025-03-24 05:00:00,0.11982,254.08,0.0,3.0867351074218776
2025-03-24 06:00:00,0.1415,254.08,0.0,3.1901201171875027
2025-03-24 07:00:00,0.16428,262.35,200.0,3.307787353515628
2025-03-24 08:00:00,0.16186,262.35,7.78,3.4224736328125025
2025-03-24 09:00:00,0.13538,262.35,19.1,3.4403923339843776
2025-03-24 10:00:00,0.11116,142.05,44.6,3.496854736328128
2025-03-24 11:00:00,0.10736,142.05,86.3,3.5635673828125025
2025-03-24 12:00:00,0.10075,142.05,81.2,3.573330566406253
2025-03-24 13:00:00,0.10087,80.2,128.0,3.4661259765625028
2025-03-24 14:00:00,0.10657,80.2,129.0,3.458164550781246
2025-03-24 15:00:00,0.11585,80.2,118.0,3.343207275390628
2025-03-24 16:00:00,0.1309499999999999,107.02,79.8,3.196840087890628
2025-03-24 17:00:00,0.15415,107.02,58.2,3.1278459472656275
2025-03-24 18:00:00,0.21199,107.02,10.7,3.0819047851562527
2025-03-24 19:00:00,0.193,137.76,3.03,3.0628837890625027
2025-03-24 20:00:00,0.16184,137.76,0.0,3.057518798828128
2025-03-24 21:00:00,0.13855,137.76,0.0,3.0220439453125025
2025-03-24 22:00:00,0.12558,206.06,0.0,3.043815185546878
2025-03-24 23:00:00,0.11516,206.06,0.0,3.0342570800781274
2025-03-25 00:00:00,0.10207,206.06,0.0,3.015199462890628
2025-03-25 01:00:00,0.10176,252.32,0.0,3.0072856445312457
2025-03-25 02:00:00,0.1002,252.32,0.0,2.9838591308593774
2025-03-25 03:00:00,0.10267,252.32,0.0,2.9744951171875025
2025-03-25 04:00:00,0.10196,308.12,0.0,2.9616374511718777
2025-03-25 05:00:00,0.10739,308.12,0.0,2.9714299316406274
2025-03-25 06:00:00,0.13605,308.12,0.0,3.0358830566406274
2025-03-25 07:00:00,0.14213,429.15,0.0,3.1277067871093776
2025-03-25 08:00:00,0.13336,429.15,5.82,3.229000732421877
2025-03-25 09:00:00,0.1064099999999999,429.15,10.9,3.332631103515628
2025-03-25 10:00:00,0.09203,338.1,23.3,3.4608452148437525
2025-03-25 11:00:00,0.0788,338.1,61.9,3.5743193359375027
2025-03-25 12:00:00,0.06845,338.1,133.0,3.617953369140628
2025-03-25 13:00:00,0.06923,204.08,151.0,3.5529143066406275
2025-03-25 14:00:00,0.0817,204.08,142.0,3.5174833984375025
2025-03-25 15:00:00,0.09552,204.08,118.0,3.428358642578128
2025-03-25 16:00:00,0.10884,133.3,110.0,3.374401123046878
2025-03-25 17:00:00,0.13881,133.3,62.9,3.2953837890625026
2025-03-25 18:00:00,0.1611399999999999,133.3,27.2,3.1900578613281274
2025-03-25 19:00:00,0.16636,166.15,9.03,3.179507324218753
2025-03-25 20:00:00,0.1485999999999999,166.15,300.0,3.1503642578125026
2025-03-25 21:00:00,0.12236,166.15,0.0,3.092872802734377
2025-03-25 22:00:00,0.11483,226.22,0.0,3.0559660644531275
2025-03-25 23:00:00,0.10205,226.22,0.0,3.0161845703125025
2025-03-26 00:00:00,0.10102,226.22,0.0,2.9772636718750025
2025-03-26 01:00:00,0.0979599999999999,255.29,0.0,2.945084716796877
2025-03-26 02:00:00,0.09736,255.29,0.0,2.9023808593750027
2025-03-26 03:00:00,0.09739,255.29,0.0,2.8842790527343776
2025-03-26 04:00:00,0.09572,275.55,0.0,2.8120622558593777
2025-03-26 05:00:00,0.09885,275.55,0.0,2.7950577799479177
2025-03-26 06:00:00,0.1287599999999999,275.55,0.0,2.9605461425781274
2025-03-26 07:00:00,0.14195,391.15,0.0,3.2117741699218776
2025-03-26 08:00:00,0.13709,391.15,1.88,3.396879150390628
2025-03-26 09:00:00,0.11186,391.15,6.25,3.5388261718750025
2025-03-26 10:00:00,0.1,341.11,21.9,3.672782470703128
2025-03-26 11:00:00,0.09639,341.11,30.8,3.777712890625003
2025-03-26 12:00:00,0.09481,341.11,40.6,3.862336914062503
2025-03-26 13:00:00,0.0845,305.51,44.2,3.888770019531246
2025-03-26 14:00:00,0.09079,305.51,50.6,3.891271240234378
2025-03-26 15:00:00,0.09436,305.51,51.6,3.874861328125003
2025-03-26 16:00:00,0.10145,212.68,35.2,3.750833007812503
2025-03-26 17:00:00,0.13516,212.68,34.1,3.532260009765628
2025-03-26 18:00:00,0.162,212.68,20.4,3.4476616210937525
2025-03-26 19:00:00,0.16954,225.1,4.65,3.396282226562503
2025-03-26 20:00:00,0.15327,225.1,100.0,3.340511962890628
2025-03-26 21:00:00,0.1294,225.1,0.0,3.269727050781246
2025-03-26 22:00:00,0.12027,258.78,0.0,3.2061748046875027
2025-03-26 23:00:00,0.1089099999999999,258.78,0.0,3.175548583984378
2025-03-27 00:00:00,0.10493,258.78,0.0,3.1481560058593776
2025-03-27 01:00:00,0.09898,288.31,0.0,3.1376970214843776
2025-03-27 02:00:00,0.0978,288.31,0.0,3.1431755371093777
2025-03-27 03:00:00,0.09885,288.31,0.0,3.1475261230468776
2025-03-27 04:00:00,0.0970699999999999,368.69,0.0,3.150726806640628
2025-03-27 05:00:00,0.1049,368.69,0.0,3.199454833984378
2025-03-27 06:00:00,0.12983,368.69,0.0,3.288802978515628
2025-03-27 07:00:00,0.14,418.11,1.1,3.518080322265628
2025-03-27 08:00:00,0.1235,418.11,10.3,3.663363525390628
2025-03-27 09:00:00,0.08992,418.11,41.4,3.735895263671878
2025-03-27 10:00:00,0.07761,287.84,84.5,3.859407226562503
2025-03-27 11:00:00,0.04548,287.84,124.0,4.0
2025-03-27 12:00:00,0.02481,287.84,149.0,4.0
2025-03-27 13:00:00,0.00667,165.97,163.0,4.0
2025-03-27 14:00:00,0.03034,165.97,164.0,4.0
2025-03-27 15:00:00,0.07493,165.97,156.0,4.0
2025-03-27 16:00:00,0.0937399999999999,122.98,137.0,4.0
2025-03-27 17:00:00,0.12725,122.98,106.0,4.0
2025-03-27 18:00:00,0.1579,122.98,61.4,3.947437011718753
2025-03-27 19:00:00,0.1707,185.71,14.4,3.8458903808593776
2025-03-27 20:00:00,0.14161,185.71,400.0,3.7577214355468778
2025-03-27 21:00:00,0.12442,185.71,0.0,3.691642333984378
2025-03-27 22:00:00,0.1130999999999999,237.01,0.0,3.602374755859377
2025-03-27 23:00:00,0.10091,237.01,0.0,3.5438212890625027
2025-03-28 00:00:00,0.09,237.01,0.0,3.534028808593753
2025-03-28 01:00:00,0.0793799999999999,302.31,0.0,3.5367497558593777
2025-03-28 02:00:00,0.0790199999999999,302.31,0.0,3.4976237792968776
2025-03-28 03:00:00,0.0793799999999999,302.31,0.0,3.4569157714843777
2025-03-28 04:00:00,0.07984,332.51,0.0,3.4236931152343777
2025-03-28 05:00:00,0.10351,332.51,0.0,3.4431865234375025
2025-03-28 06:00:00,0.12852,332.51,0.0,3.5713603515625025
2025-03-28 07:00:00,0.1222,367.1,1.25,3.630679199218753
2025-03-28 08:00:00,0.10208,367.1,8.7,3.669340087890628
2025-03-28 09:00:00,0.07557,367.1,41.5,3.619806396484378
2025-03-28 10:00:00,0.02577,159.53,83.0,3.5733195800781274
2025-03-28 11:00:00,0.0016799999999999,159.53,123.0,3.571459228515628
2025-03-28 12:00:00,-1e-05,159.53,147.0,3.596145507812502
2025-03-28 13:00:00,-3e-05,99.05,159.0,3.696146728515628
2025-03-28 14:00:00,0.01448,99.05,161.0,3.745288574218753
2025-03-28 15:00:00,0.0701,99.05,147.0,3.754491455078128
2025-03-28 16:00:00,0.1041899999999999,140.01,133.0,3.735950195312503
2025-03-28 17:00:00,0.132,140.01,96.3,3.594871093750003
2025-03-28 18:00:00,0.16599,140.01,49.8,3.5259135742187526
2025-03-28 19:00:00,0.1659,192.09,14.6,3.423041259765628
2025-03-28 20:00:00,0.14803,192.09,1.2,3.3465764160156275
2025-03-28 21:00:00,0.12456,192.09,0.0,3.310640136718753
2025-03-28 22:00:00,0.11794,217.79,0.0,3.2797319335937525
2025-03-28 23:00:00,0.11012,217.79,0.0,3.2647905273437527
2025-03-29 00:00:00,0.11362,217.79,0.0,3.2455095214843777
2025-03-29 01:00:00,0.10391,250.2,0.0,3.227631103515628
2025-03-29 02:00:00,0.09654,250.2,0.0,3.2001433105468777
2025-03-29 03:00:00,0.09622,250.2,0.0,3.1754130859375027
2025-03-29 04:00:00,0.0965,266.29,0.0,3.164708740234378
2025-03-29 05:00:00,0.0927399999999999,266.29,0.0,3.211730224609377
2025-03-29 06:00:00,0.09673,266.29,0.0,3.3794841308593777
2025-03-29 07:00:00,0.09844,247.18,750.0,3.457695800781246
2025-03-29 08:00:00,0.09186,247.18,9.57,3.533157226562502
2025-03-29 09:00:00,0.07614,247.18,38.3,3.5238811035156274
2025-03-29 10:00:00,0.06567,174.53,88.5,3.4462846679687527
2025-03-29 11:00:00,0.06534,174.53,126.0,3.560070068359378
2025-03-29 12:00:00,0.06533,174.53,140.0,3.7750322265625034
2025-03-29 13:00:00,0.00206,138.68,143.0,3.9108562011718777
2025-03-29 14:00:00,0.00394,138.68,144.0,3.900239746093753
2025-03-29 15:00:00,0.02527,138.68,138.0,3.854283935546878
2025-03-29 16:00:00,0.06626,147.27,105.0,3.779467041015628
2025-03-29 17:00:00,0.1001,147.27,122.0,3.665941650390628
2025-03-29 18:00:00,0.1469099999999999,147.27,58.6,3.6107243652343777
2025-03-29 19:00:00,0.15222,213.89,15.2,3.5777763671875027
2025-03-29 20:00:00,0.12107,213.89,800.0,3.5666875000000027
2025-03-29 21:00:00,0.10042,213.89,0.0,3.5527019042968777
2025-03-29 22:00:00,0.08275,272.29,0.0,3.5451726074218777
2025-03-29 23:00:00,0.06827,272.29,0.0,3.569968750000003
2025-03-30 00:00:00,0.04631,272.29,0.0,3.586100341796877
2025-03-30 01:00:00,0.01589,283.26,0.0,3.604059326171878
2025-03-30 02:00:00,0.0050999999999999,283.26,0.0,3.552269775390628
2025-03-30 03:00:00,0.0012,283.26,0.0,3.4612553710937526
2025-03-30 04:00:00,8.999999999999999e-05,283.26,0.0,3.3487114257812456
2025-03-30 05:00:00,3e-05,269.25,0.0,3.360356933593753
2025-03-30 06:00:00,0.0,269.25,0.0,3.633451416015628
2025-03-30 07:00:00,-1e-05,269.25,0.0,3.770374023437503
2025-03-30 08:00:00,-4e-05,280.32,0.0,3.8383208007812457
2025-03-30 09:00:00,-0.00347,280.32,200.0,4.0
2025-03-30 10:00:00,-0.01134,280.32,2.28,4.0
2025-03-30 11:00:00,-0.0185,204.31,8.68,4.0
2025-03-30 12:00:00,-0.02576,204.31,15.2,4.0
2025-03-30 13:00:00,-0.02607,204.31,31.8,4.0
2025-03-30 14:00:00,-0.01296,141.77,45.8,4.0
2025-03-30 15:00:00,-0.00401,141.77,71.8,4.0
2025-03-30 16:00:00,-1e-05,141.77,95.1,4.0
2025-03-30 17:00:00,0.01441,164.7,100.0,3.878230468750002
2025-03-30 18:00:00,0.0608299999999999,164.7,91.7,3.833083984375002
2025-03-30 19:00:00,0.05886,164.7,80.7,3.7719414062500025
2025-03-30 20:00:00,0.05001,206.93,25.1,3.731698486328128
2025-03-30 21:00:00,0.06171,206.93,5.18,3.690961181640628
2025-03-30 22:00:00,0.05644,206.93,0.0,3.626943847656253
2025-03-30 23:00:00,0.0655699999999999,223.92,0.0,3.6283208007812457
2025-03-31 00:00:00,0.06325,223.92,0.0,3.531161376953128
2025-03-31 01:00:00,0.06441,223.92,0.0,3.5211748046875027
2025-03-31 02:00:00,0.06722,256.3,0.0,3.478145019531246
2025-03-31 03:00:00,0.06897,256.3,0.0,3.454875976562503
2025-03-31 04:00:00,0.088,256.3,0.0,3.447504150390628
2025-03-31 05:00:00,0.1092699999999999,346.53,0.0,3.513656494140628
2025-03-31 06:00:00,0.14354,346.53,0.0,3.879120361328128
2025-03-31 07:00:00,0.17423,346.53,0.0,4.0
2025-03-31 08:00:00,0.1331699999999999,408.11,0.0,4.0
2025-03-31 09:00:00,0.1102699999999999,408.11,600.0,4.0
2025-03-31 10:00:00,0.09904,408.11,6.07,4.0
2025-03-31 11:00:00,0.08354,327.89,19.1,4.0
2025-03-31 12:00:00,0.0741,327.89,38.0,4.0
2025-03-31 13:00:00,0.0735799999999999,327.89,54.5,4.0
2025-03-31 14:00:00,0.06955,202.87,72.4,4.0
2025-03-31 15:00:00,0.0762399999999999,202.87,85.6,4.0
2025-03-31 16:00:00,0.10083,202.87,133.0,4.0
2025-03-31 17:00:00,0.13157,159.3,130.0,3.892908203125003
2025-03-31 18:00:00,0.18396,159.3,124.0,3.6599467773437526
2025-03-31 19:00:00,0.17273,159.3,93.8,3.6166386718750023
2025-03-31 20:00:00,0.13503,219.88,65.6,3.6214470214843777
2025-03-31 21:00:00,0.11525,219.88,19.9,3.5301689453125027
2025-03-31 22:00:00,0.10234,219.88,1.05,3.4015776367187525
2025-03-31 23:00:00,0.10156,265.33,0.0,3.2465642089843776
2025-04-01 00:00:00,0.09502,265.33,0.0,3.1704948730468776
2025-04-01 01:00:00,0.0929099999999999,265.33,0.0,3.1840922851562525
2025-04-01 02:00:00,0.0935,339.33,0.0,3.2343547363281275
2025-04-01 03:00:00,0.09143,339.33,0.0,3.315470458984377
2025-04-01 04:00:00,0.10071,339.33,0.0,3.3719365234375025
2025-04-01 05:00:00,0.12946,450.13,0.0,3.4140068359375024
2025-04-01 06:00:00,0.17996,450.13,0.0,3.667318603515628
2025-04-01 07:00:00,0.15937,450.13,0.0,3.9424199218750022
2025-04-01 08:00:00,0.10847,433.09,0.0,4.0
2025-04-01 09:00:00,0.08617,433.09,2.3,4.0
2025-04-01 10:00:00,0.07026,433.09,11.0,4.0
2025-04-01 11:00:00,0.0531499999999999,241.37,46.0,4.0
2025-04-01 12:00:00,0.01157,241.37,92.4,4.0
2025-04-01 13:00:00,0.01089,241.37,132.0,4.0
2025-04-01 14:00:00,0.0266999999999999,171.82,153.0,4.0
2025-04-01 15:00:00,0.06523,171.82,163.0,4.0
2025-04-01 16:00:00,0.0828,171.82,121.0,4.0
2025-04-01 17:00:00,0.12239,136.06,94.8,4.0
2025-04-01 18:00:00,0.15572,136.06,138.0,3.995403320312503
2025-04-01 19:00:00,0.138,136.06,104.0,3.946309082031246
2025-04-01 20:00:00,0.1109,189.84,65.8,3.8793767089843776
2025-04-01 21:00:00,0.09564,189.84,18.4,3.781448242187503
2025-04-01 22:00:00,0.07945,189.84,1.45,3.6979265136718777
2025-04-01 23:00:00,0.06806,258.23,0.0,3.643687011718753
2025-04-02 00:00:00,0.06693,258.23,0.0,3.6010161132812457
2025-04-02 01:00:00,0.0668,258.23,0.0,3.586385986328128
2025-04-02 02:00:00,0.06797,284.35,0.0,3.546908447265628
2025-04-02 03:00:00,0.0689,284.35,0.0,3.5265397949218777
2025-04-02 04:00:00,0.08218,284.35,0.0,3.5330913085937525
2025-04-02 05:00:00,0.11384,390.28,0.0,3.5736381835937525
2025-04-02 06:00:00,0.15031,390.28,0.0,3.5914689941406275
2025-04-02 07:00:00,0.1247,390.28,0.0,3.615697509765628
2025-04-02 08:00:00,0.08474,353.07,0.0,3.6509489746093777
2025-04-02 09:00:00,0.04838,353.07,2.2,3.719866210937503
2025-04-02 10:00:00,0.0,353.07,10.1,3.695546142578128
2025-04-02 11:00:00,-0.00492,144.45,41.9,3.7245720214843776
2025-04-02 12:00:00,-0.0200599999999999,144.45,85.6,3.812740966796878
2025-04-02 13:00:00,-0.02102,144.45,128.0,3.907336914062503
2025-04-02 14:00:00,-0.01,81.46,151.0,3.9769829101562526
2025-04-02 15:00:00,-0.00173,81.46,138.0,3.968900634765628
2025-04-02 16:00:00,0.01537,81.46,155.0,3.911738769531246
2025-04-02 17:00:00,0.08884,71.41,153.0,3.8269755859375034
2025-04-02 18:00:00,0.12535,71.41,119.0,3.7936577148437527
2025-04-02 19:00:00,0.114,71.41,80.5,3.736254150390628
2025-04-02 20:00:00,0.0960699999999999,107.57,58.9,3.699036132812503
2025-04-02 21:00:00,0.08263,107.57,17.3,3.641621582031246
2025-04-02 22:00:00,0.07143,107.57,900.0,3.5809331054687528
2025-04-02 23:00:00,0.067,143.12,0.0,3.547985107421878
2025-04-03 00:00:00,0.067,143.12,0.0,3.514242431640628
2025-04-03 01:00:00,0.067,143.12,0.0,3.483927490234377
2025-04-03 02:00:00,0.06895,174.08,0.0,3.4578935546875025
2025-04-03 03:00:00,0.071,174.08,0.0,3.453180419921878
2025-04-03 04:00:00,0.08622,174.08,0.0,3.464613525390628
2025-04-03 05:00:00,0.12971,240.92,0.0,3.487069580078128
2025-04-03 06:00:00,0.16277,240.92,0.0,3.619941894531246
2025-04-03 07:00:00,0.1333,240.92,0.0,3.710249511718753
2025-04-03 08:00:00,0.07911,220.29,0.0,3.801205322265628
2025-04-03 09:00:00,0.04047,220.29,4.9,3.871085693359378
2025-04-03 10:00:00,-0.00016,220.29,21.2,3.865834228515628
2025-04-03 11:00:00,-0.0011899999999999,92.61,28.7,3.8896159667968777
2025-04-03 12:00:00,-0.0084,92.61,74.5,3.818270751953128
2025-04-03 13:00:00,-0.0058499999999999,92.61,127.0,3.822852050781246
2025-04-03 14:00:00,-0.00027,38.17,150.0,3.8409355468750026
2025-04-03 15:00:00,0.01609,38.17,160.0,3.880112792968753
2025-04-03 16:00:00,0.075,38.17,0.0,3.913177978515628
2025-04-03 17:00:00,0.138,33.95,0.0,3.884232666015628
2025-04-03 18:00:00,0.16348,33.95,0.0,3.8350908203125034
2025-04-03 19:00:00,0.15588,33.95,0.0,3.741626464843753
2025-04-03 20:00:00,0.13703,75.23,0.0,3.681271240234378
2025-04-03 21:00:00,0.1132099999999999,75.23,0.0,3.7071989746093776
2025-04-03 22:00:00,0.10463,75.23,0.0,3.734320556640628
2025-04-03 23:00:00,0.10834,119.64,0.0,3.744534179687503
2025-04-04 00:00:00,0.10304,119.64,0.0,3.747083007812503
2025-04-04 01:00:00,0.10289,119.64,0.0,3.7422966308593777
2025-04-04 02:00:00,0.10361,168.5,0.0,3.7192692871093778
2025-04-04 03:00:00,0.10595,168.5,0.0,3.684622070312503
2025-04-04 04:00:00,0.11255,168.5,0.0,3.6563798828125034
2025-04-04 05:00:00,0.15267,262.33,0.0,3.628851806640628
2025-04-04 06:00:00,0.18017,262.33,0.0,3.667201416015628
2025-04-04 07:00:00,0.1394,262.33,0.0,3.7278093261718777
2025-04-04 08:00:00,0.09568,220.92,0.0,3.820482666015628
2025-04-04 09:00:00,0.065,220.92,1.93,3.906124755859378
2025-04-04 10:00:00,0.00782,220.92,10.8,3.896716796875003
2025-04-04 11:00:00,0.0,59.88,46.3,3.915052978515628
2025-04-04 12:00:00,-0.00131,59.88,90.1,3.900631591796878
2025-04-04 13:00:00,-0.00121,59.88,128.0,3.9228386230468777
2025-04-04 14:00:00,-0.00013,25.57,148.0,4.0
2025-04-04 15:00:00,0.0297,25.57,162.0,4.0
2025-04-04 16:00:00,0.07987,25.57,163.0,4.0
2025-04-04 17:00:00,0.12635,24.5,156.0,3.984980957031246
2025-04-04 18:00:00,0.1676399999999999,24.5,137.0,3.901038085937503
2025-04-04 19:00:00,0.15599,24.5,108.0,3.818988525390628
2025-04-04 20:00:00,0.12067,71.31,64.5,3.743186523437503
2025-04-04 21:00:00,0.10615,71.31,18.6,3.6960075683593776
2025-04-04 22:00:00,0.09697,71.31,1.5,3.661389648437503
2025-04-04 23:00:00,0.10923,121.5,0.0,3.629020263671878
2025-04-05 00:00:00,0.10276,121.5,0.0,3.677045166015628
2025-04-05 01:00:00,0.09939,121.5,0.0,3.739681884765628
2025-04-05 02:00:00,0.0994,166.21,0.0,3.757823974609378
2025-04-05 03:00:00,0.09831,166.21,0.0,3.794327880859378
2025-04-05 04:00:00,0.0975,166.21,0.0,3.8451433105468777
2025-04-05 05:00:00,0.10298,216.9,0.0,3.866390869140628
2025-04-05 06:00:00,0.1059,216.9,0.0,3.919857666015628
2025-04-05 07:00:00,0.0983,216.9,0.0,3.957646972656253
2025-04-05 08:00:00,0.0571599999999999,173.11,0.0,3.964055664062503
2025-04-05 09:00:00,0.00066,173.11,2.3,4.0
2025-04-05 10:00:00,-0.00094,173.11,12.1,4.0
2025-04-05 11:00:00,-0.02409,90.38,46.7,4.0
2025-04-05 12:00:00,-0.0477299999999999,90.38,89.2,4.0
2025-04-05 13:00:00,-0.0491,90.38,127.0,4.0
2025-04-05 14:00:00,-0.02991,61.61,152.0,4.0
2025-04-05 15:00:00,-0.0043,61.61,167.0,4.0
2025-04-05 16:00:00,0.0,61.61,166.0,4.0
2025-04-05 17:00:00,0.07,71.2,151.0,4.0
2025-04-05 18:00:00,0.0994,71.2,132.0,4.0
2025-04-05 19:00:00,0.0989,71.2,94.0,3.999545166015628
2025-04-05 20:00:00,0.08425,158.72,59.3,3.933634521484378
2025-04-05 21:00:00,0.0789899999999999,158.72,20.4,3.8564665527343776
2025-04-05 22:00:00,0.06875,158.72,2.45,3.889154541015628
2025-04-05 23:00:00,0.07045,220.15,0.0,3.955706054687503
2025-04-06 00:00:00,0.061,220.15,0.0,3.991810791015628
2025-04-06 01:00:00,0.06272,220.15,0.0,4.0
2025-04-06 02:00:00,0.06828,258.17,0.0,3.9909062500000023
2025-04-06 03:00:00,0.06995,258.17,0.0,3.950256835937503
2025-04-06 04:00:00,0.07743,258.17,0.0,3.9514946289062527
2025-04-06 05:00:00,0.07654,306.31,0.0,3.968856689453128
2025-04-06 06:00:00,0.07811,306.31,0.0,4.0
2025-04-06 07:00:00,0.04179,306.31,0.0,4.0
2025-04-06 08:00:00,0.0001,300.28,0.0,4.0
2025-04-06 09:00:00,-0.002,300.28,2.2,4.0
2025-04-06 10:00:00,-0.0275599999999999,300.28,11.9,4.0
2025-04-06 11:00:00,-0.06001,216.02,51.1,4.0
2025-04-06 12:00:00,-0.10631,216.02,98.3,4.0
2025-04-06 13:00:00,-0.1145699999999999,216.02,139.0,4.0
2025-04-06 14:00:00,-0.07,148.71,163.0,4.0
2025-04-06 15:00:00,-0.0189499999999999,148.71,174.0,4.0
2025-04-06 16:00:00,0.00176,148.71,174.0,4.0
2025-04-06 17:00:00,0.11241,143.01,168.0,4.0
2025-04-06 18:00:00,0.13156,143.01,149.0,4.0
2025-04-06 19:00:00,0.1329,143.01,118.0,4.0
2025-04-06 20:00:00,0.12138,228.96,72.7,4.0
2025-04-06 21:00:00,0.11184,228.96,22.9,4.0
2025-04-06 22:00:00,0.10003,228.96,1.9,4.0
2025-04-06 23:00:00,0.08671,292.08,0.0,4.0
2025-04-07 00:00:00,0.085,292.08,0.0,4.0
2025-04-07 01:00:00,0.08173,292.08,0.0,4.0
2025-04-07 02:00:00,0.08353,353.31,0.0,4.0
2025-04-07 03:00:00,0.08545,353.31,0.0,4.0
2025-04-07 04:00:00,0.09874,353.31,0.0,4.0
2025-04-07 05:00:00,0.1311,466.1,0.0,4.0
2025-04-07 06:00:00,0.17597,466.1,0.0,4.0
2025-04-07 07:00:00,0.14461,466.1,0.0,4.0
2025-04-07 08:00:00,0.1071,454.1,0.0,4.0
2025-04-07 09:00:00,0.08337,454.1,2.5,4.0
2025-04-07 10:00:00,0.065,454.1,12.4,4.0
2025-04-07 11:00:00,0.0118,302.06,51.2,4.0
2025-04-07 12:00:00,0.00219,302.06,99.4,4.0
2025-04-07 13:00:00,0.00394,302.06,136.0,4.0
2025-04-07 14:00:00,0.06098,177.27,159.0,4.0
2025-04-07 15:00:00,0.072,177.27,170.0,4.0
2025-04-07 16:00:00,0.10243,177.27,171.0,4.0
2025-04-07 17:00:00,0.1276,128.02,164.0,4.0
2025-04-07 18:00:00,0.16845,128.02,146.0,4.0
2025-04-07 19:00:00,0.16505,128.02,113.0,4.0
2025-04-07 20:00:00,0.1382,185.2,71.6,4.0
2025-04-07 21:00:00,0.12102,185.2,22.8,4.0
2025-04-07 22:00:00,0.10521,185.2,1.57,4.0
2025-04-07 23:00:00,0.09493,255.26,0.0,4.0
2025-04-08 00:00:00,0.0878299999999999,255.26,0.0,4.0
2025-04-08 01:00:00,0.08906,255.26,0.0,4.0
2025-04-08 02:00:00,0.0899,331.33,0.0,4.0
2025-04-08 03:00:00,0.09162,331.33,0.0,4.0
2025-04-08 04:00:00,0.10573,331.33,0.0,4.0
2025-04-08 05:00:00,0.1429699999999999,466.09,0.0,4.0
2025-04-08 06:00:00,0.18055,466.09,0.0,4.0
2025-04-08 07:00:00,0.13677,466.09,0.0,4.0
2025-04-08 08:00:00,0.0912999999999999,409.1,0.0,4.0
2025-04-08 09:00:00,0.07647,409.1,2.8,4.0
2025-04-08 10:00:00,0.06109,409.1,13.0,4.0
2025-04-08 11:00:00,0.01957,154.97,50.7,4.0
2025-04-08 12:00:00,0.0168299999999999,154.97,94.7,4.0
2025-04-08 13:00:00,0.02859,154.97,132.0,4.0
2025-04-08 14:00:00,0.05747,121.32,155.0,4.0
2025-04-08 15:00:00,0.0733299999999999,121.32,160.0,4.0
2025-04-08 16:00:00,0.09034,121.32,163.0,4.0
2025-04-08 17:00:00,0.11826,82.6,160.0,4.0
2025-04-08 18:00:00,0.1804,82.6,141.0,4.0
2025-04-08 19:00:00,0.17131,82.6,111.0,4.0
2025-04-08 20:00:00,0.14,145.48,64.1,4.0
2025-04-08 21:00:00,0.12047,145.48,23.7,4.0
2025-04-08 22:00:00,0.10512,145.48,2.63,4.0
2025-04-08 23:00:00,0.10499,215.77,0.0,4.0
2025-04-09 00:00:00,0.0959899999999999,215.77,0.0,4.0
2025-04-09 01:00:00,0.09467,215.77,0.0,4.0
2025-04-09 02:00:00,0.09445,275.26,0.0,3.939413330078128
2025-04-09 03:00:00,0.09579,275.26,0.0,3.928855468750003
2025-04-09 04:00:00,0.10945,275.26,0.0,3.930133544921878
2025-04-09 05:00:00,0.15268,386.1,0.0,3.947825195312503
2025-04-09 06:00:00,0.17556,386.1,0.0,4.0
2025-04-09 07:00:00,0.13156,386.1,0.0,4.0
2025-04-09 08:00:00,0.09951,382.08,0.0,4.0
2025-04-09 09:00:00,0.0827099999999999,382.08,3.7,4.0
2025-04-09 10:00:00,0.05969,382.08,23.8,4.0
2025-04-09 11:00:00,0.0136099999999999,191.33,57.5,4.0
2025-04-09 12:00:00,0.0067199999999999,191.33,81.4,4.0
2025-04-09 13:00:00,0.0132699999999999,191.33,122.0,4.0
2025-04-09 14:00:00,0.03487,119.25,152.0,4.0
2025-04-09 15:00:00,0.06298,119.25,167.0,4.0
2025-04-09 16:00:00,0.0835,119.25,169.0,4.0
2025-04-09 17:00:00,0.10348,104.81,163.0,4.0
2025-04-09 18:00:00,0.13157,104.81,145.0,4.0
2025-04-09 19:00:00,0.13873,104.81,114.0,4.0
2025-04-09 20:00:00,0.11123,165.73,68.6,4.0
2025-04-09 21:00:00,0.10194,165.73,23.2,4.0
2025-04-09 22:00:00,0.09851,165.73,2.43,4.0
2025-04-09 23:00:00,0.0929,268.01,0.0,4.0
2025-04-10 00:00:00,0.0895499999999999,268.01,0.0,4.0
2025-04-10 01:00:00,0.0889,268.01,0.0,4.0
2025-04-10 02:00:00,0.08792,296.28,0.0,4.0
2025-04-10 03:00:00,0.09,296.28,0.0,4.0
2025-04-10 04:00:00,0.09754,296.28,0.0,4.0
2025-04-10 05:00:00,0.13244,342.08,0.0,3.866782714843753
2025-04-10 06:00:00,0.17059,342.08,0.0,3.851211425781246
2025-04-10 07:00:00,0.13544,342.08,0.0,3.867734863281246
2025-04-10 08:00:00,0.1024,369.15,0.0,3.868060791015628
2025-04-10 09:00:00,0.08571,369.15,1.33,3.8848808593750026
2025-04-10 10:00:00,0.06634,369.15,5.8,3.915950195312503
2025-04-10 11:00:00,0.03495,325.11,15.0,3.981644775390628
2025-04-10 12:00:00,0.00218,325.11,22.8,4.0
2025-04-10 13:00:00,8e-05,325.11,33.3,4.0
2025-04-10 14:00:00,0.0011799999999999,220.18,45.5,4.0
2025-04-10 15:00:00,0.0544399999999999,220.18,69.7,4.0
2025-04-10 16:00:00,0.07,220.18,93.7,4.0
2025-04-10 17:00:00,0.10168,137.22,136.0,3.892552978515628
2025-04-10 18:00:00,0.14042,137.22,127.0,3.7395720214843777
2025-04-10 19:00:00,0.13717,137.22,109.0,3.694399902343753
2025-04-10 20:00:00,0.09756,177.44,66.1,3.626379882812503
2025-04-10 21:00:00,0.0920499999999999,177.44,21.7,3.581262695312503
2025-04-10 22:00:00,0.08111,177.44,2.3,3.5339116210937527
2025-04-10 23:00:00,0.0653199999999999,245.96,0.0,3.4848759765625026
2025-04-11 00:00:00,0.06075,245.96,0.0,3.461903564453128
2025-04-11 01:00:00,0.05844,245.96,0.0,3.4224846191406275
2025-04-11 02:00:00,0.05843,294.34,0.0,3.3842924804687526
2025-04-11 03:00:00,0.06193,294.34,0.0,3.3626640625000026
2025-04-11 04:00:00,0.07199,294.34,0.0,3.341427490234378
2025-04-11 05:00:00,0.0942,399.11,0.0,3.3644511718750025
2025-04-11 06:00:00,0.1114,399.11,0.0,3.504094726562503
2025-04-11 07:00:00,0.0859,399.11,0.0,3.675616943359378
2025-04-11 08:00:00,0.05889,352.12,0.0,3.7971696777343777
2025-04-11 09:00:00,0.01131,352.12,3.18,3.908153564453128
2025-04-11 10:00:00,0.0,352.12,16.6,4.0
2025-04-11 11:00:00,-0.003,163.27,52.0,4.0
2025-04-11 12:00:00,-0.00499,163.27,98.8,4.0
2025-04-11 13:00:00,-0.00361,163.27,133.0,4.0
2025-04-11 14:00:00,-0.0001,77.0,153.0,4.0
2025-04-11 15:00:00,0.0,77.0,165.0,4.0
2025-04-11 16:00:00,0.07015,77.0,166.0,4.0
2025-04-11 17:00:00,0.11069,60.24,157.0,3.981516601562503
2025-04-11 18:00:00,0.1334,60.24,135.0,3.7962724609375034
2025-04-11 19:00:00,0.155,60.24,106.0,3.566409179687503
2025-04-11 20:00:00,0.13046,101.02,59.6,3.451613037109378
2025-04-11 21:00:00,0.1191,101.02,19.7,3.4124541015625027
2025-04-11 22:00:00,0.10549,101.02,2.07,3.417006103515628
2025-04-11 23:00:00,0.10784,166.09,0.0,3.425853759765628
2025-04-12 00:00:00,0.10441,166.09,0.0,3.4465153808593776
2025-04-12 01:00:00,0.10093,166.09,0.0,3.465898925781246
2025-04-12 02:00:00,0.09815,222.77,0.0,3.5083208007812456
2025-04-12 03:00:00,0.09899,222.77,0.0,3.5753557128906275
2025-04-12 04:00:00,0.09908,222.77,0.0,3.617949707031246
2025-04-12 05:00:00,0.10442,287.26,0.0,3.700482666015628
2025-04-12 06:00:00,0.09974,287.26,0.0,3.861838867187503
2025-04-12 07:00:00,0.0954899999999999,287.26,0.0,3.979985839843753
2025-04-12 08:00:00,0.06726,173.67,0.0,4.0
2025-04-12 09:00:00,0.02019,173.67,3.55,4.0
2025-04-12 10:00:00,0.0,173.67,15.8,4.0
2025-04-12 11:00:00,-0.00923,53.34,51.1,4.0
2025-04-12 12:00:00,-0.04004,53.34,93.7,4.0
2025-04-12 13:00:00,-0.04201,53.34,130.0,4.0
2025-04-12 14:00:00,-0.01868,22.86,151.0,4.0
2025-04-12 15:00:00,-8e-05,22.86,163.0,4.0
2025-04-12 16:00:00,0.05947,22.86,165.0,4.0
2025-04-12 17:00:00,0.11131,22.21,157.0,4.0
2025-04-12 18:00:00,0.15006,22.21,139.0,4.0
2025-04-12 19:00:00,0.12089,22.21,111.0,4.0
2025-04-12 20:00:00,0.091,37.95,68.3,4.0
2025-04-12 21:00:00,0.08627,37.95,14.5,3.961437255859378
2025-04-12 22:00:00,0.06427,37.95,3.27,3.942064697265628
2025-04-12 23:00:00,0.06399,62.8,0.0,3.967977783203128
2025-04-13 00:00:00,0.056,62.8,0.0,3.982659179687503
2025-04-13 01:00:00,0.04236,62.8,0.0,4.0
2025-04-13 02:00:00,0.0295,68.22,0.0,4.0
2025-04-13 03:00:00,0.03206,68.22,0.0,4.0
2025-04-13 04:00:00,0.03448,68.22,0.0,4.0
2025-04-13 05:00:00,0.02941,98.62,0.0,4.0
2025-04-13 06:00:00,0.02775,98.62,0.0,4.0
2025-04-13 07:00:00,0.01287,98.62,0.0,4.0
2025-04-13 08:00:00,0.00843,97.24,0.0,4.0
2025-04-13 09:00:00,0.0,97.24,2.7,4.0
2025-04-13 10:00:00,-2e-05,97.24,14.9,4.0
2025-04-13 11:00:00,-0.00302,69.91,30.2,4.0
2025-04-13 12:00:00,-0.01884,69.91,18.3,4.0
2025-04-13 13:00:00,-0.02538,69.91,22.0,4.0
2025-04-13 14:00:00,-0.00993,56.88,58.1,4.0
2025-04-13 15:00:00,-1e-05,56.88,80.7,4.0
2025-04-13 16:00:00,0.01756,56.88,103.0,4.0
2025-04-13 17:00:00,0.09863,84.77,61.1,4.0
2025-04-13 18:00:00,0.12065,84.77,26.5,4.0
2025-04-13 19:00:00,0.11801,84.77,41.7,4.0
2025-04-13 20:00:00,0.10806,128.48,42.8,4.0
2025-04-13 21:00:00,0.10335,128.48,20.8,4.0
2025-04-13 22:00:00,0.09498,128.48,2.37,4.0
2025-04-13 23:00:00,0.08756,167.34,0.0,4.0
2025-04-14 00:00:00,0.08269,167.34,0.0,4.0
2025-04-14 01:00:00,0.08211,167.34,0.0,4.0
2025-04-14 02:00:00,0.08229,181.42,0.0,4.0
2025-04-14 03:00:00,0.08452,181.42,0.0,4.0
2025-04-14 04:00:00,0.0970999999999999,181.42,0.0,4.0
2025-04-14 05:00:00,0.12434,245.26,0.0,4.0
2025-04-14 06:00:00,0.15203,245.26,0.0,4.0
2025-04-14 07:00:00,0.1437,245.26,0.0,4.0
2025-04-14 08:00:00,0.1047,235.74,100.0,4.0
2025-04-14 09:00:00,0.0910199999999999,235.74,6.98,4.0
2025-04-14 10:00:00,0.07707,235.74,24.3,4.0
2025-04-14 11:00:00,0.06235,116.31,49.4,4.0
2025-04-14 12:00:00,0.06164,116.31,95.7,4.0
2025-04-14 13:00:00,0.06436,116.31,130.0,4.0
2025-04-14 14:00:00,0.07529,63.93,139.0,4.0
2025-04-14 15:00:00,0.0846,63.93,132.0,4.0
2025-04-14 16:00:00,0.09702,63.93,115.0,4.0
2025-04-14 17:00:00,0.11935,35.38,128.0,4.0
2025-04-14 18:00:00,0.18,35.38,94.3,4.0
2025-04-14 19:00:00,0.14061,35.38,73.2,4.0
2025-04-14 20:00:00,0.10283,57.13,51.2,4.0
2025-04-14 21:00:00,0.08259,57.13,24.4,4.0
2025-04-14 22:00:00,0.076,57.13,2.83,4.0
2025-04-14 23:00:00,0.07293,100.26,0.0,4.0
2025-04-15 00:00:00,0.0732,100.26,0.0,4.0
2025-04-15 01:00:00,0.06738,100.26,0.0,4.0
2025-04-15 02:00:00,0.06429,129.65,0.0,3.964506103515628
2025-04-15 03:00:00,0.0663,129.65,0.0,3.8927067871093777
2025-04-15 04:00:00,0.07042,129.65,0.0,3.854760009765628
2025-04-15 05:00:00,0.08303,167.38,0.0,3.877377197265628
2025-04-15 06:00:00,0.0969899999999999,167.38,0.0,3.9587272949218777
2025-04-15 07:00:00,0.09856,167.38,0.0,4.0
2025-04-15 08:00:00,0.065,127.55,0.0,4.0
2025-04-15 09:00:00,0.04893,127.55,4.15,4.0
2025-04-15 10:00:00,0.00292,127.55,17.3,4.0
2025-04-15 11:00:00,8e-05,34.75,56.2,4.0
2025-04-15 12:00:00,0.0,34.75,98.6,4.0
2025-04-15 13:00:00,0.0001,34.75,96.4,4.0
2025-04-15 14:00:00,0.02927,45.54,49.5,4.0
2025-04-15 15:00:00,0.06808,45.54,58.0,4.0
2025-04-15 16:00:00,0.08657,45.54,37.8,4.0
2025-04-15 17:00:00,0.10528,59.11,52.7,4.0
2025-04-15 18:00:00,0.13358,59.11,36.2,4.0
2025-04-15 19:00:00,0.14154,59.11,17.3,3.982161132812503
2025-04-15 20:00:00,0.11058,85.52,14.8,3.983944580078128
2025-04-15 21:00:00,0.10221,85.52,12.6,3.846014892578128
2025-04-15 22:00:00,0.09376,85.52,2.33,3.779174072265628
2025-04-15 23:00:00,0.08801,115.65,0.0,3.7335661621093776
2025-04-16 00:00:00,0.08204,115.65,0.0,3.722832519531246
2025-04-16 01:00:00,0.0822,115.65,0.0,3.6633708496093775
2025-04-16 02:00:00,0.0814,122.35,0.0,3.6192314453125034
2025-04-16 03:00:00,0.08299,122.35,0.0,3.5275871582031275
2025-04-16 04:00:00,0.0994,122.35,0.0,3.4039873046875027
2025-04-16 05:00:00,0.121,163.69,0.0,3.393839599609377
2025-04-16 06:00:00,0.1351399999999999,163.69,0.0,3.5733635253906275
2025-04-16 07:00:00,0.10994,163.69,0.0,3.700874511718753
2025-04-16 08:00:00,0.0948199999999999,234.27,300.0,3.803779785156253
2025-04-16 09:00:00,0.07975,234.27,800.0,3.895255615234378
2025-04-16 10:00:00,0.06408,234.27,5.32,3.973749267578128
2025-04-16 11:00:00,0.0353,267.47,14.4,3.934641601562503
2025-04-16 12:00:00,0.0224,267.47,16.8,3.836321289062503
2025-04-16 13:00:00,0.02494,267.47,26.4,3.816750976562503
2025-04-16 14:00:00,0.055,256.15,22.0,3.7039030761718776
2025-04-16 15:00:00,0.068,256.15,22.1,3.441241943359377
2025-04-16 16:00:00,0.0931599999999999,256.15,23.0,3.4135747070312457
2025-04-16 17:00:00,0.118,191.59,23.5,3.303319580078128
2025-04-16 18:00:00,0.14652,191.59,18.8,3.3016569824218776
2025-04-16 19:00:00,0.13648,191.59,12.6,3.3056669921875024
2025-04-16 20:00:00,0.121,199.28,8.03,3.3159648437500024
2025-04-16 21:00:00,0.10969,199.28,3.33,3.3156169433593776
2025-04-16 22:00:00,0.09859,199.28,600.0,3.2907841796875026
2025-04-16 23:00:00,0.08899,215.83,0.0,3.265394775390628
2025-04-17 00:00:00,0.08399,215.83,0.0,3.223210937500003
2025-04-17 01:00:00,0.08167,215.83,0.0,3.1921708984375026
2025-04-17 02:00:00,0.0800699999999999,226.21,0.0,3.165170166015628
2025-04-17 03:00:00,0.08128,226.21,0.0,3.1307170410156275
2025-04-17 04:00:00,0.08743,226.21,0.0,3.078802978515628
2025-04-17 05:00:00,0.1080199999999999,293.25,0.0,3.1360454101562527
2025-04-17 06:00:00,0.1227999999999999,293.25,0.0,3.1495732421875027
2025-04-17 07:00:00,0.13,293.25,0.0,3.1460612792968776
2025-04-17 08:00:00,0.121,339.84,0.0,3.262670166015628
2025-04-17 09:00:00,0.11,339.84,633.0,3.4709855957031275
2025-04-17 10:00:00,0.09503,339.84,3.88,3.644657470703128
2025-04-17 11:00:00,0.08084,334.56,9.7,3.645543701171878
2025-04-17 12:00:00,0.08104,334.56,18.3,3.729277832031246
2025-04-17 13:00:00,0.07775,334.56,16.8,3.711088134765628
2025-04-17 14:00:00,0.07765,307.45,23.4,3.661876708984378
2025-04-17 15:00:00,0.08387,307.45,27.5,3.6447380371093776
2025-04-17 16:00:00,0.09763,307.45,22.5,3.5238481445312457
2025-04-17 17:00:00,0.11265,251.68,23.4,3.444288818359378
2025-04-17 18:00:00,0.129,251.68,18.4,3.3553654785156275
2025-04-17 19:00:00,0.12279,251.68,14.4,3.321505615234378
2025-04-17 20:00:00,0.11476,246.36,5.03,3.2886198730468776
2025-04-17 21:00:00,0.0989,246.36,1.53,3.2582170410156275
2025-04-17 22:00:00,0.09652,246.36,500.0,3.201003906250002
2025-04-17 23:00:00,0.091,240.29,0.0,3.1483098144531274
2025-04-18 00:00:00,0.0813,240.29,0.0,3.0539372558593776
2025-04-18 01:00:00,0.07912,240.29,0.0,2.9738835449218777
2025-04-18 02:00:00,0.07794,257.3,0.0,2.904373046875002
2025-04-18 03:00:00,0.07634,257.3,0.0,2.8713884277343777
2025-04-18 04:00:00,0.07635,257.3,0.0,2.8745231933593773
2025-04-18 05:00:00,0.07939,277.36,0.0,2.9779448242187527
2025-04-18 06:00:00,0.08798,277.36,0.0,3.1315263671875027
2025-04-18 07:00:00,0.09125,277.36,0.0,3.2329228515625026
2025-04-18 08:00:00,0.09014,302.31,0.0,3.3568632812500026
2025-04-18 09:00:00,0.0883,302.31,1.78,3.4529020996093776
2025-04-18 10:00:00,0.08328,302.31,5.38,3.5633476562500026
2025-04-18 11:00:00,0.07503,249.61,12.0,3.601426269531246
2025-04-18 12:00:00,0.06375,249.61,24.3,3.6393217773437527
2025-04-18 13:00:00,0.06264,249.61,59.1,3.577153808593753
2025-04-18 14:00:00,0.06536,173.98,58.4,3.4170134277343776
2025-04-18 15:00:00,0.07661,173.98,79.7,3.386028320312503
2025-04-18 16:00:00,0.08864,173.98,135.0,3.362074462890628
2025-04-18 17:00:00,0.1035,155.74,131.0,3.271517822265628
2025-04-18 18:00:00,0.12312,155.74,55.8,3.1331816406250024
2025-04-18 19:00:00,0.12652,155.74,52.6,3.066113769531246
2025-04-18 20:00:00,0.11652,183.37,41.0,3.004528076171878
2025-04-18 21:00:00,0.10635,183.37,5.23,2.9665703125000027
2025-04-18 22:00:00,0.09912,183.37,1.97,2.9467985839843776
2025-04-18 23:00:00,0.08932,199.85,0.0,2.912466308593753
2025-04-19 00:00:00,0.08001,199.85,0.0,2.8841069335937526
2025-04-19 01:00:00,0.08445,199.85,0.0,2.8730583496093773
2025-04-19 02:00:00,0.08239,219.94,0.0,2.866049072265628
2025-04-19 03:00:00,0.08498,219.94,0.0,2.8509941406250023
2025-04-19 04:00:00,0.09062,219.94,0.0,2.845951416015628
2025-04-19 05:00:00,0.0952,221.84,0.0,2.9344426269531274
2025-04-19 06:00:00,0.09167,221.84,0.0,3.0713395996093777
2025-04-19 07:00:00,0.08389,221.84,0.0,3.226503173828128
2025-04-19 08:00:00,0.07643,188.77,0.0,3.386907226562503
2025-04-19 09:00:00,0.02999,188.77,5.65,3.518607666015628
2025-04-19 10:00:00,0.00454,188.77,21.7,3.643221923828128
2025-04-19 11:00:00,0.0,119.77,54.9,3.724370605468753
2025-04-19 12:00:00,-0.0030099999999999,119.77,80.0,3.769542724609378
2025-04-19 13:00:00,-0.00726,119.77,135.0,3.8013591308593777
2025-04-19 14:00:00,-0.00086,95.48,144.0,3.816542236328128
2025-04-19 15:00:00,0.0002,95.48,132.0,3.7801665039062526
2025-04-19 16:00:00,0.06401,95.48,95.3,3.720214111328128
2025-04-19 17:00:00,0.10277,80.23,152.0,3.636926757812503
2025-04-19 18:00:00,0.12684,80.23,105.0,3.5249101562500025
2025-04-19 19:00:00,0.14271,80.23,103.0,3.4571318359375027
2025-04-19 20:00:00,0.12736,130.04,53.4,3.407177001953128
2025-04-19 21:00:00,0.10955,130.04,16.1,3.365359375000003
2025-04-19 22:00:00,0.09827,130.04,2.73,3.338146240234378
2025-04-19 23:00:00,0.10041,177.28,0.0,3.3432402343750027
2025-04-20 00:00:00,0.0949,177.28,0.0,3.3434343261718777
2025-04-20 01:00:00,0.09898,177.28,0.0,3.328679687500003
2025-04-20 02:00:00,0.09741,216.41,0.0,3.2843828125000027
2025-04-20 03:00:00,0.09883,216.41,0.0,3.2322563476562527
2025-04-20 04:00:00,0.10864,216.41,0.0,3.2058671875000027
2025-04-20 05:00:00,0.1093799999999999,231.29,0.0,3.2186223144531274
2025-04-20 06:00:00,0.0943199999999999,231.29,0.0,3.248915283203128
2025-04-20 07:00:00,0.0686,231.29,0.0,3.3617338867187527
2025-04-20 08:00:00,0.01863,168.6,700.0,3.4950200195312457
2025-04-20 09:00:00,0.0,168.6,5.0,3.574041015625003
2025-04-20 10:00:00,-0.0057199999999999,168.6,20.1,3.6404350585937526
2025-04-20 11:00:00,-0.03499,85.9,57.8,3.7410954589843777
2025-04-20 12:00:00,-0.05242,85.9,99.9,3.8633183593750022
2025-04-20 13:00:00,-0.0400499999999999,85.9,130.0,3.8036882324218775
2025-04-20 14:00:00,-0.0047599999999999,47.56,121.0,3.624852783203128
2025-04-20 15:00:00,0.0,47.56,161.0,3.606681396484378
2025-04-20 16:00:00,0.07242,47.56,117.0,3.5193583984375025
2025-04-20 17:00:00,0.10681,91.9,60.9,3.429222900390628
2025-04-20 18:00:00,0.1199399999999999,91.9,20.2,3.301547119140628
2025-04-20 19:00:00,0.14495,91.9,34.0,3.247073242187503
2025-04-20 20:00:00,0.13756,135.85,4.45,3.229579345703128
2025-04-20 21:00:00,0.12182,135.85,2.8,3.192617675781246
2025-04-20 22:00:00,0.11068,135.85,533.0,3.1697368164062527
2025-04-20 23:00:00,0.10858,179.23,0.0,3.1478886718750028
2025-04-21 00:00:00,0.09759,179.23,0.0,3.106155273437502
2025-04-21 01:00:00,0.09647,179.23,0.0,3.0875554199218778
2025-04-21 02:00:00,0.09684,230.26,0.0,3.0823149414062527
2025-04-21 03:00:00,0.09798,230.26,0.0,3.0664946289062525
2025-04-21 04:00:00,0.09854,230.26,0.0,3.0595329589843776
2025-04-21 05:00:00,0.0970699999999999,251.31,0.0,3.095692626953128
2025-04-21 06:00:00,0.09131,251.31,0.0,3.1584978027343777
2025-04-21 07:00:00,0.0885,251.31,0.0,3.2046293945312456
2025-04-21 08:00:00,0.08799,171.22,600.0,3.3292436523437527
2025-04-21 09:00:00,0.0652399999999999,171.22,4.3,3.514762451171878
2025-04-21 10:00:00,0.03388,171.22,21.3,3.620414306640628
2025-04-21 11:00:00,0.01719,112.62,63.1,3.689159423828128
2025-04-21 12:00:00,0.00891,112.62,96.1,3.707385742187503
2025-04-21 13:00:00,0.00843,112.62,47.5,3.722832519531246
2025-04-21 14:00:00,0.01001,105.33,33.2,3.5679179687500024
2025-04-21 15:00:00,0.05005,105.33,40.4,3.507522460937502
2025-04-21 16:00:00,0.08877,105.33,37.0,3.4857548828125027
2025-04-21 17:00:00,0.10195,114.39,18.4,3.380077392578128
2025-04-21 18:00:00,0.12195,114.39,20.1,3.3281596679687526
2025-04-21 19:00:00,0.1391399999999999,114.39,19.3,3.276864501953128
2025-04-21 20:00:00,0.1321,134.02,15.3,3.233596679687502
2025-04-21 21:00:00,0.1227699999999999,134.02,9.3,3.185150634765628
2025-04-21 22:00:00,0.10654,134.02,3.45,3.123737060546877
2025-04-21 23:00:00,0.0962099999999999,169.9,0.0,3.0631657714843774
2025-04-22 00:00:00,0.0888,169.9,0.0,2.9491350097656275
2025-04-22 01:00:00,0.0874,169.9,0.0,2.898839599609377
2025-04-22 02:00:00,0.08501,163.89,0.0,2.8544438476562526
2025-04-22 03:00:00,0.08458,163.89,0.0,2.7712011718750014
2025-04-22 04:00:00,0.09739,163.89,0.0,2.75153767903646
2025-04-22 05:00:00,0.12076,204.88,0.0,2.7803523763020848
2025-04-22 06:00:00,0.1515399999999999,204.88,0.0,2.8631669921875025
2025-04-22 07:00:00,0.147,204.88,0.0,3.0111784667968777
2025-04-22 08:00:00,0.11188,254.98,0.0,3.1594316406250025
2025-04-22 09:00:00,0.0952,254.98,4.63,3.271122314453128
2025-04-22 10:00:00,0.08997,254.98,18.6,3.398479492187503
2025-04-22 11:00:00,0.07992,141.41,38.3,3.5228374023437525
2025-04-22 12:00:00,0.06766,141.41,51.3,3.609116699218753
2025-04-22 13:00:00,0.07147,141.41,92.9,3.6595476074218776
2025-04-22 14:00:00,0.07845,59.48,133.0,3.670607177734378
2025-04-22 15:00:00,0.0830699999999999,59.48,116.0,3.612518798828128
2025-04-22 16:00:00,0.10004,59.48,143.0,3.494258300781246
2025-04-22 17:00:00,0.1223799999999999,50.31,139.0,3.396018554687503
2025-04-22 18:00:00,0.19232,50.31,126.0,3.182601806640628
2025-04-22 19:00:00,0.2632,50.31,73.0,3.060012695312502
2025-04-22 20:00:00,0.15728,78.71,43.3,2.953654052734377
2025-04-22 21:00:00,0.12228,78.71,17.9,2.8714543457031274
2025-04-22 22:00:00,0.1095999999999999,78.71,2.4,2.796056722005209
2025-04-22 23:00:00,0.10672,120.29,0.0,2.752426757812501
2025-04-23 00:00:00,0.0994,120.29,0.0,2.707014567057293
2025-04-23 01:00:00,0.09684,120.29,0.0,2.67934529622396
2025-04-23 02:00:00,0.0967,147.87,0.0,2.65906941731771
2025-04-23 03:00:00,0.1012,147.87,0.0,2.625929361979168
2025-04-23 04:00:00,0.10823,147.87,0.0,2.638923746744793
2025-04-23 05:00:00,0.13709,198.06,0.0,2.764407958984376
2025-04-23 06:00:00,0.152,198.06,0.0,3.028947021484377
2025-04-23 07:00:00,0.12884,198.06,0.0,3.1896257324218777
2025-04-23 08:00:00,0.1,217.74,0.0,3.3132878417968774
2025-04-23 09:00:00,0.092,217.74,5.1,3.402449218750003
2025-04-23 10:00:00,0.09439,217.74,20.0,3.495448486328128
2025-04-23 11:00:00,0.08104,136.25,16.5,3.561018554687503
2025-04-23 12:00:00,0.08029,136.25,86.8,3.581584960937503
2025-04-23 13:00:00,0.088,136.25,70.2,3.578893310546878
2025-04-23 14:00:00,0.0923499999999999,173.68,51.9,3.5198967285156275
2025-04-23 15:00:00,0.09905,173.68,21.3,3.4399711914062525
2025-04-23 16:00:00,0.10828,173.68,19.1,3.3060771484375024
2025-04-23 17:00:00,0.1289,148.78,49.4,3.2466191406250027
2025-04-23 18:00:00,0.15597,148.78,30.5,3.0664873046875027
2025-04-23 19:00:00,0.14867,148.78,25.6,3.0128886718750025
2025-04-23 20:00:00,0.12611,172.11,23.5,2.905804931640628
2025-04-23 21:00:00,0.1082,172.11,17.8,2.8181267089843773
2025-04-23 22:00:00,0.09715,172.11,2.25,2.755647379557293
2025-04-23 23:00:00,0.09417,182.13,0.0,2.700168457031252
2025-04-24 00:00:00,0.0883,182.13,0.0,2.665297037760418
2025-04-24 01:00:00,0.0867,182.13,0.0,2.6329890950520847
2025-04-24 02:00:00,0.08565,173.76,0.0,2.5973730468750014
2025-04-24 03:00:00,0.08435,173.76,0.0,2.60230672200521
2025-04-24 04:00:00,0.09093,173.76,0.0,2.599372965494793
2025-04-24 05:00:00,0.11034,218.87,0.0,2.691593017578126
2025-04-24 06:00:00,0.11851,218.87,0.0,2.8271538085937524
2025-04-24 07:00:00,0.11765,218.87,0.0,3.0218242187500026
2025-04-24 08:00:00,0.1089099999999999,237.4,0.0,3.265464355468753
2025-04-24 09:00:00,0.09667,237.4,867.0,3.441571533203128
2025-04-24 10:00:00,0.09355,237.4,2.68,3.5266093750000027
2025-04-24 11:00:00,0.08156,221.65,13.7,3.588140136718753
2025-04-24 12:00:00,0.07895,221.65,15.3,3.6184880371093775
2025-04-24 13:00:00,0.07804,221.65,17.8,3.619703857421878
2025-04-24 14:00:00,0.07872,193.11,26.1,3.6121562500000026
2025-04-24 15:00:00,0.08337,193.11,32.1,3.582716552734378
2025-04-24 16:00:00,0.09536,193.11,41.1,3.543260986328128
2025-04-24 17:00:00,0.10102,136.47,30.6,3.471271240234377
2025-04-24 18:00:00,0.11464,136.47,23.9,3.351527587890628
2025-04-24 19:00:00,0.12161,136.47,26.6,3.2925273437500024
2025-04-24 20:00:00,0.11448,159.54,13.4,3.2437846679687525
2025-04-24 21:00:00,0.10653,159.54,5.13,3.1852385253906275
2025-04-24 22:00:00,0.0930999999999999,159.54,1.47,3.173831054687503
2025-04-24 23:00:00,0.09103,181.49,0.0,3.1424943847656275
2025-04-25 00:00:00,0.08292,181.49,0.0,3.0933525390625025
2025-04-25 01:00:00,0.08223,181.49,0.0,3.0289946289062524
2025-04-25 02:00:00,0.0834,179.8,0.0,2.9657646484375024
2025-04-25 03:00:00,0.08495,179.8,0.0,2.9036259765625028
2025-04-25 04:00:00,0.09464,179.8,0.0,2.8879191894531275
2025-04-25 05:00:00,0.10441,235.39,0.0,2.922207519531246
2025-04-25 06:00:00,0.11339,235.39,0.0,3.0662822265625027
2025-04-25 07:00:00,0.111,235.39,0.0,3.2231376953125026
2025-04-25 08:00:00,0.09941,291.2,0.0,3.335092041015628
2025-04-25 09:00:00,0.08817,291.2,2.97,3.448009521484378
2025-04-25 10:00:00,0.07545,291.2,13.6,3.545842773437503
2025-04-25 11:00:00,0.06661,268.1,18.8,3.611383544921878
2025-04-25 12:00:00,0.04803,268.1,29.7,3.6424235839843777
2025-04-25 13:00:00,0.04099,268.1,37.7,3.658046142578128
2025-04-25 14:00:00,0.05947,193.99,34.0,3.538397705078128
2025-04-25 15:00:00,0.07304,193.99,41.2,3.500062744140628
2025-04-25 16:00:00,0.08419,193.99,42.3,3.3763603515625027
2025-04-25 17:00:00,0.09943,142.21,53.8,3.3027080078125026
2025-04-25 18:00:00,0.11599,142.21,49.9,3.1922038574218776
2025-04-25 19:00:00,0.12378,142.21,37.7,3.1400993652343776
2025-04-25 20:00:00,0.1096299999999999,181.79,60.8,3.068285400390628
2025-04-25 21:00:00,0.10037,181.79,27.6,2.996617919921877
2025-04-25 22:00:00,0.09209,181.79,5.1,2.9683317871093777
2025-04-25 23:00:00,0.1,233.31,0.0,2.9340947265625026
2025-04-26 00:00:00,0.09219,233.31,0.0,2.909349853515628
2025-04-26 01:00:00,0.0910199999999999,233.31,0.0,2.8936357421875027
2025-04-26 02:00:00,0.0896599999999999,257.39,0.0,2.841498291015628
2025-04-26 03:00:00,0.08901,257.39,0.0,2.829208251953128
2025-04-26 04:00:00,0.09086,257.39,0.0,2.8425419921875026
2025-04-26 05:00:00,0.09301,316.36,0.0,2.939291259765628
2025-04-26 06:00:00,0.08633,316.36,0.0,3.083754150390628
2025-04-26 07:00:00,0.07219,316.36,0.0,3.1943352050781275
2025-04-26 08:00:00,0.03445,213.71,1.3,3.356171142578128
2025-04-26 09:00:00,0.0025499999999999,213.71,7.75,3.4760722656250027
2025-04-26 10:00:00,-1e-05,213.71,25.5,3.5719975585937527
2025-04-26 11:00:00,-0.00763,94.62,63.5,3.626420166015628
2025-04-26 12:00:00,-0.01485,94.62,104.0,3.688621093750003
2025-04-26 13:00:00,-0.01077,94.62,133.0,3.724154541015628
2025-04-26 14:00:00,-0.00219,53.56,155.0,3.762042724609378
2025-04-26 15:00:00,-2e-05,53.56,150.0,3.7721757812500023
2025-04-26 16:00:00,0.0309899999999999,53.56,104.0,3.714358398437503
2025-04-26 17:00:00,0.079,26.15,103.0,3.619875976562503
2025-04-26 18:00:00,0.09981,26.15,138.0,3.522277099609377
2025-04-26 19:00:00,0.1074,26.15,113.0,3.4780424804687526
2025-04-26 20:00:00,0.0968499999999999,70.07,73.4,3.4425236816406275
2025-04-26 21:00:00,0.08526,70.07,30.5,3.423715087890628
2025-04-26 22:00:00,0.07231,70.07,4.53,3.3906572265625026
2025-04-26 23:00:00,0.0677099999999999,111.83,0.0,3.364941894531246
2025-04-27 00:00:00,0.06291,111.83,0.0,3.3310490722656274
2025-04-27 01:00:00,0.05796,111.83,0.0,3.3018730468750026
2025-04-27 02:00:00,0.05912,150.33,0.0,3.275839111328128
2025-04-27 03:00:00,0.0619399999999999,150.33,0.0,3.2400712890625027
2025-04-27 04:00:00,0.06905,150.33,0.0,3.2223356933593776
2025-04-27 05:00:00,0.06914,213.22,0.0,3.348293945312503
2025-04-27 06:00:00,0.06372,213.22,0.0,3.5971416015625026
2025-04-27 07:00:00,0.03495,213.22,0.0,3.760892822265628
2025-04-27 08:00:00,4e-05,131.2,1.3,3.889117919921878
2025-04-27 09:00:00,-0.003,131.2,5.48,3.933282958984378
2025-04-27 10:00:00,-0.03388,131.2,21.9,3.963088867187503
2025-04-27 11:00:00,-0.10104,55.14,62.2,4.0
2025-04-27 12:00:00,-0.12981,55.14,104.0,4.0
2025-04-27 13:00:00,-0.11661,55.14,134.0,3.9941362304687527
2025-04-27 14:00:00,-0.05,18.22,153.0,4.0
2025-04-27 15:00:00,-0.00517,18.22,160.0,3.930448486328128
2025-04-27 16:00:00,0.01835,18.22,159.0,3.884133789062503
2025-04-27 17:00:00,0.09198,14.82,150.0,3.812162353515628
2025-04-27 18:00:00,0.11083,14.82,140.0,3.743490478515628
2025-04-27 19:00:00,0.12423,14.82,110.0,3.6057475585937526
2025-04-27 20:00:00,0.1092399999999999,45.49,68.1,3.4871831054687528
2025-04-27 21:00:00,0.099,45.49,29.4,3.4311601562500025
2025-04-27 22:00:00,0.0937699999999999,45.49,5.43,3.3613017578125026
2025-04-27 23:00:00,0.0922399999999999,110.64,100.0,3.3405559082031275
2025-04-28 00:00:00,0.08649,110.64,0.0,3.3348759765625027
2025-04-28 01:00:00,0.0831,110.64,0.0,3.312181884765628
2025-04-28 02:00:00,0.08541,169.59,0.0,3.300741455078128
2025-04-28 03:00:00,0.09119,169.59,0.0,3.311328613281246
2025-04-28 04:00:00,0.09949,169.59,0.0,3.366523925781246
2025-04-28 05:00:00,0.14,253.1,0.0,3.5311467285156275
2025-04-28 06:00:00,0.13109,253.1,0.0,3.720148193359378
2025-04-28 07:00:00,0.0968499999999999,253.1,0.0,3.834124023437503
2025-04-28 08:00:00,0.06737,189.85,1.5,4.0
2025-04-28 09:00:00,0.0100299999999999,189.85,6.13,4.0
2025-04-28 10:00:00,-1e-05,189.85,24.0,4.0
2025-04-28 11:00:00,-0.0040199999999999,42.22,63.1,4.0
2025-04-28 12:00:00,-0.0059,42.22,104.0,4.0
2025-04-28 13:00:00,-0.00618,42.22,132.0,4.0
2025-04-28 14:00:00,-0.00154,9.06,152.0,4.0
2025-04-28 15:00:00,0.0020099999999999,9.06,161.0,4.0
2025-04-28 16:00:00,0.07183,9.06,162.0,4.0
2025-04-28 17:00:00,0.10192,6.72,154.0,4.0
2025-04-28 18:00:00,0.1499,6.72,135.0,4.0
2025-04-28 19:00:00,0.19481,6.72,107.0,4.0
2025-04-28 20:00:00,0.12883,38.76,69.1,4.0
2025-04-28 21:00:00,0.10624,38.76,30.0,4.0
2025-04-28 22:00:00,0.09683,38.76,5.0,3.990781738281246
2025-04-28 23:00:00,0.09064,97.82,100.0,3.969878417968753
2025-04-29 00:00:00,0.0868599999999999,97.82,0.0,3.991371337890628
2025-04-29 01:00:00,0.08176,97.82,0.0,4.0
2025-04-29 02:00:00,0.07917,155.97,0.0,4.0
2025-04-29 03:00:00,0.08003,155.97,0.0,4.0
2025-04-29 04:00:00,0.09057,155.97,0.0,4.0
2025-04-29 05:00:00,0.107,232.63,0.0,4.0
2025-04-29 06:00:00,0.11313,232.63,0.0,4.0
2025-04-29 07:00:00,0.09998,232.63,0.0,4.0
2025-04-29 08:00:00,0.078,163.61,2.05,4.0
2025-04-29 09:00:00,0.00931,163.61,6.73,4.0
2025-04-29 10:00:00,0.0,163.61,24.4,4.0
2025-04-29 11:00:00,-0.00076,24.36,62.7,4.0
2025-04-29 12:00:00,-0.0019,24.36,102.0,4.0
2025-04-29 13:00:00,-0.0016699999999999,24.36,132.0,4.0
2025-04-29 14:00:00,-1e-05,5.0,152.0,4.0
2025-04-29 15:00:00,0.01482,5.0,162.0,4.0
2025-04-29 16:00:00,0.0775999999999999,5.0,161.0,4.0
2025-04-29 17:00:00,0.102,5.0,152.0,4.0
2025-04-29 18:00:00,0.13983,5.0,133.0,4.0
2025-04-29 19:00:00,0.17475,5.0,104.0,3.963568603515628
2025-04-29 20:00:00,0.12911,20.03,67.4,3.822738525390628
2025-04-29 21:00:00,0.10883,20.03,29.6,3.723865234375003
2025-04-29 22:00:00,0.0978199999999999,20.03,5.25,3.6421892089843775
2025-04-29 23:00:00,0.095,57.6,100.0,3.5863530273437525
2025-04-30 00:00:00,0.09,57.6,0.0,3.550489990234378
2025-04-30 01:00:00,0.08759,57.6,0.0,3.517318603515628
2025-04-30 02:00:00,0.08825,99.71,0.0,3.4878496093750027
2025-04-30 03:00:00,0.0914,99.71,0.0,3.4519389648437526
2025-04-30 04:00:00,0.09583,99.71,0.0,3.4554619140625027
2025-04-30 05:00:00,0.11527,173.88,0.0,3.665480224609378
2025-04-30 06:00:00,0.1202999999999999,173.88,0.0,3.989426757812503
2025-04-30 07:00:00,0.0999,173.88,0.0,4.0
2025-04-30 08:00:00,0.0767,106.98,1.95,4.0
2025-04-30 09:00:00,0.00708,106.98,7.25,4.0
2025-04-30 10:00:00,0.0,106.98,24.2,4.0
2025-04-30 11:00:00,-0.001,8.62,57.3,4.0
2025-04-30 12:00:00,-0.00621,8.62,96.4,4.0
2025-04-30 13:00:00,-0.003,8.62,121.0,4.0
2025-04-30 14:00:00,-2e-05,5.58,145.0,4.0
2025-04-30 15:00:00,0.01991,5.58,156.0,4.0
2025-04-30 16:00:00,0.07839,5.58,157.0,4.0
2025-04-30 17:00:00,0.1018,6.0,149.0,4.0
2025-04-30 18:00:00,0.13037,6.0,132.0,4.0
2025-04-30 19:00:00,0.17643,6.0,104.0,4.0
2025-04-30 20:00:00,0.128,11.44,69.0,4.0
2025-04-30 21:00:00,0.10833,11.44,29.9,4.0
2025-04-30 22:00:00,0.09868,11.44,5.33,3.993396484375003
2025-04-30 23:00:00,0.09751,23.49,400.0,3.981802246093753
2025-05-01 00:00:00,0.09178,23.49,0.0,3.9393437500000026
2025-05-01 01:00:00,0.09046,23.49,0.0,3.917015869140628
2025-05-01 02:00:00,0.09063,69.32,0.0,3.899397460937503
2025-05-01 03:00:00,0.0905,69.32,0.0,3.863486816406253
2025-05-01 04:00:00,0.08416,69.32,0.0,3.8480180664062527
2025-05-01 05:00:00,0.08394,117.32,0.0,4.0
2025-05-01 06:00:00,0.07804,117.32,0.0,4.0
2025-05-01 07:00:00,0.0621,117.32,0.0,4.0
2025-05-01 08:00:00,0.0,51.16,1.85,4.0
2025-05-01 09:00:00,-0.003,51.16,5.93,4.0
2025-05-01 10:00:00,-0.0401,51.16,22.8,4.0
2025-05-01 11:00:00,-0.08501,5.04,64.1,4.0
2025-05-01 12:00:00,-0.12999,5.04,99.8,4.0
2025-05-01 13:00:00,-0.1181099999999999,5.04,125.0,4.0
2025-05-01 14:00:00,-0.04999,5.0,142.0,4.0
2025-05-01 15:00:00,-0.00517,5.0,152.0,4.0
2025-05-01 16:00:00,0.04077,5.0,151.0,4.0
2025-05-01 17:00:00,0.09614,5.0,142.0,4.0
2025-05-01 18:00:00,0.12987,5.0,126.0,4.0
2025-05-01 19:00:00,0.16438,5.0,100.0,4.0
2025-05-01 20:00:00,0.12245,7.0,65.6,4.0
2025-05-01 21:00:00,0.10073,7.0,26.2,4.0
2025-05-01 22:00:00,0.0871,7.0,5.93,4.0
2025-05-01 23:00:00,0.08992,15.99,100.0,4.0
2025-05-02 00:00:00,0.07712,15.99,0.0,3.9585917968750026
2025-05-02 01:00:00,0.0669,15.99,0.0,3.925248291015628
2025-05-02 02:00:00,0.06391,20.64,0.0,3.950692626953128
2025-05-02 03:00:00,0.066,20.64,0.0,3.959397460937503
2025-05-02 04:00:00,0.07401,20.64,0.0,3.963037597656253
2025-05-02 05:00:00,0.08683,38.18,0.0,4.0
2025-05-02 06:00:00,0.08855,38.18,0.0,4.0
2025-05-02 07:00:00,0.0849,38.18,0.0,4.0
2025-05-02 08:00:00,0.055,9.22,1.75,4.0
2025-05-02 09:00:00,0.00085,9.22,6.3,4.0
2025-05-02 10:00:00,-1e-05,9.22,23.8,4.0
2025-05-02 11:00:00,-0.0008,4.25,60.7,4.0
2025-05-02 12:00:00,-0.003,4.25,93.9,4.0
2025-05-02 13:00:00,-0.004,4.25,118.0,4.0
2025-05-02 14:00:00,-8e-05,4.25,140.0,4.0
2025-05-02 15:00:00,0.0003,4.25,105.0,4.0
2025-05-02 16:00:00,0.0675,4.25,145.0,4.0
2025-05-02 17:00:00,0.0999,6.25,142.0,4.0
2025-05-02 18:00:00,0.11839,6.25,127.0,4.0
2025-05-02 19:00:00,0.1504,6.25,95.0,4.0
2025-05-02 20:00:00,0.12124,8.0,62.3,4.0
2025-05-02 21:00:00,0.10672,8.0,26.8,4.0
2025-05-02 22:00:00,0.09644,8.0,6.05,4.0
2025-05-02 23:00:00,0.09781,11.18,400.0,4.0
2025-05-03 00:00:00,0.09334,11.18,0.0,4.0
2025-05-03 01:00:00,0.0922,11.18,0.0,4.0
2025-05-03 02:00:00,0.092,32.27,0.0,4.0
2025-05-03 03:00:00,0.09123,32.27,0.0,4.0
2025-05-03 04:00:00,0.09184,32.27,0.0,4.0
2025-05-03 05:00:00,0.09286,59.38,0.0,4.0
2025-05-03 06:00:00,0.08773,59.38,0.0,4.0
2025-05-03 07:00:00,0.0799,59.38,0.0,4.0
2025-05-03 08:00:00,0.0135299999999999,49.75,2.37,4.0
2025-05-03 09:00:00,1e-05,49.75,9.4,4.0
2025-05-03 10:00:00,-1e-05,49.75,18.5,4.0
2025-05-03 11:00:00,-0.00116,32.24,25.6,4.0
2025-05-03 12:00:00,-0.00304,32.24,34.4,4.0
2025-05-03 13:00:00,-0.00269,32.24,96.3,4.0
2025-05-03 14:00:00,-3e-05,24.0,88.3,4.0
2025-05-03 15:00:00,0.0,24.0,77.3,4.0
2025-05-03 16:00:00,0.02887,24.0,65.8,4.0
2025-05-03 17:00:00,0.06811,44.3,11.2,4.0
2025-05-03 18:00:00,0.07754,44.3,11.2,4.0
2025-05-03 19:00:00,0.0902699999999999,44.3,12.2,4.0
2025-05-03 20:00:00,0.08702,68.27,12.3,4.0
2025-05-03 21:00:00,0.0786299999999999,68.27,5.9,4.0
2025-05-03 22:00:00,0.06591,68.27,1.98,4.0
2025-05-03 23:00:00,0.0603,112.83,150.0,3.955676757812503
2025-05-04 00:00:00,0.0448999999999999,112.83,0.0,3.902191650390628
2025-05-04 01:00:00,0.03147,112.83,0.0,3.858726074218753
2025-05-04 02:00:00,0.02039,172.07,0.0,3.8186442871093775
2025-05-04 03:00:00,0.02002,172.07,0.0,3.788179199218753
2025-05-04 04:00:00,0.01558,172.07,0.0,3.758549072265628
2025-05-04 05:00:00,0.0136199999999999,209.95,0.0,3.738781005859378
2025-05-04 06:00:00,0.00783,209.95,0.0,3.7390446777343778
2025-05-04 07:00:00,0.00293,209.95,0.0,3.7397770996093778
2025-05-04 08:00:00,0.0,150.43,2.27,3.7555534667968775
2025-05-04 09:00:00,-1e-05,150.43,10.8,3.821724121093753
2025-05-04 10:00:00,-1e-05,150.43,32.8,3.964103271484378
2025-05-04 11:00:00,-2e-05,117.52,56.6,4.0
2025-05-04 12:00:00,-0.002,117.52,33.4,4.0
2025-05-04 13:00:00,-0.00501,117.52,51.4,4.0
2025-05-04 14:00:00,-0.00159,92.62,93.7,4.0
2025-05-04 15:00:00,-1e-05,92.62,104.0,4.0
2025-05-04 16:00:00,0.01007,92.62,81.8,4.0
2025-05-04 17:00:00,0.08008,97.77,80.2,4.0
2025-05-04 18:00:00,0.09595,97.77,45.2,4.0
2025-05-04 19:00:00,0.109,97.77,67.0,3.892131835937503
2025-05-04 20:00:00,0.11238,140.55,30.0,3.7575163574218777
2025-05-04 21:00:00,0.10179,140.55,14.8,3.693722412109378
2025-05-04 22:00:00,0.08735,140.55,4.8,3.6527836914062526
2025-05-04 23:00:00,0.07518,182.76,600.0,3.594808837890628
2025-05-05 00:00:00,0.07051,182.76,0.0,3.562823974609377
2025-05-05 01:00:00,0.07225,182.76,0.0,3.5322124023437524
2025-05-05 02:00:00,0.07515,228.19,0.0,3.484608642578128
2025-05-05 03:00:00,0.07498,228.19,0.0,3.4707841796875027
2025-05-05 04:00:00,0.08949,228.19,0.0,3.4785551757812456
2025-05-05 05:00:00,0.11092,315.34,0.0,3.744028808593753
2025-05-05 06:00:00,0.12257,315.34,0.0,3.9714860839843777
2025-05-05 07:00:00,0.10669,315.34,0.0,4.0
2025-05-05 08:00:00,0.09082,265.19,1.87,4.0
2025-05-05 09:00:00,0.08,265.19,11.6,4.0
2025-05-05 10:00:00,0.0616499999999999,265.19,32.8,4.0
2025-05-05 11:00:00,0.0538299999999999,183.55,71.6,4.0
2025-05-05 12:00:00,0.0496599999999999,183.55,102.0,4.0
2025-05-05 13:00:00,0.0593,183.55,69.0,4.0
2025-05-05 14:00:00,0.07042,125.7,89.3,4.0
2025-05-05 15:00:00,0.0788799999999999,125.7,89.5,4.0
2025-05-05 16:00:00,0.08922,125.7,88.9,4.0
2025-05-05 17:00:00,0.1001,83.97,88.7,4.0
2025-05-05 18:00:00,0.1289199999999999,83.97,125.0,3.942668945312503
2025-05-05 19:00:00,0.128,83.97,73.4,3.914514648437503
2025-05-05 20:00:00,0.11317,113.1,20.1,3.9093620605468775
2025-05-05 21:00:00,0.10152,113.1,20.0,3.888901855468753
2025-05-05 22:00:00,0.0944599999999999,113.1,6.0,3.858363525390628
2025-05-05 23:00:00,0.0872199999999999,163.43,900.0,3.775394775390628
2025-05-06 00:00:00,0.08168,163.43,0.0,3.740033447265628
2025-05-06 01:00:00,0.08129,163.43,0.0,3.678271972656253
2025-05-06 02:00:00,0.0799599999999999,223.27,0.0,3.6336235351562527
2025-05-06 03:00:00,0.08239,223.27,0.0,3.624849121093753
2025-05-06 04:00:00,0.09708,223.27,0.0,3.6573173828125034
2025-05-06 05:00:00,0.1145699999999999,324.06,0.0,3.752993652343753
2025-05-06 06:00:00,0.12186,324.06,0.0,3.8909196777343777
2025-05-06 07:00:00,0.10837,324.06,0.0,4.0
2025-05-06 08:00:00,0.08308,258.98,2.13,4.0
2025-05-06 09:00:00,0.07227,258.98,7.6,4.0
2025-05-06 10:00:00,0.05989,258.98,27.7,4.0
2025-05-06 11:00:00,0.04281,145.12,70.1,4.0
2025-05-06 12:00:00,0.03817,145.12,108.0,4.0
2025-05-06 13:00:00,0.0454399999999999,145.12,113.0,4.0
2025-05-06 14:00:00,0.065,85.26,130.0,4.0
2025-05-06 15:00:00,0.07373,85.26,115.0,4.0
2025-05-06 16:00:00,0.08999,85.26,138.0,4.0
2025-05-06 17:00:00,0.10689,69.38,137.0,4.0
2025-05-06 18:00:00,0.13409,69.38,137.0,4.0
2025-05-06 19:00:00,0.16118,69.38,92.1,4.0
2025-05-06 20:00:00,0.1366,96.54,58.9,4.0
2025-05-06 21:00:00,0.11828,96.54,16.1,3.999164306640628
2025-05-06 22:00:00,0.10127,96.54,4.22,3.914100830078128
2025-05-06 23:00:00,0.09267,148.33,600.0,3.805200683593753
2025-05-07 00:00:00,0.08705,148.33,0.0,3.7282304687500023
2025-05-07 01:00:00,0.08563,148.33,0.0,3.694572021484378
2025-05-07 02:00:00,0.0886,198.11,0.0,3.654559814453128
2025-05-07 03:00:00,0.09516,198.11,0.0,3.605227539062503
2025-05-07 04:00:00,0.10857,198.11,0.0,3.6741191406250016
2025-05-07 05:00:00,0.13168,251.08,0.0,3.8374675292968776
2025-05-07 06:00:00,0.14395,251.08,0.0,4.0
2025-05-07 07:00:00,0.125,251.08,0.0,4.0
2025-05-07 08:00:00,0.09643,253.23,3.17,4.0
2025-05-07 09:00:00,0.08241,253.23,12.5,4.0
2025-05-07 10:00:00,0.0733,253.23,34.0,4.0
2025-05-07 11:00:00,0.06443,146.27,51.5,4.0
2025-05-07 12:00:00,0.06392,146.27,103.0,4.0
2025-05-07 13:00:00,0.06804,146.27,115.0,4.0
2025-05-07 14:00:00,0.075,62.34,122.0,4.0
2025-05-07 15:00:00,0.0818,62.34,158.0,4.0
2025-05-07 16:00:00,0.0958499999999999,62.34,129.0,4.0
2025-05-07 17:00:00,0.1084899999999999,40.72,102.0,4.0
2025-05-07 18:00:00,0.12893,40.72,99.4,4.0
2025-05-07 19:00:00,0.14715,40.72,78.9,4.0
2025-05-07 20:00:00,0.12518,70.49,70.9,4.0
2025-05-07 21:00:00,0.1084899999999999,70.49,30.4,4.0
2025-05-07 22:00:00,0.09659,70.49,8.43,3.945701171875003
2025-05-07 23:00:00,0.09586,103.5,300.0,3.881995117187503
2025-05-08 00:00:00,0.0916599999999999,103.5,0.0,3.815293457031246
2025-05-08 01:00:00,0.09151,103.5,0.0,3.788651611328128
2025-05-08 02:00:00,0.09318,134.86,0.0,3.755150634765628
2025-05-08 03:00:00,0.09609,134.86,0.0,3.7558610839843776
2025-05-08 04:00:00,0.10925,134.86,0.0,3.7981364746093775
2025-05-08 05:00:00,0.1242699999999999,204.3,0.0,3.861648437500002
2025-05-08 06:00:00,0.13873,204.3,0.0,3.983098632812503
2025-05-08 07:00:00,0.12411,204.3,0.0,4.0
2025-05-08 08:00:00,0.10113,175.82,1.73,4.0
2025-05-08 09:00:00,0.08781,175.82,7.03,4.0
2025-05-08 10:00:00,0.07534,175.82,25.1,4.0
2025-05-08 11:00:00,0.06425,81.03,67.6,4.0
2025-05-08 12:00:00,0.06375,81.03,97.7,4.0
2025-05-08 13:00:00,0.07005,81.03,117.0,4.0
2025-05-08 14:00:00,0.0787699999999999,52.54,137.0,4.0
2025-05-08 15:00:00,0.0853,52.54,157.0,4.0
2025-05-08 16:00:00,0.0916299999999999,52.54,168.0,4.0
2025-05-08 17:00:00,0.10909,45.76,156.0,4.0
2025-05-08 18:00:00,0.13496,45.76,99.1,4.0
2025-05-08 19:00:00,0.18508,45.76,75.6,4.0
2025-05-08 20:00:00,0.14318,91.12,46.0,4.0
2025-05-08 21:00:00,0.11477,91.12,30.1,3.981117431640628
2025-05-08 22:00:00,0.10648,91.12,8.25,3.918015625000003
2025-05-08 23:00:00,0.10227,143.25,800.0,3.853192626953128
2025-05-09 00:00:00,0.09655,143.25,0.0,3.802245361328128
2025-05-09 01:00:00,0.09376,143.25,0.0,3.7640458984375034
2025-05-09 02:00:00,0.09509,203.03,0.0,3.723832275390628
2025-05-09 03:00:00,0.10028,203.03,0.0,3.727003662109378
2025-05-09 04:00:00,0.1124,203.03,0.0,3.748397705078128
2025-05-09 05:00:00,0.141,255.64,0.0,3.783927490234378
2025-05-09 06:00:00,0.13603,255.64,0.0,3.845205566406253
2025-05-09 07:00:00,0.10061,255.64,0.0,3.970892822265628
2025-05-09 08:00:00,0.082,192.01,2.37,4.0
2025-05-09 09:00:00,0.0516,192.01,6.95,4.0
2025-05-09 10:00:00,0.0001,192.01,27.1,4.0
2025-05-09 11:00:00,-0.00074,57.73,69.3,4.0
2025-05-09 12:00:00,-4e-05,57.73,108.0,4.0
2025-05-09 13:00:00,-1e-05,57.73,134.0,4.0
2025-05-09 14:00:00,8.999999999999999e-05,23.29,151.0,4.0
2025-05-09 15:00:00,0.05266,23.29,161.0,4.0
2025-05-09 16:00:00,0.07906,23.29,158.0,4.0
2025-05-09 17:00:00,0.0989,19.57,154.0,4.0
2025-05-09 18:00:00,0.12,19.57,123.0,4.0
2025-05-09 19:00:00,0.1491299999999999,19.57,93.3,4.0
2025-05-09 20:00:00,0.13035,48.88,66.4,3.9552702636718777
2025-05-09 21:00:00,0.10732,48.88,32.9,3.839269287109378
2025-05-09 22:00:00,0.0983199999999999,48.88,9.2,3.7206462402343776
2025-05-09 23:00:00,0.10522,112.04,750.0,3.6171110839843776
2025-05-10 00:00:00,0.10291,112.04,0.0,3.546769287109377
2025-05-10 01:00:00,0.09878,112.04,0.0,3.5242802734375025
2025-05-10 02:00:00,0.09628,153.64,0.0,3.5972770996093777
2025-05-10 03:00:00,0.1009,153.64,0.0,3.6488688964843776
2025-05-10 04:00:00,0.10047,153.64,0.0,3.647854492187503
2025-05-10 05:00:00,0.09773,182.93,0.0,3.805347167968753
2025-05-10 06:00:00,0.09391,182.93,0.0,4.0
2025-05-10 07:00:00,0.07372,182.93,0.0,4.0
2025-05-10 08:00:00,0.00902,95.6,2.13,4.0
2025-05-10 09:00:00,-7.000000000000001e-05,95.6,6.33,4.0
2025-05-10 10:00:00,-0.0228799999999999,95.6,26.6,4.0
2025-05-10 11:00:00,-0.05848,26.28,68.8,4.0
2025-05-10 12:00:00,-0.11453,26.28,105.0,4.0
2025-05-10 13:00:00,-0.11051,26.28,130.0,4.0
2025-05-10 14:00:00,-0.04952,6.5,149.0,4.0
2025-05-10 15:00:00,-0.00594,6.5,157.0,4.0
2025-05-10 16:00:00,0.0239899999999999,6.5,158.0,4.0
2025-05-10 17:00:00,0.09527,6.09,148.0,4.0
2025-05-10 18:00:00,0.12404,6.09,131.0,4.0
2025-05-10 19:00:00,0.1631999999999999,6.09,105.0,4.0
2025-05-10 20:00:00,0.12949,21.38,70.5,4.0
2025-05-10 21:00:00,0.10772,21.38,33.5,4.0
2025-05-10 22:00:00,0.0944899999999999,21.38,7.2,3.950593750000003
2025-05-10 23:00:00,0.0978,81.41,850.0,4.0
2025-05-11 00:00:00,0.0950999999999999,81.41,0.0,3.960210449218753
2025-05-11 01:00:00,0.09451,81.41,0.0,3.807489501953128
2025-05-11 02:00:00,0.09542,119.05,0.0,3.756252929687503
2025-05-11 03:00:00,0.09539,119.05,0.0,3.733265869140628
2025-05-11 04:00:00,0.09545,119.05,0.0,3.752751953125003
2025-05-11 05:00:00,0.08761,142.76,0.0,3.949993164062503
2025-05-11 06:00:00,0.06576,142.76,0.0,4.0
2025-05-11 07:00:00,0.00496,142.76,0.0,4.0
2025-05-11 08:00:00,-0.0001,71.13,2.37,4.0
2025-05-11 09:00:00,-0.01202,71.13,6.53,4.0
2025-05-11 10:00:00,-0.05195,71.13,26.6,4.0
2025-05-11 11:00:00,-0.2128199999999999,10.21,68.7,4.0
2025-05-11 12:00:00,-0.25032,10.21,106.0,4.0
2025-05-11 13:00:00,-0.23098,10.21,132.0,4.0
2025-05-11 14:00:00,-0.11006,5.17,149.0,4.0
2025-05-11 15:00:00,-0.01852,5.17,157.0,4.0
2025-05-11 16:00:00,-8e-05,5.17,158.0,4.0
2025-05-11 17:00:00,0.08596,5.0,149.0,4.0
2025-05-11 18:00:00,0.11711,5.0,130.0,4.0
2025-05-11 19:00:00,0.12486,5.0,104.0,4.0
2025-05-11 20:00:00,0.10955,6.29,69.9,4.0
2025-05-11 21:00:00,0.09845,6.29,32.8,4.0
2025-05-11 22:00:00,0.08468,6.29,7.32,4.0
2025-05-11 23:00:00,0.086,20.52,900.0,3.944320556640628
2025-05-12 00:00:00,0.08128,20.52,0.0,3.8983354492187527
2025-05-12 01:00:00,0.08095,20.52,0.0,3.893655273437503
2025-05-12 02:00:00,0.08148,42.94,0.0,3.918824951171878
2025-05-12 03:00:00,0.08465,42.94,0.0,3.9092705078125034
2025-05-12 04:00:00,0.0977099999999999,42.94,0.0,3.9291228027343776
2025-05-12 05:00:00,0.13705,95.38,0.0,4.0
2025-05-12 06:00:00,0.14115,95.38,0.0,4.0
2025-05-12 07:00:00,0.1084899999999999,95.38,0.0,4.0
2025-05-12 08:00:00,0.06974,54.92,1.78,4.0
2025-05-12 09:00:00,0.00049,54.92,6.48,4.0
2025-05-12 10:00:00,-0.00391,54.92,26.6,4.0
2025-05-12 11:00:00,-0.025,5.38,68.0,4.0
2025-05-12 12:00:00,-0.035,5.38,104.0,4.0
2025-05-12 13:00:00,-0.0299,5.38,128.0,4.0
2025-05-12 14:00:00,-0.00859,5.25,146.0,4.0
2025-05-12 15:00:00,-1e-05,5.25,154.0,4.0
2025-05-12 16:00:00,0.0725799999999999,5.25,153.0,4.0
2025-05-12 17:00:00,0.10712,5.0,146.0,4.0
2025-05-12 18:00:00,0.14141,5.0,130.0,4.0
2025-05-12 19:00:00,0.1727,5.0,103.0,4.0
2025-05-12 20:00:00,0.11725,11.92,68.7,4.0
2025-05-12 21:00:00,0.10011,11.92,31.7,4.0
2025-05-12 22:00:00,0.09297,11.92,7.25,4.0
2025-05-12 23:00:00,0.08987,26.63,1.1,4.0
2025-05-13 00:00:00,0.08855,26.63,0.0,4.0
2025-05-13 01:00:00,0.0892,26.63,0.0,4.0
2025-05-13 02:00:00,0.09394,51.37,0.0,4.0
2025-05-13 03:00:00,0.0967099999999999,51.37,0.0,3.971962158203128
2025-05-13 04:00:00,0.104,51.37,0.0,4.0
2025-05-13 05:00:00,0.13677,24.01,0.0,4.0
2025-05-13 06:00:00,0.12833,24.01,0.0,4.0
2025-05-13 07:00:00,0.10042,24.01,0.0,4.0
2025-05-13 08:00:00,0.07936,3.44,2.25,4.0
2025-05-13 09:00:00,0.01609,3.44,7.13,4.0
2025-05-13 10:00:00,-0.00075,3.44,27.5,4.0
2025-05-13 11:00:00,-0.006,0.34,69.3,4.0
2025-05-13 12:00:00,-0.016,0.34,106.0,4.0
2025-05-13 13:00:00,-0.0065499999999999,0.34,131.0,4.0
2025-05-13 14:00:00,-0.00383,0.17,149.0,4.0
2025-05-13 15:00:00,0.00055,0.17,156.0,4.0
2025-05-13 16:00:00,0.074,0.17,155.0,4.0
2025-05-13 17:00:00,0.10523,0.92,147.0,4.0
2025-05-13 18:00:00,0.1510699999999999,0.92,130.0,4.0
2025-05-13 19:00:00,0.22358,0.92,104.0,4.0
2025-05-13 20:00:00,0.14896,2.2,70.0,4.0
2025-05-13 21:00:00,0.11197,2.2,34.3,4.0
2025-05-13 22:00:00,0.10263,2.2,8.07,4.0
2025-05-13 23:00:00,0.10278,7.61,1.15,4.0
2025-05-14 00:00:00,0.0973,7.61,0.0,4.0
2025-05-14 01:00:00,0.09541,7.61,0.0,4.0
2025-05-14 02:00:00,0.0969599999999999,10.64,0.0,4.0
2025-05-14 03:00:00,0.09856,10.64,0.0,4.0
2025-05-14 04:00:00,0.10394,10.64,0.0,4.0
2025-05-14 05:00:00,0.12858,8.4,0.0,4.0
2025-05-14 06:00:00,0.12251,8.4,0.0,4.0
2025-05-14 07:00:00,0.09956,8.4,0.0,4.0
2025-05-14 08:00:00,0.07092,1.31,2.23,4.0
2025-05-14 09:00:00,0.0002,1.31,8.1,4.0
2025-05-14 10:00:00,-0.0016699999999999,1.31,27.8,4.0
2025-05-14 11:00:00,-0.01816,0.02,67.5,4.0
2025-05-14 12:00:00,-0.02991,0.02,104.0,4.0
2025-05-14 13:00:00,-0.03182,0.02,114.0,4.0
2025-05-14 14:00:00,-0.01279,0.33,131.0,4.0
2025-05-14 15:00:00,-0.00133,0.33,134.0,4.0
2025-05-14 16:00:00,0.03094,0.33,153.0,4.0
2025-05-14 17:00:00,0.0916,0.25,148.0,4.0
2025-05-14 18:00:00,0.114,0.25,130.0,4.0
2025-05-14 19:00:00,0.1584499999999999,0.25,104.0,4.0
2025-05-14 20:00:00,0.13259,1.59,71.1,4.0
2025-05-14 21:00:00,0.10908,1.59,35.4,4.0
2025-05-14 22:00:00,0.09986,1.59,8.75,4.0
2025-05-14 23:00:00,0.09806,10.7,1.4,4.0
2025-05-15 00:00:00,0.08988,10.7,0.0,4.0
2025-05-15 01:00:00,0.0878,10.7,0.0,4.0
2025-05-15 02:00:00,0.08763,10.13,0.0,4.0
2025-05-15 03:00:00,0.09028,10.13,0.0,4.0
2025-05-15 04:00:00,0.09894,10.13,0.0,4.0
2025-05-15 05:00:00,0.1199,8.7,0.0,4.0
2025-05-15 06:00:00,0.11991,8.7,0.0,4.0
2025-05-15 07:00:00,0.10206,8.7,0.0,4.0
2025-05-15 08:00:00,0.07565,4.2,867.0,4.0
2025-05-15 09:00:00,0.00458,4.2,3.58,4.0
2025-05-15 10:00:00,-8e-05,4.2,10.1,4.0
2025-05-15 11:00:00,-0.00497,0.34,39.3,4.0
2025-05-15 12:00:00,-0.01476,0.34,83.7,4.0
2025-05-15 13:00:00,-0.01425,0.34,123.0,4.0
2025-05-15 14:00:00,-0.00662,0.35,148.0,4.0
2025-05-15 15:00:00,-0.0006,0.35,120.0,4.0
2025-05-15 16:00:00,0.00383,0.35,110.0,4.0
2025-05-15 17:00:00,0.07611,0.55,111.0,4.0
2025-05-15 18:00:00,0.10897,0.55,129.0,4.0
2025-05-15 19:00:00,0.13074,0.55,109.0,4.0
2025-05-15 20:00:00,0.12513,5.81,74.3,4.0
2025-05-15 21:00:00,0.1104899999999999,5.81,36.7,4.0
2025-05-15 22:00:00,0.101,5.81,8.68,4.0
2025-05-15 23:00:00,0.0945,10.08,1.5,4.0
2025-05-16 00:00:00,0.08847,10.08,0.0,4.0
2025-05-16 01:00:00,0.08491,10.08,0.0,4.0
2025-05-16 02:00:00,0.085,10.67,0.0,4.0
2025-05-16 03:00:00,0.08876,10.67,0.0,4.0
2025-05-16 04:00:00,0.09826,10.67,0.0,4.0
2025-05-16 05:00:00,0.11318,10.15,0.0,4.0
2025-05-16 06:00:00,0.1176,10.15,0.0,4.0
2025-05-16 07:00:00,0.1066599999999999,10.15,0.0,4.0
2025-05-16 08:00:00,0.0789899999999999,2.01,2.55,4.0
2025-05-16 09:00:00,0.01111,2.01,8.15,4.0
2025-05-16 10:00:00,-1e-05,2.01,29.1,4.0
2025-05-16 11:00:00,-0.00315,0.15,69.6,4.0
2025-05-16 12:00:00,-0.00197,0.15,104.0,4.0
2025-05-16 13:00:00,-0.00155,0.15,134.0,4.0
2025-05-16 14:00:00,-1e-05,0.19,155.0,4.0
2025-05-16 15:00:00,0.00298,0.19,163.0,4.0
2025-05-16 16:00:00,0.06979,0.19,161.0,4.0
2025-05-16 17:00:00,0.10005,0.27,152.0,4.0
2025-05-16 18:00:00,0.11181,0.27,134.0,4.0
2025-05-16 19:00:00,0.15491,0.27,106.0,4.0
2025-05-16 20:00:00,0.14323,7.38,73.5,4.0
2025-05-16 21:00:00,0.11608,7.38,37.9,4.0
2025-05-16 22:00:00,0.10208,7.38,11.3,4.0
2025-05-16 23:00:00,0.093,10.16,1.2,4.0
2025-05-17 00:00:00,0.09348,10.16,0.0,4.0
2025-05-17 01:00:00,0.08893,10.16,0.0,4.0
2025-05-17 02:00:00,0.0889,7.61,0.0,4.0
2025-05-17 03:00:00,0.08989,7.61,0.0,4.0
2025-05-17 04:00:00,0.0934599999999999,7.61,0.0,4.0
2025-05-17 05:00:00,0.09156,7.7,0.0,4.0
2025-05-17 06:00:00,0.08985,7.7,0.0,4.0
2025-05-17 07:00:00,0.05911,7.7,0.0,4.0
2025-05-17 08:00:00,0.00086,1.49,3.2,4.0
2025-05-17 09:00:00,-6e-05,1.49,10.8,4.0
2025-05-17 10:00:00,-0.00449,1.49,31.8,4.0
2025-05-17 11:00:00,-0.00496,0.9,65.2,4.0
2025-05-17 12:00:00,-0.01002,0.9,88.0,4.0
2025-05-17 13:00:00,-0.0112699999999999,0.9,91.7,4.0
2025-05-17 14:00:00,-0.0058,0.75,104.0,4.0
2025-05-17 15:00:00,-0.0008,0.75,118.0,4.0
2025-05-17 16:00:00,0.00501,0.75,133.0,4.0
2025-05-17 17:00:00,0.0787699999999999,0.3,96.6,4.0
2025-05-17 18:00:00,0.09964,0.3,96.4,4.0
2025-05-17 19:00:00,0.12138,0.3,62.1,4.0
2025-05-17 20:00:00,0.13021,4.09,69.2,4.0
2025-05-17 21:00:00,0.1299,4.09,37.6,4.0
2025-05-17 22:00:00,0.1115999999999999,4.09,9.45,4.0
2025-05-17 23:00:00,0.10673,10.01,1.27,4.0
2025-05-18 00:00:00,0.10149,10.01,0.0,4.0
2025-05-18 01:00:00,0.0985699999999999,10.01,0.0,4.0
2025-05-18 02:00:00,0.0974,10.05,0.0,4.0
2025-05-18 03:00:00,0.09841,10.05,0.0,3.996648437500003
2025-05-18 04:00:00,0.09798,10.05,0.0,4.0
2025-05-18 05:00:00,0.0912999999999999,6.41,0.0,4.0
2025-05-18 06:00:00,0.08716,6.41,0.0,4.0
2025-05-18 07:00:00,0.06786,6.41,0.0,4.0
2025-05-18 08:00:00,0.0101,4.73,550.0,4.0
2025-05-18 09:00:00,0.0,4.73,3.75,4.0
2025-05-18 10:00:00,-0.0002,4.73,8.82,4.0
2025-05-18 11:00:00,-0.002,1.32,13.1,4.0
2025-05-18 12:00:00,-0.00737,1.32,19.4,4.0
2025-05-18 13:00:00,-0.015,1.32,41.4,4.0
2025-05-18 14:00:00,-0.00897,0.75,64.9,4.0
2025-05-18 15:00:00,-0.0002,0.75,108.0,4.0
2025-05-18 16:00:00,0.00967,0.75,101.0,4.0
2025-05-18 17:00:00,0.0913799999999999,1.24,102.0,4.0
2025-05-18 18:00:00,0.1084,1.24,120.0,4.0
2025-05-18 19:00:00,0.12517,1.24,85.4,4.0
2025-05-18 20:00:00,0.13047,6.37,61.8,4.0
2025-05-18 21:00:00,0.11841,6.37,27.4,4.0
2025-05-18 22:00:00,0.10362,6.37,7.45,4.0
2025-05-18 23:00:00,0.11048,9.75,833.0,4.0
2025-05-19 00:00:00,0.10262,9.75,0.0,4.0
2025-05-19 01:00:00,0.0960999999999999,9.75,0.0,4.0
2025-05-19 02:00:00,0.09295,8.98,0.0,4.0
2025-05-19 03:00:00,0.09803,8.98,0.0,4.0
2025-05-19 04:00:00,0.10939,8.98,0.0,4.0
2025-05-19 05:00:00,0.13122,8.28,0.0,4.0
2025-05-19 06:00:00,0.13722,8.28,0.0,4.0
2025-05-19 07:00:00,0.11341,8.28,0.0,4.0
2025-05-19 08:00:00,0.09369,0.44,2.98,4.0
2025-05-19 09:00:00,0.06959,0.44,9.25,4.0
2025-05-19 10:00:00,0.02856,0.44,29.7,4.0
2025-05-19 11:00:00,0.01277,0.17,69.9,4.0
2025-05-19 12:00:00,0.005,0.17,104.0,4.0
2025-05-19 13:00:00,0.008,0.17,129.0,4.0
2025-05-19 14:00:00,0.0281499999999999,0.09,144.0,4.0
2025-05-19 15:00:00,0.07298,0.09,154.0,4.0
2025-05-19 16:00:00,0.09709,0.09,158.0,4.0
2025-05-19 17:00:00,0.11449,0.0,149.0,4.0
2025-05-19 18:00:00,0.14845,0.0,132.0,4.0
2025-05-19 19:00:00,0.22911,0.0,106.0,4.0
2025-05-19 20:00:00,0.15486,2.66,73.0,4.0
2025-05-19 21:00:00,0.12681,2.66,36.9,4.0
2025-05-19 22:00:00,0.11188,2.66,10.1,4.0
2025-05-19 23:00:00,0.11495,9.06,1.7,4.0
2025-05-20 00:00:00,0.10603,9.06,0.0,3.986108886718753
2025-05-20 01:00:00,0.1025,9.06,0.0,3.955643798828128
2025-05-20 02:00:00,0.10404,8.55,0.0,3.9672416992187527
2025-05-20 03:00:00,0.10914,8.55,0.0,3.953098632812503
2025-05-20 04:00:00,0.11896,8.55,0.0,3.999969970703128
2025-05-20 05:00:00,0.14321,8.5,0.0,4.0
2025-05-20 06:00:00,0.13081,8.5,0.0,4.0
2025-05-20 07:00:00,0.1,8.5,100.0,4.0
2025-05-20 08:00:00,0.0852,0.79,3.7,4.0
2025-05-20 09:00:00,0.0615799999999999,0.79,9.15,4.0
2025-05-20 10:00:00,0.01595,0.79,29.7,4.0
2025-05-20 11:00:00,0.00017,0.0,68.4,4.0
2025-05-20 12:00:00,1e-05,0.0,103.0,4.0
2025-05-20 13:00:00,8.999999999999999e-05,0.0,128.0,4.0
2025-05-20 14:00:00,0.00761,0.17,120.0,4.0
2025-05-20 15:00:00,0.06787,0.17,89.9,4.0
2025-05-20 16:00:00,0.09715,0.17,80.6,4.0
2025-05-20 17:00:00,0.11179,0.58,124.0,4.0
2025-05-20 18:00:00,0.14123,0.58,129.0,4.0
2025-05-20 19:00:00,0.19225,0.58,74.9,4.0
2025-05-20 20:00:00,0.14897,0.54,55.6,4.0
2025-05-20 21:00:00,0.12,0.54,31.9,4.0
2025-05-20 22:00:00,0.10793,0.54,9.65,3.996018554687503
2025-05-20 23:00:00,0.10793,8.38,2.0,3.9755253906250023
2025-05-21 00:00:00,0.10233,8.38,0.0,3.951849853515628
2025-05-21 01:00:00,0.0979,8.38,0.0,3.9087285156250022
2025-05-21 02:00:00,0.0949,10.09,0.0,3.890234863281246
2025-05-21 03:00:00,0.0937,10.09,0.0,3.8784355468750022
2025-05-21 04:00:00,0.10249,10.09,0.0,3.932063476562503
2025-05-21 05:00:00,0.11248,8.97,0.0,4.0
2025-05-21 06:00:00,0.11654,8.97,0.0,4.0
2025-05-21 07:00:00,0.10782,8.97,100.0,4.0
2025-05-21 08:00:00,0.0848199999999999,0.81,3.88,4.0
2025-05-21 09:00:00,0.04222,0.81,12.3,4.0
2025-05-21 10:00:00,0.00015,0.81,37.9,4.0
2025-05-21 11:00:00,-0.0001,0.31,59.1,4.0
2025-05-21 12:00:00,-0.0022,0.31,89.3,4.0
2025-05-21 13:00:00,-0.00153,0.31,133.0,4.0
2025-05-21 14:00:00,-1e-05,1.0,110.0,4.0
2025-05-21 15:00:00,0.00206,1.0,97.1,4.0
2025-05-21 16:00:00,0.04908,1.0,102.0,4.0
2025-05-21 17:00:00,0.08632,0.08,136.0,4.0
2025-05-21 18:00:00,0.1001,0.08,116.0,4.0
2025-05-21 19:00:00,0.11435,0.08,91.5,4.0
2025-05-21 20:00:00,0.1102699999999999,4.76,58.5,4.0
2025-05-21 21:00:00,0.10072,4.76,32.5,4.0
2025-05-21 22:00:00,0.09,4.76,6.78,4.0
2025-05-21 23:00:00,0.09854,10.16,1.07,4.0
2025-05-22 00:00:00,0.08828,10.16,0.0,3.9633415527343776
2025-05-22 01:00:00,0.08365,10.16,0.0,3.890502197265628
2025-05-22 02:00:00,0.0815,10.99,0.0,3.864310791015628
2025-05-22 03:00:00,0.08334,10.99,0.0,3.838914062500003
2025-05-22 04:00:00,0.09,10.99,0.0,3.970442382812503
2025-05-22 05:00:00,0.10767,8.31,0.0,4.0
2025-05-22 06:00:00,0.10601,8.31,0.0,4.0
2025-05-22 07:00:00,0.09816,8.31,0.0,4.0
2025-05-22 08:00:00,0.05454,2.43,4.35,4.0
2025-05-22 09:00:00,0.00166,2.43,17.5,4.0
2025-05-22 10:00:00,1e-05,2.43,34.8,4.0
2025-05-22 11:00:00,-0.00191,3.42,48.0,4.0
2025-05-22 12:00:00,-0.01277,3.42,46.3,4.0
2025-05-22 13:00:00,-0.0154,3.42,59.8,4.0
2025-05-22 14:00:00,-0.0109,0.56,83.0,4.0
2025-05-22 15:00:00,-0.00299,0.56,122.0,4.0
2025-05-22 16:00:00,-1e-05,0.56,124.0,4.0
2025-05-22 17:00:00,0.05,2.8,134.0,4.0
2025-05-22 18:00:00,0.10684,2.8,144.0,4.0
2025-05-22 19:00:00,0.115,2.8,104.0,4.0
2025-05-22 20:00:00,0.12725,9.91,69.6,4.0
2025-05-22 21:00:00,0.11748,9.91,29.9,4.0
2025-05-22 22:00:00,0.10323,9.91,10.3,4.0
2025-05-22 23:00:00,0.1011,10.92,1.67,4.0
2025-05-23 00:00:00,0.0931599999999999,10.92,0.0,4.0
2025-05-23 01:00:00,0.08712,10.92,0.0,4.0
2025-05-23 02:00:00,0.08656,11.52,0.0,4.0
2025-05-23 03:00:00,0.09308,11.52,0.0,4.0
2025-05-23 04:00:00,0.10682,11.52,0.0,4.0
2025-05-23 05:00:00,0.12849,8.67,0.0,4.0
2025-05-23 06:00:00,0.1328,8.67,0.0,4.0
2025-05-23 07:00:00,0.11467,8.67,100.0,4.0
2025-05-23 08:00:00,0.0859,2.32,3.75,4.0
2025-05-23 09:00:00,0.07,2.32,15.7,4.0
2025-05-23 10:00:00,0.0540499999999999,2.32,32.5,4.0
2025-05-23 11:00:00,0.0134399999999999,0.37,58.1,4.0
2025-05-23 12:00:00,0.00062,0.37,62.1,4.0
2025-05-23 13:00:00,0.0,0.37,84.4,4.0
2025-05-23 14:00:00,0.0,1.08,119.0,4.0
2025-05-23 15:00:00,0.02533,1.08,91.3,4.0
2025-05-23 16:00:00,0.07191,1.08,149.0,4.0
2025-05-23 17:00:00,0.0975999999999999,2.55,106.0,4.0
2025-05-23 18:00:00,0.11436,2.55,104.0,4.0
2025-05-23 19:00:00,0.13047,2.55,63.4,4.0
2025-05-23 20:00:00,0.13929,8.89,61.3,4.0
2025-05-23 21:00:00,0.12693,8.89,35.4,4.0
2025-05-23 22:00:00,0.108,8.89,11.2,4.0
2025-05-23 23:00:00,0.09899,10.59,1.77,4.0
2025-05-24 00:00:00,0.09476,10.59,0.0,4.0
2025-05-24 01:00:00,0.08874,10.59,0.0,3.975803710937503
2025-05-24 02:00:00,0.08422,10.06,0.0,3.9337810058593776
2025-05-24 03:00:00,0.08293,10.06,0.0,3.9024479980468776
2025-05-24 04:00:00,0.0807099999999999,10.06,0.0,3.976404296875003
2025-05-24 05:00:00,0.0820699999999999,3.38,0.0,4.0
2025-05-24 06:00:00,0.0769,3.38,0.0,4.0
2025-05-24 07:00:00,0.06209,3.38,100.0,4.0
2025-05-24 08:00:00,0.01226,0.94,6.35,4.0
2025-05-24 09:00:00,-1e-05,0.94,12.1,4.0
2025-05-24 10:00:00,-0.00011,0.94,30.7,4.0
2025-05-24 11:00:00,-0.00015,0.76,28.5,4.0
2025-05-24 12:00:00,-0.00019,0.76,19.3,4.0
2025-05-24 13:00:00,-0.00039,0.76,66.5,4.0
2025-05-24 14:00:00,-0.00177,6.55,93.1,4.0
2025-05-24 15:00:00,-0.00039,6.55,71.6,4.0
2025-05-24 16:00:00,0.04867,6.55,40.1,4.0
2025-05-24 17:00:00,0.08534,7.49,33.9,4.0
2025-05-24 18:00:00,0.10908,7.49,24.3,4.0
2025-05-24 19:00:00,0.111,7.49,13.4,4.0
2025-05-24 20:00:00,0.10792,3.28,5.33,4.0
2025-05-24 21:00:00,0.09206,3.28,2.45,4.0
2025-05-24 22:00:00,0.07967,3.28,2.0,4.0
2025-05-24 23:00:00,0.02382,3.61,850.0,4.0
2025-05-25 00:00:00,0.0229,3.61,0.0,4.0
2025-05-25 01:00:00,0.01439,3.61,0.0,3.988690673828128
2025-05-25 02:00:00,0.00838,1.78,0.0,3.962645751953128
2025-05-25 03:00:00,0.0039,1.78,0.0,3.920304443359378
2025-05-25 04:00:00,0.00211,1.78,0.0,3.998102294921878
2025-05-25 05:00:00,0.00117,1.76,0.0,4.0
2025-05-25 06:00:00,0.00121,1.76,0.0,4.0
2025-05-25 07:00:00,3e-05,1.76,0.0,4.0
2025-05-25 08:00:00,0.0,0.53,1.4,4.0
2025-05-25 09:00:00,-0.00061,0.53,8.85,4.0
2025-05-25 10:00:00,-0.0006,0.53,13.5,4.0
2025-05-25 11:00:00,-0.00025,0.65,22.5,4.0
2025-05-25 12:00:00,-0.00319,0.65,44.9,4.0
2025-05-25 13:00:00,-0.00505,0.65,56.1,4.0
2025-05-25 14:00:00,-0.00495,0.09,78.0,4.0
2025-05-25 15:00:00,-0.00137,0.09,114.0,4.0
2025-05-25 16:00:00,0.0,0.09,117.0,4.0
2025-05-25 17:00:00,0.01172,0.0,72.0,4.0
2025-05-25 18:00:00,0.09295,0.0,100.0,4.0
2025-05-25 19:00:00,0.1,0.0,87.1,4.0
2025-05-25 20:00:00,0.1074099999999999,2.49,44.9,4.0
2025-05-25 21:00:00,0.10223,2.49,40.3,4.0
2025-05-25 22:00:00,0.09292,2.49,11.2,4.0
2025-05-25 23:00:00,0.08813,6.25,1.37,4.0
2025-05-26 00:00:00,0.07912,6.25,0.0,4.0
2025-05-26 01:00:00,0.07321,6.25,0.0,4.0
2025-05-26 02:00:00,0.07183,7.06,0.0,3.9952458496093777
2025-05-26 03:00:00,0.0767,7.06,0.0,3.975682861328128
2025-05-26 04:00:00,0.08548,7.06,0.0,3.9834831542968776
2025-05-26 05:00:00,0.1162,6.97,0.0,4.0
2025-05-26 06:00:00,0.14317,6.97,0.0,4.0
2025-05-26 07:00:00,0.12991,6.97,100.0,4.0
2025-05-26 08:00:00,0.0914099999999999,0.9,4.35,4.0
2025-05-26 09:00:00,0.01617,0.9,14.0,4.0
2025-05-26 10:00:00,5e-05,0.9,41.8,4.0
2025-05-26 11:00:00,-0.0004199999999999,0.76,62.1,4.0
2025-05-26 12:00:00,-0.00145,0.76,107.0,4.0
2025-05-26 13:00:00,-0.0011799999999999,0.76,77.3,4.0
2025-05-26 14:00:00,-0.00082,0.23,108.0,4.0
2025-05-26 15:00:00,0.0,0.23,125.0,4.0
2025-05-26 16:00:00,0.01765,0.23,120.0,4.0
2025-05-26 17:00:00,0.09576,0.09,129.0,4.0
2025-05-26 18:00:00,0.1193299999999999,0.09,85.1,4.0
2025-05-26 19:00:00,0.16987,0.09,74.1,4.0
2025-05-26 20:00:00,0.16157,1.87,50.7,4.0
2025-05-26 21:00:00,0.11938,1.87,29.6,4.0
2025-05-26 22:00:00,0.09886,1.87,9.92,3.910200683593753
2025-05-26 23:00:00,0.08851,4.42,200.0,3.856591064453128
2025-05-27 00:00:00,0.07392,4.42,0.0,3.825873291015628
2025-05-27 01:00:00,0.06202,4.42,0.0,3.829799072265628
2025-05-27 02:00:00,0.0619799999999999,5.33,0.0,3.837046386718753
2025-05-27 03:00:00,0.0677,5.33,0.0,3.8470805664062526
2025-05-27 04:00:00,0.0622,5.33,0.0,3.994784423828128
2025-05-27 05:00:00,0.0677,5.11,0.0,4.0
2025-05-27 06:00:00,0.0739,5.11,0.0,4.0
2025-05-27 07:00:00,0.06863,5.11,0.0,4.0
2025-05-27 08:00:00,0.05017,1.38,3.1,4.0
2025-05-27 09:00:00,0.00426,1.38,11.1,4.0
2025-05-27 10:00:00,0.00319,1.38,19.5,4.0
2025-05-27 11:00:00,3e-05,0.19,53.6,4.0
2025-05-27 12:00:00,2e-05,0.19,53.9,4.0
2025-05-27 13:00:00,8.999999999999999e-05,0.19,65.9,4.0
2025-05-27 14:00:00,0.00314,0.1,54.8,4.0
2025-05-27 15:00:00,0.05517,0.1,59.1,4.0
2025-05-27 16:00:00,0.08455,0.1,78.0,4.0
2025-05-27 17:00:00,0.103,3.4,56.4,4.0
2025-05-27 18:00:00,0.12264,3.4,27.3,4.0
2025-05-27 19:00:00,0.1376,3.4,28.0,4.0
2025-05-27 20:00:00,0.11116,3.26,17.4,4.0
2025-05-27 21:00:00,0.10034,3.26,9.1,4.0
2025-05-27 22:00:00,0.08241,3.26,4.4,4.0
2025-05-27 23:00:00,0.07643,2.83,1.7,4.0
2025-05-28 00:00:00,0.06901,2.83,0.0,4.0
2025-05-28 01:00:00,0.06739,2.83,0.0,4.0
2025-05-28 02:00:00,0.0610099999999999,3.76,0.0,4.0
2025-05-28 03:00:00,0.06519,3.76,0.0,3.980297119140628
2025-05-28 04:00:00,0.07252,3.76,0.0,4.0
2025-05-28 05:00:00,0.0928499999999999,3.05,0.0,4.0
2025-05-28 06:00:00,0.10009,3.05,0.0,4.0
2025-05-28 07:00:00,0.095,3.05,0.0,4.0
2025-05-28 08:00:00,0.09,1.59,1.3,4.0
2025-05-28 09:00:00,0.07648,1.59,2.83,4.0
2025-05-28 10:00:00,0.07146,1.59,14.3,4.0
2025-05-28 11:00:00,0.06567,0.42,19.8,4.0
2025-05-28 12:00:00,0.05803,0.42,44.8,4.0
2025-05-28 13:00:00,0.05321,0.42,64.9,4.0
2025-05-28 14:00:00,0.0421,0.34,58.0,4.0
2025-05-28 15:00:00,0.06728,0.34,112.0,4.0
2025-05-28 16:00:00,0.0837,0.34,139.0,4.0
2025-05-28 17:00:00,0.0949899999999999,1.18,59.5,4.0
2025-05-28 18:00:00,0.11483,1.18,99.6,4.0
2025-05-28 19:00:00,0.13483,1.18,82.6,4.0
2025-05-28 20:00:00,0.13991,4.49,45.5,3.975129882812503
2025-05-28 21:00:00,0.12429,4.49,29.3,3.8956621093750026
2025-05-28 22:00:00,0.10427,4.49,10.6,3.826653320312503
2025-05-28 23:00:00,0.09913,8.93,2.6,3.7787565917968777
2025-05-29 00:00:00,0.0948,8.93,0.0,3.733661376953128
2025-05-29 01:00:00,0.09206,8.93,0.0,3.6940593261718777
2025-05-29 02:00:00,0.0915499999999999,8.9,0.0,3.705756103515628
2025-05-29 03:00:00,0.09154,8.9,0.0,3.669797851562503
2025-05-29 04:00:00,0.09136,8.9,0.0,3.721459228515628
2025-05-29 05:00:00,0.08946,4.68,0.0,3.852980224609378
2025-05-29 06:00:00,0.08649,4.68,0.0,4.0
2025-05-29 07:00:00,0.08295,4.68,300.0,4.0
2025-05-29 08:00:00,0.06283,0.94,4.9,4.0
2025-05-29 09:00:00,0.01993,0.94,16.0,4.0
2025-05-29 10:00:00,0.00171,0.94,37.7,4.0
2025-05-29 11:00:00,3e-05,1.34,46.2,4.0
2025-05-29 12:00:00,-0.0016799999999999,1.34,34.4,4.0
2025-05-29 13:00:00,-0.00199,1.34,49.0,4.0
2025-05-29 14:00:00,-0.00198,0.19,58.2,4.0
2025-05-29 15:00:00,-0.00109,0.19,68.7,4.0
2025-05-29 16:00:00,0.0231299999999999,0.19,54.0,4.0
2025-05-29 17:00:00,0.0655,0.21,55.6,4.0
2025-05-29 18:00:00,0.0802,0.21,91.9,4.0
2025-05-29 19:00:00,0.07717,0.21,85.9,4.0
2025-05-29 20:00:00,0.07373,1.43,65.1,4.0
2025-05-29 21:00:00,0.0766599999999999,1.43,19.9,4.0
2025-05-29 22:00:00,0.0575,1.43,2.75,4.0
2025-05-29 23:00:00,0.04542,2.38,1.6,4.0
2025-05-30 00:00:00,0.02567,2.38,0.0,4.0
2025-05-30 01:00:00,0.03299,2.38,0.0,4.0
2025-05-30 02:00:00,0.03395,2.7,0.0,4.0
2025-05-30 03:00:00,0.03739,2.7,0.0,4.0
2025-05-30 04:00:00,0.05508,2.7,0.0,4.0
2025-05-30 05:00:00,0.06973,3.1,0.0,4.0
2025-05-30 06:00:00,0.06838,3.1,0.0,4.0
2025-05-30 07:00:00,0.0530099999999999,3.1,200.0,4.0
2025-05-30 08:00:00,0.02913,0.17,3.0,4.0
2025-05-30 09:00:00,0.00183,0.17,8.15,4.0
2025-05-30 10:00:00,-2e-05,0.17,30.3,4.0
2025-05-30 11:00:00,-0.00101,0.09,73.0,4.0
2025-05-30 12:00:00,-0.0031,0.09,94.3,4.0
2025-05-30 13:00:00,-0.003,0.09,75.7,4.0
2025-05-30 14:00:00,-0.00134,1.19,92.1,4.0
2025-05-30 15:00:00,-4e-05,1.19,87.7,4.0
2025-05-30 16:00:00,0.00588,1.19,127.0,4.0
2025-05-30 17:00:00,0.07352,0.57,140.0,4.0
2025-05-30 18:00:00,0.11184,0.57,130.0,4.0
2025-05-30 19:00:00,0.13695,0.57,105.0,4.0
2025-05-30 20:00:00,0.14589,0.06,74.0,4.0
2025-05-30 21:00:00,0.13019,0.06,39.7,4.0
2025-05-30 22:00:00,0.10815,0.06,11.5,4.0
2025-05-30 23:00:00,0.107,0.41,2.03,3.988514892578128
2025-05-31 00:00:00,0.09994,0.41,0.0,3.9554313964843777
2025-05-31 01:00:00,0.09875,0.41,0.0,3.925321533203128
2025-05-31 02:00:00,0.0990699999999999,3.78,0.0,3.8952116699218777
2025-05-31 03:00:00,0.09991,3.78,0.0,3.8547966308593775
2025-05-31 04:00:00,0.09829,3.78,0.0,3.920912353515628
2025-05-31 05:00:00,0.09479,3.77,0.0,4.0
2025-05-31 06:00:00,0.08461,3.77,0.0,4.0
2025-05-31 07:00:00,0.055,3.77,700.0,4.0
2025-05-31 08:00:00,0.001,0.62,5.9,4.0
2025-05-31 09:00:00,-2e-05,0.62,15.5,4.0
2025-05-31 10:00:00,-0.001,0.62,33.6,4.0
2025-05-31 11:00:00,-0.00307,0.08,64.8,4.0
2025-05-31 12:00:00,-0.01317,0.08,101.0,4.0
2025-05-31 13:00:00,-0.00775,0.08,121.0,4.0
2025-05-31 14:00:00,-0.003,0.08,122.0,4.0
2025-05-31 15:00:00,-5e-05,0.08,118.0,4.0
2025-05-31 16:00:00,0.0414,0.08,133.0,4.0
2025-05-31 17:00:00,0.08885,0.16,67.5,4.0
2025-05-31 18:00:00,0.13141,0.16,52.6,4.0
2025-05-31 19:00:00,0.19235,0.16,74.9,4.0
2025-05-31 20:00:00,0.19237,0.06,31.3,4.0
2025-05-31 21:00:00,0.13349,0.06,18.7,4.0
2025-05-31 22:00:00,0.10206,0.06,7.82,3.976265136718753
2025-05-31 23:00:00,0.09253,0.0,2.07,3.939574462890628
2025-06-01 00:00:00,0.08522,0.0,0.0,3.9097978515625034
2025-06-01 01:00:00,0.0771299999999999,0.0,0.0,3.890743896484378
2025-06-01 02:00:00,0.07409,0.5,0.0,3.881281005859378
2025-06-01 03:00:00,0.07266,0.5,0.0,3.891959716796878
2025-06-01 04:00:00,0.06611,0.5,0.0,3.945510742187503
2025-06-01 05:00:00,0.03584,0.03,0.0,4.0
2025-06-01 06:00:00,0.013,0.03,0.0,4.0
2025-06-01 07:00:00,0.0024,0.03,0.0,4.0
2025-06-01 08:00:00,-1e-05,2.12,5.48,4.0
2025-06-01 09:00:00,-0.0006,2.12,19.6,4.0
2025-06-01 10:00:00,-0.00211,2.12,18.6,4.0
2025-06-01 11:00:00,-0.00548,0.19,37.5,4.0
2025-06-01 12:00:00,-0.01293,0.19,56.6,4.0
2025-06-01 13:00:00,-0.02041,0.19,98.1,4.0
2025-06-01 14:00:00,-0.0156099999999999,0.0,115.0,4.0
2025-06-01 15:00:00,-0.006,0.0,79.0,4.0
2025-06-01 16:00:00,-0.00099,0.0,84.4,4.0
2025-06-01 17:00:00,0.01923,0.0,106.0,4.0
2025-06-01 18:00:00,0.0788499999999999,0.0,98.8,4.0
2025-06-01 19:00:00,0.09366,0.0,94.0,4.0
2025-06-01 20:00:00,0.10686,0.52,55.5,4.0
2025-06-01 21:00:00,0.10593,0.52,26.1,4.0
2025-06-01 22:00:00,0.09049,0.52,12.3,4.0
2025-06-01 23:00:00,0.08176,3.37,2.43,4.0
2025-06-02 00:00:00,0.07531,3.37,0.0,4.0
2025-06-02 01:00:00,0.075,3.37,0.0,4.0
2025-06-02 02:00:00,0.07775,8.16,0.0,4.0
2025-06-02 03:00:00,0.08305,8.16,0.0,4.0
2025-06-02 04:00:00,0.09193,8.16,0.0,4.0
2025-06-02 05:00:00,0.10815,9.8,0.0,4.0
2025-06-02 06:00:00,0.1179,9.8,0.0,4.0
2025-06-02 07:00:00,0.1023599999999999,9.8,200.0,4.0
2025-06-02 08:00:00,0.0856,1.53,4.75,4.0
2025-06-02 09:00:00,0.05747,1.53,15.4,4.0
2025-06-02 10:00:00,0.03321,1.53,34.4,4.0
2025-06-02 11:00:00,0.02,0.34,71.0,4.0
2025-06-02 12:00:00,0.01278,0.34,109.0,4.0
2025-06-02 13:00:00,0.011,0.34,133.0,4.0
2025-06-02 14:00:00,0.01975,0.03,135.0,4.0
2025-06-02 15:00:00,0.05584,0.03,146.0,4.0
2025-06-02 16:00:00,0.0828,0.03,137.0,4.0
2025-06-02 17:00:00,0.09495,0.83,99.1,4.0
2025-06-02 18:00:00,0.1093199999999999,0.83,83.2,4.0
2025-06-02 19:00:00,0.19591,0.83,69.1,4.0
2025-06-02 20:00:00,0.24537,1.93,72.0,4.0
2025-06-02 21:00:00,0.14166,1.93,36.6,4.0
2025-06-02 22:00:00,0.11004,1.93,14.9,4.0
2025-06-02 23:00:00,0.1114899999999999,8.12,2.27,4.0
2025-06-03 00:00:00,0.10991,8.12,0.0,4.0
2025-06-03 01:00:00,0.10202,8.12,0.0,4.0
2025-06-03 02:00:00,0.09923,8.61,0.0,4.0
2025-06-03 03:00:00,0.09489,8.61,0.0,4.0
2025-06-03 04:00:00,0.1076,8.61,0.0,4.0
2025-06-03 05:00:00,0.13076,4.18,0.0,4.0
2025-06-03 06:00:00,0.11685,4.18,0.0,4.0
2025-06-03 07:00:00,0.08598,4.18,900.0,4.0
2025-06-03 08:00:00,0.05946,0.42,4.7,4.0
2025-06-03 09:00:00,0.002,0.42,11.4,4.0
2025-06-03 10:00:00,-5e-05,0.42,34.1,4.0
2025-06-03 11:00:00,-0.00101,0.42,72.3,4.0
2025-06-03 12:00:00,-0.003,0.42,73.4,4.0
2025-06-03 13:00:00,-0.00432,0.42,81.7,4.0
2025-06-03 14:00:00,-0.00133,1.0,119.0,4.0
2025-06-03 15:00:00,0.0,1.0,152.0,4.0
2025-06-03 16:00:00,0.066,1.0,144.0,4.0
2025-06-03 17:00:00,0.08779,0.78,130.0,4.0
2025-06-03 18:00:00,0.10941,0.78,113.0,4.0
2025-06-03 19:00:00,0.1329,0.78,79.5,4.0
2025-06-03 20:00:00,0.11229,0.61,42.5,4.0
2025-06-03 21:00:00,0.10612,0.61,28.3,4.0
2025-06-03 22:00:00,0.0954899999999999,0.61,12.5,4.0
2025-06-03 23:00:00,0.07495,0.6,2.73,3.907629882812503
2025-06-04 00:00:00,0.06725,0.6,0.0,3.819043457031246
2025-06-04 01:00:00,0.06478,0.6,0.0,3.775248291015628
2025-06-04 02:00:00,0.065,4.85,0.0,3.7445122070312458
2025-06-04 03:00:00,0.0683199999999999,4.85,0.0,3.719701416015628
2025-06-04 04:00:00,0.0803199999999999,4.85,0.0,3.773087646484378
2025-06-04 05:00:00,0.09977,4.68,0.0,3.8182451171875034
2025-06-04 06:00:00,0.11374,4.68,0.0,3.910669433593753
2025-06-04 07:00:00,0.1124,4.68,200.0,3.9628142089843776
2025-06-04 08:00:00,0.07908,0.63,4.93,4.0
2025-06-04 09:00:00,0.0724,0.63,15.1,4.0
2025-06-04 10:00:00,0.04836,0.63,34.6,4.0
2025-06-04 11:00:00,0.02012,0.17,69.5,4.0
2025-06-04 12:00:00,0.0096899999999999,0.17,110.0,4.0
2025-06-04 13:00:00,0.01826,0.17,109.0,4.0
2025-06-04 14:00:00,0.04335,0.54,87.5,4.0
2025-06-04 15:00:00,0.0724,0.54,130.0,4.0
2025-06-04 16:00:00,0.09145,0.54,153.0,4.0
2025-06-04 17:00:00,0.1089099999999999,0.19,140.0,4.0
2025-06-04 18:00:00,0.14598,0.19,72.6,4.0
2025-06-04 19:00:00,0.19285,0.19,79.7,4.0
2025-06-04 20:00:00,0.13882,1.86,46.8,4.0
2025-06-04 21:00:00,0.11243,1.86,22.5,4.0
2025-06-04 22:00:00,0.09408,1.86,13.5,4.0
2025-06-04 23:00:00,0.09767,4.48,1.98,3.996622802734378
2025-06-05 00:00:00,0.0927,4.48,0.0,3.978967773437503
2025-06-05 01:00:00,0.08684,4.48,0.0,3.960159179687503
2025-06-05 02:00:00,0.0861,5.89,0.0,3.938856689453128
2025-06-05 03:00:00,0.08701,5.89,0.0,3.921044189453128
2025-06-05 04:00:00,0.08809,5.89,0.0,3.960115234375003
2025-06-05 05:00:00,0.11378,3.27,0.0,4.0
2025-06-05 06:00:00,0.12903,3.27,0.0,4.0
2025-06-05 07:00:00,0.1166,3.27,300.0,4.0
2025-06-05 08:00:00,0.08303,0.76,3.3,4.0
2025-06-05 09:00:00,0.066,0.76,10.3,4.0
2025-06-05 10:00:00,0.04618,0.76,31.0,4.0
2025-06-05 11:00:00,0.02,0.88,36.6,4.0
2025-06-05 12:00:00,0.01103,0.88,74.6,4.0
2025-06-05 13:00:00,0.00707,0.88,80.0,4.0
2025-06-05 14:00:00,0.01987,0.83,96.9,4.0
2025-06-05 15:00:00,0.0575,0.83,59.2,4.0
2025-06-05 16:00:00,0.08108,0.83,50.2,4.0
2025-06-05 17:00:00,0.10094,0.58,91.4,4.0
2025-06-05 18:00:00,0.11219,0.58,81.7,4.0
2025-06-05 19:00:00,0.1364,0.58,54.2,4.0
2025-06-05 20:00:00,0.10695,0.98,39.6,4.0
2025-06-05 21:00:00,0.09637,0.98,15.7,4.0
2025-06-05 22:00:00,0.08136,0.98,9.4,4.0
2025-06-05 23:00:00,0.07629,4.53,1.05,4.0
2025-06-06 00:00:00,0.06612,4.53,0.0,4.0
2025-06-06 01:00:00,0.06086,4.53,0.0,4.0
2025-06-06 02:00:00,0.05527,3.07,0.0,4.0
2025-06-06 03:00:00,0.05278,3.07,0.0,4.0
2025-06-06 04:00:00,0.0637,3.07,0.0,4.0
2025-06-06 05:00:00,0.06702,4.31,0.0,4.0
2025-06-06 06:00:00,0.07443,4.31,0.0,4.0
2025-06-06 07:00:00,0.0596099999999999,4.31,100.0,4.0
2025-06-06 08:00:00,0.00394,2.2,4.45,4.0
2025-06-06 09:00:00,-1e-05,2.2,8.25,4.0
2025-06-06 10:00:00,-0.00027,2.2,32.5,4.0
2025-06-06 11:00:00,-0.00207,0.28,53.7,4.0
2025-06-06 12:00:00,-0.0049299999999999,0.28,64.1,4.0
2025-06-06 13:00:00,-0.0050599999999999,0.28,90.9,4.0
2025-06-06 14:00:00,-0.00496,0.84,116.0,4.0
2025-06-06 15:00:00,-0.001,0.84,102.0,4.0
2025-06-06 16:00:00,0.0,0.84,106.0,4.0
2025-06-06 17:00:00,0.05047,0.0,85.1,4.0
2025-06-06 18:00:00,0.08419,0.0,59.9,4.0
2025-06-06 19:00:00,0.1125699999999999,0.0,87.0,4.0
2025-06-06 20:00:00,0.12929,0.95,65.1,4.0
2025-06-06 21:00:00,0.12572,0.95,31.1,3.8552983398437526
2025-06-06 22:00:00,0.10324,0.95,10.5,3.893992187500003
2025-06-06 23:00:00,0.08761,7.33,2.07,3.7927788085937526
2025-06-07 00:00:00,0.0835,7.33,0.0,3.678616210937503
2025-06-07 01:00:00,0.0780199999999999,7.33,0.0,3.5944060058593776
2025-06-07 02:00:00,0.08189,5.93,0.0,3.505914794921878
2025-06-07 03:00:00,0.08227,5.93,0.0,3.430167724609378
2025-06-07 04:00:00,0.08199,5.93,0.0,3.6368608398437527
2025-06-07 05:00:00,0.08547,4.84,0.0,3.916561767578128
2025-06-07 06:00:00,0.08674,4.84,0.0,4.0
2025-06-07 07:00:00,0.07986,4.84,0.0,4.0
2025-06-07 08:00:00,0.0653,2.79,2.85,4.0
2025-06-07 09:00:00,0.03053,2.79,15.5,4.0
2025-06-07 10:00:00,0.0094399999999999,2.79,24.0,4.0
2025-06-07 11:00:00,0.0011899999999999,0.6,27.7,4.0
2025-06-07 12:00:00,-1e-05,0.6,54.0,4.0
2025-06-07 13:00:00,-2e-05,0.6,84.9,4.0
2025-06-07 14:00:00,-2e-05,0.08,92.3,4.0
2025-06-07 15:00:00,-0.00087,0.08,79.8,4.0
2025-06-07 16:00:00,0.02691,0.08,93.6,4.0
2025-06-07 17:00:00,0.0701,1.16,63.0,4.0
2025-06-07 18:00:00,0.08501,1.16,90.2,4.0
2025-06-07 19:00:00,0.1099,1.16,83.1,4.0
2025-06-07 20:00:00,0.11026,5.31,55.2,4.0
2025-06-07 21:00:00,0.09801,5.31,21.5,3.912456542968753
2025-06-07 22:00:00,0.08009,5.31,8.92,3.781576416015628
2025-06-07 23:00:00,0.09384,4.86,950.0,3.717610351562503
2025-06-08 00:00:00,0.083,4.86,0.0,3.655328857421878
2025-06-08 01:00:00,0.07686,4.86,0.0,3.5902751464843776
2025-06-08 02:00:00,0.06974,4.03,0.0,3.526459228515628
2025-06-08 03:00:00,0.06702,4.03,0.0,3.475017578125003
2025-06-08 04:00:00,0.0556599999999999,4.03,0.0,3.634432861328128
2025-06-08 05:00:00,0.03902,6.17,0.0,4.0
2025-06-08 06:00:00,0.0037099999999999,6.17,0.0,4.0
2025-06-08 07:00:00,0.0,6.17,300.0,4.0
2025-06-08 08:00:00,-0.0005,3.28,5.32,4.0
2025-06-08 09:00:00,-0.002,3.28,11.4,4.0
2025-06-08 10:00:00,-0.00821,3.28,28.6,4.0
2025-06-08 11:00:00,-0.01992,3.21,30.8,4.0
2025-06-08 12:00:00,-0.0399799999999999,3.21,36.1,4.0
2025-06-08 13:00:00,-0.05256,3.21,52.7,4.0
2025-06-08 14:00:00,-0.05306,1.49,52.0,4.0
2025-06-08 15:00:00,-0.03889,1.49,125.0,4.0
2025-06-08 16:00:00,-0.01671,1.49,86.1,4.0
2025-06-08 17:00:00,-1e-05,3.17,76.6,4.0
2025-06-08 18:00:00,0.03965,3.17,103.0,4.0
2025-06-08 19:00:00,0.06088,3.17,85.3,4.0
2025-06-08 20:00:00,0.06955,6.34,63.8,4.0
2025-06-08 21:00:00,0.0650699999999999,6.34,34.9,3.945023681640628
2025-06-08 22:00:00,0.05113,6.34,15.1,3.820940429687503
2025-06-08 23:00:00,0.0048,10.17,2.7,3.742684814453128
2025-06-09 00:00:00,0.00415,10.17,0.0,3.681545898437503
2025-06-09 01:00:00,0.00419,10.17,0.0,3.603726074218753
2025-06-09 02:00:00,0.0042699999999999,8.14,0.0,3.571005126953128
2025-06-09 03:00:00,0.01342,8.14,0.0,3.577523681640628
2025-06-09 04:00:00,0.0322,8.14,0.0,3.7544658203125034
2025-06-09 05:00:00,0.0449699999999999,5.46,0.0,4.0
2025-06-09 06:00:00,0.04004,5.46,0.0,4.0
2025-06-09 07:00:00,0.00297,5.46,500.0,4.0
2025-06-09 08:00:00,-0.00062,0.91,5.57,4.0
2025-06-09 09:00:00,-0.00114,0.91,17.6,4.0
2025-06-09 10:00:00,-0.00414,0.91,37.4,4.0
2025-06-09 11:00:00,-0.01,0.22,67.9,4.0
2025-06-09 12:00:00,-0.01933,0.22,101.0,4.0
2025-06-09 13:00:00,-0.01576,0.22,121.0,4.0
2025-06-09 14:00:00,-0.0045,0.25,131.0,4.0
2025-06-09 15:00:00,-0.001,0.25,105.0,4.0
2025-06-09 16:00:00,8.999999999999999e-05,0.25,77.7,4.0
2025-06-09 17:00:00,0.06954,0.25,50.9,4.0
2025-06-09 18:00:00,0.11779,0.25,47.7,4.0
2025-06-09 19:00:00,0.1414,0.25,63.3,4.0
2025-06-09 20:00:00,0.14842,2.78,45.1,4.0
2025-06-09 21:00:00,0.12652,2.78,37.8,4.0
2025-06-09 22:00:00,0.10119,2.78,15.0,4.0
2025-06-09 23:00:00,0.08665,10.27,3.9,3.938479492187503
2025-06-10 00:00:00,0.0780699999999999,10.27,0.0,3.871473876953128
2025-06-10 01:00:00,0.06966,10.27,0.0,3.7735417480468776
2025-06-10 02:00:00,0.05995,6.48,0.0,3.7005485839843777
2025-06-10 03:00:00,0.05416,6.48,0.0,3.639523193359378
2025-06-10 04:00:00,0.06218,6.48,0.0,3.7438054199218778
2025-06-10 05:00:00,0.07462,3.06,0.0,3.888821289062503
2025-06-10 06:00:00,0.08279,3.06,0.0,4.0
2025-06-10 07:00:00,0.08317,3.06,500.0,4.0
2025-06-10 08:00:00,0.069,0.16,5.1,4.0
2025-06-10 09:00:00,0.02221,0.16,15.0,4.0
2025-06-10 10:00:00,0.0001,0.16,23.6,4.0
2025-06-10 11:00:00,-0.00019,0.01,33.7,4.0
2025-06-10 12:00:00,-0.00233,0.01,50.3,4.0
2025-06-10 13:00:00,-0.00426,0.01,82.6,4.0
2025-06-10 14:00:00,-0.00104,0.05,115.0,4.0
2025-06-10 15:00:00,3e-05,0.05,102.0,4.0
2025-06-10 16:00:00,0.05399,0.05,106.0,4.0
2025-06-10 17:00:00,0.0696,0.55,66.2,4.0
2025-06-10 18:00:00,0.08208,0.55,49.7,4.0
2025-06-10 19:00:00,0.08397,0.55,33.4,4.0
2025-06-10 20:00:00,0.09128,2.71,37.1,3.987240478515628
2025-06-10 21:00:00,0.09794,2.71,35.9,3.888275634765628
2025-06-10 22:00:00,0.08531,2.71,11.4,3.779818603515628
2025-06-10 23:00:00,0.07301,9.3,2.35,3.7032292480468776
2025-06-11 00:00:00,0.07138,9.3,0.0,3.682120849609378
2025-06-11 01:00:00,0.07058,9.3,0.0,3.645452148437503
2025-06-11 02:00:00,0.06986,9.63,0.0,3.631444580078128
2025-06-11 03:00:00,0.07359,9.63,0.0,3.656420166015628
2025-06-11 04:00:00,0.0836,9.63,0.0,3.780536376953128
2025-06-11 05:00:00,0.10126,7.3,0.0,3.983512451171878
2025-06-11 06:00:00,0.1077999999999999,7.3,0.0,4.0
2025-06-11 07:00:00,0.08509,7.3,750.0,4.0
2025-06-11 08:00:00,0.0667,1.08,4.8,4.0
2025-06-11 09:00:00,0.02298,1.08,11.3,4.0
2025-06-11 10:00:00,0.0013,1.08,34.1,4.0
2025-06-11 11:00:00,-0.0003599999999999,0.07,76.4,4.0
2025-06-11 12:00:00,-0.0009699999999999,0.07,95.8,4.0
2025-06-11 13:00:00,-0.0034,0.07,114.0,4.0
2025-06-11 14:00:00,-0.0024,0.0,144.0,3.978231689453128
2025-06-11 15:00:00,-1e-05,0.0,158.0,3.993770019531246
2025-06-11 16:00:00,0.06647,0.0,157.0,3.975580322265628
2025-06-11 17:00:00,0.08934,0.0,149.0,3.866313964843753
2025-06-11 18:00:00,0.13228,0.0,132.0,3.7685612792968777
2025-06-11 19:00:00,0.217,0.0,109.0,3.753235351562503
2025-06-11 20:00:00,0.18,1.12,77.9,3.7449333496093775
2025-06-11 21:00:00,0.11934,1.12,43.1,3.721155273437503
2025-06-11 22:00:00,0.0940699999999999,1.12,14.5,3.6768291015625034
2025-06-11 23:00:00,0.0929099999999999,5.39,2.88,3.6441337890625034
2025-06-12 00:00:00,0.0877,5.39,0.0,3.617122070312503
2025-06-12 01:00:00,0.08543,5.39,0.0,3.566134521484378
2025-06-12 02:00:00,0.08485,3.78,0.0,3.525997802734377
2025-06-12 03:00:00,0.08906,3.78,0.0,3.497550537109378
2025-06-12 04:00:00,0.092,3.78,0.0,3.5565141601562527
2025-06-12 05:00:00,0.11485,3.36,0.0,3.6858085937500022
2025-06-12 06:00:00,0.1043,3.36,0.0,3.8625310058593776
2025-06-12 07:00:00,0.07886,3.36,600.0,3.988544189453128
2025-06-12 08:00:00,0.03609,0.67,4.33,4.0
2025-06-12 09:00:00,0.0,0.67,10.9,4.0
2025-06-12 10:00:00,-0.002,0.67,32.5,4.0
2025-06-12 11:00:00,-0.01591,0.75,72.8,4.0
2025-06-12 12:00:00,-0.0278999999999999,0.75,107.0,4.0
2025-06-12 13:00:00,-0.02547,0.75,132.0,4.0
2025-06-12 14:00:00,-0.01157,1.42,150.0,4.0
2025-06-12 15:00:00,-0.00278,1.42,157.0,4.0
2025-06-12 16:00:00,0.0149,1.42,156.0,4.0
2025-06-12 17:00:00,0.0799599999999999,0.8,149.0,4.0
2025-06-12 18:00:00,0.11255,0.8,127.0,4.0
2025-06-12 19:00:00,0.132,0.8,103.0,3.932473632812503
2025-06-12 20:00:00,0.111,0.11,65.9,3.8176335449218777
2025-06-12 21:00:00,0.105,0.11,36.6,3.760530273437503
2025-06-12 22:00:00,0.0869,0.11,16.1,3.668933593750003
2025-06-12 23:00:00,0.07029,0.0,3.35,3.587843505859378
2025-06-13 00:00:00,0.05525,0.0,0.0,3.534032470703128
2025-06-13 01:00:00,0.05861,0.0,0.0,3.4959282226562527
2025-06-13 02:00:00,0.06342,0.42,0.0,3.4624199218750027
2025-06-13 03:00:00,0.06384,0.42,0.0,3.4353569335937526
2025-06-13 04:00:00,0.07071,0.42,0.0,3.547860595703128
2025-06-13 05:00:00,0.08368,0.31,0.0,3.653984863281246
2025-06-13 06:00:00,0.08726,0.31,0.0,3.8337358398437527
2025-06-13 07:00:00,0.07739,0.31,700.0,3.975803710937503
2025-06-13 08:00:00,0.04003,1.08,4.57,4.0
2025-06-13 09:00:00,0.0040999999999999,1.08,12.0,4.0
2025-06-13 10:00:00,-3e-05,1.08,30.9,4.0
2025-06-13 11:00:00,-0.0020499999999999,2.33,60.8,4.0
2025-06-13 12:00:00,-0.00609,2.33,94.0,4.0
2025-06-13 13:00:00,-0.00601,2.33,122.0,4.0
2025-06-13 14:00:00,-0.0023799999999999,1.17,136.0,4.0
2025-06-13 15:00:00,-1e-05,1.17,145.0,4.0
2025-06-13 16:00:00,0.0359,1.17,146.0,4.0
2025-06-13 17:00:00,0.08004,0.67,126.0,4.0
2025-06-13 18:00:00,0.1089,0.67,122.0,4.0
2025-06-13 19:00:00,0.11119,0.67,99.8,3.915041992187503
2025-06-13 20:00:00,0.0949,0.33,70.8,3.7877214355468776
2025-06-13 21:00:00,0.09,0.33,39.5,3.6600493164062526
2025-06-13 22:00:00,0.0713,0.33,13.9,3.5347392578125025
2025-06-13 23:00:00,0.07399,0.4,2.65,3.4297685546875027
2025-06-14 00:00:00,0.0712,0.4,0.0,3.3582329101562527
2025-06-14 01:00:00,0.06615,0.4,0.0,3.298672363281246
2025-06-14 02:00:00,0.06688,0.12,0.0,3.234724609375003
2025-06-14 03:00:00,0.06806,0.12,0.0,3.2003300781250026
2025-06-14 04:00:00,0.06452,0.12,0.0,3.3909978027343777
2025-06-14 05:00:00,0.05468,0.53,0.0,3.799033691406253
2025-06-14 06:00:00,0.0203,0.53,0.0,4.0
2025-06-14 07:00:00,0.00774,0.53,900.0,4.0
2025-06-14 08:00:00,0.0,2.58,7.55,4.0
2025-06-14 09:00:00,-0.00202,2.58,17.4,4.0
2025-06-14 10:00:00,-0.00908,2.58,36.3,4.0
2025-06-14 11:00:00,-0.03572,2.25,59.3,4.0
2025-06-14 12:00:00,-0.038,2.25,98.0,4.0
2025-06-14 13:00:00,-0.02575,2.25,117.0,4.0
2025-06-14 14:00:00,-0.0067,0.0,133.0,4.0
2025-06-14 15:00:00,-0.00037,0.0,134.0,4.0
2025-06-14 16:00:00,0.00886,0.0,55.7,4.0
2025-06-14 17:00:00,0.08338,0.36,37.9,4.0
2025-06-14 18:00:00,0.1215499999999999,0.36,18.9,4.0
2025-06-14 19:00:00,0.12727,0.36,46.0,4.0
2025-06-14 20:00:00,0.11768,0.67,61.6,4.0
2025-06-14 21:00:00,0.12139,0.67,44.7,4.0
2025-06-14 22:00:00,0.109,0.67,13.7,4.0
2025-06-14 23:00:00,0.09193,0.53,1.53,4.0
2025-06-15 00:00:00,0.08887,0.53,0.0,4.0
2025-06-15 01:00:00,0.08723,0.53,0.0,4.0
2025-06-15 02:00:00,0.09094,0.11,0.0,4.0
2025-06-15 03:00:00,0.0919899999999999,0.11,0.0,4.0
2025-06-15 04:00:00,0.09215,0.11,0.0,4.0
2025-06-15 05:00:00,0.08499,5.23,0.0,4.0
2025-06-15 06:00:00,0.0662099999999999,5.23,0.0,4.0
2025-06-15 07:00:00,0.05386,5.23,0.0,4.0
2025-06-15 08:00:00,0.00555,2.88,300.0,4.0
2025-06-15 09:00:00,0.0,2.88,3.0,4.0
2025-06-15 10:00:00,-2e-05,2.88,12.5,4.0
2025-06-15 11:00:00,-0.00122,0.0,35.6,4.0
2025-06-15 12:00:00,-0.00561,0.0,76.6,4.0
2025-06-15 13:00:00,-0.005,0.0,74.8,4.0
2025-06-15 14:00:00,-0.002,0.03,90.8,4.0
2025-06-15 15:00:00,-1e-05,0.03,74.8,4.0
2025-06-15 16:00:00,0.05479,0.03,83.6,4.0
2025-06-15 17:00:00,0.09643,0.47,131.0,4.0
2025-06-15 18:00:00,0.109,0.47,102.0,4.0
2025-06-15 19:00:00,0.11459,0.47,46.5,4.0
2025-06-15 20:00:00,0.13543,0.22,53.4,4.0
2025-06-15 21:00:00,0.12763,0.22,41.5,4.0
2025-06-15 22:00:00,0.10654,0.22,26.6,4.0
2025-06-15 23:00:00,0.10572,2.69,7.65,4.0
2025-06-16 00:00:00,0.09164,2.69,200.0,4.0
2025-06-16 01:00:00,0.08694,2.69,0.0,4.0
2025-06-16 02:00:00,0.084,8.74,0.0,4.0
2025-06-16 03:00:00,0.08328,8.74,0.0,4.0
2025-06-16 04:00:00,0.08839,8.74,0.0,4.0
2025-06-16 05:00:00,0.11243,4.85,0.0,4.0
2025-06-16 06:00:00,0.1234899999999999,4.85,0.0,4.0
2025-06-16 07:00:00,0.10892,4.85,1.0,4.0
2025-06-16 08:00:00,0.08449,0.38,4.9,4.0
2025-06-16 09:00:00,0.06028,0.38,12.0,4.0
2025-06-16 10:00:00,0.01402,0.38,32.1,4.0
2025-06-16 11:00:00,0.00162,0.0,70.6,4.0
2025-06-16 12:00:00,7.000000000000001e-05,0.0,104.0,4.0
2025-06-16 13:00:00,0.0,0.0,127.0,4.0
2025-06-16 14:00:00,0.0,1.0,142.0,4.0
2025-06-16 15:00:00,0.0136099999999999,1.0,136.0,4.0
2025-06-16 16:00:00,0.07,1.0,107.0,4.0
2025-06-16 17:00:00,0.08924,0.52,103.0,4.0
2025-06-16 18:00:00,0.116,0.52,86.9,4.0
2025-06-16 19:00:00,0.1861,0.52,93.3,4.0
2025-06-16 20:00:00,0.19,0.99,64.8,4.0
2025-06-16 21:00:00,0.12918,0.99,41.3,4.0
2025-06-16 22:00:00,0.1069,0.99,15.4,4.0
2025-06-16 23:00:00,0.10398,1.5,3.38,4.0
2025-06-17 00:00:00,0.09826,1.5,100.0,4.0
2025-06-17 01:00:00,0.09495,1.5,0.0,4.0
2025-06-17 02:00:00,0.09419,4.22,0.0,4.0
2025-06-17 03:00:00,0.0952399999999999,4.22,0.0,4.0
2025-06-17 04:00:00,0.10251,4.22,0.0,4.0
2025-06-17 05:00:00,0.11876,4.91,0.0,4.0
2025-06-17 06:00:00,0.10701,4.91,0.0,4.0
2025-06-17 07:00:00,0.09859,4.91,1.0,4.0
2025-06-17 08:00:00,0.07074,0.01,4.63,4.0
2025-06-17 09:00:00,0.00434,0.01,10.8,4.0
2025-06-17 10:00:00,-0.00061,0.01,31.8,4.0
2025-06-17 11:00:00,-0.00086,0.92,70.6,4.0
2025-06-17 12:00:00,-0.00491,0.92,104.0,4.0
2025-06-17 13:00:00,-0.0062,0.92,125.0,4.0
2025-06-17 14:00:00,-0.00256,1.33,135.0,4.0
2025-06-17 15:00:00,0.00865,1.33,135.0,4.0
2025-06-17 16:00:00,0.07923,1.33,146.0,4.0
2025-06-17 17:00:00,0.10336,1.09,146.0,4.0
2025-06-17 18:00:00,0.12908,1.09,120.0,4.0
2025-06-17 19:00:00,0.2418,1.09,104.0,4.0
2025-06-17 20:00:00,0.2413799999999999,0.24,77.7,4.0
2025-06-17 21:00:00,0.13819,0.24,45.0,4.0
2025-06-17 22:00:00,0.11636,0.24,11.8,4.0
2025-06-17 23:00:00,0.113,0.7,1.98,4.0
2025-06-18 00:00:00,0.1067999999999999,0.7,0.0,4.0
2025-06-18 01:00:00,0.1015,0.7,0.0,4.0
2025-06-18 02:00:00,0.09584,1.36,0.0,4.0
2025-06-18 03:00:00,0.09701,1.36,0.0,4.0
2025-06-18 04:00:00,0.10357,1.36,0.0,4.0
2025-06-18 05:00:00,0.1123499999999999,3.23,0.0,4.0
2025-06-18 06:00:00,0.1149,3.23,0.0,4.0
2025-06-18 07:00:00,0.11139,3.23,800.0,4.0
2025-06-18 08:00:00,0.07897,0.25,4.78,4.0
2025-06-18 09:00:00,0.02177,0.25,13.3,4.0
2025-06-18 10:00:00,0.00117,0.25,33.5,4.0
2025-06-18 11:00:00,-0.00023,1.33,69.8,4.0
2025-06-18 12:00:00,-0.00104,1.33,98.0,4.0
2025-06-18 13:00:00,-0.0023,1.33,120.0,4.0
2025-06-18 14:00:00,-0.00217,1.21,134.0,4.0
2025-06-18 15:00:00,0.00099,1.21,150.0,4.0
2025-06-18 16:00:00,0.074,1.21,151.0,4.0
2025-06-18 17:00:00,0.10715,0.68,145.0,4.0
2025-06-18 18:00:00,0.1164,0.68,131.0,4.0
2025-06-18 19:00:00,0.14099,0.68,107.0,4.0
2025-06-18 20:00:00,0.17532,0.69,76.9,4.0
2025-06-18 21:00:00,0.13306,0.69,42.9,4.0
2025-06-18 22:00:00,0.11535,0.69,15.4,4.0
2025-06-18 23:00:00,0.1122,0.21,3.65,4.0
2025-06-19 00:00:00,0.1064,0.21,0.0,4.0
2025-06-19 01:00:00,0.10529,0.21,0.0,4.0
2025-06-19 02:00:00,0.09951,2.58,0.0,4.0
2025-06-19 03:00:00,0.10094,2.58,0.0,4.0
2025-06-19 04:00:00,0.09568,2.58,0.0,4.0
2025-06-19 05:00:00,0.10151,4.18,0.0,4.0
2025-06-19 06:00:00,0.08925,4.18,0.0,4.0
2025-06-19 07:00:00,0.07125,4.18,600.0,4.0
2025-06-19 08:00:00,0.00086,0.06,4.08,4.0
2025-06-19 09:00:00,-0.00133,0.06,9.08,4.0
2025-06-19 10:00:00,-0.02998,0.06,30.1,4.0
2025-06-19 11:00:00,-0.05221,0.03,70.0,4.0
2025-06-19 12:00:00,-0.06544,0.03,104.0,4.0
2025-06-19 13:00:00,-0.06495,0.03,129.0,4.0
2025-06-19 14:00:00,-0.03979,0.0,145.0,4.0
2025-06-19 15:00:00,-0.00495,0.0,154.0,4.0
2025-06-19 16:00:00,0.0023,0.0,155.0,4.0
2025-06-19 17:00:00,0.08033,0.42,147.0,4.0
2025-06-19 18:00:00,0.1184699999999999,0.42,133.0,4.0
2025-06-19 19:00:00,0.13885,0.42,109.0,4.0
2025-06-19 20:00:00,0.1418,0.08,79.3,4.0
2025-06-19 21:00:00,0.12966,0.08,44.3,4.0
2025-06-19 22:00:00,0.10889,0.08,15.0,4.0
2025-06-19 23:00:00,0.1094899999999999,1.69,3.1,4.0
2025-06-20 00:00:00,0.10457,1.69,100.0,4.0
2025-06-20 01:00:00,0.10324,1.69,0.0,4.0
2025-06-20 02:00:00,0.10501,6.32,0.0,4.0
2025-06-20 03:00:00,0.10427,6.32,0.0,4.0
2025-06-20 04:00:00,0.10904,6.32,0.0,4.0
2025-06-20 05:00:00,0.1209,6.87,0.0,4.0
2025-06-20 06:00:00,0.11866,6.87,0.0,4.0
2025-06-20 07:00:00,0.11098,6.87,500.0,4.0
2025-06-20 08:00:00,0.08169,0.09,3.97,4.0
2025-06-20 09:00:00,0.01583,0.09,9.18,4.0
2025-06-20 10:00:00,0.00403,0.09,30.3,4.0
2025-06-20 11:00:00,0.0,0.33,71.6,4.0
2025-06-20 12:00:00,-0.001,0.33,107.0,4.0
2025-06-20 13:00:00,-0.00017,0.33,132.0,4.0
2025-06-20 14:00:00,0.00091,2.11,148.0,4.0
2025-06-20 15:00:00,0.02899,2.11,156.0,4.0
2025-06-20 16:00:00,0.08735,2.11,156.0,4.0
2025-06-20 17:00:00,0.11101,0.84,135.0,4.0
2025-06-20 18:00:00,0.13613,0.84,122.0,4.0
2025-06-20 19:00:00,0.20129,0.84,108.0,4.0
2025-06-20 20:00:00,0.1786299999999999,0.28,77.6,4.0
2025-06-20 21:00:00,0.13705,0.28,38.2,4.0
2025-06-20 22:00:00,0.12138,0.28,17.0,4.0
2025-06-20 23:00:00,0.11852,0.08,3.28,4.0
2025-06-21 00:00:00,0.11048,0.08,0.0,3.950491210937503
2025-06-21 01:00:00,0.10815,0.08,0.0,3.890648681640628
2025-06-21 02:00:00,0.10676,1.88,0.0,3.8549760742187527
2025-06-21 03:00:00,0.1090999999999999,1.88,0.0,3.869229003906253
2025-06-21 04:00:00,0.10445,1.88,0.0,4.0
2025-06-21 05:00:00,0.10071,3.92,0.0,4.0
2025-06-21 06:00:00,0.09074,3.92,0.0,4.0
2025-06-21 07:00:00,0.07593,3.92,500.0,4.0
2025-06-21 08:00:00,0.0233999999999999,0.33,4.02,4.0
2025-06-21 09:00:00,0.00019,0.33,9.53,4.0
2025-06-21 10:00:00,-0.0020099999999999,0.33,30.8,4.0
2025-06-21 11:00:00,-0.01396,0.25,71.4,4.0
2025-06-21 12:00:00,-0.02998,0.25,105.0,4.0
2025-06-21 13:00:00,-0.02631,0.25,129.0,4.0
2025-06-21 14:00:00,-0.00442,0.11,144.0,4.0
2025-06-21 15:00:00,8.999999999999999e-05,0.11,151.0,4.0
2025-06-21 16:00:00,0.05999,0.11,150.0,4.0
2025-06-21 17:00:00,0.10095,0.59,143.0,4.0
2025-06-21 18:00:00,0.1279,0.59,128.0,4.0
2025-06-21 19:00:00,0.15674,0.59,105.0,4.0
2025-06-21 20:00:00,0.1653,0.7,77.5,4.0
2025-06-21 21:00:00,0.14078,0.7,43.7,4.0
2025-06-21 22:00:00,0.1192,0.7,14.8,4.0
2025-06-21 23:00:00,0.10815,0.73,2.98,4.0
2025-06-22 00:00:00,0.10107,0.73,100.0,4.0
2025-06-22 01:00:00,0.0974599999999999,0.73,0.0,4.0
2025-06-22 02:00:00,0.09212,0.11,0.0,4.0
2025-06-22 03:00:00,0.0896899999999999,0.11,0.0,4.0
2025-06-22 04:00:00,0.08795,0.11,0.0,4.0
2025-06-22 05:00:00,0.07198,0.0,0.0,4.0
2025-06-22 06:00:00,0.02644,0.0,0.0,4.0
2025-06-22 07:00:00,0.0,0.0,900.0,4.0
2025-06-22 08:00:00,-8.999999999999999e-05,0.19,4.58,4.0
2025-06-22 09:00:00,-0.01111,0.19,9.88,4.0
2025-06-22 10:00:00,-0.03856,0.19,30.5,4.0
2025-06-22 11:00:00,-0.06741,0.92,68.6,4.0
2025-06-22 12:00:00,-0.09901,0.92,98.7,4.0
2025-06-22 13:00:00,-0.081,0.92,102.0,4.0
2025-06-22 14:00:00,-0.04009,0.0,136.0,4.0
2025-06-22 15:00:00,-0.0076799999999999,0.0,143.0,4.0
2025-06-22 16:00:00,-1e-05,0.0,132.0,4.0
2025-06-22 17:00:00,0.06975,0.42,103.0,4.0
2025-06-22 18:00:00,0.10933,0.42,59.9,4.0
2025-06-22 19:00:00,0.1239,0.42,47.9,4.0
2025-06-22 20:00:00,0.13433,1.09,60.0,4.0
2025-06-22 21:00:00,0.12632,1.09,38.5,4.0
2025-06-22 22:00:00,0.10163,1.09,15.8,4.0
2025-06-22 23:00:00,0.0703,0.32,2.08,4.0
2025-06-23 00:00:00,0.0638,0.32,0.0,4.0
2025-06-23 01:00:00,0.06379,0.32,0.0,4.0
2025-06-23 02:00:00,0.06451,1.0,0.0,4.0
2025-06-23 03:00:00,0.0725,1.0,0.0,4.0
2025-06-23 04:00:00,0.08492,1.0,0.0,4.0
2025-06-23 05:00:00,0.08912,0.05,0.0,4.0
2025-06-23 06:00:00,0.0922399999999999,0.05,0.0,4.0
2025-06-23 07:00:00,0.0789599999999999,0.05,1.0,4.0
2025-06-23 08:00:00,0.01864,0.03,3.8,4.0
2025-06-23 09:00:00,-1e-05,0.03,10.8,4.0
2025-06-23 10:00:00,-0.00611,0.03,30.7,4.0
2025-06-23 11:00:00,-0.01276,0.25,36.4,4.0
2025-06-23 12:00:00,-0.0264499999999999,0.25,55.7,4.0
2025-06-23 13:00:00,-0.03275,0.25,47.0,4.0
2025-06-23 14:00:00,-0.03269,1.31,54.0,4.0
2025-06-23 15:00:00,-0.025,1.31,152.0,4.0
2025-06-23 16:00:00,-0.01311,1.31,143.0,4.0
2025-06-23 17:00:00,-0.00101,0.7,129.0,4.0
2025-06-23 18:00:00,0.02,0.7,105.0,4.0
2025-06-23 19:00:00,0.0835,0.7,82.5,4.0
2025-06-23 20:00:00,0.09,0.64,66.2,4.0
2025-06-23 21:00:00,0.09778,0.64,47.2,4.0
2025-06-23 22:00:00,0.08953,0.64,16.6,4.0
2025-06-23 23:00:00,0.07708,6.0,3.68,4.0
2025-06-24 00:00:00,0.06679,6.0,100.0,4.0
2025-06-24 01:00:00,0.06379,6.0,0.0,4.0
2025-06-24 02:00:00,0.05812,6.75,0.0,3.9698308105468776
2025-06-24 03:00:00,0.06652,6.75,0.0,3.9370292968750022
2025-06-24 04:00:00,0.06975,6.75,0.0,4.0
2025-06-24 05:00:00,0.08815,8.82,0.0,4.0
2025-06-24 06:00:00,0.08802,8.82,0.0,4.0
2025-06-24 07:00:00,0.04127,8.82,450.0,4.0
2025-06-24 08:00:00,-1e-05,0.95,3.8,4.0
2025-06-24 09:00:00,-0.00401,0.95,9.07,4.0
2025-06-24 10:00:00,-0.01241,0.95,31.0,4.0
2025-06-24 11:00:00,-0.02009,0.36,69.4,4.0
2025-06-24 12:00:00,-0.02275,0.36,108.0,4.0
2025-06-24 13:00:00,-0.01927,0.36,136.0,4.0
2025-06-24 14:00:00,-0.00756,0.28,107.0,4.0
2025-06-24 15:00:00,-0.00306,0.28,107.0,4.0
2025-06-24 16:00:00,0.00209,0.28,82.7,4.0
2025-06-24 17:00:00,0.06177,0.08,35.8,4.0
2025-06-24 18:00:00,0.09725,0.08,51.0,4.0
2025-06-24 19:00:00,0.1239,0.08,61.0,4.0
2025-06-24 20:00:00,0.12249,0.42,34.9,4.0
2025-06-24 21:00:00,0.09741,0.42,42.4,4.0
2025-06-24 22:00:00,0.09802,0.42,15.2,4.0
2025-06-24 23:00:00,0.0788499999999999,0.25,2.13,4.0
2025-06-25 00:00:00,0.06763,0.25,0.0,4.0
2025-06-25 01:00:00,0.07002,0.25,0.0,4.0
2025-06-25 02:00:00,0.0690699999999999,0.1,0.0,4.0
2025-06-25 03:00:00,0.07001,0.1,0.0,4.0
2025-06-25 04:00:00,0.08277,0.1,0.0,4.0
2025-06-25 05:00:00,0.10572,0.03,0.0,4.0
2025-06-25 06:00:00,0.11236,0.03,0.0,4.0
2025-06-25 07:00:00,0.09787,0.03,800.0,4.0
2025-06-25 08:00:00,0.07002,0.01,3.15,4.0
2025-06-25 09:00:00,0.01007,0.01,7.75,4.0
2025-06-25 10:00:00,7.000000000000001e-05,0.01,28.3,4.0
2025-06-25 11:00:00,-2e-05,1.75,68.8,4.0
2025-06-25 12:00:00,-0.00014,1.75,104.0,4.0
2025-06-25 13:00:00,-0.00051,1.75,128.0,4.0
2025-06-25 14:00:00,0.0,0.3,141.0,4.0
2025-06-25 15:00:00,0.0178399999999999,0.3,154.0,4.0
2025-06-25 16:00:00,0.08447,0.3,95.1,4.0
2025-06-25 17:00:00,0.1057999999999999,1.56,38.2,4.0
2025-06-25 18:00:00,0.13419,1.56,85.9,4.0
2025-06-25 19:00:00,0.2,1.56,100.0,4.0
2025-06-25 20:00:00,0.24702,1.27,54.2,4.0
2025-06-25 21:00:00,0.17362,1.27,30.9,4.0
2025-06-25 22:00:00,0.12684,1.27,14.9,4.0
2025-06-25 23:00:00,0.11995,0.97,3.2,4.0
2025-06-26 00:00:00,0.1076299999999999,0.97,0.0,4.0
2025-06-26 01:00:00,0.10283,0.97,0.0,4.0
2025-06-26 02:00:00,0.09862,0.43,0.0,4.0
2025-06-26 03:00:00,0.09879,0.43,0.0,4.0
2025-06-26 04:00:00,0.10291,0.43,0.0,4.0
2025-06-26 05:00:00,0.1199,0.03,0.0,4.0
2025-06-26 06:00:00,0.1209099999999999,0.03,0.0,4.0
2025-06-26 07:00:00,0.10679,0.03,0.0,4.0
2025-06-26 08:00:00,0.09645,0.08,2.5,4.0
2025-06-26 09:00:00,0.08895,0.08,13.4,4.0
2025-06-26 10:00:00,0.0778799999999999,0.08,26.2,4.0
2025-06-26 11:00:00,0.07025,0.27,48.8,4.0
2025-06-26 12:00:00,0.05925,0.27,43.7,4.0
2025-06-26 13:00:00,0.05112,0.27,51.4,4.0
2025-06-26 14:00:00,0.04899,0.77,84.7,4.0
2025-06-26 15:00:00,0.06304,0.77,75.1,4.0
2025-06-26 16:00:00,0.0703,0.77,31.8,4.0
2025-06-26 17:00:00,0.08923,0.52,74.7,4.0
2025-06-26 18:00:00,0.09395,0.52,94.1,4.0
2025-06-26 19:00:00,0.09914,0.52,98.1,4.0
2025-06-26 20:00:00,0.1,0.43,57.3,4.0
2025-06-26 21:00:00,0.10864,0.43,35.6,4.0
2025-06-26 22:00:00,0.09723,0.43,11.8,4.0
2025-06-26 23:00:00,0.0845,0.18,1.78,4.0
2025-06-27 00:00:00,0.07883,0.18,0.0,4.0
2025-06-27 01:00:00,0.07567,0.18,0.0,4.0
2025-06-27 02:00:00,0.08041,1.06,0.0,4.0
2025-06-27 03:00:00,0.08239,1.06,0.0,4.0
2025-06-27 04:00:00,0.0889,1.06,0.0,4.0
2025-06-27 05:00:00,0.10558,1.18,0.0,4.0
2025-06-27 06:00:00,0.1132,1.18,0.0,4.0
2025-06-27 07:00:00,0.1077,1.18,300.0,4.0
2025-06-27 08:00:00,0.09094,4.57,4.83,4.0
2025-06-27 09:00:00,0.07912,4.57,8.88,4.0
2025-06-27 10:00:00,0.06745,4.57,19.1,4.0
2025-06-27 11:00:00,0.05453,0.57,45.9,4.0
2025-06-27 12:00:00,0.0283,0.57,58.0,4.0
2025-06-27 13:00:00,0.00787,0.57,82.0,4.0
2025-06-27 14:00:00,0.00988,0.27,117.0,4.0
2025-06-27 15:00:00,0.02992,0.27,120.0,4.0
2025-06-27 16:00:00,0.07068,0.27,133.0,4.0
2025-06-27 17:00:00,0.09173,0.13,130.0,4.0
2025-06-27 18:00:00,0.10715,0.13,73.2,4.0
2025-06-27 19:00:00,0.12486,0.13,101.0,4.0
2025-06-27 20:00:00,0.13494,0.3,58.3,4.0
2025-06-27 21:00:00,0.12624,0.3,39.7,4.0
2025-06-27 22:00:00,0.1077,0.3,15.1,4.0
2025-06-27 23:00:00,0.0947,0.05,3.62,4.0
2025-06-28 00:00:00,0.08961,0.05,100.0,4.0
2025-06-28 01:00:00,0.08202,0.05,0.0,4.0
2025-06-28 02:00:00,0.07659,0.48,0.0,4.0
2025-06-28 03:00:00,0.07027,0.48,0.0,4.0
2025-06-28 04:00:00,0.0754,0.48,0.0,4.0
2025-06-28 05:00:00,0.074,0.3,0.0,4.0
2025-06-28 06:00:00,0.05884,0.3,0.0,4.0
2025-06-28 07:00:00,0.0278,0.3,700.0,4.0
2025-06-28 08:00:00,0.00234,0.0,3.28,4.0
2025-06-28 09:00:00,1e-05,0.0,8.53,4.0
2025-06-28 10:00:00,-4e-05,0.0,26.5,4.0
2025-06-28 11:00:00,-0.001,0.25,59.1,4.0
2025-06-28 12:00:00,-0.0020099999999999,0.25,103.0,4.0
2025-06-28 13:00:00,-0.00309,0.25,133.0,4.0
2025-06-28 14:00:00,-0.00101,1.25,143.0,4.0
2025-06-28 15:00:00,-0.001,1.25,138.0,4.0
2025-06-28 16:00:00,0.00297,1.25,133.0,4.0
2025-06-28 17:00:00,0.06273,1.19,145.0,4.0
2025-06-28 18:00:00,0.09503,1.19,129.0,4.0
2025-06-28 19:00:00,0.1089899999999999,1.19,94.6,4.0
2025-06-28 20:00:00,0.12386,0.17,74.4,4.0
2025-06-28 21:00:00,0.11984,0.17,45.3,4.0
2025-06-28 22:00:00,0.1035,0.17,14.9,4.0
2025-06-28 23:00:00,0.0950699999999999,0.12,2.63,4.0
2025-06-29 00:00:00,0.08942,0.12,100.0,4.0
2025-06-29 01:00:00,0.0896599999999999,0.12,0.0,4.0
2025-06-29 02:00:00,0.08682,0.55,0.0,4.0
2025-06-29 03:00:00,0.08531,0.55,0.0,4.0
2025-06-29 04:00:00,0.0853,0.55,0.0,4.0
2025-06-29 05:00:00,0.08639,0.95,0.0,4.0
2025-06-29 06:00:00,0.07492,0.95,0.0,4.0
2025-06-29 07:00:00,0.04752,0.95,600.0,4.0
2025-06-29 08:00:00,0.00199,0.19,3.45,4.0
2025-06-29 09:00:00,0.0,0.19,7.95,4.0
2025-06-29 10:00:00,-0.00026,0.19,28.0,4.0
2025-06-29 11:00:00,-0.0054,0.8,67.8,4.0
2025-06-29 12:00:00,-0.0201,0.8,101.0,4.0
2025-06-29 13:00:00,-0.02401,0.8,124.0,4.0
2025-06-29 14:00:00,-0.0154499999999999,0.03,140.0,4.0
2025-06-29 15:00:00,-0.00269,0.03,150.0,4.0
2025-06-29 16:00:00,1e-05,0.03,139.0,4.0
2025-06-29 17:00:00,0.07744,0.42,138.0,4.0
2025-06-29 18:00:00,0.10214,0.42,126.0,4.0
2025-06-29 19:00:00,0.11198,0.42,106.0,4.0
2025-06-29 20:00:00,0.11807,0.72,81.9,4.0
2025-06-29 21:00:00,0.11373,0.72,36.8,4.0
2025-06-29 22:00:00,0.101,0.72,12.2,4.0
2025-06-29 23:00:00,0.09873,0.73,2.8,4.0
2025-06-30 00:00:00,0.08903,0.73,200.0,4.0
2025-06-30 01:00:00,0.08503,0.73,0.0,4.0
2025-06-30 02:00:00,0.08413,0.2,0.0,4.0
2025-06-30 03:00:00,0.08651,0.2,0.0,4.0
2025-06-30 04:00:00,0.09741,0.2,0.0,4.0
2025-06-30 05:00:00,0.1149,0.14,0.0,4.0
2025-06-30 06:00:00,0.1117,0.14,0.0,4.0
2025-06-30 07:00:00,0.1085199999999999,0.14,700.0,4.0
2025-06-30 08:00:00,0.0917699999999999,0.84,3.68,4.0
2025-06-30 09:00:00,0.07465,0.84,8.55,4.0
2025-06-30 10:00:00,0.04373,0.84,28.0,4.0
2025-06-30 11:00:00,0.01905,1.17,67.1,4.0
2025-06-30 12:00:00,0.00996,1.17,102.0,4.0
2025-06-30 13:00:00,0.0196499999999999,1.17,125.0,4.0
2025-06-30 14:00:00,0.06,1.5,141.0,4.0
2025-06-30 15:00:00,0.0805,1.5,148.0,4.0
2025-06-30 16:00:00,0.09198,1.5,149.0,4.0
2025-06-30 17:00:00,0.11001,0.83,142.0,4.0
2025-06-30 18:00:00,0.17894,0.83,128.0,4.0
2025-06-30 19:00:00,0.28897,0.83,106.0,4.0
2025-06-30 20:00:00,0.23335,0.11,77.9,4.0
2025-06-30 21:00:00,0.157,0.11,44.2,4.0
2025-06-30 22:00:00,0.12265,0.11,14.3,4.0
2025-06-30 23:00:00,0.11128,1.12,2.68,4.0
2025-07-01 00:00:00,0.09529,1.12,200.0,4.0
2025-07-01 01:00:00,0.0891,1.12,0.0,4.0
2025-07-01 02:00:00,0.0880799999999999,0.74,0.0,4.0
2025-07-01 03:00:00,0.09001,0.74,0.0,4.0
2025-07-01 04:00:00,0.0965,0.74,0.0,4.0
2025-07-01 05:00:00,0.11497,0.48,0.0,4.0
2025-07-01 06:00:00,0.12011,0.48,0.0,4.0
2025-07-01 07:00:00,0.11472,0.48,600.0,4.0
2025-07-01 08:00:00,0.09119,1.09,3.45,4.0
2025-07-01 09:00:00,0.08431,1.09,8.18,4.0
2025-07-01 10:00:00,0.06956,1.09,27.4,4.0
2025-07-01 11:00:00,0.0445399999999999,3.0,65.6,4.0
2025-07-01 12:00:00,0.04247,3.0,98.0,4.0
2025-07-01 13:00:00,0.05765,3.0,121.0,4.0
2025-07-01 14:00:00,0.07814,1.42,134.0,4.0
2025-07-01 15:00:00,0.0907999999999999,1.42,127.0,4.0
2025-07-01 16:00:00,0.10202,1.42,126.0,4.0
2025-07-01 17:00:00,0.15208,1.08,139.0,4.0
2025-07-01 18:00:00,0.30727,1.08,117.0,4.0
2025-07-01 19:00:00,0.47619,1.08,98.1,4.0
2025-07-01 20:00:00,0.40681,1.17,44.4,4.0
2025-07-01 21:00:00,0.25001,1.17,42.2,4.0
2025-07-01 22:00:00,0.14765,1.17,17.6,4.0
2025-07-01 23:00:00,0.11929,1.0,2.95,4.0
2025-07-02 00:00:00,0.1027,1.0,0.0,4.0
2025-07-02 01:00:00,0.09254,1.0,0.0,4.0
2025-07-02 02:00:00,0.09208,0.62,0.0,4.0
2025-07-02 03:00:00,0.09171,0.62,0.0,4.0
2025-07-02 04:00:00,0.10055,0.62,0.0,4.0
2025-07-02 05:00:00,0.11643,0.62,0.0,4.0
2025-07-02 06:00:00,0.11042,0.62,0.0,4.0
2025-07-02 07:00:00,0.10452,0.62,500.0,4.0
2025-07-02 08:00:00,0.09262,2.08,3.98,4.0
2025-07-02 09:00:00,0.08106,2.08,9.95,4.0
2025-07-02 10:00:00,0.06993,2.08,28.1,4.0
2025-07-02 11:00:00,0.03612,4.67,63.8,4.0
2025-07-02 12:00:00,0.03259,4.67,95.4,4.0
2025-07-02 13:00:00,0.04661,4.67,117.0,4.0
2025-07-02 14:00:00,0.07149,0.67,132.0,4.0
2025-07-02 15:00:00,0.0795999999999999,0.67,49.4,4.0
2025-07-02 16:00:00,0.08927,0.67,66.1,4.0
2025-07-02 17:00:00,0.11399,1.13,28.1,4.0
2025-07-02 18:00:00,0.1860099999999999,1.13,46.3,4.0
2025-07-02 19:00:00,0.24007,1.13,8.78,4.0
2025-07-02 20:00:00,0.18021,0.16,550.0,4.0
2025-07-02 21:00:00,0.13493,0.16,1.8,4.0
2025-07-02 22:00:00,0.1085,0.16,19.0,4.0
2025-07-02 23:00:00,0.08349,0.74,3.65,4.0
2025-07-03 00:00:00,0.08115,0.74,100.0,4.0
2025-07-03 01:00:00,0.079,0.74,0.0,4.0
2025-07-03 02:00:00,0.07893,2.8,0.0,4.0
2025-07-03 03:00:00,0.08088,2.8,0.0,4.0
2025-07-03 04:00:00,0.08645,2.8,0.0,4.0
2025-07-03 05:00:00,0.10492,7.53,0.0,4.0
2025-07-03 06:00:00,0.10803,7.53,0.0,4.0
2025-07-03 07:00:00,0.1049,7.53,400.0,4.0
2025-07-03 08:00:00,0.09045,3.34,3.88,4.0
2025-07-03 09:00:00,0.07506,3.34,10.6,4.0
2025-07-03 10:00:00,0.05735,3.34,36.6,4.0
2025-07-03 11:00:00,0.0421599999999999,0.06,68.3,4.0
2025-07-03 12:00:00,0.0339099999999999,0.06,84.9,4.0
2025-07-03 13:00:00,0.02472,0.06,114.0,4.0
2025-07-03 14:00:00,0.03786,0.05,140.0,4.0
2025-07-03 15:00:00,0.05857,0.05,137.0,4.0
2025-07-03 16:00:00,0.081,0.05,163.0,4.0
2025-07-03 17:00:00,0.09519,0.76,155.0,4.0
2025-07-03 18:00:00,0.1072,0.76,138.0,4.0
2025-07-03 19:00:00,0.14696,0.76,112.0,4.0
2025-07-03 20:00:00,0.1666699999999999,0.18,66.2,4.0
2025-07-03 21:00:00,0.1333,0.18,50.6,4.0
2025-07-03 22:00:00,0.11703,0.18,17.3,3.948228027343753
2025-07-03 23:00:00,0.11101,3.59,2.8,3.9056157226562527
2025-07-04 00:00:00,0.10545,3.59,0.0,3.856722900390628
2025-07-04 01:00:00,0.10131,3.59,0.0,3.833054687500003
2025-07-04 02:00:00,0.09844,7.13,0.0,3.7865971679687527
2025-07-04 03:00:00,0.1032,7.13,0.0,3.7983378906250023
2025-07-04 04:00:00,0.1066299999999999,7.13,0.0,3.856620361328128
2025-07-04 05:00:00,0.1223799999999999,6.97,0.0,3.972548095703128
2025-07-04 06:00:00,0.11646,6.97,0.0,4.0
2025-07-04 07:00:00,0.1,6.97,400.0,4.0
2025-07-04 08:00:00,0.09115,0.41,3.7,4.0
2025-07-04 09:00:00,0.07001,0.41,9.78,4.0
2025-07-04 10:00:00,0.00669,0.41,29.3,4.0
2025-07-04 11:00:00,-5e-05,0.25,71.6,4.0
2025-07-04 12:00:00,-0.00156,0.25,107.0,4.0
2025-07-04 13:00:00,-0.00137,0.25,132.0,4.0
2025-07-04 14:00:00,-0.00061,0.32,149.0,4.0
2025-07-04 15:00:00,0.00239,0.32,158.0,4.0
2025-07-04 16:00:00,0.06204,0.32,158.0,4.0
2025-07-04 17:00:00,0.08868,0.59,151.0,4.0
2025-07-04 18:00:00,0.11,0.59,121.0,4.0
2025-07-04 19:00:00,0.13074,0.59,92.6,4.0
2025-07-04 20:00:00,0.1500999999999999,0.43,69.6,4.0
2025-07-04 21:00:00,0.12968,0.43,42.3,4.0
2025-07-04 22:00:00,0.1079899999999999,0.43,15.8,4.0
2025-07-04 23:00:00,0.1042,0.9,3.0,4.0
2025-07-05 00:00:00,0.09498,0.9,0.0,4.0
2025-07-05 01:00:00,0.0965,0.9,0.0,4.0
2025-07-05 02:00:00,0.0934,2.58,0.0,4.0
2025-07-05 03:00:00,0.0945,2.58,0.0,4.0
2025-07-05 04:00:00,0.08349,2.58,0.0,4.0
2025-07-05 05:00:00,0.08447,3.8,0.0,4.0
2025-07-05 06:00:00,0.04377,3.8,0.0,4.0
2025-07-05 07:00:00,0.01786,3.8,500.0,4.0
2025-07-05 08:00:00,0.0033399999999999,0.62,5.2,4.0
2025-07-05 09:00:00,0.0,0.62,18.5,4.0
2025-07-05 10:00:00,-8e-05,0.62,35.7,4.0
2025-07-05 11:00:00,-0.00101,0.5,49.5,4.0
2025-07-05 12:00:00,-0.0020499999999999,0.5,88.2,4.0
2025-07-05 13:00:00,-0.00211,0.5,108.0,4.0
2025-07-05 14:00:00,-0.0020099999999999,0.87,139.0,4.0
2025-07-05 15:00:00,-0.00226,0.87,145.0,4.0
2025-07-05 16:00:00,0.0,0.87,147.0,4.0
2025-07-05 17:00:00,0.04125,0.74,91.9,4.0
2025-07-05 18:00:00,0.085,0.74,110.0,4.0
2025-07-05 19:00:00,0.11101,0.74,45.3,4.0
2025-07-05 20:00:00,0.12296,0.07,56.0,4.0
2025-07-05 21:00:00,0.11714,0.07,20.9,4.0
2025-07-05 22:00:00,0.10821,0.07,7.8,4.0
2025-07-05 23:00:00,0.09515,0.41,1.57,4.0
2025-07-06 00:00:00,0.0895,0.41,0.0,4.0
2025-07-06 01:00:00,0.08594,0.41,0.0,3.984955322265628
2025-07-06 02:00:00,0.08395,0.36,0.0,3.980560791015628
2025-07-06 03:00:00,0.0825999999999999,0.36,0.0,3.986552001953128
2025-07-06 04:00:00,0.082,0.36,0.0,4.0
2025-07-06 05:00:00,0.0784599999999999,0.06,0.0,4.0
2025-07-06 06:00:00,0.07757,0.06,0.0,4.0
2025-07-06 07:00:00,0.07057,0.06,100.0,4.0
2025-07-06 08:00:00,0.03881,1.41,4.98,4.0
2025-07-06 09:00:00,0.01921,1.41,15.9,4.0
2025-07-06 10:00:00,0.01319,1.41,19.5,4.0
2025-07-06 11:00:00,0.01026,3.02,18.1,4.0
2025-07-06 12:00:00,0.0058499999999999,3.02,28.8,4.0
2025-07-06 13:00:00,0.0112,3.02,37.5,4.0
2025-07-06 14:00:00,0.05057,5.61,24.6,4.0
2025-07-06 15:00:00,0.07077,5.61,19.0,4.0
2025-07-06 16:00:00,0.10029,5.61,27.1,4.0
2025-07-06 17:00:00,0.10737,3.04,21.1,4.0
2025-07-06 18:00:00,0.11216,3.04,27.2,4.0
2025-07-06 19:00:00,0.12032,3.04,29.8,4.0
2025-07-06 20:00:00,0.12504,2.51,16.2,4.0
2025-07-06 21:00:00,0.12221,2.51,12.5,4.0
2025-07-06 22:00:00,0.11078,2.51,7.15,4.0
2025-07-06 23:00:00,0.11884,3.23,900.0,4.0
2025-07-07 00:00:00,0.10742,3.23,0.0,4.0
2025-07-07 01:00:00,0.10192,3.23,0.0,4.0
2025-07-07 02:00:00,0.09912,2.75,0.0,4.0
2025-07-07 03:00:00,0.101,2.75,0.0,4.0
2025-07-07 04:00:00,0.10822,2.75,0.0,4.0
2025-07-07 05:00:00,0.1341999999999999,2.8,0.0,4.0
2025-07-07 06:00:00,0.14367,2.8,0.0,4.0
2025-07-07 07:00:00,0.1522899999999999,2.8,0.0,4.0
2025-07-07 08:00:00,0.13199,1.51,4.07,4.0
2025-07-07 09:00:00,0.10864,1.51,11.9,4.0
2025-07-07 10:00:00,0.10898,1.51,20.5,4.0
2025-07-07 11:00:00,0.09024,0.67,39.3,4.0
2025-07-07 12:00:00,0.071,0.67,41.6,4.0
2025-07-07 13:00:00,0.05302,0.67,49.1,4.0
2025-07-07 14:00:00,0.05067,0.09,76.9,4.0
2025-07-07 15:00:00,0.05251,0.09,93.8,4.0
2025-07-07 16:00:00,0.0723,0.09,44.9,4.0
2025-07-07 17:00:00,0.08795,0.0,86.8,4.0
2025-07-07 18:00:00,0.0922699999999999,0.0,62.3,4.0
2025-07-07 19:00:00,0.09728,0.0,63.6,4.0
2025-07-07 20:00:00,0.10992,1.67,59.1,4.0
2025-07-07 21:00:00,0.11009,1.67,23.4,4.0
2025-07-07 22:00:00,0.0958199999999999,1.67,14.8,4.0
2025-07-07 23:00:00,0.1038299999999999,7.35,2.85,4.0
2025-07-08 00:00:00,0.0929,7.35,0.0,3.956251708984378
2025-07-08 01:00:00,0.08613,7.35,0.0,3.902484619140628
2025-07-08 02:00:00,0.08478,8.37,0.0,3.854426757812503
2025-07-08 03:00:00,0.08537,8.37,0.0,3.8153813476562526
2025-07-08 04:00:00,0.09114,8.37,0.0,3.877080566406253
2025-07-08 05:00:00,0.1079899999999999,5.75,0.0,4.0
2025-07-08 06:00:00,0.11865,5.75,0.0,4.0
2025-07-08 07:00:00,0.11776,5.75,0.0,4.0
2025-07-08 08:00:00,0.09406,3.67,2.25,4.0
2025-07-08 09:00:00,0.08178,3.67,11.1,4.0
2025-07-08 10:00:00,0.07844,3.67,38.0,4.0
2025-07-08 11:00:00,0.0601499999999999,0.58,39.8,4.0
2025-07-08 12:00:00,0.05472,0.58,98.1,4.0
2025-07-08 13:00:00,0.05304,0.58,133.0,4.0
2025-07-08 14:00:00,0.05465,0.58,124.0,4.0
2025-07-08 15:00:00,0.0652,0.58,107.0,4.0
2025-07-08 16:00:00,0.07998,0.58,83.6,4.0
2025-07-08 17:00:00,0.08392,0.4,49.2,4.0
2025-07-08 18:00:00,0.1021,0.4,146.0,4.0
2025-07-08 19:00:00,0.1227699999999999,0.4,40.0,4.0
2025-07-08 20:00:00,0.12334,2.63,65.3,4.0
2025-07-08 21:00:00,0.11665,2.63,38.8,4.0
2025-07-08 22:00:00,0.10095,2.63,16.4,4.0
2025-07-08 23:00:00,0.09715,4.9,3.05,4.0
2025-07-09 00:00:00,0.08685,4.9,100.0,4.0
2025-07-09 01:00:00,0.08386,4.9,0.0,4.0
2025-07-09 02:00:00,0.08465,6.76,0.0,3.951937744140628
2025-07-09 03:00:00,0.0851,6.76,0.0,3.905996582031246
2025-07-09 04:00:00,0.09615,6.76,0.0,3.982025634765628
2025-07-09 05:00:00,0.11366,3.05,0.0,4.0
2025-07-09 06:00:00,0.11646,3.05,0.0,4.0
2025-07-09 07:00:00,0.11359,3.05,0.0,4.0
2025-07-09 08:00:00,0.09566,0.76,3.95,4.0
2025-07-09 09:00:00,0.08468,0.76,16.2,4.0
2025-07-09 10:00:00,0.0777699999999999,0.76,33.7,4.0
2025-07-09 11:00:00,0.06567,0.03,47.6,4.0
2025-07-09 12:00:00,0.0466899999999999,0.03,82.0,4.0
2025-07-09 13:00:00,0.03778,0.03,62.3,4.0
2025-07-09 14:00:00,0.04832,0.0,85.4,4.0
2025-07-09 15:00:00,0.07113,0.0,86.7,4.0
2025-07-09 16:00:00,0.08473,0.0,115.0,4.0
2025-07-09 17:00:00,0.09901,0.0,146.0,4.0
2025-07-09 18:00:00,0.11598,0.0,124.0,4.0
2025-07-09 19:00:00,0.13534,0.0,110.0,4.0
2025-07-09 20:00:00,0.13824,0.69,78.6,4.0
2025-07-09 21:00:00,0.11979,0.69,52.4,4.0
2025-07-09 22:00:00,0.1049,0.69,15.1,4.0
2025-07-09 23:00:00,0.10091,3.57,2.73,4.0
2025-07-10 00:00:00,0.09573,3.57,0.0,4.0
2025-07-10 01:00:00,0.0891,3.57,0.0,4.0
2025-07-10 02:00:00,0.08645,8.63,0.0,4.0
2025-07-10 03:00:00,0.0879699999999999,8.63,0.0,4.0
2025-07-10 04:00:00,0.09862,8.63,0.0,4.0
2025-07-10 05:00:00,0.10761,5.12,0.0,4.0
2025-07-10 06:00:00,0.10723,5.12,0.0,4.0
2025-07-10 07:00:00,0.10535,5.12,200.0,4.0
2025-07-10 08:00:00,0.0889,0.38,3.25,4.0
2025-07-10 09:00:00,0.082,0.38,14.9,4.0
2025-07-10 10:00:00,0.06533,0.38,32.2,4.0
2025-07-10 11:00:00,0.0452199999999999,0.0,67.9,4.0
2025-07-10 12:00:00,0.0395099999999999,0.0,105.0,4.0
2025-07-10 13:00:00,0.0395499999999999,0.0,133.0,4.0
2025-07-10 14:00:00,0.05671,0.5,139.0,4.0
2025-07-10 15:00:00,0.0768,0.5,141.0,4.0
2025-07-10 16:00:00,0.0864,0.5,103.0,4.0
2025-07-10 17:00:00,0.1002,0.2,129.0,4.0
2025-07-10 18:00:00,0.11439,0.2,81.2,4.0
2025-07-10 19:00:00,0.1346699999999999,0.2,75.7,4.0
2025-07-10 20:00:00,0.1326999999999999,0.49,52.8,4.0
2025-07-10 21:00:00,0.12088,0.49,39.9,4.0
2025-07-10 22:00:00,0.10769,0.49,16.1,4.0
2025-07-10 23:00:00,0.10475,0.78,2.78,4.0
2025-07-11 00:00:00,0.0995699999999999,0.78,0.0,4.0
2025-07-11 01:00:00,0.095,0.78,0.0,4.0
2025-07-11 02:00:00,0.0906899999999999,2.11,0.0,4.0
2025-07-11 03:00:00,0.09153,2.11,0.0,4.0
2025-07-11 04:00:00,0.0994,2.11,0.0,4.0
2025-07-11 05:00:00,0.1074099999999999,3.38,0.0,4.0
2025-07-11 06:00:00,0.10592,3.38,0.0,4.0
2025-07-11 07:00:00,0.10518,3.38,0.0,4.0
2025-07-11 08:00:00,0.0933,1.07,3.03,4.0
2025-07-11 09:00:00,0.0829,1.07,9.88,4.0
2025-07-11 10:00:00,0.07315,1.07,31.0,4.0
2025-07-11 11:00:00,0.06382,0.03,35.4,4.0
2025-07-11 12:00:00,0.0421599999999999,0.03,36.7,4.0
2025-07-11 13:00:00,0.03204,0.03,58.4,4.0
2025-07-11 14:00:00,0.0381,0.02,68.1,4.0
2025-07-11 15:00:00,0.05955,0.02,59.7,4.0
2025-07-11 16:00:00,0.08315,0.02,60.5,4.0
2025-07-11 17:00:00,0.08644,0.05,78.7,4.0
2025-07-11 18:00:00,0.10193,0.05,65.8,4.0
2025-07-11 19:00:00,0.1175,0.05,59.5,4.0
2025-07-11 20:00:00,0.11808,0.39,68.8,4.0
2025-07-11 21:00:00,0.1138,0.39,45.1,4.0
2025-07-11 22:00:00,0.10382,0.39,14.8,4.0
2025-07-11 23:00:00,0.11223,0.61,2.65,4.0
2025-07-12 00:00:00,0.10457,0.61,0.0,4.0
2025-07-12 01:00:00,0.10368,0.61,0.0,4.0
2025-07-12 02:00:00,0.0974,4.14,0.0,4.0
2025-07-12 03:00:00,0.09333,4.14,0.0,4.0
2025-07-12 04:00:00,0.0899399999999999,4.14,0.0,4.0
2025-07-12 05:00:00,0.08527,3.86,0.0,4.0
2025-07-12 06:00:00,0.08798,3.86,0.0,4.0
2025-07-12 07:00:00,0.0838,3.86,0.0,4.0
2025-07-12 08:00:00,0.05986,1.27,2.8,4.0
2025-07-12 09:00:00,0.01819,1.27,12.5,4.0
2025-07-12 10:00:00,0.003,1.27,17.2,4.0
2025-07-12 11:00:00,0.00022,0.5,17.6,4.0
2025-07-12 12:00:00,0.0,0.5,31.9,4.0
2025-07-12 13:00:00,0.0,0.5,61.2,4.0
2025-07-12 14:00:00,0.00022,0.47,123.0,4.0
2025-07-12 15:00:00,0.01973,0.47,124.0,4.0
2025-07-12 16:00:00,0.07389,0.47,107.0,4.0
2025-07-12 17:00:00,0.1062,1.08,145.0,4.0
2025-07-12 18:00:00,0.1092,1.08,133.0,4.0
2025-07-12 19:00:00,0.12,1.08,89.3,4.0
2025-07-12 20:00:00,0.12502,0.09,53.6,4.0
2025-07-12 21:00:00,0.125,0.09,19.9,4.0
2025-07-12 22:00:00,0.11542,0.09,14.8,4.0
2025-07-12 23:00:00,0.11535,0.03,2.65,4.0
2025-07-13 00:00:00,0.10914,0.03,0.0,4.0
2025-07-13 01:00:00,0.10842,0.03,0.0,4.0
2025-07-13 02:00:00,0.10735,1.3,0.0,4.0
2025-07-13 03:00:00,0.10464,1.3,0.0,4.0
2025-07-13 04:00:00,0.10085,1.3,0.0,4.0
2025-07-13 05:00:00,0.0958,3.23,0.0,4.0
2025-07-13 06:00:00,0.09218,3.23,0.0,4.0
2025-07-13 07:00:00,0.08794,3.23,100.0,4.0
2025-07-13 08:00:00,0.05762,0.42,4.6,4.0
2025-07-13 09:00:00,0.00428,0.42,9.75,4.0
2025-07-13 10:00:00,5e-05,0.42,19.7,4.0
2025-07-13 11:00:00,0.0,0.25,29.2,4.0
2025-07-13 12:00:00,0.0,0.25,41.8,4.0
2025-07-13 13:00:00,0.0,0.25,64.4,4.0
2025-07-13 14:00:00,0.0,0.56,116.0,4.0
2025-07-13 15:00:00,0.0023599999999999,0.56,92.3,4.0
2025-07-13 16:00:00,0.0734,0.56,144.0,4.0
2025-07-13 17:00:00,0.10061,0.74,116.0,4.0
2025-07-13 18:00:00,0.11374,0.74,127.0,4.0
2025-07-13 19:00:00,0.12,0.74,110.0,4.0
2025-07-13 20:00:00,0.1277,0.43,66.9,4.0
2025-07-13 21:00:00,0.12694,0.43,24.5,4.0
2025-07-13 22:00:00,0.11541,0.43,15.3,4.0
2025-07-13 23:00:00,0.11402,0.32,2.75,4.0
2025-07-14 00:00:00,0.10401,0.32,0.0,4.0
2025-07-14 01:00:00,0.09817,0.32,0.0,3.983428222656253
2025-07-14 02:00:00,0.09494,1.69,0.0,3.971324951171878
2025-07-14 03:00:00,0.0993199999999999,1.69,0.0,3.952992431640628
2025-07-14 04:00:00,0.10893,1.69,0.0,3.995839111328128
2025-07-14 05:00:00,0.11787,2.27,0.0,4.0
2025-07-14 06:00:00,0.12162,2.27,0.0,4.0
2025-07-14 07:00:00,0.11206,2.27,500.0,4.0
2025-07-14 08:00:00,0.09243,0.1,8.03,4.0
2025-07-14 09:00:00,0.08458,0.1,19.5,4.0
2025-07-14 10:00:00,0.07967,0.1,23.2,4.0
2025-07-14 11:00:00,0.07098,0.0,41.8,4.0
2025-07-14 12:00:00,0.06417,0.0,38.2,4.0
2025-07-14 13:00:00,0.05715,0.0,61.1,4.0
2025-07-14 14:00:00,0.05582,1.0,46.4,4.0
2025-07-14 15:00:00,0.0711,1.0,73.4,4.0
2025-07-14 16:00:00,0.08458,1.0,66.9,4.0
2025-07-14 17:00:00,0.09894,0.87,95.7,4.0
2025-07-14 18:00:00,0.11011,0.87,47.1,4.0
2025-07-14 19:00:00,0.13999,0.87,86.5,4.0
2025-07-14 20:00:00,0.14157,0.14,76.4,4.0
2025-07-14 21:00:00,0.12614,0.14,43.6,4.0
2025-07-14 22:00:00,0.11515,0.14,16.2,3.986654541015628
2025-07-14 23:00:00,0.1061,0.8,2.5,3.9344438476562527
2025-07-15 00:00:00,0.10306,0.8,0.0,3.909043457031246
2025-07-15 01:00:00,0.09386,0.8,0.0,3.884250976562503
2025-07-15 02:00:00,0.08828,1.0,0.0,3.904956542968753
2025-07-15 03:00:00,0.08712,1.0,0.0,3.903821289062503
2025-07-15 04:00:00,0.093,1.0,0.0,4.0
2025-07-15 05:00:00,0.11033,4.86,0.0,4.0
2025-07-15 06:00:00,0.11341,4.86,0.0,4.0
2025-07-15 07:00:00,0.10686,4.86,0.0,4.0
2025-07-15 08:00:00,0.09082,0.78,1.05,4.0
2025-07-15 09:00:00,0.07767,0.78,9.98,4.0
2025-07-15 10:00:00,0.065,0.78,36.6,4.0
2025-07-15 11:00:00,0.05919,0.0,66.8,4.0
2025-07-15 12:00:00,0.0472599999999999,0.0,86.9,4.0
2025-07-15 13:00:00,0.0402,0.0,135.0,4.0
2025-07-15 14:00:00,0.04257,0.34,120.0,4.0
2025-07-15 15:00:00,0.065,0.34,100.0,4.0
2025-07-15 16:00:00,0.08487,0.34,146.0,4.0
2025-07-15 17:00:00,0.10154,0.86,144.0,4.0
2025-07-15 18:00:00,0.10815,0.86,119.0,4.0
2025-07-15 19:00:00,0.11978,0.86,93.4,4.0
2025-07-15 20:00:00,0.14199,0.0,38.6,4.0
2025-07-15 21:00:00,0.12128,0.0,33.7,4.0
2025-07-15 22:00:00,0.11245,0.0,12.7,4.0
2025-07-15 23:00:00,0.09763,0.34,2.45,4.0
2025-07-16 00:00:00,0.0939899999999999,0.34,0.0,4.0
2025-07-16 01:00:00,0.08667,0.34,0.0,4.0
2025-07-16 02:00:00,0.08343,5.5,0.0,3.979993164062503
2025-07-16 03:00:00,0.08426,5.5,0.0,3.946239501953128
2025-07-16 04:00:00,0.0904099999999999,5.5,0.0,4.0
2025-07-16 05:00:00,0.10574,2.96,0.0,4.0
2025-07-16 06:00:00,0.11263,2.96,0.0,4.0
2025-07-16 07:00:00,0.11192,2.96,0.0,4.0
2025-07-16 08:00:00,0.10421,0.78,3.55,4.0
2025-07-16 09:00:00,0.0897999999999999,0.78,15.1,4.0
2025-07-16 10:00:00,0.08565,0.78,19.8,4.0
2025-07-16 11:00:00,0.0819599999999999,0.25,34.0,4.0
2025-07-16 12:00:00,0.07862,0.25,55.1,4.0
2025-07-16 13:00:00,0.06806,0.25,68.6,4.0
2025-07-16 14:00:00,0.0692,0.31,89.7,4.0
2025-07-16 15:00:00,0.08086,0.31,84.4,4.0
2025-07-16 16:00:00,0.08909,0.31,66.1,4.0
2025-07-16 17:00:00,0.0954899999999999,0.0,29.2,4.0
2025-07-16 18:00:00,0.10837,0.0,40.7,4.0
2025-07-16 19:00:00,0.11972,0.0,26.7,4.0
2025-07-16 20:00:00,0.12904,0.41,28.5,4.0
2025-07-16 21:00:00,0.12071,0.41,28.2,4.0
2025-07-16 22:00:00,0.11055,0.41,12.9,4.0
2025-07-16 23:00:00,0.10376,6.03,3.0,4.0
2025-07-17 00:00:00,0.09833,6.03,0.0,4.0
2025-07-17 01:00:00,0.08996,6.03,0.0,4.0
2025-07-17 02:00:00,0.08481,7.11,0.0,4.0
2025-07-17 03:00:00,0.08576,7.11,0.0,4.0
2025-07-17 04:00:00,0.089,7.11,0.0,4.0
2025-07-17 05:00:00,0.10405,5.7,0.0,4.0
2025-07-17 06:00:00,0.11033,5.7,0.0,4.0
2025-07-17 07:00:00,0.10592,5.7,0.0,4.0
2025-07-17 08:00:00,0.0930999999999999,0.38,3.35,4.0
2025-07-17 09:00:00,0.085,0.38,14.7,4.0
2025-07-17 10:00:00,0.07707,0.38,29.5,4.0
2025-07-17 11:00:00,0.07017,0.53,46.4,4.0
2025-07-17 12:00:00,0.05526,0.53,74.7,4.0
2025-07-17 13:00:00,0.04978,0.53,107.0,4.0
2025-07-17 14:00:00,0.06618,0.17,134.0,4.0
2025-07-17 15:00:00,0.07479,0.17,165.0,4.0
2025-07-17 16:00:00,0.0827099999999999,0.17,152.0,4.0
2025-07-17 17:00:00,0.09498,0.3,131.0,4.0
2025-07-17 18:00:00,0.10973,0.3,138.0,4.0
2025-07-17 19:00:00,0.12075,0.3,92.4,4.0
2025-07-17 20:00:00,0.132,0.12,89.9,4.0
2025-07-17 21:00:00,0.12507,0.12,47.6,4.0
2025-07-17 22:00:00,0.11418,0.12,13.8,4.0
2025-07-17 23:00:00,0.1067999999999999,1.02,2.8,4.0
2025-07-18 00:00:00,0.09915,1.02,0.0,4.0
2025-07-18 01:00:00,0.09536,1.02,0.0,4.0
2025-07-18 02:00:00,0.09637,4.14,0.0,4.0
2025-07-18 03:00:00,0.09866,4.14,0.0,4.0
2025-07-18 04:00:00,0.10823,4.14,0.0,4.0
2025-07-18 05:00:00,0.11592,5.46,0.0,4.0
2025-07-18 06:00:00,0.11617,5.46,0.0,4.0
2025-07-18 07:00:00,0.10939,5.46,0.0,4.0
2025-07-18 08:00:00,0.09813,0.5,2.8,4.0
2025-07-18 09:00:00,0.08498,0.5,11.6,4.0
2025-07-18 10:00:00,0.08202,0.5,28.6,4.0
2025-07-18 11:00:00,0.08,0.69,73.7,4.0
2025-07-18 12:00:00,0.07302,0.69,91.7,4.0
2025-07-18 13:00:00,0.0712,0.69,106.0,4.0
2025-07-18 14:00:00,0.07268,1.26,142.0,4.0
2025-07-18 15:00:00,0.0799899999999999,1.26,119.0,4.0
2025-07-18 16:00:00,0.0840699999999999,1.26,115.0,4.0
2025-07-18 17:00:00,0.09992,0.5,125.0,4.0
2025-07-18 18:00:00,0.12,0.5,121.0,4.0
2025-07-18 19:00:00,0.14655,0.5,111.0,4.0
2025-07-18 20:00:00,0.1444399999999999,0.41,87.0,4.0
2025-07-18 21:00:00,0.12588,0.41,44.7,4.0
2025-07-18 22:00:00,0.11348,0.41,12.8,4.0
2025-07-18 23:00:00,0.1076,0.56,1.92,4.0
2025-07-19 00:00:00,0.10535,0.56,0.0,4.0
2025-07-19 01:00:00,0.10319,0.56,0.0,4.0
2025-07-19 02:00:00,0.10163,0.7,0.0,4.0
2025-07-19 03:00:00,0.09838,0.7,0.0,4.0
2025-07-19 04:00:00,0.09369,0.7,0.0,4.0
2025-07-19 05:00:00,0.09839,1.99,0.0,4.0
2025-07-19 06:00:00,0.08689,1.99,0.0,4.0
2025-07-19 07:00:00,0.07889,1.99,0.0,4.0
2025-07-19 08:00:00,0.05298,0.02,2.45,4.0
2025-07-19 09:00:00,0.01,0.02,8.25,4.0
2025-07-19 10:00:00,0.00065,0.02,24.7,4.0
2025-07-19 11:00:00,0.0,1.25,70.2,4.0
2025-07-19 12:00:00,-1e-05,1.25,92.8,4.0
2025-07-19 13:00:00,0.0,1.25,116.0,4.0
2025-07-19 14:00:00,0.00208,1.28,133.0,4.0
2025-07-19 15:00:00,0.02933,1.28,126.0,4.0
2025-07-19 16:00:00,0.0768499999999999,1.28,133.0,4.0
2025-07-19 17:00:00,0.0984,0.44,105.0,4.0
2025-07-19 18:00:00,0.11447,0.44,38.1,4.0
2025-07-19 19:00:00,0.11287,0.44,19.6,4.0
2025-07-19 20:00:00,0.10808,0.89,19.4,4.0
2025-07-19 21:00:00,0.10563,0.89,9.7,4.0
2025-07-19 22:00:00,0.0980699999999999,0.89,3.78,4.0
2025-07-19 23:00:00,0.09129,0.71,350.0,4.0
2025-07-20 00:00:00,0.0889399999999999,0.71,0.0,4.0
2025-07-20 01:00:00,0.08927,0.71,0.0,4.0
2025-07-20 02:00:00,0.10041,0.15,0.0,4.0
2025-07-20 03:00:00,0.1017,0.15,0.0,4.0
2025-07-20 04:00:00,0.09827,0.15,0.0,4.0
2025-07-20 05:00:00,0.0972,0.09,0.0,4.0
2025-07-20 06:00:00,0.08059,0.09,0.0,4.0
2025-07-20 07:00:00,0.07786,0.09,300.0,4.0
2025-07-20 08:00:00,0.04458,0.25,3.08,4.0
2025-07-20 09:00:00,0.00904,0.25,8.18,4.0
2025-07-20 10:00:00,0.00207,0.25,23.4,4.0
2025-07-20 11:00:00,0.0,0.22,40.5,4.0
2025-07-20 12:00:00,-1e-05,0.22,59.6,4.0
2025-07-20 13:00:00,0.0,0.22,123.0,4.0
2025-07-20 14:00:00,0.0090899999999999,0.39,134.0,4.0
2025-07-20 15:00:00,0.06933,0.39,113.0,4.0
2025-07-20 16:00:00,0.0927399999999999,0.39,80.7,4.0
2025-07-20 17:00:00,0.10026,0.82,99.5,4.0
2025-07-20 18:00:00,0.112,0.82,23.5,4.0
2025-07-20 19:00:00,0.116,0.82,6.63,4.0
2025-07-20 20:00:00,0.11501,1.02,46.5,4.0
2025-07-20 21:00:00,0.11485,1.02,28.9,4.0
2025-07-20 22:00:00,0.1050499999999999,1.02,14.8,4.0
2025-07-20 23:00:00,0.08708,0.51,3.65,4.0
2025-07-21 00:00:00,0.07973,0.51,0.0,4.0
2025-07-21 01:00:00,0.08348,0.51,0.0,4.0
2025-07-21 02:00:00,0.0833,1.66,0.0,4.0
2025-07-21 03:00:00,0.08349,1.66,0.0,4.0
2025-07-21 04:00:00,0.09622,1.66,0.0,4.0
2025-07-21 05:00:00,0.1139599999999999,4.56,0.0,4.0
2025-07-21 06:00:00,0.12656,4.56,0.0,4.0
2025-07-21 07:00:00,0.1239099999999999,4.56,0.0,4.0
2025-07-21 08:00:00,0.10964,0.26,2.37,4.0
2025-07-21 09:00:00,0.10599,0.26,10.0,4.0
2025-07-21 10:00:00,0.09888,0.26,27.0,4.0
2025-07-21 11:00:00,0.0849,0.19,51.6,4.0
2025-07-21 12:00:00,0.08173,0.19,78.2,4.0
2025-07-21 13:00:00,0.08579,0.19,126.0,4.0
2025-07-21 14:00:00,0.08796,1.13,100.0,4.0
2025-07-21 15:00:00,0.09095,1.13,109.0,4.0
2025-07-21 16:00:00,0.1043,1.13,86.2,4.0
2025-07-21 17:00:00,0.10582,0.47,97.7,4.0
2025-07-21 18:00:00,0.1196899999999999,0.47,37.4,4.0
2025-07-21 19:00:00,0.12325,0.47,116.0,4.0
2025-07-21 20:00:00,0.12009,0.85,71.1,4.0
2025-07-21 21:00:00,0.10876,0.85,23.4,4.0
2025-07-21 22:00:00,0.10004,0.85,18.3,4.0
2025-07-21 23:00:00,0.09279,1.84,4.53,4.0
2025-07-22 00:00:00,0.0872,1.84,0.0,4.0
2025-07-22 01:00:00,0.08548,1.84,0.0,4.0
2025-07-22 02:00:00,0.082,4.88,0.0,4.0
2025-07-22 03:00:00,0.081,4.88,0.0,4.0
2025-07-22 04:00:00,0.08928,4.88,0.0,4.0
2025-07-22 05:00:00,0.1088,6.44,0.0,4.0
2025-07-22 06:00:00,0.10928,6.44,0.0,4.0
2025-07-22 07:00:00,0.10249,6.44,0.0,4.0
2025-07-22 08:00:00,0.09129,0.9,2.7,4.0
2025-07-22 09:00:00,0.08173,0.9,11.2,4.0
2025-07-22 10:00:00,0.06841,0.9,27.0,4.0
2025-07-22 11:00:00,0.03963,0.52,49.3,4.0
2025-07-22 12:00:00,0.01,0.52,93.9,4.0
2025-07-22 13:00:00,0.00017,0.52,113.0,4.0
2025-07-22 14:00:00,0.00416,0.14,146.0,4.0
2025-07-22 15:00:00,0.0368999999999999,0.14,129.0,4.0
2025-07-22 16:00:00,0.07579,0.14,104.0,4.0
2025-07-22 17:00:00,0.08898,0.06,49.3,4.0
2025-07-22 18:00:00,0.10857,0.06,89.4,4.0
2025-07-22 19:00:00,0.11256,0.06,50.3,4.0
2025-07-22 20:00:00,0.11322,0.19,63.4,4.0
2025-07-22 21:00:00,0.10848,0.19,28.8,4.0
2025-07-22 22:00:00,0.10293,0.19,11.4,4.0
2025-07-22 23:00:00,0.08765,1.41,2.23,4.0
2025-07-23 00:00:00,0.07947,1.41,0.0,4.0
2025-07-23 01:00:00,0.0785,1.41,0.0,4.0
2025-07-23 02:00:00,0.07604,2.4,0.0,4.0
2025-07-23 03:00:00,0.07769,2.4,0.0,4.0
2025-07-23 04:00:00,0.08064,2.4,0.0,4.0
2025-07-23 05:00:00,0.09135,4.9,0.0,4.0
2025-07-23 06:00:00,0.09987,4.9,0.0,4.0
2025-07-23 07:00:00,0.0965,4.9,0.0,4.0
2025-07-23 08:00:00,0.08169,0.69,2.17,4.0
2025-07-23 09:00:00,0.0673,0.69,6.43,4.0
2025-07-23 10:00:00,0.0535,0.69,23.2,4.0
2025-07-23 11:00:00,0.03372,0.0,66.0,4.0
2025-07-23 12:00:00,0.02373,0.0,82.6,4.0
2025-07-23 13:00:00,0.02682,0.0,127.0,4.0
2025-07-23 14:00:00,0.0402999999999999,0.36,141.0,4.0
2025-07-23 15:00:00,0.06781,0.36,113.0,4.0
2025-07-23 16:00:00,0.07805,0.36,110.0,4.0
2025-07-23 17:00:00,0.08607,0.17,117.0,4.0
2025-07-23 18:00:00,0.105,0.17,134.0,4.0
2025-07-23 19:00:00,0.11298,0.17,107.0,4.0
2025-07-23 20:00:00,0.11974,0.16,48.0,4.0
2025-07-23 21:00:00,0.11054,0.16,51.4,4.0
2025-07-23 22:00:00,0.10306,0.16,10.3,4.0
2025-07-23 23:00:00,0.0978199999999999,0.44,1.13,4.0
2025-07-24 00:00:00,0.09408,0.44,0.0,4.0
2025-07-24 01:00:00,0.08929,0.44,0.0,4.0
2025-07-24 02:00:00,0.08929,2.54,0.0,4.0
2025-07-24 03:00:00,0.09345,2.54,0.0,4.0
2025-07-24 04:00:00,0.10265,2.54,0.0,4.0
2025-07-24 05:00:00,0.11205,3.46,0.0,4.0
2025-07-24 06:00:00,0.11722,3.46,0.0,4.0
2025-07-24 07:00:00,0.1104,3.46,0.0,4.0
2025-07-24 08:00:00,0.09622,0.85,2.03,4.0
2025-07-24 09:00:00,0.08917,0.85,9.1,4.0
2025-07-24 10:00:00,0.08439,0.85,12.0,4.0
2025-07-24 11:00:00,0.08217,0.01,22.9,4.0
2025-07-24 12:00:00,0.08043,0.01,53.5,4.0
2025-07-24 13:00:00,0.08205,0.01,48.3,4.0
2025-07-24 14:00:00,0.08477,0.02,93.1,4.0
2025-07-24 15:00:00,0.09334,0.02,95.1,4.0
2025-07-24 16:00:00,0.1006,0.02,86.6,4.0
2025-07-24 17:00:00,0.1092,0.36,85.5,4.0
2025-07-24 18:00:00,0.13,0.36,78.3,4.0
2025-07-24 19:00:00,0.15416,0.36,73.5,4.0
2025-07-24 20:00:00,0.14064,0.42,68.8,4.0
2025-07-24 21:00:00,0.11838,0.42,46.2,4.0
2025-07-24 22:00:00,0.10939,0.42,6.5,4.0
2025-07-24 23:00:00,0.11127,0.47,1.8,4.0
2025-07-25 00:00:00,0.10367,0.47,0.0,4.0
2025-07-25 01:00:00,0.09705,0.47,0.0,4.0
2025-07-25 02:00:00,0.09294,2.65,0.0,4.0
2025-07-25 03:00:00,0.09697,2.65,0.0,4.0
2025-07-25 04:00:00,0.0982,2.65,0.0,4.0
2025-07-25 05:00:00,0.10887,5.08,0.0,4.0
2025-07-25 06:00:00,0.11295,5.08,0.0,4.0
2025-07-25 07:00:00,0.1108499999999999,5.08,0.0,4.0
2025-07-25 08:00:00,0.0982,0.82,2.23,4.0
2025-07-25 09:00:00,0.09408,0.82,12.3,4.0
2025-07-25 10:00:00,0.08515,0.82,21.3,4.0
2025-07-25 11:00:00,0.08309,0.33,54.4,4.0
2025-07-25 12:00:00,0.0787,0.33,88.2,4.0
2025-07-25 13:00:00,0.07631,0.33,125.0,4.0
2025-07-25 14:00:00,0.07927,1.06,123.0,4.0
2025-07-25 15:00:00,0.08109,1.06,162.0,4.0
2025-07-25 16:00:00,0.08402,1.06,140.0,4.0
2025-07-25 17:00:00,0.09045,0.22,111.0,4.0
2025-07-25 18:00:00,0.10181,0.22,120.0,4.0
2025-07-25 19:00:00,0.10928,0.22,115.0,4.0
2025-07-25 20:00:00,0.12121,0.17,86.2,4.0
2025-07-25 21:00:00,0.1125999999999999,0.17,42.5,4.0
2025-07-25 22:00:00,0.11025,0.17,10.4,4.0
2025-07-25 23:00:00,0.10676,0.21,700.0,4.0
2025-07-26 00:00:00,0.1007,0.21,0.0,4.0
2025-07-26 01:00:00,0.09773,0.21,0.0,4.0
2025-07-26 02:00:00,0.09665,1.18,0.0,4.0
2025-07-26 03:00:00,0.09645,1.18,0.0,3.9533769531250025
2025-07-26 04:00:00,0.09489,1.18,0.0,4.0
2025-07-26 05:00:00,0.09713,2.14,0.0,4.0
2025-07-26 06:00:00,0.0960999999999999,2.14,0.0,4.0
2025-07-26 07:00:00,0.08796,2.14,0.0,4.0
2025-07-26 08:00:00,0.08585,0.28,3.1,4.0
2025-07-26 09:00:00,0.07959,0.28,11.5,4.0
2025-07-26 10:00:00,0.0752,0.28,31.6,4.0
2025-07-26 11:00:00,0.06642,0.05,57.2,4.0
2025-07-26 12:00:00,0.04987,0.05,67.7,4.0
2025-07-26 13:00:00,0.05009,0.05,87.6,4.0
2025-07-26 14:00:00,0.0680699999999999,0.16,93.2,4.0
2025-07-26 15:00:00,0.07481,0.16,96.3,4.0
2025-07-26 16:00:00,0.0842,0.16,51.4,4.0
2025-07-26 17:00:00,0.0982,0.28,77.2,4.0
2025-07-26 18:00:00,0.1066,0.28,97.5,4.0
2025-07-26 19:00:00,0.12195,0.28,105.0,4.0
2025-07-26 20:00:00,0.12707,0.12,56.7,4.0
2025-07-26 21:00:00,0.11672,0.12,10.9,4.0
2025-07-26 22:00:00,0.1088,0.12,2.88,4.0
2025-07-26 23:00:00,0.10464,0.09,600.0,4.0
2025-07-27 00:00:00,0.09947,0.09,0.0,4.0
2025-07-27 01:00:00,0.09501,0.09,0.0,4.0
2025-07-27 02:00:00,0.09207,0.72,0.0,4.0
2025-07-27 03:00:00,0.0919899999999999,0.72,0.0,4.0
2025-07-27 04:00:00,0.08988,0.72,0.0,4.0
2025-07-27 05:00:00,0.08879,1.0,0.0,4.0
2025-07-27 06:00:00,0.08658,1.0,0.0,4.0
2025-07-27 07:00:00,0.08376,1.0,0.0,4.0
2025-07-27 08:00:00,0.0817099999999999,0.65,300.0,4.0
2025-07-27 09:00:00,0.0759099999999999,0.65,6.88,4.0
2025-07-27 10:00:00,0.07052,0.65,14.2,4.0
2025-07-27 11:00:00,0.04593,0.08,37.1,4.0
2025-07-27 12:00:00,0.01504,0.08,79.7,4.0
2025-07-27 13:00:00,0.00885,0.08,101.0,4.0
2025-07-27 14:00:00,0.0173,0.28,98.5,4.0
2025-07-27 15:00:00,0.04574,0.28,110.0,4.0
2025-07-27 16:00:00,0.08236,0.28,125.0,4.0
2025-07-27 17:00:00,0.09566,0.13,123.0,4.0
2025-07-27 18:00:00,0.10247,0.13,62.1,4.0
2025-07-27 19:00:00,0.10795,0.13,42.1,4.0
2025-07-27 20:00:00,0.1147099999999999,0.36,23.9,4.0
2025-07-27 21:00:00,0.10733,0.36,12.2,4.0
2025-07-27 22:00:00,0.10269,0.36,2.75,4.0
2025-07-27 23:00:00,0.1,3.58,800.0,4.0
2025-07-28 00:00:00,0.08877,3.58,0.0,4.0
2025-07-28 01:00:00,0.0835,3.58,0.0,4.0
2025-07-28 02:00:00,0.07967,5.86,0.0,4.0
2025-07-28 03:00:00,0.07951,5.86,0.0,4.0
2025-07-28 04:00:00,0.08952,5.86,0.0,4.0
2025-07-28 05:00:00,0.1088799999999999,8.43,0.0,4.0
2025-07-28 06:00:00,0.12197,8.43,0.0,4.0
2025-07-28 07:00:00,0.11837,8.43,0.0,4.0
2025-07-28 08:00:00,0.10545,0.74,2.03,4.0
2025-07-28 09:00:00,0.09725,0.74,8.88,4.0
2025-07-28 10:00:00,0.09096,0.74,26.4,4.0
2025-07-28 11:00:00,0.08179,0.5,56.4,4.0
2025-07-28 12:00:00,0.0775199999999999,0.5,75.1,4.0
2025-07-28 13:00:00,0.06833,0.5,49.7,4.0
2025-07-28 14:00:00,0.07397,0.03,66.5,4.0
2025-07-28 15:00:00,0.07728,0.03,79.2,4.0
2025-07-28 16:00:00,0.08812,0.03,122.0,4.0
2025-07-28 17:00:00,0.0972,0.0,139.0,4.0
2025-07-28 18:00:00,0.10359,0.0,111.0,4.0
2025-07-28 19:00:00,0.11414,0.0,79.2,4.0
2025-07-28 20:00:00,0.11434,1.73,31.5,4.0
2025-07-28 21:00:00,0.10526,1.73,15.0,4.0
2025-07-28 22:00:00,0.09243,1.73,5.13,4.0
2025-07-28 23:00:00,0.08751,3.71,1.2,4.0
2025-07-29 00:00:00,0.0841,3.71,0.0,4.0
2025-07-29 01:00:00,0.0829,3.71,0.0,4.0
2025-07-29 02:00:00,0.0820999999999999,4.63,0.0,4.0
2025-07-29 03:00:00,0.08389,4.63,0.0,4.0
2025-07-29 04:00:00,0.0928799999999999,4.63,0.0,4.0
2025-07-29 05:00:00,0.10107,3.74,0.0,4.0
2025-07-29 06:00:00,0.10925,3.74,0.0,4.0
2025-07-29 07:00:00,0.09902,3.74,0.0,4.0
2025-07-29 08:00:00,0.0802,1.24,2.07,4.0
2025-07-29 09:00:00,0.06637,1.24,12.7,4.0
2025-07-29 10:00:00,0.054,1.24,30.8,4.0
2025-07-29 11:00:00,0.0256,0.1,52.3,4.0
2025-07-29 12:00:00,0.00434,0.1,96.7,4.0
2025-07-29 13:00:00,0.00107,0.1,104.0,4.0
2025-07-29 14:00:00,0.0062,0.03,92.4,4.0
2025-07-29 15:00:00,0.04441,0.03,40.9,4.0
2025-07-29 16:00:00,0.0782399999999999,0.03,140.0,4.0
2025-07-29 17:00:00,0.09481,0.14,97.7,4.0
2025-07-29 18:00:00,0.10532,0.14,91.8,4.0
2025-07-29 19:00:00,0.12356,0.14,37.6,4.0
2025-07-29 20:00:00,0.12601,0.85,6.48,4.0
2025-07-29 21:00:00,0.11194,0.85,8.35,4.0
2025-07-29 22:00:00,0.10207,0.85,8.0,4.0
2025-07-29 23:00:00,0.09492,2.63,1.35,4.0
2025-07-30 00:00:00,0.0908799999999999,2.63,0.0,4.0
2025-07-30 01:00:00,0.08693,2.63,0.0,4.0
2025-07-30 02:00:00,0.08324,3.85,0.0,4.0
2025-07-30 03:00:00,0.08489,3.85,0.0,4.0
2025-07-30 04:00:00,0.09472,3.85,0.0,4.0
2025-07-30 05:00:00,0.10038,3.55,0.0,4.0
2025-07-30 06:00:00,0.09747,3.55,0.0,4.0
2025-07-30 07:00:00,0.0938799999999999,3.55,0.0,4.0
2025-07-30 08:00:00,0.0790199999999999,0.64,1.77,4.0
2025-07-30 09:00:00,0.06329,0.64,10.8,4.0
2025-07-30 10:00:00,0.04043,0.64,23.6,4.0
2025-07-30 11:00:00,0.02479,0.49,44.5,4.0
2025-07-30 12:00:00,0.01769,0.49,66.8,4.0
2025-07-30 13:00:00,0.0107,0.49,71.4,4.0
2025-07-30 14:00:00,0.02803,0.42,85.8,4.0
2025-07-30 15:00:00,0.04561,0.42,129.0,4.0
2025-07-30 16:00:00,0.07568,0.42,76.2,4.0
2025-07-30 17:00:00,0.09397,0.08,110.0,4.0
2025-07-30 18:00:00,0.10186,0.08,152.0,4.0
2025-07-30 19:00:00,0.1090699999999999,0.08,45.1,4.0
2025-07-30 20:00:00,0.109,0.24,61.3,4.0
2025-07-30 21:00:00,0.104,0.24,37.9,4.0
2025-07-30 22:00:00,0.0924099999999999,0.24,7.73,4.0
2025-07-30 23:00:00,0.08893,4.42,2.17,4.0
2025-07-31 00:00:00,0.08211,4.42,0.0,4.0
2025-07-31 01:00:00,0.079,4.42,0.0,4.0
2025-07-31 02:00:00,0.0772699999999999,4.15,0.0,4.0
2025-07-31 03:00:00,0.07851,4.15,0.0,4.0
2025-07-31 04:00:00,0.08543,4.15,0.0,4.0
2025-07-31 05:00:00,0.09814,2.17,0.0,4.0
2025-07-31 06:00:00,0.10046,2.17,0.0,4.0
2025-07-31 07:00:00,0.09409,2.17,0.0,4.0
2025-07-31 08:00:00,0.08891,1.84,800.0,4.0
2025-07-31 09:00:00,0.07417,1.84,2.33,4.0
2025-07-31 10:00:00,0.07004,1.84,11.5,4.0
2025-07-31 11:00:00,0.0611499999999999,0.08,33.7,4.0
2025-07-31 12:00:00,0.0480499999999999,0.08,38.5,4.0
2025-07-31 13:00:00,0.03506,0.08,103.0,4.0
2025-07-31 14:00:00,0.05507,0.05,85.3,4.0
2025-07-31 15:00:00,0.07243,0.05,126.0,4.0
2025-07-31 16:00:00,0.08456,0.05,69.0,4.0
2025-07-31 17:00:00,0.0969,0.27,49.4,4.0
2025-07-31 18:00:00,0.11192,0.27,46.4,4.0
2025-07-31 19:00:00,0.12827,0.27,30.7,4.0
2025-07-31 20:00:00,0.12511,1.78,16.7,4.0
2025-07-31 21:00:00,0.11416,1.78,4.18,4.0
2025-07-31 22:00:00,0.10279,1.78,2.23,4.0
2025-07-31 23:00:00,0.10531,1.61,1.3,4.0
2025-08-01 00:00:00,0.09854,1.61,0.0,4.0
2025-08-01 01:00:00,0.09215,1.61,0.0,4.0
2025-08-01 02:00:00,0.08917,2.79,0.0,4.0
2025-08-01 03:00:00,0.0942099999999999,2.79,0.0,4.0
2025-08-01 04:00:00,0.10058,2.79,0.0,4.0
2025-08-01 05:00:00,0.10669,3.81,0.0,4.0
2025-08-01 06:00:00,0.1107099999999999,3.81,0.0,4.0
2025-08-01 07:00:00,0.10664,3.81,0.0,4.0
2025-08-01 08:00:00,0.10367,1.08,1.15,4.0
2025-08-01 09:00:00,0.09795,1.08,11.8,4.0
2025-08-01 10:00:00,0.0841,1.08,18.3,4.0
2025-08-01 11:00:00,0.07705,0.04,57.0,4.0
2025-08-01 12:00:00,0.06197,0.04,78.3,4.0
2025-08-01 13:00:00,0.04906,0.04,85.0,4.0
2025-08-01 14:00:00,0.0491,0.34,113.0,4.0
2025-08-01 15:00:00,0.06993,0.34,44.7,4.0
2025-08-01 16:00:00,0.08359,0.34,97.1,4.0
2025-08-01 17:00:00,0.09645,0.38,108.0,4.0
2025-08-01 18:00:00,0.10951,0.38,84.0,4.0
2025-08-01 19:00:00,0.11923,0.38,28.8,4.0
2025-08-01 20:00:00,0.11751,1.56,51.7,4.0
2025-08-01 21:00:00,0.11072,1.56,29.9,4.0
2025-08-01 22:00:00,0.10273,1.56,9.73,4.0
2025-08-01 23:00:00,0.10447,4.99,1.45,4.0
2025-08-02 00:00:00,0.1003199999999999,4.99,0.0,4.0
2025-08-02 01:00:00,0.09779,4.99,0.0,4.0
2025-08-02 02:00:00,0.0921599999999999,5.17,0.0,4.0
2025-08-02 03:00:00,0.09129,5.17,0.0,4.0
2025-08-02 04:00:00,0.0907699999999999,5.17,0.0,4.0
2025-08-02 05:00:00,0.08967,4.68,0.0,4.0
2025-08-02 06:00:00,0.0847,4.68,0.0,4.0
2025-08-02 07:00:00,0.0784,4.68,0.0,4.0
2025-08-02 08:00:00,0.06568,1.14,1.83,4.0
2025-08-02 09:00:00,0.03109,1.14,8.13,4.0
2025-08-02 10:00:00,0.0056799999999999,1.14,22.7,4.0
2025-08-02 11:00:00,0.00295,0.64,29.8,4.0
2025-08-02 12:00:00,0.0,0.64,21.0,4.0
2025-08-02 13:00:00,0.0,0.64,64.9,4.0
2025-08-02 14:00:00,0.0,0.8,53.0,4.0
2025-08-02 15:00:00,0.0053,0.8,73.3,4.0
2025-08-02 16:00:00,0.06069,0.8,0.0,4.0
2025-08-02 17:00:00,0.09132,0.66,0.0,4.0
2025-08-02 18:00:00,0.102,0.66,0.0,4.0
2025-08-02 19:00:00,0.1094899999999999,0.66,0.0,4.0
2025-08-02 20:00:00,0.10842,2.01,0.0,4.0
2025-08-02 21:00:00,0.10434,2.01,0.0,4.0
2025-08-02 22:00:00,0.095,2.01,0.0,4.0
2025-08-02 23:00:00,0.08509,3.73,0.0,4.0
2025-08-03 00:00:00,0.0775199999999999,3.73,0.0,4.0
2025-08-03 01:00:00,0.07195,3.73,0.0,4.0
2025-08-03 02:00:00,0.06814,4.53,0.0,4.0
2025-08-03 03:00:00,0.06577,4.53,0.0,4.0
2025-08-03 04:00:00,0.05998,4.53,0.0,4.0
2025-08-03 05:00:00,0.0467999999999999,3.93,0.0,4.0
2025-08-03 06:00:00,0.026,3.93,0.0,4.0
2025-08-03 07:00:00,0.00616,3.93,0.0,4.0
2025-08-03 08:00:00,0.0,0.15,1.25,4.0
2025-08-03 09:00:00,-0.00101,0.15,8.63,4.0
2025-08-03 10:00:00,-0.0021,0.15,28.4,4.0
2025-08-03 11:00:00,-0.003,0.33,48.0,4.0
2025-08-03 12:00:00,-0.0099,0.33,102.0,4.0
2025-08-03 13:00:00,-0.01008,0.33,132.0,4.0
2025-08-03 14:00:00,-0.00498,0.0,107.0,4.0
2025-08-03 15:00:00,-0.0015,0.0,86.7,4.0
2025-08-03 16:00:00,0.00361,0.0,101.0,4.0
2025-08-03 17:00:00,0.07113,0.0,144.0,4.0
2025-08-03 18:00:00,0.08813,0.0,92.3,4.0
2025-08-03 19:00:00,0.09787,0.0,57.7,4.0
2025-08-03 20:00:00,0.0959899999999999,0.36,49.5,4.0
2025-08-03 21:00:00,0.0973,0.36,29.2,4.0
2025-08-03 22:00:00,0.08509,0.36,5.38,4.0
2025-08-03 23:00:00,0.08105,2.2,450.0,4.0
2025-08-04 00:00:00,0.07007,2.2,0.0,4.0
2025-08-04 01:00:00,0.06997,2.2,0.0,4.0
2025-08-04 02:00:00,0.07062,2.47,0.0,4.0
2025-08-04 03:00:00,0.07403,2.47,0.0,4.0
2025-08-04 04:00:00,0.08294,2.47,0.0,4.0
2025-08-04 05:00:00,0.09512,0.81,0.0,4.0
2025-08-04 06:00:00,0.10272,0.81,0.0,4.0
2025-08-04 07:00:00,0.10144,0.81,0.0,4.0
2025-08-04 08:00:00,0.09705,0.01,800.0,4.0
2025-08-04 09:00:00,0.08005,0.01,3.83,4.0
2025-08-04 10:00:00,0.05633,0.01,10.9,4.0
2025-08-04 11:00:00,0.0148399999999999,0.08,17.9,4.0
2025-08-04 12:00:00,0.00405,0.08,59.2,4.0
2025-08-04 13:00:00,0.00066,0.08,78.1,4.0
2025-08-04 14:00:00,2e-05,0.97,129.0,4.0
2025-08-04 15:00:00,0.02209,0.97,136.0,4.0
2025-08-04 16:00:00,0.06724,0.97,131.0,4.0
2025-08-04 17:00:00,0.08091,0.78,150.0,4.0
2025-08-04 18:00:00,0.08454,0.78,109.0,4.0
2025-08-04 19:00:00,0.0802099999999999,0.78,44.0,4.0
2025-08-04 20:00:00,0.0727,0.11,29.0,4.0
2025-08-04 21:00:00,0.06663,0.11,16.1,4.0
2025-08-04 22:00:00,0.0476899999999999,0.11,4.72,4.0
2025-08-04 23:00:00,0.02152,0.12,1.5,4.0
2025-08-05 00:00:00,0.01534,0.12,0.0,4.0
2025-08-05 01:00:00,0.0159,0.12,0.0,4.0
2025-08-05 02:00:00,0.02396,0.06,0.0,4.0
2025-08-05 03:00:00,0.05447,0.06,0.0,4.0
2025-08-05 04:00:00,0.07619,0.06,0.0,4.0
2025-08-05 05:00:00,0.09225,6.91,0.0,4.0
2025-08-05 06:00:00,0.09208,6.91,0.0,4.0
2025-08-05 07:00:00,0.07474,6.91,0.0,4.0
2025-08-05 08:00:00,0.00389,3.26,500.0,4.0
2025-08-05 09:00:00,-0.0002099999999999,3.26,6.05,4.0
2025-08-05 10:00:00,-0.0020099999999999,3.26,11.2,4.0
2025-08-05 11:00:00,-0.00494,0.01,24.8,4.0
2025-08-05 12:00:00,-0.0095,0.01,84.7,4.0
2025-08-05 13:00:00,-0.01183,0.01,119.0,4.0
2025-08-05 14:00:00,-0.00992,0.36,129.0,4.0
2025-08-05 15:00:00,-0.00507,0.36,146.0,4.0
2025-08-05 16:00:00,-0.00052,0.36,106.0,4.0
2025-08-05 17:00:00,0.00107,0.52,102.0,4.0
2025-08-05 18:00:00,0.07248,0.52,104.0,4.0
2025-08-05 19:00:00,0.08997,0.52,66.2,4.0
2025-08-05 20:00:00,0.10715,1.73,50.5,4.0
2025-08-05 21:00:00,0.08718,1.73,37.4,4.0
2025-08-05 22:00:00,0.081,1.73,11.1,4.0
2025-08-05 23:00:00,0.07513,4.18,1.13,4.0
2025-08-06 00:00:00,0.05989,4.18,0.0,4.0
2025-08-06 01:00:00,0.0607599999999999,4.18,0.0,4.0
2025-08-06 02:00:00,0.0610099999999999,4.88,0.0,4.0
2025-08-06 03:00:00,0.06035,4.88,0.0,4.0
2025-08-06 04:00:00,0.0817,4.88,0.0,4.0
2025-08-06 05:00:00,0.10377,7.25,0.0,4.0
2025-08-06 06:00:00,0.10294,7.25,0.0,4.0
2025-08-06 07:00:00,0.08394,7.25,0.0,4.0
2025-08-06 08:00:00,0.0277399999999999,1.39,1.7,4.0
2025-08-06 09:00:00,-1e-05,1.39,8.35,4.0
2025-08-06 10:00:00,-0.0020499999999999,1.39,23.5,4.0
2025-08-06 11:00:00,-0.00847,0.42,56.5,4.0
2025-08-06 12:00:00,-0.0117899999999999,0.42,94.6,4.0
2025-08-06 13:00:00,-0.006,0.42,113.0,4.0
2025-08-06 14:00:00,-0.00311,0.02,135.0,4.0
2025-08-06 15:00:00,-0.00101,0.02,141.0,4.0
2025-08-06 16:00:00,0.05215,0.02,127.0,4.0
2025-08-06 17:00:00,0.09719,0.08,139.0,4.0
2025-08-06 18:00:00,0.1137,0.08,92.6,4.0
2025-08-06 19:00:00,0.17016,0.08,110.0,4.0
2025-08-06 20:00:00,0.15708,0.77,74.6,4.0
2025-08-06 21:00:00,0.11,0.77,33.7,4.0
2025-08-06 22:00:00,0.1016,0.77,7.48,4.0
2025-08-06 23:00:00,0.09758,3.02,900.0,4.0
2025-08-07 00:00:00,0.09704,3.02,0.0,4.0
2025-08-07 01:00:00,0.09144,3.02,0.0,4.0
2025-08-07 02:00:00,0.08879,3.07,0.0,4.0
2025-08-07 03:00:00,0.08893,3.07,0.0,4.0
2025-08-07 04:00:00,0.0928499999999999,3.07,0.0,4.0
2025-08-07 05:00:00,0.10746,2.85,0.0,4.0
2025-08-07 06:00:00,0.1065,2.85,0.0,4.0
2025-08-07 07:00:00,0.10048,2.85,0.0,4.0
2025-08-07 08:00:00,0.0776299999999999,0.02,650.0,4.0
2025-08-07 09:00:00,0.02223,0.02,7.58,4.0
2025-08-07 10:00:00,0.0,0.02,26.7,4.0
2025-08-07 11:00:00,-0.0001199999999999,0.69,49.2,4.0
2025-08-07 12:00:00,-0.00199,0.69,79.5,4.0
2025-08-07 13:00:00,-0.00029,0.69,130.0,4.0
2025-08-07 14:00:00,-1e-05,0.75,149.0,4.0
2025-08-07 15:00:00,0.002,0.75,158.0,4.0
2025-08-07 16:00:00,0.06559,0.75,0.0,4.0
2025-08-07 17:00:00,0.09423,0.36,0.0,4.0
2025-08-07 18:00:00,0.11195,0.36,0.0,4.0
2025-08-07 19:00:00,0.14194,0.36,0.0,4.0
2025-08-07 20:00:00,0.1275,0.06,0.0,4.0
2025-08-07 21:00:00,0.11,0.06,0.0,4.0
2025-08-07 22:00:00,0.10128,0.06,0.0,4.0
2025-08-07 23:00:00,0.0939,0.0,0.0,4.0
2025-08-08 00:00:00,0.08949,0.0,0.0,4.0
2025-08-08 01:00:00,0.08613,0.0,0.0,4.0
2025-08-08 02:00:00,0.08266,0.53,0.0,4.0
2025-08-08 03:00:00,0.08145,0.53,0.0,4.0
2025-08-08 04:00:00,0.09114,0.53,0.0,4.0
2025-08-08 05:00:00,0.10043,0.44,0.0,4.0
2025-08-08 06:00:00,0.10305,0.44,0.0,4.0
2025-08-08 07:00:00,0.10914,0.44,0.0,4.0
2025-08-08 08:00:00,0.0899,0.92,1.2,4.0
2025-08-08 09:00:00,0.066,0.92,6.78,4.0
2025-08-08 10:00:00,0.00839,0.92,18.5,4.0
2025-08-08 11:00:00,0.0,0.39,37.7,4.0
2025-08-08 12:00:00,-1e-05,0.39,54.5,4.0
2025-08-08 13:00:00,-2e-05,0.39,65.9,4.0
2025-08-08 14:00:00,-1e-05,0.85,65.0,4.0
2025-08-08 15:00:00,0.01049,0.85,65.6,4.0
2025-08-08 16:00:00,0.07174,0.85,62.5,4.0
2025-08-08 17:00:00,0.10386,0.51,69.6,4.0
2025-08-08 18:00:00,0.11397,0.51,74.8,4.0
2025-08-08 19:00:00,0.14462,0.51,46.3,4.0
2025-08-08 20:00:00,0.1515099999999999,0.08,34.2,4.0
2025-08-08 21:00:00,0.12159,0.08,19.9,4.0
2025-08-08 22:00:00,0.1084599999999999,0.08,6.82,4.0
2025-08-08 23:00:00,0.10193,0.16,900.0,4.0
2025-08-09 00:00:00,0.10043,0.16,0.0,4.0
2025-08-09 01:00:00,0.09994,0.16,0.0,4.0
2025-08-09 02:00:00,0.0978,2.8,0.0,4.0
2025-08-09 03:00:00,0.09687,2.8,0.0,4.0
2025-08-09 04:00:00,0.09701,2.8,0.0,4.0
2025-08-09 05:00:00,0.09726,6.37,0.0,4.0
2025-08-09 06:00:00,0.09345,6.37,0.0,4.0
2025-08-09 07:00:00,0.07019,6.37,0.0,4.0
2025-08-09 08:00:00,0.01534,0.81,1.35,4.0
2025-08-09 09:00:00,-2e-05,0.81,9.2,4.0
2025-08-09 10:00:00,-0.001,0.81,25.8,4.0
2025-08-09 11:00:00,-0.00663,0.05,41.1,4.0
2025-08-09 12:00:00,-0.01514,0.05,77.6,4.0
2025-08-09 13:00:00,-0.01537,0.05,119.0,4.0
2025-08-09 14:00:00,-0.0040999999999999,0.52,142.0,4.0
2025-08-09 15:00:00,-4e-05,0.52,154.0,4.0
2025-08-09 16:00:00,0.00629,0.52,155.0,4.0
2025-08-09 17:00:00,0.0859,0.58,153.0,4.0
2025-08-09 18:00:00,0.1042,0.58,139.0,4.0
2025-08-09 19:00:00,0.12762,0.58,116.0,4.0
2025-08-09 20:00:00,0.11931,0.11,81.0,4.0
2025-08-09 21:00:00,0.10789,0.11,38.6,4.0
2025-08-09 22:00:00,0.09497,0.11,7.4,4.0
2025-08-09 23:00:00,0.08479,1.47,550.0,4.0
2025-08-10 00:00:00,0.08323,1.47,0.0,4.0
2025-08-10 01:00:00,0.0831,1.47,0.0,4.0
2025-08-10 02:00:00,0.07795,6.18,0.0,4.0
2025-08-10 03:00:00,0.08068,6.18,0.0,4.0
2025-08-10 04:00:00,0.08369,6.18,0.0,4.0
2025-08-10 05:00:00,0.08227,9.06,0.0,4.0
2025-08-10 06:00:00,0.0747,9.06,0.0,4.0
2025-08-10 07:00:00,0.0263599999999999,9.06,0.0,4.0
2025-08-10 08:00:00,-1e-05,0.97,1.4,4.0
2025-08-10 09:00:00,-0.00311,0.97,6.43,4.0
2025-08-10 10:00:00,-0.0156,0.97,20.5,4.0
2025-08-10 11:00:00,-0.04003,0.0,56.4,4.0
2025-08-10 12:00:00,-0.0610799999999999,0.0,96.8,4.0
2025-08-10 13:00:00,-0.05094,0.0,126.0,4.0
2025-08-10 14:00:00,-0.02212,0.36,146.0,4.0
2025-08-10 15:00:00,-0.00121,0.36,155.0,4.0
2025-08-10 16:00:00,0.00213,0.36,161.0,4.0
2025-08-10 17:00:00,0.08264,0.11,153.0,4.0
2025-08-10 18:00:00,0.10855,0.11,137.0,4.0
2025-08-10 19:00:00,0.11895,0.11,113.0,4.0
2025-08-10 20:00:00,0.12245,0.18,76.3,4.0
2025-08-10 21:00:00,0.10698,0.18,35.5,4.0
2025-08-10 22:00:00,0.0989,0.18,7.25,4.0
2025-08-10 23:00:00,0.0998199999999999,1.13,1.0,4.0
2025-08-11 00:00:00,0.09197,1.13,0.0,4.0
2025-08-11 01:00:00,0.08744,1.13,0.0,4.0
2025-08-11 02:00:00,0.08519,3.69,0.0,4.0
2025-08-11 03:00:00,0.0928499999999999,3.69,0.0,4.0
2025-08-11 04:00:00,0.10351,3.69,0.0,4.0
2025-08-11 05:00:00,0.12922,6.57,0.0,4.0
2025-08-11 06:00:00,0.13349,6.57,0.0,4.0
2025-08-11 07:00:00,0.10535,6.57,0.0,4.0
2025-08-11 08:00:00,0.09075,0.02,1.3,4.0
2025-08-11 09:00:00,0.05,0.02,5.68,4.0
2025-08-11 10:00:00,0.00254,0.02,19.1,4.0
2025-08-11 11:00:00,0.0,0.17,56.3,4.0
2025-08-11 12:00:00,0.0,0.17,99.0,4.0
2025-08-11 13:00:00,0.0,0.17,128.0,4.0
2025-08-11 14:00:00,0.009,0.25,147.0,4.0
2025-08-11 15:00:00,0.05614,0.25,158.0,4.0
2025-08-11 16:00:00,0.09225,0.25,159.0,4.0
2025-08-11 17:00:00,0.10826,0.28,152.0,4.0
2025-08-11 18:00:00,0.154,0.28,137.0,4.0
2025-08-11 19:00:00,0.1919499999999999,0.28,113.0,4.0
2025-08-11 20:00:00,0.13888,0.11,77.2,4.0
2025-08-11 21:00:00,0.10887,0.11,36.2,4.0
2025-08-11 22:00:00,0.096,0.11,6.55,4.0
2025-08-11 23:00:00,0.093,0.1,700.0,4.0
2025-08-12 00:00:00,0.08967,0.1,0.0,4.0
2025-08-12 01:00:00,0.08541,0.1,0.0,4.0
2025-08-12 02:00:00,0.08513,1.34,0.0,4.0
2025-08-12 03:00:00,0.08648,1.34,0.0,4.0
2025-08-12 04:00:00,0.09397,1.34,0.0,4.0
2025-08-12 05:00:00,0.1069099999999999,3.56,0.0,4.0
2025-08-12 06:00:00,0.10463,3.56,0.0,4.0
2025-08-12 07:00:00,0.0987099999999999,3.56,0.0,4.0
2025-08-12 08:00:00,0.0924899999999999,0.68,1.35,4.0
2025-08-12 09:00:00,0.07953,0.68,7.15,4.0
2025-08-12 10:00:00,0.0404099999999999,0.68,21.3,4.0
2025-08-12 11:00:00,0.00838,1.03,51.8,4.0
2025-08-12 12:00:00,0.003,1.03,90.4,4.0
2025-08-12 13:00:00,0.00515,1.03,119.0,4.0
2025-08-12 14:00:00,0.03505,0.52,94.8,4.0
2025-08-12 15:00:00,0.07312,0.52,148.0,4.0
2025-08-12 16:00:00,0.09406,0.52,149.0,4.0
2025-08-12 17:00:00,0.1061,0.25,141.0,4.0
2025-08-12 18:00:00,0.14931,0.25,125.0,4.0
2025-08-12 19:00:00,0.15616,0.25,102.0,4.0
2025-08-12 20:00:00,0.1404,0.53,67.5,4.0
2025-08-12 21:00:00,0.1140699999999999,0.53,30.1,4.0
2025-08-12 22:00:00,0.09773,0.53,6.3,4.0
2025-08-12 23:00:00,0.09572,0.25,300.0,4.0
2025-08-13 00:00:00,0.09,0.25,0.0,4.0
2025-08-13 01:00:00,0.08689,0.25,0.0,4.0
2025-08-13 02:00:00,0.08471,1.06,0.0,4.0
2025-08-13 03:00:00,0.08707,1.06,0.0,4.0
2025-08-13 04:00:00,0.0933,1.06,0.0,4.0
2025-08-13 05:00:00,0.10887,0.13,0.0,4.0
2025-08-13 06:00:00,0.1075199999999999,0.13,0.0,4.0
2025-08-13 07:00:00,0.10587,0.13,0.0,4.0
2025-08-13 08:00:00,0.0935999999999999,0.94,900.0,4.0
2025-08-13 09:00:00,0.08926,0.94,6.23,4.0
2025-08-13 10:00:00,0.0682,0.94,19.9,4.0
2025-08-13 11:00:00,0.0442899999999999,2.17,51.1,4.0
2025-08-13 12:00:00,0.02789,2.17,89.0,4.0
2025-08-13 13:00:00,0.0416599999999999,2.17,117.0,4.0
2025-08-13 14:00:00,0.0709,0.5,134.0,4.0
2025-08-13 15:00:00,0.0843,0.5,143.0,4.0
2025-08-13 16:00:00,0.09664,0.5,144.0,4.0
2025-08-13 17:00:00,0.11534,0.33,137.0,4.0
2025-08-13 18:00:00,0.1933,0.33,124.0,4.0
2025-08-13 19:00:00,0.2266399999999999,0.33,98.9,4.0
2025-08-13 20:00:00,0.15452,0.45,60.0,4.0
2025-08-13 21:00:00,0.12321,0.45,11.8,4.0
2025-08-13 22:00:00,0.1062699999999999,0.45,6.82,4.0
2025-08-13 23:00:00,0.0980999999999999,0.42,200.0,4.0
2025-08-14 00:00:00,0.092,0.42,0.0,4.0
2025-08-14 01:00:00,0.08845,0.42,0.0,4.0
2025-08-14 02:00:00,0.0882,0.22,0.0,4.0
2025-08-14 03:00:00,0.08853,0.22,0.0,4.0
2025-08-14 04:00:00,0.09752,0.22,0.0,4.0
2025-08-14 05:00:00,0.10794,0.41,0.0,4.0
2025-08-14 06:00:00,0.10992,0.41,0.0,4.0
2025-08-14 07:00:00,0.09951,0.41,0.0,4.0
2025-08-14 08:00:00,0.0911,0.53,900.0,4.0
2025-08-14 09:00:00,0.08126,0.53,9.5,4.0
2025-08-14 10:00:00,0.0675699999999999,0.53,25.0,4.0
2025-08-14 11:00:00,0.05409,3.42,22.0,4.0
2025-08-14 12:00:00,0.04102,3.42,60.7,4.0
2025-08-14 13:00:00,0.0549,3.42,113.0,4.0
2025-08-14 14:00:00,0.06943,0.58,133.0,4.0
2025-08-14 15:00:00,0.0789899999999999,0.58,117.0,4.0
2025-08-14 16:00:00,0.09722,0.58,58.6,4.0
2025-08-14 17:00:00,0.11554,0.33,99.2,4.0
2025-08-14 18:00:00,0.2338,0.33,55.7,4.0
2025-08-14 19:00:00,0.28389,0.33,73.7,4.0
2025-08-14 20:00:00,0.15584,0.66,61.6,4.0
2025-08-14 21:00:00,0.12071,0.66,25.7,4.0
2025-08-14 22:00:00,0.10595,0.66,6.07,4.0
2025-08-14 23:00:00,0.09959,0.38,500.0,4.0
2025-08-15 00:00:00,0.09897,0.38,0.0,4.0
2025-08-15 01:00:00,0.0939,0.38,0.0,4.0
2025-08-15 02:00:00,0.09033,1.15,0.0,4.0
2025-08-15 03:00:00,0.092,1.15,0.0,4.0
2025-08-15 04:00:00,0.09691,1.15,0.0,4.0
2025-08-15 05:00:00,0.10166,0.28,0.0,4.0
2025-08-15 06:00:00,0.10131,0.28,0.0,4.0
2025-08-15 07:00:00,0.0965999999999999,0.28,0.0,4.0
2025-08-15 08:00:00,0.08347,0.39,1.2,4.0
2025-08-15 09:00:00,0.0439,0.39,6.75,4.0
2025-08-15 10:00:00,0.003,0.39,21.2,4.0
2025-08-15 11:00:00,8e-05,0.71,48.9,4.0
2025-08-15 12:00:00,0.0,0.71,85.1,4.0
2025-08-15 13:00:00,0.0,0.71,116.0,4.0
2025-08-15 14:00:00,0.00172,0.88,129.0,4.0
2025-08-15 15:00:00,0.02766,0.88,147.0,4.0
2025-08-15 16:00:00,0.0779599999999999,0.88,150.0,4.0
2025-08-15 17:00:00,0.10589,1.41,137.0,4.0
2025-08-15 18:00:00,0.11438,1.41,133.0,4.0
2025-08-15 19:00:00,0.12401,1.41,112.0,4.0
2025-08-15 20:00:00,0.1115,0.37,72.3,4.0
2025-08-15 21:00:00,0.1059399999999999,0.37,24.2,4.0
2025-08-15 22:00:00,0.0959599999999999,0.37,4.93,4.0
2025-08-15 23:00:00,0.09611,0.28,200.0,4.0
2025-08-16 00:00:00,0.09092,0.28,0.0,4.0
2025-08-16 01:00:00,0.08978,0.28,0.0,4.0
2025-08-16 02:00:00,0.08535,0.43,0.0,4.0
2025-08-16 03:00:00,0.08405,0.43,0.0,4.0
2025-08-16 04:00:00,0.08709,0.43,0.0,4.0
2025-08-16 05:00:00,0.09101,0.12,0.0,4.0
2025-08-16 06:00:00,0.09002,0.12,0.0,4.0
2025-08-16 07:00:00,0.0809899999999999,0.12,0.0,4.0
2025-08-16 08:00:00,0.06794,0.02,0.0,4.0
2025-08-16 09:00:00,0.02512,0.02,4.1,4.0
2025-08-16 10:00:00,0.0038,0.02,15.5,4.0
2025-08-16 11:00:00,0.00017,1.04,16.1,4.0
2025-08-16 12:00:00,-1e-05,1.04,25.1,4.0
2025-08-16 13:00:00,-1e-05,1.04,27.4,4.0
2025-08-16 14:00:00,-1e-05,0.42,30.2,4.0
2025-08-16 15:00:00,0.0007099999999999,0.42,33.0,4.0
2025-08-16 16:00:00,0.01621,0.42,27.1,4.0
2025-08-16 17:00:00,0.06992,0.36,28.8,4.0
2025-08-16 18:00:00,0.095,0.36,31.9,4.0
2025-08-16 19:00:00,0.10262,0.36,16.2,4.0
2025-08-16 20:00:00,0.10061,0.38,12.7,4.0
2025-08-16 21:00:00,0.095,0.38,6.35,4.0
2025-08-16 22:00:00,0.09,0.38,1.42,4.0
2025-08-16 23:00:00,0.09128,3.1,0.0,4.0
2025-08-17 00:00:00,0.08534,3.1,0.0,4.0
2025-08-17 01:00:00,0.0868599999999999,3.1,0.0,4.0
2025-08-17 02:00:00,0.08663,13.72,0.0,4.0
2025-08-17 03:00:00,0.08773,13.72,0.0,4.0
2025-08-17 04:00:00,0.08993,13.72,0.0,4.0
2025-08-17 05:00:00,0.08989,12.5,0.0,4.0
2025-08-17 06:00:00,0.08103,12.5,0.0,4.0
2025-08-17 07:00:00,0.0762399999999999,12.5,0.0,4.0
2025-08-17 08:00:00,0.03259,2.2,1.1,4.0
2025-08-17 09:00:00,0.00996,2.2,4.93,4.0
2025-08-17 10:00:00,0.0001,2.2,18.8,4.0
2025-08-17 11:00:00,-0.0002,1.36,55.3,4.0
2025-08-17 12:00:00,-0.00093,1.36,86.8,4.0
2025-08-17 13:00:00,-0.00125,1.36,125.0,4.0
2025-08-17 14:00:00,0.00065,0.08,108.0,4.0
2025-08-17 15:00:00,0.01381,0.08,117.0,4.0
2025-08-17 16:00:00,0.0724,0.08,96.7,4.0
2025-08-17 17:00:00,0.09669,0.53,85.6,4.0
2025-08-17 18:00:00,0.11,0.53,77.6,4.0
2025-08-17 19:00:00,0.11066,0.53,38.1,4.0
2025-08-17 20:00:00,0.11014,0.06,17.9,4.0
2025-08-17 21:00:00,0.1051,0.06,9.35,4.0
2025-08-17 22:00:00,0.10254,0.06,2.35,4.0
2025-08-17 23:00:00,0.0919899999999999,0.41,0.0,4.0
2025-08-18 00:00:00,0.08713,0.41,0.0,4.0
2025-08-18 01:00:00,0.08433,0.41,0.0,4.0
2025-08-18 02:00:00,0.08385,2.16,0.0,4.0
2025-08-18 03:00:00,0.08946,2.16,0.0,4.0
2025-08-18 04:00:00,0.09927,2.16,0.0,4.0
2025-08-18 05:00:00,0.11851,6.02,0.0,4.0
2025-08-18 06:00:00,0.13013,6.02,0.0,4.0
2025-08-18 07:00:00,0.10987,6.02,0.0,4.0
2025-08-18 08:00:00,0.08884,0.51,900.0,4.0
2025-08-18 09:00:00,0.07206,0.51,4.25,4.0
2025-08-18 10:00:00,0.04593,0.51,17.0,4.0
2025-08-18 11:00:00,0.02004,0.17,53.3,4.0
2025-08-18 12:00:00,0.01423,0.17,92.6,4.0
2025-08-18 13:00:00,0.01834,0.17,87.3,4.0
2025-08-18 14:00:00,0.05456,1.36,133.0,4.0
2025-08-18 15:00:00,0.07094,1.36,153.0,4.0
2025-08-18 16:00:00,0.09032,1.36,157.0,4.0
2025-08-18 17:00:00,0.10987,0.58,150.0,4.0
2025-08-18 18:00:00,0.1855,0.58,134.0,4.0
2025-08-18 19:00:00,0.1974199999999999,0.58,108.0,4.0
2025-08-18 20:00:00,0.12467,0.55,71.3,4.0
2025-08-18 21:00:00,0.1074899999999999,0.55,29.9,4.0
2025-08-18 22:00:00,0.102,0.55,4.38,4.0
2025-08-18 23:00:00,0.10101,0.95,100.0,4.0
2025-08-19 00:00:00,0.0948199999999999,0.95,0.0,4.0
2025-08-19 01:00:00,0.0882,0.95,0.0,4.0
2025-08-19 02:00:00,0.08637,4.38,0.0,4.0
2025-08-19 03:00:00,0.09009,4.38,0.0,4.0
2025-08-19 04:00:00,0.1025,4.38,0.0,4.0
2025-08-19 05:00:00,0.1110999999999999,9.3,0.0,4.0
2025-08-19 06:00:00,0.10995,9.3,0.0,4.0
2025-08-19 07:00:00,0.09805,9.3,0.0,4.0
2025-08-19 08:00:00,0.08857,0.8,700.0,4.0
2025-08-19 09:00:00,0.06964,0.8,4.15,4.0
2025-08-19 10:00:00,0.04323,0.8,16.3,4.0
2025-08-19 11:00:00,0.02285,0.86,52.4,4.0
2025-08-19 12:00:00,0.00897,0.86,93.0,4.0
2025-08-19 13:00:00,0.01526,0.86,123.0,4.0
2025-08-19 14:00:00,0.03089,0.28,144.0,4.0
2025-08-19 15:00:00,0.0606,0.28,153.0,4.0
2025-08-19 16:00:00,0.09148,0.28,145.0,4.0
2025-08-19 17:00:00,0.10191,0.88,134.0,4.0
2025-08-19 18:00:00,0.12051,0.88,126.0,4.0
2025-08-19 19:00:00,0.12862,0.88,105.0,4.0
2025-08-19 20:00:00,0.11106,0.77,61.5,4.0
2025-08-19 21:00:00,0.10441,0.77,25.3,4.0
2025-08-19 22:00:00,0.0972,0.77,5.45,4.0
2025-08-19 23:00:00,0.0977,0.96,0.0,4.0
2025-08-20 00:00:00,0.09318,0.96,0.0,4.0
2025-08-20 01:00:00,0.08764,0.96,0.0,4.0
2025-08-20 02:00:00,0.08578,1.1,0.0,4.0
2025-08-20 03:00:00,0.0896599999999999,1.1,0.0,4.0
2025-08-20 04:00:00,0.0988,1.1,0.0,4.0
2025-08-20 05:00:00,0.10884,6.14,0.0,4.0
2025-08-20 06:00:00,0.11012,6.14,0.0,4.0
2025-08-20 07:00:00,0.10391,6.14,0.0,4.0
2025-08-20 08:00:00,0.0900499999999999,3.59,200.0,4.0
2025-08-20 09:00:00,0.08098,3.59,2.75,4.0
2025-08-20 10:00:00,0.06906,3.59,9.03,4.0
2025-08-20 11:00:00,0.04907,0.58,19.0,4.0
2025-08-20 12:00:00,0.035,0.58,50.3,4.0
2025-08-20 13:00:00,0.04203,0.58,103.0,4.0
2025-08-20 14:00:00,0.07302,0.63,138.0,4.0
2025-08-20 15:00:00,0.08145,0.63,150.0,4.0
2025-08-20 16:00:00,0.10169,0.63,151.0,4.0
2025-08-20 17:00:00,0.10916,0.38,145.0,4.0
2025-08-20 18:00:00,0.13515,0.38,119.0,4.0
2025-08-20 19:00:00,0.12611,0.38,69.7,4.0
2025-08-20 20:00:00,0.11495,0.14,49.0,4.0
2025-08-20 21:00:00,0.10349,0.14,24.9,4.0
2025-08-20 22:00:00,0.09734,0.14,4.13,4.0
2025-08-20 23:00:00,0.09611,1.62,0.0,4.0
2025-08-21 00:00:00,0.09073,1.62,0.0,4.0
2025-08-21 01:00:00,0.08752,1.62,0.0,4.0
2025-08-21 02:00:00,0.0908799999999999,4.71,0.0,4.0
2025-08-21 03:00:00,0.09237,4.71,0.0,4.0
2025-08-21 04:00:00,0.10859,4.71,0.0,4.0
2025-08-21 05:00:00,0.1156,9.08,0.0,4.0
2025-08-21 06:00:00,0.11689,9.08,0.0,4.0
2025-08-21 07:00:00,0.10779,9.08,0.0,4.0
2025-08-21 08:00:00,0.0973199999999999,2.48,200.0,4.0
2025-08-21 09:00:00,0.08585,2.48,5.85,4.0
2025-08-21 10:00:00,0.07764,2.48,19.5,4.0
2025-08-21 11:00:00,0.06949,0.36,47.1,4.0
2025-08-21 12:00:00,0.06609,0.36,77.4,4.0
2025-08-21 13:00:00,0.05626,0.36,118.0,4.0
2025-08-21 14:00:00,0.0682,0.18,154.0,4.0
2025-08-21 15:00:00,0.07239,0.18,118.0,4.0
2025-08-21 16:00:00,0.0928799999999999,0.18,103.0,4.0
2025-08-21 17:00:00,0.1032,0.2,110.0,4.0
2025-08-21 18:00:00,0.10639,0.2,100.0,4.0
2025-08-21 19:00:00,0.11073,0.2,98.1,4.0
2025-08-21 20:00:00,0.11073,0.58,62.3,4.0
2025-08-21 21:00:00,0.105,0.58,15.6,4.0
2025-08-21 22:00:00,0.09578,0.58,3.48,4.0
2025-08-21 23:00:00,0.08927,4.44,0.0,4.0
2025-08-22 00:00:00,0.08199,4.44,0.0,4.0
2025-08-22 01:00:00,0.07859,4.44,0.0,4.0
2025-08-22 02:00:00,0.0775199999999999,9.61,0.0,4.0
2025-08-22 03:00:00,0.07765,9.61,0.0,4.0
2025-08-22 04:00:00,0.0879,9.61,0.0,4.0
2025-08-22 05:00:00,0.10576,6.47,0.0,4.0
2025-08-22 06:00:00,0.10745,6.47,0.0,4.0
2025-08-22 07:00:00,0.10232,6.47,0.0,4.0
2025-08-22 08:00:00,0.09002,2.54,200.0,4.0
2025-08-22 09:00:00,0.07244,2.54,4.05,4.0
2025-08-22 10:00:00,0.0425,2.54,13.3,4.0
2025-08-22 11:00:00,0.01407,0.67,31.2,4.0
2025-08-22 12:00:00,0.0038399999999999,0.67,41.8,4.0
2025-08-22 13:00:00,2e-05,0.67,62.3,4.0
2025-08-22 14:00:00,0.00401,0.05,53.2,4.0
2025-08-22 15:00:00,0.04064,0.05,55.5,4.0
2025-08-22 16:00:00,0.07314,0.05,51.9,4.0
2025-08-22 17:00:00,0.09517,1.73,66.1,4.0
2025-08-22 18:00:00,0.10607,1.73,48.4,4.0
2025-08-22 19:00:00,0.113,1.73,21.0,4.0
2025-08-22 20:00:00,0.1076299999999999,3.12,5.93,4.0
2025-08-22 21:00:00,0.10309,3.12,6.95,4.0
2025-08-22 22:00:00,0.09437,3.12,2.97,4.0
2025-08-22 23:00:00,0.09533,4.14,0.0,4.0
2025-08-23 00:00:00,0.08932,4.14,0.0,4.0
2025-08-23 01:00:00,0.08776,4.14,0.0,4.0
2025-08-23 02:00:00,0.08521,5.35,0.0,4.0
2025-08-23 03:00:00,0.08556,5.35,0.0,4.0
2025-08-23 04:00:00,0.0856,5.35,0.0,4.0
2025-08-23 05:00:00,0.08667,3.59,0.0,4.0
2025-08-23 06:00:00,0.08678,3.59,0.0,4.0
2025-08-23 07:00:00,0.0835699999999999,3.59,0.0,4.0
2025-08-23 08:00:00,0.0629,2.19,0.0,4.0
2025-08-23 09:00:00,0.01469,2.19,2.17,4.0
2025-08-23 10:00:00,0.00329,2.19,5.25,4.0
2025-08-23 11:00:00,0.00132,0.33,10.9,4.0
2025-08-23 12:00:00,6e-05,0.33,29.2,4.0
2025-08-23 13:00:00,7.000000000000001e-05,0.33,62.5,4.0
2025-08-23 14:00:00,0.00352,0.06,59.2,4.0
2025-08-23 15:00:00,0.0121,0.06,63.6,4.0
2025-08-23 16:00:00,0.07219,0.06,46.1,4.0
2025-08-23 17:00:00,0.10031,0.0,49.9,4.0
2025-08-23 18:00:00,0.11222,0.0,80.1,4.0
2025-08-23 19:00:00,0.12367,0.0,62.3,4.0
2025-08-23 20:00:00,0.12043,3.04,62.9,4.0
2025-08-23 21:00:00,0.11116,3.04,21.0,4.0
2025-08-23 22:00:00,0.10528,3.04,3.22,4.0
2025-08-23 23:00:00,0.1005,7.2,0.0,4.0
2025-08-24 00:00:00,0.0951299999999999,7.2,0.0,4.0
2025-08-24 01:00:00,0.09441,7.2,0.0,4.0
2025-08-24 02:00:00,0.0921299999999999,9.38,0.0,4.0
2025-08-24 03:00:00,0.0912,9.38,0.0,4.0
2025-08-24 04:00:00,0.09097,9.38,0.0,4.0
2025-08-24 05:00:00,0.09,8.75,0.0,4.0
2025-08-24 06:00:00,0.08501,8.75,0.0,4.0
2025-08-24 07:00:00,0.07284,8.75,0.0,4.0
2025-08-24 08:00:00,0.0048,1.56,100.0,4.0
2025-08-24 09:00:00,-1e-05,1.56,4.68,4.0
2025-08-24 10:00:00,-7.000000000000001e-05,1.56,18.3,4.0
2025-08-24 11:00:00,-0.00198,0.53,60.5,4.0
2025-08-24 12:00:00,-0.00745,0.53,94.4,4.0
2025-08-24 13:00:00,-0.0074,0.53,111.0,4.0
2025-08-24 14:00:00,-0.0001,0.33,138.0,4.0
2025-08-24 15:00:00,0.0,0.33,130.0,4.0
2025-08-24 16:00:00,0.06336,0.33,113.0,4.0
2025-08-24 17:00:00,0.09981,0.7,127.0,4.0
2025-08-24 18:00:00,0.1105,0.7,94.7,4.0
2025-08-24 19:00:00,0.11731,0.7,109.0,4.0
2025-08-24 20:00:00,0.1143199999999999,3.38,68.8,4.0
2025-08-24 21:00:00,0.1075,3.38,26.6,4.0
2025-08-24 22:00:00,0.10052,3.38,2.72,4.0
2025-08-24 23:00:00,0.09528,7.34,0.0,4.0
2025-08-25 00:00:00,0.08703,7.34,0.0,4.0
2025-08-25 01:00:00,0.08402,7.34,0.0,4.0
2025-08-25 02:00:00,0.0829,10.11,0.0,4.0
2025-08-25 03:00:00,0.0834599999999999,10.11,0.0,4.0
2025-08-25 04:00:00,0.10246,10.11,0.0,4.0
2025-08-25 05:00:00,0.11538,9.89,0.0,4.0
2025-08-25 06:00:00,0.125,9.89,0.0,4.0
2025-08-25 07:00:00,0.11004,9.89,0.0,4.0
2025-08-25 08:00:00,0.09197,2.13,300.0,4.0
2025-08-25 09:00:00,0.07298,2.13,5.63,4.0
2025-08-25 10:00:00,0.03502,2.13,20.1,4.0
2025-08-25 11:00:00,0.01,0.14,50.9,4.0
2025-08-25 12:00:00,0.0059299999999999,0.14,93.2,4.0
2025-08-25 13:00:00,0.00678,0.14,107.0,4.0
2025-08-25 14:00:00,0.0252,0.67,146.0,4.0
2025-08-25 15:00:00,0.05643,0.67,147.0,4.0
2025-08-25 16:00:00,0.08667,0.67,157.0,4.0
2025-08-25 17:00:00,0.11154,0.11,146.0,4.0
2025-08-25 18:00:00,0.15903,0.11,129.0,4.0
2025-08-25 19:00:00,0.23282,0.11,102.0,4.0
2025-08-25 20:00:00,0.13804,0.58,64.3,4.0
2025-08-25 21:00:00,0.11504,0.58,23.9,4.0
2025-08-25 22:00:00,0.10515,0.58,3.33,4.0
2025-08-25 23:00:00,0.1057999999999999,3.34,0.0,4.0
2025-08-26 00:00:00,0.10044,3.34,0.0,4.0
2025-08-26 01:00:00,0.09658,3.34,0.0,4.0
2025-08-26 02:00:00,0.09479,2.93,0.0,4.0
2025-08-26 03:00:00,0.09627,2.93,0.0,4.0
2025-08-26 04:00:00,0.1066,2.93,0.0,4.0
2025-08-26 05:00:00,0.12459,6.56,0.0,4.0
2025-08-26 06:00:00,0.12345,6.56,0.0,4.0
2025-08-26 07:00:00,0.10679,6.56,0.0,4.0
2025-08-26 08:00:00,0.09,1.34,100.0,4.0
2025-08-26 09:00:00,0.07747,1.34,4.28,4.0
2025-08-26 10:00:00,0.0616,1.34,17.9,4.0
2025-08-26 11:00:00,0.04195,0.83,48.5,4.0
2025-08-26 12:00:00,0.02628,0.83,86.9,4.0
2025-08-26 13:00:00,0.03805,0.83,120.0,4.0
2025-08-26 14:00:00,0.07239,0.69,135.0,4.0
2025-08-26 15:00:00,0.08826,0.69,143.0,4.0
2025-08-26 16:00:00,0.1050499999999999,0.69,135.0,4.0
2025-08-26 17:00:00,0.13109,0.22,92.9,4.0
2025-08-26 18:00:00,0.19688,0.22,40.7,4.0
2025-08-26 19:00:00,0.18017,0.22,14.9,4.0
2025-08-26 20:00:00,0.1232999999999999,0.45,25.1,4.0
2025-08-26 21:00:00,0.10947,0.45,16.8,4.0
2025-08-26 22:00:00,0.09767,0.45,2.63,4.0
2025-08-26 23:00:00,0.09659,0.08,0.0,4.0
2025-08-27 00:00:00,0.08998,0.08,0.0,4.0
2025-08-27 01:00:00,0.08652,0.08,0.0,4.0
2025-08-27 02:00:00,0.08725,0.65,0.0,4.0
2025-08-27 03:00:00,0.09,0.65,0.0,4.0
2025-08-27 04:00:00,0.09773,0.65,0.0,3.974305908203128
2025-08-27 05:00:00,0.11,1.35,0.0,4.0
2025-08-27 06:00:00,0.11519,1.35,0.0,4.0
2025-08-27 07:00:00,0.11364,1.35,0.0,4.0
2025-08-27 08:00:00,0.10163,0.5,0.0,4.0
2025-08-27 09:00:00,0.086,0.5,5.0,4.0
2025-08-27 10:00:00,0.07929,0.5,20.0,4.0
2025-08-27 11:00:00,0.0643799999999999,1.17,41.0,4.0
2025-08-27 12:00:00,0.05068,1.17,58.1,4.0
2025-08-27 13:00:00,0.05094,1.17,111.0,4.0
2025-08-27 14:00:00,0.07618,0.69,108.0,4.0
2025-08-27 15:00:00,0.0851,0.69,86.3,4.0
2025-08-27 16:00:00,0.1049399999999999,0.69,59.1,4.0
2025-08-27 17:00:00,0.13463,0.96,69.5,4.0
2025-08-27 18:00:00,0.22207,0.96,86.9,4.0
2025-08-27 19:00:00,0.22204,0.96,86.0,4.0
2025-08-27 20:00:00,0.12887,0.5,24.6,4.0
2025-08-27 21:00:00,0.11363,0.5,5.4,4.0
2025-08-27 22:00:00,0.10357,0.5,1.05,4.0
2025-08-27 23:00:00,0.09715,0.1,0.0,4.0
2025-08-28 00:00:00,0.09192,0.1,0.0,4.0
2025-08-28 01:00:00,0.08789,0.1,0.0,4.0
2025-08-28 02:00:00,0.08709,0.0,0.0,4.0
2025-08-28 03:00:00,0.09023,0.0,0.0,3.9589323730468777
2025-08-28 04:00:00,0.09872,0.0,0.0,3.9364140625000026
2025-08-28 05:00:00,0.12163,0.06,0.0,4.0
2025-08-28 06:00:00,0.14379,0.06,0.0,4.0
2025-08-28 07:00:00,0.14395,0.06,0.0,4.0
2025-08-28 08:00:00,0.12184,0.07,0.0,4.0
2025-08-28 09:00:00,0.11227,0.07,0.0,4.0
2025-08-28 10:00:00,0.1081299999999999,0.07,0.0,4.0
2025-08-28 11:00:00,0.10089,0.22,0.0,4.0
2025-08-28 12:00:00,0.10096,0.22,0.0,4.0
2025-08-28 13:00:00,0.10089,0.22,0.0,4.0
2025-08-28 14:00:00,0.10066,1.09,0.0,4.0
2025-08-28 15:00:00,0.0960999999999999,1.09,0.0,4.0
2025-08-28 16:00:00,0.12984,1.09,0.0,4.0
2025-08-28 17:00:00,0.16085,0.63,0.0,4.0
2025-08-28 18:00:00,0.21,0.63,0.0,4.0
2025-08-28 19:00:00,0.15316,0.63,0.0,4.0
2025-08-28 20:00:00,0.12418,1.29,0.0,4.0
2025-08-28 21:00:00,0.10711,1.29,0.0,4.0
2025-08-28 22:00:00,0.09215,1.29,0.0,4.0
2025-08-28 23:00:00,0.08504,3.73,0.0,4.0
2025-08-29 00:00:00,0.08327,3.73,0.0,4.0
2025-08-29 01:00:00,0.0831,3.73,0.0,4.0
2025-08-29 02:00:00,0.08159,5.97,0.0,4.0
2025-08-29 03:00:00,0.08301,5.97,0.0,4.0
2025-08-29 04:00:00,0.091,5.97,0.0,4.0
2025-08-29 05:00:00,0.11755,5.75,0.0,4.0
2025-08-29 06:00:00,0.12139,5.75,0.0,4.0
2025-08-29 07:00:00,0.12,5.75,0.0,4.0
2025-08-29 08:00:00,0.11036,0.25,0.0,4.0
2025-08-29 09:00:00,0.08425,0.25,2.03,4.0
2025-08-29 10:00:00,0.07808,0.25,19.6,4.0
2025-08-29 11:00:00,0.06744,0.33,50.8,4.0
2025-08-29 12:00:00,0.05396,0.33,93.3,4.0
2025-08-29 13:00:00,0.05964,0.33,115.0,4.0
2025-08-29 14:00:00,0.07306,0.07,99.2,4.0
2025-08-29 15:00:00,0.085,0.07,103.0,4.0
2025-08-29 16:00:00,0.10482,0.07,41.1,4.0
2025-08-29 17:00:00,0.11851,0.64,23.9,4.0
2025-08-29 18:00:00,0.14768,0.64,23.5,4.0
2025-08-29 19:00:00,0.1165,0.64,15.5,4.0
2025-08-29 20:00:00,0.1119599999999999,0.74,33.3,4.0
2025-08-29 21:00:00,0.0957,0.74,19.1,4.0
2025-08-29 22:00:00,0.08607,0.74,2.75,4.0
2025-08-29 23:00:00,0.0925,2.51,0.0,4.0
2025-08-30 00:00:00,0.08656,2.51,0.0,4.0
2025-08-30 01:00:00,0.0833,2.51,0.0,4.0
2025-08-30 02:00:00,0.08151,3.82,0.0,4.0
2025-08-30 03:00:00,0.08339,3.82,0.0,4.0
2025-08-30 04:00:00,0.0877199999999999,3.82,0.0,4.0
2025-08-30 05:00:00,0.09502,3.49,0.0,4.0
2025-08-30 06:00:00,0.09809,3.49,0.0,4.0
2025-08-30 07:00:00,0.08964,3.49,0.0,4.0
2025-08-30 08:00:00,0.0785999999999999,0.53,0.0,4.0
2025-08-30 09:00:00,0.03646,0.53,3.03,4.0
2025-08-30 10:00:00,0.00523,0.53,14.2,4.0
2025-08-30 11:00:00,0.0,0.12,32.8,4.0
2025-08-30 12:00:00,-1e-05,0.12,72.6,4.0
2025-08-30 13:00:00,-1e-05,0.12,85.1,4.0
2025-08-30 14:00:00,-0.00038,0.08,96.9,4.0
2025-08-30 15:00:00,0.00948,0.08,64.3,4.0
2025-08-30 16:00:00,0.0810999999999999,0.08,114.0,4.0
2025-08-30 17:00:00,0.1039,0.03,74.8,4.0
2025-08-30 18:00:00,0.12707,0.03,116.0,4.0
2025-08-30 19:00:00,0.1299799999999999,0.03,99.4,4.0
2025-08-30 20:00:00,0.12039,0.5,66.2,4.0
2025-08-30 21:00:00,0.1049399999999999,0.5,21.1,4.0
2025-08-30 22:00:00,0.0902999999999999,0.5,933.0,4.0
2025-08-30 23:00:00,0.08874,2.25,0.0,4.0
2025-08-31 00:00:00,0.07891,2.25,0.0,4.0
2025-08-31 01:00:00,0.07053,2.25,0.0,4.0
2025-08-31 02:00:00,0.06702,3.05,0.0,4.0
2025-08-31 03:00:00,0.06379,3.05,0.0,4.0
2025-08-31 04:00:00,0.06456,3.05,0.0,4.0
2025-08-31 05:00:00,0.065,2.05,0.0,4.0
2025-08-31 06:00:00,0.06213,2.05,0.0,4.0
2025-08-31 07:00:00,0.0223,2.05,0.0,4.0
2025-08-31 08:00:00,0.0052,0.26,0.0,4.0
2025-08-31 09:00:00,-1e-05,0.26,3.0,4.0
2025-08-31 10:00:00,-2e-05,0.26,8.65,4.0
2025-08-31 11:00:00,-0.00011,0.36,9.45,4.0
2025-08-31 12:00:00,-0.001,0.36,23.7,4.0
2025-08-31 13:00:00,-0.00061,0.36,93.9,4.0
2025-08-31 14:00:00,0.0,0.33,101.0,4.0
2025-08-31 15:00:00,0.02547,0.33,101.0,4.0
2025-08-31 16:00:00,0.0797399999999999,0.33,94.2,4.0
2025-08-31 17:00:00,0.11759,0.2,70.4,4.0
2025-08-31 18:00:00,0.1351,0.2,55.8,4.0
2025-08-31 19:00:00,0.13207,0.2,20.5,4.0
2025-08-31 20:00:00,0.11415,0.13,13.3,4.0
2025-08-31 21:00:00,0.10263,0.13,9.03,4.0
2025-08-31 22:00:00,0.08976,0.13,1.73,4.0
2025-08-31 23:00:00,0.08408,0.0,0.0,4.0
2025-09-01 00:00:00,0.08143,0.0,0.0,4.0
2025-09-01 01:00:00,0.08097,0.0,0.0,4.0
2025-09-01 02:00:00,0.08003,3.5,0.0,4.0
2025-09-01 03:00:00,0.08137,3.5,0.0,4.0
2025-09-01 04:00:00,0.09258,3.5,0.0,4.0
2025-09-01 05:00:00,0.12043,3.37,0.0,4.0
2025-09-01 06:00:00,0.12567,3.37,0.0,4.0
2025-09-01 07:00:00,0.1161,3.37,0.0,4.0
2025-09-01 08:00:00,0.09819,1.46,0.0,4.0
2025-09-01 09:00:00,0.082,1.46,1.3,4.0
2025-09-01 10:00:00,0.0694,1.46,9.85,4.0
2025-09-01 11:00:00,0.03827,0.03,27.1,4.0
2025-09-01 12:00:00,0.02503,0.03,25.4,4.0
2025-09-01 13:00:00,0.04273,0.03,22.0,4.0
2025-09-01 14:00:00,0.06776,0.13,80.4,4.0
2025-09-01 15:00:00,0.08467,0.13,121.0,4.0
2025-09-01 16:00:00,0.1097,0.13,104.0,4.0
2025-09-01 17:00:00,0.1553199999999999,0.28,125.0,4.0
2025-09-01 18:00:00,0.25065,0.28,117.0,4.0
2025-09-01 19:00:00,0.21056,0.28,105.0,4.0
2025-09-01 20:00:00,0.1252,0.03,52.3,4.0
2025-09-01 21:00:00,0.1124,0.03,17.9,4.0
2025-09-01 22:00:00,0.10053,0.03,1.5,4.0
2025-09-01 23:00:00,0.09501,1.68,0.0,4.0
2025-09-02 00:00:00,0.09011,1.68,0.0,4.0
2025-09-02 01:00:00,0.09084,1.68,0.0,4.0
2025-09-02 02:00:00,0.0925,3.63,0.0,4.0
2025-09-02 03:00:00,0.0948,3.63,0.0,4.0
2025-09-02 04:00:00,0.10685,3.63,0.0,4.0
2025-09-02 05:00:00,0.1343899999999999,4.54,0.0,4.0
2025-09-02 06:00:00,0.15367,4.54,0.0,4.0
2025-09-02 07:00:00,0.14748,4.54,0.0,4.0
2025-09-02 08:00:00,0.1210499999999999,2.4,0.0,4.0
2025-09-02 09:00:00,0.10214,2.4,3.77,4.0
2025-09-02 10:00:00,0.08466,2.4,13.0,4.0
2025-09-02 11:00:00,0.07894,0.17,49.6,4.0
2025-09-02 12:00:00,0.07973,0.17,84.9,4.0
2025-09-02 13:00:00,0.07854,0.17,128.0,4.0
2025-09-02 14:00:00,0.08437,0.01,130.0,4.0
2025-09-02 15:00:00,0.095,0.01,158.0,4.0
2025-09-02 16:00:00,0.10897,0.01,117.0,4.0
2025-09-02 17:00:00,0.17316,0.19,112.0,4.0
2025-09-02 18:00:00,0.31151,0.19,137.0,4.0
2025-09-02 19:00:00,0.26379,0.19,71.0,4.0
2025-09-02 20:00:00,0.14092,0.0,15.2,4.0
2025-09-02 21:00:00,0.11047,0.0,5.9,4.0
2025-09-02 22:00:00,0.09121,0.0,1.6,4.0
2025-09-02 23:00:00,0.09725,0.68,0.0,4.0
2025-09-03 00:00:00,0.09074,0.68,0.0,4.0
2025-09-03 01:00:00,0.08595,0.68,0.0,4.0
2025-09-03 02:00:00,0.08172,1.97,0.0,4.0
2025-09-03 03:00:00,0.08123,1.97,0.0,4.0
2025-09-03 04:00:00,0.08697,1.97,0.0,4.0
2025-09-03 05:00:00,0.1032,1.08,0.0,4.0
2025-09-03 06:00:00,0.11234,1.08,0.0,4.0
2025-09-03 07:00:00,0.1091299999999999,1.08,0.0,4.0
2025-09-03 08:00:00,0.0853,0.12,0.0,4.0
2025-09-03 09:00:00,0.02904,0.12,3.53,4.0
2025-09-03 10:00:00,3e-05,0.12,17.6,4.0
2025-09-03 11:00:00,-0.0001,0.49,35.0,4.0
2025-09-03 12:00:00,-0.0001,0.49,31.4,4.0
2025-09-03 13:00:00,-0.00028,0.49,73.6,4.0
2025-09-03 14:00:00,0.0,0.36,103.0,4.0
2025-09-03 15:00:00,0.00389,0.36,119.0,4.0
2025-09-03 16:00:00,0.06346,0.36,79.1,4.0
2025-09-03 17:00:00,0.10235,0.62,36.6,4.0
2025-09-03 18:00:00,0.11092,0.62,57.0,4.0
2025-09-03 19:00:00,0.104,0.62,50.3,4.0
2025-09-03 20:00:00,0.09417,0.36,37.2,4.0
2025-09-03 21:00:00,0.08068,0.36,15.6,4.0
2025-09-03 22:00:00,0.05425,0.36,500.0,4.0
2025-09-03 23:00:00,0.02165,0.07,0.0,4.0
2025-09-04 00:00:00,0.0177,0.07,0.0,4.0
2025-09-04 01:00:00,0.01787,0.07,0.0,4.0
2025-09-04 02:00:00,0.0300199999999999,0.52,0.0,4.0
2025-09-04 03:00:00,0.05992,0.52,0.0,4.0
2025-09-04 04:00:00,0.08389,0.52,0.0,4.0
2025-09-04 05:00:00,0.10787,1.59,0.0,4.0
2025-09-04 06:00:00,0.12,1.59,0.0,4.0
2025-09-04 07:00:00,0.10809,1.59,0.0,4.0
2025-09-04 08:00:00,0.07781,0.92,0.0,4.0
2025-09-04 09:00:00,0.04145,0.92,2.95,4.0
2025-09-04 10:00:00,0.00579,0.92,17.2,4.0
2025-09-04 11:00:00,0.0032,0.0,46.5,4.0
2025-09-04 12:00:00,0.0033599999999999,0.0,73.9,4.0
2025-09-04 13:00:00,0.03489,0.0,99.7,4.0
2025-09-04 14:00:00,0.071,0.42,122.0,4.0
2025-09-04 15:00:00,0.0900499999999999,0.42,129.0,4.0
2025-09-04 16:00:00,0.1091299999999999,0.42,91.9,4.0
2025-09-04 17:00:00,0.1918,0.25,71.5,4.0
2025-09-04 18:00:00,0.35,0.25,54.4,4.0
2025-09-04 19:00:00,0.21882,0.25,41.5,4.0
2025-09-04 20:00:00,0.12493,1.64,15.6,4.0
2025-09-04 21:00:00,0.11214,1.64,6.43,4.0
2025-09-04 22:00:00,0.1013,1.64,700.0,4.0
2025-09-04 23:00:00,0.09525,5.61,0.0,4.0
2025-09-05 00:00:00,0.0861,5.61,0.0,4.0
2025-09-05 01:00:00,0.08526,5.61,0.0,4.0
2025-09-05 02:00:00,0.0852,6.49,0.0,4.0
2025-09-05 03:00:00,0.0856,6.49,0.0,4.0
2025-09-05 04:00:00,0.09736,6.49,0.0,4.0
2025-09-05 05:00:00,0.11916,9.22,0.0,4.0
2025-09-05 06:00:00,0.13213,9.22,0.0,4.0
2025-09-05 07:00:00,0.12575,9.22,0.0,4.0
2025-09-05 08:00:00,0.1004,1.52,0.0,4.0
2025-09-05 09:00:00,0.0878299999999999,1.52,2.9,4.0
2025-09-05 10:00:00,0.08415,1.52,14.7,4.0
2025-09-05 11:00:00,0.07825,0.42,42.4,4.0
2025-09-05 12:00:00,0.07219,0.42,72.8,4.0
2025-09-05 13:00:00,0.07017,0.42,109.0,4.0
2025-09-05 14:00:00,0.07753,0.33,125.0,4.0
2025-09-05 15:00:00,0.085,0.33,126.0,4.0
2025-09-05 16:00:00,0.09096,0.33,104.0,4.0
2025-09-05 17:00:00,0.10895,0.8,146.0,4.0
2025-09-05 18:00:00,0.15453,0.8,118.0,4.0
2025-09-05 19:00:00,0.15075,0.8,87.2,4.0
2025-09-05 20:00:00,0.1171,1.75,26.0,4.0
2025-09-05 21:00:00,0.10771,1.75,9.78,4.0
2025-09-05 22:00:00,0.1007,1.75,900.0,4.0
2025-09-05 23:00:00,0.10121,4.28,0.0,4.0
2025-09-06 00:00:00,0.10059,4.28,0.0,4.0
2025-09-06 01:00:00,0.0995699999999999,4.28,0.0,4.0
2025-09-06 02:00:00,0.09784,10.02,0.0,4.0
2025-09-06 03:00:00,0.0969599999999999,10.02,0.0,4.0
2025-09-06 04:00:00,0.09801,10.02,0.0,4.0
2025-09-06 05:00:00,0.1026,10.6,0.0,4.0
2025-09-06 06:00:00,0.10091,10.6,0.0,4.0
2025-09-06 07:00:00,0.09598,10.6,0.0,4.0
2025-09-06 08:00:00,0.07911,2.16,0.0,4.0
2025-09-06 09:00:00,0.0113499999999999,2.16,2.63,4.0
2025-09-06 10:00:00,0.0,2.16,14.7,4.0
2025-09-06 11:00:00,-2e-05,1.42,46.3,4.0
2025-09-06 12:00:00,-0.00086,1.42,89.2,4.0
2025-09-06 13:00:00,-0.00099,1.42,119.0,4.0
2025-09-06 14:00:00,-1e-05,0.13,142.0,4.0
2025-09-06 15:00:00,0.04099,0.13,154.0,4.0
2025-09-06 16:00:00,0.0876,0.13,155.0,4.0
2025-09-06 17:00:00,0.11647,0.61,110.0,4.0
2025-09-06 18:00:00,0.1583899999999999,0.61,101.0,4.0
2025-09-06 19:00:00,0.13954,0.61,66.9,4.0
2025-09-06 20:00:00,0.10995,0.45,46.7,4.0
2025-09-06 21:00:00,0.09295,0.45,13.4,4.0
2025-09-06 22:00:00,0.08256,0.45,1.4,4.0
2025-09-06 23:00:00,0.08972,1.82,0.0,4.0
2025-09-07 00:00:00,0.08502,1.82,0.0,4.0
2025-09-07 01:00:00,0.08077,1.82,0.0,4.0
2025-09-07 02:00:00,0.0834,3.18,0.0,4.0
2025-09-07 03:00:00,0.08292,3.18,0.0,4.0
2025-09-07 04:00:00,0.08267,3.18,0.0,4.0
2025-09-07 05:00:00,0.0815,3.83,0.0,4.0
2025-09-07 06:00:00,0.0554799999999999,3.83,0.0,4.0
2025-09-07 07:00:00,0.0,3.83,0.0,4.0
2025-09-07 08:00:00,-8.999999999999999e-05,1.35,0.0,4.0
2025-09-07 09:00:00,-0.004,1.35,2.53,4.0
2025-09-07 10:00:00,-0.02009,1.35,12.1,4.0
2025-09-07 11:00:00,-0.04002,0.67,49.8,4.0
2025-09-07 12:00:00,-0.0533999999999999,0.67,89.5,4.0
2025-09-07 13:00:00,-0.04999,0.67,123.0,4.0
2025-09-07 14:00:00,-0.02121,0.33,147.0,4.0
2025-09-07 15:00:00,-0.00247,0.33,156.0,4.0
2025-09-07 16:00:00,0.0033599999999999,0.33,157.0,4.0
2025-09-07 17:00:00,0.09591,0.14,144.0,4.0
2025-09-07 18:00:00,0.1083,0.14,126.0,4.0
2025-09-07 19:00:00,0.09625,0.14,95.3,4.0
2025-09-07 20:00:00,0.08602,0.19,53.9,4.0
2025-09-07 21:00:00,0.08501,0.19,13.8,4.0
2025-09-07 22:00:00,0.08606,0.19,500.0,4.0
2025-09-07 23:00:00,0.07966,0.02,0.0,4.0
2025-09-08 00:00:00,0.08574,0.02,0.0,4.0
2025-09-08 01:00:00,0.0847,0.02,0.0,4.0
2025-09-08 02:00:00,0.08227,0.07,0.0,4.0
2025-09-08 03:00:00,0.08379,0.07,0.0,4.0
2025-09-08 04:00:00,0.0955999999999999,0.07,0.0,4.0
2025-09-08 05:00:00,0.1099,0.54,0.0,4.0
2025-09-08 06:00:00,0.14814,0.54,0.0,4.0
2025-09-08 07:00:00,0.12553,0.54,0.0,4.0
2025-09-08 08:00:00,0.10205,0.15,0.0,4.0
2025-09-08 09:00:00,0.08583,0.15,1.7,4.0
2025-09-08 10:00:00,0.07614,0.15,7.35,4.0
2025-09-08 11:00:00,0.0653499999999999,0.02,13.9,4.0
2025-09-08 12:00:00,0.06084,0.02,28.4,4.0
2025-09-08 13:00:00,0.06965,0.02,34.9,4.0
2025-09-08 14:00:00,0.0784599999999999,0.6,64.2,4.0
2025-09-08 15:00:00,0.09972,0.6,62.5,4.0
2025-09-08 16:00:00,0.12428,0.6,105.0,4.0
2025-09-08 17:00:00,0.19661,0.68,95.8,4.0
2025-09-08 18:00:00,0.41366,0.68,104.0,4.0
2025-09-08 19:00:00,0.3085199999999999,0.68,47.7,4.0
2025-09-08 20:00:00,0.152,0.21,32.0,4.0
2025-09-08 21:00:00,0.12393,0.21,8.85,4.0
2025-09-08 22:00:00,0.11312,0.21,0.0,4.0
2025-09-08 23:00:00,0.11452,1.53,0.0,4.0
2025-09-09 00:00:00,0.1124599999999999,1.53,0.0,4.0
2025-09-09 01:00:00,0.1103499999999999,1.53,0.0,4.0
2025-09-09 02:00:00,0.1098,6.66,0.0,4.0
2025-09-09 03:00:00,0.11086,6.66,0.0,4.0
2025-09-09 04:00:00,0.11818,6.66,0.0,4.0
2025-09-09 05:00:00,0.18239,8.4,0.0,4.0
2025-09-09 06:00:00,0.3,8.4,0.0,4.0
2025-09-09 07:00:00,0.19698,8.4,0.0,4.0
2025-09-09 08:00:00,0.12759,4.73,0.0,4.0
2025-09-09 09:00:00,0.10173,4.73,0.0,4.0
2025-09-09 10:00:00,0.09925,4.73,2.6,4.0
2025-09-09 11:00:00,0.08718,3.1,2.25,4.0
2025-09-09 12:00:00,0.08569,3.1,6.28,4.0
2025-09-09 13:00:00,0.08551,3.1,12.1,4.0
2025-09-09 14:00:00,0.0924899999999999,1.92,25.3,4.0
2025-09-09 15:00:00,0.10335,1.92,37.6,4.0
2025-09-09 16:00:00,0.12741,1.92,27.1,4.0
2025-09-09 17:00:00,0.19268,2.79,28.3,4.0
2025-09-09 18:00:00,0.3863999999999999,2.79,27.9,4.0
2025-09-09 19:00:00,0.21559,2.79,38.1,4.0
2025-09-09 20:00:00,0.13337,5.44,9.73,4.0
2025-09-09 21:00:00,0.11579,5.44,5.15,4.0
2025-09-09 22:00:00,0.1093,5.44,100.0,4.0
2025-09-09 23:00:00,0.10693,6.09,0.0,4.0
2025-09-10 00:00:00,0.10729,6.09,0.0,4.0
2025-09-10 01:00:00,0.10373,6.09,0.0,4.0
2025-09-10 02:00:00,0.10481,6.7,0.0,4.0
2025-09-10 03:00:00,0.10455,6.7,0.0,4.0
2025-09-10 04:00:00,0.11428,6.7,0.0,4.0
2025-09-10 05:00:00,0.13335,5.95,0.0,4.0
2025-09-10 06:00:00,0.2233899999999999,5.95,0.0,4.0
2025-09-10 07:00:00,0.17194,5.95,0.0,4.0
2025-09-10 08:00:00,0.12946,3.03,0.0,4.0
2025-09-10 09:00:00,0.10733,3.03,3.5,4.0
2025-09-10 10:00:00,0.10239,3.03,16.8,4.0
2025-09-10 11:00:00,0.08885,0.59,31.8,4.0
2025-09-10 12:00:00,0.08609,0.59,71.2,4.0
2025-09-10 13:00:00,0.0878,0.59,119.0,4.0
2025-09-10 14:00:00,0.0907999999999999,0.02,122.0,4.0
2025-09-10 15:00:00,0.10507,0.02,138.0,4.0
2025-09-10 16:00:00,0.12778,0.02,157.0,4.0
2025-09-10 17:00:00,0.17059,0.89,139.0,4.0
2025-09-10 18:00:00,0.27519,0.89,109.0,4.0
2025-09-10 19:00:00,0.16907,0.89,98.4,4.0
2025-09-10 20:00:00,0.12294,1.3,37.6,4.0
2025-09-10 21:00:00,0.10158,1.3,8.3,4.0
2025-09-10 22:00:00,0.08763,1.3,400.0,4.0
2025-09-10 23:00:00,0.08821,2.65,0.0,4.0
2025-09-11 00:00:00,0.085,2.65,0.0,4.0
2025-09-11 01:00:00,0.0771299999999999,2.65,0.0,4.0
2025-09-11 02:00:00,0.07067,2.34,0.0,4.0
2025-09-11 03:00:00,0.07067,2.34,0.0,4.0
2025-09-11 04:00:00,0.07905,2.34,0.0,4.0
2025-09-11 05:00:00,0.11118,2.45,0.0,4.0
2025-09-11 06:00:00,0.12533,2.45,0.0,4.0
2025-09-11 07:00:00,0.12036,2.45,0.0,4.0
2025-09-11 08:00:00,0.10205,2.17,0.0,4.0
2025-09-11 09:00:00,0.07364,2.17,1.53,4.0
2025-09-11 10:00:00,0.00823,2.17,8.9,4.0
2025-09-11 11:00:00,-1e-05,0.41,40.7,4.0
2025-09-11 12:00:00,-7.000000000000001e-05,0.41,78.9,4.0
2025-09-11 13:00:00,-0.0007199999999999,0.41,91.3,4.0
2025-09-11 14:00:00,0.0,0.32,111.0,4.0
2025-09-11 15:00:00,0.00896,0.32,91.4,4.0
2025-09-11 16:00:00,0.07582,0.32,123.0,4.0
2025-09-11 17:00:00,0.11857,4.95,113.0,4.0
2025-09-11 18:00:00,0.13286,4.95,118.0,4.0
2025-09-11 19:00:00,0.12525,4.95,57.2,4.0
2025-09-11 20:00:00,0.11145,7.07,4.93,4.0
2025-09-11 21:00:00,0.08481,7.07,2.4,4.0
2025-09-11 22:00:00,0.06389,7.07,300.0,4.0
2025-09-11 23:00:00,0.03283,5.64,0.0,4.0
2025-09-12 00:00:00,0.0332299999999999,5.64,0.0,4.0
2025-09-12 01:00:00,0.02094,5.64,0.0,4.0
2025-09-12 02:00:00,0.01635,5.67,0.0,4.0
2025-09-12 03:00:00,0.02915,5.67,0.0,4.0
2025-09-12 04:00:00,0.05184,5.67,0.0,3.972170898437503
2025-09-12 05:00:00,0.09529,4.81,0.0,3.8920915527343776
2025-09-12 06:00:00,0.10573,4.81,0.0,3.858967773437503
2025-09-12 07:00:00,0.10201,4.81,0.0,3.925317871093753
2025-09-12 08:00:00,0.04807,2.44,0.0,4.0
2025-09-12 09:00:00,0.00185,2.44,1.93,4.0
2025-09-12 10:00:00,-0.00166,2.44,11.9,4.0
2025-09-12 11:00:00,-0.00511,0.94,43.7,4.0
2025-09-12 12:00:00,-0.00866,0.94,74.8,4.0
2025-09-12 13:00:00,-0.00619,0.94,114.0,4.0
2025-09-12 14:00:00,-0.004,0.86,130.0,4.0
2025-09-12 15:00:00,-1e-05,0.86,125.0,4.0
2025-09-12 16:00:00,0.05769,0.86,101.0,4.0
2025-09-12 17:00:00,0.1087099999999999,1.32,82.8,3.963883544921878
2025-09-12 18:00:00,0.15536,1.32,79.1,3.9453276367187526
2025-09-12 19:00:00,0.15224,1.32,32.1,3.848424560546878
2025-09-12 20:00:00,0.1139599999999999,4.98,26.1,3.782726318359378
2025-09-12 21:00:00,0.10285,4.98,10.1,3.687288085937503
2025-09-12 22:00:00,0.09666,4.98,400.0,3.629994384765628
2025-09-12 23:00:00,0.08589,6.24,0.0,3.597628662109378
2025-09-13 00:00:00,0.07275,6.24,0.0,3.591527587890628
2025-09-13 01:00:00,0.07245,6.24,0.0,3.574260742187503
2025-09-13 02:00:00,0.07245,2.78,0.0,3.5398735351562527
2025-09-13 03:00:00,0.06979,2.78,0.0,3.512601806640628
2025-09-13 04:00:00,0.07275,2.78,0.0,3.4908745117187525
2025-09-13 05:00:00,0.07471,4.04,0.0,3.5096977539062526
2025-09-13 06:00:00,0.07411,4.04,0.0,3.634883300781246
2025-09-13 07:00:00,0.07245,4.04,0.0,3.781429931640628
2025-09-13 08:00:00,0.05385,3.12,0.0,3.9207438964843777
2025-09-13 09:00:00,0.0143,3.12,400.0,4.0
2025-09-13 10:00:00,0.00237,3.12,7.48,4.0
2025-09-13 11:00:00,0.0,0.0,22.6,4.0
2025-09-13 12:00:00,-1e-05,0.0,60.9,4.0
2025-09-13 13:00:00,-1e-05,0.0,74.8,4.0
2025-09-13 14:00:00,-1e-05,0.3,123.0,4.0
2025-09-13 15:00:00,0.0038799999999999,0.3,142.0,4.0
2025-09-13 16:00:00,0.07411,0.3,107.0,4.0
2025-09-13 17:00:00,0.1080999999999999,2.33,79.9,3.927346679687503
2025-09-13 18:00:00,0.1219,2.33,80.8,3.760610839843753
2025-09-13 19:00:00,0.11877,2.33,41.0,3.719847900390628
2025-09-13 20:00:00,0.11117,8.68,13.4,3.651465332031246
2025-09-13 21:00:00,0.1,8.68,700.0,3.591472656250003
2025-09-13 22:00:00,0.08718,8.68,0.0,3.5469853515625025
2025-09-13 23:00:00,0.08569,9.77,0.0,3.512557861328128
2025-09-14 00:00:00,0.07757,9.77,0.0,3.490065185546878
2025-09-14 01:00:00,0.08061,9.77,0.0,3.450627929687503
2025-09-14 02:00:00,0.08593,5.86,0.0,3.435909912109377
2025-09-14 03:00:00,0.0937699999999999,5.86,0.0,3.405529052734378
2025-09-14 04:00:00,0.0998199999999999,5.86,0.0,3.3946708984375027
2025-09-14 05:00:00,0.10075,6.18,0.0,3.4294169921875026
2025-09-14 06:00:00,0.10536,6.18,0.0,3.593907958984378
2025-09-14 07:00:00,0.10848,6.18,0.0,3.734104492187503
2025-09-14 08:00:00,0.08778,2.71,0.0,3.9233220214843776
2025-09-14 09:00:00,0.06168,2.71,2.5,4.0
2025-09-14 10:00:00,0.01758,2.71,11.7,4.0
2025-09-14 11:00:00,0.00652,0.76,46.8,4.0
2025-09-14 12:00:00,0.0,0.76,88.6,4.0
2025-09-14 13:00:00,-1e-05,0.76,108.0,4.0
2025-09-14 14:00:00,0.0,0.92,142.0,4.0
2025-09-14 15:00:00,0.01933,0.92,151.0,4.0
2025-09-14 16:00:00,0.0982,0.92,156.0,4.0
2025-09-14 17:00:00,0.12434,0.6,130.0,4.0
2025-09-14 18:00:00,0.1532899999999999,0.6,94.8,3.954296142578128
2025-09-14 19:00:00,0.12601,0.6,57.9,3.871997558593753
2025-09-14 20:00:00,0.09737,2.8,8.25,3.8294365234375034
2025-09-14 21:00:00,0.0770199999999999,2.8,875.0,3.7737321777343777
2025-09-14 22:00:00,0.01427,2.8,0.0,3.7037749023437527
2025-09-14 23:00:00,0.02,0.51,0.0,3.6591813964843776
2025-09-15 00:00:00,0.00387,0.51,0.0,3.631096679687503
2025-09-15 01:00:00,0.00139,0.51,0.0,3.5731071777343777
2025-09-15 02:00:00,1e-05,0.0,0.0,3.514114257812502
2025-09-15 03:00:00,0.0,0.0,0.0,3.4758891601562527
2025-09-15 04:00:00,0.0009,0.0,0.0,3.4416813964843778
2025-09-15 05:00:00,0.02027,1.24,0.0,3.4503239746093777
2025-09-15 06:00:00,0.05431,1.24,0.0,3.6472868652343777
2025-09-15 07:00:00,0.0404,1.24,0.0,3.8098515625000022
2025-09-15 08:00:00,0.0009,1.6,0.0,4.0
2025-09-15 09:00:00,-0.00047,1.6,800.0,4.0
2025-09-15 10:00:00,-0.00261,1.6,10.1,4.0
2025-09-15 11:00:00,-0.008,0.62,44.4,4.0
2025-09-15 12:00:00,-0.01427,0.62,72.9,4.0
2025-09-15 13:00:00,-0.0136999999999999,0.62,87.8,4.0
2025-09-15 14:00:00,-0.0089,0.0,86.8,4.0
2025-09-15 15:00:00,-0.00524,0.0,108.0,4.0
2025-09-15 16:00:00,-0.00053,0.0,74.1,4.0
2025-09-15 17:00:00,0.01401,3.57,120.0,4.0
2025-09-15 18:00:00,0.05393,3.57,122.0,4.0
2025-09-15 19:00:00,0.0473699999999999,3.57,37.1,3.9309978027343777
2025-09-15 20:00:00,0.00533,4.15,25.6,3.8211345214843777
2025-09-15 21:00:00,0.00291,4.15,5.07,3.767664062500003
2025-09-15 22:00:00,6e-05,4.15,0.0,3.697875244140628
2025-09-15 23:00:00,-1e-05,3.95,0.0,3.5452934570312458
2025-09-16 00:00:00,-8.999999999999999e-05,3.95,0.0,3.4661662597656275
2025-09-16 01:00:00,-0.00023,3.95,0.0,3.3926091308593778
2025-09-16 02:00:00,-0.00105,3.88,0.0,3.348129150390628
2025-09-16 03:00:00,-0.00133,3.88,0.0,3.3165361328125025
2025-09-16 04:00:00,-1e-05,3.88,0.0,3.304447509765628
2025-09-16 05:00:00,0.00232,4.82,0.0,3.391953613281246
2025-09-16 06:00:00,0.01621,4.82,0.0,3.7452519531250026
2025-09-16 07:00:00,0.00381,4.82,0.0,3.9824284667968777
2025-09-16 08:00:00,-0.00101,2.69,0.0,4.0
2025-09-16 09:00:00,-0.00511,2.69,1.65,4.0
2025-09-16 10:00:00,-0.01038,2.69,10.9,4.0
2025-09-16 11:00:00,-0.02005,0.64,25.8,4.0
2025-09-16 12:00:00,-0.01803,0.64,45.0,4.0
2025-09-16 13:00:00,-0.01117,0.64,67.3,4.0
2025-09-16 14:00:00,-0.00999,1.23,111.0,4.0
2025-09-16 15:00:00,-0.00324,1.23,120.0,4.0
2025-09-16 16:00:00,0.0,1.23,113.0,4.0
2025-09-16 17:00:00,0.07264,0.82,73.1,4.0
2025-09-16 18:00:00,0.10333,0.82,98.3,4.0
2025-09-16 19:00:00,0.11297,0.82,39.6,4.0
2025-09-16 20:00:00,0.09297,5.29,12.9,4.0
2025-09-16 21:00:00,0.08055,5.29,4.45,4.0
2025-09-16 22:00:00,0.06544,5.29,0.0,4.0
2025-09-16 23:00:00,0.0708,5.67,0.0,4.0
2025-09-17 00:00:00,0.06347,5.67,0.0,4.0
2025-09-17 01:00:00,0.05095,5.67,0.0,4.0
2025-09-17 02:00:00,0.04853,6.25,0.0,4.0
2025-09-17 03:00:00,0.06001,6.25,0.0,4.0
2025-09-17 04:00:00,0.07382,6.25,0.0,4.0
2025-09-17 05:00:00,0.09885,4.54,0.0,4.0
2025-09-17 06:00:00,0.11734,4.54,0.0,4.0
2025-09-17 07:00:00,0.1127399999999999,4.54,0.0,4.0
2025-09-17 08:00:00,0.09514,2.41,0.0,4.0
2025-09-17 09:00:00,0.06914,2.41,1.6,4.0
2025-09-17 10:00:00,0.04138,2.41,16.5,4.0
2025-09-17 11:00:00,0.0105,0.85,16.9,4.0
2025-09-17 12:00:00,0.00788,0.85,23.6,4.0
2025-09-17 13:00:00,0.01059,0.85,57.0,4.0
2025-09-17 14:00:00,0.04309,0.7,77.5,4.0
2025-09-17 15:00:00,0.08117,0.7,68.9,4.0
2025-09-17 16:00:00,0.11,0.7,58.2,4.0
2025-09-17 17:00:00,0.12331,0.52,52.8,4.0
2025-09-17 18:00:00,0.14258,0.52,27.8,4.0
2025-09-17 19:00:00,0.1235199999999999,0.52,22.3,4.0
2025-09-17 20:00:00,0.0942,0.48,11.6,4.0
2025-09-17 21:00:00,0.0861,0.48,2.83,4.0
2025-09-17 22:00:00,0.07307,0.48,0.0,4.0
2025-09-17 23:00:00,0.05312,1.12,0.0,4.0
2025-09-18 00:00:00,0.04829,1.12,0.0,4.0
2025-09-18 01:00:00,0.03847,1.12,0.0,4.0
2025-09-18 02:00:00,0.03796,3.09,0.0,4.0
2025-09-18 03:00:00,0.0481199999999999,3.09,0.0,4.0
2025-09-18 04:00:00,0.07415,3.09,0.0,4.0
2025-09-18 05:00:00,0.10581,3.34,0.0,4.0
2025-09-18 06:00:00,0.11721,3.34,0.0,4.0
2025-09-18 07:00:00,0.11128,3.34,0.0,4.0
2025-09-18 08:00:00,0.0907999999999999,0.87,0.0,4.0
2025-09-18 09:00:00,0.0650999999999999,0.87,700.0,4.0
2025-09-18 10:00:00,0.0058899999999999,0.87,5.07,4.0
2025-09-18 11:00:00,0.0002,0.26,16.0,4.0
2025-09-18 12:00:00,0.0,0.26,31.8,4.0
2025-09-18 13:00:00,0.0,0.26,46.0,4.0
2025-09-18 14:00:00,0.00052,0.28,65.9,4.0
2025-09-18 15:00:00,0.01531,0.28,95.4,4.0
2025-09-18 16:00:00,0.08979,0.28,136.0,4.0
2025-09-18 17:00:00,0.11545,0.55,135.0,4.0
2025-09-18 18:00:00,0.13423,0.55,118.0,4.0
2025-09-18 19:00:00,0.12868,0.55,82.1,4.0
2025-09-18 20:00:00,0.11,1.92,40.8,4.0
2025-09-18 21:00:00,0.09894,1.92,5.6,4.0
2025-09-18 22:00:00,0.0882,1.92,0.0,4.0
2025-09-18 23:00:00,0.07409,2.83,0.0,4.0
2025-09-19 00:00:00,0.0724699999999999,2.83,0.0,4.0
2025-09-19 01:00:00,0.07345,2.83,0.0,4.0
2025-09-19 02:00:00,0.0737,3.84,0.0,4.0
2025-09-19 03:00:00,0.07402,3.84,0.0,4.0
2025-09-19 04:00:00,0.08959,3.84,0.0,4.0
2025-09-19 05:00:00,0.11892,3.93,0.0,4.0
2025-09-19 06:00:00,0.14342,3.93,0.0,4.0
2025-09-19 07:00:00,0.11829,3.93,0.0,4.0
2025-09-19 08:00:00,0.09518,2.39,0.0,4.0
2025-09-19 09:00:00,0.0537,2.39,1.55,4.0
2025-09-19 10:00:00,0.01303,2.39,10.1,4.0
2025-09-19 11:00:00,0.00099,0.67,41.5,4.0
2025-09-19 12:00:00,0.0,0.67,81.9,4.0
2025-09-19 13:00:00,0.0,0.67,115.0,4.0
2025-09-19 14:00:00,0.01197,0.58,134.0,4.0
2025-09-19 15:00:00,0.07446,0.58,132.0,4.0
2025-09-19 16:00:00,0.11944,0.58,135.0,4.0
2025-09-19 17:00:00,0.25521,0.79,134.0,4.0
2025-09-19 18:00:00,0.40924,0.79,114.0,4.0
2025-09-19 19:00:00,0.16759,0.79,84.3,4.0
2025-09-19 20:00:00,0.1118199999999999,0.11,41.1,4.0
2025-09-19 21:00:00,0.08604,0.11,5.05,4.0
2025-09-19 22:00:00,0.07893,0.11,0.0,4.0
2025-09-19 23:00:00,0.08724,0.67,0.0,4.0
2025-09-20 00:00:00,0.07791,0.67,0.0,4.0
2025-09-20 01:00:00,0.07499,0.67,0.0,4.0
2025-09-20 02:00:00,0.0747999999999999,3.63,0.0,4.0
2025-09-20 03:00:00,0.07479,3.63,0.0,4.0
2025-09-20 04:00:00,0.0802099999999999,3.63,0.0,4.0
2025-09-20 05:00:00,0.08851,2.5,0.0,4.0
2025-09-20 06:00:00,0.08697,2.5,0.0,4.0
2025-09-20 07:00:00,0.07529,2.5,0.0,4.0
2025-09-20 08:00:00,0.0249,0.28,0.0,4.0
2025-09-20 09:00:00,0.00302,0.28,2.85,4.0
2025-09-20 10:00:00,-0.00028,0.28,11.0,4.0
2025-09-20 11:00:00,-0.0060999999999999,0.36,24.9,4.0
2025-09-20 12:00:00,-0.01086,0.36,56.9,4.0
2025-09-20 13:00:00,-0.0050999999999999,0.36,44.2,4.0
2025-09-20 14:00:00,-4e-05,0.28,82.0,4.0
2025-09-20 15:00:00,0.0263599999999999,0.28,93.1,4.0
2025-09-20 16:00:00,0.09384,0.28,62.3,4.0
2025-09-20 17:00:00,0.12458,0.34,37.8,4.0
2025-09-20 18:00:00,0.1341,0.34,23.9,4.0
2025-09-20 19:00:00,0.09908,0.34,15.5,4.0
2025-09-20 20:00:00,0.08195,0.26,4.8,4.0
2025-09-20 21:00:00,0.0745,0.26,700.0,4.0
2025-09-20 22:00:00,0.0482999999999999,0.26,0.0,4.0
2025-09-20 23:00:00,0.00807,0.09,0.0,4.0
2025-09-21 00:00:00,0.0037,0.09,0.0,4.0
2025-09-21 01:00:00,0.00346,0.09,0.0,4.0
2025-09-21 02:00:00,0.00165,0.18,0.0,4.0
2025-09-21 03:00:00,0.00208,0.18,0.0,4.0
2025-09-21 04:00:00,0.00323,0.18,0.0,4.0
2025-09-21 05:00:00,0.00441,3.74,0.0,4.0
2025-09-21 06:00:00,0.00523,3.74,0.0,4.0
2025-09-21 07:00:00,0.0030099999999999,3.74,0.0,4.0
2025-09-21 08:00:00,0.00131,3.65,0.0,4.0
2025-09-21 09:00:00,0.0,3.65,200.0,4.0
2025-09-21 10:00:00,-8.999999999999999e-05,3.65,1.45,4.0
2025-09-21 11:00:00,-0.0012,2.43,11.2,4.0
2025-09-21 12:00:00,-0.00202,2.43,31.3,4.0
2025-09-21 13:00:00,-0.00131,2.43,35.0,4.0
2025-09-21 14:00:00,-1e-05,3.21,59.1,4.0
2025-09-21 15:00:00,0.00947,3.21,50.3,4.0
2025-09-21 16:00:00,0.08518,3.21,43.5,4.0
2025-09-21 17:00:00,0.1139599999999999,4.55,21.5,4.0
2025-09-21 18:00:00,0.12057,4.55,28.8,4.0
2025-09-21 19:00:00,0.11884,4.55,19.6,4.0
2025-09-21 20:00:00,0.10468,6.48,6.18,4.0
2025-09-21 21:00:00,0.0963499999999999,6.48,1.83,4.0
2025-09-21 22:00:00,0.09168,6.48,0.0,4.0
2025-09-21 23:00:00,0.08733,6.09,0.0,4.0
2025-09-22 00:00:00,0.0835699999999999,6.09,0.0,4.0
2025-09-22 01:00:00,0.0792099999999999,6.09,0.0,4.0
2025-09-22 02:00:00,0.0792099999999999,10.46,0.0,4.0
2025-09-22 03:00:00,0.0803499999999999,10.46,0.0,4.0
2025-09-22 04:00:00,0.09359,10.46,0.0,3.998051025390628
2025-09-22 05:00:00,0.11869,9.19,0.0,4.0
2025-09-22 06:00:00,0.13,9.19,0.0,4.0
2025-09-22 07:00:00,0.13,9.19,0.0,4.0
2025-09-22 08:00:00,0.10857,3.88,0.0,4.0
2025-09-22 09:00:00,0.09182,3.88,500.0,4.0
2025-09-22 10:00:00,0.07786,3.88,7.9,4.0
2025-09-22 11:00:00,0.07404,0.34,29.9,4.0
2025-09-22 12:00:00,0.07117,0.34,49.8,4.0
2025-09-22 13:00:00,0.07023,0.34,112.0,4.0
2025-09-22 14:00:00,0.07839,1.54,126.0,4.0
2025-09-22 15:00:00,0.08479,1.54,114.0,4.0
2025-09-22 16:00:00,0.10013,1.54,52.3,4.0
2025-09-22 17:00:00,0.12808,4.42,31.3,4.0
2025-09-22 18:00:00,0.14092,4.42,46.8,4.0
2025-09-22 19:00:00,0.13,4.42,17.2,4.0
2025-09-22 20:00:00,0.11424,6.1,8.48,4.0
2025-09-22 21:00:00,0.09772,6.1,1.97,4.0
2025-09-22 22:00:00,0.08999,6.1,0.0,4.0
2025-09-22 23:00:00,0.0886,8.04,0.0,4.0
2025-09-23 00:00:00,0.09,8.04,0.0,4.0
2025-09-23 01:00:00,0.08973,8.04,0.0,4.0
2025-09-23 02:00:00,0.08993,6.0,0.0,3.951670410156253
2025-09-23 03:00:00,0.09134,6.0,0.0,3.923153564453128
2025-09-23 04:00:00,0.09811,6.0,0.0,3.914510986328128
2025-09-23 05:00:00,0.12201,28.88,0.0,3.920212890625003
2025-09-23 06:00:00,0.17236,28.88,0.0,4.0
2025-09-23 07:00:00,0.1628,28.88,0.0,4.0
2025-09-23 08:00:00,0.12576,171.24,0.0,4.0
2025-09-23 09:00:00,0.09392,171.24,1.15,4.0
2025-09-23 10:00:00,0.08551,171.24,9.32,4.0
2025-09-23 11:00:00,0.07754,73.86,41.8,4.0
2025-09-23 12:00:00,0.07424,73.86,71.0,4.0
2025-09-23 13:00:00,0.07425,73.86,116.0,4.0
2025-09-23 14:00:00,0.08411,44.05,113.0,4.0
2025-09-23 15:00:00,0.08576,44.05,103.0,4.0
2025-09-23 16:00:00,0.1029,44.05,80.7,4.0
2025-09-23 17:00:00,0.13683,48.35,107.0,4.0
2025-09-23 18:00:00,0.14958,48.35,43.0,4.0
2025-09-23 19:00:00,0.11581,48.35,27.6,4.0
2025-09-23 20:00:00,0.094,84.42,14.2,4.0
2025-09-23 21:00:00,0.08491,84.42,1.97,4.0
2025-09-23 22:00:00,0.0841,84.42,0.0,4.0
2025-09-23 23:00:00,0.08267,109.25,0.0,4.0
2025-09-24 00:00:00,0.0823199999999999,109.25,0.0,4.0
2025-09-24 01:00:00,0.08161,109.25,0.0,4.0
2025-09-24 02:00:00,0.07795,135.53,0.0,4.0
2025-09-24 03:00:00,0.07859,135.53,0.0,4.0
2025-09-24 04:00:00,0.08267,135.53,0.0,4.0
2025-09-24 05:00:00,0.10976,181.7,0.0,4.0
2025-09-24 06:00:00,0.11801,181.7,0.0,4.0
2025-09-24 07:00:00,0.12045,181.7,0.0,4.0
2025-09-24 08:00:00,0.107,199.55,0.0,4.0
2025-09-24 09:00:00,0.08554,199.55,1.1,4.0
2025-09-24 10:00:00,0.07009,199.55,8.45,4.0
2025-09-24 11:00:00,0.0271,140.5,24.3,4.0
2025-09-24 12:00:00,0.01066,140.5,35.0,4.0
2025-09-24 13:00:00,0.0099,140.5,44.2,4.0
2025-09-24 14:00:00,0.015,80.18,65.8,4.0
2025-09-24 15:00:00,0.0660999999999999,80.18,60.9,4.0
2025-09-24 16:00:00,0.08569,80.18,58.6,4.0
2025-09-24 17:00:00,0.11308,71.03,42.2,4.0
2025-09-24 18:00:00,0.11593,71.03,30.1,4.0
2025-09-24 19:00:00,0.11395,71.03,21.7,4.0
2025-09-24 20:00:00,0.09129,92.26,10.4,4.0
2025-09-24 21:00:00,0.0855,92.26,1.4,4.0
2025-09-24 22:00:00,0.06968,92.26,0.0,4.0
2025-09-24 23:00:00,0.0733,108.74,0.0,4.0
2025-09-25 00:00:00,0.06969,108.74,0.0,4.0
2025-09-25 01:00:00,0.06781,108.74,0.0,4.0
2025-09-25 02:00:00,0.06809,126.46,0.0,4.0
2025-09-25 03:00:00,0.07169,126.46,0.0,4.0
2025-09-25 04:00:00,0.07733,126.46,0.0,4.0
2025-09-25 05:00:00,0.10855,199.25,0.0,4.0
2025-09-25 06:00:00,0.12426,199.25,0.0,4.0
2025-09-25 07:00:00,0.1249899999999999,199.25,0.0,4.0
2025-09-25 08:00:00,0.10488,249.58,0.0,4.0
2025-09-25 09:00:00,0.07795,249.58,0.0,4.0
2025-09-25 10:00:00,0.06924,249.58,3.0,4.0
2025-09-25 11:00:00,0.03818,230.24,9.48,4.0
2025-09-25 12:00:00,0.01603,230.24,13.7,4.0
2025-09-25 13:00:00,0.0201,230.24,13.3,4.0
2025-09-25 14:00:00,0.04366,208.31,15.4,4.0
2025-09-25 15:00:00,0.075,208.31,14.5,4.0
2025-09-25 16:00:00,0.08879,208.31,9.53,4.0
2025-09-25 17:00:00,0.11704,178.52,5.58,4.0
2025-09-25 18:00:00,0.12147,178.52,8.35,4.0
2025-09-25 19:00:00,0.12375,178.52,7.07,4.0
2025-09-25 20:00:00,0.10583,166.38,2.1,4.0
2025-09-25 21:00:00,0.09477,166.38,100.0,4.0
2025-09-25 22:00:00,0.08109,166.38,0.0,4.0
2025-09-25 23:00:00,0.07848,176.07,0.0,4.0
2025-09-26 00:00:00,0.075,176.07,0.0,4.0
2025-09-26 01:00:00,0.07317,176.07,0.0,4.0
2025-09-26 02:00:00,0.07318,171.52,0.0,4.0
2025-09-26 03:00:00,0.07493,171.52,0.0,4.0
2025-09-26 04:00:00,0.082,171.52,0.0,4.0
2025-09-26 05:00:00,0.1077399999999999,218.05,0.0,4.0
2025-09-26 06:00:00,0.1203299999999999,218.05,0.0,4.0
2025-09-26 07:00:00,0.12356,218.05,0.0,4.0
2025-09-26 08:00:00,0.11041,216.25,0.0,4.0
2025-09-26 09:00:00,0.08984,216.25,800.0,4.0
2025-09-26 10:00:00,0.08536,216.25,6.4,4.0
2025-09-26 11:00:00,0.0789599999999999,147.4,23.5,4.0
2025-09-26 12:00:00,0.07316,147.4,46.8,4.0
2025-09-26 13:00:00,0.0750499999999999,147.4,39.7,4.0
2025-09-26 14:00:00,0.0799899999999999,67.97,55.3,4.0
2025-09-26 15:00:00,0.09881,67.97,51.5,4.0
2025-09-26 16:00:00,0.1098,67.97,106.0,4.0
2025-09-26 17:00:00,0.12365,57.26,130.0,4.0
2025-09-26 18:00:00,0.13302,57.26,98.9,4.0
2025-09-26 19:00:00,0.11961,57.26,69.2,4.0
2025-09-26 20:00:00,0.10621,89.35,25.2,4.0
2025-09-26 21:00:00,0.0969,89.35,3.07,4.0
2025-09-26 22:00:00,0.0899,89.35,0.0,4.0
2025-09-26 23:00:00,0.08499,104.94,0.0,4.0
2025-09-27 00:00:00,0.08326,104.94,0.0,4.0
2025-09-27 01:00:00,0.0827,104.94,0.0,4.0
2025-09-27 02:00:00,0.08251,108.11,0.0,4.0
2025-09-27 03:00:00,0.08528,108.11,0.0,4.0
2025-09-27 04:00:00,0.0891899999999999,108.11,0.0,4.0
2025-09-27 05:00:00,0.09057,116.68,0.0,4.0
2025-09-27 06:00:00,0.10545,116.68,0.0,4.0
2025-09-27 07:00:00,0.1097099999999999,116.68,0.0,4.0
2025-09-27 08:00:00,0.09692,102.18,0.0,4.0
2025-09-27 09:00:00,0.08786,102.18,0.0,4.0
2025-09-27 10:00:00,0.075,102.18,3.68,4.0
2025-09-27 11:00:00,0.05977,54.82,17.1,4.0
2025-09-27 12:00:00,0.0361099999999999,54.82,61.2,4.0
2025-09-27 13:00:00,0.04854,54.82,114.0,4.0
2025-09-27 14:00:00,0.07822,33.04,106.0,4.0
2025-09-27 15:00:00,0.0930999999999999,33.04,30.7,4.0
2025-09-27 16:00:00,0.11201,33.04,103.0,4.0
2025-09-27 17:00:00,0.13335,41.05,72.2,4.0
2025-09-27 18:00:00,0.14861,41.05,118.0,4.0
2025-09-27 19:00:00,0.12253,41.05,50.8,4.0
2025-09-27 20:00:00,0.1144,108.78,27.7,4.0
2025-09-27 21:00:00,0.10756,108.78,1.57,4.0
2025-09-27 22:00:00,0.09954,108.78,0.0,4.0
2025-09-27 23:00:00,0.09756,144.92,0.0,4.0
2025-09-28 00:00:00,0.09531,144.92,0.0,4.0
2025-09-28 01:00:00,0.0943199999999999,144.92,0.0,4.0
2025-09-28 02:00:00,0.09147,174.72,0.0,4.0
2025-09-28 03:00:00,0.09777,174.72,0.0,4.0
2025-09-28 04:00:00,0.09758,174.72,0.0,3.977004882812503
2025-09-28 05:00:00,0.10091,203.0,0.0,3.9642790527343776
2025-09-28 06:00:00,0.10579,203.0,0.0,4.0
2025-09-28 07:00:00,0.09877,203.0,0.0,4.0
2025-09-28 08:00:00,0.09504,158.44,0.0,4.0
2025-09-28 09:00:00,0.08208,158.44,700.0,4.0
2025-09-28 10:00:00,0.0374699999999999,158.44,7.48,4.0
2025-09-28 11:00:00,0.01711,51.65,36.4,4.0
2025-09-28 12:00:00,0.00853,51.65,76.6,4.0
2025-09-28 13:00:00,0.013,51.65,112.0,4.0
2025-09-28 14:00:00,0.0613299999999999,24.96,136.0,4.0
2025-09-28 15:00:00,0.086,24.96,131.0,4.0
2025-09-28 16:00:00,0.10589,24.96,144.0,4.0
2025-09-28 17:00:00,0.13102,38.26,125.0,3.9295476074218776
2025-09-28 18:00:00,0.13797,38.26,92.3,3.911350585937503
2025-09-28 19:00:00,0.12593,38.26,49.2,3.904886962890628
2025-09-28 20:00:00,0.11351,82.74,10.6,3.882526123046878
2025-09-28 21:00:00,0.10229,82.74,1.7,3.820867187500003
2025-09-28 22:00:00,0.0957399999999999,82.74,0.0,3.775936767578128
2025-09-28 23:00:00,0.09095,110.89,0.0,3.713373291015628
2025-09-29 00:00:00,0.08876,110.89,0.0,3.6860356445312457
2025-09-29 01:00:00,0.08788,110.89,0.0,3.6819047851562527
2025-09-29 02:00:00,0.08794,111.4,0.0,3.6508793945312457
2025-09-29 03:00:00,0.08831,111.4,0.0,3.6249626464843776
2025-09-29 04:00:00,0.09837,111.4,0.0,3.5918864746093777
2025-09-29 05:00:00,0.13498,153.74,0.0,3.5811052246093777
2025-09-29 06:00:00,0.2221,153.74,0.0,3.622838623046878
2025-09-29 07:00:00,0.16691,153.74,0.0,3.704965087890628
2025-09-29 08:00:00,0.12206,161.47,0.0,3.834574462890628
2025-09-29 09:00:00,0.09021,161.47,200.0,3.9498686523437527
2025-09-29 10:00:00,0.08495,161.47,5.18,4.0
2025-09-29 11:00:00,0.0787099999999999,78.83,13.1,4.0
2025-09-29 12:00:00,0.07708,78.83,21.9,4.0
2025-09-29 13:00:00,0.08333,78.83,33.3,4.0
2025-09-29 14:00:00,0.0874,16.57,52.1,4.0
2025-09-29 15:00:00,0.09998,16.57,105.0,3.977052490234378
2025-09-29 16:00:00,0.14079,16.57,112.0,3.893450195312503
2025-09-29 17:00:00,0.30265,30.42,90.1,3.826008789062503
2025-09-29 18:00:00,0.40678,30.42,103.0,3.765521728515628
2025-09-29 19:00:00,0.1676,30.42,20.5,3.7191411132812457
2025-09-29 20:00:00,0.1238499999999999,59.15,5.48,3.648260986328128
2025-09-29 21:00:00,0.1083,59.15,700.0,3.604652587890628
2025-09-29 22:00:00,0.09368,59.15,0.0,3.5571367187500025
2025-09-29 23:00:00,0.1011,93.74,0.0,3.5047685546875025
2025-09-30 00:00:00,0.09843,93.74,0.0,3.4401616210937527
2025-09-30 01:00:00,0.09893,93.74,0.0,3.354109375000003
2025-09-30 02:00:00,0.0949899999999999,113.32,0.0,3.2612822265625026
2025-09-30 03:00:00,0.09912,113.32,0.0,3.1783134765625025
2025-09-30 04:00:00,0.11208,113.32,0.0,3.0978093261718778
2025-09-30 05:00:00,0.14186,153.73,0.0,3.1172661132812456
2025-09-30 06:00:00,0.244,153.73,0.0,3.285228759765628
2025-09-30 07:00:00,0.20923,153.73,0.0,3.593168212890628
2025-09-30 08:00:00,0.14185,161.5,0.0,3.8264812011718776
2025-09-30 09:00:00,0.1152,161.5,400.0,3.9999626464843776
2025-09-30 10:00:00,0.09672,161.5,5.58,4.0
2025-09-30 11:00:00,0.08791,78.24,20.3,4.0
2025-09-30 12:00:00,0.08604,78.24,42.2,4.0
2025-09-30 13:00:00,0.08726,78.24,61.0,4.0
2025-09-30 14:00:00,0.0968,32.45,104.0,4.0
2025-09-30 15:00:00,0.10403,32.45,62.7,4.0
2025-09-30 16:00:00,0.14264,32.45,116.0,4.0
2025-09-30 17:00:00,0.29454,61.06,118.0,3.948850585937503
2025-09-30 18:00:00,0.35777,61.06,95.0,3.7945769042968776
2025-09-30 19:00:00,0.14728,61.06,67.1,3.742966796875003
2025-09-30 20:00:00,0.11604,116.5,16.7,3.712098876953128
2025-09-30 21:00:00,0.10163,116.5,1.95,3.694916259765628
2025-09-30 22:00:00,0.09254,116.5,0.0,3.6829008789062527
2025-09-30 23:00:00,0.09157,154.01,0.0,3.6703471679687527
2025-10-01 00:00:00,0.08629,154.01,0.0,3.6526225585937526
2025-10-01 01:00:00,0.08487,154.01,0.0,3.634473144531246
2025-10-01 02:00:00,0.0883299999999999,193.84,0.0,3.604747802734378
2025-10-01 03:00:00,0.08766,193.84,0.0,3.579200927734377
2025-10-01 04:00:00,0.09533,193.84,0.0,3.569185058593753
2025-10-01 05:00:00,0.1249599999999999,232.71,0.0,3.623772460937503
2025-10-01 06:00:00,0.1733,232.71,0.0,3.7203056640625034
2025-10-01 07:00:00,0.13909,232.71,0.0,3.890787841796878
2025-10-01 08:00:00,0.10525,258.22,0.0,4.0
2025-10-01 09:00:00,0.08604,258.22,0.0,4.0
2025-10-01 10:00:00,0.07057,258.22,3.55,4.0
2025-10-01 11:00:00,0.06603,116.25,15.1,4.0
2025-10-01 12:00:00,0.0684,116.25,59.5,4.0
2025-10-01 13:00:00,0.07263,116.25,109.0,4.0
2025-10-01 14:00:00,0.08172,49.06,133.0,4.0
2025-10-01 15:00:00,0.09287,49.06,144.0,4.0
2025-10-01 16:00:00,0.1354,49.06,140.0,4.0
2025-10-01 17:00:00,0.25324,61.17,131.0,4.0
2025-10-01 18:00:00,0.33999,61.17,105.0,4.0
2025-10-01 19:00:00,0.15202,61.17,61.8,4.0
2025-10-01 20:00:00,0.11304,119.7,20.0,4.0
2025-10-01 21:00:00,0.09851,119.7,1.5,4.0
2025-10-01 22:00:00,0.09065,119.7,0.0,4.0
2025-10-01 23:00:00,0.0907999999999999,144.53,0.0,4.0
2025-10-02 00:00:00,0.088,144.53,0.0,4.0
2025-10-02 01:00:00,0.08652,144.53,0.0,4.0
2025-10-02 02:00:00,0.08856,170.34,0.0,4.0
2025-10-02 03:00:00,0.09081,170.34,0.0,4.0
2025-10-02 04:00:00,0.09597,170.34,0.0,4.0
2025-10-02 05:00:00,0.12872,249.4,0.0,4.0
2025-10-02 06:00:00,0.18109,249.4,0.0,4.0
2025-10-02 07:00:00,0.13668,249.4,0.0,4.0
2025-10-02 08:00:00,0.10051,248.47,0.0,4.0
2025-10-02 09:00:00,0.09148,248.47,400.0,4.0
2025-10-02 10:00:00,0.07829,248.47,5.43,4.0
2025-10-02 11:00:00,0.06577,101.12,35.3,4.0
2025-10-02 12:00:00,0.0605,101.12,76.3,4.0
2025-10-02 13:00:00,0.07129,101.12,106.0,4.0
2025-10-02 14:00:00,0.08066,42.13,113.0,4.0
2025-10-02 15:00:00,0.09145,42.13,142.0,4.0
2025-10-02 16:00:00,0.1133199999999999,42.13,131.0,4.0
2025-10-02 17:00:00,0.16793,59.17,87.3,4.0
2025-10-02 18:00:00,0.17684,59.17,99.9,4.0
2025-10-02 19:00:00,0.10992,59.17,71.4,3.8992985839843777
2025-10-02 20:00:00,0.09085,121.88,18.1,3.8252690429687526
2025-10-02 21:00:00,0.09666,121.88,650.0,3.758376953125002
2025-10-02 22:00:00,0.08209,121.88,0.0,3.694410888671878
2025-10-02 23:00:00,0.08593,150.98,0.0,3.631741210937503
2025-10-03 00:00:00,0.07714,150.98,0.0,3.5626591796875027
2025-10-03 01:00:00,0.07175,150.98,0.0,3.5348417968750026
2025-10-03 02:00:00,0.07391,160.21,0.0,3.509496337890628
2025-10-03 03:00:00,0.07629,160.21,0.0,3.4736406250000025
2025-10-03 04:00:00,0.07798,160.21,0.0,3.465884277343753
2025-10-03 05:00:00,0.09378,158.48,0.0,3.475804931640628
2025-10-03 06:00:00,0.10042,158.48,0.0,3.566801025390628
2025-10-03 07:00:00,0.10368,158.48,0.0,3.927566406250002
2025-10-03 08:00:00,0.0839,170.04,0.0,4.0
2025-10-03 09:00:00,0.06,170.04,0.0,4.0
2025-10-03 10:00:00,0.0405,170.04,1.43,4.0
2025-10-03 11:00:00,0.02635,112.75,21.1,4.0
2025-10-03 12:00:00,0.0165,112.75,35.2,4.0
2025-10-03 13:00:00,0.0261999999999999,112.75,22.9,4.0
2025-10-03 14:00:00,0.04988,82.47,30.3,4.0
2025-10-03 15:00:00,0.06339,82.47,34.3,3.978392822265628
2025-10-03 16:00:00,0.0899,82.47,30.4,3.8975517578125034
2025-10-03 17:00:00,0.12076,90.66,24.8,3.8509001464843777
2025-10-03 18:00:00,0.10901,90.66,19.0,3.849189941406253
2025-10-03 19:00:00,0.07504,90.66,10.5,3.8254997558593775
2025-10-03 20:00:00,0.04344,130.17,2.78,3.7888200683593776
2025-10-03 21:00:00,0.0254,130.17,100.0,3.7459147949218776
2025-10-03 22:00:00,0.01111,130.17,0.0,3.6941655273437526
2025-10-03 23:00:00,0.00073,120.76,0.0,3.6569841308593776
2025-10-04 00:00:00,-1e-05,120.76,0.0,3.6071354980468775
2025-10-04 01:00:00,-4e-05,120.76,0.0,3.563256103515628
2025-10-04 02:00:00,-0.0001,83.34,0.0,3.5517058105468777
2025-10-04 03:00:00,-0.00113,83.34,0.0,3.505424072265628
2025-10-04 04:00:00,-0.00191,83.34,0.0,3.509492675781246
2025-10-04 05:00:00,-0.0019199999999999,37.91,0.0,3.494071533203128
2025-10-04 06:00:00,-0.00078,37.91,0.0,3.498751708984378
2025-10-04 07:00:00,-0.0003,37.91,0.0,3.596702148437503
2025-10-04 08:00:00,-0.00016,86.17,0.0,3.717449218750003
2025-10-04 09:00:00,-8.999999999999999e-05,86.17,0.0,3.864764892578128
2025-10-04 10:00:00,-0.0001,86.17,3.0,3.9393913574218775
2025-10-04 11:00:00,-8e-05,111.97,3.55,3.958917724609378
2025-10-04 12:00:00,-0.00044,111.97,7.4,3.9892839355468777
2025-10-04 13:00:00,-0.0020499999999999,111.97,21.7,3.9984978027343776
2025-10-04 14:00:00,-0.00261,85.95,10.3,3.987445556640628
2025-10-04 15:00:00,-0.0001,85.95,101.0,3.960232421875003
2025-10-04 16:00:00,-8.999999999999999e-05,85.95,145.0,3.886752197265628
2025-10-04 17:00:00,0.00111,104.97,40.2,3.812748291015628
2025-10-04 18:00:00,0.00323,104.97,23.5,3.7623942871093776
2025-10-04 19:00:00,0.00032,104.97,70.2,3.708041259765628
2025-10-04 20:00:00,-8.999999999999999e-05,144.02,17.4,3.673170654296878
2025-10-04 21:00:00,-5e-05,144.02,700.0,3.6268083496093775
2025-10-04 22:00:00,-0.00034,144.02,0.0,3.5593522949218777
2025-10-04 23:00:00,-0.00075,130.35,0.0,3.5125798339843777
2025-10-05 00:00:00,-0.0014,130.35,0.0,3.4674150390625025
2025-10-05 01:00:00,-0.00419,130.35,0.0,3.395670654296877
2025-10-05 02:00:00,-0.00438,129.0,0.0,3.340200683593753
2025-10-05 03:00:00,-0.00498,129.0,0.0,3.3210844726562527
2025-10-05 04:00:00,-0.0044599999999999,129.0,0.0,3.2560197753906275
2025-10-05 05:00:00,-0.00376,137.31,0.0,3.272015869140628
2025-10-05 06:00:00,-0.00151,137.31,0.0,3.4300102539062527
2025-10-05 07:00:00,-8.999999999999999e-05,137.31,0.0,3.645624267578128
2025-10-05 08:00:00,-0.00139,136.52,0.0,3.793998291015628
2025-10-05 09:00:00,-0.00333,136.52,0.0,3.922728759765628
2025-10-05 10:00:00,-0.00202,136.52,3.27,4.0
2025-10-05 11:00:00,-0.00342,105.68,17.7,4.0
2025-10-05 12:00:00,-0.00339,105.68,43.7,4.0
2025-10-05 13:00:00,-0.00294,105.68,84.3,4.0
2025-10-05 14:00:00,-0.00239,89.77,55.9,4.0
2025-10-05 15:00:00,-0.00069,89.77,86.4,4.0
2025-10-05 16:00:00,0.00085,89.77,78.5,3.9731523437500025
2025-10-05 17:00:00,0.0160799999999999,111.32,57.9,3.8672331542968776
2025-10-05 18:00:00,0.03505,111.32,70.7,3.744124023437503
2025-10-05 19:00:00,0.0198299999999999,111.32,32.9,3.6284050292968777
2025-10-05 20:00:00,0.00548,138.56,3.47,3.5206474609375027
2025-10-05 21:00:00,0.0052,138.56,0.0,3.5013408203125027
2025-10-05 22:00:00,0.00408,138.56,0.0,3.465082275390628
2025-10-05 23:00:00,0.02085,155.15,0.0,3.432815429687502
2025-10-06 00:00:00,0.01005,155.15,0.0,3.4057927246093778
2025-10-06 01:00:00,0.0091,155.15,0.0,3.3611149902343778
2025-10-06 02:00:00,0.01073,139.8,0.0,3.3521208496093777
2025-10-06 03:00:00,0.0168,139.8,0.0,3.323051025390628
2025-10-06 04:00:00,0.0226,139.8,0.0,3.327211181640628
2025-10-06 05:00:00,0.06859,182.48,0.0,3.332008544921877
2025-10-06 06:00:00,0.1050499999999999,182.48,0.0,3.161541015625003
2025-10-06 07:00:00,0.1217699999999999,182.48,0.0,3.5289384765625025
2025-10-06 08:00:00,0.12112,192.41,0.0,3.8133305664062527
2025-10-06 09:00:00,0.10053,192.41,0.0,3.996161376953128
2025-10-06 10:00:00,0.0892999999999999,192.41,1.65,4.0
2025-10-06 11:00:00,0.08733,144.11,7.23,4.0
2025-10-06 12:00:00,0.0846,144.11,7.85,4.0
2025-10-06 13:00:00,0.09233,144.11,23.2,4.0
2025-10-06 14:00:00,0.09455,114.6,36.5,4.0
2025-10-06 15:00:00,0.10477,114.6,26.6,4.0
2025-10-06 16:00:00,0.12029,114.6,26.3,4.0
2025-10-06 17:00:00,0.14159,94.49,17.4,3.8695585937500026
2025-10-06 18:00:00,0.16832,94.49,17.8,3.7869560546875034
2025-10-06 19:00:00,0.13368,94.49,11.8,3.7598161621093777
2025-10-06 20:00:00,0.1202,104.38,3.35,3.686412841796878
2025-10-06 21:00:00,0.11866,104.38,0.0,3.621304199218753
2025-10-06 22:00:00,0.1055,104.38,0.0,3.5435063476562525
2025-10-06 23:00:00,0.10026,105.19,0.0,3.484257080078128
2025-10-07 00:00:00,0.0939899999999999,105.19,0.0,3.4138896484375025
2025-10-07 01:00:00,0.08982,105.19,0.0,3.3637883300781275
2025-10-07 02:00:00,0.0895499999999999,98.54,0.0,3.318645507812503
2025-10-07 03:00:00,0.09298,98.54,0.0,3.297874023437503
2025-10-07 04:00:00,0.0967399999999999,98.54,0.0,3.292084228515628
2025-10-07 05:00:00,0.1348899999999999,130.21,0.0,3.2990056152343774
2025-10-07 06:00:00,0.22856,130.21,0.0,3.4175847167968776
2025-10-07 07:00:00,0.28767,130.21,0.0,3.602645751953128
2025-10-07 08:00:00,0.21218,137.06,0.0,3.800937988281246
2025-10-07 09:00:00,0.15466,137.06,0.0,3.970647460937503
2025-10-07 10:00:00,0.12991,137.06,1.47,4.0
2025-10-07 11:00:00,0.11094,113.06,4.78,4.0
2025-10-07 12:00:00,0.10618,113.06,11.0,4.0
2025-10-07 13:00:00,0.10535,113.06,17.3,4.0
2025-10-07 14:00:00,0.11316,77.08,17.6,4.0
2025-10-07 15:00:00,0.1221,77.08,17.2,4.0
2025-10-07 16:00:00,0.15184,77.08,19.3,4.0
2025-10-07 17:00:00,0.20242,58.33,11.6,4.0
2025-10-07 18:00:00,0.21328,58.33,16.2,4.0
2025-10-07 19:00:00,0.14634,58.33,12.5,4.0
2025-10-07 20:00:00,0.1232399999999999,69.38,3.18,4.0
2025-10-07 21:00:00,0.10742,69.38,0.0,4.0
2025-10-07 22:00:00,0.09748,69.38,0.0,4.0
2025-10-07 23:00:00,0.09345,79.93,0.0,4.0
2025-10-08 00:00:00,0.0884399999999999,79.93,0.0,4.0
2025-10-08 01:00:00,0.08756,79.93,0.0,4.0
2025-10-08 02:00:00,0.08698,84.54,0.0,4.0
2025-10-08 03:00:00,0.08967,84.54,0.0,4.0
2025-10-08 04:00:00,0.09739,84.54,0.0,4.0
2025-10-08 05:00:00,0.11711,116.06,0.0,4.0
2025-10-08 06:00:00,0.15558,116.06,0.0,4.0
2025-10-08 07:00:00,0.1664,116.06,0.0,4.0
2025-10-08 08:00:00,0.13518,129.22,0.0,4.0
2025-10-08 09:00:00,0.11845,129.22,0.0,4.0
2025-10-08 10:00:00,0.10333,129.22,1.4,4.0
2025-10-08 11:00:00,0.09082,112.75,7.1,4.0
2025-10-08 12:00:00,0.08934,112.75,10.7,4.0
2025-10-08 13:00:00,0.0904399999999999,112.75,12.8,4.0
2025-10-08 14:00:00,0.09943,76.84,28.7,4.0
2025-10-08 15:00:00,0.11747,76.84,37.5,4.0
2025-10-08 16:00:00,0.14948,76.84,44.7,4.0
2025-10-08 17:00:00,0.18381,62.4,38.5,4.0
2025-10-08 18:00:00,0.199,62.4,29.4,4.0
2025-10-08 19:00:00,0.1417,62.4,16.8,4.0
2025-10-08 20:00:00,0.11474,77.3,5.13,4.0
2025-10-08 21:00:00,0.1082399999999999,77.3,200.0,4.0
2025-10-08 22:00:00,0.09783,77.3,0.0,4.0
2025-10-08 23:00:00,0.09722,91.85,0.0,4.0
2025-10-09 00:00:00,0.09258,91.85,0.0,4.0
2025-10-09 01:00:00,0.09326,91.85,0.0,4.0
2025-10-09 02:00:00,0.09082,91.74,0.0,4.0
2025-10-09 03:00:00,0.0927,91.74,0.0,4.0
2025-10-09 04:00:00,0.10115,91.74,0.0,4.0
2025-10-09 05:00:00,0.12558,135.47,0.0,4.0
2025-10-09 06:00:00,0.145,135.47,0.0,4.0
2025-10-09 07:00:00,0.1499,135.47,0.0,4.0
2025-10-09 08:00:00,0.13249,161.37,0.0,4.0
2025-10-09 09:00:00,0.10969,161.37,0.0,4.0
2025-10-09 10:00:00,0.0969599999999999,161.37,2.95,4.0
2025-10-09 11:00:00,0.0910199999999999,109.89,18.2,4.0
2025-10-09 12:00:00,0.08335,109.89,28.7,4.0
2025-10-09 13:00:00,0.0832,109.89,64.6,4.0
2025-10-09 14:00:00,0.0888299999999999,75.09,91.7,4.0
2025-10-09 15:00:00,0.09208,75.09,56.4,4.0
2025-10-09 16:00:00,0.11001,75.09,79.5,4.0
2025-10-09 17:00:00,0.1229099999999999,70.27,48.2,4.0
2025-10-09 18:00:00,0.12311,70.27,15.1,4.0
2025-10-09 19:00:00,0.11236,70.27,7.43,4.0
2025-10-09 20:00:00,0.09809,90.82,2.05,4.0
2025-10-09 21:00:00,0.09683,90.82,100.0,4.0
2025-10-09 22:00:00,0.0887,90.82,0.0,4.0
2025-10-09 23:00:00,0.08801,103.3,0.0,4.0
2025-10-10 00:00:00,0.08497,103.3,0.0,4.0
2025-10-10 01:00:00,0.08009,103.3,0.0,4.0
2025-10-10 02:00:00,0.07829,110.74,0.0,4.0
2025-10-10 03:00:00,0.0792099999999999,110.74,0.0,4.0
2025-10-10 04:00:00,0.08607,110.74,0.0,4.0
2025-10-10 05:00:00,0.10264,143.4,0.0,4.0
2025-10-10 06:00:00,0.1193299999999999,143.4,0.0,4.0
2025-10-10 07:00:00,0.12261,143.4,0.0,4.0
2025-10-10 08:00:00,0.1077699999999999,152.63,0.0,4.0
2025-10-10 09:00:00,0.09301,152.63,0.0,4.0
2025-10-10 10:00:00,0.08212,152.63,3.35,4.0
2025-10-10 11:00:00,0.07753,75.98,9.48,4.0
2025-10-10 12:00:00,0.07569,75.98,23.4,4.0
2025-10-10 13:00:00,0.07726,75.98,57.7,4.0
2025-10-10 14:00:00,0.0889,48.51,126.0,4.0
2025-10-10 15:00:00,0.09786,48.51,102.0,4.0
2025-10-10 16:00:00,0.1182,48.51,67.6,4.0
2025-10-10 17:00:00,0.12061,43.57,23.7,4.0
2025-10-10 18:00:00,0.12329,43.57,12.5,4.0
2025-10-10 19:00:00,0.11539,43.57,6.05,4.0
2025-10-10 20:00:00,0.10392,60.46,1.43,4.0
2025-10-10 21:00:00,0.09774,60.46,0.0,4.0
2025-10-10 22:00:00,0.0933499999999999,60.46,0.0,4.0
2025-10-10 23:00:00,0.09297,60.6,0.0,4.0
2025-10-11 00:00:00,0.08884,60.6,0.0,4.0
2025-10-11 01:00:00,0.08739,60.6,0.0,4.0
2025-10-11 02:00:00,0.08418,72.59,0.0,4.0
2025-10-11 03:00:00,0.08203,72.59,0.0,4.0
2025-10-11 04:00:00,0.08476,72.59,0.0,3.978773681640628
2025-10-11 05:00:00,0.0902699999999999,82.17,0.0,3.956727783203128
2025-10-11 06:00:00,0.09675,82.17,0.0,4.0
2025-10-11 07:00:00,0.1004,82.17,0.0,4.0
2025-10-11 08:00:00,0.0929599999999999,81.16,0.0,4.0
2025-10-11 09:00:00,0.08243,81.16,0.0,4.0
2025-10-11 10:00:00,0.07402,81.16,400.0,4.0
2025-10-11 11:00:00,0.05542,75.19,2.63,4.0
2025-10-11 12:00:00,0.04677,75.19,8.05,4.0
2025-10-11 13:00:00,0.05103,75.19,8.1,4.0
2025-10-11 14:00:00,0.07694,63.6,20.7,4.0
2025-10-11 15:00:00,0.08365,63.6,30.0,4.0
2025-10-11 16:00:00,0.11401,63.6,27.6,3.949626953125003
2025-10-11 17:00:00,0.12644,71.5,21.3,3.9000310058593777
2025-10-11 18:00:00,0.1301699999999999,71.5,12.8,3.8570817871093777
2025-10-11 19:00:00,0.12064,71.5,5.05,3.796418945312503
2025-10-11 20:00:00,0.11254,83.18,700.0,3.707777587890628
2025-10-11 21:00:00,0.1069099999999999,83.18,0.0,3.658928710937503
2025-10-11 22:00:00,0.0950999999999999,83.18,0.0,3.632909423828128
2025-10-11 23:00:00,0.09618,86.38,0.0,3.6058867187500026
2025-10-12 00:00:00,0.09217,86.38,0.0,3.5645378417968776
2025-10-12 01:00:00,0.08886,86.38,0.0,3.5001433105468776
2025-10-12 02:00:00,0.08513,93.85,0.0,3.439828369140628
2025-10-12 03:00:00,0.08641,93.85,0.0,3.3943193359375026
2025-10-12 04:00:00,0.08666,93.85,0.0,3.325717041015628
2025-10-12 05:00:00,0.0883,95.47,0.0,3.2678300781250025
2025-10-12 06:00:00,0.08917,95.47,0.0,3.394315673828128
2025-10-12 07:00:00,0.08866,95.47,0.0,3.561791259765628
2025-10-12 08:00:00,0.08306,96.54,0.0,3.694125244140628
2025-10-12 09:00:00,0.07621,96.54,0.0,3.812502929687503
2025-10-12 10:00:00,0.0719,96.54,4.4,3.885052978515628
2025-10-12 11:00:00,0.06689,63.19,8.68,3.9443864746093777
2025-10-12 12:00:00,0.05216,63.19,25.9,3.9704460449218777
2025-10-12 13:00:00,0.06247,63.19,44.7,3.9779497070312457
2025-10-12 14:00:00,0.0799899999999999,51.26,64.9,3.961107666015628
2025-10-12 15:00:00,0.088,51.26,107.0,3.9199199218750023
2025-10-12 16:00:00,0.1055499999999999,51.26,57.9,3.8149492187500025
2025-10-12 17:00:00,0.1089,66.66,69.5,3.670189697265628
2025-10-12 18:00:00,0.11664,66.66,22.2,3.5019084472656274
2025-10-12 19:00:00,0.11553,66.66,9.25,3.460940429687503
2025-10-12 20:00:00,0.11045,84.56,1.5,3.3925761718750027
2025-10-12 21:00:00,0.10779,84.56,0.0,3.333843261718753
2025-10-12 22:00:00,0.09345,84.56,0.0,3.296357910156253
2025-10-12 23:00:00,0.09345,98.42,0.0,3.274590332031246
2025-10-13 00:00:00,0.09026,98.42,0.0,3.250907470703128
2025-10-13 01:00:00,0.09083,98.42,0.0,3.246890136718753
2025-10-13 02:00:00,0.08912,89.33,0.0,3.235482666015628
2025-10-13 03:00:00,0.09345,89.33,0.0,3.228209716796877
2025-10-13 04:00:00,0.0980999999999999,89.33,0.0,3.2389287109375027
2025-10-13 05:00:00,0.13141,118.56,0.0,3.294988281250003
2025-10-13 06:00:00,0.2186399999999999,118.56,0.0,3.390968505859377
2025-10-13 07:00:00,0.19956,118.56,0.0,3.524730712890628
2025-10-13 08:00:00,0.15019,123.13,0.0,3.684567138671878
2025-10-13 09:00:00,0.1251,123.13,0.0,3.856078369140628
2025-10-13 10:00:00,0.11,123.13,1.5,4.0
2025-10-13 11:00:00,0.0950999999999999,101.47,7.98,4.0
2025-10-13 12:00:00,0.08986,101.47,16.4,4.0
2025-10-13 13:00:00,0.0920999999999999,101.47,19.2,4.0
2025-10-13 14:00:00,0.10184,74.71,25.6,4.0
2025-10-13 15:00:00,0.1179,74.71,50.0,4.0
2025-10-13 16:00:00,0.1805999999999999,74.71,26.8,3.973657714843753
2025-10-13 17:00:00,0.30574,66.7,26.0,3.9368828125000026
2025-10-13 18:00:00,0.3065799999999999,66.7,16.7,3.881145507812503
2025-10-13 19:00:00,0.1869499999999999,66.7,8.9,3.9079960937500022
2025-10-13 20:00:00,0.13718,82.82,1.57,3.967179443359378
2025-10-13 21:00:00,0.12199,82.82,0.0,4.0
2025-10-13 22:00:00,0.11128,82.82,0.0,3.981263916015628
2025-10-13 23:00:00,0.10918,92.76,0.0,3.926361572265628
2025-10-14 00:00:00,0.10301,92.76,0.0,3.871638671875002
2025-10-14 01:00:00,0.09952,92.76,0.0,3.7438457031250025
2025-10-14 02:00:00,0.09887,122.71,0.0,3.645177490234378
2025-10-14 03:00:00,0.10005,122.71,0.0,3.5607072753906275
2025-10-14 04:00:00,0.10145,122.71,0.0,3.483480712890628
2025-10-14 05:00:00,0.12329,177.58,0.0,3.450536376953128
2025-10-14 06:00:00,0.1601999999999999,177.58,0.0,3.507643310546878
2025-10-14 07:00:00,0.19082,177.58,0.0,3.5706938476562526
2025-10-14 08:00:00,0.1564499999999999,195.01,0.0,3.6718339843750023
2025-10-14 09:00:00,0.13473,195.01,0.0,3.770491210937503
2025-10-14 10:00:00,0.11985,195.01,3.23,3.893860351562503
2025-10-14 11:00:00,0.10765,134.38,21.8,3.939951660156253
2025-10-14 12:00:00,0.103,134.38,54.1,3.9303496093750026
2025-10-14 13:00:00,0.10527,134.38,53.6,3.908365966796878
2025-10-14 14:00:00,0.12228,108.12,53.0,3.8968852539062526
2025-10-14 15:00:00,0.1466,108.12,32.6,3.835002929687503
2025-10-14 16:00:00,0.2191999999999999,108.12,32.9,3.7139372558593777
2025-10-14 17:00:00,0.40496,93.52,34.8,3.599174072265628
2025-10-14 18:00:00,0.4072099999999999,93.52,12.4,3.4388359375000026
2025-10-14 19:00:00,0.2254799999999999,93.52,14.6,3.3968754882812457
2025-10-14 20:00:00,0.16304,97.61,2.6,3.364355957031246
2025-10-14 21:00:00,0.12986,97.61,0.0,3.354636718750003
2025-10-14 22:00:00,0.11536,97.61,0.0,3.3174919433593777
2025-10-14 23:00:00,0.11546,97.47,0.0,3.2843388671875027
2025-10-15 00:00:00,0.11187,97.47,0.0,3.2396611328125027
2025-10-15 01:00:00,0.10768,97.47,0.0,3.218234130859378
2025-10-15 02:00:00,0.10362,103.71,0.0,3.2210173339843777
2025-10-15 03:00:00,0.10648,103.71,0.0,3.238060791015628
2025-10-15 04:00:00,0.1144,103.71,0.0,3.250072509765628
2025-10-15 05:00:00,0.15196,149.65,0.0,3.258367187500003
2025-10-15 06:00:00,0.27874,149.65,0.0,3.286810791015628
2025-10-15 07:00:00,0.2762,149.65,0.0,3.524672119140628
2025-10-15 08:00:00,0.18105,177.66,0.0,3.731705810546878
2025-10-15 09:00:00,0.14236,177.66,0.0,3.8573894042968777
2025-10-15 10:00:00,0.1261,177.66,1.0,3.8928239746093776
2025-10-15 11:00:00,0.11943,135.78,5.88,3.926259033203128
2025-10-15 12:00:00,0.11288,135.78,17.8,3.9310124511718776
2025-10-15 13:00:00,0.11539,135.78,32.2,3.8965153808593778
2025-10-15 14:00:00,0.12264,106.03,51.0,3.8359331054687527
2025-10-15 15:00:00,0.13569,106.03,44.0,3.7895488281250023
2025-10-15 16:00:00,0.17,106.03,39.9,3.758336669921878
2025-10-15 17:00:00,0.22188,98.36,32.3,3.749239990234378
2025-10-15 18:00:00,0.22,98.36,20.3,3.662909423828128
2025-10-15 19:00:00,0.1528499999999999,98.36,9.13,3.6034550781250023
2025-10-15 20:00:00,0.12434,112.6,1.17,3.5504460449218778
2025-10-15 21:00:00,0.0982099999999999,112.6,0.0,3.4722526855468776
2025-10-15 22:00:00,0.08817,112.6,0.0,3.359364501953128
2025-10-15 23:00:00,0.08816,124.93,0.0,3.257407714843753
2025-10-16 00:00:00,0.08581,124.93,0.0,3.2016337890625026
2025-10-16 01:00:00,0.088,124.93,0.0,3.1992058105468777
2025-10-16 02:00:00,0.08666,138.6,0.0,3.2238591308593776
2025-10-16 03:00:00,0.08834,138.6,0.0,3.2468571777343778
2025-10-16 04:00:00,0.08505,138.6,0.0,3.2766704101562527
2025-10-16 05:00:00,0.09619,198.89,0.0,3.3048173828125025
2025-10-16 06:00:00,0.11612,198.89,0.0,3.5547783203125025
2025-10-16 07:00:00,0.13277,198.89,0.0,3.6722185058593775
2025-10-16 08:00:00,0.11993,230.53,0.0,3.771468994140628
2025-10-16 09:00:00,0.0922399999999999,230.53,0.0,3.910676757812503
2025-10-16 10:00:00,0.08831,230.53,3.93,4.0
2025-10-16 11:00:00,0.0834,179.11,13.2,4.0
2025-10-16 12:00:00,0.08148,179.11,21.4,4.0
2025-10-16 13:00:00,0.08298,179.11,20.3,4.0
2025-10-16 14:00:00,0.08303,118.36,27.4,4.0
2025-10-16 15:00:00,0.08903,118.36,46.9,4.0
2025-10-16 16:00:00,0.12092,118.36,47.2,3.909069091796878
2025-10-16 17:00:00,0.13,100.45,43.5,3.873392822265628
2025-10-16 18:00:00,0.14059,100.45,23.8,3.879662353515628
2025-10-16 19:00:00,0.12559,100.45,3.97,3.907289306640628
2025-10-16 20:00:00,0.10223,112.7,1.03,3.931228515625002
2025-10-16 21:00:00,0.09986,112.7,0.0,3.940295898437503
2025-10-16 22:00:00,0.09336,112.7,0.0,3.954940673828128
2025-10-16 23:00:00,0.08815,117.64,0.0,3.9563249511718777
2025-10-17 00:00:00,0.08831,117.64,0.0,3.962795898437503
2025-10-17 01:00:00,0.08906,117.64,0.0,3.981036865234378
2025-10-17 02:00:00,0.08846,128.28,0.0,3.993579589843753
2025-10-17 03:00:00,0.09059,128.28,0.0,4.0
2025-10-17 04:00:00,0.09451,128.28,0.0,4.0
2025-10-17 05:00:00,0.1079099999999999,174.54,0.0,4.0
2025-10-17 06:00:00,0.12949,174.54,0.0,4.0
2025-10-17 07:00:00,0.14484,174.54,0.0,4.0
2025-10-17 08:00:00,0.12902,198.12,0.0,4.0
2025-10-17 09:00:00,0.11718,198.12,0.0,4.0
2025-10-17 10:00:00,0.09904,198.12,2.1,4.0
2025-10-17 11:00:00,0.08814,154.91,9.15,4.0
2025-10-17 12:00:00,0.08672,154.91,13.9,4.0
2025-10-17 13:00:00,0.08781,154.91,23.2,4.0
2025-10-17 14:00:00,0.08864,114.67,41.1,4.0
2025-10-17 15:00:00,0.095,114.67,42.0,4.0
2025-10-17 16:00:00,0.11717,114.67,35.0,4.0
2025-10-17 17:00:00,0.12931,104.06,17.6,4.0
2025-10-17 18:00:00,0.13069,104.06,9.25,4.0
2025-10-17 19:00:00,0.11699,104.06,4.9,4.0
2025-10-17 20:00:00,0.10405,125.32,1.45,4.0
2025-10-17 21:00:00,0.10218,125.32,0.0,4.0
2025-10-17 22:00:00,0.0925,125.32,0.0,4.0
2025-10-17 23:00:00,0.09462,142.69,0.0,4.0
2025-10-18 00:00:00,0.08986,142.69,0.0,4.0
2025-10-18 01:00:00,0.08981,142.69,0.0,4.0
2025-10-18 02:00:00,0.08834,158.97,0.0,4.0
2025-10-18 03:00:00,0.08835,158.97,0.0,4.0
2025-10-18 04:00:00,0.08832,158.97,0.0,4.0
2025-10-18 05:00:00,0.09196,173.78,0.0,4.0
2025-10-18 06:00:00,0.10947,173.78,0.0,4.0
2025-10-18 07:00:00,0.11454,173.78,0.0,4.0
2025-10-18 08:00:00,0.10224,163.64,0.0,4.0
2025-10-18 09:00:00,0.09147,163.64,0.0,4.0
2025-10-18 10:00:00,0.08079,163.64,2.05,4.0
2025-10-18 11:00:00,0.0739399999999999,119.5,9.75,4.0
2025-10-18 12:00:00,0.06753,119.5,23.1,4.0
2025-10-18 13:00:00,0.0723,119.5,53.8,4.0
2025-10-18 14:00:00,0.0835,105.9,78.8,4.0
2025-10-18 15:00:00,0.09655,105.9,43.8,4.0
2025-10-18 16:00:00,0.12064,105.9,39.5,4.0
2025-10-18 17:00:00,0.13324,139.57,47.9,4.0
2025-10-18 18:00:00,0.1248199999999999,139.57,30.1,4.0
2025-10-18 19:00:00,0.113,139.57,18.6,4.0
2025-10-18 20:00:00,0.09255,176.64,3.8,4.0
2025-10-18 21:00:00,0.09558,176.64,0.0,4.0
2025-10-18 22:00:00,0.0943499999999999,176.64,0.0,4.0
2025-10-18 23:00:00,0.09234,188.89,0.0,4.0
2025-10-19 00:00:00,0.08759,188.89,0.0,4.0
2025-10-19 01:00:00,0.08229,188.89,0.0,4.0
2025-10-19 02:00:00,0.08214,209.1,0.0,4.0
2025-10-19 03:00:00,0.0832099999999999,209.1,0.0,3.992440673828128
2025-10-19 04:00:00,0.0835,209.1,0.0,3.9228972167968776
2025-10-19 05:00:00,0.08525,213.3,0.0,3.869086181640628
2025-10-19 06:00:00,0.08526,213.3,0.0,3.9817985839843777
2025-10-19 07:00:00,0.08716,213.3,0.0,4.0
2025-10-19 08:00:00,0.07843,210.3,0.0,4.0
2025-10-19 09:00:00,0.06964,210.3,0.0,4.0
2025-10-19 10:00:00,0.0603,210.3,500.0,4.0
2025-10-19 11:00:00,0.03457,163.94,3.9,4.0
2025-10-19 12:00:00,0.0203,163.94,13.7,4.0
2025-10-19 13:00:00,0.03622,163.94,25.9,4.0
2025-10-19 14:00:00,0.06677,87.47,42.8,4.0
2025-10-19 15:00:00,0.08993,87.47,64.6,4.0
2025-10-19 16:00:00,0.10607,87.47,117.0,4.0
2025-10-19 17:00:00,0.10769,89.23,85.5,4.0
2025-10-19 18:00:00,0.08562,89.23,61.1,4.0
2025-10-19 19:00:00,0.0755,89.23,13.9,4.0
2025-10-19 20:00:00,0.07315,110.54,2.53,4.0
2025-10-19 21:00:00,0.07474,110.54,0.0,4.0
2025-10-19 22:00:00,0.06086,110.54,0.0,4.0
2025-10-19 23:00:00,0.07004,106.46,0.0,4.0
2025-10-20 00:00:00,0.06398,106.46,0.0,4.0
2025-10-20 01:00:00,0.06098,106.46,0.0,4.0
2025-10-20 02:00:00,0.06,92.47,0.0,4.0
2025-10-20 03:00:00,0.0606,92.47,0.0,4.0
2025-10-20 04:00:00,0.07481,92.47,0.0,4.0
2025-10-20 05:00:00,0.07625,110.05,0.0,4.0
2025-10-20 06:00:00,0.09187,110.05,0.0,4.0
2025-10-20 07:00:00,0.1251,110.05,0.0,4.0
2025-10-20 08:00:00,0.09219,96.17,0.0,4.0
2025-10-20 09:00:00,0.07315,96.17,0.0,4.0
2025-10-20 10:00:00,0.06994,96.17,400.0,4.0
2025-10-20 11:00:00,0.0602899999999999,61.09,5.93,4.0
2025-10-20 12:00:00,0.06527,61.09,28.4,4.0
2025-10-20 13:00:00,0.07609,61.09,23.6,4.0
2025-10-20 14:00:00,0.09714,16.65,10.2,4.0
2025-10-20 15:00:00,0.11951,16.65,32.1,4.0
2025-10-20 16:00:00,0.13112,16.65,60.3,4.0
2025-10-20 17:00:00,0.12509,31.26,85.7,4.0
2025-10-20 18:00:00,0.103,31.26,54.6,4.0
2025-10-20 19:00:00,0.08229,31.26,34.8,4.0
2025-10-20 20:00:00,0.07625,43.34,6.33,4.0
2025-10-20 21:00:00,0.06838,43.34,0.0,4.0
2025-10-20 22:00:00,0.051,43.34,0.0,4.0
2025-10-20 23:00:00,0.06148,58.91,0.0,4.0
2025-10-21 00:00:00,0.04383,58.91,0.0,3.971376220703128
2025-10-21 01:00:00,0.03307,58.91,0.0,3.953801757812503
2025-10-21 02:00:00,0.02228,81.14,0.0,3.941321289062503
2025-10-21 03:00:00,0.02591,81.14,0.0,3.959932128906253
2025-10-21 04:00:00,0.04746,81.14,0.0,3.976093017578128
2025-10-21 05:00:00,0.0751,112.93,0.0,3.973437988281246
2025-10-21 06:00:00,0.08812,112.93,0.0,4.0
2025-10-21 07:00:00,0.09158,112.93,0.0,4.0
2025-10-21 08:00:00,0.08472,144.87,0.0,4.0
2025-10-21 09:00:00,0.07427,144.87,0.0,4.0
2025-10-21 10:00:00,0.06511,144.87,1.25,4.0
2025-10-21 11:00:00,0.04746,114.04,12.2,4.0
2025-10-21 12:00:00,0.03158,114.04,23.1,4.0
2025-10-21 13:00:00,0.03306,114.04,30.9,4.0
2025-10-21 14:00:00,0.06023,81.51,28.5,4.0
2025-10-21 15:00:00,0.0682,81.51,49.8,4.0
2025-10-21 16:00:00,0.1,81.51,46.5,4.0
2025-10-21 17:00:00,0.1217999999999999,65.64,56.2,4.0
2025-10-21 18:00:00,0.11538,65.64,41.4,4.0
2025-10-21 19:00:00,0.09967,65.64,20.5,4.0
2025-10-21 20:00:00,0.08106,99.65,3.07,4.0
2025-10-21 21:00:00,0.08168,99.65,0.0,4.0
2025-10-21 22:00:00,0.07433,99.65,0.0,4.0
2025-10-21 23:00:00,0.08784,83.36,0.0,4.0
2025-10-22 00:00:00,0.08749,83.36,0.0,4.0
2025-10-22 01:00:00,0.08541,83.36,0.0,4.0
2025-10-22 02:00:00,0.08935,104.43,0.0,4.0
2025-10-22 03:00:00,0.0895,104.43,0.0,4.0
2025-10-22 04:00:00,0.09018,104.43,0.0,4.0
2025-10-22 05:00:00,0.09939,143.77,0.0,4.0
2025-10-22 06:00:00,0.10018,143.77,0.0,4.0
2025-10-22 07:00:00,0.11376,143.77,0.0,4.0
2025-10-22 08:00:00,0.12572,147.4,0.0,4.0
2025-10-22 09:00:00,0.10573,147.4,0.0,4.0
2025-10-22 10:00:00,0.09121,147.4,2.4,4.0
2025-10-22 11:00:00,0.0871,107.03,14.4,4.0
2025-10-22 12:00:00,0.086,107.03,24.2,4.0
2025-10-22 13:00:00,0.0934599999999999,107.03,43.2,4.0
2025-10-22 14:00:00,0.11066,75.02,40.5,4.0
2025-10-22 15:00:00,0.135,75.02,19.0,4.0
2025-10-22 16:00:00,0.19805,75.02,0.0,4.0
2025-10-22 17:00:00,0.29648,79.82,0.0,4.0
2025-10-22 18:00:00,0.27976,79.82,0.0,4.0
2025-10-22 19:00:00,0.18531,79.82,0.0,4.0
2025-10-22 20:00:00,0.1339499999999999,109.04,0.0,4.0
2025-10-22 21:00:00,0.12207,109.04,0.0,4.0
2025-10-22 22:00:00,0.10809,109.04,0.0,4.0
2025-10-22 23:00:00,0.10138,105.13,0.0,4.0
2025-10-23 00:00:00,0.09874,105.13,0.0,4.0
2025-10-23 01:00:00,0.0950699999999999,105.13,0.0,3.9605583496093777
2025-10-23 02:00:00,0.07992,100.11,0.0,3.815509521484378
2025-10-23 03:00:00,0.071,100.11,0.0,3.808822509765628
2025-10-23 04:00:00,0.06752,100.11,0.0,3.8138103027343777
2025-10-23 05:00:00,0.07225,104.05,0.0,3.749521972656253
2025-10-23 06:00:00,0.08228,104.05,0.0,3.663143798828128
2025-10-23 07:00:00,0.09,104.05,0.0,3.7853374023437527
2025-10-23 08:00:00,0.08302,106.06,0.0,3.945873291015628
2025-10-23 09:00:00,0.0797,106.06,0.0,4.0
2025-10-23 10:00:00,0.0696,106.06,850.0,4.0
2025-10-23 11:00:00,0.0660999999999999,91.5,5.75,4.0
2025-10-23 12:00:00,0.06411,91.5,37.6,4.0
2025-10-23 13:00:00,0.06354,91.5,68.7,4.0
2025-10-23 14:00:00,0.07561,154.31,82.3,4.0
2025-10-23 15:00:00,0.0855,154.31,47.2,4.0
2025-10-23 16:00:00,0.09812,154.31,19.3,4.0
2025-10-23 17:00:00,0.11493,142.71,23.9,4.0
2025-10-23 18:00:00,0.1079099999999999,142.71,15.8,3.9357475585937527
2025-10-23 19:00:00,0.08771,142.71,1.75,3.8385661621093776
2025-10-23 20:00:00,0.08281,163.88,300.0,3.809163085937503
2025-10-23 21:00:00,0.0776599999999999,163.88,0.0,3.733763916015628
2025-10-23 22:00:00,0.06008,163.88,0.0,3.720228759765628
2025-10-23 23:00:00,0.01434,170.74,0.0,3.717361328125002
2025-10-24 00:00:00,0.00984,170.74,0.0,3.6651872558593777
2025-10-24 01:00:00,0.00652,170.74,0.0,3.617759277343753
2025-10-24 02:00:00,0.00103,207.54,0.0,3.551577636718753
2025-10-24 03:00:00,0.00219,207.54,0.0,3.515011474609377
2025-10-24 04:00:00,0.00753,207.54,0.0,3.4471708984375025
2025-10-24 05:00:00,0.02328,273.09,0.0,3.425945312500003
2025-10-24 06:00:00,0.0649899999999999,273.09,0.0,3.4403520507812457
2025-10-24 07:00:00,0.08487,273.09,0.0,3.6220073242187527
2025-10-24 08:00:00,0.0765499999999999,322.4,0.0,3.863702880859378
2025-10-24 09:00:00,0.0583,322.4,0.0,4.0
2025-10-24 10:00:00,0.033,322.4,1.3,4.0
2025-10-24 11:00:00,0.00125,244.29,9.85,4.0
2025-10-24 12:00:00,-1e-05,244.29,53.0,4.0
2025-10-24 13:00:00,-1e-05,244.29,92.1,4.0
2025-10-24 14:00:00,0.00181,199.17,120.0,4.0
2025-10-24 15:00:00,0.03732,199.17,112.0,4.0
2025-10-24 16:00:00,0.06626,199.17,63.6,4.0
2025-10-24 17:00:00,0.07461,192.04,72.4,3.8840642089843778
2025-10-24 18:00:00,0.07461,192.04,45.3,3.7565312500000023
2025-10-24 19:00:00,0.05705,192.04,8.2,3.651359130859378
2025-10-24 20:00:00,0.04151,186.74,1.2,3.5630693359375027
2025-10-24 21:00:00,0.02892,186.74,0.0,3.5020439453125025
2025-10-24 22:00:00,0.00997,186.74,0.0,3.466627685546878
2025-10-24 23:00:00,0.00352,177.89,0.0,3.448097412109377
2025-10-25 00:00:00,0.00132,177.89,0.0,3.4256669921875025
2025-10-25 01:00:00,0.00092,177.89,0.0,3.4007829589843777
2025-10-25 02:00:00,0.0,183.94,0.0,3.378257324218753
2025-10-25 03:00:00,-1e-05,183.94,0.0,3.3656706542968777
2025-10-25 04:00:00,0.00016,183.94,0.0,3.3791691894531275
2025-10-25 05:00:00,0.00052,195.37,0.0,3.386991455078128
2025-10-25 06:00:00,0.00099,195.37,0.0,3.4826091308593776
2025-10-25 07:00:00,0.004,195.37,0.0,3.681534912109378
2025-10-25 08:00:00,0.00758,194.98,0.0,3.897991210937503
2025-10-25 09:00:00,0.00673,194.98,0.0,4.0
2025-10-25 10:00:00,0.00477,194.98,1.45,4.0
2025-10-25 11:00:00,0.0060999999999999,177.73,4.7,4.0
2025-10-25 12:00:00,0.00437,177.73,10.3,4.0
2025-10-25 13:00:00,0.00403,177.73,25.3,4.0
2025-10-25 14:00:00,0.00395,173.93,22.5,4.0
2025-10-25 15:00:00,0.00556,173.93,20.5,4.0
2025-10-25 16:00:00,0.02531,173.93,11.2,4.0
2025-10-25 17:00:00,0.05525,190.1,21.1,4.0
2025-10-25 18:00:00,0.06127,190.1,9.8,4.0
2025-10-25 19:00:00,0.034,190.1,3.45,3.951776611328128
2025-10-25 20:00:00,0.01411,201.25,467.0,3.928020507812503
2025-10-25 21:00:00,0.01668,201.25,0.0,3.939823486328128
2025-10-25 22:00:00,0.00817,201.25,0.0,3.952952148437503
2025-10-25 23:00:00,0.00557,228.33,0.0,3.983285400390628
2025-10-26 00:00:00,0.0037,228.33,0.0,4.0
2025-10-26 01:00:00,0.00319,228.33,0.0,4.0
2025-10-26 02:00:00,0.00202,255.69,0.0,4.0
2025-10-26 03:00:00,0.00034,255.69,0.0,4.0
2025-10-26 04:00:00,0.0001,285.44,0.0,4.0
2025-10-26 05:00:00,0.00011,285.44,0.0,4.0
2025-10-26 06:00:00,0.00011,285.44,0.0,4.0
2025-10-26 07:00:00,0.0001,283.29,0.0,4.0
2025-10-26 08:00:00,-1e-05,283.29,0.0,4.0
2025-10-26 09:00:00,-0.00031,283.29,0.0,4.0
2025-10-26 10:00:00,-7.000000000000001e-05,233.74,0.0,4.0
2025-10-26 11:00:00,-8e-05,233.74,0.0,4.0
2025-10-26 12:00:00,-7.000000000000001e-05,233.74,0.0,4.0
2025-10-26 13:00:00,-0.00054,201.01,0.0,4.0
2025-10-26 14:00:00,-0.00073,201.01,0.0,4.0
2025-10-26 15:00:00,-1e-05,201.01,0.0,4.0
2025-10-26 16:00:00,0.00304,221.02,0.0,4.0
2025-10-26 17:00:00,0.03,221.02,0.0,4.0
2025-10-26 18:00:00,0.04202,221.02,0.0,4.0
2025-10-26 19:00:00,0.03473,239.28,0.0,4.0
2025-10-26 20:00:00,0.01664,239.28,0.0,4.0
2025-10-26 21:00:00,0.00307,239.28,0.0,4.0
2025-10-26 22:00:00,0.01491,236.32,0.0,4.0
2025-10-26 23:00:00,0.0050599999999999,236.32,0.0,4.0
2025-10-27 00:00:00,0.00134,236.32,0.0,3.996527587890628
2025-10-27 01:00:00,0.00183,233.3,0.0,3.9631657714843778
2025-10-27 02:00:00,0.00125,233.3,0.0,3.921300537109378
2025-10-27 03:00:00,0.0,233.3,0.0,3.888685791015628
2025-10-27 04:00:00,0.00131,237.17,0.0,3.864153320312503
2025-10-27 05:00:00,0.01078,237.17,0.0,3.880999023437503
2025-10-27 06:00:00,0.055,237.17,0.0,3.968256103515628
2025-10-27 07:00:00,0.08607,282.12,0.0,4.0
2025-10-27 08:00:00,0.10015,282.12,2.2,4.0
2025-10-27 09:00:00,0.10186,282.12,13.2,4.0
2025-10-27 10:00:00,0.0967399999999999,273.54,19.2,4.0
2025-10-27 11:00:00,0.0946299999999999,273.54,25.2,4.0
2025-10-27 12:00:00,0.0827,273.54,99.2,4.0
2025-10-27 13:00:00,0.08112,277.57,6.9,4.0
2025-10-27 14:00:00,0.08335,277.57,27.4,4.0
2025-10-27 15:00:00,0.08366,277.57,22.9,4.0
2025-10-27 16:00:00,0.09923,201.73,20.4,4.0
2025-10-27 17:00:00,0.1107099999999999,201.73,7.98,4.0
2025-10-27 18:00:00,0.12654,201.73,1.55,4.0
2025-10-27 19:00:00,0.1135,211.36,0.0,4.0
2025-10-27 20:00:00,0.09504,211.36,0.0,3.9729985351562527
2025-10-27 21:00:00,0.07794,211.36,0.0,3.924358398437503
2025-10-27 22:00:00,0.07448,210.58,0.0,3.885789062500003
2025-10-27 23:00:00,0.06243,210.58,0.0,3.868705322265628
2025-10-28 00:00:00,0.0441099999999999,210.58,0.0,3.875055419921878
2025-10-28 01:00:00,0.02888,211.39,0.0,3.8994743652343775
2025-10-28 02:00:00,0.0185399999999999,211.39,0.0,3.943368408203128
2025-10-28 03:00:00,0.01022,211.39,0.0,4.0
2025-10-28 04:00:00,0.01095,216.45,0.0,4.0
2025-10-28 05:00:00,0.03041,216.45,0.0,4.0
2025-10-28 06:00:00,0.05952,216.45,0.0,4.0
2025-10-28 07:00:00,0.08038,235.35,0.0,4.0
2025-10-28 08:00:00,0.0894,235.35,500.0,4.0
2025-10-28 09:00:00,0.08737,235.35,4.05,4.0
2025-10-28 10:00:00,0.081,182.5,13.5,4.0
2025-10-28 11:00:00,0.07542,182.5,57.7,4.0
2025-10-28 12:00:00,0.06756,182.5,39.9,4.0
2025-10-28 13:00:00,0.0622999999999999,160.49,28.5,4.0
2025-10-28 14:00:00,0.06442,160.49,28.4,4.0
2025-10-28 15:00:00,0.0731,160.49,58.3,4.0
2025-10-28 16:00:00,0.0800699999999999,132.87,10.7,4.0
2025-10-28 17:00:00,0.09383,132.87,6.55,4.0
2025-10-28 18:00:00,0.11023,132.87,600.0,4.0
2025-10-28 19:00:00,0.1069099999999999,133.6,0.0,4.0
2025-10-28 20:00:00,0.09192,133.6,0.0,4.0
2025-10-28 21:00:00,0.08084,133.6,0.0,4.0
2025-10-28 22:00:00,0.07958,156.32,0.0,4.0
2025-10-28 23:00:00,0.07322,156.32,0.0,4.0
2025-10-29 00:00:00,0.0588,156.32,0.0,3.997812988281246
2025-10-29 01:00:00,0.05404,158.44,0.0,3.974529296875003
2025-10-29 02:00:00,0.05416,158.44,0.0,3.9363188476562527
2025-10-29 03:00:00,0.05635,158.44,0.0,3.919520751953128
2025-10-29 04:00:00,0.0547299999999999,182.33,0.0,3.963931152343753
2025-10-29 05:00:00,0.06662,182.33,0.0,4.0
2025-10-29 06:00:00,0.09543,182.33,0.0,4.0
2025-10-29 07:00:00,0.10753,187.17,0.0,4.0
2025-10-29 08:00:00,0.10027,187.17,500.0,4.0
2025-10-29 09:00:00,0.08581,187.17,6.75,4.0
2025-10-29 10:00:00,0.07195,137.26,20.1,4.0
2025-10-29 11:00:00,0.07021,137.26,53.1,4.0
2025-10-29 12:00:00,0.07084,137.26,59.1,4.0
2025-10-29 13:00:00,0.07711,111.08,49.6,4.0
2025-10-29 14:00:00,0.08885,111.08,43.9,4.0
2025-10-29 15:00:00,0.11636,111.08,35.2,4.0
2025-10-29 16:00:00,0.12623,91.57,23.4,4.0
2025-10-29 17:00:00,0.12698,91.57,9.13,4.0
2025-10-29 18:00:00,0.12874,91.57,850.0,4.0
2025-10-29 19:00:00,0.11354,92.1,0.0,4.0
2025-10-29 20:00:00,0.10265,92.1,0.0,4.0
2025-10-29 21:00:00,0.0965,92.1,0.0,4.0
2025-10-29 22:00:00,0.09442,113.31,0.0,4.0
2025-10-29 23:00:00,0.08714,113.31,0.0,4.0
2025-10-30 00:00:00,0.07525,113.31,0.0,4.0
2025-10-30 01:00:00,0.07011,138.44,0.0,4.0
2025-10-30 02:00:00,0.06553,138.44,0.0,4.0
2025-10-30 03:00:00,0.06042,138.44,0.0,4.0
2025-10-30 04:00:00,0.05715,203.08,0.0,3.9974760742187527
2025-10-30 05:00:00,0.06001,203.08,0.0,3.988928710937503
2025-10-30 06:00:00,0.06918,203.08,0.0,3.857810546875003
2025-10-30 07:00:00,0.07994,267.21,0.0,3.964194824218753
2025-10-30 08:00:00,0.0853,267.21,1.25,4.0
2025-10-30 09:00:00,0.06672,267.21,16.6,4.0
2025-10-30 10:00:00,0.0429,203.82,58.3,4.0
2025-10-30 11:00:00,0.00708,203.82,92.1,4.0
2025-10-30 12:00:00,0.0,203.82,124.0,4.0
2025-10-30 13:00:00,0.0,136.87,134.0,4.0
2025-10-30 14:00:00,0.03129,136.87,133.0,4.0
2025-10-30 15:00:00,0.0698,136.87,113.0,4.0
2025-10-30 16:00:00,0.0853,148.81,73.6,4.0
2025-10-30 17:00:00,0.11793,148.81,14.9,4.0
2025-10-30 18:00:00,0.1177,148.81,1.3,4.0
2025-10-30 19:00:00,0.11767,178.8,0.0,4.0
2025-10-30 20:00:00,0.10529,178.8,0.0,4.0
2025-10-30 21:00:00,0.09804,178.8,0.0,4.0
2025-10-30 22:00:00,0.09844,214.29,0.0,4.0
2025-10-30 23:00:00,0.08483,214.29,0.0,4.0
2025-10-31 00:00:00,0.08774,214.29,0.0,4.0
2025-10-31 01:00:00,0.07816,222.3,0.0,4.0
2025-10-31 02:00:00,0.07474,222.3,0.0,4.0
2025-10-31 03:00:00,0.07568,222.3,0.0,4.0
2025-10-31 04:00:00,0.07976,262.61,0.0,4.0
2025-10-31 05:00:00,0.09183,262.61,0.0,4.0
2025-10-31 06:00:00,0.12039,262.61,0.0,3.9813774414062526
2025-10-31 07:00:00,0.11957,311.46,0.0,3.992631103515628
2025-10-31 08:00:00,0.1087699999999999,311.46,600.0,4.0
2025-10-31 09:00:00,0.08301,311.46,9.32,4.0
2025-10-31 10:00:00,0.07567,232.91,15.6,4.0
2025-10-31 11:00:00,0.07409,232.91,25.2,4.0
2025-10-31 12:00:00,0.0759899999999999,232.91,39.6,4.0
2025-10-31 13:00:00,0.08421,159.06,35.2,4.0
2025-10-31 14:00:00,0.1067,159.06,26.1,4.0
2025-10-31 15:00:00,0.12708,159.06,25.8,4.0
2025-10-31 16:00:00,0.13205,109.31,23.2,4.0
2025-10-31 17:00:00,0.12218,109.31,5.05,4.0
2025-10-31 18:00:00,0.10728,109.31,200.0,3.9025505371093776
2025-10-31 19:00:00,0.09001,116.87,0.0,3.888499023437503
2025-10-31 20:00:00,0.08605,116.87,0.0,3.9006499023437526
2025-10-31 21:00:00,0.0874699999999999,116.87,0.0,3.906652099609378
2025-10-31 22:00:00,0.0818499999999999,105.15,0.0,3.901594726562503
2025-10-31 23:00:00,0.0676,105.15,0.0,3.896650878906253
2025-11-01 00:00:00,0.05471,105.15,0.0,3.874681884765628
2025-11-01 01:00:00,0.0381199999999999,115.56,0.0,3.858634521484378
2025-11-01 02:00:00,0.02827,115.56,0.0,3.805361816406253
2025-11-01 03:00:00,0.02996,115.56,0.0,3.716790039062503
2025-11-01 04:00:00,0.0198999999999999,127.58,0.0,3.682999755859378
2025-11-01 05:00:00,0.01533,127.58,0.0,3.703353759765628
2025-11-01 06:00:00,0.01163,127.58,0.0,3.7238945312500022
2025-11-01 07:00:00,0.01761,106.97,0.0,3.910413085937503
2025-11-01 08:00:00,0.02995,106.97,0.0,4.0
2025-11-01 09:00:00,0.0270399999999999,106.97,1.13,4.0
2025-11-01 10:00:00,0.0183,68.4,6.13,4.0
2025-11-01 11:00:00,0.01576,68.4,11.6,4.0
2025-11-01 12:00:00,0.02102,68.4,10.4,4.0
2025-11-01 13:00:00,0.03174,92.8,9.53,4.0
2025-11-01 14:00:00,0.054,92.8,7.13,4.0
2025-11-01 15:00:00,0.05907,92.8,8.05,4.0
2025-11-01 16:00:00,0.07659,121.71,10.3,4.0
2025-11-01 17:00:00,0.08879,121.71,3.4,3.881639892578128
2025-11-01 18:00:00,0.08906,121.71,650.0,3.745013916015628
2025-11-01 19:00:00,0.0864,139.01,0.0,3.6236882324218778
2025-11-01 20:00:00,0.0862,139.01,0.0,3.5583671875000027
2025-11-01 21:00:00,0.08328,139.01,0.0,3.5504716796875027
2025-11-01 22:00:00,0.08293,154.42,0.0,3.537753173828128
2025-11-01 23:00:00,0.07751,154.42,0.0,3.4953349609375026
2025-11-02 00:00:00,0.06429,154.42,0.0,3.554935791015628
2025-11-02 01:00:00,0.06033,153.41,0.0,3.5913078613281275
2025-11-02 02:00:00,0.06098,153.41,0.0,3.608223144531246
2025-11-02 03:00:00,0.06273,153.41,0.0,3.5906853027343777
2025-11-02 04:00:00,0.06702,139.87,0.0,3.607695800781246
2025-11-02 05:00:00,0.06881,139.87,0.0,3.611899902343753
2025-11-02 06:00:00,0.07035,139.87,0.0,3.574301025390628
2025-11-02 07:00:00,0.07553,148.02,0.0,3.643646728515628
2025-11-02 08:00:00,0.07712,148.02,300.0,3.721927978515628
2025-11-02 09:00:00,0.0784599999999999,148.02,4.65,3.813934814453128
2025-11-02 10:00:00,0.07499,103.62,36.5,3.904319335937503
2025-11-02 11:00:00,0.07498,103.62,65.4,3.9728959960937527
2025-11-02 12:00:00,0.07521,103.62,47.9,3.991774169921878
2025-11-02 13:00:00,0.08316,92.02,59.3,3.9797514648437526
2025-11-02 14:00:00,0.09255,92.02,68.7,3.926438476562503
2025-11-02 15:00:00,0.11065,92.02,76.8,3.8654020996093776
2025-11-02 16:00:00,0.1165,168.92,12.4,3.822694580078128
2025-11-02 17:00:00,0.13207,168.92,1.33,3.786835205078128
2025-11-02 18:00:00,0.13041,168.92,100.0,3.752751953125003
2025-11-02 19:00:00,0.11361,181.94,0.0,3.7585270996093776
2025-11-02 20:00:00,0.0986,181.94,0.0,3.7597282714843776
2025-11-02 21:00:00,0.09533,181.94,0.0,3.752616455078128
2025-11-02 22:00:00,0.09318,209.31,0.0,3.7542973632812457
2025-11-02 23:00:00,0.08504,209.31,0.0,3.755234863281246
2025-11-03 00:00:00,0.08244,209.31,0.0,3.744501220703128
2025-11-03 01:00:00,0.08011,230.31,0.0,3.741901123046878
2025-11-03 02:00:00,0.075,230.31,0.0,3.737839843750003
2025-11-03 03:00:00,0.07314,230.31,0.0,3.7329472656250022
2025-11-03 04:00:00,0.07497,261.8,0.0,3.7485954589843775
2025-11-03 05:00:00,0.075,261.8,0.0,3.738451416015628
2025-11-03 06:00:00,0.09533,261.8,0.0,3.748046142578128
2025-11-03 07:00:00,0.11726,316.4,0.0,3.791262695312503
2025-11-03 08:00:00,0.105,316.4,700.0,3.8193034667968777
2025-11-03 09:00:00,0.08576,316.4,13.6,3.862578613281246
2025-11-03 10:00:00,0.07545,201.19,45.8,3.919301025390628
2025-11-03 11:00:00,0.07168,201.19,53.0,3.9522380371093777
2025-11-03 12:00:00,0.06799,201.19,57.9,3.9802751464843777
2025-11-03 13:00:00,0.07193,144.12,57.6,3.9841679687500022
2025-11-03 14:00:00,0.07498,144.12,29.0,3.947924072265628
2025-11-03 15:00:00,0.08261,144.12,42.2,3.888352539062503
2025-11-03 16:00:00,0.0927399999999999,139.87,25.0,3.837302734375003
2025-11-03 17:00:00,0.0925199999999999,139.87,11.5,3.801729003906253
2025-11-03 18:00:00,0.09056,139.87,500.0,3.7570952148437526
2025-11-03 19:00:00,0.0815699999999999,123.66,0.0,3.733265869140628
2025-11-03 20:00:00,0.07163,123.66,0.0,3.6933745117187526
2025-11-03 21:00:00,0.06001,123.66,0.0,3.671185791015628
2025-11-03 22:00:00,0.05271,104.99,0.0,3.632133056640628
2025-11-03 23:00:00,0.02872,104.99,0.0,3.603997070312503
2025-11-04 00:00:00,0.01653,104.99,0.0,3.5465019531250026
2025-11-04 01:00:00,0.00726,99.21,0.0,3.5159196777343777
2025-11-04 02:00:00,0.0049299999999999,99.21,0.0,3.487109863281246
2025-11-04 03:00:00,0.00631,99.21,0.0,3.4427507324218776
2025-11-04 04:00:00,0.0212,122.62,0.0,3.368263427734377
2025-11-04 05:00:00,0.05843,122.62,0.0,3.2944316406250027
2025-11-04 06:00:00,0.08104,122.62,0.0,3.2445317382812457
2025-11-04 07:00:00,0.11431,150.47,0.0,3.404042236328128
2025-11-04 08:00:00,0.11,150.47,300.0,3.680051757812503
2025-11-04 09:00:00,0.0808499999999999,150.47,7.5,3.840345947265628
2025-11-04 10:00:00,0.0606499999999999,98.8,20.9,3.969838134765628
2025-11-04 11:00:00,0.05287,98.8,39.5,4.0
2025-11-04 12:00:00,0.05015,98.8,95.8,4.0
2025-11-04 13:00:00,0.06694,74.38,118.0,4.0
2025-11-04 14:00:00,0.08105,74.38,115.0,4.0
2025-11-04 15:00:00,0.11626,74.38,64.2,3.855269042968753
2025-11-04 16:00:00,0.12748,80.67,32.1,3.682831298828128
2025-11-04 17:00:00,0.1291,80.67,9.13,3.5633806152343777
2025-11-04 18:00:00,0.12276,80.67,500.0,3.4589628906250027
2025-11-04 19:00:00,0.1067,107.12,0.0,3.3691350097656274
2025-11-04 20:00:00,0.09675,107.12,0.0,3.282756835937503
2025-11-04 21:00:00,0.09137,107.12,0.0,3.202373535156253
2025-11-04 22:00:00,0.08624,125.53,0.0,3.140692626953128
2025-11-04 23:00:00,0.07612,125.53,0.0,3.090148193359377
2025-11-05 00:00:00,0.07733,125.53,0.0,3.039369384765628
2025-11-05 01:00:00,0.07582,143.84,0.0,3.001884033203128
2025-11-05 02:00:00,0.07436,143.84,0.0,2.9837163085937526
2025-11-05 03:00:00,0.07468,143.84,0.0,2.982438232421877
2025-11-05 04:00:00,0.0788799999999999,177.6,0.0,3.0086735839843777
2025-11-05 05:00:00,0.085,177.6,0.0,3.027053710937502
2025-11-05 06:00:00,0.09136,177.6,0.0,3.1269523925781275
2025-11-05 07:00:00,0.1159,209.62,0.0,3.3142546386718776
2025-11-05 08:00:00,0.10712,209.62,300.0,3.520116455078128
2025-11-05 09:00:00,0.07454,209.62,7.23,3.7230229492187528
2025-11-05 10:00:00,0.06288,140.13,29.2,3.894193603515628
2025-11-05 11:00:00,0.0620099999999999,140.13,71.3,4.0
2025-11-05 12:00:00,0.06207,140.13,102.0,4.0
2025-11-05 13:00:00,0.07733,75.31,126.0,4.0
2025-11-05 14:00:00,0.09619,75.31,127.0,3.9520219726562527
2025-11-05 15:00:00,0.1154,75.31,99.1,3.7601091308593775
2025-11-05 16:00:00,0.14138,74.56,62.2,3.5912565917968777
2025-11-05 17:00:00,0.14742,74.56,11.2,3.483348876953128
2025-11-05 18:00:00,0.12758,74.56,400.0,3.453352539062503
2025-11-05 19:00:00,0.11476,99.14,0.0,3.422649414062503
2025-11-05 20:00:00,0.10479,99.14,0.0,3.394740478515628
2025-11-05 21:00:00,0.09892,99.14,0.0,3.3525017089843776
2025-11-05 22:00:00,0.08885,107.74,0.0,3.3000053710937527
2025-11-05 23:00:00,0.0877,107.74,0.0,3.2520573730468776
2025-11-06 00:00:00,0.09337,107.74,0.0,3.2030583496093774
2025-11-06 01:00:00,0.09083,148.75,0.0,3.156692382812502
2025-11-06 02:00:00,0.0914,148.75,0.0,3.1170244140625027
2025-11-06 03:00:00,0.09051,148.75,0.0,3.0853654785156275
2025-11-06 04:00:00,0.0919,213.14,0.0,3.0605217285156274
2025-11-06 05:00:00,0.09217,213.14,0.0,3.0342167968750027
2025-11-06 06:00:00,0.11835,213.14,0.0,3.0064030761718774
2025-11-06 07:00:00,0.1302299999999999,291.96,0.0,3.1410295410156275
2025-11-06 08:00:00,0.11968,291.96,1.0,3.410842773437502
2025-11-06 09:00:00,0.0932099999999999,291.96,12.6,3.6672966308593775
2025-11-06 10:00:00,0.08516,177.88,37.1,3.8557634277343777
2025-11-06 11:00:00,0.0837,177.88,56.2,3.9966777343750026
2025-11-06 12:00:00,0.08399,177.88,68.4,4.0
2025-11-06 13:00:00,0.08718,111.64,55.4,4.0
2025-11-06 14:00:00,0.09949,111.64,61.9,4.0
2025-11-06 15:00:00,0.12824,111.64,56.3,3.8998808593750023
2025-11-06 16:00:00,0.1475,114.94,31.2,3.6755546875000022
2025-11-06 17:00:00,0.1542599999999999,114.94,8.2,3.5476225585937526
2025-11-06 18:00:00,0.13745,114.94,200.0,3.3475468750000026
2025-11-06 19:00:00,0.12646,157.66,0.0,3.287253906250003
2025-11-06 20:00:00,0.11497,157.66,0.0,3.2965666503906275
2025-11-06 21:00:00,0.10098,157.66,0.0,3.334689208984378
2025-11-06 22:00:00,0.09749,186.88,0.0,3.4113444824218777
2025-11-06 23:00:00,0.0905499999999999,186.88,0.0,3.4600615234375027
2025-11-07 00:00:00,0.09018,186.88,0.0,3.5126201171875024
2025-11-07 01:00:00,0.08882,191.04,0.0,3.5186259765625025
2025-11-07 02:00:00,0.0896,191.04,0.0,3.540316650390628
2025-11-07 03:00:00,0.08961,191.04,0.0,3.5489885253906275
2025-11-07 04:00:00,0.0904099999999999,273.53,0.0,3.552159912109378
2025-11-07 05:00:00,0.0942099999999999,273.53,0.0,3.556624023437503
2025-11-07 06:00:00,0.11227,273.53,0.0,3.4173906250000026
2025-11-07 07:00:00,0.13388,367.9,0.0,3.437579833984377
2025-11-07 08:00:00,0.12805,367.9,800.0,3.5197685546875026
2025-11-07 09:00:00,0.1080999999999999,367.9,7.68,3.565607177734378
2025-11-07 10:00:00,0.0933799999999999,219.85,31.0,3.621996337890628
2025-11-07 11:00:00,0.08999,219.85,67.8,3.658401367187503
2025-11-07 12:00:00,0.0888,219.85,107.0,3.694905273437503
2025-11-07 13:00:00,0.0920499999999999,129.21,120.0,3.694868652343753
2025-11-07 14:00:00,0.1031,129.21,116.0,3.662228271484378
2025-11-07 15:00:00,0.12962,129.21,94.5,3.6143278808593777
2025-11-07 16:00:00,0.16512,130.48,54.5,3.580325195312503
2025-11-07 17:00:00,0.17854,130.48,10.1,3.552526123046878
2025-11-07 18:00:00,0.14568,130.48,800.0,3.509994384765628
2025-11-07 19:00:00,0.1314799999999999,189.12,0.0,3.502157470703128
2025-11-07 20:00:00,0.11943,189.12,0.0,3.4758562011718777
2025-11-07 21:00:00,0.10665,189.12,0.0,3.458995849609378
2025-11-07 22:00:00,0.09828,228.35,0.0,3.4538432617187524
2025-11-07 23:00:00,0.0920499999999999,228.35,0.0,3.439231445312503
2025-11-08 00:00:00,0.09653,228.35,0.0,3.4353935546875025
2025-11-08 01:00:00,0.0963199999999999,274.33,0.0,3.4433696289062525
2025-11-08 02:00:00,0.094,274.33,0.0,3.418899414062502
2025-11-08 03:00:00,0.09397,274.33,0.0,3.401339599609378
2025-11-08 04:00:00,0.09504,296.29,0.0,3.337758056640628
2025-11-08 05:00:00,0.0942,296.29,0.0,3.2937321777343778
2025-11-08 06:00:00,0.09528,296.29,0.0,3.3162724609375025
2025-11-08 07:00:00,0.10384,320.26,0.0,3.3227543945312457
2025-11-08 08:00:00,0.1055,320.26,500.0,3.372716552734378
2025-11-08 09:00:00,0.10362,320.26,8.38,3.4550078125000026
2025-11-08 10:00:00,0.10218,249.22,25.2,3.537364990234378
2025-11-08 11:00:00,0.09695,249.22,77.4,3.6145329589843778
2025-11-08 12:00:00,0.09516,249.22,111.0,3.649546386718753
2025-11-08 13:00:00,0.09591,163.84,121.0,3.666494628906253
2025-11-08 14:00:00,0.10154,163.84,61.7,3.6166752929687527
2025-11-08 15:00:00,0.11762,163.84,17.4,3.479283935546878
2025-11-08 16:00:00,0.12464,151.42,11.8,3.3539409179687527
2025-11-08 17:00:00,0.1349199999999999,151.42,5.3,3.2558110351562526
2025-11-08 18:00:00,0.13653,151.42,100.0,3.1538945312500024
2025-11-08 19:00:00,0.13198,145.0,0.0,3.109982177734377
2025-11-08 20:00:00,0.12297,145.0,0.0,3.1065031738281275
2025-11-08 21:00:00,0.1133,145.0,0.0,3.0452507324218776
2025-11-08 22:00:00,0.10626,145.54,0.0,3.0215788574218774
2025-11-08 23:00:00,0.09691,145.54,0.0,2.9862761230468777
2025-11-09 00:00:00,0.0963499999999999,145.54,0.0,2.937698242187502
2025-11-09 01:00:00,0.09456,151.79,0.0,2.9049736328125024
2025-11-09 02:00:00,0.09283,151.79,0.0,2.9091154785156275
2025-11-09 03:00:00,0.0911299999999999,151.79,0.0,2.892375976562503
2025-11-09 04:00:00,0.09165,156.08,0.0,2.9328679199218777
2025-11-09 05:00:00,0.09169,156.08,0.0,2.931637451171877
2025-11-09 06:00:00,0.0899399999999999,156.08,0.0,2.962168457031246
2025-11-09 07:00:00,0.08862,157.17,0.0,3.0855449218750026
2025-11-09 08:00:00,0.09727,157.17,0.0,3.219047119140628
2025-11-09 09:00:00,0.09762,157.17,2.0,3.330763427734378
2025-11-09 10:00:00,0.09703,136.57,4.3,3.4530046386718776
2025-11-09 11:00:00,0.0973,136.57,14.9,3.500216552734378
2025-11-09 12:00:00,0.09784,136.57,37.0,3.5415544433593777
2025-11-09 13:00:00,0.0964,124.93,25.2,3.5356181640625026
2025-11-09 14:00:00,0.0973199999999999,124.93,22.6,3.4956865234375027
2025-11-09 15:00:00,0.09779,124.93,21.8,3.4162077636718777
2025-11-09 16:00:00,0.1098499999999999,145.89,20.1,3.3849772949218777
2025-11-09 17:00:00,0.1251,145.89,11.4,3.380099365234378
2025-11-09 18:00:00,0.1261,145.89,1.1,3.2274626464843776
2025-11-09 19:00:00,0.11796,198.74,0.0,3.2302312011718777
2025-11-09 20:00:00,0.106,198.74,0.0,3.236614257812503
2025-11-09 21:00:00,0.09354,198.74,0.0,3.288495361328128
2025-11-09 22:00:00,0.09232,238.98,0.0,3.305996582031246
2025-11-09 23:00:00,0.08993,238.98,0.0,3.3178728027343776
2025-11-10 00:00:00,0.08898,238.98,0.0,3.3293535156250025
2025-11-10 01:00:00,0.08764,266.3,0.0,3.365059082031246
2025-11-10 02:00:00,0.0889,266.3,0.0,3.3883757324218777
2025-11-10 03:00:00,0.08752,266.3,0.0,3.427776367187503
2025-11-10 04:00:00,0.08718,356.71,0.0,3.4505913085937525
2025-11-10 05:00:00,0.09231,356.71,0.0,3.4589702148437524
2025-11-10 06:00:00,0.11345,356.71,0.0,3.3139946289062525
2025-11-10 07:00:00,0.143,515.0,0.0,3.3865117187500027
2025-11-10 08:00:00,0.15788,515.0,300.0,3.5893632812500025
2025-11-10 09:00:00,0.1443,515.0,9.8,3.7275932617187526
2025-11-10 10:00:00,0.12627,330.78,36.2,3.886550781250002
2025-11-10 11:00:00,0.11525,330.78,59.3,4.0
2025-11-10 12:00:00,0.10592,330.78,74.3,4.0
2025-11-10 13:00:00,0.1084099999999999,220.18,111.0,4.0
2025-11-10 14:00:00,0.1155699999999999,220.18,66.5,4.0
2025-11-10 15:00:00,0.12625,220.18,31.4,3.932532226562503
2025-11-10 16:00:00,0.13336,200.11,28.6,3.8261040039062526
2025-11-10 17:00:00,0.1394,200.11,4.13,3.7527849121093775
2025-11-10 18:00:00,0.12073,200.11,0.0,3.641881591796878
2025-11-10 19:00:00,0.10366,193.06,0.0,3.607728759765628
2025-11-10 20:00:00,0.09011,193.06,0.0,3.639651367187503
2025-11-10 21:00:00,0.08899,193.06,0.0,3.6495427246093777
2025-11-10 22:00:00,0.08839,191.12,0.0,3.6500371093750026
2025-11-10 23:00:00,0.08387,191.12,0.0,3.651875488281246
2025-11-11 00:00:00,0.08319,191.12,0.0,3.676312744140628
2025-11-11 01:00:00,0.07998,176.82,0.0,3.7048112792968775
2025-11-11 02:00:00,0.0757999999999999,176.82,0.0,3.7228105468750026
2025-11-11 03:00:00,0.07487,176.82,0.0,3.725341064453128
2025-11-11 04:00:00,0.0755,206.98,0.0,3.7303618164062526
2025-11-11 05:00:00,0.07707,206.98,0.0,3.7224626464843777
2025-11-11 06:00:00,0.08679,206.98,0.0,3.543641845703128
2025-11-11 07:00:00,0.10521,263.85,0.0,3.596830322265628
2025-11-11 08:00:00,0.1138,263.85,0.0,3.709550048828128
2025-11-11 09:00:00,0.10312,263.85,6.73,3.812854492187503
2025-11-11 10:00:00,0.09147,189.04,29.6,3.905062744140628
2025-11-11 11:00:00,0.08792,189.04,65.9,3.9532780761718778
2025-11-11 12:00:00,0.08666,189.04,92.3,3.9736979980468776
2025-11-11 13:00:00,0.08993,135.87,91.7,3.9629753417968776
2025-11-11 14:00:00,0.10124,135.87,72.1,3.9305107421875034
2025-11-11 15:00:00,0.12428,135.87,79.7,3.879416992187503
2025-11-11 16:00:00,0.14307,134.94,46.6,3.8235075683593776
2025-11-11 17:00:00,0.14326,134.94,7.6,3.8021245117187528
2025-11-11 18:00:00,0.115,134.94,100.0,3.709593994140628
2025-11-11 19:00:00,0.10503,163.12,0.0,3.697523681640628
2025-11-11 20:00:00,0.09818,163.12,0.0,3.6942460937500026
2025-11-11 21:00:00,0.09638,163.12,0.0,3.682344238281246
2025-11-11 22:00:00,0.09206,158.31,0.0,3.6581596679687527
2025-11-11 23:00:00,0.0755,158.31,0.0,3.631583740234378
2025-11-12 00:00:00,0.07498,158.31,0.0,3.6103032226562526
2025-11-12 01:00:00,0.0683199999999999,164.18,0.0,3.5753557128906275
2025-11-12 02:00:00,0.06441,164.18,0.0,3.5042485351562527
2025-11-12 03:00:00,0.0624,164.18,0.0,3.4522685546875027
2025-11-12 04:00:00,0.0622999999999999,189.93,0.0,3.433760253906253
2025-11-12 05:00:00,0.0693,189.93,0.0,3.444017822265628
2025-11-12 06:00:00,0.077,189.93,0.0,3.5004436035156274
2025-11-12 07:00:00,0.10726,256.66,0.0,3.5400712890625026
2025-11-12 08:00:00,0.10072,256.66,0.0,3.5687126464843777
2025-11-12 09:00:00,0.07811,256.66,5.18,3.634476806640628
2025-11-12 10:00:00,0.07153,136.24,24.1,3.7382097167968777
2025-11-12 11:00:00,0.06,136.24,62.4,3.798528320312503
2025-11-12 12:00:00,0.05914,136.24,79.3,3.827268554687503
2025-11-12 13:00:00,0.07377,89.95,76.5,3.748514892578128
2025-11-12 14:00:00,0.08043,89.95,57.9,3.675360595703128
2025-11-12 15:00:00,0.10497,89.95,31.8,3.582189208984378
2025-11-12 16:00:00,0.11363,96.06,12.4,3.497697021484377
2025-11-12 17:00:00,0.1154,96.06,2.68,3.476848632812503
2025-11-12 18:00:00,0.10487,96.06,0.0,3.4897136230468777
2025-11-12 19:00:00,0.08893,120.03,0.0,3.517864257812503
2025-11-12 20:00:00,0.08095,120.03,0.0,3.523851806640628
2025-11-12 21:00:00,0.0769099999999999,120.03,0.0,3.5133635253906275
2025-11-12 22:00:00,0.0755499999999999,112.93,0.0,3.4956828613281274
2025-11-12 23:00:00,0.05693,112.93,0.0,3.469073974609377
2025-11-13 00:00:00,0.03292,112.93,0.0,3.451561767578128
2025-11-13 01:00:00,0.0189699999999999,76.71,0.0,3.4534587402343777
2025-11-13 02:00:00,0.01119,76.71,0.0,3.4723369140625024
2025-11-13 03:00:00,0.00778,76.71,0.0,3.4506206054687527
2025-11-13 04:00:00,0.006,70.01,0.0,3.451034423828128
2025-11-13 05:00:00,0.02597,70.01,0.0,3.4219645996093777
2025-11-13 06:00:00,0.05089,70.01,0.0,3.3644365234375027
2025-11-13 07:00:00,0.0768499999999999,90.71,0.0,3.3873613281250026
2025-11-13 08:00:00,0.06608,90.71,0.0,3.445625488281246
2025-11-13 09:00:00,0.05361,90.71,3.7,3.521808349609377
2025-11-13 10:00:00,0.05032,65.83,18.6,3.611097900390628
2025-11-13 11:00:00,0.04296,65.83,26.9,3.678901855468753
2025-11-13 12:00:00,0.04809,65.83,45.3,3.690159179687503
2025-11-13 13:00:00,0.06057,18.34,103.0,3.6786235351562526
2025-11-13 14:00:00,0.07734,18.34,81.9,3.630155517578128
2025-11-13 15:00:00,0.10166,18.34,38.5,3.556188232421878
2025-11-13 16:00:00,0.11151,44.55,17.2,3.507731201171877
2025-11-13 17:00:00,0.1301,44.55,2.23,3.478958007812502
2025-11-13 18:00:00,0.1318,44.55,0.0,3.428336669921878
2025-11-13 19:00:00,0.1298899999999999,72.97,0.0,3.4041301269531274
2025-11-13 20:00:00,0.1118499999999999,72.97,0.0,3.346862060546877
2025-11-13 21:00:00,0.11661,72.97,0.0,3.3278154296875027
2025-11-13 22:00:00,0.11059,88.07,0.0,3.2898649902343777
2025-11-13 23:00:00,0.10277,88.07,0.0,3.253324462890628
2025-11-14 00:00:00,0.09844,88.07,0.0,3.2011503906250027
2025-11-14 01:00:00,0.0958,73.7,0.0,3.1514555664062525
2025-11-14 02:00:00,0.09493,73.7,0.0,3.1137285156250027
2025-11-14 03:00:00,0.09153,73.7,0.0,3.1089567871093777
2025-11-14 04:00:00,0.0921299999999999,87.78,0.0,3.095736572265628
2025-11-14 05:00:00,0.0916,87.78,0.0,3.1017241210937527
2025-11-14 06:00:00,0.11278,87.78,0.0,3.0897526855468778
2025-11-14 07:00:00,0.13835,99.86,0.0,3.151927978515628
2025-11-14 08:00:00,0.1363899999999999,99.86,0.0,3.2465385742187527
2025-11-14 09:00:00,0.1209,99.86,1.83,3.339962646484378
2025-11-14 10:00:00,0.11203,65.74,7.5,3.400431396484377
2025-11-14 11:00:00,0.10604,65.74,16.2,3.443981201171878
2025-11-14 12:00:00,0.10123,65.74,9.2,3.4822795410156275
2025-11-14 13:00:00,0.10542,73.03,8.4,3.4980778808593778
2025-11-14 14:00:00,0.10706,73.03,14.3,3.4824516601562525
2025-11-14 15:00:00,0.11539,73.03,15.2,3.455352050781246
2025-11-14 16:00:00,0.11597,64.3,9.25,3.4579448242187527
2025-11-14 17:00:00,0.13157,64.3,1.83,3.4697770996093777
2025-11-14 18:00:00,0.11981,64.3,0.0,3.470494873046878
2025-11-14 19:00:00,0.10649,65.37,0.0,3.4857951660156274
2025-11-14 20:00:00,0.09892,65.37,0.0,3.4983232421875026
2025-11-14 21:00:00,0.0931599999999999,65.37,0.0,3.505090820312503
2025-11-14 22:00:00,0.09702,63.92,0.0,3.5074345703125025
2025-11-14 23:00:00,0.07865,63.92,0.0,3.508632080078128
2025-11-15 00:00:00,0.0773799999999999,63.92,0.0,3.5097453613281275
2025-11-15 01:00:00,0.07795,83.87,0.0,3.518724853515628
2025-11-15 02:00:00,0.07472,83.87,0.0,3.526935302734377
2025-11-15 03:00:00,0.07303,83.87,0.0,3.5356437988281275
2025-11-15 04:00:00,0.0722,111.68,0.0,3.542045166015628
2025-11-15 05:00:00,0.07062,111.68,0.0,3.5521232910156275
2025-11-15 06:00:00,0.06816,111.68,0.0,3.531721679687503
2025-11-15 07:00:00,0.07706,116.41,0.0,3.5626005859375027
2025-11-15 08:00:00,0.0800699999999999,116.41,0.0,3.613983642578128
2025-11-15 09:00:00,0.08524,116.41,1.25,3.657328369140628
2025-11-15 10:00:00,0.08561,103.49,5.48,3.6905253906250026
2025-11-15 11:00:00,0.08542,103.49,10.9,3.7220964355468777
2025-11-15 12:00:00,0.08419,103.49,11.8,3.6977617187500025
2025-11-15 13:00:00,0.09067,91.23,11.9,3.6623601074218777
2025-11-15 14:00:00,0.09465,91.23,15.1,3.626702148437503
2025-11-15 15:00:00,0.10119,91.23,20.2,3.5772893066406275
2025-11-15 16:00:00,0.10979,95.65,22.1,3.5416643066406275
2025-11-15 17:00:00,0.1217999999999999,95.65,4.08,3.5132353515625026
2025-11-15 18:00:00,0.1215199999999999,95.65,0.0,3.5070756835937527
2025-11-15 19:00:00,0.1140699999999999,107.52,0.0,3.503988525390628
2025-11-15 20:00:00,0.1091299999999999,107.52,0.0,3.500377685546878
2025-11-15 21:00:00,0.10289,107.52,0.0,3.4876665039062527
2025-11-15 22:00:00,0.10172,122.1,0.0,3.467081787109377
2025-11-15 23:00:00,0.09787,122.1,0.0,3.450067626953128
2025-11-16 00:00:00,0.09375,122.1,0.0,3.423477050781246
2025-11-16 01:00:00,0.095,120.86,0.0,3.421389648437503
2025-11-16 02:00:00,0.0933499999999999,120.86,0.0,3.3966264648437527
2025-11-16 03:00:00,0.09145,120.86,0.0,3.402002441406253
2025-11-16 04:00:00,0.0882199999999999,121.85,0.0,3.366542236328128
2025-11-16 05:00:00,0.0911299999999999,121.85,0.0,3.3691423339843776
2025-11-16 06:00:00,0.08567,121.85,0.0,3.3269255371093776
2025-11-16 07:00:00,0.0924899999999999,146.7,0.0,3.3583281250000026
2025-11-16 08:00:00,0.09849,146.7,0.0,3.4137541503906275
2025-11-16 09:00:00,0.10119,146.7,1.13,3.466799804687503
2025-11-16 10:00:00,0.09928,184.84,16.1,3.5122282714843776
2025-11-16 11:00:00,0.10257,184.84,8.58,3.5706865234375025
2025-11-16 12:00:00,0.10247,184.84,8.65,3.595321533203128
2025-11-16 13:00:00,0.104,214.32,10.5,3.591172363281246
2025-11-16 14:00:00,0.1092699999999999,214.32,10.1,3.564552490234377
2025-11-16 15:00:00,0.11672,214.32,5.32,3.519362060546878
2025-11-16 16:00:00,0.1245,234.42,3.2,3.467938720703128
2025-11-16 17:00:00,0.12937,234.42,350.0,3.4227043457031274
2025-11-16 18:00:00,0.12521,234.42,0.0,3.4325004882812458
2025-11-16 19:00:00,0.11533,259.46,0.0,3.404291259765628
2025-11-16 20:00:00,0.10272,259.46,0.0,3.3470012207031274
2025-11-16 21:00:00,0.0914099999999999,259.46,0.0,3.3392851562500026
2025-11-16 22:00:00,0.09439,279.85,0.0,3.3185979003906274
2025-11-16 23:00:00,0.08653,279.85,0.0,3.289495117187503
2025-11-17 00:00:00,0.08829,279.85,0.0,3.2160991210937526
2025-11-17 01:00:00,0.08056,335.19,0.0,3.1942583007812457
2025-11-17 02:00:00,0.07409,335.19,0.0,3.1650273437500025
2025-11-17 03:00:00,0.07132,335.19,0.0,3.1807524414062525
2025-11-17 04:00:00,0.0741,378.6,0.0,3.1757829589843776
2025-11-17 05:00:00,0.0836,378.6,0.0,3.1480351562500024
2025-11-17 06:00:00,0.08959,378.6,0.0,3.0468583984375024
2025-11-17 07:00:00,0.11487,440.0,0.0,3.107718994140628
2025-11-17 08:00:00,0.12699,440.0,0.0,3.240298339843753
2025-11-17 09:00:00,0.1216899999999999,440.0,2.63,3.334861328125003
2025-11-17 10:00:00,0.10522,411.0,18.0,3.404789306640628
2025-11-17 11:00:00,0.08439,411.0,25.8,3.448375732421878
2025-11-17 12:00:00,0.07781,411.0,40.8,3.4893474121093777
2025-11-17 13:00:00,0.07779,393.02,98.1,3.4953496093750025
2025-11-17 14:00:00,0.08704,393.02,95.3,3.471842529296877
2025-11-17 15:00:00,0.09752,393.02,68.0,3.4433330078125026
2025-11-17 16:00:00,0.10732,356.4,20.8,3.419591552734377
2025-11-17 17:00:00,0.11736,356.4,6.28,3.410443603515628
2025-11-17 18:00:00,0.11649,356.4,100.0,3.360433837890628
2025-11-17 19:00:00,0.1107,362.0,0.0,3.381095458984378
2025-11-17 20:00:00,0.10289,362.0,0.0,3.406752197265628
2025-11-17 21:00:00,0.0927,362.0,0.0,3.4312333984375027
2025-11-17 22:00:00,0.08971,394.07,0.0,3.447533447265628
2025-11-17 23:00:00,0.08114,394.07,0.0,3.465316650390628
2025-11-18 00:00:00,0.08488,394.07,0.0,3.480452148437503
2025-11-18 01:00:00,0.08283,390.29,0.0,3.480433837890628
2025-11-18 02:00:00,0.07904,390.29,0.0,3.478203613281246
2025-11-18 03:00:00,0.07772,390.29,0.0,3.4664921875000028
2025-11-18 04:00:00,0.08051,415.15,0.0,3.450686523437503
2025-11-18 05:00:00,0.08347,415.15,0.0,3.4417399902343777
2025-11-18 06:00:00,0.0910499999999999,415.15,0.0,3.355599853515628
2025-11-18 07:00:00,0.10474,534.0,0.0,3.378202392578128
2025-11-18 08:00:00,0.11984,534.0,0.0,3.4024931640625025
2025-11-18 09:00:00,0.10745,534.0,6.57,3.4277214355468777
2025-11-18 10:00:00,0.0921299999999999,451.0,12.9,3.508569824218753
2025-11-18 11:00:00,0.0888,451.0,26.7,3.493405029296877
2025-11-18 12:00:00,0.0892,451.0,80.9,3.456732666015628
2025-11-18 13:00:00,0.0906,407.44,108.0,3.441604492187502
2025-11-18 14:00:00,0.09658,407.44,60.4,3.3937150878906275
2025-11-18 15:00:00,0.1206,407.44,25.2,3.3119108886718776
2025-11-18 16:00:00,0.14191,368.98,7.15,3.2275908203125026
2025-11-18 17:00:00,0.15166,368.98,1.1,3.1755449218750025
2025-11-18 18:00:00,0.1438,368.98,0.0,3.2008867187500027
2025-11-18 19:00:00,0.13115,340.25,0.0,3.161097900390628
2025-11-18 20:00:00,0.1071299999999999,340.25,0.0,3.1137431640625026
2025-11-18 21:00:00,0.09464,340.25,0.0,3.1332292480468777
2025-11-18 22:00:00,0.09748,319.26,0.0,3.1796098632812457
2025-11-18 23:00:00,0.08996,319.26,0.0,3.2140703125000027
2025-11-19 00:00:00,0.08738,319.26,0.0,3.2460698242187527
2025-11-19 01:00:00,0.08623,310.28,0.0,3.2744658203125026
2025-11-19 02:00:00,0.08417,310.28,0.0,3.2754216308593778
2025-11-19 03:00:00,0.08319,310.28,0.0,3.2518303222656275
2025-11-19 04:00:00,0.08439,355.41,0.0,3.2223100585937527
2025-11-19 05:00:00,0.087,355.41,0.0,3.1860661621093778
2025-11-19 06:00:00,0.09903,355.41,0.0,3.2144511718750026
2025-11-19 07:00:00,0.12703,472.0,0.0,3.214418212890628
2025-11-19 08:00:00,0.1366699999999999,472.0,0.0,3.233607666015628
2025-11-19 09:00:00,0.11516,472.0,1.23,3.2668449707031275
2025-11-19 10:00:00,0.09752,463.0,13.9,3.3191655273437526
2025-11-19 11:00:00,0.09162,463.0,11.2,3.3344877929687526
2025-11-19 12:00:00,0.08959,463.0,8.48,3.3687431640625025
2025-11-19 13:00:00,0.0935999999999999,467.0,10.4,3.3644841308593776
2025-11-19 14:00:00,0.10462,467.0,9.73,3.3226884765625027
2025-11-19 15:00:00,0.11305,467.0,12.7,3.2612675781250027
2025-11-19 16:00:00,0.11781,356.68,5.55,3.217146484375003
2025-11-19 17:00:00,0.12757,356.68,400.0,3.194467041015628
2025-11-19 18:00:00,0.11919,356.68,0.0,3.1771562500000026
2025-11-19 19:00:00,0.11905,341.28,0.0,3.1333793945312456
2025-11-19 20:00:00,0.1056899999999999,341.28,0.0,3.1409599609375025
2025-11-19 21:00:00,0.10023,341.28,0.0,3.1531657714843777
2025-11-19 22:00:00,0.09917,393.23,0.0,3.1588750000000028
2025-11-19 23:00:00,0.09189,393.23,0.0,3.192445556640628
2025-11-20 00:00:00,0.09063,393.23,0.0,3.2531523437500027
2025-11-20 01:00:00,0.08809,378.27,0.0,3.413146240234377
2025-11-20 02:00:00,0.08703,378.27,0.0,3.588140136718753
2025-11-20 03:00:00,0.0868,378.27,0.0,3.655387451171878
2025-11-20 04:00:00,0.08713,430.62,0.0,3.6988200683593777
2025-11-20 05:00:00,0.0905,430.62,0.0,3.712970458984378
2025-11-20 06:00:00,0.10368,430.62,0.0,3.7831218261718775
2025-11-20 07:00:00,0.1444099999999999,582.0,0.0,3.823053466796878
2025-11-20 08:00:00,0.15572,582.0,0.0,3.843759033203128
2025-11-20 09:00:00,0.15366,582.0,1.27,3.8375114746093777
2025-11-20 10:00:00,0.14127,528.23,12.5,3.773673583984378
2025-11-20 11:00:00,0.1293,528.23,38.6,3.7432927246093777
2025-11-20 12:00:00,0.12505,528.23,46.2,3.742758056640628
2025-11-20 13:00:00,0.1261,470.0,49.5,3.6624626464843777
2025-11-20 14:00:00,0.1341999999999999,470.0,36.3,3.396461669921877
2025-11-20 15:00:00,0.14969,470.0,53.2,3.0898002929687527
2025-11-20 16:00:00,0.17583,408.81,11.7,2.8823784179687526
2025-11-20 17:00:00,0.17547,408.81,1.75,2.813885986328128
2025-11-20 18:00:00,0.16325,408.81,0.0,2.852477294921877
2025-11-20 19:00:00,0.15602,384.26,0.0,2.8364921875000024
2025-11-20 20:00:00,0.1371,384.26,0.0,2.796396484375001
2025-11-20 21:00:00,0.12075,384.26,0.0,2.795310058593752
2025-11-20 22:00:00,0.1082399999999999,415.25,0.0,2.8123002929687524
2025-11-20 23:00:00,0.09376,415.25,0.0,2.8119084472656275
2025-11-21 00:00:00,0.10155,415.25,0.0,2.7804805501302097
2025-11-21 01:00:00,0.09414,421.27,0.0,2.7675533040364595
2025-11-21 02:00:00,0.09028,421.27,0.0,2.771833902994793
2025-11-21 03:00:00,0.0901899999999999,421.27,0.0,2.779949544270835
2025-11-21 04:00:00,0.0936299999999999,452.1,0.0,2.7905554199218763
2025-11-21 05:00:00,0.10187,452.1,0.0,2.8111833496093777
2025-11-21 06:00:00,0.13353,452.1,0.0,2.818573486328128
2025-11-21 07:00:00,0.18042,597.0,0.0,2.8032915039062525
2025-11-21 08:00:00,0.20538,597.0,0.0,2.8110039062500025
2025-11-21 09:00:00,0.18183,597.0,1.5,2.8391582031250024
2025-11-21 10:00:00,0.15102,548.0,13.2,2.8773173828125027
2025-11-21 11:00:00,0.13772,548.0,63.7,2.8941630859375027
2025-11-21 12:00:00,0.13034,548.0,93.3,2.9249138183593777
2025-11-21 13:00:00,0.13558,489.01,108.0,2.930538818359377
2025-11-21 14:00:00,0.15375,489.01,89.7,2.911906005859377
2025-11-21 15:00:00,0.19684,489.01,80.3,2.8273662109375026
2025-11-21 16:00:00,0.25187,449.06,37.7,2.789438476562501
2025-11-21 17:00:00,0.25001,449.06,4.0,2.7664973958333348
2025-11-21 18:00:00,0.20509,449.06,0.0,2.741609293619793
2025-11-21 19:00:00,0.17137,453.25,0.0,2.7288427734375014
2025-11-21 20:00:00,0.14195,453.25,0.0,2.7079443359375013
2025-11-21 21:00:00,0.11731,453.25,0.0,2.712025553385418
2025-11-21 22:00:00,0.1049,489.25,0.0,2.735896402994793
2025-11-21 23:00:00,0.09503,489.25,0.0,2.745259195963543
2025-11-22 00:00:00,0.10225,489.25,0.0,2.758041992187501
2025-11-22 01:00:00,0.0945999999999999,499.25,0.0,2.765010172526043
2025-11-22 02:00:00,0.0884399999999999,499.25,0.0,2.761750895182293
2025-11-22 03:00:00,0.08528,499.25,0.0,2.7402034505208346
2025-11-22 04:00:00,0.0861,495.48,0.0,2.695855305989581
2025-11-22 05:00:00,0.08528,495.48,0.0,2.64238240559896
2025-11-22 06:00:00,0.0905199999999999,495.48,0.0,2.658452962239581
2025-11-22 07:00:00,0.10675,533.17,0.0,2.6542272949218764
2025-11-22 08:00:00,0.10421,533.17,0.0,2.6857478841145848
2025-11-22 09:00:00,0.08912,533.17,3.5,2.733829345703126
2025-11-22 10:00:00,0.08201,475.42,34.3,2.7764501953125014
2025-11-22 11:00:00,0.07858,475.42,61.9,2.798536783854168
2025-11-22 12:00:00,0.07628,475.42,69.0,2.8114982910156274
2025-11-22 13:00:00,0.07537,375.4,71.2,2.805917236328128
2025-11-22 14:00:00,0.08165,375.4,64.8,2.7810970052083346
2025-11-22 15:00:00,0.08897,375.4,61.4,2.7264786783854182
2025-11-22 16:00:00,0.105,404.49,30.8,2.6677709960937515
2025-11-22 17:00:00,0.1144599999999999,404.49,6.75,2.623843994140626
2025-11-22 18:00:00,0.10925,404.49,0.0,2.5939326985677096
2025-11-22 19:00:00,0.09833,451.3,0.0,2.585662434895835
2025-11-22 20:00:00,0.0866099999999999,451.3,0.0,2.586720377604168
2025-11-22 21:00:00,0.08925,451.3,0.0,2.592937825520835
2025-11-22 22:00:00,0.08943,461.31,0.0,2.5856054687500016
2025-11-22 23:00:00,0.08223,461.31,0.0,2.58339803059896
2025-11-23 00:00:00,0.08153,461.31,0.0,2.584392903645835
2025-11-23 01:00:00,0.07435,477.27,0.0,2.5975724283854182
2025-11-23 02:00:00,0.07044,477.27,0.0,2.625496012369793
2025-11-23 03:00:00,0.06323,477.27,0.0,2.62720906575521
2025-11-23 04:00:00,0.06089,456.24,0.0,2.622755533854168
2025-11-23 05:00:00,0.0642099999999999,456.24,0.0,2.6129309082031265
2025-11-23 06:00:00,0.06203,456.24,0.0,2.6920690917968764
2025-11-23 07:00:00,0.06798,439.26,0.0,2.7218908691406263
2025-11-23 08:00:00,0.06783,439.26,0.0,2.7667293294270845
2025-11-23 09:00:00,0.0659599999999999,439.26,1.0,2.8281755371093777
2025-11-23 10:00:00,0.06599,387.33,5.98,2.905790283203128
2025-11-23 11:00:00,0.06669,387.33,13.7,2.9495378417968774
2025-11-23 12:00:00,0.06786,387.33,67.5,2.944755126953128
2025-11-23 13:00:00,0.0654599999999999,337.59,75.1,2.982445556640628
2025-11-23 14:00:00,0.06943,337.59,34.3,3.0126542968750027
2025-11-23 15:00:00,0.07729,337.59,11.2,2.965303222656253
2025-11-23 16:00:00,0.07789,384.27,2.8,2.9599052734375024
2025-11-23 17:00:00,0.08084,384.27,1.05,2.9219328613281275
2025-11-23 18:00:00,0.08254,384.27,0.0,2.8701982421875027
2025-11-23 19:00:00,0.0838,333.23,0.0,2.8359575195312456
2025-11-23 20:00:00,0.0774099999999999,333.23,0.0,2.7994930013020847
2025-11-23 21:00:00,0.0741599999999999,333.23,0.0,2.793122965494793
2025-11-23 22:00:00,0.07517,330.32,0.0,2.777400309244793
2025-11-23 23:00:00,0.07126,330.32,0.0,2.745523681640626
2025-11-24 00:00:00,0.07246,330.32,0.0,2.727345377604168
2025-11-24 01:00:00,0.07006,337.27,0.0,2.7044124348958345
2025-11-24 02:00:00,0.07226,337.27,0.0,2.683391927083335
2025-11-24 03:00:00,0.07328,337.27,0.0,2.7085485839843764
2025-11-24 04:00:00,0.07376,349.28,0.0,2.728500976562501
2025-11-24 05:00:00,0.0800699999999999,349.28,0.0,2.755832519531251
2025-11-24 06:00:00,0.09031,349.28,0.0,2.77125203450521
2025-11-24 07:00:00,0.10439,435.0,0.0,2.837198974609377
2025-11-24 08:00:00,0.10779,435.0,0.0,2.9544414062500026
2025-11-24 09:00:00,0.11026,435.0,1.33,3.0297783203125026
2025-11-24 10:00:00,0.11745,358.74,13.0,3.0881413574218777
2025-11-24 11:00:00,0.12804,358.74,28.4,3.1070378417968776
2025-11-24 12:00:00,0.13424,358.74,25.7,3.131248046875003
2025-11-24 13:00:00,0.14999,324.32,40.3,3.154066650390628
2025-11-24 14:00:00,0.17354,324.32,25.8,3.1796025390625027
2025-11-24 15:00:00,0.19581,324.32,15.6,3.2234013671875026
2025-11-24 16:00:00,0.22578,285.24,16.8,3.2785600585937527
2025-11-24 17:00:00,0.26348,285.24,4.05,3.3277714843750026
2025-11-24 18:00:00,0.23059,285.24,0.0,3.3414311523437528
2025-11-24 19:00:00,0.1883,284.24,0.0,3.348854248046877
2025-11-24 20:00:00,0.15119,284.24,0.0,3.456110107421878
2025-11-24 21:00:00,0.13524,284.24,0.0,3.5963395996093777
2025-11-24 22:00:00,0.12304,287.26,0.0,3.723114501953128
2025-11-24 23:00:00,0.1054099999999999,287.26,0.0,3.771201660156253
2025-11-25 00:00:00,0.1009,287.26,0.0,3.803479492187503
2025-11-25 01:00:00,0.09915,284.24,0.0,3.800879394531246
2025-11-25 02:00:00,0.09759,284.24,0.0,3.818534423828128
2025-11-25 03:00:00,0.0960999999999999,284.24,0.0,3.896167480468753
2025-11-25 04:00:00,0.09951,326.31,0.0,3.932795898437503
2025-11-25 05:00:00,0.10673,326.31,0.0,3.944686767578128
2025-11-25 06:00:00,0.1224099999999999,326.31,0.0,3.923684570312503
2025-11-25 07:00:00,0.29102,431.0,0.0,3.9816960449218777
2025-11-25 08:00:00,0.3332799999999999,431.0,0.0,4.0
2025-11-25 09:00:00,0.2926499999999999,431.0,1.0,4.0
2025-11-25 10:00:00,0.27309,449.0,3.43,4.0
2025-11-25 11:00:00,0.32663,449.0,7.05,4.0
2025-11-25 12:00:00,0.351,449.0,5.9,4.0
2025-11-25 13:00:00,0.31765,438.0,4.0,4.0
2025-11-25 14:00:00,0.3,438.0,7.23,4.0
2025-11-25 15:00:00,0.31,438.0,5.05,4.0
2025-11-25 16:00:00,0.32508,324.84,7.95,4.0
2025-11-25 17:00:00,0.37331,324.84,1.9,4.0
2025-11-25 18:00:00,0.29791,324.84,0.0,4.0
2025-11-25 19:00:00,0.24937,289.28,0.0,4.0
2025-11-25 20:00:00,0.17283,289.28,0.0,4.0
2025-11-25 21:00:00,0.13502,289.28,0.0,4.0
2025-11-25 22:00:00,0.11916,283.3,0.0,4.0
2025-11-25 23:00:00,0.10204,283.3,0.0,4.0
2025-11-26 00:00:00,0.0928499999999999,283.3,0.0,4.0
2025-11-26 01:00:00,0.08995,310.26,0.0,4.0
2025-11-26 02:00:00,0.0883299999999999,310.26,0.0,4.0
2025-11-26 03:00:00,0.0894399999999999,310.26,0.0,4.0
2025-11-26 04:00:00,0.0897999999999999,354.59,0.0,4.0
2025-11-26 05:00:00,0.09725,354.59,0.0,4.0
2025-11-26 06:00:00,0.12982,354.59,0.0,4.0
2025-11-26 07:00:00,0.1911699999999999,478.87,0.0,4.0
2025-11-26 08:00:00,0.23722,478.87,0.0,4.0
2025-11-26 09:00:00,0.2118499999999999,478.87,100.0,4.0
2025-11-26 10:00:00,0.1971399999999999,491.0,2.53,4.0
2025-11-26 11:00:00,0.1705,491.0,13.5,4.0
2025-11-26 12:00:00,0.16468,491.0,6.5,4.0
2025-11-26 13:00:00,0.16824,474.0,8.65,4.0
2025-11-26 14:00:00,0.18449,474.0,11.7,4.0
2025-11-26 15:00:00,0.22372,474.0,6.88,3.985750000000003
2025-11-26 16:00:00,0.29438,387.45,5.85,3.863929931640628
2025-11-26 17:00:00,0.29461,387.45,1.85,3.7819609375000023
2025-11-26 18:00:00,0.22893,387.45,0.0,3.701976806640628
2025-11-26 19:00:00,0.18367,365.26,0.0,3.6630339355468777
2025-11-26 20:00:00,0.14126,365.26,0.0,3.640746337890628
2025-11-26 21:00:00,0.11495,365.26,0.0,3.621161376953128
2025-11-26 22:00:00,0.10199,407.26,0.0,3.598339111328128
2025-11-26 23:00:00,0.0901899999999999,407.26,0.0,3.539419433593753
2025-11-27 00:00:00,0.08995,407.26,0.0,3.4846708984375026
2025-11-27 01:00:00,0.08427,424.29,0.0,3.438890869140628
2025-11-27 02:00:00,0.07995,424.29,0.0,3.380520507812503
2025-11-27 03:00:00,0.07734,424.29,0.0,3.356782714843753
2025-11-27 04:00:00,0.07995,437.9,0.0,3.331074707031246
2025-11-27 05:00:00,0.08208,437.9,0.0,3.332748291015628
2025-11-27 06:00:00,0.11222,437.9,0.0,3.4274174804687525
2025-11-27 07:00:00,0.122,519.0,0.0,3.416211425781246
2025-11-27 08:00:00,0.1231,519.0,0.0,3.5052482910156275
2025-11-27 09:00:00,0.10695,519.0,2.4,3.6099003906250022
2025-11-27 10:00:00,0.09095,455.0,9.68,3.6849040527343777
2025-11-27 11:00:00,0.08866,455.0,18.2,3.7396196289062527
2025-11-27 12:00:00,0.08706,455.0,8.6,3.7377995605468777
2025-11-27 13:00:00,0.08576,433.0,9.57,3.687152587890628
2025-11-27 14:00:00,0.08925,433.0,8.45,3.628430664062503
2025-11-27 15:00:00,0.0906,433.0,5.78,3.5264628906250026
2025-11-27 16:00:00,0.09043,309.75,2.03,3.460870849609378
2025-11-27 17:00:00,0.09751,309.75,0.0,3.428373291015628
2025-11-27 18:00:00,0.10139,309.75,0.0,3.456545898437503
2025-11-27 19:00:00,0.08827,252.28,0.0,3.4506132812500026
2025-11-27 20:00:00,0.0854,252.28,0.0,3.421730224609377
2025-11-27 21:00:00,0.08063,252.28,0.0,3.4092607421875027
2025-11-27 22:00:00,0.0851,255.27,0.0,3.3917302246093777
2025-11-27 23:00:00,0.06946,255.27,0.0,3.3469609375000027
2025-11-28 00:00:00,0.06084,255.27,0.0,3.332374755859377
2025-11-28 01:00:00,0.055,240.27,0.0,3.344485351562503
2025-11-28 02:00:00,0.05293,240.27,0.0,3.3624260253906275
2025-11-28 03:00:00,0.04788,240.27,0.0,3.3593425292968777
2025-11-28 04:00:00,0.05838,263.27,0.0,3.329547607421877
2025-11-28 05:00:00,0.06104,263.27,0.0,3.3772978515625027
2025-11-28 06:00:00,0.08286,263.27,0.0,3.4359428710937525
2025-11-28 07:00:00,0.08782,358.0,0.0,3.5180839843750027
2025-11-28 08:00:00,0.10048,358.0,0.0,3.5859392089843776
2025-11-28 09:00:00,0.1034,358.0,0.0,3.690082275390628
2025-11-28 10:00:00,0.0978499999999999,327.7,1.75,3.782495605468753
2025-11-28 11:00:00,0.10282,327.7,6.32,3.843041259765628
2025-11-28 12:00:00,0.0987099999999999,327.7,12.9,3.864043457031246
2025-11-28 13:00:00,0.09945,255.4,12.7,3.871012451171878
2025-11-28 14:00:00,0.09879,255.4,16.2,3.8814897460937527
2025-11-28 15:00:00,0.10467,255.4,0.0,3.8904985351562527
2025-11-28 16:00:00,0.1034,192.77,0.0,3.899456054687503
2025-11-28 17:00:00,0.09616,192.77,0.0,3.8879570312500022
2025-11-28 18:00:00,0.09813,192.77,0.0,3.619788085937503
2025-11-28 19:00:00,0.0933199999999999,196.23,0.0,3.406924316406253
2025-11-28 20:00:00,0.08846,196.23,0.0,3.343101074218753
2025-11-28 21:00:00,0.08541,196.23,0.0,3.333275634765628
2025-11-28 22:00:00,0.08554,212.29,0.0,3.3146757812500027
2025-11-28 23:00:00,0.07783,212.29,0.0,3.2758867187500025
2025-11-29 00:00:00,0.08173,212.29,0.0,3.260472900390628
2025-11-29 01:00:00,0.0809,249.28,0.0,3.253917724609378
2025-11-29 02:00:00,0.08134,249.28,0.0,3.2423747558593776
2025-11-29 03:00:00,0.08256,249.28,0.0,3.230077392578128
2025-11-29 04:00:00,0.0857,244.26,0.0,3.2223796386718777
2025-11-29 05:00:00,0.09,244.26,0.0,3.1812138671875028
2025-11-29 06:00:00,0.09089,244.26,0.0,3.1723149414062526
2025-11-29 07:00:00,0.09618,271.22,0.0,3.1690629882812456
2025-11-29 08:00:00,0.08915,271.22,0.0,3.239196044921877
2025-11-29 09:00:00,0.10158,271.22,0.0,3.3286320800781275
2025-11-29 10:00:00,0.10144,229.43,0.0,3.3981791992187524
2025-11-29 11:00:00,0.09526,229.43,0.0,3.456025878906253
2025-11-29 12:00:00,0.0861,229.43,0.0,3.483107177734378
2025-11-29 13:00:00,0.08796,165.78,0.0,3.4786943359375027
2025-11-29 14:00:00,0.09173,165.78,0.0,3.4115458984375024
2025-11-29 15:00:00,0.10272,165.78,0.0,3.2840678710937525
2025-11-29 16:00:00,0.10265,173.81,0.0,3.2085698242187526
2025-11-29 17:00:00,0.10709,173.81,0.0,3.1296770019531275
2025-11-29 18:00:00,0.09813,173.81,0.0,3.1348552246093777
2025-11-29 19:00:00,0.08843,168.92,0.0,3.0974064941406274
2025-11-29 20:00:00,0.08111,168.92,0.0,3.052128173828128
2025-11-29 21:00:00,0.0808,168.92,0.0,3.009318115234377
2025-11-29 22:00:00,0.08349,156.03,0.0,2.948893310546877
2025-11-29 23:00:00,0.07773,156.03,0.0,2.859904052734377
2025-11-30 00:00:00,0.07597,156.03,0.0,2.844047119140628
2025-11-30 01:00:00,0.06978,230.28,0.0,2.8120952148437524
2025-11-30 02:00:00,0.06744,230.28,0.0,2.776747233072914
2025-11-30 03:00:00,0.06536,230.28,0.0,2.7962337239583346
2025-11-30 04:00:00,0.067,234.24,0.0,2.7826615397135432
2025-11-30 05:00:00,0.07429,234.24,0.0,2.79997517903646
2025-11-30 06:00:00,0.07558,234.24,0.0,2.7058020019531264
2025-11-30 07:00:00,0.07598,236.27,0.0,2.733859863281251
2025-11-30 08:00:00,0.07984,236.27,0.0,2.79945027669271
2025-11-30 09:00:00,0.08065,236.27,0.0,2.925946533203128
2025-11-30 10:00:00,0.08442,256.28,0.0,3.023138916015628
2025-11-30 11:00:00,0.08154,256.28,0.0,3.1068510742187527
2025-11-30 12:00:00,0.0807,256.28,0.0,3.1449516601562526
2025-11-30 13:00:00,0.08252,241.23,0.0,3.1533452148437524
2025-11-30 14:00:00,0.08755,241.23,0.0,3.1053642578125027
2025-11-30 15:00:00,0.09358,241.23,0.0,3.0131120605468777
2025-11-30 16:00:00,0.09281,284.3,0.0,2.9578178710937526
2025-11-30 17:00:00,0.10405,284.3,0.0,2.9213103027343776
2025-11-30 18:00:00,0.10621,284.3,0.0,2.8794450683593777
2025-11-30 19:00:00,0.10413,292.27,0.0,2.8451787109375024
2025-11-30 20:00:00,0.09752,292.27,0.0,2.8154313964843776
2025-11-30 21:00:00,0.09293,292.27,0.0,2.795676269531252
2025-11-30 22:00:00,0.0925999999999999,291.26,0.0,2.7850724283854182
2025-11-30 23:00:00,0.08713,291.26,0.0,2.7758459472656263
2025-12-01 00:00:00,0.088,291.26,0.0,2.766086425781251
2025-12-01 01:00:00,0.08602,323.25,0.0,2.7557348632812517
2025-12-01 02:00:00,0.08134,323.25,0.0,2.7378759765625014
2025-12-01 03:00:00,0.08514,323.25,0.0,2.710857747395835
2025-12-01 04:00:00,0.08026,377.51,0.0,2.68787801106771
2025-12-01 05:00:00,0.08875,377.51,0.0,2.674611002604168
2025-12-01 06:00:00,0.08863,377.51,0.0,2.680930175781252
2025-12-01 07:00:00,0.12786,502.0,0.0,2.704158121744793
2025-12-01 08:00:00,0.13933,502.0,0.0,2.8288310546875026
2025-12-01 09:00:00,0.1051,502.0,2.67,3.121539794921877
2025-12-01 10:00:00,0.09373,427.0,16.8,3.337377197265628
2025-12-01 11:00:00,0.08596,427.0,41.9,3.4610979003906275
2025-12-01 12:00:00,0.08502,427.0,66.4,3.521398193359378
2025-12-01 13:00:00,0.09007,378.0,68.3,3.487988769531246
2025-12-01 14:00:00,0.10722,378.0,34.3,3.3491142578125026
2025-12-01 15:00:00,0.12032,378.0,20.6,3.1279228515625026
2025-12-01 16:00:00,0.11297,304.62,9.85,2.9838737792968777
2025-12-01 17:00:00,0.09441,304.62,3.53,2.8779619140625026
2025-12-01 18:00:00,0.08899,304.62,0.0,2.8406303710937526
2025-12-01 19:00:00,0.08677,282.28,0.0,2.7838293457031265
2025-12-01 20:00:00,0.0823,282.28,0.0,2.752345377604168
2025-12-01 21:00:00,0.07595,282.28,0.0,2.721960042317709
2025-12-01 22:00:00,0.07643,307.27,0.0,2.700074869791668
2025-12-01 23:00:00,0.0718,307.27,0.0,2.676033121744793
2025-12-02 00:00:00,0.06578,307.27,0.0,2.655085856119793
2025-12-02 01:00:00,0.05882,325.28,0.0,2.638075358072914
2025-12-02 02:00:00,0.05493,325.28,0.0,2.626437988281252
2025-12-02 03:00:00,0.05373,325.28,0.0,2.619899088541668
2025-12-02 04:00:00,0.05047,367.45,0.0,2.624842936197918
2025-12-02 05:00:00,0.06459,367.45,0.0,2.637676595052085
2025-12-02 06:00:00,0.07851,367.45,0.0,2.673471679687501
2025-12-02 07:00:00,0.08779,473.0,0.0,2.716928710937501
2025-12-02 08:00:00,0.08765,473.0,0.0,2.871835205078128
2025-12-02 09:00:00,0.08828,473.0,0.0,3.154601318359377
2025-12-02 10:00:00,0.08583,399.02,2.65,3.3971904296875026
2025-12-02 11:00:00,0.08672,399.02,7.98,3.562454101562502
2025-12-02 12:00:00,0.08745,399.02,12.8,3.650249511718753
2025-12-02 13:00:00,0.09704,314.25,16.0,3.636223632812503
2025-12-02 14:00:00,0.10501,314.25,12.5,3.5345341796875025
2025-12-02 15:00:00,0.14037,314.25,5.88,3.481429931640628
2025-12-02 16:00:00,0.13634,254.99,5.43,3.5004399414062526
2025-12-02 17:00:00,0.15164,254.99,567.0,3.5064384765625025
2025-12-02 18:00:00,0.1621399999999999,254.99,0.0,3.3768693847656275
2025-12-02 19:00:00,0.1631999999999999,249.27,0.0,3.428380615234377
2025-12-02 20:00:00,0.15489,249.27,0.0,3.469213134765628
2025-12-02 21:00:00,0.12935,249.27,0.0,3.4899150390625024
2025-12-02 22:00:00,0.1192199999999999,248.28,0.0,3.524532958984377
2025-12-02 23:00:00,0.09914,248.28,0.0,3.545055419921878
2025-12-03 00:00:00,0.09084,248.28,0.0,3.5636296386718778
2025-12-03 01:00:00,0.08907,256.27,0.0,3.5931718750000026
2025-12-03 02:00:00,0.09026,256.27,0.0,3.628994628906253
2025-12-03 03:00:00,0.08988,256.27,0.0,3.6673076171875034
2025-12-03 04:00:00,0.09002,274.51,0.0,3.705726806640628
2025-12-03 05:00:00,0.09898,274.51,0.0,3.727886230468753
2025-12-03 06:00:00,0.15095,274.51,0.0,3.569847900390628
2025-12-03 07:00:00,0.2,371.0,0.0,3.605666992187503
2025-12-03 08:00:00,0.25,371.0,0.0,3.670424072265628
2025-12-03 09:00:00,0.2198899999999999,371.0,400.0,3.721682617187503
2025-12-03 10:00:00,0.18718,359.0,1.85,3.812704345703128
2025-12-03 11:00:00,0.17337,359.0,4.53,3.827737304687503
2025-12-03 12:00:00,0.16773,359.0,6.5,3.8494938964843777
2025-12-03 13:00:00,0.18141,323.48,14.3,3.7909587402343776
2025-12-03 14:00:00,0.19994,323.48,11.5,3.726102783203128
2025-12-03 15:00:00,0.24256,323.48,5.3,3.605088378906253
2025-12-03 16:00:00,0.30835,249.15,3.93,3.522013427734377
2025-12-03 17:00:00,0.2596,249.15,200.0,3.469883300781246
2025-12-03 18:00:00,0.20412,249.15,0.0,3.4920134277343777
2025-12-03 19:00:00,0.17263,239.3,0.0,3.424590332031246
2025-12-03 20:00:00,0.14624,239.3,0.0,3.409945556640628
2025-12-03 21:00:00,0.1248199999999999,239.3,0.0,3.3790739746093776
2025-12-03 22:00:00,0.11341,257.27,0.0,3.348147460937503
2025-12-03 23:00:00,0.10414,257.27,0.0,3.333019287109378
2025-12-04 00:00:00,0.09738,257.27,0.0,3.3389482421875027
2025-12-04 01:00:00,0.0938799999999999,258.25,0.0,3.3187077636718776
2025-12-04 02:00:00,0.09083,258.25,0.0,3.2851665039062525
2025-12-04 03:00:00,0.09036,258.25,0.0,3.2681523437500024
2025-12-04 04:00:00,0.09233,301.59,0.0,3.2938676757812457
2025-12-04 05:00:00,0.09676,301.59,0.0,3.3073405761718777
2025-12-04 06:00:00,0.12487,301.59,0.0,3.288422119140628
2025-12-04 07:00:00,0.12841,413.65,0.0,3.247794677734378
2025-12-04 08:00:00,0.1447,413.65,0.0,3.2454619140625027
2025-12-04 09:00:00,0.16398,413.65,1.1,3.270543701171878
2025-12-04 10:00:00,0.13841,414.0,3.6,3.3012321777343776
2025-12-04 11:00:00,0.14809,414.0,42.6,3.330166503906253
2025-12-04 12:00:00,0.14196,414.0,79.4,3.315258056640628
2025-12-04 13:00:00,0.14518,380.0,82.8,3.2735026855468776
2025-12-04 14:00:00,0.1520699999999999,380.0,66.8,3.185736572265628
2025-12-04 15:00:00,0.15099,380.0,33.3,3.087017089843753
2025-12-04 16:00:00,0.1452,326.33,9.67,2.995365478515628
2025-12-04 17:00:00,0.1447,326.33,1.37,2.9271696777343776
2025-12-04 18:00:00,0.14233,326.33,0.0,2.870216552734377
2025-12-04 19:00:00,0.13499,300.29,0.0,2.8320537109375024
2025-12-04 20:00:00,0.1186,300.29,0.0,2.790864664713543
2025-12-04 21:00:00,0.10335,300.29,0.0,2.775831705729168
2025-12-04 22:00:00,0.10904,310.27,0.0,2.79298055013021
2025-12-04 23:00:00,0.09826,310.27,0.0,2.8061003417968777
2025-12-05 00:00:00,0.0957399999999999,310.27,0.0,2.800731689453128
2025-12-05 01:00:00,0.09386,303.22,0.0,2.7882014973958347
2025-12-05 02:00:00,0.09092,303.22,0.0,2.7671504720052096
2025-12-05 03:00:00,0.09057,303.22,0.0,2.7624263509114595
2025-12-05 04:00:00,0.09403,327.65,0.0,2.781062418619793
2025-12-05 05:00:00,0.10087,327.65,0.0,2.7838985188802097
2025-12-05 06:00:00,0.1239899999999999,327.65,0.0,2.7571386718750013
2025-12-05 07:00:00,0.1624199999999999,427.0,0.0,2.7700781250000013
2025-12-05 08:00:00,0.18443,427.0,0.0,2.844647705078128
2025-12-05 09:00:00,0.18414,427.0,900.0,2.9690385742187524
2025-12-05 10:00:00,0.17135,393.0,6.45,3.081798583984378
2025-12-05 11:00:00,0.16752,393.0,19.2,3.1297905273437525
2025-12-05 12:00:00,0.16156,393.0,33.3,3.142589599609378
2025-12-05 13:00:00,0.1574499999999999,317.91,47.6,3.138964111328128
2025-12-05 14:00:00,0.16118,317.91,54.1,3.0735185546875026
2025-12-05 15:00:00,0.16235,317.91,53.0,3.0359086914062527
2025-12-05 16:00:00,0.1695,301.97,17.3,3.017865478515628
2025-12-05 17:00:00,0.15831,301.97,2.57,3.0056889648437526
2025-12-05 18:00:00,0.14725,301.97,0.0,3.018264648437502
2025-12-05 19:00:00,0.13154,302.28,0.0,2.9936186523437525
2025-12-05 20:00:00,0.11515,302.28,0.0,3.0019353027343776
2025-12-05 21:00:00,0.09755,302.28,0.0,2.9776665039062524
2025-12-05 22:00:00,0.09308,292.28,0.0,2.9475310058593776
2025-12-05 23:00:00,0.08412,292.28,0.0,2.9462639160156274
2025-12-06 00:00:00,0.08208,292.28,0.0,2.933585693359378
2025-12-06 01:00:00,0.07697,275.27,0.0,2.958488037109378
2025-12-06 02:00:00,0.07363,275.27,0.0,2.9948674316406274
2025-12-06 03:00:00,0.07001,275.27,0.0,3.007706787109377
2025-12-06 04:00:00,0.06743,287.25,0.0,3.0211210937500024
2025-12-06 05:00:00,0.06497,287.25,0.0,2.9696318359375025
2025-12-06 06:00:00,0.06459,287.25,0.0,2.988041259765628
2025-12-06 07:00:00,0.06787,262.2,0.0,3.0000017089843776
2025-12-06 08:00:00,0.07861,262.2,0.0,3.0446647949218777
2025-12-06 09:00:00,0.08094,262.2,700.0,3.0858452148437525
2025-12-06 10:00:00,0.0823,212.35,3.95,3.1047709960937526
2025-12-06 11:00:00,0.08061,212.35,7.88,3.096633789062502
2025-12-06 12:00:00,0.08062,212.35,19.0,3.122916748046878
2025-12-06 13:00:00,0.08133,166.43,44.3,3.163346435546877
2025-12-06 14:00:00,0.08617,166.43,32.8,3.214308349609378
2025-12-06 15:00:00,0.0910199999999999,166.43,25.2,3.2584916992187525
2025-12-06 16:00:00,0.09559,178.44,4.55,3.3072307128906275
2025-12-06 17:00:00,0.09512,178.44,2.1,3.362642089843753
2025-12-06 18:00:00,0.08918,178.44,0.0,3.3280241699218776
2025-12-06 19:00:00,0.0896599999999999,175.67,0.0,3.389514648437503
2025-12-06 20:00:00,0.08339,175.67,0.0,3.470168945312502
2025-12-06 21:00:00,0.08061,175.67,0.0,3.563256103515628
2025-12-06 22:00:00,0.0765,187.31,0.0,3.6307304687500026
2025-12-06 23:00:00,0.07157,187.31,0.0,3.642284423828128
2025-12-07 00:00:00,0.0673199999999999,187.31,0.0,3.690199462890628
2025-12-07 01:00:00,0.061,180.11,0.0,3.5865361328125025
2025-12-07 02:00:00,0.05942,180.11,0.0,3.406144287109377
2025-12-07 03:00:00,0.05856,180.11,0.0,3.320326416015628
2025-12-07 04:00:00,0.0620799999999999,177.95,0.0,3.310980712890628
2025-12-07 05:00:00,0.062,177.95,0.0,3.3178142089843776
2025-12-07 06:00:00,0.06372,177.95,0.0,3.3688603515625024
2025-12-07 07:00:00,0.07184,175.84,0.0,3.3702702636718778
2025-12-07 08:00:00,0.078,175.84,0.0,3.3776494140625024
2025-12-07 09:00:00,0.08556,175.84,0.0,3.4089970703125028
2025-12-07 10:00:00,0.09053,151.29,4.25,3.4532060546875027
2025-12-07 11:00:00,0.09192,151.29,13.8,3.471176025390628
2025-12-07 12:00:00,0.09744,151.29,21.7,3.4670781250000027
2025-12-07 13:00:00,0.0995699999999999,134.58,16.7,3.4755156250000026
2025-12-07 14:00:00,0.10415,134.58,10.5,3.4533452148437527
2025-12-07 15:00:00,0.10574,134.58,6.83,3.4289738769531275
2025-12-07 16:00:00,0.10961,154.7,3.53,3.3972636718750024
2025-12-07 17:00:00,0.1118199999999999,154.7,350.0,3.3324150390625027
2025-12-07 18:00:00,0.09688,154.7,0.0,3.282877685546877
2025-12-07 19:00:00,0.08746,118.98,0.0,3.210210449218753
2025-12-07 20:00:00,0.08376,118.98,0.0,3.145863525390628
2025-12-07 21:00:00,0.07372,118.98,0.0,3.0792094726562524
2025-12-07 22:00:00,0.0655999999999999,91.55,0.0,3.0677836914062526
2025-12-07 23:00:00,0.04174,91.55,0.0,3.0939421386718777
2025-12-08 00:00:00,0.01927,91.55,0.0,3.1617937011718777
2025-12-08 01:00:00,0.01109,104.39,0.0,3.2683610839843777
2025-12-08 02:00:00,0.01166,104.39,0.0,3.3194951171875027
2025-12-08 03:00:00,0.0055899999999999,104.39,0.0,3.357676269531246
2025-12-08 04:00:00,0.01289,145.65,0.0,3.4123881835937526
2025-12-08 05:00:00,0.02866,145.65,0.0,3.439985839843753
2025-12-08 06:00:00,0.0643199999999999,145.65,0.0,3.444105712890628
2025-12-08 07:00:00,0.08284,194.63,0.0,3.505189697265628
2025-12-08 08:00:00,0.1,194.63,0.0,3.5624797363281275
2025-12-08 09:00:00,0.09834,194.63,0.0,3.6248161621093775
2025-12-08 10:00:00,0.08604,127.16,2.33,3.677708007812503
2025-12-08 11:00:00,0.0799899999999999,127.16,15.0,3.703514892578128
2025-12-08 12:00:00,0.0793499999999999,127.16,22.0,3.666219970703128
2025-12-08 13:00:00,0.08685,105.78,22.7,3.6009978027343776
2025-12-08 14:00:00,0.09408,105.78,11.6,3.5051787109375026
2025-12-08 15:00:00,0.10015,105.78,7.62,3.4129631347656275
2025-12-08 16:00:00,0.10107,83.57,4.28,3.363817626953128
2025-12-08 17:00:00,0.1098499999999999,83.57,1.3,3.3397612304687527
2025-12-08 18:00:00,0.10026,83.57,0.0,3.337461425781246
2025-12-08 19:00:00,0.09664,87.07,0.0,3.3129765625000025
2025-12-08 20:00:00,0.08935,87.07,0.0,3.2797099609375024
2025-12-08 21:00:00,0.08352,87.07,0.0,3.260117675781246
2025-12-08 22:00:00,0.0802099999999999,104.46,0.0,3.2282536621093776
2025-12-08 23:00:00,0.07325,104.46,0.0,3.196107666015628
2025-12-09 00:00:00,0.0737,104.46,0.0,3.188461181640628
2025-12-09 01:00:00,0.07279,90.87,0.0,3.1925224609375027
2025-12-09 02:00:00,0.07371,90.87,0.0,3.201066162109377
2025-12-09 03:00:00,0.07485,90.87,0.0,3.2120158691406275
2025-12-09 04:00:00,0.07372,139.52,0.0,3.215842773437503
2025-12-09 05:00:00,0.0802099999999999,139.52,0.0,3.204061767578128
2025-12-09 06:00:00,0.09885,139.52,0.0,3.2412431640625026
2025-12-09 07:00:00,0.10579,195.89,0.0,3.242748291015628
2025-12-09 08:00:00,0.12975,195.89,0.0,3.2493767089843777
2025-12-09 09:00:00,0.11134,195.89,500.0,3.2824858398437526
2025-12-09 10:00:00,0.10306,159.09,2.4,3.3094462890625027
2025-12-09 11:00:00,0.10334,159.09,9.15,3.358280517578128
2025-12-09 12:00:00,0.09783,159.09,21.0,3.368929931640628
2025-12-09 13:00:00,0.1011,109.68,60.3,3.3646489257812457
2025-12-09 14:00:00,0.10022,109.68,57.5,3.328884765625003
2025-12-09 15:00:00,0.1108799999999999,109.68,40.4,3.3009355468750026
2025-12-09 16:00:00,0.1083,97.24,17.1,3.290234863281246
2025-12-09 17:00:00,0.10457,97.24,2.3,3.2093901367187527
2025-12-09 18:00:00,0.09691,97.24,0.0,3.0804436035156275
2025-12-09 19:00:00,0.0851,121.94,0.0,3.003246337890628
2025-12-09 20:00:00,0.08367,121.94,0.0,2.9710527343750024
2025-12-09 21:00:00,0.0793499999999999,121.94,0.0,3.0128483886718778
2025-12-09 22:00:00,0.0733299999999999,95.1,0.0,3.064000732421877
2025-12-09 23:00:00,0.05542,95.1,0.0,3.0966557617187527
2025-12-10 00:00:00,0.0439,95.1,0.0,3.0918620605468776
2025-12-10 01:00:00,0.03648,98.74,0.0,3.051252929687503
2025-12-10 02:00:00,0.031,98.74,0.0,3.0115446777343777
2025-12-10 03:00:00,0.03511,98.74,0.0,2.9834013671875024
2025-12-10 04:00:00,0.04809,126.7,0.0,2.9812663574218776
2025-12-10 05:00:00,0.06965,126.7,0.0,3.0053374023437525
2025-12-10 06:00:00,0.07912,126.7,0.0,3.013412353515628
2025-12-10 07:00:00,0.08751,162.35,0.0,3.031118652343753
2025-12-10 08:00:00,0.09433,162.35,0.0,3.0438444824218776
2025-12-10 09:00:00,0.09423,162.35,400.0,3.049114257812503
2025-12-10 10:00:00,0.08773,155.57,1.83,3.0391716308593777
2025-12-10 11:00:00,0.081,155.57,6.05,3.0372893066406275
2025-12-10 12:00:00,0.0795,155.57,7.73,3.0605473632812457
2025-12-10 13:00:00,0.08144,139.27,13.8,3.0779020996093776
2025-12-10 14:00:00,0.09022,139.27,17.5,3.049593994140628
2025-12-10 15:00:00,0.10067,139.27,10.5,3.004088623046877
2025-12-10 16:00:00,0.104,112.23,8.03,2.954071533203128
2025-12-10 17:00:00,0.10567,112.23,1.7,2.9599711914062525
2025-12-10 18:00:00,0.1047,112.23,0.0,2.9843828125000025
2025-12-10 19:00:00,0.09677,125.91,0.0,2.9880009765625024
2025-12-10 20:00:00,0.08775,125.91,0.0,2.997852050781246
2025-12-10 21:00:00,0.08631,125.91,0.0,3.0079484863281274
2025-12-10 22:00:00,0.08249,155.19,0.0,3.0153789062500027
2025-12-10 23:00:00,0.07643,155.19,0.0,3.0260795898437527
2025-12-11 00:00:00,0.07398,155.19,0.0,3.0269804687500024
2025-12-11 01:00:00,0.07342,188.05,0.0,3.0160490722656275
2025-12-11 02:00:00,0.07252,188.05,0.0,3.0186821289062524
2025-12-11 03:00:00,0.07521,188.05,0.0,3.014877197265628
2025-12-11 04:00:00,0.0769099999999999,228.47,0.0,3.009929687500003
2025-12-11 05:00:00,0.08059,228.47,0.0,3.001371337890628
2025-12-11 06:00:00,0.09009,228.47,0.0,3.0319353027343774
2025-12-11 07:00:00,0.09811,344.0,0.0,3.0310637207031275
2025-12-11 08:00:00,0.11036,344.0,0.0,3.0375053710937525
2025-12-11 09:00:00,0.10617,344.0,800.0,3.0443754882812457
2025-12-11 10:00:00,0.09318,259.91,10.4,3.046459228515628
2025-12-11 11:00:00,0.09192,259.91,44.0,3.0500993652343777
2025-12-11 12:00:00,0.0894,259.91,76.8,3.0668937988281275
2025-12-11 13:00:00,0.09022,204.03,93.9,3.0686223144531275
2025-12-11 14:00:00,0.09779,204.03,84.1,3.0411967773437527
2025-12-11 15:00:00,0.11127,204.03,58.8,3.0223698730468778
2025-12-11 16:00:00,0.1147,202.8,21.9,2.9974492187500026
2025-12-11 17:00:00,0.11541,202.8,2.23,2.9830791015625024
2025-12-11 18:00:00,0.1125699999999999,202.8,0.0,2.9963688964843778
2025-12-11 19:00:00,0.10779,256.41,0.0,2.9859172363281274
2025-12-11 20:00:00,0.10364,256.41,0.0,2.9430705566406274
2025-12-11 21:00:00,0.09439,256.41,0.0,2.9252104492187527
2025-12-11 22:00:00,0.09359,282.29,0.0,2.8921635742187526
2025-12-11 23:00:00,0.0937399999999999,282.29,0.0,2.8760576171875027
2025-12-12 00:00:00,0.08378,282.29,0.0,2.8547587890625024
2025-12-12 01:00:00,0.08622,286.27,0.0,2.8319365234375025
2025-12-12 02:00:00,0.0879,286.27,0.0,2.8140690917968776
2025-12-12 03:00:00,0.09018,286.27,0.0,2.7833858235677096
2025-12-12 04:00:00,0.09071,277.19,0.0,2.761942138671876
2025-12-12 05:00:00,0.09221,277.19,0.0,2.734171142578126
2025-12-12 06:00:00,0.10123,277.19,0.0,2.729770507812501
2025-12-12 07:00:00,0.12132,363.0,0.0,2.7199621582031264
2025-12-12 08:00:00,0.13085,363.0,0.0,2.7515559895833346
2025-12-12 09:00:00,0.1269,363.0,1.0,2.8356755371093776
2025-12-12 10:00:00,0.12196,304.39,10.6,2.9133562011718777
2025-12-12 11:00:00,0.1183,304.39,29.0,2.948842041015628
2025-12-12 12:00:00,0.1130699999999999,304.39,50.4,2.9642082519531274
2025-12-12 13:00:00,0.11826,226.13,64.9,2.9444072265625025
2025-12-12 14:00:00,0.12682,226.13,26.9,2.919222900390628
2025-12-12 15:00:00,0.1319499999999999,226.13,25.3,2.8752519531250025
2025-12-12 16:00:00,0.14549,194.76,8.48,2.8308232421875026
2025-12-12 17:00:00,0.14683,194.76,1.23,2.8063493652343774
2025-12-12 18:00:00,0.1331,194.76,0.0,2.7785396321614595
2025-12-12 19:00:00,0.12806,216.92,0.0,2.76162068684896
2025-12-12 20:00:00,0.117,216.92,0.0,2.736988932291668
2025-12-12 21:00:00,0.11493,216.92,0.0,2.7055131022135432
2025-12-12 22:00:00,0.10382,278.24,0.0,2.686531168619793
2025-12-12 23:00:00,0.09175,278.24,0.0,2.7009985351562475
2025-12-13 00:00:00,0.09228,278.24,0.0,2.693855387369793
2025-12-13 01:00:00,0.0905,295.26,0.0,2.673787027994793
2025-12-13 02:00:00,0.08739,295.26,0.0,2.670297851562501
2025-12-13 03:00:00,0.08704,295.26,0.0,2.6749141438802098
2025-12-13 04:00:00,0.085,287.26,0.0,2.6672969563802096
2025-12-13 05:00:00,0.08467,287.26,0.0,2.656105143229168
2025-12-13 06:00:00,0.07914,287.26,0.0,2.6992590332031265
2025-12-13 07:00:00,0.08114,258.09,0.0,2.704776611328126
2025-12-13 08:00:00,0.09595,258.09,0.0,2.730641276041668
2025-12-13 09:00:00,0.1067699999999999,258.09,300.0,2.759073486328126
2025-12-13 10:00:00,0.10259,233.6,1.98,2.794831949869793
2025-12-13 11:00:00,0.09809,233.6,5.9,2.8545134277343776
2025-12-13 12:00:00,0.09376,233.6,7.78,2.8934123535156275
2025-12-13 13:00:00,0.09294,212.24,6.42,2.898480712890628
2025-12-13 14:00:00,0.09576,212.24,6.23,2.8530449218750027
2025-12-13 15:00:00,0.11466,212.24,9.48,2.8073857421875026
2025-12-13 16:00:00,0.11971,218.59,6.78,2.781501871744793
2025-12-13 17:00:00,0.11845,218.59,633.0,2.753454182942709
2025-12-13 18:00:00,0.11226,218.59,0.0,2.6949845377604182
2025-12-13 19:00:00,0.10363,256.26,0.0,2.687654215494793
2025-12-13 20:00:00,0.09171,256.26,0.0,2.6532690429687515
2025-12-13 21:00:00,0.09056,256.26,0.0,2.6459590657552097
2025-12-13 22:00:00,0.09369,280.28,0.0,2.6435888671875016
2025-12-13 23:00:00,0.08439,280.28,0.0,2.616316324869793
2025-12-14 00:00:00,0.0912,280.28,0.0,2.600947672526043
2025-12-14 01:00:00,0.0905199999999999,327.27,0.0,2.594752604166668
2025-12-14 02:00:00,0.0819,327.27,0.0,2.5868607584635432
2025-12-14 03:00:00,0.07995,327.27,0.0,2.58326375325521
2025-12-14 04:00:00,0.07731,298.25,0.0,2.572617187500001
2025-12-14 05:00:00,0.07876,298.25,0.0,2.5767696126302098
2025-12-14 06:00:00,0.07718,298.25,0.0,2.608623860677085
2025-12-14 07:00:00,0.07747,273.2,0.0,2.6203527832031264
2025-12-14 08:00:00,0.08176,273.2,0.0,2.6783199055989595
2025-12-14 09:00:00,0.0823499999999999,273.2,0.0,2.7492041015625013
2025-12-14 10:00:00,0.08001,255.67,2.08,2.820580322265628
2025-12-14 11:00:00,0.08408,255.67,6.7,2.9061235351562527
2025-12-14 12:00:00,0.08727,255.67,12.3,2.9559392089843777
2025-12-14 13:00:00,0.08696,223.31,82.1,2.964076416015628
2025-12-14 14:00:00,0.08865,223.31,86.0,2.9023222656250027
2025-12-14 15:00:00,0.0920999999999999,223.31,47.7,2.755618896484376
2025-12-14 16:00:00,0.09928,235.27,16.4,2.67554890950521
2025-12-14 17:00:00,0.10279,235.27,2.6,2.617189127604168
2025-12-14 18:00:00,0.10329,235.27,0.0,2.6012976074218765
2025-12-14 19:00:00,0.0929899999999999,296.97,0.0,2.57011678059896
2025-12-14 20:00:00,0.0904,296.97,0.0,2.5576086425781264
2025-12-14 21:00:00,0.0844,296.97,0.0,2.575058593750001
2025-12-14 22:00:00,0.08265,318.29,0.0,2.603718668619793
2025-12-14 23:00:00,0.07575,318.29,0.0,2.6417415364583348
2025-12-15 00:00:00,0.0725,318.29,0.0,2.684138590494793
2025-12-15 01:00:00,0.07188,330.24,0.0,2.725626220703126
2025-12-15 02:00:00,0.07104,330.24,0.0,2.7361812337239595
2025-12-15 03:00:00,0.07067,330.24,0.0,2.734927978515626
2025-12-15 04:00:00,0.07528,358.67,0.0,2.7259130859375014
2025-12-15 05:00:00,0.0768,358.67,0.0,2.692758789062501
2025-12-15 06:00:00,0.08653,358.67,0.0,2.674582519531252
2025-12-15 07:00:00,0.09879,472.64,0.0,2.66555135091146
2025-12-15 08:00:00,0.10113,472.64,0.0,2.6968074544270846
2025-12-15 09:00:00,0.09665,472.64,900.0,2.7415686035156264
2025-12-15 10:00:00,0.08962,396.0,9.03,2.788600260416668
2025-12-15 11:00:00,0.07972,396.0,42.0,2.8577397460937526
2025-12-15 12:00:00,0.07977,396.0,74.7,2.8772148437500027
2025-12-15 13:00:00,0.08826,358.94,87.5,2.917758056640628
2025-12-15 14:00:00,0.09544,358.94,32.7,2.9357060546875027
2025-12-15 15:00:00,0.1072999999999999,358.94,0.0,2.941737548828128
2025-12-15 16:00:00,0.1086599999999999,260.16,0.0,2.9600554199218774
2025-12-15 17:00:00,0.10421,260.16,0.0,2.9753081054687525
2025-12-15 18:00:00,0.09816,260.16,0.0,2.933402587890628
2025-12-15 19:00:00,0.09042,235.26,0.0,2.978417236328128
2025-12-15 20:00:00,0.08425,235.26,0.0,3.0172172851562524
2025-12-15 21:00:00,0.08517,235.26,0.0,3.033275634765628
2025-12-15 22:00:00,0.08498,224.69,0.0,3.0107500000000025
2025-12-15 23:00:00,0.0804599999999999,224.69,0.0,2.9740446777343776
2025-12-16 00:00:00,0.08067,224.69,0.0,2.884601318359377
2025-12-16 01:00:00,0.07905,207.95,0.0,2.829867431640628
2025-12-16 02:00:00,0.0770999999999999,207.95,0.0,2.807755615234377
2025-12-16 03:00:00,0.07905,207.95,0.0,2.8473356933593776
2025-12-16 04:00:00,0.08039,250.82,0.0,2.9121843261718774
2025-12-16 05:00:00,0.08231,250.82,0.0,2.9596013183593777
2025-12-16 06:00:00,0.0884,250.82,0.0,3.005626708984378
2025-12-16 07:00:00,0.09139,351.0,0.0,3.0322209472656274
2025-12-16 08:00:00,0.10047,351.0,0.0,3.0681132812500027
2025-12-16 09:00:00,0.10127,351.0,1.0,3.1651079101562525
2025-12-16 10:00:00,0.09234,305.34,4.95,3.2244853515625027
2025-12-16 11:00:00,0.09061,305.34,27.6,3.2862138671875027
2025-12-16 12:00:00,0.09151,305.34,53.5,3.345411865234378
2025-12-16 13:00:00,0.09988,277.97,55.7,3.3859733886718777
2025-12-16 14:00:00,0.1244,277.97,39.6,3.403057128906253
2025-12-16 15:00:00,0.13938,277.97,13.7,3.4221733398437526
2025-12-16 16:00:00,0.15531,222.82,5.85,3.451195556640628
2025-12-16 17:00:00,0.1621999999999999,222.82,2.07,3.483861572265628
2025-12-16 18:00:00,0.14225,222.82,0.0,3.476995117187503
2025-12-16 19:00:00,0.1371,239.28,0.0,3.5079619140625025
2025-12-16 20:00:00,0.12885,239.28,0.0,3.543942138671877
2025-12-16 21:00:00,0.11894,239.28,0.0,3.5817424316406274
2025-12-16 22:00:00,0.11558,244.27,0.0,3.614056884765628
2025-12-16 23:00:00,0.10342,244.27,0.0,3.640618164062503
2025-12-17 00:00:00,0.089,244.27,0.0,3.651333496093753
2025-12-17 01:00:00,0.08979,270.24,0.0,3.663129150390628
2025-12-17 02:00:00,0.08649,270.24,0.0,3.6686442871093776
2025-12-17 03:00:00,0.08503,270.24,0.0,3.6697429199218776
2025-12-17 04:00:00,0.0880799999999999,308.85,0.0,3.667142822265628
2025-12-17 05:00:00,0.0905,308.85,0.0,3.661298095703128
2025-12-17 06:00:00,0.0954899999999999,308.85,0.0,3.6429216308593775
2025-12-17 07:00:00,0.10882,355.0,0.0,3.649366943359378
2025-12-17 08:00:00,0.13346,355.0,0.0,3.658979980468753
2025-12-17 09:00:00,0.1263,355.0,0.0,3.6769206542968775
2025-12-17 10:00:00,0.12454,270.12,1.95,3.691916992187503
2025-12-17 11:00:00,0.11815,270.12,8.07,3.7030937500000025
2025-12-17 12:00:00,0.1119,270.12,25.9,3.699094726562503
2025-12-17 13:00:00,0.1226599999999999,230.0,27.8,3.7138237304687527
2025-12-17 14:00:00,0.12997,230.0,9.32,3.6950993652343778
2025-12-17 15:00:00,0.1275,230.0,9.18,3.675507080078128
2025-12-17 16:00:00,0.1265,192.94,5.07,3.658500244140628
2025-12-17 17:00:00,0.12282,192.94,1.23,3.646733886718753
2025-12-17 18:00:00,0.1114,192.94,0.0,3.565182373046878
2025-12-17 19:00:00,0.09751,173.17,0.0,3.5548369140625025
2025-12-17 20:00:00,0.0947099999999999,173.17,0.0,3.5477507324218776
2025-12-17 21:00:00,0.0947,173.17,0.0,3.5422319335937527
2025-12-17 22:00:00,0.09322,169.83,0.0,3.5317399902343776
2025-12-17 23:00:00,0.085,169.83,0.0,3.526254150390628
2025-12-18 00:00:00,0.07776,169.83,0.0,3.522745849609377
2025-12-18 01:00:00,0.0690699999999999,189.27,0.0,3.509390136718753
2025-12-18 02:00:00,0.06013,189.27,0.0,3.5052226562500026
2025-12-18 03:00:00,0.04889,189.27,0.0,3.505819580078128
2025-12-18 04:00:00,0.04482,208.92,0.0,3.495646240234377
2025-12-18 05:00:00,0.05083,208.92,0.0,3.472384521484378
2025-12-18 06:00:00,0.06324,208.92,0.0,3.401152832031246
2025-12-18 07:00:00,0.08153,294.21,0.0,3.4045805664062527
2025-12-18 08:00:00,0.09074,294.21,0.0,3.458937255859378
2025-12-18 09:00:00,0.08856,294.21,550.0,3.5216582031250026
2025-12-18 10:00:00,0.07828,225.06,4.45,3.5586784667968776
2025-12-18 11:00:00,0.07829,225.06,14.1,3.585928222656253
2025-12-18 12:00:00,0.07742,225.06,29.5,3.617133056640628
2025-12-18 13:00:00,0.07948,181.59,35.8,3.6238896484375034
2025-12-18 14:00:00,0.10376,181.59,57.4,3.5715837402343777
2025-12-18 15:00:00,0.11449,181.59,45.2,3.497744628906253
2025-12-18 16:00:00,0.1108799999999999,158.05,14.4,3.4818620605468777
2025-12-18 17:00:00,0.10342,158.05,3.47,3.4711906738281275
2025-12-18 18:00:00,0.08826,158.05,0.0,3.3645830078125027
2025-12-18 19:00:00,0.08014,154.8,0.0,3.3445732421875025
2025-12-18 20:00:00,0.06768,154.8,0.0,3.3194841308593777
2025-12-18 21:00:00,0.05325,154.8,0.0,3.323065673828128
2025-12-18 22:00:00,0.0518,128.8,0.0,3.315375244140628
2025-12-18 23:00:00,0.01865,128.8,0.0,3.3371208496093776
2025-12-19 00:00:00,0.00984,128.8,0.0,3.3341325683593777
2025-12-19 01:00:00,0.00586,96.25,0.0,3.3623198242187526
2025-12-19 02:00:00,0.00433,96.25,0.0,3.4415495605468776
2025-12-19 03:00:00,0.0035099999999999,96.25,0.0,3.454092285156253
2025-12-19 04:00:00,0.00412,130.95,0.0,3.4420146484375027
2025-12-19 05:00:00,0.01078,130.95,0.0,3.464474365234377
2025-12-19 06:00:00,0.04028,130.95,0.0,3.591593505859377
2025-12-19 07:00:00,0.07671,166.59,0.0,3.646389648437503
2025-12-19 08:00:00,0.08954,166.59,0.0,3.743636962890628
2025-12-19 09:00:00,0.08938,166.59,0.0,3.828257324218753
2025-12-19 10:00:00,0.08923,191.0,4.65,3.868489257812503
2025-12-19 11:00:00,0.08749,191.0,7.2,3.903905517578128
2025-12-19 12:00:00,0.0845699999999999,191.0,15.1,3.923461181640628
2025-12-19 13:00:00,0.08763,199.75,26.2,3.909135009765628
2025-12-19 14:00:00,0.0933499999999999,199.75,25.3,3.9084978027343777
2025-12-19 15:00:00,0.0974,199.75,11.3,3.9223845214843776
2025-12-19 16:00:00,0.10033,173.49,3.83,3.9326677246093777
2025-12-19 17:00:00,0.1069,173.49,600.0,3.936304199218753
2025-12-19 18:00:00,0.10748,173.49,0.0,3.885052978515628
2025-12-19 19:00:00,0.10512,198.0,0.0,3.898752929687503
2025-12-19 20:00:00,0.10291,198.0,0.0,3.900587646484378
2025-12-19 21:00:00,0.0984599999999999,198.0,0.0,3.938545410156253
2025-12-19 22:00:00,0.09628,242.24,0.0,3.9910966796875034
2025-12-19 23:00:00,0.09018,242.24,0.0,4.0
2025-12-20 00:00:00,0.08481,242.24,0.0,4.0
2025-12-20 01:00:00,0.0834,291.29,0.0,4.0
2025-12-20 02:00:00,0.085,291.29,0.0,4.0
2025-12-20 03:00:00,0.08749,291.29,0.0,4.0
2025-12-20 04:00:00,0.08846,310.26,0.0,3.9778618164062527
2025-12-20 05:00:00,0.08992,310.26,0.0,3.9257500000000025
2025-12-20 06:00:00,0.09598,310.26,0.0,3.9814140625000025
2025-12-20 07:00:00,0.104,352.2,0.0,3.936428710937503
2025-12-20 08:00:00,0.1132099999999999,352.2,0.0,3.929261962890628
2025-12-20 09:00:00,0.1148,352.2,100.0,3.866427490234378
2025-12-20 10:00:00,0.11267,303.18,4.77,3.606531250000003
2025-12-20 11:00:00,0.1109899999999999,303.18,13.3,3.3816960449218776
2025-12-20 12:00:00,0.1102699999999999,303.18,14.2,3.2961381835937527
2025-12-20 13:00:00,0.11498,250.38,13.7,3.2196623535156275
2025-12-20 14:00:00,0.11948,250.38,14.4,3.1533159179687527
2025-12-20 15:00:00,0.12064,250.38,8.63,3.1057304687500027
2025-12-20 16:00:00,0.1202,229.07,5.6,3.058547851562502
2025-12-20 17:00:00,0.12239,229.07,1.73,3.0229228515625026
2025-12-20 18:00:00,0.11827,229.07,0.0,3.0307231445312457
2025-12-20 19:00:00,0.10411,218.23,0.0,2.999675781250003
2025-12-20 20:00:00,0.09638,218.23,0.0,2.993457519531246
2025-12-20 21:00:00,0.09301,218.23,0.0,2.973868896484378
2025-12-20 22:00:00,0.0922399999999999,217.73,0.0,2.9608024902343777
2025-12-20 23:00:00,0.09067,217.73,0.0,2.9868364257812456
2025-12-21 00:00:00,0.0957,217.73,0.0,3.003890869140628
2025-12-21 01:00:00,0.0900499999999999,209.32,0.0,3.0049125976562525
2025-12-21 02:00:00,0.08649,209.32,0.0,2.983646728515628
2025-12-21 03:00:00,0.0854,209.32,0.0,2.970078613281246
2025-12-21 04:00:00,0.08563,197.87,0.0,2.943564941406253
2025-12-21 05:00:00,0.08683,197.87,0.0,2.900066406250003
2025-12-21 06:00:00,0.08814,197.87,0.0,2.8724833984375024
2025-12-21 07:00:00,0.0928499999999999,208.14,0.0,2.865294677734377
2025-12-21 08:00:00,0.10215,208.14,0.0,2.9113017578125024
2025-12-21 09:00:00,0.10701,208.14,0.0,2.9805192871093777
2025-12-21 10:00:00,0.10258,173.3,2.63,3.051036865234378
2025-12-21 11:00:00,0.1013,173.3,12.4,3.098629638671877
2025-12-21 12:00:00,0.09848,173.3,21.2,3.1016325683593777
2025-12-21 13:00:00,0.09487,154.72,21.3,3.0855595703125025
2025-12-21 14:00:00,0.09889,154.72,18.6,3.0287822265625026
2025-12-21 15:00:00,0.10087,154.72,24.7,3.0102482910156274
2025-12-21 16:00:00,0.09752,193.7,12.7,2.9920329589843777
2025-12-21 17:00:00,0.0970699999999999,193.7,3.03,2.9618974609375024
2025-12-21 18:00:00,0.0907999999999999,193.7,0.0,3.0183562011718776
2025-12-21 19:00:00,0.08614,238.31,0.0,3.0656486816406274
2025-12-21 20:00:00,0.08166,238.31,0.0,3.126879150390628
2025-12-21 21:00:00,0.07886,238.31,0.0,3.150572998046877
2025-12-21 22:00:00,0.0775,218.84,0.0,3.161947509765628
2025-12-21 23:00:00,0.07091,218.84,0.0,3.167513916015628
2025-12-22 00:00:00,0.07023,218.84,0.0,3.1883696289062526
2025-12-22 01:00:00,0.06883,241.26,0.0,3.1815068359375025
2025-12-22 02:00:00,0.06779,241.26,0.0,3.178529541015628
2025-12-22 03:00:00,0.06631,241.26,0.0,3.1741240234375026
2025-12-22 04:00:00,0.07152,290.23,0.0,3.1830815429687527
2025-12-22 05:00:00,0.07411,290.23,0.0,3.188885986328128
2025-12-22 06:00:00,0.07819,290.23,0.0,3.226957275390628
2025-12-22 07:00:00,0.09045,343.23,0.0,3.260839111328128
2025-12-22 08:00:00,0.09334,343.23,0.0,3.3069707031250024
2025-12-22 09:00:00,0.09079,343.23,0.0,3.3722441406250026
2025-12-22 10:00:00,0.08925,363.23,6.33,3.4338005371093776
2025-12-22 11:00:00,0.085,363.23,22.5,3.466517822265628
2025-12-22 12:00:00,0.08634,363.23,22.9,3.4664189453125025
2025-12-22 13:00:00,0.08862,347.29,42.0,3.4497050781250027
2025-12-22 14:00:00,0.09212,347.29,64.1,3.430706054687503
2025-12-22 15:00:00,0.09954,347.29,50.0,3.423312255859378
2025-12-22 16:00:00,0.10118,351.26,17.5,3.422385742187503
2025-12-22 17:00:00,0.10789,351.26,2.73,3.4079643554687524
2025-12-22 18:00:00,0.1009,351.26,0.0,3.418903076171877
2025-12-22 19:00:00,0.09379,336.23,0.0,3.472999755859377
2025-12-22 20:00:00,0.08948,336.23,0.0,3.527367431640628
2025-12-22 21:00:00,0.08486,336.23,0.0,3.5755681152343777
2025-12-22 22:00:00,0.0848199999999999,328.23,0.0,3.584437744140628
2025-12-22 23:00:00,0.07797,328.23,0.0,3.545941650390628
2025-12-23 00:00:00,0.07223,328.23,0.0,3.464199707031246
2025-12-23 01:00:00,0.06503,329.25,0.0,3.392718994140628
2025-12-23 02:00:00,0.0620099999999999,329.25,0.0,3.339493896484377
2025-12-23 03:00:00,0.05906,329.25,0.0,3.2714006347656275
2025-12-23 04:00:00,0.05811,338.24,0.0,3.2050761718750027
2025-12-23 05:00:00,0.05902,338.24,0.0,3.149001953125002
2025-12-23 06:00:00,0.06785,338.24,0.0,3.1147209472656274
2025-12-23 07:00:00,0.0780199999999999,378.24,0.0,3.0977836914062524
2025-12-23 08:00:00,0.08388,378.24,0.0,3.0133830566406274
2025-12-23 09:00:00,0.08547,378.24,0.0,2.950775634765628
2025-12-23 10:00:00,0.08384,374.26,967.0,2.960004150390628
2025-12-23 11:00:00,0.08187,374.26,3.55,2.9921245117187527
2025-12-23 12:00:00,0.0804899999999999,374.26,5.9,3.0012211914062528
2025-12-23 13:00:00,0.0792099999999999,371.7,6.78,2.9160478515625026
2025-12-23 14:00:00,0.07922,371.7,5.55,2.889984619140628
2025-12-23 15:00:00,0.08183,371.7,3.75,2.8386162109375026
2025-12-23 16:00:00,0.08369,331.26,2.5,2.8072062988281274
2025-12-23 17:00:00,0.08247,331.26,450.0,2.803932373046877
2025-12-23 18:00:00,0.08395,331.26,0.0,2.791934814453126
2025-12-23 19:00:00,0.08247,322.29,0.0,2.7622737630208345
2025-12-23 20:00:00,0.07801,322.29,0.0,2.7493363444010432
2025-12-23 21:00:00,0.06993,322.29,0.0,2.7476110839843764
2025-12-23 22:00:00,0.07184,330.27,0.0,2.750766601562501
2025-12-23 23:00:00,0.06409,330.27,0.0,2.737257486979168
2025-12-24 00:00:00,0.06025,330.27,0.0,2.731088867187501
2025-12-24 01:00:00,0.05586,362.26,0.0,2.763286946614585
2025-12-24 02:00:00,0.0567999999999999,362.26,0.0,2.922108642578128
2025-12-24 03:00:00,0.05584,362.26,0.0,3.0775834960937525
2025-12-24 04:00:00,0.05585,433.27,0.0,3.1215068359375024
2025-12-24 05:00:00,0.05585,433.27,0.0,3.090913574218753
2025-12-24 06:00:00,0.05721,433.27,0.0,3.086544677734377
2025-12-24 07:00:00,0.06745,503.82,0.0,3.046210205078128
2025-12-24 08:00:00,0.081,503.82,0.0,3.075404541015628
2025-12-24 09:00:00,0.08247,503.82,600.0,3.133284179687503
2025-12-24 10:00:00,0.0760199999999999,496.26,7.78,3.176427490234378
2025-12-24 11:00:00,0.06929,496.26,39.9,3.235607177734378
2025-12-24 12:00:00,0.06851,496.26,75.8,3.267181884765628
2025-12-24 13:00:00,0.06799,497.28,94.6,3.1782292480468777
2025-12-24 14:00:00,0.07376,497.28,90.9,3.1220561523437524
2025-12-24 15:00:00,0.08305,497.28,64.0,3.0691130371093776
2025-12-24 16:00:00,0.0879,479.24,24.8,3.027635986328128
2025-12-24 17:00:00,0.08913,479.24,2.03,2.9835515136718778
2025-12-24 18:00:00,0.07891,479.24,0.0,2.978614990234377
2025-12-24 19:00:00,0.07177,487.27,0.0,2.9351237792968776
2025-12-24 20:00:00,0.06816,487.27,0.0,2.9018425292968777
2025-12-24 21:00:00,0.06799,487.27,0.0,2.8699272460937526
2025-12-24 22:00:00,0.06901,511.23,0.0,2.8514335937500026
2025-12-24 23:00:00,0.06516,511.23,0.0,2.862855712890628
2025-12-25 00:00:00,0.06322,511.23,0.0,2.8444243164062524
2025-12-25 01:00:00,0.05844,517.25,0.0,2.8409892578125024
2025-12-25 02:00:00,0.05686,517.25,0.0,2.8433110351562525
2025-12-25 03:00:00,0.05585,517.25,0.0,2.8477421875000024
2025-12-25 04:00:00,0.05453,533.22,0.0,2.829999267578128
2025-12-25 05:00:00,0.05261,533.22,0.0,2.827435791015628
2025-12-25 06:00:00,0.04917,533.22,0.0,2.786561686197918
2025-12-25 07:00:00,0.05403,609.81,0.0,2.788681640625001
2025-12-25 08:00:00,0.0642099999999999,609.81,0.0,2.8585234375000024
2025-12-25 09:00:00,0.0647099999999999,609.81,400.0,2.932054931640628
2025-12-25 10:00:00,0.05377,592.23,6.78,2.995043212890628
2025-12-25 11:00:00,0.0489799999999999,592.23,36.8,3.0126909179687527
2025-12-25 12:00:00,0.04849,592.23,50.3,3.0144707031250024
2025-12-25 13:00:00,0.0478699999999999,526.61,59.3,3.0218095703125027
2025-12-25 14:00:00,0.06855,526.61,75.0,3.0297783203125026
2025-12-25 15:00:00,0.08941,526.61,61.7,3.0388237304687524
2025-12-25 16:00:00,0.0922399999999999,513.25,22.3,3.057042724609377
2025-12-25 17:00:00,0.09401,513.25,2.05,3.0838750000000026
2025-12-25 18:00:00,0.09406,513.25,0.0,3.1196318359375024
2025-12-25 19:00:00,0.09171,504.23,0.0,3.147738525390628
2025-12-25 20:00:00,0.09103,504.23,0.0,3.1749479980468776
2025-12-25 21:00:00,0.0927,504.23,0.0,3.197737304687503
2025-12-25 22:00:00,0.09615,516.27,0.0,3.2142534179687527
2025-12-25 23:00:00,0.09147,516.27,0.0,3.228660156250003
2025-12-26 00:00:00,0.0970999999999999,516.27,0.0,3.2405803222656275
2025-12-26 01:00:00,0.0910499999999999,517.23,0.0,3.258041259765628
2025-12-26 02:00:00,0.08582,517.23,0.0,3.278373291015628
2025-12-26 03:00:00,0.08305,517.23,0.0,3.2965739746093776
2025-12-26 04:00:00,0.08239,537.26,0.0,3.3131962890625024
2025-12-26 05:00:00,0.08284,537.26,0.0,3.3246440429687527
2025-12-26 06:00:00,0.08502,537.26,0.0,3.2721989746093776
2025-12-26 07:00:00,0.09312,600.26,0.0,3.2807719726562525
2025-12-26 08:00:00,0.0989,600.26,0.0,3.3174040527343776
2025-12-26 09:00:00,0.09673,600.26,100.0,3.361147949218753
2025-12-26 10:00:00,0.08925,561.23,5.45,3.431896240234378
2025-12-26 11:00:00,0.08499,561.23,39.4,3.458212158203128
2025-12-26 12:00:00,0.08231,561.23,71.5,3.494247314453128
2025-12-26 13:00:00,0.0831,473.31,92.7,3.5045048828125025
2025-12-26 14:00:00,0.0927,473.31,88.9,3.483279296875003
2025-12-26 15:00:00,0.10914,473.31,62.9,3.448053466796878
2025-12-26 16:00:00,0.11677,437.23,25.6,3.4232390136718776
2025-12-26 17:00:00,0.12047,437.23,2.2,3.4113701171875026
2025-12-26 18:00:00,0.11697,437.23,0.0,3.3152324218750024
2025-12-26 19:00:00,0.11626,445.27,0.0,3.316136962890628
2025-12-26 20:00:00,0.11373,445.27,0.0,3.2860673828125027
2025-12-26 21:00:00,0.1115,445.27,0.0,3.292219726562503
2025-12-26 22:00:00,0.10826,464.24,0.0,3.282635986328128
2025-12-26 23:00:00,0.09937,464.24,0.0,3.286331054687502
2025-12-27 00:00:00,0.09669,464.24,0.0,3.2664274902343777
2025-12-27 01:00:00,0.09173,488.19,0.0,3.230355712890628
2025-12-27 02:00:00,0.08471,488.19,0.0,3.251654541015628
2025-12-27 03:00:00,0.08272,488.19,0.0,3.2692692871093776
2025-12-27 04:00:00,0.084,509.27,0.0,3.2536247558593776
2025-12-27 05:00:00,0.08317,509.27,0.0,3.2412102050781275
2025-12-27 06:00:00,0.08802,509.27,0.0,3.134360839843753
2025-12-27 07:00:00,0.09951,531.2,0.0,3.1135380859375026
2025-12-27 08:00:00,0.10232,531.2,0.0,3.169095947265628
2025-12-27 09:00:00,0.09381,531.2,500.0,3.2866533203125026
2025-12-27 10:00:00,0.08003,501.17,6.73,3.380084716796877
2025-12-27 11:00:00,0.0754,501.17,27.5,3.494554931640628
2025-12-27 12:00:00,0.07454,501.17,56.0,3.5371708984375028
2025-12-27 13:00:00,0.0767399999999999,427.2,75.9,3.524474365234377
2025-12-27 14:00:00,0.0812,427.2,72.7,3.4278825683593777
2025-12-27 15:00:00,0.09454,427.2,46.7,3.2625676269531274
2025-12-27 16:00:00,0.10301,455.16,18.4,3.144076416015628
2025-12-27 17:00:00,0.10593,455.16,3.75,3.0487041015625027
2025-12-27 18:00:00,0.10843,455.16,0.0,2.9352556152343774
2025-12-27 19:00:00,0.105,444.28,0.0,2.8786430664062523
2025-12-27 20:00:00,0.10259,444.28,0.0,2.8278605957031275
2025-12-27 21:00:00,0.0939,444.28,0.0,2.7882218424479177
2025-12-27 22:00:00,0.09542,440.24,0.0,2.7581254069010432
2025-12-27 23:00:00,0.0912999999999999,440.24,0.0,2.735005289713543
2025-12-28 00:00:00,0.08434,440.24,0.0,2.709659423828126
2025-12-28 01:00:00,0.08337,425.26,0.0,2.6908809407552097
2025-12-28 02:00:00,0.0799599999999999,425.26,0.0,2.6773311360677097
2025-12-28 03:00:00,0.0788199999999999,425.26,0.0,2.657228190104168
2025-12-28 04:00:00,0.08045,418.27,0.0,2.6340734863281265
2025-12-28 05:00:00,0.08361,418.27,0.0,2.6159541829427098
2025-12-28 06:00:00,0.08648,418.27,0.0,2.59655721028646
2025-12-28 07:00:00,0.09215,432.27,0.0,2.59511678059896
2025-12-28 08:00:00,0.09736,432.27,0.0,2.668763834635418
2025-12-28 09:00:00,0.0965699999999999,432.27,600.0,2.8829423828125025
2025-12-28 10:00:00,0.08821,406.26,7.6,3.118676025390628
2025-12-28 11:00:00,0.08837,406.26,39.1,3.281445800781246
2025-12-28 12:00:00,0.08002,406.26,74.0,3.3520146484375024
2025-12-28 13:00:00,0.08003,365.26,92.7,3.335604736328128
2025-12-28 14:00:00,0.08668,365.26,89.4,3.2217351074218774
2025-12-28 15:00:00,0.10087,365.26,64.9,2.9992363281250025
2025-12-28 16:00:00,0.1108799999999999,414.23,27.8,2.8092094726562524
2025-12-28 17:00:00,0.1137,414.23,2.33,2.73498494466146
2025-12-28 18:00:00,0.1144599999999999,414.23,0.0,2.6847204589843763
2025-12-28 19:00:00,0.10933,468.21,0.0,2.619150390625001
2025-12-28 20:00:00,0.10501,468.21,0.0,2.5779150390625016
2025-12-28 21:00:00,0.09903,468.21,0.0,2.556617838541668
2025-12-28 22:00:00,0.09828,510.26,0.0,2.546229654947918
2025-12-28 23:00:00,0.0884399999999999,510.26,0.0,2.5317053222656263
2025-12-29 00:00:00,0.08988,510.26,0.0,2.5316544596354182
2025-12-29 01:00:00,0.08498,523.2,0.0,2.528120524088543
2025-12-29 02:00:00,0.08418,523.2,0.0,2.5306921386718764
2025-12-29 03:00:00,0.08219,523.2,0.0,2.5297338867187515
2025-12-29 04:00:00,0.08362,544.26,0.0,2.5370723470052097
2025-12-29 05:00:00,0.09079,544.26,0.0,2.5224625651041683
2025-12-29 06:00:00,0.09633,544.26,0.0,2.547194010416668
2025-12-29 07:00:00,0.10472,578.26,0.0,2.56743123372396
2025-12-29 08:00:00,0.11388,578.26,0.0,2.6211340332031265
2025-12-29 09:00:00,0.11101,578.26,0.0,2.7688452148437515
2025-12-29 10:00:00,0.09765,561.26,867.0,2.9165056152343776
2025-12-29 11:00:00,0.09035,561.26,3.7,3.046993896484377
2025-12-29 12:00:00,0.08766,561.26,8.32,3.118295166015628
2025-12-29 13:00:00,0.08852,521.29,11.4,3.126487304687503
2025-12-29 14:00:00,0.0960999999999999,521.29,10.0,3.0398125000000027
2025-12-29 15:00:00,0.10351,521.29,11.3,2.9082548828125026
2025-12-29 16:00:00,0.1086599999999999,455.27,9.55,2.750349527994793
2025-12-29 17:00:00,0.10701,455.27,800.0,2.664479166666668
2025-12-29 18:00:00,0.10331,455.27,0.0,2.5834753417968765
2025-12-29 19:00:00,0.09515,423.25,0.0,2.57209431966146
2025-12-29 20:00:00,0.09037,423.25,0.0,2.582305501302085
2025-12-29 21:00:00,0.08325,423.25,0.0,2.609197591145835
2025-12-29 22:00:00,0.08791,406.28,0.0,2.6457434082031264
2025-12-29 23:00:00,0.08334,406.28,0.0,2.678706461588543
2025-12-30 00:00:00,0.07786,406.28,0.0,2.704560953776043
2025-12-30 01:00:00,0.07322,407.23,0.0,2.71718709309896
2025-12-30 02:00:00,0.07186,407.23,0.0,2.713815917968751
2025-12-30 03:00:00,0.06936,407.23,0.0,2.710389811197918
2025-12-30 04:00:00,0.06854,463.27,0.0,2.695173746744793
2025-12-30 05:00:00,0.07199,463.27,0.0,2.695405680338543
2025-12-30 06:00:00,0.08002,463.27,0.0,2.6672054036458346
2025-12-30 07:00:00,0.0879699999999999,532.24,0.0,2.656941324869793
2025-12-30 08:00:00,0.0948799999999999,532.24,0.0,2.669321289062501
2025-12-30 09:00:00,0.09439,532.24,400.0,2.692124023437501
2025-12-30 10:00:00,0.08582,523.26,8.0,2.7187780761718763
2025-12-30 11:00:00,0.0793799999999999,523.26,37.2,2.7442175292968765
2025-12-30 12:00:00,0.0761599999999999,523.26,62.9,2.77080037434896
2025-12-30 13:00:00,0.07676,459.28,58.1,2.7766292317708348
2025-12-30 14:00:00,0.08897,459.28,83.1,2.7633825683593765
2025-12-30 15:00:00,0.10233,459.28,61.2,2.7424068196614595
2025-12-30 16:00:00,0.1090999999999999,454.25,25.9,2.7380285644531264
2025-12-30 17:00:00,0.1107099999999999,454.25,2.9,2.7390824381510432
2025-12-30 18:00:00,0.10912,454.25,0.0,2.702980143229168
2025-12-30 19:00:00,0.10561,475.26,0.0,2.702266031901043
2025-12-30 20:00:00,0.10104,475.26,0.0,2.702188720703126
2025-12-30 21:00:00,0.0933199999999999,475.26,0.0,2.70373494466146
2025-12-30 22:00:00,0.0920499999999999,497.27,0.0,2.699505208333335
2025-12-30 23:00:00,0.08581,497.27,0.0,2.6975480143229142
2025-12-31 00:00:00,0.0880799999999999,497.27,0.0,2.705545654296876
2025-12-31 01:00:00,0.08434,502.26,0.0,2.7110286458333346
2025-12-31 02:00:00,0.0802099999999999,502.26,0.0,2.7229345703125016
2025-12-31 03:00:00,0.07658,502.26,0.0,2.7322241210937515
2025-12-31 04:00:00,0.07493,508.26,0.0,2.7390437825520846
2025-12-31 05:00:00,0.0773799999999999,508.26,0.0,2.761445719401043
2025-12-31 06:00:00,0.08187,508.26,0.0,2.744239908854168
2025-12-31 07:00:00,0.08528,530.27,0.0,2.754048258463543
2025-12-31 08:00:00,0.09579,530.27,0.0,2.7847285970052096
2025-12-31 09:00:00,0.09534,530.27,200.0,2.858036376953128
2025-12-31 10:00:00,0.08926,501.27,4.47,2.9098076171875027
2025-12-31 11:00:00,0.08348,501.27,17.3,2.9504460449218777
2025-12-31 12:00:00,0.08305,501.27,25.8,3.001602050781246
2025-12-31 13:00:00,0.08517,446.24,28.5,2.9896708984375024
2025-12-31 14:00:00,0.08518,446.24,36.3,2.9144072265625027
2025-12-31 15:00:00,0.09083,446.24,18.5,2.815226318359377
2025-12-31 16:00:00,0.10071,412.26,5.13,2.7853755696614595
2025-12-31 17:00:00,0.1100999999999999,412.26,633.0,2.7712683105468763
2025-12-31 18:00:00,0.10753,412.26,0.0,2.776081949869793
2025-12-31 19:00:00,0.0959899999999999,401.23,0.0,2.759047037760418
2025-12-31 20:00:00,0.0868,401.23,0.0,2.746066894531251
2025-12-31 21:00:00,0.0798,401.23,0.0,2.731815185546876
2025-12-31 22:00:00,0.08139,409.26,0.0,2.722102457682293
2025-12-31 23:00:00,0.076,409.26,0.0,2.7080664062500013
