time,el_price_eur_kwh,heat_demand_kw,PV_kw,COP,gas_price,solar_q_Wm2
2025-01-01 00:00:00,0.00216,344.27,0.0,2.315180175781252,0.1199,0.0
2025-01-01 01:00:00,0.0016,373.27,0.0,2.311774414062502,0.1199,0.0
2025-01-01 02:00:00,0.0,373.27,0.0,2.298817871093752,0.1199,0.0
2025-01-01 03:00:00,-1e-05,373.27,0.0,2.288837402343752,0.1199,0.0
2025-01-01 04:00:00,-1e-05,370.27,0.0,2.282624023437502,0.1199,0.0
2025-01-01 05:00:00,-6e-05,370.27,0.0,2.273104980468752,0.1199,0.0
2025-01-01 06:00:00,-8.999999999999999e-05,370.27,0.0,2.252338378906252,0.1199,0.0
2025-01-01 07:00:00,-1e-05,385.27,0.0,2.223805664062502,0.1199,0.0
2025-01-01 08:00:00,-1e-05,385.27,0.0,2.232099121093752,0.1199,0.0
2025-01-01 09:00:00,-4e-05,385.27,0.0,2.2621259765625017,0.1199,0.0
2025-01-01 10:00:00,-3e-05,361.51,0.0,2.299115722656252,0.1199,0.0
2025-01-01 11:00:00,-0.0001,361.51,0.0,2.317167480468752,0.1199,0.0
2025-01-01 12:00:00,-5e-05,361.51,0.0,2.3405976562500017,0.1199,0.0
2025-01-01 13:00:00,-0.0001,374.26,0.0,2.396688964843752,0.1199,0.0
2025-01-01 14:00:00,-0.00101,374.26,0.0,2.437833984375002,0.1199,0.0
2025-01-01 15:00:00,-1e-05,374.26,0.0,2.461120117187497,0.1199,0.0
2025-01-01 16:00:00,-1e-05,342.27,0.0,2.486937988281252,0.1199,0.0
2025-01-01 17:00:00,7.000000000000001e-05,342.27,0.0,2.515321777343752,0.1199,0.0
2025-01-01 18:00:00,0.00101,342.27,0.0,2.4845185546874973,0.1199,0.0
2025-01-01 19:00:00,0.00148,286.28,0.0,2.488466308593752,0.1199,0.0
2025-01-01 20:00:00,0.001,286.28,0.0,2.4761347656250017,0.1199,0.0
2025-01-01 21:00:00,7.000000000000001e-05,286.28,0.0,2.483019531250002,0.1199,0.0
2025-01-01 22:00:00,0.01005,325.29,0.0,2.467111328125002,0.1199,0.0
2025-01-01 23:00:00,0.00701,325.29,0.0,2.400346191406252,0.1199,0.0
2025-01-02 00:00:00,0.0025499999999999,325.29,0.0,2.274164550781252,0.1199,0.0
2025-01-02 01:00:00,0.00156,385.28,0.0,2.137611816406252,0.1199,0.0
2025-01-02 02:00:00,0.00345,385.28,0.0,2.08280002170139,0.1199,0.0
2025-01-02 03:00:00,0.0070199999999999,385.28,0.0,2.075920681423612,0.1199,0.0
2025-01-02 04:00:00,0.01275,442.29,0.0,2.0769094509548625,0.1199,0.0
2025-01-02 05:00:00,0.03007,442.29,0.0,2.077173936631945,0.1199,0.0
2025-01-02 06:00:00,0.06713,442.29,0.0,2.092208930121529,0.1199,0.0
2025-01-02 07:00:00,0.09883,497.25,0.0,2.098623046875001,0.1199,0.0
2025-01-02 08:00:00,0.12153,497.25,0.0,2.124115722656252,0.1199,0.0
2025-01-02 09:00:00,0.12723,497.25,0.0,2.165583007812502,0.1199,0.0
2025-01-02 10:00:00,0.12635,482.27,0.2,2.207687500000002,0.1199,0.0
2025-01-02 11:00:00,0.11997,482.27,2.83,2.261498535156252,0.1199,0.0
2025-01-02 12:00:00,0.11595,482.27,5.83,2.280226562500002,0.1199,0.0
2025-01-02 13:00:00,0.1139,433.65,23.6,2.235839355468752,0.1199,0.0
2025-01-02 14:00:00,0.12221,433.65,17.7,2.175441406250002,0.1199,0.0
2025-01-02 15:00:00,0.13011,433.65,12.9,2.0938636610243067,0.1199,0.0
2025-01-02 16:00:00,0.13859,427.28,13.4,2.0747989908854176,0.1199,0.0
2025-01-02 17:00:00,0.15287,427.28,4.73,2.051661241319445,0.1199,0.0
2025-01-02 18:00:00,0.15294,427.28,0.0,2.05162326388889,0.1199,0.0
2025-01-02 19:00:00,0.13915,428.24,0.0,2.040715603298612,0.1199,0.0
2025-01-02 20:00:00,0.13,428.24,0.0,2.0344832356770843,0.1199,0.0
2025-01-02 21:00:00,0.11978,428.24,0.0,2.023186306423612,0.1199,0.0
2025-01-02 22:00:00,0.11342,446.25,0.0,2.025087890625001,0.1199,0.0
2025-01-02 23:00:00,0.08247,446.25,0.0,2.027005750868057,0.1199,0.0
2025-01-03 00:00:00,0.09956,446.25,0.0,2.0307234700520844,0.1199,0.0
2025-01-03 01:00:00,0.08753,454.27,0.0,2.0245887586805567,0.1199,0.0
2025-01-03 02:00:00,0.08501,454.27,0.0,2.021999511718751,0.1199,0.0
2025-01-03 03:00:00,0.08379,454.27,0.0,2.0195106336805564,0.1199,0.0
2025-01-03 04:00:00,0.0775,450.26,0.0,2.015981445312501,0.1199,0.0
2025-01-03 05:00:00,0.0798799999999999,450.26,0.0,2.002350260416668,0.1199,0.0
2025-01-03 06:00:00,0.08356,450.26,0.0,1.9960148111979177,0.1199,0.0
2025-01-03 07:00:00,0.07843,518.23,0.0,1.99165011935764,0.1199,0.0
2025-01-03 08:00:00,0.0825699999999999,518.23,0.0,2.013247070312501,0.1199,0.0
2025-01-03 09:00:00,0.08076,518.23,0.0,2.037045355902779,0.1199,0.0
2025-01-03 10:00:00,0.07764,505.0,4.0,2.0516219075520845,0.1199,0.0
2025-01-03 11:00:00,0.07048,505.0,32.7,2.0688419596354177,0.1199,0.0
2025-01-03 12:00:00,0.06994,505.0,71.4,2.0801443142361125,0.1199,0.0
2025-01-03 13:00:00,0.0778,473.35,84.2,2.079091796875001,0.1199,0.0
2025-01-03 14:00:00,0.07881,473.35,62.9,2.0689613172743067,0.1199,0.0
2025-01-03 15:00:00,0.08529,473.35,33.0,2.052450629340279,0.1199,0.0
2025-01-03 16:00:00,0.10551,466.44,15.1,2.046294216579862,0.1199,0.0
2025-01-03 17:00:00,0.11666,466.44,1.73,2.0337725151909734,0.1199,0.0
2025-01-03 18:00:00,0.11506,466.44,0.0,2.0487925889756955,0.1199,0.0
2025-01-03 19:00:00,0.11491,436.23,0.0,2.03654758029514,0.1199,0.0
2025-01-03 20:00:00,0.1133,436.23,0.0,2.03760959201389,0.1199,0.0
2025-01-03 21:00:00,0.1077999999999999,436.23,0.0,2.0304115125868067,0.1199,0.0
2025-01-03 22:00:00,0.09822,442.26,0.0,2.02681857638889,0.1199,0.0
2025-01-03 23:00:00,0.08857,442.26,0.0,2.01547824435764,0.1199,0.0
2025-01-04 00:00:00,0.09043,442.26,0.0,2.004310167100696,0.1199,0.0
2025-01-04 01:00:00,0.09029,445.25,0.0,1.997360297309029,0.1199,0.0
2025-01-04 02:00:00,0.0902,445.25,0.0,1.998825141059029,0.1199,0.0
2025-01-04 03:00:00,0.0915199999999999,445.25,0.0,1.994912109375001,0.1199,0.0
2025-01-04 04:00:00,0.09595,448.27,0.0,1.992316080729168,0.1199,0.0
2025-01-04 05:00:00,0.10211,448.27,0.0,2.00176974826389,0.1199,0.0
2025-01-04 06:00:00,0.11066,448.27,0.0,2.007147623697917,0.1199,0.0
2025-01-04 07:00:00,0.11996,461.2,0.0,2.009262152777779,0.1199,0.0
2025-01-04 08:00:00,0.1283899999999999,461.2,0.0,2.0314708116319453,0.1199,0.0
2025-01-04 09:00:00,0.13075,461.2,0.0,2.061288519965279,0.1199,0.0
2025-01-04 10:00:00,0.13034,437.19,2.93,2.087148437500001,0.1199,0.0
2025-01-04 11:00:00,0.12829,437.19,10.6,2.100397460937502,0.1199,0.0
2025-01-04 12:00:00,0.13003,437.19,18.6,2.109589355468752,0.1199,0.0
2025-01-04 13:00:00,0.12985,425.47,21.1,2.100365722656252,0.1199,0.0
2025-01-04 14:00:00,0.1364,425.47,22.6,2.0845646158854176,0.1199,0.0
2025-01-04 15:00:00,0.13872,425.47,22.2,2.0492279730902787,0.1199,0.0
2025-01-04 16:00:00,0.142,460.19,18.7,2.023091362847224,0.1199,0.0
2025-01-04 17:00:00,0.15124,460.19,2.55,2.0082530381944457,0.1199,0.0
2025-01-04 18:00:00,0.14385,460.19,0.0,2.003465169270832,0.1199,0.0
2025-01-04 19:00:00,0.13796,449.26,0.0,2.005014105902779,0.1199,0.0
2025-01-04 20:00:00,0.12949,449.26,0.0,2.0109168836805567,0.1199,0.0
2025-01-04 21:00:00,0.12283,449.26,0.0,2.0156233723958343,0.1199,0.0
2025-01-04 22:00:00,0.11829,465.34,0.0,2.0160560438368065,0.1199,0.0
2025-01-04 23:00:00,0.1094899999999999,465.34,0.0,2.0154307725694456,0.1199,0.0
2025-01-05 00:00:00,0.11384,465.34,0.0,2.0051917860243065,0.1199,0.0
2025-01-05 01:00:00,0.10033,464.26,0.0,2.0004988606770846,0.1199,0.0
2025-01-05 02:00:00,0.09361,464.26,0.0,1.9952796766493064,0.1199,0.0
2025-01-05 03:00:00,0.09387,464.26,0.0,1.9941010199652789,0.1199,0.0
2025-01-05 04:00:00,0.08938,480.26,0.0,2.001247558593751,0.1199,0.0
2025-01-05 05:00:00,0.08355,480.26,0.0,2.014117838541668,0.1199,0.0
2025-01-05 06:00:00,0.08392,480.26,0.0,2.0460622829861124,0.1199,0.0
2025-01-05 07:00:00,0.08253,463.21,0.0,2.112189453125002,0.1199,0.0
2025-01-05 08:00:00,0.08405,463.21,0.0,2.289359863281252,0.1199,0.0
2025-01-05 09:00:00,0.08915,463.21,0.0,2.496356933593752,0.1199,0.0
2025-01-05 10:00:00,0.08295,379.32,0.65,2.635490234375002,0.1199,0.0
2025-01-05 11:00:00,0.08882,379.32,2.73,2.679638183593752,0.1199,0.0
2025-01-05 12:00:00,0.08166,379.32,3.1,2.706791503906252,0.1199,0.0
2025-01-05 13:00:00,0.07839,223.3,8.25,2.7368769531250017,0.1199,0.0
2025-01-05 14:00:00,0.068,223.3,11.8,2.7438154296874973,0.1199,0.0
2025-01-05 15:00:00,0.05064,223.3,6.53,2.7269062500000016,0.1199,0.0
2025-01-05 16:00:00,0.0499099999999999,194.58,4.03,2.703136718750002,0.1199,0.0
2025-01-05 17:00:00,0.0663,194.58,1.73,2.687406738281252,0.1199,0.0
2025-01-05 18:00:00,0.06505,194.58,0.0,2.731728027343752,0.1199,0.0
2025-01-05 19:00:00,0.05128,187.19,0.0,2.741076171875002,0.1199,0.0
2025-01-05 20:00:00,0.03685,187.19,0.0,2.754408691406252,0.1199,0.0
2025-01-05 21:00:00,0.0368,187.19,0.0,2.780302246093752,0.1199,0.0
2025-01-05 22:00:00,0.03468,195.41,0.0,2.790307128906252,0.1199,0.0
2025-01-05 23:00:00,0.02814,195.41,0.0,2.785470703125002,0.1199,0.0
2025-01-06 00:00:00,0.02752,195.41,0.0,2.786610839843752,0.1199,0.0
2025-01-06 01:00:00,0.01926,194.34,0.0,2.7849287109375016,0.1199,0.0
2025-01-06 02:00:00,0.0113499999999999,194.34,0.0,2.771903808593752,0.1199,0.0
2025-01-06 03:00:00,0.0092,194.34,0.0,2.749877441406252,0.1199,0.0
2025-01-06 04:00:00,0.01,212.03,0.0,2.733842285156252,0.1199,0.0
2025-01-06 05:00:00,0.01481,212.03,0.0,2.722499511718752,0.1199,0.0
2025-01-06 06:00:00,0.02382,212.03,0.0,2.743485839843752,0.1199,0.0
2025-01-06 07:00:00,0.03172,265.19,0.0,2.775429199218752,0.1199,0.0
2025-01-06 08:00:00,0.04137,265.19,0.0,2.798712890625002,0.1199,0.0
2025-01-06 09:00:00,0.0363599999999999,265.19,0.0,2.837484863281252,0.1199,0.0
2025-01-06 10:00:00,0.03469,245.91,0.0,2.9,0.1199,0.0
2025-01-06 11:00:00,0.03283,245.91,0.0,2.9,0.1199,0.0
2025-01-06 12:00:00,0.03128,245.91,0.0,2.9,0.1199,0.013208352864455
2025-01-06 13:00:00,0.0286,234.73,0.0,2.816830566406252,0.1199,0.0
2025-01-06 14:00:00,0.02561,234.73,0.0,2.632907226562502,0.1199,0.0
2025-01-06 15:00:00,0.02632,234.73,0.0,2.518524902343752,0.1199,0.0
2025-01-06 16:00:00,0.02687,318.23,0.0,2.464740722656252,0.1199,0.0
2025-01-06 17:00:00,0.03166,318.23,0.0,2.4332880859375017,0.1199,0.0
2025-01-06 18:00:00,0.03158,318.23,0.0,2.418063476562502,0.1199,0.0
2025-01-06 19:00:00,0.0287399999999999,315.51,0.0,2.377782714843752,0.1199,0.0
2025-01-06 20:00:00,0.02659,315.51,0.0,2.353251464843752,0.1199,0.0
2025-01-06 21:00:00,0.01382,315.51,0.0,2.344628417968752,0.1199,0.0
2025-01-06 22:00:00,0.02694,325.7,0.0,2.327509277343752,0.1199,0.0
2025-01-06 23:00:00,0.01299,325.7,0.0,2.310038574218752,0.1199,0.0
2025-01-07 00:00:00,0.01907,325.7,0.0,2.3113642578125018,0.1199,0.0
2025-01-07 01:00:00,0.00871,365.22,0.0,2.297177246093752,0.1199,0.0
2025-01-07 02:00:00,0.0089,365.22,0.0,2.2744794921874973,0.1199,0.0
2025-01-07 03:00:00,0.00501,365.22,0.0,2.247020996093752,0.1199,0.0
2025-01-07 04:00:00,0.00513,402.21,0.0,2.234181640625002,0.1199,0.0
2025-01-07 05:00:00,0.0058,402.21,0.0,2.210336425781252,0.1199,0.0
2025-01-07 06:00:00,0.04886,402.21,0.0,2.186063964843752,0.1199,0.0
2025-01-07 07:00:00,0.07683,560.0,0.0,2.1703095703125017,0.1199,0.0
2025-01-07 08:00:00,0.08508,560.0,0.0,2.152135742187497,0.1199,0.0
2025-01-07 09:00:00,0.08424,560.0,0.0,2.167748535156252,0.1199,0.0
2025-01-07 10:00:00,0.07525,577.0,3.72,2.187318847656252,0.1199,0.0
2025-01-07 11:00:00,0.0628,577.0,16.4,2.230136230468752,0.1199,0.0
2025-01-07 12:00:00,0.0624399999999999,577.0,26.5,2.259540527343752,0.1199,0.0
2025-01-07 13:00:00,0.0639,542.0,39.0,2.2646748046874974,0.1199,0.0
2025-01-07 14:00:00,0.07256,542.0,43.3,2.235460937500002,0.1199,0.0
2025-01-07 15:00:00,0.07811,542.0,32.8,2.207179687500002,0.1199,0.0
2025-01-07 16:00:00,0.07998,455.39,7.68,2.190868652343752,0.1199,0.0
2025-01-07 17:00:00,0.09603,455.39,0.467,2.171405761718752,0.1199,0.0
2025-01-07 18:00:00,0.10111,455.39,0.0,2.193256347656252,0.1199,0.0
2025-01-07 19:00:00,0.08621,390.3,0.0,2.185270507812502,0.1199,0.0
2025-01-07 20:00:00,0.07801,390.3,0.0,2.169828613281252,0.1199,0.0
2025-01-07 21:00:00,0.07245,390.3,0.0,2.164076660156252,0.1199,0.0
2025-01-07 22:00:00,0.07245,385.26,0.0,2.144496582031252,0.1199,0.0
2025-01-07 23:00:00,0.05004,385.26,0.0,2.131122558593752,0.1199,0.0
2025-01-08 00:00:00,0.07105,385.26,0.0,2.116186035156252,0.1199,0.0
2025-01-08 01:00:00,0.06801,395.26,0.0,2.0981171332465287,0.1199,0.0
2025-01-08 02:00:00,0.06334,395.26,0.0,2.098187662760418,0.1199,0.0
2025-01-08 03:00:00,0.05701,395.26,0.0,2.099774576822918,0.1199,0.0
2025-01-08 04:00:00,0.06629,439.27,0.0,2.096994086371529,0.1199,0.0
2025-01-08 05:00:00,0.07207,439.27,0.0,2.0799123806423623,0.1199,0.0
2025-01-08 06:00:00,0.0827,439.27,0.0,2.048502332899307,0.1199,0.0
2025-01-08 07:00:00,0.10073,590.4,0.0,2.036505533854168,0.1199,0.0
2025-01-08 08:00:00,0.12822,590.4,0.0,2.0613319227430567,0.1199,0.0
2025-01-08 09:00:00,0.10818,590.4,0.0,2.109032714843752,0.1199,0.0
2025-01-08 10:00:00,0.09465,575.0,4.22,2.170907714843752,0.1199,0.0
2025-01-08 11:00:00,0.10001,575.0,19.9,2.225602539062502,0.1199,0.0
2025-01-08 12:00:00,0.08999,575.0,22.2,2.232621582031252,0.1199,0.0
2025-01-08 13:00:00,0.0972,517.0,23.9,2.204247558593752,0.1199,0.0
2025-01-08 14:00:00,0.11019,517.0,23.0,2.181796386718752,0.1199,0.0
2025-01-08 15:00:00,0.1278,517.0,18.0,2.143688476562502,0.1199,0.0
2025-01-08 16:00:00,0.13582,445.38,5.9,2.105443847656252,0.1199,0.0
2025-01-08 17:00:00,0.15546,445.38,1.15,2.079938151041668,0.1199,0.0
2025-01-08 18:00:00,0.14923,445.38,0.0,2.067876247829862,0.1199,0.0
2025-01-08 19:00:00,0.14648,465.41,0.0,2.05838595920139,0.1199,0.0
2025-01-08 20:00:00,0.13686,465.41,0.0,2.05151340060764,0.1199,0.0
2025-01-08 21:00:00,0.12786,465.41,0.0,2.050176052517362,0.1199,0.0
2025-01-08 22:00:00,0.11592,462.29,0.0,2.063343370225696,0.1199,0.0
2025-01-08 23:00:00,0.10359,462.29,0.0,2.09309054904514,0.1199,0.0
2025-01-09 00:00:00,0.10144,462.29,0.0,2.101820800781252,0.1199,0.0
2025-01-09 01:00:00,0.1,474.3,0.0,2.0855723741319454,0.1199,0.0
2025-01-09 02:00:00,0.09877,474.3,0.0,2.070697428385418,0.1199,0.0
2025-01-09 03:00:00,0.09522,474.3,0.0,2.0549815538194456,0.1199,0.0
2025-01-09 04:00:00,0.09828,503.55,0.0,2.036310221354168,0.1199,0.0
2025-01-09 05:00:00,0.10265,503.55,0.0,2.023031684027779,0.1199,0.0
2025-01-09 06:00:00,0.13354,503.55,0.0,2.016340874565973,0.1199,0.0
2025-01-09 07:00:00,0.1488,659.0,0.0,2.007521972656251,0.1199,0.0
2025-01-09 08:00:00,0.16488,659.0,0.0,2.0046831597222234,0.1199,0.0
2025-01-09 09:00:00,0.15615,659.0,0.0,2.010895182291668,0.1199,0.0
2025-01-09 10:00:00,0.14764,676.0,0.0,2.020156250000001,0.1199,0.0
2025-01-09 11:00:00,0.14021,676.0,0.0,2.021286078559029,0.1199,0.0
2025-01-09 12:00:00,0.12818,676.0,0.0,2.0357256401909734,0.1199,0.0
2025-01-09 13:00:00,0.12115,673.0,0.0,2.0425615776909734,0.1199,0.0
2025-01-09 14:00:00,0.12395,673.0,0.0,2.047042914496529,0.1199,0.0
2025-01-09 15:00:00,0.12753,673.0,0.0,2.0428694661458344,0.1199,0.0
2025-01-09 16:00:00,0.12375,542.92,0.0,2.028863932291668,0.1199,0.0
2025-01-09 17:00:00,0.13091,542.92,0.0,2.027937554253473,0.1199,0.0
2025-01-09 18:00:00,0.13475,542.92,0.0,2.036348198784723,0.1199,0.0
2025-01-09 19:00:00,0.12544,470.13,0.0,2.02175265842014,0.1199,0.0
2025-01-09 20:00:00,0.11923,470.13,0.0,2.00780002170139,0.1199,0.0
2025-01-09 21:00:00,0.10499,470.13,0.0,1.995101996527779,0.1199,0.0
2025-01-09 22:00:00,0.1011,479.28,0.0,1.9824541558159727,0.1199,0.0
2025-01-09 23:00:00,0.08819,479.28,0.0,1.96718722873264,0.1199,0.0
2025-01-10 00:00:00,0.08479,479.28,0.0,1.959465603298612,0.1199,0.0
2025-01-10 01:00:00,0.08023,475.24,0.0,1.950330674913196,0.1199,0.0
2025-01-10 02:00:00,0.07129,475.24,0.0,1.9495005967881955,0.1199,0.0
2025-01-10 03:00:00,0.06905,475.24,0.0,1.9485755750868063,0.1199,0.0
2025-01-10 04:00:00,0.06989,509.62,0.0,1.946926269531251,0.1199,0.0
2025-01-10 05:00:00,0.0839,509.62,0.0,1.9388031684027789,0.1199,0.0
2025-01-10 06:00:00,0.09909,509.62,0.0,1.9772783745659728,0.1199,0.0
2025-01-10 07:00:00,0.12392,680.0,0.0,1.975300835503473,0.1199,0.0
2025-01-10 08:00:00,0.13947,680.0,0.0,1.9829085286458343,0.1199,0.0
2025-01-10 09:00:00,0.13692,680.0,0.0,1.9974335394965288,0.1199,0.0
2025-01-10 10:00:00,0.12357,663.0,0.0,2.0069197591145844,0.1199,0.0
2025-01-10 11:00:00,0.11359,663.0,0.0,2.012077907986112,0.1199,0.0
2025-01-10 12:00:00,0.10743,663.0,0.0,2.016488715277779,0.1199,0.0
2025-01-10 13:00:00,0.10501,602.67,0.1,2.0081770833333343,0.1199,0.0
2025-01-10 14:00:00,0.11001,602.67,1.15,1.9779090711805567,0.1199,0.0
2025-01-10 15:00:00,0.12869,602.67,1.68,1.9371904839409733,0.1199,0.0
2025-01-10 16:00:00,0.13487,528.08,0.925,1.9072100151909728,0.1199,0.0
2025-01-10 17:00:00,0.14256,528.08,0.1,1.8911713324652788,0.1199,0.0
2025-01-10 18:00:00,0.14412,528.08,0.0,1.915716959635417,0.1199,0.0
2025-01-10 19:00:00,0.14105,514.27,0.0,1.8981781684027788,0.1199,0.0
2025-01-10 20:00:00,0.13482,514.27,0.0,1.889226345486112,0.1199,0.0
2025-01-10 21:00:00,0.12251,514.27,0.0,1.8913761393229176,0.1199,0.0
2025-01-10 22:00:00,0.11977,498.24,0.0,1.8926375325520843,0.1199,0.0
2025-01-10 23:00:00,0.1117099999999999,498.24,0.0,1.8982622612847235,0.1199,0.0
2025-01-11 00:00:00,0.10664,498.24,0.0,1.908354763454862,0.1199,0.0
2025-01-11 01:00:00,0.09899,503.27,0.0,1.91730929904514,0.1199,0.0
2025-01-11 02:00:00,0.0957099999999999,503.27,0.0,1.904163682725696,0.1199,0.0
2025-01-11 03:00:00,0.08945,503.27,0.0,1.9119232855902788,0.1199,0.0
2025-01-11 04:00:00,0.08835,498.23,0.0,1.9094249131944447,0.1199,0.0
2025-01-11 05:00:00,0.0884,498.23,0.0,1.90766574435764,0.1199,0.0
2025-01-11 06:00:00,0.08813,498.23,0.0,1.93126193576389,0.1199,0.0
2025-01-11 07:00:00,0.09468,521.2,0.0,1.947010362413196,0.1199,0.0
2025-01-11 08:00:00,0.10765,521.2,0.0,1.9675466579861125,0.1199,0.0
2025-01-11 09:00:00,0.10314,521.2,0.0,1.9835460069444453,0.1199,0.0
2025-01-11 10:00:00,0.10113,501.27,0.0,1.998772243923612,0.1199,0.0
2025-01-11 11:00:00,0.09956,501.27,0.0,2.0137489149305567,0.1199,0.0
2025-01-11 12:00:00,0.0967399999999999,501.27,0.0,2.0173201497395845,0.1199,0.0
2025-01-11 13:00:00,0.09315,521.19,0.0,2.015661349826388,0.1199,0.0
2025-01-11 14:00:00,0.0949,521.19,0.167,2.0110945638020845,0.1199,0.0
2025-01-11 15:00:00,0.10489,521.19,0.1,1.9967906358506955,0.1199,0.0
2025-01-11 16:00:00,0.11212,521.2,0.2,1.985183105468751,0.1199,0.0
2025-01-11 17:00:00,0.1198,521.2,0.0,1.9753130425347232,0.1199,0.0
2025-01-11 18:00:00,0.12234,521.2,0.0,1.9849864366319447,0.1199,0.0
2025-01-11 19:00:00,0.11485,499.29,0.0,1.9888031684027787,0.1199,0.0
2025-01-11 20:00:00,0.11119,499.29,0.0,1.995008409288196,0.1199,0.0
2025-01-11 21:00:00,0.1047999999999999,499.29,0.0,1.9947561306423625,0.1199,0.0
2025-01-11 22:00:00,0.10307,496.49,0.0,1.987026367187501,0.1199,0.0
2025-01-11 23:00:00,0.1056899999999999,496.49,0.0,1.9733192274305569,0.1199,0.0
2025-01-12 00:00:00,0.08358,496.49,0.0,1.958720974392362,0.1199,0.0
2025-01-12 01:00:00,0.08379,498.26,0.0,1.9504852973090288,0.1199,0.0
2025-01-12 02:00:00,0.08675,498.26,0.0,1.951917588975696,0.1199,0.0
2025-01-12 03:00:00,0.0842,498.26,0.0,1.9455048285590288,0.1199,0.0
2025-01-12 04:00:00,0.085,501.26,0.0,1.9335283745659733,0.1199,0.0
2025-01-12 05:00:00,0.08375,501.26,0.0,1.9403480360243064,0.1199,0.0
2025-01-12 06:00:00,0.0859,501.26,0.0,1.909747721354168,0.1199,0.0
2025-01-12 07:00:00,0.10175,494.27,0.0,1.894232584635417,0.1199,0.0
2025-01-12 08:00:00,0.11467,494.27,0.0,1.9149180772569447,0.1199,0.0
2025-01-12 09:00:00,0.12007,494.27,0.0,1.960112575954862,0.1199,0.0
2025-01-12 10:00:00,0.11777,473.28,0.0,2.0272837999131954,0.1199,0.0
2025-01-12 11:00:00,0.10561,473.28,0.0,2.0809798177083345,0.1199,0.0
2025-01-12 12:00:00,0.10299,473.28,0.15,2.0757864040798624,0.1199,0.0
2025-01-12 13:00:00,0.09961,452.54,0.35,2.070319010416668,0.1199,0.0
2025-01-12 14:00:00,0.10474,452.54,0.275,2.058925781250001,0.1199,0.0
2025-01-12 15:00:00,0.1187,452.54,0.4,2.032744411892362,0.1199,0.0
2025-01-12 16:00:00,0.1329199999999999,464.28,0.2,1.975667046440973,0.1199,0.0
2025-01-12 17:00:00,0.141,464.28,0.0,1.9451426866319448,0.1199,0.0
2025-01-12 18:00:00,0.1466599999999999,464.28,0.0,1.9391097005208344,0.1199,0.0
2025-01-12 19:00:00,0.14366,473.29,0.0,1.9351356336805563,0.1199,0.0
2025-01-12 20:00:00,0.13486,473.29,0.0,1.9615882703993064,0.1199,0.0
2025-01-12 21:00:00,0.12749,473.29,0.0,1.9771671549479173,0.1199,0.0
2025-01-12 22:00:00,0.1212,490.53,0.0,1.9927460394965288,0.1199,0.0
2025-01-12 23:00:00,0.1149,490.53,0.0,2.0034122721354177,0.1199,0.0
2025-01-13 00:00:00,0.11239,490.53,0.0,1.9866235351562511,0.1199,0.0
2025-01-13 01:00:00,0.10507,529.29,0.0,1.90190402560764,0.1199,0.0
2025-01-13 02:00:00,0.10446,529.29,0.0,1.85422336154514,0.1199,0.0
2025-01-13 03:00:00,0.10037,529.29,0.0,1.8465071614583344,0.1199,0.0
2025-01-13 04:00:00,0.1,579.43,0.0,1.840413140190973,0.1199,0.0
2025-01-13 05:00:00,0.11011,579.43,0.0,1.8429603407118065,0.1199,0.0
2025-01-13 06:00:00,0.14028,579.43,0.0,1.7591644965277788,0.1199,0.0
2025-01-13 07:00:00,0.18192,834.0,0.0,1.756206325954862,0.1199,0.0
2025-01-13 08:00:00,0.22309,834.0,0.0,1.7652652994791675,0.1199,0.0
2025-01-13 09:00:00,0.17409,834.0,0.0,1.8217323133680563,0.1199,0.0
2025-01-13 10:00:00,0.14169,801.0,0.1,1.8952159288194448,0.1199,0.0
2025-01-13 11:00:00,0.11573,801.0,1.48,1.943543565538196,0.1199,0.0
2025-01-13 12:00:00,0.1041,801.0,4.97,1.973736979166668,0.1199,0.0
2025-01-13 13:00:00,0.10304,707.03,7.4,1.9670109049479176,0.1199,0.0
2025-01-13 14:00:00,0.10467,707.03,9.13,1.9256263563368063,0.1199,0.0
2025-01-13 15:00:00,0.1382,707.03,9.5,1.847615288628473,0.1199,0.0
2025-01-13 16:00:00,0.14262,605.39,7.15,1.7648421223958344,0.1199,0.0
2025-01-13 17:00:00,0.149,605.39,1.87,1.7,0.1199,0.0
2025-01-13 18:00:00,0.149,605.39,0.0,1.7,0.1199,0.0
2025-01-13 19:00:00,0.13973,559.26,0.0,1.7,0.1199,0.0
2025-01-13 20:00:00,0.12318,559.26,0.0,1.7,0.1199,0.0
2025-01-13 21:00:00,0.12022,559.26,0.0,1.7,0.1199,0.0
2025-01-13 22:00:00,0.1155699999999999,577.22,0.0,1.7,0.1199,0.0
2025-01-13 23:00:00,0.10231,577.22,0.0,1.7,0.1199,0.0
2025-01-14 00:00:00,0.10638,577.22,0.0,1.7,0.1199,0.0
2025-01-14 01:00:00,0.1037,612.23,0.0,1.7,0.1199,0.0
2025-01-14 02:00:00,0.09908,612.23,0.0,1.7,0.1199,0.0
2025-01-14 03:00:00,0.09799,612.23,0.0,1.7,0.1199,0.0
2025-01-14 04:00:00,0.10188,685.02,0.0,1.7,0.1199,0.0
2025-01-14 05:00:00,0.10764,685.02,0.0,1.7,0.1199,0.0
2025-01-14 06:00:00,0.1234,685.02,0.0,1.7,0.1199,0.0
2025-01-14 07:00:00,0.15662,878.9,0.0,1.7,0.1199,0.0
2025-01-14 08:00:00,0.18403,878.9,0.0,1.7074433051215288,0.1199,0.0
2025-01-14 09:00:00,0.15186,878.9,0.0,1.8544471571180563,0.1199,0.0
2025-01-14 10:00:00,0.11762,819.0,0.167,1.9971541341145844,0.1199,0.0
2025-01-14 11:00:00,0.10931,819.0,0.25,2.0651323784722235,0.1199,0.0
2025-01-14 12:00:00,0.10311,819.0,3.63,2.108986328125002,0.1199,0.0
2025-01-14 13:00:00,0.10811,637.12,7.32,2.1079560546874974,0.1199,0.0
2025-01-14 14:00:00,0.11535,637.12,7.18,2.0886729600694456,0.1199,0.0
2025-01-14 15:00:00,0.12535,637.12,7.3,2.070172526041668,0.1199,0.0
2025-01-14 16:00:00,0.1419699999999999,506.3,3.88,2.0513899739583343,0.1199,0.0
2025-01-14 17:00:00,0.16586,506.3,0.65,2.0426944986979176,0.1199,0.0
2025-01-14 18:00:00,0.17007,506.3,0.0,2.0427473958333344,0.1199,0.0
2025-01-14 19:00:00,0.15838,429.29,0.0,2.070339355468751,0.1199,0.0
2025-01-14 20:00:00,0.13546,429.29,0.0,2.0858965386284734,0.1199,0.0
2025-01-14 21:00:00,0.11769,429.29,0.0,2.0928233506944456,0.1199,0.0
2025-01-14 22:00:00,0.121,450.23,0.0,2.09776584201389,0.1199,0.0
2025-01-14 23:00:00,0.12176,450.23,0.0,2.098416883680557,0.1199,0.0
2025-01-15 00:00:00,0.10828,450.23,0.0,2.101933105468752,0.1199,0.0
2025-01-15 01:00:00,0.10772,466.22,0.0,2.1069355468750017,0.1199,0.0
2025-01-15 02:00:00,0.1084099999999999,466.22,0.0,2.114384277343752,0.1199,0.0
2025-01-15 03:00:00,0.10804,466.22,0.0,2.117860839843752,0.1199,0.0
2025-01-15 04:00:00,0.10875,491.29,0.0,2.114079101562502,0.1199,0.0
2025-01-15 05:00:00,0.11492,491.29,0.0,2.104394042968752,0.1199,0.0
2025-01-15 06:00:00,0.13449,491.29,0.0,2.0861922200520846,0.1199,0.0
2025-01-15 07:00:00,0.19179,614.0,0.0,2.085744628906251,0.1199,0.0
2025-01-15 08:00:00,0.30724,614.0,0.0,2.089374186197918,0.1199,0.0
2025-01-15 09:00:00,0.3150199999999999,614.0,0.0,2.103673828125002,0.1199,0.0
2025-01-15 10:00:00,0.31103,611.0,0.0,2.126918457031252,0.1199,0.0
2025-01-15 11:00:00,0.3048,611.0,0.725,2.160988281250002,0.1199,0.0
2025-01-15 12:00:00,0.3110199999999999,611.0,2.38,2.194740722656252,0.1199,0.0
2025-01-15 13:00:00,0.3093399999999999,607.0,4.25,2.234650390625002,0.1199,0.0
2025-01-15 14:00:00,0.28583,607.0,4.53,2.2441230468750017,0.1199,0.0
2025-01-15 15:00:00,0.30174,607.0,4.35,2.200050781250002,0.1199,0.0
2025-01-15 16:00:00,0.33352,508.2,3.28,2.180077636718752,0.1199,0.0
2025-01-15 17:00:00,0.37799,508.2,0.633,2.186576660156252,0.1199,0.0
2025-01-15 18:00:00,0.32474,508.2,0.0,2.154464843750002,0.1199,0.0
2025-01-15 19:00:00,0.27009,457.23,0.0,2.171833007812502,0.1199,0.0
2025-01-15 20:00:00,0.18166,457.23,0.0,2.179193847656252,0.1199,0.0
2025-01-15 21:00:00,0.15087,457.23,0.0,2.173603027343752,0.1199,0.0
2025-01-15 22:00:00,0.14116,474.23,0.0,2.171642578125002,0.1199,0.0
2025-01-15 23:00:00,0.1239,474.23,0.0,2.173649414062502,0.1199,0.0
2025-01-16 00:00:00,0.12633,474.23,0.0,2.177938964843752,0.1199,0.0
2025-01-16 01:00:00,0.11912,471.24,0.0,2.169103515625002,0.1199,0.0
2025-01-16 02:00:00,0.11762,471.24,0.0,2.122555664062502,0.1199,0.0
2025-01-16 03:00:00,0.11503,471.24,0.0,2.1089277343750017,0.1199,0.0
2025-01-16 04:00:00,0.11575,494.6,0.0,2.118942382812502,0.1199,0.0
2025-01-16 05:00:00,0.1232699999999999,494.6,0.0,2.102641113281252,0.1199,0.0
2025-01-16 06:00:00,0.1387,494.6,0.0,2.079022623697918,0.1199,0.0
2025-01-16 07:00:00,0.17304,629.0,0.0,2.075970865885418,0.1199,0.0
2025-01-16 08:00:00,0.19965,629.0,0.0,2.083916286892362,0.1199,0.0
2025-01-16 09:00:00,0.175,629.0,0.0,2.118747070312502,0.1199,0.0
2025-01-16 10:00:00,0.1519,631.0,0.633,2.177238281250002,0.1199,0.0
2025-01-16 11:00:00,0.14064,631.0,3.65,2.215092285156252,0.1199,0.0
2025-01-16 12:00:00,0.13113,631.0,8.18,2.237953613281252,0.1199,0.0
2025-01-16 13:00:00,0.13058,611.0,11.3,2.210531738281252,0.1199,0.0
2025-01-16 14:00:00,0.13842,611.0,12.6,2.156791503906252,0.1199,0.0
2025-01-16 15:00:00,0.16304,611.0,19.3,2.0906206597222234,0.1199,0.0
2025-01-16 16:00:00,0.1792,506.74,40.7,2.008441569010418,0.1199,0.0
2025-01-16 17:00:00,0.19156,506.74,10.4,1.940871582031251,0.1199,0.0
2025-01-16 18:00:00,0.1843199999999999,506.74,0.5,1.953802897135417,0.1199,0.0
2025-01-16 19:00:00,0.17997,453.45,0.0,1.947429470486112,0.1199,0.0
2025-01-16 20:00:00,0.1596,453.45,0.0,1.937880859375001,0.1199,0.0
2025-01-16 21:00:00,0.1416,453.45,0.0,1.9283295355902788,0.1199,0.0
2025-01-16 22:00:00,0.13529,481.25,0.0,1.9113319227430563,0.1199,0.0
2025-01-16 23:00:00,0.12375,481.25,0.0,1.9031464301215288,0.1199,0.0
2025-01-17 00:00:00,0.11887,481.25,0.0,1.893787706163196,0.1199,0.0
2025-01-17 01:00:00,0.11839,526.23,0.0,1.8710120985243064,0.1199,0.0
2025-01-17 02:00:00,0.11571,526.23,0.0,1.8729326714409733,0.1199,0.0
2025-01-17 03:00:00,0.11472,526.23,0.0,1.867332356770832,0.1199,0.0
2025-01-17 04:00:00,0.11548,564.93,0.0,1.866704372829862,0.1199,0.0
2025-01-17 05:00:00,0.1221599999999999,564.93,0.0,1.863515625000001,0.1199,0.0
2025-01-17 06:00:00,0.1408,564.93,0.0,1.893299424913196,0.1199,0.0
2025-01-17 07:00:00,0.17501,733.0,0.0,1.9134952799479177,0.1199,0.0
2025-01-17 08:00:00,0.2081299999999999,733.0,0.0,1.9845483398437511,0.1199,0.0
2025-01-17 09:00:00,0.17534,733.0,0.0,2.0663625759548623,0.1199,0.0
2025-01-17 10:00:00,0.158,722.0,2.08,2.155473144531252,0.1199,0.0
2025-01-17 11:00:00,0.14073,722.0,7.13,2.198764160156252,0.1199,0.0
2025-01-17 12:00:00,0.12644,722.0,12.7,2.234020507812502,0.1199,0.0
2025-01-17 13:00:00,0.12403,697.0,14.8,2.219101074218752,0.1199,0.0
2025-01-17 14:00:00,0.13299,697.0,14.8,2.175556152343752,0.1199,0.0
2025-01-17 15:00:00,0.1519799999999999,697.0,10.2,2.0875689019097234,0.1199,0.0
2025-01-17 16:00:00,0.17021,551.16,6.23,1.9998152669270843,0.1199,0.0
2025-01-17 17:00:00,0.17879,551.16,1.55,1.9496742078993063,0.1199,0.0
2025-01-17 18:00:00,0.17992,551.16,0.0,1.913441026475696,0.1199,0.0
2025-01-17 19:00:00,0.1742199999999999,510.32,0.0,1.9111121961805568,0.1199,0.0
2025-01-17 20:00:00,0.15791,510.32,0.0,1.89875461154514,0.1199,0.0
2025-01-17 21:00:00,0.145,510.32,0.0,1.8769935438368064,0.1199,0.0
2025-01-17 22:00:00,0.13997,510.27,0.0,1.867128906250001,0.1199,0.0
2025-01-17 23:00:00,0.12684,510.27,0.0,1.850322536892362,0.1199,0.0
2025-01-18 00:00:00,0.12529,510.27,0.0,1.827215983072917,0.1199,0.0
2025-01-18 01:00:00,0.1210499999999999,514.25,0.0,1.8272281901041647,0.1199,0.0
2025-01-18 02:00:00,0.12098,514.25,0.0,1.834877929687501,0.1199,0.0
2025-01-18 03:00:00,0.11885,514.25,0.0,1.847034776475696,0.1199,0.0
2025-01-18 04:00:00,0.11646,513.27,0.0,1.863057183159721,0.1199,0.0
2025-01-18 05:00:00,0.11977,513.27,0.0,1.87911349826389,0.1199,0.0
2025-01-18 06:00:00,0.11975,513.27,0.0,1.8784922960069448,0.1199,0.0
2025-01-18 07:00:00,0.1333899999999999,523.21,0.0,1.893269585503473,0.1199,0.0
2025-01-18 08:00:00,0.1456299999999999,523.21,0.0,1.95353976779514,0.1199,0.0
2025-01-18 09:00:00,0.1441,523.21,0.0,2.0385481770833342,0.1199,0.0
2025-01-18 10:00:00,0.13121,514.2,1.68,2.125475585937502,0.1199,0.0
2025-01-18 11:00:00,0.12156,514.2,8.15,2.200434082031252,0.1199,0.0
2025-01-18 12:00:00,0.11887,514.2,22.1,2.247658203125002,0.1199,0.0
2025-01-18 13:00:00,0.11501,441.66,60.4,2.262006347656252,0.1199,0.0
2025-01-18 14:00:00,0.11932,441.66,97.5,2.213334472656252,0.1199,0.0
2025-01-18 15:00:00,0.13332,441.66,85.4,2.101547363281252,0.1199,0.0
2025-01-18 16:00:00,0.14971,482.24,49.4,2.0353431532118065,0.1199,0.0
2025-01-18 17:00:00,0.16459,482.24,8.82,1.9896454535590289,0.1199,0.0
2025-01-18 18:00:00,0.16757,482.24,0.6,1.9313216145833343,0.1199,0.0
2025-01-18 19:00:00,0.16785,501.33,0.0,1.896025661892362,0.1199,0.0
2025-01-18 20:00:00,0.15612,501.33,0.0,1.8879934353298624,0.1199,0.0
2025-01-18 21:00:00,0.14342,501.33,0.0,1.8790266927083343,0.1199,0.0
2025-01-18 22:00:00,0.1364,522.34,0.0,1.870301378038196,0.1199,0.0
2025-01-18 23:00:00,0.12936,522.34,0.0,1.8640988498263875,0.1199,0.0
2025-01-19 00:00:00,0.1297299999999999,522.34,0.0,1.8631819661458344,0.1199,0.0
2025-01-19 01:00:00,0.1242,526.27,0.0,1.869887695312501,0.1199,0.0
2025-01-19 02:00:00,0.1230499999999999,526.27,0.0,1.879634331597224,0.1199,0.0
2025-01-19 03:00:00,0.12124,526.27,0.0,1.8886064995659733,0.1199,0.0
2025-01-19 04:00:00,0.12018,540.24,0.0,1.894560818142362,0.1199,0.0
2025-01-19 05:00:00,0.12,540.24,0.0,1.895546875000001,0.1199,0.0
2025-01-19 06:00:00,0.12157,540.24,0.0,1.86954318576389,0.1199,0.0
2025-01-19 07:00:00,0.12333,547.33,0.0,1.878935818142362,0.1199,0.0
2025-01-19 08:00:00,0.1235999999999999,547.33,0.0,1.9588471137152763,0.1199,0.0
2025-01-19 09:00:00,0.12516,547.33,0.0,2.04636203342014,0.1199,0.0
2025-01-19 10:00:00,0.12519,541.41,2.03,2.105363281250002,0.1199,0.0
2025-01-19 11:00:00,0.12156,541.41,7.2,2.2172480468750018,0.1199,0.0
2025-01-19 12:00:00,0.11225,541.41,12.2,2.269220703125002,0.1199,0.0
2025-01-19 13:00:00,0.10751,537.79,14.5,2.265419433593752,0.1199,0.0
2025-01-19 14:00:00,0.11681,537.79,14.1,2.208017089843752,0.1199,0.0
2025-01-19 15:00:00,0.12629,537.79,9.82,2.0845890299479177,0.1199,0.0
2025-01-19 16:00:00,0.14015,546.26,6.35,2.020766601562501,0.1199,0.0
2025-01-19 17:00:00,0.14967,546.26,1.8,1.9494978841145845,0.1199,0.0
2025-01-19 18:00:00,0.15904,546.26,0.2,1.8817108832465288,0.1199,0.0
2025-01-19 19:00:00,0.1566,554.26,0.0,1.8843720160590287,0.1199,0.0
2025-01-19 20:00:00,0.14906,554.26,0.0,1.8703162977430563,0.1199,0.0
2025-01-19 21:00:00,0.13926,554.26,0.0,1.8780040147569448,0.1199,0.0
2025-01-19 22:00:00,0.13099,540.36,0.0,1.8808808051215289,0.1199,0.0
2025-01-19 23:00:00,0.12294,540.36,0.0,1.91419650607639,0.1199,0.0
2025-01-20 00:00:00,0.1222699999999999,540.36,0.0,1.915556911892362,0.1199,0.0
2025-01-20 01:00:00,0.11944,551.24,0.0,1.9266680230034727,0.1199,0.0
2025-01-20 02:00:00,0.11656,551.24,0.0,1.934632432725696,0.1199,0.0
2025-01-20 03:00:00,0.11441,551.24,0.0,1.9294539388020844,0.1199,0.0
2025-01-20 04:00:00,0.11545,591.62,0.0,1.928480088975696,0.1199,0.0
2025-01-20 05:00:00,0.12754,591.62,0.0,1.9305335828993069,0.1199,0.0
2025-01-20 06:00:00,0.16171,591.62,0.0,1.9229570855034728,0.1199,0.0
2025-01-20 07:00:00,0.27648,768.0,0.0,1.919167480468751,0.1199,0.0
2025-01-20 08:00:00,0.43199,768.0,0.0,1.9371918402777788,0.1199,0.0
2025-01-20 09:00:00,0.2917,768.0,0.0,1.9633610026041648,0.1199,0.0
2025-01-20 10:00:00,0.23629,754.0,1.15,2.0075748697916675,0.1199,0.0
2025-01-20 11:00:00,0.1874799999999999,754.0,5.95,2.0439002821180567,0.1199,0.0
2025-01-20 12:00:00,0.176,754.0,16.1,2.073191731770832,0.1199,0.0
2025-01-20 13:00:00,0.17139,726.0,14.4,2.0909475368923625,0.1199,0.0
2025-01-20 14:00:00,0.19185,726.0,15.4,2.0864879014756954,0.1199,0.0
2025-01-20 15:00:00,0.27717,726.0,13.5,2.032998046875001,0.1199,0.0
2025-01-20 16:00:00,0.40212,600.09,12.7,1.987526855468751,0.1199,0.0
2025-01-20 17:00:00,0.5834,600.09,2.03,1.930776367187501,0.1199,0.0
2025-01-20 18:00:00,0.47328,600.09,0.3,1.9007660590277788,0.1199,0.0
2025-01-20 19:00:00,0.29557,528.58,0.0,1.891618923611112,0.1199,0.0
2025-01-20 20:00:00,0.22,528.58,0.0,1.8840654839409727,0.1199,0.0
2025-01-20 21:00:00,0.17,528.58,0.0,1.870172526041668,0.1199,0.0
2025-01-20 22:00:00,0.1525099999999999,522.2,0.0,1.865533854166668,0.1199,0.0
2025-01-20 23:00:00,0.13798,522.2,0.0,1.88282443576389,0.1199,0.0
2025-01-21 00:00:00,0.12752,522.2,0.0,1.8948185221354177,0.1199,0.0
2025-01-21 01:00:00,0.12165,545.25,0.0,1.8920719401041648,0.1199,0.0
2025-01-21 02:00:00,0.11667,545.25,0.0,1.8649207899305569,0.1199,0.0
2025-01-21 03:00:00,0.11386,545.25,0.0,1.852423502604165,0.1199,0.0
2025-01-21 04:00:00,0.11354,594.77,0.0,1.85427218967014,0.1199,0.0
2025-01-21 05:00:00,0.12234,594.77,0.0,1.8597138129340287,0.1199,0.0
2025-01-21 06:00:00,0.1422,594.77,0.0,1.876296386718751,0.1199,0.0
2025-01-21 07:00:00,0.19006,793.0,0.0,1.9153398980034733,0.1199,0.0
2025-01-21 08:00:00,0.2483199999999999,793.0,0.0,2.0036428493923624,0.1199,0.0
2025-01-21 09:00:00,0.21168,793.0,1.3,2.1440058593750018,0.1199,0.0
2025-01-21 10:00:00,0.19805,752.0,4.93,2.265897949218752,0.1199,0.0
2025-01-21 11:00:00,0.1615,752.0,12.4,2.361361816406252,0.1199,0.0
2025-01-21 12:00:00,0.14744,752.0,23.2,2.4175849609375017,0.1199,0.0
2025-01-21 13:00:00,0.14283,693.75,32.4,2.423063476562502,0.1199,0.0
2025-01-21 14:00:00,0.15005,693.75,51.3,2.348764160156252,0.1199,0.0
2025-01-21 15:00:00,0.17343,693.75,70.0,2.186771972656252,0.1199,0.0
2025-01-21 16:00:00,0.2121299999999999,512.28,42.9,2.0608083767361123,0.1199,0.0
2025-01-21 17:00:00,0.30115,512.28,12.9,2.0356306966145845,0.1199,0.0
2025-01-21 18:00:00,0.25193,512.28,1.1,2.018707682291668,0.1199,0.0
2025-01-21 19:00:00,0.20268,443.32,0.0,2.02304660373264,0.1199,0.0
2025-01-21 20:00:00,0.17484,443.32,0.0,2.023298882378473,0.1199,0.0
2025-01-21 21:00:00,0.15519,443.32,0.0,2.0189653862847234,0.1199,0.0
2025-01-21 22:00:00,0.1386,447.56,0.0,2.01658908420139,0.1199,0.0
2025-01-21 23:00:00,0.12529,447.56,0.0,2.02226535373264,0.1199,0.0
2025-01-22 00:00:00,0.128,447.56,0.0,2.0370439995659733,0.1199,0.0
2025-01-22 01:00:00,0.12506,486.23,0.0,2.0513831922743067,0.1199,0.0
2025-01-22 02:00:00,0.12222,486.23,0.0,2.075432400173612,0.1199,0.0
2025-01-22 03:00:00,0.1216599999999999,486.23,0.0,2.095457356770832,0.1199,0.0
2025-01-22 04:00:00,0.1231599999999999,477.55,0.0,2.114276855468752,0.1199,0.0
2025-01-22 05:00:00,0.12832,477.55,0.0,2.126725585937502,0.1199,0.0
2025-01-22 06:00:00,0.1569199999999999,477.55,0.0,2.130810058593752,0.1199,0.0
2025-01-22 07:00:00,0.20825,623.99,0.0,2.145187500000002,0.1199,0.0
2025-01-22 08:00:00,0.2386,623.99,0.0,2.233490722656252,0.1199,0.0
2025-01-22 09:00:00,0.19941,623.99,1.1,2.328270996093752,0.1199,0.0
2025-01-22 10:00:00,0.17906,596.8,5.28,2.418290527343752,0.1199,0.0
2025-01-22 11:00:00,0.17294,596.8,11.2,2.454074218750002,0.1199,0.0
2025-01-22 12:00:00,0.165,596.8,11.1,2.461666992187497,0.1199,0.0
2025-01-22 13:00:00,0.17,528.2,15.4,2.451981933593752,0.1199,0.0
2025-01-22 14:00:00,0.17992,528.2,17.1,2.4395136718750017,0.1199,0.0
2025-01-22 15:00:00,0.1956699999999999,528.2,8.48,2.418085449218752,0.1199,0.0
2025-01-22 16:00:00,0.19904,428.15,6.7,2.409735839843752,0.1199,0.0
2025-01-22 17:00:00,0.20899,428.15,5.23,2.406437500000002,0.1199,0.0
2025-01-22 18:00:00,0.18043,428.15,0.3,2.390312011718752,0.1199,0.0
2025-01-22 19:00:00,0.16708,364.33,0.0,2.383969238281252,0.1199,0.0
2025-01-22 20:00:00,0.13449,364.33,0.0,2.395802734375002,0.1199,0.0
2025-01-22 21:00:00,0.12778,364.33,0.0,2.389372070312502,0.1199,0.0
2025-01-22 22:00:00,0.12809,373.25,0.0,2.368913085937502,0.1199,0.0
2025-01-22 23:00:00,0.11468,373.25,0.0,2.356227539062502,0.1199,0.0
2025-01-23 00:00:00,0.1137,373.25,0.0,2.315031250000002,0.1199,0.0
2025-01-23 01:00:00,0.1088799999999999,394.44,0.0,2.229437988281252,0.1199,0.0
2025-01-23 02:00:00,0.10558,394.44,0.0,2.134071777343752,0.1199,0.0
2025-01-23 03:00:00,0.10001,394.44,0.0,2.110587890625002,0.1199,0.0
2025-01-23 04:00:00,0.09759,445.8,0.0,2.142768066406252,0.1199,0.0
2025-01-23 05:00:00,0.10001,445.8,0.0,2.190983398437502,0.1199,0.0
2025-01-23 06:00:00,0.1064099999999999,445.8,0.0,2.250424316406252,0.1199,0.0
2025-01-23 07:00:00,0.1366,561.0,0.0,2.236249511718752,0.1199,0.0
2025-01-23 08:00:00,0.15903,561.0,0.0,2.2380585937500017,0.1199,0.0
2025-01-23 09:00:00,0.1554199999999999,561.0,0.3,2.241461914062502,0.1199,0.0
2025-01-23 10:00:00,0.13094,559.0,3.88,2.258627441406252,0.1199,0.0
2025-01-23 11:00:00,0.1161,559.0,9.98,2.282868164062502,0.1199,0.0
2025-01-23 12:00:00,0.09493,559.0,26.4,2.331083496093752,0.1199,0.0
2025-01-23 13:00:00,0.08856,515.97,22.6,2.355705078125002,0.1199,0.0
2025-01-23 14:00:00,0.08586,515.97,50.6,2.333568847656252,0.1199,0.0
2025-01-23 15:00:00,0.0897999999999999,515.97,60.8,2.305866210937502,0.1199,0.0
2025-01-23 16:00:00,0.08987,397.15,17.8,2.280092285156252,0.1199,0.0
2025-01-23 17:00:00,0.10675,397.15,6.45,2.2643671875000018,0.1199,0.0
2025-01-23 18:00:00,0.112,397.15,0.5,2.283256347656252,0.1199,0.0
2025-01-23 19:00:00,0.10187,344.35,0.0,2.263217285156252,0.1199,0.0
2025-01-23 20:00:00,0.08636,344.35,0.0,2.248578613281252,0.1199,0.0
2025-01-23 21:00:00,0.07428,344.35,0.0,2.262641113281252,0.1199,0.0
2025-01-23 22:00:00,0.07568,323.32,0.0,2.3047089843750017,0.1199,0.0
2025-01-23 23:00:00,0.05823,323.32,0.0,2.3510566406250017,0.1199,0.0
2025-01-24 00:00:00,0.06903,323.32,0.0,2.385424316406252,0.1199,0.0
2025-01-24 01:00:00,0.0581599999999999,327.33,0.0,2.408974121093752,0.1199,0.0
2025-01-24 02:00:00,0.04505,327.33,0.0,2.422694824218752,0.1199,0.0
2025-01-24 03:00:00,0.0406,327.33,0.0,2.438788574218752,0.1199,0.0
2025-01-24 04:00:00,0.05017,339.04,0.0,2.458939941406252,0.1199,0.0
2025-01-24 05:00:00,0.0732,339.04,0.0,2.471732910156252,0.1199,0.0
2025-01-24 06:00:00,0.08544,339.04,0.0,2.468053710937502,0.1199,0.0
2025-01-24 07:00:00,0.10916,400.08,0.0,2.470497558593752,0.1199,0.0
2025-01-24 08:00:00,0.11623,400.08,0.0,2.480922363281252,0.1199,0.0
2025-01-24 09:00:00,0.09634,400.08,0.6,2.486225097656252,0.1199,0.0
2025-01-24 10:00:00,0.0889,372.0,2.78,2.515795410156252,0.1199,0.0
2025-01-24 11:00:00,0.07844,372.0,9.1,2.547099121093752,0.1199,0.0
2025-01-24 12:00:00,0.07648,372.0,20.5,2.567235839843752,0.1199,0.0
2025-01-24 13:00:00,0.0746899999999999,382.0,12.7,2.604057128906252,0.1199,0.0
2025-01-24 14:00:00,0.07451,382.0,13.1,2.633178222656252,0.1199,0.0
2025-01-24 15:00:00,0.07451,382.0,12.9,2.652855957031252,0.1199,0.0
2025-01-24 16:00:00,0.07525,272.0,5.88,2.666347167968752,0.1199,0.0
2025-01-24 17:00:00,0.08302,272.0,1.95,2.676383789062502,0.1199,0.0
2025-01-24 18:00:00,0.08859,272.0,0.3,2.635666015625002,0.1199,0.0
2025-01-24 19:00:00,0.09178,254.31,0.0,2.640553710937502,0.1199,0.0
2025-01-24 20:00:00,0.08499,254.31,0.0,2.652777832031252,0.1199,0.0
2025-01-24 21:00:00,0.08079,254.31,0.0,2.663053710937502,0.1199,0.0
2025-01-24 22:00:00,0.09197,241.27,0.0,2.680304687500002,0.1199,0.0
2025-01-24 23:00:00,0.08629,241.27,0.0,2.711212890625002,0.1199,0.0
2025-01-25 00:00:00,0.05904,241.27,0.0,2.748251464843752,0.1199,0.0
2025-01-25 01:00:00,0.0649599999999999,236.27,0.0,2.756947753906252,0.1199,0.0
2025-01-25 02:00:00,0.06355,236.27,0.0,2.740329101562502,0.1199,0.0
2025-01-25 03:00:00,0.06717,236.27,0.0,2.725897949218752,0.1199,0.0
2025-01-25 04:00:00,0.0767699999999999,207.34,0.0,2.707338378906252,0.1199,0.0
2025-01-25 05:00:00,0.07689,207.34,0.0,2.689491699218752,0.1199,0.0
2025-01-25 06:00:00,0.0793199999999999,207.34,0.0,2.694677246093752,0.1199,0.0
2025-01-25 07:00:00,0.07689,205.2,0.0,2.7141328125000017,0.1199,0.0
2025-01-25 08:00:00,0.08899,205.2,0.0,2.761176269531252,0.1199,0.0
2025-01-25 09:00:00,0.08731,205.2,0.4,2.771146972656252,0.1199,0.0
2025-01-25 10:00:00,0.08632,253.26,5.8,2.745048339843752,0.1199,0.0
2025-01-25 11:00:00,0.08815,253.26,9.38,2.6855683593750017,0.1199,0.0
2025-01-25 12:00:00,0.08255,253.26,13.6,2.635492675781252,0.1199,0.0
2025-01-25 13:00:00,0.08198,285.23,18.1,2.611786621093752,0.1199,0.0
2025-01-25 14:00:00,0.089,285.23,17.2,2.592602050781252,0.1199,0.0
2025-01-25 15:00:00,0.1110699999999999,285.23,21.1,2.551647460937502,0.1199,0.0
2025-01-25 16:00:00,0.13297,274.24,10.2,2.505138671875002,0.1199,0.0
2025-01-25 17:00:00,0.14585,274.24,4.32,2.492182128906252,0.1199,0.0
2025-01-25 18:00:00,0.151,274.24,0.8,2.445832031250002,0.1199,0.0
2025-01-25 19:00:00,0.14753,314.33,0.0,2.4421015625000018,0.1199,0.0
2025-01-25 20:00:00,0.1376,314.33,0.0,2.433681152343752,0.1199,0.0
2025-01-25 21:00:00,0.13461,314.33,0.0,2.422721679687497,0.1199,0.0
2025-01-25 22:00:00,0.13226,296.32,0.0,2.413256347656252,0.1199,0.0
2025-01-25 23:00:00,0.12203,296.32,0.0,2.399975097656252,0.1199,0.0
2025-01-26 00:00:00,0.12621,296.32,0.0,2.3862714843750017,0.1199,0.0
2025-01-26 01:00:00,0.11579,327.29,0.0,2.375600097656252,0.1199,0.0
2025-01-26 02:00:00,0.1113,327.29,0.0,2.362226074218752,0.1199,0.0
2025-01-26 03:00:00,0.10685,327.29,0.0,2.3467841796874973,0.1199,0.0
2025-01-26 04:00:00,0.10543,346.32,0.0,2.293661621093752,0.1199,0.0
2025-01-26 05:00:00,0.10786,346.32,0.0,2.170343750000002,0.1199,0.0
2025-01-26 06:00:00,0.1105999999999999,346.32,0.0,2.181981933593752,0.1199,0.0
2025-01-26 07:00:00,0.11762,425.64,0.0,2.114950683593752,0.1199,0.0
2025-01-26 08:00:00,0.12417,425.64,0.0,2.104467285156252,0.1199,0.0
2025-01-26 09:00:00,0.12197,425.64,0.1,2.148434570312502,0.1199,0.0
2025-01-26 10:00:00,0.10551,393.65,2.83,2.212326171875002,0.1199,0.0
2025-01-26 11:00:00,0.10257,393.65,7.2,2.277221191406252,0.1199,0.0
2025-01-26 12:00:00,0.09673,393.65,15.5,2.3487763671874973,0.1199,0.0
2025-01-26 13:00:00,0.09002,360.31,61.8,2.369716308593752,0.1199,0.0
2025-01-26 14:00:00,0.0925199999999999,360.31,63.5,2.342943847656252,0.1199,0.0
2025-01-26 15:00:00,0.11163,360.31,83.9,2.290114257812502,0.1199,0.0
2025-01-26 16:00:00,0.12592,374.3,12.4,2.277602050781252,0.1199,0.0
2025-01-26 17:00:00,0.13277,374.3,12.3,2.312943847656252,0.1199,0.0
2025-01-26 18:00:00,0.11894,374.3,1.5,2.316010253906252,0.1199,0.0
2025-01-26 19:00:00,0.09032,369.27,0.0,2.372956054687497,0.1199,0.0
2025-01-26 20:00:00,0.07893,369.27,0.0,2.463173339843752,0.1199,0.0
2025-01-26 21:00:00,0.06826,369.27,0.0,2.560114257812502,0.1199,0.0
2025-01-26 22:00:00,0.04925,277.3,0.0,2.612362792968752,0.1199,0.0
2025-01-26 23:00:00,0.02389,277.3,0.0,2.6327900390625016,0.1199,0.0
2025-01-27 00:00:00,0.04014,277.3,0.0,2.627313964843752,0.1199,0.0
2025-01-27 01:00:00,0.03526,252.34,0.0,2.5994843750000016,0.1199,0.0
2025-01-27 02:00:00,0.02638,252.34,0.0,2.610463378906252,0.1199,0.0
2025-01-27 03:00:00,0.01407,252.34,0.0,2.671688964843752,0.1199,0.0
2025-01-27 04:00:00,0.0101,225.5,0.0,2.760282714843752,0.1199,0.0
2025-01-27 05:00:00,0.02152,225.5,0.0,2.795429199218752,0.1199,0.0
2025-01-27 06:00:00,0.0341,225.5,0.0,2.806508300781252,0.1199,0.0
2025-01-27 07:00:00,0.05699,268.52,0.0,2.770824707031252,0.1199,0.0
2025-01-27 08:00:00,0.07176,268.52,0.0,2.764896972656252,0.1199,0.0
2025-01-27 09:00:00,0.06296,268.52,0.45,2.791605957031252,0.1199,0.0
2025-01-27 10:00:00,0.04557,275.99,6.33,2.817484863281252,0.1199,0.0
2025-01-27 11:00:00,0.04011,275.99,27.7,2.749564941406252,0.1199,0.0
2025-01-27 12:00:00,0.03566,275.99,72.0,2.721698730468752,0.1199,0.0
2025-01-27 13:00:00,0.0383699999999999,254.52,62.9,2.734320800781252,0.1199,0.0
2025-01-27 14:00:00,0.05395,254.52,93.4,2.7171601562500016,0.1199,0.0
2025-01-27 15:00:00,0.08679,254.52,76.0,2.664987304687497,0.1199,0.0
2025-01-27 16:00:00,0.10246,228.93,40.1,2.6133417968750017,0.1199,0.0
2025-01-27 17:00:00,0.11856,228.93,13.1,2.594428222656252,0.1199,0.0
2025-01-27 18:00:00,0.11867,228.93,1.9,2.6077265625000017,0.1199,0.0
2025-01-27 19:00:00,0.10005,250.34,0.0,2.569965332031252,0.1199,0.0
2025-01-27 20:00:00,0.0940699999999999,250.34,0.0,2.541908691406252,0.1199,0.0
2025-01-27 21:00:00,0.08508,250.34,0.0,2.5240644531250016,0.1199,0.0
2025-01-27 22:00:00,0.08226,259.26,0.0,2.508107421875002,0.1199,0.0
2025-01-27 23:00:00,0.06928,259.26,0.0,2.499794433593752,0.1199,0.0
2025-01-28 00:00:00,0.07692,259.26,0.0,2.488048828125002,0.1199,0.0
2025-01-28 01:00:00,0.07153,273.3,0.0,2.479135253906252,0.1199,0.0
2025-01-28 02:00:00,0.05733,273.3,0.0,2.469467285156252,0.1199,0.0
2025-01-28 03:00:00,0.06928,273.3,0.0,2.449330566406252,0.1199,0.0
2025-01-28 04:00:00,0.07692,321.59,0.0,2.435187500000002,0.1199,0.0
2025-01-28 05:00:00,0.07759,321.59,0.0,2.438368652343752,0.1199,0.0
2025-01-28 06:00:00,0.09822,321.59,0.0,2.469936035156252,0.1199,0.0
2025-01-28 07:00:00,0.12545,418.03,0.0,2.469940917968752,0.1199,0.0
2025-01-28 08:00:00,0.1475,418.03,0.0,2.521144531250002,0.1199,0.0
2025-01-28 09:00:00,0.1353,418.03,0.0,2.586713378906252,0.1199,0.0
2025-01-28 10:00:00,0.12053,356.06,0.0,2.664408691406252,0.1199,0.0
2025-01-28 11:00:00,0.11634,356.06,0.0,2.684682128906252,0.1199,0.0665601763138574
2025-01-28 12:00:00,0.11475,356.06,0.0,2.6338105468750017,0.1199,0.0675738346387768
2025-01-28 13:00:00,0.11739,335.06,0.0,2.574025390625002,0.1199,0.0107245569432441
2025-01-28 14:00:00,0.12133,335.06,0.0,2.5334492187500017,0.1199,0.0
2025-01-28 15:00:00,0.13991,335.06,0.0,2.514701660156252,0.1199,0.0
2025-01-28 16:00:00,0.147,279.13,0.0,2.501623046875002,0.1199,0.0
2025-01-28 17:00:00,0.1495999999999999,279.13,0.0,2.514638183593752,0.1199,0.0
2025-01-28 18:00:00,0.13494,279.13,0.0,2.541569335937502,0.1199,0.0
2025-01-28 19:00:00,0.1289,249.29,0.0,2.5414667968750018,0.1199,0.0
2025-01-28 20:00:00,0.09476,249.29,0.0,2.552611816406252,0.1199,0.0
2025-01-28 21:00:00,0.08726,249.29,0.0,2.5473603515625016,0.1199,0.0
2025-01-28 22:00:00,0.0798,268.3,0.0,2.528922851562502,0.1199,0.0
2025-01-28 23:00:00,0.06443,268.3,0.0,2.513371093750002,0.1199,0.0
2025-01-29 00:00:00,0.0877199999999999,268.3,0.0,2.483778808593752,0.1199,0.0
2025-01-29 01:00:00,0.08339,282.33,0.0,2.471115234375002,0.1199,0.0
2025-01-29 02:00:00,0.07816,282.33,0.0,2.469032714843752,0.1199,0.0
2025-01-29 03:00:00,0.07564,282.33,0.0,2.457548339843752,0.1199,0.0
2025-01-29 04:00:00,0.07901,308.74,0.0,2.425268066406252,0.1199,0.0
2025-01-29 05:00:00,0.08698,308.74,0.0,2.408390625000002,0.1199,0.0
2025-01-29 06:00:00,0.09314,308.74,0.0,2.411337402343752,0.1199,0.0
2025-01-29 07:00:00,0.14142,441.02,0.0,2.4022431640625017,0.1199,0.0
2025-01-29 08:00:00,0.14254,441.02,0.0,2.417968261718752,0.1199,0.0
2025-01-29 09:00:00,0.1304499999999999,441.02,0.65,2.479501464843752,0.1199,0.0
2025-01-29 10:00:00,0.1050499999999999,406.05,8.45,2.559513671875002,0.1199,0.0
2025-01-29 11:00:00,0.08925,406.05,24.9,2.583861816406252,0.1199,0.0120934620949949
2025-01-29 12:00:00,0.085,406.05,62.8,2.605314453125002,0.1199,0.0
2025-01-29 13:00:00,0.08553,366.04,32.1,2.603258789062502,0.1199,0.0366274741645199
2025-01-29 14:00:00,0.08767,366.04,50.6,2.577187011718752,0.1199,0.0
2025-01-29 15:00:00,0.10275,366.04,31.1,2.536056640625002,0.1199,0.0
2025-01-29 16:00:00,0.13266,304.12,48.8,2.484335449218752,0.1199,0.0
2025-01-29 17:00:00,0.1495699999999999,304.12,14.0,2.429325683593752,0.1199,0.0
2025-01-29 18:00:00,0.15009,304.12,1.23,2.413549316406252,0.1199,0.0
2025-01-29 19:00:00,0.1463,282.32,0.0,2.406825683593752,0.1199,0.0
2025-01-29 20:00:00,0.1319499999999999,282.32,0.0,2.419037597656252,0.1199,0.0
2025-01-29 21:00:00,0.11965,282.32,0.0,2.434896972656252,0.1199,0.0
2025-01-29 22:00:00,0.1119899999999999,300.29,0.0,2.436464355468752,0.1199,0.0
2025-01-29 23:00:00,0.09933,300.29,0.0,2.432875488281252,0.1199,0.0
2025-01-30 00:00:00,0.0924099999999999,300.29,0.0,2.4304414062500017,0.1199,0.0
2025-01-30 01:00:00,0.09243,296.29,0.0,2.4275898437500016,0.1199,0.0
2025-01-30 02:00:00,0.09333,296.29,0.0,2.4223652343750017,0.1199,0.0
2025-01-30 03:00:00,0.09295,296.29,0.0,2.417489746093752,0.1199,0.0
2025-01-30 04:00:00,0.09243,347.26,0.0,2.415084960937502,0.1199,0.0
2025-01-30 05:00:00,0.10865,347.26,0.0,2.414923828125002,0.1199,0.0
2025-01-30 06:00:00,0.13983,347.26,0.0,2.404359863281252,0.1199,0.0
2025-01-30 07:00:00,0.15264,455.03,0.0,2.405138671875002,0.1199,0.0
2025-01-30 08:00:00,0.1603,455.03,0.0,2.433029296875002,0.1199,0.0
2025-01-30 09:00:00,0.1515099999999999,455.03,0.5,2.4487910156250017,0.1199,0.0
2025-01-30 10:00:00,0.13509,455.06,2.45,2.492943847656252,0.1199,0.0
2025-01-30 11:00:00,0.12325,455.06,8.6,2.493273437500002,0.1199,0.0
2025-01-30 12:00:00,0.11589,455.06,14.9,2.463498046875002,0.1199,0.0
2025-01-30 13:00:00,0.1133,480.04,10.7,2.414108398437502,0.1199,0.0
2025-01-30 14:00:00,0.12941,480.04,9.75,2.356171386718752,0.1199,0.0
2025-01-30 15:00:00,0.15322,480.04,8.4,2.307040527343752,0.1199,0.0
2025-01-30 16:00:00,0.16087,409.11,5.73,2.286840332031252,0.1199,0.0
2025-01-30 17:00:00,0.18036,409.11,1.78,2.270854003906252,0.1199,0.0
2025-01-30 18:00:00,0.17658,409.11,0.2,2.257072265625002,0.1199,0.0
2025-01-30 19:00:00,0.16128,365.32,0.0,2.236505859375002,0.1199,0.0
2025-01-30 20:00:00,0.1502,365.32,0.0,2.199525878906252,0.1199,0.0
2025-01-30 21:00:00,0.1341699999999999,365.32,0.0,2.161349609375002,0.1199,0.0
2025-01-30 22:00:00,0.12646,390.29,0.0,2.121742675781252,0.1199,0.0
2025-01-30 23:00:00,0.1202,390.29,0.0,2.080604112413196,0.1199,0.0
2025-01-31 00:00:00,0.12,390.29,0.0,2.067392035590279,0.1199,0.0
2025-01-31 01:00:00,0.11708,426.29,0.0,2.0634193250868065,0.1199,0.0
2025-01-31 02:00:00,0.11389,426.29,0.0,2.0600311957465287,0.1199,0.0
2025-01-31 03:00:00,0.11312,426.29,0.0,2.0574595811631955,0.1199,0.0
2025-01-31 04:00:00,0.11598,461.55,0.0,2.0535004340277787,0.1199,0.0
2025-01-31 05:00:00,0.12074,461.55,0.0,2.045974121093751,0.1199,0.0
2025-01-31 06:00:00,0.13187,461.55,0.0,2.0481876627604176,0.1199,0.0
2025-01-31 07:00:00,0.15797,623.02,0.0,2.060096299913196,0.1199,0.0
2025-01-31 08:00:00,0.1636999999999999,623.02,0.0,2.108510253906252,0.1199,0.0
2025-01-31 09:00:00,0.1548199999999999,623.02,2.83,2.2260566406250017,0.1199,0.0
2025-01-31 10:00:00,0.1301,534.03,8.3,2.320033691406252,0.1199,0.0
2025-01-31 11:00:00,0.1262,534.03,32.2,2.3942500000000018,0.1199,0.0
2025-01-31 12:00:00,0.12006,534.03,47.8,2.430844238281252,0.1199,0.0764046488622276
2025-01-31 13:00:00,0.1211899999999999,444.03,102.0,2.430307128906252,0.1199,0.0570323363076169
2025-01-31 14:00:00,0.11976,444.03,120.0,2.424486816406252,0.1199,0.0
2025-01-31 15:00:00,0.14987,444.03,74.8,2.3777265625000017,0.1199,0.0
2025-01-31 16:00:00,0.16826,377.13,48.0,2.238720214843752,0.1199,0.0
2025-01-31 17:00:00,0.1852599999999999,377.13,19.2,2.1243916015625017,0.1199,0.0
2025-01-31 18:00:00,0.1844799999999999,377.13,1.97,2.0724837239583342,0.1199,0.0
2025-01-31 19:00:00,0.17899,393.3,0.0,2.0464461263020843,0.1199,0.0
2025-01-31 20:00:00,0.16266,393.3,0.0,2.0210188802083344,0.1199,0.0
2025-01-31 21:00:00,0.1527,393.3,0.0,2.0113753255208344,0.1199,0.0
2025-01-31 22:00:00,0.14431,430.29,0.0,1.982574869791668,0.1199,0.0
2025-01-31 23:00:00,0.13141,430.29,0.0,1.9638655598958343,0.1199,0.0
2025-02-01 00:00:00,0.13693,430.29,0.0,1.944179687500001,0.1199,0.0
2025-02-01 01:00:00,0.1294199999999999,469.31,0.0,1.912661132812501,0.1199,0.0
2025-02-01 02:00:00,0.1242399999999999,469.31,0.0,1.8894013129340288,0.1199,0.0
2025-02-01 03:00:00,0.11912,469.31,0.0,1.876189236111112,0.1199,0.0
2025-02-01 04:00:00,0.11886,493.31,0.0,1.873760036892362,0.1199,0.0
2025-02-01 05:00:00,0.12054,493.31,0.0,1.8702891710069456,0.1199,0.0
2025-02-01 06:00:00,0.1271,493.31,0.0,1.8641436089409733,0.1199,0.0
2025-02-01 07:00:00,0.14474,517.38,0.0,1.8858748372395844,0.1199,0.0
2025-02-01 08:00:00,0.15346,517.38,0.0,2.002654079861112,0.1199,0.0
2025-02-01 09:00:00,0.14244,517.38,2.25,2.0952308485243067,0.1199,0.0
2025-02-01 10:00:00,0.1284,441.23,22.2,2.188068359375002,0.1199,0.0
2025-02-01 11:00:00,0.1200799999999999,441.23,65.1,2.2576093750000017,0.1199,0.0795913923804741
2025-02-01 12:00:00,0.11029,441.23,97.6,2.295248535156252,0.1199,0.1418651410844027
2025-02-01 13:00:00,0.1034,389.24,120.0,2.307191894531252,0.1199,0.1325456374453389
2025-02-01 14:00:00,0.1137,389.24,123.0,2.281505859375002,0.1199,0.0538201127802996
2025-02-01 15:00:00,0.12949,389.24,108.0,2.191986816406252,0.1199,0.0
2025-02-01 16:00:00,0.15443,414.21,80.8,2.0767317708333346,0.1199,0.0
2025-02-01 17:00:00,0.16827,414.21,31.3,2.002462836371529,0.1199,0.0
2025-02-01 18:00:00,0.16751,414.21,2.53,1.9487586805555568,0.1199,0.0
2025-02-01 19:00:00,0.1629799999999999,461.29,0.0,1.9153371853298624,0.1199,0.0
2025-02-01 20:00:00,0.1566,461.29,0.0,1.905011393229168,0.1199,0.0
2025-02-01 21:00:00,0.14524,461.29,0.0,1.9033607313368064,0.1199,0.0
2025-02-01 22:00:00,0.14173,481.29,0.0,1.897955729166668,0.1199,0.0
2025-02-01 23:00:00,0.13174,481.29,0.0,1.8786102973090288,0.1199,0.0
2025-02-02 00:00:00,0.13326,481.29,0.0,1.8594452582465288,0.1199,0.0
2025-02-02 01:00:00,0.12691,492.28,0.0,1.845049099392362,0.1199,0.0
2025-02-02 02:00:00,0.1229899999999999,492.28,0.0,1.8333723958333343,0.1199,0.0
2025-02-02 03:00:00,0.12066,492.28,0.0,1.8242523871527787,0.1199,0.0
2025-02-02 04:00:00,0.12234,523.25,0.0,1.8214678276909733,0.1199,0.0
2025-02-02 05:00:00,0.1234099999999999,523.25,0.0,1.824480251736112,0.1199,0.0
2025-02-02 06:00:00,0.12809,523.25,0.0,1.8214325629340289,0.1199,0.0
2025-02-02 07:00:00,0.1359,529.31,0.0,1.8430281575520844,0.1199,0.0
2025-02-02 08:00:00,0.1373,529.31,0.0,1.9739716254340287,0.1199,0.0
2025-02-02 09:00:00,0.1377,529.31,1.73,2.0795909288194454,0.1199,0.0
2025-02-02 10:00:00,0.13004,467.3,24.8,2.195893066406252,0.1199,0.0
2025-02-02 11:00:00,0.12933,467.3,65.2,2.283070800781252,0.1199,0.0824483472062351
2025-02-02 12:00:00,0.12224,467.3,99.4,2.336244628906252,0.1199,0.1467400362139937
2025-02-02 13:00:00,0.11188,398.26,118.0,2.355304687500002,0.1199,0.1365800334049103
2025-02-02 14:00:00,0.11642,398.26,123.0,2.321708496093752,0.1199,0.061222346805457
2025-02-02 15:00:00,0.12797,398.26,108.0,2.193471191406252,0.1199,0.0
2025-02-02 16:00:00,0.15121,403.28,82.3,2.0425724283854176,0.1199,0.0
2025-02-02 17:00:00,0.16403,403.28,30.7,1.9609426540798625,0.1199,0.0
2025-02-02 18:00:00,0.17249,403.28,3.9,1.93051730685764,0.1199,0.0
2025-02-02 19:00:00,0.17395,459.28,0.0,1.9153887261284728,0.1199,0.0
2025-02-02 20:00:00,0.1655,459.28,0.0,1.910511338975696,0.1199,0.0
2025-02-02 21:00:00,0.15577,459.28,0.0,1.9059214952256955,0.1199,0.0
2025-02-02 22:00:00,0.14844,492.34,0.0,1.894771050347224,0.1199,0.0
2025-02-02 23:00:00,0.13324,492.34,0.0,1.8830048285590288,0.1199,0.0
2025-02-03 00:00:00,0.12954,492.34,0.0,1.8753374565972232,0.1199,0.0
2025-02-03 01:00:00,0.12663,506.31,0.0,1.8733680555555563,0.1199,0.0
2025-02-03 02:00:00,0.12472,506.31,0.0,1.86303683810764,0.1199,0.0
2025-02-03 03:00:00,0.12004,506.31,0.0,1.8520057508680563,0.1199,0.0
2025-02-03 04:00:00,0.1232399999999999,545.08,0.0,1.84561740451389,0.1199,0.0
2025-02-03 05:00:00,0.12777,545.08,0.0,1.8400957573784733,0.1199,0.0
2025-02-03 06:00:00,0.15918,545.08,0.0,1.8486271158854173,0.1199,0.0
2025-02-03 07:00:00,0.20788,724.08,0.0,1.880895724826388,0.1199,0.0
2025-02-03 08:00:00,0.24323,724.08,0.0,2.008368326822917,0.1199,0.0
2025-02-03 09:00:00,0.17804,724.08,1.87,2.164853027343752,0.1199,0.0
2025-02-03 10:00:00,0.14995,634.04,20.9,2.280875976562502,0.1199,0.0
2025-02-03 11:00:00,0.12605,634.04,59.5,2.3359589843750017,0.1199,0.0888862253486887
2025-02-03 12:00:00,0.11727,634.04,79.9,2.366696289062502,0.1199,0.1474364151002098
2025-02-03 13:00:00,0.11529,526.05,103.0,2.398305175781252,0.1199,0.1402247826878618
2025-02-03 14:00:00,0.12418,526.05,116.0,2.382128417968752,0.1199,0.0690385887810584
2025-02-03 15:00:00,0.14586,526.05,103.0,2.266615722656252,0.1199,0.0
2025-02-03 16:00:00,0.17071,433.15,76.1,2.071394585503473,0.1199,0.0
2025-02-03 17:00:00,0.216,433.15,31.7,1.9738468424479176,0.1199,0.0
2025-02-03 18:00:00,0.20073,433.15,3.45,1.936028103298612,0.1199,0.0
2025-02-03 19:00:00,0.2011,427.31,0.0,1.930548502604165,0.1199,0.0
2025-02-03 20:00:00,0.16774,427.31,0.0,1.9341875542534728,0.1199,0.0
2025-02-03 21:00:00,0.153,427.31,0.0,1.928935818142362,0.1199,0.0
2025-02-03 22:00:00,0.14423,458.23,0.0,1.924134385850696,0.1199,0.0
2025-02-03 23:00:00,0.13581,458.23,0.0,1.912783203125001,0.1199,0.0
2025-02-04 00:00:00,0.1324,458.23,0.0,1.9219004991319453,0.1199,0.0
2025-02-04 01:00:00,0.12554,492.33,0.0,1.9258582899305563,0.1199,0.0
2025-02-04 02:00:00,0.12318,492.33,0.0,1.9196788194444447,0.1199,0.0
2025-02-04 03:00:00,0.1239899999999999,492.33,0.0,1.911854112413196,0.1199,0.0
2025-02-04 04:00:00,0.12325,544.84,0.0,1.9096785481770844,0.1199,0.0
2025-02-04 05:00:00,0.12763,544.84,0.0,1.932351074218751,0.1199,0.0
2025-02-04 06:00:00,0.1554199999999999,544.84,0.0,1.9567542860243063,0.1199,0.0
2025-02-04 07:00:00,0.19224,719.06,0.0,1.9852332899305567,0.1199,0.0
2025-02-04 08:00:00,0.21199,719.06,0.0,2.0534312608506955,0.1199,0.0
2025-02-04 09:00:00,0.16331,719.06,3.2,2.1228046875000017,0.1199,0.0
2025-02-04 10:00:00,0.13653,673.05,23.9,2.231422851562502,0.1199,0.0
2025-02-04 11:00:00,0.12657,673.05,46.4,2.3427363281250018,0.1199,0.0
2025-02-04 12:00:00,0.11689,673.05,98.5,2.4115839843750018,0.1199,0.1091650130808774
2025-02-04 13:00:00,0.11317,571.01,118.0,2.438571289062502,0.1199,0.1257847510399762
2025-02-04 14:00:00,0.12009,571.01,122.0,2.397697265625002,0.1199,0.0604352476717185
2025-02-04 15:00:00,0.12747,571.01,109.0,2.268261230468752,0.1199,0.0
2025-02-04 16:00:00,0.16481,494.13,80.7,2.0978377278645843,0.1199,0.0
2025-02-04 17:00:00,0.16899,494.13,34.6,2.056792263454862,0.1199,0.0
2025-02-04 18:00:00,0.175,494.13,3.13,2.020780164930557,0.1199,0.0
2025-02-04 19:00:00,0.16204,452.31,0.0,2.012026367187501,0.1199,0.0
2025-02-04 20:00:00,0.14501,452.31,0.0,2.00358859592014,0.1199,0.0
2025-02-04 21:00:00,0.13243,452.31,0.0,2.011953125000001,0.1199,0.0
2025-02-04 22:00:00,0.1294199999999999,448.29,0.0,2.0137706163194453,0.1199,0.0
2025-02-04 23:00:00,0.12062,448.29,0.0,2.026860622829862,0.1199,0.0
2025-02-05 00:00:00,0.11334,448.29,0.0,2.0621145290798624,0.1199,0.0
2025-02-05 01:00:00,0.10967,425.29,0.0,2.095183376736112,0.1199,0.0
2025-02-05 02:00:00,0.1094,425.29,0.0,2.170717285156252,0.1199,0.0
2025-02-05 03:00:00,0.10818,425.29,0.0,2.217406738281252,0.1199,0.0
2025-02-05 04:00:00,0.11517,430.92,0.0,2.240141113281252,0.1199,0.0
2025-02-05 05:00:00,0.12242,430.92,0.0,2.246869628906252,0.1199,0.0
2025-02-05 06:00:00,0.13981,430.92,0.0,2.166051757812502,0.1199,0.0
2025-02-05 07:00:00,0.16532,574.03,0.0,2.170507324218752,0.1199,0.0
2025-02-05 08:00:00,0.18081,574.03,0.0,2.212672851562502,0.1199,0.0
2025-02-05 09:00:00,0.15933,574.03,0.5,2.250824707031252,0.1199,0.0
2025-02-05 10:00:00,0.13219,563.03,3.28,2.296083496093752,0.1199,0.0
2025-02-05 11:00:00,0.11996,563.03,10.4,2.314228027343752,0.1199,0.0
2025-02-05 12:00:00,0.11546,563.03,15.4,2.3521357421874973,0.1199,0.0
2025-02-05 13:00:00,0.1188,547.03,14.4,2.365482910156252,0.1199,0.0
2025-02-05 14:00:00,0.12885,547.03,13.1,2.336693847656252,0.1199,0.0
2025-02-05 15:00:00,0.14412,547.03,11.5,2.296486328125002,0.1199,0.0
2025-02-05 16:00:00,0.16058,448.17,8.68,2.235106933593752,0.1199,0.0
2025-02-05 17:00:00,0.17719,448.17,2.75,2.193068359375002,0.1199,0.0
2025-02-05 18:00:00,0.1899,448.17,0.533,2.145658691406252,0.1199,0.0
2025-02-05 19:00:00,0.18963,376.27,0.0,2.1380439453125017,0.1199,0.0
2025-02-05 20:00:00,0.17,376.27,0.0,2.125434082031252,0.1199,0.0
2025-02-05 21:00:00,0.1554199999999999,376.27,0.0,2.117709472656252,0.1199,0.0
2025-02-05 22:00:00,0.1437,401.31,0.0,2.108966796875002,0.1199,0.0
2025-02-05 23:00:00,0.13321,401.31,0.0,2.09901095920139,0.1199,0.0
2025-02-06 00:00:00,0.1336699999999999,401.31,0.0,2.0905501302083342,0.1199,0.0
2025-02-06 01:00:00,0.12957,402.3,0.0,2.089344346788196,0.1199,0.0
2025-02-06 02:00:00,0.12587,402.3,0.0,2.083725043402779,0.1199,0.0
2025-02-06 03:00:00,0.125,402.3,0.0,2.079306098090279,0.1199,0.0
2025-02-06 04:00:00,0.12501,443.28,0.0,2.077985026041668,0.1199,0.0
2025-02-06 05:00:00,0.13528,443.28,0.0,2.0803694661458345,0.1199,0.0
2025-02-06 06:00:00,0.15612,443.28,0.0,2.096279296875001,0.1199,0.0
2025-02-06 07:00:00,0.18009,586.04,0.0,2.101977050781252,0.1199,0.0
2025-02-06 08:00:00,0.2194199999999999,586.04,0.0,2.137670410156252,0.1199,0.0
2025-02-06 09:00:00,0.17899,586.04,0.1,2.167924316406252,0.1199,0.0
2025-02-06 10:00:00,0.1601399999999999,580.05,2.0,2.201063964843752,0.1199,0.0
2025-02-06 11:00:00,0.15256,580.05,8.93,2.252025878906252,0.1199,0.0
2025-02-06 12:00:00,0.14789,580.05,6.78,2.303373535156252,0.1199,0.0
2025-02-06 13:00:00,0.14548,533.02,2.42,2.325629394531252,0.1199,0.0
2025-02-06 14:00:00,0.13779,533.02,18.4,2.311156738281252,0.1199,0.0
2025-02-06 15:00:00,0.1508,533.02,13.0,2.260910156250002,0.1199,0.0
2025-02-06 16:00:00,0.1648899999999999,424.14,6.28,2.196710937500002,0.1199,0.0
2025-02-06 17:00:00,0.17159,424.14,8.98,2.161171386718752,0.1199,0.0
2025-02-06 18:00:00,0.17048,424.14,1.4,2.0998844401041654,0.1199,0.0
2025-02-06 19:00:00,0.1629499999999999,404.29,0.0,2.086688639322918,0.1199,0.0
2025-02-06 20:00:00,0.14133,404.29,0.0,2.091776258680557,0.1199,0.0
2025-02-06 21:00:00,0.13126,404.29,0.0,2.0940359157986124,0.1199,0.0
2025-02-06 22:00:00,0.134,407.32,0.0,2.103422363281252,0.1199,0.0
2025-02-06 23:00:00,0.12195,407.32,0.0,2.110458496093752,0.1199,0.0
2025-02-07 00:00:00,0.12605,407.32,0.0,2.114228027343752,0.1199,0.0
2025-02-07 01:00:00,0.1127,428.3,0.0,2.113107421875002,0.1199,0.0
2025-02-07 02:00:00,0.10882,428.3,0.0,2.108637207031252,0.1199,0.0
2025-02-07 03:00:00,0.105,428.3,0.0,2.0950355360243065,0.1199,0.0
2025-02-07 04:00:00,0.10481,451.5,0.0,2.086821560329862,0.1199,0.0
2025-02-07 05:00:00,0.10507,451.5,0.0,2.0839786783854177,0.1199,0.0
2025-02-07 06:00:00,0.11239,451.5,0.0,2.123717773437502,0.1199,0.0
2025-02-07 07:00:00,0.14166,583.02,0.0,2.141869628906252,0.1199,0.0
2025-02-07 08:00:00,0.16421,583.02,0.0,2.185336425781252,0.1199,0.0
2025-02-07 09:00:00,0.15036,583.02,0.0,2.230336425781252,0.1199,0.0
2025-02-07 10:00:00,0.13388,569.02,0.0,2.279520996093752,0.1199,0.0
2025-02-07 11:00:00,0.11514,569.02,0.0,2.315783203125002,0.1199,0.0
2025-02-07 12:00:00,0.1114899999999999,569.02,0.0,2.320968750000002,0.1199,0.0
2025-02-07 13:00:00,0.1067699999999999,551.04,0.0,2.314638183593752,0.1199,0.0
2025-02-07 14:00:00,0.10959,551.04,0.0,2.309220703125002,0.1199,0.0
2025-02-07 15:00:00,0.11168,551.04,0.0,2.281591308593752,0.1199,0.0
2025-02-07 16:00:00,0.12661,445.15,0.0,2.2277851562500017,0.1199,0.0
2025-02-07 17:00:00,0.14285,445.15,0.0,2.187201660156252,0.1199,0.0
2025-02-07 18:00:00,0.14905,445.15,0.0,2.174105957031252,0.1199,0.0
2025-02-07 19:00:00,0.14432,401.7,0.0,2.157240722656252,0.1199,0.0
2025-02-07 20:00:00,0.12693,401.7,0.0,2.142462890625002,0.1199,0.0
2025-02-07 21:00:00,0.1,401.7,0.0,2.135373046875002,0.1199,0.0
2025-02-07 22:00:00,0.09872,399.85,0.0,2.119430664062502,0.1199,0.0
2025-02-07 23:00:00,0.10014,399.85,0.0,2.119455078125002,0.1199,0.0
2025-02-08 00:00:00,0.08134,399.85,0.0,2.124311035156252,0.1199,0.0
2025-02-08 01:00:00,0.08485,415.56,0.0,2.133412597656252,0.1199,0.0
2025-02-08 02:00:00,0.0858,415.56,0.0,2.150888183593752,0.1199,0.0
2025-02-08 03:00:00,0.08708,415.56,0.0,2.167265136718752,0.1199,0.0
2025-02-08 04:00:00,0.0896899999999999,420.68,0.0,2.178270996093752,0.1199,0.0
2025-02-08 05:00:00,0.09099,420.68,0.0,2.187812011718752,0.1199,0.0
2025-02-08 06:00:00,0.0907999999999999,420.68,0.0,2.1634150390625018,0.1199,0.0
2025-02-08 07:00:00,0.09531,429.5,0.0,2.168900878906252,0.1199,0.0
2025-02-08 08:00:00,0.11111,429.5,0.0,2.236732910156252,0.1199,0.0
2025-02-08 09:00:00,0.09268,429.5,1.7,2.337304199218752,0.1199,0.0
2025-02-08 10:00:00,0.07942,342.22,12.5,2.467960937500002,0.1199,0.0
2025-02-08 11:00:00,0.06875,342.22,43.7,2.577279785156252,0.1199,0.1033258190442189
2025-02-08 12:00:00,0.0677099999999999,342.22,65.7,2.642997558593752,0.1199,0.1709004823046462
2025-02-08 13:00:00,0.0798499999999999,308.24,63.2,2.6790351562500017,0.1199,0.1387968297905531
2025-02-08 14:00:00,0.08985,308.24,71.1,2.642333496093752,0.1199,0.0919852128280624
2025-02-08 15:00:00,0.118,308.24,32.8,2.539787109375002,0.1199,0.0
2025-02-08 16:00:00,0.14087,314.26,27.6,2.416630371093752,0.1199,0.0
2025-02-08 17:00:00,0.15,314.26,6.63,2.329176757812502,0.1199,0.0
2025-02-08 18:00:00,0.16049,314.26,1.08,2.277321289062502,0.1199,0.0
2025-02-08 19:00:00,0.1611,320.25,0.0,2.216166503906252,0.1199,0.0
2025-02-08 20:00:00,0.1564199999999999,320.25,0.0,2.182890136718752,0.1199,0.0
2025-02-08 21:00:00,0.149,320.25,0.0,2.1321357421874976,0.1199,0.0
2025-02-08 22:00:00,0.144,351.31,0.0,2.07346164279514,0.1199,0.0
2025-02-08 23:00:00,0.13631,351.31,0.0,2.0423689778645846,0.1199,0.0
2025-02-09 00:00:00,0.135,351.31,0.0,2.0101817491319456,0.1199,0.0
2025-02-09 01:00:00,0.13451,395.33,0.0,1.9874603949652787,0.1199,0.0
2025-02-09 02:00:00,0.13018,395.33,0.0,1.96574679904514,0.1199,0.0
2025-02-09 03:00:00,0.1193,395.33,0.0,1.9633460828993063,0.1199,0.0
2025-02-09 04:00:00,0.11679,406.31,0.0,1.9779334852430568,0.1199,0.0
2025-02-09 05:00:00,0.117,406.31,0.0,1.9738604058159728,0.1199,0.0
2025-02-09 06:00:00,0.117,406.31,0.0,2.006489800347224,0.1199,0.0
2025-02-09 07:00:00,0.13343,416.3,0.0,2.0171885850694453,0.1199,0.0
2025-02-09 08:00:00,0.13677,416.3,0.0,2.121676757812502,0.1199,0.0
2025-02-09 09:00:00,0.12397,416.3,2.4,2.239943359375002,0.1199,0.0
2025-02-09 10:00:00,0.11479,358.29,9.05,2.3024677734375016,0.1199,0.0
2025-02-09 11:00:00,0.10565,358.29,13.9,2.363351562500002,0.1199,0.0
2025-02-09 12:00:00,0.0987099999999999,358.29,31.0,2.4020771484375016,0.1199,0.0
2025-02-09 13:00:00,0.09553,333.28,57.3,2.416303222656252,0.1199,0.0
2025-02-09 14:00:00,0.1099,333.28,50.8,2.405568359375002,0.1199,0.0
2025-02-09 15:00:00,0.1204,333.28,44.7,2.365424316406252,0.1199,0.0
2025-02-09 16:00:00,0.14196,352.29,24.2,2.296557128906252,0.1199,0.0
2025-02-09 17:00:00,0.14858,352.29,10.6,2.2265644531250017,0.1199,0.0
2025-02-09 18:00:00,0.16193,352.29,2.78,2.154618652343752,0.1199,0.0
2025-02-09 19:00:00,0.15613,385.31,0.0,2.0940277777777787,0.1199,0.0
2025-02-09 20:00:00,0.15065,385.31,0.0,2.074447699652779,0.1199,0.0
2025-02-09 21:00:00,0.14292,385.31,0.0,2.053138292100696,0.1199,0.0
2025-02-09 22:00:00,0.143,426.33,0.0,2.028786621093751,0.1199,0.0
2025-02-09 23:00:00,0.12797,426.33,0.0,2.010237358940973,0.1199,0.0
2025-02-10 00:00:00,0.11858,426.33,0.0,1.9865896267361125,0.1199,0.0
2025-02-10 01:00:00,0.1118199999999999,442.28,0.0,1.9668155924479176,0.1199,0.0
2025-02-10 02:00:00,0.10922,442.28,0.0,1.96213351779514,0.1199,0.0
2025-02-10 03:00:00,0.10629,442.28,0.0,1.9521088324652789,0.1199,0.0
2025-02-10 04:00:00,0.10585,468.22,0.0,1.941639268663196,0.1199,0.0
2025-02-10 05:00:00,0.112,468.22,0.0,1.943340115017362,0.1199,0.0
2025-02-10 06:00:00,0.14538,468.22,0.0,1.9651215277777787,0.1199,0.0
2025-02-10 07:00:00,0.16202,591.18,0.0,2.001558159722223,0.1199,0.0
2025-02-10 08:00:00,0.18136,591.18,0.0,2.05832492404514,0.1199,0.0
2025-02-10 09:00:00,0.16318,591.18,0.9,2.113327148437502,0.1199,0.0
2025-02-10 10:00:00,0.1359,567.13,6.68,2.205009277343752,0.1199,0.0
2025-02-10 11:00:00,0.11528,567.13,15.8,2.251425292968752,0.1199,0.0
2025-02-10 12:00:00,0.10936,567.13,22.5,2.276537597656252,0.1199,0.0
2025-02-10 13:00:00,0.1097399999999999,553.14,12.1,2.281266601562502,0.1199,0.0
2025-02-10 14:00:00,0.12307,553.14,11.4,2.259506347656252,0.1199,0.0
2025-02-10 15:00:00,0.12854,553.14,7.23,2.238344238281252,0.1199,0.0
2025-02-10 16:00:00,0.13358,419.26,7.53,2.228456542968752,0.1199,0.0
2025-02-10 17:00:00,0.13382,419.26,1.92,2.232313964843752,0.1199,0.0
2025-02-10 18:00:00,0.14211,419.26,0.725,2.249789550781252,0.1199,0.0
2025-02-10 19:00:00,0.11485,377.28,0.0,2.216474121093752,0.1199,0.0
2025-02-10 20:00:00,0.09437,377.28,0.0,2.203783691406252,0.1199,0.0
2025-02-10 21:00:00,0.09148,377.28,0.0,2.211732910156252,0.1199,0.0
2025-02-10 22:00:00,0.08887,374.27,0.0,2.216889160156252,0.1199,0.0
2025-02-10 23:00:00,0.08738,374.27,0.0,2.2520136718750017,0.1199,0.0
2025-02-11 00:00:00,0.07745,374.27,0.0,2.301005371093752,0.1199,0.0
2025-02-11 01:00:00,0.0711,372.3,0.0,2.327294433593752,0.1199,0.0
2025-02-11 02:00:00,0.07162,372.3,0.0,2.301503417968752,0.1199,0.0
2025-02-11 03:00:00,0.07489,372.3,0.0,2.252226074218752,0.1199,0.0
2025-02-11 04:00:00,0.07745,384.05,0.0,2.230697753906252,0.1199,0.0
2025-02-11 05:00:00,0.08744,384.05,0.0,2.2235957031250018,0.1199,0.0
2025-02-11 06:00:00,0.10046,384.05,0.0,2.259660156250002,0.1199,0.0
2025-02-11 07:00:00,0.13493,482.15,0.0,2.261540039062502,0.1199,0.0
2025-02-11 08:00:00,0.15553,482.15,0.0,2.299586914062502,0.1199,0.0
2025-02-11 09:00:00,0.14142,482.15,1.43,2.349130371093752,0.1199,0.0
2025-02-11 10:00:00,0.09665,483.52,8.05,2.4019599609375017,0.1199,0.0
2025-02-11 11:00:00,0.09278,483.52,17.9,2.4547138671874973,0.1199,0.0
2025-02-11 12:00:00,0.09768,483.52,29.0,2.453449218750002,0.1199,0.0106477695207234
2025-02-11 13:00:00,0.11111,470.38,25.3,2.442536132812502,0.1199,0.0
2025-02-11 14:00:00,0.12346,470.38,26.8,2.432567871093752,0.1199,0.0
2025-02-11 15:00:00,0.1436899999999999,470.38,14.4,2.387326171875002,0.1199,0.0
2025-02-11 16:00:00,0.14447,392.26,6.68,2.323322265625002,0.1199,0.0
2025-02-11 17:00:00,0.15997,392.26,4.72,2.258927734375002,0.1199,0.0
2025-02-11 18:00:00,0.16819,392.26,0.9,2.188649414062502,0.1199,0.0
2025-02-11 19:00:00,0.16745,381.33,0.0,2.140854003906252,0.1199,0.0
2025-02-11 20:00:00,0.16263,381.33,0.0,2.108095214843752,0.1199,0.0
2025-02-11 21:00:00,0.14875,381.33,0.0,2.0702864583333342,0.1199,0.0
2025-02-11 22:00:00,0.14295,392.28,0.0,2.0424788411458343,0.1199,0.0
2025-02-11 23:00:00,0.12824,392.28,0.0,2.0051673719618064,0.1199,0.0
2025-02-12 00:00:00,0.12913,392.28,0.0,1.994243435329862,0.1199,0.0
2025-02-12 01:00:00,0.12777,398.29,0.0,1.9980520290798625,0.1199,0.0
2025-02-12 02:00:00,0.12682,398.29,0.0,1.9932804361979173,0.1199,0.0
2025-02-12 03:00:00,0.12659,398.29,0.0,1.9825111219618063,0.1199,0.0
2025-02-12 04:00:00,0.12874,437.28,0.0,1.969341091579862,0.1199,0.0
2025-02-12 05:00:00,0.13124,437.28,0.0,1.957839355468751,0.1199,0.0
2025-02-12 06:00:00,0.15113,437.28,0.0,1.9859969075520845,0.1199,0.0
2025-02-12 07:00:00,0.1636399999999999,565.31,0.0,2.028874782986112,0.1199,0.0
2025-02-12 08:00:00,0.18,565.31,0.0,2.141942871093752,0.1199,0.0
2025-02-12 09:00:00,0.17492,565.31,1.73,2.229428222656252,0.1199,0.0
2025-02-12 10:00:00,0.16205,505.09,21.9,2.294875000000002,0.1199,0.0
2025-02-12 11:00:00,0.14401,505.09,70.4,2.336249511718752,0.1199,0.0
2025-02-12 12:00:00,0.13728,505.09,97.2,2.356688964843752,0.1199,0.0
2025-02-12 13:00:00,0.14203,450.16,123.0,2.356110351562502,0.1199,0.0
2025-02-12 14:00:00,0.1494,450.16,48.1,2.342675292968752,0.1199,0.0
2025-02-12 15:00:00,0.1596699999999999,450.16,28.7,2.318654296875002,0.1199,0.0
2025-02-12 16:00:00,0.17321,371.28,11.4,2.274550292968752,0.1199,0.0
2025-02-12 17:00:00,0.18459,371.28,4.3,2.2223750000000018,0.1199,0.0
2025-02-12 18:00:00,0.19713,371.28,0.45,2.141601074218752,0.1199,0.0
2025-02-12 19:00:00,0.19257,372.29,0.0,2.09478732638889,0.1199,0.0
2025-02-12 20:00:00,0.1739,372.29,0.0,2.077241753472223,0.1199,0.0
2025-02-12 21:00:00,0.15578,372.29,0.0,2.071709255642362,0.1199,0.0
2025-02-12 22:00:00,0.1503799999999999,369.35,0.0,2.079904242621529,0.1199,0.0
2025-02-12 23:00:00,0.14181,369.35,0.0,2.0750743272569454,0.1199,0.0
2025-02-13 00:00:00,0.14033,369.35,0.0,2.049295789930557,0.1199,0.0
2025-02-13 01:00:00,0.13775,387.26,0.0,2.040074055989584,0.1199,0.0
2025-02-13 02:00:00,0.14079,387.26,0.0,2.025839301215276,0.1199,0.0
2025-02-13 03:00:00,0.13659,387.26,0.0,2.02614718967014,0.1199,0.0
2025-02-13 04:00:00,0.14,431.3,0.0,2.023430447048609,0.1199,0.0
2025-02-13 05:00:00,0.142,431.3,0.0,2.0154890950520845,0.1199,0.0
2025-02-13 06:00:00,0.15999,431.3,0.0,2.020866970486112,0.1199,0.0
2025-02-13 07:00:00,0.19033,568.12,0.0,2.029677734375001,0.1199,0.0
2025-02-13 08:00:00,0.22236,568.12,0.0,2.043852810329862,0.1199,0.0
2025-02-13 09:00:00,0.22005,568.12,0.1,2.0479503038194453,0.1199,0.0
2025-02-13 10:00:00,0.20389,626.16,1.7,2.0605506727430565,0.1199,0.0
2025-02-13 11:00:00,0.18468,626.16,4.33,2.064858398437498,0.1199,0.0
2025-02-13 12:00:00,0.17452,626.16,7.08,2.0631046549479177,0.1199,0.0
2025-02-13 13:00:00,0.1701,634.6,7.03,2.050473090277779,0.1199,0.0
2025-02-13 14:00:00,0.1667,634.6,6.23,2.029912380642362,0.1199,0.0
2025-02-13 15:00:00,0.1701,634.6,4.85,2.0088810221354176,0.1199,0.0
2025-02-13 16:00:00,0.182,549.9,3.43,1.991065538194445,0.1199,0.0
2025-02-13 17:00:00,0.21305,549.9,3.53,1.984028862847224,0.1199,0.0
2025-02-13 18:00:00,0.20717,549.9,1.17,1.9643172200520844,0.1199,0.0
2025-02-13 19:00:00,0.19652,504.27,0.0,1.9664534505208344,0.1199,0.0
2025-02-13 20:00:00,0.17703,504.27,0.0,1.9612830946180568,0.1199,0.0
2025-02-13 21:00:00,0.1629199999999999,504.27,0.0,1.9619354926215289,0.1199,0.0
2025-02-13 22:00:00,0.15312,505.24,0.0,1.9523760308159728,0.1199,0.0
2025-02-13 23:00:00,0.13897,505.24,0.0,1.946668565538196,0.1199,0.0
2025-02-14 00:00:00,0.13921,505.24,0.0,1.9391883680555568,0.1199,0.0
2025-02-14 01:00:00,0.1328,511.96,0.0,1.939275173611112,0.1199,0.0
2025-02-14 02:00:00,0.1285,511.96,0.0,1.94356662326389,0.1199,0.0
2025-02-14 03:00:00,0.12765,511.96,0.0,1.9484507921006955,0.1199,0.0
2025-02-14 04:00:00,0.12958,551.25,0.0,1.9519053819444447,0.1199,0.0
2025-02-14 05:00:00,0.13959,551.25,0.0,1.948777669270832,0.1199,0.0
2025-02-14 06:00:00,0.1628899999999999,551.25,0.0,1.9529267035590288,0.1199,0.0
2025-02-14 07:00:00,0.22708,673.93,0.0,1.972547471788196,0.1199,0.0
2025-02-14 08:00:00,0.26564,673.93,0.0,2.0029158528645845,0.1199,0.0
2025-02-14 09:00:00,0.21511,673.93,0.7000000000000001,2.034020724826388,0.1199,0.0
2025-02-14 10:00:00,0.18103,653.77,3.33,2.0650130208333346,0.1199,0.0
2025-02-14 11:00:00,0.16301,653.77,10.8,2.0822791883680565,0.1199,0.0
2025-02-14 12:00:00,0.14986,653.77,14.8,2.0896644422743065,0.1199,0.0
2025-02-14 13:00:00,0.14861,625.37,14.6,2.0945540364583346,0.1199,0.0
2025-02-14 14:00:00,0.1558,625.37,8.73,2.0902910698784734,0.1199,0.0
2025-02-14 15:00:00,0.17506,625.37,7.28,2.0763099500868067,0.1199,0.0
2025-02-14 16:00:00,0.2,515.31,4.85,2.045144042968751,0.1199,0.0
2025-02-14 17:00:00,0.29891,515.31,3.48,2.0289317491319454,0.1199,0.0
2025-02-14 18:00:00,0.29306,515.31,0.867,1.9986786566840289,0.1199,0.0
2025-02-14 19:00:00,0.2256999999999999,475.53,0.0,1.9726966688368064,0.1199,0.0
2025-02-14 20:00:00,0.18355,475.53,0.0,1.94584933810764,0.1199,0.0
2025-02-14 21:00:00,0.16379,475.53,0.0,1.933583984375001,0.1199,0.0
2025-02-14 22:00:00,0.153,455.78,0.0,1.9145939127604177,0.1199,0.0
2025-02-14 23:00:00,0.14003,455.78,0.0,1.895461425781251,0.1199,0.0
2025-02-15 00:00:00,0.13529,455.78,0.0,1.8879988606770843,0.1199,0.0
2025-02-15 01:00:00,0.13034,478.52,0.0,1.8818817816840288,0.1199,0.0
2025-02-15 02:00:00,0.12,478.52,0.0,1.8724796549479177,0.1199,0.0
2025-02-15 03:00:00,0.11824,478.52,0.0,1.87393771701389,0.1199,0.0
2025-02-15 04:00:00,0.11845,481.1,0.0,1.857173394097224,0.1199,0.0
2025-02-15 05:00:00,0.12037,481.1,0.0,1.85245334201389,0.1199,0.0
2025-02-15 06:00:00,0.13374,481.1,0.0,1.8921790907118063,0.1199,0.0
2025-02-15 07:00:00,0.14858,492.73,0.0,1.9320635308159733,0.1199,0.0
2025-02-15 08:00:00,0.15067,492.73,0.0,2.040936686197918,0.1199,0.0
2025-02-15 09:00:00,0.13701,492.73,1.2,2.0787079535590287,0.1199,0.0
2025-02-15 10:00:00,0.12459,472.26,8.48,2.123219726562502,0.1199,0.0
2025-02-15 11:00:00,0.1183599999999999,472.26,24.5,2.1531171875000017,0.1199,0.1146721626932351
2025-02-15 12:00:00,0.11239,472.26,44.2,2.175517089843752,0.1199,0.1300105444251996
2025-02-15 13:00:00,0.11001,468.31,49.6,2.182521484375002,0.1199,0.1059600544660464
2025-02-15 14:00:00,0.11615,468.31,45.5,2.165197265625002,0.1199,0.0
2025-02-15 15:00:00,0.12883,468.31,35.3,2.132506835937502,0.1199,0.0
2025-02-15 16:00:00,0.14589,499.27,26.1,2.088530544704862,0.1199,0.0
2025-02-15 17:00:00,0.16454,499.27,10.5,2.06773654513889,0.1199,0.0
2025-02-15 18:00:00,0.1747,499.27,2.45,2.011898871527779,0.1199,0.0
2025-02-15 19:00:00,0.16476,495.58,0.0,2.006138509114584,0.1199,0.0
2025-02-15 20:00:00,0.14965,495.58,0.0,1.9991560872395844,0.1199,0.0
2025-02-15 21:00:00,0.12831,495.58,0.0,1.991077745225696,0.1199,0.0
2025-02-15 22:00:00,0.13237,502.2,0.0,1.982776963975696,0.1199,0.0
2025-02-15 23:00:00,0.12454,502.2,0.0,1.97985812717014,0.1199,0.0
2025-02-16 00:00:00,0.13411,502.2,0.0,1.9658132595486093,0.1199,0.0
2025-02-16 01:00:00,0.1289,494.24,0.0,1.9491913519965287,0.1199,0.0
2025-02-16 02:00:00,0.12357,494.24,0.0,1.9462141927083343,0.1199,0.0
2025-02-16 03:00:00,0.1199,494.24,0.0,1.9220686848958344,0.1199,0.0
2025-02-16 04:00:00,0.11957,515.22,0.0,1.9058672417534728,0.1199,0.0
2025-02-16 05:00:00,0.12018,515.22,0.0,1.889555935329862,0.1199,0.0
2025-02-16 06:00:00,0.11992,515.22,0.0,1.8966984049479176,0.1199,0.0
2025-02-16 07:00:00,0.12751,515.24,0.0,1.9348643663194456,0.1199,0.0
2025-02-16 08:00:00,0.1296,515.24,0.0,1.9997976345486097,0.1199,0.0
2025-02-16 09:00:00,0.13049,515.24,0.967,2.051187879774307,0.1199,0.0
2025-02-16 10:00:00,0.1277,458.4,19.5,2.08676730685764,0.1199,0.0328923397439558
2025-02-16 11:00:00,0.12403,458.4,40.0,2.1195917968750018,0.1199,0.138287895312335
2025-02-16 12:00:00,0.12467,458.4,89.0,2.152418945312502,0.1199,0.1822438199500966
2025-02-16 13:00:00,0.11877,421.31,128.0,2.165880859375002,0.1199,0.1879001764129096
2025-02-16 14:00:00,0.12102,421.31,127.0,2.155868652343752,0.1199,0.1042980992686773
2025-02-16 15:00:00,0.12955,421.31,112.0,2.119982421875002,0.1199,0.0
2025-02-16 16:00:00,0.13768,430.33,103.0,2.060382486979168,0.1199,0.0
2025-02-16 17:00:00,0.1539799999999999,430.33,58.2,2.007155761718751,0.1199,0.0
2025-02-16 18:00:00,0.16998,430.33,11.9,1.9986094835069448,0.1199,0.0
2025-02-16 19:00:00,0.16029,504.27,0.2,1.989296875000001,0.1199,0.0
2025-02-16 20:00:00,0.15372,504.27,0.0,1.975246582031251,0.1199,0.0
2025-02-16 21:00:00,0.13934,504.27,0.0,1.9615950520833343,0.1199,0.0
2025-02-16 22:00:00,0.13762,512.32,0.0,1.9378523763020843,0.1199,0.0
2025-02-16 23:00:00,0.13151,512.32,0.0,1.913655327690973,0.1199,0.0
2025-02-17 00:00:00,0.12805,512.32,0.0,1.8873206922743069,0.1199,0.0
2025-02-17 01:00:00,0.12106,537.08,0.0,1.8613793945312511,0.1199,0.0
2025-02-17 02:00:00,0.12034,537.08,0.0,1.8362871636284728,0.1199,0.0
2025-02-17 03:00:00,0.12552,537.08,0.0,1.8188853624131955,0.1199,0.0
2025-02-17 04:00:00,0.12894,573.23,0.0,1.810878906250001,0.1199,0.0
2025-02-17 05:00:00,0.13154,573.23,0.0,1.8065440538194453,0.1199,0.0
2025-02-17 06:00:00,0.15316,573.23,0.0,1.7991913519965288,0.1199,0.0
2025-02-17 07:00:00,0.20474,713.1,0.0,1.86640597873264,0.1199,0.0
2025-02-17 08:00:00,0.20979,713.1,0.1,1.9532522243923625,0.1199,0.0
2025-02-17 09:00:00,0.1713,713.1,8.4,2.013727213541668,0.1199,0.0
2025-02-17 10:00:00,0.13967,660.12,43.5,2.0641097005208344,0.1199,0.0401635240352671
2025-02-17 11:00:00,0.11719,660.12,83.4,2.0967662217881955,0.1199,0.170547558918178
2025-02-17 12:00:00,0.10947,660.12,115.0,2.121542480468752,0.1199,0.2362841323830173
2025-02-17 13:00:00,0.10678,613.02,133.0,2.119330566406252,0.1199,0.2168819435222807
2025-02-17 14:00:00,0.11189,613.02,138.0,2.095339355468751,0.1199,0.1303846358099186
2025-02-17 15:00:00,0.13227,613.02,131.0,2.050848795572918,0.1199,0.0
2025-02-17 16:00:00,0.15896,522.17,106.0,1.9742266167534728,0.1199,0.0
2025-02-17 17:00:00,0.2229199999999999,522.17,63.2,1.9217621527777788,0.1199,0.0
2025-02-17 18:00:00,0.271,522.17,12.3,1.8909068467881955,0.1199,0.0
2025-02-17 19:00:00,0.21536,490.32,0.2,1.8563921440972235,0.1199,0.0
2025-02-17 20:00:00,0.17786,490.32,0.0,1.8361732313368069,0.1199,0.0
2025-02-17 21:00:00,0.15519,490.32,0.0,1.820842556423612,0.1199,0.0
2025-02-17 22:00:00,0.13939,513.3,0.0,1.812964952256945,0.1199,0.0
2025-02-17 23:00:00,0.12957,513.3,0.0,1.8160479058159733,0.1199,0.0
2025-02-18 00:00:00,0.1329499999999999,513.3,0.0,1.8201250542534733,0.1199,0.0
2025-02-18 01:00:00,0.125,532.35,0.0,1.8198768446180569,0.1199,0.0
2025-02-18 02:00:00,0.12356,532.35,0.0,1.8204858398437511,0.1199,0.0
2025-02-18 03:00:00,0.11711,532.35,0.0,1.829812011718751,0.1199,0.0
2025-02-18 04:00:00,0.11566,591.24,0.0,1.838173828125001,0.1199,0.0
2025-02-18 05:00:00,0.12193,591.24,0.0,1.8437117513020844,0.1199,0.0
2025-02-18 06:00:00,0.14361,591.24,0.0,1.825261501736112,0.1199,0.0
2025-02-18 07:00:00,0.19034,725.11,0.0,1.872471516927084,0.1199,0.0
2025-02-18 08:00:00,0.1938,725.11,0.1,1.9452606879340288,0.1199,0.0
2025-02-18 09:00:00,0.14353,725.11,8.75,2.006584743923612,0.1199,0.0
2025-02-18 10:00:00,0.1242399999999999,663.24,43.5,2.058937988281251,0.1199,0.0510209533645431
2025-02-18 11:00:00,0.1097099999999999,663.24,74.6,2.099175075954862,0.1199,0.1800749918977719
2025-02-18 12:00:00,0.09641,663.24,111.0,2.1464667968750017,0.1199,0.2443279852649651
2025-02-18 13:00:00,0.08853,584.13,129.0,2.161571777343752,0.1199,0.2358925191838109
2025-02-18 14:00:00,0.0983499999999999,584.13,139.0,2.140282714843752,0.1199,0.1554765845753062
2025-02-18 15:00:00,0.11,584.13,132.0,2.0746986219618067,0.1199,0.0142705806448919
2025-02-18 16:00:00,0.12816,487.26,107.0,1.99978000217014,0.1199,0.0
2025-02-18 17:00:00,0.17761,487.26,50.7,1.96191379123264,0.1199,0.0
2025-02-18 18:00:00,0.17432,487.26,16.7,1.9702362738715289,0.1199,0.0
2025-02-18 19:00:00,0.15591,472.31,0.4,1.970845269097224,0.1199,0.0
2025-02-18 20:00:00,0.14242,472.31,0.0,1.968372667100696,0.1199,0.0
2025-02-18 21:00:00,0.12941,472.31,0.0,1.964264322916668,0.1199,0.0
2025-02-18 22:00:00,0.1219,480.29,0.0,1.9569536675347232,0.1199,0.0
2025-02-18 23:00:00,0.11445,480.29,0.0,1.9455088975694448,0.1199,0.0
2025-02-19 00:00:00,0.10454,480.29,0.0,1.9362152777777788,0.1199,0.0
2025-02-19 01:00:00,0.09929,503.26,0.0,1.929961208767362,0.1199,0.0
2025-02-19 02:00:00,0.0996,503.26,0.0,1.9269962565104173,0.1199,0.0
2025-02-19 03:00:00,0.09729,503.26,0.0,1.9247569444444448,0.1199,0.0
2025-02-19 04:00:00,0.0945,547.7,0.0,1.9240733506944447,0.1199,0.0
2025-02-19 05:00:00,0.09748,547.7,0.0,1.925104166666668,0.1199,0.0
2025-02-19 06:00:00,0.115,547.7,0.0,1.9188663736979177,0.1199,0.0
2025-02-19 07:00:00,0.1495,679.09,0.0,1.9492279730902788,0.1199,0.0
2025-02-19 08:00:00,0.16637,679.09,0.5,2.0117049153645845,0.1199,0.0
2025-02-19 09:00:00,0.1287599999999999,679.09,10.1,2.083357476128473,0.1199,0.0
2025-02-19 10:00:00,0.1079099999999999,634.4,28.4,2.198795898437502,0.1199,0.014339772661411
2025-02-19 11:00:00,0.08928,634.4,38.7,2.293510253906252,0.1199,0.1268402851554962
2025-02-19 12:00:00,0.08152,634.4,70.9,2.352489746093752,0.1199,0.1823115870692703
2025-02-19 13:00:00,0.08274,556.13,111.0,2.374318359375002,0.1199,0.1656284604664104
2025-02-19 14:00:00,0.0852,556.13,94.5,2.350539062500002,0.1199,0.0858183776825861
2025-02-19 15:00:00,0.09063,556.13,92.3,2.270988281250002,0.1199,0.0
2025-02-19 16:00:00,0.11003,438.5,76.0,2.158961914062502,0.1199,0.0
2025-02-19 17:00:00,0.13128,438.5,56.6,2.107594726562502,0.1199,0.0
2025-02-19 18:00:00,0.14298,438.5,8.58,2.071612955729168,0.1199,0.0
2025-02-19 19:00:00,0.14442,431.28,0.3,2.08336154513889,0.1199,0.0
2025-02-19 20:00:00,0.1209,431.28,0.0,2.100121582031252,0.1199,0.0
2025-02-19 21:00:00,0.11375,431.28,0.0,2.116144531250002,0.1199,0.0
2025-02-19 22:00:00,0.1071299999999999,429.32,0.0,2.108114746093752,0.1199,0.0
2025-02-19 23:00:00,0.09981,429.32,0.0,2.096083984375001,0.1199,0.0
2025-02-20 00:00:00,0.08617,429.32,0.0,2.092078721788196,0.1199,0.0
2025-02-20 01:00:00,0.0852,420.3,0.0,2.095563151041668,0.1199,0.0
2025-02-20 02:00:00,0.08456,420.3,0.0,2.1018281250000017,0.1199,0.0
2025-02-20 03:00:00,0.08364,420.3,0.0,2.152604492187497,0.1199,0.0
2025-02-20 04:00:00,0.08218,427.18,0.0,2.2049970703125017,0.1199,0.0
2025-02-20 05:00:00,0.08384,427.18,0.0,2.263471191406252,0.1199,0.0
2025-02-20 06:00:00,0.08631,427.18,0.0,2.260751464843752,0.1199,0.0
2025-02-20 07:00:00,0.11041,472.16,0.0,2.366349609375002,0.1199,0.0
2025-02-20 08:00:00,0.12798,472.16,0.0,2.529330566406252,0.1199,0.0
2025-02-20 09:00:00,0.10587,472.16,1.08,2.6870527343750017,0.1199,0.0
2025-02-20 10:00:00,0.09372,372.14,19.8,2.788319824218752,0.1199,0.0132899567759846
2025-02-20 11:00:00,0.08723,372.14,50.1,2.843910644531252,0.1199,0.1221473898203654
2025-02-20 12:00:00,0.08687,372.14,56.9,2.8864765625000017,0.1199,0.1929135430380559
2025-02-20 13:00:00,0.08451,259.61,72.9,2.895172851562502,0.1199,0.2406889363847088
2025-02-20 14:00:00,0.08478,259.61,88.3,2.861537597656252,0.1199,0.1054265660046852
2025-02-20 15:00:00,0.0900499999999999,259.61,16.7,2.794271972656252,0.1199,0.0
2025-02-20 16:00:00,0.09834,190.12,13.3,2.731967285156252,0.1199,0.0
2025-02-20 17:00:00,0.1101299999999999,190.12,6.6,2.6768574218750016,0.1199,0.0
2025-02-20 18:00:00,0.11238,190.12,1.6,2.6419892578125017,0.1199,0.0
2025-02-20 19:00:00,0.12245,216.39,0.0,2.623905761718752,0.1199,0.0
2025-02-20 20:00:00,0.1059099999999999,216.39,0.0,2.609979980468752,0.1199,0.0
2025-02-20 21:00:00,0.0924099999999999,216.39,0.0,2.597936523437502,0.1199,0.0
2025-02-20 22:00:00,0.09084,241.34,0.0,2.606161621093752,0.1199,0.0
2025-02-20 23:00:00,0.083,241.34,0.0,2.642138183593752,0.1199,0.0
2025-02-21 00:00:00,0.07551,241.34,0.0,2.648852050781252,0.1199,0.0
2025-02-21 01:00:00,0.07499,201.85,0.0,2.664589355468752,0.1199,0.0
2025-02-21 02:00:00,0.0798,201.85,0.0,2.657296875000002,0.1199,0.0
2025-02-21 03:00:00,0.0834,201.85,0.0,2.639325683593752,0.1199,0.0
2025-02-21 04:00:00,0.0824,221.53,0.0,2.659979980468752,0.1199,0.0
2025-02-21 05:00:00,0.08203,221.53,0.0,2.670185058593752,0.1199,0.0
2025-02-21 06:00:00,0.10647,221.53,0.0,2.6500410156250016,0.1199,0.0
2025-02-21 07:00:00,0.1525,276.11,0.0,2.723666503906252,0.1199,0.0
2025-02-21 08:00:00,0.14521,276.11,0.0,2.802455566406252,0.1199,0.0
2025-02-21 09:00:00,0.12098,276.11,2.67,2.9,0.1199,0.0
2025-02-21 10:00:00,0.09868,202.98,5.48,2.9,0.1199,0.0729918735910735
2025-02-21 11:00:00,0.0834,202.98,25.9,2.9,0.1199,0.2780758425452778
2025-02-21 12:00:00,0.078,202.98,19.0,2.9,0.1199,0.3332621502653061
2025-02-21 13:00:00,0.0764099999999999,141.43,66.9,2.9,0.1199,0.3148240267601329
2025-02-21 14:00:00,0.07952,141.43,42.5,2.9,0.1199,0.1917271015988047
2025-02-21 15:00:00,0.08294,141.43,39.4,2.9,0.1199,0.1217279347118429
2025-02-21 16:00:00,0.1034699999999999,115.48,40.9,2.9,0.1199,0.0
2025-02-21 17:00:00,0.10345,115.48,22.6,2.887938964843752,0.1199,0.0
2025-02-21 18:00:00,0.10198,115.48,9.07,2.8442792968750017,0.1199,0.0
2025-02-21 19:00:00,0.08195,150.71,0.7000000000000001,2.811259277343752,0.1199,0.0
2025-02-21 20:00:00,0.08025,150.71,0.0,2.783112304687497,0.1199,0.0
2025-02-21 21:00:00,0.07085,150.71,0.0,2.748725097656252,0.1199,0.0
2025-02-21 22:00:00,0.07064,189.8,0.0,2.706107910156252,0.1199,0.0
2025-02-21 23:00:00,0.06433,189.8,0.0,2.684203613281252,0.1199,0.0
2025-02-22 00:00:00,0.05099,189.8,0.0,2.664398925781252,0.1199,0.0
2025-02-22 01:00:00,0.04862,205.17,0.0,2.6570380859375016,0.1199,0.0
2025-02-22 02:00:00,0.04796,205.17,0.0,2.628952148437502,0.1199,0.0
2025-02-22 03:00:00,0.04262,205.17,0.0,2.612482421875002,0.1199,0.0
2025-02-22 04:00:00,0.0412,205.09,0.0,2.6171503906250018,0.1199,0.0
2025-02-22 05:00:00,0.04915,205.09,0.0,2.622755859375002,0.1199,0.0
2025-02-22 06:00:00,0.04911,205.09,0.0,2.632064941406252,0.1199,0.0
2025-02-22 07:00:00,0.06122,214.61,0.0,2.691349609375002,0.1199,0.0
2025-02-22 08:00:00,0.06825,214.61,0.0,2.782274902343752,0.1199,0.0
2025-02-22 09:00:00,0.06774,214.61,3.1,2.864552734375002,0.1199,0.0
2025-02-22 10:00:00,0.05321,168.48,22.2,2.9,0.1199,0.0
2025-02-22 11:00:00,0.04713,168.48,26.6,2.9,0.1199,0.0
2025-02-22 12:00:00,0.0404,168.48,27.1,2.9,0.1199,0.0
2025-02-22 13:00:00,0.05269,141.11,34.0,2.9,0.1199,0.0
2025-02-22 14:00:00,0.068,141.11,18.8,2.9,0.1199,0.0
2025-02-22 15:00:00,0.0856,141.11,21.8,2.9,0.1199,0.0
2025-02-22 16:00:00,0.10095,154.74,8.93,2.842836425781252,0.1199,0.0
2025-02-22 17:00:00,0.1083799999999999,154.74,5.07,2.7818232421874973,0.1199,0.0
2025-02-22 18:00:00,0.10698,154.74,3.7,2.745304687500002,0.1199,0.0
2025-02-22 19:00:00,0.11518,212.34,0.1,2.700687988281252,0.1199,0.0
2025-02-22 20:00:00,0.103,212.34,0.0,2.697677734375002,0.1199,0.0
2025-02-22 21:00:00,0.10158,212.34,0.0,2.677152832031252,0.1199,0.0
2025-02-22 22:00:00,0.0942699999999999,235.3,0.0,2.661928222656252,0.1199,0.0
2025-02-22 23:00:00,0.08351,235.3,0.0,2.643285644531252,0.1199,0.0
2025-02-23 00:00:00,0.0911,235.3,0.0,2.613900878906252,0.1199,0.0
2025-02-23 01:00:00,0.08499,247.32,0.0,2.573827636718752,0.1199,0.0
2025-02-23 02:00:00,0.08621,247.32,0.0,2.536244628906252,0.1199,0.0
2025-02-23 03:00:00,0.08363,247.32,0.0,2.476750000000002,0.1199,0.0
2025-02-23 04:00:00,0.08577,270.31,0.0,2.420111816406252,0.1199,0.0
2025-02-23 05:00:00,0.08733,270.31,0.0,2.382389648437502,0.1199,0.0
2025-02-23 06:00:00,0.0877,270.31,0.0,2.331183593750002,0.1199,0.0
2025-02-23 07:00:00,0.108,289.31,0.0,2.434145019531252,0.1199,0.0
2025-02-23 08:00:00,0.1122399999999999,289.31,0.3,2.6049433593750018,0.1199,0.0
2025-02-23 09:00:00,0.09935,289.31,8.55,2.769228027343752,0.1199,0.0
2025-02-23 10:00:00,0.083,187.01,43.6,2.899604003906252,0.1199,0.1581772302083113
2025-02-23 11:00:00,0.0815,187.01,83.2,2.9,0.1199,0.2982825085029235
2025-02-23 12:00:00,0.07112,187.01,112.0,2.9,0.1199,0.2961171535928759
2025-02-23 13:00:00,0.0692,137.04,127.0,2.9,0.1199,0.2733219735764645
2025-02-23 14:00:00,0.06475,137.04,133.0,2.9,0.1199,0.112512533034592
2025-02-23 15:00:00,0.06911,137.04,126.0,2.9,0.1199,0.0070779355623426
2025-02-23 16:00:00,0.0847,147.72,103.0,2.8651972656250018,0.1199,0.0
2025-02-23 17:00:00,0.15045,147.72,68.7,2.7314667968750017,0.1199,0.0
2025-02-23 18:00:00,0.15469,147.72,19.0,2.6782197265625016,0.1199,0.0
2025-02-23 19:00:00,0.11702,226.3,0.9,2.649086425781252,0.1199,0.0
2025-02-23 20:00:00,0.09603,226.3,0.0,2.638959472656252,0.1199,0.0
2025-02-23 21:00:00,0.07732,226.3,0.0,2.662079589843752,0.1199,0.0
2025-02-23 22:00:00,0.07381,231.3,0.0,2.699232910156252,0.1199,0.0
2025-02-23 23:00:00,0.06599,231.3,0.0,2.724052246093752,0.1199,0.0
2025-02-24 00:00:00,0.07083,231.3,0.0,2.729198730468752,0.1199,0.0
2025-02-24 01:00:00,0.06799,192.92,0.0,2.710741699218752,0.1199,0.0
2025-02-24 02:00:00,0.0409799999999999,192.92,0.0,2.703881347656252,0.1199,0.0
2025-02-24 03:00:00,0.0371,192.92,0.0,2.701737792968752,0.1199,0.0
2025-02-24 04:00:00,0.06534,199.44,0.0,2.696056640625002,0.1199,0.0
2025-02-24 05:00:00,0.07003,199.44,0.0,2.706085937500002,0.1199,0.0
2025-02-24 06:00:00,0.081,199.44,0.0,2.7442011718750017,0.1199,0.0
2025-02-24 07:00:00,0.0848,230.73,0.0,2.764186523437502,0.1199,0.0
2025-02-24 08:00:00,0.10668,230.73,0.0,2.785385253906252,0.1199,0.0
2025-02-24 09:00:00,0.09326,230.73,1.88,2.798878906250002,0.1199,0.0
2025-02-24 10:00:00,0.07904,217.45,7.58,2.834337890625002,0.1199,0.0
2025-02-24 11:00:00,0.08344,217.45,10.0,2.9,0.1199,0.0
2025-02-24 12:00:00,0.08163,217.45,11.6,2.9,0.1199,0.0015758479574177
2025-02-24 13:00:00,0.083,196.77,14.9,2.9,0.1199,0.0
2025-02-24 14:00:00,0.0864,196.77,20.6,2.9,0.1199,0.0
2025-02-24 15:00:00,0.09255,196.77,17.9,2.8520136718750018,0.1199,0.0
2025-02-24 16:00:00,0.1007,186.01,12.8,2.785580566406252,0.1199,0.0
2025-02-24 17:00:00,0.11294,186.01,11.2,2.7621894531250017,0.1199,0.0
2025-02-24 18:00:00,0.13781,186.01,1.98,2.730751464843752,0.1199,0.0
2025-02-24 19:00:00,0.14871,202.34,0.2,2.704860351562502,0.1199,0.0
2025-02-24 20:00:00,0.12927,202.34,0.0,2.674623535156252,0.1199,0.0
2025-02-24 21:00:00,0.11229,202.34,0.0,2.632138183593752,0.1199,0.0
2025-02-24 22:00:00,0.1129,239.35,0.0,2.600963867187497,0.1199,0.0
2025-02-24 23:00:00,0.10648,239.35,0.0,2.573883789062502,0.1199,0.0
2025-02-25 00:00:00,0.0906,239.35,0.0,2.5331904296874974,0.1199,0.0
2025-02-25 01:00:00,0.0899099999999999,259.3,0.0,2.480133789062502,0.1199,0.0
2025-02-25 02:00:00,0.09339,259.3,0.0,2.462240722656252,0.1199,0.0
2025-02-25 03:00:00,0.09386,259.3,0.0,2.461146972656252,0.1199,0.0
2025-02-25 04:00:00,0.09743,306.27,0.0,2.440934570312502,0.1199,0.0
2025-02-25 05:00:00,0.10578,306.27,0.0,2.406183593750002,0.1199,0.0
2025-02-25 06:00:00,0.14487,306.27,0.0,2.444032714843752,0.1199,0.0
2025-02-25 07:00:00,0.16716,396.16,0.0,2.503305175781252,0.1199,0.0
2025-02-25 08:00:00,0.17334,396.16,1.1,2.618107421875002,0.1199,0.0
2025-02-25 09:00:00,0.1537299999999999,396.16,13.6,2.7216669921874974,0.1199,0.0
2025-02-25 10:00:00,0.14036,299.28,47.7,2.787033203125002,0.1199,0.1085756847128848
2025-02-25 11:00:00,0.12675,299.28,78.6,2.831452148437502,0.1199,0.1316113730123542
2025-02-25 12:00:00,0.1246299999999999,299.28,72.7,2.854904296875002,0.1199,0.172703721983626
2025-02-25 13:00:00,0.12581,247.82,72.5,2.843068359375002,0.1199,0.143764352331418
2025-02-25 14:00:00,0.13438,247.82,83.0,2.8149042968750018,0.1199,0.0212741112135162
2025-02-25 15:00:00,0.14834,247.82,36.8,2.754838378906252,0.1199,0.0
2025-02-25 16:00:00,0.17068,211.06,20.3,2.683014648437502,0.1199,0.0
2025-02-25 17:00:00,0.20797,211.06,11.6,2.624462402343752,0.1199,0.0
2025-02-25 18:00:00,0.23305,211.06,4.25,2.597675292968752,0.1199,0.0
2025-02-25 19:00:00,0.18809,244.28,0.4,2.546586425781252,0.1199,0.0
2025-02-25 20:00:00,0.15696,244.28,0.0,2.505602539062502,0.1199,0.0
2025-02-25 21:00:00,0.1424699999999999,244.28,0.0,2.476110351562502,0.1199,0.0
2025-02-25 22:00:00,0.12946,248.36,0.0,2.445766113281252,0.1199,0.0
2025-02-25 23:00:00,0.11513,248.36,0.0,2.431920898437502,0.1199,0.0
2025-02-26 00:00:00,0.1229899999999999,248.36,0.0,2.411811035156252,0.1199,0.0
2025-02-26 01:00:00,0.11982,272.31,0.0,2.406642578125002,0.1199,0.0
2025-02-26 02:00:00,0.11694,272.31,0.0,2.4022822265625017,0.1199,0.0
2025-02-26 03:00:00,0.11598,272.31,0.0,2.396356933593752,0.1199,0.0
2025-02-26 04:00:00,0.11656,346.5,0.0,2.3721748046874973,0.1199,0.0
2025-02-26 05:00:00,0.11727,346.5,0.0,2.347016113281252,0.1199,0.0
2025-02-26 06:00:00,0.13265,346.5,0.0,2.303485839843752,0.1199,0.0
2025-02-26 07:00:00,0.15993,451.17,0.0,2.3236103515625017,0.1199,0.0
2025-02-26 08:00:00,0.1751899999999999,451.17,0.0,2.391063964843752,0.1199,0.0
2025-02-26 09:00:00,0.16022,451.17,8.07,2.453446777343752,0.1199,0.0
2025-02-26 10:00:00,0.14137,375.17,15.9,2.5633759765625017,0.1199,0.0
2025-02-26 11:00:00,0.1299499999999999,375.17,46.4,2.628913085937502,0.1199,0.1448781494905099
2025-02-26 12:00:00,0.12053,375.17,108.0,2.667392089843752,0.1199,0.1440260458417176
2025-02-26 13:00:00,0.11989,293.14,129.0,2.7002509765625016,0.1199,0.1252713305555641
2025-02-26 14:00:00,0.12512,293.14,121.0,2.686105468750002,0.1199,0.0947314405760703
2025-02-26 15:00:00,0.1329,293.14,116.0,2.6505488281250016,0.1199,0.0
2025-02-26 16:00:00,0.14975,233.51,111.0,2.586278808593752,0.1199,0.0
2025-02-26 17:00:00,0.16501,233.51,44.2,2.4908271484375017,0.1199,0.0
2025-02-26 18:00:00,0.17257,233.51,8.4,2.449835937500002,0.1199,0.0
2025-02-26 19:00:00,0.16282,262.3,1.2,2.429213378906252,0.1199,0.0
2025-02-26 20:00:00,0.1473799999999999,262.3,0.0,2.3877558593750017,0.1199,0.0
2025-02-26 21:00:00,0.11844,262.3,0.0,2.354257324218752,0.1199,0.0
2025-02-26 22:00:00,0.1209399999999999,281.27,0.0,2.336469238281252,0.1199,0.0
2025-02-26 23:00:00,0.1124599999999999,281.27,0.0,2.322079589843752,0.1199,0.0
2025-02-27 00:00:00,0.10148,281.27,0.0,2.3169550781250017,0.1199,0.0
2025-02-27 01:00:00,0.10381,311.29,0.0,2.316852539062502,0.1199,0.0
2025-02-27 02:00:00,0.10124,311.29,0.0,2.313190429687497,0.1199,0.0
2025-02-27 03:00:00,0.0996,311.29,0.0,2.292555664062502,0.1199,0.0
2025-02-27 04:00:00,0.10043,341.4,0.0,2.272326171875002,0.1199,0.0
2025-02-27 05:00:00,0.10587,341.4,0.0,2.228349121093752,0.1199,0.0
2025-02-27 06:00:00,0.11518,341.4,0.0,2.274101074218752,0.1199,0.0
2025-02-27 07:00:00,0.1523199999999999,431.14,0.0,2.307931640625002,0.1199,0.0
2025-02-27 08:00:00,0.15905,431.14,0.2,2.348002441406252,0.1199,0.0
2025-02-27 09:00:00,0.14258,431.14,7.78,2.427372558593752,0.1199,0.0
2025-02-27 10:00:00,0.12994,399.14,32.4,2.488959472656252,0.1199,0.046312935896023
2025-02-27 11:00:00,0.11,399.14,58.7,2.548568847656252,0.1199,0.1315532750186359
2025-02-27 12:00:00,0.1011,399.14,62.6,2.597372558593752,0.1199,0.1780748248543405
2025-02-27 13:00:00,0.10925,439.15,82.5,2.515802734375002,0.1199,0.2831374133626361
2025-02-27 14:00:00,0.11,439.15,24.9,2.418151367187497,0.1199,0.0968151331701866
2025-02-27 15:00:00,0.123,439.15,2.9,2.381078613281252,0.1199,0.0
2025-02-27 16:00:00,0.14262,347.23,34.5,2.333759277343752,0.1199,0.0
2025-02-27 17:00:00,0.15869,347.23,36.4,2.277494628906252,0.1199,0.0
2025-02-27 18:00:00,0.17471,347.23,18.1,2.276537597656252,0.1199,0.0
2025-02-27 19:00:00,0.1631699999999999,356.31,0.2,2.248861816406252,0.1199,0.0
2025-02-27 20:00:00,0.14461,356.31,0.0,2.249955566406252,0.1199,0.0
2025-02-27 21:00:00,0.13654,356.31,0.0,2.245070312500002,0.1199,0.0
2025-02-27 22:00:00,0.12469,335.27,0.0,2.242768066406252,0.1199,0.0
2025-02-27 23:00:00,0.11489,335.27,0.0,2.237138183593752,0.1199,0.0
2025-02-28 00:00:00,0.11547,335.27,0.0,2.232345703125002,0.1199,0.0
2025-02-28 01:00:00,0.11054,368.31,0.0,2.203571289062502,0.1199,0.0
2025-02-28 02:00:00,0.1093799999999999,368.31,0.0,2.188842285156252,0.1199,0.0
2025-02-28 03:00:00,0.10693,368.31,0.0,2.181928222656252,0.1199,0.0
2025-02-28 04:00:00,0.11203,380.84,0.0,2.176959960937502,0.1199,0.0
2025-02-28 05:00:00,0.11263,380.84,0.0,2.172216308593752,0.1199,0.0
2025-02-28 06:00:00,0.13599,380.84,0.0,2.170209472656252,0.1199,0.0
2025-02-28 07:00:00,0.15,480.14,0.0,2.188461425781252,0.1199,0.0
2025-02-28 08:00:00,0.16182,480.14,0.0,2.231310546875002,0.1199,0.0
2025-02-28 09:00:00,0.1455,480.14,1.92,2.306952636718752,0.1199,0.0
2025-02-28 10:00:00,0.1277,474.12,8.8,2.346432617187497,0.1199,0.0
2025-02-28 11:00:00,0.11597,474.12,16.4,2.375705078125002,0.1199,0.0
2025-02-28 12:00:00,0.10951,474.12,24.8,2.381596191406252,0.1199,0.0
2025-02-28 13:00:00,0.10857,430.15,30.0,2.389694335937502,0.1199,0.0
2025-02-28 14:00:00,0.11158,430.15,34.2,2.392587402343752,0.1199,0.0
2025-02-28 15:00:00,0.12557,430.15,32.4,2.372221191406252,0.1199,0.0
2025-02-28 16:00:00,0.13505,355.23,45.1,2.324787109375002,0.1199,0.0
2025-02-28 17:00:00,0.1528499999999999,355.23,17.6,2.265753906250002,0.1199,0.0
2025-02-28 18:00:00,0.16124,355.23,16.5,2.192665527343752,0.1199,0.0
2025-02-28 19:00:00,0.15886,366.34,0.6,2.160983398437502,0.1199,0.0
2025-02-28 20:00:00,0.14396,366.34,0.0,2.1382294921874974,0.1199,0.0
2025-02-28 21:00:00,0.13294,366.34,0.0,2.111688964843752,0.1199,0.0
2025-02-28 22:00:00,0.12743,389.26,0.0,2.1026044921874973,0.1199,0.0
2025-02-28 23:00:00,0.11903,389.26,0.0,2.114350097656252,0.1199,0.0
2025-03-01 00:00:00,0.12819,389.26,0.0,2.111645019531252,0.1199,0.0
2025-03-01 01:00:00,0.12038,453.29,0.0,2.1238203125000017,0.1199,0.0
2025-03-01 02:00:00,0.11709,453.29,0.0,2.121718261718752,0.1199,0.0
2025-03-01 03:00:00,0.11215,453.29,0.0,2.104115722656252,0.1199,0.0
2025-03-01 04:00:00,0.10975,462.31,0.0,2.0994883897569454,0.1199,0.0
2025-03-01 05:00:00,0.11438,462.31,0.0,2.102799804687497,0.1199,0.0
2025-03-01 06:00:00,0.11886,462.31,0.0,2.1092060546874976,0.1199,0.0
2025-03-01 07:00:00,0.13579,477.3,0.0,2.160165527343752,0.1199,0.0
2025-03-01 08:00:00,0.13879,477.3,0.3,2.237338378906252,0.1199,0.0
2025-03-01 09:00:00,0.13774,477.3,2.9,2.297396972656252,0.1199,0.0
2025-03-01 10:00:00,0.12508,416.23,10.6,2.356786621093752,0.1199,0.0
2025-03-01 11:00:00,0.11211,416.23,24.7,2.386986816406252,0.1199,0.0
2025-03-01 12:00:00,0.10221,416.23,33.1,2.405561035156252,0.1199,0.0
2025-03-01 13:00:00,0.09727,392.22,17.2,2.421566894531252,0.1199,0.0
2025-03-01 14:00:00,0.09939,392.22,13.7,2.405170410156252,0.1199,0.0
2025-03-01 15:00:00,0.10923,392.22,14.9,2.385404785156252,0.1199,0.0
2025-03-01 16:00:00,0.12541,390.23,22.0,2.340412109375002,0.1199,0.0
2025-03-01 17:00:00,0.145,390.23,13.9,2.266813476562502,0.1199,0.0
2025-03-01 18:00:00,0.15855,390.23,4.75,2.228014648437502,0.1199,0.0
2025-03-01 19:00:00,0.15078,402.31,0.95,2.202924316406252,0.1199,0.0
2025-03-01 20:00:00,0.13729,402.31,0.0,2.140148437500002,0.1199,0.0
2025-03-01 21:00:00,0.1286,402.31,0.0,2.1110468750000018,0.1199,0.0
2025-03-01 22:00:00,0.12357,442.32,0.0,2.082705078125001,0.1199,0.0
2025-03-01 23:00:00,0.11992,442.32,0.0,2.0579939778645846,0.1199,0.0
2025-03-02 00:00:00,0.12394,442.32,0.0,2.0476573350694456,0.1199,0.0
2025-03-02 01:00:00,0.10754,450.3,0.0,2.056912977430557,0.1199,0.0
2025-03-02 02:00:00,0.0993199999999999,450.3,0.0,2.052030164930557,0.1199,0.0
2025-03-02 03:00:00,0.09301,450.3,0.0,2.048532172309029,0.1199,0.0
2025-03-02 04:00:00,0.09423,472.34,0.0,2.048898383246529,0.1199,0.0
2025-03-02 05:00:00,0.09398,472.34,0.0,2.030758734809029,0.1199,0.0
2025-03-02 06:00:00,0.09589,472.34,0.0,1.9758610026041648,0.1199,0.0
2025-03-02 07:00:00,0.1026,483.3,0.0,2.0582082790798624,0.1199,0.0
2025-03-02 08:00:00,0.10311,483.3,1.65,2.204008300781252,0.1199,0.0
2025-03-02 09:00:00,0.089,483.3,13.1,2.312555664062502,0.1199,0.0
2025-03-02 10:00:00,0.0683,356.34,51.4,2.428961914062502,0.1199,0.1393183728212068
2025-03-02 11:00:00,0.049,356.34,92.6,2.494306152343752,0.1199,0.3156713979149646
2025-03-02 12:00:00,0.0275,356.34,122.0,2.552123535156252,0.1199,0.3365727942291428
2025-03-02 13:00:00,0.00313,275.31,140.0,2.582392089843752,0.1199,0.3787583520392341
2025-03-02 14:00:00,0.0028399999999999,275.31,142.0,2.582951171875002,0.1199,0.2992427686530443
2025-03-02 15:00:00,0.05073,275.31,135.0,2.543756835937502,0.1199,0.1582961972410471
2025-03-02 16:00:00,0.08043,284.29,115.0,2.432060058593752,0.1199,0.0
2025-03-02 17:00:00,0.12655,284.29,80.3,2.299250000000002,0.1199,0.0
2025-03-02 18:00:00,0.14309,284.29,28.8,2.208666503906252,0.1199,0.0
2025-03-02 19:00:00,0.1461,352.32,1.73,2.096969672309029,0.1199,0.0
2025-03-02 20:00:00,0.13298,352.32,0.0,2.0437212456597207,0.1199,0.0
2025-03-02 21:00:00,0.12,352.32,0.0,1.9948036024305569,0.1199,0.0
2025-03-02 22:00:00,0.12079,427.29,0.0,1.9584252929687511,0.1199,0.0
2025-03-02 23:00:00,0.11278,427.29,0.0,1.941652832031251,0.1199,0.0
2025-03-03 00:00:00,0.10801,427.29,0.0,1.9345713975694447,0.1199,0.0
2025-03-03 01:00:00,0.10369,470.35,0.0,1.9555091688368065,0.1199,0.0
2025-03-03 02:00:00,0.10279,470.35,0.0,1.957581651475696,0.1199,0.0
2025-03-03 03:00:00,0.0997,470.35,0.0,1.9362410481770844,0.1199,0.0
2025-03-03 04:00:00,0.10337,524.32,0.0,1.8831336805555563,0.1199,0.0
2025-03-03 05:00:00,0.1167,524.32,0.0,1.8642521158854173,0.1199,0.0
2025-03-03 06:00:00,0.13751,524.32,0.0,1.8867049153645843,0.1199,0.0
2025-03-03 07:00:00,0.163,563.33,0.0,2.0553016493055565,0.1199,0.0
2025-03-03 08:00:00,0.14752,563.33,1.7,2.321029785156252,0.1199,0.0
2025-03-03 09:00:00,0.10674,563.33,15.8,2.474005859375002,0.1199,0.03910653805563
2025-03-03 10:00:00,0.07239,411.5,56.9,2.584579589843752,0.1199,0.2309399231142341
2025-03-03 11:00:00,0.0064,411.5,96.4,2.670294921875002,0.1199,0.3658773368311379
2025-03-03 12:00:00,0.00033,411.5,124.0,2.722338378906252,0.1199,0.4295229624194536
2025-03-03 13:00:00,1e-05,287.33,140.0,2.746264160156252,0.1199,0.416973760901937
2025-03-03 14:00:00,0.0613999999999999,287.33,143.0,2.7436738281250017,0.1199,0.3313608905629894
2025-03-03 15:00:00,0.0841,287.33,137.0,2.705072753906252,0.1199,0.1865669213669829
2025-03-03 16:00:00,0.10636,254.33,119.0,2.588224609375002,0.1199,0.0
2025-03-03 17:00:00,0.14879,254.33,85.5,2.387396972656252,0.1199,0.0
2025-03-03 18:00:00,0.18395,254.33,33.4,2.343588378906252,0.1199,0.0
2025-03-03 19:00:00,0.17593,338.31,1.93,2.326376464843752,0.1199,0.0
2025-03-03 20:00:00,0.15049,338.31,0.0,2.192807128906252,0.1199,0.0
2025-03-03 21:00:00,0.12821,338.31,0.0,2.111747558593752,0.1199,0.0
2025-03-03 22:00:00,0.12493,423.32,0.0,2.056636284722224,0.1199,0.0
2025-03-03 23:00:00,0.12246,423.32,0.0,2.018591037326388,0.1199,0.0
2025-03-04 00:00:00,0.121,423.32,0.0,1.9956268988715289,0.1199,0.0
2025-03-04 01:00:00,0.10944,455.25,0.0,1.981666124131945,0.1199,0.0
2025-03-04 02:00:00,0.10379,455.25,0.0,1.9458873155381955,0.1199,0.0
2025-03-04 03:00:00,0.10482,455.25,0.0,1.94028293185764,0.1199,0.0
2025-03-04 04:00:00,0.10028,503.29,0.0,1.9533634440104173,0.1199,0.0
2025-03-04 05:00:00,0.11151,503.29,0.0,1.9494287109374984,0.1199,0.0
2025-03-04 06:00:00,0.14186,503.29,0.0,1.9584931098090288,0.1199,0.0
2025-03-04 07:00:00,0.16961,615.15,0.0,2.077778862847224,0.1199,0.0
2025-03-04 08:00:00,0.14195,615.15,1.75,2.420866210937502,0.1199,0.0
2025-03-04 09:00:00,0.11098,615.15,16.9,2.6165400390625018,0.1199,0.0354366122142749
2025-03-04 10:00:00,0.08002,439.48,48.6,2.762643554687497,0.1199,0.2441433681453011
2025-03-04 11:00:00,0.04858,439.48,85.9,2.868561523437502,0.1199,0.3860951497773209
2025-03-04 12:00:00,0.02053,439.48,117.0,2.9,0.1199,0.4466526384683473
2025-03-04 13:00:00,0.01434,270.11,135.0,2.9,0.1199,0.4369848570518887
2025-03-04 14:00:00,0.05231,270.11,140.0,2.9,0.1199,0.3594072835179697
2025-03-04 15:00:00,0.08129,270.11,137.0,2.824032714843752,0.1199,0.2080063146437802
2025-03-04 16:00:00,0.11115,208.25,118.0,2.690365722656252,0.1199,0.009719650319231
2025-03-04 17:00:00,0.14861,208.25,83.8,2.472577636718752,0.1199,0.0
2025-03-04 18:00:00,0.18092,208.25,33.3,2.298478515625002,0.1199,0.0
2025-03-04 19:00:00,0.1636699999999999,272.27,2.17,2.188354003906252,0.1199,0.0
2025-03-04 20:00:00,0.13413,272.27,0.0,2.154528320312502,0.1199,0.0
2025-03-04 21:00:00,0.11438,272.27,0.0,2.144369628906252,0.1199,0.0
2025-03-04 22:00:00,0.11441,326.27,0.0,2.109645507812502,0.1199,0.0
2025-03-04 23:00:00,0.10681,326.27,0.0,2.101701171875002,0.1199,0.0
2025-03-05 00:00:00,0.0900499999999999,326.27,0.0,2.0463484700520844,0.1199,0.0
2025-03-05 01:00:00,0.0830699999999999,404.29,0.0,1.9979462348090289,0.1199,0.0
2025-03-05 02:00:00,0.08301,404.29,0.0,1.9701874457465287,0.1199,0.0
2025-03-05 03:00:00,0.0797099999999999,404.29,0.0,1.9533078342013896,0.1199,0.0
2025-03-05 04:00:00,0.08163,437.19,0.0,1.9435706922743063,0.1199,0.0
2025-03-05 05:00:00,0.09194,437.19,0.0,1.940105251736112,0.1199,0.0
2025-03-05 06:00:00,0.1155699999999999,437.19,0.0,1.9915199110243067,0.1199,0.0
2025-03-05 07:00:00,0.14016,528.12,0.0,2.1675214843750017,0.1199,0.0
2025-03-05 08:00:00,0.08564,528.12,1.63,2.5732636718750017,0.1199,0.0
2025-03-05 09:00:00,0.04163,528.12,18.5,2.801542480468752,0.1199,0.0860848626753238
2025-03-05 10:00:00,2e-05,266.35,56.2,2.9,0.1199,0.2868510249712686
2025-03-05 11:00:00,-7.000000000000001e-05,266.35,96.4,2.9,0.1199,0.4255644362681386
2025-03-05 12:00:00,-0.00428,266.35,115.0,2.9,0.1199,0.4912479919209623
2025-03-05 13:00:00,-0.0037,170.18,127.0,2.9,0.1199,0.4795957202882401
2025-03-05 14:00:00,5e-05,170.18,131.0,2.9,0.1199,0.393477839415454
2025-03-05 15:00:00,0.0485,170.18,123.0,2.9,0.1199,0.2426220365922269
2025-03-05 16:00:00,0.08989,135.49,105.0,2.9,0.1199,0.0439674779447133
2025-03-05 17:00:00,0.13313,135.49,74.1,2.607877929687497,0.1199,0.0
2025-03-05 18:00:00,0.14623,135.49,28.7,2.424611328125002,0.1199,0.0
2025-03-05 19:00:00,0.14589,214.17,2.3,2.341962402343752,0.1199,0.0
2025-03-05 20:00:00,0.123,214.17,0.0,2.300207031250002,0.1199,0.0
2025-03-05 21:00:00,0.10812,214.17,0.0,2.2792597656250018,0.1199,0.0
2025-03-05 22:00:00,0.10912,266.33,0.0,2.265822265625002,0.1199,0.0
2025-03-05 23:00:00,0.09698,266.33,0.0,2.249105957031252,0.1199,0.0
2025-03-06 00:00:00,0.0839,266.33,0.0,2.228053710937502,0.1199,0.0
2025-03-06 01:00:00,0.08484,272.31,0.0,2.2031513671874974,0.1199,0.0
2025-03-06 02:00:00,0.087,272.31,0.0,2.1811982421874974,0.1199,0.0
2025-03-06 03:00:00,0.08812,272.31,0.0,2.165033691406252,0.1199,0.0
2025-03-06 04:00:00,0.09456,319.9,0.0,2.155446289062502,0.1199,0.0
2025-03-06 05:00:00,0.09591,319.9,0.0,2.149650390625002,0.1199,0.0
2025-03-06 06:00:00,0.13928,319.9,0.0,2.243437011718752,0.1199,0.0
2025-03-06 07:00:00,0.1513199999999999,365.59,0.0,2.495824707031252,0.1199,0.0
2025-03-06 08:00:00,0.1085,365.59,1.47,2.8033662109375017,0.1199,0.0
2025-03-06 09:00:00,0.0787,365.59,16.2,2.9,0.1199,0.1135903528429564
2025-03-06 10:00:00,0.05047,154.32,50.1,2.9,0.1199,0.3063019084560445
2025-03-06 11:00:00,0.0040199999999999,154.32,87.8,2.9,0.1199,0.4272710798468965
2025-03-06 12:00:00,8e-05,154.32,75.2,2.9,0.1199,0.4756617290989123
2025-03-06 13:00:00,2e-05,79.47,117.0,2.9,0.1199,0.475538976936845
2025-03-06 14:00:00,0.01316,79.47,127.0,2.9,0.1199,0.3849823256466606
2025-03-06 15:00:00,0.071,79.47,124.0,2.9,0.1199,0.2508359035716389
2025-03-06 16:00:00,0.11652,64.81,105.0,2.9,0.1199,0.0536761529938503
2025-03-06 17:00:00,0.14895,64.81,75.6,2.814550292968752,0.1199,0.0
2025-03-06 18:00:00,0.16536,64.81,31.2,2.7708369140625018,0.1199,0.0
2025-03-06 19:00:00,0.1490999999999999,136.53,2.67,2.722526367187497,0.1199,0.0
2025-03-06 20:00:00,0.12564,136.53,0.0,2.685451171875002,0.1199,0.0
2025-03-06 21:00:00,0.1066299999999999,136.53,0.0,2.650333984375002,0.1199,0.0
2025-03-06 22:00:00,0.10147,181.03,0.0,2.615099609375002,0.1199,0.0
2025-03-06 23:00:00,0.09111,181.03,0.0,2.577904785156252,0.1199,0.0
2025-03-07 00:00:00,0.0902699999999999,181.03,0.0,2.541542480468752,0.1199,0.0
2025-03-07 01:00:00,0.0902699999999999,220.31,0.0,2.502553222656252,0.1199,0.0
2025-03-07 02:00:00,0.0913799999999999,220.31,0.0,2.4626875000000017,0.1199,0.0
2025-03-07 03:00:00,0.09169,220.31,0.0,2.424533203125002,0.1199,0.0
2025-03-07 04:00:00,0.099,267.3,0.0,2.387018554687497,0.1199,0.0
2025-03-07 05:00:00,0.11517,267.3,0.0,2.3535029296874974,0.1199,0.0
2025-03-07 06:00:00,0.1356699999999999,267.3,0.0,2.396654785156252,0.1199,0.0
2025-03-07 07:00:00,0.1477,341.43,0.0,2.581688964843752,0.1199,0.0
2025-03-07 08:00:00,0.12223,341.43,1.57,2.824894531250002,0.1199,0.0
2025-03-07 09:00:00,0.083,341.43,13.1,2.9,0.1199,0.0979676953349787
2025-03-07 10:00:00,0.0653,171.88,43.4,2.9,0.1199,0.2836244752019906
2025-03-07 11:00:00,0.03181,171.88,79.5,2.9,0.1199,0.4080607627770554
2025-03-07 12:00:00,0.01279,171.88,95.7,2.9,0.1199,0.4745250468691861
2025-03-07 13:00:00,0.00808,73.96,123.0,2.9,0.1199,0.4512313278596138
2025-03-07 14:00:00,0.03706,73.96,124.0,2.9,0.1199,0.354588354597003
2025-03-07 15:00:00,0.09015,73.96,110.0,2.9,0.1199,0.2090077087735591
2025-03-07 16:00:00,0.12699,67.64,86.7,2.9,0.1199,0.02935404431543
2025-03-07 17:00:00,0.14991,67.64,36.2,2.816937988281252,0.1199,0.0
2025-03-07 18:00:00,0.21664,67.64,23.7,2.722416503906252,0.1199,0.0
2025-03-07 19:00:00,0.17868,140.82,2.13,2.588048828125002,0.1199,0.0
2025-03-07 20:00:00,0.1487,140.82,0.0,2.478861816406252,0.1199,0.0
2025-03-07 21:00:00,0.1324,140.82,0.0,2.402182128906252,0.1199,0.0
2025-03-07 22:00:00,0.11911,219.16,0.0,2.359289062500002,0.1199,0.0
2025-03-07 23:00:00,0.11183,219.16,0.0,2.3284541015625018,0.1199,0.0
2025-03-08 00:00:00,0.12497,219.16,0.0,2.305145996093752,0.1199,0.0
2025-03-08 01:00:00,0.11394,275.26,0.0,2.276669433593752,0.1199,0.0
2025-03-08 02:00:00,0.11722,275.26,0.0,2.239735839843752,0.1199,0.0
2025-03-08 03:00:00,0.11676,275.26,0.0,2.197079589843752,0.1199,0.0
2025-03-08 04:00:00,0.11842,333.34,0.0,2.1587958984375017,0.1199,0.0
2025-03-08 05:00:00,0.1212999999999999,333.34,0.0,2.130651367187497,0.1199,0.0
2025-03-08 06:00:00,0.12782,333.34,0.0,2.206957519531252,0.1199,0.0
2025-03-08 07:00:00,0.12059,277.18,0.0,2.484240234375002,0.1199,0.0
2025-03-08 08:00:00,0.09804,277.18,2.4,2.854198730468752,0.1199,0.0
2025-03-08 09:00:00,0.07254,277.18,18.1,2.9,0.1199,0.1319135863417759
2025-03-08 10:00:00,0.01805,145.08,53.0,2.9,0.1199,0.3201249370869037
2025-03-08 11:00:00,0.00207,145.08,89.0,2.9,0.1199,0.4424665823045961
2025-03-08 12:00:00,-0.00034,145.08,112.0,2.9,0.1199,0.5091201999979614
2025-03-08 13:00:00,-0.0001,73.71,119.0,2.9,0.1199,0.4941750173409782
2025-03-08 14:00:00,7.000000000000001e-05,73.71,131.0,2.9,0.1199,0.4051352630660126
2025-03-08 15:00:00,0.0562,73.71,124.0,2.9,0.1199,0.25229183229335
2025-03-08 16:00:00,0.10086,75.41,105.0,2.9,0.1199,0.0590751677065876
2025-03-08 17:00:00,0.14558,75.41,74.2,2.831400878906252,0.1199,0.0
2025-03-08 18:00:00,0.17405,75.41,29.1,2.787331054687497,0.1199,0.0
2025-03-08 19:00:00,0.14003,135.94,2.3,2.673473632812502,0.1199,0.0
2025-03-08 20:00:00,0.1112099999999999,135.94,0.0,2.568434570312502,0.1199,0.0
2025-03-08 21:00:00,0.1,135.94,0.0,2.483520019531252,0.1199,0.0
2025-03-08 22:00:00,0.09924,198.83,0.0,2.4202509765625018,0.1199,0.0
2025-03-08 23:00:00,0.09794,198.83,0.0,2.372123535156252,0.1199,0.0
2025-03-09 00:00:00,0.09519,198.83,0.0,2.329965332031252,0.1199,0.0
2025-03-09 01:00:00,0.09481,236.23,0.0,2.288810546875002,0.1199,0.0
2025-03-09 02:00:00,0.09444,236.23,0.0,2.251056640625002,0.1199,0.0
2025-03-09 03:00:00,0.09651,236.23,0.0,2.220333984375002,0.1199,0.0
2025-03-09 04:00:00,0.09867,255.36,0.0,2.194423339843752,0.1199,0.0
2025-03-09 05:00:00,0.10151,255.36,0.0,2.168114746093752,0.1199,0.0
2025-03-09 06:00:00,0.1,255.36,0.0,2.222064941406252,0.1199,0.0
2025-03-09 07:00:00,0.09301,235.13,0.0,2.515663574218752,0.1199,0.0
2025-03-09 08:00:00,0.0654,235.13,2.5,2.851952636718752,0.1199,0.0
2025-03-09 09:00:00,0.02927,235.13,17.9,2.9,0.1199,0.1389003697060127
2025-03-09 10:00:00,0.0101,131.66,50.7,2.9,0.1199,0.3274798298748415
2025-03-09 11:00:00,3e-05,131.66,86.0,2.9,0.1199,0.4575223967162404
2025-03-09 12:00:00,-0.00226,131.66,113.0,2.9,0.1199,0.5174055248891085
2025-03-09 13:00:00,-0.00204,75.88,126.0,2.9,0.1199,0.5018740183680707
2025-03-09 14:00:00,8.999999999999999e-05,75.88,127.0,2.9,0.1199,0.4149112320342392
2025-03-09 15:00:00,0.01739,75.88,117.0,2.9,0.1199,0.2652580632672507
2025-03-09 16:00:00,0.09056,83.71,95.8,2.9,0.1199,0.0700340143134922
2025-03-09 17:00:00,0.12574,83.71,61.4,2.863354003906252,0.1199,0.0
2025-03-09 18:00:00,0.13537,83.71,30.7,2.728329589843752,0.1199,0.0
2025-03-09 19:00:00,0.1367,151.06,2.73,2.595229003906252,0.1199,0.0
2025-03-09 20:00:00,0.1301999999999999,151.06,0.0,2.5063691406250017,0.1199,0.0
2025-03-09 21:00:00,0.1227,151.06,0.0,2.440170410156252,0.1199,0.0
2025-03-09 22:00:00,0.1128,196.62,0.0,2.438698242187497,0.1199,0.0
2025-03-09 23:00:00,0.10683,196.62,0.0,2.4391718750000018,0.1199,0.0
2025-03-10 00:00:00,0.09683,196.62,0.0,2.439506347656252,0.1199,0.0
2025-03-10 01:00:00,0.09492,280.84,0.0,2.483544433593752,0.1199,0.0
2025-03-10 02:00:00,0.0967,280.84,0.0,2.519188964843752,0.1199,0.0
2025-03-10 03:00:00,0.09687,280.84,0.0,2.5074238281250016,0.1199,0.0
2025-03-10 04:00:00,0.09465,371.81,0.0,2.452709472656252,0.1199,0.0
2025-03-10 05:00:00,0.10637,371.81,0.0,2.404181640625002,0.1199,0.0
2025-03-10 06:00:00,0.14849,371.81,0.0,2.383634765625002,0.1199,0.0
2025-03-10 07:00:00,0.15975,427.15,0.0,2.5433125000000016,0.1199,0.0
2025-03-10 08:00:00,0.13396,427.15,2.47,2.809203613281252,0.1199,0.0
2025-03-10 09:00:00,0.09888,427.15,19.0,2.9,0.1199,0.1254025931729507
2025-03-10 10:00:00,0.08438,219.08,52.7,2.9,0.1199,0.3182477947711145
2025-03-10 11:00:00,0.0778799999999999,219.08,89.6,2.9,0.1199,0.4447045117914942
2025-03-10 12:00:00,0.0760199999999999,219.08,113.0,2.9,0.1199,0.5200378927111186
2025-03-10 13:00:00,0.07732,101.56,131.0,2.9,0.1199,0.5120852623948927
2025-03-10 14:00:00,0.08391,101.56,135.0,2.9,0.1199,0.4287115187028847
2025-03-10 15:00:00,0.09747,101.56,127.0,2.9,0.1199,0.2731594151292009
2025-03-10 16:00:00,0.12747,82.78,110.0,2.9,0.1199,0.0702340570021335
2025-03-10 17:00:00,0.14797,82.78,75.3,2.849857910156252,0.1199,0.0
2025-03-10 18:00:00,0.17492,82.78,28.2,2.680978515625002,0.1199,0.0
2025-03-10 19:00:00,0.16024,151.47,4.5,2.568249023437502,0.1199,0.0
2025-03-10 20:00:00,0.14214,151.47,0.0,2.514389160156252,0.1199,0.0
2025-03-10 21:00:00,0.12659,151.47,0.0,2.462221191406252,0.1199,0.0
2025-03-10 22:00:00,0.1068799999999999,221.17,0.0,2.377204101562502,0.1199,0.0
2025-03-10 23:00:00,0.09797,221.17,0.0,2.320517089843752,0.1199,0.0
2025-03-11 00:00:00,0.10439,221.17,0.0,2.309965332031252,0.1199,0.0
2025-03-11 01:00:00,0.1018,271.38,0.0,2.284423339843752,0.1199,0.0
2025-03-11 02:00:00,0.09973,271.38,0.0,2.2597871093750017,0.1199,0.0
2025-03-11 03:00:00,0.1005,271.38,0.0,2.254037597656252,0.1199,0.0
2025-03-11 04:00:00,0.10253,326.93,0.0,2.229206054687497,0.1199,0.0
2025-03-11 05:00:00,0.11086,326.93,0.0,2.248805664062502,0.1199,0.0
2025-03-11 06:00:00,0.14804,326.93,0.0,2.2715253906250017,0.1199,0.0
2025-03-11 07:00:00,0.1529799999999999,458.13,0.0,2.3301386718750017,0.1199,0.0
2025-03-11 08:00:00,0.14649,458.13,2.23,2.370011718750002,0.1199,0.0
2025-03-11 09:00:00,0.12853,458.13,10.1,2.412089355468752,0.1199,0.0
2025-03-11 10:00:00,0.102,479.14,36.8,2.459538085937502,0.1199,0.0
2025-03-11 11:00:00,0.09748,479.14,10.8,2.503954589843752,0.1199,0.0
2025-03-11 12:00:00,0.09644,479.14,14.1,2.542035644531252,0.1199,0.0
2025-03-11 13:00:00,0.09838,410.16,15.6,2.547724121093752,0.1199,0.0647791471789997
2025-03-11 14:00:00,0.10235,410.16,21.8,2.517284667968752,0.1199,0.0
2025-03-11 15:00:00,0.11284,410.16,10.0,2.480741699218752,0.1199,0.0
2025-03-11 16:00:00,0.13286,331.15,7.78,2.444369628906252,0.1199,0.0
2025-03-11 17:00:00,0.17195,331.15,4.0,2.405873535156252,0.1199,0.0
2025-03-11 18:00:00,0.20502,331.15,3.0,2.3636250000000016,0.1199,0.0
2025-03-11 19:00:00,0.18095,311.28,0.75,2.3477167968750017,0.1199,0.0
2025-03-11 20:00:00,0.14943,311.28,0.0,2.313207519531252,0.1199,0.0
2025-03-11 21:00:00,0.133,311.28,0.0,2.275243652343752,0.1199,0.0
2025-03-11 22:00:00,0.12125,342.32,0.0,2.227885253906252,0.1199,0.0
2025-03-11 23:00:00,0.10734,342.32,0.0,2.1806660156250017,0.1199,0.0
2025-03-12 00:00:00,0.10173,342.32,0.0,2.1062031250000017,0.1199,0.0
2025-03-12 01:00:00,0.10009,406.25,0.0,2.06795627170139,0.1199,0.0
2025-03-12 02:00:00,0.09779,406.25,0.0,2.037251519097224,0.1199,0.0
2025-03-12 03:00:00,0.09738,406.25,0.0,2.0149343532986124,0.1199,0.0
2025-03-12 04:00:00,0.1018,460.74,0.0,1.9982215711805569,0.1199,0.0
2025-03-12 05:00:00,0.11031,460.74,0.0,1.990875651041668,0.1199,0.0
2025-03-12 06:00:00,0.14454,460.74,0.0,2.0525767686631955,0.1199,0.0
2025-03-12 07:00:00,0.1616399999999999,540.15,0.0,2.130421875000002,0.1199,0.0
2025-03-12 08:00:00,0.14841,540.15,2.53,2.239823730468752,0.1199,0.0
2025-03-12 09:00:00,0.125,540.15,23.1,2.346845214843752,0.1199,0.0
2025-03-12 10:00:00,0.10262,432.14,41.5,2.405385253906252,0.1199,0.1142322210062576
2025-03-12 11:00:00,0.09969,432.14,39.0,2.454025390625002,0.1199,0.0297816667950592
2025-03-12 12:00:00,0.0980699999999999,432.14,38.8,2.480333984375002,0.1199,0.0411570233868995
2025-03-12 13:00:00,0.09991,385.15,61.8,2.510341308593752,0.1199,0.0152026956594382
2025-03-12 14:00:00,0.10165,385.15,65.0,2.500656250000002,0.1199,0.0555429045353607
2025-03-12 15:00:00,0.11774,385.15,70.2,2.4824873046874973,0.1199,0.0
2025-03-12 16:00:00,0.1421,307.21,113.0,2.445966308593752,0.1199,0.0
2025-03-12 17:00:00,0.15703,307.21,18.9,2.355724609375002,0.1199,0.0
2025-03-12 18:00:00,0.19975,307.21,3.73,2.222440917968752,0.1199,0.0
2025-03-12 19:00:00,0.17949,335.29,0.85,2.121232421875002,0.1199,0.0
2025-03-12 20:00:00,0.14805,335.29,0.0,2.070588921440973,0.1199,0.0
2025-03-12 21:00:00,0.1321999999999999,335.29,0.0,2.0592607964409733,0.1199,0.0
2025-03-12 22:00:00,0.12,354.3,0.0,2.0272444661458344,0.1199,0.0
2025-03-12 23:00:00,0.10991,354.3,0.0,2.017444932725696,0.1199,0.0
2025-03-13 00:00:00,0.1085199999999999,354.3,0.0,1.9901649305555569,0.1199,0.0
2025-03-13 01:00:00,0.10225,393.25,0.0,1.9764021809895844,0.1199,0.0
2025-03-13 02:00:00,0.09898,393.25,0.0,1.972125651041668,0.1199,0.0
2025-03-13 03:00:00,0.0967099999999999,393.25,0.0,1.9722639973958345,0.1199,0.0
2025-03-13 04:00:00,0.0983499999999999,434.67,0.0,1.9625526258680568,0.1199,0.0
2025-03-13 05:00:00,0.10588,434.67,0.0,1.9646685112847235,0.1199,0.0
2025-03-13 06:00:00,0.13299,434.67,0.0,1.99190646701389,0.1199,0.0
2025-03-13 07:00:00,0.15987,605.1,0.0,2.1075458984375017,0.1199,0.0
2025-03-13 08:00:00,0.15803,605.1,1.33,2.217245605468752,0.1199,0.0
2025-03-13 09:00:00,0.1481299999999999,605.1,10.7,2.327687500000002,0.1199,0.0
2025-03-13 10:00:00,0.1237699999999999,521.08,23.4,2.391063964843752,0.1199,0.178064294744584
2025-03-13 11:00:00,0.1107,521.08,43.7,2.441166503906252,0.1199,0.1724616549998397
2025-03-13 12:00:00,0.11001,521.08,120.0,2.482899902343752,0.1199,0.2089991472090148
2025-03-13 13:00:00,0.10822,429.13,101.0,2.4840693359375017,0.1199,0.2038019711409021
2025-03-13 14:00:00,0.10754,429.13,85.1,2.461193359375002,0.1199,0.0679439530526562
2025-03-13 15:00:00,0.1099899999999999,429.13,47.1,2.439286621093752,0.1199,0.0
2025-03-13 16:00:00,0.12147,344.95,44.8,2.382489746093752,0.1199,0.0
2025-03-13 17:00:00,0.14265,344.95,41.9,2.290731933593752,0.1199,0.0
2025-03-13 18:00:00,0.16605,344.95,23.5,2.205482910156252,0.1199,0.0
2025-03-13 19:00:00,0.1734699999999999,367.33,6.78,2.107814453125002,0.1199,0.0
2025-03-13 20:00:00,0.149,367.33,0.0,2.069608289930557,0.1199,0.0
2025-03-13 21:00:00,0.13569,367.33,0.0,2.0411971028645843,0.1199,0.0
2025-03-13 22:00:00,0.12348,418.29,0.0,2.027107476128473,0.1199,0.0
2025-03-13 23:00:00,0.11163,418.29,0.0,2.0071394856770843,0.1199,0.0
2025-03-14 00:00:00,0.10909,418.29,0.0,1.986707628038196,0.1199,0.0
2025-03-14 01:00:00,0.106,431.29,0.0,1.96206027560764,0.1199,0.0
2025-03-14 02:00:00,0.1059,431.29,0.0,1.9603499348958344,0.1199,0.0
2025-03-14 03:00:00,0.1038299999999999,431.29,0.0,1.9651703559027789,0.1199,0.0
2025-03-14 04:00:00,0.1052999999999999,451.11,0.0,1.99853488498264,0.1199,0.0
2025-03-14 05:00:00,0.11399,451.11,0.0,2.01008273654514,0.1199,0.0
2025-03-14 06:00:00,0.14302,451.11,0.0,2.0131480577256955,0.1199,0.0
2025-03-14 07:00:00,0.15511,575.11,0.0,2.049553493923612,0.1199,0.0
2025-03-14 08:00:00,0.155,575.11,2.68,2.101127441406252,0.1199,0.0
2025-03-14 09:00:00,0.13209,575.11,15.1,2.2139326171874973,0.1199,0.0
2025-03-14 10:00:00,0.112,504.11,28.8,2.289137695312502,0.1199,0.1015206369726403
2025-03-14 11:00:00,0.10635,504.11,45.9,2.342047851562502,0.1199,0.184095135307729
2025-03-14 12:00:00,0.1045,504.11,114.0,2.3539667968750018,0.1199,0.2371578208426294
2025-03-14 13:00:00,0.10459,454.11,84.3,2.382003906250002,0.1199,0.1686600267929942
2025-03-14 14:00:00,0.10538,454.11,56.2,2.386754882812502,0.1199,0.1337558271894539
2025-03-14 15:00:00,0.10939,454.11,44.9,2.351459472656252,0.1199,0.0805953525539626
2025-03-14 16:00:00,0.12484,360.23,21.5,2.298710449218752,0.1199,0.0
2025-03-14 17:00:00,0.14644,360.23,14.6,2.200353515625002,0.1199,0.0
2025-03-14 18:00:00,0.15533,360.23,8.57,2.1410322265625017,0.1199,0.0
2025-03-14 19:00:00,0.15091,367.31,2.4,2.083113335503473,0.1199,0.0
2025-03-14 20:00:00,0.13001,367.31,0.0,2.0597490776909733,0.1199,0.0
2025-03-14 21:00:00,0.11139,367.31,0.0,2.0502547200520844,0.1199,0.0
2025-03-14 22:00:00,0.114,395.28,0.0,2.018817545572918,0.1199,0.0
2025-03-14 23:00:00,0.10517,395.28,0.0,1.993397081163196,0.1199,0.0
2025-03-15 00:00:00,0.11215,395.28,0.0,1.967147894965279,0.1199,0.0
2025-03-15 01:00:00,0.10314,424.37,0.0,1.9495141601562511,0.1199,0.0
2025-03-15 02:00:00,0.096,424.37,0.0,1.9289765082465289,0.1199,0.0
2025-03-15 03:00:00,0.0899,424.37,0.0,1.9263994683159733,0.1199,0.0
2025-03-15 04:00:00,0.0869,456.32,0.0,1.9345890299479176,0.1199,0.0
2025-03-15 05:00:00,0.0905499999999999,456.32,0.0,1.953948025173612,0.1199,0.0
2025-03-15 06:00:00,0.09701,456.32,0.0,2.000136718750001,0.1199,0.0
2025-03-15 07:00:00,0.09942,467.26,0.0,2.0733232964409734,0.1199,0.0
2025-03-15 08:00:00,0.09877,467.26,4.0,2.171364257812502,0.1199,0.0
2025-03-15 09:00:00,0.0864,467.26,10.8,2.305478027343752,0.1199,0.0287216938474247
2025-03-15 10:00:00,0.07239,335.22,21.0,2.404210937500002,0.1199,0.2131739535855963
2025-03-15 11:00:00,0.06716,335.22,55.6,2.4714521484375016,0.1199,0.314653941754531
2025-03-15 12:00:00,0.05732,335.22,127.0,2.496779296875002,0.1199,0.2778037829595207
2025-03-15 13:00:00,0.048,283.98,156.0,2.509833496093752,0.1199,0.1855705490634464
2025-03-15 14:00:00,0.0545099999999999,283.98,159.0,2.493625000000002,0.1199,0.101304217317501
2025-03-15 15:00:00,0.0708,283.98,120.0,2.457138183593752,0.1199,0.0
2025-03-15 16:00:00,0.08424,318.22,127.0,2.407892578125002,0.1199,0.0
2025-03-15 17:00:00,0.1219099999999999,318.22,89.1,2.332353027343752,0.1199,0.0
2025-03-15 18:00:00,0.1303,318.22,36.0,2.248019531250002,0.1199,0.0
2025-03-15 19:00:00,0.13296,370.29,5.0,2.2391767578125017,0.1199,0.0
2025-03-15 20:00:00,0.12146,370.29,0.0,2.242377441406252,0.1199,0.0
2025-03-15 21:00:00,0.1085,370.29,0.0,2.213678710937502,0.1199,0.0
2025-03-15 22:00:00,0.10502,376.29,0.0,2.163742187500002,0.1199,0.0
2025-03-15 23:00:00,0.09525,376.29,0.0,2.111771972656252,0.1199,0.0
2025-03-16 00:00:00,0.09001,376.29,0.0,2.0871145290798623,0.1199,0.0
2025-03-16 01:00:00,0.08579,381.3,0.0,2.069859212239584,0.1199,0.0
2025-03-16 02:00:00,0.07962,381.3,0.0,2.048651529947918,0.1199,0.0
2025-03-16 03:00:00,0.07818,381.3,0.0,2.028432617187501,0.1199,0.0
2025-03-16 04:00:00,0.0785999999999999,456.32,0.0,2.001764322916668,0.1199,0.0
2025-03-16 05:00:00,0.08051,456.32,0.0,1.980408799913196,0.1199,0.0
2025-03-16 06:00:00,0.08514,456.32,0.0,2.006997070312501,0.1199,0.0
2025-03-16 07:00:00,0.0820699999999999,427.31,0.0,2.092386610243057,0.1199,0.0
2025-03-16 08:00:00,0.07795,427.31,4.85,2.221420410156252,0.1199,0.0
2025-03-16 09:00:00,0.0569,427.31,27.8,2.3634248046874973,0.1199,0.0964731533959537
2025-03-16 10:00:00,0.02409,311.98,65.3,2.4887519531250017,0.1199,0.2908652604674329
2025-03-16 11:00:00,0.0029,311.98,106.0,2.564711425781252,0.1199,0.4304453218666247
2025-03-16 12:00:00,0.00101,311.98,135.0,2.569545410156252,0.1199,0.4553895488171303
2025-03-16 13:00:00,0.00019,250.64,152.0,2.557807128906252,0.1199,0.2308612501821033
2025-03-16 14:00:00,0.0025299999999999,250.64,157.0,2.551190917968752,0.1199,0.10820815939034
2025-03-16 15:00:00,0.031,250.64,144.0,2.505910156250002,0.1199,0.1355885473665465
2025-03-16 16:00:00,0.0711099999999999,270.85,128.0,2.430255859375002,0.1199,0.0
2025-03-16 17:00:00,0.11681,270.85,92.5,2.301947753906252,0.1199,0.0
2025-03-16 18:00:00,0.13084,270.85,46.5,2.228734863281252,0.1199,0.0
2025-03-16 19:00:00,0.14,348.32,6.8,2.147748535156252,0.1199,0.0
2025-03-16 20:00:00,0.12528,348.32,0.0,2.081038140190973,0.1199,0.0
2025-03-16 21:00:00,0.10773,348.32,0.0,2.0334347873263874,0.1199,0.0
2025-03-16 22:00:00,0.1008,420.31,0.0,1.9994544813368067,0.1199,0.0
2025-03-16 23:00:00,0.0797099999999999,420.31,0.0,2.0174598524305565,0.1199,0.0
2025-03-17 00:00:00,0.0780999999999999,420.31,0.0,2.044455023871529,0.1199,0.0
2025-03-17 01:00:00,0.07901,420.29,0.0,2.042127549913196,0.1199,0.0
2025-03-17 02:00:00,0.07879,420.29,0.0,2.0379798719618067,0.1199,0.0
2025-03-17 03:00:00,0.08091,420.29,0.0,2.019636773003473,0.1199,0.0
2025-03-17 04:00:00,0.08585,414.63,0.0,2.0293617078993065,0.1199,0.0
2025-03-17 05:00:00,0.1033,414.63,0.0,2.0538191731770845,0.1199,0.0
2025-03-17 06:00:00,0.13518,414.63,0.0,2.075368652343751,0.1199,0.0
2025-03-17 07:00:00,0.15287,517.09,0.0,2.203727539062502,0.1199,0.0
2025-03-17 08:00:00,0.13524,517.09,1.13,2.314843261718752,0.1199,0.0
2025-03-17 09:00:00,0.10073,517.09,3.25,2.385770996093752,0.1199,0.0
2025-03-17 10:00:00,0.0682099999999999,442.11,17.2,2.469682128906252,0.1199,0.0
2025-03-17 11:00:00,0.05056,442.11,81.4,2.492147949218752,0.1199,0.1237856864389628
2025-03-17 12:00:00,0.03117,442.11,57.2,2.505917480468752,0.1199,0.0287482104132016
2025-03-17 13:00:00,0.02795,350.12,52.9,2.522138183593752,0.1199,0.0437964192803772
2025-03-17 14:00:00,0.05014,350.12,78.8,2.537694824218752,0.1199,0.1174244175616325
2025-03-17 15:00:00,0.07001,350.12,129.0,2.512689941406252,0.1199,0.1764634819199922
2025-03-17 16:00:00,0.09855,272.53,80.5,2.433153808593752,0.1199,0.0463826961201183
2025-03-17 17:00:00,0.14305,272.53,96.8,2.294750488281252,0.1199,0.0
2025-03-17 18:00:00,0.17733,272.53,52.1,2.254367187500002,0.1199,0.0
2025-03-17 19:00:00,0.17,340.27,8.0,2.183505371093752,0.1199,0.0
2025-03-17 20:00:00,0.1415,340.27,0.0,2.126403320312502,0.1199,0.0
2025-03-17 21:00:00,0.11885,340.27,0.0,2.086292588975696,0.1199,0.0
2025-03-17 22:00:00,0.10786,388.28,0.0,2.0588145616319453,0.1199,0.0
2025-03-17 23:00:00,0.0935,388.28,0.0,2.033749457465279,0.1199,0.0
2025-03-18 00:00:00,0.0922,388.28,0.0,2.0103106011284733,0.1199,0.0
2025-03-18 01:00:00,0.08999,427.26,0.0,1.9915158420138896,0.1199,0.0
2025-03-18 02:00:00,0.09237,427.26,0.0,1.9759166124131955,0.1199,0.0
2025-03-18 03:00:00,0.0892,427.26,0.0,1.9634559461805567,0.1199,0.0
2025-03-18 04:00:00,0.09525,493.81,0.0,1.9554630533854176,0.1199,0.0
2025-03-18 05:00:00,0.1107399999999999,493.81,0.0,1.9524858940972232,0.1199,0.0
2025-03-18 06:00:00,0.1389,493.81,0.0,1.9998125542534733,0.1199,0.0
2025-03-18 07:00:00,0.13668,594.12,0.1,2.078522135416668,0.1199,0.0
2025-03-18 08:00:00,0.1065199999999999,594.12,4.1,2.199105957031252,0.1199,0.0
2025-03-18 09:00:00,0.07153,594.12,30.9,2.322450683593752,0.1199,0.1609829388246078
2025-03-18 10:00:00,0.02527,449.07,75.2,2.435841796875002,0.1199,0.3504982491642835
2025-03-18 11:00:00,0.00068,449.07,117.0,2.528895996093752,0.1199,0.4823066677759954
2025-03-18 12:00:00,-0.00146,449.07,146.0,2.599740722656252,0.1199,0.5437771948236184
2025-03-18 13:00:00,-0.0003,318.02,159.0,2.6403193359375017,0.1199,0.530081515074815
2025-03-18 14:00:00,0.0057199999999999,318.02,162.0,2.648129394531252,0.1199,0.4423763269240229
2025-03-18 15:00:00,0.05028,318.02,154.0,2.612143066406252,0.1199,0.28931479385442
2025-03-18 16:00:00,0.09594,253.62,135.0,2.506828125000002,0.1199,0.0862050447618032
2025-03-18 17:00:00,0.1409,253.62,103.0,2.367853515625002,0.1199,0.0
2025-03-18 18:00:00,0.17091,253.62,55.2,2.335463378906252,0.1199,0.0
2025-03-18 19:00:00,0.16746,289.22,9.2,2.274110839843752,0.1199,0.0
2025-03-18 20:00:00,0.14239,289.22,0.0,2.219198730468752,0.1199,0.0
2025-03-18 21:00:00,0.12304,289.22,0.0,2.165880859375002,0.1199,0.0
2025-03-18 22:00:00,0.11597,357.31,0.0,2.115392578125002,0.1199,0.0
2025-03-18 23:00:00,0.10329,357.31,0.0,2.0859141710069453,0.1199,0.0
2025-03-19 00:00:00,0.10729,357.31,0.0,2.064397243923612,0.1199,0.0
2025-03-19 01:00:00,0.1024,367.26,0.0,2.041684027777779,0.1199,0.0
2025-03-19 02:00:00,0.10119,367.26,0.0,2.019903971354168,0.1199,0.0
2025-03-19 03:00:00,0.102,367.26,0.0,2.002145453559029,0.1199,0.0
2025-03-19 04:00:00,0.10659,416.64,0.0,1.99479953342014,0.1199,0.0
2025-03-19 05:00:00,0.1225199999999999,416.64,0.0,1.99781467013889,0.1199,0.0
2025-03-19 06:00:00,0.15805,416.64,0.0,2.0966780598958343,0.1199,0.0
2025-03-19 07:00:00,0.14774,478.11,0.1,2.387675292968752,0.1199,0.0
2025-03-19 08:00:00,0.10823,478.11,4.65,2.6450605468750017,0.1199,0.0
2025-03-19 09:00:00,0.0795,478.11,29.7,2.841623046875002,0.1199,0.2066113924320439
2025-03-19 10:00:00,0.02652,241.07,71.7,2.9,0.1199,0.3984498401103827
2025-03-19 11:00:00,-4e-05,241.07,111.0,2.9,0.1199,0.529622640154467
2025-03-19 12:00:00,-0.00056,241.07,136.0,2.9,0.1199,0.5895088845233788
2025-03-19 13:00:00,-0.00025,133.7,147.0,2.9,0.1199,0.5748602536876719
2025-03-19 14:00:00,0.00099,133.7,144.0,2.9,0.1199,0.4876519141235594
2025-03-19 15:00:00,0.06673,133.7,135.0,2.9,0.1199,0.3368351078929786
2025-03-19 16:00:00,0.1098499999999999,99.51,118.0,2.9,0.1199,0.1379078047119816
2025-03-19 17:00:00,0.14756,99.51,88.6,2.799247558593752,0.1199,0.0
2025-03-19 18:00:00,0.24818,99.51,45.2,2.710231445312502,0.1199,0.0
2025-03-19 19:00:00,0.2203,161.47,7.63,2.610050781250002,0.1199,0.0
2025-03-19 20:00:00,0.17668,161.47,0.0,2.542790039062502,0.1199,0.0
2025-03-19 21:00:00,0.13824,161.47,0.0,2.4893183593750017,0.1199,0.0
2025-03-19 22:00:00,0.12445,205.12,0.0,2.449174316406252,0.1199,0.0
2025-03-19 23:00:00,0.11114,205.12,0.0,2.419892089843752,0.1199,0.0
2025-03-20 00:00:00,0.11717,205.12,0.0,2.390575683593752,0.1199,0.0
2025-03-20 01:00:00,0.10286,239.17,0.0,2.366635253906252,0.1199,0.0
2025-03-20 02:00:00,0.09956,239.17,0.0,2.342768066406252,0.1199,0.0
2025-03-20 03:00:00,0.10008,239.17,0.0,2.316320312500002,0.1199,0.0
2025-03-20 04:00:00,0.10283,340.17,0.0,2.284013183593752,0.1199,0.0
2025-03-20 05:00:00,0.1197,340.17,0.0,2.262494628906252,0.1199,0.0
2025-03-20 06:00:00,0.14484,340.17,0.0,2.4026923828125017,0.1199,0.0
2025-03-20 07:00:00,0.14121,418.1,0.5,2.675111816406252,0.1199,0.0
2025-03-20 08:00:00,0.09987,418.1,7.15,2.8844550781250016,0.1199,0.0
2025-03-20 09:00:00,0.07945,418.1,27.3,2.9,0.1199,0.1945922172289572
2025-03-20 10:00:00,0.0375099999999999,174.79,67.5,2.9,0.1199,0.391956388446635
2025-03-20 11:00:00,0.00342,174.79,103.0,2.9,0.1199,0.4896379765131269
2025-03-20 12:00:00,0.00043,174.79,126.0,2.9,0.1199,0.5539301503555416
2025-03-20 13:00:00,0.00065,95.08,137.0,2.9,0.1199,0.5038265937444257
2025-03-20 14:00:00,0.0166,95.08,140.0,2.9,0.1199,0.3891885653358787
2025-03-20 15:00:00,0.07942,95.08,136.0,2.9,0.1199,0.1915073960171349
2025-03-20 16:00:00,0.12076,72.82,120.0,2.9,0.1199,0.0183518136185478
2025-03-20 17:00:00,0.15514,72.82,91.2,2.9,0.1199,0.0
2025-03-20 18:00:00,0.28007,72.82,42.4,2.880678222656252,0.1199,0.0
2025-03-20 19:00:00,0.25385,129.62,9.0,2.717841308593752,0.1199,0.0
2025-03-20 20:00:00,0.164,129.62,0.0,2.590446289062502,0.1199,0.0
2025-03-20 21:00:00,0.13682,129.62,0.0,2.493227050781252,0.1199,0.0
2025-03-20 22:00:00,0.12503,184.97,0.0,2.429052246093752,0.1199,0.0
2025-03-20 23:00:00,0.11791,184.97,0.0,2.381479003906252,0.1199,0.0
2025-03-21 00:00:00,0.12507,184.97,0.0,2.349784667968752,0.1199,0.0
2025-03-21 01:00:00,0.11641,253.24,0.0,2.335763671875002,0.1199,0.0
2025-03-21 02:00:00,0.1127399999999999,253.24,0.0,2.3413300781250017,0.1199,0.0
2025-03-21 03:00:00,0.10581,253.24,0.0,2.3547773437500017,0.1199,0.0
2025-03-21 04:00:00,0.1090999999999999,250.98,0.0,2.372228515625002,0.1199,0.0
2025-03-21 05:00:00,0.12749,250.98,0.0,2.385385253906252,0.1199,0.0
2025-03-21 06:00:00,0.156,250.98,0.0,2.561183593750002,0.1199,0.0
2025-03-21 07:00:00,0.14827,249.63,0.2,2.851454589843752,0.1199,0.0
2025-03-21 08:00:00,0.11073,249.63,5.4,2.9,0.1199,0.0293539521640543
2025-03-21 09:00:00,0.07331,249.63,29.8,2.9,0.1199,0.2592914359361221
2025-03-21 10:00:00,0.04325,92.6,66.0,2.9,0.1199,0.4440863702871847
2025-03-21 11:00:00,0.00735,92.6,102.0,2.9,0.1199,0.5692640314126995
2025-03-21 12:00:00,0.00081,92.6,127.0,2.9,0.1199,0.6208990879323129
2025-03-21 13:00:00,0.0,30.49,139.0,2.9,0.1199,0.5915100803939869
2025-03-21 14:00:00,0.00249,30.49,132.0,2.9,0.1199,0.4787081168371751
2025-03-21 15:00:00,0.01236,30.49,115.0,2.9,0.1199,0.3432737443475903
2025-03-21 16:00:00,0.04622,35.12,96.3,2.9,0.1199,0.1545611601548813
2025-03-21 17:00:00,0.10024,35.12,71.8,2.9,0.1199,0.0
2025-03-21 18:00:00,0.12065,35.12,20.4,2.9,0.1199,0.0
2025-03-21 19:00:00,0.0835,57.3,4.77,2.9,0.1199,0.0
2025-03-21 20:00:00,0.07,57.3,0.0,2.9,0.1199,0.0
2025-03-21 21:00:00,0.0471899999999999,57.3,0.0,2.9,0.1199,0.0
2025-03-21 22:00:00,0.0271299999999999,68.59,0.0,2.9,0.1199,0.0
2025-03-21 23:00:00,0.0184499999999999,68.59,0.0,2.9,0.1199,0.0
2025-03-22 00:00:00,0.02693,68.59,0.0,2.9,0.1199,0.0
2025-03-22 01:00:00,0.01257,81.1,0.0,2.9,0.1199,0.0
2025-03-22 02:00:00,0.00907,81.1,0.0,2.9,0.1199,0.0
2025-03-22 03:00:00,0.00688,81.1,0.0,2.858063476562502,0.1199,0.0
2025-03-22 04:00:00,0.0101199999999999,111.2,0.0,2.777453125000002,0.1199,0.0
2025-03-22 05:00:00,0.01295,111.2,0.0,2.715658691406252,0.1199,0.0
2025-03-22 06:00:00,0.0130099999999999,111.2,0.0,2.775194824218752,0.1199,0.0
2025-03-22 07:00:00,0.01304,118.66,0.55,2.864501464843752,0.1199,0.0
2025-03-22 08:00:00,0.00311,118.66,4.95,2.9,0.1199,0.0
2025-03-22 09:00:00,0.0,118.66,19.5,2.9,0.1199,0.0472773823110732
2025-03-22 10:00:00,-0.00186,73.28,28.8,2.9,0.1199,0.1825894711424907
2025-03-22 11:00:00,-0.00631,73.28,77.6,2.9,0.1199,0.2603579156998601
2025-03-22 12:00:00,-0.0151799999999999,73.28,92.3,2.9,0.1199,0.2324587693801745
2025-03-22 13:00:00,-0.01504,59.84,49.7,2.9,0.1199,0.3415673520465184
2025-03-22 14:00:00,-0.00679,59.84,60.4,2.9,0.1199,0.36760697658565
2025-03-22 15:00:00,-0.00151,59.84,113.0,2.9,0.1199,0.2381085341507582
2025-03-22 16:00:00,0.00101,77.32,30.4,2.9,0.1199,0.1116937825133849
2025-03-22 17:00:00,0.03499,77.32,56.6,2.9,0.1199,0.0
2025-03-22 18:00:00,0.06003,77.32,20.8,2.9,0.1199,0.0
2025-03-22 19:00:00,0.05095,114.08,4.3,2.882960937500002,0.1199,0.0
2025-03-22 20:00:00,0.04215,114.08,0.1,2.838654296875002,0.1199,0.0
2025-03-22 21:00:00,0.03612,114.08,0.0,2.810822265625002,0.1199,0.0
2025-03-22 22:00:00,0.03714,144.18,0.0,2.7821650390625017,0.1199,0.0
2025-03-22 23:00:00,0.03569,144.18,0.0,2.742274902343752,0.1199,0.0
2025-03-23 00:00:00,0.0136899999999999,144.18,0.0,2.685575683593752,0.1199,0.0
2025-03-23 01:00:00,0.01901,165.94,0.0,2.624525878906252,0.1199,0.0
2025-03-23 02:00:00,0.0236499999999999,165.94,0.0,2.604928710937502,0.1199,0.0
2025-03-23 03:00:00,0.0234899999999999,165.94,0.0,2.583148925781252,0.1199,0.0
2025-03-23 04:00:00,0.02482,178.2,0.0,2.552599609375002,0.1199,0.0
2025-03-23 05:00:00,0.02501,178.2,0.0,2.563959472656252,0.1199,0.0
2025-03-23 06:00:00,0.02484,178.2,0.0,2.6875263671874974,0.1199,0.0
2025-03-23 07:00:00,0.02426,162.62,0.0,2.836845214843752,0.1199,0.0
2025-03-23 08:00:00,0.01899,162.62,3.35,2.9,0.1199,0.0
2025-03-23 09:00:00,0.02309,162.62,17.9,2.9,0.1199,0.0
2025-03-23 10:00:00,0.0137799999999999,134.36,35.6,2.9,0.1199,0.0101972926652802
2025-03-23 11:00:00,0.0096,134.36,24.3,2.9,0.1199,0.2427595364652592
2025-03-23 12:00:00,0.01349,134.36,48.4,2.9,0.1199,0.3694763609146264
2025-03-23 13:00:00,0.00501,96.05,41.0,2.9,0.1199,0.2538141145448148
2025-03-23 14:00:00,0.01146,96.05,119.0,2.9,0.1199,0.1810130384521829
2025-03-23 15:00:00,0.0425,96.05,49.4,2.9,0.1199,0.1211508696377738
2025-03-23 16:00:00,0.08442,95.45,71.9,2.9,0.1199,0.0
2025-03-23 17:00:00,0.12423,95.45,15.0,2.9,0.1199,0.0
2025-03-23 18:00:00,0.14,95.45,19.4,2.841610839843752,0.1199,0.0
2025-03-23 19:00:00,0.14251,136.67,9.75,2.758471191406252,0.1199,0.0
2025-03-23 20:00:00,0.14058,136.67,0.2,2.662687500000002,0.1199,0.0
2025-03-23 21:00:00,0.13,136.67,0.0,2.545600097656252,0.1199,0.0
2025-03-23 22:00:00,0.12647,159.87,0.0,2.494999511718752,0.1199,0.0
2025-03-23 23:00:00,0.11424,159.87,0.0,2.459550292968752,0.1199,0.0
2025-03-24 00:00:00,0.11045,159.87,0.0,2.441588867187497,0.1199,0.0
2025-03-24 01:00:00,0.10729,200.85,0.0,2.414569824218752,0.1199,0.0
2025-03-24 02:00:00,0.10191,200.85,0.0,2.394135253906252,0.1199,0.0
2025-03-24 03:00:00,0.09894,200.85,0.0,2.360272949218752,0.1199,0.0
2025-03-24 04:00:00,0.10199,254.08,0.0,2.344184082031252,0.1199,0.0
2025-03-24 05:00:00,0.11982,254.08,0.0,2.340397460937502,0.1199,0.0
2025-03-24 06:00:00,0.1415,254.08,0.0,2.493212402343752,0.1199,0.0
2025-03-24 07:00:00,0.16428,262.35,0.2,2.8067988281250016,0.1199,0.0
2025-03-24 08:00:00,0.16186,262.35,7.78,2.9,0.1199,0.0467073181146464
2025-03-24 09:00:00,0.13538,262.35,19.1,2.9,0.1199,0.2637653320618581
2025-03-24 10:00:00,0.11116,142.05,44.6,2.9,0.1199,0.443108370562083
2025-03-24 11:00:00,0.10736,142.05,86.3,2.9,0.1199,0.4935969328469433
2025-03-24 12:00:00,0.10075,142.05,81.2,2.9,0.1199,0.4253392288737481
2025-03-24 13:00:00,0.10087,80.2,128.0,2.9,0.1199,0.2846670640393385
2025-03-24 14:00:00,0.10657,80.2,129.0,2.9,0.1199,0.2241971221285432
2025-03-24 15:00:00,0.11585,80.2,118.0,2.9,0.1199,0.1445910799354388
2025-03-24 16:00:00,0.1309499999999999,107.02,79.8,2.9,0.1199,0.0137233305365121
2025-03-24 17:00:00,0.15415,107.02,58.2,2.893363769531252,0.1199,0.0
2025-03-24 18:00:00,0.21199,107.02,10.7,2.815441406250002,0.1199,0.0
2025-03-24 19:00:00,0.193,137.76,3.03,2.7390693359375016,0.1199,0.0
2025-03-24 20:00:00,0.16184,137.76,0.0,2.666303222656252,0.1199,0.0
2025-03-24 21:00:00,0.13855,137.76,0.0,2.595402343750002,0.1199,0.0
2025-03-24 22:00:00,0.12558,206.06,0.0,2.503373535156252,0.1199,0.0
2025-03-24 23:00:00,0.11516,206.06,0.0,2.436664550781252,0.1199,0.0
2025-03-25 00:00:00,0.10207,206.06,0.0,2.387616699218752,0.1199,0.0
2025-03-25 01:00:00,0.10176,252.32,0.0,2.388993652343752,0.1199,0.0
2025-03-25 02:00:00,0.1002,252.32,0.0,2.372250488281252,0.1199,0.0
2025-03-25 03:00:00,0.10267,252.32,0.0,2.342187011718752,0.1199,0.0
2025-03-25 04:00:00,0.10196,308.12,0.0,2.317382324218752,0.1199,0.0
2025-03-25 05:00:00,0.10739,308.12,0.0,2.298419921875002,0.1199,0.0
2025-03-25 06:00:00,0.13605,308.12,0.0,2.296310546875002,0.1199,0.0
2025-03-25 07:00:00,0.14213,429.15,0.0,2.335502441406252,0.1199,0.0
2025-03-25 08:00:00,0.13336,429.15,5.82,2.405746582031252,0.1199,0.0
2025-03-25 09:00:00,0.1064099999999999,429.15,10.9,2.5021162109375017,0.1199,0.0
2025-03-25 10:00:00,0.09203,338.1,23.3,2.630072753906252,0.1199,0.1157909335127819
2025-03-25 11:00:00,0.0788,338.1,61.9,2.738607910156252,0.1199,0.340786046526071
2025-03-25 12:00:00,0.06845,338.1,133.0,2.843947265625002,0.1199,0.3826020289079774
2025-03-25 13:00:00,0.06923,204.08,151.0,2.891498535156252,0.1199,0.4353165478126979
2025-03-25 14:00:00,0.0817,204.08,142.0,2.890548828125002,0.1199,0.2948973365494048
2025-03-25 15:00:00,0.09552,204.08,118.0,2.8711274414062515,0.1199,0.1165860438035721
2025-03-25 16:00:00,0.10884,133.3,110.0,2.836627929687497,0.1199,0.0
2025-03-25 17:00:00,0.13881,133.3,62.9,2.790619628906252,0.1199,0.0
2025-03-25 18:00:00,0.1611399999999999,133.3,27.2,2.735526855468752,0.1199,0.0
2025-03-25 19:00:00,0.16636,166.15,9.03,2.7134785156250016,0.1199,0.0
2025-03-25 20:00:00,0.1485999999999999,166.15,0.3,2.6838007812500018,0.1199,0.0
2025-03-25 21:00:00,0.12236,166.15,0.0,2.639057128906252,0.1199,0.0
2025-03-25 22:00:00,0.11483,226.22,0.0,2.595504882812502,0.1199,0.0
2025-03-25 23:00:00,0.10205,226.22,0.0,2.561942871093752,0.1199,0.0
2025-03-26 00:00:00,0.10102,226.22,0.0,2.541107910156252,0.1199,0.0
2025-03-26 01:00:00,0.0979599999999999,255.29,0.0,2.525934570312502,0.1199,0.0
2025-03-26 02:00:00,0.09736,255.29,0.0,2.508595703125002,0.1199,0.0
2025-03-26 03:00:00,0.09739,255.29,0.0,2.485587890625002,0.1199,0.0
2025-03-26 04:00:00,0.09572,275.55,0.0,2.455873535156252,0.1199,0.0
2025-03-26 05:00:00,0.09885,275.55,0.0,2.421168945312502,0.1199,0.0
2025-03-26 06:00:00,0.1287599999999999,275.55,0.0,2.444896972656252,0.1199,0.0
2025-03-26 07:00:00,0.14195,391.15,0.0,2.463939941406252,0.1199,0.0
2025-03-26 08:00:00,0.13709,391.15,1.88,2.516649902343752,0.1199,0.0
2025-03-26 09:00:00,0.11186,391.15,6.25,2.538502929687497,0.1199,0.0
2025-03-26 10:00:00,0.1,341.11,21.9,2.573349121093752,0.1199,0.0
2025-03-26 11:00:00,0.09639,341.11,30.8,2.615431640625002,0.1199,0.0
2025-03-26 12:00:00,0.09481,341.11,40.6,2.643686035156252,0.1199,0.0269479352635174
2025-03-26 13:00:00,0.0845,305.51,44.2,2.6732148437500016,0.1199,0.0145975352311039
2025-03-26 14:00:00,0.09079,305.51,50.6,2.6617060546874973,0.1199,0.0626278630542397
2025-03-26 15:00:00,0.09436,305.51,51.6,2.647582519531252,0.1199,0.0
2025-03-26 16:00:00,0.10145,212.68,35.2,2.622392089843752,0.1199,0.0
2025-03-26 17:00:00,0.13516,212.68,34.1,2.5809931640625017,0.1199,0.0
2025-03-26 18:00:00,0.162,212.68,20.4,2.5674873046874973,0.1199,0.0
2025-03-26 19:00:00,0.16954,225.1,4.65,2.548026855468752,0.1199,0.0
2025-03-26 20:00:00,0.15327,225.1,0.1,2.5223408203125017,0.1199,0.0
2025-03-26 21:00:00,0.1294,225.1,0.0,2.445131347656252,0.1199,0.0
2025-03-26 22:00:00,0.12027,258.78,0.0,2.367548339843752,0.1199,0.0
2025-03-26 23:00:00,0.1089099999999999,258.78,0.0,2.301513183593752,0.1199,0.0
2025-03-27 00:00:00,0.10493,258.78,0.0,2.352184570312502,0.1199,0.0
2025-03-27 01:00:00,0.09898,288.31,0.0,2.365958984375002,0.1199,0.0
2025-03-27 02:00:00,0.0978,288.31,0.0,2.337672851562502,0.1199,0.0
2025-03-27 03:00:00,0.09885,288.31,0.0,2.317431152343752,0.1199,0.0
2025-03-27 04:00:00,0.0970699999999999,368.69,0.0,2.302606933593752,0.1199,0.0
2025-03-27 05:00:00,0.1049,368.69,0.0,2.3065791015625017,0.1199,0.0
2025-03-27 06:00:00,0.12983,368.69,0.0,2.372968261718752,0.1199,0.0
2025-03-27 07:00:00,0.14,418.11,1.1,2.486713378906252,0.1199,0.0
2025-03-27 08:00:00,0.1235,418.11,10.3,2.5775556640625017,0.1199,0.0
2025-03-27 09:00:00,0.08992,418.11,41.4,2.683710449218752,0.1199,0.1719286498582925
2025-03-27 10:00:00,0.07761,287.84,84.5,2.779867675781252,0.1199,0.4149088700004382
2025-03-27 11:00:00,0.04548,287.84,124.0,2.870893066406252,0.1199,0.5463475971032539
2025-03-27 12:00:00,0.02481,287.84,149.0,2.9,0.1199,0.6279394134392977
2025-03-27 13:00:00,0.00667,165.97,163.0,2.9,0.1199,0.6093168360339586
2025-03-27 14:00:00,0.03034,165.97,164.0,2.9,0.1199,0.5241039707106973
2025-03-27 15:00:00,0.07493,165.97,156.0,2.9,0.1199,0.3729013309066423
2025-03-27 16:00:00,0.0937399999999999,122.98,137.0,2.9,0.1199,0.1744713332948699
2025-03-27 17:00:00,0.12725,122.98,106.0,2.8066035156250018,0.1199,0.0
2025-03-27 18:00:00,0.1579,122.98,61.4,2.663131835937502,0.1199,0.0
2025-03-27 19:00:00,0.1707,185.71,14.4,2.565663574218752,0.1199,0.0
2025-03-27 20:00:00,0.14161,185.71,0.4,2.477790039062502,0.1199,0.0
2025-03-27 21:00:00,0.12442,185.71,0.0,2.3170185546874973,0.1199,0.0
2025-03-27 22:00:00,0.1130999999999999,237.01,0.0,2.221928222656252,0.1199,0.0
2025-03-27 23:00:00,0.10091,237.01,0.0,2.171339843750002,0.1199,0.0
2025-03-28 00:00:00,0.09,237.01,0.0,2.1606660156250017,0.1199,0.0
2025-03-28 01:00:00,0.0793799999999999,302.31,0.0,2.159066894531252,0.1199,0.0
2025-03-28 02:00:00,0.0790199999999999,302.31,0.0,2.153961914062502,0.1199,0.0
2025-03-28 03:00:00,0.0793799999999999,302.31,0.0,2.150819824218752,0.1199,0.0
2025-03-28 04:00:00,0.07984,332.51,0.0,2.146977050781252,0.1199,0.0
2025-03-28 05:00:00,0.10351,332.51,0.0,2.162606933593752,0.1199,0.0
2025-03-28 06:00:00,0.12852,332.51,0.0,2.374030273437502,0.1199,0.0
2025-03-28 07:00:00,0.1222,367.1,1.25,2.714740722656252,0.1199,0.0
2025-03-28 08:00:00,0.10208,367.1,8.7,2.891596191406252,0.1199,0.0841568533686813
2025-03-28 09:00:00,0.07557,367.1,41.5,2.9,0.1199,0.3093420567623416
2025-03-28 10:00:00,0.02577,159.53,83.0,2.9,0.1199,0.4904378906320197
2025-03-28 11:00:00,0.0016799999999999,159.53,123.0,2.9,0.1199,0.6094649192367939
2025-03-28 12:00:00,-1e-05,159.53,147.0,2.9,0.1199,0.6573861079744212
2025-03-28 13:00:00,-3e-05,99.05,159.0,2.9,0.1199,0.5825477951155502
2025-03-28 14:00:00,0.01448,99.05,161.0,2.9,0.1199,0.3748892401662517
2025-03-28 15:00:00,0.0701,99.05,147.0,2.9,0.1199,0.2043031665660889
2025-03-28 16:00:00,0.1041899999999999,140.01,133.0,2.9,0.1199,0.0556421848956045
2025-03-28 17:00:00,0.132,140.01,96.3,2.798964355468752,0.1199,0.0
2025-03-28 18:00:00,0.16599,140.01,49.8,2.726801269531252,0.1199,0.0
2025-03-28 19:00:00,0.1659,192.09,14.6,2.663197753906252,0.1199,0.0
2025-03-28 20:00:00,0.14803,192.09,1.2,2.633883789062502,0.1199,0.0
2025-03-28 21:00:00,0.12456,192.09,0.0,2.594596679687497,0.1199,0.0
2025-03-28 22:00:00,0.11794,217.79,0.0,2.584098632812502,0.1199,0.0
2025-03-28 23:00:00,0.11012,217.79,0.0,2.569503906250002,0.1199,0.0
2025-03-29 00:00:00,0.11362,217.79,0.0,2.554486816406252,0.1199,0.0
2025-03-29 01:00:00,0.10391,250.2,0.0,2.525927246093752,0.1199,0.0
2025-03-29 02:00:00,0.09654,250.2,0.0,2.488246582031252,0.1199,0.0
2025-03-29 03:00:00,0.09622,250.2,0.0,2.456786621093752,0.1199,0.0
2025-03-29 04:00:00,0.0965,266.29,0.0,2.424906738281252,0.1199,0.0
2025-03-29 05:00:00,0.0927399999999999,266.29,0.0,2.386747558593752,0.1199,0.0
2025-03-29 06:00:00,0.09673,266.29,0.0,2.422433593750002,0.1199,0.0
2025-03-29 07:00:00,0.09844,247.18,0.75,2.511435058593752,0.1199,0.0
2025-03-29 08:00:00,0.09186,247.18,9.57,2.6195917968750018,0.1199,0.0439660240529091
2025-03-29 09:00:00,0.07614,247.18,38.3,2.715058105468752,0.1199,0.2802572141515745
2025-03-29 10:00:00,0.06567,174.53,88.5,2.778693359375002,0.1199,0.4404528780109938
2025-03-29 11:00:00,0.06534,174.53,126.0,2.821303222656252,0.1199,0.5156952133768767
2025-03-29 12:00:00,0.06533,174.53,140.0,2.857345703125002,0.1199,0.4416948559828116
2025-03-29 13:00:00,0.00206,138.68,143.0,2.887970703125002,0.1199,0.4142742720962423
2025-03-29 14:00:00,0.00394,138.68,144.0,2.9,0.1199,0.4117647391196877
2025-03-29 15:00:00,0.02527,138.68,138.0,2.877860839843752,0.1199,0.3345007549914483
2025-03-29 16:00:00,0.06626,147.27,105.0,2.8125263671874974,0.1199,0.1786066308388156
2025-03-29 17:00:00,0.1001,147.27,122.0,2.6877412109375016,0.1199,0.0
2025-03-29 18:00:00,0.1469099999999999,147.27,58.6,2.563471191406252,0.1199,0.0
2025-03-29 19:00:00,0.15222,213.89,15.2,2.473727539062502,0.1199,0.0
2025-03-29 20:00:00,0.12107,213.89,0.8,2.392645996093752,0.1199,0.0
2025-03-29 21:00:00,0.10042,213.89,0.0,2.324130371093752,0.1199,0.0
2025-03-29 22:00:00,0.08275,272.29,0.0,2.284164550781252,0.1199,0.0
2025-03-29 23:00:00,0.06827,272.29,0.0,2.277636230468752,0.1199,0.0
2025-03-30 00:00:00,0.04631,272.29,0.0,2.298039062500002,0.1199,0.0
2025-03-30 01:00:00,0.01589,283.26,0.0,2.321576660156252,0.1199,0.0
2025-03-30 02:00:00,0.0050999999999999,283.26,0.0,2.3251582031250018,0.1199,0.0
2025-03-30 03:00:00,0.0012,283.26,0.0,2.3479853515625018,0.1199,0.0
2025-03-30 04:00:00,8.999999999999999e-05,283.26,0.0,2.403549316406252,0.1199,0.0
2025-03-30 05:00:00,3e-05,269.25,0.0,2.456361816406252,0.1199,0.0
2025-03-30 06:00:00,0.0,269.25,0.0,2.4979853515625017,0.1199,0.0
2025-03-30 07:00:00,-1e-05,269.25,0.0,2.528019531250002,0.1199,0.0
2025-03-30 08:00:00,-4e-05,280.32,0.0,2.588634765625002,0.1199,0.0
2025-03-30 09:00:00,-0.00347,280.32,0.2,2.6631074218750017,0.1199,0.0
2025-03-30 10:00:00,-0.01134,280.32,2.28,2.821564453125002,0.1199,0.0
2025-03-30 11:00:00,-0.0185,204.31,8.68,2.899418457031252,0.1199,0.1722530842228823
2025-03-30 12:00:00,-0.02576,204.31,15.2,2.9,0.1199,0.1870662236197909
2025-03-30 13:00:00,-0.02607,204.31,31.8,2.9,0.1199,0.2617724262056264
2025-03-30 14:00:00,-0.01296,141.77,45.8,2.878251464843752,0.1199,0.1957571932197854
2025-03-30 15:00:00,-0.00401,141.77,71.8,2.838058593750002,0.1199,0.0976927091934574
2025-03-30 16:00:00,-1e-05,141.77,95.1,2.777240722656252,0.1199,0.0
2025-03-30 17:00:00,0.01441,164.7,100.0,2.698002441406252,0.1199,0.0
2025-03-30 18:00:00,0.0608299999999999,164.7,91.7,2.633554199218752,0.1199,0.0
2025-03-30 19:00:00,0.05886,164.7,80.7,2.570180175781252,0.1199,0.0
2025-03-30 20:00:00,0.05001,206.93,25.1,2.550143554687497,0.1199,0.0
2025-03-30 21:00:00,0.06171,206.93,5.18,2.531552246093752,0.1199,0.0
2025-03-30 22:00:00,0.05644,206.93,0.0,2.498573730468752,0.1199,0.0
2025-03-30 23:00:00,0.0655699999999999,223.92,0.0,2.479665039062502,0.1199,0.0
2025-03-31 00:00:00,0.06325,223.92,0.0,2.453642089843752,0.1199,0.0
2025-03-31 01:00:00,0.06441,223.92,0.0,2.424765136718752,0.1199,0.0
2025-03-31 02:00:00,0.06722,256.3,0.0,2.381571777343752,0.1199,0.0
2025-03-31 03:00:00,0.06897,256.3,0.0,2.342116210937502,0.1199,0.0
2025-03-31 04:00:00,0.088,256.3,0.0,2.308515136718752,0.1199,0.0
2025-03-31 05:00:00,0.1092699999999999,346.53,0.0,2.294940917968752,0.1199,0.0
2025-03-31 06:00:00,0.14354,346.53,0.0,2.368583496093752,0.1199,0.0
2025-03-31 07:00:00,0.17423,346.53,0.0,2.449740722656252,0.1199,0.0
2025-03-31 08:00:00,0.1331699999999999,408.11,0.0,2.536068847656252,0.1199,0.0
2025-03-31 09:00:00,0.1102699999999999,408.11,0.6,2.6055927734375017,0.1199,0.152029103198597
2025-03-31 10:00:00,0.09904,408.11,6.07,2.6601435546874974,0.1199,0.2047200893347613
2025-03-31 11:00:00,0.08354,327.89,19.1,2.716664550781252,0.1199,0.256475405398805
2025-03-31 12:00:00,0.0741,327.89,38.0,2.784987304687497,0.1199,0.3142311495767546
2025-03-31 13:00:00,0.0735799999999999,327.89,54.5,2.8326191406250016,0.1199,0.4290048555953771
2025-03-31 14:00:00,0.06955,202.87,72.4,2.8357783203125018,0.1199,0.4591482152072909
2025-03-31 15:00:00,0.0762399999999999,202.87,85.6,2.808971679687497,0.1199,0.268360682641571
2025-03-31 16:00:00,0.10083,202.87,133.0,2.762006347656252,0.1199,0.0928357418992292
2025-03-31 17:00:00,0.13157,159.3,130.0,2.687631347656252,0.1199,0.0
2025-03-31 18:00:00,0.18396,159.3,124.0,2.614733398437502,0.1199,0.0
2025-03-31 19:00:00,0.17273,159.3,93.8,2.545321777343752,0.1199,0.0
2025-03-31 20:00:00,0.13503,219.88,65.6,2.489904296875002,0.1199,0.0
2025-03-31 21:00:00,0.11525,219.88,19.9,2.413378417968752,0.1199,0.0
2025-03-31 22:00:00,0.10234,219.88,1.05,2.336173828125002,0.1199,0.0
2025-03-31 23:00:00,0.10156,265.33,0.0,2.259315917968752,0.1199,0.0
2025-04-01 00:00:00,0.09502,265.33,0.0,2.222365234375002,0.1199,0.0
2025-04-01 01:00:00,0.0929099999999999,265.33,0.0,2.168063476562502,0.1199,0.0
2025-04-01 02:00:00,0.0935,339.33,0.0,2.121122558593752,0.1199,0.0
2025-04-01 03:00:00,0.09143,339.33,0.0,2.0872298177083346,0.1199,0.0
2025-04-01 04:00:00,0.10071,339.33,0.0,2.065224609375001,0.1199,0.0
2025-04-01 05:00:00,0.12946,450.13,0.0,2.0746294487847234,0.1199,0.0
2025-04-01 06:00:00,0.17996,450.13,0.0,2.307541015625002,0.1199,0.0
2025-04-01 07:00:00,0.15937,450.13,0.0,2.495492675781252,0.1199,0.0
2025-04-01 08:00:00,0.10847,433.09,0.0,2.634730957031252,0.1199,0.0864679356613442
2025-04-01 09:00:00,0.08617,433.09,2.3,2.745192382812502,0.1199,0.3074381809851275
2025-04-01 10:00:00,0.07026,433.09,11.0,2.8211494140625017,0.1199,0.4692897934876907
2025-04-01 11:00:00,0.0531499999999999,241.37,46.0,2.855717285156252,0.1199,0.5192212452886679
2025-04-01 12:00:00,0.01157,241.37,92.4,2.867567871093752,0.1199,0.4102866497460298
2025-04-01 13:00:00,0.01089,241.37,132.0,2.884511230468752,0.1199,0.3082906973851042
2025-04-01 14:00:00,0.0266999999999999,171.82,153.0,2.895990722656252,0.1199,0.2484069807613991
2025-04-01 15:00:00,0.06523,171.82,163.0,2.8782539062500017,0.1199,0.1534991173875765
2025-04-01 16:00:00,0.0828,171.82,121.0,2.8232978515625016,0.1199,0.0638604293674924
2025-04-01 17:00:00,0.12239,136.06,94.8,2.7066425781250016,0.1199,0.0
2025-04-01 18:00:00,0.15572,136.06,138.0,2.640565917968752,0.1199,0.0
2025-04-01 19:00:00,0.138,136.06,104.0,2.576349609375002,0.1199,0.0
2025-04-01 20:00:00,0.1109,189.84,65.8,2.5273701171874974,0.1199,0.0
2025-04-01 21:00:00,0.09564,189.84,18.4,2.487431152343752,0.1199,0.0
2025-04-01 22:00:00,0.07945,189.84,1.45,2.4500507812500016,0.1199,0.0
2025-04-01 23:00:00,0.06806,258.23,0.0,2.409733398437502,0.1199,0.0
2025-04-02 00:00:00,0.06693,258.23,0.0,2.366913574218752,0.1199,0.0
2025-04-02 01:00:00,0.0668,258.23,0.0,2.325849121093752,0.1199,0.0
2025-04-02 02:00:00,0.06797,284.35,0.0,2.290429199218752,0.1199,0.0
2025-04-02 03:00:00,0.0689,284.35,0.0,2.260014160156252,0.1199,0.0
2025-04-02 04:00:00,0.08218,284.35,0.0,2.234301269531252,0.1199,0.0
2025-04-02 05:00:00,0.11384,390.28,0.0,2.254872558593752,0.1199,0.0
2025-04-02 06:00:00,0.15031,390.28,0.0,2.467743652343752,0.1199,0.0
2025-04-02 07:00:00,0.1247,390.28,0.0,2.6550312500000017,0.1199,0.0
2025-04-02 08:00:00,0.08474,353.07,0.0,2.8218574218750017,0.1199,0.1102068518678887
2025-04-02 09:00:00,0.04838,353.07,2.2,2.9,0.1199,0.3287834085309211
2025-04-02 10:00:00,0.0,353.07,10.1,2.9,0.1199,0.5033717953449087
2025-04-02 11:00:00,-0.00492,144.45,41.9,2.9,0.1199,0.6147169694104061
2025-04-02 12:00:00,-0.0200599999999999,144.45,85.6,2.9,0.1199,0.6850603622690264
2025-04-02 13:00:00,-0.02102,144.45,128.0,2.9,0.1199,0.613051456670521
2025-04-02 14:00:00,-0.01,81.46,151.0,2.9,0.1199,0.4920391810611216
2025-04-02 15:00:00,-0.00173,81.46,138.0,2.9,0.1199,0.2543212750678297
2025-04-02 16:00:00,0.01537,81.46,155.0,2.9,0.1199,0.0211384450248754
2025-04-02 17:00:00,0.08884,71.41,153.0,2.9,0.1199,0.0
2025-04-02 18:00:00,0.12535,71.41,119.0,2.9,0.1199,0.0
2025-04-02 19:00:00,0.114,71.41,80.5,2.868451660156252,0.1199,0.0
2025-04-02 20:00:00,0.0960699999999999,107.57,58.9,2.809433105468752,0.1199,0.0
2025-04-02 21:00:00,0.08263,107.57,17.3,2.758859375000002,0.1199,0.0
2025-04-02 22:00:00,0.07143,107.57,0.9,2.718070800781252,0.1199,0.0
2025-04-02 23:00:00,0.067,143.12,0.0,2.676210449218752,0.1199,0.0
2025-04-03 00:00:00,0.067,143.12,0.0,2.641027343750002,0.1199,0.0
2025-04-03 01:00:00,0.067,143.12,0.0,2.624672363281252,0.1199,0.0
2025-04-03 02:00:00,0.06895,174.08,0.0,2.602226074218752,0.1199,0.0
2025-04-03 03:00:00,0.071,174.08,0.0,2.563915527343752,0.1199,0.0
2025-04-03 04:00:00,0.08622,174.08,0.0,2.529320800781252,0.1199,0.0
2025-04-03 05:00:00,0.12971,240.92,0.0,2.534984863281252,0.1199,0.0
2025-04-03 06:00:00,0.16277,240.92,0.0,2.7059882812500016,0.1199,0.0
2025-04-03 07:00:00,0.1333,240.92,0.0,2.8589033203125016,0.1199,0.0
2025-04-03 08:00:00,0.07911,220.29,0.0,2.9,0.1199,0.1358740007879206
2025-04-03 09:00:00,0.04047,220.29,4.9,2.9,0.1199,0.3584274296504889
2025-04-03 10:00:00,-0.00016,220.29,21.2,2.9,0.1199,0.5356728807664717
2025-04-03 11:00:00,-0.0011899999999999,92.61,28.7,2.9,0.1199,0.6553836393213693
2025-04-03 12:00:00,-0.0084,92.61,74.5,2.9,0.1199,0.7080039265734643
2025-04-03 13:00:00,-0.0058499999999999,92.61,127.0,2.9,0.1199,0.687897454526318
2025-04-03 14:00:00,-0.00027,38.17,150.0,2.9,0.1199,0.5980860406673868
2025-04-03 15:00:00,0.01609,38.17,160.0,2.9,0.1199,0.4470495880659487
2025-04-03 16:00:00,0.075,38.17,0.0,2.9,0.1199,0.2491827507058567
2025-04-03 17:00:00,0.138,33.95,0.0,2.9,0.1199,0.0241009602187732
2025-04-03 18:00:00,0.16348,33.95,0.0,2.9,0.1199,0.0
2025-04-03 19:00:00,0.15588,33.95,0.0,2.9,0.1199,0.0
2025-04-03 20:00:00,0.13703,75.23,0.0,2.801662109375002,0.1199,0.0
2025-04-03 21:00:00,0.1132099999999999,75.23,0.0,2.728771484375002,0.1199,0.0
2025-04-03 22:00:00,0.10463,75.23,0.0,2.680614746093752,0.1199,0.0
2025-04-03 23:00:00,0.10834,119.64,0.0,2.629123046875002,0.1199,0.0
2025-04-04 00:00:00,0.10304,119.64,0.0,2.5615449218750017,0.1199,0.0
2025-04-04 01:00:00,0.10289,119.64,0.0,2.482672851562502,0.1199,0.0
2025-04-04 02:00:00,0.10361,168.5,0.0,2.411791503906252,0.1199,0.0
2025-04-04 03:00:00,0.10595,168.5,0.0,2.355722167968752,0.1199,0.0
2025-04-04 04:00:00,0.11255,168.5,0.0,2.313900878906252,0.1199,0.0
2025-04-04 05:00:00,0.15267,262.33,0.0,2.353808105468752,0.1199,0.0
2025-04-04 06:00:00,0.18017,262.33,0.0,2.6544013671874973,0.1199,0.0
2025-04-04 07:00:00,0.1394,262.33,0.0,2.9,0.1199,0.0
2025-04-04 08:00:00,0.09568,220.92,0.0,2.9,0.1199,0.1696735308246386
2025-04-04 09:00:00,0.065,220.92,1.93,2.9,0.1199,0.3939376449090474
2025-04-04 10:00:00,0.00782,220.92,10.8,2.9,0.1199,0.5730776581995226
2025-04-04 11:00:00,0.0,59.88,46.3,2.9,0.1199,0.6919372618471409
2025-04-04 12:00:00,-0.00131,59.88,90.1,2.9,0.1199,0.7402695836062027
2025-04-04 13:00:00,-0.00121,59.88,128.0,2.9,0.1199,0.7168520055945851
2025-04-04 14:00:00,-0.00013,25.57,148.0,2.9,0.1199,0.6246398109831419
2025-04-04 15:00:00,0.0297,25.57,162.0,2.9,0.1199,0.4716704102529532
2025-04-04 16:00:00,0.07987,25.57,163.0,2.9,0.1199,0.271992018597481
2025-04-04 17:00:00,0.12635,24.5,156.0,2.9,0.1199,0.0442550784005867
2025-04-04 18:00:00,0.1676399999999999,24.5,137.0,2.9,0.1199,0.0
2025-04-04 19:00:00,0.15599,24.5,108.0,2.9,0.1199,0.0
2025-04-04 20:00:00,0.12067,71.31,64.5,2.876349609375002,0.1199,0.0
2025-04-04 21:00:00,0.10615,71.31,18.6,2.837016113281252,0.1199,0.0
2025-04-04 22:00:00,0.09697,71.31,1.5,2.842689941406252,0.1199,0.0
2025-04-04 23:00:00,0.10923,121.5,0.0,2.818302734375002,0.1199,0.0
2025-04-05 00:00:00,0.10276,121.5,0.0,2.764909179687497,0.1199,0.0
2025-04-05 01:00:00,0.09939,121.5,0.0,2.7235957031250018,0.1199,0.0
2025-04-05 02:00:00,0.0994,166.21,0.0,2.6847089843750016,0.1199,0.0
2025-04-05 03:00:00,0.09831,166.21,0.0,2.631195800781252,0.1199,0.0
2025-04-05 04:00:00,0.0975,166.21,0.0,2.580497558593752,0.1199,0.0
2025-04-05 05:00:00,0.10298,216.9,0.0,2.503466308593752,0.1199,0.0
2025-04-05 06:00:00,0.1059,216.9,0.0,2.651923339843752,0.1199,0.0
2025-04-05 07:00:00,0.0983,216.9,0.0,2.827091796875002,0.1199,0.0
2025-04-05 08:00:00,0.0571599999999999,173.11,0.0,2.9,0.1199,0.1549147581906294
2025-04-05 09:00:00,0.00066,173.11,2.3,2.9,0.1199,0.3762910519119011
2025-04-05 10:00:00,-0.00094,173.11,12.1,2.9,0.1199,0.5534405812318607
2025-04-05 11:00:00,-0.02409,90.38,46.7,2.9,0.1199,0.6715578544081291
2025-04-05 12:00:00,-0.0477299999999999,90.38,89.2,2.9,0.1199,0.7200347205989032
2025-04-05 13:00:00,-0.0491,90.38,127.0,2.9,0.1199,0.6950938820117818
2025-04-05 14:00:00,-0.02991,61.61,152.0,2.9,0.1199,0.6001422696159812
2025-04-05 15:00:00,-0.0043,61.61,167.0,2.9,0.1199,0.4403601767699139
2025-04-05 16:00:00,0.0,61.61,166.0,2.9,0.1199,0.2191806947408965
2025-04-05 17:00:00,0.07,71.2,151.0,2.9,0.1199,0.0
2025-04-05 18:00:00,0.0994,71.2,132.0,2.830927246093752,0.1199,0.0
2025-04-05 19:00:00,0.0989,71.2,94.0,2.743947265625002,0.1199,0.0
2025-04-05 20:00:00,0.08425,158.72,59.3,2.6686347656250016,0.1199,0.0
2025-04-05 21:00:00,0.0789899999999999,158.72,20.4,2.605067871093752,0.1199,0.0
2025-04-05 22:00:00,0.06875,158.72,2.45,2.5496406250000017,0.1199,0.0
2025-04-05 23:00:00,0.07045,220.15,0.0,2.502606933593752,0.1199,0.0
2025-04-06 00:00:00,0.061,220.15,0.0,2.4623652343750018,0.1199,0.0
2025-04-06 01:00:00,0.06272,220.15,0.0,2.420910156250002,0.1199,0.0
2025-04-06 02:00:00,0.06828,258.17,0.0,2.363612792968752,0.1199,0.0
2025-04-06 03:00:00,0.06995,258.17,0.0,2.296103027343752,0.1199,0.0
2025-04-06 04:00:00,0.07743,258.17,0.0,2.230412109375002,0.1199,0.0
2025-04-06 05:00:00,0.07654,306.31,0.0,2.2085810546874973,0.1199,0.0
2025-04-06 06:00:00,0.07811,306.31,0.0,2.253822753906252,0.1199,0.0
2025-04-06 07:00:00,0.04179,306.31,0.0,2.341571777343752,0.1199,0.0
2025-04-06 08:00:00,0.0001,300.28,0.0,2.448107421875002,0.1199,0.1273977657019092
2025-04-06 09:00:00,-0.002,300.28,2.2,2.551002929687497,0.1199,0.3492123179711463
2025-04-06 10:00:00,-0.0275599999999999,300.28,11.9,2.643837402343752,0.1199,0.5277189698705544
2025-04-06 11:00:00,-0.06001,216.02,51.1,2.720326660156252,0.1199,0.6466709212893226
2025-04-06 12:00:00,-0.10631,216.02,98.3,2.773886230468752,0.1199,0.6964443935929502
2025-04-06 13:00:00,-0.1145699999999999,216.02,139.0,2.8028144531250017,0.1199,0.6731166048508882
2025-04-06 14:00:00,-0.07,148.71,163.0,2.806840332031252,0.1199,0.5792344992299326
2025-04-06 15:00:00,-0.0189499999999999,148.71,174.0,2.782782714843752,0.1199,0.4234193732398337
2025-04-06 16:00:00,0.00176,148.71,174.0,2.731903808593752,0.1199,0.2199895138177766
2025-04-06 17:00:00,0.11241,143.01,168.0,2.623427246093752,0.1199,0.0
2025-04-06 18:00:00,0.13156,143.01,149.0,2.547377441406252,0.1199,0.0
2025-04-06 19:00:00,0.1329,143.01,118.0,2.452384765625002,0.1199,0.0
2025-04-06 20:00:00,0.12138,228.96,72.7,2.373439453125002,0.1199,0.0
2025-04-06 21:00:00,0.11184,228.96,22.9,2.307628906250002,0.1199,0.0
2025-04-06 22:00:00,0.10003,228.96,1.9,2.2473164062500017,0.1199,0.0
2025-04-06 23:00:00,0.08671,292.08,0.0,2.191969726562502,0.1199,0.0
2025-04-07 00:00:00,0.085,292.08,0.0,2.142680175781252,0.1199,0.0
2025-04-07 01:00:00,0.08173,292.08,0.0,2.0986054144965287,0.1199,0.0
2025-04-07 02:00:00,0.08353,353.31,0.0,2.0737925889756954,0.1199,0.0
2025-04-07 03:00:00,0.08545,353.31,0.0,2.050275065104165,0.1199,0.0
2025-04-07 04:00:00,0.09874,353.31,0.0,2.02934543185764,0.1199,0.0
2025-04-07 05:00:00,0.1311,466.1,0.0,2.049284939236112,0.1199,0.0
2025-04-07 06:00:00,0.17597,466.1,0.0,2.223192871093752,0.1199,0.0
2025-04-07 07:00:00,0.14461,466.1,0.0,2.378163574218752,0.1199,0.0
2025-04-07 08:00:00,0.1071,454.1,0.0,2.5043134765625017,0.1199,0.1309556060181031
2025-04-07 09:00:00,0.08337,454.1,2.5,2.6008906250000017,0.1199,0.351344954421146
2025-04-07 10:00:00,0.065,454.1,12.4,2.6891230468750016,0.1199,0.527284840566239
2025-04-07 11:00:00,0.0118,302.06,51.2,2.764154785156252,0.1199,0.6462985875249607
2025-04-07 12:00:00,0.00219,302.06,99.4,2.824416015625002,0.1199,0.6964133281367973
2025-04-07 13:00:00,0.00394,302.06,136.0,2.8628144531250017,0.1199,0.6747422057084892
2025-04-07 14:00:00,0.06098,177.27,159.0,2.880321777343752,0.1199,0.5830719146992536
2025-04-07 15:00:00,0.072,177.27,170.0,2.873720214843752,0.1199,0.4303229864498341
2025-04-07 16:00:00,0.10243,177.27,171.0,2.836786621093752,0.1199,0.230666653589945
2025-04-07 17:00:00,0.1276,128.02,164.0,2.743241699218752,0.1199,0.0053864218398551
2025-04-07 18:00:00,0.16845,128.02,146.0,2.614149902343752,0.1199,0.0
2025-04-07 19:00:00,0.16505,128.02,113.0,2.487187011718752,0.1199,0.0
2025-04-07 20:00:00,0.1382,185.2,71.6,2.3815546875000018,0.1199,0.0
2025-04-07 21:00:00,0.12102,185.2,22.8,2.274547851562502,0.1199,0.0
2025-04-07 22:00:00,0.10521,185.2,1.57,2.193339355468752,0.1199,0.0
2025-04-07 23:00:00,0.09493,255.26,0.0,2.135954101562502,0.1199,0.0
2025-04-08 00:00:00,0.0878299999999999,255.26,0.0,2.09768039279514,0.1199,0.0
2025-04-08 01:00:00,0.08906,255.26,0.0,2.084129231770832,0.1199,0.0
2025-04-08 02:00:00,0.0899,331.33,0.0,2.075342881944445,0.1199,0.0
2025-04-08 03:00:00,0.09162,331.33,0.0,2.064121907552084,0.1199,0.0
2025-04-08 04:00:00,0.10573,331.33,0.0,2.052403157552084,0.1199,0.0
2025-04-08 05:00:00,0.1429699999999999,466.09,0.0,2.100795410156252,0.1199,0.0
2025-04-08 06:00:00,0.18055,466.09,0.0,2.402821777343752,0.1199,0.0
2025-04-08 07:00:00,0.13677,466.09,0.0,2.6738886718750017,0.1199,0.0
2025-04-08 08:00:00,0.0912999999999999,409.1,0.0,2.840463378906252,0.1199,0.1653168498364126
2025-04-08 09:00:00,0.07647,409.1,2.8,2.9,0.1199,0.3878761282487088
2025-04-08 10:00:00,0.06109,409.1,13.0,2.9,0.1199,0.5479420874857854
2025-04-08 11:00:00,0.01957,154.97,50.7,2.9,0.1199,0.6746191124289096
2025-04-08 12:00:00,0.0168299999999999,154.97,94.7,2.9,0.1199,0.7210549668248709
2025-04-08 13:00:00,0.02859,154.97,132.0,2.9,0.1199,0.6951099478146026
2025-04-08 14:00:00,0.05747,121.32,155.0,2.9,0.1199,0.6003946898962911
2025-04-08 15:00:00,0.0733299999999999,121.32,160.0,2.9,0.1199,0.4503726594163167
2025-04-08 16:00:00,0.09034,121.32,163.0,2.9,0.1199,0.2517978441660335
2025-04-08 17:00:00,0.11826,82.6,160.0,2.9,0.1199,0.0265370203160887
2025-04-08 18:00:00,0.1804,82.6,141.0,2.749196289062502,0.1199,0.0
2025-04-08 19:00:00,0.17131,82.6,111.0,2.6334394531250016,0.1199,0.0
2025-04-08 20:00:00,0.14,145.48,64.1,2.6264423828125016,0.1199,0.0
2025-04-08 21:00:00,0.12047,145.48,23.7,2.649567382812502,0.1199,0.0
2025-04-08 22:00:00,0.10512,145.48,2.63,2.593979003906252,0.1199,0.0
2025-04-08 23:00:00,0.10499,215.77,0.0,2.496310546875002,0.1199,0.0
2025-04-09 00:00:00,0.0959899999999999,215.77,0.0,2.315497558593752,0.1199,0.0
2025-04-09 01:00:00,0.09467,215.77,0.0,2.255336425781252,0.1199,0.0
2025-04-09 02:00:00,0.09445,275.26,0.0,2.248439453125002,0.1199,0.0
2025-04-09 03:00:00,0.09579,275.26,0.0,2.208881347656252,0.1199,0.0
2025-04-09 04:00:00,0.10945,275.26,0.0,2.147641113281252,0.1199,0.0
2025-04-09 05:00:00,0.15268,386.1,0.0,2.192787597656252,0.1199,0.0
2025-04-09 06:00:00,0.17556,386.1,0.0,2.4195185546874973,0.1199,0.0
2025-04-09 07:00:00,0.13156,386.1,0.0,2.578234375000002,0.1199,0.0
2025-04-09 08:00:00,0.09951,382.08,0.0,2.727606933593752,0.1199,0.1427556476562696
2025-04-09 09:00:00,0.0827099999999999,382.08,3.7,2.858629882812502,0.1199,0.3708333449217055
2025-04-09 10:00:00,0.05969,382.08,23.8,2.9,0.1199,0.5468083211157699
2025-04-09 11:00:00,0.0136099999999999,191.33,57.5,2.9,0.1199,0.6643995318247288
2025-04-09 12:00:00,0.0067199999999999,191.33,81.4,2.9,0.1199,0.7142713210373273
2025-04-09 13:00:00,0.0132699999999999,191.33,122.0,2.9,0.1199,0.7044966329125786
2025-04-09 14:00:00,0.03487,119.25,152.0,2.9,0.1199,0.6097699277506038
2025-04-09 15:00:00,0.06298,119.25,167.0,2.9,0.1199,0.4585004455809103
2025-04-09 16:00:00,0.0835,119.25,169.0,2.9,0.1199,0.2546560014198741
2025-04-09 17:00:00,0.10348,104.81,163.0,2.8988837890625017,0.1199,0.0296062208993885
2025-04-09 18:00:00,0.13157,104.81,145.0,2.751349609375002,0.1199,0.0
2025-04-09 19:00:00,0.13873,104.81,114.0,2.663446777343752,0.1199,0.0
2025-04-09 20:00:00,0.11123,165.73,68.6,2.572970703125002,0.1199,0.0
2025-04-09 21:00:00,0.10194,165.73,23.2,2.475451171875002,0.1199,0.0
2025-04-09 22:00:00,0.09851,165.73,2.43,2.384682128906252,0.1199,0.0
2025-04-09 23:00:00,0.0929,268.01,0.0,2.318751953125002,0.1199,0.0
2025-04-10 00:00:00,0.0895499999999999,268.01,0.0,2.2645869140625017,0.1199,0.0
2025-04-10 01:00:00,0.0889,268.01,0.0,2.254689453125002,0.1199,0.0
2025-04-10 02:00:00,0.08792,296.28,0.0,2.2558613281250017,0.1199,0.0
2025-04-10 03:00:00,0.09,296.28,0.0,2.284052246093752,0.1199,0.0
2025-04-10 04:00:00,0.09754,296.28,0.0,2.295563476562502,0.1199,0.0
2025-04-10 05:00:00,0.13244,342.08,0.0,2.335263183593752,0.1199,0.0
2025-04-10 06:00:00,0.17059,342.08,0.0,2.419174316406252,0.1199,0.0
2025-04-10 07:00:00,0.13544,342.08,0.0,2.474113281250002,0.1199,0.0
2025-04-10 08:00:00,0.1024,369.15,0.0,2.536369140625002,0.1199,0.0
2025-04-10 09:00:00,0.08571,369.15,1.33,2.600392578125002,0.1199,0.0
2025-04-10 10:00:00,0.06634,369.15,5.8,2.684376953125002,0.1199,0.0726900482534652
2025-04-10 11:00:00,0.03495,325.11,15.0,2.768061035156252,0.1199,0.2536612627787943
2025-04-10 12:00:00,0.00218,325.11,22.8,2.844696777343752,0.1199,0.4229662507616908
2025-04-10 13:00:00,8e-05,325.11,33.3,2.9,0.1199,0.4874242601007719
2025-04-10 14:00:00,0.0011799999999999,220.18,45.5,2.9,0.1199,0.5163663445625437
2025-04-10 15:00:00,0.0544399999999999,220.18,69.7,2.9,0.1199,0.4302671834554786
2025-04-10 16:00:00,0.07,220.18,93.7,2.9,0.1199,0.2418780397758772
2025-04-10 17:00:00,0.10168,137.22,136.0,2.834145019531252,0.1199,0.0222302317415852
2025-04-10 18:00:00,0.14042,137.22,127.0,2.678080566406252,0.1199,0.0
2025-04-10 19:00:00,0.13717,137.22,109.0,2.551403320312502,0.1199,0.0
2025-04-10 20:00:00,0.09756,177.44,66.1,2.449630859375002,0.1199,0.0
2025-04-10 21:00:00,0.0920499999999999,177.44,21.7,2.375404785156252,0.1199,0.0
2025-04-10 22:00:00,0.08111,177.44,2.3,2.316010253906252,0.1199,0.0
2025-04-10 23:00:00,0.0653199999999999,245.96,0.0,2.259181640625002,0.1199,0.0
2025-04-11 00:00:00,0.06075,245.96,0.0,2.2079707031250018,0.1199,0.0
2025-04-11 01:00:00,0.05844,245.96,0.0,2.159992187500002,0.1199,0.0
2025-04-11 02:00:00,0.05843,294.34,0.0,2.126161621093752,0.1199,0.0
2025-04-11 03:00:00,0.06193,294.34,0.0,2.108827636718752,0.1199,0.0
2025-04-11 04:00:00,0.07199,294.34,0.0,2.097303331163196,0.1199,0.0
2025-04-11 05:00:00,0.0942,399.11,0.0,2.206889160156252,0.1199,0.0
2025-04-11 06:00:00,0.1114,399.11,0.0,2.421239746093752,0.1199,0.0
2025-04-11 07:00:00,0.0859,399.11,0.0,2.552865722656252,0.1199,0.0
2025-04-11 08:00:00,0.05889,352.12,0.0,2.725412109375002,0.1199,0.0195240736486719
2025-04-11 09:00:00,0.01131,352.12,3.18,2.8797578125000016,0.1199,0.3326091468586342
2025-04-11 10:00:00,0.0,352.12,16.6,2.9,0.1199,0.5463564419192103
2025-04-11 11:00:00,-0.003,163.27,52.0,2.9,0.1199,0.6888450468621944
2025-04-11 12:00:00,-0.00499,163.27,98.8,2.9,0.1199,0.7438552206737369
2025-04-11 13:00:00,-0.00361,163.27,133.0,2.9,0.1199,0.7240446896953522
2025-04-11 14:00:00,-0.0001,77.0,153.0,2.9,0.1199,0.6307379201261001
2025-04-11 15:00:00,0.0,77.0,165.0,2.9,0.1199,0.4768885847591612
2025-04-11 16:00:00,0.07015,77.0,166.0,2.9,0.1199,0.2638703067184538
2025-04-11 17:00:00,0.11069,60.24,157.0,2.9,0.1199,0.0331205051580995
2025-04-11 18:00:00,0.1334,60.24,135.0,2.9,0.1199,0.0
2025-04-11 19:00:00,0.155,60.24,106.0,2.9,0.1199,0.0
2025-04-11 20:00:00,0.13046,101.02,59.6,2.9,0.1199,0.0
2025-04-11 21:00:00,0.1191,101.02,19.7,2.821303222656252,0.1199,0.0
2025-04-11 22:00:00,0.10549,101.02,2.07,2.678222167968752,0.1199,0.0
2025-04-11 23:00:00,0.10784,166.09,0.0,2.525685546875002,0.1199,0.0
2025-04-12 00:00:00,0.10441,166.09,0.0,2.417392089843752,0.1199,0.0
2025-04-12 01:00:00,0.10093,166.09,0.0,2.348683593750002,0.1199,0.0
2025-04-12 02:00:00,0.09815,222.77,0.0,2.303270996093752,0.1199,0.0
2025-04-12 03:00:00,0.09899,222.77,0.0,2.279066894531252,0.1199,0.0
2025-04-12 04:00:00,0.09908,222.77,0.0,2.264584472656252,0.1199,0.0
2025-04-12 05:00:00,0.10442,287.26,0.0,2.3950410156250017,0.1199,0.0
2025-04-12 06:00:00,0.09974,287.26,0.0,2.793114746093752,0.1199,0.0
2025-04-12 07:00:00,0.0954899999999999,287.26,0.0,2.9,0.1199,0.0
2025-04-12 08:00:00,0.06726,173.67,0.0,2.9,0.1199,0.2263179050503691
2025-04-12 09:00:00,0.02019,173.67,3.55,2.9,0.1199,0.4473515788379546
2025-04-12 10:00:00,0.0,173.67,15.8,2.9,0.1199,0.6233798148219717
2025-04-12 11:00:00,-0.00923,53.34,51.1,2.9,0.1199,0.7396396666126754
2025-04-12 12:00:00,-0.04004,53.34,93.7,2.9,0.1199,0.7880109508061345
2025-04-12 13:00:00,-0.04201,53.34,130.0,2.9,0.1199,0.7662524139522428
2025-04-12 14:00:00,-0.01868,22.86,151.0,2.9,0.1199,0.6760436476611617
2025-04-12 15:00:00,-8e-05,22.86,163.0,2.9,0.1199,0.5248172254336849
2025-04-12 16:00:00,0.05947,22.86,165.0,2.9,0.1199,0.3284331379763699
2025-04-12 17:00:00,0.11131,22.21,157.0,2.9,0.1199,0.1020084208244491
2025-04-12 18:00:00,0.15006,22.21,139.0,2.9,0.1199,0.0
2025-04-12 19:00:00,0.12089,22.21,111.0,2.9,0.1199,0.0
2025-04-12 20:00:00,0.091,37.95,68.3,2.9,0.1199,0.0
2025-04-12 21:00:00,0.08627,37.95,14.5,2.9,0.1199,0.0
2025-04-12 22:00:00,0.06427,37.95,3.27,2.9,0.1199,0.0
2025-04-12 23:00:00,0.06399,62.8,0.0,2.9,0.1199,0.0
2025-04-13 00:00:00,0.056,62.8,0.0,2.9,0.1199,0.0
2025-04-13 01:00:00,0.04236,62.8,0.0,2.9,0.1199,0.0
2025-04-13 02:00:00,0.0295,68.22,0.0,2.9,0.1199,0.0
2025-04-13 03:00:00,0.03206,68.22,0.0,2.9,0.1199,0.0
2025-04-13 04:00:00,0.03448,68.22,0.0,2.9,0.1199,0.0
2025-04-13 05:00:00,0.02941,98.62,0.0,2.9,0.1199,0.0
2025-04-13 06:00:00,0.02775,98.62,0.0,2.9,0.1199,0.0
2025-04-13 07:00:00,0.01287,98.62,0.0,2.9,0.1199,0.0
2025-04-13 08:00:00,0.00843,97.24,0.0,2.9,0.1199,0.0
2025-04-13 09:00:00,0.0,97.24,2.7,2.9,0.1199,0.071733236487276
2025-04-13 10:00:00,-2e-05,97.24,14.9,2.9,0.1199,0.1426677512377651
2025-04-13 11:00:00,-0.00302,69.91,30.2,2.9,0.1199,0.2717734806605427
2025-04-13 12:00:00,-0.01884,69.91,18.3,2.9,0.1199,0.2512194637307528
2025-04-13 13:00:00,-0.02538,69.91,22.0,2.9,0.1199,0.3222890589600846
2025-04-13 14:00:00,-0.00993,56.88,58.1,2.9,0.1199,0.3449652508176549
2025-04-13 15:00:00,-1e-05,56.88,80.7,2.9,0.1199,0.2399097830241132
2025-04-13 16:00:00,0.01756,56.88,103.0,2.9,0.1199,0.0795381127446775
2025-04-13 17:00:00,0.09863,84.77,61.1,2.9,0.1199,0.0
2025-04-13 18:00:00,0.12065,84.77,26.5,2.9,0.1199,0.0
2025-04-13 19:00:00,0.11801,84.77,41.7,2.9,0.1199,0.0
2025-04-13 20:00:00,0.10806,128.48,42.8,2.873778808593752,0.1199,0.0
2025-04-13 21:00:00,0.10335,128.48,20.8,2.807733886718752,0.1199,0.0
2025-04-13 22:00:00,0.09498,128.48,2.37,2.778700683593752,0.1199,0.0
2025-04-13 23:00:00,0.08756,167.34,0.0,2.767255371093752,0.1199,0.0
2025-04-14 00:00:00,0.08269,167.34,0.0,2.729618652343752,0.1199,0.0
2025-04-14 01:00:00,0.08211,167.34,0.0,2.7088984375000016,0.1199,0.0
2025-04-14 02:00:00,0.08229,181.42,0.0,2.667836425781252,0.1199,0.0
2025-04-14 03:00:00,0.08452,181.42,0.0,2.646298339843752,0.1199,0.0
2025-04-14 04:00:00,0.0970999999999999,181.42,0.0,2.607289550781252,0.1199,0.0
2025-04-14 05:00:00,0.12434,245.26,0.0,2.643102539062502,0.1199,0.0
2025-04-14 06:00:00,0.15203,245.26,0.0,2.787689941406252,0.1199,0.0
2025-04-14 07:00:00,0.1437,245.26,0.0,2.9,0.1199,0.0
2025-04-14 08:00:00,0.1047,235.74,0.1,2.9,0.1199,0.1240940354169868
2025-04-14 09:00:00,0.0910199999999999,235.74,6.98,2.9,0.1199,0.2682443571388591
2025-04-14 10:00:00,0.07707,235.74,24.3,2.9,0.1199,0.3515117041864061
2025-04-14 11:00:00,0.06235,116.31,49.4,2.9,0.1199,0.4019066713923133
2025-04-14 12:00:00,0.06164,116.31,95.7,2.9,0.1199,0.3643426504337886
2025-04-14 13:00:00,0.06436,116.31,130.0,2.9,0.1199,0.350378911714757
2025-04-14 14:00:00,0.07529,63.93,139.0,2.9,0.1199,0.3256355203300545
2025-04-14 15:00:00,0.0846,63.93,132.0,2.9,0.1199,0.3172940015207204
2025-04-14 16:00:00,0.09702,63.93,115.0,2.9,0.1199,0.2432984069899593
2025-04-14 17:00:00,0.11935,35.38,128.0,2.9,0.1199,0.0431692571876342
2025-04-14 18:00:00,0.18,35.38,94.3,2.9,0.1199,0.0
2025-04-14 19:00:00,0.14061,35.38,73.2,2.9,0.1199,0.0
2025-04-14 20:00:00,0.10283,57.13,51.2,2.9,0.1199,0.0
2025-04-14 21:00:00,0.08259,57.13,24.4,2.9,0.1199,0.0
2025-04-14 22:00:00,0.076,57.13,2.83,2.875136230468752,0.1199,0.0
2025-04-14 23:00:00,0.07293,100.26,0.0,2.830810058593752,0.1199,0.0
2025-04-15 00:00:00,0.0732,100.26,0.0,2.797592285156252,0.1199,0.0
2025-04-15 01:00:00,0.06738,100.26,0.0,2.758712890625002,0.1199,0.0
2025-04-15 02:00:00,0.06429,129.65,0.0,2.737226074218752,0.1199,0.0
2025-04-15 03:00:00,0.0663,129.65,0.0,2.711837890625002,0.1199,0.0
2025-04-15 04:00:00,0.07042,129.65,0.0,2.698424804687497,0.1199,0.0
2025-04-15 05:00:00,0.08303,167.38,0.0,2.798559082031252,0.1199,0.0
2025-04-15 06:00:00,0.0969899999999999,167.38,0.0,2.9,0.1199,0.0
2025-04-15 07:00:00,0.09856,167.38,0.0,2.9,0.1199,0.0029422387391932
2025-04-15 08:00:00,0.065,127.55,0.0,2.9,0.1199,0.2375956353408083
2025-04-15 09:00:00,0.04893,127.55,4.15,2.9,0.1199,0.4008204098812544
2025-04-15 10:00:00,0.00292,127.55,17.3,2.9,0.1199,0.523927243523354
2025-04-15 11:00:00,8e-05,34.75,56.2,2.9,0.1199,0.3989899481767406
2025-04-15 12:00:00,0.0,34.75,98.6,2.9,0.1199,0.37711231617193
2025-04-15 13:00:00,0.0001,34.75,96.4,2.9,0.1199,0.1758620526860334
2025-04-15 14:00:00,0.02927,45.54,49.5,2.9,0.1199,0.2431255700487976
2025-04-15 15:00:00,0.06808,45.54,58.0,2.9,0.1199,0.0524313171305813
2025-04-15 16:00:00,0.08657,45.54,37.8,2.9,0.1199,0.0
2025-04-15 17:00:00,0.10528,59.11,52.7,2.9,0.1199,0.0
2025-04-15 18:00:00,0.13358,59.11,36.2,2.9,0.1199,0.0
2025-04-15 19:00:00,0.14154,59.11,17.3,2.9,0.1199,0.0
2025-04-15 20:00:00,0.11058,85.52,14.8,2.9,0.1199,0.0
2025-04-15 21:00:00,0.10221,85.52,12.6,2.887448242187497,0.1199,0.0
2025-04-15 22:00:00,0.09376,85.52,2.33,2.847724121093752,0.1199,0.0
2025-04-15 23:00:00,0.08801,115.65,0.0,2.798205078125002,0.1199,0.0
2025-04-16 00:00:00,0.08204,115.65,0.0,2.747084472656252,0.1199,0.0
2025-04-16 01:00:00,0.0822,115.65,0.0,2.724828613281252,0.1199,0.0
2025-04-16 02:00:00,0.0814,122.35,0.0,2.706781738281252,0.1199,0.0
2025-04-16 03:00:00,0.08299,122.35,0.0,2.704574707031252,0.1199,0.0
2025-04-16 04:00:00,0.0994,122.35,0.0,2.6705097656250016,0.1199,0.0
2025-04-16 05:00:00,0.121,163.69,0.0,2.723129394531252,0.1199,0.0
2025-04-16 06:00:00,0.1351399999999999,163.69,0.0,2.818354003906252,0.1199,0.0
2025-04-16 07:00:00,0.10994,163.69,0.0,2.817794921875002,0.1199,0.0
2025-04-16 08:00:00,0.0948199999999999,234.27,0.3,2.778358886718752,0.1199,0.0
2025-04-16 09:00:00,0.07975,234.27,0.8,2.7519160156250018,0.1199,0.0
2025-04-16 10:00:00,0.06408,234.27,5.32,2.754076660156252,0.1199,0.0
2025-04-16 11:00:00,0.0353,267.47,14.4,2.7494697265625017,0.1199,0.0
2025-04-16 12:00:00,0.0224,267.47,16.8,2.752658203125001,0.1199,0.0
2025-04-16 13:00:00,0.02494,267.47,26.4,2.756562011718752,0.1199,0.0
2025-04-16 14:00:00,0.055,256.15,22.0,2.736103027343752,0.1199,0.0
2025-04-16 15:00:00,0.068,256.15,22.1,2.7247871093750016,0.1199,0.0
2025-04-16 16:00:00,0.0931599999999999,256.15,23.0,2.719149902343752,0.1199,0.0
2025-04-16 17:00:00,0.118,191.59,23.5,2.695509765625002,0.1199,0.0
2025-04-16 18:00:00,0.14652,191.59,18.8,2.654228027343752,0.1199,0.0
2025-04-16 19:00:00,0.13648,191.59,12.6,2.621181152343752,0.1199,0.0
2025-04-16 20:00:00,0.121,199.28,8.03,2.592111328125002,0.1199,0.0
2025-04-16 21:00:00,0.10969,199.28,3.33,2.577101562500002,0.1199,0.0
2025-04-16 22:00:00,0.09859,199.28,0.6,2.568759277343752,0.1199,0.0
2025-04-16 23:00:00,0.08899,215.83,0.0,2.565626953125002,0.1199,0.0
2025-04-17 00:00:00,0.08399,215.83,0.0,2.5659980468750017,0.1199,0.0
2025-04-17 01:00:00,0.08167,215.83,0.0,2.566068847656252,0.1199,0.0
2025-04-17 02:00:00,0.0800699999999999,226.21,0.0,2.5654951171874973,0.1199,0.0
2025-04-17 03:00:00,0.08128,226.21,0.0,2.548080566406252,0.1199,0.0
2025-04-17 04:00:00,0.08743,226.21,0.0,2.5212812500000017,0.1199,0.0
2025-04-17 05:00:00,0.1080199999999999,293.25,0.0,2.503173339843752,0.1199,0.0
2025-04-17 06:00:00,0.1227999999999999,293.25,0.0,2.526647460937502,0.1199,0.0
2025-04-17 07:00:00,0.13,293.25,0.0,2.566029785156252,0.1199,0.0
2025-04-17 08:00:00,0.121,339.84,0.0,2.592169921875002,0.1199,0.0
2025-04-17 09:00:00,0.11,339.84,0.633,2.5962910156250016,0.1199,0.0
2025-04-17 10:00:00,0.09503,339.84,3.88,2.592658203125002,0.1199,0.0
2025-04-17 11:00:00,0.08084,334.56,9.7,2.5941962890625017,0.1199,0.0
2025-04-17 12:00:00,0.08104,334.56,18.3,2.621742675781252,0.1199,0.0
2025-04-17 13:00:00,0.07775,334.56,16.8,2.627921875000002,0.1199,0.0094974963198242
2025-04-17 14:00:00,0.07765,307.45,23.4,2.606491210937502,0.1199,0.0
2025-04-17 15:00:00,0.08387,307.45,27.5,2.584472167968752,0.1199,0.0
2025-04-17 16:00:00,0.09763,307.45,22.5,2.575478027343752,0.1199,0.0
2025-04-17 17:00:00,0.11265,251.68,23.4,2.553622558593752,0.1199,0.0
2025-04-17 18:00:00,0.129,251.68,18.4,2.531962402343752,0.1199,0.0
2025-04-17 19:00:00,0.12279,251.68,14.4,2.5229707031250017,0.1199,0.0
2025-04-17 20:00:00,0.11476,246.36,5.03,2.509611328125002,0.1199,0.0
2025-04-17 21:00:00,0.0989,246.36,1.53,2.495282714843752,0.1199,0.0
2025-04-17 22:00:00,0.09652,246.36,0.5,2.488930175781252,0.1199,0.0
2025-04-17 23:00:00,0.091,240.29,0.0,2.485990722656252,0.1199,0.0
2025-04-18 00:00:00,0.0813,240.29,0.0,2.479955566406252,0.1199,0.0
2025-04-18 01:00:00,0.07912,240.29,0.0,2.476742675781252,0.1199,0.0
2025-04-18 02:00:00,0.07794,257.3,0.0,2.478432128906252,0.1199,0.0
2025-04-18 03:00:00,0.07634,257.3,0.0,2.461996582031252,0.1199,0.0
2025-04-18 04:00:00,0.07635,257.3,0.0,2.448659179687497,0.1199,0.0
2025-04-18 05:00:00,0.07939,277.36,0.0,2.484650390625002,0.1199,0.0
2025-04-18 06:00:00,0.08798,277.36,0.0,2.5111250000000016,0.1199,0.0
2025-04-18 07:00:00,0.09125,277.36,0.0,2.5267353515625017,0.1199,0.0
2025-04-18 08:00:00,0.09014,302.31,0.0,2.550653808593752,0.1199,0.0
2025-04-18 09:00:00,0.0883,302.31,1.78,2.613832519531252,0.1199,0.0
2025-04-18 10:00:00,0.08328,302.31,5.38,2.666923339843752,0.1199,0.0762614494460958
2025-04-18 11:00:00,0.07503,249.61,12.0,2.7318134765625017,0.1199,0.1773344997264837
2025-04-18 12:00:00,0.06375,249.61,24.3,2.784416015625002,0.1199,0.3026364993350518
2025-04-18 13:00:00,0.06264,249.61,59.1,2.8265986328125017,0.1199,0.3259406884825278
2025-04-18 14:00:00,0.06536,173.98,58.4,2.835243652343752,0.1199,0.3296816520847862
2025-04-18 15:00:00,0.07661,173.98,79.7,2.816981933593752,0.1199,0.2167575497714463
2025-04-18 16:00:00,0.08864,173.98,135.0,2.774337890625002,0.1199,0.0355961258339939
2025-04-18 17:00:00,0.1035,155.74,131.0,2.710768554687497,0.1199,0.0
2025-04-18 18:00:00,0.12312,155.74,55.8,2.622108886718752,0.1199,0.0
2025-04-18 19:00:00,0.12652,155.74,52.6,2.551994140625002,0.1199,0.0
2025-04-18 20:00:00,0.11652,183.37,41.0,2.485707519531252,0.1199,0.0
2025-04-18 21:00:00,0.10635,183.37,5.23,2.389232910156252,0.1199,0.0
2025-04-18 22:00:00,0.09912,183.37,1.97,2.322658203125002,0.1199,0.0
2025-04-18 23:00:00,0.08932,199.85,0.0,2.265150878906252,0.1199,0.0
2025-04-19 00:00:00,0.08001,199.85,0.0,2.212582519531252,0.1199,0.0
2025-04-19 01:00:00,0.08445,199.85,0.0,2.187450683593752,0.1199,0.0
2025-04-19 02:00:00,0.08239,219.94,0.0,2.188393066406252,0.1199,0.0
2025-04-19 03:00:00,0.08498,219.94,0.0,2.152660644531252,0.1199,0.0
2025-04-19 04:00:00,0.09062,219.94,0.0,2.125915039062502,0.1199,0.0
2025-04-19 05:00:00,0.0952,221.84,0.0,2.286447265625002,0.1199,0.0
2025-04-19 06:00:00,0.09167,221.84,0.0,2.558021972656252,0.1199,0.0
2025-04-19 07:00:00,0.08389,221.84,0.0,2.726283691406252,0.1199,0.0
2025-04-19 08:00:00,0.07643,188.77,0.0,2.849672363281252,0.1199,0.1937820382992695
2025-04-19 09:00:00,0.02999,188.77,5.65,2.9,0.1199,0.4180774460823864
2025-04-19 10:00:00,0.00454,188.77,21.7,2.9,0.1199,0.610013190448019
2025-04-19 11:00:00,0.0,119.77,54.9,2.9,0.1199,0.6963165006513746
2025-04-19 12:00:00,-0.0030099999999999,119.77,80.0,2.9,0.1199,0.6940000018427092
2025-04-19 13:00:00,-0.00726,119.77,135.0,2.9,0.1199,0.5776806492065018
2025-04-19 14:00:00,-0.00086,95.48,144.0,2.9,0.1199,0.4626711305246624
2025-04-19 15:00:00,0.0002,95.48,132.0,2.9,0.1199,0.4263373628598773
2025-04-19 16:00:00,0.06401,95.48,95.3,2.9,0.1199,0.1876130415918331
2025-04-19 17:00:00,0.10277,80.23,152.0,2.9,0.1199,0.0
2025-04-19 18:00:00,0.12684,80.23,105.0,2.9,0.1199,0.0
2025-04-19 19:00:00,0.14271,80.23,103.0,2.8953046875000017,0.1199,0.0
2025-04-19 20:00:00,0.12736,130.04,53.4,2.8425117187500017,0.1199,0.0
2025-04-19 21:00:00,0.10955,130.04,16.1,2.8019355468750016,0.1199,0.0
2025-04-19 22:00:00,0.09827,130.04,2.73,2.754704101562502,0.1199,0.0
2025-04-19 23:00:00,0.10041,177.28,0.0,2.6924238281250017,0.1199,0.0
2025-04-20 00:00:00,0.0949,177.28,0.0,2.586537597656252,0.1199,0.0
2025-04-20 01:00:00,0.09898,177.28,0.0,2.527123535156252,0.1199,0.0
2025-04-20 02:00:00,0.09741,216.41,0.0,2.479369628906252,0.1199,0.0
2025-04-20 03:00:00,0.09883,216.41,0.0,2.459972656250002,0.1199,0.0
2025-04-20 04:00:00,0.10864,216.41,0.0,2.438136718750002,0.1199,0.0
2025-04-20 05:00:00,0.1093799999999999,231.29,0.0,2.595502441406252,0.1199,0.0
2025-04-20 06:00:00,0.0943199999999999,231.29,0.0,2.772279785156252,0.1199,0.0
2025-04-20 07:00:00,0.0686,231.29,0.0,2.9,0.1199,0.0
2025-04-20 08:00:00,0.01863,168.6,0.7000000000000001,2.9,0.1199,0.2496145139517301
2025-04-20 09:00:00,0.0,168.6,5.0,2.9,0.1199,0.464897963258356
2025-04-20 10:00:00,-0.0057199999999999,168.6,20.1,2.9,0.1199,0.632006240010546
2025-04-20 11:00:00,-0.03499,85.9,57.8,2.9,0.1199,0.7245617858023222
2025-04-20 12:00:00,-0.05242,85.9,99.9,2.9,0.1199,0.632130703703212
2025-04-20 13:00:00,-0.0400499999999999,85.9,130.0,2.9,0.1199,0.4647424451887719
2025-04-20 14:00:00,-0.0047599999999999,47.56,121.0,2.9,0.1199,0.3244381874833711
2025-04-20 15:00:00,0.0,47.56,161.0,2.9,0.1199,0.097423804229107
2025-04-20 16:00:00,0.07242,47.56,117.0,2.9,0.1199,0.0
2025-04-20 17:00:00,0.10681,91.9,60.9,2.9,0.1199,0.0
2025-04-20 18:00:00,0.1199399999999999,91.9,20.2,2.9,0.1199,0.0
2025-04-20 19:00:00,0.14495,91.9,34.0,2.8721040039062515,0.1199,0.0
2025-04-20 20:00:00,0.13756,135.85,4.45,2.827072265625002,0.1199,0.0
2025-04-20 21:00:00,0.12182,135.85,2.8,2.747079589843752,0.1199,0.0
2025-04-20 22:00:00,0.11068,135.85,0.533,2.640614746093752,0.1199,0.0
2025-04-20 23:00:00,0.10858,179.23,0.0,2.551552246093752,0.1199,0.0
2025-04-21 00:00:00,0.09759,179.23,0.0,2.495026367187497,0.1199,0.0
2025-04-21 01:00:00,0.09647,179.23,0.0,2.467716796875002,0.1199,0.0
2025-04-21 02:00:00,0.09684,230.26,0.0,2.453832519531252,0.1199,0.0
2025-04-21 03:00:00,0.09798,230.26,0.0,2.458925292968752,0.1199,0.0
2025-04-21 04:00:00,0.09854,230.26,0.0,2.514716308593752,0.1199,0.0
2025-04-21 05:00:00,0.0970699999999999,251.31,0.0,2.640009277343752,0.1199,0.0
2025-04-21 06:00:00,0.09131,251.31,0.0,2.803949707031252,0.1199,0.0
2025-04-21 07:00:00,0.0885,251.31,0.0,2.9,0.1199,0.0073609413826252
2025-04-21 08:00:00,0.08799,171.22,0.6,2.9,0.1199,0.2126611687211294
2025-04-21 09:00:00,0.0652399999999999,171.22,4.3,2.9,0.1199,0.3775035493240264
2025-04-21 10:00:00,0.03388,171.22,21.3,2.9,0.1199,0.4119788806824297
2025-04-21 11:00:00,0.01719,112.62,63.1,2.9,0.1199,0.4945558082862112
2025-04-21 12:00:00,0.00891,112.62,96.1,2.9,0.1199,0.3737709158656307
2025-04-21 13:00:00,0.00843,112.62,47.5,2.9,0.1199,0.4414059863263577
2025-04-21 14:00:00,0.01001,105.33,33.2,2.9,0.1199,0.2797718364797301
2025-04-21 15:00:00,0.05005,105.33,40.4,2.9,0.1199,0.1684323857710028
2025-04-21 16:00:00,0.08877,105.33,37.0,2.9,0.1199,0.1512836964797094
2025-04-21 17:00:00,0.10195,114.39,18.4,2.9,0.1199,0.0
2025-04-21 18:00:00,0.12195,114.39,20.1,2.9,0.1199,0.0
2025-04-21 19:00:00,0.1391399999999999,114.39,19.3,2.813310058593752,0.1199,0.0
2025-04-21 20:00:00,0.1321,134.02,15.3,2.771713378906252,0.1199,0.0
2025-04-21 21:00:00,0.1227699999999999,134.02,9.3,2.735731933593752,0.1199,0.0
2025-04-21 22:00:00,0.10654,134.02,3.45,2.718959472656252,0.1199,0.0
2025-04-21 23:00:00,0.0962099999999999,169.9,0.0,2.691046875000002,0.1199,0.0
2025-04-22 00:00:00,0.0888,169.9,0.0,2.6824531250000017,0.1199,0.0
2025-04-22 01:00:00,0.0874,169.9,0.0,2.664984863281252,0.1199,0.0
2025-04-22 02:00:00,0.08501,163.89,0.0,2.6455244140625016,0.1199,0.0
2025-04-22 03:00:00,0.08458,163.89,0.0,2.629623535156252,0.1199,0.0
2025-04-22 04:00:00,0.09739,163.89,0.0,2.619672363281252,0.1199,0.0
2025-04-22 05:00:00,0.12076,204.88,0.0,2.672724121093752,0.1199,0.0
2025-04-22 06:00:00,0.1515399999999999,204.88,0.0,2.7928632812500016,0.1199,0.0
2025-04-22 07:00:00,0.147,204.88,0.0,2.891710937500002,0.1199,0.0
2025-04-22 08:00:00,0.11188,254.98,0.0,2.9,0.1199,0.1033471983296752
2025-04-22 09:00:00,0.0952,254.98,4.63,2.9,0.1199,0.2156245411125263
2025-04-22 10:00:00,0.08997,254.98,18.6,2.9,0.1199,0.3158096710133157
2025-04-22 11:00:00,0.07992,141.41,38.3,2.9,0.1199,0.2890233854812939
2025-04-22 12:00:00,0.06766,141.41,51.3,2.9,0.1199,0.3769745721858593
2025-04-22 13:00:00,0.07147,141.41,92.9,2.9,0.1199,0.4973420922266037
2025-04-22 14:00:00,0.07845,59.48,133.0,2.9,0.1199,0.4710013242050472
2025-04-22 15:00:00,0.0830699999999999,59.48,116.0,2.9,0.1199,0.3659895931218789
2025-04-22 16:00:00,0.10004,59.48,143.0,2.9,0.1199,0.1964985907111151
2025-04-22 17:00:00,0.1223799999999999,50.31,139.0,2.9,0.1199,0.0313903534534573
2025-04-22 18:00:00,0.19232,50.31,126.0,2.9,0.1199,0.0
2025-04-22 19:00:00,0.2632,50.31,73.0,2.806991699218752,0.1199,0.0
2025-04-22 20:00:00,0.15728,78.71,43.3,2.711986816406252,0.1199,0.0
2025-04-22 21:00:00,0.12228,78.71,17.9,2.652323730468752,0.1199,0.0
2025-04-22 22:00:00,0.1095999999999999,78.71,2.4,2.653776367187497,0.1199,0.0
2025-04-22 23:00:00,0.10672,120.29,0.0,2.6469746093750017,0.1199,0.0
2025-04-23 00:00:00,0.0994,120.29,0.0,2.644896972656252,0.1199,0.0
2025-04-23 01:00:00,0.09684,120.29,0.0,2.656703613281252,0.1199,0.0
2025-04-23 02:00:00,0.0967,147.87,0.0,2.667533691406252,0.1199,0.0
2025-04-23 03:00:00,0.1012,147.87,0.0,2.659838378906252,0.1199,0.0
2025-04-23 04:00:00,0.10823,147.87,0.0,2.646183593750002,0.1199,0.0
2025-04-23 05:00:00,0.13709,198.06,0.0,2.693344238281252,0.1199,0.0
2025-04-23 06:00:00,0.152,198.06,0.0,2.817855957031252,0.1199,0.0
2025-04-23 07:00:00,0.12884,198.06,0.0,2.9,0.1199,0.0
2025-04-23 08:00:00,0.1,217.74,0.0,2.9,0.1199,0.1327984755561962
2025-04-23 09:00:00,0.092,217.74,5.1,2.9,0.1199,0.3429055406110295
2025-04-23 10:00:00,0.09439,217.74,20.0,2.9,0.1199,0.4703863505738512
2025-04-23 11:00:00,0.08104,136.25,16.5,2.9,0.1199,0.3616061558295529
2025-04-23 12:00:00,0.08029,136.25,86.8,2.9,0.1199,0.2337073187648716
2025-04-23 13:00:00,0.088,136.25,70.2,2.9,0.1199,0.2412638350909629
2025-04-23 14:00:00,0.0923499999999999,173.68,51.9,2.9,0.1199,0.2173873347880177
2025-04-23 15:00:00,0.09905,173.68,21.3,2.9,0.1199,0.0599612575511778
2025-04-23 16:00:00,0.10828,173.68,19.1,2.9,0.1199,0.0244338663907502
2025-04-23 17:00:00,0.1289,148.78,49.4,2.885265625000002,0.1199,0.0
2025-04-23 18:00:00,0.15597,148.78,30.5,2.763056152343752,0.1199,0.0
2025-04-23 19:00:00,0.14867,148.78,25.6,2.6927070312500017,0.1199,0.0
2025-04-23 20:00:00,0.12611,172.11,23.5,2.635873535156252,0.1199,0.0
2025-04-23 21:00:00,0.1082,172.11,17.8,2.616867187500002,0.1199,0.0
2025-04-23 22:00:00,0.09715,172.11,2.25,2.603275878906252,0.1199,0.0
2025-04-23 23:00:00,0.09417,182.13,0.0,2.626415527343752,0.1199,0.0
2025-04-24 00:00:00,0.0883,182.13,0.0,2.630736816406252,0.1199,0.0
2025-04-24 01:00:00,0.0867,182.13,0.0,2.636198242187497,0.1199,0.0
2025-04-24 02:00:00,0.08565,173.76,0.0,2.624389160156252,0.1199,0.0
2025-04-24 03:00:00,0.08435,173.76,0.0,2.6065107421874973,0.1199,0.0
2025-04-24 04:00:00,0.09093,173.76,0.0,2.599540527343752,0.1199,0.0
2025-04-24 05:00:00,0.11034,218.87,0.0,2.622182128906252,0.1199,0.0
2025-04-24 06:00:00,0.11851,218.87,0.0,2.677394531250002,0.1199,0.0
2025-04-24 07:00:00,0.11765,218.87,0.0,2.731232421875002,0.1199,0.0
2025-04-24 08:00:00,0.1089099999999999,237.4,0.0,2.7815986328125017,0.1199,0.0
2025-04-24 09:00:00,0.09667,237.4,0.867,2.829115722656252,0.1199,0.0
2025-04-24 10:00:00,0.09355,237.4,2.68,2.852248046875002,0.1199,0.0
2025-04-24 11:00:00,0.08156,221.65,13.7,2.875182617187497,0.1199,0.0
2025-04-24 12:00:00,0.07895,221.65,15.3,2.871435058593752,0.1199,0.0
2025-04-24 13:00:00,0.07804,221.65,17.8,2.888700683593752,0.1199,0.0
2025-04-24 14:00:00,0.07872,193.11,26.1,2.8843964843750016,0.1199,0.0
2025-04-24 15:00:00,0.08337,193.11,32.1,2.8574042968750017,0.1199,0.0
2025-04-24 16:00:00,0.09536,193.11,41.1,2.823009765625002,0.1199,0.0
2025-04-24 17:00:00,0.10102,136.47,30.6,2.785658691406252,0.1199,0.0
2025-04-24 18:00:00,0.11464,136.47,23.9,2.786315429687497,0.1199,0.0
2025-04-24 19:00:00,0.12161,136.47,26.6,2.7888593750000017,0.1199,0.0
2025-04-24 20:00:00,0.11448,159.54,13.4,2.7783808593750017,0.1199,0.0
2025-04-24 21:00:00,0.10653,159.54,5.13,2.7709296875000016,0.1199,0.0
2025-04-24 22:00:00,0.0930999999999999,159.54,1.47,2.751972167968752,0.1199,0.0
2025-04-24 23:00:00,0.09103,181.49,0.0,2.725663574218752,0.1199,0.0
2025-04-25 00:00:00,0.08292,181.49,0.0,2.689750488281252,0.1199,0.0
2025-04-25 01:00:00,0.08223,181.49,0.0,2.641940429687497,0.1199,0.0
2025-04-25 02:00:00,0.0834,179.8,0.0,2.608290527343752,0.1199,0.0
2025-04-25 03:00:00,0.08495,179.8,0.0,2.580966308593752,0.1199,0.0
2025-04-25 04:00:00,0.09464,179.8,0.0,2.552091796875002,0.1199,0.0
2025-04-25 05:00:00,0.10441,235.39,0.0,2.567836425781252,0.1199,0.0
2025-04-25 06:00:00,0.11339,235.39,0.0,2.6121406250000017,0.1199,0.0
2025-04-25 07:00:00,0.111,235.39,0.0,2.6610908203125017,0.1199,0.0
2025-04-25 08:00:00,0.09941,291.2,0.0,2.731967285156252,0.1199,0.0
2025-04-25 09:00:00,0.08817,291.2,2.97,2.816779296875002,0.1199,0.0683735993938008
2025-04-25 10:00:00,0.07545,291.2,13.6,2.9,0.1199,0.2414901269430475
2025-04-25 11:00:00,0.06661,268.1,18.8,2.9,0.1199,0.3744437478124527
2025-04-25 12:00:00,0.04803,268.1,29.7,2.9,0.1199,0.4766644517917059
2025-04-25 13:00:00,0.04099,268.1,37.7,2.9,0.1199,0.3728610799331242
2025-04-25 14:00:00,0.05947,193.99,34.0,2.9,0.1199,0.4012677664787681
2025-04-25 15:00:00,0.07304,193.99,41.2,2.9,0.1199,0.2917160481349612
2025-04-25 16:00:00,0.08419,193.99,42.3,2.9,0.1199,0.0673514053567119
2025-04-25 17:00:00,0.09943,142.21,53.8,2.9,0.1199,0.0079110171093284
2025-04-25 18:00:00,0.11599,142.21,49.9,2.8140058593750017,0.1199,0.0
2025-04-25 19:00:00,0.12378,142.21,37.7,2.762448242187497,0.1199,0.0
2025-04-25 20:00:00,0.1096299999999999,181.79,60.8,2.7320332031250016,0.1199,0.0
2025-04-25 21:00:00,0.10037,181.79,27.6,2.692343261718752,0.1199,0.0
2025-04-25 22:00:00,0.09209,181.79,5.1,2.652523925781252,0.1199,0.0
2025-04-25 23:00:00,0.1,233.31,0.0,2.613576171875002,0.1199,0.0
2025-04-26 00:00:00,0.09219,233.31,0.0,2.581447265625002,0.1199,0.0
2025-04-26 01:00:00,0.0910199999999999,233.31,0.0,2.5547480468750017,0.1199,0.0
2025-04-26 02:00:00,0.0896599999999999,257.39,0.0,2.526459472656252,0.1199,0.0
2025-04-26 03:00:00,0.08901,257.39,0.0,2.481779296875002,0.1199,0.0
2025-04-26 04:00:00,0.09086,257.39,0.0,2.456146972656252,0.1199,0.0
2025-04-26 05:00:00,0.09301,316.36,0.0,2.619845703125002,0.1199,0.0
2025-04-26 06:00:00,0.08633,316.36,0.0,2.7510761718750016,0.1199,0.0
2025-04-26 07:00:00,0.07219,316.36,0.0,2.8966621093750016,0.1199,0.0238910722396382
2025-04-26 08:00:00,0.03445,213.71,1.3,2.9,0.1199,0.2673615252417161
2025-04-26 09:00:00,0.0025499999999999,213.71,7.75,2.9,0.1199,0.5027513196533362
2025-04-26 10:00:00,-1e-05,213.71,25.5,2.9,0.1199,0.5723072694927397
2025-04-26 11:00:00,-0.00763,94.62,63.5,2.9,0.1199,0.5123318556707609
2025-04-26 12:00:00,-0.01485,94.62,104.0,2.9,0.1199,0.5859728074356375
2025-04-26 13:00:00,-0.01077,94.62,133.0,2.9,0.1199,0.5798169349553214
2025-04-26 14:00:00,-0.00219,53.56,155.0,2.9,0.1199,0.4583846602459733
2025-04-26 15:00:00,-2e-05,53.56,150.0,2.9,0.1199,0.3385085575241188
2025-04-26 16:00:00,0.0309899999999999,53.56,104.0,2.9,0.1199,0.2384715996496401
2025-04-26 17:00:00,0.079,26.15,103.0,2.9,0.1199,0.0440528336566982
2025-04-26 18:00:00,0.09981,26.15,138.0,2.9,0.1199,0.0
2025-04-26 19:00:00,0.1074,26.15,113.0,2.9,0.1199,0.0
2025-04-26 20:00:00,0.0968499999999999,70.07,73.4,2.878666503906252,0.1199,0.0
2025-04-26 21:00:00,0.08526,70.07,30.5,2.813629882812502,0.1199,0.0
2025-04-26 22:00:00,0.07231,70.07,4.53,2.744494140625002,0.1199,0.0
2025-04-26 23:00:00,0.0677099999999999,111.83,0.0,2.6738105468750017,0.1199,0.0
2025-04-27 00:00:00,0.06291,111.83,0.0,2.6028046875000017,0.1199,0.0
2025-04-27 01:00:00,0.05796,111.83,0.0,2.528563964843752,0.1199,0.0
2025-04-27 02:00:00,0.05912,150.33,0.0,2.504838378906252,0.1199,0.0
2025-04-27 03:00:00,0.0619399999999999,150.33,0.0,2.4556074218750017,0.1199,0.0
2025-04-27 04:00:00,0.06905,150.33,0.0,2.429887207031252,0.1199,0.0
2025-04-27 05:00:00,0.06914,213.22,0.0,2.610087402343752,0.1199,0.0
2025-04-27 06:00:00,0.06372,213.22,0.0,2.871994140625002,0.1199,0.0
2025-04-27 07:00:00,0.03495,213.22,0.0,2.9,0.1199,0.0532422592989344
2025-04-27 08:00:00,4e-05,131.2,1.3,2.9,0.1199,0.2794233903680316
2025-04-27 09:00:00,-0.003,131.2,5.48,2.9,0.1199,0.5069319150698061
2025-04-27 10:00:00,-0.03388,131.2,21.9,2.9,0.1199,0.67089198280481
2025-04-27 11:00:00,-0.10104,55.14,62.2,2.9,0.1199,0.7772612050634303
2025-04-27 12:00:00,-0.12981,55.14,104.0,2.9,0.1199,0.8212907166303267
2025-04-27 13:00:00,-0.11661,55.14,134.0,2.9,0.1199,0.7604841540606532
2025-04-27 14:00:00,-0.05,18.22,153.0,2.9,0.1199,0.6377508197690555
2025-04-27 15:00:00,-0.00517,18.22,160.0,2.9,0.1199,0.46608144903984
2025-04-27 16:00:00,0.01835,18.22,159.0,2.9,0.1199,0.2920120728481639
2025-04-27 17:00:00,0.09198,14.82,150.0,2.9,0.1199,0.1129896811817055
2025-04-27 18:00:00,0.11083,14.82,140.0,2.9,0.1199,0.0
2025-04-27 19:00:00,0.12423,14.82,110.0,2.9,0.1199,0.0
2025-04-27 20:00:00,0.1092399999999999,45.49,68.1,2.876193359375001,0.1199,0.0
2025-04-27 21:00:00,0.099,45.49,29.4,2.792421386718752,0.1199,0.0
2025-04-27 22:00:00,0.0937699999999999,45.49,5.43,2.738114746093752,0.1199,0.0
2025-04-27 23:00:00,0.0922399999999999,110.64,0.1,2.694052246093752,0.1199,0.0
2025-04-28 00:00:00,0.08649,110.64,0.0,2.641041992187497,0.1199,0.0
2025-04-28 01:00:00,0.0831,110.64,0.0,2.605880859375002,0.1199,0.0
2025-04-28 02:00:00,0.08541,169.59,0.0,2.6074238281250017,0.1199,0.0
2025-04-28 03:00:00,0.09119,169.59,0.0,2.596454589843752,0.1199,0.0
2025-04-28 04:00:00,0.09949,169.59,0.0,2.5673457031250018,0.1199,0.0
2025-04-28 05:00:00,0.14,253.1,0.0,2.745390136718752,0.1199,0.0
2025-04-28 06:00:00,0.13109,253.1,0.0,2.9,0.1199,0.0
2025-04-28 07:00:00,0.0968499999999999,253.1,0.0,2.9,0.1199,0.1000511995736883
2025-04-28 08:00:00,0.06737,189.85,1.5,2.9,0.1199,0.3337595980338271
2025-04-28 09:00:00,0.0100299999999999,189.85,6.13,2.9,0.1199,0.5414805650600274
2025-04-28 10:00:00,-1e-05,189.85,24.0,2.9,0.1199,0.7050395729044872
2025-04-28 11:00:00,-0.0040199999999999,42.22,63.1,2.9,0.1199,0.8096175399927843
2025-04-28 12:00:00,-0.0059,42.22,104.0,2.9,0.1199,0.8484102675191133
2025-04-28 13:00:00,-0.00618,42.22,132.0,2.9,0.1199,0.8144094903639432
2025-04-28 14:00:00,-0.00154,9.06,152.0,2.9,0.1199,0.7270174473605562
2025-04-28 15:00:00,0.0020099999999999,9.06,161.0,2.9,0.1199,0.5785853338691163
2025-04-28 16:00:00,0.07183,9.06,162.0,2.9,0.1199,0.3840072027425883
2025-04-28 17:00:00,0.10192,6.72,154.0,2.9,0.1199,0.1627480630773427
2025-04-28 18:00:00,0.1499,6.72,135.0,2.9,0.1199,0.0
2025-04-28 19:00:00,0.19481,6.72,107.0,2.9,0.1199,0.0
2025-04-28 20:00:00,0.12883,38.76,69.1,2.9,0.1199,0.0
2025-04-28 21:00:00,0.10624,38.76,30.0,2.858595703125002,0.1199,0.0
2025-04-28 22:00:00,0.09683,38.76,5.0,2.872904785156252,0.1199,0.0
2025-04-28 23:00:00,0.09064,97.82,0.1,2.861767089843752,0.1199,0.0
2025-04-29 00:00:00,0.0868599999999999,97.82,0.0,2.814594238281252,0.1199,0.0
2025-04-29 01:00:00,0.08176,97.82,0.0,2.772235839843752,0.1199,0.0
2025-04-29 02:00:00,0.07917,155.97,0.0,2.739652832031252,0.1199,0.0
2025-04-29 03:00:00,0.08003,155.97,0.0,2.706569335937502,0.1199,0.0
2025-04-29 04:00:00,0.09057,155.97,0.0,2.691815917968752,0.1199,0.0
2025-04-29 05:00:00,0.107,232.63,0.0,2.774977539062502,0.1199,0.0
2025-04-29 06:00:00,0.11313,232.63,0.0,2.9,0.1199,0.0
2025-04-29 07:00:00,0.09998,232.63,0.0,2.9,0.1199,0.105999397034114
2025-04-29 08:00:00,0.078,163.61,2.05,2.9,0.1199,0.3511315329345611
2025-04-29 09:00:00,0.00931,163.61,6.73,2.9,0.1199,0.5657807589823928
2025-04-29 10:00:00,0.0,163.61,24.4,2.9,0.1199,0.731775876825878
2025-04-29 11:00:00,-0.00076,24.36,62.7,2.9,0.1199,0.8353671067897528
2025-04-29 12:00:00,-0.0019,24.36,102.0,2.9,0.1199,0.8741972160578164
2025-04-29 13:00:00,-0.0016699999999999,24.36,132.0,2.9,0.1199,0.8428661254774206
2025-04-29 14:00:00,-1e-05,5.0,152.0,2.9,0.1199,0.7471194958944154
2025-04-29 15:00:00,0.01482,5.0,162.0,2.9,0.1199,0.5931941427344681
2025-04-29 16:00:00,0.0775999999999999,5.0,161.0,2.9,0.1199,0.3995220861902673
2025-04-29 17:00:00,0.102,5.0,152.0,2.9,0.1199,0.1777215341463081
2025-04-29 18:00:00,0.13983,5.0,133.0,2.9,0.1199,0.0
2025-04-29 19:00:00,0.17475,5.0,104.0,2.9,0.1199,0.0
2025-04-29 20:00:00,0.12911,20.03,67.4,2.9,0.1199,0.0
2025-04-29 21:00:00,0.10883,20.03,29.6,2.9,0.1199,0.0
2025-04-29 22:00:00,0.0978199999999999,20.03,5.25,2.876371582031252,0.1199,0.0
2025-04-29 23:00:00,0.095,57.6,0.1,2.820336425781252,0.1199,0.0
2025-04-30 00:00:00,0.09,57.6,0.0,2.7815302734375016,0.1199,0.0
2025-04-30 01:00:00,0.08759,57.6,0.0,2.765907714843752,0.1199,0.0
2025-04-30 02:00:00,0.08825,99.71,0.0,2.753153808593752,0.1199,0.0
2025-04-30 03:00:00,0.0914,99.71,0.0,2.723483398437502,0.1199,0.0
2025-04-30 04:00:00,0.09583,99.71,0.0,2.7052412109375017,0.1199,0.0
2025-04-30 05:00:00,0.11527,173.88,0.0,2.878368652343752,0.1199,0.0
2025-04-30 06:00:00,0.1202999999999999,173.88,0.0,2.9,0.1199,0.0
2025-04-30 07:00:00,0.0999,173.88,0.0,2.9,0.1199,0.1250083042425046
2025-04-30 08:00:00,0.0767,106.98,1.95,2.9,0.1199,0.3407615135467153
2025-04-30 09:00:00,0.00708,106.98,7.25,2.9,0.1199,0.5584508955373696
2025-04-30 10:00:00,0.0,106.98,24.2,2.9,0.1199,0.7189585699623626
2025-04-30 11:00:00,-0.001,8.62,57.3,2.9,0.1199,0.8296064413032309
2025-04-30 12:00:00,-0.00621,8.62,96.4,2.9,0.1199,0.8634597922096198
2025-04-30 13:00:00,-0.003,8.62,121.0,2.9,0.1199,0.8060370367183036
2025-04-30 14:00:00,-2e-05,5.58,145.0,2.9,0.1199,0.747926736476693
2025-04-30 15:00:00,0.01991,5.58,156.0,2.9,0.1199,0.6030629562715004
2025-04-30 16:00:00,0.07839,5.58,157.0,2.9,0.1199,0.4104443835962653
2025-04-30 17:00:00,0.1018,6.0,149.0,2.9,0.1199,0.1936142333112013
2025-04-30 18:00:00,0.13037,6.0,132.0,2.9,0.1199,0.0
2025-04-30 19:00:00,0.17643,6.0,104.0,2.9,0.1199,0.0
2025-04-30 20:00:00,0.128,11.44,69.0,2.9,0.1199,0.0
2025-04-30 21:00:00,0.10833,11.44,29.9,2.9,0.1199,0.0
2025-04-30 22:00:00,0.09868,11.44,5.33,2.9,0.1199,0.0
2025-04-30 23:00:00,0.09751,23.49,0.4,2.9,0.1199,0.0
2025-05-01 00:00:00,0.09178,23.49,0.0,2.816039550781252,0.1199,0.0
2025-05-01 01:00:00,0.09046,23.49,0.0,2.741002929687497,0.1199,0.0
2025-05-01 02:00:00,0.09063,69.32,0.0,2.686393554687497,0.1199,0.0
2025-05-01 03:00:00,0.0905,69.32,0.0,2.648148925781252,0.1199,0.0
2025-05-01 04:00:00,0.08416,69.32,0.0,2.658351562500002,0.1199,0.0
2025-05-01 05:00:00,0.08394,117.32,0.0,2.9,0.1199,0.0
2025-05-01 06:00:00,0.07804,117.32,0.0,2.9,0.1199,0.0
2025-05-01 07:00:00,0.0621,117.32,0.0,2.9,0.1199,0.1497956260488436
2025-05-01 08:00:00,0.0,51.16,1.85,2.9,0.1199,0.3894807546267276
2025-05-01 09:00:00,-0.003,51.16,5.93,2.9,0.1199,0.598922507420874
2025-05-01 10:00:00,-0.0401,51.16,22.8,2.9,0.1199,0.7612180265977262
2025-05-01 11:00:00,-0.08501,5.04,64.1,2.9,0.1199,0.8655642524360116
2025-05-01 12:00:00,-0.12999,5.04,99.8,2.9,0.1199,0.9033040037655924
2025-05-01 13:00:00,-0.1181099999999999,5.04,125.0,2.9,0.1199,0.8748935618272672
2025-05-01 14:00:00,-0.04999,5.0,142.0,2.9,0.1199,0.7833135801560055
2025-05-01 15:00:00,-0.00517,5.0,152.0,2.9,0.1199,0.6326123052374607
2025-05-01 16:00:00,0.04077,5.0,151.0,2.9,0.1199,0.4381893315697756
2025-05-01 17:00:00,0.09614,5.0,142.0,2.9,0.1199,0.223338160802389
2025-05-01 18:00:00,0.12987,5.0,126.0,2.9,0.1199,0.0
2025-05-01 19:00:00,0.16438,5.0,100.0,2.9,0.1199,0.0
2025-05-01 20:00:00,0.12245,7.0,65.6,2.9,0.1199,0.0
2025-05-01 21:00:00,0.10073,7.0,26.2,2.9,0.1199,0.0
2025-05-01 22:00:00,0.0871,7.0,5.93,2.9,0.1199,0.0
2025-05-01 23:00:00,0.08992,15.99,0.1,2.9,0.1199,0.0
2025-05-02 00:00:00,0.07712,15.99,0.0,2.9,0.1199,0.0
2025-05-02 01:00:00,0.0669,15.99,0.0,2.9,0.1199,0.0
2025-05-02 02:00:00,0.06391,20.64,0.0,2.9,0.1199,0.0
2025-05-02 03:00:00,0.066,20.64,0.0,2.9,0.1199,0.0
2025-05-02 04:00:00,0.07401,20.64,0.0,2.9,0.1199,0.0
2025-05-02 05:00:00,0.08683,38.18,0.0,2.9,0.1199,0.0
2025-05-02 06:00:00,0.08855,38.18,0.0,2.9,0.1199,0.0
2025-05-02 07:00:00,0.0849,38.18,0.0,2.9,0.1199,0.1063205317907828
2025-05-02 08:00:00,0.055,9.22,1.75,2.9,0.1199,0.28005744218459
2025-05-02 09:00:00,0.00085,9.22,6.3,2.9,0.1199,0.4930565077329433
2025-05-02 10:00:00,-1e-05,9.22,23.8,2.9,0.1199,0.7297846021590622
2025-05-02 11:00:00,-0.0008,4.25,60.7,2.9,0.1199,0.7784404328758054
2025-05-02 12:00:00,-0.003,4.25,93.9,2.9,0.1199,0.7692601487935322
2025-05-02 13:00:00,-0.004,4.25,118.0,2.9,0.1199,0.593424858373503
2025-05-02 14:00:00,-8e-05,4.25,140.0,2.9,0.1199,0.4328879787327301
2025-05-02 15:00:00,0.0003,4.25,105.0,2.9,0.1199,0.4013508775796853
2025-05-02 16:00:00,0.0675,4.25,145.0,2.9,0.1199,0.3743919793084783
2025-05-02 17:00:00,0.0999,6.25,142.0,2.9,0.1199,0.2020158677624527
2025-05-02 18:00:00,0.11839,6.25,127.0,2.9,0.1199,0.0
2025-05-02 19:00:00,0.1504,6.25,95.0,2.9,0.1199,0.0
2025-05-02 20:00:00,0.12124,8.0,62.3,2.9,0.1199,0.0
2025-05-02 21:00:00,0.10672,8.0,26.8,2.9,0.1199,0.0
2025-05-02 22:00:00,0.09644,8.0,6.05,2.9,0.1199,0.0
2025-05-02 23:00:00,0.09781,11.18,0.4,2.9,0.1199,0.0
2025-05-03 00:00:00,0.09334,11.18,0.0,2.9,0.1199,0.0
2025-05-03 01:00:00,0.0922,11.18,0.0,2.9,0.1199,0.0
2025-05-03 02:00:00,0.092,32.27,0.0,2.9,0.1199,0.0
2025-05-03 03:00:00,0.09123,32.27,0.0,2.9,0.1199,0.0
2025-05-03 04:00:00,0.09184,32.27,0.0,2.9,0.1199,0.0
2025-05-03 05:00:00,0.09286,59.38,0.0,2.9,0.1199,0.0
2025-05-03 06:00:00,0.08773,59.38,0.0,2.9,0.1199,0.0
2025-05-03 07:00:00,0.0799,59.38,0.0,2.9,0.1199,0.0
2025-05-03 08:00:00,0.0135299999999999,49.75,2.37,2.9,0.1199,0.1286397147990143
2025-05-03 09:00:00,1e-05,49.75,9.4,2.9,0.1199,0.1348407443196888
2025-05-03 10:00:00,-1e-05,49.75,18.5,2.9,0.1199,0.2120679475328477
2025-05-03 11:00:00,-0.00116,32.24,25.6,2.9,0.1199,0.4742348002510947
2025-05-03 12:00:00,-0.00304,32.24,34.4,2.9,0.1199,0.4627083024775845
2025-05-03 13:00:00,-0.00269,32.24,96.3,2.9,0.1199,0.5016861430231611
2025-05-03 14:00:00,-3e-05,24.0,88.3,2.9,0.1199,0.3630492066225236
2025-05-03 15:00:00,0.0,24.0,77.3,2.9,0.1199,0.0
2025-05-03 16:00:00,0.02887,24.0,65.8,2.9,0.1199,0.0
2025-05-03 17:00:00,0.06811,44.3,11.2,2.9,0.1199,0.0
2025-05-03 18:00:00,0.07754,44.3,11.2,2.9,0.1199,0.0
2025-05-03 19:00:00,0.0902699999999999,44.3,12.2,2.9,0.1199,0.0
2025-05-03 20:00:00,0.08702,68.27,12.3,2.898688476562502,0.1199,0.0
2025-05-03 21:00:00,0.0786299999999999,68.27,5.9,2.827519042968752,0.1199,0.0
2025-05-03 22:00:00,0.06591,68.27,1.98,2.7492255859375017,0.1199,0.0
2025-05-03 23:00:00,0.0603,112.83,0.15,2.671557128906252,0.1199,0.0
2025-05-04 00:00:00,0.0448999999999999,112.83,0.0,2.628588378906252,0.1199,0.0
2025-05-04 01:00:00,0.03147,112.83,0.0,2.581322753906252,0.1199,0.0
2025-05-04 02:00:00,0.02039,172.07,0.0,2.554716308593752,0.1199,0.0
2025-05-04 03:00:00,0.02002,172.07,0.0,2.5311689453125017,0.1199,0.0
2025-05-04 04:00:00,0.01558,172.07,0.0,2.534027832031252,0.1199,0.0
2025-05-04 05:00:00,0.0136199999999999,209.95,0.0,2.5957685546874973,0.1199,0.0
2025-05-04 06:00:00,0.00783,209.95,0.0,2.661522949218752,0.1199,0.0
2025-05-04 07:00:00,0.00293,209.95,0.0,2.762943847656252,0.1199,0.0
2025-05-04 08:00:00,0.0,150.43,2.27,2.813385742187497,0.1199,0.1930969499006032
2025-05-04 09:00:00,-1e-05,150.43,10.8,2.854787109375002,0.1199,0.1911856938752701
2025-05-04 10:00:00,-1e-05,150.43,32.8,2.863988769531252,0.1199,0.2410894219070275
2025-05-04 11:00:00,-2e-05,117.52,56.6,2.9,0.1199,0.1604443255827159
2025-05-04 12:00:00,-0.002,117.52,33.4,2.9,0.1199,0.3783426306845602
2025-05-04 13:00:00,-0.00501,117.52,51.4,2.9,0.1199,0.1954154962031323
2025-05-04 14:00:00,-0.00159,92.62,93.7,2.9,0.1199,0.3453416036341865
2025-05-04 15:00:00,-1e-05,92.62,104.0,2.9,0.1199,0.3440899065286545
2025-05-04 16:00:00,0.01007,92.62,81.8,2.9,0.1199,0.1768201080747878
2025-05-04 17:00:00,0.08008,97.77,80.2,2.870038574218752,0.1199,0.0
2025-05-04 18:00:00,0.09595,97.77,45.2,2.792204101562502,0.1199,0.0
2025-05-04 19:00:00,0.109,97.77,67.0,2.7487128906250016,0.1199,0.0
2025-05-04 20:00:00,0.11238,140.55,30.0,2.700800292968752,0.1199,0.0
2025-05-04 21:00:00,0.10179,140.55,14.8,2.646454589843752,0.1199,0.0
2025-05-04 22:00:00,0.08735,140.55,4.8,2.5903291015625016,0.1199,0.0
2025-05-04 23:00:00,0.07518,182.76,0.6,2.526588867187497,0.1199,0.0
2025-05-05 00:00:00,0.07051,182.76,0.0,2.465971191406252,0.1199,0.0
2025-05-05 01:00:00,0.07225,182.76,0.0,2.427880371093752,0.1199,0.0
2025-05-05 02:00:00,0.07515,228.19,0.0,2.427785156250002,0.1199,0.0
2025-05-05 03:00:00,0.07498,228.19,0.0,2.411498535156252,0.1199,0.0
2025-05-05 04:00:00,0.08949,228.19,0.0,2.421906250000002,0.1199,0.0
2025-05-05 05:00:00,0.11092,315.34,0.0,2.488812988281252,0.1199,0.0
2025-05-05 06:00:00,0.12257,315.34,0.0,2.5587958984375017,0.1199,0.0
2025-05-05 07:00:00,0.10669,315.34,0.0,2.669877441406252,0.1199,0.0
2025-05-05 08:00:00,0.09082,265.19,1.87,2.755314453125002,0.1199,0.2215962229857105
2025-05-05 09:00:00,0.08,265.19,11.6,2.810707519531252,0.1199,0.4081614264589196
2025-05-05 10:00:00,0.0616499999999999,265.19,32.8,2.850971191406252,0.1199,0.3857943465096834
2025-05-05 11:00:00,0.0538299999999999,183.55,71.6,2.886542480468752,0.1199,0.2795432399697594
2025-05-05 12:00:00,0.0496599999999999,183.55,102.0,2.9,0.1199,0.2346730648042935
2025-05-05 13:00:00,0.0593,183.55,69.0,2.9,0.1199,0.1991956620302187
2025-05-05 14:00:00,0.07042,125.7,89.3,2.9,0.1199,0.2005125712774727
2025-05-05 15:00:00,0.0788799999999999,125.7,89.5,2.9,0.1199,0.1185091451811569
2025-05-05 16:00:00,0.08922,125.7,88.9,2.9,0.1199,0.0
2025-05-05 17:00:00,0.1001,83.97,88.7,2.895900390625002,0.1199,0.0
2025-05-05 18:00:00,0.1289199999999999,83.97,125.0,2.792287109375002,0.1199,0.0
2025-05-05 19:00:00,0.128,83.97,73.4,2.739545410156252,0.1199,0.0
2025-05-05 20:00:00,0.11317,113.1,20.1,2.682194335937502,0.1199,0.0
2025-05-05 21:00:00,0.10152,113.1,20.0,2.617221191406252,0.1199,0.0
2025-05-05 22:00:00,0.0944599999999999,113.1,6.0,2.574696777343752,0.1199,0.0
2025-05-05 23:00:00,0.0872199999999999,163.43,0.9,2.548510253906252,0.1199,0.0
2025-05-06 00:00:00,0.08168,163.43,0.0,2.529052246093752,0.1199,0.0
2025-05-06 01:00:00,0.08129,163.43,0.0,2.5029707031250017,0.1199,0.0
2025-05-06 02:00:00,0.0799599999999999,223.27,0.0,2.4737128906250017,0.1199,0.0
2025-05-06 03:00:00,0.08239,223.27,0.0,2.447924316406252,0.1199,0.0
2025-05-06 04:00:00,0.09708,223.27,0.0,2.478270996093752,0.1199,0.0
2025-05-06 05:00:00,0.1145699999999999,324.06,0.0,2.558017089843752,0.1199,0.0
2025-05-06 06:00:00,0.12186,324.06,0.0,2.5694355468750016,0.1199,0.0
2025-05-06 07:00:00,0.10837,324.06,0.0,2.691862304687497,0.1199,0.0
2025-05-06 08:00:00,0.08308,258.98,2.13,2.796352050781252,0.1199,0.2010613191193099
2025-05-06 09:00:00,0.07227,258.98,7.6,2.857255371093752,0.1199,0.3520575847290992
2025-05-06 10:00:00,0.05989,258.98,27.7,2.9,0.1199,0.3747436225998818
2025-05-06 11:00:00,0.04281,145.12,70.1,2.9,0.1199,0.4989569602067642
2025-05-06 12:00:00,0.03817,145.12,108.0,2.9,0.1199,0.4928994417140564
2025-05-06 13:00:00,0.0454399999999999,145.12,113.0,2.9,0.1199,0.3347687872400269
2025-05-06 14:00:00,0.065,85.26,130.0,2.9,0.1199,0.3479892762143229
2025-05-06 15:00:00,0.07373,85.26,115.0,2.9,0.1199,0.3783933754524604
2025-05-06 16:00:00,0.08999,85.26,138.0,2.9,0.1199,0.1233411266596616
2025-05-06 17:00:00,0.10689,69.38,137.0,2.9,0.1199,0.0
2025-05-06 18:00:00,0.13409,69.38,137.0,2.876957519531252,0.1199,0.0
2025-05-06 19:00:00,0.16118,69.38,92.1,2.7988837890625016,0.1199,0.0
2025-05-06 20:00:00,0.1366,96.54,58.9,2.732763183593752,0.1199,0.0
2025-05-06 21:00:00,0.11828,96.54,16.1,2.669008300781252,0.1199,0.0
2025-05-06 22:00:00,0.10127,96.54,4.22,2.656906250000002,0.1199,0.0
2025-05-06 23:00:00,0.09267,148.33,0.6,2.626369140625002,0.1199,0.0
2025-05-07 00:00:00,0.08705,148.33,0.0,2.6053632812500016,0.1199,0.0
2025-05-07 01:00:00,0.08563,148.33,0.0,2.590075195312502,0.1199,0.0
2025-05-07 02:00:00,0.0886,198.11,0.0,2.572392089843752,0.1199,0.0
2025-05-07 03:00:00,0.09516,198.11,0.0,2.550150878906252,0.1199,0.0
2025-05-07 04:00:00,0.10857,198.11,0.0,2.548388183593752,0.1199,0.0
2025-05-07 05:00:00,0.13168,251.08,0.0,2.5648408203125017,0.1199,0.0
2025-05-07 06:00:00,0.14395,251.08,0.0,2.578192871093752,0.1199,0.0
2025-05-07 07:00:00,0.125,251.08,0.0,2.680863769531252,0.1199,0.0
2025-05-07 08:00:00,0.09643,253.23,3.17,2.7602314453125016,0.1199,0.0642025989413054
2025-05-07 09:00:00,0.08241,253.23,12.5,2.868947265625002,0.1199,0.1266931978879062
2025-05-07 10:00:00,0.0733,253.23,34.0,2.9,0.1199,0.2739816836450839
2025-05-07 11:00:00,0.06443,146.27,51.5,2.9,0.1199,0.2588819788365568
2025-05-07 12:00:00,0.06392,146.27,103.0,2.9,0.1199,0.18426901184805
2025-05-07 13:00:00,0.06804,146.27,115.0,2.9,0.1199,0.1844907534179805
2025-05-07 14:00:00,0.075,62.34,122.0,2.9,0.1199,0.2505941788876842
2025-05-07 15:00:00,0.0818,62.34,158.0,2.9,0.1199,0.0551373672228405
2025-05-07 16:00:00,0.0958499999999999,62.34,129.0,2.9,0.1199,0.0239630149891435
2025-05-07 17:00:00,0.1084899999999999,40.72,102.0,2.9,0.1199,0.0
2025-05-07 18:00:00,0.12893,40.72,99.4,2.9,0.1199,0.0
2025-05-07 19:00:00,0.14715,40.72,78.9,2.813893554687497,0.1199,0.0
2025-05-07 20:00:00,0.12518,70.49,70.9,2.729396484375002,0.1199,0.0
2025-05-07 21:00:00,0.1084899999999999,70.49,30.4,2.678419921875002,0.1199,0.0
2025-05-07 22:00:00,0.09659,70.49,8.43,2.606752441406252,0.1199,0.0
2025-05-07 23:00:00,0.09586,103.5,0.3,2.571935546875002,0.1199,0.0
2025-05-08 00:00:00,0.0916599999999999,103.5,0.0,2.509599121093752,0.1199,0.0
2025-05-08 01:00:00,0.09151,103.5,0.0,2.473686035156252,0.1199,0.0
2025-05-08 02:00:00,0.09318,134.86,0.0,2.424501464843752,0.1199,0.0
2025-05-08 03:00:00,0.09609,134.86,0.0,2.409679687500002,0.1199,0.0
2025-05-08 04:00:00,0.10925,134.86,0.0,2.438893554687497,0.1199,0.0
2025-05-08 05:00:00,0.1242699999999999,204.3,0.0,2.629748046875002,0.1199,0.0
2025-05-08 06:00:00,0.13873,204.3,0.0,2.791698730468752,0.1199,0.0
2025-05-08 07:00:00,0.12411,204.3,0.0,2.9,0.1199,0.1296204551017973
2025-05-08 08:00:00,0.10113,175.82,1.73,2.9,0.1199,0.3594866460492152
2025-05-08 09:00:00,0.08781,175.82,7.03,2.9,0.1199,0.5470881914591086
2025-05-08 10:00:00,0.07534,175.82,25.1,2.9,0.1199,0.6474747190142193
2025-05-08 11:00:00,0.06425,81.03,67.6,2.9,0.1199,0.6863944608010677
2025-05-08 12:00:00,0.06375,81.03,97.7,2.9,0.1199,0.6945050938285149
2025-05-08 13:00:00,0.07005,81.03,117.0,2.9,0.1199,0.6168420862092906
2025-05-08 14:00:00,0.0787699999999999,52.54,137.0,2.9,0.1199,0.4464396013602689
2025-05-08 15:00:00,0.0853,52.54,157.0,2.9,0.1199,0.2530427717108119
2025-05-08 16:00:00,0.0916299999999999,52.54,168.0,2.9,0.1199,0.0748050233806107
2025-05-08 17:00:00,0.10909,45.76,156.0,2.9,0.1199,0.0
2025-05-08 18:00:00,0.13496,45.76,99.1,2.898551757812502,0.1199,0.0
2025-05-08 19:00:00,0.18508,45.76,75.6,2.789762695312502,0.1199,0.0
2025-05-08 20:00:00,0.14318,91.12,46.0,2.701242187500002,0.1199,0.0
2025-05-08 21:00:00,0.11477,91.12,30.1,2.623607910156252,0.1199,0.0
2025-05-08 22:00:00,0.10648,91.12,8.25,2.548788574218752,0.1199,0.0
2025-05-08 23:00:00,0.10227,143.25,0.8,2.478866699218752,0.1199,0.0
2025-05-09 00:00:00,0.09655,143.25,0.0,2.418207519531252,0.1199,0.0
2025-05-09 01:00:00,0.09376,143.25,0.0,2.366698730468752,0.1199,0.0
2025-05-09 02:00:00,0.09509,203.03,0.0,2.325634277343752,0.1199,0.0
2025-05-09 03:00:00,0.10028,203.03,0.0,2.291154296875002,0.1199,0.0
2025-05-09 04:00:00,0.1124,203.03,0.0,2.3237324218750017,0.1199,0.0
2025-05-09 05:00:00,0.141,255.64,0.0,2.559909179687497,0.1199,0.0
2025-05-09 06:00:00,0.13603,255.64,0.0,2.7499824218750017,0.1199,0.0
2025-05-09 07:00:00,0.10061,255.64,0.0,2.892042968750002,0.1199,0.1272292692509704
2025-05-09 08:00:00,0.082,192.01,2.37,2.9,0.1199,0.3600013330790805
2025-05-09 09:00:00,0.0516,192.01,6.95,2.9,0.1199,0.5639088180824849
2025-05-09 10:00:00,0.0001,192.01,27.1,2.9,0.1199,0.6870542498973955
2025-05-09 11:00:00,-0.00074,57.73,69.3,2.9,0.1199,0.6796123053795398
2025-05-09 12:00:00,-4e-05,57.73,108.0,2.9,0.1199,0.7150875061555997
2025-05-09 13:00:00,-1e-05,57.73,134.0,2.9,0.1199,0.5668350849659939
2025-05-09 14:00:00,8.999999999999999e-05,23.29,151.0,2.9,0.1199,0.3931778472655509
2025-05-09 15:00:00,0.05266,23.29,161.0,2.9,0.1199,0.2709538625658653
2025-05-09 16:00:00,0.07906,23.29,158.0,2.9,0.1199,0.0794566986638316
2025-05-09 17:00:00,0.0989,19.57,154.0,2.9,0.1199,0.0
2025-05-09 18:00:00,0.12,19.57,123.0,2.9,0.1199,0.0
2025-05-09 19:00:00,0.1491299999999999,19.57,93.3,2.889345214843752,0.1199,0.0
2025-05-09 20:00:00,0.13035,48.88,66.4,2.778192871093752,0.1199,0.0
2025-05-09 21:00:00,0.10732,48.88,32.9,2.677416503906252,0.1199,0.0
2025-05-09 22:00:00,0.0983199999999999,48.88,9.2,2.598888671875002,0.1199,0.0
2025-05-09 23:00:00,0.10522,112.04,0.75,2.535558593750002,0.1199,0.0
2025-05-10 00:00:00,0.10291,112.04,0.0,2.4792304687500017,0.1199,0.0
2025-05-10 01:00:00,0.09878,112.04,0.0,2.424892089843752,0.1199,0.0
2025-05-10 02:00:00,0.09628,153.64,0.0,2.375253417968752,0.1199,0.0
2025-05-10 03:00:00,0.1009,153.64,0.0,2.333095214843752,0.1199,0.0
2025-05-10 04:00:00,0.10047,153.64,0.0,2.376095703125002,0.1199,0.0
2025-05-10 05:00:00,0.09773,182.93,0.0,2.663241699218752,0.1199,0.0
2025-05-10 06:00:00,0.09391,182.93,0.0,2.9,0.1199,0.0
2025-05-10 07:00:00,0.07372,182.93,0.0,2.9,0.1199,0.1484541054387898
2025-05-10 08:00:00,0.00902,95.6,2.13,2.9,0.1199,0.3773400265396572
2025-05-10 09:00:00,-7.000000000000001e-05,95.6,6.33,2.9,0.1199,0.5809946771111097
2025-05-10 10:00:00,-0.0228799999999999,95.6,26.6,2.9,0.1199,0.7376497973778154
2025-05-10 11:00:00,-0.05848,26.28,68.8,2.9,0.1199,0.8376061414054485
2025-05-10 12:00:00,-0.11453,26.28,105.0,2.9,0.1199,0.8743213536788415
2025-05-10 13:00:00,-0.11051,26.28,130.0,2.9,0.1199,0.8445601575560734
2025-05-10 14:00:00,-0.04952,6.5,149.0,2.9,0.1199,0.7542201287345734
2025-05-10 15:00:00,-0.00594,6.5,157.0,2.9,0.1199,0.6076402903196593
2025-05-10 16:00:00,0.0239899999999999,6.5,158.0,2.9,0.1199,0.4189134926342465
2025-05-10 17:00:00,0.09527,6.09,148.0,2.9,0.1199,0.2037794816254613
2025-05-10 18:00:00,0.12404,6.09,131.0,2.9,0.1199,0.0
2025-05-10 19:00:00,0.1631999999999999,6.09,105.0,2.9,0.1199,0.0
2025-05-10 20:00:00,0.12949,21.38,70.5,2.9,0.1199,0.0
2025-05-10 21:00:00,0.10772,21.38,33.5,2.8306855468750016,0.1199,0.0
2025-05-10 22:00:00,0.0944899999999999,21.38,7.2,2.7307734375000017,0.1199,0.0
2025-05-10 23:00:00,0.0978,81.41,0.85,2.6454462890625017,0.1199,0.0
2025-05-11 00:00:00,0.0950999999999999,81.41,0.0,2.582067382812502,0.1199,0.0
2025-05-11 01:00:00,0.09451,81.41,0.0,2.539435546875002,0.1199,0.0
2025-05-11 02:00:00,0.09542,119.05,0.0,2.514828613281252,0.1199,0.0
2025-05-11 03:00:00,0.09539,119.05,0.0,2.5088935546874973,0.1199,0.0
2025-05-11 04:00:00,0.09545,119.05,0.0,2.5972529296874973,0.1199,0.0
2025-05-11 05:00:00,0.08761,142.76,0.0,2.855724609375002,0.1199,0.0
2025-05-11 06:00:00,0.06576,142.76,0.0,2.9,0.1199,0.0
2025-05-11 07:00:00,0.00496,142.76,0.0,2.9,0.1199,0.1729211532930245
2025-05-11 08:00:00,-0.0001,71.13,2.37,2.9,0.1199,0.402790077459307
2025-05-11 09:00:00,-0.01202,71.13,6.53,2.9,0.1199,0.6054072926267299
2025-05-11 10:00:00,-0.05195,71.13,26.6,2.9,0.1199,0.7638899924199956
2025-05-11 11:00:00,-0.2128199999999999,10.21,68.7,2.9,0.1199,0.864610056689979
2025-05-11 12:00:00,-0.25032,10.21,106.0,2.9,0.1199,0.901861119588135
2025-05-11 13:00:00,-0.23098,10.21,132.0,2.9,0.1199,0.8742064075304387
2025-05-11 14:00:00,-0.11006,5.17,149.0,2.9,0.1199,0.7853637722707194
2025-05-11 15:00:00,-0.01852,5.17,157.0,2.9,0.1199,0.6338308001021317
2025-05-11 16:00:00,-8e-05,5.17,158.0,2.9,0.1199,0.4409763292338248
2025-05-11 17:00:00,0.08596,5.0,149.0,2.9,0.1199,0.2266944337758484
2025-05-11 18:00:00,0.11711,5.0,130.0,2.9,0.1199,0.0038852087372287
2025-05-11 19:00:00,0.12486,5.0,104.0,2.9,0.1199,0.0
2025-05-11 20:00:00,0.10955,6.29,69.9,2.9,0.1199,0.0
2025-05-11 21:00:00,0.09845,6.29,32.8,2.9,0.1199,0.0
2025-05-11 22:00:00,0.08468,6.29,7.32,2.9,0.1199,0.0
2025-05-11 23:00:00,0.086,20.52,0.9,2.9,0.1199,0.0
2025-05-12 00:00:00,0.08128,20.52,0.0,2.9,0.1199,0.0
2025-05-12 01:00:00,0.08095,20.52,0.0,2.9,0.1199,0.0
2025-05-12 02:00:00,0.08148,42.94,0.0,2.875111816406252,0.1199,0.0
2025-05-12 03:00:00,0.08465,42.94,0.0,2.840150878906252,0.1199,0.0
2025-05-12 04:00:00,0.0977099999999999,42.94,0.0,2.857255371093752,0.1199,0.0
2025-05-12 05:00:00,0.13705,95.38,0.0,2.9,0.1199,0.0
2025-05-12 06:00:00,0.14115,95.38,0.0,2.9,0.1199,0.0
2025-05-12 07:00:00,0.1084899999999999,95.38,0.0,2.9,0.1199,0.1757155770216949
2025-05-12 08:00:00,0.06974,54.92,1.78,2.9,0.1199,0.4013749983271676
2025-05-12 09:00:00,0.00049,54.92,6.48,2.9,0.1199,0.6007372480024143
2025-05-12 10:00:00,-0.00391,54.92,26.6,2.9,0.1199,0.7566766984128542
2025-05-12 11:00:00,-0.025,5.38,68.0,2.9,0.1199,0.85848980573046
2025-05-12 12:00:00,-0.035,5.38,104.0,2.9,0.1199,0.8680939591612694
2025-05-12 13:00:00,-0.0299,5.38,128.0,2.9,0.1199,0.8020377706595104
2025-05-12 14:00:00,-0.00859,5.25,146.0,2.9,0.1199,0.7075879646233034
2025-05-12 15:00:00,-1e-05,5.25,154.0,2.9,0.1199,0.5304189333053565
2025-05-12 16:00:00,0.0725799999999999,5.25,153.0,2.9,0.1199,0.2775568364459626
2025-05-12 17:00:00,0.10712,5.0,146.0,2.9,0.1199,0.2117755684667354
2025-05-12 18:00:00,0.14141,5.0,130.0,2.9,0.1199,0.0071612510985286
2025-05-12 19:00:00,0.1727,5.0,103.0,2.9,0.1199,0.0
2025-05-12 20:00:00,0.11725,11.92,68.7,2.9,0.1199,0.0
2025-05-12 21:00:00,0.10011,11.92,31.7,2.9,0.1199,0.0
2025-05-12 22:00:00,0.09297,11.92,7.25,2.9,0.1199,0.0
2025-05-12 23:00:00,0.08987,26.63,1.1,2.9,0.1199,0.0
2025-05-13 00:00:00,0.08855,26.63,0.0,2.8326972656250016,0.1199,0.0
2025-05-13 01:00:00,0.0892,26.63,0.0,2.749235351562502,0.1199,0.0
2025-05-13 02:00:00,0.09394,51.37,0.0,2.6729316406250017,0.1199,0.0
2025-05-13 03:00:00,0.0967099999999999,51.37,0.0,2.611640136718752,0.1199,0.0
2025-05-13 04:00:00,0.104,51.37,0.0,2.635145996093752,0.1199,0.0
2025-05-13 05:00:00,0.13677,24.01,0.0,2.864557617187497,0.1199,0.0
2025-05-13 06:00:00,0.12833,24.01,0.0,2.9,0.1199,0.0
2025-05-13 07:00:00,0.10042,24.01,0.0,2.9,0.1199,0.17083314758081
2025-05-13 08:00:00,0.07936,3.44,2.25,2.9,0.1199,0.3997714574813735
2025-05-13 09:00:00,0.01609,3.44,7.13,2.9,0.1199,0.6042665422618069
2025-05-13 10:00:00,-0.00075,3.44,27.5,2.9,0.1199,0.763625018943403
2025-05-13 11:00:00,-0.006,0.34,69.3,2.9,0.1199,0.8695669987455927
2025-05-13 12:00:00,-0.016,0.34,106.0,2.9,0.1199,0.905589425222974
2025-05-13 13:00:00,-0.0065499999999999,0.34,131.0,2.9,0.1199,0.88029743378516
2025-05-13 14:00:00,-0.00383,0.17,149.0,2.9,0.1199,0.7889407391835204
2025-05-13 15:00:00,0.00055,0.17,156.0,2.9,0.1199,0.6377428090524238
2025-05-13 16:00:00,0.074,0.17,155.0,2.9,0.1199,0.4315156856975972
2025-05-13 17:00:00,0.10523,0.92,147.0,2.9,0.1199,0.2202028654938073
2025-05-13 18:00:00,0.1510699999999999,0.92,130.0,2.9,0.1199,0.014233203739039
2025-05-13 19:00:00,0.22358,0.92,104.0,2.9,0.1199,0.0
2025-05-13 20:00:00,0.14896,2.2,70.0,2.9,0.1199,0.0
2025-05-13 21:00:00,0.11197,2.2,34.3,2.9,0.1199,0.0
2025-05-13 22:00:00,0.10263,2.2,8.07,2.8671699218750017,0.1199,0.0
2025-05-13 23:00:00,0.10278,7.61,1.15,2.781669433593752,0.1199,0.0
2025-05-14 00:00:00,0.0973,7.61,0.0,2.715026367187497,0.1199,0.0
2025-05-14 01:00:00,0.09541,7.61,0.0,2.6675605468750017,0.1199,0.0
2025-05-14 02:00:00,0.0969599999999999,10.64,0.0,2.6319990234375017,0.1199,0.0
2025-05-14 03:00:00,0.09856,10.64,0.0,2.605341308593752,0.1199,0.0
2025-05-14 04:00:00,0.10394,10.64,0.0,2.679857910156252,0.1199,0.0
2025-05-14 05:00:00,0.12858,8.4,0.0,2.893788574218752,0.1199,0.0
2025-05-14 06:00:00,0.12251,8.4,0.0,2.9,0.1199,0.0
2025-05-14 07:00:00,0.09956,8.4,0.0,2.9,0.1199,0.1863926045851606
2025-05-14 08:00:00,0.07092,1.31,2.23,2.9,0.1199,0.4069106431521599
2025-05-14 09:00:00,0.0002,1.31,8.1,2.9,0.1199,0.5880916072159204
2025-05-14 10:00:00,-0.0016699999999999,1.31,27.8,2.9,0.1199,0.7077730845681153
2025-05-14 11:00:00,-0.01816,0.02,67.5,2.9,0.1199,0.7846128270013331
2025-05-14 12:00:00,-0.02991,0.02,104.0,2.9,0.1199,0.751326993481843
2025-05-14 13:00:00,-0.03182,0.02,114.0,2.9,0.1199,0.7100990524809002
2025-05-14 14:00:00,-0.01279,0.33,131.0,2.9,0.1199,0.6243980871158004
2025-05-14 15:00:00,-0.00133,0.33,134.0,2.9,0.1199,0.5259417916672683
2025-05-14 16:00:00,0.03094,0.33,153.0,2.9,0.1199,0.3984876123003035
2025-05-14 17:00:00,0.0916,0.25,148.0,2.9,0.1199,0.2196358743546918
2025-05-14 18:00:00,0.114,0.25,130.0,2.9,0.1199,0.0130902517789644
2025-05-14 19:00:00,0.1584499999999999,0.25,104.0,2.9,0.1199,0.0
2025-05-14 20:00:00,0.13259,1.59,71.1,2.9,0.1199,0.0
2025-05-14 21:00:00,0.10908,1.59,35.4,2.895270507812502,0.1199,0.0
2025-05-14 22:00:00,0.09986,1.59,8.75,2.798957031250002,0.1199,0.0
2025-05-14 23:00:00,0.09806,10.7,1.4,2.728847167968752,0.1199,0.0
2025-05-15 00:00:00,0.08988,10.7,0.0,2.673329589843752,0.1199,0.0
2025-05-15 01:00:00,0.0878,10.7,0.0,2.656811035156252,0.1199,0.0
2025-05-15 02:00:00,0.08763,10.13,0.0,2.673529785156252,0.1199,0.0
2025-05-15 03:00:00,0.09028,10.13,0.0,2.695888183593752,0.1199,0.0
2025-05-15 04:00:00,0.09894,10.13,0.0,2.7188691406250016,0.1199,0.0
2025-05-15 05:00:00,0.1199,8.7,0.0,2.750949218750001,0.1199,0.0
2025-05-15 06:00:00,0.11991,8.7,0.0,2.770497558593752,0.1199,0.0
2025-05-15 07:00:00,0.10206,8.7,0.0,2.830861328125002,0.1199,0.0
2025-05-15 08:00:00,0.07565,4.2,0.867,2.9,0.1199,0.0
2025-05-15 09:00:00,0.00458,4.2,3.58,2.9,0.1199,0.0997714564652213
2025-05-15 10:00:00,-8e-05,4.2,10.1,2.9,0.1199,0.4053698618505233
2025-05-15 11:00:00,-0.00497,0.34,39.3,2.9,0.1199,0.7867799064963021
2025-05-15 12:00:00,-0.01476,0.34,83.7,2.9,0.1199,0.8200980139213739
2025-05-15 13:00:00,-0.01425,0.34,123.0,2.9,0.1199,0.7481325448563602
2025-05-15 14:00:00,-0.00662,0.35,148.0,2.9,0.1199,0.6504866438256208
2025-05-15 15:00:00,-0.0006,0.35,120.0,2.9,0.1199,0.5701652854028502
2025-05-15 16:00:00,0.00383,0.35,110.0,2.9,0.1199,0.4194669484578924
2025-05-15 17:00:00,0.07611,0.55,111.0,2.9,0.1199,0.213577911145615
2025-05-15 18:00:00,0.10897,0.55,129.0,2.9,0.1199,0.0
2025-05-15 19:00:00,0.13074,0.55,109.0,2.9,0.1199,0.0
2025-05-15 20:00:00,0.12513,5.81,74.3,2.8852900390625016,0.1199,0.0
2025-05-15 21:00:00,0.1104899999999999,5.81,36.7,2.8340498046874973,0.1199,0.0
2025-05-15 22:00:00,0.101,5.81,8.68,2.7794013671874973,0.1199,0.0
2025-05-15 23:00:00,0.0945,10.08,1.5,2.710341308593752,0.1199,0.0
2025-05-16 00:00:00,0.08847,10.08,0.0,2.631750000000002,0.1199,0.0
2025-05-16 01:00:00,0.08491,10.08,0.0,2.549721191406252,0.1199,0.0
2025-05-16 02:00:00,0.085,10.67,0.0,2.476635253906252,0.1199,0.0
2025-05-16 03:00:00,0.08876,10.67,0.0,2.4219404296874973,0.1199,0.0
2025-05-16 04:00:00,0.09826,10.67,0.0,2.466884277343752,0.1199,0.0
2025-05-16 05:00:00,0.11318,10.15,0.0,2.644740722656252,0.1199,0.0
2025-05-16 06:00:00,0.1176,10.15,0.0,2.7187519531250017,0.1199,0.0
2025-05-16 07:00:00,0.1066599999999999,10.15,0.0,2.837631347656252,0.1199,0.136421207605851
2025-05-16 08:00:00,0.0789899999999999,2.01,2.55,2.9,0.1199,0.3478187250602008
2025-05-16 09:00:00,0.01111,2.01,8.15,2.9,0.1199,0.5517476178671531
2025-05-16 10:00:00,-1e-05,2.01,29.1,2.9,0.1199,0.7202109980661044
2025-05-16 11:00:00,-0.00315,0.15,69.6,2.9,0.1199,0.8126606038372957
2025-05-16 12:00:00,-0.00197,0.15,104.0,2.9,0.1199,0.8708784463163863
2025-05-16 13:00:00,-0.00155,0.15,134.0,2.9,0.1199,0.8573119960065927
2025-05-16 14:00:00,-1e-05,0.19,155.0,2.9,0.1199,0.7666374616272162
2025-05-16 15:00:00,0.00298,0.19,163.0,2.9,0.1199,0.6286654168884418
2025-05-16 16:00:00,0.06979,0.19,161.0,2.9,0.1199,0.3862396116472363
2025-05-16 17:00:00,0.10005,0.27,152.0,2.9,0.1199,0.1494342228137122
2025-05-16 18:00:00,0.11181,0.27,134.0,2.9,0.1199,0.0
2025-05-16 19:00:00,0.15491,0.27,106.0,2.9,0.1199,0.0
2025-05-16 20:00:00,0.14323,7.38,73.5,2.8498359375000017,0.1199,0.0
2025-05-16 21:00:00,0.11608,7.38,37.9,2.7945185546874973,0.1199,0.0
2025-05-16 22:00:00,0.10208,7.38,11.3,2.768549316406252,0.1199,0.0
2025-05-16 23:00:00,0.093,10.16,1.2,2.758446777343752,0.1199,0.0
2025-05-17 00:00:00,0.09348,10.16,0.0,2.7529658203125016,0.1199,0.0
2025-05-17 01:00:00,0.08893,10.16,0.0,2.731520507812502,0.1199,0.0
2025-05-17 02:00:00,0.0889,7.61,0.0,2.725829589843752,0.1199,0.0
2025-05-17 03:00:00,0.08989,7.61,0.0,2.725128906250002,0.1199,0.0
2025-05-17 04:00:00,0.0934599999999999,7.61,0.0,2.748830078125002,0.1199,0.0
2025-05-17 05:00:00,0.09156,7.7,0.0,2.827528808593752,0.1199,0.0
2025-05-17 06:00:00,0.08985,7.7,0.0,2.874877441406252,0.1199,0.0
2025-05-17 07:00:00,0.05911,7.7,0.0,2.9,0.1199,0.0
2025-05-17 08:00:00,0.00086,1.49,3.2,2.9,0.1199,0.1403451731039506
2025-05-17 09:00:00,-6e-05,1.49,10.8,2.9,0.1199,0.2289089688715187
2025-05-17 10:00:00,-0.00449,1.49,31.8,2.9,0.1199,0.2903664626875768
2025-05-17 11:00:00,-0.00496,0.9,65.2,2.9,0.1199,0.4380694731033523
2025-05-17 12:00:00,-0.01002,0.9,88.0,2.9,0.1199,0.547704032446345
2025-05-17 13:00:00,-0.0112699999999999,0.9,91.7,2.9,0.1199,0.3849279478737491
2025-05-17 14:00:00,-0.0058,0.75,104.0,2.9,0.1199,0.3105878733807602
2025-05-17 15:00:00,-0.0008,0.75,118.0,2.9,0.1199,0.1857122938568071
2025-05-17 16:00:00,0.00501,0.75,133.0,2.9,0.1199,0.0515706598714375
2025-05-17 17:00:00,0.0787699999999999,0.3,96.6,2.9,0.1199,0.0
2025-05-17 18:00:00,0.09964,0.3,96.4,2.9,0.1199,0.0
2025-05-17 19:00:00,0.12138,0.3,62.1,2.9,0.1199,0.0
2025-05-17 20:00:00,0.13021,4.09,69.2,2.9,0.1199,0.0
2025-05-17 21:00:00,0.1299,4.09,37.6,2.835160644531252,0.1199,0.0
2025-05-17 22:00:00,0.1115999999999999,4.09,9.45,2.753300292968752,0.1199,0.0
2025-05-17 23:00:00,0.10673,10.01,1.27,2.690419433593752,0.1199,0.0
2025-05-18 00:00:00,0.10149,10.01,0.0,2.650653808593752,0.1199,0.0
2025-05-18 01:00:00,0.0985699999999999,10.01,0.0,2.624582031250002,0.1199,0.0
2025-05-18 02:00:00,0.0974,10.05,0.0,2.638981445312502,0.1199,0.0
2025-05-18 03:00:00,0.09841,10.05,0.0,2.645209472656252,0.1199,0.0
2025-05-18 04:00:00,0.09798,10.05,0.0,2.676750000000002,0.1199,0.0
2025-05-18 05:00:00,0.0912999999999999,6.41,0.0,2.711645019531252,0.1199,0.0
2025-05-18 06:00:00,0.08716,6.41,0.0,2.747975585937502,0.1199,0.0
2025-05-18 07:00:00,0.06786,6.41,0.0,2.8046894531250017,0.1199,0.0
2025-05-18 08:00:00,0.0101,4.73,0.55,2.865067871093752,0.1199,0.0
2025-05-18 09:00:00,0.0,4.73,3.75,2.9,0.1199,0.0017929948084871
2025-05-18 10:00:00,-0.0002,4.73,8.82,2.9,0.1199,0.0370043227846557
2025-05-18 11:00:00,-0.002,1.32,13.1,2.9,0.1199,0.1044875616228994
2025-05-18 12:00:00,-0.00737,1.32,19.4,2.9,0.1199,0.1822463661272779
2025-05-18 13:00:00,-0.015,1.32,41.4,2.9,0.1199,0.1536338252100355
2025-05-18 14:00:00,-0.00897,0.75,64.9,2.9,0.1199,0.0858183589633574
2025-05-18 15:00:00,-0.0002,0.75,108.0,2.9,0.1199,0.1423992353414261
2025-05-18 16:00:00,0.00967,0.75,101.0,2.9,0.1199,0.2008208579697439
2025-05-18 17:00:00,0.0913799999999999,1.24,102.0,2.9,0.1199,0.0509345383638317
2025-05-18 18:00:00,0.1084,1.24,120.0,2.9,0.1199,0.0
2025-05-18 19:00:00,0.12517,1.24,85.4,2.9,0.1199,0.0
2025-05-18 20:00:00,0.13047,6.37,61.8,2.9,0.1199,0.0
2025-05-18 21:00:00,0.11841,6.37,27.4,2.852584960937502,0.1199,0.0
2025-05-18 22:00:00,0.10362,6.37,7.45,2.788822753906252,0.1199,0.0
2025-05-18 23:00:00,0.11048,9.75,0.833,2.736054199218752,0.1199,0.0
2025-05-19 00:00:00,0.10262,9.75,0.0,2.662602050781252,0.1199,0.0
2025-05-19 01:00:00,0.0960999999999999,9.75,0.0,2.642284667968752,0.1199,0.0
2025-05-19 02:00:00,0.09295,8.98,0.0,2.6810859375000016,0.1199,0.0
2025-05-19 03:00:00,0.09803,8.98,0.0,2.7266474609375018,0.1199,0.0
2025-05-19 04:00:00,0.10939,8.98,0.0,2.740668457031252,0.1199,0.0
2025-05-19 05:00:00,0.13122,8.28,0.0,2.860126464843752,0.1199,0.0
2025-05-19 06:00:00,0.13722,8.28,0.0,2.9,0.1199,0.0
2025-05-19 07:00:00,0.11341,8.28,0.0,2.9,0.1199,0.1845929981197573
2025-05-19 08:00:00,0.09369,0.44,2.98,2.9,0.1199,0.4077246505247499
2025-05-19 09:00:00,0.06959,0.44,9.25,2.9,0.1199,0.6048459500165535
2025-05-19 10:00:00,0.02856,0.44,29.7,2.9,0.1199,0.6677099446786636
2025-05-19 11:00:00,0.01277,0.17,69.9,2.9,0.1199,0.5710299900578361
2025-05-19 12:00:00,0.005,0.17,104.0,2.9,0.1199,0.501314186071262
2025-05-19 13:00:00,0.008,0.17,129.0,2.9,0.1199,0.6228430582152549
2025-05-19 14:00:00,0.0281499999999999,0.09,144.0,2.9,0.1199,0.6012347394098372
2025-05-19 15:00:00,0.07298,0.09,154.0,2.9,0.1199,0.522769279094294
2025-05-19 16:00:00,0.09709,0.09,158.0,2.9,0.1199,0.3259714350899769
2025-05-19 17:00:00,0.11449,0.0,149.0,2.9,0.1199,0.2045463204361594
2025-05-19 18:00:00,0.14845,0.0,132.0,2.9,0.1199,0.0031541292887545
2025-05-19 19:00:00,0.22911,0.0,106.0,2.9,0.1199,0.0
2025-05-19 20:00:00,0.15486,2.66,73.0,2.9,0.1199,0.0
2025-05-19 21:00:00,0.12681,2.66,36.9,2.9,0.1199,0.0
2025-05-19 22:00:00,0.11188,2.66,10.1,2.9,0.1199,0.0
2025-05-19 23:00:00,0.11495,9.06,1.7,2.882267578125002,0.1199,0.0
2025-05-20 00:00:00,0.10603,9.06,0.0,2.826659667968752,0.1199,0.0
2025-05-20 01:00:00,0.1025,9.06,0.0,2.783627441406252,0.1199,0.0
2025-05-20 02:00:00,0.10404,8.55,0.0,2.7450507812500016,0.1199,0.0
2025-05-20 03:00:00,0.10914,8.55,0.0,2.7372187500000016,0.1199,0.0
2025-05-20 04:00:00,0.11896,8.55,0.0,2.828695800781252,0.1199,0.0
2025-05-20 05:00:00,0.14321,8.5,0.0,2.9,0.1199,0.0
2025-05-20 06:00:00,0.13081,8.5,0.0,2.9,0.1199,0.0
2025-05-20 07:00:00,0.1,8.5,0.1,2.9,0.1199,0.2021755397023081
2025-05-20 08:00:00,0.0852,0.79,3.7,2.9,0.1199,0.4133582958305761
2025-05-20 09:00:00,0.0615799999999999,0.79,9.15,2.9,0.1199,0.6088304586323307
2025-05-20 10:00:00,0.01595,0.79,29.7,2.9,0.1199,0.7688878692920068
2025-05-20 11:00:00,0.00017,0.0,68.4,2.9,0.1199,0.7552758231789775
2025-05-20 12:00:00,1e-05,0.0,103.0,2.9,0.1199,0.5224346637394074
2025-05-20 13:00:00,8.999999999999999e-05,0.0,128.0,2.9,0.1199,0.4838964060460844
2025-05-20 14:00:00,0.00761,0.17,120.0,2.9,0.1199,0.384790727625276
2025-05-20 15:00:00,0.06787,0.17,89.9,2.9,0.1199,0.1514481934078683
2025-05-20 16:00:00,0.09715,0.17,80.6,2.9,0.1199,0.0855418827922333
2025-05-20 17:00:00,0.11179,0.58,124.0,2.9,0.1199,0.0115394122297982
2025-05-20 18:00:00,0.14123,0.58,129.0,2.9,0.1199,0.0
2025-05-20 19:00:00,0.19225,0.58,74.9,2.9,0.1199,0.0
2025-05-20 20:00:00,0.14897,0.54,55.6,2.9,0.1199,0.0
2025-05-20 21:00:00,0.12,0.54,31.9,2.9,0.1199,0.0
2025-05-20 22:00:00,0.10793,0.54,9.65,2.9,0.1199,0.0
2025-05-20 23:00:00,0.10793,8.38,2.0,2.9,0.1199,0.0
2025-05-21 00:00:00,0.10233,8.38,0.0,2.851918457031252,0.1199,0.0
2025-05-21 01:00:00,0.0979,8.38,0.0,2.7953242187500016,0.1199,0.0
2025-05-21 02:00:00,0.0949,10.09,0.0,2.723830078125002,0.1199,0.0
2025-05-21 03:00:00,0.0937,10.09,0.0,2.648000000000002,0.1199,0.0
2025-05-21 04:00:00,0.10249,10.09,0.0,2.6798310546874973,0.1199,0.0
2025-05-21 05:00:00,0.11248,8.97,0.0,2.8311347656250017,0.1199,0.0
2025-05-21 06:00:00,0.11654,8.97,0.0,2.9,0.1199,0.0
2025-05-21 07:00:00,0.10782,8.97,0.1,2.9,0.1199,0.1083945784860139
2025-05-21 08:00:00,0.0848199999999999,0.81,3.88,2.9,0.1199,0.2078178830034004
2025-05-21 09:00:00,0.04222,0.81,12.3,2.9,0.1199,0.2734470368231655
2025-05-21 10:00:00,0.00015,0.81,37.9,2.9,0.1199,0.3867647279626497
2025-05-21 11:00:00,-0.0001,0.31,59.1,2.9,0.1199,0.5781595898816315
2025-05-21 12:00:00,-0.0022,0.31,89.3,2.9,0.1199,0.6519438085149769
2025-05-21 13:00:00,-0.00153,0.31,133.0,2.9,0.1199,0.5506598744989133
2025-05-21 14:00:00,-1e-05,1.0,110.0,2.9,0.1199,0.4322557352542731
2025-05-21 15:00:00,0.00206,1.0,97.1,2.9,0.1199,0.3136104965267656
2025-05-21 16:00:00,0.04908,1.0,102.0,2.9,0.1199,0.1797973673974477
2025-05-21 17:00:00,0.08632,0.08,136.0,2.9,0.1199,0.0295995301733814
2025-05-21 18:00:00,0.1001,0.08,116.0,2.9,0.1199,0.0
2025-05-21 19:00:00,0.11435,0.08,91.5,2.9,0.1199,0.0
2025-05-21 20:00:00,0.1102699999999999,4.76,58.5,2.9,0.1199,0.0
2025-05-21 21:00:00,0.10072,4.76,32.5,2.846037109375002,0.1199,0.0
2025-05-21 22:00:00,0.09,4.76,6.78,2.7699384765625017,0.1199,0.0
2025-05-21 23:00:00,0.09854,10.16,1.07,2.722645996093752,0.1199,0.0
2025-05-22 00:00:00,0.08828,10.16,0.0,2.666181152343752,0.1199,0.0
2025-05-22 01:00:00,0.08365,10.16,0.0,2.602514160156252,0.1199,0.0
2025-05-22 02:00:00,0.0815,10.99,0.0,2.561986816406252,0.1199,0.0
2025-05-22 03:00:00,0.08334,10.99,0.0,2.540880859375002,0.1199,0.0
2025-05-22 04:00:00,0.09,10.99,0.0,2.568668945312502,0.1199,0.0
2025-05-22 05:00:00,0.10767,8.31,0.0,2.6639960937500016,0.1199,0.0
2025-05-22 06:00:00,0.10601,8.31,0.0,2.775966308593752,0.1199,0.0
2025-05-22 07:00:00,0.09816,8.31,0.0,2.8236298828125017,0.1199,0.0118971584037714
2025-05-22 08:00:00,0.05454,2.43,4.35,2.865490234375002,0.1199,0.0650808190867223
2025-05-22 09:00:00,0.00166,2.43,17.5,2.9,0.1199,0.1604671547360256
2025-05-22 10:00:00,1e-05,2.43,34.8,2.9,0.1199,0.378891176291705
2025-05-22 11:00:00,-0.00191,3.42,48.0,2.9,0.1199,0.52190558645536
2025-05-22 12:00:00,-0.01277,3.42,46.3,2.9,0.1199,0.5071202035960509
2025-05-22 13:00:00,-0.0154,3.42,59.8,2.9,0.1199,0.5325673197141698
2025-05-22 14:00:00,-0.0109,0.56,83.0,2.9,0.1199,0.6187209963436373
2025-05-22 15:00:00,-0.00299,0.56,122.0,2.9,0.1199,0.5427986363871486
2025-05-22 16:00:00,-1e-05,0.56,124.0,2.9,0.1199,0.3294180142972098
2025-05-22 17:00:00,0.05,2.8,134.0,2.9,0.1199,0.182802024640891
2025-05-22 18:00:00,0.10684,2.8,144.0,2.8954902343750017,0.1199,0.0
2025-05-22 19:00:00,0.115,2.8,104.0,2.822221191406252,0.1199,0.0
2025-05-22 20:00:00,0.12725,9.91,69.6,2.761542480468752,0.1199,0.0
2025-05-22 21:00:00,0.11748,9.91,29.9,2.694745605468752,0.1199,0.0
2025-05-22 22:00:00,0.10323,9.91,10.3,2.633412597656252,0.1199,0.0
2025-05-22 23:00:00,0.1011,10.92,1.67,2.572301757812502,0.1199,0.0
2025-05-23 00:00:00,0.0931599999999999,10.92,0.0,2.523954589843752,0.1199,0.0
2025-05-23 01:00:00,0.08712,10.92,0.0,2.477248046875002,0.1199,0.0
2025-05-23 02:00:00,0.08656,11.52,0.0,2.433966796875002,0.1199,0.0
2025-05-23 03:00:00,0.09308,11.52,0.0,2.411535156250002,0.1199,0.0
2025-05-23 04:00:00,0.10682,11.52,0.0,2.468393066406252,0.1199,0.0
2025-05-23 05:00:00,0.12849,8.67,0.0,2.547255371093752,0.1199,0.0
2025-05-23 06:00:00,0.1328,8.67,0.0,2.627904785156252,0.1199,0.0
2025-05-23 07:00:00,0.11467,8.67,0.1,2.720099609375002,0.1199,0.0848959264249065
2025-05-23 08:00:00,0.0859,2.32,3.75,2.7926582031250016,0.1199,0.258506122342548
2025-05-23 09:00:00,0.07,2.32,15.7,2.871208007812502,0.1199,0.353363130421825
2025-05-23 10:00:00,0.0540499999999999,2.32,32.5,2.9,0.1199,0.464566729030676
2025-05-23 11:00:00,0.0134399999999999,0.37,58.1,2.9,0.1199,0.4883044166065417
2025-05-23 12:00:00,0.00062,0.37,62.1,2.9,0.1199,0.4704422007074267
2025-05-23 13:00:00,0.0,0.37,84.4,2.9,0.1199,0.4700451606050596
2025-05-23 14:00:00,0.0,1.08,119.0,2.9,0.1199,0.3977553205418422
2025-05-23 15:00:00,0.02533,1.08,91.3,2.9,0.1199,0.2955900149789514
2025-05-23 16:00:00,0.07191,1.08,149.0,2.9,0.1199,0.2755201630115361
2025-05-23 17:00:00,0.0975999999999999,2.55,106.0,2.9,0.1199,0.1080450586794705
2025-05-23 18:00:00,0.11436,2.55,104.0,2.880802734375002,0.1199,0.0
2025-05-23 19:00:00,0.13047,2.55,63.4,2.776640136718752,0.1199,0.0
2025-05-23 20:00:00,0.13929,8.89,61.3,2.684806640625002,0.1199,0.0
2025-05-23 21:00:00,0.12693,8.89,35.4,2.603732421875002,0.1199,0.0
2025-05-23 22:00:00,0.108,8.89,11.2,2.562228515625002,0.1199,0.0
2025-05-23 23:00:00,0.09899,10.59,1.77,2.5449824218750017,0.1199,0.0
2025-05-24 00:00:00,0.09476,10.59,0.0,2.540329101562502,0.1199,0.0
2025-05-24 01:00:00,0.08874,10.59,0.0,2.552645996093752,0.1199,0.0
2025-05-24 02:00:00,0.08422,10.06,0.0,2.577777832031252,0.1199,0.0
2025-05-24 03:00:00,0.08293,10.06,0.0,2.619838378906252,0.1199,0.0
2025-05-24 04:00:00,0.0807099999999999,10.06,0.0,2.730729492187497,0.1199,0.0
2025-05-24 05:00:00,0.0820699999999999,3.38,0.0,2.838798339843752,0.1199,0.0
2025-05-24 06:00:00,0.0769,3.38,0.0,2.9,0.1199,0.0
2025-05-24 07:00:00,0.06209,3.38,0.1,2.9,0.1199,0.1141766483819032
2025-05-24 08:00:00,0.01226,0.94,6.35,2.9,0.1199,0.0595306986375735
2025-05-24 09:00:00,-1e-05,0.94,12.1,2.9,0.1199,0.0890192382017798
2025-05-24 10:00:00,-0.00011,0.94,30.7,2.9,0.1199,0.1384809169393697
2025-05-24 11:00:00,-0.00015,0.76,28.5,2.9,0.1199,0.2049872859198711
2025-05-24 12:00:00,-0.00019,0.76,19.3,2.9,0.1199,0.1740633293986364
2025-05-24 13:00:00,-0.00039,0.76,66.5,2.9,0.1199,0.1681625562447856
2025-05-24 14:00:00,-0.00177,6.55,93.1,2.9,0.1199,0.0
2025-05-24 15:00:00,-0.00039,6.55,71.6,2.873280761718752,0.1199,0.0
2025-05-24 16:00:00,0.04867,6.55,40.1,2.865360839843752,0.1199,0.0
2025-05-24 17:00:00,0.08534,7.49,33.9,2.8884492187500017,0.1199,0.0
2025-05-24 18:00:00,0.10908,7.49,24.3,2.876591308593752,0.1199,0.0
2025-05-24 19:00:00,0.111,7.49,13.4,2.9,0.1199,0.0
2025-05-24 20:00:00,0.10792,3.28,5.33,2.9,0.1199,0.0
2025-05-24 21:00:00,0.09206,3.28,2.45,2.9,0.1199,0.0
2025-05-24 22:00:00,0.07967,3.28,2.0,2.9,0.1199,0.0
2025-05-24 23:00:00,0.02382,3.61,0.85,2.9,0.1199,0.0
2025-05-25 00:00:00,0.0229,3.61,0.0,2.9,0.1199,0.0
2025-05-25 01:00:00,0.01439,3.61,0.0,2.9,0.1199,0.0
2025-05-25 02:00:00,0.00838,1.78,0.0,2.9,0.1199,0.0
2025-05-25 03:00:00,0.0039,1.78,0.0,2.9,0.1199,0.0
2025-05-25 04:00:00,0.00211,1.78,0.0,2.9,0.1199,0.0
2025-05-25 05:00:00,0.00117,1.76,0.0,2.9,0.1199,0.0
2025-05-25 06:00:00,0.00121,1.76,0.0,2.9,0.1199,0.0
2025-05-25 07:00:00,3e-05,1.76,0.0,2.9,0.1199,0.0
2025-05-25 08:00:00,0.0,0.53,1.4,2.9,0.1199,0.0
2025-05-25 09:00:00,-0.00061,0.53,8.85,2.9,0.1199,0.0
2025-05-25 10:00:00,-0.0006,0.53,13.5,2.9,0.1199,0.0
2025-05-25 11:00:00,-0.00025,0.65,22.5,2.9,0.1199,0.1418758982175887
2025-05-25 12:00:00,-0.00319,0.65,44.9,2.9,0.1199,0.2578197478166962
2025-05-25 13:00:00,-0.00505,0.65,56.1,2.9,0.1199,0.3734503508256823
2025-05-25 14:00:00,-0.00495,0.09,78.0,2.9,0.1199,0.4135890192635054
2025-05-25 15:00:00,-0.00137,0.09,114.0,2.9,0.1199,0.3328992210978516
2025-05-25 16:00:00,0.0,0.09,117.0,2.9,0.1199,0.2672897281036924
2025-05-25 17:00:00,0.01172,0.0,72.0,2.9,0.1199,0.0768076669362636
2025-05-25 18:00:00,0.09295,0.0,100.0,2.9,0.1199,0.0
2025-05-25 19:00:00,0.1,0.0,87.1,2.9,0.1199,0.0
2025-05-25 20:00:00,0.1074099999999999,2.49,44.9,2.9,0.1199,0.0
2025-05-25 21:00:00,0.10223,2.49,40.3,2.9,0.1199,0.0
2025-05-25 22:00:00,0.09292,2.49,11.2,2.9,0.1199,0.0
2025-05-25 23:00:00,0.08813,6.25,1.37,2.9,0.1199,0.0
2025-05-26 00:00:00,0.07912,6.25,0.0,2.9,0.1199,0.0
2025-05-26 01:00:00,0.07321,6.25,0.0,2.867748535156252,0.1199,0.0
2025-05-26 02:00:00,0.07183,7.06,0.0,2.842499511718752,0.1199,0.0
2025-05-26 03:00:00,0.0767,7.06,0.0,2.829704101562502,0.1199,0.0
2025-05-26 04:00:00,0.08548,7.06,0.0,2.826098144531252,0.1199,0.0
2025-05-26 05:00:00,0.1162,6.97,0.0,2.877455566406252,0.1199,0.0
2025-05-26 06:00:00,0.14317,6.97,0.0,2.9,0.1199,0.0
2025-05-26 07:00:00,0.12991,6.97,0.1,2.9,0.1199,0.0298513050506879
2025-05-26 08:00:00,0.0914099999999999,0.9,4.35,2.9,0.1199,0.2085683908309194
2025-05-26 09:00:00,0.01617,0.9,14.0,2.9,0.1199,0.383839701962352
2025-05-26 10:00:00,5e-05,0.9,41.8,2.9,0.1199,0.4944113945560615
2025-05-26 11:00:00,-0.0004199999999999,0.76,62.1,2.9,0.1199,0.5183740726383164
2025-05-26 12:00:00,-0.00145,0.76,107.0,2.9,0.1199,0.6520420802881081
2025-05-26 13:00:00,-0.0011799999999999,0.76,77.3,2.9,0.1199,0.3013110474666681
2025-05-26 14:00:00,-0.00082,0.23,108.0,2.9,0.1199,0.1391605216733511
2025-05-26 15:00:00,0.0,0.23,125.0,2.9,0.1199,0.2417182038763956
2025-05-26 16:00:00,0.01765,0.23,120.0,2.9,0.1199,0.1704908949745083
2025-05-26 17:00:00,0.09576,0.09,129.0,2.9,0.1199,0.0662817952500796
2025-05-26 18:00:00,0.1193299999999999,0.09,85.1,2.9,0.1199,0.0
2025-05-26 19:00:00,0.16987,0.09,74.1,2.9,0.1199,0.0
2025-05-26 20:00:00,0.16157,1.87,50.7,2.9,0.1199,0.0
2025-05-26 21:00:00,0.11938,1.87,29.6,2.9,0.1199,0.0
2025-05-26 22:00:00,0.09886,1.87,9.92,2.9,0.1199,0.0
2025-05-26 23:00:00,0.08851,4.42,0.2,2.9,0.1199,0.0
2025-05-27 00:00:00,0.07392,4.42,0.0,2.893217285156252,0.1199,0.0
2025-05-27 01:00:00,0.06202,4.42,0.0,2.885817382812502,0.1199,0.0
2025-05-27 02:00:00,0.0619799999999999,5.33,0.0,2.9,0.1199,0.0
2025-05-27 03:00:00,0.0677,5.33,0.0,2.9,0.1199,0.0
2025-05-27 04:00:00,0.0622,5.33,0.0,2.9,0.1199,0.0
2025-05-27 05:00:00,0.0677,5.11,0.0,2.9,0.1199,0.0
2025-05-27 06:00:00,0.0739,5.11,0.0,2.9,0.1199,0.0
2025-05-27 07:00:00,0.06863,5.11,0.0,2.9,0.1199,0.0
2025-05-27 08:00:00,0.05017,1.38,3.1,2.9,0.1199,0.0
2025-05-27 09:00:00,0.00426,1.38,11.1,2.9,0.1199,0.1388353624934435
2025-05-27 10:00:00,0.00319,1.38,19.5,2.9,0.1199,0.0005933255829147
2025-05-27 11:00:00,3e-05,0.19,53.6,2.9,0.1199,0.0
2025-05-27 12:00:00,2e-05,0.19,53.9,2.9,0.1199,0.0
2025-05-27 13:00:00,8.999999999999999e-05,0.19,65.9,2.9,0.1199,0.0
2025-05-27 14:00:00,0.00314,0.1,54.8,2.9,0.1199,0.0072405794327243
2025-05-27 15:00:00,0.05517,0.1,59.1,2.9,0.1199,0.0217065195438023
2025-05-27 16:00:00,0.08455,0.1,78.0,2.9,0.1199,0.0
2025-05-27 17:00:00,0.103,3.4,56.4,2.9,0.1199,0.0
2025-05-27 18:00:00,0.12264,3.4,27.3,2.9,0.1199,0.0
2025-05-27 19:00:00,0.1376,3.4,28.0,2.9,0.1199,0.0
2025-05-27 20:00:00,0.11116,3.26,17.4,2.9,0.1199,0.0
2025-05-27 21:00:00,0.10034,3.26,9.1,2.9,0.1199,0.0
2025-05-27 22:00:00,0.08241,3.26,4.4,2.9,0.1199,0.0
2025-05-27 23:00:00,0.07643,2.83,1.7,2.9,0.1199,0.0
2025-05-28 00:00:00,0.06901,2.83,0.0,2.9,0.1199,0.0
2025-05-28 01:00:00,0.06739,2.83,0.0,2.9,0.1199,0.0
2025-05-28 02:00:00,0.0610099999999999,3.76,0.0,2.9,0.1199,0.0
2025-05-28 03:00:00,0.06519,3.76,0.0,2.9,0.1199,0.0
2025-05-28 04:00:00,0.07252,3.76,0.0,2.9,0.1199,0.0
2025-05-28 05:00:00,0.0928499999999999,3.05,0.0,2.9,0.1199,0.0
2025-05-28 06:00:00,0.10009,3.05,0.0,2.9,0.1199,0.0
2025-05-28 07:00:00,0.095,3.05,0.0,2.9,0.1199,0.0
2025-05-28 08:00:00,0.09,1.59,1.3,2.9,0.1199,0.0
2025-05-28 09:00:00,0.07648,1.59,2.83,2.9,0.1199,0.0
2025-05-28 10:00:00,0.07146,1.59,14.3,2.9,0.1199,0.0
2025-05-28 11:00:00,0.06567,0.42,19.8,2.9,0.1199,0.0933055534704903
2025-05-28 12:00:00,0.05803,0.42,44.8,2.9,0.1199,0.5632571842181276
2025-05-28 13:00:00,0.05321,0.42,64.9,2.9,0.1199,0.5630130328648817
2025-05-28 14:00:00,0.0421,0.34,58.0,2.9,0.1199,0.3525358243218194
2025-05-28 15:00:00,0.06728,0.34,112.0,2.9,0.1199,0.3020809750048006
2025-05-28 16:00:00,0.0837,0.34,139.0,2.9,0.1199,0.1089366679066964
2025-05-28 17:00:00,0.0949899999999999,1.18,59.5,2.9,0.1199,0.067031893910548
2025-05-28 18:00:00,0.11483,1.18,99.6,2.9,0.1199,0.0
2025-05-28 19:00:00,0.13483,1.18,82.6,2.9,0.1199,0.0
2025-05-28 20:00:00,0.13991,4.49,45.5,2.9,0.1199,0.0
2025-05-28 21:00:00,0.12429,4.49,29.3,2.9,0.1199,0.0
2025-05-28 22:00:00,0.10427,4.49,10.6,2.847470214843752,0.1199,0.0
2025-05-28 23:00:00,0.09913,8.93,2.6,2.792645996093752,0.1199,0.0
2025-05-29 00:00:00,0.0948,8.93,0.0,2.752934082031252,0.1199,0.0
2025-05-29 01:00:00,0.09206,8.93,0.0,2.721081054687497,0.1199,0.0
2025-05-29 02:00:00,0.0915499999999999,8.9,0.0,2.6968183593750017,0.1199,0.0
2025-05-29 03:00:00,0.09154,8.9,0.0,2.691420410156252,0.1199,0.0
2025-05-29 04:00:00,0.09136,8.9,0.0,2.778456542968752,0.1199,0.0
2025-05-29 05:00:00,0.08946,4.68,0.0,2.9,0.1199,0.0
2025-05-29 06:00:00,0.08649,4.68,0.0,2.9,0.1199,0.0
2025-05-29 07:00:00,0.08295,4.68,0.3,2.9,0.1199,0.0037807227144301
2025-05-29 08:00:00,0.06283,0.94,4.9,2.9,0.1199,0.0
2025-05-29 09:00:00,0.01993,0.94,16.0,2.9,0.1199,0.0
2025-05-29 10:00:00,0.00171,0.94,37.7,2.9,0.1199,0.0014060520666863
2025-05-29 11:00:00,3e-05,1.34,46.2,2.9,0.1199,0.0304041422606793
2025-05-29 12:00:00,-0.0016799999999999,1.34,34.4,2.9,0.1199,0.0
2025-05-29 13:00:00,-0.00199,1.34,49.0,2.9,0.1199,0.0
2025-05-29 14:00:00,-0.00198,0.19,58.2,2.9,0.1199,0.010946631130406
2025-05-29 15:00:00,-0.00109,0.19,68.7,2.9,0.1199,0.0315293628593368
2025-05-29 16:00:00,0.0231299999999999,0.19,54.0,2.9,0.1199,0.0
2025-05-29 17:00:00,0.0655,0.21,55.6,2.9,0.1199,0.0
2025-05-29 18:00:00,0.0802,0.21,91.9,2.9,0.1199,0.0
2025-05-29 19:00:00,0.07717,0.21,85.9,2.9,0.1199,0.0
2025-05-29 20:00:00,0.07373,1.43,65.1,2.9,0.1199,0.0
2025-05-29 21:00:00,0.0766599999999999,1.43,19.9,2.9,0.1199,0.0
2025-05-29 22:00:00,0.0575,1.43,2.75,2.9,0.1199,0.0
2025-05-29 23:00:00,0.04542,2.38,1.6,2.9,0.1199,0.0
2025-05-30 00:00:00,0.02567,2.38,0.0,2.9,0.1199,0.0
2025-05-30 01:00:00,0.03299,2.38,0.0,2.9,0.1199,0.0
2025-05-30 02:00:00,0.03395,2.7,0.0,2.9,0.1199,0.0
2025-05-30 03:00:00,0.03739,2.7,0.0,2.9,0.1199,0.0
2025-05-30 04:00:00,0.05508,2.7,0.0,2.9,0.1199,0.0
2025-05-30 05:00:00,0.06973,3.1,0.0,2.9,0.1199,0.0
2025-05-30 06:00:00,0.06838,3.1,0.0,2.9,0.1199,0.0
2025-05-30 07:00:00,0.0530099999999999,3.1,0.2,2.9,0.1199,0.208819145678024
2025-05-30 08:00:00,0.02913,0.17,3.0,2.9,0.1199,0.3594696794468032
2025-05-30 09:00:00,0.00183,0.17,8.15,2.9,0.1199,0.42290134883151
2025-05-30 10:00:00,-2e-05,0.17,30.3,2.9,0.1199,0.3987554394525702
2025-05-30 11:00:00,-0.00101,0.09,73.0,2.9,0.1199,0.4023291704891762
2025-05-30 12:00:00,-0.0031,0.09,94.3,2.9,0.1199,0.4751394622851174
2025-05-30 13:00:00,-0.003,0.09,75.7,2.9,0.1199,0.4826949344790482
2025-05-30 14:00:00,-0.00134,1.19,92.1,2.9,0.1199,0.5400078797017323
2025-05-30 15:00:00,-4e-05,1.19,87.7,2.9,0.1199,0.4637276371258912
2025-05-30 16:00:00,0.00588,1.19,127.0,2.9,0.1199,0.3538203411569601
2025-05-30 17:00:00,0.07352,0.57,140.0,2.9,0.1199,0.1108626881594061
2025-05-30 18:00:00,0.11184,0.57,130.0,2.9,0.1199,0.0
2025-05-30 19:00:00,0.13695,0.57,105.0,2.9,0.1199,0.0
2025-05-30 20:00:00,0.14589,0.06,74.0,2.9,0.1199,0.0
2025-05-30 21:00:00,0.13019,0.06,39.7,2.9,0.1199,0.0
2025-05-30 22:00:00,0.10815,0.06,11.5,2.9,0.1199,0.0
2025-05-30 23:00:00,0.107,0.41,2.03,2.9,0.1199,0.0
2025-05-31 00:00:00,0.09994,0.41,0.0,2.9,0.1199,0.0
2025-05-31 01:00:00,0.09875,0.41,0.0,2.9,0.1199,0.0
2025-05-31 02:00:00,0.0990699999999999,3.78,0.0,2.9,0.1199,0.0
2025-05-31 03:00:00,0.09991,3.78,0.0,2.9,0.1199,0.0
2025-05-31 04:00:00,0.09829,3.78,0.0,2.9,0.1199,0.0
2025-05-31 05:00:00,0.09479,3.77,0.0,2.9,0.1199,0.0
2025-05-31 06:00:00,0.08461,3.77,0.0,2.9,0.1199,0.0
2025-05-31 07:00:00,0.055,3.77,0.7000000000000001,2.9,0.1199,0.0949439300832663
2025-05-31 08:00:00,0.001,0.62,5.9,2.9,0.1199,0.2600363849889102
2025-05-31 09:00:00,-2e-05,0.62,15.5,2.9,0.1199,0.52713287055708
2025-05-31 10:00:00,-0.001,0.62,33.6,2.9,0.1199,0.6317542536381267
2025-05-31 11:00:00,-0.00307,0.08,64.8,2.9,0.1199,0.6445522004960541
2025-05-31 12:00:00,-0.01317,0.08,101.0,2.9,0.1199,0.5208565430894179
2025-05-31 13:00:00,-0.00775,0.08,121.0,2.9,0.1199,0.1272047376019306
2025-05-31 14:00:00,-0.003,0.08,122.0,2.9,0.1199,0.0961023513378535
2025-05-31 15:00:00,-5e-05,0.08,118.0,2.9,0.1199,0.2926742442315881
2025-05-31 16:00:00,0.0414,0.08,133.0,2.9,0.1199,0.2936097622002727
2025-05-31 17:00:00,0.08885,0.16,67.5,2.9,0.1199,0.1799795604252505
2025-05-31 18:00:00,0.13141,0.16,52.6,2.9,0.1199,0.0284521412074811
2025-05-31 19:00:00,0.19235,0.16,74.9,2.9,0.1199,0.0
2025-05-31 20:00:00,0.19237,0.06,31.3,2.9,0.1199,0.0
2025-05-31 21:00:00,0.13349,0.06,18.7,2.9,0.1199,0.0
2025-05-31 22:00:00,0.10206,0.06,7.82,2.9,0.1199,0.0
2025-05-31 23:00:00,0.09253,0.0,2.07,2.9,0.1199,0.0
2025-06-01 00:00:00,0.08522,0.0,0.0,2.9,0.1199,0.0
2025-06-01 01:00:00,0.0771299999999999,0.0,0.0,2.9,0.1199,0.0
2025-06-01 02:00:00,0.07409,0.5,0.0,2.9,0.1199,0.0
2025-06-01 03:00:00,0.07266,0.5,0.0,2.9,0.1199,0.0
2025-06-01 04:00:00,0.06611,0.5,0.0,2.9,0.1199,0.0
2025-06-01 05:00:00,0.03584,0.03,0.0,2.9,0.1199,0.0
2025-06-01 06:00:00,0.013,0.03,0.0,2.9,0.1199,0.0
2025-06-01 07:00:00,0.0024,0.03,0.0,2.9,0.1199,0.1942619044296991
2025-06-01 08:00:00,-1e-05,2.12,5.48,2.9,0.1199,0.2905158795573876
2025-06-01 09:00:00,-0.0006,2.12,19.6,2.9,0.1199,0.3236602989789949
2025-06-01 10:00:00,-0.00211,2.12,18.6,2.9,0.1199,0.3618505841625151
2025-06-01 11:00:00,-0.00548,0.19,37.5,2.9,0.1199,0.4501742334220318
2025-06-01 12:00:00,-0.01293,0.19,56.6,2.9,0.1199,0.3484731657976656
2025-06-01 13:00:00,-0.02041,0.19,98.1,2.9,0.1199,0.4799836716439842
2025-06-01 14:00:00,-0.0156099999999999,0.0,115.0,2.9,0.1199,0.6078249756182132
2025-06-01 15:00:00,-0.006,0.0,79.0,2.9,0.1199,0.5756614965051648
2025-06-01 16:00:00,-0.00099,0.0,84.4,2.9,0.1199,0.3778125695867843
2025-06-01 17:00:00,0.01923,0.0,106.0,2.9,0.1199,0.1663570588018418
2025-06-01 18:00:00,0.0788499999999999,0.0,98.8,2.9,0.1199,0.0
2025-06-01 19:00:00,0.09366,0.0,94.0,2.9,0.1199,0.0
2025-06-01 20:00:00,0.10686,0.52,55.5,2.9,0.1199,0.0
2025-06-01 21:00:00,0.10593,0.52,26.1,2.9,0.1199,0.0
2025-06-01 22:00:00,0.09049,0.52,12.3,2.9,0.1199,0.0
2025-06-01 23:00:00,0.08176,3.37,2.43,2.9,0.1199,0.0
2025-06-02 00:00:00,0.07531,3.37,0.0,2.9,0.1199,0.0
2025-06-02 01:00:00,0.075,3.37,0.0,2.9,0.1199,0.0
2025-06-02 02:00:00,0.07775,8.16,0.0,2.9,0.1199,0.0
2025-06-02 03:00:00,0.08305,8.16,0.0,2.9,0.1199,0.0
2025-06-02 04:00:00,0.09193,8.16,0.0,2.9,0.1199,0.0
2025-06-02 05:00:00,0.10815,9.8,0.0,2.9,0.1199,0.0
2025-06-02 06:00:00,0.1179,9.8,0.0,2.9,0.1199,0.0
2025-06-02 07:00:00,0.1023599999999999,9.8,0.2,2.9,0.1199,0.1508451412681381
2025-06-02 08:00:00,0.0856,1.53,4.75,2.9,0.1199,0.3252922027996544
2025-06-02 09:00:00,0.05747,1.53,15.4,2.9,0.1199,0.4136264656954464
2025-06-02 10:00:00,0.03321,1.53,34.4,2.9,0.1199,0.3927003264203439
2025-06-02 11:00:00,0.02,0.34,71.0,2.9,0.1199,0.444217058291309
2025-06-02 12:00:00,0.01278,0.34,109.0,2.9,0.1199,0.5805213472657285
2025-06-02 13:00:00,0.011,0.34,133.0,2.9,0.1199,0.4847229085905202
2025-06-02 14:00:00,0.01975,0.03,135.0,2.9,0.1199,0.4333966126487578
2025-06-02 15:00:00,0.05584,0.03,146.0,2.9,0.1199,0.3870099710955658
2025-06-02 16:00:00,0.0828,0.03,137.0,2.9,0.1199,0.1579122686081126
2025-06-02 17:00:00,0.09495,0.83,99.1,2.9,0.1199,0.0617872421854408
2025-06-02 18:00:00,0.1093199999999999,0.83,83.2,2.9,0.1199,0.0
2025-06-02 19:00:00,0.19591,0.83,69.1,2.9,0.1199,0.0
2025-06-02 20:00:00,0.24537,1.93,72.0,2.9,0.1199,0.0
2025-06-02 21:00:00,0.14166,1.93,36.6,2.9,0.1199,0.0
2025-06-02 22:00:00,0.11004,1.93,14.9,2.882616699218752,0.1199,0.0
2025-06-02 23:00:00,0.1114899999999999,8.12,2.27,2.805373046875002,0.1199,0.0
2025-06-03 00:00:00,0.10991,8.12,0.0,2.734174316406252,0.1199,0.0
2025-06-03 01:00:00,0.10202,8.12,0.0,2.6997871093750017,0.1199,0.0
2025-06-03 02:00:00,0.09923,8.61,0.0,2.689901855468752,0.1199,0.0
2025-06-03 03:00:00,0.09489,8.61,0.0,2.701972167968752,0.1199,0.0
2025-06-03 04:00:00,0.1076,8.61,0.0,2.825556152343752,0.1199,0.0
2025-06-03 05:00:00,0.13076,4.18,0.0,2.9,0.1199,0.0
2025-06-03 06:00:00,0.11685,4.18,0.0,2.9,0.1199,0.0018473885424213
2025-06-03 07:00:00,0.08598,4.18,0.9,2.9,0.1199,0.1651007025799456
2025-06-03 08:00:00,0.05946,0.42,4.7,2.9,0.1199,0.3473767407588968
2025-06-03 09:00:00,0.002,0.42,11.4,2.9,0.1199,0.4528314717185297
2025-06-03 10:00:00,-5e-05,0.42,34.1,2.9,0.1199,0.4741663821821519
2025-06-03 11:00:00,-0.00101,0.42,72.3,2.9,0.1199,0.4502373482172387
2025-06-03 12:00:00,-0.003,0.42,73.4,2.9,0.1199,0.6551844536186031
2025-06-03 13:00:00,-0.00432,0.42,81.7,2.9,0.1199,0.5352455191947487
2025-06-03 14:00:00,-0.00133,1.0,119.0,2.9,0.1199,0.5319884098778368
2025-06-03 15:00:00,0.0,1.0,152.0,2.9,0.1199,0.3880936439089375
2025-06-03 16:00:00,0.066,1.0,144.0,2.9,0.1199,0.3005040144571001
2025-06-03 17:00:00,0.08779,0.78,130.0,2.9,0.1199,0.1234763077274728
2025-06-03 18:00:00,0.10941,0.78,113.0,2.9,0.1199,0.0228087140961088
2025-06-03 19:00:00,0.1329,0.78,79.5,2.9,0.1199,0.0
2025-06-03 20:00:00,0.11229,0.61,42.5,2.9,0.1199,0.0
2025-06-03 21:00:00,0.10612,0.61,28.3,2.9,0.1199,0.0
2025-06-03 22:00:00,0.0954899999999999,0.61,12.5,2.9,0.1199,0.0
2025-06-03 23:00:00,0.07495,0.6,2.73,2.9,0.1199,0.0
2025-06-04 00:00:00,0.06725,0.6,0.0,2.9,0.1199,0.0
2025-06-04 01:00:00,0.06478,0.6,0.0,2.9,0.1199,0.0
2025-06-04 02:00:00,0.065,4.85,0.0,2.9,0.1199,0.0
2025-06-04 03:00:00,0.0683199999999999,4.85,0.0,2.9,0.1199,0.0
2025-06-04 04:00:00,0.0803199999999999,4.85,0.0,2.9,0.1199,0.0
2025-06-04 05:00:00,0.09977,4.68,0.0,2.9,0.1199,0.0
2025-06-04 06:00:00,0.11374,4.68,0.0,2.9,0.1199,0.0
2025-06-04 07:00:00,0.1124,4.68,0.2,2.9,0.1199,0.1902970677920883
2025-06-04 08:00:00,0.07908,0.63,4.93,2.9,0.1199,0.3477439470102244
2025-06-04 09:00:00,0.0724,0.63,15.1,2.9,0.1199,0.5010660151328988
2025-06-04 10:00:00,0.04836,0.63,34.6,2.9,0.1199,0.4336069365748268
2025-06-04 11:00:00,0.02012,0.17,69.5,2.9,0.1199,0.6456068559800769
2025-06-04 12:00:00,0.0096899999999999,0.17,110.0,2.9,0.1199,0.4298511022322269
2025-06-04 13:00:00,0.01826,0.17,109.0,2.9,0.1199,0.2313150599791397
2025-06-04 14:00:00,0.04335,0.54,87.5,2.9,0.1199,0.2072396259788525
2025-06-04 15:00:00,0.0724,0.54,130.0,2.9,0.1199,0.1815234041566712
2025-06-04 16:00:00,0.09145,0.54,153.0,2.9,0.1199,0.1328816198449384
2025-06-04 17:00:00,0.1089099999999999,0.19,140.0,2.9,0.1199,0.0439032190076168
2025-06-04 18:00:00,0.14598,0.19,72.6,2.9,0.1199,0.0
2025-06-04 19:00:00,0.19285,0.19,79.7,2.9,0.1199,0.0
2025-06-04 20:00:00,0.13882,1.86,46.8,2.9,0.1199,0.0
2025-06-04 21:00:00,0.11243,1.86,22.5,2.9,0.1199,0.0
2025-06-04 22:00:00,0.09408,1.86,13.5,2.9,0.1199,0.0
2025-06-04 23:00:00,0.09767,4.48,1.98,2.9,0.1199,0.0
2025-06-05 00:00:00,0.0927,4.48,0.0,2.9,0.1199,0.0
2025-06-05 01:00:00,0.08684,4.48,0.0,2.9,0.1199,0.0
2025-06-05 02:00:00,0.0861,5.89,0.0,2.9,0.1199,0.0
2025-06-05 03:00:00,0.08701,5.89,0.0,2.9,0.1199,0.0
2025-06-05 04:00:00,0.08809,5.89,0.0,2.9,0.1199,0.0
2025-06-05 05:00:00,0.11378,3.27,0.0,2.9,0.1199,0.0
2025-06-05 06:00:00,0.12903,3.27,0.0,2.9,0.1199,0.0
2025-06-05 07:00:00,0.1166,3.27,0.3,2.9,0.1199,0.0
2025-06-05 08:00:00,0.08303,0.76,3.3,2.9,0.1199,0.1478820266877091
2025-06-05 09:00:00,0.066,0.76,10.3,2.9,0.1199,0.3095291331948825
2025-06-05 10:00:00,0.04618,0.76,31.0,2.9,0.1199,0.5721618332554387
2025-06-05 11:00:00,0.02,0.88,36.6,2.9,0.1199,0.5418556647005974
2025-06-05 12:00:00,0.01103,0.88,74.6,2.9,0.1199,0.395205988798232
2025-06-05 13:00:00,0.00707,0.88,80.0,2.9,0.1199,0.2324509694371856
2025-06-05 14:00:00,0.01987,0.83,96.9,2.9,0.1199,0.2109244823770335
2025-06-05 15:00:00,0.0575,0.83,59.2,2.9,0.1199,0.2786789903245729
2025-06-05 16:00:00,0.08108,0.83,50.2,2.9,0.1199,0.2811905948591224
2025-06-05 17:00:00,0.10094,0.58,91.4,2.9,0.1199,0.1407706267788535
2025-06-05 18:00:00,0.11219,0.58,81.7,2.9,0.1199,0.0
2025-06-05 19:00:00,0.1364,0.58,54.2,2.9,0.1199,0.0
2025-06-05 20:00:00,0.10695,0.98,39.6,2.9,0.1199,0.0
2025-06-05 21:00:00,0.09637,0.98,15.7,2.9,0.1199,0.0
2025-06-05 22:00:00,0.08136,0.98,9.4,2.9,0.1199,0.0
2025-06-05 23:00:00,0.07629,4.53,1.05,2.9,0.1199,0.0
2025-06-06 00:00:00,0.06612,4.53,0.0,2.9,0.1199,0.0
2025-06-06 01:00:00,0.06086,4.53,0.0,2.9,0.1199,0.0
2025-06-06 02:00:00,0.05527,3.07,0.0,2.9,0.1199,0.0
2025-06-06 03:00:00,0.05278,3.07,0.0,2.9,0.1199,0.0
2025-06-06 04:00:00,0.0637,3.07,0.0,2.9,0.1199,0.0
2025-06-06 05:00:00,0.06702,4.31,0.0,2.9,0.1199,0.0
2025-06-06 06:00:00,0.07443,4.31,0.0,2.9,0.1199,0.0
2025-06-06 07:00:00,0.0596099999999999,4.31,0.1,2.9,0.1199,0.0033894154216439
2025-06-06 08:00:00,0.00394,2.2,4.45,2.9,0.1199,0.1252481151315861
2025-06-06 09:00:00,-1e-05,2.2,8.25,2.9,0.1199,0.2871317103852463
2025-06-06 10:00:00,-0.00027,2.2,32.5,2.9,0.1199,0.4927402497834403
2025-06-06 11:00:00,-0.00207,0.28,53.7,2.9,0.1199,0.5136344764022978
2025-06-06 12:00:00,-0.0049299999999999,0.28,64.1,2.9,0.1199,0.5778204597472083
2025-06-06 13:00:00,-0.0050599999999999,0.28,90.9,2.9,0.1199,0.4364480969125578
2025-06-06 14:00:00,-0.00496,0.84,116.0,2.9,0.1199,0.4924731664240676
2025-06-06 15:00:00,-0.001,0.84,102.0,2.9,0.1199,0.3278853067416764
2025-06-06 16:00:00,0.0,0.84,106.0,2.9,0.1199,0.1699368989604495
2025-06-06 17:00:00,0.05047,0.0,85.1,2.9,0.1199,0.0894912005354505
2025-06-06 18:00:00,0.08419,0.0,59.9,2.9,0.1199,0.0
2025-06-06 19:00:00,0.1125699999999999,0.0,87.0,2.9,0.1199,0.0
2025-06-06 20:00:00,0.12929,0.95,65.1,2.9,0.1199,0.0
2025-06-06 21:00:00,0.12572,0.95,31.1,2.9,0.1199,0.0
2025-06-06 22:00:00,0.10324,0.95,10.5,2.9,0.1199,0.0
2025-06-06 23:00:00,0.08761,7.33,2.07,2.9,0.1199,0.0
2025-06-07 00:00:00,0.0835,7.33,0.0,2.9,0.1199,0.0
2025-06-07 01:00:00,0.0780199999999999,7.33,0.0,2.9,0.1199,0.0
2025-06-07 02:00:00,0.08189,5.93,0.0,2.9,0.1199,0.0
2025-06-07 03:00:00,0.08227,5.93,0.0,2.9,0.1199,0.0
2025-06-07 04:00:00,0.08199,5.93,0.0,2.9,0.1199,0.0
2025-06-07 05:00:00,0.08547,4.84,0.0,2.9,0.1199,0.0
2025-06-07 06:00:00,0.08674,4.84,0.0,2.9,0.1199,0.0
2025-06-07 07:00:00,0.07986,4.84,0.0,2.9,0.1199,0.0
2025-06-07 08:00:00,0.0653,2.79,2.85,2.9,0.1199,0.0894473124727728
2025-06-07 09:00:00,0.03053,2.79,15.5,2.9,0.1199,0.3072768249167004
2025-06-07 10:00:00,0.0094399999999999,2.79,24.0,2.9,0.1199,0.214394647691361
2025-06-07 11:00:00,0.0011899999999999,0.6,27.7,2.9,0.1199,0.2374776019641928
2025-06-07 12:00:00,-1e-05,0.6,54.0,2.9,0.1199,0.2360735205920011
2025-06-07 13:00:00,-2e-05,0.6,84.9,2.9,0.1199,0.3352850949550554
2025-06-07 14:00:00,-2e-05,0.08,92.3,2.9,0.1199,0.4066876231460015
2025-06-07 15:00:00,-0.00087,0.08,79.8,2.9,0.1199,0.3794629052848121
2025-06-07 16:00:00,0.02691,0.08,93.6,2.9,0.1199,0.189355725793501
2025-06-07 17:00:00,0.0701,1.16,63.0,2.9,0.1199,0.0
2025-06-07 18:00:00,0.08501,1.16,90.2,2.9,0.1199,0.0
2025-06-07 19:00:00,0.1099,1.16,83.1,2.9,0.1199,0.0
2025-06-07 20:00:00,0.11026,5.31,55.2,2.9,0.1199,0.0
2025-06-07 21:00:00,0.09801,5.31,21.5,2.9,0.1199,0.0
2025-06-07 22:00:00,0.08009,5.31,8.92,2.9,0.1199,0.0
2025-06-07 23:00:00,0.09384,4.86,0.95,2.9,0.1199,0.0
2025-06-08 00:00:00,0.083,4.86,0.0,2.9,0.1199,0.0
2025-06-08 01:00:00,0.07686,4.86,0.0,2.9,0.1199,0.0
2025-06-08 02:00:00,0.06974,4.03,0.0,2.9,0.1199,0.0
2025-06-08 03:00:00,0.06702,4.03,0.0,2.9,0.1199,0.0
2025-06-08 04:00:00,0.0556599999999999,4.03,0.0,2.8649677734375016,0.1199,0.0
2025-06-08 05:00:00,0.03902,6.17,0.0,2.869640625000002,0.1199,0.0
2025-06-08 06:00:00,0.0037099999999999,6.17,0.0,2.9,0.1199,0.0
2025-06-08 07:00:00,0.0,6.17,0.3,2.9,0.1199,0.0
2025-06-08 08:00:00,-0.0005,3.28,5.32,2.9,0.1199,0.2720312930918368
2025-06-08 09:00:00,-0.002,3.28,11.4,2.9,0.1199,0.2426907233033796
2025-06-08 10:00:00,-0.00821,3.28,28.6,2.9,0.1199,0.3440344677244114
2025-06-08 11:00:00,-0.01992,3.21,30.8,2.9,0.1199,0.5296496457642731
2025-06-08 12:00:00,-0.0399799999999999,3.21,36.1,2.9,0.1199,0.5242632861138888
2025-06-08 13:00:00,-0.05256,3.21,52.7,2.9,0.1199,0.6346528074713221
2025-06-08 14:00:00,-0.05306,1.49,52.0,2.9,0.1199,0.6168174682322438
2025-06-08 15:00:00,-0.03889,1.49,125.0,2.9,0.1199,0.5279733693591249
2025-06-08 16:00:00,-0.01671,1.49,86.1,2.9,0.1199,0.330593784978642
2025-06-08 17:00:00,-1e-05,3.17,76.6,2.9,0.1199,0.1370444125600175
2025-06-08 18:00:00,0.03965,3.17,103.0,2.9,0.1199,0.0
2025-06-08 19:00:00,0.06088,3.17,85.3,2.9,0.1199,0.0
2025-06-08 20:00:00,0.06955,6.34,63.8,2.8579121093750017,0.1199,0.0
2025-06-08 21:00:00,0.0650699999999999,6.34,34.9,2.799467285156252,0.1199,0.0
2025-06-08 22:00:00,0.05113,6.34,15.1,2.763805664062502,0.1199,0.0
2025-06-08 23:00:00,0.0048,10.17,2.7,2.740626953125002,0.1199,0.0
2025-06-09 00:00:00,0.00415,10.17,0.0,2.733100097656252,0.1199,0.0
2025-06-09 01:00:00,0.00419,10.17,0.0,2.7207050781250017,0.1199,0.0
2025-06-09 02:00:00,0.0042699999999999,8.14,0.0,2.692206542968752,0.1199,0.0
2025-06-09 03:00:00,0.01342,8.14,0.0,2.679208496093752,0.1199,0.0
2025-06-09 04:00:00,0.0322,8.14,0.0,2.724486816406252,0.1199,0.0
2025-06-09 05:00:00,0.0449699999999999,5.46,0.0,2.832899902343752,0.1199,0.0
2025-06-09 06:00:00,0.04004,5.46,0.0,2.9,0.1199,0.0
2025-06-09 07:00:00,0.00297,5.46,0.5,2.9,0.1199,0.1295944902673315
2025-06-09 08:00:00,-0.00062,0.91,5.57,2.9,0.1199,0.320762811288209
2025-06-09 09:00:00,-0.00114,0.91,17.6,2.9,0.1199,0.4255791752056742
2025-06-09 10:00:00,-0.00414,0.91,37.4,2.9,0.1199,0.2789130594624159
2025-06-09 11:00:00,-0.01,0.22,67.9,2.9,0.1199,0.4643769901386421
2025-06-09 12:00:00,-0.01933,0.22,101.0,2.9,0.1199,0.4088058076172982
2025-06-09 13:00:00,-0.01576,0.22,121.0,2.9,0.1199,0.220878496128398
2025-06-09 14:00:00,-0.0045,0.25,131.0,2.9,0.1199,0.1887674565902609
2025-06-09 15:00:00,-0.001,0.25,105.0,2.9,0.1199,0.149781181411392
2025-06-09 16:00:00,8.999999999999999e-05,0.25,77.7,2.9,0.1199,0.1370458967168988
2025-06-09 17:00:00,0.06954,0.25,50.9,2.9,0.1199,0.0514928354765381
2025-06-09 18:00:00,0.11779,0.25,47.7,2.9,0.1199,0.0
2025-06-09 19:00:00,0.1414,0.25,63.3,2.9,0.1199,0.0
2025-06-09 20:00:00,0.14842,2.78,45.1,2.9,0.1199,0.0
2025-06-09 21:00:00,0.12652,2.78,37.8,2.889518554687497,0.1199,0.0
2025-06-09 22:00:00,0.10119,2.78,15.0,2.857084472656252,0.1199,0.0
2025-06-09 23:00:00,0.08665,10.27,3.9,2.838075683593752,0.1199,0.0
2025-06-10 00:00:00,0.0780699999999999,10.27,0.0,2.835712402343752,0.1199,0.0
2025-06-10 01:00:00,0.06966,10.27,0.0,2.8432832031250017,0.1199,0.0
2025-06-10 02:00:00,0.05995,6.48,0.0,2.883029296875001,0.1199,0.0
2025-06-10 03:00:00,0.05416,6.48,0.0,2.9,0.1199,0.0
2025-06-10 04:00:00,0.06218,6.48,0.0,2.9,0.1199,0.0
2025-06-10 05:00:00,0.07462,3.06,0.0,2.9,0.1199,0.0
2025-06-10 06:00:00,0.08279,3.06,0.0,2.9,0.1199,0.0
2025-06-10 07:00:00,0.08317,3.06,0.5,2.9,0.1199,0.0799482800664988
2025-06-10 08:00:00,0.069,0.16,5.1,2.9,0.1199,0.0540556494993015
2025-06-10 09:00:00,0.02221,0.16,15.0,2.9,0.1199,0.1582841144649535
2025-06-10 10:00:00,0.0001,0.16,23.6,2.9,0.1199,0.1543479433304823
2025-06-10 11:00:00,-0.00019,0.01,33.7,2.9,0.1199,0.2755878535632422
2025-06-10 12:00:00,-0.00233,0.01,50.3,2.9,0.1199,0.3748583950570956
2025-06-10 13:00:00,-0.00426,0.01,82.6,2.9,0.1199,0.2017181182239905
2025-06-10 14:00:00,-0.00104,0.05,115.0,2.9,0.1199,0.2233775674493285
2025-06-10 15:00:00,3e-05,0.05,102.0,2.9,0.1199,0.1258302910184603
2025-06-10 16:00:00,0.05399,0.05,106.0,2.9,0.1199,0.0237237387919606
2025-06-10 17:00:00,0.0696,0.55,66.2,2.9,0.1199,0.0
2025-06-10 18:00:00,0.08208,0.55,49.7,2.9,0.1199,0.0
2025-06-10 19:00:00,0.08397,0.55,33.4,2.9,0.1199,0.0
2025-06-10 20:00:00,0.09128,2.71,37.1,2.9,0.1199,0.0
2025-06-10 21:00:00,0.09794,2.71,35.9,2.9,0.1199,0.0
2025-06-10 22:00:00,0.08531,2.71,11.4,2.9,0.1199,0.0
2025-06-10 23:00:00,0.07301,9.3,2.35,2.859259765625002,0.1199,0.0
2025-06-11 00:00:00,0.07138,9.3,0.0,2.7800703125000017,0.1199,0.0
2025-06-11 01:00:00,0.07058,9.3,0.0,2.715556152343752,0.1199,0.0
2025-06-11 02:00:00,0.06986,9.63,0.0,2.645307128906252,0.1199,0.0
2025-06-11 03:00:00,0.07359,9.63,0.0,2.607497070312502,0.1199,0.0
2025-06-11 04:00:00,0.0836,9.63,0.0,2.732780273437502,0.1199,0.0
2025-06-11 05:00:00,0.10126,7.3,0.0,2.837260253906252,0.1199,0.0
2025-06-11 06:00:00,0.1077999999999999,7.3,0.0,2.9,0.1199,0.0
2025-06-11 07:00:00,0.08509,7.3,0.75,2.9,0.1199,0.1646595254970313
2025-06-11 08:00:00,0.0667,1.08,4.8,2.9,0.1199,0.3333798981242709
2025-06-11 09:00:00,0.02298,1.08,11.3,2.9,0.1199,0.5075207285973394
2025-06-11 10:00:00,0.0013,1.08,34.1,2.9,0.1199,0.6476884514219423
2025-06-11 11:00:00,-0.0003599999999999,0.07,76.4,2.9,0.1199,0.771476896754855
2025-06-11 12:00:00,-0.0009699999999999,0.07,95.8,2.9,0.1199,0.8825621450535855
2025-06-11 13:00:00,-0.0034,0.07,114.0,2.9,0.1199,0.8881551184436487
2025-06-11 14:00:00,-0.0024,0.0,144.0,2.9,0.1199,0.7980345570641878
2025-06-11 15:00:00,-1e-05,0.0,158.0,2.9,0.1199,0.6691806750361866
2025-06-11 16:00:00,0.06647,0.0,157.0,2.9,0.1199,0.4897311353990272
2025-06-11 17:00:00,0.08934,0.0,149.0,2.9,0.1199,0.2856794278789658
2025-06-11 18:00:00,0.13228,0.0,132.0,2.9,0.1199,0.0762763180693195
2025-06-11 19:00:00,0.217,0.0,109.0,2.9,0.1199,0.0
2025-06-11 20:00:00,0.18,1.12,77.9,2.9,0.1199,0.0
2025-06-11 21:00:00,0.11934,1.12,43.1,2.9,0.1199,0.0
2025-06-11 22:00:00,0.0940699999999999,1.12,14.5,2.9,0.1199,0.0
2025-06-11 23:00:00,0.0929099999999999,5.39,2.88,2.9,0.1199,0.0
2025-06-12 00:00:00,0.0877,5.39,0.0,2.9,0.1199,0.0
2025-06-12 01:00:00,0.08543,5.39,0.0,2.9,0.1199,0.0
2025-06-12 02:00:00,0.08485,3.78,0.0,2.9,0.1199,0.0
2025-06-12 03:00:00,0.08906,3.78,0.0,2.9,0.1199,0.0
2025-06-12 04:00:00,0.092,3.78,0.0,2.9,0.1199,0.0
2025-06-12 05:00:00,0.11485,3.36,0.0,2.9,0.1199,0.0
2025-06-12 06:00:00,0.1043,3.36,0.0,2.9,0.1199,0.0203012106499492
2025-06-12 07:00:00,0.07886,3.36,0.6,2.9,0.1199,0.2416019252182469
2025-06-12 08:00:00,0.03609,0.67,4.33,2.9,0.1199,0.4591677301090939
2025-06-12 09:00:00,0.0,0.67,10.9,2.9,0.1199,0.654166697241885
2025-06-12 10:00:00,-0.002,0.67,32.5,2.9,0.1199,0.808882871384344
2025-06-12 11:00:00,-0.01591,0.75,72.8,2.9,0.1199,0.9121988127799888
2025-06-12 12:00:00,-0.0278999999999999,0.75,107.0,2.9,0.1199,0.9531073475238112
2025-06-12 13:00:00,-0.02547,0.75,132.0,2.9,0.1199,0.9307230159918508
2025-06-12 14:00:00,-0.01157,1.42,150.0,2.9,0.1199,0.8508883733424282
2025-06-12 15:00:00,-0.00278,1.42,157.0,2.9,0.1199,0.6744409626729645
2025-06-12 16:00:00,0.0149,1.42,156.0,2.9,0.1199,0.5353974895563487
2025-06-12 17:00:00,0.0799599999999999,0.8,149.0,2.9,0.1199,0.3322758186711457
2025-06-12 18:00:00,0.11255,0.8,127.0,2.9,0.1199,0.1185468433394717
2025-06-12 19:00:00,0.132,0.8,103.0,2.9,0.1199,0.0
2025-06-12 20:00:00,0.111,0.11,65.9,2.9,0.1199,0.0
2025-06-12 21:00:00,0.105,0.11,36.6,2.9,0.1199,0.0
2025-06-12 22:00:00,0.0869,0.11,16.1,2.9,0.1199,0.0
2025-06-12 23:00:00,0.07029,0.0,3.35,2.9,0.1199,0.0
2025-06-13 00:00:00,0.05525,0.0,0.0,2.9,0.1199,0.0
2025-06-13 01:00:00,0.05861,0.0,0.0,2.9,0.1199,0.0
2025-06-13 02:00:00,0.06342,0.42,0.0,2.9,0.1199,0.0
2025-06-13 03:00:00,0.06384,0.42,0.0,2.9,0.1199,0.0
2025-06-13 04:00:00,0.07071,0.42,0.0,2.9,0.1199,0.0
2025-06-13 05:00:00,0.08368,0.31,0.0,2.9,0.1199,0.0
2025-06-13 06:00:00,0.08726,0.31,0.0,2.9,0.1199,0.0193024709303673
2025-06-13 07:00:00,0.07739,0.31,0.7000000000000001,2.9,0.1199,0.2224452554723458
2025-06-13 08:00:00,0.04003,1.08,4.57,2.9,0.1199,0.4364183318005755
2025-06-13 09:00:00,0.0040999999999999,1.08,12.0,2.9,0.1199,0.6200077912193548
2025-06-13 10:00:00,-3e-05,1.08,30.9,2.9,0.1199,0.7171022672310474
2025-06-13 11:00:00,-0.0020499999999999,2.33,60.8,2.9,0.1199,0.9024386791433884
2025-06-13 12:00:00,-0.00609,2.33,94.0,2.9,0.1199,0.9366928849756692
2025-06-13 13:00:00,-0.00601,2.33,122.0,2.9,0.1199,0.8700382972705718
2025-06-13 14:00:00,-0.0023799999999999,1.17,136.0,2.9,0.1199,0.8311673195963467
2025-06-13 15:00:00,-1e-05,1.17,145.0,2.9,0.1199,0.6947839177343132
2025-06-13 16:00:00,0.0359,1.17,146.0,2.9,0.1199,0.5230391660027585
2025-06-13 17:00:00,0.08004,0.67,126.0,2.9,0.1199,0.3146876321040047
2025-06-13 18:00:00,0.1089,0.67,122.0,2.9,0.1199,0.1199134590264027
2025-06-13 19:00:00,0.11119,0.67,99.8,2.9,0.1199,0.0
2025-06-13 20:00:00,0.0949,0.33,70.8,2.9,0.1199,0.0
2025-06-13 21:00:00,0.09,0.33,39.5,2.9,0.1199,0.0
2025-06-13 22:00:00,0.0713,0.33,13.9,2.9,0.1199,0.0
2025-06-13 23:00:00,0.07399,0.4,2.65,2.9,0.1199,0.0
2025-06-14 00:00:00,0.0712,0.4,0.0,2.9,0.1199,0.0
2025-06-14 01:00:00,0.06615,0.4,0.0,2.9,0.1199,0.0
2025-06-14 02:00:00,0.06688,0.12,0.0,2.9,0.1199,0.0
2025-06-14 03:00:00,0.06806,0.12,0.0,2.9,0.1199,0.0
2025-06-14 04:00:00,0.06452,0.12,0.0,2.9,0.1199,0.0
2025-06-14 05:00:00,0.05468,0.53,0.0,2.9,0.1199,0.0
2025-06-14 06:00:00,0.0203,0.53,0.0,2.9,0.1199,0.0613692251567742
2025-06-14 07:00:00,0.00774,0.53,0.9,2.9,0.1199,0.2678176689439259
2025-06-14 08:00:00,0.0,2.58,7.55,2.9,0.1199,0.4659679636320968
2025-06-14 09:00:00,-0.00202,2.58,17.4,2.9,0.1199,0.6591843234267987
2025-06-14 10:00:00,-0.00908,2.58,36.3,2.9,0.1199,0.7790706503555278
2025-06-14 11:00:00,-0.03572,2.25,59.3,2.9,0.1199,0.8805434403148518
2025-06-14 12:00:00,-0.038,2.25,98.0,2.9,0.1199,0.8082193731603686
2025-06-14 13:00:00,-0.02575,2.25,117.0,2.9,0.1199,0.7015691290646848
2025-06-14 14:00:00,-0.0067,0.0,133.0,2.9,0.1199,0.3674593588988771
2025-06-14 15:00:00,-0.00037,0.0,134.0,2.9,0.1199,0.3685588583477039
2025-06-14 16:00:00,0.00886,0.0,55.7,2.9,0.1199,0.4139281741785152
2025-06-14 17:00:00,0.08338,0.36,37.9,2.9,0.1199,0.2133511856768249
2025-06-14 18:00:00,0.1215499999999999,0.36,18.9,2.9,0.1199,0.0
2025-06-14 19:00:00,0.12727,0.36,46.0,2.9,0.1199,0.0
2025-06-14 20:00:00,0.11768,0.67,61.6,2.9,0.1199,0.0
2025-06-14 21:00:00,0.12139,0.67,44.7,2.9,0.1199,0.0
2025-06-14 22:00:00,0.109,0.67,13.7,2.9,0.1199,0.0
2025-06-14 23:00:00,0.09193,0.53,1.53,2.9,0.1199,0.0
2025-06-15 00:00:00,0.08887,0.53,0.0,2.9,0.1199,0.0
2025-06-15 01:00:00,0.08723,0.53,0.0,2.9,0.1199,0.0
2025-06-15 02:00:00,0.09094,0.11,0.0,2.9,0.1199,0.0
2025-06-15 03:00:00,0.0919899999999999,0.11,0.0,2.9,0.1199,0.0
2025-06-15 04:00:00,0.09215,0.11,0.0,2.9,0.1199,0.0
2025-06-15 05:00:00,0.08499,5.23,0.0,2.9,0.1199,0.0
2025-06-15 06:00:00,0.0662099999999999,5.23,0.0,2.9,0.1199,0.0
2025-06-15 07:00:00,0.05386,5.23,0.0,2.9,0.1199,0.0
2025-06-15 08:00:00,0.00555,2.88,0.3,2.9,0.1199,0.0
2025-06-15 09:00:00,0.0,2.88,3.0,2.9,0.1199,0.1754352642604845
2025-06-15 10:00:00,-2e-05,2.88,12.5,2.9,0.1199,0.1619870003164278
2025-06-15 11:00:00,-0.00122,0.0,35.6,2.9,0.1199,0.0794539009203767
2025-06-15 12:00:00,-0.00561,0.0,76.6,2.9,0.1199,0.2007989522497702
2025-06-15 13:00:00,-0.005,0.0,74.8,2.9,0.1199,0.2056709268056345
2025-06-15 14:00:00,-0.002,0.03,90.8,2.9,0.1199,0.1807759693024651
2025-06-15 15:00:00,-1e-05,0.03,74.8,2.9,0.1199,0.2801635979302677
2025-06-15 16:00:00,0.05479,0.03,83.6,2.9,0.1199,0.1720209171786431
2025-06-15 17:00:00,0.09643,0.47,131.0,2.9,0.1199,0.1001795499211724
2025-06-15 18:00:00,0.109,0.47,102.0,2.9,0.1199,0.0
2025-06-15 19:00:00,0.11459,0.47,46.5,2.9,0.1199,0.0
2025-06-15 20:00:00,0.13543,0.22,53.4,2.9,0.1199,0.0
2025-06-15 21:00:00,0.12763,0.22,41.5,2.9,0.1199,0.0
2025-06-15 22:00:00,0.10654,0.22,26.6,2.9,0.1199,0.0
2025-06-15 23:00:00,0.10572,2.69,7.65,2.9,0.1199,0.0
2025-06-16 00:00:00,0.09164,2.69,0.2,2.9,0.1199,0.0
2025-06-16 01:00:00,0.08694,2.69,0.0,2.9,0.1199,0.0
2025-06-16 02:00:00,0.084,8.74,0.0,2.879386718750002,0.1199,0.0
2025-06-16 03:00:00,0.08328,8.74,0.0,2.8696699218750017,0.1199,0.0
2025-06-16 04:00:00,0.08839,8.74,0.0,2.9,0.1199,0.0
2025-06-16 05:00:00,0.11243,4.85,0.0,2.9,0.1199,0.0
2025-06-16 06:00:00,0.1234899999999999,4.85,0.0,2.9,0.1199,0.0188136416662303
2025-06-16 07:00:00,0.10892,4.85,1.0,2.9,0.1199,0.2249586825068411
2025-06-16 08:00:00,0.08449,0.38,4.9,2.9,0.1199,0.4339601639201194
2025-06-16 09:00:00,0.06028,0.38,12.0,2.9,0.1199,0.6255579454608031
2025-06-16 10:00:00,0.01402,0.38,32.1,2.9,0.1199,0.635930574395384
2025-06-16 11:00:00,0.00162,0.0,70.6,2.9,0.1199,0.5088358072402984
2025-06-16 12:00:00,7.000000000000001e-05,0.0,104.0,2.9,0.1199,0.5804427708519095
2025-06-16 13:00:00,0.0,0.0,127.0,2.9,0.1199,0.5627220610731676
2025-06-16 14:00:00,0.0,1.0,142.0,2.9,0.1199,0.4125629650998026
2025-06-16 15:00:00,0.0136099999999999,1.0,136.0,2.9,0.1199,0.2859635022113866
2025-06-16 16:00:00,0.07,1.0,107.0,2.9,0.1199,0.1861339657348627
2025-06-16 17:00:00,0.08924,0.52,103.0,2.9,0.1199,0.0922340520907951
2025-06-16 18:00:00,0.116,0.52,86.9,2.9,0.1199,0.0
2025-06-16 19:00:00,0.1861,0.52,93.3,2.9,0.1199,0.0
2025-06-16 20:00:00,0.19,0.99,64.8,2.9,0.1199,0.0
2025-06-16 21:00:00,0.12918,0.99,41.3,2.9,0.1199,0.0
2025-06-16 22:00:00,0.1069,0.99,15.4,2.9,0.1199,0.0
2025-06-16 23:00:00,0.10398,1.5,3.38,2.9,0.1199,0.0
2025-06-17 00:00:00,0.09826,1.5,0.1,2.9,0.1199,0.0
2025-06-17 01:00:00,0.09495,1.5,0.0,2.9,0.1199,0.0
2025-06-17 02:00:00,0.09419,4.22,0.0,2.9,0.1199,0.0
2025-06-17 03:00:00,0.0952399999999999,4.22,0.0,2.866806152343752,0.1199,0.0
2025-06-17 04:00:00,0.10251,4.22,0.0,2.9,0.1199,0.0
2025-06-17 05:00:00,0.11876,4.91,0.0,2.9,0.1199,0.0
2025-06-17 06:00:00,0.10701,4.91,0.0,2.9,0.1199,0.0321076003464522
2025-06-17 07:00:00,0.09859,4.91,1.0,2.9,0.1199,0.2507270973934227
2025-06-17 08:00:00,0.07074,0.01,4.63,2.9,0.1199,0.4661654825419858
2025-06-17 09:00:00,0.00434,0.01,10.8,2.9,0.1199,0.6572626170390865
2025-06-17 10:00:00,-0.00061,0.01,31.8,2.9,0.1199,0.7967823301688249
2025-06-17 11:00:00,-0.00086,0.92,70.6,2.9,0.1199,0.8891078974082979
2025-06-17 12:00:00,-0.00491,0.92,104.0,2.9,0.1199,0.9310591770736912
2025-06-17 13:00:00,-0.0062,0.92,125.0,2.9,0.1199,0.87325994466104
2025-06-17 14:00:00,-0.00256,1.33,135.0,2.9,0.1199,0.7517887563024432
2025-06-17 15:00:00,0.00865,1.33,135.0,2.9,0.1199,0.6204401366628043
2025-06-17 16:00:00,0.07923,1.33,146.0,2.9,0.1199,0.5041621689590652
2025-06-17 17:00:00,0.10336,1.09,146.0,2.9,0.1199,0.3236386333532832
2025-06-17 18:00:00,0.12908,1.09,120.0,2.9,0.1199,0.1071493201704565
2025-06-17 19:00:00,0.2418,1.09,104.0,2.9,0.1199,0.0
2025-06-17 20:00:00,0.2413799999999999,0.24,77.7,2.9,0.1199,0.0
2025-06-17 21:00:00,0.13819,0.24,45.0,2.9,0.1199,0.0
2025-06-17 22:00:00,0.11636,0.24,11.8,2.9,0.1199,0.0
2025-06-17 23:00:00,0.113,0.7,1.98,2.9,0.1199,0.0
2025-06-18 00:00:00,0.1067999999999999,0.7,0.0,2.9,0.1199,0.0
2025-06-18 01:00:00,0.1015,0.7,0.0,2.9,0.1199,0.0
2025-06-18 02:00:00,0.09584,1.36,0.0,2.9,0.1199,0.0
2025-06-18 03:00:00,0.09701,1.36,0.0,2.9,0.1199,0.0
2025-06-18 04:00:00,0.10357,1.36,0.0,2.9,0.1199,0.0
2025-06-18 05:00:00,0.1123499999999999,3.23,0.0,2.9,0.1199,0.0
2025-06-18 06:00:00,0.1149,3.23,0.0,2.9,0.1199,0.0114452889134531
2025-06-18 07:00:00,0.11139,3.23,0.8,2.9,0.1199,0.1968135909173075
2025-06-18 08:00:00,0.07897,0.25,4.78,2.9,0.1199,0.4047542880499558
2025-06-18 09:00:00,0.02177,0.25,13.3,2.9,0.1199,0.5805131897853525
2025-06-18 10:00:00,0.00117,0.25,33.5,2.9,0.1199,0.7646878445026051
2025-06-18 11:00:00,-0.00023,1.33,69.8,2.9,0.1199,0.8833321802730041
2025-06-18 12:00:00,-0.00104,1.33,98.0,2.9,0.1199,0.9022296379414342
2025-06-18 13:00:00,-0.0023,1.33,120.0,2.9,0.1199,0.8147127990569163
2025-06-18 14:00:00,-0.00217,1.21,134.0,2.9,0.1199,0.7769894140780168
2025-06-18 15:00:00,0.00099,1.21,150.0,2.9,0.1199,0.6699696251972467
2025-06-18 16:00:00,0.074,1.21,151.0,2.9,0.1199,0.5111537137272806
2025-06-18 17:00:00,0.10715,0.68,145.0,2.9,0.1199,0.2817288870778491
2025-06-18 18:00:00,0.1164,0.68,131.0,2.9,0.1199,0.0655997476173027
2025-06-18 19:00:00,0.14099,0.68,107.0,2.9,0.1199,0.0
2025-06-18 20:00:00,0.17532,0.69,76.9,2.9,0.1199,0.0
2025-06-18 21:00:00,0.13306,0.69,42.9,2.9,0.1199,0.0
2025-06-18 22:00:00,0.11535,0.69,15.4,2.9,0.1199,0.0
2025-06-18 23:00:00,0.1122,0.21,3.65,2.9,0.1199,0.0
2025-06-19 00:00:00,0.1064,0.21,0.0,2.9,0.1199,0.0
2025-06-19 01:00:00,0.10529,0.21,0.0,2.9,0.1199,0.0
2025-06-19 02:00:00,0.09951,2.58,0.0,2.9,0.1199,0.0
2025-06-19 03:00:00,0.10094,2.58,0.0,2.9,0.1199,0.0
2025-06-19 04:00:00,0.09568,2.58,0.0,2.9,0.1199,0.0
2025-06-19 05:00:00,0.10151,4.18,0.0,2.9,0.1199,0.0
2025-06-19 06:00:00,0.08925,4.18,0.0,2.9,0.1199,0.0260541931093955
2025-06-19 07:00:00,0.07125,4.18,0.6,2.9,0.1199,0.240325696031786
2025-06-19 08:00:00,0.00086,0.06,4.08,2.9,0.1199,0.4515987922510441
2025-06-19 09:00:00,-0.00133,0.06,9.08,2.9,0.1199,0.6409089555497435
2025-06-19 10:00:00,-0.02998,0.06,30.1,2.9,0.1199,0.7903327959930944
2025-06-19 11:00:00,-0.05221,0.03,70.0,2.9,0.1199,0.8899841992229028
2025-06-19 12:00:00,-0.06544,0.03,104.0,2.9,0.1199,0.9290325448149708
2025-06-19 13:00:00,-0.06495,0.03,129.0,2.9,0.1199,0.9056537456976216
2025-06-19 14:00:00,-0.03979,0.0,145.0,2.9,0.1199,0.8187140044486697
2025-06-19 15:00:00,-0.00495,0.0,154.0,2.9,0.1199,0.6376296891508212
2025-06-19 16:00:00,0.0023,0.0,155.0,2.9,0.1199,0.4654998437828361
2025-06-19 17:00:00,0.08033,0.42,147.0,2.9,0.1199,0.3109573290366201
2025-06-19 18:00:00,0.1184699999999999,0.42,133.0,2.9,0.1199,0.1091771234536263
2025-06-19 19:00:00,0.13885,0.42,109.0,2.9,0.1199,0.0
2025-06-19 20:00:00,0.1418,0.08,79.3,2.9,0.1199,0.0
2025-06-19 21:00:00,0.12966,0.08,44.3,2.9,0.1199,0.0
2025-06-19 22:00:00,0.10889,0.08,15.0,2.9,0.1199,0.0
2025-06-19 23:00:00,0.1094899999999999,1.69,3.1,2.9,0.1199,0.0
2025-06-20 00:00:00,0.10457,1.69,0.1,2.9,0.1199,0.0
2025-06-20 01:00:00,0.10324,1.69,0.0,2.9,0.1199,0.0
2025-06-20 02:00:00,0.10501,6.32,0.0,2.9,0.1199,0.0
2025-06-20 03:00:00,0.10427,6.32,0.0,2.9,0.1199,0.0
2025-06-20 04:00:00,0.10904,6.32,0.0,2.9,0.1199,0.0
2025-06-20 05:00:00,0.1209,6.87,0.0,2.9,0.1199,0.0
2025-06-20 06:00:00,0.11866,6.87,0.0,2.9,0.1199,0.027025318996159
2025-06-20 07:00:00,0.11098,6.87,0.5,2.9,0.1199,0.2432368416094941
2025-06-20 08:00:00,0.08169,0.09,3.97,2.9,0.1199,0.4598454097027946
2025-06-20 09:00:00,0.01583,0.09,9.18,2.9,0.1199,0.6539778495271802
2025-06-20 10:00:00,0.00403,0.09,30.3,2.9,0.1199,0.8089708655333182
2025-06-20 11:00:00,0.0,0.33,71.6,2.9,0.1199,0.9126796648814868
2025-06-20 12:00:00,-0.001,0.33,107.0,2.9,0.1199,0.957208562153237
2025-06-20 13:00:00,-0.00017,0.33,132.0,2.9,0.1199,0.9391420486073008
2025-06-20 14:00:00,0.00091,2.11,148.0,2.9,0.1199,0.8591054422544284
2025-06-20 15:00:00,0.02899,2.11,156.0,2.9,0.1199,0.7261292861003674
2025-06-20 16:00:00,0.08735,2.11,156.0,2.9,0.1199,0.5467068364219966
2025-06-20 17:00:00,0.11101,0.84,135.0,2.9,0.1199,0.3397262934711539
2025-06-20 18:00:00,0.13613,0.84,122.0,2.9,0.1199,0.1221414417331327
2025-06-20 19:00:00,0.20129,0.84,108.0,2.9,0.1199,0.0
2025-06-20 20:00:00,0.1786299999999999,0.28,77.6,2.9,0.1199,0.0
2025-06-20 21:00:00,0.13705,0.28,38.2,2.9,0.1199,0.0
2025-06-20 22:00:00,0.12138,0.28,17.0,2.9,0.1199,0.0
2025-06-20 23:00:00,0.11852,0.08,3.28,2.9,0.1199,0.0
2025-06-21 00:00:00,0.11048,0.08,0.0,2.9,0.1199,0.0
2025-06-21 01:00:00,0.10815,0.08,0.0,2.9,0.1199,0.0
2025-06-21 02:00:00,0.10676,1.88,0.0,2.9,0.1199,0.0
2025-06-21 03:00:00,0.1090999999999999,1.88,0.0,2.9,0.1199,0.0
2025-06-21 04:00:00,0.10445,1.88,0.0,2.9,0.1199,0.0
2025-06-21 05:00:00,0.10071,3.92,0.0,2.9,0.1199,0.0
2025-06-21 06:00:00,0.09074,3.92,0.0,2.9,0.1199,0.01444332446967
2025-06-21 07:00:00,0.07593,3.92,0.5,2.9,0.1199,0.2358707992280746
2025-06-21 08:00:00,0.0233999999999999,0.33,4.02,2.9,0.1199,0.4801439452956675
2025-06-21 09:00:00,0.00019,0.33,9.53,2.9,0.1199,0.6846996230461654
2025-06-21 10:00:00,-0.0020099999999999,0.33,30.8,2.9,0.1199,0.843126859421491
2025-06-21 11:00:00,-0.01396,0.25,71.4,2.9,0.1199,0.9458252301701792
2025-06-21 12:00:00,-0.02998,0.25,105.0,2.9,0.1199,0.9886816404918616
2025-06-21 13:00:00,-0.02631,0.25,129.0,2.9,0.1199,0.9694655433081112
2025-06-21 14:00:00,-0.00442,0.11,144.0,2.9,0.1199,0.88914997797037
2025-06-21 15:00:00,8.999999999999999e-05,0.11,151.0,2.9,0.1199,0.7552024463013403
2025-06-21 16:00:00,0.05999,0.11,150.0,2.9,0.1199,0.5789094879735528
2025-06-21 17:00:00,0.10095,0.59,143.0,2.9,0.1199,0.3751065351051824
2025-06-21 18:00:00,0.1279,0.59,128.0,2.9,0.1199,0.1599165834446783
2025-06-21 19:00:00,0.15674,0.59,105.0,2.9,0.1199,0.0
2025-06-21 20:00:00,0.1653,0.7,77.5,2.9,0.1199,0.0
2025-06-21 21:00:00,0.14078,0.7,43.7,2.9,0.1199,0.0
2025-06-21 22:00:00,0.1192,0.7,14.8,2.9,0.1199,0.0
2025-06-21 23:00:00,0.10815,0.73,2.98,2.9,0.1199,0.0
2025-06-22 00:00:00,0.10107,0.73,0.1,2.9,0.1199,0.0
2025-06-22 01:00:00,0.0974599999999999,0.73,0.0,2.9,0.1199,0.0
2025-06-22 02:00:00,0.09212,0.11,0.0,2.9,0.1199,0.0
2025-06-22 03:00:00,0.0896899999999999,0.11,0.0,2.9,0.1199,0.0
2025-06-22 04:00:00,0.08795,0.11,0.0,2.9,0.1199,0.0
2025-06-22 05:00:00,0.07198,0.0,0.0,2.9,0.1199,0.0
2025-06-22 06:00:00,0.02644,0.0,0.0,2.9,0.1199,0.0777873438649077
2025-06-22 07:00:00,0.0,0.0,0.9,2.9,0.1199,0.3048963630703225
2025-06-22 08:00:00,-8.999999999999999e-05,0.19,4.58,2.9,0.1199,0.5268889949412725
2025-06-22 09:00:00,-0.01111,0.19,9.88,2.9,0.1199,0.7218330841247852
2025-06-22 10:00:00,-0.03856,0.19,30.5,2.9,0.1199,0.858880461913986
2025-06-22 11:00:00,-0.06741,0.92,68.6,2.9,0.1199,0.9463152510833162
2025-06-22 12:00:00,-0.09901,0.92,98.7,2.9,0.1199,0.9472461029777896
2025-06-22 13:00:00,-0.081,0.92,102.0,2.9,0.1199,0.8943690740865939
2025-06-22 14:00:00,-0.04009,0.0,136.0,2.9,0.1199,0.5100348165241624
2025-06-22 15:00:00,-0.0076799999999999,0.0,143.0,2.9,0.1199,0.2669157547448386
2025-06-22 16:00:00,-1e-05,0.0,132.0,2.9,0.1199,0.2769153483453376
2025-06-22 17:00:00,0.06975,0.42,103.0,2.9,0.1199,0.21704534985619
2025-06-22 18:00:00,0.10933,0.42,59.9,2.9,0.1199,0.0728466731009161
2025-06-22 19:00:00,0.1239,0.42,47.9,2.9,0.1199,0.0
2025-06-22 20:00:00,0.13433,1.09,60.0,2.9,0.1199,0.0
2025-06-22 21:00:00,0.12632,1.09,38.5,2.9,0.1199,0.0
2025-06-22 22:00:00,0.10163,1.09,15.8,2.9,0.1199,0.0
2025-06-22 23:00:00,0.0703,0.32,2.08,2.9,0.1199,0.0
2025-06-23 00:00:00,0.0638,0.32,0.0,2.9,0.1199,0.0
2025-06-23 01:00:00,0.06379,0.32,0.0,2.9,0.1199,0.0
2025-06-23 02:00:00,0.06451,1.0,0.0,2.9,0.1199,0.0
2025-06-23 03:00:00,0.0725,1.0,0.0,2.9,0.1199,0.0
2025-06-23 04:00:00,0.08492,1.0,0.0,2.9,0.1199,0.0
2025-06-23 05:00:00,0.08912,0.05,0.0,2.9,0.1199,0.0
2025-06-23 06:00:00,0.0922399999999999,0.05,0.0,2.9,0.1199,0.0
2025-06-23 07:00:00,0.0789599999999999,0.05,1.0,2.9,0.1199,0.1476644586857835
2025-06-23 08:00:00,0.01864,0.03,3.8,2.9,0.1199,0.2237099489452582
2025-06-23 09:00:00,-1e-05,0.03,10.8,2.9,0.1199,0.198884083971733
2025-06-23 10:00:00,-0.00611,0.03,30.7,2.9,0.1199,0.1266687069479871
2025-06-23 11:00:00,-0.01276,0.25,36.4,2.9,0.1199,0.3322146823143962
2025-06-23 12:00:00,-0.0264499999999999,0.25,55.7,2.9,0.1199,0.6770153991561983
2025-06-23 13:00:00,-0.03275,0.25,47.0,2.9,0.1199,0.6075522623370121
2025-06-23 14:00:00,-0.03269,1.31,54.0,2.9,0.1199,0.700833026130982
2025-06-23 15:00:00,-0.025,1.31,152.0,2.9,0.1199,0.3940132270968374
2025-06-23 16:00:00,-0.01311,1.31,143.0,2.9,0.1199,0.3844889509691607
2025-06-23 17:00:00,-0.00101,0.7,129.0,2.9,0.1199,0.2093840948079567
2025-06-23 18:00:00,0.02,0.7,105.0,2.9,0.1199,0.0649882958411982
2025-06-23 19:00:00,0.0835,0.7,82.5,2.9,0.1199,0.0
2025-06-23 20:00:00,0.09,0.64,66.2,2.9,0.1199,0.0
2025-06-23 21:00:00,0.09778,0.64,47.2,2.9,0.1199,0.0
2025-06-23 22:00:00,0.08953,0.64,16.6,2.9,0.1199,0.0
2025-06-23 23:00:00,0.07708,6.0,3.68,2.9,0.1199,0.0
2025-06-24 00:00:00,0.06679,6.0,0.1,2.9,0.1199,0.0
2025-06-24 01:00:00,0.06379,6.0,0.0,2.9,0.1199,0.0
2025-06-24 02:00:00,0.05812,6.75,0.0,2.9,0.1199,0.0
2025-06-24 03:00:00,0.06652,6.75,0.0,2.9,0.1199,0.0
2025-06-24 04:00:00,0.06975,6.75,0.0,2.9,0.1199,0.0
2025-06-24 05:00:00,0.08815,8.82,0.0,2.9,0.1199,0.0
2025-06-24 06:00:00,0.08802,8.82,0.0,2.9,0.1199,0.0100217436647786
2025-06-24 07:00:00,0.04127,8.82,0.45,2.9,0.1199,0.1906571182518482
2025-06-24 08:00:00,-1e-05,0.95,3.8,2.9,0.1199,0.3867345512123191
2025-06-24 09:00:00,-0.00401,0.95,9.07,2.9,0.1199,0.467982625144355
2025-06-24 10:00:00,-0.01241,0.95,31.0,2.9,0.1199,0.5478062930266957
2025-06-24 11:00:00,-0.02009,0.36,69.4,2.9,0.1199,0.5579050434007432
2025-06-24 12:00:00,-0.02275,0.36,108.0,2.9,0.1199,0.5987831186800253
2025-06-24 13:00:00,-0.01927,0.36,136.0,2.9,0.1199,0.3363622550078713
2025-06-24 14:00:00,-0.00756,0.28,107.0,2.9,0.1199,0.4191528247824755
2025-06-24 15:00:00,-0.00306,0.28,107.0,2.9,0.1199,0.2436165616512679
2025-06-24 16:00:00,0.00209,0.28,82.7,2.9,0.1199,0.2383149617958457
2025-06-24 17:00:00,0.06177,0.08,35.8,2.9,0.1199,0.0221149373333514
2025-06-24 18:00:00,0.09725,0.08,51.0,2.9,0.1199,0.0
2025-06-24 19:00:00,0.1239,0.08,61.0,2.9,0.1199,0.0
2025-06-24 20:00:00,0.12249,0.42,34.9,2.9,0.1199,0.0
2025-06-24 21:00:00,0.09741,0.42,42.4,2.9,0.1199,0.0
2025-06-24 22:00:00,0.09802,0.42,15.2,2.9,0.1199,0.0
2025-06-24 23:00:00,0.0788499999999999,0.25,2.13,2.9,0.1199,0.0
2025-06-25 00:00:00,0.06763,0.25,0.0,2.9,0.1199,0.0
2025-06-25 01:00:00,0.07002,0.25,0.0,2.9,0.1199,0.0
2025-06-25 02:00:00,0.0690699999999999,0.1,0.0,2.9,0.1199,0.0
2025-06-25 03:00:00,0.07001,0.1,0.0,2.9,0.1199,0.0
2025-06-25 04:00:00,0.08277,0.1,0.0,2.9,0.1199,0.0
2025-06-25 05:00:00,0.10572,0.03,0.0,2.9,0.1199,0.0
2025-06-25 06:00:00,0.11236,0.03,0.0,2.9,0.1199,0.0226532463112437
2025-06-25 07:00:00,0.09787,0.03,0.8,2.9,0.1199,0.2405927137848328
2025-06-25 08:00:00,0.07002,0.01,3.15,2.9,0.1199,0.4515274445120912
2025-06-25 09:00:00,0.01007,0.01,7.75,2.9,0.1199,0.6299974128210994
2025-06-25 10:00:00,7.000000000000001e-05,0.01,28.3,2.9,0.1199,0.7904992422819673
2025-06-25 11:00:00,-2e-05,1.75,68.8,2.9,0.1199,0.7781731466135093
2025-06-25 12:00:00,-0.00014,1.75,104.0,2.9,0.1199,0.8165718317165037
2025-06-25 13:00:00,-0.00051,1.75,128.0,2.9,0.1199,0.7101736721262187
2025-06-25 14:00:00,0.0,0.3,141.0,2.9,0.1199,0.7859100377936659
2025-06-25 15:00:00,0.0178399999999999,0.3,154.0,2.9,0.1199,0.6963346820987464
2025-06-25 16:00:00,0.08447,0.3,95.1,2.9,0.1199,0.4965157481757513
2025-06-25 17:00:00,0.1057999999999999,1.56,38.2,2.9,0.1199,0.3108543977546505
2025-06-25 18:00:00,0.13419,1.56,85.9,2.9,0.1199,0.0993246640329007
2025-06-25 19:00:00,0.2,1.56,100.0,2.9,0.1199,0.0
2025-06-25 20:00:00,0.24702,1.27,54.2,2.9,0.1199,0.0
2025-06-25 21:00:00,0.17362,1.27,30.9,2.9,0.1199,0.0
2025-06-25 22:00:00,0.12684,1.27,14.9,2.9,0.1199,0.0
2025-06-25 23:00:00,0.11995,0.97,3.2,2.9,0.1199,0.0
2025-06-26 00:00:00,0.1076299999999999,0.97,0.0,2.9,0.1199,0.0
2025-06-26 01:00:00,0.10283,0.97,0.0,2.9,0.1199,0.0
2025-06-26 02:00:00,0.09862,0.43,0.0,2.9,0.1199,0.0
2025-06-26 03:00:00,0.09879,0.43,0.0,2.9,0.1199,0.0
2025-06-26 04:00:00,0.10291,0.43,0.0,2.9,0.1199,0.0
2025-06-26 05:00:00,0.1199,0.03,0.0,2.9,0.1199,0.0
2025-06-26 06:00:00,0.1209099999999999,0.03,0.0,2.9,0.1199,0.0
2025-06-26 07:00:00,0.10679,0.03,0.0,2.9,0.1199,0.0
2025-06-26 08:00:00,0.09645,0.08,2.5,2.9,0.1199,0.1965707051402817
2025-06-26 09:00:00,0.08895,0.08,13.4,2.9,0.1199,0.2506107228308545
2025-06-26 10:00:00,0.0778799999999999,0.08,26.2,2.9,0.1199,0.2288298385090451
2025-06-26 11:00:00,0.07025,0.27,48.8,2.9,0.1199,0.2301024291136838
2025-06-26 12:00:00,0.05925,0.27,43.7,2.9,0.1199,0.36645335142389
2025-06-26 13:00:00,0.05112,0.27,51.4,2.9,0.1199,0.5057808161763404
2025-06-26 14:00:00,0.04899,0.77,84.7,2.9,0.1199,0.5472196545376298
2025-06-26 15:00:00,0.06304,0.77,75.1,2.9,0.1199,0.2727676027259459
2025-06-26 16:00:00,0.0703,0.77,31.8,2.9,0.1199,0.2853250557378798
2025-06-26 17:00:00,0.08923,0.52,74.7,2.9,0.1199,0.212534276683492
2025-06-26 18:00:00,0.09395,0.52,94.1,2.9,0.1199,0.0704862993561853
2025-06-26 19:00:00,0.09914,0.52,98.1,2.9,0.1199,0.0
2025-06-26 20:00:00,0.1,0.43,57.3,2.9,0.1199,0.0
2025-06-26 21:00:00,0.10864,0.43,35.6,2.9,0.1199,0.0
2025-06-26 22:00:00,0.09723,0.43,11.8,2.9,0.1199,0.0
2025-06-26 23:00:00,0.0845,0.18,1.78,2.9,0.1199,0.0
2025-06-27 00:00:00,0.07883,0.18,0.0,2.9,0.1199,0.0
2025-06-27 01:00:00,0.07567,0.18,0.0,2.9,0.1199,0.0
2025-06-27 02:00:00,0.08041,1.06,0.0,2.9,0.1199,0.0
2025-06-27 03:00:00,0.08239,1.06,0.0,2.9,0.1199,0.0
2025-06-27 04:00:00,0.0889,1.06,0.0,2.9,0.1199,0.0
2025-06-27 05:00:00,0.10558,1.18,0.0,2.9,0.1199,0.0
2025-06-27 06:00:00,0.1132,1.18,0.0,2.9,0.1199,0.0
2025-06-27 07:00:00,0.1077,1.18,0.3,2.9,0.1199,0.0
2025-06-27 08:00:00,0.09094,4.57,4.83,2.9,0.1199,0.0713777760081181
2025-06-27 09:00:00,0.07912,4.57,8.88,2.9,0.1199,0.3006060981515017
2025-06-27 10:00:00,0.06745,4.57,19.1,2.9,0.1199,0.0581045946704984
2025-06-27 11:00:00,0.05453,0.57,45.9,2.9,0.1199,0.4630534752723461
2025-06-27 12:00:00,0.0283,0.57,58.0,2.9,0.1199,0.7914662327653159
2025-06-27 13:00:00,0.00787,0.57,82.0,2.9,0.1199,0.4499782719183598
2025-06-27 14:00:00,0.00988,0.27,117.0,2.9,0.1199,0.3225045706040665
2025-06-27 15:00:00,0.02992,0.27,120.0,2.9,0.1199,0.0880185333207088
2025-06-27 16:00:00,0.07068,0.27,133.0,2.9,0.1199,0.0652060168368883
2025-06-27 17:00:00,0.09173,0.13,130.0,2.9,0.1199,0.0058525536267573
2025-06-27 18:00:00,0.10715,0.13,73.2,2.9,0.1199,0.0
2025-06-27 19:00:00,0.12486,0.13,101.0,2.9,0.1199,0.0
2025-06-27 20:00:00,0.13494,0.3,58.3,2.9,0.1199,0.0
2025-06-27 21:00:00,0.12624,0.3,39.7,2.9,0.1199,0.0
2025-06-27 22:00:00,0.1077,0.3,15.1,2.9,0.1199,0.0
2025-06-27 23:00:00,0.0947,0.05,3.62,2.9,0.1199,0.0
2025-06-28 00:00:00,0.08961,0.05,0.1,2.9,0.1199,0.0
2025-06-28 01:00:00,0.08202,0.05,0.0,2.9,0.1199,0.0
2025-06-28 02:00:00,0.07659,0.48,0.0,2.9,0.1199,0.0
2025-06-28 03:00:00,0.07027,0.48,0.0,2.9,0.1199,0.0
2025-06-28 04:00:00,0.0754,0.48,0.0,2.9,0.1199,0.0
2025-06-28 05:00:00,0.074,0.3,0.0,2.9,0.1199,0.0
2025-06-28 06:00:00,0.05884,0.3,0.0,2.9,0.1199,0.0342699818140993
2025-06-28 07:00:00,0.0278,0.3,0.7000000000000001,2.9,0.1199,0.2066302521350565
2025-06-28 08:00:00,0.00234,0.0,3.28,2.9,0.1199,0.3427229235181081
2025-06-28 09:00:00,1e-05,0.0,8.53,2.9,0.1199,0.5335657204278196
2025-06-28 10:00:00,-4e-05,0.0,26.5,2.9,0.1199,0.6652572605846736
2025-06-28 11:00:00,-0.001,0.25,59.1,2.9,0.1199,0.6988964905447782
2025-06-28 12:00:00,-0.0020099999999999,0.25,103.0,2.9,0.1199,0.6358555233949632
2025-06-28 13:00:00,-0.00309,0.25,133.0,2.9,0.1199,0.6581041998205653
2025-06-28 14:00:00,-0.00101,1.25,143.0,2.9,0.1199,0.7045813936820662
2025-06-28 15:00:00,-0.001,1.25,138.0,2.9,0.1199,0.5510544555721303
2025-06-28 16:00:00,0.00297,1.25,133.0,2.9,0.1199,0.342982045176033
2025-06-28 17:00:00,0.06273,1.19,145.0,2.9,0.1199,0.1438834551345933
2025-06-28 18:00:00,0.09503,1.19,129.0,2.9,0.1199,0.0772309617469436
2025-06-28 19:00:00,0.1089899999999999,1.19,94.6,2.9,0.1199,0.0
2025-06-28 20:00:00,0.12386,0.17,74.4,2.9,0.1199,0.0
2025-06-28 21:00:00,0.11984,0.17,45.3,2.9,0.1199,0.0
2025-06-28 22:00:00,0.1035,0.17,14.9,2.9,0.1199,0.0
2025-06-28 23:00:00,0.0950699999999999,0.12,2.63,2.9,0.1199,0.0
2025-06-29 00:00:00,0.08942,0.12,0.1,2.9,0.1199,0.0
2025-06-29 01:00:00,0.0896599999999999,0.12,0.0,2.9,0.1199,0.0
2025-06-29 02:00:00,0.08682,0.55,0.0,2.9,0.1199,0.0
2025-06-29 03:00:00,0.08531,0.55,0.0,2.9,0.1199,0.0
2025-06-29 04:00:00,0.0853,0.55,0.0,2.9,0.1199,0.0
2025-06-29 05:00:00,0.08639,0.95,0.0,2.9,0.1199,0.0
2025-06-29 06:00:00,0.07492,0.95,0.0,2.9,0.1199,0.0332300605167382
2025-06-29 07:00:00,0.04752,0.95,0.6,2.9,0.1199,0.2448689089425656
2025-06-29 08:00:00,0.00199,0.19,3.45,2.9,0.1199,0.4478761773597114
2025-06-29 09:00:00,0.0,0.19,7.95,2.9,0.1199,0.6215823254125115
2025-06-29 10:00:00,-0.00026,0.19,28.0,2.9,0.1199,0.7239858219573951
2025-06-29 11:00:00,-0.0054,0.8,67.8,2.9,0.1199,0.7825686170296301
2025-06-29 12:00:00,-0.0201,0.8,101.0,2.9,0.1199,0.8536461189468353
2025-06-29 13:00:00,-0.02401,0.8,124.0,2.9,0.1199,0.754848005850871
2025-06-29 14:00:00,-0.0154499999999999,0.03,140.0,2.9,0.1199,0.6963995311080465
2025-06-29 15:00:00,-0.00269,0.03,150.0,2.9,0.1199,0.4856245352737828
2025-06-29 16:00:00,1e-05,0.03,139.0,2.9,0.1199,0.3676288549928227
2025-06-29 17:00:00,0.07744,0.42,138.0,2.9,0.1199,0.2809905686195988
2025-06-29 18:00:00,0.10214,0.42,126.0,2.9,0.1199,0.1475488209641567
2025-06-29 19:00:00,0.11198,0.42,106.0,2.9,0.1199,0.0
2025-06-29 20:00:00,0.11807,0.72,81.9,2.9,0.1199,0.0
2025-06-29 21:00:00,0.11373,0.72,36.8,2.9,0.1199,0.0
2025-06-29 22:00:00,0.101,0.72,12.2,2.9,0.1199,0.0
2025-06-29 23:00:00,0.09873,0.73,2.8,2.9,0.1199,0.0
2025-06-30 00:00:00,0.08903,0.73,0.2,2.9,0.1199,0.0
2025-06-30 01:00:00,0.08503,0.73,0.0,2.9,0.1199,0.0
2025-06-30 02:00:00,0.08413,0.2,0.0,2.9,0.1199,0.0
2025-06-30 03:00:00,0.08651,0.2,0.0,2.9,0.1199,0.0
2025-06-30 04:00:00,0.09741,0.2,0.0,2.9,0.1199,0.0
2025-06-30 05:00:00,0.1149,0.14,0.0,2.9,0.1199,0.0
2025-06-30 06:00:00,0.1117,0.14,0.0,2.9,0.1199,0.0471158618056447
2025-06-30 07:00:00,0.1085199999999999,0.14,0.7000000000000001,2.9,0.1199,0.2634021315651747
2025-06-30 08:00:00,0.0917699999999999,0.84,3.68,2.9,0.1199,0.4784745642977245
2025-06-30 09:00:00,0.07465,0.84,8.55,2.9,0.1199,0.6721934948284267
2025-06-30 10:00:00,0.04373,0.84,28.0,2.9,0.1199,0.8224546060537593
2025-06-30 11:00:00,0.01905,1.17,67.1,2.9,0.1199,0.9316278194878664
2025-06-30 12:00:00,0.00996,1.17,102.0,2.9,0.1199,0.9729627892241444
2025-06-30 13:00:00,0.0196499999999999,1.17,125.0,2.9,0.1199,0.95069059020271
2025-06-30 14:00:00,0.06,1.5,141.0,2.9,0.1199,0.8749024583966293
2025-06-30 15:00:00,0.0805,1.5,148.0,2.9,0.1199,0.741898544445385
2025-06-30 16:00:00,0.09198,1.5,149.0,2.9,0.1199,0.5727916665603131
2025-06-30 17:00:00,0.11001,0.83,142.0,2.9,0.1199,0.3728486071295055
2025-06-30 18:00:00,0.17894,0.83,128.0,2.9,0.1199,0.1576651225420237
2025-06-30 19:00:00,0.28897,0.83,106.0,2.9,0.1199,0.0
2025-06-30 20:00:00,0.23335,0.11,77.9,2.9,0.1199,0.0
2025-06-30 21:00:00,0.157,0.11,44.2,2.9,0.1199,0.0
2025-06-30 22:00:00,0.12265,0.11,14.3,2.9,0.1199,0.0
2025-06-30 23:00:00,0.11128,1.12,2.68,2.9,0.1199,0.0
2025-07-01 00:00:00,0.09529,1.12,0.2,2.9,0.1199,0.0
2025-07-01 01:00:00,0.0891,1.12,0.0,2.9,0.1199,0.0
2025-07-01 02:00:00,0.0880799999999999,0.74,0.0,2.9,0.1199,0.0
2025-07-01 03:00:00,0.09001,0.74,0.0,2.9,0.1199,0.0
2025-07-01 04:00:00,0.0965,0.74,0.0,2.9,0.1199,0.0
2025-07-01 05:00:00,0.11497,0.48,0.0,2.9,0.1199,0.0
2025-07-01 06:00:00,0.12011,0.48,0.0,2.9,0.1199,0.0738840694845176
2025-07-01 07:00:00,0.11472,0.48,0.6,2.9,0.1199,0.2746599505252856
2025-07-01 08:00:00,0.09119,1.09,3.45,2.9,0.1199,0.5139124108840099
2025-07-01 09:00:00,0.08431,1.09,8.18,2.9,0.1199,0.699909581512442
2025-07-01 10:00:00,0.06956,1.09,27.4,2.9,0.1199,0.8610802089241468
2025-07-01 11:00:00,0.0445399999999999,3.0,65.6,2.9,0.1199,0.9551141534057742
2025-07-01 12:00:00,0.04247,3.0,98.0,2.9,0.1199,1.0
2025-07-01 13:00:00,0.05765,3.0,121.0,2.9,0.1199,0.9089902411144146
2025-07-01 14:00:00,0.07814,1.42,134.0,2.9,0.1199,0.8311592143431243
2025-07-01 15:00:00,0.0907999999999999,1.42,127.0,2.9,0.1199,0.6731530316571623
2025-07-01 16:00:00,0.10202,1.42,126.0,2.9,0.1199,0.5384474215848214
2025-07-01 17:00:00,0.15208,1.08,139.0,2.9,0.1199,0.3725350268354554
2025-07-01 18:00:00,0.30727,1.08,117.0,2.9,0.1199,0.1808662177648952
2025-07-01 19:00:00,0.47619,1.08,98.1,2.9,0.1199,0.0
2025-07-01 20:00:00,0.40681,1.17,44.4,2.9,0.1199,0.0
2025-07-01 21:00:00,0.25001,1.17,42.2,2.9,0.1199,0.0
2025-07-01 22:00:00,0.14765,1.17,17.6,2.9,0.1199,0.0
2025-07-01 23:00:00,0.11929,1.0,2.95,2.9,0.1199,0.0
2025-07-02 00:00:00,0.1027,1.0,0.0,2.9,0.1199,0.0
2025-07-02 01:00:00,0.09254,1.0,0.0,2.9,0.1199,0.0
2025-07-02 02:00:00,0.09208,0.62,0.0,2.9,0.1199,0.0
2025-07-02 03:00:00,0.09171,0.62,0.0,2.9,0.1199,0.0
2025-07-02 04:00:00,0.10055,0.62,0.0,2.9,0.1199,0.0
2025-07-02 05:00:00,0.11643,0.62,0.0,2.9,0.1199,0.0
2025-07-02 06:00:00,0.11042,0.62,0.0,2.9,0.1199,0.0888020840587033
2025-07-02 07:00:00,0.10452,0.62,0.5,2.9,0.1199,0.3073945442659754
2025-07-02 08:00:00,0.09262,2.08,3.98,2.9,0.1199,0.5252563153947243
2025-07-02 09:00:00,0.08106,2.08,9.95,2.9,0.1199,0.7222674663870545
2025-07-02 10:00:00,0.06993,2.08,28.1,2.9,0.1199,0.8736247646450238
2025-07-02 11:00:00,0.03612,4.67,63.8,2.9,0.1199,0.9607985620773708
2025-07-02 12:00:00,0.03259,4.67,95.4,2.9,0.1199,0.8978370110117042
2025-07-02 13:00:00,0.04661,4.67,117.0,2.9,0.1199,0.7367859691465619
2025-07-02 14:00:00,0.07149,0.67,132.0,2.9,0.1199,0.6638228529414361
2025-07-02 15:00:00,0.0795999999999999,0.67,49.4,2.9,0.1199,0.6353089471051149
2025-07-02 16:00:00,0.08927,0.67,66.1,2.9,0.1199,0.4645052059564502
2025-07-02 17:00:00,0.11399,1.13,28.1,2.9,0.1199,0.2300876669001255
2025-07-02 18:00:00,0.1860099999999999,1.13,46.3,2.9,0.1199,0.0460958048657054
2025-07-02 19:00:00,0.24007,1.13,8.78,2.9,0.1199,0.0
2025-07-02 20:00:00,0.18021,0.16,0.55,2.9,0.1199,0.0
2025-07-02 21:00:00,0.13493,0.16,1.8,2.9,0.1199,0.0
2025-07-02 22:00:00,0.1085,0.16,19.0,2.9,0.1199,0.0
2025-07-02 23:00:00,0.08349,0.74,3.65,2.9,0.1199,0.0
2025-07-03 00:00:00,0.08115,0.74,0.1,2.9,0.1199,0.0
2025-07-03 01:00:00,0.079,0.74,0.0,2.9,0.1199,0.0
2025-07-03 02:00:00,0.07893,2.8,0.0,2.9,0.1199,0.0
2025-07-03 03:00:00,0.08088,2.8,0.0,2.9,0.1199,0.0
2025-07-03 04:00:00,0.08645,2.8,0.0,2.9,0.1199,0.0
2025-07-03 05:00:00,0.10492,7.53,0.0,2.9,0.1199,0.0
2025-07-03 06:00:00,0.10803,7.53,0.0,2.9,0.1199,0.0
2025-07-03 07:00:00,0.1049,7.53,0.4,2.9,0.1199,0.0649562359554717
2025-07-03 08:00:00,0.09045,3.34,3.88,2.9,0.1199,0.2381188255257416
2025-07-03 09:00:00,0.07506,3.34,10.6,2.9,0.1199,0.4948777437021689
2025-07-03 10:00:00,0.05735,3.34,36.6,2.9,0.1199,0.6644768208023806
2025-07-03 11:00:00,0.0421599999999999,0.06,68.3,2.9,0.1199,0.87464560717956
2025-07-03 12:00:00,0.0339099999999999,0.06,84.9,2.9,0.1199,0.9378337335088324
2025-07-03 13:00:00,0.02472,0.06,114.0,2.9,0.1199,0.9024294758676892
2025-07-03 14:00:00,0.03786,0.05,140.0,2.9,0.1199,0.8015107947246644
2025-07-03 15:00:00,0.05857,0.05,137.0,2.9,0.1199,0.6864223221078031
2025-07-03 16:00:00,0.081,0.05,163.0,2.9,0.1199,0.4820135467244176
2025-07-03 17:00:00,0.09519,0.76,155.0,2.9,0.1199,0.3036646223938055
2025-07-03 18:00:00,0.1072,0.76,138.0,2.9,0.1199,0.1141010634600792
2025-07-03 19:00:00,0.14696,0.76,112.0,2.9,0.1199,0.0
2025-07-03 20:00:00,0.1666699999999999,0.18,66.2,2.9,0.1199,0.0
2025-07-03 21:00:00,0.1333,0.18,50.6,2.9,0.1199,0.0
2025-07-03 22:00:00,0.11703,0.18,17.3,2.9,0.1199,0.0
2025-07-03 23:00:00,0.11101,3.59,2.8,2.9,0.1199,0.0
2025-07-04 00:00:00,0.10545,3.59,0.0,2.9,0.1199,0.0
2025-07-04 01:00:00,0.10131,3.59,0.0,2.9,0.1199,0.0
2025-07-04 02:00:00,0.09844,7.13,0.0,2.9,0.1199,0.0
2025-07-04 03:00:00,0.1032,7.13,0.0,2.9,0.1199,0.0
2025-07-04 04:00:00,0.1066299999999999,7.13,0.0,2.9,0.1199,0.0
2025-07-04 05:00:00,0.1223799999999999,6.97,0.0,2.9,0.1199,0.0
2025-07-04 06:00:00,0.11646,6.97,0.0,2.9,0.1199,0.0113065831176762
2025-07-04 07:00:00,0.1,6.97,0.4,2.9,0.1199,0.2265977688758907
2025-07-04 08:00:00,0.09115,0.41,3.7,2.9,0.1199,0.4415051562546851
2025-07-04 09:00:00,0.07001,0.41,9.78,2.9,0.1199,0.6353709729658135
2025-07-04 10:00:00,0.00669,0.41,29.3,2.9,0.1199,0.7935864287447154
2025-07-04 11:00:00,-5e-05,0.25,71.6,2.9,0.1199,0.888036304676876
2025-07-04 12:00:00,-0.00156,0.25,107.0,2.9,0.1199,0.8989437105949486
2025-07-04 13:00:00,-0.00137,0.25,132.0,2.9,0.1199,0.8761546951013285
2025-07-04 14:00:00,-0.00061,0.32,149.0,2.9,0.1199,0.6286529859808528
2025-07-04 15:00:00,0.00239,0.32,158.0,2.9,0.1199,0.5398615586879977
2025-07-04 16:00:00,0.06204,0.32,158.0,2.9,0.1199,0.4715952614259578
2025-07-04 17:00:00,0.08868,0.59,151.0,2.9,0.1199,0.1515865615814666
2025-07-04 18:00:00,0.11,0.59,121.0,2.9,0.1199,0.0738617314570969
2025-07-04 19:00:00,0.13074,0.59,92.6,2.9,0.1199,0.0
2025-07-04 20:00:00,0.1500999999999999,0.43,69.6,2.9,0.1199,0.0
2025-07-04 21:00:00,0.12968,0.43,42.3,2.9,0.1199,0.0
2025-07-04 22:00:00,0.1079899999999999,0.43,15.8,2.9,0.1199,0.0
2025-07-04 23:00:00,0.1042,0.9,3.0,2.9,0.1199,0.0
2025-07-05 00:00:00,0.09498,0.9,0.0,2.9,0.1199,0.0
2025-07-05 01:00:00,0.0965,0.9,0.0,2.9,0.1199,0.0
2025-07-05 02:00:00,0.0934,2.58,0.0,2.9,0.1199,0.0
2025-07-05 03:00:00,0.0945,2.58,0.0,2.9,0.1199,0.0
2025-07-05 04:00:00,0.08349,2.58,0.0,2.9,0.1199,0.0
2025-07-05 05:00:00,0.08447,3.8,0.0,2.9,0.1199,0.0
2025-07-05 06:00:00,0.04377,3.8,0.0,2.9,0.1199,0.0
2025-07-05 07:00:00,0.01786,3.8,0.5,2.9,0.1199,0.1488196857355595
2025-07-05 08:00:00,0.0033399999999999,0.62,5.2,2.9,0.1199,0.4154874229537594
2025-07-05 09:00:00,0.0,0.62,18.5,2.9,0.1199,0.6141895061446059
2025-07-05 10:00:00,-8e-05,0.62,35.7,2.9,0.1199,0.712503146952388
2025-07-05 11:00:00,-0.00101,0.5,49.5,2.9,0.1199,0.9112031668525644
2025-07-05 12:00:00,-0.0020499999999999,0.5,88.2,2.9,0.1199,0.9345321776759734
2025-07-05 13:00:00,-0.00211,0.5,108.0,2.9,0.1199,0.815788581856928
2025-07-05 14:00:00,-0.0020099999999999,0.87,139.0,2.9,0.1199,0.7999477154613894
2025-07-05 15:00:00,-0.00226,0.87,145.0,2.9,0.1199,0.6745578178771592
2025-07-05 16:00:00,0.0,0.87,147.0,2.9,0.1199,0.4168883729287257
2025-07-05 17:00:00,0.04125,0.74,91.9,2.9,0.1199,0.1719917354126651
2025-07-05 18:00:00,0.085,0.74,110.0,2.9,0.1199,0.0
2025-07-05 19:00:00,0.11101,0.74,45.3,2.9,0.1199,0.0
2025-07-05 20:00:00,0.12296,0.07,56.0,2.9,0.1199,0.0
2025-07-05 21:00:00,0.11714,0.07,20.9,2.9,0.1199,0.0
2025-07-05 22:00:00,0.10821,0.07,7.8,2.9,0.1199,0.0
2025-07-05 23:00:00,0.09515,0.41,1.57,2.9,0.1199,0.0
2025-07-06 00:00:00,0.0895,0.41,0.0,2.9,0.1199,0.0
2025-07-06 01:00:00,0.08594,0.41,0.0,2.9,0.1199,0.0
2025-07-06 02:00:00,0.08395,0.36,0.0,2.9,0.1199,0.0
2025-07-06 03:00:00,0.0825999999999999,0.36,0.0,2.9,0.1199,0.0
2025-07-06 04:00:00,0.082,0.36,0.0,2.9,0.1199,0.0
2025-07-06 05:00:00,0.0784599999999999,0.06,0.0,2.9,0.1199,0.0
2025-07-06 06:00:00,0.07757,0.06,0.0,2.9,0.1199,0.0
2025-07-06 07:00:00,0.07057,0.06,0.1,2.9,0.1199,0.0
2025-07-06 08:00:00,0.03881,1.41,4.98,2.9,0.1199,0.0
2025-07-06 09:00:00,0.01921,1.41,15.9,2.9,0.1199,0.0
2025-07-06 10:00:00,0.01319,1.41,19.5,2.9,0.1199,0.0
2025-07-06 11:00:00,0.01026,3.02,18.1,2.9,0.1199,0.0
2025-07-06 12:00:00,0.0058499999999999,3.02,28.8,2.9,0.1199,0.0
2025-07-06 13:00:00,0.0112,3.02,37.5,2.9,0.1199,0.0
2025-07-06 14:00:00,0.05057,5.61,24.6,2.9,0.1199,0.0
2025-07-06 15:00:00,0.07077,5.61,19.0,2.9,0.1199,0.0
2025-07-06 16:00:00,0.10029,5.61,27.1,2.9,0.1199,0.0
2025-07-06 17:00:00,0.10737,3.04,21.1,2.9,0.1199,0.0
2025-07-06 18:00:00,0.11216,3.04,27.2,2.9,0.1199,0.0
2025-07-06 19:00:00,0.12032,3.04,29.8,2.9,0.1199,0.0
2025-07-06 20:00:00,0.12504,2.51,16.2,2.9,0.1199,0.0
2025-07-06 21:00:00,0.12221,2.51,12.5,2.9,0.1199,0.0
2025-07-06 22:00:00,0.11078,2.51,7.15,2.9,0.1199,0.0
2025-07-06 23:00:00,0.11884,3.23,0.9,2.9,0.1199,0.0
2025-07-07 00:00:00,0.10742,3.23,0.0,2.9,0.1199,0.0
2025-07-07 01:00:00,0.10192,3.23,0.0,2.9,0.1199,0.0
2025-07-07 02:00:00,0.09912,2.75,0.0,2.9,0.1199,0.0
2025-07-07 03:00:00,0.101,2.75,0.0,2.9,0.1199,0.0
2025-07-07 04:00:00,0.10822,2.75,0.0,2.9,0.1199,0.0
2025-07-07 05:00:00,0.1341999999999999,2.8,0.0,2.9,0.1199,0.0
2025-07-07 06:00:00,0.14367,2.8,0.0,2.9,0.1199,0.0
2025-07-07 07:00:00,0.1522899999999999,2.8,0.0,2.9,0.1199,0.0
2025-07-07 08:00:00,0.13199,1.51,4.07,2.9,0.1199,0.0
2025-07-07 09:00:00,0.10864,1.51,11.9,2.9,0.1199,0.2192675468251219
2025-07-07 10:00:00,0.10898,1.51,20.5,2.9,0.1199,0.2520735002188933
2025-07-07 11:00:00,0.09024,0.67,39.3,2.9,0.1199,0.3224038018119692
2025-07-07 12:00:00,0.071,0.67,41.6,2.9,0.1199,0.3656016303022867
2025-07-07 13:00:00,0.05302,0.67,49.1,2.9,0.1199,0.387042980093005
2025-07-07 14:00:00,0.05067,0.09,76.9,2.9,0.1199,0.436315461633338
2025-07-07 15:00:00,0.05251,0.09,93.8,2.9,0.1199,0.4083539623961468
2025-07-07 16:00:00,0.0723,0.09,44.9,2.9,0.1199,0.3036093643562672
2025-07-07 17:00:00,0.08795,0.0,86.8,2.9,0.1199,0.1789246084915983
2025-07-07 18:00:00,0.0922699999999999,0.0,62.3,2.9,0.1199,0.0
2025-07-07 19:00:00,0.09728,0.0,63.6,2.9,0.1199,0.0
2025-07-07 20:00:00,0.10992,1.67,59.1,2.9,0.1199,0.0
2025-07-07 21:00:00,0.11009,1.67,23.4,2.9,0.1199,0.0
2025-07-07 22:00:00,0.0958199999999999,1.67,14.8,2.9,0.1199,0.0
2025-07-07 23:00:00,0.1038299999999999,7.35,2.85,2.9,0.1199,0.0
2025-07-08 00:00:00,0.0929,7.35,0.0,2.9,0.1199,0.0
2025-07-08 01:00:00,0.08613,7.35,0.0,2.898915527343752,0.1199,0.0
2025-07-08 02:00:00,0.08478,8.37,0.0,2.899406250000002,0.1199,0.0
2025-07-08 03:00:00,0.08537,8.37,0.0,2.897736328125002,0.1199,0.0
2025-07-08 04:00:00,0.09114,8.37,0.0,2.9,0.1199,0.0
2025-07-08 05:00:00,0.1079899999999999,5.75,0.0,2.9,0.1199,0.0
2025-07-08 06:00:00,0.11865,5.75,0.0,2.9,0.1199,0.0
2025-07-08 07:00:00,0.11776,5.75,0.0,2.9,0.1199,0.0
2025-07-08 08:00:00,0.09406,3.67,2.25,2.9,0.1199,0.0357061924824647
2025-07-08 09:00:00,0.08178,3.67,11.1,2.9,0.1199,0.2251525009085467
2025-07-08 10:00:00,0.07844,3.67,38.0,2.9,0.1199,0.2567044057008485
2025-07-08 11:00:00,0.0601499999999999,0.58,39.8,2.9,0.1199,0.3478777009328754
2025-07-08 12:00:00,0.05472,0.58,98.1,2.9,0.1199,0.5689770581631163
2025-07-08 13:00:00,0.05304,0.58,133.0,2.9,0.1199,0.6098746895623007
2025-07-08 14:00:00,0.05465,0.58,124.0,2.9,0.1199,0.504425626277192
2025-07-08 15:00:00,0.0652,0.58,107.0,2.9,0.1199,0.3801694148057826
2025-07-08 16:00:00,0.07998,0.58,83.6,2.9,0.1199,0.2437665091003409
2025-07-08 17:00:00,0.08392,0.4,49.2,2.9,0.1199,0.0702456213063186
2025-07-08 18:00:00,0.1021,0.4,146.0,2.9,0.1199,0.0
2025-07-08 19:00:00,0.1227699999999999,0.4,40.0,2.9,0.1199,0.0
2025-07-08 20:00:00,0.12334,2.63,65.3,2.9,0.1199,0.0
2025-07-08 21:00:00,0.11665,2.63,38.8,2.9,0.1199,0.0
2025-07-08 22:00:00,0.10095,2.63,16.4,2.9,0.1199,0.0
2025-07-08 23:00:00,0.09715,4.9,3.05,2.9,0.1199,0.0
2025-07-09 00:00:00,0.08685,4.9,0.1,2.9,0.1199,0.0
2025-07-09 01:00:00,0.08386,4.9,0.0,2.9,0.1199,0.0
2025-07-09 02:00:00,0.08465,6.76,0.0,2.9,0.1199,0.0
2025-07-09 03:00:00,0.0851,6.76,0.0,2.9,0.1199,0.0
2025-07-09 04:00:00,0.09615,6.76,0.0,2.9,0.1199,0.0
2025-07-09 05:00:00,0.11366,3.05,0.0,2.9,0.1199,0.0
2025-07-09 06:00:00,0.11646,3.05,0.0,2.9,0.1199,0.0
2025-07-09 07:00:00,0.11359,3.05,0.0,2.9,0.1199,0.1718879689850912
2025-07-09 08:00:00,0.09566,0.76,3.95,2.9,0.1199,0.3213352170849473
2025-07-09 09:00:00,0.08468,0.76,16.2,2.9,0.1199,0.3815799485932291
2025-07-09 10:00:00,0.0777699999999999,0.76,33.7,2.9,0.1199,0.1976859450841955
2025-07-09 11:00:00,0.06567,0.03,47.6,2.9,0.1199,0.1681732092766989
2025-07-09 12:00:00,0.0466899999999999,0.03,82.0,2.9,0.1199,0.1483488676836946
2025-07-09 13:00:00,0.03778,0.03,62.3,2.9,0.1199,0.26136795763052
2025-07-09 14:00:00,0.04832,0.0,85.4,2.9,0.1199,0.2373014750251496
2025-07-09 15:00:00,0.07113,0.0,86.7,2.9,0.1199,0.0977037126489299
2025-07-09 16:00:00,0.08473,0.0,115.0,2.9,0.1199,0.1709076178082496
2025-07-09 17:00:00,0.09901,0.0,146.0,2.9,0.1199,0.0866766902437395
2025-07-09 18:00:00,0.11598,0.0,124.0,2.9,0.1199,0.0447090424593223
2025-07-09 19:00:00,0.13534,0.0,110.0,2.9,0.1199,0.0
2025-07-09 20:00:00,0.13824,0.69,78.6,2.9,0.1199,0.0
2025-07-09 21:00:00,0.11979,0.69,52.4,2.9,0.1199,0.0
2025-07-09 22:00:00,0.1049,0.69,15.1,2.9,0.1199,0.0
2025-07-09 23:00:00,0.10091,3.57,2.73,2.9,0.1199,0.0
2025-07-10 00:00:00,0.09573,3.57,0.0,2.9,0.1199,0.0
2025-07-10 01:00:00,0.0891,3.57,0.0,2.9,0.1199,0.0
2025-07-10 02:00:00,0.08645,8.63,0.0,2.9,0.1199,0.0
2025-07-10 03:00:00,0.0879699999999999,8.63,0.0,2.812963378906252,0.1199,0.0
2025-07-10 04:00:00,0.09862,8.63,0.0,2.9,0.1199,0.0
2025-07-10 05:00:00,0.10761,5.12,0.0,2.9,0.1199,0.0
2025-07-10 06:00:00,0.10723,5.12,0.0,2.9,0.1199,0.0
2025-07-10 07:00:00,0.10535,5.12,0.2,2.9,0.1199,0.1440053651197289
2025-07-10 08:00:00,0.0889,0.38,3.25,2.9,0.1199,0.3449306959376337
2025-07-10 09:00:00,0.082,0.38,14.9,2.9,0.1199,0.4848490082751855
2025-07-10 10:00:00,0.06533,0.38,32.2,2.9,0.1199,0.646453179486357
2025-07-10 11:00:00,0.0452199999999999,0.0,67.9,2.9,0.1199,0.7924996100373964
2025-07-10 12:00:00,0.0395099999999999,0.0,105.0,2.9,0.1199,0.8781685987158407
2025-07-10 13:00:00,0.0395499999999999,0.0,133.0,2.9,0.1199,0.7047799925518737
2025-07-10 14:00:00,0.05671,0.5,139.0,2.9,0.1199,0.2802047497912324
2025-07-10 15:00:00,0.0768,0.5,141.0,2.9,0.1199,0.2227308936577098
2025-07-10 16:00:00,0.0864,0.5,103.0,2.9,0.1199,0.1368732694563178
2025-07-10 17:00:00,0.1002,0.2,129.0,2.9,0.1199,0.0963231922526859
2025-07-10 18:00:00,0.11439,0.2,81.2,2.9,0.1199,0.0207732335880053
2025-07-10 19:00:00,0.1346699999999999,0.2,75.7,2.9,0.1199,0.0
2025-07-10 20:00:00,0.1326999999999999,0.49,52.8,2.9,0.1199,0.0
2025-07-10 21:00:00,0.12088,0.49,39.9,2.9,0.1199,0.0
2025-07-10 22:00:00,0.10769,0.49,16.1,2.9,0.1199,0.0
2025-07-10 23:00:00,0.10475,0.78,2.78,2.9,0.1199,0.0
2025-07-11 00:00:00,0.0995699999999999,0.78,0.0,2.9,0.1199,0.0
2025-07-11 01:00:00,0.095,0.78,0.0,2.9,0.1199,0.0
2025-07-11 02:00:00,0.0906899999999999,2.11,0.0,2.9,0.1199,0.0
2025-07-11 03:00:00,0.09153,2.11,0.0,2.9,0.1199,0.0
2025-07-11 04:00:00,0.0994,2.11,0.0,2.9,0.1199,0.0
2025-07-11 05:00:00,0.1074099999999999,3.38,0.0,2.9,0.1199,0.0
2025-07-11 06:00:00,0.10592,3.38,0.0,2.9,0.1199,0.0
2025-07-11 07:00:00,0.10518,3.38,0.0,2.9,0.1199,0.0
2025-07-11 08:00:00,0.0933,1.07,3.03,2.9,0.1199,0.0803966057881247
2025-07-11 09:00:00,0.0829,1.07,9.88,2.9,0.1199,0.183261362113133
2025-07-11 10:00:00,0.07315,1.07,31.0,2.9,0.1199,0.2683284512632684
2025-07-11 11:00:00,0.06382,0.03,35.4,2.9,0.1199,0.2787369734461106
2025-07-11 12:00:00,0.0421599999999999,0.03,36.7,2.9,0.1199,0.2968027693025077
2025-07-11 13:00:00,0.03204,0.03,58.4,2.9,0.1199,0.311470599376488
2025-07-11 14:00:00,0.0381,0.02,68.1,2.9,0.1199,0.3761141249473297
2025-07-11 15:00:00,0.05955,0.02,59.7,2.9,0.1199,0.200587228748282
2025-07-11 16:00:00,0.08315,0.02,60.5,2.9,0.1199,0.0377872123429797
2025-07-11 17:00:00,0.08644,0.05,78.7,2.9,0.1199,0.0133368609298287
2025-07-11 18:00:00,0.10193,0.05,65.8,2.9,0.1199,0.0
2025-07-11 19:00:00,0.1175,0.05,59.5,2.9,0.1199,0.0
2025-07-11 20:00:00,0.11808,0.39,68.8,2.9,0.1199,0.0
2025-07-11 21:00:00,0.1138,0.39,45.1,2.9,0.1199,0.0
2025-07-11 22:00:00,0.10382,0.39,14.8,2.9,0.1199,0.0
2025-07-11 23:00:00,0.11223,0.61,2.65,2.9,0.1199,0.0
2025-07-12 00:00:00,0.10457,0.61,0.0,2.9,0.1199,0.0
2025-07-12 01:00:00,0.10368,0.61,0.0,2.9,0.1199,0.0
2025-07-12 02:00:00,0.0974,4.14,0.0,2.9,0.1199,0.0
2025-07-12 03:00:00,0.09333,4.14,0.0,2.9,0.1199,0.0
2025-07-12 04:00:00,0.0899399999999999,4.14,0.0,2.9,0.1199,0.0
2025-07-12 05:00:00,0.08527,3.86,0.0,2.9,0.1199,0.0
2025-07-12 06:00:00,0.08798,3.86,0.0,2.9,0.1199,0.0
2025-07-12 07:00:00,0.0838,3.86,0.0,2.9,0.1199,0.065865997095629
2025-07-12 08:00:00,0.05986,1.27,2.8,2.9,0.1199,0.1993693233193335
2025-07-12 09:00:00,0.01819,1.27,12.5,2.9,0.1199,0.4400109733890702
2025-07-12 10:00:00,0.003,1.27,17.2,2.9,0.1199,0.6994699255615663
2025-07-12 11:00:00,0.00022,0.5,17.6,2.9,0.1199,0.7968115835468895
2025-07-12 12:00:00,0.0,0.5,31.9,2.9,0.1199,0.8341636388739803
2025-07-12 13:00:00,0.0,0.5,61.2,2.9,0.1199,0.8157937321579244
2025-07-12 14:00:00,0.00022,0.47,123.0,2.9,0.1199,0.7944022788915578
2025-07-12 15:00:00,0.01973,0.47,124.0,2.9,0.1199,0.6825866333494991
2025-07-12 16:00:00,0.07389,0.47,107.0,2.9,0.1199,0.3796406103532792
2025-07-12 17:00:00,0.1062,1.08,145.0,2.9,0.1199,0.1264578835280648
2025-07-12 18:00:00,0.1092,1.08,133.0,2.9,0.1199,0.0
2025-07-12 19:00:00,0.12,1.08,89.3,2.9,0.1199,0.0
2025-07-12 20:00:00,0.12502,0.09,53.6,2.9,0.1199,0.0
2025-07-12 21:00:00,0.125,0.09,19.9,2.9,0.1199,0.0
2025-07-12 22:00:00,0.11542,0.09,14.8,2.9,0.1199,0.0
2025-07-12 23:00:00,0.11535,0.03,2.65,2.9,0.1199,0.0
2025-07-13 00:00:00,0.10914,0.03,0.0,2.9,0.1199,0.0
2025-07-13 01:00:00,0.10842,0.03,0.0,2.9,0.1199,0.0
2025-07-13 02:00:00,0.10735,1.3,0.0,2.9,0.1199,0.0
2025-07-13 03:00:00,0.10464,1.3,0.0,2.9,0.1199,0.0
2025-07-13 04:00:00,0.10085,1.3,0.0,2.9,0.1199,0.0
2025-07-13 05:00:00,0.0958,3.23,0.0,2.9,0.1199,0.0
2025-07-13 06:00:00,0.09218,3.23,0.0,2.9,0.1199,0.0
2025-07-13 07:00:00,0.08794,3.23,0.1,2.9,0.1199,0.0262005335164782
2025-07-13 08:00:00,0.05762,0.42,4.6,2.9,0.1199,0.1594501937873072
2025-07-13 09:00:00,0.00428,0.42,9.75,2.9,0.1199,0.3976612473158962
2025-07-13 10:00:00,5e-05,0.42,19.7,2.9,0.1199,0.2863879923734517
2025-07-13 11:00:00,0.0,0.25,29.2,2.9,0.1199,0.3909418684797063
2025-07-13 12:00:00,0.0,0.25,41.8,2.9,0.1199,0.6186618123214749
2025-07-13 13:00:00,0.0,0.25,64.4,2.9,0.1199,0.6739649680899079
2025-07-13 14:00:00,0.0,0.56,116.0,2.9,0.1199,0.688888435842007
2025-07-13 15:00:00,0.0023599999999999,0.56,92.3,2.9,0.1199,0.5234395032215223
2025-07-13 16:00:00,0.0734,0.56,144.0,2.9,0.1199,0.4273953660517487
2025-07-13 17:00:00,0.10061,0.74,116.0,2.9,0.1199,0.2187098537086902
2025-07-13 18:00:00,0.11374,0.74,127.0,2.9,0.1199,0.0779688706194339
2025-07-13 19:00:00,0.12,0.74,110.0,2.9,0.1199,0.0
2025-07-13 20:00:00,0.1277,0.43,66.9,2.9,0.1199,0.0
2025-07-13 21:00:00,0.12694,0.43,24.5,2.9,0.1199,0.0
2025-07-13 22:00:00,0.11541,0.43,15.3,2.9,0.1199,0.0
2025-07-13 23:00:00,0.11402,0.32,2.75,2.9,0.1199,0.0
2025-07-14 00:00:00,0.10401,0.32,0.0,2.9,0.1199,0.0
2025-07-14 01:00:00,0.09817,0.32,0.0,2.9,0.1199,0.0
2025-07-14 02:00:00,0.09494,1.69,0.0,2.9,0.1199,0.0
2025-07-14 03:00:00,0.0993199999999999,1.69,0.0,2.9,0.1199,0.0
2025-07-14 04:00:00,0.10893,1.69,0.0,2.9,0.1199,0.0
2025-07-14 05:00:00,0.11787,2.27,0.0,2.9,0.1199,0.0
2025-07-14 06:00:00,0.12162,2.27,0.0,2.9,0.1199,0.0
2025-07-14 07:00:00,0.11206,2.27,0.5,2.9,0.1199,0.0347393422492633
2025-07-14 08:00:00,0.09243,0.1,8.03,2.9,0.1199,0.1865481102544455
2025-07-14 09:00:00,0.08458,0.1,19.5,2.9,0.1199,0.3194869219436972
2025-07-14 10:00:00,0.07967,0.1,23.2,2.9,0.1199,0.4538683333035447
2025-07-14 11:00:00,0.07098,0.0,41.8,2.9,0.1199,0.5317376393907145
2025-07-14 12:00:00,0.06417,0.0,38.2,2.9,0.1199,0.7544259229090957
2025-07-14 13:00:00,0.05715,0.0,61.1,2.9,0.1199,0.6969747738799589
2025-07-14 14:00:00,0.05582,1.0,46.4,2.9,0.1199,0.58049666761842
2025-07-14 15:00:00,0.0711,1.0,73.4,2.9,0.1199,0.5078073140105408
2025-07-14 16:00:00,0.08458,1.0,66.9,2.9,0.1199,0.3825984172610383
2025-07-14 17:00:00,0.09894,0.87,95.7,2.9,0.1199,0.1772642229314894
2025-07-14 18:00:00,0.11011,0.87,47.1,2.9,0.1199,0.0193064175247051
2025-07-14 19:00:00,0.13999,0.87,86.5,2.9,0.1199,0.0
2025-07-14 20:00:00,0.14157,0.14,76.4,2.9,0.1199,0.0
2025-07-14 21:00:00,0.12614,0.14,43.6,2.9,0.1199,0.0
2025-07-14 22:00:00,0.11515,0.14,16.2,2.9,0.1199,0.0
2025-07-14 23:00:00,0.1061,0.8,2.5,2.9,0.1199,0.0
2025-07-15 00:00:00,0.10306,0.8,0.0,2.9,0.1199,0.0
2025-07-15 01:00:00,0.09386,0.8,0.0,2.9,0.1199,0.0
2025-07-15 02:00:00,0.08828,1.0,0.0,2.9,0.1199,0.0
2025-07-15 03:00:00,0.08712,1.0,0.0,2.9,0.1199,0.0
2025-07-15 04:00:00,0.093,1.0,0.0,2.9,0.1199,0.0
2025-07-15 05:00:00,0.11033,4.86,0.0,2.9,0.1199,0.0
2025-07-15 06:00:00,0.11341,4.86,0.0,2.9,0.1199,0.0
2025-07-15 07:00:00,0.10686,4.86,0.0,2.9,0.1199,0.0222722248668516
2025-07-15 08:00:00,0.09082,0.78,1.05,2.9,0.1199,0.1549084429320222
2025-07-15 09:00:00,0.07767,0.78,9.98,2.9,0.1199,0.398149919021418
2025-07-15 10:00:00,0.065,0.78,36.6,2.9,0.1199,0.6272093750643677
2025-07-15 11:00:00,0.05919,0.0,66.8,2.9,0.1199,0.7480189295076023
2025-07-15 12:00:00,0.0472599999999999,0.0,86.9,2.9,0.1199,0.7234932407411514
2025-07-15 13:00:00,0.0402,0.0,135.0,2.9,0.1199,0.777367819569441
2025-07-15 14:00:00,0.04257,0.34,120.0,2.9,0.1199,0.5395639305030143
2025-07-15 15:00:00,0.065,0.34,100.0,2.9,0.1199,0.3124572176525457
2025-07-15 16:00:00,0.08487,0.34,146.0,2.9,0.1199,0.1711309429119739
2025-07-15 17:00:00,0.10154,0.86,144.0,2.9,0.1199,0.0
2025-07-15 18:00:00,0.10815,0.86,119.0,2.9,0.1199,0.0
2025-07-15 19:00:00,0.11978,0.86,93.4,2.9,0.1199,0.0
2025-07-15 20:00:00,0.14199,0.0,38.6,2.9,0.1199,0.0
2025-07-15 21:00:00,0.12128,0.0,33.7,2.9,0.1199,0.0
2025-07-15 22:00:00,0.11245,0.0,12.7,2.9,0.1199,0.0
2025-07-15 23:00:00,0.09763,0.34,2.45,2.9,0.1199,0.0
2025-07-16 00:00:00,0.0939899999999999,0.34,0.0,2.9,0.1199,0.0
2025-07-16 01:00:00,0.08667,0.34,0.0,2.9,0.1199,0.0
2025-07-16 02:00:00,0.08343,5.5,0.0,2.9,0.1199,0.0
2025-07-16 03:00:00,0.08426,5.5,0.0,2.9,0.1199,0.0
2025-07-16 04:00:00,0.0904099999999999,5.5,0.0,2.9,0.1199,0.0
2025-07-16 05:00:00,0.10574,2.96,0.0,2.9,0.1199,0.0
2025-07-16 06:00:00,0.11263,2.96,0.0,2.9,0.1199,0.0
2025-07-16 07:00:00,0.11192,2.96,0.0,2.9,0.1199,0.0
2025-07-16 08:00:00,0.10421,0.78,3.55,2.9,0.1199,0.0588431771167741
2025-07-16 09:00:00,0.0897999999999999,0.78,15.1,2.9,0.1199,0.1632274979316931
2025-07-16 10:00:00,0.08565,0.78,19.8,2.9,0.1199,0.4441676050570921
2025-07-16 11:00:00,0.0819599999999999,0.25,34.0,2.9,0.1199,0.5393535551865053
2025-07-16 12:00:00,0.07862,0.25,55.1,2.9,0.1199,0.5995505218023494
2025-07-16 13:00:00,0.06806,0.25,68.6,2.9,0.1199,0.4089003720763392
2025-07-16 14:00:00,0.0692,0.31,89.7,2.9,0.1199,0.4501861057379007
2025-07-16 15:00:00,0.08086,0.31,84.4,2.9,0.1199,0.3995068923211888
2025-07-16 16:00:00,0.08909,0.31,66.1,2.9,0.1199,0.2718688842831153
2025-07-16 17:00:00,0.0954899999999999,0.0,29.2,2.9,0.1199,0.0795003451760798
2025-07-16 18:00:00,0.10837,0.0,40.7,2.9,0.1199,0.0
2025-07-16 19:00:00,0.11972,0.0,26.7,2.9,0.1199,0.0
2025-07-16 20:00:00,0.12904,0.41,28.5,2.9,0.1199,0.0
2025-07-16 21:00:00,0.12071,0.41,28.2,2.9,0.1199,0.0
2025-07-16 22:00:00,0.11055,0.41,12.9,2.9,0.1199,0.0
2025-07-16 23:00:00,0.10376,6.03,3.0,2.9,0.1199,0.0
2025-07-17 00:00:00,0.09833,6.03,0.0,2.9,0.1199,0.0
2025-07-17 01:00:00,0.08996,6.03,0.0,2.9,0.1199,0.0
2025-07-17 02:00:00,0.08481,7.11,0.0,2.9,0.1199,0.0
2025-07-17 03:00:00,0.08576,7.11,0.0,2.9,0.1199,0.0
2025-07-17 04:00:00,0.089,7.11,0.0,2.9,0.1199,0.0
2025-07-17 05:00:00,0.10405,5.7,0.0,2.9,0.1199,0.0
2025-07-17 06:00:00,0.11033,5.7,0.0,2.9,0.1199,0.0
2025-07-17 07:00:00,0.10592,5.7,0.0,2.9,0.1199,0.0
2025-07-17 08:00:00,0.0930999999999999,0.38,3.35,2.9,0.1199,0.1776779755996932
2025-07-17 09:00:00,0.085,0.38,14.7,2.9,0.1199,0.3227597967323579
2025-07-17 10:00:00,0.07707,0.38,29.5,2.9,0.1199,0.5008448860528152
2025-07-17 11:00:00,0.07017,0.53,46.4,2.9,0.1199,0.5664717604700888
2025-07-17 12:00:00,0.05526,0.53,74.7,2.9,0.1199,0.3688534917197593
2025-07-17 13:00:00,0.04978,0.53,107.0,2.9,0.1199,0.3279172505772738
2025-07-17 14:00:00,0.06618,0.17,134.0,2.9,0.1199,0.2396774901600705
2025-07-17 15:00:00,0.07479,0.17,165.0,2.9,0.1199,0.1622864080678129
2025-07-17 16:00:00,0.0827099999999999,0.17,152.0,2.9,0.1199,0.1928304330194445
2025-07-17 17:00:00,0.09498,0.3,131.0,2.9,0.1199,0.1348095575500238
2025-07-17 18:00:00,0.10973,0.3,138.0,2.9,0.1199,0.0359585841535227
2025-07-17 19:00:00,0.12075,0.3,92.4,2.9,0.1199,0.0
2025-07-17 20:00:00,0.132,0.12,89.9,2.9,0.1199,0.0
2025-07-17 21:00:00,0.12507,0.12,47.6,2.9,0.1199,0.0
2025-07-17 22:00:00,0.11418,0.12,13.8,2.9,0.1199,0.0
2025-07-17 23:00:00,0.1067999999999999,1.02,2.8,2.9,0.1199,0.0
2025-07-18 00:00:00,0.09915,1.02,0.0,2.9,0.1199,0.0
2025-07-18 01:00:00,0.09536,1.02,0.0,2.9,0.1199,0.0
2025-07-18 02:00:00,0.09637,4.14,0.0,2.9,0.1199,0.0
2025-07-18 03:00:00,0.09866,4.14,0.0,2.9,0.1199,0.0
2025-07-18 04:00:00,0.10823,4.14,0.0,2.9,0.1199,0.0
2025-07-18 05:00:00,0.11592,5.46,0.0,2.9,0.1199,0.0
2025-07-18 06:00:00,0.11617,5.46,0.0,2.9,0.1199,0.0
2025-07-18 07:00:00,0.10939,5.46,0.0,2.9,0.1199,0.206796549006565
2025-07-18 08:00:00,0.09813,0.5,2.8,2.9,0.1199,0.3840970746492774
2025-07-18 09:00:00,0.08498,0.5,11.6,2.9,0.1199,0.547938342953244
2025-07-18 10:00:00,0.08202,0.5,28.6,2.9,0.1199,0.643175826113633
2025-07-18 11:00:00,0.08,0.69,73.7,2.9,0.1199,0.7786374034962337
2025-07-18 12:00:00,0.07302,0.69,91.7,2.9,0.1199,0.8440281502339186
2025-07-18 13:00:00,0.0712,0.69,106.0,2.9,0.1199,0.8108125341983407
2025-07-18 14:00:00,0.07268,1.26,142.0,2.9,0.1199,0.7368603229851495
2025-07-18 15:00:00,0.0799899999999999,1.26,119.0,2.9,0.1199,0.6611908601171107
2025-07-18 16:00:00,0.0840699999999999,1.26,115.0,2.9,0.1199,0.5111970451570873
2025-07-18 17:00:00,0.09992,0.5,125.0,2.9,0.1199,0.3041779423004401
2025-07-18 18:00:00,0.12,0.5,121.0,2.9,0.1199,0.0967471178787489
2025-07-18 19:00:00,0.14655,0.5,111.0,2.9,0.1199,0.0
2025-07-18 20:00:00,0.1444399999999999,0.41,87.0,2.9,0.1199,0.0
2025-07-18 21:00:00,0.12588,0.41,44.7,2.9,0.1199,0.0
2025-07-18 22:00:00,0.11348,0.41,12.8,2.9,0.1199,0.0
2025-07-18 23:00:00,0.1076,0.56,1.92,2.9,0.1199,0.0
2025-07-19 00:00:00,0.10535,0.56,0.0,2.9,0.1199,0.0
2025-07-19 01:00:00,0.10319,0.56,0.0,2.9,0.1199,0.0
2025-07-19 02:00:00,0.10163,0.7,0.0,2.9,0.1199,0.0
2025-07-19 03:00:00,0.09838,0.7,0.0,2.9,0.1199,0.0
2025-07-19 04:00:00,0.09369,0.7,0.0,2.9,0.1199,0.0
2025-07-19 05:00:00,0.09839,1.99,0.0,2.9,0.1199,0.0
2025-07-19 06:00:00,0.08689,1.99,0.0,2.9,0.1199,0.0
2025-07-19 07:00:00,0.07889,1.99,0.0,2.9,0.1199,0.2011442744514498
2025-07-19 08:00:00,0.05298,0.02,2.45,2.9,0.1199,0.4035056092626991
2025-07-19 09:00:00,0.01,0.02,8.25,2.9,0.1199,0.5245629691047226
2025-07-19 10:00:00,0.00065,0.02,24.7,2.9,0.1199,0.5915746546345042
2025-07-19 11:00:00,0.0,1.25,70.2,2.9,0.1199,0.804531833085348
2025-07-19 12:00:00,-1e-05,1.25,92.8,2.9,0.1199,0.781714546246264
2025-07-19 13:00:00,0.0,1.25,116.0,2.9,0.1199,0.8031565693547034
2025-07-19 14:00:00,0.00208,1.28,133.0,2.9,0.1199,0.5949811617574086
2025-07-19 15:00:00,0.02933,1.28,126.0,2.9,0.1199,0.4560887047459788
2025-07-19 16:00:00,0.0768499999999999,1.28,133.0,2.9,0.1199,0.3337263554741088
2025-07-19 17:00:00,0.0984,0.44,105.0,2.9,0.1199,0.1306762340005796
2025-07-19 18:00:00,0.11447,0.44,38.1,2.9,0.1199,0.0
2025-07-19 19:00:00,0.11287,0.44,19.6,2.9,0.1199,0.0
2025-07-19 20:00:00,0.10808,0.89,19.4,2.9,0.1199,0.0
2025-07-19 21:00:00,0.10563,0.89,9.7,2.9,0.1199,0.0
2025-07-19 22:00:00,0.0980699999999999,0.89,3.78,2.9,0.1199,0.0
2025-07-19 23:00:00,0.09129,0.71,0.35,2.9,0.1199,0.0
2025-07-20 00:00:00,0.0889399999999999,0.71,0.0,2.9,0.1199,0.0
2025-07-20 01:00:00,0.08927,0.71,0.0,2.9,0.1199,0.0
2025-07-20 02:00:00,0.10041,0.15,0.0,2.9,0.1199,0.0
2025-07-20 03:00:00,0.1017,0.15,0.0,2.9,0.1199,0.0
2025-07-20 04:00:00,0.09827,0.15,0.0,2.9,0.1199,0.0
2025-07-20 05:00:00,0.0972,0.09,0.0,2.9,0.1199,0.0
2025-07-20 06:00:00,0.08059,0.09,0.0,2.9,0.1199,0.0
2025-07-20 07:00:00,0.07786,0.09,0.3,2.9,0.1199,0.0
2025-07-20 08:00:00,0.04458,0.25,3.08,2.9,0.1199,0.2618561912699137
2025-07-20 09:00:00,0.00904,0.25,8.18,2.9,0.1199,0.5279016271099715
2025-07-20 10:00:00,0.00207,0.25,23.4,2.9,0.1199,0.6705175953490901
2025-07-20 11:00:00,0.0,0.22,40.5,2.9,0.1199,0.5667063303190155
2025-07-20 12:00:00,-1e-05,0.22,59.6,2.9,0.1199,0.533144326481576
2025-07-20 13:00:00,0.0,0.22,123.0,2.9,0.1199,0.5380317128214896
2025-07-20 14:00:00,0.0090899999999999,0.39,134.0,2.9,0.1199,0.2556074973071416
2025-07-20 15:00:00,0.06933,0.39,113.0,2.9,0.1199,0.0
2025-07-20 16:00:00,0.0927399999999999,0.39,80.7,2.9,0.1199,0.0845160267600088
2025-07-20 17:00:00,0.10026,0.82,99.5,2.9,0.1199,0.1724690215726863
2025-07-20 18:00:00,0.112,0.82,23.5,2.9,0.1199,0.0226229147724946
2025-07-20 19:00:00,0.116,0.82,6.63,2.9,0.1199,0.0
2025-07-20 20:00:00,0.11501,1.02,46.5,2.9,0.1199,0.0
2025-07-20 21:00:00,0.11485,1.02,28.9,2.9,0.1199,0.0
2025-07-20 22:00:00,0.1050499999999999,1.02,14.8,2.9,0.1199,0.0
2025-07-20 23:00:00,0.08708,0.51,3.65,2.9,0.1199,0.0
2025-07-21 00:00:00,0.07973,0.51,0.0,2.9,0.1199,0.0
2025-07-21 01:00:00,0.08348,0.51,0.0,2.9,0.1199,0.0
2025-07-21 02:00:00,0.0833,1.66,0.0,2.9,0.1199,0.0
2025-07-21 03:00:00,0.08349,1.66,0.0,2.9,0.1199,0.0
2025-07-21 04:00:00,0.09622,1.66,0.0,2.9,0.1199,0.0
2025-07-21 05:00:00,0.1139599999999999,4.56,0.0,2.9,0.1199,0.0
2025-07-21 06:00:00,0.12656,4.56,0.0,2.9,0.1199,0.0
2025-07-21 07:00:00,0.1239099999999999,4.56,0.0,2.9,0.1199,0.0061878464553515
2025-07-21 08:00:00,0.10964,0.26,2.37,2.9,0.1199,0.1482951897437701
2025-07-21 09:00:00,0.10599,0.26,10.0,2.9,0.1199,0.359432311768638
2025-07-21 10:00:00,0.09888,0.26,27.0,2.9,0.1199,0.4870468631448983
2025-07-21 11:00:00,0.0849,0.19,51.6,2.9,0.1199,0.6035762858878196
2025-07-21 12:00:00,0.08173,0.19,78.2,2.9,0.1199,0.6097095459010996
2025-07-21 13:00:00,0.08579,0.19,126.0,2.9,0.1199,0.6196158162087889
2025-07-21 14:00:00,0.08796,1.13,100.0,2.9,0.1199,0.2195420552714854
2025-07-21 15:00:00,0.09095,1.13,109.0,2.9,0.1199,0.2729415517587057
2025-07-21 16:00:00,0.1043,1.13,86.2,2.9,0.1199,0.1154880819280117
2025-07-21 17:00:00,0.10582,0.47,97.7,2.9,0.1199,0.1172228428971713
2025-07-21 18:00:00,0.1196899999999999,0.47,37.4,2.9,0.1199,0.0
2025-07-21 19:00:00,0.12325,0.47,116.0,2.9,0.1199,0.0
2025-07-21 20:00:00,0.12009,0.85,71.1,2.9,0.1199,0.0
2025-07-21 21:00:00,0.10876,0.85,23.4,2.9,0.1199,0.0
2025-07-21 22:00:00,0.10004,0.85,18.3,2.9,0.1199,0.0
2025-07-21 23:00:00,0.09279,1.84,4.53,2.9,0.1199,0.0
2025-07-22 00:00:00,0.0872,1.84,0.0,2.9,0.1199,0.0
2025-07-22 01:00:00,0.08548,1.84,0.0,2.9,0.1199,0.0
2025-07-22 02:00:00,0.082,4.88,0.0,2.9,0.1199,0.0
2025-07-22 03:00:00,0.081,4.88,0.0,2.9,0.1199,0.0
2025-07-22 04:00:00,0.08928,4.88,0.0,2.9,0.1199,0.0
2025-07-22 05:00:00,0.1088,6.44,0.0,2.9,0.1199,0.0
2025-07-22 06:00:00,0.10928,6.44,0.0,2.9,0.1199,0.0
2025-07-22 07:00:00,0.10249,6.44,0.0,2.9,0.1199,0.1114742963002523
2025-07-22 08:00:00,0.09129,0.9,2.7,2.9,0.1199,0.2390999556303074
2025-07-22 09:00:00,0.08173,0.9,11.2,2.9,0.1199,0.3215369527235588
2025-07-22 10:00:00,0.06841,0.9,27.0,2.9,0.1199,0.3418169947777708
2025-07-22 11:00:00,0.03963,0.52,49.3,2.9,0.1199,0.5573952101356118
2025-07-22 12:00:00,0.01,0.52,93.9,2.9,0.1199,0.3984853007325324
2025-07-22 13:00:00,0.00017,0.52,113.0,2.9,0.1199,0.5042489099440883
2025-07-22 14:00:00,0.00416,0.14,146.0,2.9,0.1199,0.5124707314882871
2025-07-22 15:00:00,0.0368999999999999,0.14,129.0,2.9,0.1199,0.3777849161311721
2025-07-22 16:00:00,0.07579,0.14,104.0,2.9,0.1199,0.3746102611431443
2025-07-22 17:00:00,0.08898,0.06,49.3,2.9,0.1199,0.1268608284678803
2025-07-22 18:00:00,0.10857,0.06,89.4,2.9,0.1199,0.0
2025-07-22 19:00:00,0.11256,0.06,50.3,2.9,0.1199,0.0
2025-07-22 20:00:00,0.11322,0.19,63.4,2.9,0.1199,0.0
2025-07-22 21:00:00,0.10848,0.19,28.8,2.9,0.1199,0.0
2025-07-22 22:00:00,0.10293,0.19,11.4,2.9,0.1199,0.0
2025-07-22 23:00:00,0.08765,1.41,2.23,2.9,0.1199,0.0
2025-07-23 00:00:00,0.07947,1.41,0.0,2.9,0.1199,0.0
2025-07-23 01:00:00,0.0785,1.41,0.0,2.9,0.1199,0.0
2025-07-23 02:00:00,0.07604,2.4,0.0,2.9,0.1199,0.0
2025-07-23 03:00:00,0.07769,2.4,0.0,2.9,0.1199,0.0
2025-07-23 04:00:00,0.08064,2.4,0.0,2.9,0.1199,0.0
2025-07-23 05:00:00,0.09135,4.9,0.0,2.9,0.1199,0.0
2025-07-23 06:00:00,0.09987,4.9,0.0,2.9,0.1199,0.0
2025-07-23 07:00:00,0.0965,4.9,0.0,2.9,0.1199,0.1016170152293922
2025-07-23 08:00:00,0.08169,0.69,2.17,2.9,0.1199,0.2999833880981877
2025-07-23 09:00:00,0.0673,0.69,6.43,2.9,0.1199,0.4895932330352484
2025-07-23 10:00:00,0.0535,0.69,23.2,2.9,0.1199,0.5759210757503649
2025-07-23 11:00:00,0.03372,0.0,66.0,2.9,0.1199,0.5734758026416653
2025-07-23 12:00:00,0.02373,0.0,82.6,2.9,0.1199,0.5475483667161184
2025-07-23 13:00:00,0.02682,0.0,127.0,2.9,0.1199,0.5281968922894678
2025-07-23 14:00:00,0.0402999999999999,0.36,141.0,2.9,0.1199,0.3618227870606278
2025-07-23 15:00:00,0.06781,0.36,113.0,2.9,0.1199,0.4727840298846859
2025-07-23 16:00:00,0.07805,0.36,110.0,2.9,0.1199,0.2153354615848867
2025-07-23 17:00:00,0.08607,0.17,117.0,2.9,0.1199,0.1507173251283947
2025-07-23 18:00:00,0.105,0.17,134.0,2.9,0.1199,0.0
2025-07-23 19:00:00,0.11298,0.17,107.0,2.9,0.1199,0.0
2025-07-23 20:00:00,0.11974,0.16,48.0,2.9,0.1199,0.0
2025-07-23 21:00:00,0.11054,0.16,51.4,2.9,0.1199,0.0
2025-07-23 22:00:00,0.10306,0.16,10.3,2.9,0.1199,0.0
2025-07-23 23:00:00,0.0978199999999999,0.44,1.13,2.9,0.1199,0.0
2025-07-24 00:00:00,0.09408,0.44,0.0,2.9,0.1199,0.0
2025-07-24 01:00:00,0.08929,0.44,0.0,2.9,0.1199,0.0
2025-07-24 02:00:00,0.08929,2.54,0.0,2.9,0.1199,0.0
2025-07-24 03:00:00,0.09345,2.54,0.0,2.9,0.1199,0.0
2025-07-24 04:00:00,0.10265,2.54,0.0,2.9,0.1199,0.0
2025-07-24 05:00:00,0.11205,3.46,0.0,2.9,0.1199,0.0
2025-07-24 06:00:00,0.11722,3.46,0.0,2.9,0.1199,0.0
2025-07-24 07:00:00,0.1104,3.46,0.0,2.9,0.1199,0.003221385631751
2025-07-24 08:00:00,0.09622,0.85,2.03,2.9,0.1199,0.0462576730053438
2025-07-24 09:00:00,0.08917,0.85,9.1,2.9,0.1199,0.2491660938421055
2025-07-24 10:00:00,0.08439,0.85,12.0,2.9,0.1199,0.3962662874067166
2025-07-24 11:00:00,0.08217,0.01,22.9,2.9,0.1199,0.6114927309534196
2025-07-24 12:00:00,0.08043,0.01,53.5,2.9,0.1199,0.7236463315057651
2025-07-24 13:00:00,0.08205,0.01,48.3,2.9,0.1199,0.6045677587877554
2025-07-24 14:00:00,0.08477,0.02,93.1,2.9,0.1199,0.6164237721985901
2025-07-24 15:00:00,0.09334,0.02,95.1,2.9,0.1199,0.4497648277215298
2025-07-24 16:00:00,0.1006,0.02,86.6,2.9,0.1199,0.2734030696590698
2025-07-24 17:00:00,0.1092,0.36,85.5,2.9,0.1199,0.1079517596843969
2025-07-24 18:00:00,0.13,0.36,78.3,2.9,0.1199,0.0
2025-07-24 19:00:00,0.15416,0.36,73.5,2.9,0.1199,0.0
2025-07-24 20:00:00,0.14064,0.42,68.8,2.9,0.1199,0.0
2025-07-24 21:00:00,0.11838,0.42,46.2,2.9,0.1199,0.0
2025-07-24 22:00:00,0.10939,0.42,6.5,2.9,0.1199,0.0
2025-07-24 23:00:00,0.11127,0.47,1.8,2.9,0.1199,0.0
2025-07-25 00:00:00,0.10367,0.47,0.0,2.9,0.1199,0.0
2025-07-25 01:00:00,0.09705,0.47,0.0,2.9,0.1199,0.0
2025-07-25 02:00:00,0.09294,2.65,0.0,2.9,0.1199,0.0
2025-07-25 03:00:00,0.09697,2.65,0.0,2.9,0.1199,0.0
2025-07-25 04:00:00,0.0982,2.65,0.0,2.9,0.1199,0.0
2025-07-25 05:00:00,0.10887,5.08,0.0,2.9,0.1199,0.0
2025-07-25 06:00:00,0.11295,5.08,0.0,2.9,0.1199,0.0
2025-07-25 07:00:00,0.1108499999999999,5.08,0.0,2.9,0.1199,0.0
2025-07-25 08:00:00,0.0982,0.82,2.23,2.9,0.1199,0.1329099761635904
2025-07-25 09:00:00,0.09408,0.82,12.3,2.9,0.1199,0.2292399782893177
2025-07-25 10:00:00,0.08515,0.82,21.3,2.9,0.1199,0.5488184954317433
2025-07-25 11:00:00,0.08309,0.33,54.4,2.9,0.1199,0.5542680194379882
2025-07-25 12:00:00,0.0787,0.33,88.2,2.9,0.1199,0.6632898929578219
2025-07-25 13:00:00,0.07631,0.33,125.0,2.9,0.1199,0.7049167249452397
2025-07-25 14:00:00,0.07927,1.06,123.0,2.9,0.1199,0.5825759110895543
2025-07-25 15:00:00,0.08109,1.06,162.0,2.9,0.1199,0.440517212756942
2025-07-25 16:00:00,0.08402,1.06,140.0,2.9,0.1199,0.207344113810353
2025-07-25 17:00:00,0.09045,0.22,111.0,2.9,0.1199,0.0
2025-07-25 18:00:00,0.10181,0.22,120.0,2.9,0.1199,0.0
2025-07-25 19:00:00,0.10928,0.22,115.0,2.9,0.1199,0.0
2025-07-25 20:00:00,0.12121,0.17,86.2,2.9,0.1199,0.0
2025-07-25 21:00:00,0.1125999999999999,0.17,42.5,2.9,0.1199,0.0
2025-07-25 22:00:00,0.11025,0.17,10.4,2.9,0.1199,0.0
2025-07-25 23:00:00,0.10676,0.21,0.7000000000000001,2.9,0.1199,0.0
2025-07-26 00:00:00,0.1007,0.21,0.0,2.9,0.1199,0.0
2025-07-26 01:00:00,0.09773,0.21,0.0,2.9,0.1199,0.0
2025-07-26 02:00:00,0.09665,1.18,0.0,2.9,0.1199,0.0
2025-07-26 03:00:00,0.09645,1.18,0.0,2.9,0.1199,0.0
2025-07-26 04:00:00,0.09489,1.18,0.0,2.9,0.1199,0.0
2025-07-26 05:00:00,0.09713,2.14,0.0,2.9,0.1199,0.0
2025-07-26 06:00:00,0.0960999999999999,2.14,0.0,2.9,0.1199,0.0
2025-07-26 07:00:00,0.08796,2.14,0.0,2.9,0.1199,0.1160816567003808
2025-07-26 08:00:00,0.08585,0.28,3.1,2.9,0.1199,0.2659086212685535
2025-07-26 09:00:00,0.07959,0.28,11.5,2.9,0.1199,0.4464485817535467
2025-07-26 10:00:00,0.0752,0.28,31.6,2.9,0.1199,0.5723544768556321
2025-07-26 11:00:00,0.06642,0.05,57.2,2.9,0.1199,0.5982763299661116
2025-07-26 12:00:00,0.04987,0.05,67.7,2.9,0.1199,0.5881435408460924
2025-07-26 13:00:00,0.05009,0.05,87.6,2.9,0.1199,0.5967463617516563
2025-07-26 14:00:00,0.0680699999999999,0.16,93.2,2.9,0.1199,0.5544807003288938
2025-07-26 15:00:00,0.07481,0.16,96.3,2.9,0.1199,0.3918187521133533
2025-07-26 16:00:00,0.0842,0.16,51.4,2.9,0.1199,0.2796684615353739
2025-07-26 17:00:00,0.0982,0.28,77.2,2.9,0.1199,0.0600139638843899
2025-07-26 18:00:00,0.1066,0.28,97.5,2.9,0.1199,0.0
2025-07-26 19:00:00,0.12195,0.28,105.0,2.9,0.1199,0.0
2025-07-26 20:00:00,0.12707,0.12,56.7,2.9,0.1199,0.0
2025-07-26 21:00:00,0.11672,0.12,10.9,2.9,0.1199,0.0
2025-07-26 22:00:00,0.1088,0.12,2.88,2.9,0.1199,0.0
2025-07-26 23:00:00,0.10464,0.09,0.6,2.9,0.1199,0.0
2025-07-27 00:00:00,0.09947,0.09,0.0,2.9,0.1199,0.0
2025-07-27 01:00:00,0.09501,0.09,0.0,2.9,0.1199,0.0
2025-07-27 02:00:00,0.09207,0.72,0.0,2.9,0.1199,0.0
2025-07-27 03:00:00,0.0919899999999999,0.72,0.0,2.9,0.1199,0.0
2025-07-27 04:00:00,0.08988,0.72,0.0,2.9,0.1199,0.0
2025-07-27 05:00:00,0.08879,1.0,0.0,2.9,0.1199,0.0
2025-07-27 06:00:00,0.08658,1.0,0.0,2.9,0.1199,0.0
2025-07-27 07:00:00,0.08376,1.0,0.0,2.9,0.1199,0.0199139312879921
2025-07-27 08:00:00,0.0817099999999999,0.65,0.3,2.9,0.1199,0.0779831970958661
2025-07-27 09:00:00,0.0759099999999999,0.65,6.88,2.9,0.1199,0.2288696679955516
2025-07-27 10:00:00,0.07052,0.65,14.2,2.9,0.1199,0.2601458861494363
2025-07-27 11:00:00,0.04593,0.08,37.1,2.9,0.1199,0.4749586213045265
2025-07-27 12:00:00,0.01504,0.08,79.7,2.9,0.1199,0.5540107491156542
2025-07-27 13:00:00,0.00885,0.08,101.0,2.9,0.1199,0.5748225953827643
2025-07-27 14:00:00,0.0173,0.28,98.5,2.9,0.1199,0.5116070102477638
2025-07-27 15:00:00,0.04574,0.28,110.0,2.9,0.1199,0.2510378998000657
2025-07-27 16:00:00,0.08236,0.28,125.0,2.9,0.1199,0.0979220486529542
2025-07-27 17:00:00,0.09566,0.13,123.0,2.9,0.1199,0.0
2025-07-27 18:00:00,0.10247,0.13,62.1,2.9,0.1199,0.0
2025-07-27 19:00:00,0.10795,0.13,42.1,2.9,0.1199,0.0
2025-07-27 20:00:00,0.1147099999999999,0.36,23.9,2.9,0.1199,0.0
2025-07-27 21:00:00,0.10733,0.36,12.2,2.9,0.1199,0.0
2025-07-27 22:00:00,0.10269,0.36,2.75,2.9,0.1199,0.0
2025-07-27 23:00:00,0.1,3.58,0.8,2.9,0.1199,0.0
2025-07-28 00:00:00,0.08877,3.58,0.0,2.9,0.1199,0.0
2025-07-28 01:00:00,0.0835,3.58,0.0,2.9,0.1199,0.0
2025-07-28 02:00:00,0.07967,5.86,0.0,2.9,0.1199,0.0
2025-07-28 03:00:00,0.07951,5.86,0.0,2.9,0.1199,0.0
2025-07-28 04:00:00,0.08952,5.86,0.0,2.9,0.1199,0.0
2025-07-28 05:00:00,0.1088799999999999,8.43,0.0,2.9,0.1199,0.0
2025-07-28 06:00:00,0.12197,8.43,0.0,2.9,0.1199,0.0
2025-07-28 07:00:00,0.11837,8.43,0.0,2.9,0.1199,0.0
2025-07-28 08:00:00,0.10545,0.74,2.03,2.9,0.1199,0.1980625498126326
2025-07-28 09:00:00,0.09725,0.74,8.88,2.9,0.1199,0.2558769787065508
2025-07-28 10:00:00,0.09096,0.74,26.4,2.9,0.1199,0.4740115104308101
2025-07-28 11:00:00,0.08179,0.5,56.4,2.9,0.1199,0.4422466767670356
2025-07-28 12:00:00,0.0775199999999999,0.5,75.1,2.9,0.1199,0.5710167268367004
2025-07-28 13:00:00,0.06833,0.5,49.7,2.9,0.1199,0.4195652442726589
2025-07-28 14:00:00,0.07397,0.03,66.5,2.9,0.1199,0.4806505763961808
2025-07-28 15:00:00,0.07728,0.03,79.2,2.9,0.1199,0.4697460796364699
2025-07-28 16:00:00,0.08812,0.03,122.0,2.9,0.1199,0.1362108372139888
2025-07-28 17:00:00,0.0972,0.0,139.0,2.9,0.1199,0.0
2025-07-28 18:00:00,0.10359,0.0,111.0,2.9,0.1199,0.0
2025-07-28 19:00:00,0.11414,0.0,79.2,2.9,0.1199,0.0
2025-07-28 20:00:00,0.11434,1.73,31.5,2.9,0.1199,0.0
2025-07-28 21:00:00,0.10526,1.73,15.0,2.9,0.1199,0.0
2025-07-28 22:00:00,0.09243,1.73,5.13,2.9,0.1199,0.0
2025-07-28 23:00:00,0.08751,3.71,1.2,2.9,0.1199,0.0
2025-07-29 00:00:00,0.0841,3.71,0.0,2.9,0.1199,0.0
2025-07-29 01:00:00,0.0829,3.71,0.0,2.9,0.1199,0.0
2025-07-29 02:00:00,0.0820999999999999,4.63,0.0,2.9,0.1199,0.0
2025-07-29 03:00:00,0.08389,4.63,0.0,2.9,0.1199,0.0
2025-07-29 04:00:00,0.0928799999999999,4.63,0.0,2.9,0.1199,0.0
2025-07-29 05:00:00,0.10107,3.74,0.0,2.9,0.1199,0.0
2025-07-29 06:00:00,0.10925,3.74,0.0,2.9,0.1199,0.0
2025-07-29 07:00:00,0.09902,3.74,0.0,2.9,0.1199,0.0
2025-07-29 08:00:00,0.0802,1.24,2.07,2.9,0.1199,0.1647923966233023
2025-07-29 09:00:00,0.06637,1.24,12.7,2.9,0.1199,0.3190328802620519
2025-07-29 10:00:00,0.054,1.24,30.8,2.9,0.1199,0.4287684416287597
2025-07-29 11:00:00,0.0256,0.1,52.3,2.9,0.1199,0.3256244117868374
2025-07-29 12:00:00,0.00434,0.1,96.7,2.9,0.1199,0.368802949416414
2025-07-29 13:00:00,0.00107,0.1,104.0,2.9,0.1199,0.5159832685714828
2025-07-29 14:00:00,0.0062,0.03,92.4,2.9,0.1199,0.3475322908402096
2025-07-29 15:00:00,0.04441,0.03,40.9,2.9,0.1199,0.2007373312072666
2025-07-29 16:00:00,0.0782399999999999,0.03,140.0,2.9,0.1199,0.1283894563386441
2025-07-29 17:00:00,0.09481,0.14,97.7,2.9,0.1199,0.0278312396375536
2025-07-29 18:00:00,0.10532,0.14,91.8,2.9,0.1199,0.0
2025-07-29 19:00:00,0.12356,0.14,37.6,2.9,0.1199,0.0
2025-07-29 20:00:00,0.12601,0.85,6.48,2.9,0.1199,0.0
2025-07-29 21:00:00,0.11194,0.85,8.35,2.9,0.1199,0.0
2025-07-29 22:00:00,0.10207,0.85,8.0,2.9,0.1199,0.0
2025-07-29 23:00:00,0.09492,2.63,1.35,2.9,0.1199,0.0
2025-07-30 00:00:00,0.0908799999999999,2.63,0.0,2.9,0.1199,0.0
2025-07-30 01:00:00,0.08693,2.63,0.0,2.9,0.1199,0.0
2025-07-30 02:00:00,0.08324,3.85,0.0,2.9,0.1199,0.0
2025-07-30 03:00:00,0.08489,3.85,0.0,2.9,0.1199,0.0
2025-07-30 04:00:00,0.09472,3.85,0.0,2.9,0.1199,0.0
2025-07-30 05:00:00,0.10038,3.55,0.0,2.9,0.1199,0.0
2025-07-30 06:00:00,0.09747,3.55,0.0,2.9,0.1199,0.0
2025-07-30 07:00:00,0.0938799999999999,3.55,0.0,2.9,0.1199,0.0338651810249083
2025-07-30 08:00:00,0.0790199999999999,0.64,1.77,2.9,0.1199,0.1781308483940696
2025-07-30 09:00:00,0.06329,0.64,10.8,2.9,0.1199,0.2943904096169897
2025-07-30 10:00:00,0.04043,0.64,23.6,2.9,0.1199,0.476758060210769
2025-07-30 11:00:00,0.02479,0.49,44.5,2.9,0.1199,0.5457645463845844
2025-07-30 12:00:00,0.01769,0.49,66.8,2.9,0.1199,0.4643178387439104
2025-07-30 13:00:00,0.0107,0.49,71.4,2.9,0.1199,0.3694717634541774
2025-07-30 14:00:00,0.02803,0.42,85.8,2.9,0.1199,0.476456460089706
2025-07-30 15:00:00,0.04561,0.42,129.0,2.9,0.1199,0.4287054226351284
2025-07-30 16:00:00,0.07568,0.42,76.2,2.9,0.1199,0.252292964980732
2025-07-30 17:00:00,0.09397,0.08,110.0,2.9,0.1199,0.1114012731804694
2025-07-30 18:00:00,0.10186,0.08,152.0,2.9,0.1199,0.0
2025-07-30 19:00:00,0.1090699999999999,0.08,45.1,2.9,0.1199,0.0
2025-07-30 20:00:00,0.109,0.24,61.3,2.9,0.1199,0.0
2025-07-30 21:00:00,0.104,0.24,37.9,2.9,0.1199,0.0
2025-07-30 22:00:00,0.0924099999999999,0.24,7.73,2.9,0.1199,0.0
2025-07-30 23:00:00,0.08893,4.42,2.17,2.9,0.1199,0.0
2025-07-31 00:00:00,0.08211,4.42,0.0,2.9,0.1199,0.0
2025-07-31 01:00:00,0.079,4.42,0.0,2.9,0.1199,0.0
2025-07-31 02:00:00,0.0772699999999999,4.15,0.0,2.9,0.1199,0.0
2025-07-31 03:00:00,0.07851,4.15,0.0,2.9,0.1199,0.0
2025-07-31 04:00:00,0.08543,4.15,0.0,2.9,0.1199,0.0
2025-07-31 05:00:00,0.09814,2.17,0.0,2.9,0.1199,0.0
2025-07-31 06:00:00,0.10046,2.17,0.0,2.9,0.1199,0.0
2025-07-31 07:00:00,0.09409,2.17,0.0,2.9,0.1199,0.0
2025-07-31 08:00:00,0.08891,1.84,0.8,2.9,0.1199,0.0
2025-07-31 09:00:00,0.07417,1.84,2.33,2.9,0.1199,0.1139649517275126
2025-07-31 10:00:00,0.07004,1.84,11.5,2.9,0.1199,0.2622397587313745
2025-07-31 11:00:00,0.0611499999999999,0.08,33.7,2.9,0.1199,0.4075251815147489
2025-07-31 12:00:00,0.0480499999999999,0.08,38.5,2.9,0.1199,0.4485777703760752
2025-07-31 13:00:00,0.03506,0.08,103.0,2.9,0.1199,0.4879319162107001
2025-07-31 14:00:00,0.05507,0.05,85.3,2.9,0.1199,0.2625063338903616
2025-07-31 15:00:00,0.07243,0.05,126.0,2.9,0.1199,0.0184367422492904
2025-07-31 16:00:00,0.08456,0.05,69.0,2.9,0.1199,0.0284467887749848
2025-07-31 17:00:00,0.0969,0.27,49.4,2.9,0.1199,0.0
2025-07-31 18:00:00,0.11192,0.27,46.4,2.9,0.1199,0.0
2025-07-31 19:00:00,0.12827,0.27,30.7,2.9,0.1199,0.0
2025-07-31 20:00:00,0.12511,1.78,16.7,2.9,0.1199,0.0
2025-07-31 21:00:00,0.11416,1.78,4.18,2.9,0.1199,0.0
2025-07-31 22:00:00,0.10279,1.78,2.23,2.9,0.1199,0.0
2025-07-31 23:00:00,0.10531,1.61,1.3,2.9,0.1199,0.0
2025-08-01 00:00:00,0.09854,1.61,0.0,2.9,0.1199,0.0
2025-08-01 01:00:00,0.09215,1.61,0.0,2.9,0.1199,0.0
2025-08-01 02:00:00,0.08917,2.79,0.0,2.9,0.1199,0.0
2025-08-01 03:00:00,0.0942099999999999,2.79,0.0,2.9,0.1199,0.0
2025-08-01 04:00:00,0.10058,2.79,0.0,2.9,0.1199,0.0
2025-08-01 05:00:00,0.10669,3.81,0.0,2.9,0.1199,0.0
2025-08-01 06:00:00,0.1107099999999999,3.81,0.0,2.9,0.1199,0.0
2025-08-01 07:00:00,0.10664,3.81,0.0,2.9,0.1199,0.0
2025-08-01 08:00:00,0.10367,1.08,1.15,2.9,0.1199,0.1551279622923539
2025-08-01 09:00:00,0.09795,1.08,11.8,2.9,0.1199,0.3421057470838531
2025-08-01 10:00:00,0.0841,1.08,18.3,2.9,0.1199,0.4993198924518809
2025-08-01 11:00:00,0.07705,0.04,57.0,2.9,0.1199,0.5884515556853498
2025-08-01 12:00:00,0.06197,0.04,78.3,2.9,0.1199,0.4753967026974551
2025-08-01 13:00:00,0.04906,0.04,85.0,2.9,0.1199,0.547619321156216
2025-08-01 14:00:00,0.0491,0.34,113.0,2.9,0.1199,0.3433943236569004
2025-08-01 15:00:00,0.06993,0.34,44.7,2.9,0.1199,0.2970084372657821
2025-08-01 16:00:00,0.08359,0.34,97.1,2.9,0.1199,0.24543948304698
2025-08-01 17:00:00,0.09645,0.38,108.0,2.9,0.1199,0.1100127786122656
2025-08-01 18:00:00,0.10951,0.38,84.0,2.9,0.1199,0.0
2025-08-01 19:00:00,0.11923,0.38,28.8,2.9,0.1199,0.0
2025-08-01 20:00:00,0.11751,1.56,51.7,2.9,0.1199,0.0
2025-08-01 21:00:00,0.11072,1.56,29.9,2.9,0.1199,0.0
2025-08-01 22:00:00,0.10273,1.56,9.73,2.9,0.1199,0.0
2025-08-01 23:00:00,0.10447,4.99,1.45,2.9,0.1199,0.0
2025-08-02 00:00:00,0.1003199999999999,4.99,0.0,2.9,0.1199,0.0
2025-08-02 01:00:00,0.09779,4.99,0.0,2.9,0.1199,0.0
2025-08-02 02:00:00,0.0921599999999999,5.17,0.0,2.9,0.1199,0.0
2025-08-02 03:00:00,0.09129,5.17,0.0,2.9,0.1199,0.0
2025-08-02 04:00:00,0.0907699999999999,5.17,0.0,2.9,0.1199,0.0
2025-08-02 05:00:00,0.08967,4.68,0.0,2.9,0.1199,0.0
2025-08-02 06:00:00,0.0847,4.68,0.0,2.9,0.1199,0.0
2025-08-02 07:00:00,0.0784,4.68,0.0,2.9,0.1199,0.0
2025-08-02 08:00:00,0.06568,1.14,1.83,2.9,0.1199,0.0
2025-08-02 09:00:00,0.03109,1.14,8.13,2.9,0.1199,0.0
2025-08-02 10:00:00,0.0056799999999999,1.14,22.7,2.9,0.1199,0.0632054338414455
2025-08-02 11:00:00,0.00295,0.64,29.8,2.9,0.1199,0.0509618615680496
2025-08-02 12:00:00,0.0,0.64,21.0,2.9,0.1199,0.1525931641686206
2025-08-02 13:00:00,0.0,0.64,64.9,2.9,0.1199,0.1366459869357925
2025-08-02 14:00:00,0.0,0.8,53.0,2.9,0.1199,0.347280537947424
2025-08-02 15:00:00,0.0053,0.8,73.3,2.9,0.1199,0.1172947324818494
2025-08-02 16:00:00,0.06069,0.8,0.0,2.9,0.1199,0.1140809056494374
2025-08-02 17:00:00,0.09132,0.66,0.0,2.9,0.1199,0.0
2025-08-02 18:00:00,0.102,0.66,0.0,2.9,0.1199,0.0
2025-08-02 19:00:00,0.1094899999999999,0.66,0.0,2.9,0.1199,0.0
2025-08-02 20:00:00,0.10842,2.01,0.0,2.9,0.1199,0.0
2025-08-02 21:00:00,0.10434,2.01,0.0,2.9,0.1199,0.0
2025-08-02 22:00:00,0.095,2.01,0.0,2.9,0.1199,0.0
2025-08-02 23:00:00,0.08509,3.73,0.0,2.9,0.1199,0.0
2025-08-03 00:00:00,0.0775199999999999,3.73,0.0,2.9,0.1199,0.0
2025-08-03 01:00:00,0.07195,3.73,0.0,2.9,0.1199,0.0
2025-08-03 02:00:00,0.06814,4.53,0.0,2.9,0.1199,0.0
2025-08-03 03:00:00,0.06577,4.53,0.0,2.9,0.1199,0.0
2025-08-03 04:00:00,0.05998,4.53,0.0,2.9,0.1199,0.0
2025-08-03 05:00:00,0.0467999999999999,3.93,0.0,2.9,0.1199,0.0
2025-08-03 06:00:00,0.026,3.93,0.0,2.9,0.1199,0.0
2025-08-03 07:00:00,0.00616,3.93,0.0,2.9,0.1199,0.0
2025-08-03 08:00:00,0.0,0.15,1.25,2.9,0.1199,0.1774885797169632
2025-08-03 09:00:00,-0.00101,0.15,8.63,2.9,0.1199,0.4113971121260964
2025-08-03 10:00:00,-0.0021,0.15,28.4,2.9,0.1199,0.6184784693134959
2025-08-03 11:00:00,-0.003,0.33,48.0,2.9,0.1199,0.6787618811132858
2025-08-03 12:00:00,-0.0099,0.33,102.0,2.9,0.1199,0.280645062303524
2025-08-03 13:00:00,-0.01008,0.33,132.0,2.9,0.1199,0.3791242598023439
2025-08-03 14:00:00,-0.00498,0.0,107.0,2.9,0.1199,0.2010757042409389
2025-08-03 15:00:00,-0.0015,0.0,86.7,2.9,0.1199,0.2017479513592226
2025-08-03 16:00:00,0.00361,0.0,101.0,2.9,0.1199,0.0381055669456305
2025-08-03 17:00:00,0.07113,0.0,144.0,2.9,0.1199,0.0
2025-08-03 18:00:00,0.08813,0.0,92.3,2.9,0.1199,0.0
2025-08-03 19:00:00,0.09787,0.0,57.7,2.9,0.1199,0.0
2025-08-03 20:00:00,0.0959899999999999,0.36,49.5,2.9,0.1199,0.0
2025-08-03 21:00:00,0.0973,0.36,29.2,2.9,0.1199,0.0
2025-08-03 22:00:00,0.08509,0.36,5.38,2.9,0.1199,0.0
2025-08-03 23:00:00,0.08105,2.2,0.45,2.9,0.1199,0.0
2025-08-04 00:00:00,0.07007,2.2,0.0,2.9,0.1199,0.0
2025-08-04 01:00:00,0.06997,2.2,0.0,2.9,0.1199,0.0
2025-08-04 02:00:00,0.07062,2.47,0.0,2.9,0.1199,0.0
2025-08-04 03:00:00,0.07403,2.47,0.0,2.9,0.1199,0.0
2025-08-04 04:00:00,0.08294,2.47,0.0,2.9,0.1199,0.0
2025-08-04 05:00:00,0.09512,0.81,0.0,2.9,0.1199,0.0
2025-08-04 06:00:00,0.10272,0.81,0.0,2.9,0.1199,0.0
2025-08-04 07:00:00,0.10144,0.81,0.0,2.9,0.1199,0.0
2025-08-04 08:00:00,0.09705,0.01,0.8,2.9,0.1199,0.1606843277276062
2025-08-04 09:00:00,0.08005,0.01,3.83,2.9,0.1199,0.3351660105367346
2025-08-04 10:00:00,0.05633,0.01,10.9,2.9,0.1199,0.2417269397022358
2025-08-04 11:00:00,0.0148399999999999,0.08,17.9,2.9,0.1199,0.3700415284231248
2025-08-04 12:00:00,0.00405,0.08,59.2,2.9,0.1199,0.5479931585091063
2025-08-04 13:00:00,0.00066,0.08,78.1,2.9,0.1199,0.6621400826909022
2025-08-04 14:00:00,2e-05,0.97,129.0,2.9,0.1199,0.5825635546659489
2025-08-04 15:00:00,0.02209,0.97,136.0,2.9,0.1199,0.4767163810646406
2025-08-04 16:00:00,0.06724,0.97,131.0,2.9,0.1199,0.2636802838550126
2025-08-04 17:00:00,0.08091,0.78,150.0,2.9,0.1199,0.0
2025-08-04 18:00:00,0.08454,0.78,109.0,2.9,0.1199,0.0
2025-08-04 19:00:00,0.0802099999999999,0.78,44.0,2.9,0.1199,0.0
2025-08-04 20:00:00,0.0727,0.11,29.0,2.9,0.1199,0.0
2025-08-04 21:00:00,0.06663,0.11,16.1,2.9,0.1199,0.0
2025-08-04 22:00:00,0.0476899999999999,0.11,4.72,2.9,0.1199,0.0
2025-08-04 23:00:00,0.02152,0.12,1.5,2.9,0.1199,0.0
2025-08-05 00:00:00,0.01534,0.12,0.0,2.9,0.1199,0.0
2025-08-05 01:00:00,0.0159,0.12,0.0,2.9,0.1199,0.0
2025-08-05 02:00:00,0.02396,0.06,0.0,2.9,0.1199,0.0
2025-08-05 03:00:00,0.05447,0.06,0.0,2.9,0.1199,0.0
2025-08-05 04:00:00,0.07619,0.06,0.0,2.9,0.1199,0.0
2025-08-05 05:00:00,0.09225,6.91,0.0,2.9,0.1199,0.0
2025-08-05 06:00:00,0.09208,6.91,0.0,2.9,0.1199,0.0
2025-08-05 07:00:00,0.07474,6.91,0.0,2.9,0.1199,0.0
2025-08-05 08:00:00,0.00389,3.26,0.5,2.9,0.1199,0.0
2025-08-05 09:00:00,-0.0002099999999999,3.26,6.05,2.9,0.1199,0.0
2025-08-05 10:00:00,-0.0020099999999999,3.26,11.2,2.9,0.1199,0.2920436081408094
2025-08-05 11:00:00,-0.00494,0.01,24.8,2.9,0.1199,0.6362985663254489
2025-08-05 12:00:00,-0.0095,0.01,84.7,2.9,0.1199,0.7462763008380521
2025-08-05 13:00:00,-0.01183,0.01,119.0,2.9,0.1199,0.7635949418704385
2025-08-05 14:00:00,-0.00992,0.36,129.0,2.9,0.1199,0.6431593404265564
2025-08-05 15:00:00,-0.00507,0.36,146.0,2.9,0.1199,0.4465898104455783
2025-08-05 16:00:00,-0.00052,0.36,106.0,2.9,0.1199,0.2534372271281072
2025-08-05 17:00:00,0.00107,0.52,102.0,2.9,0.1199,0.0855791463506812
2025-08-05 18:00:00,0.07248,0.52,104.0,2.9,0.1199,0.0
2025-08-05 19:00:00,0.08997,0.52,66.2,2.9,0.1199,0.0
2025-08-05 20:00:00,0.10715,1.73,50.5,2.9,0.1199,0.0
2025-08-05 21:00:00,0.08718,1.73,37.4,2.9,0.1199,0.0
2025-08-05 22:00:00,0.081,1.73,11.1,2.9,0.1199,0.0
2025-08-05 23:00:00,0.07513,4.18,1.13,2.9,0.1199,0.0
2025-08-06 00:00:00,0.05989,4.18,0.0,2.9,0.1199,0.0
2025-08-06 01:00:00,0.0607599999999999,4.18,0.0,2.9,0.1199,0.0
2025-08-06 02:00:00,0.0610099999999999,4.88,0.0,2.9,0.1199,0.0
2025-08-06 03:00:00,0.06035,4.88,0.0,2.9,0.1199,0.0
2025-08-06 04:00:00,0.0817,4.88,0.0,2.9,0.1199,0.0
2025-08-06 05:00:00,0.10377,7.25,0.0,2.9,0.1199,0.0
2025-08-06 06:00:00,0.10294,7.25,0.0,2.9,0.1199,0.0
2025-08-06 07:00:00,0.08394,7.25,0.0,2.9,0.1199,0.0766164627706946
2025-08-06 08:00:00,0.0277399999999999,1.39,1.7,2.9,0.1199,0.3407269750883773
2025-08-06 09:00:00,-1e-05,1.39,8.35,2.9,0.1199,0.5205720143749383
2025-08-06 10:00:00,-0.0020499999999999,1.39,23.5,2.9,0.1199,0.6749195308832396
2025-08-06 11:00:00,-0.00847,0.42,56.5,2.9,0.1199,0.6142017747482751
2025-08-06 12:00:00,-0.0117899999999999,0.42,94.6,2.9,0.1199,0.5136704394959637
2025-08-06 13:00:00,-0.006,0.42,113.0,2.9,0.1199,0.3905939987826027
2025-08-06 14:00:00,-0.00311,0.02,135.0,2.9,0.1199,0.5222505684966235
2025-08-06 15:00:00,-0.00101,0.02,141.0,2.9,0.1199,0.4844401844227015
2025-08-06 16:00:00,0.05215,0.02,127.0,2.9,0.1199,0.4112668478214385
2025-08-06 17:00:00,0.09719,0.08,139.0,2.9,0.1199,0.1771988235223273
2025-08-06 18:00:00,0.1137,0.08,92.6,2.9,0.1199,0.0
2025-08-06 19:00:00,0.17016,0.08,110.0,2.9,0.1199,0.0
2025-08-06 20:00:00,0.15708,0.77,74.6,2.9,0.1199,0.0
2025-08-06 21:00:00,0.11,0.77,33.7,2.9,0.1199,0.0
2025-08-06 22:00:00,0.1016,0.77,7.48,2.9,0.1199,0.0
2025-08-06 23:00:00,0.09758,3.02,0.9,2.9,0.1199,0.0
2025-08-07 00:00:00,0.09704,3.02,0.0,2.9,0.1199,0.0
2025-08-07 01:00:00,0.09144,3.02,0.0,2.9,0.1199,0.0
2025-08-07 02:00:00,0.08879,3.07,0.0,2.9,0.1199,0.0
2025-08-07 03:00:00,0.08893,3.07,0.0,2.9,0.1199,0.0
2025-08-07 04:00:00,0.0928499999999999,3.07,0.0,2.9,0.1199,0.0
2025-08-07 05:00:00,0.10746,2.85,0.0,2.9,0.1199,0.0
2025-08-07 06:00:00,0.1065,2.85,0.0,2.9,0.1199,0.0
2025-08-07 07:00:00,0.10048,2.85,0.0,2.9,0.1199,0.0960611527083584
2025-08-07 08:00:00,0.0776299999999999,0.02,0.65,2.9,0.1199,0.3411748001122295
2025-08-07 09:00:00,0.02223,0.02,7.58,2.9,0.1199,0.5466481118260349
2025-08-07 10:00:00,0.0,0.02,26.7,2.9,0.1199,0.729433087474904
2025-08-07 11:00:00,-0.0001199999999999,0.69,49.2,2.9,0.1199,0.8328124624664422
2025-08-07 12:00:00,-0.00199,0.69,79.5,2.9,0.1199,0.8750271724065356
2025-08-07 13:00:00,-0.00029,0.69,130.0,2.9,0.1199,0.8611825066039577
2025-08-07 14:00:00,-1e-05,0.75,149.0,2.9,0.1199,0.7690075554988033
2025-08-07 15:00:00,0.002,0.75,158.0,2.9,0.1199,0.4953472427802164
2025-08-07 16:00:00,0.06559,0.75,0.0,2.9,0.1199,0.1845688494631864
2025-08-07 17:00:00,0.09423,0.36,0.0,2.9,0.1199,0.0942595453501789
2025-08-07 18:00:00,0.11195,0.36,0.0,2.9,0.1199,0.0
2025-08-07 19:00:00,0.14194,0.36,0.0,2.9,0.1199,0.0
2025-08-07 20:00:00,0.1275,0.06,0.0,2.9,0.1199,0.0
2025-08-07 21:00:00,0.11,0.06,0.0,2.9,0.1199,0.0
2025-08-07 22:00:00,0.10128,0.06,0.0,2.9,0.1199,0.0
2025-08-07 23:00:00,0.0939,0.0,0.0,2.9,0.1199,0.0
2025-08-08 00:00:00,0.08949,0.0,0.0,2.9,0.1199,0.0
2025-08-08 01:00:00,0.08613,0.0,0.0,2.9,0.1199,0.0
2025-08-08 02:00:00,0.08266,0.53,0.0,2.9,0.1199,0.0
2025-08-08 03:00:00,0.08145,0.53,0.0,2.9,0.1199,0.0
2025-08-08 04:00:00,0.09114,0.53,0.0,2.9,0.1199,0.0
2025-08-08 05:00:00,0.10043,0.44,0.0,2.9,0.1199,0.0
2025-08-08 06:00:00,0.10305,0.44,0.0,2.9,0.1199,0.0
2025-08-08 07:00:00,0.10914,0.44,0.0,2.9,0.1199,0.0530796805918176
2025-08-08 08:00:00,0.0899,0.92,1.2,2.9,0.1199,0.1415992884795002
2025-08-08 09:00:00,0.066,0.92,6.78,2.9,0.1199,0.275370657382921
2025-08-08 10:00:00,0.00839,0.92,18.5,2.9,0.1199,0.53820102971372
2025-08-08 11:00:00,0.0,0.39,37.7,2.9,0.1199,0.5611263311424117
2025-08-08 12:00:00,-1e-05,0.39,54.5,2.9,0.1199,0.6407248485841285
2025-08-08 13:00:00,-2e-05,0.39,65.9,2.9,0.1199,0.5561470063472682
2025-08-08 14:00:00,-1e-05,0.85,65.0,2.9,0.1199,0.5526333027970306
2025-08-08 15:00:00,0.01049,0.85,65.6,2.9,0.1199,0.4978314920586432
2025-08-08 16:00:00,0.07174,0.85,62.5,2.9,0.1199,0.2507405449358934
2025-08-08 17:00:00,0.10386,0.51,69.6,2.9,0.1199,0.1206166260610113
2025-08-08 18:00:00,0.11397,0.51,74.8,2.9,0.1199,0.0
2025-08-08 19:00:00,0.14462,0.51,46.3,2.9,0.1199,0.0
2025-08-08 20:00:00,0.1515099999999999,0.08,34.2,2.9,0.1199,0.0
2025-08-08 21:00:00,0.12159,0.08,19.9,2.9,0.1199,0.0
2025-08-08 22:00:00,0.1084599999999999,0.08,6.82,2.9,0.1199,0.0
2025-08-08 23:00:00,0.10193,0.16,0.9,2.9,0.1199,0.0
2025-08-09 00:00:00,0.10043,0.16,0.0,2.9,0.1199,0.0
2025-08-09 01:00:00,0.09994,0.16,0.0,2.9,0.1199,0.0
2025-08-09 02:00:00,0.0978,2.8,0.0,2.9,0.1199,0.0
2025-08-09 03:00:00,0.09687,2.8,0.0,2.9,0.1199,0.0
2025-08-09 04:00:00,0.09701,2.8,0.0,2.9,0.1199,0.0
2025-08-09 05:00:00,0.09726,6.37,0.0,2.9,0.1199,0.0
2025-08-09 06:00:00,0.09345,6.37,0.0,2.9,0.1199,0.0
2025-08-09 07:00:00,0.07019,6.37,0.0,2.9,0.1199,0.0
2025-08-09 08:00:00,0.01534,0.81,1.35,2.9,0.1199,0.0804414120288138
2025-08-09 09:00:00,-2e-05,0.81,9.2,2.9,0.1199,0.3575955327825382
2025-08-09 10:00:00,-0.001,0.81,25.8,2.9,0.1199,0.6649317122525186
2025-08-09 11:00:00,-0.00663,0.05,41.1,2.9,0.1199,0.8275792318357981
2025-08-09 12:00:00,-0.01514,0.05,77.6,2.9,0.1199,0.8610437639411819
2025-08-09 13:00:00,-0.01537,0.05,119.0,2.9,0.1199,0.7872431980931613
2025-08-09 14:00:00,-0.0040999999999999,0.52,142.0,2.9,0.1199,0.7124526001900807
2025-08-09 15:00:00,-4e-05,0.52,154.0,2.9,0.1199,0.5708294728911074
2025-08-09 16:00:00,0.00629,0.52,155.0,2.9,0.1199,0.4486656025351281
2025-08-09 17:00:00,0.0859,0.58,153.0,2.9,0.1199,0.2442884583259823
2025-08-09 18:00:00,0.1042,0.58,139.0,2.9,0.1199,0.0251305969406757
2025-08-09 19:00:00,0.12762,0.58,116.0,2.9,0.1199,0.0
2025-08-09 20:00:00,0.11931,0.11,81.0,2.9,0.1199,0.0
2025-08-09 21:00:00,0.10789,0.11,38.6,2.9,0.1199,0.0
2025-08-09 22:00:00,0.09497,0.11,7.4,2.9,0.1199,0.0
2025-08-09 23:00:00,0.08479,1.47,0.55,2.9,0.1199,0.0
2025-08-10 00:00:00,0.08323,1.47,0.0,2.9,0.1199,0.0
2025-08-10 01:00:00,0.0831,1.47,0.0,2.9,0.1199,0.0
2025-08-10 02:00:00,0.07795,6.18,0.0,2.9,0.1199,0.0
2025-08-10 03:00:00,0.08068,6.18,0.0,2.9,0.1199,0.0
2025-08-10 04:00:00,0.08369,6.18,0.0,2.9,0.1199,0.0
2025-08-10 05:00:00,0.08227,9.06,0.0,2.9,0.1199,0.0
2025-08-10 06:00:00,0.0747,9.06,0.0,2.9,0.1199,0.0
2025-08-10 07:00:00,0.0263599999999999,9.06,0.0,2.9,0.1199,0.115951066624259
2025-08-10 08:00:00,-1e-05,0.97,1.4,2.9,0.1199,0.3389452817248465
2025-08-10 09:00:00,-0.00311,0.97,6.43,2.9,0.1199,0.5423717215346006
2025-08-10 10:00:00,-0.0156,0.97,20.5,2.9,0.1199,0.7058921874716865
2025-08-10 11:00:00,-0.04003,0.0,56.4,2.9,0.1199,0.814456741035712
2025-08-10 12:00:00,-0.0610799999999999,0.0,96.8,2.9,0.1199,0.8577118735773667
2025-08-10 13:00:00,-0.05094,0.0,126.0,2.9,0.1199,0.8361024742619184
2025-08-10 14:00:00,-0.02212,0.36,146.0,2.9,0.1199,0.7314051275334216
2025-08-10 15:00:00,-0.00121,0.36,155.0,2.9,0.1199,0.6082567388864543
2025-08-10 16:00:00,0.00213,0.36,161.0,2.9,0.1199,0.430231779365642
2025-08-10 17:00:00,0.08264,0.11,153.0,2.9,0.1199,0.2285336190013238
2025-08-10 18:00:00,0.10855,0.11,137.0,2.9,0.1199,0.0199125633599118
2025-08-10 19:00:00,0.11895,0.11,113.0,2.9,0.1199,0.0
2025-08-10 20:00:00,0.12245,0.18,76.3,2.9,0.1199,0.0
2025-08-10 21:00:00,0.10698,0.18,35.5,2.9,0.1199,0.0
2025-08-10 22:00:00,0.0989,0.18,7.25,2.9,0.1199,0.0
2025-08-10 23:00:00,0.0998199999999999,1.13,1.0,2.9,0.1199,0.0
2025-08-11 00:00:00,0.09197,1.13,0.0,2.9,0.1199,0.0
2025-08-11 01:00:00,0.08744,1.13,0.0,2.9,0.1199,0.0
2025-08-11 02:00:00,0.08519,3.69,0.0,2.9,0.1199,0.0
2025-08-11 03:00:00,0.0928499999999999,3.69,0.0,2.9,0.1199,0.0
2025-08-11 04:00:00,0.10351,3.69,0.0,2.9,0.1199,0.0
2025-08-11 05:00:00,0.12922,6.57,0.0,2.9,0.1199,0.0
2025-08-11 06:00:00,0.13349,6.57,0.0,2.9,0.1199,0.0
2025-08-11 07:00:00,0.10535,6.57,0.0,2.9,0.1199,0.1284642140534944
2025-08-11 08:00:00,0.09075,0.02,1.3,2.9,0.1199,0.3559916013998387
2025-08-11 09:00:00,0.05,0.02,5.68,2.9,0.1199,0.5631328382774844
2025-08-11 10:00:00,0.00254,0.02,19.1,2.9,0.1199,0.7291639399933242
2025-08-11 11:00:00,0.0,0.17,56.3,2.9,0.1199,0.8392964766034143
2025-08-11 12:00:00,0.0,0.17,99.0,2.9,0.1199,0.8868309498013169
2025-08-11 13:00:00,0.0,0.17,128.0,2.9,0.1199,0.8695490802856822
2025-08-11 14:00:00,0.009,0.25,147.0,2.9,0.1199,0.7882532559630149
2025-08-11 15:00:00,0.05614,0.25,158.0,2.9,0.1199,0.6503008733816672
2025-08-11 16:00:00,0.09225,0.25,159.0,2.9,0.1199,0.466598305996131
2025-08-11 17:00:00,0.10826,0.28,152.0,2.9,0.1199,0.2534653326618868
2025-08-11 18:00:00,0.154,0.28,137.0,2.9,0.1199,0.0329488930804924
2025-08-11 19:00:00,0.1919499999999999,0.28,113.0,2.9,0.1199,0.0
2025-08-11 20:00:00,0.13888,0.11,77.2,2.9,0.1199,0.0
2025-08-11 21:00:00,0.10887,0.11,36.2,2.9,0.1199,0.0
2025-08-11 22:00:00,0.096,0.11,6.55,2.9,0.1199,0.0
2025-08-11 23:00:00,0.093,0.1,0.7000000000000001,2.9,0.1199,0.0
2025-08-12 00:00:00,0.08967,0.1,0.0,2.9,0.1199,0.0
2025-08-12 01:00:00,0.08541,0.1,0.0,2.9,0.1199,0.0
2025-08-12 02:00:00,0.08513,1.34,0.0,2.9,0.1199,0.0
2025-08-12 03:00:00,0.08648,1.34,0.0,2.9,0.1199,0.0
2025-08-12 04:00:00,0.09397,1.34,0.0,2.9,0.1199,0.0
2025-08-12 05:00:00,0.1069099999999999,3.56,0.0,2.9,0.1199,0.0
2025-08-12 06:00:00,0.10463,3.56,0.0,2.9,0.1199,0.0
2025-08-12 07:00:00,0.0987099999999999,3.56,0.0,2.9,0.1199,0.1329221201799891
2025-08-12 08:00:00,0.0924899999999999,0.68,1.35,2.9,0.1199,0.3457074728463329
2025-08-12 09:00:00,0.07953,0.68,7.15,2.9,0.1199,0.5555399745462387
2025-08-12 10:00:00,0.0404099999999999,0.68,21.3,2.9,0.1199,0.7404775628428947
2025-08-12 11:00:00,0.00838,1.03,51.8,2.9,0.1199,0.8528421161945999
2025-08-12 12:00:00,0.003,1.03,90.4,2.9,0.1199,0.898399037272122
2025-08-12 13:00:00,0.00515,1.03,119.0,2.9,0.1199,0.8805111560955727
2025-08-12 14:00:00,0.03505,0.52,94.8,2.9,0.1199,0.8007263785071842
2025-08-12 15:00:00,0.07312,0.52,148.0,2.9,0.1199,0.6645896208779507
2025-08-12 16:00:00,0.09406,0.52,149.0,2.9,0.1199,0.4838662227849812
2025-08-12 17:00:00,0.1061,0.25,141.0,2.9,0.1199,0.2727055999832921
2025-08-12 18:00:00,0.14931,0.25,125.0,2.9,0.1199,0.0536821721828846
2025-08-12 19:00:00,0.15616,0.25,102.0,2.9,0.1199,0.0
2025-08-12 20:00:00,0.1404,0.53,67.5,2.9,0.1199,0.0
2025-08-12 21:00:00,0.1140699999999999,0.53,30.1,2.9,0.1199,0.0
2025-08-12 22:00:00,0.09773,0.53,6.3,2.9,0.1199,0.0
2025-08-12 23:00:00,0.09572,0.25,0.3,2.9,0.1199,0.0
2025-08-13 00:00:00,0.09,0.25,0.0,2.9,0.1199,0.0
2025-08-13 01:00:00,0.08689,0.25,0.0,2.9,0.1199,0.0
2025-08-13 02:00:00,0.08471,1.06,0.0,2.9,0.1199,0.0
2025-08-13 03:00:00,0.08707,1.06,0.0,2.9,0.1199,0.0
2025-08-13 04:00:00,0.0933,1.06,0.0,2.9,0.1199,0.0
2025-08-13 05:00:00,0.10887,0.13,0.0,2.9,0.1199,0.0
2025-08-13 06:00:00,0.1075199999999999,0.13,0.0,2.9,0.1199,0.0
2025-08-13 07:00:00,0.10587,0.13,0.0,2.9,0.1199,0.1496870718062791
2025-08-13 08:00:00,0.0935999999999999,0.94,0.9,2.9,0.1199,0.3722740078813051
2025-08-13 09:00:00,0.08926,0.94,6.23,2.9,0.1199,0.538391118577764
2025-08-13 10:00:00,0.0682,0.94,19.9,2.9,0.1199,0.6944767289412184
2025-08-13 11:00:00,0.0442899999999999,2.17,51.1,2.9,0.1199,0.7823479530584039
2025-08-13 12:00:00,0.02789,2.17,89.0,2.9,0.1199,0.8495756725842765
2025-08-13 13:00:00,0.0416599999999999,2.17,117.0,2.9,0.1199,0.8543578870915225
2025-08-13 14:00:00,0.0709,0.5,134.0,2.9,0.1199,0.7942907012017464
2025-08-13 15:00:00,0.0843,0.5,143.0,2.9,0.1199,0.6620311151283566
2025-08-13 16:00:00,0.09664,0.5,144.0,2.9,0.1199,0.4760529560787018
2025-08-13 17:00:00,0.11534,0.33,137.0,2.9,0.1199,0.2690934895516669
2025-08-13 18:00:00,0.1933,0.33,124.0,2.9,0.1199,0.055003386046443
2025-08-13 19:00:00,0.2266399999999999,0.33,98.9,2.9,0.1199,0.0
2025-08-13 20:00:00,0.15452,0.45,60.0,2.9,0.1199,0.0
2025-08-13 21:00:00,0.12321,0.45,11.8,2.9,0.1199,0.0
2025-08-13 22:00:00,0.1062699999999999,0.45,6.82,2.9,0.1199,0.0
2025-08-13 23:00:00,0.0980999999999999,0.42,0.2,2.9,0.1199,0.0
2025-08-14 00:00:00,0.092,0.42,0.0,2.9,0.1199,0.0
2025-08-14 01:00:00,0.08845,0.42,0.0,2.9,0.1199,0.0
2025-08-14 02:00:00,0.0882,0.22,0.0,2.9,0.1199,0.0
2025-08-14 03:00:00,0.08853,0.22,0.0,2.9,0.1199,0.0
2025-08-14 04:00:00,0.09752,0.22,0.0,2.9,0.1199,0.0
2025-08-14 05:00:00,0.10794,0.41,0.0,2.9,0.1199,0.0
2025-08-14 06:00:00,0.10992,0.41,0.0,2.9,0.1199,0.0
2025-08-14 07:00:00,0.09951,0.41,0.0,2.9,0.1199,0.115407967315342
2025-08-14 08:00:00,0.0911,0.53,0.9,2.9,0.1199,0.2384588844209595
2025-08-14 09:00:00,0.08126,0.53,9.5,2.9,0.1199,0.2986850810864095
2025-08-14 10:00:00,0.0675699999999999,0.53,25.0,2.9,0.1199,0.4228970976632207
2025-08-14 11:00:00,0.05409,3.42,22.0,2.9,0.1199,0.5917488286151077
2025-08-14 12:00:00,0.04102,3.42,60.7,2.9,0.1199,0.7034684743006555
2025-08-14 13:00:00,0.0549,3.42,113.0,2.9,0.1199,0.7546062768487718
2025-08-14 14:00:00,0.06943,0.58,133.0,2.9,0.1199,0.7406782528047662
2025-08-14 15:00:00,0.0789899999999999,0.58,117.0,2.9,0.1199,0.5422616237462343
2025-08-14 16:00:00,0.09722,0.58,58.6,2.9,0.1199,0.4122921466457794
2025-08-14 17:00:00,0.11554,0.33,99.2,2.9,0.1199,0.1893107489090176
2025-08-14 18:00:00,0.2338,0.33,55.7,2.9,0.1199,0.0021389818507954
2025-08-14 19:00:00,0.28389,0.33,73.7,2.9,0.1199,0.0
2025-08-14 20:00:00,0.15584,0.66,61.6,2.9,0.1199,0.0
2025-08-14 21:00:00,0.12071,0.66,25.7,2.9,0.1199,0.0
2025-08-14 22:00:00,0.10595,0.66,6.07,2.9,0.1199,0.0
2025-08-14 23:00:00,0.09959,0.38,0.5,2.9,0.1199,0.0
2025-08-15 00:00:00,0.09897,0.38,0.0,2.9,0.1199,0.0
2025-08-15 01:00:00,0.0939,0.38,0.0,2.9,0.1199,0.0
2025-08-15 02:00:00,0.09033,1.15,0.0,2.9,0.1199,0.0
2025-08-15 03:00:00,0.092,1.15,0.0,2.9,0.1199,0.0
2025-08-15 04:00:00,0.09691,1.15,0.0,2.9,0.1199,0.0
2025-08-15 05:00:00,0.10166,0.28,0.0,2.9,0.1199,0.0
2025-08-15 06:00:00,0.10131,0.28,0.0,2.9,0.1199,0.0
2025-08-15 07:00:00,0.0965999999999999,0.28,0.0,2.9,0.1199,0.0753270653468482
2025-08-15 08:00:00,0.08347,0.39,1.2,2.9,0.1199,0.3026261552687981
2025-08-15 09:00:00,0.0439,0.39,6.75,2.9,0.1199,0.5276619250206478
2025-08-15 10:00:00,0.003,0.39,21.2,2.9,0.1199,0.6966062965167592
2025-08-15 11:00:00,8e-05,0.71,48.9,2.9,0.1199,0.8113383639931766
2025-08-15 12:00:00,0.0,0.71,85.1,2.9,0.1199,0.8633398616951006
2025-08-15 13:00:00,0.0,0.71,116.0,2.9,0.1199,0.8500580724152486
2025-08-15 14:00:00,0.00172,0.88,129.0,2.9,0.1199,0.776207655895289
2025-08-15 15:00:00,0.02766,0.88,147.0,2.9,0.1199,0.6408492224121645
2025-08-15 16:00:00,0.0779599999999999,0.88,150.0,2.9,0.1199,0.4490511072401031
2025-08-15 17:00:00,0.10589,1.41,137.0,2.9,0.1199,0.230002109758439
2025-08-15 18:00:00,0.11438,1.41,133.0,2.9,0.1199,0.0181250972722695
2025-08-15 19:00:00,0.12401,1.41,112.0,2.9,0.1199,0.0
2025-08-15 20:00:00,0.1115,0.37,72.3,2.9,0.1199,0.0
2025-08-15 21:00:00,0.1059399999999999,0.37,24.2,2.9,0.1199,0.0
2025-08-15 22:00:00,0.0959599999999999,0.37,4.93,2.9,0.1199,0.0
2025-08-15 23:00:00,0.09611,0.28,0.2,2.9,0.1199,0.0
2025-08-16 00:00:00,0.09092,0.28,0.0,2.9,0.1199,0.0
2025-08-16 01:00:00,0.08978,0.28,0.0,2.9,0.1199,0.0
2025-08-16 02:00:00,0.08535,0.43,0.0,2.9,0.1199,0.0
2025-08-16 03:00:00,0.08405,0.43,0.0,2.9,0.1199,0.0
2025-08-16 04:00:00,0.08709,0.43,0.0,2.9,0.1199,0.0
2025-08-16 05:00:00,0.09101,0.12,0.0,2.9,0.1199,0.0
2025-08-16 06:00:00,0.09002,0.12,0.0,2.9,0.1199,0.0
2025-08-16 07:00:00,0.0809899999999999,0.12,0.0,2.9,0.1199,0.0
2025-08-16 08:00:00,0.06794,0.02,0.0,2.9,0.1199,0.0120577367070204
2025-08-16 09:00:00,0.02512,0.02,4.1,2.9,0.1199,0.1820068214495344
2025-08-16 10:00:00,0.0038,0.02,15.5,2.9,0.1199,0.3696465553751786
2025-08-16 11:00:00,0.00017,1.04,16.1,2.9,0.1199,0.3877666311354641
2025-08-16 12:00:00,-1e-05,1.04,25.1,2.9,0.1199,0.3812211204685959
2025-08-16 13:00:00,-1e-05,1.04,27.4,2.9,0.1199,0.3843626092314981
2025-08-16 14:00:00,-1e-05,0.42,30.2,2.9,0.1199,0.2438223573378668
2025-08-16 15:00:00,0.0007099999999999,0.42,33.0,2.9,0.1199,0.1360331119476535
2025-08-16 16:00:00,0.01621,0.42,27.1,2.9,0.1199,0.1740680921284942
2025-08-16 17:00:00,0.06992,0.36,28.8,2.9,0.1199,0.0538745113112718
2025-08-16 18:00:00,0.095,0.36,31.9,2.9,0.1199,0.0
2025-08-16 19:00:00,0.10262,0.36,16.2,2.9,0.1199,0.0
2025-08-16 20:00:00,0.10061,0.38,12.7,2.9,0.1199,0.0
2025-08-16 21:00:00,0.095,0.38,6.35,2.9,0.1199,0.0
2025-08-16 22:00:00,0.09,0.38,1.42,2.9,0.1199,0.0
2025-08-16 23:00:00,0.09128,3.1,0.0,2.9,0.1199,0.0
2025-08-17 00:00:00,0.08534,3.1,0.0,2.9,0.1199,0.0
2025-08-17 01:00:00,0.0868599999999999,3.1,0.0,2.9,0.1199,0.0
2025-08-17 02:00:00,0.08663,13.72,0.0,2.9,0.1199,0.0
2025-08-17 03:00:00,0.08773,13.72,0.0,2.9,0.1199,0.0
2025-08-17 04:00:00,0.08993,13.72,0.0,2.9,0.1199,0.0
2025-08-17 05:00:00,0.08989,12.5,0.0,2.9,0.1199,0.0
2025-08-17 06:00:00,0.08103,12.5,0.0,2.9,0.1199,0.0
2025-08-17 07:00:00,0.0762399999999999,12.5,0.0,2.9,0.1199,0.0
2025-08-17 08:00:00,0.03259,2.2,1.1,2.9,0.1199,0.1289200629359713
2025-08-17 09:00:00,0.00996,2.2,4.93,2.9,0.1199,0.2581087660497402
2025-08-17 10:00:00,0.0001,2.2,18.8,2.9,0.1199,0.369223623255509
2025-08-17 11:00:00,-0.0002,1.36,55.3,2.9,0.1199,0.3958139965591156
2025-08-17 12:00:00,-0.00093,1.36,86.8,2.9,0.1199,0.3570212964813595
2025-08-17 13:00:00,-0.00125,1.36,125.0,2.9,0.1199,0.4299946720646384
2025-08-17 14:00:00,0.00065,0.08,108.0,2.9,0.1199,0.3596139576194078
2025-08-17 15:00:00,0.01381,0.08,117.0,2.9,0.1199,0.1228114776524729
2025-08-17 16:00:00,0.0724,0.08,96.7,2.9,0.1199,0.0
2025-08-17 17:00:00,0.09669,0.53,85.6,2.9,0.1199,0.0
2025-08-17 18:00:00,0.11,0.53,77.6,2.9,0.1199,0.0
2025-08-17 19:00:00,0.11066,0.53,38.1,2.9,0.1199,0.0
2025-08-17 20:00:00,0.11014,0.06,17.9,2.9,0.1199,0.0
2025-08-17 21:00:00,0.1051,0.06,9.35,2.9,0.1199,0.0
2025-08-17 22:00:00,0.10254,0.06,2.35,2.9,0.1199,0.0
2025-08-17 23:00:00,0.0919899999999999,0.41,0.0,2.9,0.1199,0.0
2025-08-18 00:00:00,0.08713,0.41,0.0,2.9,0.1199,0.0
2025-08-18 01:00:00,0.08433,0.41,0.0,2.9,0.1199,0.0
2025-08-18 02:00:00,0.08385,2.16,0.0,2.9,0.1199,0.0
2025-08-18 03:00:00,0.08946,2.16,0.0,2.9,0.1199,0.0
2025-08-18 04:00:00,0.09927,2.16,0.0,2.9,0.1199,0.0
2025-08-18 05:00:00,0.11851,6.02,0.0,2.9,0.1199,0.0
2025-08-18 06:00:00,0.13013,6.02,0.0,2.9,0.1199,0.0
2025-08-18 07:00:00,0.10987,6.02,0.0,2.9,0.1199,0.0307563747074032
2025-08-18 08:00:00,0.08884,0.51,0.9,2.9,0.1199,0.257693768912436
2025-08-18 09:00:00,0.07206,0.51,4.25,2.9,0.1199,0.4884542837143378
2025-08-18 10:00:00,0.04593,0.51,17.0,2.9,0.1199,0.6157194968232013
2025-08-18 11:00:00,0.02004,0.17,53.3,2.9,0.1199,0.7118242035308859
2025-08-18 12:00:00,0.01423,0.17,92.6,2.9,0.1199,0.8367082424949775
2025-08-18 13:00:00,0.01834,0.17,87.3,2.9,0.1199,0.8219105740169215
2025-08-18 14:00:00,0.05456,1.36,133.0,2.9,0.1199,0.7396166632234443
2025-08-18 15:00:00,0.07094,1.36,153.0,2.9,0.1199,0.5942366439766533
2025-08-18 16:00:00,0.09032,1.36,157.0,2.9,0.1199,0.4087335448935498
2025-08-18 17:00:00,0.10987,0.58,150.0,2.9,0.1199,0.1963937613043878
2025-08-18 18:00:00,0.1855,0.58,134.0,2.9,0.1199,0.0
2025-08-18 19:00:00,0.1974199999999999,0.58,108.0,2.9,0.1199,0.0
2025-08-18 20:00:00,0.12467,0.55,71.3,2.9,0.1199,0.0
2025-08-18 21:00:00,0.1074899999999999,0.55,29.9,2.9,0.1199,0.0
2025-08-18 22:00:00,0.102,0.55,4.38,2.9,0.1199,0.0
2025-08-18 23:00:00,0.10101,0.95,0.1,2.9,0.1199,0.0
2025-08-19 00:00:00,0.0948199999999999,0.95,0.0,2.9,0.1199,0.0
2025-08-19 01:00:00,0.0882,0.95,0.0,2.9,0.1199,0.0
2025-08-19 02:00:00,0.08637,4.38,0.0,2.9,0.1199,0.0
2025-08-19 03:00:00,0.09009,4.38,0.0,2.9,0.1199,0.0
2025-08-19 04:00:00,0.1025,4.38,0.0,2.9,0.1199,0.0
2025-08-19 05:00:00,0.1110999999999999,9.3,0.0,2.9,0.1199,0.0
2025-08-19 06:00:00,0.10995,9.3,0.0,2.9,0.1199,0.0
2025-08-19 07:00:00,0.09805,9.3,0.0,2.9,0.1199,0.0892080535434893
2025-08-19 08:00:00,0.08857,0.8,0.7000000000000001,2.9,0.1199,0.3177231403032816
2025-08-19 09:00:00,0.06964,0.8,4.15,2.9,0.1199,0.5253177572247987
2025-08-19 10:00:00,0.04323,0.8,16.3,2.9,0.1199,0.6935904753434533
2025-08-19 11:00:00,0.02285,0.86,52.4,2.9,0.1199,0.8054499164533147
2025-08-19 12:00:00,0.00897,0.86,93.0,2.9,0.1199,0.8524849142791189
2025-08-19 13:00:00,0.01526,0.86,123.0,2.9,0.1199,0.8214738142843862
2025-08-19 14:00:00,0.03089,0.28,144.0,2.9,0.1199,0.7172651861887726
2025-08-19 15:00:00,0.0606,0.28,153.0,2.9,0.1199,0.5032932406611886
2025-08-19 16:00:00,0.09148,0.28,145.0,2.9,0.1199,0.3497055978365647
2025-08-19 17:00:00,0.10191,0.88,134.0,2.9,0.1199,0.1766058654659515
2025-08-19 18:00:00,0.12051,0.88,126.0,2.9,0.1199,0.0
2025-08-19 19:00:00,0.12862,0.88,105.0,2.9,0.1199,0.0
2025-08-19 20:00:00,0.11106,0.77,61.5,2.9,0.1199,0.0
2025-08-19 21:00:00,0.10441,0.77,25.3,2.9,0.1199,0.0
2025-08-19 22:00:00,0.0972,0.77,5.45,2.9,0.1199,0.0
2025-08-19 23:00:00,0.0977,0.96,0.0,2.9,0.1199,0.0
2025-08-20 00:00:00,0.09318,0.96,0.0,2.9,0.1199,0.0
2025-08-20 01:00:00,0.08764,0.96,0.0,2.9,0.1199,0.0
2025-08-20 02:00:00,0.08578,1.1,0.0,2.9,0.1199,0.0
2025-08-20 03:00:00,0.0896599999999999,1.1,0.0,2.9,0.1199,0.0
2025-08-20 04:00:00,0.0988,1.1,0.0,2.9,0.1199,0.0
2025-08-20 05:00:00,0.10884,6.14,0.0,2.9,0.1199,0.0
2025-08-20 06:00:00,0.11012,6.14,0.0,2.9,0.1199,0.0
2025-08-20 07:00:00,0.10391,6.14,0.0,2.9,0.1199,0.0
2025-08-20 08:00:00,0.0900499999999999,3.59,0.2,2.9,0.1199,0.0
2025-08-20 09:00:00,0.08098,3.59,2.75,2.9,0.1199,0.1992696330153304
2025-08-20 10:00:00,0.06906,3.59,9.03,2.9,0.1199,0.4245566608146389
2025-08-20 11:00:00,0.04907,0.58,19.0,2.9,0.1199,0.5993759692559721
2025-08-20 12:00:00,0.035,0.58,50.3,2.9,0.1199,0.511379436288924
2025-08-20 13:00:00,0.04203,0.58,103.0,2.9,0.1199,0.7483702536616258
2025-08-20 14:00:00,0.07302,0.63,138.0,2.9,0.1199,0.671527724752313
2025-08-20 15:00:00,0.08145,0.63,150.0,2.9,0.1199,0.5218553899737752
2025-08-20 16:00:00,0.10169,0.63,151.0,2.9,0.1199,0.357770094711162
2025-08-20 17:00:00,0.10916,0.38,145.0,2.9,0.1199,0.1447033662567345
2025-08-20 18:00:00,0.13515,0.38,119.0,2.9,0.1199,0.0
2025-08-20 19:00:00,0.12611,0.38,69.7,2.9,0.1199,0.0
2025-08-20 20:00:00,0.11495,0.14,49.0,2.9,0.1199,0.0
2025-08-20 21:00:00,0.10349,0.14,24.9,2.9,0.1199,0.0
2025-08-20 22:00:00,0.09734,0.14,4.13,2.9,0.1199,0.0
2025-08-20 23:00:00,0.09611,1.62,0.0,2.9,0.1199,0.0
2025-08-21 00:00:00,0.09073,1.62,0.0,2.9,0.1199,0.0
2025-08-21 01:00:00,0.08752,1.62,0.0,2.9,0.1199,0.0
2025-08-21 02:00:00,0.0908799999999999,4.71,0.0,2.9,0.1199,0.0
2025-08-21 03:00:00,0.09237,4.71,0.0,2.9,0.1199,0.0
2025-08-21 04:00:00,0.10859,4.71,0.0,2.9,0.1199,0.0
2025-08-21 05:00:00,0.1156,9.08,0.0,2.9,0.1199,0.0
2025-08-21 06:00:00,0.11689,9.08,0.0,2.9,0.1199,0.0
2025-08-21 07:00:00,0.10779,9.08,0.0,2.9,0.1199,0.0228753083536269
2025-08-21 08:00:00,0.0973199999999999,2.48,0.2,2.9,0.1199,0.240455101504391
2025-08-21 09:00:00,0.08585,2.48,5.85,2.9,0.1199,0.4662045094515386
2025-08-21 10:00:00,0.07764,2.48,19.5,2.9,0.1199,0.6286443259165518
2025-08-21 11:00:00,0.06949,0.36,47.1,2.9,0.1199,0.5772143098286104
2025-08-21 12:00:00,0.06609,0.36,77.4,2.9,0.1199,0.4688918747682371
2025-08-21 13:00:00,0.05626,0.36,118.0,2.9,0.1199,0.3381677925510831
2025-08-21 14:00:00,0.0682,0.18,154.0,2.9,0.1199,0.3502392082675551
2025-08-21 15:00:00,0.07239,0.18,118.0,2.9,0.1199,0.2457681806764912
2025-08-21 16:00:00,0.0928799999999999,0.18,103.0,2.9,0.1199,0.212198312570693
2025-08-21 17:00:00,0.1032,0.2,110.0,2.9,0.1199,0.0541887461523936
2025-08-21 18:00:00,0.10639,0.2,100.0,2.9,0.1199,0.0
2025-08-21 19:00:00,0.11073,0.2,98.1,2.9,0.1199,0.0
2025-08-21 20:00:00,0.11073,0.58,62.3,2.9,0.1199,0.0
2025-08-21 21:00:00,0.105,0.58,15.6,2.9,0.1199,0.0
2025-08-21 22:00:00,0.09578,0.58,3.48,2.9,0.1199,0.0
2025-08-21 23:00:00,0.08927,4.44,0.0,2.9,0.1199,0.0
2025-08-22 00:00:00,0.08199,4.44,0.0,2.9,0.1199,0.0
2025-08-22 01:00:00,0.07859,4.44,0.0,2.9,0.1199,0.0
2025-08-22 02:00:00,0.0775199999999999,9.61,0.0,2.9,0.1199,0.0
2025-08-22 03:00:00,0.07765,9.61,0.0,2.887182128906252,0.1199,0.0
2025-08-22 04:00:00,0.0879,9.61,0.0,2.858712890625002,0.1199,0.0
2025-08-22 05:00:00,0.10576,6.47,0.0,2.9,0.1199,0.0
2025-08-22 06:00:00,0.10745,6.47,0.0,2.9,0.1199,0.0
2025-08-22 07:00:00,0.10232,6.47,0.0,2.9,0.1199,0.0
2025-08-22 08:00:00,0.09002,2.54,0.2,2.9,0.1199,0.0006651993861883
2025-08-22 09:00:00,0.07244,2.54,4.05,2.9,0.1199,0.2742945083545174
2025-08-22 10:00:00,0.0425,2.54,13.3,2.9,0.1199,0.4075842982854039
2025-08-22 11:00:00,0.01407,0.67,31.2,2.9,0.1199,0.3105217322775335
2025-08-22 12:00:00,0.0038399999999999,0.67,41.8,2.9,0.1199,0.2217441954861712
2025-08-22 13:00:00,2e-05,0.67,62.3,2.9,0.1199,0.1764407975349599
2025-08-22 14:00:00,0.00401,0.05,53.2,2.9,0.1199,0.0943900589425132
2025-08-22 15:00:00,0.04064,0.05,55.5,2.9,0.1199,0.0
2025-08-22 16:00:00,0.07314,0.05,51.9,2.9,0.1199,0.0364173770062619
2025-08-22 17:00:00,0.09517,1.73,66.1,2.9,0.1199,0.0
2025-08-22 18:00:00,0.10607,1.73,48.4,2.9,0.1199,0.0
2025-08-22 19:00:00,0.113,1.73,21.0,2.9,0.1199,0.0
2025-08-22 20:00:00,0.1076299999999999,3.12,5.93,2.9,0.1199,0.0
2025-08-22 21:00:00,0.10309,3.12,6.95,2.9,0.1199,0.0
2025-08-22 22:00:00,0.09437,3.12,2.97,2.9,0.1199,0.0
2025-08-22 23:00:00,0.09533,4.14,0.0,2.9,0.1199,0.0
2025-08-23 00:00:00,0.08932,4.14,0.0,2.9,0.1199,0.0
2025-08-23 01:00:00,0.08776,4.14,0.0,2.9,0.1199,0.0
2025-08-23 02:00:00,0.08521,5.35,0.0,2.9,0.1199,0.0
2025-08-23 03:00:00,0.08556,5.35,0.0,2.9,0.1199,0.0
2025-08-23 04:00:00,0.0856,5.35,0.0,2.9,0.1199,0.0
2025-08-23 05:00:00,0.08667,3.59,0.0,2.9,0.1199,0.0
2025-08-23 06:00:00,0.08678,3.59,0.0,2.9,0.1199,0.0
2025-08-23 07:00:00,0.0835699999999999,3.59,0.0,2.9,0.1199,0.0
2025-08-23 08:00:00,0.0629,2.19,0.0,2.9,0.1199,0.0
2025-08-23 09:00:00,0.01469,2.19,2.17,2.9,0.1199,0.0
2025-08-23 10:00:00,0.00329,2.19,5.25,2.9,0.1199,0.0
2025-08-23 11:00:00,0.00132,0.33,10.9,2.9,0.1199,0.0
2025-08-23 12:00:00,6e-05,0.33,29.2,2.9,0.1199,0.0622815558877149
2025-08-23 13:00:00,7.000000000000001e-05,0.33,62.5,2.9,0.1199,0.1982451464750823
2025-08-23 14:00:00,0.00352,0.06,59.2,2.9,0.1199,0.3379116083685787
2025-08-23 15:00:00,0.0121,0.06,63.6,2.9,0.1199,0.1944923250127722
2025-08-23 16:00:00,0.07219,0.06,46.1,2.9,0.1199,0.035589186591042
2025-08-23 17:00:00,0.10031,0.0,49.9,2.9,0.1199,0.0
2025-08-23 18:00:00,0.11222,0.0,80.1,2.9,0.1199,0.0
2025-08-23 19:00:00,0.12367,0.0,62.3,2.9,0.1199,0.0
2025-08-23 20:00:00,0.12043,3.04,62.9,2.9,0.1199,0.0
2025-08-23 21:00:00,0.11116,3.04,21.0,2.9,0.1199,0.0
2025-08-23 22:00:00,0.10528,3.04,3.22,2.9,0.1199,0.0
2025-08-23 23:00:00,0.1005,7.2,0.0,2.9,0.1199,0.0
2025-08-24 00:00:00,0.0951299999999999,7.2,0.0,2.9,0.1199,0.0
2025-08-24 01:00:00,0.09441,7.2,0.0,2.9,0.1199,0.0
2025-08-24 02:00:00,0.0921299999999999,9.38,0.0,2.9,0.1199,0.0
2025-08-24 03:00:00,0.0912,9.38,0.0,2.9,0.1199,0.0
2025-08-24 04:00:00,0.09097,9.38,0.0,2.887372558593752,0.1199,0.0
2025-08-24 05:00:00,0.09,8.75,0.0,2.9,0.1199,0.0
2025-08-24 06:00:00,0.08501,8.75,0.0,2.9,0.1199,0.0
2025-08-24 07:00:00,0.07284,8.75,0.0,2.9,0.1199,0.0150416767731701
2025-08-24 08:00:00,0.0048,1.56,0.1,2.9,0.1199,0.2237110177920089
2025-08-24 09:00:00,-1e-05,1.56,4.68,2.9,0.1199,0.4351293267258371
2025-08-24 10:00:00,-7.000000000000001e-05,1.56,18.3,2.9,0.1199,0.48002997406035
2025-08-24 11:00:00,-0.00198,0.53,60.5,2.9,0.1199,0.471429016548145
2025-08-24 12:00:00,-0.00745,0.53,94.4,2.9,0.1199,0.584725734794469
2025-08-24 13:00:00,-0.0074,0.53,111.0,2.9,0.1199,0.5763153904775207
2025-08-24 14:00:00,-0.0001,0.33,138.0,2.9,0.1199,0.5572443277670083
2025-08-24 15:00:00,0.0,0.33,130.0,2.9,0.1199,0.5307267705283754
2025-08-24 16:00:00,0.06336,0.33,113.0,2.9,0.1199,0.3114553938516168
2025-08-24 17:00:00,0.09981,0.7,127.0,2.9,0.1199,0.1085256445983166
2025-08-24 18:00:00,0.1105,0.7,94.7,2.9,0.1199,0.0
2025-08-24 19:00:00,0.11731,0.7,109.0,2.9,0.1199,0.0
2025-08-24 20:00:00,0.1143199999999999,3.38,68.8,2.9,0.1199,0.0
2025-08-24 21:00:00,0.1075,3.38,26.6,2.9,0.1199,0.0
2025-08-24 22:00:00,0.10052,3.38,2.72,2.871244628906252,0.1199,0.0
2025-08-24 23:00:00,0.09528,7.34,0.0,2.812255371093752,0.1199,0.0
2025-08-25 00:00:00,0.08703,7.34,0.0,2.750375488281252,0.1199,0.0
2025-08-25 01:00:00,0.08402,7.34,0.0,2.703197753906252,0.1199,0.0
2025-08-25 02:00:00,0.0829,10.11,0.0,2.671969726562502,0.1199,0.0
2025-08-25 03:00:00,0.0834599999999999,10.11,0.0,2.634567382812502,0.1199,0.0
2025-08-25 04:00:00,0.10246,10.11,0.0,2.608744628906252,0.1199,0.0
2025-08-25 05:00:00,0.11538,9.89,0.0,2.796615722656252,0.1199,0.0
2025-08-25 06:00:00,0.125,9.89,0.0,2.9,0.1199,0.0
2025-08-25 07:00:00,0.11004,9.89,0.0,2.9,0.1199,0.0282787237912688
2025-08-25 08:00:00,0.09197,2.13,0.3,2.9,0.1199,0.2658923636825511
2025-08-25 09:00:00,0.07298,2.13,5.63,2.9,0.1199,0.4745168123629026
2025-08-25 10:00:00,0.03502,2.13,20.1,2.9,0.1199,0.6158353420472592
2025-08-25 11:00:00,0.01,0.14,50.9,2.9,0.1199,0.7405460208138974
2025-08-25 12:00:00,0.0059299999999999,0.14,93.2,2.9,0.1199,0.7994537469124909
2025-08-25 13:00:00,0.00678,0.14,107.0,2.9,0.1199,0.7745140207899168
2025-08-25 14:00:00,0.0252,0.67,146.0,2.9,0.1199,0.6879776793043919
2025-08-25 15:00:00,0.05643,0.67,147.0,2.9,0.1199,0.5486632338839613
2025-08-25 16:00:00,0.08667,0.67,157.0,2.9,0.1199,0.351302788503203
2025-08-25 17:00:00,0.11154,0.11,146.0,2.9,0.1199,0.1361256786843007
2025-08-25 18:00:00,0.15903,0.11,129.0,2.9,0.1199,0.0
2025-08-25 19:00:00,0.23282,0.11,102.0,2.9,0.1199,0.0
2025-08-25 20:00:00,0.13804,0.58,64.3,2.9,0.1199,0.0
2025-08-25 21:00:00,0.11504,0.58,23.9,2.9,0.1199,0.0
2025-08-25 22:00:00,0.10515,0.58,3.33,2.9,0.1199,0.0
2025-08-25 23:00:00,0.1057999999999999,3.34,0.0,2.9,0.1199,0.0
2025-08-26 00:00:00,0.10044,3.34,0.0,2.9,0.1199,0.0
2025-08-26 01:00:00,0.09658,3.34,0.0,2.9,0.1199,0.0
2025-08-26 02:00:00,0.09479,2.93,0.0,2.9,0.1199,0.0
2025-08-26 03:00:00,0.09627,2.93,0.0,2.9,0.1199,0.0
2025-08-26 04:00:00,0.1066,2.93,0.0,2.9,0.1199,0.0
2025-08-26 05:00:00,0.12459,6.56,0.0,2.9,0.1199,0.0
2025-08-26 06:00:00,0.12345,6.56,0.0,2.9,0.1199,0.0
2025-08-26 07:00:00,0.10679,6.56,0.0,2.9,0.1199,0.0406972872538878
2025-08-26 08:00:00,0.09,1.34,0.1,2.9,0.1199,0.2467065959458864
2025-08-26 09:00:00,0.07747,1.34,4.28,2.9,0.1199,0.4533018557689627
2025-08-26 10:00:00,0.0616,1.34,17.9,2.9,0.1199,0.5971959827937229
2025-08-26 11:00:00,0.04195,0.83,48.5,2.9,0.1199,0.7314871280756846
2025-08-26 12:00:00,0.02628,0.83,86.9,2.9,0.1199,0.7676497979179383
2025-08-26 13:00:00,0.03805,0.83,120.0,2.9,0.1199,0.7062220687520245
2025-08-26 14:00:00,0.07239,0.69,135.0,2.9,0.1199,0.586127570820355
2025-08-26 15:00:00,0.08826,0.69,143.0,2.9,0.1199,0.3465585285844393
2025-08-26 16:00:00,0.1050499999999999,0.69,135.0,2.9,0.1199,0.0943366905750901
2025-08-26 17:00:00,0.13109,0.22,92.9,2.9,0.1199,0.0
2025-08-26 18:00:00,0.19688,0.22,40.7,2.9,0.1199,0.0
2025-08-26 19:00:00,0.18017,0.22,14.9,2.9,0.1199,0.0
2025-08-26 20:00:00,0.1232999999999999,0.45,25.1,2.9,0.1199,0.0
2025-08-26 21:00:00,0.10947,0.45,16.8,2.9,0.1199,0.0
2025-08-26 22:00:00,0.09767,0.45,2.63,2.9,0.1199,0.0
2025-08-26 23:00:00,0.09659,0.08,0.0,2.9,0.1199,0.0
2025-08-27 00:00:00,0.08998,0.08,0.0,2.9,0.1199,0.0
2025-08-27 01:00:00,0.08652,0.08,0.0,2.9,0.1199,0.0
2025-08-27 02:00:00,0.08725,0.65,0.0,2.9,0.1199,0.0
2025-08-27 03:00:00,0.09,0.65,0.0,2.9,0.1199,0.0
2025-08-27 04:00:00,0.09773,0.65,0.0,2.9,0.1199,0.0
2025-08-27 05:00:00,0.11,1.35,0.0,2.9,0.1199,0.0
2025-08-27 06:00:00,0.11519,1.35,0.0,2.9,0.1199,0.0
2025-08-27 07:00:00,0.11364,1.35,0.0,2.9,0.1199,0.0
2025-08-27 08:00:00,0.10163,0.5,0.0,2.9,0.1199,0.0390043435993222
2025-08-27 09:00:00,0.086,0.5,5.0,2.9,0.1199,0.1841800923831424
2025-08-27 10:00:00,0.07929,0.5,20.0,2.9,0.1199,0.2767061986485892
2025-08-27 11:00:00,0.0643799999999999,1.17,41.0,2.9,0.1199,0.4189352774864327
2025-08-27 12:00:00,0.05068,1.17,58.1,2.9,0.1199,0.265461534915916
2025-08-27 13:00:00,0.05094,1.17,111.0,2.9,0.1199,0.2411241784111961
2025-08-27 14:00:00,0.07618,0.69,108.0,2.9,0.1199,0.1685399957846626
2025-08-27 15:00:00,0.0851,0.69,86.3,2.9,0.1199,0.1494630077853891
2025-08-27 16:00:00,0.1049399999999999,0.69,59.1,2.9,0.1199,0.1828472591958426
2025-08-27 17:00:00,0.13463,0.96,69.5,2.9,0.1199,0.0463596198304391
2025-08-27 18:00:00,0.22207,0.96,86.9,2.9,0.1199,0.0
2025-08-27 19:00:00,0.22204,0.96,86.0,2.9,0.1199,0.0
2025-08-27 20:00:00,0.12887,0.5,24.6,2.9,0.1199,0.0
2025-08-27 21:00:00,0.11363,0.5,5.4,2.9,0.1199,0.0
2025-08-27 22:00:00,0.10357,0.5,1.05,2.9,0.1199,0.0
2025-08-27 23:00:00,0.09715,0.1,0.0,2.9,0.1199,0.0
2025-08-28 00:00:00,0.09192,0.1,0.0,2.9,0.1199,0.0
2025-08-28 01:00:00,0.08789,0.1,0.0,2.9,0.1199,0.0
2025-08-28 02:00:00,0.08709,0.0,0.0,2.9,0.1199,0.0
2025-08-28 03:00:00,0.09023,0.0,0.0,2.9,0.1199,0.0
2025-08-28 04:00:00,0.09872,0.0,0.0,2.9,0.1199,0.0
2025-08-28 05:00:00,0.12163,0.06,0.0,2.9,0.1199,0.0
2025-08-28 06:00:00,0.14379,0.06,0.0,2.9,0.1199,0.0
2025-08-28 07:00:00,0.14395,0.06,0.0,2.9,0.1199,0.0
2025-08-28 08:00:00,0.12184,0.07,0.0,2.9,0.1199,0.0
2025-08-28 09:00:00,0.11227,0.07,0.0,2.9,0.1199,0.1486299280501603
2025-08-28 10:00:00,0.1081299999999999,0.07,0.0,2.9,0.1199,0.301881995668624
2025-08-28 11:00:00,0.10089,0.22,0.0,2.9,0.1199,0.3421819763712166
2025-08-28 12:00:00,0.10096,0.22,0.0,2.9,0.1199,0.2954108224626435
2025-08-28 13:00:00,0.10089,0.22,0.0,2.9,0.1199,0.3644778354858832
2025-08-28 14:00:00,0.10066,1.09,0.0,2.9,0.1199,0.2726648322309558
2025-08-28 15:00:00,0.0960999999999999,1.09,0.0,2.9,0.1199,0.2076696528117134
2025-08-28 16:00:00,0.12984,1.09,0.0,2.9,0.1199,0.1444876385093953
2025-08-28 17:00:00,0.16085,0.63,0.0,2.9,0.1199,0.00018186491722
2025-08-28 18:00:00,0.21,0.63,0.0,2.9,0.1199,0.0
2025-08-28 19:00:00,0.15316,0.63,0.0,2.9,0.1199,0.0
2025-08-28 20:00:00,0.12418,1.29,0.0,2.9,0.1199,0.0
2025-08-28 21:00:00,0.10711,1.29,0.0,2.9,0.1199,0.0
2025-08-28 22:00:00,0.09215,1.29,0.0,2.9,0.1199,0.0
2025-08-28 23:00:00,0.08504,3.73,0.0,2.9,0.1199,0.0
2025-08-29 00:00:00,0.08327,3.73,0.0,2.9,0.1199,0.0
2025-08-29 01:00:00,0.0831,3.73,0.0,2.9,0.1199,0.0
2025-08-29 02:00:00,0.08159,5.97,0.0,2.9,0.1199,0.0
2025-08-29 03:00:00,0.08301,5.97,0.0,2.9,0.1199,0.0
2025-08-29 04:00:00,0.091,5.97,0.0,2.9,0.1199,0.0
2025-08-29 05:00:00,0.11755,5.75,0.0,2.9,0.1199,0.0
2025-08-29 06:00:00,0.12139,5.75,0.0,2.9,0.1199,0.0
2025-08-29 07:00:00,0.12,5.75,0.0,2.9,0.1199,0.014554551586112
2025-08-29 08:00:00,0.11036,0.25,0.0,2.9,0.1199,0.2273853204634454
2025-08-29 09:00:00,0.08425,0.25,2.03,2.9,0.1199,0.4517194453317526
2025-08-29 10:00:00,0.07808,0.25,19.6,2.9,0.1199,0.5841704736751354
2025-08-29 11:00:00,0.06744,0.33,50.8,2.9,0.1199,0.583407779392739
2025-08-29 12:00:00,0.05396,0.33,93.3,2.9,0.1199,0.4579945330401904
2025-08-29 13:00:00,0.05964,0.33,115.0,2.9,0.1199,0.4460079950664857
2025-08-29 14:00:00,0.07306,0.07,99.2,2.9,0.1199,0.4190827501233279
2025-08-29 15:00:00,0.085,0.07,103.0,2.9,0.1199,0.2139839876126577
2025-08-29 16:00:00,0.10482,0.07,41.1,2.9,0.1199,0.0335670916028559
2025-08-29 17:00:00,0.11851,0.64,23.9,2.9,0.1199,0.0
2025-08-29 18:00:00,0.14768,0.64,23.5,2.9,0.1199,0.0
2025-08-29 19:00:00,0.1165,0.64,15.5,2.9,0.1199,0.0
2025-08-29 20:00:00,0.1119599999999999,0.74,33.3,2.9,0.1199,0.0
2025-08-29 21:00:00,0.0957,0.74,19.1,2.9,0.1199,0.0
2025-08-29 22:00:00,0.08607,0.74,2.75,2.9,0.1199,0.0
2025-08-29 23:00:00,0.0925,2.51,0.0,2.9,0.1199,0.0
2025-08-30 00:00:00,0.08656,2.51,0.0,2.9,0.1199,0.0
2025-08-30 01:00:00,0.0833,2.51,0.0,2.9,0.1199,0.0
2025-08-30 02:00:00,0.08151,3.82,0.0,2.9,0.1199,0.0
2025-08-30 03:00:00,0.08339,3.82,0.0,2.9,0.1199,0.0
2025-08-30 04:00:00,0.0877199999999999,3.82,0.0,2.9,0.1199,0.0
2025-08-30 05:00:00,0.09502,3.49,0.0,2.9,0.1199,0.0
2025-08-30 06:00:00,0.09809,3.49,0.0,2.9,0.1199,0.0
2025-08-30 07:00:00,0.08964,3.49,0.0,2.9,0.1199,0.0
2025-08-30 08:00:00,0.0785999999999999,0.53,0.0,2.9,0.1199,0.1179976769357122
2025-08-30 09:00:00,0.03646,0.53,3.03,2.9,0.1199,0.2219876855962829
2025-08-30 10:00:00,0.00523,0.53,14.2,2.9,0.1199,0.326571280931006
2025-08-30 11:00:00,0.0,0.12,32.8,2.9,0.1199,0.5843818355768329
2025-08-30 12:00:00,-1e-05,0.12,72.6,2.9,0.1199,0.5472076724847584
2025-08-30 13:00:00,-1e-05,0.12,85.1,2.9,0.1199,0.4146239786301075
2025-08-30 14:00:00,-0.00038,0.08,96.9,2.9,0.1199,0.2610328551821357
2025-08-30 15:00:00,0.00948,0.08,64.3,2.9,0.1199,0.3124893843509063
2025-08-30 16:00:00,0.0810999999999999,0.08,114.0,2.9,0.1199,0.151436764584057
2025-08-30 17:00:00,0.1039,0.03,74.8,2.9,0.1199,0.0227455027856221
2025-08-30 18:00:00,0.12707,0.03,116.0,2.9,0.1199,0.0
2025-08-30 19:00:00,0.1299799999999999,0.03,99.4,2.9,0.1199,0.0
2025-08-30 20:00:00,0.12039,0.5,66.2,2.9,0.1199,0.0
2025-08-30 21:00:00,0.1049399999999999,0.5,21.1,2.9,0.1199,0.0
2025-08-30 22:00:00,0.0902999999999999,0.5,0.933,2.9,0.1199,0.0
2025-08-30 23:00:00,0.08874,2.25,0.0,2.9,0.1199,0.0
2025-08-31 00:00:00,0.07891,2.25,0.0,2.9,0.1199,0.0
2025-08-31 01:00:00,0.07053,2.25,0.0,2.9,0.1199,0.0
2025-08-31 02:00:00,0.06702,3.05,0.0,2.9,0.1199,0.0
2025-08-31 03:00:00,0.06379,3.05,0.0,2.9,0.1199,0.0
2025-08-31 04:00:00,0.06456,3.05,0.0,2.9,0.1199,0.0
2025-08-31 05:00:00,0.065,2.05,0.0,2.9,0.1199,0.0
2025-08-31 06:00:00,0.06213,2.05,0.0,2.9,0.1199,0.0
2025-08-31 07:00:00,0.0223,2.05,0.0,2.9,0.1199,0.0
2025-08-31 08:00:00,0.0052,0.26,0.0,2.9,0.1199,0.0
2025-08-31 09:00:00,-1e-05,0.26,3.0,2.9,0.1199,0.0
2025-08-31 10:00:00,-2e-05,0.26,8.65,2.9,0.1199,0.0
2025-08-31 11:00:00,-0.00011,0.36,9.45,2.9,0.1199,0.1345924832788798
2025-08-31 12:00:00,-0.001,0.36,23.7,2.9,0.1199,0.0620372792364906
2025-08-31 13:00:00,-0.00061,0.36,93.9,2.9,0.1199,0.2732203958584073
2025-08-31 14:00:00,0.0,0.33,101.0,2.9,0.1199,0.2725896292565763
2025-08-31 15:00:00,0.02547,0.33,101.0,2.9,0.1199,0.2782390657653505
2025-08-31 16:00:00,0.0797399999999999,0.33,94.2,2.9,0.1199,0.121848747368357
2025-08-31 17:00:00,0.11759,0.2,70.4,2.9,0.1199,0.0
2025-08-31 18:00:00,0.1351,0.2,55.8,2.9,0.1199,0.0
2025-08-31 19:00:00,0.13207,0.2,20.5,2.9,0.1199,0.0
2025-08-31 20:00:00,0.11415,0.13,13.3,2.9,0.1199,0.0
2025-08-31 21:00:00,0.10263,0.13,9.03,2.9,0.1199,0.0
2025-08-31 22:00:00,0.08976,0.13,1.73,2.9,0.1199,0.0
2025-08-31 23:00:00,0.08408,0.0,0.0,2.9,0.1199,0.0
2025-09-01 00:00:00,0.08143,0.0,0.0,2.9,0.1199,0.0
2025-09-01 01:00:00,0.08097,0.0,0.0,2.9,0.1199,0.0
2025-09-01 02:00:00,0.08003,3.5,0.0,2.9,0.1199,0.0
2025-09-01 03:00:00,0.08137,3.5,0.0,2.9,0.1199,0.0
2025-09-01 04:00:00,0.09258,3.5,0.0,2.9,0.1199,0.0
2025-09-01 05:00:00,0.12043,3.37,0.0,2.9,0.1199,0.0
2025-09-01 06:00:00,0.12567,3.37,0.0,2.9,0.1199,0.0
2025-09-01 07:00:00,0.1161,3.37,0.0,2.9,0.1199,0.0
2025-09-01 08:00:00,0.09819,1.46,0.0,2.9,0.1199,0.0
2025-09-01 09:00:00,0.082,1.46,1.3,2.9,0.1199,0.0
2025-09-01 10:00:00,0.0694,1.46,9.85,2.9,0.1199,0.1568164512119047
2025-09-01 11:00:00,0.03827,0.03,27.1,2.9,0.1199,0.2189060169313436
2025-09-01 12:00:00,0.02503,0.03,25.4,2.9,0.1199,0.2503506875112011
2025-09-01 13:00:00,0.04273,0.03,22.0,2.9,0.1199,0.4997374234809906
2025-09-01 14:00:00,0.06776,0.13,80.4,2.9,0.1199,0.3898777002930451
2025-09-01 15:00:00,0.08467,0.13,121.0,2.9,0.1199,0.3414801212276053
2025-09-01 16:00:00,0.1097,0.13,104.0,2.9,0.1199,0.1681572108864277
2025-09-01 17:00:00,0.1553199999999999,0.28,125.0,2.9,0.1199,0.0
2025-09-01 18:00:00,0.25065,0.28,117.0,2.9,0.1199,0.0
2025-09-01 19:00:00,0.21056,0.28,105.0,2.9,0.1199,0.0
2025-09-01 20:00:00,0.1252,0.03,52.3,2.9,0.1199,0.0
2025-09-01 21:00:00,0.1124,0.03,17.9,2.9,0.1199,0.0
2025-09-01 22:00:00,0.10053,0.03,1.5,2.9,0.1199,0.0
2025-09-01 23:00:00,0.09501,1.68,0.0,2.9,0.1199,0.0
2025-09-02 00:00:00,0.09011,1.68,0.0,2.9,0.1199,0.0
2025-09-02 01:00:00,0.09084,1.68,0.0,2.9,0.1199,0.0
2025-09-02 02:00:00,0.0925,3.63,0.0,2.9,0.1199,0.0
2025-09-02 03:00:00,0.0948,3.63,0.0,2.9,0.1199,0.0
2025-09-02 04:00:00,0.10685,3.63,0.0,2.9,0.1199,0.0
2025-09-02 05:00:00,0.1343899999999999,4.54,0.0,2.9,0.1199,0.0
2025-09-02 06:00:00,0.15367,4.54,0.0,2.9,0.1199,0.0
2025-09-02 07:00:00,0.14748,4.54,0.0,2.9,0.1199,0.0
2025-09-02 08:00:00,0.1210499999999999,2.4,0.0,2.9,0.1199,0.1033248220233845
2025-09-02 09:00:00,0.10214,2.4,3.77,2.9,0.1199,0.236390301102912
2025-09-02 10:00:00,0.08466,2.4,13.0,2.9,0.1199,0.5174252457098196
2025-09-02 11:00:00,0.07894,0.17,49.6,2.9,0.1199,0.5736003257193911
2025-09-02 12:00:00,0.07973,0.17,84.9,2.9,0.1199,0.459294829656186
2025-09-02 13:00:00,0.07854,0.17,128.0,2.9,0.1199,0.4452831048280984
2025-09-02 14:00:00,0.08437,0.01,130.0,2.9,0.1199,0.3923044196847045
2025-09-02 15:00:00,0.095,0.01,158.0,2.9,0.1199,0.2994322069966013
2025-09-02 16:00:00,0.10897,0.01,117.0,2.9,0.1199,0.0956051069130103
2025-09-02 17:00:00,0.17316,0.19,112.0,2.9,0.1199,0.0
2025-09-02 18:00:00,0.31151,0.19,137.0,2.9,0.1199,0.0
2025-09-02 19:00:00,0.26379,0.19,71.0,2.9,0.1199,0.0
2025-09-02 20:00:00,0.14092,0.0,15.2,2.9,0.1199,0.0
2025-09-02 21:00:00,0.11047,0.0,5.9,2.9,0.1199,0.0
2025-09-02 22:00:00,0.09121,0.0,1.6,2.9,0.1199,0.0
2025-09-02 23:00:00,0.09725,0.68,0.0,2.9,0.1199,0.0
2025-09-03 00:00:00,0.09074,0.68,0.0,2.9,0.1199,0.0
2025-09-03 01:00:00,0.08595,0.68,0.0,2.9,0.1199,0.0
2025-09-03 02:00:00,0.08172,1.97,0.0,2.9,0.1199,0.0
2025-09-03 03:00:00,0.08123,1.97,0.0,2.9,0.1199,0.0
2025-09-03 04:00:00,0.08697,1.97,0.0,2.9,0.1199,0.0
2025-09-03 05:00:00,0.1032,1.08,0.0,2.9,0.1199,0.0
2025-09-03 06:00:00,0.11234,1.08,0.0,2.9,0.1199,0.0
2025-09-03 07:00:00,0.1091299999999999,1.08,0.0,2.9,0.1199,0.0
2025-09-03 08:00:00,0.0853,0.12,0.0,2.9,0.1199,0.115327244458607
2025-09-03 09:00:00,0.02904,0.12,3.53,2.9,0.1199,0.1441913394498128
2025-09-03 10:00:00,3e-05,0.12,17.6,2.9,0.1199,0.1025115768745442
2025-09-03 11:00:00,-0.0001,0.49,35.0,2.9,0.1199,0.2394307285737491
2025-09-03 12:00:00,-0.0001,0.49,31.4,2.9,0.1199,0.2675091098301243
2025-09-03 13:00:00,-0.00028,0.49,73.6,2.9,0.1199,0.2789191676858479
2025-09-03 14:00:00,0.0,0.36,103.0,2.9,0.1199,0.1232937480993602
2025-09-03 15:00:00,0.00389,0.36,119.0,2.9,0.1199,0.0385203896362198
2025-09-03 16:00:00,0.06346,0.36,79.1,2.9,0.1199,0.0
2025-09-03 17:00:00,0.10235,0.62,36.6,2.9,0.1199,0.0
2025-09-03 18:00:00,0.11092,0.62,57.0,2.9,0.1199,0.0
2025-09-03 19:00:00,0.104,0.62,50.3,2.9,0.1199,0.0
2025-09-03 20:00:00,0.09417,0.36,37.2,2.9,0.1199,0.0
2025-09-03 21:00:00,0.08068,0.36,15.6,2.9,0.1199,0.0
2025-09-03 22:00:00,0.05425,0.36,0.5,2.9,0.1199,0.0
2025-09-03 23:00:00,0.02165,0.07,0.0,2.9,0.1199,0.0
2025-09-04 00:00:00,0.0177,0.07,0.0,2.9,0.1199,0.0
2025-09-04 01:00:00,0.01787,0.07,0.0,2.9,0.1199,0.0
2025-09-04 02:00:00,0.0300199999999999,0.52,0.0,2.9,0.1199,0.0
2025-09-04 03:00:00,0.05992,0.52,0.0,2.9,0.1199,0.0
2025-09-04 04:00:00,0.08389,0.52,0.0,2.9,0.1199,0.0
2025-09-04 05:00:00,0.10787,1.59,0.0,2.9,0.1199,0.0
2025-09-04 06:00:00,0.12,1.59,0.0,2.9,0.1199,0.0
2025-09-04 07:00:00,0.10809,1.59,0.0,2.9,0.1199,0.0
2025-09-04 08:00:00,0.07781,0.92,0.0,2.9,0.1199,0.1779662520133361
2025-09-04 09:00:00,0.04145,0.92,2.95,2.9,0.1199,0.2963179780631624
2025-09-04 10:00:00,0.00579,0.92,17.2,2.9,0.1199,0.4260357589868484
2025-09-04 11:00:00,0.0032,0.0,46.5,2.9,0.1199,0.5904486867091693
2025-09-04 12:00:00,0.0033599999999999,0.0,73.9,2.9,0.1199,0.5460288729888478
2025-09-04 13:00:00,0.03489,0.0,99.7,2.9,0.1199,0.5714670511578896
2025-09-04 14:00:00,0.071,0.42,122.0,2.9,0.1199,0.2891306960496264
2025-09-04 15:00:00,0.0900499999999999,0.42,129.0,2.9,0.1199,0.1072149985520489
2025-09-04 16:00:00,0.1091299999999999,0.42,91.9,2.9,0.1199,0.0515883619577739
2025-09-04 17:00:00,0.1918,0.25,71.5,2.9,0.1199,0.0
2025-09-04 18:00:00,0.35,0.25,54.4,2.9,0.1199,0.0
2025-09-04 19:00:00,0.21882,0.25,41.5,2.9,0.1199,0.0
2025-09-04 20:00:00,0.12493,1.64,15.6,2.9,0.1199,0.0
2025-09-04 21:00:00,0.11214,1.64,6.43,2.9,0.1199,0.0
2025-09-04 22:00:00,0.1013,1.64,0.7000000000000001,2.9,0.1199,0.0
2025-09-04 23:00:00,0.09525,5.61,0.0,2.9,0.1199,0.0
2025-09-05 00:00:00,0.0861,5.61,0.0,2.9,0.1199,0.0
2025-09-05 01:00:00,0.08526,5.61,0.0,2.9,0.1199,0.0
2025-09-05 02:00:00,0.0852,6.49,0.0,2.9,0.1199,0.0
2025-09-05 03:00:00,0.0856,6.49,0.0,2.9,0.1199,0.0
2025-09-05 04:00:00,0.09736,6.49,0.0,2.9,0.1199,0.0
2025-09-05 05:00:00,0.11916,9.22,0.0,2.9,0.1199,0.0
2025-09-05 06:00:00,0.13213,9.22,0.0,2.9,0.1199,0.0
2025-09-05 07:00:00,0.12575,9.22,0.0,2.9,0.1199,0.0
2025-09-05 08:00:00,0.1004,1.52,0.0,2.9,0.1199,0.1169959963640546
2025-09-05 09:00:00,0.0878299999999999,1.52,2.9,2.9,0.1199,0.2289553833555334
2025-09-05 10:00:00,0.08415,1.52,14.7,2.9,0.1199,0.3533465175356968
2025-09-05 11:00:00,0.07825,0.42,42.4,2.9,0.1199,0.3970868738759949
2025-09-05 12:00:00,0.07219,0.42,72.8,2.9,0.1199,0.5903898129229199
2025-09-05 13:00:00,0.07017,0.42,109.0,2.9,0.1199,0.4008439111054495
2025-09-05 14:00:00,0.07753,0.33,125.0,2.9,0.1199,0.3273914703564908
2025-09-05 15:00:00,0.085,0.33,126.0,2.9,0.1199,0.2425225973410868
2025-09-05 16:00:00,0.09096,0.33,104.0,2.9,0.1199,0.1394848834530849
2025-09-05 17:00:00,0.10895,0.8,146.0,2.9,0.1199,0.0
2025-09-05 18:00:00,0.15453,0.8,118.0,2.9,0.1199,0.0
2025-09-05 19:00:00,0.15075,0.8,87.2,2.9,0.1199,0.0
2025-09-05 20:00:00,0.1171,1.75,26.0,2.9,0.1199,0.0
2025-09-05 21:00:00,0.10771,1.75,9.78,2.9,0.1199,0.0
2025-09-05 22:00:00,0.1007,1.75,0.9,2.9,0.1199,0.0
2025-09-05 23:00:00,0.10121,4.28,0.0,2.9,0.1199,0.0
2025-09-06 00:00:00,0.10059,4.28,0.0,2.8567109375000017,0.1199,0.0
2025-09-06 01:00:00,0.0995699999999999,4.28,0.0,2.809047363281252,0.1199,0.0
2025-09-06 02:00:00,0.09784,10.02,0.0,2.771532714843752,0.1199,0.0
2025-09-06 03:00:00,0.0969599999999999,10.02,0.0,2.741566894531252,0.1199,0.0
2025-09-06 04:00:00,0.09801,10.02,0.0,2.718134277343752,0.1199,0.0
2025-09-06 05:00:00,0.1026,10.6,0.0,2.799750488281252,0.1199,0.0
2025-09-06 06:00:00,0.10091,10.6,0.0,2.9,0.1199,0.0
2025-09-06 07:00:00,0.09598,10.6,0.0,2.9,0.1199,0.0
2025-09-06 08:00:00,0.07911,2.16,0.0,2.9,0.1199,0.1986653357304686
2025-09-06 09:00:00,0.0113499999999999,2.16,2.63,2.9,0.1199,0.3990322614659474
2025-09-06 10:00:00,0.0,2.16,14.7,2.9,0.1199,0.5658945614385033
2025-09-06 11:00:00,-2e-05,1.42,46.3,2.9,0.1199,0.6795637247937975
2025-09-06 12:00:00,-0.00086,1.42,89.2,2.9,0.1199,0.7186673464494687
2025-09-06 13:00:00,-0.00099,1.42,119.0,2.9,0.1199,0.6664564726966735
2025-09-06 14:00:00,-1e-05,0.13,142.0,2.9,0.1199,0.5749183984938564
2025-09-06 15:00:00,0.04099,0.13,154.0,2.9,0.1199,0.4392169299664338
2025-09-06 16:00:00,0.0876,0.13,155.0,2.9,0.1199,0.2284324063812871
2025-09-06 17:00:00,0.11647,0.61,110.0,2.9,0.1199,0.0068720771919376
2025-09-06 18:00:00,0.1583899999999999,0.61,101.0,2.9,0.1199,0.0
2025-09-06 19:00:00,0.13954,0.61,66.9,2.9,0.1199,0.0
2025-09-06 20:00:00,0.10995,0.45,46.7,2.9,0.1199,0.0
2025-09-06 21:00:00,0.09295,0.45,13.4,2.9,0.1199,0.0
2025-09-06 22:00:00,0.08256,0.45,1.4,2.9,0.1199,0.0
2025-09-06 23:00:00,0.08972,1.82,0.0,2.9,0.1199,0.0
2025-09-07 00:00:00,0.08502,1.82,0.0,2.9,0.1199,0.0
2025-09-07 01:00:00,0.08077,1.82,0.0,2.9,0.1199,0.0
2025-09-07 02:00:00,0.0834,3.18,0.0,2.9,0.1199,0.0
2025-09-07 03:00:00,0.08292,3.18,0.0,2.9,0.1199,0.0
2025-09-07 04:00:00,0.08267,3.18,0.0,2.9,0.1199,0.0
2025-09-07 05:00:00,0.0815,3.83,0.0,2.9,0.1199,0.0
2025-09-07 06:00:00,0.0554799999999999,3.83,0.0,2.9,0.1199,0.0
2025-09-07 07:00:00,0.0,3.83,0.0,2.9,0.1199,0.0
2025-09-07 08:00:00,-8.999999999999999e-05,1.35,0.0,2.9,0.1199,0.2069951989274692
2025-09-07 09:00:00,-0.004,1.35,2.53,2.9,0.1199,0.4194793802317884
2025-09-07 10:00:00,-0.02009,1.35,12.1,2.9,0.1199,0.5807813711455265
2025-09-07 11:00:00,-0.04002,0.67,49.8,2.9,0.1199,0.6898827180313438
2025-09-07 12:00:00,-0.0533999999999999,0.67,89.5,2.9,0.1199,0.7410771385758355
2025-09-07 13:00:00,-0.04999,0.67,123.0,2.9,0.1199,0.7159572138262064
2025-09-07 14:00:00,-0.02121,0.33,147.0,2.9,0.1199,0.612550564785151
2025-09-07 15:00:00,-0.00247,0.33,156.0,2.9,0.1199,0.4731763881866032
2025-09-07 16:00:00,0.0033599999999999,0.33,157.0,2.9,0.1199,0.2770727088181041
2025-09-07 17:00:00,0.09591,0.14,144.0,2.9,0.1199,0.0563340099479559
2025-09-07 18:00:00,0.1083,0.14,126.0,2.9,0.1199,0.0
2025-09-07 19:00:00,0.09625,0.14,95.3,2.9,0.1199,0.0
2025-09-07 20:00:00,0.08602,0.19,53.9,2.9,0.1199,0.0
2025-09-07 21:00:00,0.08501,0.19,13.8,2.9,0.1199,0.0
2025-09-07 22:00:00,0.08606,0.19,0.5,2.9,0.1199,0.0
2025-09-07 23:00:00,0.07966,0.02,0.0,2.9,0.1199,0.0
2025-09-08 00:00:00,0.08574,0.02,0.0,2.9,0.1199,0.0
2025-09-08 01:00:00,0.0847,0.02,0.0,2.9,0.1199,0.0
2025-09-08 02:00:00,0.08227,0.07,0.0,2.9,0.1199,0.0
2025-09-08 03:00:00,0.08379,0.07,0.0,2.9,0.1199,0.0
2025-09-08 04:00:00,0.0955999999999999,0.07,0.0,2.9,0.1199,0.0
2025-09-08 05:00:00,0.1099,0.54,0.0,2.9,0.1199,0.0
2025-09-08 06:00:00,0.14814,0.54,0.0,2.9,0.1199,0.0
2025-09-08 07:00:00,0.12553,0.54,0.0,2.9,0.1199,0.0
2025-09-08 08:00:00,0.10205,0.15,0.0,2.9,0.1199,0.0
2025-09-08 09:00:00,0.08583,0.15,1.7,2.9,0.1199,0.036820353874463
2025-09-08 10:00:00,0.07614,0.15,7.35,2.9,0.1199,0.1647058442768507
2025-09-08 11:00:00,0.0653499999999999,0.02,13.9,2.9,0.1199,0.271414082461015
2025-09-08 12:00:00,0.06084,0.02,28.4,2.9,0.1199,0.2440360258901955
2025-09-08 13:00:00,0.06965,0.02,34.9,2.9,0.1199,0.3299225563774998
2025-09-08 14:00:00,0.0784599999999999,0.6,64.2,2.9,0.1199,0.3660768782110681
2025-09-08 15:00:00,0.09972,0.6,62.5,2.9,0.1199,0.2657801477160272
2025-09-08 16:00:00,0.12428,0.6,105.0,2.9,0.1199,0.0934717811003263
2025-09-08 17:00:00,0.19661,0.68,95.8,2.9,0.1199,0.0
2025-09-08 18:00:00,0.41366,0.68,104.0,2.9,0.1199,0.0
2025-09-08 19:00:00,0.3085199999999999,0.68,47.7,2.9,0.1199,0.0
2025-09-08 20:00:00,0.152,0.21,32.0,2.9,0.1199,0.0
2025-09-08 21:00:00,0.12393,0.21,8.85,2.9,0.1199,0.0
2025-09-08 22:00:00,0.11312,0.21,0.0,2.9,0.1199,0.0
2025-09-08 23:00:00,0.11452,1.53,0.0,2.9,0.1199,0.0
2025-09-09 00:00:00,0.1124599999999999,1.53,0.0,2.9,0.1199,0.0
2025-09-09 01:00:00,0.1103499999999999,1.53,0.0,2.9,0.1199,0.0
2025-09-09 02:00:00,0.1098,6.66,0.0,2.9,0.1199,0.0
2025-09-09 03:00:00,0.11086,6.66,0.0,2.9,0.1199,0.0
2025-09-09 04:00:00,0.11818,6.66,0.0,2.9,0.1199,0.0
2025-09-09 05:00:00,0.18239,8.4,0.0,2.9,0.1199,0.0
2025-09-09 06:00:00,0.3,8.4,0.0,2.9,0.1199,0.0
2025-09-09 07:00:00,0.19698,8.4,0.0,2.9,0.1199,0.0
2025-09-09 08:00:00,0.12759,4.73,0.0,2.9,0.1199,0.0
2025-09-09 09:00:00,0.10173,4.73,0.0,2.9,0.1199,0.0
2025-09-09 10:00:00,0.09925,4.73,2.6,2.9,0.1199,0.0
2025-09-09 11:00:00,0.08718,3.1,2.25,2.9,0.1199,0.0
2025-09-09 12:00:00,0.08569,3.1,6.28,2.9,0.1199,0.0
2025-09-09 13:00:00,0.08551,3.1,12.1,2.9,0.1199,0.0
2025-09-09 14:00:00,0.0924899999999999,1.92,25.3,2.9,0.1199,0.0
2025-09-09 15:00:00,0.10335,1.92,37.6,2.9,0.1199,0.0
2025-09-09 16:00:00,0.12741,1.92,27.1,2.9,0.1199,0.0
2025-09-09 17:00:00,0.19268,2.79,28.3,2.9,0.1199,0.0
2025-09-09 18:00:00,0.3863999999999999,2.79,27.9,2.9,0.1199,0.0
2025-09-09 19:00:00,0.21559,2.79,38.1,2.9,0.1199,0.0
2025-09-09 20:00:00,0.13337,5.44,9.73,2.897833984375002,0.1199,0.0
2025-09-09 21:00:00,0.11579,5.44,5.15,2.774257324218752,0.1199,0.0
2025-09-09 22:00:00,0.1093,5.44,0.1,2.701981933593752,0.1199,0.0
2025-09-09 23:00:00,0.10693,6.09,0.0,2.646432617187497,0.1199,0.0
2025-09-10 00:00:00,0.10729,6.09,0.0,2.664203613281252,0.1199,0.0
2025-09-10 01:00:00,0.10373,6.09,0.0,2.644560058593752,0.1199,0.0
2025-09-10 02:00:00,0.10481,6.7,0.0,2.655145996093752,0.1199,0.0
2025-09-10 03:00:00,0.10455,6.7,0.0,2.659447753906252,0.1199,0.0
2025-09-10 04:00:00,0.11428,6.7,0.0,2.671210449218752,0.1199,0.0
2025-09-10 05:00:00,0.13335,5.95,0.0,2.717670410156252,0.1199,0.0
2025-09-10 06:00:00,0.2233899999999999,5.95,0.0,2.843686035156252,0.1199,0.0
2025-09-10 07:00:00,0.17194,5.95,0.0,2.9,0.1199,0.0
2025-09-10 08:00:00,0.12946,3.03,0.0,2.9,0.1199,0.0
2025-09-10 09:00:00,0.10733,3.03,3.5,2.9,0.1199,0.1673320152225161
2025-09-10 10:00:00,0.10239,3.03,16.8,2.9,0.1199,0.396316094142753
2025-09-10 11:00:00,0.08885,0.59,31.8,2.9,0.1199,0.5063729680845943
2025-09-10 12:00:00,0.08609,0.59,71.2,2.9,0.1199,0.5745385075083195
2025-09-10 13:00:00,0.0878,0.59,119.0,2.9,0.1199,0.6182605389858908
2025-09-10 14:00:00,0.0907999999999999,0.02,122.0,2.9,0.1199,0.399399014544385
2025-09-10 15:00:00,0.10507,0.02,138.0,2.9,0.1199,0.2356871846758348
2025-09-10 16:00:00,0.12778,0.02,157.0,2.9,0.1199,0.0557084470339776
2025-09-10 17:00:00,0.17059,0.89,139.0,2.9,0.1199,0.0
2025-09-10 18:00:00,0.27519,0.89,109.0,2.9,0.1199,0.0
2025-09-10 19:00:00,0.16907,0.89,98.4,2.9,0.1199,0.0
2025-09-10 20:00:00,0.12294,1.3,37.6,2.9,0.1199,0.0
2025-09-10 21:00:00,0.10158,1.3,8.3,2.9,0.1199,0.0
2025-09-10 22:00:00,0.08763,1.3,0.4,2.9,0.1199,0.0
2025-09-10 23:00:00,0.08821,2.65,0.0,2.9,0.1199,0.0
2025-09-11 00:00:00,0.085,2.65,0.0,2.9,0.1199,0.0
2025-09-11 01:00:00,0.0771299999999999,2.65,0.0,2.9,0.1199,0.0
2025-09-11 02:00:00,0.07067,2.34,0.0,2.9,0.1199,0.0
2025-09-11 03:00:00,0.07067,2.34,0.0,2.9,0.1199,0.0
2025-09-11 04:00:00,0.07905,2.34,0.0,2.9,0.1199,0.0
2025-09-11 05:00:00,0.11118,2.45,0.0,2.9,0.1199,0.0
2025-09-11 06:00:00,0.12533,2.45,0.0,2.9,0.1199,0.0
2025-09-11 07:00:00,0.12036,2.45,0.0,2.9,0.1199,0.0
2025-09-11 08:00:00,0.10205,2.17,0.0,2.9,0.1199,0.0
2025-09-11 09:00:00,0.07364,2.17,1.53,2.9,0.1199,0.105038821964808
2025-09-11 10:00:00,0.00823,2.17,8.9,2.9,0.1199,0.3329645587341103
2025-09-11 11:00:00,-1e-05,0.41,40.7,2.9,0.1199,0.3971179111228831
2025-09-11 12:00:00,-7.000000000000001e-05,0.41,78.9,2.9,0.1199,0.4928110283478344
2025-09-11 13:00:00,-0.0007199999999999,0.41,91.3,2.9,0.1199,0.4129066791512783
2025-09-11 14:00:00,0.0,0.32,111.0,2.9,0.1199,0.3856528185342297
2025-09-11 15:00:00,0.00896,0.32,91.4,2.9,0.1199,0.2872531568046156
2025-09-11 16:00:00,0.07582,0.32,123.0,2.9,0.1199,0.0683346725646432
2025-09-11 17:00:00,0.11857,4.95,113.0,2.9,0.1199,0.0
2025-09-11 18:00:00,0.13286,4.95,118.0,2.9,0.1199,0.0
2025-09-11 19:00:00,0.12525,4.95,57.2,2.9,0.1199,0.0
2025-09-11 20:00:00,0.11145,7.07,4.93,2.9,0.1199,0.0
2025-09-11 21:00:00,0.08481,7.07,2.4,2.9,0.1199,0.0
2025-09-11 22:00:00,0.06389,7.07,0.3,2.9,0.1199,0.0
2025-09-11 23:00:00,0.03283,5.64,0.0,2.9,0.1199,0.0
2025-09-12 00:00:00,0.0332299999999999,5.64,0.0,2.9,0.1199,0.0
2025-09-12 01:00:00,0.02094,5.64,0.0,2.9,0.1199,0.0
2025-09-12 02:00:00,0.01635,5.67,0.0,2.9,0.1199,0.0
2025-09-12 03:00:00,0.02915,5.67,0.0,2.9,0.1199,0.0
2025-09-12 04:00:00,0.05184,5.67,0.0,2.9,0.1199,0.0
2025-09-12 05:00:00,0.09529,4.81,0.0,2.9,0.1199,0.0
2025-09-12 06:00:00,0.10573,4.81,0.0,2.9,0.1199,0.0
2025-09-12 07:00:00,0.10201,4.81,0.0,2.9,0.1199,0.0
2025-09-12 08:00:00,0.04807,2.44,0.0,2.9,0.1199,0.0682908974581689
2025-09-12 09:00:00,0.00185,2.44,1.93,2.9,0.1199,0.230862401955487
2025-09-12 10:00:00,-0.00166,2.44,11.9,2.9,0.1199,0.3909521897785356
2025-09-12 11:00:00,-0.00511,0.94,43.7,2.9,0.1199,0.5314541062515871
2025-09-12 12:00:00,-0.00866,0.94,74.8,2.9,0.1199,0.5256829559753492
2025-09-12 13:00:00,-0.00619,0.94,114.0,2.9,0.1199,0.440843851593011
2025-09-12 14:00:00,-0.004,0.86,130.0,2.9,0.1199,0.3649522003415318
2025-09-12 15:00:00,-1e-05,0.86,125.0,2.9,0.1199,0.2457743221959688
2025-09-12 16:00:00,0.05769,0.86,101.0,2.9,0.1199,0.0474509493133533
2025-09-12 17:00:00,0.1087099999999999,1.32,82.8,2.9,0.1199,0.0
2025-09-12 18:00:00,0.15536,1.32,79.1,2.9,0.1199,0.0
2025-09-12 19:00:00,0.15224,1.32,32.1,2.9,0.1199,0.0
2025-09-12 20:00:00,0.1139599999999999,4.98,26.1,2.9,0.1199,0.0
2025-09-12 21:00:00,0.10285,4.98,10.1,2.9,0.1199,0.0
2025-09-12 22:00:00,0.09666,4.98,0.4,2.9,0.1199,0.0
2025-09-12 23:00:00,0.08589,6.24,0.0,2.9,0.1199,0.0
2025-09-13 00:00:00,0.07275,6.24,0.0,2.9,0.1199,0.0
2025-09-13 01:00:00,0.07245,6.24,0.0,2.9,0.1199,0.0
2025-09-13 02:00:00,0.07245,2.78,0.0,2.9,0.1199,0.0
2025-09-13 03:00:00,0.06979,2.78,0.0,2.9,0.1199,0.0
2025-09-13 04:00:00,0.07275,2.78,0.0,2.9,0.1199,0.0
2025-09-13 05:00:00,0.07471,4.04,0.0,2.9,0.1199,0.0
2025-09-13 06:00:00,0.07411,4.04,0.0,2.9,0.1199,0.0
2025-09-13 07:00:00,0.07245,4.04,0.0,2.9,0.1199,0.0
2025-09-13 08:00:00,0.05385,3.12,0.0,2.9,0.1199,0.0
2025-09-13 09:00:00,0.0143,3.12,0.4,2.9,0.1199,0.2534638215112993
2025-09-13 10:00:00,0.00237,3.12,7.48,2.9,0.1199,0.3473255129719391
2025-09-13 11:00:00,0.0,0.0,22.6,2.9,0.1199,0.5303116249410241
2025-09-13 12:00:00,-1e-05,0.0,60.9,2.9,0.1199,0.5142271868007156
2025-09-13 13:00:00,-1e-05,0.0,74.8,2.9,0.1199,0.4560680156139013
2025-09-13 14:00:00,-1e-05,0.3,123.0,2.9,0.1199,0.40368217515119
2025-09-13 15:00:00,0.0038799999999999,0.3,142.0,2.9,0.1199,0.1928119864644204
2025-09-13 16:00:00,0.07411,0.3,107.0,2.9,0.1199,0.0
2025-09-13 17:00:00,0.1080999999999999,2.33,79.9,2.9,0.1199,0.0
2025-09-13 18:00:00,0.1219,2.33,80.8,2.9,0.1199,0.0
2025-09-13 19:00:00,0.11877,2.33,41.0,2.9,0.1199,0.0
2025-09-13 20:00:00,0.11117,8.68,13.4,2.9,0.1199,0.0
2025-09-13 21:00:00,0.1,8.68,0.7000000000000001,2.9,0.1199,0.0
2025-09-13 22:00:00,0.08718,8.68,0.0,2.9,0.1199,0.0
2025-09-13 23:00:00,0.08569,9.77,0.0,2.9,0.1199,0.0
2025-09-14 00:00:00,0.07757,9.77,0.0,2.9,0.1199,0.0
2025-09-14 01:00:00,0.08061,9.77,0.0,2.9,0.1199,0.0
2025-09-14 02:00:00,0.08593,5.86,0.0,2.8892402343750017,0.1199,0.0
2025-09-14 03:00:00,0.0937699999999999,5.86,0.0,2.859906738281252,0.1199,0.0
2025-09-14 04:00:00,0.0998199999999999,5.86,0.0,2.8411054687500017,0.1199,0.0
2025-09-14 05:00:00,0.10075,6.18,0.0,2.8438496093750016,0.1199,0.0
2025-09-14 06:00:00,0.10536,6.18,0.0,2.9,0.1199,0.0
2025-09-14 07:00:00,0.10848,6.18,0.0,2.9,0.1199,0.0
2025-09-14 08:00:00,0.08778,2.71,0.0,2.9,0.1199,0.0845449624724196
2025-09-14 09:00:00,0.06168,2.71,2.5,2.9,0.1199,0.2160461377249246
2025-09-14 10:00:00,0.01758,2.71,11.7,2.9,0.1199,0.3585872032927124
2025-09-14 11:00:00,0.00652,0.76,46.8,2.9,0.1199,0.48447158803077
2025-09-14 12:00:00,0.0,0.76,88.6,2.9,0.1199,0.5579210735183756
2025-09-14 13:00:00,-1e-05,0.76,108.0,2.9,0.1199,0.5593961569080975
2025-09-14 14:00:00,0.0,0.92,142.0,2.9,0.1199,0.4205351762103945
2025-09-14 15:00:00,0.01933,0.92,151.0,2.9,0.1199,0.2390239940328462
2025-09-14 16:00:00,0.0982,0.92,156.0,2.9,0.1199,0.0187516875241361
2025-09-14 17:00:00,0.12434,0.6,130.0,2.9,0.1199,0.0
2025-09-14 18:00:00,0.1532899999999999,0.6,94.8,2.9,0.1199,0.0
2025-09-14 19:00:00,0.12601,0.6,57.9,2.9,0.1199,0.0
2025-09-14 20:00:00,0.09737,2.8,8.25,2.9,0.1199,0.0
2025-09-14 21:00:00,0.0770199999999999,2.8,0.875,2.9,0.1199,0.0
2025-09-14 22:00:00,0.01427,2.8,0.0,2.9,0.1199,0.0
2025-09-14 23:00:00,0.02,0.51,0.0,2.9,0.1199,0.0
2025-09-15 00:00:00,0.00387,0.51,0.0,2.9,0.1199,0.0
2025-09-15 01:00:00,0.00139,0.51,0.0,2.9,0.1199,0.0
2025-09-15 02:00:00,1e-05,0.0,0.0,2.9,0.1199,0.0
2025-09-15 03:00:00,0.0,0.0,0.0,2.9,0.1199,0.0
2025-09-15 04:00:00,0.0009,0.0,0.0,2.9,0.1199,0.0
2025-09-15 05:00:00,0.02027,1.24,0.0,2.9,0.1199,0.0
2025-09-15 06:00:00,0.05431,1.24,0.0,2.9,0.1199,0.0
2025-09-15 07:00:00,0.0404,1.24,0.0,2.9,0.1199,0.0
2025-09-15 08:00:00,0.0009,1.6,0.0,2.9,0.1199,0.0359145422388733
2025-09-15 09:00:00,-0.00047,1.6,0.8,2.9,0.1199,0.2117363886657427
2025-09-15 10:00:00,-0.00261,1.6,10.1,2.9,0.1199,0.4499417069421214
2025-09-15 11:00:00,-0.008,0.62,44.4,2.9,0.1199,0.525688776004577
2025-09-15 12:00:00,-0.01427,0.62,72.9,2.9,0.1199,0.5914585006447908
2025-09-15 13:00:00,-0.0136999999999999,0.62,87.8,2.9,0.1199,0.3877411370419198
2025-09-15 14:00:00,-0.0089,0.0,86.8,2.9,0.1199,0.285905185100002
2025-09-15 15:00:00,-0.00524,0.0,108.0,2.9,0.1199,0.2301700555354943
2025-09-15 16:00:00,-0.00053,0.0,74.1,2.9,0.1199,0.0543285983371699
2025-09-15 17:00:00,0.01401,3.57,120.0,2.9,0.1199,0.0
2025-09-15 18:00:00,0.05393,3.57,122.0,2.9,0.1199,0.0
2025-09-15 19:00:00,0.0473699999999999,3.57,37.1,2.9,0.1199,0.0
2025-09-15 20:00:00,0.00533,4.15,25.6,2.9,0.1199,0.0
2025-09-15 21:00:00,0.00291,4.15,5.07,2.9,0.1199,0.0
2025-09-15 22:00:00,6e-05,4.15,0.0,2.9,0.1199,0.0
2025-09-15 23:00:00,-1e-05,3.95,0.0,2.9,0.1199,0.0
2025-09-16 00:00:00,-8.999999999999999e-05,3.95,0.0,2.9,0.1199,0.0
2025-09-16 01:00:00,-0.00023,3.95,0.0,2.9,0.1199,0.0
2025-09-16 02:00:00,-0.00105,3.88,0.0,2.9,0.1199,0.0
2025-09-16 03:00:00,-0.00133,3.88,0.0,2.9,0.1199,0.0
2025-09-16 04:00:00,-1e-05,3.88,0.0,2.9,0.1199,0.0
2025-09-16 05:00:00,0.00232,4.82,0.0,2.9,0.1199,0.0
2025-09-16 06:00:00,0.01621,4.82,0.0,2.9,0.1199,0.0
2025-09-16 07:00:00,0.00381,4.82,0.0,2.9,0.1199,0.0
2025-09-16 08:00:00,-0.00101,2.69,0.0,2.9,0.1199,0.0630188387252405
2025-09-16 09:00:00,-0.00511,2.69,1.65,2.9,0.1199,0.1203285634011723
2025-09-16 10:00:00,-0.01038,2.69,10.9,2.9,0.1199,0.2356586845082603
2025-09-16 11:00:00,-0.02005,0.64,25.8,2.9,0.1199,0.2972189501900503
2025-09-16 12:00:00,-0.01803,0.64,45.0,2.9,0.1199,0.4863377595419289
2025-09-16 13:00:00,-0.01117,0.64,67.3,2.9,0.1199,0.2732573598835932
2025-09-16 14:00:00,-0.00999,1.23,111.0,2.9,0.1199,0.2032137664331375
2025-09-16 15:00:00,-0.00324,1.23,120.0,2.9,0.1199,0.1496946713255338
2025-09-16 16:00:00,0.0,1.23,113.0,2.9,0.1199,0.0
2025-09-16 17:00:00,0.07264,0.82,73.1,2.9,0.1199,0.0
2025-09-16 18:00:00,0.10333,0.82,98.3,2.9,0.1199,0.0
2025-09-16 19:00:00,0.11297,0.82,39.6,2.9,0.1199,0.0
2025-09-16 20:00:00,0.09297,5.29,12.9,2.9,0.1199,0.0
2025-09-16 21:00:00,0.08055,5.29,4.45,2.9,0.1199,0.0
2025-09-16 22:00:00,0.06544,5.29,0.0,2.9,0.1199,0.0
2025-09-16 23:00:00,0.0708,5.67,0.0,2.9,0.1199,0.0
2025-09-17 00:00:00,0.06347,5.67,0.0,2.9,0.1199,0.0
2025-09-17 01:00:00,0.05095,5.67,0.0,2.9,0.1199,0.0
2025-09-17 02:00:00,0.04853,6.25,0.0,2.887990234375002,0.1199,0.0
2025-09-17 03:00:00,0.06001,6.25,0.0,2.8643574218750016,0.1199,0.0
2025-09-17 04:00:00,0.07382,6.25,0.0,2.858112304687497,0.1199,0.0
2025-09-17 05:00:00,0.09885,4.54,0.0,2.8706464843750017,0.1199,0.0
2025-09-17 06:00:00,0.11734,4.54,0.0,2.9,0.1199,0.0
2025-09-17 07:00:00,0.1127399999999999,4.54,0.0,2.9,0.1199,0.0
2025-09-17 08:00:00,0.09514,2.41,0.0,2.9,0.1199,0.0
2025-09-17 09:00:00,0.06914,2.41,1.6,2.9,0.1199,0.0
2025-09-17 10:00:00,0.04138,2.41,16.5,2.9,0.1199,0.0
2025-09-17 11:00:00,0.0105,0.85,16.9,2.9,0.1199,0.0
2025-09-17 12:00:00,0.00788,0.85,23.6,2.9,0.1199,0.0
2025-09-17 13:00:00,0.01059,0.85,57.0,2.9,0.1199,0.0
2025-09-17 14:00:00,0.04309,0.7,77.5,2.9,0.1199,0.0
2025-09-17 15:00:00,0.08117,0.7,68.9,2.9,0.1199,0.0057533806643546
2025-09-17 16:00:00,0.11,0.7,58.2,2.9,0.1199,0.0
2025-09-17 17:00:00,0.12331,0.52,52.8,2.9,0.1199,0.0
2025-09-17 18:00:00,0.14258,0.52,27.8,2.9,0.1199,0.0
2025-09-17 19:00:00,0.1235199999999999,0.52,22.3,2.9,0.1199,0.0
2025-09-17 20:00:00,0.0942,0.48,11.6,2.9,0.1199,0.0
2025-09-17 21:00:00,0.0861,0.48,2.83,2.9,0.1199,0.0
2025-09-17 22:00:00,0.07307,0.48,0.0,2.9,0.1199,0.0
2025-09-17 23:00:00,0.05312,1.12,0.0,2.9,0.1199,0.0
2025-09-18 00:00:00,0.04829,1.12,0.0,2.9,0.1199,0.0
2025-09-18 01:00:00,0.03847,1.12,0.0,2.9,0.1199,0.0
2025-09-18 02:00:00,0.03796,3.09,0.0,2.9,0.1199,0.0
2025-09-18 03:00:00,0.0481199999999999,3.09,0.0,2.9,0.1199,0.0
2025-09-18 04:00:00,0.07415,3.09,0.0,2.9,0.1199,0.0
2025-09-18 05:00:00,0.10581,3.34,0.0,2.9,0.1199,0.0
2025-09-18 06:00:00,0.11721,3.34,0.0,2.9,0.1199,0.0
2025-09-18 07:00:00,0.11128,3.34,0.0,2.9,0.1199,0.0
2025-09-18 08:00:00,0.0907999999999999,0.87,0.0,2.9,0.1199,0.0551606236147839
2025-09-18 09:00:00,0.0650999999999999,0.87,0.7000000000000001,2.9,0.1199,0.2751798232517961
2025-09-18 10:00:00,0.0058899999999999,0.87,5.07,2.9,0.1199,0.4008033158905256
2025-09-18 11:00:00,0.0002,0.26,16.0,2.9,0.1199,0.4281877028532019
2025-09-18 12:00:00,0.0,0.26,31.8,2.9,0.1199,0.5033859941131563
2025-09-18 13:00:00,0.0,0.26,46.0,2.9,0.1199,0.4060363965116214
2025-09-18 14:00:00,0.00052,0.28,65.9,2.9,0.1199,0.3747799605618757
2025-09-18 15:00:00,0.01531,0.28,95.4,2.9,0.1199,0.2500108463305693
2025-09-18 16:00:00,0.08979,0.28,136.0,2.9,0.1199,0.1427302581011602
2025-09-18 17:00:00,0.11545,0.55,135.0,2.9,0.1199,0.0
2025-09-18 18:00:00,0.13423,0.55,118.0,2.9,0.1199,0.0
2025-09-18 19:00:00,0.12868,0.55,82.1,2.9,0.1199,0.0
2025-09-18 20:00:00,0.11,1.92,40.8,2.9,0.1199,0.0
2025-09-18 21:00:00,0.09894,1.92,5.6,2.9,0.1199,0.0
2025-09-18 22:00:00,0.0882,1.92,0.0,2.9,0.1199,0.0
2025-09-18 23:00:00,0.07409,2.83,0.0,2.9,0.1199,0.0
2025-09-19 00:00:00,0.0724699999999999,2.83,0.0,2.9,0.1199,0.0
2025-09-19 01:00:00,0.07345,2.83,0.0,2.9,0.1199,0.0
2025-09-19 02:00:00,0.0737,3.84,0.0,2.9,0.1199,0.0
2025-09-19 03:00:00,0.07402,3.84,0.0,2.9,0.1199,0.0
2025-09-19 04:00:00,0.08959,3.84,0.0,2.9,0.1199,0.0
2025-09-19 05:00:00,0.11892,3.93,0.0,2.9,0.1199,0.0
2025-09-19 06:00:00,0.14342,3.93,0.0,2.9,0.1199,0.0
2025-09-19 07:00:00,0.11829,3.93,0.0,2.9,0.1199,0.0
2025-09-19 08:00:00,0.09518,2.39,0.0,2.9,0.1199,0.1266834819426814
2025-09-19 09:00:00,0.0537,2.39,1.55,2.9,0.1199,0.3404692742347042
2025-09-19 10:00:00,0.01303,2.39,10.1,2.9,0.1199,0.5113622478814032
2025-09-19 11:00:00,0.00099,0.67,41.5,2.9,0.1199,0.6209642476709737
2025-09-19 12:00:00,0.0,0.67,81.9,2.9,0.1199,0.6613635607660079
2025-09-19 13:00:00,0.0,0.67,115.0,2.9,0.1199,0.6189005055986329
2025-09-19 14:00:00,0.01197,0.58,134.0,2.9,0.1199,0.5306996444324072
2025-09-19 15:00:00,0.07446,0.58,132.0,2.9,0.1199,0.3833964683235432
2025-09-19 16:00:00,0.11944,0.58,135.0,2.9,0.1199,0.1813714661566782
2025-09-19 17:00:00,0.25521,0.79,134.0,2.9,0.1199,0.0
2025-09-19 18:00:00,0.40924,0.79,114.0,2.9,0.1199,0.0
2025-09-19 19:00:00,0.16759,0.79,84.3,2.9,0.1199,0.0
2025-09-19 20:00:00,0.1118199999999999,0.11,41.1,2.9,0.1199,0.0
2025-09-19 21:00:00,0.08604,0.11,5.05,2.9,0.1199,0.0
2025-09-19 22:00:00,0.07893,0.11,0.0,2.9,0.1199,0.0
2025-09-19 23:00:00,0.08724,0.67,0.0,2.9,0.1199,0.0
2025-09-20 00:00:00,0.07791,0.67,0.0,2.9,0.1199,0.0
2025-09-20 01:00:00,0.07499,0.67,0.0,2.9,0.1199,0.0
2025-09-20 02:00:00,0.0747999999999999,3.63,0.0,2.9,0.1199,0.0
2025-09-20 03:00:00,0.07479,3.63,0.0,2.9,0.1199,0.0
2025-09-20 04:00:00,0.0802099999999999,3.63,0.0,2.9,0.1199,0.0
2025-09-20 05:00:00,0.08851,2.5,0.0,2.9,0.1199,0.0
2025-09-20 06:00:00,0.08697,2.5,0.0,2.9,0.1199,0.0
2025-09-20 07:00:00,0.07529,2.5,0.0,2.9,0.1199,0.0
2025-09-20 08:00:00,0.0249,0.28,0.0,2.9,0.1199,0.0997737532325544
2025-09-20 09:00:00,0.00302,0.28,2.85,2.9,0.1199,0.2759542124541363
2025-09-20 10:00:00,-0.00028,0.28,11.0,2.9,0.1199,0.3895143400233451
2025-09-20 11:00:00,-0.0060999999999999,0.36,24.9,2.9,0.1199,0.546917576349204
2025-09-20 12:00:00,-0.01086,0.36,56.9,2.9,0.1199,0.5812883656231665
2025-09-20 13:00:00,-0.0050999999999999,0.36,44.2,2.9,0.1199,0.4404459959248427
2025-09-20 14:00:00,-4e-05,0.28,82.0,2.9,0.1199,0.3396051620152393
2025-09-20 15:00:00,0.0263599999999999,0.28,93.1,2.9,0.1199,0.130660274422363
2025-09-20 16:00:00,0.09384,0.28,62.3,2.9,0.1199,0.0
2025-09-20 17:00:00,0.12458,0.34,37.8,2.9,0.1199,0.0
2025-09-20 18:00:00,0.1341,0.34,23.9,2.9,0.1199,0.0
2025-09-20 19:00:00,0.09908,0.34,15.5,2.9,0.1199,0.0
2025-09-20 20:00:00,0.08195,0.26,4.8,2.9,0.1199,0.0
2025-09-20 21:00:00,0.0745,0.26,0.7000000000000001,2.9,0.1199,0.0
2025-09-20 22:00:00,0.0482999999999999,0.26,0.0,2.9,0.1199,0.0
2025-09-20 23:00:00,0.00807,0.09,0.0,2.9,0.1199,0.0
2025-09-21 00:00:00,0.0037,0.09,0.0,2.9,0.1199,0.0
2025-09-21 01:00:00,0.00346,0.09,0.0,2.9,0.1199,0.0
2025-09-21 02:00:00,0.00165,0.18,0.0,2.9,0.1199,0.0
2025-09-21 03:00:00,0.00208,0.18,0.0,2.9,0.1199,0.0
2025-09-21 04:00:00,0.00323,0.18,0.0,2.9,0.1199,0.0
2025-09-21 05:00:00,0.00441,3.74,0.0,2.9,0.1199,0.0
2025-09-21 06:00:00,0.00523,3.74,0.0,2.9,0.1199,0.0
2025-09-21 07:00:00,0.0030099999999999,3.74,0.0,2.9,0.1199,0.0
2025-09-21 08:00:00,0.00131,3.65,0.0,2.9,0.1199,0.0
2025-09-21 09:00:00,0.0,3.65,0.2,2.9,0.1199,0.0
2025-09-21 10:00:00,-8.999999999999999e-05,3.65,1.45,2.9,0.1199,0.0
2025-09-21 11:00:00,-0.0012,2.43,11.2,2.9,0.1199,0.0
2025-09-21 12:00:00,-0.00202,2.43,31.3,2.9,0.1199,0.0
2025-09-21 13:00:00,-0.00131,2.43,35.0,2.9,0.1199,0.0
2025-09-21 14:00:00,-1e-05,3.21,59.1,2.9,0.1199,0.0
2025-09-21 15:00:00,0.00947,3.21,50.3,2.9,0.1199,0.0
2025-09-21 16:00:00,0.08518,3.21,43.5,2.9,0.1199,0.0
2025-09-21 17:00:00,0.1139599999999999,4.55,21.5,2.9,0.1199,0.0
2025-09-21 18:00:00,0.12057,4.55,28.8,2.9,0.1199,0.0
2025-09-21 19:00:00,0.11884,4.55,19.6,2.9,0.1199,0.0
2025-09-21 20:00:00,0.10468,6.48,6.18,2.9,0.1199,0.0
2025-09-21 21:00:00,0.0963499999999999,6.48,1.83,2.877289550781252,0.1199,0.0
2025-09-21 22:00:00,0.09168,6.48,0.0,2.836537597656252,0.1199,0.0
2025-09-21 23:00:00,0.08733,6.09,0.0,2.801894042968752,0.1199,0.0
2025-09-22 00:00:00,0.0835699999999999,6.09,0.0,2.767763183593752,0.1199,0.0
2025-09-22 01:00:00,0.0792099999999999,6.09,0.0,2.746798828125002,0.1199,0.0
2025-09-22 02:00:00,0.0792099999999999,10.46,0.0,2.710614746093752,0.1199,0.0
2025-09-22 03:00:00,0.0803499999999999,10.46,0.0,2.687382324218752,0.1199,0.0
2025-09-22 04:00:00,0.09359,10.46,0.0,2.667489746093752,0.1199,0.0
2025-09-22 05:00:00,0.11869,9.19,0.0,2.664408691406252,0.1199,0.0
2025-09-22 06:00:00,0.13,9.19,0.0,2.736400878906252,0.1199,0.0
2025-09-22 07:00:00,0.13,9.19,0.0,2.797428710937502,0.1199,0.0
2025-09-22 08:00:00,0.10857,3.88,0.0,2.888939941406252,0.1199,0.0
2025-09-22 09:00:00,0.09182,3.88,0.5,2.9,0.1199,0.0718609066243235
2025-09-22 10:00:00,0.07786,3.88,7.9,2.9,0.1199,0.1847243639351435
2025-09-22 11:00:00,0.07404,0.34,29.9,2.9,0.1199,0.2548804183366092
2025-09-22 12:00:00,0.07117,0.34,49.8,2.9,0.1199,0.2013652099056352
2025-09-22 13:00:00,0.07023,0.34,112.0,2.9,0.1199,0.1310245511310379
2025-09-22 14:00:00,0.07839,1.54,126.0,2.9,0.1199,0.1508822684389935
2025-09-22 15:00:00,0.08479,1.54,114.0,2.9,0.1199,0.0
2025-09-22 16:00:00,0.10013,1.54,52.3,2.9,0.1199,0.0
2025-09-22 17:00:00,0.12808,4.42,31.3,2.9,0.1199,0.0
2025-09-22 18:00:00,0.14092,4.42,46.8,2.895653808593752,0.1199,0.0
2025-09-22 19:00:00,0.13,4.42,17.2,2.824809082031252,0.1199,0.0
2025-09-22 20:00:00,0.11424,6.1,8.48,2.790729492187497,0.1199,0.0
2025-09-22 21:00:00,0.09772,6.1,1.97,2.771835449218752,0.1199,0.0
2025-09-22 22:00:00,0.08999,6.1,0.0,2.7501557617187515,0.1199,0.0
2025-09-22 23:00:00,0.0886,8.04,0.0,2.712826660156252,0.1199,0.0
2025-09-23 00:00:00,0.09,8.04,0.0,2.674916503906252,0.1199,0.0
2025-09-23 01:00:00,0.08973,8.04,0.0,2.6561640625000016,0.1199,0.0
2025-09-23 02:00:00,0.08993,6.0,0.0,2.6473945312500016,0.1199,0.0
2025-09-23 03:00:00,0.09134,6.0,0.0,2.649794433593752,0.1199,0.0
2025-09-23 04:00:00,0.09811,6.0,0.0,2.6490107421874973,0.1199,0.0
2025-09-23 05:00:00,0.12201,28.88,0.0,2.647645996093752,0.1199,0.0
2025-09-23 06:00:00,0.17236,28.88,0.0,2.641767089843752,0.1199,0.0
2025-09-23 07:00:00,0.1628,28.88,0.0,2.729376953125002,0.1199,0.0
2025-09-23 08:00:00,0.12576,171.24,0.0,2.831176269531252,0.1199,0.0
2025-09-23 09:00:00,0.09392,171.24,1.15,2.9,0.1199,0.0834900726145226
2025-09-23 10:00:00,0.08551,171.24,9.32,2.9,0.1199,0.244360820210903
2025-09-23 11:00:00,0.07754,73.86,41.8,2.9,0.1199,0.3170676172830906
2025-09-23 12:00:00,0.07424,73.86,71.0,2.9,0.1199,0.3816961569518659
2025-09-23 13:00:00,0.07425,73.86,116.0,2.9,0.1199,0.1387918747916803
2025-09-23 14:00:00,0.08411,44.05,113.0,2.9,0.1199,0.0135828664746116
2025-09-23 15:00:00,0.08576,44.05,103.0,2.9,0.1199,0.0
2025-09-23 16:00:00,0.1029,44.05,80.7,2.9,0.1199,0.0
2025-09-23 17:00:00,0.13683,48.35,107.0,2.9,0.1199,0.0
2025-09-23 18:00:00,0.14958,48.35,43.0,2.9,0.1199,0.0
2025-09-23 19:00:00,0.11581,48.35,27.6,2.889369628906252,0.1199,0.0
2025-09-23 20:00:00,0.094,84.42,14.2,2.849376953125002,0.1199,0.0
2025-09-23 21:00:00,0.08491,84.42,1.97,2.826564453125002,0.1199,0.0
2025-09-23 22:00:00,0.0841,84.42,0.0,2.790924804687497,0.1199,0.0
2025-09-23 23:00:00,0.08267,109.25,0.0,2.743197753906252,0.1199,0.0
2025-09-24 00:00:00,0.0823199999999999,109.25,0.0,2.7119355468750017,0.1199,0.0
2025-09-24 01:00:00,0.08161,109.25,0.0,2.675346191406252,0.1199,0.0
2025-09-24 02:00:00,0.07795,135.53,0.0,2.659367187500002,0.1199,0.0
2025-09-24 03:00:00,0.07859,135.53,0.0,2.6577998046874973,0.1199,0.0
2025-09-24 04:00:00,0.08267,135.53,0.0,2.652606933593752,0.1199,0.0
2025-09-24 05:00:00,0.10976,181.7,0.0,2.648673828125002,0.1199,0.0
2025-09-24 06:00:00,0.11801,181.7,0.0,2.695893066406252,0.1199,0.0
2025-09-24 07:00:00,0.12045,181.7,0.0,2.765373046875002,0.1199,0.0
2025-09-24 08:00:00,0.107,199.55,0.0,2.871308105468752,0.1199,0.0
2025-09-24 09:00:00,0.08554,199.55,1.1,2.9,0.1199,0.1278949970820635
2025-09-24 10:00:00,0.07009,199.55,8.45,2.9,0.1199,0.2435813475871043
2025-09-24 11:00:00,0.0271,140.5,24.3,2.9,0.1199,0.2565618728094079
2025-09-24 12:00:00,0.01066,140.5,35.0,2.9,0.1199,0.1732879330156411
2025-09-24 13:00:00,0.0099,140.5,44.2,2.9,0.1199,0.1204515686052406
2025-09-24 14:00:00,0.015,80.18,65.8,2.9,0.1199,0.0191857493725049
2025-09-24 15:00:00,0.0660999999999999,80.18,60.9,2.9,0.1199,0.0
2025-09-24 16:00:00,0.08569,80.18,58.6,2.9,0.1199,0.0
2025-09-24 17:00:00,0.11308,71.03,42.2,2.9,0.1199,0.0
2025-09-24 18:00:00,0.11593,71.03,30.1,2.9,0.1199,0.0
2025-09-24 19:00:00,0.11395,71.03,21.7,2.8671503906250018,0.1199,0.0
2025-09-24 20:00:00,0.09129,92.26,10.4,2.8139863281250017,0.1199,0.0
2025-09-24 21:00:00,0.0855,92.26,1.4,2.762499511718752,0.1199,0.0
2025-09-24 22:00:00,0.06968,92.26,0.0,2.722458007812502,0.1199,0.0
2025-09-24 23:00:00,0.0733,108.74,0.0,2.7040400390625017,0.1199,0.0
2025-09-25 00:00:00,0.06969,108.74,0.0,2.686645019531252,0.1199,0.0
2025-09-25 01:00:00,0.06781,108.74,0.0,2.680917480468752,0.1199,0.0
2025-09-25 02:00:00,0.06809,126.46,0.0,2.670729492187497,0.1199,0.0
2025-09-25 03:00:00,0.07169,126.46,0.0,2.660048339843752,0.1199,0.0
2025-09-25 04:00:00,0.07733,126.46,0.0,2.635619628906252,0.1199,0.0
2025-09-25 05:00:00,0.10855,199.25,0.0,2.604916503906252,0.1199,0.0
2025-09-25 06:00:00,0.12426,199.25,0.0,2.626757324218752,0.1199,0.0
2025-09-25 07:00:00,0.1249899999999999,199.25,0.0,2.6452460937500017,0.1199,0.0
2025-09-25 08:00:00,0.10488,249.58,0.0,2.664562500000002,0.1199,0.0
2025-09-25 09:00:00,0.07795,249.58,0.0,2.677895019531252,0.1199,0.0
2025-09-25 10:00:00,0.06924,249.58,3.0,2.702243164062502,0.1199,0.0
2025-09-25 11:00:00,0.03818,230.24,9.48,2.730028808593752,0.1199,0.0
2025-09-25 12:00:00,0.01603,230.24,13.7,2.7122187500000017,0.1199,0.0
2025-09-25 13:00:00,0.0201,230.24,13.3,2.704030273437502,0.1199,0.0
2025-09-25 14:00:00,0.04366,208.31,15.4,2.697013671875002,0.1199,0.0
2025-09-25 15:00:00,0.075,208.31,14.5,2.680653808593752,0.1199,0.0
2025-09-25 16:00:00,0.08879,208.31,9.53,2.670624511718752,0.1199,0.0
2025-09-25 17:00:00,0.11704,178.52,5.58,2.6608906250000017,0.1199,0.0
2025-09-25 18:00:00,0.12147,178.52,8.35,2.6279169921874974,0.1199,0.0
2025-09-25 19:00:00,0.12375,178.52,7.07,2.632147949218752,0.1199,0.0
2025-09-25 20:00:00,0.10583,166.38,2.1,2.641271484375002,0.1199,0.0
2025-09-25 21:00:00,0.09477,166.38,0.1,2.652702148437502,0.1199,0.0
2025-09-25 22:00:00,0.08109,166.38,0.0,2.663310058593752,0.1199,0.0
2025-09-25 23:00:00,0.07848,176.07,0.0,2.674188964843752,0.1199,0.0
2025-09-26 00:00:00,0.075,176.07,0.0,2.681996582031252,0.1199,0.0
2025-09-26 01:00:00,0.07317,176.07,0.0,2.681127441406252,0.1199,0.0
2025-09-26 02:00:00,0.07318,171.52,0.0,2.689315917968752,0.1199,0.0
2025-09-26 03:00:00,0.07493,171.52,0.0,2.698153808593752,0.1199,0.0
2025-09-26 04:00:00,0.082,171.52,0.0,2.712697265625002,0.1199,0.0
2025-09-26 05:00:00,0.1077399999999999,218.05,0.0,2.722448242187497,0.1199,0.0
2025-09-26 06:00:00,0.1203299999999999,218.05,0.0,2.755814941406252,0.1199,0.0
2025-09-26 07:00:00,0.12356,218.05,0.0,2.8434443359375017,0.1199,0.0
2025-09-26 08:00:00,0.11041,216.25,0.0,2.9,0.1199,0.0
2025-09-26 09:00:00,0.08984,216.25,0.8,2.9,0.1199,0.0174507047598632
2025-09-26 10:00:00,0.08536,216.25,6.4,2.9,0.1199,0.0665857643831704
2025-09-26 11:00:00,0.0789599999999999,147.4,23.5,2.9,0.1199,0.1062045698719667
2025-09-26 12:00:00,0.07316,147.4,46.8,2.9,0.1199,0.1495033779666065
2025-09-26 13:00:00,0.0750499999999999,147.4,39.7,2.9,0.1199,0.1101503435226312
2025-09-26 14:00:00,0.0799899999999999,67.97,55.3,2.9,0.1199,0.0
2025-09-26 15:00:00,0.09881,67.97,51.5,2.9,0.1199,0.0
2025-09-26 16:00:00,0.1098,67.97,106.0,2.9,0.1199,0.0
2025-09-26 17:00:00,0.12365,57.26,130.0,2.9,0.1199,0.0
2025-09-26 18:00:00,0.13302,57.26,98.9,2.9,0.1199,0.0
2025-09-26 19:00:00,0.11961,57.26,69.2,2.9,0.1199,0.0
2025-09-26 20:00:00,0.10621,89.35,25.2,2.9,0.1199,0.0
2025-09-26 21:00:00,0.0969,89.35,3.07,2.892184570312501,0.1199,0.0
2025-09-26 22:00:00,0.0899,89.35,0.0,2.886564453125002,0.1199,0.0
2025-09-26 23:00:00,0.08499,104.94,0.0,2.878759277343752,0.1199,0.0
2025-09-27 00:00:00,0.08326,104.94,0.0,2.873546875000002,0.1199,0.0
2025-09-27 01:00:00,0.0827,104.94,0.0,2.850365722656252,0.1199,0.0
2025-09-27 02:00:00,0.08251,108.11,0.0,2.8564033203125017,0.1199,0.0
2025-09-27 03:00:00,0.08528,108.11,0.0,2.843817871093752,0.1199,0.0
2025-09-27 04:00:00,0.0891899999999999,108.11,0.0,2.8352460937500017,0.1199,0.0
2025-09-27 05:00:00,0.09057,116.68,0.0,2.8368281250000016,0.1199,0.0
2025-09-27 06:00:00,0.10545,116.68,0.0,2.866872070312502,0.1199,0.0
2025-09-27 07:00:00,0.1097099999999999,116.68,0.0,2.9,0.1199,0.0
2025-09-27 08:00:00,0.09692,102.18,0.0,2.9,0.1199,0.0
2025-09-27 09:00:00,0.08786,102.18,0.0,2.9,0.1199,0.0294027426971132
2025-09-27 10:00:00,0.075,102.18,3.68,2.9,0.1199,0.2886150967047572
2025-09-27 11:00:00,0.05977,54.82,17.1,2.9,0.1199,0.2704236195605178
2025-09-27 12:00:00,0.0361099999999999,54.82,61.2,2.9,0.1199,0.2522910593628916
2025-09-27 13:00:00,0.04854,54.82,114.0,2.9,0.1199,0.1622506288098044
2025-09-27 14:00:00,0.07822,33.04,106.0,2.9,0.1199,0.0663503741789709
2025-09-27 15:00:00,0.0930999999999999,33.04,30.7,2.9,0.1199,0.0032956880891512
2025-09-27 16:00:00,0.11201,33.04,103.0,2.9,0.1199,0.0
2025-09-27 17:00:00,0.13335,41.05,72.2,2.9,0.1199,0.0
2025-09-27 18:00:00,0.14861,41.05,118.0,2.9,0.1199,0.0
2025-09-27 19:00:00,0.12253,41.05,50.8,2.877814453125002,0.1199,0.0
2025-09-27 20:00:00,0.1144,108.78,27.7,2.8008027343750017,0.1199,0.0
2025-09-27 21:00:00,0.10756,108.78,1.57,2.744984863281252,0.1199,0.0
2025-09-27 22:00:00,0.09954,108.78,0.0,2.686371582031252,0.1199,0.0
2025-09-27 23:00:00,0.09756,144.92,0.0,2.634994628906252,0.1199,0.0
2025-09-28 00:00:00,0.09531,144.92,0.0,2.592240722656252,0.1199,0.0
2025-09-28 01:00:00,0.0943199999999999,144.92,0.0,2.552443359375002,0.1199,0.0
2025-09-28 02:00:00,0.09147,174.72,0.0,2.516974609375002,0.1199,0.0
2025-09-28 03:00:00,0.09777,174.72,0.0,2.496869628906252,0.1199,0.0
2025-09-28 04:00:00,0.09758,174.72,0.0,2.478515136718752,0.1199,0.0
2025-09-28 05:00:00,0.10091,203.0,0.0,2.506103027343752,0.1199,0.0
2025-09-28 06:00:00,0.10579,203.0,0.0,2.6717353515625017,0.1199,0.0
2025-09-28 07:00:00,0.09877,203.0,0.0,2.855270507812502,0.1199,0.0
2025-09-28 08:00:00,0.09504,158.44,0.0,2.9,0.1199,0.0
2025-09-28 09:00:00,0.08208,158.44,0.7000000000000001,2.9,0.1199,0.1311745891447917
2025-09-28 10:00:00,0.0374699999999999,158.44,7.48,2.9,0.1199,0.3032211304694379
2025-09-28 11:00:00,0.01711,51.65,36.4,2.9,0.1199,0.4482537590130309
2025-09-28 12:00:00,0.00853,51.65,76.6,2.9,0.1199,0.4850271883562513
2025-09-28 13:00:00,0.013,51.65,112.0,2.9,0.1199,0.2658219976754975
2025-09-28 14:00:00,0.0613299999999999,24.96,136.0,2.9,0.1199,0.1626921721812386
2025-09-28 15:00:00,0.086,24.96,131.0,2.9,0.1199,0.0535062702453368
2025-09-28 16:00:00,0.10589,24.96,144.0,2.9,0.1199,0.0
2025-09-28 17:00:00,0.13102,38.26,125.0,2.9,0.1199,0.0
2025-09-28 18:00:00,0.13797,38.26,92.3,2.9,0.1199,0.0
2025-09-28 19:00:00,0.12593,38.26,49.2,2.9,0.1199,0.0
2025-09-28 20:00:00,0.11351,82.74,10.6,2.9,0.1199,0.0
2025-09-28 21:00:00,0.10229,82.74,1.7,2.8800214843750016,0.1199,0.0
2025-09-28 22:00:00,0.0957399999999999,82.74,0.0,2.802882812500002,0.1199,0.0
2025-09-28 23:00:00,0.09095,110.89,0.0,2.752567871093752,0.1199,0.0
2025-09-29 00:00:00,0.08876,110.89,0.0,2.761078613281252,0.1199,0.0
2025-09-29 01:00:00,0.08788,110.89,0.0,2.7806611328125017,0.1199,0.0
2025-09-29 02:00:00,0.08794,111.4,0.0,2.807108886718752,0.1199,0.0
2025-09-29 03:00:00,0.08831,111.4,0.0,2.847709472656252,0.1199,0.0
2025-09-29 04:00:00,0.09837,111.4,0.0,2.8420820312500017,0.1199,0.0
2025-09-29 05:00:00,0.13498,153.74,0.0,2.864987304687497,0.1199,0.0
2025-09-29 06:00:00,0.2221,153.74,0.0,2.869789550781252,0.1199,0.0
2025-09-29 07:00:00,0.16691,153.74,0.0,2.9,0.1199,0.0
2025-09-29 08:00:00,0.12206,161.47,0.0,2.9,0.1199,0.0
2025-09-29 09:00:00,0.09021,161.47,0.2,2.9,0.1199,0.0450633158803829
2025-09-29 10:00:00,0.08495,161.47,5.18,2.9,0.1199,0.0955034202246395
2025-09-29 11:00:00,0.0787099999999999,78.83,13.1,2.9,0.1199,0.2234069751841903
2025-09-29 12:00:00,0.07708,78.83,21.9,2.9,0.1199,0.2719000411978293
2025-09-29 13:00:00,0.08333,78.83,33.3,2.9,0.1199,0.201657841012971
2025-09-29 14:00:00,0.0874,16.57,52.1,2.9,0.1199,0.1826073493175382
2025-09-29 15:00:00,0.09998,16.57,105.0,2.9,0.1199,0.1262655113565046
2025-09-29 16:00:00,0.14079,16.57,112.0,2.9,0.1199,0.0
2025-09-29 17:00:00,0.30265,30.42,90.1,2.9,0.1199,0.0
2025-09-29 18:00:00,0.40678,30.42,103.0,2.9,0.1199,0.0
2025-09-29 19:00:00,0.1676,30.42,20.5,2.9,0.1199,0.0
2025-09-29 20:00:00,0.1238499999999999,59.15,5.48,2.9,0.1199,0.0
2025-09-29 21:00:00,0.1083,59.15,0.7000000000000001,2.9,0.1199,0.0
2025-09-29 22:00:00,0.09368,59.15,0.0,2.885175292968752,0.1199,0.0
2025-09-29 23:00:00,0.1011,93.74,0.0,2.856439941406252,0.1199,0.0
2025-09-30 00:00:00,0.09843,93.74,0.0,2.840363281250002,0.1199,0.0
2025-09-30 01:00:00,0.09893,93.74,0.0,2.829628417968752,0.1199,0.0
2025-09-30 02:00:00,0.0949899999999999,113.32,0.0,2.823700683593752,0.1199,0.0
2025-09-30 03:00:00,0.09912,113.32,0.0,2.806010253906252,0.1199,0.0
2025-09-30 04:00:00,0.11208,113.32,0.0,2.786068847656252,0.1199,0.0
2025-09-30 05:00:00,0.14186,153.73,0.0,2.771735351562502,0.1199,0.0
2025-09-30 06:00:00,0.244,153.73,0.0,2.808517578125002,0.1199,0.0
2025-09-30 07:00:00,0.20923,153.73,0.0,2.8544501953125017,0.1199,0.0
2025-09-30 08:00:00,0.14185,161.5,0.0,2.9,0.1199,0.0
2025-09-30 09:00:00,0.1152,161.5,0.4,2.9,0.1199,0.0
2025-09-30 10:00:00,0.09672,161.5,5.58,2.9,0.1199,0.0
2025-09-30 11:00:00,0.08791,78.24,20.3,2.9,0.1199,0.1688421192363757
2025-09-30 12:00:00,0.08604,78.24,42.2,2.9,0.1199,0.2586878524847771
2025-09-30 13:00:00,0.08726,78.24,61.0,2.9,0.1199,0.1308518713090263
2025-09-30 14:00:00,0.0968,32.45,104.0,2.9,0.1199,0.1428678901778612
2025-09-30 15:00:00,0.10403,32.45,62.7,2.9,0.1199,0.1136535868819057
2025-09-30 16:00:00,0.14264,32.45,116.0,2.9,0.1199,0.0
2025-09-30 17:00:00,0.29454,61.06,118.0,2.9,0.1199,0.0
2025-09-30 18:00:00,0.35777,61.06,95.0,2.873361328125002,0.1199,0.0
2025-09-30 19:00:00,0.14728,61.06,67.1,2.823683593750002,0.1199,0.0
2025-09-30 20:00:00,0.11604,116.5,16.7,2.824281738281252,0.1199,0.0
2025-09-30 21:00:00,0.10163,116.5,1.95,2.7973457031250017,0.1199,0.0
2025-09-30 22:00:00,0.09254,116.5,0.0,2.7584394531250016,0.1199,0.0
2025-09-30 23:00:00,0.09157,154.01,0.0,2.720194824218752,0.1199,0.0
2025-10-01 00:00:00,0.08629,154.01,0.0,2.661347167968752,0.1199,0.0
2025-10-01 01:00:00,0.08487,154.01,0.0,2.548568847656252,0.1199,0.0
2025-10-01 02:00:00,0.0883299999999999,193.84,0.0,2.494748046875002,0.1199,0.0
2025-10-01 03:00:00,0.08766,193.84,0.0,2.486115234375002,0.1199,0.0
2025-10-01 04:00:00,0.09533,193.84,0.0,2.472631347656252,0.1199,0.0
2025-10-01 05:00:00,0.1249599999999999,232.71,0.0,2.464123046875002,0.1199,0.0
2025-10-01 06:00:00,0.1733,232.71,0.0,2.538759277343752,0.1199,0.0
2025-10-01 07:00:00,0.13909,232.71,0.0,2.671044433593752,0.1199,0.0
2025-10-01 08:00:00,0.10525,258.22,0.0,2.811752441406252,0.1199,0.0
2025-10-01 09:00:00,0.08604,258.22,0.0,2.9,0.1199,0.1143170910844213
2025-10-01 10:00:00,0.07057,258.22,3.55,2.9,0.1199,0.363401108553916
2025-10-01 11:00:00,0.06603,116.25,15.1,2.9,0.1199,0.4738825619313431
2025-10-01 12:00:00,0.0684,116.25,59.5,2.9,0.1199,0.4922448087811514
2025-10-01 13:00:00,0.07263,116.25,109.0,2.9,0.1199,0.4492153936163189
2025-10-01 14:00:00,0.08172,49.06,133.0,2.9,0.1199,0.2932465534164925
2025-10-01 15:00:00,0.09287,49.06,144.0,2.9,0.1199,0.1548477836143736
2025-10-01 16:00:00,0.1354,49.06,140.0,2.9,0.1199,0.0
2025-10-01 17:00:00,0.25324,61.17,131.0,2.870868652343752,0.1199,0.0
2025-10-01 18:00:00,0.33999,61.17,105.0,2.820138671875002,0.1199,0.0
2025-10-01 19:00:00,0.15202,61.17,61.8,2.748197753906252,0.1199,0.0
2025-10-01 20:00:00,0.11304,119.7,20.0,2.695341308593752,0.1199,0.0
2025-10-01 21:00:00,0.09851,119.7,1.5,2.653334472656252,0.1199,0.0
2025-10-01 22:00:00,0.09065,119.7,0.0,2.612221191406252,0.1199,0.0
2025-10-01 23:00:00,0.0907999999999999,144.53,0.0,2.566571777343752,0.1199,0.0
2025-10-02 00:00:00,0.088,144.53,0.0,2.523390625000002,0.1199,0.0
2025-10-02 01:00:00,0.08652,144.53,0.0,2.481063964843752,0.1199,0.0
2025-10-02 02:00:00,0.08856,170.34,0.0,2.470248535156252,0.1199,0.0
2025-10-02 03:00:00,0.09081,170.34,0.0,2.454525878906252,0.1199,0.0
2025-10-02 04:00:00,0.09597,170.34,0.0,2.432719238281252,0.1199,0.0
2025-10-02 05:00:00,0.12872,249.4,0.0,2.422960937500002,0.1199,0.0
2025-10-02 06:00:00,0.18109,249.4,0.0,2.5533662109375017,0.1199,0.0
2025-10-02 07:00:00,0.13668,249.4,0.0,2.7423945312500018,0.1199,0.0
2025-10-02 08:00:00,0.10051,248.47,0.0,2.891444824218752,0.1199,0.0
2025-10-02 09:00:00,0.09148,248.47,0.4,2.9,0.1199,0.1647077519911739
2025-10-02 10:00:00,0.07829,248.47,5.43,2.9,0.1199,0.3153353935765581
2025-10-02 11:00:00,0.06577,101.12,35.3,2.9,0.1199,0.4634018887922249
2025-10-02 12:00:00,0.0605,101.12,76.3,2.9,0.1199,0.4718519608846977
2025-10-02 13:00:00,0.07129,101.12,106.0,2.9,0.1199,0.4452883538766
2025-10-02 14:00:00,0.08066,42.13,113.0,2.9,0.1199,0.3427514099375338
2025-10-02 15:00:00,0.09145,42.13,142.0,2.9,0.1199,0.1891672910262081
2025-10-02 16:00:00,0.1133199999999999,42.13,131.0,2.9,0.1199,0.0
2025-10-02 17:00:00,0.16793,59.17,87.3,2.835880859375002,0.1199,0.0
2025-10-02 18:00:00,0.17684,59.17,99.9,2.769052246093752,0.1199,0.0
2025-10-02 19:00:00,0.10992,59.17,71.4,2.718495605468752,0.1199,0.0
2025-10-02 20:00:00,0.09085,121.88,18.1,2.682321289062502,0.1199,0.0
2025-10-02 21:00:00,0.09666,121.88,0.65,2.657541015625002,0.1199,0.0
2025-10-02 22:00:00,0.08209,121.88,0.0,2.6427558593750016,0.1199,0.0
2025-10-02 23:00:00,0.08593,150.98,0.0,2.651234863281252,0.1199,0.0
2025-10-03 00:00:00,0.07714,150.98,0.0,2.665331542968752,0.1199,0.0
2025-10-03 01:00:00,0.07175,150.98,0.0,2.6899628906250017,0.1199,0.0
2025-10-03 02:00:00,0.07391,160.21,0.0,2.7180976562500017,0.1199,0.0
2025-10-03 03:00:00,0.07629,160.21,0.0,2.722448242187497,0.1199,0.0
2025-10-03 04:00:00,0.07798,160.21,0.0,2.737355468750002,0.1199,0.0
2025-10-03 05:00:00,0.09378,158.48,0.0,2.7470039062500016,0.1199,0.0
2025-10-03 06:00:00,0.10042,158.48,0.0,2.747401855468752,0.1199,0.0
2025-10-03 07:00:00,0.10368,158.48,0.0,2.808380859375002,0.1199,0.0
2025-10-03 08:00:00,0.0839,170.04,0.0,2.8867792968750017,0.1199,0.0
2025-10-03 09:00:00,0.06,170.04,0.0,2.9,0.1199,0.0
2025-10-03 10:00:00,0.0405,170.04,1.43,2.9,0.1199,0.0
2025-10-03 11:00:00,0.02635,112.75,21.1,2.9,0.1199,0.0
2025-10-03 12:00:00,0.0165,112.75,35.2,2.9,0.1199,0.0956356721826715
2025-10-03 13:00:00,0.0261999999999999,112.75,22.9,2.9,0.1199,0.0
2025-10-03 14:00:00,0.04988,82.47,30.3,2.9,0.1199,0.0
2025-10-03 15:00:00,0.06339,82.47,34.3,2.9,0.1199,0.0
2025-10-03 16:00:00,0.0899,82.47,30.4,2.9,0.1199,0.0
2025-10-03 17:00:00,0.12076,90.66,24.8,2.9,0.1199,0.0
2025-10-03 18:00:00,0.10901,90.66,19.0,2.9,0.1199,0.0
2025-10-03 19:00:00,0.07504,90.66,10.5,2.897533691406252,0.1199,0.0
2025-10-03 20:00:00,0.04344,130.17,2.78,2.8681977539062515,0.1199,0.0
2025-10-03 21:00:00,0.0254,130.17,0.1,2.885375488281252,0.1199,0.0
2025-10-03 22:00:00,0.01111,130.17,0.0,2.9,0.1199,0.0
2025-10-03 23:00:00,0.00073,120.76,0.0,2.9,0.1199,0.0
2025-10-04 00:00:00,-1e-05,120.76,0.0,2.9,0.1199,0.0
2025-10-04 01:00:00,-4e-05,120.76,0.0,2.9,0.1199,0.0
2025-10-04 02:00:00,-0.0001,83.34,0.0,2.9,0.1199,0.0
2025-10-04 03:00:00,-0.00113,83.34,0.0,2.9,0.1199,0.0
2025-10-04 04:00:00,-0.00191,83.34,0.0,2.9,0.1199,0.0
2025-10-04 05:00:00,-0.0019199999999999,37.91,0.0,2.9,0.1199,0.0
2025-10-04 06:00:00,-0.00078,37.91,0.0,2.9,0.1199,0.0
2025-10-04 07:00:00,-0.0003,37.91,0.0,2.9,0.1199,0.0
2025-10-04 08:00:00,-0.00016,86.17,0.0,2.9,0.1199,0.0
2025-10-04 09:00:00,-8.999999999999999e-05,86.17,0.0,2.9,0.1199,0.0
2025-10-04 10:00:00,-0.0001,86.17,3.0,2.9,0.1199,0.0
2025-10-04 11:00:00,-8e-05,111.97,3.55,2.9,0.1199,0.0
2025-10-04 12:00:00,-0.00044,111.97,7.4,2.9,0.1199,0.0
2025-10-04 13:00:00,-0.0020499999999999,111.97,21.7,2.9,0.1199,0.2905808302948145
2025-10-04 14:00:00,-0.00261,85.95,10.3,2.9,0.1199,0.2322808664953168
2025-10-04 15:00:00,-0.0001,85.95,101.0,2.9,0.1199,0.0973801860539655
2025-10-04 16:00:00,-8.999999999999999e-05,85.95,145.0,2.8981562500000018,0.1199,0.0
2025-10-04 17:00:00,0.00111,104.97,40.2,2.860016601562502,0.1199,0.0
2025-10-04 18:00:00,0.00323,104.97,23.5,2.823270996093752,0.1199,0.0
2025-10-04 19:00:00,0.00032,104.97,70.2,2.842521484375002,0.1199,0.0
2025-10-04 20:00:00,-8.999999999999999e-05,144.02,17.4,2.820849121093752,0.1199,0.0
2025-10-04 21:00:00,-5e-05,144.02,0.7000000000000001,2.817514160156252,0.1199,0.0
2025-10-04 22:00:00,-0.00034,144.02,0.0,2.808949707031252,0.1199,0.0
2025-10-04 23:00:00,-0.00075,130.35,0.0,2.8084736328125017,0.1199,0.0
2025-10-05 00:00:00,-0.0014,130.35,0.0,2.792035644531252,0.1199,0.0
2025-10-05 01:00:00,-0.00419,130.35,0.0,2.7872138671874973,0.1199,0.0
2025-10-05 02:00:00,-0.00438,129.0,0.0,2.777968261718752,0.1199,0.0
2025-10-05 03:00:00,-0.00498,129.0,0.0,2.782323730468752,0.1199,0.0
2025-10-05 04:00:00,-0.0044599999999999,129.0,0.0,2.743541992187497,0.1199,0.0
2025-10-05 05:00:00,-0.00376,137.31,0.0,2.731537597656252,0.1199,0.0
2025-10-05 06:00:00,-0.00151,137.31,0.0,2.728593261718752,0.1199,0.0
2025-10-05 07:00:00,-8.999999999999999e-05,137.31,0.0,2.742462890625002,0.1199,0.0
2025-10-05 08:00:00,-0.00139,136.52,0.0,2.814682128906252,0.1199,0.0
2025-10-05 09:00:00,-0.00333,136.52,0.0,2.8877167968750017,0.1199,0.0
2025-10-05 10:00:00,-0.00202,136.52,3.27,2.9,0.1199,0.1278948428769648
2025-10-05 11:00:00,-0.00342,105.68,17.7,2.9,0.1199,0.3380874183407241
2025-10-05 12:00:00,-0.00339,105.68,43.7,2.9,0.1199,0.284611509240195
2025-10-05 13:00:00,-0.00294,105.68,84.3,2.9,0.1199,0.214735235742776
2025-10-05 14:00:00,-0.00239,89.77,55.9,2.9,0.1199,0.0203153110453769
2025-10-05 15:00:00,-0.00069,89.77,86.4,2.9,0.1199,0.0
2025-10-05 16:00:00,0.00085,89.77,78.5,2.8975263671874973,0.1199,0.0
2025-10-05 17:00:00,0.0160799999999999,111.32,57.9,2.885331542968752,0.1199,0.0
2025-10-05 18:00:00,0.03505,111.32,70.7,2.761916015625002,0.1199,0.0
2025-10-05 19:00:00,0.0198299999999999,111.32,32.9,2.764799316406252,0.1199,0.0
2025-10-05 20:00:00,0.00548,138.56,3.47,2.754818847656252,0.1199,0.0
2025-10-05 21:00:00,0.0052,138.56,0.0,2.7747626953125017,0.1199,0.0
2025-10-05 22:00:00,0.00408,138.56,0.0,2.7676191406250017,0.1199,0.0
2025-10-05 23:00:00,0.02085,155.15,0.0,2.753383300781252,0.1199,0.0
2025-10-06 00:00:00,0.01005,155.15,0.0,2.742230957031252,0.1199,0.0
2025-10-06 01:00:00,0.0091,155.15,0.0,2.756933105468752,0.1199,0.0
2025-10-06 02:00:00,0.01073,139.8,0.0,2.773954589843752,0.1199,0.0
2025-10-06 03:00:00,0.0168,139.8,0.0,2.773534667968752,0.1199,0.0
2025-10-06 04:00:00,0.0226,139.8,0.0,2.791127441406252,0.1199,0.0
2025-10-06 05:00:00,0.06859,182.48,0.0,2.815089843750002,0.1199,0.0
2025-10-06 06:00:00,0.1050499999999999,182.48,0.0,2.818998535156252,0.1199,0.0
2025-10-06 07:00:00,0.1217699999999999,182.48,0.0,2.8233613281250016,0.1199,0.0
2025-10-06 08:00:00,0.12112,192.41,0.0,2.8344306640625017,0.1199,0.0
2025-10-06 09:00:00,0.10053,192.41,0.0,2.846527832031252,0.1199,0.0
2025-10-06 10:00:00,0.0892999999999999,192.41,1.65,2.857528808593752,0.1199,0.0
2025-10-06 11:00:00,0.08733,144.11,7.23,2.9,0.1199,0.0
2025-10-06 12:00:00,0.0846,144.11,7.85,2.9,0.1199,0.0
2025-10-06 13:00:00,0.09233,144.11,23.2,2.9,0.1199,0.0
2025-10-06 14:00:00,0.09455,114.6,36.5,2.9,0.1199,0.0
2025-10-06 15:00:00,0.10477,114.6,26.6,2.9,0.1199,0.0
2025-10-06 16:00:00,0.12029,114.6,26.3,2.9,0.1199,0.0
2025-10-06 17:00:00,0.14159,94.49,17.4,2.9,0.1199,0.0
2025-10-06 18:00:00,0.16832,94.49,17.8,2.9,0.1199,0.0
2025-10-06 19:00:00,0.13368,94.49,11.8,2.9,0.1199,0.0
2025-10-06 20:00:00,0.1202,104.38,3.35,2.9,0.1199,0.0
2025-10-06 21:00:00,0.11866,104.38,0.0,2.9,0.1199,0.0
2025-10-06 22:00:00,0.1055,104.38,0.0,2.9,0.1199,0.0
2025-10-06 23:00:00,0.10026,105.19,0.0,2.9,0.1199,0.0
2025-10-07 00:00:00,0.0939899999999999,105.19,0.0,2.9,0.1199,0.0
2025-10-07 01:00:00,0.08982,105.19,0.0,2.9,0.1199,0.0
2025-10-07 02:00:00,0.0895499999999999,98.54,0.0,2.9,0.1199,0.0
2025-10-07 03:00:00,0.09298,98.54,0.0,2.9,0.1199,0.0
2025-10-07 04:00:00,0.0967399999999999,98.54,0.0,2.9,0.1199,0.0
2025-10-07 05:00:00,0.1348899999999999,130.21,0.0,2.9,0.1199,0.0
2025-10-07 06:00:00,0.22856,130.21,0.0,2.9,0.1199,0.0
2025-10-07 07:00:00,0.28767,130.21,0.0,2.9,0.1199,0.0
2025-10-07 08:00:00,0.21218,137.06,0.0,2.9,0.1199,0.0
2025-10-07 09:00:00,0.15466,137.06,0.0,2.9,0.1199,0.0
2025-10-07 10:00:00,0.12991,137.06,1.47,2.9,0.1199,0.0
2025-10-07 11:00:00,0.11094,113.06,4.78,2.9,0.1199,0.0
2025-10-07 12:00:00,0.10618,113.06,11.0,2.9,0.1199,0.0329024886327911
2025-10-07 13:00:00,0.10535,113.06,17.3,2.9,0.1199,0.0308833583405591
2025-10-07 14:00:00,0.11316,77.08,17.6,2.9,0.1199,0.0412415098829983
2025-10-07 15:00:00,0.1221,77.08,17.2,2.9,0.1199,0.0
2025-10-07 16:00:00,0.15184,77.08,19.3,2.9,0.1199,0.0
2025-10-07 17:00:00,0.20242,58.33,11.6,2.9,0.1199,0.0
2025-10-07 18:00:00,0.21328,58.33,16.2,2.9,0.1199,0.0
2025-10-07 19:00:00,0.14634,58.33,12.5,2.9,0.1199,0.0
2025-10-07 20:00:00,0.1232399999999999,69.38,3.18,2.9,0.1199,0.0
2025-10-07 21:00:00,0.10742,69.38,0.0,2.9,0.1199,0.0
2025-10-07 22:00:00,0.09748,69.38,0.0,2.9,0.1199,0.0
2025-10-07 23:00:00,0.09345,79.93,0.0,2.9,0.1199,0.0
2025-10-08 00:00:00,0.0884399999999999,79.93,0.0,2.9,0.1199,0.0
2025-10-08 01:00:00,0.08756,79.93,0.0,2.9,0.1199,0.0
2025-10-08 02:00:00,0.08698,84.54,0.0,2.9,0.1199,0.0
2025-10-08 03:00:00,0.08967,84.54,0.0,2.9,0.1199,0.0
2025-10-08 04:00:00,0.09739,84.54,0.0,2.9,0.1199,0.0
2025-10-08 05:00:00,0.11711,116.06,0.0,2.9,0.1199,0.0
2025-10-08 06:00:00,0.15558,116.06,0.0,2.9,0.1199,0.0
2025-10-08 07:00:00,0.1664,116.06,0.0,2.9,0.1199,0.0
2025-10-08 08:00:00,0.13518,129.22,0.0,2.9,0.1199,0.0
2025-10-08 09:00:00,0.11845,129.22,0.0,2.9,0.1199,0.0
2025-10-08 10:00:00,0.10333,129.22,1.4,2.9,0.1199,0.0
2025-10-08 11:00:00,0.09082,112.75,7.1,2.9,0.1199,0.0
2025-10-08 12:00:00,0.08934,112.75,10.7,2.9,0.1199,0.027032314236665
2025-10-08 13:00:00,0.0904399999999999,112.75,12.8,2.9,0.1199,0.0
2025-10-08 14:00:00,0.09943,76.84,28.7,2.9,0.1199,0.0
2025-10-08 15:00:00,0.11747,76.84,37.5,2.9,0.1199,0.0
2025-10-08 16:00:00,0.14948,76.84,44.7,2.9,0.1199,0.0
2025-10-08 17:00:00,0.18381,62.4,38.5,2.9,0.1199,0.0
2025-10-08 18:00:00,0.199,62.4,29.4,2.9,0.1199,0.0
2025-10-08 19:00:00,0.1417,62.4,16.8,2.9,0.1199,0.0
2025-10-08 20:00:00,0.11474,77.3,5.13,2.9,0.1199,0.0
2025-10-08 21:00:00,0.1082399999999999,77.3,0.2,2.9,0.1199,0.0
2025-10-08 22:00:00,0.09783,77.3,0.0,2.9,0.1199,0.0
2025-10-08 23:00:00,0.09722,91.85,0.0,2.9,0.1199,0.0
2025-10-09 00:00:00,0.09258,91.85,0.0,2.9,0.1199,0.0
2025-10-09 01:00:00,0.09326,91.85,0.0,2.9,0.1199,0.0
2025-10-09 02:00:00,0.09082,91.74,0.0,2.9,0.1199,0.0
2025-10-09 03:00:00,0.0927,91.74,0.0,2.9,0.1199,0.0
2025-10-09 04:00:00,0.10115,91.74,0.0,2.9,0.1199,0.0
2025-10-09 05:00:00,0.12558,135.47,0.0,2.9,0.1199,0.0
2025-10-09 06:00:00,0.145,135.47,0.0,2.882560546875002,0.1199,0.0
2025-10-09 07:00:00,0.1499,135.47,0.0,2.898573730468752,0.1199,0.0
2025-10-09 08:00:00,0.13249,161.37,0.0,2.9,0.1199,0.0
2025-10-09 09:00:00,0.10969,161.37,0.0,2.9,0.1199,0.0
2025-10-09 10:00:00,0.0969599999999999,161.37,2.95,2.9,0.1199,0.0387824312398226
2025-10-09 11:00:00,0.0910199999999999,109.89,18.2,2.9,0.1199,0.1798924614738164
2025-10-09 12:00:00,0.08335,109.89,28.7,2.9,0.1199,0.1189543953561092
2025-10-09 13:00:00,0.0832,109.89,64.6,2.9,0.1199,0.0966335673541063
2025-10-09 14:00:00,0.0888299999999999,75.09,91.7,2.9,0.1199,0.0
2025-10-09 15:00:00,0.09208,75.09,56.4,2.9,0.1199,0.0
2025-10-09 16:00:00,0.11001,75.09,79.5,2.9,0.1199,0.0
2025-10-09 17:00:00,0.1229099999999999,70.27,48.2,2.9,0.1199,0.0
2025-10-09 18:00:00,0.12311,70.27,15.1,2.9,0.1199,0.0
2025-10-09 19:00:00,0.11236,70.27,7.43,2.9,0.1199,0.0
2025-10-09 20:00:00,0.09809,90.82,2.05,2.9,0.1199,0.0
2025-10-09 21:00:00,0.09683,90.82,0.1,2.885829589843752,0.1199,0.0
2025-10-09 22:00:00,0.0887,90.82,0.0,2.857863281250002,0.1199,0.0
2025-10-09 23:00:00,0.08801,103.3,0.0,2.815941894531252,0.1199,0.0
2025-10-10 00:00:00,0.08497,103.3,0.0,2.793061035156252,0.1199,0.0
2025-10-10 01:00:00,0.08009,103.3,0.0,2.7944306640625016,0.1199,0.0
2025-10-10 02:00:00,0.07829,110.74,0.0,2.813373535156252,0.1199,0.0
2025-10-10 03:00:00,0.0792099999999999,110.74,0.0,2.829296386718752,0.1199,0.0
2025-10-10 04:00:00,0.08607,110.74,0.0,2.8408369140625016,0.1199,0.0
2025-10-10 05:00:00,0.10264,143.4,0.0,2.843144042968752,0.1199,0.0
2025-10-10 06:00:00,0.1193299999999999,143.4,0.0,2.839638183593752,0.1199,0.0
2025-10-10 07:00:00,0.12261,143.4,0.0,2.895067871093752,0.1199,0.0
2025-10-10 08:00:00,0.1077699999999999,152.63,0.0,2.9,0.1199,0.0
2025-10-10 09:00:00,0.09301,152.63,0.0,2.9,0.1199,0.0
2025-10-10 10:00:00,0.08212,152.63,3.35,2.9,0.1199,0.0494374442402393
2025-10-10 11:00:00,0.07753,75.98,9.48,2.9,0.1199,0.1451392614145018
2025-10-10 12:00:00,0.07569,75.98,23.4,2.9,0.1199,0.0246239118231658
2025-10-10 13:00:00,0.07726,75.98,57.7,2.9,0.1199,0.0
2025-10-10 14:00:00,0.0889,48.51,126.0,2.9,0.1199,0.0
2025-10-10 15:00:00,0.09786,48.51,102.0,2.9,0.1199,0.0
2025-10-10 16:00:00,0.1182,48.51,67.6,2.9,0.1199,0.0
2025-10-10 17:00:00,0.12061,43.57,23.7,2.9,0.1199,0.0
2025-10-10 18:00:00,0.12329,43.57,12.5,2.9,0.1199,0.0
2025-10-10 19:00:00,0.11539,43.57,6.05,2.9,0.1199,0.0
2025-10-10 20:00:00,0.10392,60.46,1.43,2.9,0.1199,0.0
2025-10-10 21:00:00,0.09774,60.46,0.0,2.9,0.1199,0.0
2025-10-10 22:00:00,0.0933499999999999,60.46,0.0,2.9,0.1199,0.0
2025-10-10 23:00:00,0.09297,60.6,0.0,2.9,0.1199,0.0
2025-10-11 00:00:00,0.08884,60.6,0.0,2.9,0.1199,0.0
2025-10-11 01:00:00,0.08739,60.6,0.0,2.9,0.1199,0.0
2025-10-11 02:00:00,0.08418,72.59,0.0,2.9,0.1199,0.0
2025-10-11 03:00:00,0.08203,72.59,0.0,2.9,0.1199,0.0
2025-10-11 04:00:00,0.08476,72.59,0.0,2.9,0.1199,0.0
2025-10-11 05:00:00,0.0902699999999999,82.17,0.0,2.9,0.1199,0.0
2025-10-11 06:00:00,0.09675,82.17,0.0,2.9,0.1199,0.0
2025-10-11 07:00:00,0.1004,82.17,0.0,2.9,0.1199,0.0
2025-10-11 08:00:00,0.0929599999999999,81.16,0.0,2.9,0.1199,0.0
2025-10-11 09:00:00,0.08243,81.16,0.0,2.9,0.1199,0.0
2025-10-11 10:00:00,0.07402,81.16,0.4,2.9,0.1199,0.0
2025-10-11 11:00:00,0.05542,75.19,2.63,2.9,0.1199,0.0
2025-10-11 12:00:00,0.04677,75.19,8.05,2.9,0.1199,0.0
2025-10-11 13:00:00,0.05103,75.19,8.1,2.9,0.1199,0.0
2025-10-11 14:00:00,0.07694,63.6,20.7,2.9,0.1199,0.0
2025-10-11 15:00:00,0.08365,63.6,30.0,2.9,0.1199,0.0
2025-10-11 16:00:00,0.11401,63.6,27.6,2.9,0.1199,0.0
2025-10-11 17:00:00,0.12644,71.5,21.3,2.9,0.1199,0.0
2025-10-11 18:00:00,0.1301699999999999,71.5,12.8,2.9,0.1199,0.0
2025-10-11 19:00:00,0.12064,71.5,5.05,2.9,0.1199,0.0
2025-10-11 20:00:00,0.11254,83.18,0.7000000000000001,2.8884052734375016,0.1199,0.0
2025-10-11 21:00:00,0.1069099999999999,83.18,0.0,2.8735957031250017,0.1199,0.0
2025-10-11 22:00:00,0.0950999999999999,83.18,0.0,2.855482910156252,0.1199,0.0
2025-10-11 23:00:00,0.09618,86.38,0.0,2.8415864257812515,0.1199,0.0
2025-10-12 00:00:00,0.09217,86.38,0.0,2.817216308593752,0.1199,0.0
2025-10-12 01:00:00,0.08886,86.38,0.0,2.802565429687497,0.1199,0.0
2025-10-12 02:00:00,0.08513,93.85,0.0,2.784037597656252,0.1199,0.0
2025-10-12 03:00:00,0.08641,93.85,0.0,2.7737153320312515,0.1199,0.0
2025-10-12 04:00:00,0.08666,93.85,0.0,2.7763496093750017,0.1199,0.0
2025-10-12 05:00:00,0.0883,95.47,0.0,2.747584960937502,0.1199,0.0
2025-10-12 06:00:00,0.08917,95.47,0.0,2.835216796875002,0.1199,0.0
2025-10-12 07:00:00,0.08866,95.47,0.0,2.9,0.1199,0.0
2025-10-12 08:00:00,0.08306,96.54,0.0,2.9,0.1199,0.0
2025-10-12 09:00:00,0.07621,96.54,0.0,2.9,0.1199,0.0
2025-10-12 10:00:00,0.0719,96.54,4.4,2.9,0.1199,0.0
2025-10-12 11:00:00,0.06689,63.19,8.68,2.9,0.1199,0.0
2025-10-12 12:00:00,0.05216,63.19,25.9,2.9,0.1199,0.035795462030069
2025-10-12 13:00:00,0.06247,63.19,44.7,2.9,0.1199,0.013772079797261
2025-10-12 14:00:00,0.0799899999999999,51.26,64.9,2.9,0.1199,0.0
2025-10-12 15:00:00,0.088,51.26,107.0,2.9,0.1199,0.0
2025-10-12 16:00:00,0.1055499999999999,51.26,57.9,2.9,0.1199,0.0
2025-10-12 17:00:00,0.1089,66.66,69.5,2.9,0.1199,0.0
2025-10-12 18:00:00,0.11664,66.66,22.2,2.9,0.1199,0.0
2025-10-12 19:00:00,0.11553,66.66,9.25,2.9,0.1199,0.0
2025-10-12 20:00:00,0.11045,84.56,1.5,2.9,0.1199,0.0
2025-10-12 21:00:00,0.10779,84.56,0.0,2.9,0.1199,0.0
2025-10-12 22:00:00,0.09345,84.56,0.0,2.9,0.1199,0.0
2025-10-12 23:00:00,0.09345,98.42,0.0,2.9,0.1199,0.0
2025-10-13 00:00:00,0.09026,98.42,0.0,2.9,0.1199,0.0
2025-10-13 01:00:00,0.09083,98.42,0.0,2.9,0.1199,0.0
2025-10-13 02:00:00,0.08912,89.33,0.0,2.9,0.1199,0.0
2025-10-13 03:00:00,0.09345,89.33,0.0,2.9,0.1199,0.0
2025-10-13 04:00:00,0.0980999999999999,89.33,0.0,2.9,0.1199,0.0
2025-10-13 05:00:00,0.13141,118.56,0.0,2.9,0.1199,0.0
2025-10-13 06:00:00,0.2186399999999999,118.56,0.0,2.9,0.1199,0.0
2025-10-13 07:00:00,0.19956,118.56,0.0,2.9,0.1199,0.0
2025-10-13 08:00:00,0.15019,123.13,0.0,2.9,0.1199,0.0
2025-10-13 09:00:00,0.1251,123.13,0.0,2.9,0.1199,0.0
2025-10-13 10:00:00,0.11,123.13,1.5,2.9,0.1199,0.0
2025-10-13 11:00:00,0.0950999999999999,101.47,7.98,2.9,0.1199,0.0
2025-10-13 12:00:00,0.08986,101.47,16.4,2.9,0.1199,0.0
2025-10-13 13:00:00,0.0920999999999999,101.47,19.2,2.9,0.1199,0.0
2025-10-13 14:00:00,0.10184,74.71,25.6,2.9,0.1199,0.0
2025-10-13 15:00:00,0.1179,74.71,50.0,2.9,0.1199,0.0
2025-10-13 16:00:00,0.1805999999999999,74.71,26.8,2.9,0.1199,0.0
2025-10-13 17:00:00,0.30574,66.7,26.0,2.9,0.1199,0.0
2025-10-13 18:00:00,0.3065799999999999,66.7,16.7,2.9,0.1199,0.0
2025-10-13 19:00:00,0.1869499999999999,66.7,8.9,2.9,0.1199,0.0
2025-10-13 20:00:00,0.13718,82.82,1.57,2.9,0.1199,0.0
2025-10-13 21:00:00,0.12199,82.82,0.0,2.891737792968752,0.1199,0.0
2025-10-13 22:00:00,0.11128,82.82,0.0,2.8641132812500016,0.1199,0.0
2025-10-13 23:00:00,0.10918,92.76,0.0,2.8419990234375017,0.1199,0.0
2025-10-14 00:00:00,0.10301,92.76,0.0,2.847543457031252,0.1199,0.0
2025-10-14 01:00:00,0.09952,92.76,0.0,2.833305175781252,0.1199,0.0
2025-10-14 02:00:00,0.09887,122.71,0.0,2.820072753906252,0.1199,0.0
2025-10-14 03:00:00,0.10005,122.71,0.0,2.817318847656252,0.1199,0.0
2025-10-14 04:00:00,0.10145,122.71,0.0,2.795243652343752,0.1199,0.0
2025-10-14 05:00:00,0.12329,177.58,0.0,2.7868671875000017,0.1199,0.0
2025-10-14 06:00:00,0.1601999999999999,177.58,0.0,2.789149902343752,0.1199,0.0
2025-10-14 07:00:00,0.19082,177.58,0.0,2.840041015625002,0.1199,0.0
2025-10-14 08:00:00,0.1564499999999999,195.01,0.0,2.888595703125002,0.1199,0.0
2025-10-14 09:00:00,0.13473,195.01,0.0,2.9,0.1199,0.0
2025-10-14 10:00:00,0.11985,195.01,3.23,2.9,0.1199,0.055208110286715
2025-10-14 11:00:00,0.10765,134.38,21.8,2.9,0.1199,0.0250451651633343
2025-10-14 12:00:00,0.103,134.38,54.1,2.9,0.1199,0.0
2025-10-14 13:00:00,0.10527,134.38,53.6,2.9,0.1199,0.0
2025-10-14 14:00:00,0.12228,108.12,53.0,2.9,0.1199,0.0
2025-10-14 15:00:00,0.1466,108.12,32.6,2.9,0.1199,0.0
2025-10-14 16:00:00,0.2191999999999999,108.12,32.9,2.9,0.1199,0.0
2025-10-14 17:00:00,0.40496,93.52,34.8,2.9,0.1199,0.0
2025-10-14 18:00:00,0.4072099999999999,93.52,12.4,2.9,0.1199,0.0
2025-10-14 19:00:00,0.2254799999999999,93.52,14.6,2.9,0.1199,0.0
2025-10-14 20:00:00,0.16304,97.61,2.6,2.9,0.1199,0.0
2025-10-14 21:00:00,0.12986,97.61,0.0,2.9,0.1199,0.0
2025-10-14 22:00:00,0.11536,97.61,0.0,2.9,0.1199,0.0
2025-10-14 23:00:00,0.11546,97.47,0.0,2.890377929687497,0.1199,0.0
2025-10-15 00:00:00,0.11187,97.47,0.0,2.884513671875002,0.1199,0.0
2025-10-15 01:00:00,0.10768,97.47,0.0,2.870067871093752,0.1199,0.0
2025-10-15 02:00:00,0.10362,103.71,0.0,2.859809082031252,0.1199,0.0
2025-10-15 03:00:00,0.10648,103.71,0.0,2.839794433593752,0.1199,0.0
2025-10-15 04:00:00,0.1144,103.71,0.0,2.827013671875002,0.1199,0.0
2025-10-15 05:00:00,0.15196,149.65,0.0,2.823891113281252,0.1199,0.0
2025-10-15 06:00:00,0.27874,149.65,0.0,2.8324531250000016,0.1199,0.0
2025-10-15 07:00:00,0.2762,149.65,0.0,2.865792968750002,0.1199,0.0
2025-10-15 08:00:00,0.18105,177.66,0.0,2.9,0.1199,0.0
2025-10-15 09:00:00,0.14236,177.66,0.0,2.9,0.1199,0.0
2025-10-15 10:00:00,0.1261,177.66,1.0,2.9,0.1199,0.0
2025-10-15 11:00:00,0.11943,135.78,5.88,2.9,0.1199,0.0
2025-10-15 12:00:00,0.11288,135.78,17.8,2.9,0.1199,0.0502834874791508
2025-10-15 13:00:00,0.11539,135.78,32.2,2.9,0.1199,0.0
2025-10-15 14:00:00,0.12264,106.03,51.0,2.9,0.1199,0.0
2025-10-15 15:00:00,0.13569,106.03,44.0,2.9,0.1199,0.0
2025-10-15 16:00:00,0.17,106.03,39.9,2.9,0.1199,0.0
2025-10-15 17:00:00,0.22188,98.36,32.3,2.9,0.1199,0.0
2025-10-15 18:00:00,0.22,98.36,20.3,2.840780761718752,0.1199,0.0
2025-10-15 19:00:00,0.1528499999999999,98.36,9.13,2.806793945312502,0.1199,0.0
2025-10-15 20:00:00,0.12434,112.6,1.17,2.773505371093752,0.1199,0.0
2025-10-15 21:00:00,0.0982099999999999,112.6,0.0,2.774794433593752,0.1199,0.0
2025-10-15 22:00:00,0.08817,112.6,0.0,2.7815278320312515,0.1199,0.0
2025-10-15 23:00:00,0.08816,124.93,0.0,2.7788422851562515,0.1199,0.0
2025-10-16 00:00:00,0.08581,124.93,0.0,2.7788691406250017,0.1199,0.0
2025-10-16 01:00:00,0.088,124.93,0.0,2.785932128906252,0.1199,0.0
2025-10-16 02:00:00,0.08666,138.6,0.0,2.779740722656252,0.1199,0.0
2025-10-16 03:00:00,0.08834,138.6,0.0,2.773791015625002,0.1199,0.0
2025-10-16 04:00:00,0.08505,138.6,0.0,2.767384765625002,0.1199,0.0
2025-10-16 05:00:00,0.09619,198.89,0.0,2.746647460937502,0.1199,0.0
2025-10-16 06:00:00,0.11612,198.89,0.0,2.723119628906252,0.1199,0.0
2025-10-16 07:00:00,0.13277,198.89,0.0,2.757472656250002,0.1199,0.0
2025-10-16 08:00:00,0.11993,230.53,0.0,2.793432128906252,0.1199,0.0
2025-10-16 09:00:00,0.0922399999999999,230.53,0.0,2.838705566406252,0.1199,0.0
2025-10-16 10:00:00,0.08831,230.53,3.93,2.9,0.1199,0.0
2025-10-16 11:00:00,0.0834,179.11,13.2,2.9,0.1199,0.0133698695133244
2025-10-16 12:00:00,0.08148,179.11,21.4,2.9,0.1199,0.0
2025-10-16 13:00:00,0.08298,179.11,20.3,2.9,0.1199,0.0
2025-10-16 14:00:00,0.08303,118.36,27.4,2.9,0.1199,0.0
2025-10-16 15:00:00,0.08903,118.36,46.9,2.9,0.1199,0.0
2025-10-16 16:00:00,0.12092,118.36,47.2,2.9,0.1199,0.0
2025-10-16 17:00:00,0.13,100.45,43.5,2.898476074218752,0.1199,0.0
2025-10-16 18:00:00,0.14059,100.45,23.8,2.831747558593752,0.1199,0.0
2025-10-16 19:00:00,0.12559,100.45,3.97,2.8041621093750018,0.1199,0.0
2025-10-16 20:00:00,0.10223,112.7,1.03,2.779914062500002,0.1199,0.0
2025-10-16 21:00:00,0.09986,112.7,0.0,2.740370605468752,0.1199,0.0
2025-10-16 22:00:00,0.09336,112.7,0.0,2.708563964843752,0.1199,0.0
2025-10-16 23:00:00,0.08815,117.64,0.0,2.695648925781252,0.1199,0.0
2025-10-17 00:00:00,0.08831,117.64,0.0,2.682404296875002,0.1199,0.0
2025-10-17 01:00:00,0.08906,117.64,0.0,2.666767089843752,0.1199,0.0
2025-10-17 02:00:00,0.08846,128.28,0.0,2.647904785156252,0.1199,0.0
2025-10-17 03:00:00,0.09059,128.28,0.0,2.645990722656252,0.1199,0.0
2025-10-17 04:00:00,0.09451,128.28,0.0,2.657494628906252,0.1199,0.0
2025-10-17 05:00:00,0.1079099999999999,174.54,0.0,2.663148925781252,0.1199,0.0
2025-10-17 06:00:00,0.12949,174.54,0.0,2.722089355468752,0.1199,0.0
2025-10-17 07:00:00,0.14484,174.54,0.0,2.7749238281250017,0.1199,0.0
2025-10-17 08:00:00,0.12902,198.12,0.0,2.823427246093752,0.1199,0.0
2025-10-17 09:00:00,0.11718,198.12,0.0,2.852179687500002,0.1199,0.0
2025-10-17 10:00:00,0.09904,198.12,2.1,2.9,0.1199,0.0
2025-10-17 11:00:00,0.08814,154.91,9.15,2.9,0.1199,0.0435584011416661
2025-10-17 12:00:00,0.08672,154.91,13.9,2.9,0.1199,0.0
2025-10-17 13:00:00,0.08781,154.91,23.2,2.9,0.1199,0.0208926919785146
2025-10-17 14:00:00,0.08864,114.67,41.1,2.9,0.1199,0.0169243835127802
2025-10-17 15:00:00,0.095,114.67,42.0,2.9,0.1199,0.0
2025-10-17 16:00:00,0.11717,114.67,35.0,2.9,0.1199,0.0
2025-10-17 17:00:00,0.12931,104.06,17.6,2.862138183593752,0.1199,0.0
2025-10-17 18:00:00,0.13069,104.06,9.25,2.816425292968752,0.1199,0.0
2025-10-17 19:00:00,0.11699,104.06,4.9,2.803207519531252,0.1199,0.0
2025-10-17 20:00:00,0.10405,125.32,1.45,2.787470214843752,0.1199,0.0
2025-10-17 21:00:00,0.10218,125.32,0.0,2.770634277343752,0.1199,0.0
2025-10-17 22:00:00,0.0925,125.32,0.0,2.728402832031252,0.1199,0.0
2025-10-17 23:00:00,0.09462,142.69,0.0,2.706349609375002,0.1199,0.0
2025-10-18 00:00:00,0.08986,142.69,0.0,2.6775458984375016,0.1199,0.0
2025-10-18 01:00:00,0.08981,142.69,0.0,2.635702636718752,0.1199,0.0
2025-10-18 02:00:00,0.08834,158.97,0.0,2.6014375000000016,0.1199,0.0
2025-10-18 03:00:00,0.08835,158.97,0.0,2.6181806640625016,0.1199,0.0
2025-10-18 04:00:00,0.08832,158.97,0.0,2.6234345703125017,0.1199,0.0
2025-10-18 05:00:00,0.09196,173.78,0.0,2.646720703125002,0.1199,0.0
2025-10-18 06:00:00,0.10947,173.78,0.0,2.647414062500002,0.1199,0.0
2025-10-18 07:00:00,0.11454,173.78,0.0,2.716557128906252,0.1199,0.0
2025-10-18 08:00:00,0.10224,163.64,0.0,2.769928710937502,0.1199,0.0
2025-10-18 09:00:00,0.09147,163.64,0.0,2.8324311523437515,0.1199,0.0
2025-10-18 10:00:00,0.08079,163.64,2.05,2.875048339843752,0.1199,0.0506284051291414
2025-10-18 11:00:00,0.0739399999999999,119.5,9.75,2.897326171875002,0.1199,0.1401579204935107
2025-10-18 12:00:00,0.06753,119.5,23.1,2.9,0.1199,0.1555984251723094
2025-10-18 13:00:00,0.0723,119.5,53.8,2.9,0.1199,0.1097812467049291
2025-10-18 14:00:00,0.0835,105.9,78.8,2.9,0.1199,0.0397387054738551
2025-10-18 15:00:00,0.09655,105.9,43.8,2.831591308593752,0.1199,0.0
2025-10-18 16:00:00,0.12064,105.9,39.5,2.740849121093752,0.1199,0.0
2025-10-18 17:00:00,0.13324,139.57,47.9,2.693102539062502,0.1199,0.0
2025-10-18 18:00:00,0.1248199999999999,139.57,30.1,2.695036132812502,0.1199,0.0
2025-10-18 19:00:00,0.113,139.57,18.6,2.6599677734375016,0.1199,0.0
2025-10-18 20:00:00,0.09255,176.64,3.8,2.638290527343752,0.1199,0.0
2025-10-18 21:00:00,0.09558,176.64,0.0,2.623900878906252,0.1199,0.0
2025-10-18 22:00:00,0.0943499999999999,176.64,0.0,2.609955566406252,0.1199,0.0
2025-10-18 23:00:00,0.09234,188.89,0.0,2.605028808593752,0.1199,0.0
2025-10-19 00:00:00,0.08759,188.89,0.0,2.593212402343752,0.1199,0.0
2025-10-19 01:00:00,0.08229,188.89,0.0,2.590307128906252,0.1199,0.0
2025-10-19 02:00:00,0.08214,209.1,0.0,2.586115234375002,0.1199,0.0
2025-10-19 03:00:00,0.0832099999999999,209.1,0.0,2.581342285156252,0.1199,0.0
2025-10-19 04:00:00,0.0835,209.1,0.0,2.584228027343752,0.1199,0.0
2025-10-19 05:00:00,0.08525,213.3,0.0,2.586820800781252,0.1199,0.0
2025-10-19 06:00:00,0.08526,213.3,0.0,2.606752441406252,0.1199,0.0
2025-10-19 07:00:00,0.08716,213.3,0.0,2.6895527343750016,0.1199,0.0
2025-10-19 08:00:00,0.07843,210.3,0.0,2.8135810546874973,0.1199,0.0
2025-10-19 09:00:00,0.06964,210.3,0.0,2.9,0.1199,0.0
2025-10-19 10:00:00,0.0603,210.3,0.5,2.9,0.1199,0.1181020853267925
2025-10-19 11:00:00,0.03457,163.94,3.9,2.9,0.1199,0.2139957746978362
2025-10-19 12:00:00,0.0203,163.94,13.7,2.9,0.1199,0.3431302790317255
2025-10-19 13:00:00,0.03622,163.94,25.9,2.9,0.1199,0.3136207468114741
2025-10-19 14:00:00,0.06677,87.47,42.8,2.9,0.1199,0.2063667318726422
2025-10-19 15:00:00,0.08993,87.47,64.6,2.9,0.1199,0.042540395692184
2025-10-19 16:00:00,0.10607,87.47,117.0,2.9,0.1199,0.0
2025-10-19 17:00:00,0.10769,89.23,85.5,2.9,0.1199,0.0
2025-10-19 18:00:00,0.08562,89.23,61.1,2.9,0.1199,0.0
2025-10-19 19:00:00,0.0755,89.23,13.9,2.9,0.1199,0.0
2025-10-19 20:00:00,0.07315,110.54,2.53,2.9,0.1199,0.0
2025-10-19 21:00:00,0.07474,110.54,0.0,2.9,0.1199,0.0
2025-10-19 22:00:00,0.06086,110.54,0.0,2.9,0.1199,0.0
2025-10-19 23:00:00,0.07004,106.46,0.0,2.9,0.1199,0.0
2025-10-20 00:00:00,0.06398,106.46,0.0,2.9,0.1199,0.0
2025-10-20 01:00:00,0.06098,106.46,0.0,2.9,0.1199,0.0
2025-10-20 02:00:00,0.06,92.47,0.0,2.9,0.1199,0.0
2025-10-20 03:00:00,0.0606,92.47,0.0,2.9,0.1199,0.0
2025-10-20 04:00:00,0.07481,92.47,0.0,2.9,0.1199,0.0
2025-10-20 05:00:00,0.07625,110.05,0.0,2.9,0.1199,0.0
2025-10-20 06:00:00,0.09187,110.05,0.0,2.9,0.1199,0.0
2025-10-20 07:00:00,0.1251,110.05,0.0,2.9,0.1199,0.0
2025-10-20 08:00:00,0.09219,96.17,0.0,2.9,0.1199,0.0
2025-10-20 09:00:00,0.07315,96.17,0.0,2.9,0.1199,0.0
2025-10-20 10:00:00,0.06994,96.17,0.4,2.9,0.1199,0.0
2025-10-20 11:00:00,0.0602899999999999,61.09,5.93,2.9,0.1199,0.0
2025-10-20 12:00:00,0.06527,61.09,28.4,2.9,0.1199,0.1119245546184877
2025-10-20 13:00:00,0.07609,61.09,23.6,2.9,0.1199,0.0893694512038929
2025-10-20 14:00:00,0.09714,16.65,10.2,2.9,0.1199,0.0124570393475957
2025-10-20 15:00:00,0.11951,16.65,32.1,2.9,0.1199,0.0
2025-10-20 16:00:00,0.13112,16.65,60.3,2.9,0.1199,0.0
2025-10-20 17:00:00,0.12509,31.26,85.7,2.9,0.1199,0.0
2025-10-20 18:00:00,0.103,31.26,54.6,2.9,0.1199,0.0
2025-10-20 19:00:00,0.08229,31.26,34.8,2.9,0.1199,0.0
2025-10-20 20:00:00,0.07625,43.34,6.33,2.9,0.1199,0.0
2025-10-20 21:00:00,0.06838,43.34,0.0,2.9,0.1199,0.0
2025-10-20 22:00:00,0.051,43.34,0.0,2.9,0.1199,0.0
2025-10-20 23:00:00,0.06148,58.91,0.0,2.9,0.1199,0.0
2025-10-21 00:00:00,0.04383,58.91,0.0,2.9,0.1199,0.0
2025-10-21 01:00:00,0.03307,58.91,0.0,2.9,0.1199,0.0
2025-10-21 02:00:00,0.02228,81.14,0.0,2.9,0.1199,0.0
2025-10-21 03:00:00,0.02591,81.14,0.0,2.9,0.1199,0.0
2025-10-21 04:00:00,0.04746,81.14,0.0,2.9,0.1199,0.0
2025-10-21 05:00:00,0.0751,112.93,0.0,2.9,0.1199,0.0
2025-10-21 06:00:00,0.08812,112.93,0.0,2.9,0.1199,0.0
2025-10-21 07:00:00,0.09158,112.93,0.0,2.9,0.1199,0.0
2025-10-21 08:00:00,0.08472,144.87,0.0,2.9,0.1199,0.0
2025-10-21 09:00:00,0.07427,144.87,0.0,2.9,0.1199,0.0
2025-10-21 10:00:00,0.06511,144.87,1.25,2.9,0.1199,0.0
2025-10-21 11:00:00,0.04746,114.04,12.2,2.9,0.1199,0.0795370040022183
2025-10-21 12:00:00,0.03158,114.04,23.1,2.9,0.1199,0.0
2025-10-21 13:00:00,0.03306,114.04,30.9,2.9,0.1199,0.0205889551115506
2025-10-21 14:00:00,0.06023,81.51,28.5,2.9,0.1199,0.0322972605251555
2025-10-21 15:00:00,0.0682,81.51,49.8,2.9,0.1199,0.0
2025-10-21 16:00:00,0.1,81.51,46.5,2.9,0.1199,0.0
2025-10-21 17:00:00,0.1217999999999999,65.64,56.2,2.9,0.1199,0.0
2025-10-21 18:00:00,0.11538,65.64,41.4,2.9,0.1199,0.0
2025-10-21 19:00:00,0.09967,65.64,20.5,2.9,0.1199,0.0
2025-10-21 20:00:00,0.08106,99.65,3.07,2.9,0.1199,0.0
2025-10-21 21:00:00,0.08168,99.65,0.0,2.9,0.1199,0.0
2025-10-21 22:00:00,0.07433,99.65,0.0,2.9,0.1199,0.0
2025-10-21 23:00:00,0.08784,83.36,0.0,2.9,0.1199,0.0
2025-10-22 00:00:00,0.08749,83.36,0.0,2.9,0.1199,0.0
2025-10-22 01:00:00,0.08541,83.36,0.0,2.9,0.1199,0.0
2025-10-22 02:00:00,0.08935,104.43,0.0,2.8822358398437515,0.1199,0.0
2025-10-22 03:00:00,0.0895,104.43,0.0,2.867899902343752,0.1199,0.0
2025-10-22 04:00:00,0.09018,104.43,0.0,2.876857421875002,0.1199,0.0
2025-10-22 05:00:00,0.09939,143.77,0.0,2.868170898437502,0.1199,0.0
2025-10-22 06:00:00,0.10018,143.77,0.0,2.9,0.1199,0.0
2025-10-22 07:00:00,0.11376,143.77,0.0,2.9,0.1199,0.0
2025-10-22 08:00:00,0.12572,147.4,0.0,2.9,0.1199,0.0
2025-10-22 09:00:00,0.10573,147.4,0.0,2.9,0.1199,0.0
2025-10-22 10:00:00,0.09121,147.4,2.4,2.9,0.1199,0.0
2025-10-22 11:00:00,0.0871,107.03,14.4,2.9,0.1199,0.0536576473032927
2025-10-22 12:00:00,0.086,107.03,24.2,2.9,0.1199,0.1405664557186901
2025-10-22 13:00:00,0.0934599999999999,107.03,43.2,2.9,0.1199,0.1292625490729857
2025-10-22 14:00:00,0.11066,75.02,40.5,2.9,0.1199,0.0628237223684807
2025-10-22 15:00:00,0.135,75.02,19.0,2.9,0.1199,0.0
2025-10-22 16:00:00,0.19805,75.02,0.0,2.9,0.1199,0.0
2025-10-22 17:00:00,0.29648,79.82,0.0,2.859765136718752,0.1199,0.0
2025-10-22 18:00:00,0.27976,79.82,0.0,2.8466132812500016,0.1199,0.0
2025-10-22 19:00:00,0.18531,79.82,0.0,2.831488769531252,0.1199,0.0
2025-10-22 20:00:00,0.1339499999999999,109.04,0.0,2.851955078125002,0.1199,0.0
2025-10-22 21:00:00,0.12207,109.04,0.0,2.874213378906252,0.1199,0.0
2025-10-22 22:00:00,0.10809,109.04,0.0,2.890854003906252,0.1199,0.0
2025-10-22 23:00:00,0.10138,105.13,0.0,2.9,0.1199,0.0
2025-10-23 00:00:00,0.09874,105.13,0.0,2.9,0.1199,0.0
2025-10-23 01:00:00,0.0950699999999999,105.13,0.0,2.9,0.1199,0.0
2025-10-23 02:00:00,0.07992,100.11,0.0,2.9,0.1199,0.0
2025-10-23 03:00:00,0.071,100.11,0.0,2.9,0.1199,0.0
2025-10-23 04:00:00,0.06752,100.11,0.0,2.9,0.1199,0.0
2025-10-23 05:00:00,0.07225,104.05,0.0,2.9,0.1199,0.0
2025-10-23 06:00:00,0.08228,104.05,0.0,2.9,0.1199,0.0
2025-10-23 07:00:00,0.09,104.05,0.0,2.9,0.1199,0.0
2025-10-23 08:00:00,0.08302,106.06,0.0,2.9,0.1199,0.0
2025-10-23 09:00:00,0.0797,106.06,0.0,2.9,0.1199,0.0555156532723392
2025-10-23 10:00:00,0.0696,106.06,0.85,2.9,0.1199,0.1457858577699782
2025-10-23 11:00:00,0.0660999999999999,91.5,5.75,2.9,0.1199,0.1700779556843616
2025-10-23 12:00:00,0.06411,91.5,37.6,2.789174316406252,0.1199,0.1514336938484411
2025-10-23 13:00:00,0.06354,91.5,68.7,2.706649902343752,0.1199,0.0
2025-10-23 14:00:00,0.07561,154.31,82.3,2.738556640625002,0.1199,0.0
2025-10-23 15:00:00,0.0855,154.31,47.2,2.777841308593752,0.1199,0.0
2025-10-23 16:00:00,0.09812,154.31,19.3,2.747348144531252,0.1199,0.0
2025-10-23 17:00:00,0.11493,142.71,23.9,2.706530273437502,0.1199,0.0
2025-10-23 18:00:00,0.1079099999999999,142.71,15.8,2.695500000000002,0.1199,0.0
2025-10-23 19:00:00,0.08771,142.71,1.75,2.688485839843752,0.1199,0.0
2025-10-23 20:00:00,0.08281,163.88,0.3,2.681388671875002,0.1199,0.0
2025-10-23 21:00:00,0.0776599999999999,163.88,0.0,2.661076171875002,0.1199,0.0
2025-10-23 22:00:00,0.06008,163.88,0.0,2.6475996093750016,0.1199,0.0
2025-10-23 23:00:00,0.01434,170.74,0.0,2.626784179687497,0.1199,0.0
2025-10-24 00:00:00,0.00984,170.74,0.0,2.596747558593752,0.1199,0.0
2025-10-24 01:00:00,0.00652,170.74,0.0,2.548261230468752,0.1199,0.0
2025-10-24 02:00:00,0.00103,207.54,0.0,2.512519042968752,0.1199,0.0
2025-10-24 03:00:00,0.00219,207.54,0.0,2.481430175781252,0.1199,0.0
2025-10-24 04:00:00,0.00753,207.54,0.0,2.4805292968750017,0.1199,0.0
2025-10-24 05:00:00,0.02328,273.09,0.0,2.472101562500002,0.1199,0.0
2025-10-24 06:00:00,0.0649899999999999,273.09,0.0,2.495263183593752,0.1199,0.0
2025-10-24 07:00:00,0.08487,273.09,0.0,2.539818847656252,0.1199,0.0
2025-10-24 08:00:00,0.0765499999999999,322.4,0.0,2.599794433593752,0.1199,0.0
2025-10-24 09:00:00,0.0583,322.4,0.0,2.664486816406252,0.1199,0.0
2025-10-24 10:00:00,0.033,322.4,1.3,2.723627441406252,0.1199,0.0129418467267479
2025-10-24 11:00:00,0.00125,244.29,9.85,2.737704589843752,0.1199,0.1868604715173254
2025-10-24 12:00:00,-1e-05,244.29,53.0,2.727321289062502,0.1199,0.1673131040345984
2025-10-24 13:00:00,-1e-05,244.29,92.1,2.750316894531252,0.1199,0.0682290970185958
2025-10-24 14:00:00,0.00181,199.17,120.0,2.723319824218752,0.1199,0.0
2025-10-24 15:00:00,0.03732,199.17,112.0,2.680775878906252,0.1199,0.0
2025-10-24 16:00:00,0.06626,199.17,63.6,2.658275878906252,0.1199,0.0
2025-10-24 17:00:00,0.07461,192.04,72.4,2.659999511718752,0.1199,0.0
2025-10-24 18:00:00,0.07461,192.04,45.3,2.620600097656252,0.1199,0.0
2025-10-24 19:00:00,0.05705,192.04,8.2,2.635614746093752,0.1199,0.0
2025-10-24 20:00:00,0.04151,186.74,1.2,2.6320380859375017,0.1199,0.0
2025-10-24 21:00:00,0.02892,186.74,0.0,2.620634277343752,0.1199,0.0
2025-10-24 22:00:00,0.00997,186.74,0.0,2.6217207031250016,0.1199,0.0
2025-10-24 23:00:00,0.00352,177.89,0.0,2.6200996093750017,0.1199,0.0
2025-10-25 00:00:00,0.00132,177.89,0.0,2.609545410156252,0.1199,0.0
2025-10-25 01:00:00,0.00092,177.89,0.0,2.603119628906252,0.1199,0.0
2025-10-25 02:00:00,0.0,183.94,0.0,2.615521972656252,0.1199,0.0
2025-10-25 03:00:00,-1e-05,183.94,0.0,2.624018066406252,0.1199,0.0
2025-10-25 04:00:00,0.00016,183.94,0.0,2.626688964843752,0.1199,0.0
2025-10-25 05:00:00,0.00052,195.37,0.0,2.643378417968752,0.1199,0.0
2025-10-25 06:00:00,0.00099,195.37,0.0,2.6473359375000016,0.1199,0.0
2025-10-25 07:00:00,0.004,195.37,0.0,2.647411621093752,0.1199,0.0
2025-10-25 08:00:00,0.00758,194.98,0.0,2.659545410156252,0.1199,0.0
2025-10-25 09:00:00,0.00673,194.98,0.0,2.702865722656252,0.1199,0.0
2025-10-25 10:00:00,0.00477,194.98,1.45,2.729652832031252,0.1199,0.0
2025-10-25 11:00:00,0.0060999999999999,177.73,4.7,2.716366699218752,0.1199,0.0263714873731072
2025-10-25 12:00:00,0.00437,177.73,10.3,2.698817871093752,0.1199,0.0
2025-10-25 13:00:00,0.00403,177.73,25.3,2.678043945312502,0.1199,0.0
2025-10-25 14:00:00,0.00395,173.93,22.5,2.651361816406252,0.1199,0.0
2025-10-25 15:00:00,0.00556,173.93,20.5,2.617123535156252,0.1199,0.0
2025-10-25 16:00:00,0.02531,173.93,11.2,2.569486816406252,0.1199,0.0
2025-10-25 17:00:00,0.05525,190.1,21.1,2.542299316406252,0.1199,0.0
2025-10-25 18:00:00,0.06127,190.1,9.8,2.575141113281252,0.1199,0.0
2025-10-25 19:00:00,0.034,190.1,3.45,2.556103027343752,0.1199,0.0
2025-10-25 20:00:00,0.01411,201.25,0.467,2.525785644531252,0.1199,0.0
2025-10-25 21:00:00,0.01668,201.25,0.0,2.519936035156252,0.1199,0.0
2025-10-25 22:00:00,0.00817,201.25,0.0,2.495663574218752,0.1199,0.0
2025-10-25 23:00:00,0.00557,228.33,0.0,2.466598632812502,0.1199,0.0
2025-10-26 00:00:00,0.0037,228.33,0.0,2.397853515625002,0.1199,0.0
2025-10-26 01:00:00,0.00319,228.33,0.0,2.3457636718750017,0.1199,0.0
2025-10-26 02:00:00,0.00202,255.69,0.0,2.326864746093752,0.1199,0.0
2025-10-26 03:00:00,0.00034,255.69,0.0,2.319257324218752,0.1199,0.0
2025-10-26 04:00:00,0.0001,285.44,0.0,2.2963056640625017,0.1199,0.0
2025-10-26 05:00:00,0.00011,285.44,0.0,2.308187988281252,0.1199,0.0
2025-10-26 06:00:00,0.00011,285.44,0.0,2.347794921875002,0.1199,0.0
2025-10-26 07:00:00,0.0001,283.29,0.0,2.391757324218752,0.1199,0.0
2025-10-26 08:00:00,-1e-05,283.29,0.0,2.431889160156252,0.1199,0.0
2025-10-26 09:00:00,-0.00031,283.29,0.0,2.483900878906252,0.1199,0.0
2025-10-26 10:00:00,-7.000000000000001e-05,233.74,0.0,2.573793457031252,0.1199,0.0
2025-10-26 11:00:00,-8e-05,233.74,0.0,2.628168457031252,0.1199,0.0
2025-10-26 12:00:00,-7.000000000000001e-05,233.74,0.0,2.639879882812502,0.1199,0.0
2025-10-26 13:00:00,-0.00054,201.01,0.0,2.645424316406252,0.1199,0.0
2025-10-26 14:00:00,-0.00073,201.01,0.0,2.6240888671874973,0.1199,0.0
2025-10-26 15:00:00,-1e-05,201.01,0.0,2.584188964843752,0.1199,0.0
2025-10-26 16:00:00,0.00304,221.02,0.0,2.533246582031252,0.1199,0.0
2025-10-26 17:00:00,0.03,221.02,0.0,2.512365234375002,0.1199,0.0
2025-10-26 18:00:00,0.04202,221.02,0.0,2.483000000000002,0.1199,0.0
2025-10-26 19:00:00,0.03473,239.28,0.0,2.468231933593752,0.1199,0.0
2025-10-26 20:00:00,0.01664,239.28,0.0,2.469096191406252,0.1199,0.0
2025-10-26 21:00:00,0.00307,239.28,0.0,2.480802734375002,0.1199,0.0
2025-10-26 22:00:00,0.01491,236.32,0.0,2.497885253906252,0.1199,0.0
2025-10-26 23:00:00,0.0050599999999999,236.32,0.0,2.507094238281252,0.1199,0.0
2025-10-27 00:00:00,0.00134,236.32,0.0,2.495209472656252,0.1199,0.0
2025-10-27 01:00:00,0.00183,233.3,0.0,2.491044433593752,0.1199,0.0
2025-10-27 02:00:00,0.00125,233.3,0.0,2.498270996093752,0.1199,0.0
2025-10-27 03:00:00,0.0,233.3,0.0,2.507013671875002,0.1199,0.0
2025-10-27 04:00:00,0.00131,237.17,0.0,2.554884765625002,0.1199,0.0
2025-10-27 05:00:00,0.01078,237.17,0.0,2.596615722656252,0.1199,0.0
2025-10-27 06:00:00,0.055,237.17,0.0,2.595739257812502,0.1199,0.0
2025-10-27 07:00:00,0.08607,282.12,0.0,2.634154785156252,0.1199,0.0
2025-10-27 08:00:00,0.10015,282.12,2.2,2.647953613281252,0.1199,0.0
2025-10-27 09:00:00,0.10186,282.12,13.2,2.699225585937502,0.1199,0.0
2025-10-27 10:00:00,0.0967399999999999,273.54,19.2,2.743158691406252,0.1199,0.0
2025-10-27 11:00:00,0.0946299999999999,273.54,25.2,2.703998535156252,0.1199,0.0020604651062261
2025-10-27 12:00:00,0.0827,273.54,99.2,2.6922187500000017,0.1199,0.0
2025-10-27 13:00:00,0.08112,277.57,6.9,2.676564453125002,0.1199,0.0
2025-10-27 14:00:00,0.08335,277.57,27.4,2.682978027343752,0.1199,0.0
2025-10-27 15:00:00,0.08366,277.57,22.9,2.6605195312500016,0.1199,0.0
2025-10-27 16:00:00,0.09923,201.73,20.4,2.5926289062500016,0.1199,0.0
2025-10-27 17:00:00,0.1107099999999999,201.73,7.98,2.5751972656250017,0.1199,0.0
2025-10-27 18:00:00,0.12654,201.73,1.55,2.544740722656252,0.1199,0.0
2025-10-27 19:00:00,0.1135,211.36,0.0,2.544130371093752,0.1199,0.0
2025-10-27 20:00:00,0.09504,211.36,0.0,2.521020019531252,0.1199,0.0
2025-10-27 21:00:00,0.07794,211.36,0.0,2.505492675781252,0.1199,0.0
2025-10-27 22:00:00,0.07448,210.58,0.0,2.499921386718752,0.1199,0.0
2025-10-27 23:00:00,0.06243,210.58,0.0,2.520744140625002,0.1199,0.0
2025-10-28 00:00:00,0.0441099999999999,210.58,0.0,2.5530976562500016,0.1199,0.0
2025-10-28 01:00:00,0.02888,211.39,0.0,2.569259765625002,0.1199,0.0
2025-10-28 02:00:00,0.0185399999999999,211.39,0.0,2.583988769531252,0.1199,0.0
2025-10-28 03:00:00,0.01022,211.39,0.0,2.6286640625000017,0.1199,0.0
2025-10-28 04:00:00,0.01095,216.45,0.0,2.670854003906252,0.1199,0.0
2025-10-28 05:00:00,0.03041,216.45,0.0,2.7533955078125016,0.1199,0.0
2025-10-28 06:00:00,0.05952,216.45,0.0,2.780067871093752,0.1199,0.0
2025-10-28 07:00:00,0.08038,235.35,0.0,2.826410644531252,0.1199,0.0
2025-10-28 08:00:00,0.0894,235.35,0.5,2.860658691406252,0.1199,0.0
2025-10-28 09:00:00,0.08737,235.35,4.05,2.870070312500002,0.1199,0.0
2025-10-28 10:00:00,0.081,182.5,13.5,2.8971503906250016,0.1199,0.0
2025-10-28 11:00:00,0.07542,182.5,57.7,2.9,0.1199,0.0
2025-10-28 12:00:00,0.06756,182.5,39.9,2.9,0.1199,0.0
2025-10-28 13:00:00,0.0622999999999999,160.49,28.5,2.9,0.1199,0.0
2025-10-28 14:00:00,0.06442,160.49,28.4,2.9,0.1199,0.0
2025-10-28 15:00:00,0.0731,160.49,58.3,2.889247558593752,0.1199,0.0
2025-10-28 16:00:00,0.0800699999999999,132.87,10.7,2.855983398437502,0.1199,0.0
2025-10-28 17:00:00,0.09383,132.87,6.55,2.8335297851562515,0.1199,0.0
2025-10-28 18:00:00,0.11023,132.87,0.6,2.804486816406252,0.1199,0.0
2025-10-28 19:00:00,0.1069099999999999,133.6,0.0,2.792101562500002,0.1199,0.0
2025-10-28 20:00:00,0.09192,133.6,0.0,2.770968750000001,0.1199,0.0
2025-10-28 21:00:00,0.08084,133.6,0.0,2.760927246093752,0.1199,0.0
2025-10-28 22:00:00,0.07958,156.32,0.0,2.757389648437502,0.1199,0.0
2025-10-28 23:00:00,0.07322,156.32,0.0,2.766857421875002,0.1199,0.0
2025-10-29 00:00:00,0.0588,156.32,0.0,2.782675292968752,0.1199,0.0
2025-10-29 01:00:00,0.05404,158.44,0.0,2.802665527343752,0.1199,0.0
2025-10-29 02:00:00,0.05416,158.44,0.0,2.818615234375002,0.1199,0.0
2025-10-29 03:00:00,0.05635,158.44,0.0,2.816029785156252,0.1199,0.0
2025-10-29 04:00:00,0.0547299999999999,182.33,0.0,2.779728515625002,0.1199,0.0
2025-10-29 05:00:00,0.06662,182.33,0.0,2.775126464843752,0.1199,0.0
2025-10-29 06:00:00,0.09543,182.33,0.0,2.776635253906252,0.1199,0.0
2025-10-29 07:00:00,0.10753,187.17,0.0,2.831103027343752,0.1199,0.0
2025-10-29 08:00:00,0.10027,187.17,0.5,2.8975458984375018,0.1199,0.0
2025-10-29 09:00:00,0.08581,187.17,6.75,2.9,0.1199,0.0
2025-10-29 10:00:00,0.07195,137.26,20.1,2.9,0.1199,0.0106698093475348
2025-10-29 11:00:00,0.07021,137.26,53.1,2.9,0.1199,0.0727259121690881
2025-10-29 12:00:00,0.07084,137.26,59.1,2.9,0.1199,0.0227711837557173
2025-10-29 13:00:00,0.07711,111.08,49.6,2.9,0.1199,0.0395024471997941
2025-10-29 14:00:00,0.08885,111.08,43.9,2.9,0.1199,0.0
2025-10-29 15:00:00,0.11636,111.08,35.2,2.9,0.1199,0.0
2025-10-29 16:00:00,0.12623,91.57,23.4,2.9,0.1199,0.0
2025-10-29 17:00:00,0.12698,91.57,9.13,2.9,0.1199,0.0
2025-10-29 18:00:00,0.12874,91.57,0.85,2.9,0.1199,0.0
2025-10-29 19:00:00,0.11354,92.1,0.0,2.9,0.1199,0.0
2025-10-29 20:00:00,0.10265,92.1,0.0,2.9,0.1199,0.0
2025-10-29 21:00:00,0.0965,92.1,0.0,2.9,0.1199,0.0
2025-10-29 22:00:00,0.09442,113.31,0.0,2.9,0.1199,0.0
2025-10-29 23:00:00,0.08714,113.31,0.0,2.8993476562500016,0.1199,0.0
2025-10-30 00:00:00,0.07525,113.31,0.0,2.847118652343752,0.1199,0.0
2025-10-30 01:00:00,0.07011,138.44,0.0,2.797992675781252,0.1199,0.0
2025-10-30 02:00:00,0.06553,138.44,0.0,2.750763671875002,0.1199,0.0
2025-10-30 03:00:00,0.06042,138.44,0.0,2.689091308593752,0.1199,0.0
2025-10-30 04:00:00,0.05715,203.08,0.0,2.631308105468752,0.1199,0.0
2025-10-30 05:00:00,0.06001,203.08,0.0,2.584091308593752,0.1199,0.0
2025-10-30 06:00:00,0.06918,203.08,0.0,2.545666015625002,0.1199,0.0
2025-10-30 07:00:00,0.07994,267.21,0.0,2.572592285156252,0.1199,0.0
2025-10-30 08:00:00,0.0853,267.21,1.25,2.6567158203125016,0.1199,0.0
2025-10-30 09:00:00,0.06672,267.21,16.6,2.756034667968752,0.1199,0.0
2025-10-30 10:00:00,0.0429,203.82,58.3,2.841293457031252,0.1199,0.0866050249173799
2025-10-30 11:00:00,0.00708,203.82,92.1,2.8951044921874973,0.1199,0.1502953244012415
2025-10-30 12:00:00,0.0,203.82,124.0,2.9,0.1199,0.1305461631124686
2025-10-30 13:00:00,0.0,136.87,134.0,2.9,0.1199,0.1096853333178724
2025-10-30 14:00:00,0.03129,136.87,133.0,2.9,0.1199,0.0390404683893719
2025-10-30 15:00:00,0.0698,136.87,113.0,2.823556640625002,0.1199,0.0
2025-10-30 16:00:00,0.0853,148.81,73.6,2.721591308593752,0.1199,0.0
2025-10-30 17:00:00,0.11793,148.81,14.9,2.6182441406250017,0.1199,0.0
2025-10-30 18:00:00,0.1177,148.81,1.3,2.610731933593752,0.1199,0.0
2025-10-30 19:00:00,0.11767,178.8,0.0,2.587338378906252,0.1199,0.0
2025-10-30 20:00:00,0.10529,178.8,0.0,2.543373535156252,0.1199,0.0
2025-10-30 21:00:00,0.09804,178.8,0.0,2.5336738281250017,0.1199,0.0
2025-10-30 22:00:00,0.09844,214.29,0.0,2.520712402343752,0.1199,0.0
2025-10-30 23:00:00,0.08483,214.29,0.0,2.525580566406252,0.1199,0.0
2025-10-31 00:00:00,0.08774,214.29,0.0,2.515189941406252,0.1199,0.0
2025-10-31 01:00:00,0.07816,222.3,0.0,2.488253906250002,0.1199,0.0
2025-10-31 02:00:00,0.07474,222.3,0.0,2.470873535156252,0.1199,0.0
2025-10-31 03:00:00,0.07568,222.3,0.0,2.478422363281252,0.1199,0.0
2025-10-31 04:00:00,0.07976,262.61,0.0,2.511054199218752,0.1199,0.0
2025-10-31 05:00:00,0.09183,262.61,0.0,2.545629394531252,0.1199,0.0
2025-10-31 06:00:00,0.12039,262.61,0.0,2.603622558593752,0.1199,0.0
2025-10-31 07:00:00,0.11957,311.46,0.0,2.688939941406252,0.1199,0.0
2025-10-31 08:00:00,0.1087699999999999,311.46,0.6,2.815260742187497,0.1199,0.0
2025-10-31 09:00:00,0.08301,311.46,9.32,2.9,0.1199,0.0
2025-10-31 10:00:00,0.07567,232.91,15.6,2.9,0.1199,0.0
2025-10-31 11:00:00,0.07409,232.91,25.2,2.9,0.1199,0.0332785062590252
2025-10-31 12:00:00,0.0759899999999999,232.91,39.6,2.9,0.1199,0.1541717447263348
2025-10-31 13:00:00,0.08421,159.06,35.2,2.9,0.1199,0.1252495429158411
2025-10-31 14:00:00,0.1067,159.06,26.1,2.9,0.1199,0.0570662942618849
2025-10-31 15:00:00,0.12708,159.06,25.8,2.9,0.1199,0.0
2025-10-31 16:00:00,0.13205,109.31,23.2,2.9,0.1199,0.0
2025-10-31 17:00:00,0.12218,109.31,5.05,2.9,0.1199,0.0
2025-10-31 18:00:00,0.10728,109.31,0.2,2.9,0.1199,0.0
2025-10-31 19:00:00,0.09001,116.87,0.0,2.9,0.1199,0.0
2025-10-31 20:00:00,0.08605,116.87,0.0,2.9,0.1199,0.0
2025-10-31 21:00:00,0.0874699999999999,116.87,0.0,2.9,0.1199,0.0
2025-10-31 22:00:00,0.0818499999999999,105.15,0.0,2.9,0.1199,0.0
2025-10-31 23:00:00,0.0676,105.15,0.0,2.9,0.1199,0.0
2025-11-01 00:00:00,0.05471,105.15,0.0,2.9,0.1199,0.0
2025-11-01 01:00:00,0.0381199999999999,115.56,0.0,2.9,0.1199,0.0
2025-11-01 02:00:00,0.02827,115.56,0.0,2.9,0.1199,0.0
2025-11-01 03:00:00,0.02996,115.56,0.0,2.9,0.1199,0.0
2025-11-01 04:00:00,0.0198999999999999,127.58,0.0,2.9,0.1199,0.0
2025-11-01 05:00:00,0.01533,127.58,0.0,2.9,0.1199,0.0
2025-11-01 06:00:00,0.01163,127.58,0.0,2.9,0.1199,0.0
2025-11-01 07:00:00,0.01761,106.97,0.0,2.9,0.1199,0.0
2025-11-01 08:00:00,0.02995,106.97,0.0,2.9,0.1199,0.0
2025-11-01 09:00:00,0.0270399999999999,106.97,1.13,2.9,0.1199,0.0
2025-11-01 10:00:00,0.0183,68.4,6.13,2.9,0.1199,0.0
2025-11-01 11:00:00,0.01576,68.4,11.6,2.9,0.1199,0.0
2025-11-01 12:00:00,0.02102,68.4,10.4,2.9,0.1199,0.0
2025-11-01 13:00:00,0.03174,92.8,9.53,2.9,0.1199,0.0
2025-11-01 14:00:00,0.054,92.8,7.13,2.9,0.1199,0.0
2025-11-01 15:00:00,0.05907,92.8,8.05,2.9,0.1199,0.0
2025-11-01 16:00:00,0.07659,121.71,10.3,2.9,0.1199,0.0
2025-11-01 17:00:00,0.08879,121.71,3.4,2.9,0.1199,0.0
2025-11-01 18:00:00,0.08906,121.71,0.65,2.837064941406252,0.1199,0.0
2025-11-01 19:00:00,0.0864,139.01,0.0,2.809599121093752,0.1199,0.0
2025-11-01 20:00:00,0.0862,139.01,0.0,2.782064941406252,0.1199,0.0
2025-11-01 21:00:00,0.08328,139.01,0.0,2.775443847656252,0.1199,0.0
2025-11-01 22:00:00,0.08293,154.42,0.0,2.7682294921874973,0.1199,0.0
2025-11-01 23:00:00,0.07751,154.42,0.0,2.760756347656252,0.1199,0.0
2025-11-02 00:00:00,0.06429,154.42,0.0,2.760016601562502,0.1199,0.0
2025-11-02 01:00:00,0.06033,153.41,0.0,2.759325683593752,0.1199,0.0
2025-11-02 02:00:00,0.06098,153.41,0.0,2.755053222656252,0.1199,0.0
2025-11-02 03:00:00,0.06273,153.41,0.0,2.751918457031252,0.1199,0.0
2025-11-02 04:00:00,0.06702,139.87,0.0,2.755902832031252,0.1199,0.0
2025-11-02 05:00:00,0.06881,139.87,0.0,2.729477050781252,0.1199,0.0
2025-11-02 06:00:00,0.07035,139.87,0.0,2.759101074218752,0.1199,0.0
2025-11-02 07:00:00,0.07553,148.02,0.0,2.7965644531250016,0.1199,0.0
2025-11-02 08:00:00,0.07712,148.02,0.3,2.866103027343752,0.1199,0.0
2025-11-02 09:00:00,0.0784599999999999,148.02,4.65,2.9,0.1199,0.0
2025-11-02 10:00:00,0.07499,103.62,36.5,2.9,0.1199,0.0590106039282644
2025-11-02 11:00:00,0.07498,103.62,65.4,2.9,0.1199,0.0033007163089461
2025-11-02 12:00:00,0.07521,103.62,47.9,2.9,0.1199,0.0
2025-11-02 13:00:00,0.08316,92.02,59.3,2.9,0.1199,0.0
2025-11-02 14:00:00,0.09255,92.02,68.7,2.848805664062502,0.1199,0.0
2025-11-02 15:00:00,0.11065,92.02,76.8,2.776886718750002,0.1199,0.0
2025-11-02 16:00:00,0.1165,168.92,12.4,2.727509277343752,0.1199,0.0
2025-11-02 17:00:00,0.13207,168.92,1.33,2.691474121093752,0.1199,0.0
2025-11-02 18:00:00,0.13041,168.92,0.1,2.653571289062502,0.1199,0.0
2025-11-02 19:00:00,0.11361,181.94,0.0,2.6303486328125016,0.1199,0.0
2025-11-02 20:00:00,0.0986,181.94,0.0,2.618095214843752,0.1199,0.0
2025-11-02 21:00:00,0.09533,181.94,0.0,2.592997558593752,0.1199,0.0
2025-11-02 22:00:00,0.09318,209.31,0.0,2.581332519531252,0.1199,0.0
2025-11-02 23:00:00,0.08504,209.31,0.0,2.554540527343752,0.1199,0.0
2025-11-03 00:00:00,0.08244,209.31,0.0,2.530963867187497,0.1199,0.0
2025-11-03 01:00:00,0.08011,230.31,0.0,2.521439941406252,0.1199,0.0
2025-11-03 02:00:00,0.075,230.31,0.0,2.519643066406252,0.1199,0.0
2025-11-03 03:00:00,0.07314,230.31,0.0,2.525661132812502,0.1199,0.0
2025-11-03 04:00:00,0.07497,261.8,0.0,2.536735351562502,0.1199,0.0
2025-11-03 05:00:00,0.075,261.8,0.0,2.5426875000000018,0.1199,0.0
2025-11-03 06:00:00,0.09533,261.8,0.0,2.479857910156252,0.1199,0.0
2025-11-03 07:00:00,0.11726,316.4,0.0,2.5503925781250016,0.1199,0.0
2025-11-03 08:00:00,0.105,316.4,0.7000000000000001,2.640263183593752,0.1199,0.0
2025-11-03 09:00:00,0.08576,316.4,13.6,2.7449140625000017,0.1199,0.0
2025-11-03 10:00:00,0.07545,201.19,45.8,2.8290644531250018,0.1199,0.0307971708759742
2025-11-03 11:00:00,0.07168,201.19,53.0,2.8702167968750016,0.1199,0.0987500683323441
2025-11-03 12:00:00,0.06799,201.19,57.9,2.885644042968752,0.1199,0.041696888234057
2025-11-03 13:00:00,0.07193,144.12,57.6,2.899604003906252,0.1199,0.0
2025-11-03 14:00:00,0.07498,144.12,29.0,2.872460449218752,0.1199,0.0
2025-11-03 15:00:00,0.08261,144.12,42.2,2.829174316406252,0.1199,0.0
2025-11-03 16:00:00,0.0927399999999999,139.87,25.0,2.800663574218752,0.1199,0.0
2025-11-03 17:00:00,0.0925199999999999,139.87,11.5,2.806127441406252,0.1199,0.0
2025-11-03 18:00:00,0.09056,139.87,0.5,2.8566523437500018,0.1199,0.0
2025-11-03 19:00:00,0.0815699999999999,123.66,0.0,2.8434003906250016,0.1199,0.0
2025-11-03 20:00:00,0.07163,123.66,0.0,2.847335937500002,0.1199,0.0
2025-11-03 21:00:00,0.06001,123.66,0.0,2.836127441406252,0.1199,0.0
2025-11-03 22:00:00,0.05271,104.99,0.0,2.8354511718750017,0.1199,0.0
2025-11-03 23:00:00,0.02872,104.99,0.0,2.829337890625002,0.1199,0.0
2025-11-04 00:00:00,0.01653,104.99,0.0,2.8190302734375017,0.1199,0.0
2025-11-04 01:00:00,0.00726,99.21,0.0,2.8063740234375016,0.1199,0.0
2025-11-04 02:00:00,0.0049299999999999,99.21,0.0,2.798065917968752,0.1199,0.0
2025-11-04 03:00:00,0.00631,99.21,0.0,2.780382812500002,0.1199,0.0
2025-11-04 04:00:00,0.0212,122.62,0.0,2.782052734375002,0.1199,0.0
2025-11-04 05:00:00,0.05843,122.62,0.0,2.765814941406252,0.1199,0.0
2025-11-04 06:00:00,0.08104,122.62,0.0,2.863988769531252,0.1199,0.0
2025-11-04 07:00:00,0.11431,150.47,0.0,2.9,0.1199,0.0
2025-11-04 08:00:00,0.11,150.47,0.3,2.9,0.1199,0.0
2025-11-04 09:00:00,0.0808499999999999,150.47,7.5,2.9,0.1199,0.0
2025-11-04 10:00:00,0.0606499999999999,98.8,20.9,2.9,0.1199,0.053517071610528
2025-11-04 11:00:00,0.05287,98.8,39.5,2.9,0.1199,0.1649737170839831
2025-11-04 12:00:00,0.05015,98.8,95.8,2.9,0.1199,0.1935556464271934
2025-11-04 13:00:00,0.06694,74.38,118.0,2.9,0.1199,0.1398684654598135
2025-11-04 14:00:00,0.08105,74.38,115.0,2.9,0.1199,0.0532551752470639
2025-11-04 15:00:00,0.11626,74.38,64.2,2.9,0.1199,0.0
2025-11-04 16:00:00,0.12748,80.67,32.1,2.9,0.1199,0.0
2025-11-04 17:00:00,0.1291,80.67,9.13,2.9,0.1199,0.0
2025-11-04 18:00:00,0.12276,80.67,0.5,2.9,0.1199,0.0
2025-11-04 19:00:00,0.1067,107.12,0.0,2.9,0.1199,0.0
2025-11-04 20:00:00,0.09675,107.12,0.0,2.9,0.1199,0.0
2025-11-04 21:00:00,0.09137,107.12,0.0,2.9,0.1199,0.0
2025-11-04 22:00:00,0.08624,125.53,0.0,2.898270996093752,0.1199,0.0
2025-11-04 23:00:00,0.07612,125.53,0.0,2.852448242187497,0.1199,0.0
2025-11-05 00:00:00,0.07733,125.53,0.0,2.812287109375002,0.1199,0.0
2025-11-05 01:00:00,0.07582,143.84,0.0,2.780736816406252,0.1199,0.0
2025-11-05 02:00:00,0.07436,143.84,0.0,2.754252441406252,0.1199,0.0
2025-11-05 03:00:00,0.07468,143.84,0.0,2.738541992187497,0.1199,0.0
2025-11-05 04:00:00,0.0788799999999999,177.6,0.0,2.7339472656250017,0.1199,0.0
2025-11-05 05:00:00,0.085,177.6,0.0,2.728939941406252,0.1199,0.0
2025-11-05 06:00:00,0.09136,177.6,0.0,2.7074189453125017,0.1199,0.0
2025-11-05 07:00:00,0.1159,209.62,0.0,2.791325195312502,0.1199,0.0
2025-11-05 08:00:00,0.10712,209.62,0.3,2.9,0.1199,0.0
2025-11-05 09:00:00,0.07454,209.62,7.23,2.9,0.1199,0.0
2025-11-05 10:00:00,0.06288,140.13,29.2,2.9,0.1199,0.0690228615868411
2025-11-05 11:00:00,0.0620099999999999,140.13,71.3,2.9,0.1199,0.1663999958221156
2025-11-05 12:00:00,0.06207,140.13,102.0,2.9,0.1199,0.2093128497440493
2025-11-05 13:00:00,0.07733,75.31,126.0,2.9,0.1199,0.1389578642974988
2025-11-05 14:00:00,0.09619,75.31,127.0,2.9,0.1199,0.0439868386710024
2025-11-05 15:00:00,0.1154,75.31,99.1,2.9,0.1199,0.0
2025-11-05 16:00:00,0.14138,74.56,62.2,2.9,0.1199,0.0
2025-11-05 17:00:00,0.14742,74.56,11.2,2.899303710937502,0.1199,0.0
2025-11-05 18:00:00,0.12758,74.56,0.4,2.867074707031252,0.1199,0.0
2025-11-05 19:00:00,0.11476,99.14,0.0,2.861786621093752,0.1199,0.0
2025-11-05 20:00:00,0.10479,99.14,0.0,2.851635253906252,0.1199,0.0
2025-11-05 21:00:00,0.09892,99.14,0.0,2.8316035156250017,0.1199,0.0
2025-11-05 22:00:00,0.08885,107.74,0.0,2.801193359375002,0.1199,0.0
2025-11-05 23:00:00,0.0877,107.74,0.0,2.779311035156252,0.1199,0.0
2025-11-06 00:00:00,0.09337,107.74,0.0,2.7577241210937515,0.1199,0.0
2025-11-06 01:00:00,0.09083,148.75,0.0,2.728759277343752,0.1199,0.0
2025-11-06 02:00:00,0.0914,148.75,0.0,2.6853437500000017,0.1199,0.0
2025-11-06 03:00:00,0.09051,148.75,0.0,2.6502460937500016,0.1199,0.0
2025-11-06 04:00:00,0.0919,213.14,0.0,2.633402832031252,0.1199,0.0
2025-11-06 05:00:00,0.09217,213.14,0.0,2.6237617187500017,0.1199,0.0
2025-11-06 06:00:00,0.11835,213.14,0.0,2.626146972656252,0.1199,0.0
2025-11-06 07:00:00,0.1302299999999999,291.96,0.0,2.690067871093752,0.1199,0.0
2025-11-06 08:00:00,0.11968,291.96,1.0,2.829774902343752,0.1199,0.0
2025-11-06 09:00:00,0.0932099999999999,291.96,12.6,2.9,0.1199,0.0
2025-11-06 10:00:00,0.08516,177.88,37.1,2.9,0.1199,0.0641011440525162
2025-11-06 11:00:00,0.0837,177.88,56.2,2.9,0.1199,0.1492098808335369
2025-11-06 12:00:00,0.08399,177.88,68.4,2.9,0.1199,0.1485054740612892
2025-11-06 13:00:00,0.08718,111.64,55.4,2.9,0.1199,0.1068210347221197
2025-11-06 14:00:00,0.09949,111.64,61.9,2.9,0.1199,0.0211338630210474
2025-11-06 15:00:00,0.12824,111.64,56.3,2.9,0.1199,0.0
2025-11-06 16:00:00,0.1475,114.94,31.2,2.829799316406252,0.1199,0.0
2025-11-06 17:00:00,0.1542599999999999,114.94,8.2,2.771706054687497,0.1199,0.0
2025-11-06 18:00:00,0.13745,114.94,0.2,2.709274414062502,0.1199,0.0
2025-11-06 19:00:00,0.12646,157.66,0.0,2.6771015625000016,0.1199,0.0
2025-11-06 20:00:00,0.11497,157.66,0.0,2.641857421875002,0.1199,0.0
2025-11-06 21:00:00,0.10098,157.66,0.0,2.6006464843750017,0.1199,0.0
2025-11-06 22:00:00,0.09749,186.88,0.0,2.5432734375000017,0.1199,0.0
2025-11-06 23:00:00,0.0905499999999999,186.88,0.0,2.500653808593752,0.1199,0.0
2025-11-07 00:00:00,0.09018,186.88,0.0,2.4756513671874973,0.1199,0.0
2025-11-07 01:00:00,0.08882,191.04,0.0,2.453817871093752,0.1199,0.0
2025-11-07 02:00:00,0.0896,191.04,0.0,2.439638183593752,0.1199,0.0
2025-11-07 03:00:00,0.08961,191.04,0.0,2.427812011718752,0.1199,0.0
2025-11-07 04:00:00,0.0904099999999999,273.53,0.0,2.4151826171874973,0.1199,0.0
2025-11-07 05:00:00,0.0942099999999999,273.53,0.0,2.4001484375000017,0.1199,0.0
2025-11-07 06:00:00,0.11227,273.53,0.0,2.432348144531252,0.1199,0.0
2025-11-07 07:00:00,0.13388,367.9,0.0,2.557318847656252,0.1199,0.0
2025-11-07 08:00:00,0.12805,367.9,0.8,2.740966308593752,0.1199,0.0
2025-11-07 09:00:00,0.1080999999999999,367.9,7.68,2.895841796875002,0.1199,0.0
2025-11-07 10:00:00,0.0933799999999999,219.85,31.0,2.9,0.1199,0.0781712298565731
2025-11-07 11:00:00,0.08999,219.85,67.8,2.9,0.1199,0.1849306099812726
2025-11-07 12:00:00,0.0888,219.85,107.0,2.9,0.1199,0.2118561385199449
2025-11-07 13:00:00,0.0920499999999999,129.21,120.0,2.9,0.1199,0.1659528762803866
2025-11-07 14:00:00,0.1031,129.21,116.0,2.9,0.1199,0.0649490075305265
2025-11-07 15:00:00,0.12962,129.21,94.5,2.9,0.1199,0.0
2025-11-07 16:00:00,0.16512,130.48,54.5,2.776825683593752,0.1199,0.0
2025-11-07 17:00:00,0.17854,130.48,10.1,2.686291015625002,0.1199,0.0
2025-11-07 18:00:00,0.14568,130.48,0.8,2.632426269531252,0.1199,0.0
2025-11-07 19:00:00,0.1314799999999999,189.12,0.0,2.584235351562502,0.1199,0.0
2025-11-07 20:00:00,0.11943,189.12,0.0,2.5478339843750017,0.1199,0.0
2025-11-07 21:00:00,0.10665,189.12,0.0,2.513236816406252,0.1199,0.0
2025-11-07 22:00:00,0.09828,228.35,0.0,2.473754394531252,0.1199,0.0
2025-11-07 23:00:00,0.0920499999999999,228.35,0.0,2.4446406250000017,0.1199,0.0
2025-11-08 00:00:00,0.09653,228.35,0.0,2.411596191406252,0.1199,0.0
2025-11-08 01:00:00,0.0963199999999999,274.33,0.0,2.413244140625002,0.1199,0.0
2025-11-08 02:00:00,0.094,274.33,0.0,2.434472167968752,0.1199,0.0
2025-11-08 03:00:00,0.09397,274.33,0.0,2.425814941406252,0.1199,0.0
2025-11-08 04:00:00,0.09504,296.29,0.0,2.423412597656252,0.1199,0.0
2025-11-08 05:00:00,0.0942,296.29,0.0,2.431657226562502,0.1199,0.0
2025-11-08 06:00:00,0.09528,296.29,0.0,2.375038574218752,0.1199,0.0
2025-11-08 07:00:00,0.10384,320.26,0.0,2.443900878906252,0.1199,0.0
2025-11-08 08:00:00,0.1055,320.26,0.5,2.632658203125002,0.1199,0.0
2025-11-08 09:00:00,0.10362,320.26,8.38,2.810619628906252,0.1199,0.0
2025-11-08 10:00:00,0.10218,249.22,25.2,2.9,0.1199,0.0058911863336578
2025-11-08 11:00:00,0.09695,249.22,77.4,2.9,0.1199,0.0329589532086089
2025-11-08 12:00:00,0.09516,249.22,111.0,2.9,0.1199,0.0223439485790237
2025-11-08 13:00:00,0.09591,163.84,121.0,2.9,0.1199,0.0
2025-11-08 14:00:00,0.10154,163.84,61.7,2.9,0.1199,0.0
2025-11-08 15:00:00,0.11762,163.84,17.4,2.8819746093750016,0.1199,0.0
2025-11-08 16:00:00,0.12464,151.42,11.8,2.8485126953125017,0.1199,0.0
2025-11-08 17:00:00,0.1349199999999999,151.42,5.3,2.812365234375002,0.1199,0.0
2025-11-08 18:00:00,0.13653,151.42,0.1,2.8203339843750017,0.1199,0.0
2025-11-08 19:00:00,0.13198,145.0,0.0,2.807589843750001,0.1199,0.0
2025-11-08 20:00:00,0.12297,145.0,0.0,2.800402343750002,0.1199,0.0
2025-11-08 21:00:00,0.1133,145.0,0.0,2.7895136718750018,0.1199,0.0
2025-11-08 22:00:00,0.10626,145.54,0.0,2.787157714843752,0.1199,0.0
2025-11-08 23:00:00,0.09691,145.54,0.0,2.787084472656252,0.1199,0.0
2025-11-09 00:00:00,0.0963499999999999,145.54,0.0,2.790282714843752,0.1199,0.0
2025-11-09 01:00:00,0.09456,151.79,0.0,2.7922578125000017,0.1199,0.0
2025-11-09 02:00:00,0.09283,151.79,0.0,2.776215332031252,0.1199,0.0
2025-11-09 03:00:00,0.0911299999999999,151.79,0.0,2.7537177734375016,0.1199,0.0
2025-11-09 04:00:00,0.09165,156.08,0.0,2.747707031250002,0.1199,0.0
2025-11-09 05:00:00,0.09169,156.08,0.0,2.740495117187497,0.1199,0.0
2025-11-09 06:00:00,0.0899399999999999,156.08,0.0,2.722702148437502,0.1199,0.0
2025-11-09 07:00:00,0.08862,157.17,0.0,2.725687988281252,0.1199,0.0
2025-11-09 08:00:00,0.09727,157.17,0.0,2.754281738281252,0.1199,0.0
2025-11-09 09:00:00,0.09762,157.17,2.0,2.795170410156252,0.1199,0.0
2025-11-09 10:00:00,0.09703,136.57,4.3,2.847147949218752,0.1199,0.0
2025-11-09 11:00:00,0.0973,136.57,14.9,2.871430175781252,0.1199,0.0
2025-11-09 12:00:00,0.09784,136.57,37.0,2.9,0.1199,0.0
2025-11-09 13:00:00,0.0964,124.93,25.2,2.891557128906252,0.1199,0.0
2025-11-09 14:00:00,0.0973199999999999,124.93,22.6,2.8552583007812515,0.1199,0.0
2025-11-09 15:00:00,0.09779,124.93,21.8,2.790165527343752,0.1199,0.0
2025-11-09 16:00:00,0.1098499999999999,145.89,20.1,2.749926269531252,0.1199,0.0
2025-11-09 17:00:00,0.1251,145.89,11.4,2.705641601562502,0.1199,0.0
2025-11-09 18:00:00,0.1261,145.89,1.1,2.6191767578125016,0.1199,0.0
2025-11-09 19:00:00,0.11796,198.74,0.0,2.563642089843752,0.1199,0.0
2025-11-09 20:00:00,0.106,198.74,0.0,2.537509277343752,0.1199,0.0
2025-11-09 21:00:00,0.09354,198.74,0.0,2.4876093750000017,0.1199,0.0
2025-11-09 22:00:00,0.09232,238.98,0.0,2.470741699218752,0.1199,0.0
2025-11-09 23:00:00,0.08993,238.98,0.0,2.467074707031252,0.1199,0.0
2025-11-10 00:00:00,0.08898,238.98,0.0,2.457934082031252,0.1199,0.0
2025-11-10 01:00:00,0.08764,266.3,0.0,2.446488769531252,0.1199,0.0
2025-11-10 02:00:00,0.0889,266.3,0.0,2.468881347656252,0.1199,0.0
2025-11-10 03:00:00,0.08752,266.3,0.0,2.490561035156252,0.1199,0.0
2025-11-10 04:00:00,0.08718,356.71,0.0,2.507482421875002,0.1199,0.0
2025-11-10 05:00:00,0.09231,356.71,0.0,2.481798828125002,0.1199,0.0
2025-11-10 06:00:00,0.11345,356.71,0.0,2.429645507812502,0.1199,0.0
2025-11-10 07:00:00,0.143,515.0,0.0,2.502221191406252,0.1199,0.0
2025-11-10 08:00:00,0.15788,515.0,0.3,2.605238769531252,0.1199,0.0
2025-11-10 09:00:00,0.1443,515.0,9.8,2.708798339843752,0.1199,0.0
2025-11-10 10:00:00,0.12627,330.78,36.2,2.813429687500002,0.1199,0.0
2025-11-10 11:00:00,0.11525,330.78,59.3,2.881005371093752,0.1199,0.0371034806814253
2025-11-10 12:00:00,0.10592,330.78,74.3,2.9,0.1199,0.1005564196799278
2025-11-10 13:00:00,0.1084099999999999,220.18,111.0,2.897819335937502,0.1199,0.0178403218219332
2025-11-10 14:00:00,0.1155699999999999,220.18,66.5,2.836474121093752,0.1199,0.0
2025-11-10 15:00:00,0.12625,220.18,31.4,2.7407050781250017,0.1199,0.0
2025-11-10 16:00:00,0.13336,200.11,28.6,2.682675292968752,0.1199,0.0
2025-11-10 17:00:00,0.1394,200.11,4.13,2.647538574218752,0.1199,0.0
2025-11-10 18:00:00,0.12073,200.11,0.0,2.665275390625002,0.1199,0.0
2025-11-10 19:00:00,0.10366,193.06,0.0,2.646869628906252,0.1199,0.0
2025-11-10 20:00:00,0.09011,193.06,0.0,2.636747558593752,0.1199,0.0
2025-11-10 21:00:00,0.08899,193.06,0.0,2.645912597656252,0.1199,0.0
2025-11-10 22:00:00,0.08839,191.12,0.0,2.657099121093752,0.1199,0.0
2025-11-10 23:00:00,0.08387,191.12,0.0,2.672216308593752,0.1199,0.0
2025-11-11 00:00:00,0.08319,191.12,0.0,2.6745625000000017,0.1199,0.0
2025-11-11 01:00:00,0.07998,176.82,0.0,2.662353027343752,0.1199,0.0
2025-11-11 02:00:00,0.0757999999999999,176.82,0.0,2.655360839843752,0.1199,0.0
2025-11-11 03:00:00,0.07487,176.82,0.0,2.653803222656252,0.1199,0.0
2025-11-11 04:00:00,0.0755,206.98,0.0,2.652411621093752,0.1199,0.0
2025-11-11 05:00:00,0.07707,206.98,0.0,2.653270996093752,0.1199,0.0
2025-11-11 06:00:00,0.08679,206.98,0.0,2.675890625000002,0.1199,0.0
2025-11-11 07:00:00,0.10521,263.85,0.0,2.7270136718750018,0.1199,0.0
2025-11-11 08:00:00,0.1138,263.85,0.0,2.785878417968752,0.1199,0.0
2025-11-11 09:00:00,0.10312,263.85,6.73,2.842514160156252,0.1199,0.0
2025-11-11 10:00:00,0.09147,189.04,29.6,2.9,0.1199,0.0
2025-11-11 11:00:00,0.08792,189.04,65.9,2.9,0.1199,0.0014086518576311
2025-11-11 12:00:00,0.08666,189.04,92.3,2.9,0.1199,0.0
2025-11-11 13:00:00,0.08993,135.87,91.7,2.9,0.1199,0.0
2025-11-11 14:00:00,0.10124,135.87,72.1,2.9,0.1199,0.0
2025-11-11 15:00:00,0.12428,135.87,79.7,2.8362153320312515,0.1199,0.0
2025-11-11 16:00:00,0.14307,134.94,46.6,2.779188964843752,0.1199,0.0
2025-11-11 17:00:00,0.14326,134.94,7.6,2.760468261718752,0.1199,0.0
2025-11-11 18:00:00,0.115,134.94,0.1,2.711269042968752,0.1199,0.0
2025-11-11 19:00:00,0.10503,163.12,0.0,2.7097382812500017,0.1199,0.0
2025-11-11 20:00:00,0.09818,163.12,0.0,2.724896972656252,0.1199,0.0
2025-11-11 21:00:00,0.09638,163.12,0.0,2.742943847656252,0.1199,0.0
2025-11-11 22:00:00,0.09206,158.31,0.0,2.745521972656252,0.1199,0.0
2025-11-11 23:00:00,0.0755,158.31,0.0,2.758187988281252,0.1199,0.0
2025-11-12 00:00:00,0.07498,158.31,0.0,2.7676826171874973,0.1199,0.0
2025-11-12 01:00:00,0.0683199999999999,164.18,0.0,2.7578486328125016,0.1199,0.0
2025-11-12 02:00:00,0.06441,164.18,0.0,2.735770996093752,0.1199,0.0
2025-11-12 03:00:00,0.0624,164.18,0.0,2.716122558593752,0.1199,0.0
2025-11-12 04:00:00,0.0622999999999999,189.93,0.0,2.696520507812502,0.1199,0.0
2025-11-12 05:00:00,0.0693,189.93,0.0,2.683883789062502,0.1199,0.0
2025-11-12 06:00:00,0.077,189.93,0.0,2.675875976562502,0.1199,0.0
2025-11-12 07:00:00,0.10726,256.66,0.0,2.719428222656252,0.1199,0.0
2025-11-12 08:00:00,0.10072,256.66,0.0,2.8218183593750017,0.1199,0.0
2025-11-12 09:00:00,0.07811,256.66,5.18,2.9,0.1199,0.0
2025-11-12 10:00:00,0.07153,136.24,24.1,2.9,0.1199,0.0424966439160568
2025-11-12 11:00:00,0.06,136.24,62.4,2.9,0.1199,0.1460719910293699
2025-11-12 12:00:00,0.05914,136.24,79.3,2.9,0.1199,0.1681096525915729
2025-11-12 13:00:00,0.07377,89.95,76.5,2.9,0.1199,0.1200653288461069
2025-11-12 14:00:00,0.08043,89.95,57.9,2.9,0.1199,0.0028967015774697
2025-11-12 15:00:00,0.10497,89.95,31.8,2.9,0.1199,0.0
2025-11-12 16:00:00,0.11363,96.06,12.4,2.9,0.1199,0.0
2025-11-12 17:00:00,0.1154,96.06,2.68,2.9,0.1199,0.0
2025-11-12 18:00:00,0.10487,96.06,0.0,2.868385742187497,0.1199,0.0
2025-11-12 19:00:00,0.08893,120.03,0.0,2.8818574218750017,0.1199,0.0
2025-11-12 20:00:00,0.08095,120.03,0.0,2.9,0.1199,0.0
2025-11-12 21:00:00,0.0769099999999999,120.03,0.0,2.9,0.1199,0.0
2025-11-12 22:00:00,0.0755499999999999,112.93,0.0,2.9,0.1199,0.0
2025-11-12 23:00:00,0.05693,112.93,0.0,2.9,0.1199,0.0
2025-11-13 00:00:00,0.03292,112.93,0.0,2.9,0.1199,0.0
2025-11-13 01:00:00,0.0189699999999999,76.71,0.0,2.9,0.1199,0.0
2025-11-13 02:00:00,0.01119,76.71,0.0,2.9,0.1199,0.0
2025-11-13 03:00:00,0.00778,76.71,0.0,2.9,0.1199,0.0
2025-11-13 04:00:00,0.006,70.01,0.0,2.9,0.1199,0.0
2025-11-13 05:00:00,0.02597,70.01,0.0,2.9,0.1199,0.0
2025-11-13 06:00:00,0.05089,70.01,0.0,2.9,0.1199,0.0
2025-11-13 07:00:00,0.0768499999999999,90.71,0.0,2.9,0.1199,0.0
2025-11-13 08:00:00,0.06608,90.71,0.0,2.9,0.1199,0.0
2025-11-13 09:00:00,0.05361,90.71,3.7,2.9,0.1199,0.0
2025-11-13 10:00:00,0.05032,65.83,18.6,2.9,0.1199,0.0650272470705831
2025-11-13 11:00:00,0.04296,65.83,26.9,2.9,0.1199,0.1511811206120858
2025-11-13 12:00:00,0.04809,65.83,45.3,2.9,0.1199,0.1797018614708876
2025-11-13 13:00:00,0.06057,18.34,103.0,2.9,0.1199,0.1333113066344104
2025-11-13 14:00:00,0.07734,18.34,81.9,2.9,0.1199,0.0156793663294561
2025-11-13 15:00:00,0.10166,18.34,38.5,2.9,0.1199,0.0
2025-11-13 16:00:00,0.11151,44.55,17.2,2.9,0.1199,0.0
2025-11-13 17:00:00,0.1301,44.55,2.23,2.9,0.1199,0.0
2025-11-13 18:00:00,0.1318,44.55,0.0,2.9,0.1199,0.0
2025-11-13 19:00:00,0.1298899999999999,72.97,0.0,2.9,0.1199,0.0
2025-11-13 20:00:00,0.1118499999999999,72.97,0.0,2.9,0.1199,0.0
2025-11-13 21:00:00,0.11661,72.97,0.0,2.9,0.1199,0.0
2025-11-13 22:00:00,0.11059,88.07,0.0,2.9,0.1199,0.0
2025-11-13 23:00:00,0.10277,88.07,0.0,2.9,0.1199,0.0
2025-11-14 00:00:00,0.09844,88.07,0.0,2.9,0.1199,0.0
2025-11-14 01:00:00,0.0958,73.7,0.0,2.9,0.1199,0.0
2025-11-14 02:00:00,0.09493,73.7,0.0,2.9,0.1199,0.0
2025-11-14 03:00:00,0.09153,73.7,0.0,2.9,0.1199,0.0
2025-11-14 04:00:00,0.0921299999999999,87.78,0.0,2.9,0.1199,0.0
2025-11-14 05:00:00,0.0916,87.78,0.0,2.9,0.1199,0.0
2025-11-14 06:00:00,0.11278,87.78,0.0,2.9,0.1199,0.0
2025-11-14 07:00:00,0.13835,99.86,0.0,2.9,0.1199,0.0
2025-11-14 08:00:00,0.1363899999999999,99.86,0.0,2.9,0.1199,0.0
2025-11-14 09:00:00,0.1209,99.86,1.83,2.9,0.1199,0.0
2025-11-14 10:00:00,0.11203,65.74,7.5,2.9,0.1199,0.0
2025-11-14 11:00:00,0.10604,65.74,16.2,2.9,0.1199,0.0
2025-11-14 12:00:00,0.10123,65.74,9.2,2.9,0.1199,0.0
2025-11-14 13:00:00,0.10542,73.03,8.4,2.9,0.1199,0.0
2025-11-14 14:00:00,0.10706,73.03,14.3,2.9,0.1199,0.0
2025-11-14 15:00:00,0.11539,73.03,15.2,2.9,0.1199,0.0
2025-11-14 16:00:00,0.11597,64.3,9.25,2.9,0.1199,0.0
2025-11-14 17:00:00,0.13157,64.3,1.83,2.9,0.1199,0.0
2025-11-14 18:00:00,0.11981,64.3,0.0,2.9,0.1199,0.0
2025-11-14 19:00:00,0.10649,65.37,0.0,2.9,0.1199,0.0
2025-11-14 20:00:00,0.09892,65.37,0.0,2.9,0.1199,0.0
2025-11-14 21:00:00,0.0931599999999999,65.37,0.0,2.9,0.1199,0.0
2025-11-14 22:00:00,0.09702,63.92,0.0,2.9,0.1199,0.0
2025-11-14 23:00:00,0.07865,63.92,0.0,2.9,0.1199,0.0
2025-11-15 00:00:00,0.0773799999999999,63.92,0.0,2.9,0.1199,0.0
2025-11-15 01:00:00,0.07795,83.87,0.0,2.9,0.1199,0.0
2025-11-15 02:00:00,0.07472,83.87,0.0,2.9,0.1199,0.0
2025-11-15 03:00:00,0.07303,83.87,0.0,2.9,0.1199,0.0
2025-11-15 04:00:00,0.0722,111.68,0.0,2.9,0.1199,0.0
2025-11-15 05:00:00,0.07062,111.68,0.0,2.9,0.1199,0.0
2025-11-15 06:00:00,0.06816,111.68,0.0,2.9,0.1199,0.0
2025-11-15 07:00:00,0.07706,116.41,0.0,2.9,0.1199,0.0
2025-11-15 08:00:00,0.0800699999999999,116.41,0.0,2.9,0.1199,0.0
2025-11-15 09:00:00,0.08524,116.41,1.25,2.9,0.1199,0.0
2025-11-15 10:00:00,0.08561,103.49,5.48,2.9,0.1199,0.0
2025-11-15 11:00:00,0.08542,103.49,10.9,2.9,0.1199,0.0
2025-11-15 12:00:00,0.08419,103.49,11.8,2.9,0.1199,0.0
2025-11-15 13:00:00,0.09067,91.23,11.9,2.9,0.1199,0.0
2025-11-15 14:00:00,0.09465,91.23,15.1,2.9,0.1199,0.0
2025-11-15 15:00:00,0.10119,91.23,20.2,2.9,0.1199,0.0
2025-11-15 16:00:00,0.10979,95.65,22.1,2.9,0.1199,0.0
2025-11-15 17:00:00,0.1217999999999999,95.65,4.08,2.9,0.1199,0.0
2025-11-15 18:00:00,0.1215199999999999,95.65,0.0,2.892768066406252,0.1199,0.0
2025-11-15 19:00:00,0.1140699999999999,107.52,0.0,2.8818696289062515,0.1199,0.0
2025-11-15 20:00:00,0.1091299999999999,107.52,0.0,2.880685546875002,0.1199,0.0
2025-11-15 21:00:00,0.10289,107.52,0.0,2.8729072265625017,0.1199,0.0
2025-11-15 22:00:00,0.10172,122.1,0.0,2.863153808593752,0.1199,0.0
2025-11-15 23:00:00,0.09787,122.1,0.0,2.850888183593752,0.1199,0.0
2025-11-16 00:00:00,0.09375,122.1,0.0,2.835092285156252,0.1199,0.0
2025-11-16 01:00:00,0.095,120.86,0.0,2.811928222656252,0.1199,0.0
2025-11-16 02:00:00,0.0933499999999999,120.86,0.0,2.779855468750002,0.1199,0.0
2025-11-16 03:00:00,0.09145,120.86,0.0,2.741061523437502,0.1199,0.0
2025-11-16 04:00:00,0.0882199999999999,121.85,0.0,2.704354980468752,0.1199,0.0
2025-11-16 05:00:00,0.0911299999999999,121.85,0.0,2.6731953125000016,0.1199,0.0
2025-11-16 06:00:00,0.08567,121.85,0.0,2.758126953125002,0.1199,0.0
2025-11-16 07:00:00,0.0924899999999999,146.7,0.0,2.764494140625002,0.1199,0.0
2025-11-16 08:00:00,0.09849,146.7,0.0,2.774306152343752,0.1199,0.0
2025-11-16 09:00:00,0.10119,146.7,1.13,2.769857910156252,0.1199,0.0
2025-11-16 10:00:00,0.09928,184.84,16.1,2.768991210937502,0.1199,0.0
2025-11-16 11:00:00,0.10257,184.84,8.58,2.705561035156252,0.1199,0.0
2025-11-16 12:00:00,0.10247,184.84,8.65,2.643056152343752,0.1199,0.0
2025-11-16 13:00:00,0.104,214.32,10.5,2.602377441406252,0.1199,0.0
2025-11-16 14:00:00,0.1092699999999999,214.32,10.1,2.555656250000002,0.1199,0.0
2025-11-16 15:00:00,0.11672,214.32,5.32,2.499345214843752,0.1199,0.0
2025-11-16 16:00:00,0.1245,234.42,3.2,2.456073730468752,0.1199,0.0
2025-11-16 17:00:00,0.12937,234.42,0.35,2.438485839843752,0.1199,0.0
2025-11-16 18:00:00,0.12521,234.42,0.0,2.407958496093752,0.1199,0.0
2025-11-16 19:00:00,0.11533,259.46,0.0,2.398158691406252,0.1199,0.0
2025-11-16 20:00:00,0.10272,259.46,0.0,2.385438964843752,0.1199,0.0
2025-11-16 21:00:00,0.0914099999999999,259.46,0.0,2.351945312500002,0.1199,0.0
2025-11-16 22:00:00,0.09439,279.85,0.0,2.307548339843752,0.1199,0.0
2025-11-16 23:00:00,0.08653,279.85,0.0,2.251056640625002,0.1199,0.0
2025-11-17 00:00:00,0.08829,279.85,0.0,2.2143378906250017,0.1199,0.0
2025-11-17 01:00:00,0.08056,335.19,0.0,2.138979003906252,0.1199,0.0
2025-11-17 02:00:00,0.07409,335.19,0.0,2.113341796875002,0.1199,0.0
2025-11-17 03:00:00,0.07132,335.19,0.0,2.144032714843752,0.1199,0.0
2025-11-17 04:00:00,0.0741,378.6,0.0,2.212521484375002,0.1199,0.0
2025-11-17 05:00:00,0.0836,378.6,0.0,2.258290527343752,0.1199,0.0
2025-11-17 06:00:00,0.08959,378.6,0.0,2.2545771484375017,0.1199,0.0
2025-11-17 07:00:00,0.11487,440.0,0.0,2.271500976562502,0.1199,0.0
2025-11-17 08:00:00,0.12699,440.0,0.0,2.340077636718752,0.1199,0.0
2025-11-17 09:00:00,0.1216899999999999,440.0,2.63,2.369269531250002,0.1199,0.0
2025-11-17 10:00:00,0.10522,411.0,18.0,2.373114746093752,0.1199,0.0
2025-11-17 11:00:00,0.08439,411.0,25.8,2.358661621093752,0.1199,0.0
2025-11-17 12:00:00,0.07781,411.0,40.8,2.379689453125002,0.1199,0.0
2025-11-17 13:00:00,0.07779,393.02,98.1,2.393202636718752,0.1199,0.0
2025-11-17 14:00:00,0.08704,393.02,95.3,2.365819824218752,0.1199,0.0
2025-11-17 15:00:00,0.09752,393.02,68.0,2.309279296875002,0.1199,0.0
2025-11-17 16:00:00,0.10732,356.4,20.8,2.261886718750002,0.1199,0.0
2025-11-17 17:00:00,0.11736,356.4,6.28,2.199936035156252,0.1199,0.0
2025-11-17 18:00:00,0.11649,356.4,0.1,2.125346191406252,0.1199,0.0
2025-11-17 19:00:00,0.1107,362.0,0.0,2.0903738064236124,0.1199,0.0
2025-11-17 20:00:00,0.10289,362.0,0.0,2.0697968207465287,0.1199,0.0
2025-11-17 21:00:00,0.0927,362.0,0.0,2.057888183593751,0.1199,0.0
2025-11-17 22:00:00,0.08971,394.07,0.0,2.052041015625001,0.1199,0.0
2025-11-17 23:00:00,0.08114,394.07,0.0,2.0518199327256954,0.1199,0.0
2025-11-18 00:00:00,0.08488,394.07,0.0,2.0520193142361123,0.1199,0.0
2025-11-18 01:00:00,0.08283,390.29,0.0,2.0577199978298624,0.1199,0.0
2025-11-18 02:00:00,0.07904,390.29,0.0,2.056747504340279,0.1199,0.0
2025-11-18 03:00:00,0.07772,390.29,0.0,2.0547048611111123,0.1199,0.0
2025-11-18 04:00:00,0.08051,415.15,0.0,2.050824381510418,0.1199,0.0
2025-11-18 05:00:00,0.08347,415.15,0.0,2.047156846788196,0.1199,0.0
2025-11-18 06:00:00,0.0910499999999999,415.15,0.0,2.048499620225696,0.1199,0.0
2025-11-18 07:00:00,0.10474,534.0,0.0,2.085980631510418,0.1199,0.0
2025-11-18 08:00:00,0.11984,534.0,0.0,2.194691894531252,0.1199,0.0
2025-11-18 09:00:00,0.10745,534.0,6.57,2.287602050781252,0.1199,0.0
2025-11-18 10:00:00,0.0921299999999999,451.0,12.9,2.3618623046874974,0.1199,0.0
2025-11-18 11:00:00,0.0888,451.0,26.7,2.399279296875002,0.1199,0.0
2025-11-18 12:00:00,0.0892,451.0,80.9,2.400419433593752,0.1199,0.0
2025-11-18 13:00:00,0.0906,407.44,108.0,2.3636494140625017,0.1199,0.0
2025-11-18 14:00:00,0.09658,407.44,60.4,2.3282685546874973,0.1199,0.0
2025-11-18 15:00:00,0.1206,407.44,25.2,2.291168945312502,0.1199,0.0
2025-11-18 16:00:00,0.14191,368.98,7.15,2.259154785156252,0.1199,0.0
2025-11-18 17:00:00,0.15166,368.98,1.1,2.229555175781252,0.1199,0.0
2025-11-18 18:00:00,0.1438,368.98,0.0,2.1857099609375017,0.1199,0.0
2025-11-18 19:00:00,0.13115,340.25,0.0,2.1613398437500018,0.1199,0.0
2025-11-18 20:00:00,0.1071299999999999,340.25,0.0,2.153646972656252,0.1199,0.0
2025-11-18 21:00:00,0.09464,340.25,0.0,2.144584472656252,0.1199,0.0
2025-11-18 22:00:00,0.09748,319.26,0.0,2.1767792968750017,0.1199,0.0
2025-11-18 23:00:00,0.08996,319.26,0.0,2.221908691406252,0.1199,0.0
2025-11-19 00:00:00,0.08738,319.26,0.0,2.222191894531252,0.1199,0.0
2025-11-19 01:00:00,0.08623,310.28,0.0,2.2337470703125017,0.1199,0.0
2025-11-19 02:00:00,0.08417,310.28,0.0,2.235731933593752,0.1199,0.0
2025-11-19 03:00:00,0.08319,310.28,0.0,2.235316894531252,0.1199,0.0
2025-11-19 04:00:00,0.08439,355.41,0.0,2.241098144531252,0.1199,0.0
2025-11-19 05:00:00,0.087,355.41,0.0,2.247931640625002,0.1199,0.0
2025-11-19 06:00:00,0.09903,355.41,0.0,2.243524902343752,0.1199,0.0
2025-11-19 07:00:00,0.12703,472.0,0.0,2.269257324218752,0.1199,0.0
2025-11-19 08:00:00,0.1366699999999999,472.0,0.0,2.319203613281252,0.1199,0.0
2025-11-19 09:00:00,0.11516,472.0,1.23,2.343881347656252,0.1199,0.0
2025-11-19 10:00:00,0.09752,463.0,13.9,2.330873535156252,0.1199,0.0
2025-11-19 11:00:00,0.09162,463.0,11.2,2.308175781250002,0.1199,0.0
2025-11-19 12:00:00,0.08959,463.0,8.48,2.293546875000002,0.1199,0.0
2025-11-19 13:00:00,0.0935999999999999,467.0,10.4,2.295150878906252,0.1199,0.0
2025-11-19 14:00:00,0.10462,467.0,9.73,2.2969355468750017,0.1199,0.0
2025-11-19 15:00:00,0.11305,467.0,12.7,2.281874511718752,0.1199,0.0
2025-11-19 16:00:00,0.11781,356.68,5.55,2.261542480468752,0.1199,0.0
2025-11-19 17:00:00,0.12757,356.68,0.4,2.256413085937502,0.1199,0.0
2025-11-19 18:00:00,0.11919,356.68,0.0,2.247240722656252,0.1199,0.0
2025-11-19 19:00:00,0.11905,341.28,0.0,2.225148437500002,0.1199,0.0
2025-11-19 20:00:00,0.1056899999999999,341.28,0.0,2.1698212890625017,0.1199,0.0
2025-11-19 21:00:00,0.10023,341.28,0.0,2.1248408203125018,0.1199,0.0
2025-11-19 22:00:00,0.09917,393.23,0.0,2.105097167968752,0.1199,0.0
2025-11-19 23:00:00,0.09189,393.23,0.0,2.113661621093752,0.1199,0.0
2025-11-20 00:00:00,0.09063,393.23,0.0,2.128231933593752,0.1199,0.0
2025-11-20 01:00:00,0.08809,378.27,0.0,2.122328613281252,0.1199,0.0
2025-11-20 02:00:00,0.08703,378.27,0.0,2.1078730468750018,0.1199,0.0
2025-11-20 03:00:00,0.0868,378.27,0.0,2.0912554253472235,0.1199,0.0
2025-11-20 04:00:00,0.08713,430.62,0.0,2.071073133680557,0.1199,0.0
2025-11-20 05:00:00,0.0905,430.62,0.0,2.0662703450520845,0.1199,0.0
2025-11-20 06:00:00,0.10368,430.62,0.0,2.065480957031251,0.1199,0.0
2025-11-20 07:00:00,0.1444099999999999,582.0,0.0,2.0727007378472235,0.1199,0.0
2025-11-20 08:00:00,0.15572,582.0,0.0,2.078192545572918,0.1199,0.0
2025-11-20 09:00:00,0.15366,582.0,1.27,2.1020332031250017,0.1199,0.0
2025-11-20 10:00:00,0.14127,528.23,12.5,2.175060546875002,0.1199,0.0
2025-11-20 11:00:00,0.1293,528.23,38.6,2.205158203125002,0.1199,0.0
2025-11-20 12:00:00,0.12505,528.23,46.2,2.218192871093752,0.1199,0.0
2025-11-20 13:00:00,0.1261,470.0,49.5,2.1915302734375017,0.1199,0.0
2025-11-20 14:00:00,0.1341999999999999,470.0,36.3,2.155773437500002,0.1199,0.0
2025-11-20 15:00:00,0.14969,470.0,53.2,2.116818359375002,0.1199,0.0
2025-11-20 16:00:00,0.17583,408.81,11.7,2.066896972656251,0.1199,0.0
2025-11-20 17:00:00,0.17547,408.81,1.75,2.042390679253473,0.1199,0.0
2025-11-20 18:00:00,0.16325,408.81,0.0,2.0445540364583343,0.1199,0.0
2025-11-20 19:00:00,0.15602,384.26,0.0,2.066549750434029,0.1199,0.0
2025-11-20 20:00:00,0.1371,384.26,0.0,2.0707815212673624,0.1199,0.0
2025-11-20 21:00:00,0.12075,384.26,0.0,2.0589705403645846,0.1199,0.0
2025-11-20 22:00:00,0.1082399999999999,415.25,0.0,2.0523407660590287,0.1199,0.0
2025-11-20 23:00:00,0.09376,415.25,0.0,2.0540049913194456,0.1199,0.0
2025-11-21 00:00:00,0.10155,415.25,0.0,2.0507118055555567,0.1199,0.0
2025-11-21 01:00:00,0.09414,421.27,0.0,2.063009711371529,0.1199,0.0
2025-11-21 02:00:00,0.09028,421.27,0.0,2.056548122829862,0.1199,0.0
2025-11-21 03:00:00,0.0901899999999999,421.27,0.0,2.0226451280381954,0.1199,0.0
2025-11-21 04:00:00,0.0936299999999999,452.1,0.0,2.0216048177083343,0.1199,0.0
2025-11-21 05:00:00,0.10187,452.1,0.0,2.013704155815973,0.1199,0.0
2025-11-21 06:00:00,0.13353,452.1,0.0,1.9719452582465289,0.1199,0.0
2025-11-21 07:00:00,0.18042,597.0,0.0,1.959224175347224,0.1199,0.0
2025-11-21 08:00:00,0.20538,597.0,0.0,2.0178626844618064,0.1199,0.0
2025-11-21 09:00:00,0.18183,597.0,1.5,2.0812293836805567,0.1199,0.0
2025-11-21 10:00:00,0.15102,548.0,13.2,2.149472167968752,0.1199,0.0
2025-11-21 11:00:00,0.13772,548.0,63.7,2.1966572265625017,0.1199,0.0
2025-11-21 12:00:00,0.13034,548.0,93.3,2.208012207031252,0.1199,0.0330443800812163
2025-11-21 13:00:00,0.13558,489.01,108.0,2.198361328125002,0.1199,0.0
2025-11-21 14:00:00,0.15375,489.01,89.7,2.148751953125002,0.1199,0.0
2025-11-21 15:00:00,0.19684,489.01,80.3,2.0741994900173624,0.1199,0.0
2025-11-21 16:00:00,0.25187,449.06,37.7,2.0225990125868067,0.1199,0.0
2025-11-21 17:00:00,0.25001,449.06,4.0,2.026040039062501,0.1199,0.0
2025-11-21 18:00:00,0.20509,449.06,0.0,2.029936794704862,0.1199,0.0
2025-11-21 19:00:00,0.17137,453.25,0.0,2.012212185329862,0.1199,0.0
2025-11-21 20:00:00,0.14195,453.25,0.0,1.911394314236112,0.1199,0.0
2025-11-21 21:00:00,0.11731,453.25,0.0,1.8628876410590287,0.1199,0.0
2025-11-21 22:00:00,0.1049,489.25,0.0,1.837342393663196,0.1199,0.0
2025-11-21 23:00:00,0.09503,489.25,0.0,1.8270233832465288,0.1199,0.0
2025-11-22 00:00:00,0.10225,489.25,0.0,1.82639133029514,0.1199,0.0
2025-11-22 01:00:00,0.0945999999999999,499.25,0.0,1.8229991319444447,0.1199,0.0
2025-11-22 02:00:00,0.0884399999999999,499.25,0.0,1.8260101996527789,0.1199,0.0
2025-11-22 03:00:00,0.08528,499.25,0.0,1.833071289062501,0.1199,0.0
2025-11-22 04:00:00,0.0861,495.48,0.0,1.8428274197048624,0.1199,0.0
2025-11-22 05:00:00,0.08528,495.48,0.0,1.851277398003473,0.1199,0.0
2025-11-22 06:00:00,0.0905199999999999,495.48,0.0,1.8629595269097232,0.1199,0.0
2025-11-22 07:00:00,0.10675,533.17,0.0,1.8856306966145844,0.1199,0.0
2025-11-22 08:00:00,0.10421,533.17,0.0,1.981434190538196,0.1199,0.0
2025-11-22 09:00:00,0.08912,533.17,3.5,2.070099283854168,0.1199,0.0
2025-11-22 10:00:00,0.08201,475.42,34.3,2.154779785156252,0.1199,0.0
2025-11-22 11:00:00,0.07858,475.42,61.9,2.203510253906252,0.1199,0.0
2025-11-22 12:00:00,0.07628,475.42,69.0,2.204972656250002,0.1199,0.0
2025-11-22 13:00:00,0.07537,375.4,71.2,2.161688964843752,0.1199,0.0
2025-11-22 14:00:00,0.08165,375.4,64.8,2.0781911892361125,0.1199,0.0
2025-11-22 15:00:00,0.08897,375.4,61.4,2.00954562717014,0.1199,0.0
2025-11-22 16:00:00,0.105,404.49,30.8,1.9766761610243069,0.1199,0.0
2025-11-22 17:00:00,0.1144599999999999,404.49,6.75,1.96329318576389,0.1199,0.0
2025-11-22 18:00:00,0.10925,404.49,0.0,1.96579562717014,0.1199,0.0
2025-11-22 19:00:00,0.09833,451.3,0.0,1.9627248806423625,0.1199,0.0
2025-11-22 20:00:00,0.0866099999999999,451.3,0.0,1.9609223090277788,0.1199,0.0
2025-11-22 21:00:00,0.08925,451.3,0.0,1.95679904513889,0.1199,0.0
2025-11-22 22:00:00,0.08943,461.31,0.0,1.952800564236112,0.1199,0.0
2025-11-22 23:00:00,0.08223,461.31,0.0,1.9505232747395844,0.1199,0.0
2025-11-23 00:00:00,0.08153,461.31,0.0,1.949469401041668,0.1199,0.0
2025-11-23 01:00:00,0.07435,477.27,0.0,1.955335557725696,0.1199,0.0
2025-11-23 02:00:00,0.07044,477.27,0.0,1.965691189236112,0.1199,0.0
2025-11-23 03:00:00,0.06323,477.27,0.0,1.97849093967014,0.1199,0.0
2025-11-23 04:00:00,0.06089,456.24,0.0,1.9853445095486093,0.1199,0.0
2025-11-23 05:00:00,0.0642099999999999,456.24,0.0,1.9873098415798625,0.1199,0.0
2025-11-23 06:00:00,0.06203,456.24,0.0,1.994440104166668,0.1199,0.0
2025-11-23 07:00:00,0.06798,439.26,0.0,2.0120955403645846,0.1199,0.0
2025-11-23 08:00:00,0.06783,439.26,0.0,2.0391219075520843,0.1199,0.0
2025-11-23 09:00:00,0.0659599999999999,439.26,1.0,2.0613237847222234,0.1199,0.0
2025-11-23 10:00:00,0.06599,387.33,5.98,2.084918619791668,0.1199,0.0
2025-11-23 11:00:00,0.06669,387.33,13.7,2.0960256618923623,0.1199,0.0
2025-11-23 12:00:00,0.06786,387.33,67.5,2.0984670681423623,0.1199,0.0
2025-11-23 13:00:00,0.0654599999999999,337.59,75.1,2.0881656901041654,0.1199,0.0
2025-11-23 14:00:00,0.06943,337.59,34.3,2.0767561848958342,0.1199,0.0
2025-11-23 15:00:00,0.07729,337.59,11.2,2.0769989691840287,0.1199,0.0
2025-11-23 16:00:00,0.07789,384.27,2.8,2.111774414062502,0.1199,0.0
2025-11-23 17:00:00,0.08084,384.27,1.05,2.160004394531252,0.1199,0.0
2025-11-23 18:00:00,0.08254,384.27,0.0,2.198253906250002,0.1199,0.0
2025-11-23 19:00:00,0.0838,333.23,0.0,2.226879394531252,0.1199,0.0
2025-11-23 20:00:00,0.0774099999999999,333.23,0.0,2.243361328125002,0.1199,0.0
2025-11-23 21:00:00,0.0741599999999999,333.23,0.0,2.258166015625002,0.1199,0.0
2025-11-23 22:00:00,0.07517,330.32,0.0,2.247816894531252,0.1199,0.0
2025-11-23 23:00:00,0.07126,330.32,0.0,2.251459472656252,0.1199,0.0
2025-11-24 00:00:00,0.07246,330.32,0.0,2.267885253906252,0.1199,0.0
2025-11-24 01:00:00,0.07006,337.27,0.0,2.269040039062502,0.1199,0.0
2025-11-24 02:00:00,0.07226,337.27,0.0,2.271654785156252,0.1199,0.0
2025-11-24 03:00:00,0.07328,337.27,0.0,2.273549316406252,0.1199,0.0
2025-11-24 04:00:00,0.07376,349.28,0.0,2.2666621093750017,0.1199,0.0
2025-11-24 05:00:00,0.0800699999999999,349.28,0.0,2.269181640625002,0.1199,0.0
2025-11-24 06:00:00,0.09031,349.28,0.0,2.304767578125002,0.1199,0.0
2025-11-24 07:00:00,0.10439,435.0,0.0,2.309870117187497,0.1199,0.0
2025-11-24 08:00:00,0.10779,435.0,0.0,2.346073730468752,0.1199,0.0
2025-11-24 09:00:00,0.11026,435.0,1.33,2.387965820312502,0.1199,0.0
2025-11-24 10:00:00,0.11745,358.74,13.0,2.412199218750002,0.1199,0.0
2025-11-24 11:00:00,0.12804,358.74,28.4,2.419359863281252,0.1199,0.0
2025-11-24 12:00:00,0.13424,358.74,25.7,2.395775878906252,0.1199,0.0
2025-11-24 13:00:00,0.14999,324.32,40.3,2.380600097656252,0.1199,0.0
2025-11-24 14:00:00,0.17354,324.32,25.8,2.376164062500002,0.1199,0.0
2025-11-24 15:00:00,0.19581,324.32,15.6,2.368939941406252,0.1199,0.0
2025-11-24 16:00:00,0.22578,285.24,16.8,2.356330078125002,0.1199,0.0
2025-11-24 17:00:00,0.26348,285.24,4.05,2.3280244140625017,0.1199,0.0
2025-11-24 18:00:00,0.23059,285.24,0.0,2.290810058593752,0.1199,0.0
2025-11-24 19:00:00,0.1883,284.24,0.0,2.297211425781252,0.1199,0.0
2025-11-24 20:00:00,0.15119,284.24,0.0,2.301444824218752,0.1199,0.0
2025-11-24 21:00:00,0.13524,284.24,0.0,2.312279785156252,0.1199,0.0
2025-11-24 22:00:00,0.12304,287.26,0.0,2.314533203125002,0.1199,0.0
2025-11-24 23:00:00,0.1054099999999999,287.26,0.0,2.3168330078125017,0.1199,0.0
2025-11-25 00:00:00,0.1009,287.26,0.0,2.317143066406252,0.1199,0.0
2025-11-25 01:00:00,0.09915,284.24,0.0,2.306291015625002,0.1199,0.0
2025-11-25 02:00:00,0.09759,284.24,0.0,2.303270996093752,0.1199,0.0
2025-11-25 03:00:00,0.0960999999999999,284.24,0.0,2.3031416015625017,0.1199,0.0
2025-11-25 04:00:00,0.09951,326.31,0.0,2.295014160156252,0.1199,0.0
2025-11-25 05:00:00,0.10673,326.31,0.0,2.288844726562502,0.1199,0.0
2025-11-25 06:00:00,0.1224099999999999,326.31,0.0,2.301698730468752,0.1199,0.0
2025-11-25 07:00:00,0.29102,431.0,0.0,2.296674316406252,0.1199,0.0
2025-11-25 08:00:00,0.3332799999999999,431.0,0.0,2.315346191406252,0.1199,0.0
2025-11-25 09:00:00,0.2926499999999999,431.0,1.0,2.330211914062502,0.1199,0.0
2025-11-25 10:00:00,0.27309,449.0,3.43,2.342665527343752,0.1199,0.0
2025-11-25 11:00:00,0.32663,449.0,7.05,2.355795410156252,0.1199,0.0
2025-11-25 12:00:00,0.351,449.0,5.9,2.362094238281252,0.1199,0.0
2025-11-25 13:00:00,0.31765,438.0,4.0,2.346391113281252,0.1199,0.0
2025-11-25 14:00:00,0.3,438.0,7.23,2.325165527343752,0.1199,0.0
2025-11-25 15:00:00,0.31,438.0,5.05,2.304076660156252,0.1199,0.0
2025-11-25 16:00:00,0.32508,324.84,7.95,2.294057128906252,0.1199,0.0
2025-11-25 17:00:00,0.37331,324.84,1.9,2.284291503906252,0.1199,0.0
2025-11-25 18:00:00,0.29791,324.84,0.0,2.282570312500002,0.1199,0.0
2025-11-25 19:00:00,0.24937,289.28,0.0,2.271774414062502,0.1199,0.0
2025-11-25 20:00:00,0.17283,289.28,0.0,2.268771484375002,0.1199,0.0
2025-11-25 21:00:00,0.13502,289.28,0.0,2.260565917968752,0.1199,0.0
2025-11-25 22:00:00,0.11916,283.3,0.0,2.244625976562502,0.1199,0.0
2025-11-25 23:00:00,0.10204,283.3,0.0,2.237514160156252,0.1199,0.0
2025-11-26 00:00:00,0.0928499999999999,283.3,0.0,2.234147460937502,0.1199,0.0
2025-11-26 01:00:00,0.08995,310.26,0.0,2.230150878906252,0.1199,0.0
2025-11-26 02:00:00,0.0883299999999999,310.26,0.0,2.226337402343752,0.1199,0.0
2025-11-26 03:00:00,0.0894399999999999,310.26,0.0,2.221562011718752,0.1199,0.0
2025-11-26 04:00:00,0.0897999999999999,354.59,0.0,2.204420898437502,0.1199,0.0
2025-11-26 05:00:00,0.09725,354.59,0.0,2.193383300781252,0.1199,0.0
2025-11-26 06:00:00,0.12982,354.59,0.0,2.196955078125002,0.1199,0.0
2025-11-26 07:00:00,0.1911699999999999,478.87,0.0,2.200341308593752,0.1199,0.0
2025-11-26 08:00:00,0.23722,478.87,0.0,2.2075605468750017,0.1199,0.0
2025-11-26 09:00:00,0.2118499999999999,478.87,0.1,2.2040400390625017,0.1199,0.0
2025-11-26 10:00:00,0.1971399999999999,491.0,2.53,2.225666015625002,0.1199,0.0
2025-11-26 11:00:00,0.1705,491.0,13.5,2.2715253906250017,0.1199,0.0
2025-11-26 12:00:00,0.16468,491.0,6.5,2.295883300781252,0.1199,0.0
2025-11-26 13:00:00,0.16824,474.0,8.65,2.282606933593752,0.1199,0.0
2025-11-26 14:00:00,0.18449,474.0,11.7,2.248720214843752,0.1199,0.0
2025-11-26 15:00:00,0.22372,474.0,6.88,2.185749023437502,0.1199,0.0
2025-11-26 16:00:00,0.29438,387.45,5.85,2.149005859375002,0.1199,0.0
2025-11-26 17:00:00,0.29461,387.45,1.85,2.116112792968752,0.1199,0.0
2025-11-26 18:00:00,0.22893,387.45,0.0,2.102094238281252,0.1199,0.0
2025-11-26 19:00:00,0.18367,365.26,0.0,2.089596625434029,0.1199,0.0
2025-11-26 20:00:00,0.14126,365.26,0.0,2.0748885091145843,0.1199,0.0
2025-11-26 21:00:00,0.11495,365.26,0.0,2.0785872395833342,0.1199,0.0
2025-11-26 22:00:00,0.10199,407.26,0.0,2.078347167968751,0.1199,0.0
2025-11-26 23:00:00,0.0901899999999999,407.26,0.0,2.050835232204862,0.1199,0.0
2025-11-27 00:00:00,0.08995,407.26,0.0,2.0349810112847235,0.1199,0.0
2025-11-27 01:00:00,0.08427,424.29,0.0,2.024641655815973,0.1199,0.0
2025-11-27 02:00:00,0.07995,424.29,0.0,2.025630425347224,0.1199,0.0
2025-11-27 03:00:00,0.07734,424.29,0.0,2.036958550347223,0.1199,0.0
2025-11-27 04:00:00,0.07995,437.9,0.0,2.0468218315972235,0.1199,0.0
2025-11-27 05:00:00,0.08208,437.9,0.0,2.078145073784724,0.1199,0.0
2025-11-27 06:00:00,0.11222,437.9,0.0,2.0972707790798624,0.1199,0.0
2025-11-27 07:00:00,0.122,519.0,0.0,2.154999511718752,0.1199,0.0
2025-11-27 08:00:00,0.1231,519.0,0.0,2.234491699218752,0.1199,0.0
2025-11-27 09:00:00,0.10695,519.0,2.4,2.278236816406252,0.1199,0.0
2025-11-27 10:00:00,0.09095,455.0,9.68,2.302282226562502,0.1199,0.0
2025-11-27 11:00:00,0.08866,455.0,18.2,2.303368652343752,0.1199,0.0
2025-11-27 12:00:00,0.08706,455.0,8.6,2.303944824218752,0.1199,0.0
2025-11-27 13:00:00,0.08576,433.0,9.57,2.306952636718752,0.1199,0.0
2025-11-27 14:00:00,0.08925,433.0,8.45,2.3157783203125017,0.1199,0.0
2025-11-27 15:00:00,0.0906,433.0,5.78,2.325792968750002,0.1199,0.0
2025-11-27 16:00:00,0.09043,309.75,2.03,2.337260253906252,0.1199,0.0
2025-11-27 17:00:00,0.09751,309.75,0.0,2.349337890625002,0.1199,0.0
2025-11-27 18:00:00,0.10139,309.75,0.0,2.346500976562502,0.1199,0.0
2025-11-27 19:00:00,0.08827,252.28,0.0,2.3647480468750017,0.1199,0.0
2025-11-27 20:00:00,0.0854,252.28,0.0,2.379083984375002,0.1199,0.0
2025-11-27 21:00:00,0.08063,252.28,0.0,2.3982783203125018,0.1199,0.0
2025-11-27 22:00:00,0.0851,255.27,0.0,2.413771484375002,0.1199,0.0
2025-11-27 23:00:00,0.06946,255.27,0.0,2.414210937500002,0.1199,0.0
2025-11-28 00:00:00,0.06084,255.27,0.0,2.423925292968752,0.1199,0.0
2025-11-28 01:00:00,0.055,240.27,0.0,2.427431152343752,0.1199,0.0
2025-11-28 02:00:00,0.05293,240.27,0.0,2.431349609375002,0.1199,0.0
2025-11-28 03:00:00,0.04788,240.27,0.0,2.442313964843752,0.1199,0.0
2025-11-28 04:00:00,0.05838,263.27,0.0,2.466071289062502,0.1199,0.0
2025-11-28 05:00:00,0.06104,263.27,0.0,2.481134765625002,0.1199,0.0
2025-11-28 06:00:00,0.08286,263.27,0.0,2.468002441406252,0.1199,0.0
2025-11-28 07:00:00,0.08782,358.0,0.0,2.4788642578125017,0.1199,0.0
2025-11-28 08:00:00,0.10048,358.0,0.0,2.491691406250002,0.1199,0.0
2025-11-28 09:00:00,0.1034,358.0,0.0,2.5171699218750017,0.1199,0.0
2025-11-28 10:00:00,0.0978499999999999,327.7,1.75,2.5423750000000016,0.1199,0.0
2025-11-28 11:00:00,0.10282,327.7,6.32,2.562165039062502,0.1199,0.0
2025-11-28 12:00:00,0.0987099999999999,327.7,12.9,2.589784667968752,0.1199,0.0
2025-11-28 13:00:00,0.09945,255.4,12.7,2.609115722656252,0.1199,0.0
2025-11-28 14:00:00,0.09879,255.4,16.2,2.614315917968752,0.1199,0.0
2025-11-28 15:00:00,0.10467,255.4,0.0,2.604838378906252,0.1199,0.0
2025-11-28 16:00:00,0.1034,192.77,0.0,2.608939941406252,0.1199,0.0
2025-11-28 17:00:00,0.09616,192.77,0.0,2.605277832031252,0.1199,0.0
2025-11-28 18:00:00,0.09813,192.77,0.0,2.554940917968752,0.1199,0.0
2025-11-28 19:00:00,0.0933199999999999,196.23,0.0,2.559945800781252,0.1199,0.0
2025-11-28 20:00:00,0.08846,196.23,0.0,2.5688447265625016,0.1199,0.0
2025-11-28 21:00:00,0.08541,196.23,0.0,2.567418945312502,0.1199,0.0
2025-11-28 22:00:00,0.08554,212.29,0.0,2.560856445312502,0.1199,0.0
2025-11-28 23:00:00,0.07783,212.29,0.0,2.550121582031252,0.1199,0.0
2025-11-29 00:00:00,0.08173,212.29,0.0,2.513844726562502,0.1199,0.0
2025-11-29 01:00:00,0.0809,249.28,0.0,2.484835937500002,0.1199,0.0
2025-11-29 02:00:00,0.08134,249.28,0.0,2.460067871093752,0.1199,0.0
2025-11-29 03:00:00,0.08256,249.28,0.0,2.458627441406252,0.1199,0.0
2025-11-29 04:00:00,0.0857,244.26,0.0,2.4603095703125017,0.1199,0.0
2025-11-29 05:00:00,0.09,244.26,0.0,2.442821777343752,0.1199,0.0
2025-11-29 06:00:00,0.09089,244.26,0.0,2.383732421875002,0.1199,0.0
2025-11-29 07:00:00,0.09618,271.22,0.0,2.409120605468752,0.1199,0.0
2025-11-29 08:00:00,0.08915,271.22,0.0,2.461417968750002,0.1199,0.0
2025-11-29 09:00:00,0.10158,271.22,0.0,2.557235839843752,0.1199,0.0
2025-11-29 10:00:00,0.10144,229.43,0.0,2.620978515625002,0.1199,0.0
2025-11-29 11:00:00,0.09526,229.43,0.0,2.667938964843752,0.1199,0.0
2025-11-29 12:00:00,0.0861,229.43,0.0,2.715053222656252,0.1199,0.0
2025-11-29 13:00:00,0.08796,165.78,0.0,2.714032714843752,0.1199,0.0
2025-11-29 14:00:00,0.09173,165.78,0.0,2.694242675781252,0.1199,0.0
2025-11-29 15:00:00,0.10272,165.78,0.0,2.694271972656252,0.1199,0.0
2025-11-29 16:00:00,0.10265,173.81,0.0,2.709169433593752,0.1199,0.0
2025-11-29 17:00:00,0.10709,173.81,0.0,2.721635253906252,0.1199,0.0
2025-11-29 18:00:00,0.09813,173.81,0.0,2.740600097656252,0.1199,0.0
2025-11-29 19:00:00,0.08843,168.92,0.0,2.736496093750002,0.1199,0.0
2025-11-29 20:00:00,0.08111,168.92,0.0,2.731845214843752,0.1199,0.0
2025-11-29 21:00:00,0.0808,168.92,0.0,2.744584472656252,0.1199,0.0
2025-11-29 22:00:00,0.08349,156.03,0.0,2.739596679687497,0.1199,0.0
2025-11-29 23:00:00,0.07773,156.03,0.0,2.726576660156252,0.1199,0.0
2025-11-30 00:00:00,0.07597,156.03,0.0,2.694765136718752,0.1199,0.0
2025-11-30 01:00:00,0.06978,230.28,0.0,2.6464863281250017,0.1199,0.0
2025-11-30 02:00:00,0.06744,230.28,0.0,2.593886230468752,0.1199,0.0
2025-11-30 03:00:00,0.06536,230.28,0.0,2.539433105468752,0.1199,0.0
2025-11-30 04:00:00,0.067,234.24,0.0,2.4953193359375017,0.1199,0.0
2025-11-30 05:00:00,0.07429,234.24,0.0,2.456652343750002,0.1199,0.0
2025-11-30 06:00:00,0.07558,234.24,0.0,2.437284667968752,0.1199,0.0
2025-11-30 07:00:00,0.07598,236.27,0.0,2.427645996093752,0.1199,0.0
2025-11-30 08:00:00,0.07984,236.27,0.0,2.479594238281252,0.1199,0.0
2025-11-30 09:00:00,0.08065,236.27,0.0,2.5185566406250017,0.1199,0.0
2025-11-30 10:00:00,0.08442,256.28,0.0,2.522738769531252,0.1199,0.0
2025-11-30 11:00:00,0.08154,256.28,0.0,2.517084472656252,0.1199,0.0
2025-11-30 12:00:00,0.0807,256.28,0.0,2.4977021484375017,0.1199,0.0
2025-11-30 13:00:00,0.08252,241.23,0.0,2.4624873046874973,0.1199,0.0
2025-11-30 14:00:00,0.08755,241.23,0.0,2.417812011718752,0.1199,0.0
2025-11-30 15:00:00,0.09358,241.23,0.0,2.362221191406252,0.1199,0.0
2025-11-30 16:00:00,0.09281,284.3,0.0,2.331857421875002,0.1199,0.0
2025-11-30 17:00:00,0.10405,284.3,0.0,2.310739257812502,0.1199,0.0
2025-11-30 18:00:00,0.10621,284.3,0.0,2.305912597656252,0.1199,0.0
2025-11-30 19:00:00,0.10413,292.27,0.0,2.301994140625002,0.1199,0.0
2025-11-30 20:00:00,0.09752,292.27,0.0,2.303830078125002,0.1199,0.0
2025-11-30 21:00:00,0.09293,292.27,0.0,2.306137207031252,0.1199,0.0
2025-11-30 22:00:00,0.0925999999999999,291.26,0.0,2.303075683593752,0.1199,0.0
2025-11-30 23:00:00,0.08713,291.26,0.0,2.298842285156252,0.1199,0.0
2025-12-01 00:00:00,0.088,291.26,0.0,2.234059570312502,0.1199,0.0
2025-12-01 01:00:00,0.08602,323.25,0.0,2.188920410156252,0.1199,0.0
2025-12-01 02:00:00,0.08134,323.25,0.0,2.169555175781252,0.1199,0.0
2025-12-01 03:00:00,0.08514,323.25,0.0,2.1348701171874973,0.1199,0.0
2025-12-01 04:00:00,0.08026,377.51,0.0,2.116076171875002,0.1199,0.0
2025-12-01 05:00:00,0.08875,377.51,0.0,2.109481933593752,0.1199,0.0
2025-12-01 06:00:00,0.08863,377.51,0.0,2.145277832031252,0.1199,0.0
2025-12-01 07:00:00,0.12786,502.0,0.0,2.175651367187497,0.1199,0.0
2025-12-01 08:00:00,0.13933,502.0,0.0,2.255092285156252,0.1199,0.0
2025-12-01 09:00:00,0.1051,502.0,2.67,2.336786621093752,0.1199,0.0
2025-12-01 10:00:00,0.09373,427.0,16.8,2.397509277343752,0.1199,0.0
2025-12-01 11:00:00,0.08596,427.0,41.9,2.4330439453125017,0.1199,0.0
2025-12-01 12:00:00,0.08502,427.0,66.4,2.447748535156252,0.1199,0.0
2025-12-01 13:00:00,0.09007,378.0,68.3,2.421850097656252,0.1199,0.0
2025-12-01 14:00:00,0.10722,378.0,34.3,2.372396972656252,0.1199,0.0
2025-12-01 15:00:00,0.12032,378.0,20.6,2.341981933593752,0.1199,0.0
2025-12-01 16:00:00,0.11297,304.62,9.85,2.308275878906252,0.1199,0.0
2025-12-01 17:00:00,0.09441,304.62,3.53,2.291942871093752,0.1199,0.0
2025-12-01 18:00:00,0.08899,304.62,0.0,2.341930664062502,0.1199,0.0
2025-12-01 19:00:00,0.08677,282.28,0.0,2.3549824218750017,0.1199,0.0
2025-12-01 20:00:00,0.0823,282.28,0.0,2.361681640625002,0.1199,0.0
2025-12-01 21:00:00,0.07595,282.28,0.0,2.360978515625002,0.1199,0.0
2025-12-01 22:00:00,0.07643,307.27,0.0,2.343183105468752,0.1199,0.0
2025-12-01 23:00:00,0.0718,307.27,0.0,2.318673828125002,0.1199,0.0
2025-12-02 00:00:00,0.06578,307.27,0.0,2.3037714843750017,0.1199,0.0
2025-12-02 01:00:00,0.05882,325.28,0.0,2.313776367187497,0.1199,0.0
2025-12-02 02:00:00,0.05493,325.28,0.0,2.330006835937502,0.1199,0.0
2025-12-02 03:00:00,0.05373,325.28,0.0,2.347582519531252,0.1199,0.0
2025-12-02 04:00:00,0.05047,367.45,0.0,2.391947753906252,0.1199,0.0
2025-12-02 05:00:00,0.06459,367.45,0.0,2.433769042968752,0.1199,0.0
2025-12-02 06:00:00,0.07851,367.45,0.0,2.362782714843752,0.1199,0.0
2025-12-02 07:00:00,0.08779,473.0,0.0,2.392567871093752,0.1199,0.0
2025-12-02 08:00:00,0.08765,473.0,0.0,2.431679199218752,0.1199,0.0
2025-12-02 09:00:00,0.08828,473.0,0.0,2.480395019531252,0.1199,0.0
2025-12-02 10:00:00,0.08583,399.02,2.65,2.520102050781252,0.1199,0.0
2025-12-02 11:00:00,0.08672,399.02,7.98,2.546271484375002,0.1199,0.0
2025-12-02 12:00:00,0.08745,399.02,12.8,2.545141113281252,0.1199,0.0
2025-12-02 13:00:00,0.09704,314.25,16.0,2.545351074218752,0.1199,0.0
2025-12-02 14:00:00,0.10501,314.25,12.5,2.527875488281252,0.1199,0.0
2025-12-02 15:00:00,0.14037,314.25,5.88,2.503314941406252,0.1199,0.0
2025-12-02 16:00:00,0.13634,254.99,5.43,2.483969238281252,0.1199,0.0
2025-12-02 17:00:00,0.15164,254.99,0.5670000000000001,2.460692871093752,0.1199,0.0
2025-12-02 18:00:00,0.1621399999999999,254.99,0.0,2.469955566406252,0.1199,0.0
2025-12-02 19:00:00,0.1631999999999999,249.27,0.0,2.464794433593752,0.1199,0.0
2025-12-02 20:00:00,0.15489,249.27,0.0,2.465548828125002,0.1199,0.0
2025-12-02 21:00:00,0.12935,249.27,0.0,2.473651855468752,0.1199,0.0
2025-12-02 22:00:00,0.1192199999999999,248.28,0.0,2.481520507812502,0.1199,0.0
2025-12-02 23:00:00,0.09914,248.28,0.0,2.481857421875002,0.1199,0.0
2025-12-03 00:00:00,0.09084,248.28,0.0,2.482599609375002,0.1199,0.0
2025-12-03 01:00:00,0.08907,256.27,0.0,2.475385253906252,0.1199,0.0
2025-12-03 02:00:00,0.09026,256.27,0.0,2.461474121093752,0.1199,0.0
2025-12-03 03:00:00,0.08988,256.27,0.0,2.438236816406252,0.1199,0.0
2025-12-03 04:00:00,0.09002,274.51,0.0,2.412052734375002,0.1199,0.0
2025-12-03 05:00:00,0.09898,274.51,0.0,2.3978046875000016,0.1199,0.0
2025-12-03 06:00:00,0.15095,274.51,0.0,2.415263183593752,0.1199,0.0
2025-12-03 07:00:00,0.2,371.0,0.0,2.426603515625002,0.1199,0.0
2025-12-03 08:00:00,0.25,371.0,0.0,2.466520507812502,0.1199,0.0
2025-12-03 09:00:00,0.2198899999999999,371.0,0.4,2.487658203125002,0.1199,0.0
2025-12-03 10:00:00,0.18718,359.0,1.85,2.558173339843752,0.1199,0.0
2025-12-03 11:00:00,0.17337,359.0,4.53,2.589542968750002,0.1199,0.0
2025-12-03 12:00:00,0.16773,359.0,6.5,2.6245087890625016,0.1199,0.0
2025-12-03 13:00:00,0.18141,323.48,14.3,2.612697265625002,0.1199,0.0
2025-12-03 14:00:00,0.19994,323.48,11.5,2.5878925781250017,0.1199,0.0
2025-12-03 15:00:00,0.24256,323.48,5.3,2.498300292968752,0.1199,0.0
2025-12-03 16:00:00,0.30835,249.15,3.93,2.419813964843752,0.1199,0.0
2025-12-03 17:00:00,0.2596,249.15,0.2,2.391571777343752,0.1199,0.0
2025-12-03 18:00:00,0.20412,249.15,0.0,2.4441962890625017,0.1199,0.0
2025-12-03 19:00:00,0.17263,239.3,0.0,2.447174804687497,0.1199,0.0
2025-12-03 20:00:00,0.14624,239.3,0.0,2.442626464843752,0.1199,0.0
2025-12-03 21:00:00,0.1248199999999999,239.3,0.0,2.437755859375002,0.1199,0.0
2025-12-03 22:00:00,0.11341,257.27,0.0,2.432833984375002,0.1199,0.0
2025-12-03 23:00:00,0.10414,257.27,0.0,2.418622558593752,0.1199,0.0
2025-12-04 00:00:00,0.09738,257.27,0.0,2.405072753906252,0.1199,0.0
2025-12-04 01:00:00,0.0938799999999999,258.25,0.0,2.386063964843752,0.1199,0.0
2025-12-04 02:00:00,0.09083,258.25,0.0,2.388310058593752,0.1199,0.0
2025-12-04 03:00:00,0.09036,258.25,0.0,2.396552246093752,0.1199,0.0
2025-12-04 04:00:00,0.09233,301.59,0.0,2.393000000000002,0.1199,0.0
2025-12-04 05:00:00,0.09676,301.59,0.0,2.3931074218750017,0.1199,0.0
2025-12-04 06:00:00,0.12487,301.59,0.0,2.279655273437502,0.1199,0.0
2025-12-04 07:00:00,0.12841,413.65,0.0,2.281747558593752,0.1199,0.0
2025-12-04 08:00:00,0.1447,413.65,0.0,2.346884277343752,0.1199,0.0
2025-12-04 09:00:00,0.16398,413.65,1.1,2.4177460937500017,0.1199,0.0
2025-12-04 10:00:00,0.13841,414.0,3.6,2.478095214843752,0.1199,0.0
2025-12-04 11:00:00,0.14809,414.0,42.6,2.522084472656252,0.1199,0.0
2025-12-04 12:00:00,0.14196,414.0,79.4,2.532797363281252,0.1199,0.0
2025-12-04 13:00:00,0.14518,380.0,82.8,2.5202656250000017,0.1199,0.0
2025-12-04 14:00:00,0.1520699999999999,380.0,66.8,2.466879394531252,0.1199,0.0
2025-12-04 15:00:00,0.15099,380.0,33.3,2.422138183593752,0.1199,0.0
2025-12-04 16:00:00,0.1452,326.33,9.67,2.406557128906252,0.1199,0.0
2025-12-04 17:00:00,0.1447,326.33,1.37,2.400060546875002,0.1199,0.0
2025-12-04 18:00:00,0.14233,326.33,0.0,2.336884277343752,0.1199,0.0
2025-12-04 19:00:00,0.13499,300.29,0.0,2.3456904296874974,0.1199,0.0
2025-12-04 20:00:00,0.1186,300.29,0.0,2.338800781250002,0.1199,0.0
2025-12-04 21:00:00,0.10335,300.29,0.0,2.327001464843752,0.1199,0.0
2025-12-04 22:00:00,0.10904,310.27,0.0,2.349340332031252,0.1199,0.0
2025-12-04 23:00:00,0.09826,310.27,0.0,2.356024902343752,0.1199,0.0
2025-12-05 00:00:00,0.0957399999999999,310.27,0.0,2.344130371093752,0.1199,0.0
2025-12-05 01:00:00,0.09386,303.22,0.0,2.328100097656252,0.1199,0.0
2025-12-05 02:00:00,0.09092,303.22,0.0,2.292675292968752,0.1199,0.0
2025-12-05 03:00:00,0.09057,303.22,0.0,2.251984375000002,0.1199,0.0
2025-12-05 04:00:00,0.09403,327.65,0.0,2.198808105468752,0.1199,0.0
2025-12-05 05:00:00,0.10087,327.65,0.0,2.177372558593752,0.1199,0.0
2025-12-05 06:00:00,0.1239899999999999,327.65,0.0,2.166095703125002,0.1199,0.0
2025-12-05 07:00:00,0.1624199999999999,427.0,0.0,2.142331054687497,0.1199,0.0
2025-12-05 08:00:00,0.18443,427.0,0.0,2.245736816406252,0.1199,0.0
2025-12-05 09:00:00,0.18414,427.0,0.9,2.394699218750002,0.1199,0.0
2025-12-05 10:00:00,0.17135,393.0,6.45,2.449950683593752,0.1199,0.0
2025-12-05 11:00:00,0.16752,393.0,19.2,2.502428710937502,0.1199,0.0
2025-12-05 12:00:00,0.16156,393.0,33.3,2.529818847656252,0.1199,0.0
2025-12-05 13:00:00,0.1574499999999999,317.91,47.6,2.532938964843752,0.1199,0.0
2025-12-05 14:00:00,0.16118,317.91,54.1,2.5069746093750016,0.1199,0.0
2025-12-05 15:00:00,0.16235,317.91,53.0,2.456493652343752,0.1199,0.0
2025-12-05 16:00:00,0.1695,301.97,17.3,2.395111816406252,0.1199,0.0
2025-12-05 17:00:00,0.15831,301.97,2.57,2.378451660156252,0.1199,0.0
2025-12-05 18:00:00,0.14725,301.97,0.0,2.359992187500002,0.1199,0.0
2025-12-05 19:00:00,0.13154,302.28,0.0,2.343073242187497,0.1199,0.0
2025-12-05 20:00:00,0.11515,302.28,0.0,2.348778808593752,0.1199,0.0
2025-12-05 21:00:00,0.09755,302.28,0.0,2.3417988281250017,0.1199,0.0
2025-12-05 22:00:00,0.09308,292.28,0.0,2.328920410156252,0.1199,0.0
2025-12-05 23:00:00,0.08412,292.28,0.0,2.314862792968752,0.1199,0.0
2025-12-06 00:00:00,0.08208,292.28,0.0,2.3003925781250016,0.1199,0.0
2025-12-06 01:00:00,0.07697,275.27,0.0,2.282020996093752,0.1199,0.0
2025-12-06 02:00:00,0.07363,275.27,0.0,2.266366699218752,0.1199,0.0
2025-12-06 03:00:00,0.07001,275.27,0.0,2.269340332031252,0.1199,0.0
2025-12-06 04:00:00,0.06743,287.25,0.0,2.288195312500002,0.1199,0.0
2025-12-06 05:00:00,0.06497,287.25,0.0,2.326747558593752,0.1199,0.0
2025-12-06 06:00:00,0.06459,287.25,0.0,2.414135253906252,0.1199,0.0
2025-12-06 07:00:00,0.06787,262.2,0.0,2.456659667968752,0.1199,0.0
2025-12-06 08:00:00,0.07861,262.2,0.0,2.498854492187497,0.1199,0.0
2025-12-06 09:00:00,0.08094,262.2,0.7000000000000001,2.559369628906252,0.1199,0.0
2025-12-06 10:00:00,0.0823,212.35,3.95,2.636806152343752,0.1199,0.0
2025-12-06 11:00:00,0.08061,212.35,7.88,2.685009277343752,0.1199,0.0
2025-12-06 12:00:00,0.08062,212.35,19.0,2.7101386718750016,0.1199,0.0
2025-12-06 13:00:00,0.08133,166.43,44.3,2.711103027343752,0.1199,0.0
2025-12-06 14:00:00,0.08617,166.43,32.8,2.698961914062502,0.1199,0.0
2025-12-06 15:00:00,0.0910199999999999,166.43,25.2,2.673871582031252,0.1199,0.0
2025-12-06 16:00:00,0.09559,178.44,4.55,2.648266113281252,0.1199,0.0
2025-12-06 17:00:00,0.09512,178.44,2.1,2.6360712890625018,0.1199,0.0
2025-12-06 18:00:00,0.08918,178.44,0.0,2.626903808593752,0.1199,0.0
2025-12-06 19:00:00,0.0896599999999999,175.67,0.0,2.637143066406252,0.1199,0.0
2025-12-06 20:00:00,0.08339,175.67,0.0,2.6476386718750016,0.1199,0.0
2025-12-06 21:00:00,0.08061,175.67,0.0,2.644926269531252,0.1199,0.0
2025-12-06 22:00:00,0.0765,187.31,0.0,2.625512207031252,0.1199,0.0
2025-12-06 23:00:00,0.07157,187.31,0.0,2.614843261718752,0.1199,0.0
2025-12-07 00:00:00,0.0673199999999999,187.31,0.0,2.598830078125002,0.1199,0.0
2025-12-07 01:00:00,0.061,180.11,0.0,2.593126953125002,0.1199,0.0
2025-12-07 02:00:00,0.05942,180.11,0.0,2.597016113281252,0.1199,0.0
2025-12-07 03:00:00,0.05856,180.11,0.0,2.595646484375002,0.1199,0.0
2025-12-07 04:00:00,0.0620799999999999,177.95,0.0,2.588185546875002,0.1199,0.0
2025-12-07 05:00:00,0.062,177.95,0.0,2.608588378906252,0.1199,0.0
2025-12-07 06:00:00,0.06372,177.95,0.0,2.618417480468752,0.1199,0.0
2025-12-07 07:00:00,0.07184,175.84,0.0,2.629179199218752,0.1199,0.0
2025-12-07 08:00:00,0.078,175.84,0.0,2.651193359375002,0.1199,0.0
2025-12-07 09:00:00,0.08556,175.84,0.0,2.6977363281250017,0.1199,0.0
2025-12-07 10:00:00,0.09053,151.29,4.25,2.7394648437500018,0.1199,0.0
2025-12-07 11:00:00,0.09192,151.29,13.8,2.760319335937502,0.1199,0.0
2025-12-07 12:00:00,0.09744,151.29,21.7,2.796579101562502,0.1199,0.0
2025-12-07 13:00:00,0.0995699999999999,134.58,16.7,2.813017089843752,0.1199,0.0
2025-12-07 14:00:00,0.10415,134.58,10.5,2.803002441406252,0.1199,0.0
2025-12-07 15:00:00,0.10574,134.58,6.83,2.789074218750002,0.1199,0.0
2025-12-07 16:00:00,0.10961,154.7,3.53,2.796312988281252,0.1199,0.0
2025-12-07 17:00:00,0.1118199999999999,154.7,0.35,2.8282050781250017,0.1199,0.0
2025-12-07 18:00:00,0.09688,154.7,0.0,2.8751386718750016,0.1199,0.0
2025-12-07 19:00:00,0.08746,118.98,0.0,2.9,0.1199,0.0
2025-12-07 20:00:00,0.08376,118.98,0.0,2.9,0.1199,0.0
2025-12-07 21:00:00,0.07372,118.98,0.0,2.9,0.1199,0.0
2025-12-07 22:00:00,0.0655999999999999,91.55,0.0,2.9,0.1199,0.0
2025-12-07 23:00:00,0.04174,91.55,0.0,2.9,0.1199,0.0
2025-12-08 00:00:00,0.01927,91.55,0.0,2.9,0.1199,0.0
2025-12-08 01:00:00,0.01109,104.39,0.0,2.9,0.1199,0.0
2025-12-08 02:00:00,0.01166,104.39,0.0,2.9,0.1199,0.0
2025-12-08 03:00:00,0.0055899999999999,104.39,0.0,2.9,0.1199,0.0
2025-12-08 04:00:00,0.01289,145.65,0.0,2.9,0.1199,0.0
2025-12-08 05:00:00,0.02866,145.65,0.0,2.9,0.1199,0.0
2025-12-08 06:00:00,0.0643199999999999,145.65,0.0,2.894840820312502,0.1199,0.0
2025-12-08 07:00:00,0.08284,194.63,0.0,2.896330078125002,0.1199,0.0
2025-12-08 08:00:00,0.1,194.63,0.0,2.9,0.1199,0.0
2025-12-08 09:00:00,0.09834,194.63,0.0,2.9,0.1199,0.0
2025-12-08 10:00:00,0.08604,127.16,2.33,2.9,0.1199,0.0
2025-12-08 11:00:00,0.0799899999999999,127.16,15.0,2.9,0.1199,0.0
2025-12-08 12:00:00,0.0793499999999999,127.16,22.0,2.9,0.1199,0.0
2025-12-08 13:00:00,0.08685,105.78,22.7,2.9,0.1199,0.0
2025-12-08 14:00:00,0.09408,105.78,11.6,2.9,0.1199,0.0
2025-12-08 15:00:00,0.10015,105.78,7.62,2.9,0.1199,0.0
2025-12-08 16:00:00,0.10107,83.57,4.28,2.9,0.1199,0.0
2025-12-08 17:00:00,0.1098499999999999,83.57,1.3,2.9,0.1199,0.0
2025-12-08 18:00:00,0.10026,83.57,0.0,2.9,0.1199,0.0
2025-12-08 19:00:00,0.09664,87.07,0.0,2.9,0.1199,0.0
2025-12-08 20:00:00,0.08935,87.07,0.0,2.9,0.1199,0.0
2025-12-08 21:00:00,0.08352,87.07,0.0,2.9,0.1199,0.0
2025-12-08 22:00:00,0.0802099999999999,104.46,0.0,2.9,0.1199,0.0
2025-12-08 23:00:00,0.07325,104.46,0.0,2.9,0.1199,0.0
2025-12-09 00:00:00,0.0737,104.46,0.0,2.859657714843752,0.1199,0.0
2025-12-09 01:00:00,0.07279,90.87,0.0,2.816947753906252,0.1199,0.0
2025-12-09 02:00:00,0.07371,90.87,0.0,2.775375488281252,0.1199,0.0
2025-12-09 03:00:00,0.07485,90.87,0.0,2.745326660156252,0.1199,0.0
2025-12-09 04:00:00,0.07372,139.52,0.0,2.726591308593752,0.1199,0.0
2025-12-09 05:00:00,0.0802099999999999,139.52,0.0,2.726635253906252,0.1199,0.0
2025-12-09 06:00:00,0.09885,139.52,0.0,2.809389160156252,0.1199,0.0
2025-12-09 07:00:00,0.10579,195.89,0.0,2.830758789062502,0.1199,0.0
2025-12-09 08:00:00,0.12975,195.89,0.0,2.8481464843750017,0.1199,0.0
2025-12-09 09:00:00,0.11134,195.89,0.5,2.876291015625002,0.1199,0.0
2025-12-09 10:00:00,0.10306,159.09,2.4,2.9,0.1199,0.0
2025-12-09 11:00:00,0.10334,159.09,9.15,2.9,0.1199,0.0
2025-12-09 12:00:00,0.09783,159.09,21.0,2.9,0.1199,0.0
2025-12-09 13:00:00,0.1011,109.68,60.3,2.9,0.1199,0.0
2025-12-09 14:00:00,0.10022,109.68,57.5,2.9,0.1199,0.0
2025-12-09 15:00:00,0.1108799999999999,109.68,40.4,2.898310058593752,0.1199,0.0
2025-12-09 16:00:00,0.1083,97.24,17.1,2.8834394531250016,0.1199,0.0
2025-12-09 17:00:00,0.10457,97.24,2.3,2.8803925781250017,0.1199,0.0
2025-12-09 18:00:00,0.09691,97.24,0.0,2.839503906250002,0.1199,0.0
2025-12-09 19:00:00,0.0851,121.94,0.0,2.8273115234375017,0.1199,0.0
2025-12-09 20:00:00,0.08367,121.94,0.0,2.824608886718752,0.1199,0.0
2025-12-09 21:00:00,0.0793499999999999,121.94,0.0,2.8294306640625018,0.1199,0.0
2025-12-09 22:00:00,0.0733299999999999,95.1,0.0,2.850736816406252,0.1199,0.0
2025-12-09 23:00:00,0.05542,95.1,0.0,2.875712402343752,0.1199,0.0
2025-12-10 00:00:00,0.0439,95.1,0.0,2.9,0.1199,0.0
2025-12-10 01:00:00,0.03648,98.74,0.0,2.9,0.1199,0.0
2025-12-10 02:00:00,0.031,98.74,0.0,2.9,0.1199,0.0
2025-12-10 03:00:00,0.03511,98.74,0.0,2.9,0.1199,0.0
2025-12-10 04:00:00,0.04809,126.7,0.0,2.895395019531252,0.1199,0.0
2025-12-10 05:00:00,0.06965,126.7,0.0,2.884123046875002,0.1199,0.0
2025-12-10 06:00:00,0.07912,126.7,0.0,2.8261884765625016,0.1199,0.0
2025-12-10 07:00:00,0.08751,162.35,0.0,2.836815917968752,0.1199,0.0
2025-12-10 08:00:00,0.09433,162.35,0.0,2.864311035156252,0.1199,0.0
2025-12-10 09:00:00,0.09423,162.35,0.4,2.892699707031252,0.1199,0.0
2025-12-10 10:00:00,0.08773,155.57,1.83,2.9,0.1199,0.0
2025-12-10 11:00:00,0.081,155.57,6.05,2.9,0.1199,0.0
2025-12-10 12:00:00,0.0795,155.57,7.73,2.898078125000002,0.1199,0.0
2025-12-10 13:00:00,0.08144,139.27,13.8,2.8927851562500018,0.1199,0.0
2025-12-10 14:00:00,0.09022,139.27,17.5,2.8608613281250017,0.1199,0.0
2025-12-10 15:00:00,0.10067,139.27,10.5,2.812128417968752,0.1199,0.0
2025-12-10 16:00:00,0.104,112.23,8.03,2.786227539062501,0.1199,0.0
2025-12-10 17:00:00,0.10567,112.23,1.7,2.776752441406252,0.1199,0.0
2025-12-10 18:00:00,0.1047,112.23,0.0,2.763639648437502,0.1199,0.0
2025-12-10 19:00:00,0.09677,125.91,0.0,2.7319355468750017,0.1199,0.0
2025-12-10 20:00:00,0.08775,125.91,0.0,2.710287597656252,0.1199,0.0
2025-12-10 21:00:00,0.08631,125.91,0.0,2.659347656250002,0.1199,0.0
2025-12-10 22:00:00,0.08249,155.19,0.0,2.6179218750000017,0.1199,0.0
2025-12-10 23:00:00,0.07643,155.19,0.0,2.585089843750002,0.1199,0.0
2025-12-11 00:00:00,0.07398,155.19,0.0,2.551786621093752,0.1199,0.0
2025-12-11 01:00:00,0.07342,188.05,0.0,2.531518066406252,0.1199,0.0
2025-12-11 02:00:00,0.07252,188.05,0.0,2.4959296875000017,0.1199,0.0
2025-12-11 03:00:00,0.07521,188.05,0.0,2.461740234375002,0.1199,0.0
2025-12-11 04:00:00,0.0769099999999999,228.47,0.0,2.4395527343750016,0.1199,0.0
2025-12-11 05:00:00,0.08059,228.47,0.0,2.414315917968752,0.1199,0.0
2025-12-11 06:00:00,0.09009,228.47,0.0,2.477204101562502,0.1199,0.0
2025-12-11 07:00:00,0.09811,344.0,0.0,2.4810566406250016,0.1199,0.0
2025-12-11 08:00:00,0.11036,344.0,0.0,2.5393085937500017,0.1199,0.0
2025-12-11 09:00:00,0.10617,344.0,0.8,2.610749023437502,0.1199,0.0
2025-12-11 10:00:00,0.09318,259.91,10.4,2.664748046875002,0.1199,0.0
2025-12-11 11:00:00,0.09192,259.91,44.0,2.700893066406252,0.1199,0.0
2025-12-11 12:00:00,0.0894,259.91,76.8,2.727223632812502,0.1199,0.0
2025-12-11 13:00:00,0.09022,204.03,93.9,2.7241572265625016,0.1199,0.0
2025-12-11 14:00:00,0.09779,204.03,84.1,2.671210449218752,0.1199,0.0
2025-12-11 15:00:00,0.11127,204.03,58.8,2.577580078125002,0.1199,0.0
2025-12-11 16:00:00,0.1147,202.8,21.9,2.523339355468752,0.1199,0.0
2025-12-11 17:00:00,0.11541,202.8,2.23,2.463314941406252,0.1199,0.0
2025-12-11 18:00:00,0.1125699999999999,202.8,0.0,2.438595703125002,0.1199,0.0
2025-12-11 19:00:00,0.10779,256.41,0.0,2.397531250000002,0.1199,0.0
2025-12-11 20:00:00,0.10364,256.41,0.0,2.400111816406252,0.1199,0.0
2025-12-11 21:00:00,0.09439,256.41,0.0,2.3955732421874973,0.1199,0.0
2025-12-11 22:00:00,0.09359,282.29,0.0,2.410905273437502,0.1199,0.0
2025-12-11 23:00:00,0.0937399999999999,282.29,0.0,2.3984199218750017,0.1199,0.0
2025-12-12 00:00:00,0.08378,282.29,0.0,2.415473144531252,0.1199,0.0
2025-12-12 01:00:00,0.08622,286.27,0.0,2.442453125000002,0.1199,0.0
2025-12-12 02:00:00,0.0879,286.27,0.0,2.460968750000002,0.1199,0.0
2025-12-12 03:00:00,0.09018,286.27,0.0,2.502226074218752,0.1199,0.0
2025-12-12 04:00:00,0.09071,277.19,0.0,2.5245527343750016,0.1199,0.0
2025-12-12 05:00:00,0.09221,277.19,0.0,2.561427734375002,0.1199,0.0
2025-12-12 06:00:00,0.10123,277.19,0.0,2.5479316406250017,0.1199,0.0
2025-12-12 07:00:00,0.12132,363.0,0.0,2.553524902343752,0.1199,0.0
2025-12-12 08:00:00,0.13085,363.0,0.0,2.621542480468752,0.1199,0.0
2025-12-12 09:00:00,0.1269,363.0,1.0,2.694408691406252,0.1199,0.0
2025-12-12 10:00:00,0.12196,304.39,10.6,2.760607421875002,0.1199,0.0
2025-12-12 11:00:00,0.1183,304.39,29.0,2.824057128906252,0.1199,0.0
2025-12-12 12:00:00,0.1130699999999999,304.39,50.4,2.844457519531252,0.1199,0.0
2025-12-12 13:00:00,0.11826,226.13,64.9,2.826908691406252,0.1199,0.0
2025-12-12 14:00:00,0.12682,226.13,26.9,2.766303222656252,0.1199,0.0
2025-12-12 15:00:00,0.1319499999999999,226.13,25.3,2.682548339843752,0.1199,0.0
2025-12-12 16:00:00,0.14549,194.76,8.48,2.6079902343750017,0.1199,0.0
2025-12-12 17:00:00,0.14683,194.76,1.23,2.5617646484375016,0.1199,0.0
2025-12-12 18:00:00,0.1331,194.76,0.0,2.5769062500000017,0.1199,0.0
2025-12-12 19:00:00,0.12806,216.92,0.0,2.553021972656252,0.1199,0.0
2025-12-12 20:00:00,0.117,216.92,0.0,2.552318847656252,0.1199,0.0
2025-12-12 21:00:00,0.11493,216.92,0.0,2.537045410156252,0.1199,0.0
2025-12-12 22:00:00,0.10382,278.24,0.0,2.513522460937502,0.1199,0.0
2025-12-12 23:00:00,0.09175,278.24,0.0,2.504677246093752,0.1199,0.0
2025-12-13 00:00:00,0.09228,278.24,0.0,2.488979003906252,0.1199,0.0
2025-12-13 01:00:00,0.0905,295.26,0.0,2.482335937500002,0.1199,0.0
2025-12-13 02:00:00,0.08739,295.26,0.0,2.496251953125002,0.1199,0.0
2025-12-13 03:00:00,0.08704,295.26,0.0,2.530702636718752,0.1199,0.0
2025-12-13 04:00:00,0.085,287.26,0.0,2.555385253906252,0.1199,0.0
2025-12-13 05:00:00,0.08467,287.26,0.0,2.564169433593752,0.1199,0.0
2025-12-13 06:00:00,0.07914,287.26,0.0,2.5165888671874974,0.1199,0.0
2025-12-13 07:00:00,0.08114,258.09,0.0,2.526259277343752,0.1199,0.0
2025-12-13 08:00:00,0.09595,258.09,0.0,2.563061035156252,0.1199,0.0
2025-12-13 09:00:00,0.1067699999999999,258.09,0.3,2.604657714843752,0.1199,0.0
2025-12-13 10:00:00,0.10259,233.6,1.98,2.623895996093752,0.1199,0.0
2025-12-13 11:00:00,0.09809,233.6,5.9,2.648705566406252,0.1199,0.0
2025-12-13 12:00:00,0.09376,233.6,7.78,2.6532001953125017,0.1199,0.0
2025-12-13 13:00:00,0.09294,212.24,6.42,2.6488837890625017,0.1199,0.0
2025-12-13 14:00:00,0.09576,212.24,6.23,2.642853515625002,0.1199,0.0
2025-12-13 15:00:00,0.11466,212.24,9.48,2.594335449218752,0.1199,0.0
2025-12-13 16:00:00,0.11971,218.59,6.78,2.5493623046874974,0.1199,0.0
2025-12-13 17:00:00,0.11845,218.59,0.633,2.529613769531252,0.1199,0.0
2025-12-13 18:00:00,0.11226,218.59,0.0,2.524464843750002,0.1199,0.0
2025-12-13 19:00:00,0.10363,256.26,0.0,2.516913574218752,0.1199,0.0
2025-12-13 20:00:00,0.09171,256.26,0.0,2.5181660156250016,0.1199,0.0
2025-12-13 21:00:00,0.09056,256.26,0.0,2.5118574218750016,0.1199,0.0
2025-12-13 22:00:00,0.09369,280.28,0.0,2.520885742187497,0.1199,0.0
2025-12-13 23:00:00,0.08439,280.28,0.0,2.5264326171874973,0.1199,0.0
2025-12-14 00:00:00,0.0912,280.28,0.0,2.530536621093752,0.1199,0.0
2025-12-14 01:00:00,0.0905199999999999,327.27,0.0,2.537304199218752,0.1199,0.0
2025-12-14 02:00:00,0.0819,327.27,0.0,2.530939453125002,0.1199,0.0
2025-12-14 03:00:00,0.07995,327.27,0.0,2.522587402343752,0.1199,0.0
2025-12-14 04:00:00,0.07731,298.25,0.0,2.525055664062502,0.1199,0.0
2025-12-14 05:00:00,0.07876,298.25,0.0,2.527396972656252,0.1199,0.0
2025-12-14 06:00:00,0.07718,298.25,0.0,2.4579023437500016,0.1199,0.0
2025-12-14 07:00:00,0.07747,273.2,0.0,2.465849121093752,0.1199,0.0
2025-12-14 08:00:00,0.08176,273.2,0.0,2.488458984375002,0.1199,0.0
2025-12-14 09:00:00,0.0823499999999999,273.2,0.0,2.522157714843752,0.1199,0.0
2025-12-14 10:00:00,0.08001,255.67,2.08,2.587294433593752,0.1199,0.0
2025-12-14 11:00:00,0.08408,255.67,6.7,2.616056640625002,0.1199,0.0
2025-12-14 12:00:00,0.08727,255.67,12.3,2.633446777343752,0.1199,0.0
2025-12-14 13:00:00,0.08696,223.31,82.1,2.633427246093752,0.1199,0.0
2025-12-14 14:00:00,0.08865,223.31,86.0,2.618822753906252,0.1199,0.0
2025-12-14 15:00:00,0.0920999999999999,223.31,47.7,2.552572753906252,0.1199,0.0
2025-12-14 16:00:00,0.09928,235.27,16.4,2.521596191406252,0.1199,0.0
2025-12-14 17:00:00,0.10279,235.27,2.6,2.495556152343752,0.1199,0.0
2025-12-14 18:00:00,0.10329,235.27,0.0,2.411967285156252,0.1199,0.0
2025-12-14 19:00:00,0.0929899999999999,296.97,0.0,2.4082685546874973,0.1199,0.0
2025-12-14 20:00:00,0.0904,296.97,0.0,2.408847167968752,0.1199,0.0
2025-12-14 21:00:00,0.0844,296.97,0.0,2.415360839843752,0.1199,0.0
2025-12-14 22:00:00,0.08265,318.29,0.0,2.414481933593752,0.1199,0.0
2025-12-14 23:00:00,0.07575,318.29,0.0,2.409447753906252,0.1199,0.0
2025-12-15 00:00:00,0.0725,318.29,0.0,2.4120917968750017,0.1199,0.0
2025-12-15 01:00:00,0.07188,330.24,0.0,2.370939453125002,0.1199,0.0
2025-12-15 02:00:00,0.07104,330.24,0.0,2.342482421875002,0.1199,0.0
2025-12-15 03:00:00,0.07067,330.24,0.0,2.336288574218752,0.1199,0.0
2025-12-15 04:00:00,0.07528,358.67,0.0,2.322257812500002,0.1199,0.0
2025-12-15 05:00:00,0.0768,358.67,0.0,2.324655273437502,0.1199,0.0
2025-12-15 06:00:00,0.08653,358.67,0.0,2.289853027343752,0.1199,0.0
2025-12-15 07:00:00,0.09879,472.64,0.0,2.2956562500000017,0.1199,0.0
2025-12-15 08:00:00,0.10113,472.64,0.0,2.3636298828125017,0.1199,0.0
2025-12-15 09:00:00,0.09665,472.64,0.9,2.467992675781252,0.1199,0.0
2025-12-15 10:00:00,0.08962,396.0,9.03,2.563119628906252,0.1199,0.0
2025-12-15 11:00:00,0.07972,396.0,42.0,2.651029785156252,0.1199,0.0
2025-12-15 12:00:00,0.07977,396.0,74.7,2.697650878906252,0.1199,0.0
2025-12-15 13:00:00,0.08826,358.94,87.5,2.699032714843752,0.1199,0.0
2025-12-15 14:00:00,0.09544,358.94,32.7,2.646991699218752,0.1199,0.0
2025-12-15 15:00:00,0.1072999999999999,358.94,0.0,2.586410644531252,0.1199,0.0
2025-12-15 16:00:00,0.1086599999999999,260.16,0.0,2.571942871093752,0.1199,0.0
2025-12-15 17:00:00,0.10421,260.16,0.0,2.5766425781250017,0.1199,0.0
2025-12-15 18:00:00,0.09816,260.16,0.0,2.564013183593752,0.1199,0.0
2025-12-15 19:00:00,0.09042,235.26,0.0,2.557631347656252,0.1199,0.0
2025-12-15 20:00:00,0.08425,235.26,0.0,2.5562714843750016,0.1199,0.0
2025-12-15 21:00:00,0.08517,235.26,0.0,2.558676269531252,0.1199,0.0
2025-12-15 22:00:00,0.08498,224.69,0.0,2.553490722656252,0.1199,0.0
2025-12-15 23:00:00,0.0804599999999999,224.69,0.0,2.548629882812502,0.1199,0.0
2025-12-16 00:00:00,0.08067,224.69,0.0,2.556586425781252,0.1199,0.0
2025-12-16 01:00:00,0.07905,207.95,0.0,2.546095703125002,0.1199,0.0
2025-12-16 02:00:00,0.0770999999999999,207.95,0.0,2.534730957031252,0.1199,0.0
2025-12-16 03:00:00,0.07905,207.95,0.0,2.5302705078125016,0.1199,0.0
2025-12-16 04:00:00,0.08039,250.82,0.0,2.5225410156250017,0.1199,0.0
2025-12-16 05:00:00,0.08231,250.82,0.0,2.508744628906252,0.1199,0.0
2025-12-16 06:00:00,0.0884,250.82,0.0,2.473979003906252,0.1199,0.0
2025-12-16 07:00:00,0.09139,351.0,0.0,2.476322753906252,0.1199,0.0
2025-12-16 08:00:00,0.10047,351.0,0.0,2.519481933593752,0.1199,0.0
2025-12-16 09:00:00,0.10127,351.0,1.0,2.619757812500002,0.1199,0.0
2025-12-16 10:00:00,0.09234,305.34,4.95,2.712899902343752,0.1199,0.0
2025-12-16 11:00:00,0.09061,305.34,27.6,2.760609863281252,0.1199,0.0
2025-12-16 12:00:00,0.09151,305.34,53.5,2.761405761718752,0.1199,0.0
2025-12-16 13:00:00,0.09988,277.97,55.7,2.733861816406252,0.1199,0.0
2025-12-16 14:00:00,0.1244,277.97,39.6,2.6645478515625016,0.1199,0.0
2025-12-16 15:00:00,0.13938,277.97,13.7,2.588532226562502,0.1199,0.0
2025-12-16 16:00:00,0.15531,222.82,5.85,2.523900878906252,0.1199,0.0
2025-12-16 17:00:00,0.1621999999999999,222.82,2.07,2.4647626953125017,0.1199,0.0
2025-12-16 18:00:00,0.14225,222.82,0.0,2.445399902343752,0.1199,0.0
2025-12-16 19:00:00,0.1371,239.28,0.0,2.478954589843752,0.1199,0.0
2025-12-16 20:00:00,0.12885,239.28,0.0,2.508017089843752,0.1199,0.0
2025-12-16 21:00:00,0.11894,239.28,0.0,2.482472656250002,0.1199,0.0
2025-12-16 22:00:00,0.11558,244.27,0.0,2.4375605468750017,0.1199,0.0
2025-12-16 23:00:00,0.10342,244.27,0.0,2.417880371093752,0.1199,0.0
2025-12-17 00:00:00,0.089,244.27,0.0,2.415111816406252,0.1199,0.0
2025-12-17 01:00:00,0.08979,270.24,0.0,2.404428222656252,0.1199,0.0
2025-12-17 02:00:00,0.08649,270.24,0.0,2.364945800781252,0.1199,0.0
2025-12-17 03:00:00,0.08503,270.24,0.0,2.351183593750002,0.1199,0.0
2025-12-17 04:00:00,0.0880799999999999,308.85,0.0,2.392208984375002,0.1199,0.0
2025-12-17 05:00:00,0.0905,308.85,0.0,2.437792480468752,0.1199,0.0
2025-12-17 06:00:00,0.0954899999999999,308.85,0.0,2.417084472656252,0.1199,0.0
2025-12-17 07:00:00,0.10882,355.0,0.0,2.453356445312502,0.1199,0.0
2025-12-17 08:00:00,0.13346,355.0,0.0,2.531466796875002,0.1199,0.0
2025-12-17 09:00:00,0.1263,355.0,0.0,2.631994140625002,0.1199,0.0
2025-12-17 10:00:00,0.12454,270.12,1.95,2.708849609375002,0.1199,0.0
2025-12-17 11:00:00,0.11815,270.12,8.07,2.7774433593750016,0.1199,0.0
2025-12-17 12:00:00,0.1119,270.12,25.9,2.792799804687497,0.1199,0.0
2025-12-17 13:00:00,0.1226599999999999,230.0,27.8,2.770255859375002,0.1199,0.0
2025-12-17 14:00:00,0.12997,230.0,9.32,2.740893066406252,0.1199,0.0
2025-12-17 15:00:00,0.1275,230.0,9.18,2.695536621093752,0.1199,0.0
2025-12-17 16:00:00,0.1265,192.94,5.07,2.6740693359375016,0.1199,0.0
2025-12-17 17:00:00,0.12282,192.94,1.23,2.657130859375002,0.1199,0.0
2025-12-17 18:00:00,0.1114,192.94,0.0,2.602533691406252,0.1199,0.0
2025-12-17 19:00:00,0.09751,173.17,0.0,2.599071777343752,0.1199,0.0
2025-12-17 20:00:00,0.0947099999999999,173.17,0.0,2.602692382812502,0.1199,0.0
2025-12-17 21:00:00,0.0947,173.17,0.0,2.6080537109375017,0.1199,0.0
2025-12-17 22:00:00,0.09322,169.83,0.0,2.632421386718752,0.1199,0.0
2025-12-17 23:00:00,0.085,169.83,0.0,2.6635957031250017,0.1199,0.0
2025-12-18 00:00:00,0.07776,169.83,0.0,2.674875000000002,0.1199,0.0
2025-12-18 01:00:00,0.0690699999999999,189.27,0.0,2.6787714843750017,0.1199,0.0
2025-12-18 02:00:00,0.06013,189.27,0.0,2.665236328125002,0.1199,0.0
2025-12-18 03:00:00,0.04889,189.27,0.0,2.653363769531252,0.1199,0.0
2025-12-18 04:00:00,0.04482,208.92,0.0,2.6250800781250017,0.1199,0.0
2025-12-18 05:00:00,0.05083,208.92,0.0,2.624799316406252,0.1199,0.0
2025-12-18 06:00:00,0.06324,208.92,0.0,2.678935058593752,0.1199,0.0
2025-12-18 07:00:00,0.08153,294.21,0.0,2.679437988281252,0.1199,0.0
2025-12-18 08:00:00,0.09074,294.21,0.0,2.724301269531252,0.1199,0.0
2025-12-18 09:00:00,0.08856,294.21,0.55,2.741273925781252,0.1199,0.0
2025-12-18 10:00:00,0.07828,225.06,4.45,2.770092285156252,0.1199,0.0
2025-12-18 11:00:00,0.07829,225.06,14.1,2.790429199218752,0.1199,0.0
2025-12-18 12:00:00,0.07742,225.06,29.5,2.803002441406252,0.1199,0.0
2025-12-18 13:00:00,0.07948,181.59,35.8,2.801603515625002,0.1199,0.0
2025-12-18 14:00:00,0.10376,181.59,57.4,2.784618652343752,0.1199,0.0
2025-12-18 15:00:00,0.11449,181.59,45.2,2.776518066406252,0.1199,0.0
2025-12-18 16:00:00,0.1108799999999999,158.05,14.4,2.765126464843752,0.1199,0.0
2025-12-18 17:00:00,0.10342,158.05,3.47,2.763974121093752,0.1199,0.0
2025-12-18 18:00:00,0.08826,158.05,0.0,2.750746582031252,0.1199,0.0
2025-12-18 19:00:00,0.08014,154.8,0.0,2.752228515625002,0.1199,0.0
2025-12-18 20:00:00,0.06768,154.8,0.0,2.7660761718750018,0.1199,0.0
2025-12-18 21:00:00,0.05325,154.8,0.0,2.779965332031252,0.1199,0.0
2025-12-18 22:00:00,0.0518,128.8,0.0,2.7890644531250017,0.1199,0.0
2025-12-18 23:00:00,0.01865,128.8,0.0,2.799193847656252,0.1199,0.0
2025-12-19 00:00:00,0.00984,128.8,0.0,2.823583496093752,0.1199,0.0
2025-12-19 01:00:00,0.00586,96.25,0.0,2.837350585937502,0.1199,0.0
2025-12-19 02:00:00,0.00433,96.25,0.0,2.844303710937502,0.1199,0.0
2025-12-19 03:00:00,0.0035099999999999,96.25,0.0,2.861789062500001,0.1199,0.0
2025-12-19 04:00:00,0.00412,130.95,0.0,2.874904296875002,0.1199,0.0
2025-12-19 05:00:00,0.01078,130.95,0.0,2.880009277343752,0.1199,0.0
2025-12-19 06:00:00,0.04028,130.95,0.0,2.875114257812502,0.1199,0.0
2025-12-19 07:00:00,0.07671,166.59,0.0,2.868544433593752,0.1199,0.0
2025-12-19 08:00:00,0.08954,166.59,0.0,2.863671386718752,0.1199,0.0
2025-12-19 09:00:00,0.08938,166.59,0.0,2.857121093750002,0.1199,0.0
2025-12-19 10:00:00,0.08923,191.0,4.65,2.855653808593752,0.1199,0.0
2025-12-19 11:00:00,0.08749,191.0,7.2,2.845854003906252,0.1199,0.0
2025-12-19 12:00:00,0.0845699999999999,191.0,15.1,2.825424316406252,0.1199,0.0
2025-12-19 13:00:00,0.08763,199.75,26.2,2.801178710937502,0.1199,0.0
2025-12-19 14:00:00,0.0933499999999999,199.75,25.3,2.766127441406252,0.1199,0.0
2025-12-19 15:00:00,0.0974,199.75,11.3,2.710814941406252,0.1199,0.0
2025-12-19 16:00:00,0.10033,173.49,3.83,2.655770996093752,0.1199,0.0
2025-12-19 17:00:00,0.1069,173.49,0.6,2.605197265625002,0.1199,0.0
2025-12-19 18:00:00,0.10748,173.49,0.0,2.557907226562502,0.1199,0.0
2025-12-19 19:00:00,0.10512,198.0,0.0,2.517873046875002,0.1199,0.0
2025-12-19 20:00:00,0.10291,198.0,0.0,2.4694843750000017,0.1199,0.0
2025-12-19 21:00:00,0.0984599999999999,198.0,0.0,2.438913085937502,0.1199,0.0
2025-12-19 22:00:00,0.09628,242.24,0.0,2.386850097656252,0.1199,0.0
2025-12-19 23:00:00,0.09018,242.24,0.0,2.323256347656252,0.1199,0.0
2025-12-20 00:00:00,0.08481,242.24,0.0,2.274799316406252,0.1199,0.0
2025-12-20 01:00:00,0.0834,291.29,0.0,2.2417011718750017,0.1199,0.0
2025-12-20 02:00:00,0.085,291.29,0.0,2.234513671875002,0.1199,0.0
2025-12-20 03:00:00,0.08749,291.29,0.0,2.240297363281252,0.1199,0.0
2025-12-20 04:00:00,0.08846,310.26,0.0,2.277201660156252,0.1199,0.0
2025-12-20 05:00:00,0.08992,310.26,0.0,2.2998652343750017,0.1199,0.0
2025-12-20 06:00:00,0.09598,310.26,0.0,2.198661621093752,0.1199,0.0
2025-12-20 07:00:00,0.104,352.2,0.0,2.2361054687500017,0.1199,0.0
2025-12-20 08:00:00,0.1132099999999999,352.2,0.0,2.322523925781252,0.1199,0.0
2025-12-20 09:00:00,0.1148,352.2,0.1,2.4057636718750017,0.1199,0.0
2025-12-20 10:00:00,0.11267,303.18,4.77,2.500282714843752,0.1199,0.0
2025-12-20 11:00:00,0.1109899999999999,303.18,13.3,2.550243652343752,0.1199,0.0
2025-12-20 12:00:00,0.1102699999999999,303.18,14.2,2.561610839843752,0.1199,0.0
2025-12-20 13:00:00,0.11498,250.38,13.7,2.582372558593752,0.1199,0.0
2025-12-20 14:00:00,0.11948,250.38,14.4,2.599691894531252,0.1199,0.0
2025-12-20 15:00:00,0.12064,250.38,8.63,2.620795410156252,0.1199,0.0
2025-12-20 16:00:00,0.1202,229.07,5.6,2.642475097656252,0.1199,0.0
2025-12-20 17:00:00,0.12239,229.07,1.73,2.6667500000000017,0.1199,0.0
2025-12-20 18:00:00,0.11827,229.07,0.0,2.601039550781252,0.1199,0.0
2025-12-20 19:00:00,0.10411,218.23,0.0,2.621981933593752,0.1199,0.0
2025-12-20 20:00:00,0.09638,218.23,0.0,2.638219726562502,0.1199,0.0
2025-12-20 21:00:00,0.09301,218.23,0.0,2.643549316406252,0.1199,0.0
2025-12-20 22:00:00,0.0922399999999999,217.73,0.0,2.640636718750002,0.1199,0.0
2025-12-20 23:00:00,0.09067,217.73,0.0,2.653063476562502,0.1199,0.0
2025-12-21 00:00:00,0.0957,217.73,0.0,2.651000488281252,0.1199,0.0
2025-12-21 01:00:00,0.0900499999999999,209.32,0.0,2.6173066406250016,0.1199,0.0
2025-12-21 02:00:00,0.08649,209.32,0.0,2.585888183593752,0.1199,0.0
2025-12-21 03:00:00,0.0854,209.32,0.0,2.557609375000002,0.1199,0.0
2025-12-21 04:00:00,0.08563,197.87,0.0,2.541925781250002,0.1199,0.0
2025-12-21 05:00:00,0.08683,197.87,0.0,2.527621582031252,0.1199,0.0
2025-12-21 06:00:00,0.08814,197.87,0.0,2.538451660156252,0.1199,0.0
2025-12-21 07:00:00,0.0928499999999999,208.14,0.0,2.553947265625002,0.1199,0.0
2025-12-21 08:00:00,0.10215,208.14,0.0,2.584506347656252,0.1199,0.0
2025-12-21 09:00:00,0.10701,208.14,0.0,2.681103027343752,0.1199,0.0
2025-12-21 10:00:00,0.10258,173.3,2.63,2.761588867187497,0.1199,0.0
2025-12-21 11:00:00,0.1013,173.3,12.4,2.796361816406252,0.1199,0.0
2025-12-21 12:00:00,0.09848,173.3,21.2,2.7818183593750017,0.1199,0.0
2025-12-21 13:00:00,0.09487,154.72,21.3,2.731310546875002,0.1199,0.0
2025-12-21 14:00:00,0.09889,154.72,18.6,2.624350097656252,0.1199,0.0
2025-12-21 15:00:00,0.10087,154.72,24.7,2.507001464843752,0.1199,0.0
2025-12-21 16:00:00,0.09752,193.7,12.7,2.4468769531250016,0.1199,0.0
2025-12-21 17:00:00,0.0970699999999999,193.7,3.03,2.394210937500002,0.1199,0.0
2025-12-21 18:00:00,0.0907999999999999,193.7,0.0,2.471508300781252,0.1199,0.0
2025-12-21 19:00:00,0.08614,238.31,0.0,2.453310058593752,0.1199,0.0
2025-12-21 20:00:00,0.08166,238.31,0.0,2.431859863281252,0.1199,0.0
2025-12-21 21:00:00,0.07886,238.31,0.0,2.4070673828125018,0.1199,0.0
2025-12-21 22:00:00,0.0775,218.84,0.0,2.3773212890625017,0.1199,0.0
2025-12-21 23:00:00,0.07091,218.84,0.0,2.340995605468752,0.1199,0.0
2025-12-22 00:00:00,0.07023,218.84,0.0,2.311366699218752,0.1199,0.0
2025-12-22 01:00:00,0.06883,241.26,0.0,2.278290527343752,0.1199,0.0
2025-12-22 02:00:00,0.06779,241.26,0.0,2.255736816406252,0.1199,0.0
2025-12-22 03:00:00,0.06631,241.26,0.0,2.2328095703125017,0.1199,0.0
2025-12-22 04:00:00,0.07152,290.23,0.0,2.206513183593752,0.1199,0.0
2025-12-22 05:00:00,0.07411,290.23,0.0,2.184770019531252,0.1199,0.0
2025-12-22 06:00:00,0.07819,290.23,0.0,2.210839355468752,0.1199,0.0
2025-12-22 07:00:00,0.09045,343.23,0.0,2.199853027343752,0.1199,0.0
2025-12-22 08:00:00,0.09334,343.23,0.0,2.229938476562502,0.1199,0.0
2025-12-22 09:00:00,0.09079,343.23,0.0,2.279384277343752,0.1199,0.0
2025-12-22 10:00:00,0.08925,363.23,6.33,2.347838867187497,0.1199,0.0
2025-12-22 11:00:00,0.085,363.23,22.5,2.399264648437502,0.1199,0.0
2025-12-22 12:00:00,0.08634,363.23,22.9,2.422614257812502,0.1199,0.0
2025-12-22 13:00:00,0.08862,347.29,42.0,2.403390625000002,0.1199,0.0
2025-12-22 14:00:00,0.09212,347.29,64.1,2.348180664062502,0.1199,0.0
2025-12-22 15:00:00,0.09954,347.29,50.0,2.276684082031252,0.1199,0.0
2025-12-22 16:00:00,0.10118,351.26,17.5,2.238151367187497,0.1199,0.0
2025-12-22 17:00:00,0.10789,351.26,2.73,2.2220478515625017,0.1199,0.0
2025-12-22 18:00:00,0.1009,351.26,0.0,2.182064941406252,0.1199,0.0
2025-12-22 19:00:00,0.09379,336.23,0.0,2.168644531250002,0.1199,0.0
2025-12-22 20:00:00,0.08948,336.23,0.0,2.144611328125002,0.1199,0.0
2025-12-22 21:00:00,0.08486,336.23,0.0,2.114662597656252,0.1199,0.0
2025-12-22 22:00:00,0.0848199999999999,328.23,0.0,2.0907508680555567,0.1199,0.0
2025-12-22 23:00:00,0.07797,328.23,0.0,2.081805826822918,0.1199,0.0
2025-12-23 00:00:00,0.07223,328.23,0.0,2.06848117404514,0.1199,0.0
2025-12-23 01:00:00,0.06503,329.25,0.0,2.062956814236112,0.1199,0.0
2025-12-23 02:00:00,0.0620099999999999,329.25,0.0,2.0509206814236123,0.1199,0.0
2025-12-23 03:00:00,0.05906,329.25,0.0,2.045765245225696,0.1199,0.0
2025-12-23 04:00:00,0.05811,338.24,0.0,2.046905924479168,0.1199,0.0
2025-12-23 05:00:00,0.05902,338.24,0.0,2.052055935329862,0.1199,0.0
2025-12-23 06:00:00,0.06785,338.24,0.0,2.094153917100696,0.1199,0.0
2025-12-23 07:00:00,0.0780199999999999,378.24,0.0,2.0988509114583342,0.1199,0.0
2025-12-23 08:00:00,0.08388,378.24,0.0,2.157907226562502,0.1199,0.0
2025-12-23 09:00:00,0.08547,378.24,0.0,2.225126464843752,0.1199,0.0
2025-12-23 10:00:00,0.08384,374.26,0.967,2.280639160156252,0.1199,0.0
2025-12-23 11:00:00,0.08187,374.26,3.55,2.308498046875002,0.1199,0.0
2025-12-23 12:00:00,0.0804899999999999,374.26,5.9,2.313529785156252,0.1199,0.0
2025-12-23 13:00:00,0.0792099999999999,371.7,6.78,2.308627441406252,0.1199,0.0
2025-12-23 14:00:00,0.07922,371.7,5.55,2.288244140625002,0.1199,0.0
2025-12-23 15:00:00,0.08183,371.7,3.75,2.261566894531252,0.1199,0.0
2025-12-23 16:00:00,0.08369,331.26,2.5,2.255958984375002,0.1199,0.0
2025-12-23 17:00:00,0.08247,331.26,0.45,2.230866210937502,0.1199,0.0
2025-12-23 18:00:00,0.08395,331.26,0.0,2.227836425781252,0.1199,0.0
2025-12-23 19:00:00,0.08247,322.29,0.0,2.212755859375002,0.1199,0.0
2025-12-23 20:00:00,0.07801,322.29,0.0,2.181188476562502,0.1199,0.0
2025-12-23 21:00:00,0.06993,322.29,0.0,2.1439619140625017,0.1199,0.0
2025-12-23 22:00:00,0.07184,330.27,0.0,2.118332031250002,0.1199,0.0
2025-12-23 23:00:00,0.06409,330.27,0.0,2.106264160156252,0.1199,0.0
2025-12-24 00:00:00,0.06025,330.27,0.0,2.096332194010418,0.1199,0.0
2025-12-24 01:00:00,0.05586,362.26,0.0,2.073281250000001,0.1199,0.0
2025-12-24 02:00:00,0.0567999999999999,362.26,0.0,2.057256130642362,0.1199,0.0
2025-12-24 03:00:00,0.05584,362.26,0.0,2.033547363281251,0.1199,0.0
2025-12-24 04:00:00,0.05585,433.27,0.0,2.014128689236112,0.1199,0.0
2025-12-24 05:00:00,0.05585,433.27,0.0,1.9991018337673625,0.1199,0.0
2025-12-24 06:00:00,0.05721,433.27,0.0,2.0168684895833344,0.1199,0.0
2025-12-24 07:00:00,0.06745,503.82,0.0,2.017607693142362,0.1199,0.0
2025-12-24 08:00:00,0.081,503.82,0.0,2.0276038953993067,0.1199,0.0
2025-12-24 09:00:00,0.08247,503.82,0.6,2.042256401909724,0.1199,0.0
2025-12-24 10:00:00,0.0760199999999999,496.26,7.78,2.050604654947918,0.1199,0.0
2025-12-24 11:00:00,0.06929,496.26,39.9,2.0502357313368065,0.1199,0.0
2025-12-24 12:00:00,0.06851,496.26,75.8,2.042141113281251,0.1199,0.0
2025-12-24 13:00:00,0.06799,497.28,94.6,2.0276662868923623,0.1199,0.0
2025-12-24 14:00:00,0.07376,497.28,90.9,1.996595323350696,0.1199,0.0
2025-12-24 15:00:00,0.08305,497.28,64.0,1.968325195312501,0.1199,0.0
2025-12-24 16:00:00,0.0879,479.24,24.8,1.9455645073784733,0.1199,0.0
2025-12-24 17:00:00,0.08913,479.24,2.03,1.9294607204861125,0.1199,0.0
2025-12-24 18:00:00,0.07891,479.24,0.0,1.9262190755208344,0.1199,0.0
2025-12-24 19:00:00,0.07177,487.27,0.0,1.9099620225694456,0.1199,0.0
2025-12-24 20:00:00,0.06816,487.27,0.0,1.8989241536458343,0.1199,0.0
2025-12-24 21:00:00,0.06799,487.27,0.0,1.8934757486979177,0.1199,0.0
2025-12-24 22:00:00,0.06901,511.23,0.0,1.8915171983506955,0.1199,0.0
2025-12-24 23:00:00,0.06516,511.23,0.0,1.888579372829862,0.1199,0.0
2025-12-25 00:00:00,0.06322,511.23,0.0,1.882390407986112,0.1199,0.0
2025-12-25 01:00:00,0.05844,517.25,0.0,1.8798011610243064,0.1199,0.0
2025-12-25 02:00:00,0.05686,517.25,0.0,1.8783146158854176,0.1199,0.0
2025-12-25 03:00:00,0.05585,517.25,0.0,1.877263454861112,0.1199,0.0
2025-12-25 04:00:00,0.05453,533.22,0.0,1.8762258572048625,0.1199,0.0
2025-12-25 05:00:00,0.05261,533.22,0.0,1.875100097656251,0.1199,0.0
2025-12-25 06:00:00,0.04917,533.22,0.0,1.8444184027777788,0.1199,0.0
2025-12-25 07:00:00,0.05403,609.81,0.0,1.8411157226562511,0.1199,0.0
2025-12-25 08:00:00,0.0642099999999999,609.81,0.0,1.8708710394965289,0.1199,0.0
2025-12-25 09:00:00,0.0647099999999999,609.81,0.4,1.9162757703993063,0.1199,0.0
2025-12-25 10:00:00,0.05377,592.23,6.78,1.9607120768229176,0.1199,0.0
2025-12-25 11:00:00,0.0489799999999999,592.23,36.8,2.00211154513889,0.1199,0.0
2025-12-25 12:00:00,0.04849,592.23,50.3,2.03077365451389,0.1199,0.0
2025-12-25 13:00:00,0.0478699999999999,526.61,59.3,2.0313582356770845,0.1199,0.0
2025-12-25 14:00:00,0.06855,526.61,75.0,1.997798394097224,0.1199,0.0
2025-12-25 15:00:00,0.08941,526.61,61.7,1.9511756727430565,0.1199,0.0
2025-12-25 16:00:00,0.0922399999999999,513.25,22.3,1.9282562934027787,0.1199,0.0
2025-12-25 17:00:00,0.09401,513.25,2.05,1.914565429687501,0.1199,0.0
2025-12-25 18:00:00,0.09406,513.25,0.0,1.923198513454862,0.1199,0.0
2025-12-25 19:00:00,0.09171,504.23,0.0,1.9164005533854176,0.1199,0.0
2025-12-25 20:00:00,0.09103,504.23,0.0,1.9100990125868065,0.1199,0.0
2025-12-25 21:00:00,0.0927,504.23,0.0,1.902175292968751,0.1199,0.0
2025-12-25 22:00:00,0.09615,516.27,0.0,1.8909950086805565,0.1199,0.0
2025-12-25 23:00:00,0.09147,516.27,0.0,1.879995117187501,0.1199,0.0
2025-12-26 00:00:00,0.0970999999999999,516.27,0.0,1.8723684353298624,0.1199,0.0
2025-12-26 01:00:00,0.0910499999999999,517.23,0.0,1.866766764322917,0.1199,0.0
2025-12-26 02:00:00,0.08582,517.23,0.0,1.8642507595486093,0.1199,0.0
2025-12-26 03:00:00,0.08305,517.23,0.0,1.8647837999131955,0.1199,0.0
2025-12-26 04:00:00,0.08239,537.26,0.0,1.8706743706597209,0.1199,0.0
2025-12-26 05:00:00,0.08284,537.26,0.0,1.8822235785590289,0.1199,0.0
2025-12-26 06:00:00,0.08502,537.26,0.0,1.885378417968751,0.1199,0.0
2025-12-26 07:00:00,0.09312,600.26,0.0,1.8916460503472232,0.1199,0.0
2025-12-26 08:00:00,0.0989,600.26,0.0,1.933171657986112,0.1199,0.0
2025-12-26 09:00:00,0.09673,600.26,0.1,2.0011431206597208,0.1199,0.0
2025-12-26 10:00:00,0.08925,561.23,5.45,2.0605805121527787,0.1199,0.0
2025-12-26 11:00:00,0.08499,561.23,39.4,2.104809082031252,0.1199,0.0
2025-12-26 12:00:00,0.08231,561.23,71.5,2.142782714843752,0.1199,0.0
2025-12-26 13:00:00,0.0831,473.31,92.7,2.119296386718752,0.1199,0.0
2025-12-26 14:00:00,0.0927,473.31,88.9,2.0594181315104176,0.1199,0.0
2025-12-26 15:00:00,0.10914,473.31,62.9,2.000374077690973,0.1199,0.0
2025-12-26 16:00:00,0.11677,437.23,25.6,1.9710880533854176,0.1199,0.0
2025-12-26 17:00:00,0.12047,437.23,2.2,1.9482392035590288,0.1199,0.0
2025-12-26 18:00:00,0.11697,437.23,0.0,1.9658186848958343,0.1199,0.0
2025-12-26 19:00:00,0.11626,445.27,0.0,1.9547618272569456,0.1199,0.0
2025-12-26 20:00:00,0.11373,445.27,0.0,1.944558105468751,0.1199,0.0
2025-12-26 21:00:00,0.1115,445.27,0.0,1.93513156467014,0.1199,0.0
2025-12-26 22:00:00,0.10826,464.24,0.0,1.924147949218751,0.1199,0.0
2025-12-26 23:00:00,0.09937,464.24,0.0,1.913426106770832,0.1199,0.0
2025-12-27 00:00:00,0.09669,464.24,0.0,1.9068153211805563,0.1199,0.0
2025-12-27 01:00:00,0.09173,488.19,0.0,1.909914550781251,0.1199,0.0
2025-12-27 02:00:00,0.08471,488.19,0.0,1.9247840711805568,0.1199,0.0
2025-12-27 03:00:00,0.08272,488.19,0.0,1.9341509331597209,0.1199,0.0
2025-12-27 04:00:00,0.084,509.27,0.0,1.9469371202256955,0.1199,0.0
2025-12-27 05:00:00,0.08317,509.27,0.0,1.9502140299479176,0.1199,0.0
2025-12-27 06:00:00,0.08802,509.27,0.0,1.9410655381944453,0.1199,0.0
2025-12-27 07:00:00,0.09951,531.2,0.0,1.9503822157118065,0.1199,0.0
2025-12-27 08:00:00,0.10232,531.2,0.0,1.9790985785590287,0.1199,0.0
2025-12-27 09:00:00,0.09381,531.2,0.5,2.043208550347224,0.1199,0.0
2025-12-27 10:00:00,0.08003,501.17,6.73,2.0998546006944454,0.1199,0.0
2025-12-27 11:00:00,0.0754,501.17,27.5,2.1611152343750017,0.1199,0.0
2025-12-27 12:00:00,0.07454,501.17,56.0,2.172189453125002,0.1199,0.0
2025-12-27 13:00:00,0.0767399999999999,427.2,75.9,2.129535644531252,0.1199,0.0
2025-12-27 14:00:00,0.0812,427.2,72.7,2.060670030381943,0.1199,0.0
2025-12-27 15:00:00,0.09454,427.2,46.7,1.9964271375868063,0.1199,0.0
2025-12-27 16:00:00,0.10301,455.16,18.4,1.966567382812501,0.1199,0.0
2025-12-27 17:00:00,0.10593,455.16,3.75,1.957390407986112,0.1199,0.0
2025-12-27 18:00:00,0.10843,455.16,0.0,1.967926432291668,0.1199,0.0
2025-12-27 19:00:00,0.105,444.28,0.0,1.9564911566840288,0.1199,0.0
2025-12-27 20:00:00,0.10259,444.28,0.0,1.9811954752604173,0.1199,0.0
2025-12-27 21:00:00,0.0939,444.28,0.0,1.9970307074652789,0.1199,0.0
2025-12-27 22:00:00,0.09542,440.24,0.0,2.013747558593751,0.1199,0.0
2025-12-27 23:00:00,0.0912999999999999,440.24,0.0,2.0269175889756954,0.1199,0.0
2025-12-28 00:00:00,0.08434,440.24,0.0,2.03353244357639,0.1199,0.0
2025-12-28 01:00:00,0.08337,425.26,0.0,2.050435112847224,0.1199,0.0
2025-12-28 02:00:00,0.0799599999999999,425.26,0.0,2.0501570638020845,0.1199,0.0
2025-12-28 03:00:00,0.0788199999999999,425.26,0.0,2.0525862630208342,0.1199,0.0
2025-12-28 04:00:00,0.08045,418.27,0.0,2.0444495985243067,0.1199,0.0
2025-12-28 05:00:00,0.08361,418.27,0.0,2.04177218967014,0.1199,0.0
2025-12-28 06:00:00,0.08648,418.27,0.0,2.0284231228298624,0.1199,0.0
2025-12-28 07:00:00,0.09215,432.27,0.0,2.0188880750868066,0.1199,0.0
2025-12-28 08:00:00,0.09736,432.27,0.0,2.0365462239583345,0.1199,0.0
2025-12-28 09:00:00,0.0965699999999999,432.27,0.6,2.0825979275173623,0.1199,0.0
2025-12-28 10:00:00,0.08821,406.26,7.6,2.114838378906252,0.1199,0.0
2025-12-28 11:00:00,0.08837,406.26,39.1,2.151977050781252,0.1199,0.0
2025-12-28 12:00:00,0.08002,406.26,74.0,2.169525878906252,0.1199,0.0
2025-12-28 13:00:00,0.08003,365.26,92.7,2.145954101562502,0.1199,0.0
2025-12-28 14:00:00,0.08668,365.26,89.4,2.0780189344618067,0.1199,0.0
2025-12-28 15:00:00,0.10087,365.26,64.9,2.021914062500001,0.1199,0.0
2025-12-28 16:00:00,0.1108799999999999,414.23,27.8,1.96914035373264,0.1199,0.0
2025-12-28 17:00:00,0.1137,414.23,2.33,1.956206325954862,0.1199,0.0
2025-12-28 18:00:00,0.1144599999999999,414.23,0.0,1.9270627170138896,0.1199,0.0
2025-12-28 19:00:00,0.10933,468.21,0.0,1.9275740559895844,0.1199,0.0
2025-12-28 20:00:00,0.10501,468.21,0.0,1.9209564887152764,0.1199,0.0
2025-12-28 21:00:00,0.09903,468.21,0.0,1.930486111111112,0.1199,0.0
2025-12-28 22:00:00,0.09828,510.26,0.0,1.949860026041668,0.1199,0.0
2025-12-28 23:00:00,0.0884399999999999,510.26,0.0,1.9461314561631955,0.1199,0.0
2025-12-29 00:00:00,0.08988,510.26,0.0,1.920979546440973,0.1199,0.0
2025-12-29 01:00:00,0.08498,523.2,0.0,1.865491807725696,0.1199,0.0
2025-12-29 02:00:00,0.08418,523.2,0.0,1.879669596354168,0.1199,0.0
2025-12-29 03:00:00,0.08219,523.2,0.0,1.8739444986979177,0.1199,0.0
2025-12-29 04:00:00,0.08362,544.26,0.0,1.8715492078993063,0.1199,0.0
2025-12-29 05:00:00,0.09079,544.26,0.0,1.863336588541668,0.1199,0.0
2025-12-29 06:00:00,0.09633,544.26,0.0,1.8864838324652788,0.1199,0.0
2025-12-29 07:00:00,0.10472,578.26,0.0,1.8964149305555569,0.1199,0.0
2025-12-29 08:00:00,0.11388,578.26,0.0,1.933132324218751,0.1199,0.0
2025-12-29 09:00:00,0.11101,578.26,0.0,1.985183105468751,0.1199,0.0
2025-12-29 10:00:00,0.09765,561.26,0.867,2.0259600151909734,0.1199,0.0
2025-12-29 11:00:00,0.09035,561.26,3.7,2.045450575086807,0.1199,0.0
2025-12-29 12:00:00,0.08766,561.26,8.32,2.0615407986111123,0.1199,0.0
2025-12-29 13:00:00,0.08852,521.29,11.4,2.062373589409724,0.1199,0.0
2025-12-29 14:00:00,0.0960999999999999,521.29,10.0,2.0539317491319453,0.1199,0.0
2025-12-29 15:00:00,0.10351,521.29,11.3,2.031775987413196,0.1199,0.0
2025-12-29 16:00:00,0.1086599999999999,455.27,9.55,2.0316851128472235,0.1199,0.0
2025-12-29 17:00:00,0.10701,455.27,0.8,2.0463972981770846,0.1199,0.0
2025-12-29 18:00:00,0.10331,455.27,0.0,2.0652571614583346,0.1199,0.0
2025-12-29 19:00:00,0.09515,423.25,0.0,2.0825056966145845,0.1199,0.0
2025-12-29 20:00:00,0.09037,423.25,0.0,2.0960744900173625,0.1199,0.0
2025-12-29 21:00:00,0.08325,423.25,0.0,2.107167480468752,0.1199,0.0
2025-12-29 22:00:00,0.08791,406.28,0.0,2.106281250000002,0.1199,0.0
2025-12-29 23:00:00,0.08334,406.28,0.0,2.0999739583333343,0.1199,0.0
2025-12-30 00:00:00,0.07786,406.28,0.0,2.0979923502604176,0.1199,0.0
2025-12-30 01:00:00,0.07322,407.23,0.0,2.0938446723090287,0.1199,0.0
2025-12-30 02:00:00,0.07186,407.23,0.0,2.0793047417534734,0.1199,0.0
2025-12-30 03:00:00,0.06936,407.23,0.0,2.070541449652779,0.1199,0.0
2025-12-30 04:00:00,0.06854,463.27,0.0,2.050234375000001,0.1199,0.0
2025-12-30 05:00:00,0.07199,463.27,0.0,2.0283851453993065,0.1199,0.0
2025-12-30 06:00:00,0.08002,463.27,0.0,1.9988861762152763,0.1199,0.0
2025-12-30 07:00:00,0.0879699999999999,532.24,0.0,1.9672347005208344,0.1199,0.0
2025-12-30 08:00:00,0.0948799999999999,532.24,0.0,1.981435546875001,0.1199,0.0
2025-12-30 09:00:00,0.09439,532.24,0.4,2.034018012152779,0.1199,0.0
2025-12-30 10:00:00,0.08582,523.26,8.0,2.078180338541668,0.1199,0.0
2025-12-30 11:00:00,0.0793799999999999,523.26,37.2,2.101774414062502,0.1199,0.0
2025-12-30 12:00:00,0.0761599999999999,523.26,62.9,2.114740722656252,0.1199,0.0
2025-12-30 13:00:00,0.07676,459.28,58.1,2.098000488281252,0.1199,0.0
2025-12-30 14:00:00,0.08897,459.28,83.1,2.0580753580729176,0.1199,0.0
2025-12-30 15:00:00,0.10233,459.28,61.2,2.00050021701389,0.1199,0.0
2025-12-30 16:00:00,0.1090999999999999,454.25,25.9,1.9713972981770844,0.1199,0.0
2025-12-30 17:00:00,0.1107099999999999,454.25,2.9,1.9405094401041647,0.1199,0.0
2025-12-30 18:00:00,0.10912,454.25,0.0,1.9147132703993064,0.1199,0.0
2025-12-30 19:00:00,0.10561,475.26,0.0,1.902287868923612,0.1199,0.0
2025-12-30 20:00:00,0.10104,475.26,0.0,1.88040744357639,0.1199,0.0
2025-12-30 21:00:00,0.0933199999999999,475.26,0.0,1.881413845486112,0.1199,0.0
2025-12-30 22:00:00,0.0920499999999999,497.27,0.0,1.8865150282118064,0.1199,0.0
