,el_price_eur_kwh,heat_demand_kw,pv_power_kw,cop_t
0,0.00216,344.27,0.0,3.406254150390628
1,0.0016,373.27,0.0,3.412948486328128
2,0.0,373.27,0.0,3.4141899414062524
3,-1e-05,373.27,0.0,3.4169914550781275
4,-1e-05,370.27,0.0,3.4103483886718777
5,-6e-05,370.27,0.0,3.412054931640628
6,-8.999999999999999e-05,370.27,0.0,3.4040898437500027
7,-1e-05,385.27,0.0,3.373763916015628
8,-1e-05,385.27,0.0,3.402152587890628
9,-4e-05,385.27,0.12993028606878537,3.3876030273437525
10,-3e-05,361.51,0.18767424613418687,3.4445268554687525
11,-0.0001,361.51,1.444314924307675,3.4636247558593776
12,-5e-05,361.51,1.38078927147844,3.4660637207031275
13,-0.0001,374.26,1.850709807827501,3.4638334960937525
14,-0.00101,374.26,1.384989503008116,3.439271728515628
15,-1e-05,374.26,1.803421148492459,3.396556884765628
16,-1e-05,342.27,0.0,3.376993896484377
17,7.000000000000001e-05,342.27,0.0,3.367838623046877
18,0.00101,342.27,0.0,3.371801025390628
19,0.00148,286.28,0.0,3.3592985839843776
20,0.001,286.28,0.0,3.3476860351562525
21,7.000000000000001e-05,286.28,0.0,3.380465576171878
22,0.01005,325.29,0.0,3.3943376464843777
23,0.00701,325.29,0.0,3.398409912109378
24,0.0025499999999999,325.29,0.0,3.354102050781246
25,0.00156,385.28,0.0,3.3086040039062525
26,0.00345,385.28,0.0,3.3834172363281274
27,0.0070199999999999,385.28,0.0,3.528671142578128
28,0.01275,442.29,0.0,3.628723632812503
29,0.03007,442.29,0.0,3.7035222167968778
30,0.06713,442.29,0.0,3.8068229980468775
31,0.09883,497.25,0.0,3.8473991699218777
32,0.12153,497.25,0.0,3.8503398437500023
33,0.12723,497.25,0.0730543113838686,3.831205322265628
34,0.12635,482.27,0.09086541512360528,3.7899370117187527
35,0.11997,482.27,0.18629193744569184,3.7391435546875034
36,0.11595,482.27,0.14127601447425947,3.705294677734378
37,0.1139,433.65,0.052582341136373445,3.736678955078128
38,0.12221,433.65,0.02541211582933369,3.7637565917968776
39,0.13011,433.65,0.0,3.778547851562503
40,0.13859,427.28,0.0,3.784707519531246
41,0.15287,427.28,0.0,3.771282226562503
42,0.15294,427.28,0.0,3.844315673828128
43,0.13915,428.24,0.0,3.895160400390628
44,0.13,428.24,0.0,3.870031005859378
45,0.11978,428.24,0.0,3.823247558593753
46,0.11342,446.25,0.0,3.7954997558593777
47,0.08247,446.25,0.0,3.710524169921878
48,0.09956,446.25,0.0,3.697582275390628
49,0.08753,454.27,0.0,3.681659423828128
50,0.08501,454.27,0.0,3.6434929199218775
51,0.08379,454.27,0.0,3.6458256835937526
52,0.0775,450.26,0.0,3.648096191406253
53,0.0798799999999999,450.26,0.0,3.623607666015628
54,0.08356,450.26,0.0,3.613833496093753
55,0.07843,518.23,0.0,3.6109001464843775
56,0.0825699999999999,518.23,0.0,3.6010930175781275
57,0.08076,518.23,0.20758753854031928,3.654460937500003
58,0.07764,505.0,0.8819060565709541,3.717906982421878
59,0.07048,505.0,1.3737482176292461,3.738671142578128
60,0.06994,505.0,1.123939536367042,3.7253630371093776
61,0.0778,473.35,0.4647026438615559,3.744742919921878
62,0.07881,473.35,0.8474727968156694,3.711381103515628
63,0.08529,473.35,1.0274194041746225,3.647162353515628
64,0.10551,466.44,0.0,3.6137712402343776
65,0.11666,466.44,0.0,3.585159179687502
66,0.11506,466.44,0.0,3.5653251953125027
67,0.11491,436.23,0.0,3.5495561523437527
68,0.1133,436.23,0.0,3.539760009765628
69,0.1077999999999999,436.23,0.0,3.5050249023437527
70,0.09822,442.26,0.0,3.468938476562503
71,0.08857,442.26,0.0,3.4502653808593777
72,0.09043,442.26,0.0,3.4471306152343777
73,0.09029,445.25,0.0,3.444299804687503
74,0.0902,445.25,0.0,3.426721679687503
75,0.0915199999999999,445.25,0.0,3.424392578125002
76,0.09595,448.27,0.0,3.406400634765628
77,0.10211,448.27,0.0,3.410948974609377
78,0.11066,448.27,0.0,3.3934587402343777
79,0.11996,461.2,0.0,3.3807365722656275
80,0.1283899999999999,461.2,0.0,3.3850908203125027
81,0.13075,461.2,0.24948331563906306,3.419379150390628
82,0.13034,437.19,0.66258475944229,3.472113525390628
83,0.12829,437.19,1.1142358719418433,3.4840703125000028
84,0.13003,437.19,0.8857385323877213,3.5348857421875026
85,0.12985,425.47,2.819436962642197,3.5089287109375027
86,0.1364,425.47,1.9949526385743743,3.463536865234378
87,0.13872,425.47,2.7081235164278685,3.375041992187503
88,0.142,460.19,0.015880484847741603,3.3426762695312457
89,0.15124,460.19,0.0,3.329229003906253
90,0.14385,460.19,0.0,3.3178032226562526
91,0.13796,449.26,0.0,3.333938476562502
92,0.12949,449.26,0.0,3.393810302734378
93,0.12283,449.26,0.0,3.4517814941406275
94,0.11829,465.34,0.0,3.4661882324218776
95,0.1094899999999999,465.34,0.0,3.453114501953128
96,0.11384,465.34,0.0,3.474248535156253
97,0.10033,464.26,0.0,3.443259765625003
98,0.09361,464.26,0.0,3.4145524902343776
99,0.09387,464.26,0.0,3.4111650390625026
100,0.08938,480.26,0.0,3.4227116699218776
101,0.08355,480.26,0.0,3.476537353515628
102,0.08392,480.26,0.0,3.5307878417968777
103,0.08253,463.21,0.0,3.4638225097656274
104,0.08405,463.21,0.0,3.4205986328125024
105,0.08915,463.21,0.3180897842003092,3.442263671875003
106,0.08295,379.32,0.6603823644359662,3.458560058593753
107,0.08882,379.32,0.8281099872301333,3.4705791015625027
108,0.08166,379.32,0.8689522224269409,3.473585693359378
109,0.07839,223.3,0.8643051864094666,3.456893798828128
110,0.068,223.3,0.41621668930378397,3.4331523437500024
111,0.05064,223.3,0.37483059343504826,3.3826005859375026
112,0.0499099999999999,194.58,0.0,3.326321289062503
113,0.0663,194.58,0.0,3.301825439453128
114,0.06505,194.58,0.0,3.3402995605468777
115,0.05128,187.19,0.0,3.3242558593750027
116,0.03685,187.19,0.0,3.298437988281246
117,0.0368,187.19,0.0,3.273301269531246
118,0.03468,195.41,0.0,3.255052978515628
119,0.02814,195.41,0.0,3.247600585937503
120,0.02752,195.41,0.0,3.251559326171878
121,0.01926,194.34,0.0,3.2481279296875027
122,0.0113499999999999,194.34,0.0,3.236522705078128
123,0.0092,194.34,0.0,3.2069291992187527
124,0.01,212.03,0.0,3.1610356445312457
125,0.01481,212.03,0.0,3.1330241699218777
126,0.02382,212.03,0.0,3.1384477539062527
127,0.03172,265.19,0.0,3.0972893066406275
128,0.04137,265.19,0.0,3.0742802734375028
129,0.0363599999999999,265.19,0.06957145422779279,3.0596391601562525
130,0.03469,245.91,0.28169310269616543,3.036663085937503
131,0.03283,245.91,0.4680493628220907,3.0188066406250025
132,0.03128,245.91,0.5179695196645359,2.9941862792968776
133,0.0286,234.73,0.47695682013585594,2.9698881835937527
134,0.02561,234.73,0.3933537704283568,2.9309343261718777
135,0.02632,234.73,0.18320737119522754,2.879796630859377
136,0.02687,318.23,0.0,2.8435673828125028
137,0.03166,318.23,0.0,2.8112968750000027
138,0.03158,318.23,0.0,2.783992106119793
139,0.0287399999999999,315.51,0.0,2.7720393880208345
140,0.02659,315.51,0.0,2.7620825195312517
141,0.01382,315.51,0.0,2.75123250325521
142,0.02694,325.7,0.0,2.743409830729168
143,0.01299,325.7,0.0,2.7343115234375013
144,0.01907,325.7,0.0,2.725483805338543
145,0.00871,365.22,0.0,2.718959147135418
146,0.0089,365.22,0.0,2.712625732421876
147,0.00501,365.22,0.0,2.70378377278646
148,0.00513,402.21,0.0,2.6844417317708347
149,0.0058,402.21,0.0,2.664082438151043
150,0.04886,402.21,0.0,2.6940466308593765
151,0.07683,560.0,0.0,2.682087809244793
152,0.08508,560.0,0.0,2.6848527018229142
153,0.08424,560.0,0.1361389786506723,2.695460611979168
154,0.07525,577.0,0.4866581203403222,2.704562988281252
155,0.0628,577.0,0.5881591585803282,2.718904215494793
156,0.0624399999999999,577.0,0.6486935526561155,2.724307861328126
157,0.0639,542.0,0.843355539492169,2.707862955729168
158,0.07256,542.0,0.9906651855457986,2.661927897135418
159,0.07811,542.0,1.1694314244511699,2.6195837402343765
160,0.07998,455.39,0.03845062090695848,2.6012813313802097
161,0.09603,455.39,0.0,2.586067301432293
162,0.10111,455.39,0.0,2.560674641927085
163,0.08621,390.3,0.0,2.547010904947918
164,0.07801,390.3,0.0,2.5337805175781263
165,0.07245,390.3,0.0,2.511761067708335
166,0.07245,385.26,0.0,2.501348470052085
167,0.05004,385.26,0.0,2.495442301432293
168,0.07105,385.26,0.0,2.4828039550781265
169,0.06801,395.26,0.0,2.4717077636718763
170,0.06334,395.26,0.0,2.45983846028646
171,0.05701,395.26,0.0,2.4497941080729144
172,0.06629,439.27,0.0,2.45180623372396
173,0.07207,439.27,0.0,2.4559912109375017
174,0.0827,439.27,0.0,2.461643066406248
175,0.10073,590.4,0.0,2.4698197428385438
176,0.12822,590.4,0.0,2.4949621582031263
177,0.10818,590.4,0.37186488521612715,2.5300634765625016
178,0.09465,575.0,1.214425454592931,2.550506184895835
179,0.10001,575.0,1.0581403028983698,2.562526041666668
180,0.08999,575.0,1.412506024524238,2.570161539713543
181,0.0972,517.0,1.7643406506981385,2.5578405761718765
182,0.11019,517.0,1.7483681244179432,2.524600830078126
183,0.1278,517.0,2.987196828689832,2.4686214192708347
184,0.13582,445.38,0.06258129469391141,2.438486328125001
185,0.15546,445.38,0.0,2.421355794270835
186,0.14923,445.38,0.0,2.3947932942708348
187,0.14648,465.41,0.0,2.380867106119793
188,0.13686,465.41,0.0,2.36745564778646
189,0.12786,465.41,0.0,2.3583085123697933
190,0.11592,462.29,0.0,2.35128133138021
191,0.10359,462.29,0.0,2.344016113281252
192,0.10144,462.29,0.0,2.3359716796875016
193,0.1,474.3,0.0,2.3298722330729147
194,0.09877,474.3,0.0,2.322942708333335
195,0.09522,474.3,0.0,2.3144934082031265
196,0.09828,503.55,0.0,2.305240478515626
197,0.10265,503.55,0.0,2.29873006184896
198,0.13354,503.55,0.0,2.262347005208335
199,0.1488,659.0,0.0,2.25378377278646
200,0.16488,659.0,0.0,2.3095170084635432
201,0.15615,659.0,0.5501436856914269,2.3988175455729146
202,0.14764,676.0,1.8309056537722483,2.47624471028646
203,0.14021,676.0,3.1109607272977535,2.540740559895835
204,0.12818,676.0,4.031612480830325,2.58646199544271
205,0.12115,673.0,4.148584717145519,2.5899328613281263
206,0.12395,673.0,3.9724253972458117,2.5374792480468766
207,0.12753,673.0,3.9534346388929356,2.4553137207031264
208,0.12375,542.92,0.08630232355211699,2.407049153645835
209,0.13091,542.92,0.0,2.374566243489581
210,0.13475,542.92,0.0,2.3730627441406265
211,0.12544,470.13,0.0,2.356805013020835
212,0.11923,470.13,0.0,2.346079101562501
213,0.10499,470.13,0.0,2.334099934895835
214,0.1011,479.28,0.0,2.31990926106771
215,0.08819,479.28,0.0,2.3047074381510435
216,0.08479,479.28,0.0,2.287827148437501
217,0.08023,475.24,0.0,2.27501180013021
218,0.07129,475.24,0.0,2.267221679687501
219,0.06905,475.24,0.0,2.268776041666668
220,0.06989,509.62,0.0,2.2779882812500016
221,0.0839,509.62,0.0,2.289084472656248
222,0.09909,509.62,0.0,2.2779943847656265
223,0.12392,680.0,0.0,2.28166463216146
224,0.13947,680.0,0.0,2.36182820638021
225,0.13692,680.0,0.5168794452894258,2.4670324707031264
226,0.12357,663.0,1.476884418050991,2.547267252604168
227,0.11359,663.0,2.313863762719099,2.5945654296875014
228,0.10743,663.0,2.2004951069271295,2.6296769205729142
229,0.10501,602.67,2.6042584858993214,2.6435176595052097
230,0.11001,602.67,2.8381423846218325,2.5965958658854182
231,0.12869,602.67,3.358815908075281,2.515056966145835
232,0.13487,528.08,0.08405266089416351,2.4622819010416683
233,0.14256,528.08,0.0,2.4221126302083347
234,0.14412,528.08,0.0,2.380179443359377
235,0.14105,514.27,0.0,2.352996419270835
236,0.13482,514.27,0.0,2.3331762695312515
237,0.12251,514.27,0.0,2.335652262369793
238,0.11977,498.24,0.0,2.35762898763021
239,0.1117099999999999,498.24,0.0,2.368855387369793
240,0.10664,498.24,0.0,2.368291829427085
241,0.09899,503.27,0.0,2.37741658528646
242,0.0957099999999999,503.27,0.0,2.393743489583335
243,0.08945,503.27,0.0,2.36989705403646
244,0.08835,498.23,0.0,2.28085896809896
245,0.0884,498.23,0.0,2.2663366699218765
246,0.08813,498.23,0.0,2.2858902994791683
247,0.09468,521.2,0.0,2.271404622395835
248,0.10765,521.2,0.0,2.3212906901041683
249,0.10314,521.2,0.5659040986255962,2.45808064778646
250,0.10113,501.27,1.7058726643472988,2.55683553059896
251,0.09956,501.27,2.8826745505425344,2.6252823893229142
252,0.0967399999999999,501.27,3.681342670906174,2.6596553548177098
253,0.09315,521.19,3.7742486170692966,2.654536539713543
254,0.0949,521.19,3.5576143742425668,2.5943070475260432
255,0.10489,521.19,3.378968646798517,2.5070979817708348
256,0.11212,521.2,0.09137230376080543,2.4608719889322934
257,0.1198,521.2,0.0,2.41007039388021
258,0.12234,521.2,0.0,2.4129248046875014
259,0.11485,499.29,0.0,2.4391333007812515
260,0.11119,499.29,0.0,2.4386368815104182
261,0.1047999999999999,499.29,0.0,2.4557897949218765
262,0.10307,496.49,0.0,2.4800268554687515
263,0.1056899999999999,496.49,0.0,2.504241536458335
264,0.08358,496.49,0.0,2.5133744303385432
265,0.08379,498.26,0.0,2.5066503906250013
266,0.08675,498.26,0.0,2.495161539713543
267,0.0842,498.26,0.0,2.52581746419271
268,0.085,501.26,0.0,2.548683268229168
269,0.08375,501.26,0.0,2.5478796386718763
270,0.0859,501.26,0.0,2.5386836751302098
271,0.10175,494.27,0.0,2.542402750651043
272,0.11467,494.27,0.0,2.59449422200521
273,0.12007,494.27,0.20980546650629045,2.6371435546875013
274,0.11777,473.28,0.5775625559993876,2.652475585937501
275,0.10561,473.28,0.785271381040985,2.6698543294270847
276,0.10299,473.28,0.8136449872195809,2.6905920410156265
277,0.09961,452.54,1.0279460800377807,2.6866735839843763
278,0.10474,452.54,0.6208296671816521,2.67579305013021
279,0.1187,452.54,0.26752032157352096,2.650679117838543
280,0.1329199999999999,464.28,0.008713284823368724,2.63774373372396
281,0.141,464.28,0.0,2.63370320638021
282,0.1466599999999999,464.28,0.0,2.6538264973958348
283,0.14366,473.29,0.0,2.6533992513020848
284,0.13486,473.29,0.0,2.663638916015626
285,0.12749,473.29,0.0,2.6626501464843764
286,0.1212,490.53,0.0,2.6498490397135432
287,0.1149,490.53,0.0,2.6635900878906265
288,0.11239,490.53,0.0,2.665512695312501
289,0.10507,529.29,0.0,2.652329101562501
290,0.10446,529.29,0.0,2.6603613281250014
291,0.10037,529.29,0.0,2.6742956542968765
292,0.1,579.43,0.0,2.693546142578126
293,0.11011,579.43,0.0,2.691890055338543
294,0.14028,579.43,0.0,2.6989375813802097
295,0.18192,834.0,0.0,2.706687011718752
296,0.22309,834.0,0.0,2.738722330729168
297,0.17409,834.0,0.1648943314657335,2.785770263671876
298,0.14169,801.0,0.45677513424206395,2.8451311035156275
299,0.11573,801.0,0.7049737390388231,2.8688798828125024
300,0.1041,801.0,0.6403533047176112,2.893199951171878
301,0.10304,707.03,0.6116254951378604,2.8830119628906274
302,0.10467,707.03,0.4384887189982436,2.8376530761718777
303,0.1382,707.03,0.21152595861451462,2.793460693359376
304,0.14262,605.39,0.0,2.7782283528645846
305,0.149,605.39,0.0,2.761905517578126
306,0.149,605.39,0.0,2.6936214192708348
307,0.13973,559.26,0.0,2.684551595052085
308,0.12318,559.26,0.0,2.6815852864583345
309,0.12022,559.26,0.0,2.673878580729168
310,0.1155699999999999,577.22,0.0,2.669353841145835
311,0.10231,577.22,0.0,2.6550817871093764
312,0.10638,577.22,0.0,2.6523819986979182
313,0.1037,612.23,0.0,2.64326131184896
314,0.09908,612.23,0.0,2.6475398763020848
315,0.09799,612.23,0.0,2.654634195963543
316,0.10188,685.02,0.0,2.6562556966145845
317,0.10764,685.02,0.0,2.656587320963543
318,0.1234,685.02,0.0,2.6588313802083348
319,0.15662,878.9,0.0,2.653962809244793
320,0.18403,878.9,0.0,2.6615515136718764
321,0.15186,878.9,0.07261035934000844,2.681949462890626
322,0.11762,819.0,0.35102600329379774,2.6939632161458347
323,0.10931,819.0,0.4192305650896054,2.70925252278646
324,0.10311,819.0,0.4744348225892755,2.7280859375000013
325,0.10811,637.12,0.5262324369381194,2.7191137695312517
326,0.11535,637.12,0.3420006495158126,2.7027522786458347
327,0.12535,637.12,0.20314594965976943,2.677898763020835
328,0.1419699999999999,506.3,0.0,2.6703853352864595
329,0.16586,506.3,0.0,2.6599035644531264
330,0.17007,506.3,0.0,2.6170568847656264
331,0.15838,429.29,0.0,2.624619140625001
332,0.13546,429.29,0.0,2.645631510416668
333,0.11769,429.29,0.0,2.673170572916668
334,0.121,450.23,0.0,2.6883235677083346
335,0.12176,450.23,0.0,2.68569295247396
336,0.10828,450.23,0.0,2.6725826009114595
337,0.10772,466.22,0.0,2.64875447591146
338,0.1084099999999999,466.22,0.0,2.6386409505208346
339,0.10804,466.22,0.0,2.62366902669271
340,0.10875,491.29,0.0,2.6175451660156264
341,0.11492,491.29,0.0,2.60590779622396
342,0.13449,491.29,0.0,2.616291910807293
343,0.19179,614.0,0.0,2.6177852376302098
344,0.30724,614.0,0.0,2.653606770833335
345,0.3150199999999999,614.0,0.32049857040595187,2.695920410156248
346,0.31103,611.0,0.7459968146701084,2.7445654296875013
347,0.3048,611.0,1.1494756252770186,2.758550618489581
348,0.3110199999999999,611.0,1.2334273099512776,2.779943440755209
349,0.3093399999999999,607.0,1.8883450599946747,2.7684301757812517
350,0.28583,607.0,1.6780348679113777,2.7395198567708348
351,0.30174,607.0,0.8388549022225136,2.6934505208333346
352,0.33352,508.2,0.07829686612378274,2.667341715494793
353,0.37799,508.2,0.0,2.6519934082031265
354,0.32474,508.2,0.0,2.6261592610677096
355,0.27009,457.23,0.0,2.6040197753906265
356,0.18166,457.23,0.0,2.596441243489581
357,0.15087,457.23,0.0,2.5911739095052098
358,0.14116,474.23,0.0,2.5822932942708348
359,0.1239,474.23,0.0,2.5802547200520847
360,0.12633,474.23,0.0,2.580020751953126
361,0.11912,471.24,0.0,2.569136149088543
362,0.11762,471.24,0.0,2.5579870605468766
363,0.11503,471.24,0.0,2.54920613606771
364,0.11575,494.6,0.0,2.547511393229168
365,0.1232699999999999,494.6,0.0,2.526861165364585
366,0.1387,494.6,0.0,2.5386022949218763
367,0.17304,629.0,0.0,2.5324743652343766
368,0.19965,629.0,0.0,2.56701619466146
369,0.175,629.0,0.27228938799557684,2.602156168619793
370,0.1519,631.0,0.8455727039087663,2.6409582519531263
371,0.14064,631.0,1.4175603872870062,2.676490885416668
372,0.13113,631.0,2.527150854430925,2.6905452473958347
373,0.13058,611.0,3.2950326825446803,2.68178670247396
374,0.13842,611.0,2.9108177265710706,2.641627604166668
375,0.16304,611.0,2.716160909028297,2.554762369791668
376,0.1792,506.74,0.14830000086816672,2.4842199707031263
377,0.19156,506.74,0.0,2.44470174153646
378,0.1843199999999999,506.74,0.0,2.4624365234375016
379,0.17997,453.45,0.0,2.4478430175781267
380,0.1596,453.45,0.0,2.4400895182291684
381,0.1416,453.45,0.0,2.43682820638021
382,0.13529,481.25,0.0,2.4229101562500017
383,0.12375,481.25,0.0,2.4166662597656265
384,0.11887,481.25,0.0,2.4253251139322933
385,0.11839,526.23,0.0,2.423260091145835
386,0.11571,526.23,0.0,2.4300797526041684
387,0.11472,526.23,0.0,2.432541503906248
388,0.11548,564.93,0.0,2.44064900716146
389,0.1221599999999999,564.93,0.0,2.45910603841146
390,0.1408,564.93,0.0,2.5031754557291683
391,0.17501,733.0,0.0,2.5391516113281263
392,0.2081299999999999,733.0,0.0,2.589216715494793
393,0.17534,733.0,0.181952141124747,2.6469600423177098
394,0.158,722.0,0.36954186377023024,2.6800573730468766
395,0.14073,722.0,0.36444224328377123,2.67604939778646
396,0.12644,722.0,0.21107729241164253,2.684828287760418
397,0.12403,697.0,0.32562087152605795,2.668833007812501
398,0.13299,697.0,0.17778644970034443,2.658664550781252
399,0.1519799999999999,697.0,0.15126632832853754,2.639613444010418
400,0.17021,551.16,0.0,2.623353678385418
401,0.17879,551.16,0.0,2.6108984375000013
402,0.17992,551.16,0.0,2.554831542968752
403,0.1742199999999999,510.32,0.0,2.546797281901043
404,0.15791,510.32,0.0,2.53922078450521
405,0.145,510.32,0.0,2.5307246907552097
406,0.13997,510.27,0.0,2.516731363932293
407,0.12684,510.27,0.0,2.5009476725260438
408,0.12529,510.27,0.0,2.485939127604168
409,0.1210499999999999,514.25,0.0,2.47109334309896
410,0.12098,514.25,0.0,2.4623958333333347
411,0.11885,514.25,0.0,2.451027018229168
412,0.11646,513.27,0.0,2.4448929850260432
413,0.11977,513.27,0.0,2.4370133463541683
414,0.11975,513.27,0.0,2.465911458333335
415,0.1333899999999999,523.21,0.0,2.454929199218752
416,0.1456299999999999,523.21,0.0,2.442945963541668
417,0.1441,523.21,0.12559638799572445,2.452556966145835
418,0.13121,514.2,0.5263139085930267,2.495533854166668
419,0.12156,514.2,0.831592024280706,2.541438395182293
420,0.11887,514.2,0.9449047524938231,2.57681844075521
421,0.11501,441.66,0.9327690026250749,2.5817480468750014
422,0.11932,441.66,0.7495115561920436,2.5460791015625013
423,0.13332,441.66,0.46465382528716725,2.47058064778646
424,0.14971,482.24,0.05713119231488191,2.4073522949218766
425,0.16459,482.24,0.0,2.3541967773437515
426,0.16757,482.24,0.0,2.409978841145835
427,0.16785,501.33,0.0,2.39294392903646
428,0.15612,501.33,0.0,2.35759236653646
429,0.14342,501.33,0.0,2.338335774739581
430,0.1364,522.34,0.0,2.31791951497396
431,0.12936,522.34,0.0,2.2903092447916684
432,0.1297299999999999,522.34,0.0,2.271353759765627
433,0.1242,526.27,0.0,2.2743200683593767
434,0.1230499999999999,526.27,0.0,2.2711523437500016
435,0.12124,526.27,0.0,2.2718400065104185
436,0.12018,540.24,0.0,2.2865576171875017
437,0.12,540.24,0.0,2.340274658203126
438,0.12157,540.24,0.0,2.416143391927085
439,0.12333,547.33,0.0,2.420415852864585
440,0.1235999999999999,547.33,0.0,2.4435990397135434
441,0.12516,547.33,0.19496489073253254,2.4887487792968765
442,0.12519,541.41,0.5026142448600186,2.542933756510418
443,0.12156,541.41,0.8100642896546815,2.5823909505208347
444,0.11225,541.41,0.9595243774508685,2.608015543619793
445,0.10751,537.79,0.9487408787800152,2.5989172363281265
446,0.11681,537.79,0.7883364574700628,2.564186197916668
447,0.12629,537.79,0.4830555409563594,2.4946610514322933
448,0.14015,546.26,0.06838547723235892,2.45134236653646
449,0.14967,546.26,0.0,2.4254085286458347
450,0.15904,546.26,0.0,2.423683268229168
451,0.1566,554.26,0.0,2.406227213541668
452,0.14906,554.26,0.0,2.3821203613281265
453,0.13926,554.26,0.0,2.354729817708335
454,0.13099,540.36,0.0,2.33359334309896
455,0.12294,540.36,0.0,2.3135555013020848
456,0.1222699999999999,540.36,0.0,2.2881201171875016
457,0.11944,551.24,0.0,2.268597005208335
458,0.11656,551.24,0.0,2.251877441406248
459,0.11441,551.24,0.0,2.239353027343752
460,0.11545,591.62,0.0,2.234295247395835
461,0.12754,591.62,0.0,2.231794840494793
462,0.16171,591.62,0.0,2.2193640136718766
463,0.27648,768.0,0.0,2.223605957031252
464,0.43199,768.0,0.0,2.2641068522135432
465,0.2917,768.0,0.26149333441222655,2.3404577636718766
466,0.23629,754.0,0.6578545957473992,2.420574544270835
467,0.1874799999999999,754.0,0.9426781713501889,2.4977941894531264
468,0.176,754.0,1.100124358097165,2.5373937988281265
469,0.17139,726.0,1.0281220518653666,2.5381241861979182
470,0.19185,726.0,0.8583062355611875,2.489080403645835
471,0.27717,726.0,0.5321570595483335,2.401692301432293
472,0.40212,600.09,0.08229563000597656,2.328452148437502
473,0.5834,600.09,0.0,2.2891516113281267
474,0.47328,600.09,0.0,2.3172928873697933
475,0.29557,528.58,0.0,2.3441178385416683
476,0.22,528.58,0.0,2.391387532552085
477,0.17,528.58,0.0,2.4256201171875014
478,0.1525099999999999,522.2,0.0,2.4717118326822933
479,0.13798,522.2,0.0,2.509114176432293
480,0.12752,522.2,0.0,2.543812662760418
481,0.12165,545.25,0.0,2.585133463541668
482,0.11667,545.25,0.0,2.6132991536458348
483,0.11386,545.25,0.0,2.6413366699218765
484,0.11354,594.77,0.0,2.6561865234375013
485,0.12234,594.77,0.0,2.659114176432293
486,0.1422,594.77,0.0,2.6709814453125014
487,0.19006,793.0,0.0,2.690809733072914
488,0.2483199999999999,793.0,0.0,2.718302001953126
489,0.21168,793.0,0.14208195511088337,2.7585078938802097
490,0.19805,752.0,0.43170716581481683,2.8110112304687527
491,0.1615,752.0,0.6203876679156942,2.8610063476562524
492,0.14744,752.0,0.4814095406329715,2.9088334960937527
493,0.14283,693.75,0.30682881427001285,2.9579716796875024
494,0.15005,693.75,0.4327448367881436,2.9796953125000027
495,0.17343,693.75,0.31136852840104584,3.0026933593750025
496,0.2121299999999999,512.28,0.0539871069109599,3.0118999023437527
497,0.30115,512.28,0.0,3.0408415527343777
498,0.25193,512.28,0.0,3.076836425781246
499,0.20268,443.32,0.0,3.1143474121093777
500,0.17484,443.32,0.0,3.1599626464843777
501,0.15519,443.32,0.0,3.2004216308593776
502,0.1386,447.56,0.0,3.2581584472656275
503,0.12529,447.56,0.0,3.317327148437503
504,0.128,447.56,0.0,3.3732695312500027
505,0.12506,486.23,0.0,3.392993652343753
506,0.12222,486.23,0.0,3.435785400390628
507,0.1216599999999999,486.23,0.0,3.4768962402343777
508,0.1231599999999999,477.55,0.0,3.533336669921878
509,0.12832,477.55,0.0,3.5920732421875026
510,0.1569199999999999,477.55,0.0,3.717104980468753
511,0.20825,623.99,0.0,3.780437500000003
512,0.2386,623.99,0.0,3.792599365234378
513,0.19941,623.99,0.0918742122290162,3.797393066406253
514,0.17906,596.8,0.3547977080020908,3.8012565917968777
515,0.17294,596.8,0.336128710888928,3.806896240234378
516,0.165,596.8,0.9099347809100061,3.7341960449218776
517,0.17,528.2,1.548194384249354,3.6544060058593777
518,0.17992,528.2,0.9002499888841397,3.570323974609378
519,0.1956699999999999,528.2,0.8131216561445921,3.4727250976562525
520,0.19904,428.15,0.1920798876079304,3.4092644042968776
521,0.20899,428.15,0.0,3.3786564941406274
522,0.18043,428.15,0.0,3.4234550781250026
523,0.16708,364.33,0.0,3.3868266601562524
524,0.13449,364.33,0.0,3.354296142578128
525,0.12778,364.33,0.0,3.333711425781246
526,0.12809,373.25,0.0,3.2852580566406275
527,0.11468,373.25,0.0,3.2759343261718774
528,0.1137,373.25,0.0,3.264955322265628
529,0.1088799999999999,394.44,0.0,3.2504130859375024
530,0.10558,394.44,0.0,3.2139128417968776
531,0.10001,394.44,0.0,3.1723222656250027
532,0.09759,445.8,0.0,3.1315153808593776
533,0.10001,445.8,0.0,3.082714111328128
534,0.1064099999999999,445.8,0.0,3.066725341796878
535,0.1366,561.0,0.0,3.045843994140628
536,0.15903,561.0,0.004110403883073643,3.0890458984375027
537,0.1554199999999999,561.0,0.6255634340335003,3.196451904296877
538,0.13094,559.0,1.4737944225625657,3.314291259765628
539,0.1161,559.0,2.5617230032224616,3.4079606933593776
540,0.09493,559.0,2.890933584968863,3.476801025390628
541,0.08856,515.97,2.162299456347302,3.4650566406250025
542,0.08586,515.97,0.5676611650175697,3.4429814453125025
543,0.0897999999999999,515.97,0.26908504375110137,3.413373291015628
544,0.08987,397.15,0.02279337679800016,3.419174072265628
545,0.10675,397.15,0.0,3.476064941406253
546,0.112,397.15,0.0,3.513239013671878
547,0.10187,344.35,0.0,3.5897294921875025
548,0.08636,344.35,0.0,3.672170898437503
549,0.07428,344.35,0.0,3.738744384765628
550,0.07568,323.32,0.0,3.796711914062503
551,0.05823,323.32,0.0,3.851844970703128
552,0.06903,323.32,0.0,3.8965739746093777
553,0.0581599999999999,327.33,0.0,3.929034912109378
554,0.04505,327.33,0.0,3.9501250000000026
555,0.0406,327.33,0.0,3.968563720703128
556,0.05017,339.04,0.0,3.945756103515628
557,0.0732,339.04,0.0,3.8810795898437527
558,0.08544,339.04,0.0,3.8248552246093777
559,0.10916,400.08,0.0,3.738088867187503
560,0.11623,400.08,0.0,3.705580322265628
561,0.09634,400.08,0.18144372643104223,3.719291259765628
562,0.0889,372.0,0.7741267234038368,3.738740722656253
563,0.07844,372.0,1.2708380961310888,3.761995117187503
564,0.07648,372.0,1.6799412447424882,3.8174980468750026
565,0.0746899999999999,382.0,3.3086966468985195,3.792939941406253
566,0.07451,382.0,2.0921337705776155,3.726212646484378
567,0.07451,382.0,1.030529585058059,3.636117431640628
568,0.07525,272.0,0.25321518342089266,3.572015869140628
569,0.08302,272.0,0.0,3.5222954101562527
570,0.08859,272.0,0.0,3.4854399414062525
571,0.09178,254.31,0.0,3.4409196777343776
572,0.08499,254.31,0.0,3.4073674316406275
573,0.08079,254.31,0.0,3.416288330078128
574,0.09197,241.27,0.0,3.397494384765628
575,0.08629,241.27,0.0,3.397245361328128
576,0.05904,241.27,0.0,3.3558818359375024
577,0.0649599999999999,236.27,0.0,3.3425810546875026
578,0.06355,236.27,0.0,3.285492431640628
579,0.06717,236.27,0.0,3.2370170898437527
580,0.0767699999999999,207.34,0.0,3.2023991699218777
581,0.07689,207.34,0.0,3.1480974121093777
582,0.0793199999999999,207.34,0.0,3.0100102539062528
583,0.07689,205.2,0.0,2.9979399414062526
584,0.08899,205.2,0.030171258430504413,3.1170646972656275
585,0.08731,205.2,0.7751260927173528,3.2691337890625025
586,0.08632,253.26,1.4306893230639353,3.374954101562502
587,0.08815,253.26,1.522904631954329,3.4615336914062524
588,0.08255,253.26,1.6716709388639772,3.518468505859378
589,0.08198,285.23,1.480854145920461,3.5263090820312457
590,0.089,285.23,0.8589964112617767,3.500685302734378
591,0.1110699999999999,285.23,0.34332089931646753,3.4535063476562526
592,0.13297,274.24,0.0,3.444010498046877
593,0.14585,274.24,0.0,3.4493681640625025
594,0.151,274.24,0.0,3.509496337890628
595,0.14753,314.33,0.0,3.555730468750003
596,0.1376,314.33,0.0,3.5900151367187525
597,0.13461,314.33,0.0,3.630107910156253
598,0.13226,296.32,0.0,3.6438298339843778
599,0.12203,296.32,0.0,3.654801513671877
600,0.12621,296.32,0.0,3.661210205078128
601,0.11579,327.29,0.0,3.666410400390628
602,0.1113,327.29,0.0,3.656035644531246
603,0.10685,327.29,0.0,3.6378972167968775
604,0.10543,346.32,0.0,3.628635742187503
605,0.10786,346.32,0.0,3.636956054687503
606,0.1105999999999999,346.32,0.0,3.6770927734375034
607,0.11762,425.64,0.0,3.7095134277343775
608,0.12417,425.64,0.0,3.7549675292968776
609,0.12197,425.64,0.005821269852609817,3.801165039062503
610,0.10551,393.65,0.07735749512845952,3.8087968750000023
611,0.10257,393.65,0.139974798621701,3.675811035156253
612,0.09673,393.65,0.21930018359909184,3.5917363281250028
613,0.09002,360.31,1.6911981300050896,3.537350341796877
614,0.0925199999999999,360.31,3.396249150014916,3.4529460449218776
615,0.11163,360.31,3.3130734544261986,3.3540251464843776
616,0.12592,374.3,0.33576477405484206,3.260868408203128
617,0.13277,374.3,0.0,3.2072770996093776
618,0.11894,374.3,0.0,3.1254472656250027
619,0.09032,369.27,0.0,3.0435551757812456
620,0.07893,369.27,0.0,2.9540166015625027
621,0.06826,369.27,0.0,2.8762919921875025
622,0.04925,277.3,0.0,2.812490722656253
623,0.02389,277.3,0.0,2.7774715169270845
624,0.04014,277.3,0.0,2.756389973958335
625,0.03526,252.34,0.0,2.7448177083333345
626,0.02638,252.34,0.0,2.7210872395833348
627,0.01407,252.34,0.0,2.7020239257812517
628,0.0101,225.5,0.0,2.687648111979168
629,0.02152,225.5,0.0,2.6749650065104182
630,0.0341,225.5,0.0,2.66774861653646
631,0.05699,268.52,0.0,2.674468587239581
632,0.07176,268.52,0.05517810113131024,2.77602498372396
633,0.06296,268.52,0.952673883185142,3.0471660156250024
634,0.04557,275.99,2.483830397526755,3.236954833984377
635,0.04011,275.99,3.8932764999570275,3.348945800781246
636,0.03566,275.99,4.737853080767488,3.403536865234378
637,0.0383699999999999,254.52,4.940655891216361,3.4189836425781275
638,0.05395,254.52,4.538672282487321,3.3790996093750025
639,0.08679,254.52,3.731215543370767,3.2049956054687527
640,0.10246,228.93,0.40998476020985786,2.9084599609375026
641,0.11856,228.93,0.0,2.7592077636718764
642,0.11867,228.93,0.0,2.7535559082031265
643,0.10005,250.34,0.0,2.73320271809896
644,0.0940699999999999,250.34,0.0,2.7013525390625013
645,0.08508,250.34,0.0,2.687381591796876
646,0.08226,259.26,0.0,2.6769588216145848
647,0.06928,259.26,0.0,2.66608846028646
648,0.07692,259.26,0.0,2.66212117513021
649,0.07153,273.3,0.0,2.670324300130209
650,0.05733,273.3,0.0,2.682102050781252
651,0.06928,273.3,0.0,2.6571712239583345
652,0.07692,321.59,0.0,2.64873006184896
653,0.07759,321.59,0.0,2.657932128906248
654,0.09822,321.59,0.0,2.713819986979168
655,0.12545,418.03,0.0,2.75830037434896
656,0.1475,418.03,0.06762831039247152,2.995841552734378
657,0.1353,418.03,0.9793031704936499,3.324973632812503
658,0.12053,356.06,2.5046501512012176,3.6129545898437527
659,0.11634,356.06,3.883219683706121,3.8166484375000023
660,0.11475,356.06,4.71224649962793,3.917030517578128
661,0.11739,335.06,4.771263614656087,3.922238037109378
662,0.12133,335.06,4.467173008581623,3.816337158203128
663,0.13991,335.06,3.8079007343848486,3.6323051757812457
664,0.147,279.13,0.4446632752675129,3.4981950683593777
665,0.1495999999999999,279.13,0.0,3.441633789062503
666,0.13494,279.13,0.0,3.419082519531246
667,0.1289,249.29,0.0,3.408195068359378
668,0.09476,249.29,0.0,3.4043681640625025
669,0.08726,249.29,0.0,3.3823186035156274
670,0.0798,268.3,0.0,3.348282958984377
671,0.06443,268.3,0.0,3.3330925292968776
672,0.0877199999999999,268.3,0.0,3.3110502929687526
673,0.08339,282.33,0.0,3.3002617187500025
674,0.07816,282.33,0.0,3.278278076171877
675,0.07564,282.33,0.0,3.2370537109375026
676,0.07901,308.74,0.0,3.216787597656253
677,0.08698,308.74,0.0,3.1629033203125028
678,0.09314,308.74,0.0,3.1262749023437526
679,0.14142,441.02,0.0,3.1372282714843776
680,0.14254,441.02,0.06969509376474778,3.338959228515628
681,0.1304499999999999,441.02,0.8788284181970308,3.628536865234378
682,0.1050499999999999,406.05,1.9216772578508468,3.875209228515628
683,0.08925,406.05,3.240325655489742,3.997596923828128
684,0.085,406.05,3.3957069240871696,4.0
685,0.08553,366.04,3.206563754485221,4.0
686,0.08767,366.04,3.1014594667550766,4.0
687,0.10275,366.04,2.4188320854854526,3.829542724609378
688,0.13266,304.12,0.3588743438549978,3.633088867187503
689,0.1495699999999999,304.12,0.0,3.533732177734377
690,0.15009,304.12,0.0,3.519662353515628
691,0.1463,282.32,0.0,3.4941484375000025
692,0.1319499999999999,282.32,0.0,3.481711914062503
693,0.11965,282.32,0.0,3.483986083984377
694,0.1119899999999999,300.29,0.0,3.4740690917968777
695,0.09933,300.29,0.0,3.4596147460937527
696,0.0924099999999999,300.29,0.0,3.444999267578128
697,0.09243,296.29,0.0,3.4427250976562527
698,0.09333,296.29,0.0,3.452678710937503
699,0.09295,296.29,0.0,3.4491813964843776
700,0.09243,347.26,0.0,3.470403320312503
701,0.10865,347.26,0.0,3.501018554687503
702,0.13983,347.26,0.0,3.568386718750003
703,0.15264,455.03,0.0,3.610171386718753
704,0.1603,455.03,0.032752612940661695,3.7286992187500023
705,0.1515099999999999,455.03,0.43919127680355385,3.8559392089843776
706,0.13509,455.06,0.9635795107835217,3.979052001953128
707,0.12325,455.06,1.9649345161203566,4.0
708,0.11589,455.06,1.7400976596619424,4.0
709,0.1133,480.04,1.2215215098399141,3.944192382812503
710,0.12941,480.04,0.7389262301850388,3.873586914062503
711,0.15322,480.04,0.5817625174102372,3.785403320312503
712,0.16087,409.11,0.1740811895906808,3.7009477539062527
713,0.18036,409.11,0.0,3.626134521484378
714,0.17658,409.11,0.0,3.534812500000003
715,0.16128,365.32,0.0,3.4647087402343777
716,0.1502,365.32,0.0,3.409407226562503
717,0.1341699999999999,365.32,0.0,3.3792241210937526
718,0.12646,390.29,0.0,3.353241455078128
719,0.1202,390.29,0.0,3.326614257812502
720,0.12,390.29,0.0,3.2975810546875026
721,0.11708,426.29,0.0,3.281570312500002
722,0.11389,426.29,0.0,3.240038330078128
723,0.11312,426.29,0.0,3.214366943359378
724,0.11598,461.55,0.0,3.1694548339843776
725,0.12074,461.55,0.0,3.1548869628906275
726,0.13187,461.55,0.0,3.1050419921875028
727,0.15797,623.02,0.0,3.0763017578125025
728,0.1636999999999999,623.02,0.059512011363935934,3.192679931640628
729,0.1548199999999999,623.02,0.5621117633264012,3.325687744140628
730,0.1301,534.03,1.5165539809206907,3.406649658203128
731,0.1262,534.03,1.9026234335793963,3.478397705078128
732,0.12006,534.03,2.66292554487738,3.4952580566406275
733,0.1211899999999999,444.03,2.405643368122197,3.5059697265625025
734,0.11976,444.03,1.9006756767987705,3.458409912109378
735,0.14987,444.03,2.9242738911854786,3.337047607421878
736,0.16826,377.13,0.5409813816443126,3.1895744628906275
737,0.1852599999999999,377.13,0.0,3.1511552734375026
738,0.1844799999999999,377.13,0.0,3.173373291015628
739,0.17899,393.3,0.0,3.2256572265625025
740,0.16266,393.3,0.0,3.2802666015625026
741,0.1527,393.3,0.0,3.3096660156250026
742,0.14431,430.29,0.0,3.363781005859378
743,0.13141,430.29,0.0,3.4342692871093776
744,0.13693,430.29,0.0,3.476423828125003
745,0.1294199999999999,469.31,0.0,3.466514160156253
746,0.1242399999999999,469.31,0.0,3.458607666015628
747,0.11912,469.31,0.0,3.474691650390628
748,0.11886,493.31,0.0,3.500765869140628
749,0.12054,493.31,0.0,3.5142680664062524
750,0.1271,493.31,0.0,3.4978105468750025
751,0.14474,517.38,0.0,3.4024016113281275
752,0.15346,517.38,0.005273216946939133,3.3064140625000027
753,0.14244,517.38,0.6510017783171494,3.305948974609377
754,0.1284,441.23,1.9201530464464813,3.348217041015628
755,0.1200799999999999,441.23,3.0439984366594315,3.408685791015628
756,0.11029,441.23,4.234949055898336,3.431625244140628
757,0.1034,389.24,3.609502682516548,3.434298583984378
758,0.1137,389.24,3.2541408756251213,3.4000505371093777
759,0.12949,389.24,2.2310551012512976,3.345686523437503
760,0.15443,414.21,0.3710758756366531,3.2622380371093778
761,0.16827,414.21,0.0,3.2214604492187524
762,0.16751,414.21,0.0,3.1063786621093774
763,0.1629799999999999,461.29,0.0,3.0527397460937524
764,0.1566,461.29,0.0,2.966581298828128
765,0.14524,461.29,0.0,2.9230314941406275
766,0.14173,481.29,0.0,2.8659978027343778
767,0.13174,481.29,0.0,2.8429265136718778
768,0.13326,481.29,0.0,2.851173583984377
769,0.12691,492.28,0.0,2.8952470703125024
770,0.1229899999999999,492.28,0.0,2.926927978515628
771,0.12066,492.28,0.0,2.953789550781246
772,0.12234,523.25,0.0,2.957773925781246
773,0.1234099999999999,523.25,0.0,2.9412285156250024
774,0.12809,523.25,0.0,3.033510009765628
775,0.1359,529.31,0.0,3.022655517578128
776,0.1373,529.31,0.12039344339732011,3.1465336914062525
777,0.1377,529.31,0.9923617216062928,3.317052490234378
778,0.13004,467.3,2.355328272569988,3.4998173828125028
779,0.12933,467.3,3.7430788222776314,3.6429216308593775
780,0.12224,467.3,4.567053320881449,3.740000488281246
781,0.11188,398.26,4.149204400054155,3.775178710937503
782,0.11642,398.26,3.4955409754832343,3.7274248046875034
783,0.12797,398.26,2.6176070351926475,3.633791992187503
784,0.15121,403.28,0.4009884574850762,3.5656621093750025
785,0.16403,403.28,0.0,3.5391850585937528
786,0.17249,403.28,0.0,3.456985351562502
787,0.17395,459.28,0.0,3.440190917968753
788,0.1655,459.28,0.0,3.4469365234375027
789,0.15577,459.28,0.0,3.4479143066406275
790,0.14844,492.34,0.0,3.441044189453128
791,0.13324,492.34,0.0,3.439648925781246
792,0.12954,492.34,0.0,3.447885009765628
793,0.12663,506.31,0.0,3.459457275390628
794,0.12472,506.31,0.0,3.469912597656253
795,0.12004,506.31,0.0,3.482484619140628
796,0.1232399999999999,545.08,0.0,3.4951042480468777
797,0.12777,545.08,0.0,3.505090820312503
798,0.15918,545.08,0.0,3.5209587402343776
799,0.20788,724.08,0.0,3.552705566406253
800,0.24323,724.08,0.0,3.586997558593753
801,0.17804,724.08,0.07955987511426411,3.626694824218753
802,0.14995,634.04,0.25362027886102284,3.683153564453128
803,0.12605,634.04,0.5242748929851221,3.7221989746093778
804,0.11727,634.04,0.5547485021941125,3.7601091308593775
805,0.11529,526.05,0.5173945656702466,3.7714799804687527
806,0.12418,526.05,0.46029973358715526,3.760852539062503
807,0.14586,526.05,0.26802118722123436,3.734906494140628
808,0.17071,433.15,0.040988672456132844,3.711047851562503
809,0.216,433.15,0.0,3.691191894531246
810,0.20073,433.15,0.0,3.622289306640628
811,0.2011,427.31,0.0,3.619172851562503
812,0.16774,427.31,0.0,3.6180302734375034
813,0.153,427.31,0.0,3.616195556640628
814,0.14423,458.23,0.0,3.611885253906253
815,0.13581,458.23,0.0,3.605081054687503
816,0.1324,458.23,0.0,3.613855468750003
817,0.12554,492.33,0.0,3.6104606933593777
818,0.12318,492.33,0.0,3.624325439453128
819,0.1239899999999999,492.33,0.0,3.6368278808593777
820,0.12325,544.84,0.0,3.6452397460937527
821,0.12763,544.84,0.0,3.643416015625003
822,0.1554199999999999,544.84,0.0,3.600961181640628
823,0.19224,719.06,0.0,3.605385009765628
824,0.21199,719.06,0.0,3.633821289062503
825,0.16331,719.06,0.10325523386670246,3.662532226562503
826,0.13653,673.05,0.3023199895209379,3.721946289062503
827,0.12657,673.05,0.6240187250019729,3.770209228515628
828,0.11689,673.05,0.6768096812470281,3.772670166015628
829,0.11317,571.01,0.3468660960870501,3.7789909667968775
830,0.12009,571.01,0.37966078533017583,3.7664079589843777
831,0.12747,571.01,0.18653019132435122,3.755304443359378
832,0.16481,494.13,0.07393585446866471,3.739652587890628
833,0.16899,494.13,0.0,3.724934570312503
834,0.175,494.13,0.0,3.6723942871093778
835,0.16204,452.31,0.0,3.657288085937503
836,0.14501,452.31,0.0,3.6448662109375034
837,0.13243,452.31,0.0,3.640186035156253
838,0.1294199999999999,448.29,0.0,3.639387695312503
839,0.12062,448.29,0.0,3.642617675781246
840,0.11334,448.29,0.0,3.640482666015628
841,0.10967,425.29,0.0,3.634271728515628
842,0.1094,425.29,0.0,3.616371337890628
843,0.10818,425.29,0.0,3.5874150390625026
844,0.11517,430.92,0.0,3.544894287109378
845,0.12242,430.92,0.0,3.501384765625003
846,0.13981,430.92,0.0,3.534398681640628
847,0.16532,574.03,0.0,3.5134294433593776
848,0.18081,574.03,0.04435330516028343,3.531754638671877
849,0.15933,574.03,0.5624607245565718,3.5562102050781275
850,0.13219,563.03,0.9847806235396268,3.643899414062503
851,0.11996,563.03,1.7592446694335584,3.693660156250002
852,0.11546,563.03,1.870558461259801,3.725743896484378
853,0.1188,547.03,2.2240150984043567,3.718470947265628
854,0.12885,547.03,2.4143626880219125,3.6823735351562528
855,0.14412,547.03,1.9369830023436772,3.6247246093750025
856,0.16058,448.17,2.6443251466545687,3.5191203613281274
857,0.17719,448.17,0.0,3.456761962890628
858,0.1899,448.17,0.0,3.3744707031250027
859,0.18963,376.27,0.0,3.3723137207031275
860,0.17,376.27,0.0,3.373394042968753
861,0.1554199999999999,376.27,0.0,3.3957475585937527
862,0.1437,401.31,0.0,3.412933837890628
863,0.13321,401.31,0.0,3.4382976074218776
864,0.1336699999999999,401.31,0.0,3.463687011718753
865,0.12957,402.3,0.0,3.4718205566406275
866,0.12587,402.3,0.0,3.475449707031246
867,0.125,402.3,0.0,3.4844072265625026
868,0.12501,443.28,0.0,3.493280517578128
869,0.13528,443.28,0.0,3.517882568359377
870,0.15612,443.28,0.0,3.5211638183593776
871,0.18009,586.04,0.0,3.5513652343750026
872,0.2194199999999999,586.04,0.0,3.598456298828128
873,0.17899,586.04,0.18427992953030994,3.6282329101562527
874,0.1601399999999999,580.05,0.3210399206062577,3.644174072265628
875,0.15256,580.05,0.3627803490991341,3.657181884765627
876,0.14789,580.05,0.5043970681316357,3.680341064453128
877,0.14548,533.02,0.4904196047197835,3.731379882812503
878,0.13779,533.02,0.3747403133709622,3.7689860839843776
879,0.1508,533.02,0.36009723104448116,3.7751420898437527
880,0.1648899999999999,424.14,0.07636234934427555,3.789189941406253
881,0.17159,424.14,0.0,3.800128662109378
882,0.17048,424.14,0.0,3.8012382812500025
883,0.1629499999999999,404.29,0.0,3.788871337890628
884,0.14133,404.29,0.0,3.7844841308593775
885,0.13126,404.29,0.0,3.796074707031246
886,0.134,407.32,0.0,3.790735351562503
887,0.12195,407.32,0.0,3.7821550292968777
888,0.12605,407.32,0.0,3.7701286621093777
889,0.1127,428.3,0.0,3.7473210449218777
890,0.10882,428.3,0.0,3.701650878906253
891,0.105,428.3,0.0,3.692649414062503
892,0.10481,451.5,0.0,3.691810791015628
893,0.10507,451.5,0.0,3.668109619140628
894,0.11239,451.5,0.0,3.382787353515628
895,0.14166,583.02,0.0,3.1384038085937527
896,0.16421,583.02,0.0,2.9451579589843777
897,0.15036,583.02,0.04525559460478187,2.8156291503906274
898,0.13388,569.02,0.07449513890970001,2.816383544921877
899,0.11514,569.02,0.19724934625971796,2.8239384765625024
900,0.1114899999999999,569.02,0.25182549957604566,2.8200749511718777
901,0.1067699999999999,551.04,0.12414504735663906,2.817218505859377
902,0.10959,551.04,0.16714625906826464,2.8132268066406274
903,0.11168,551.04,0.07368955086931125,2.8158598632812457
904,0.12661,445.15,0.030095449239881545,2.8162846679687528
905,0.14285,445.15,0.0,2.8210124511718777
906,0.14905,445.15,0.0,2.8275200195312458
907,0.14432,401.7,0.0,2.852074462890628
908,0.12693,401.7,0.0,2.8754716796875024
909,0.1,401.7,0.0,2.8971953125000027
910,0.09872,399.85,0.0,2.9019194335937524
911,0.10014,399.85,0.0,2.8695061035156275
912,0.08134,399.85,0.0,2.9026665039062527
913,0.08485,415.56,0.0,2.936559326171877
914,0.0858,415.56,0.0,2.886523925781246
915,0.08708,415.56,0.0,2.8653203125000024
916,0.0896899999999999,420.68,0.0,2.856996337890628
917,0.09099,420.68,0.0,2.8648369140625025
918,0.0907999999999999,420.68,0.0,2.895814697265628
919,0.09531,429.5,0.0,2.9517387695312456
920,0.11111,429.5,0.0,3.0354509277343777
921,0.09268,429.5,0.12852438411271666,3.1016398925781274
922,0.07942,342.22,0.0882903790370635,3.1874943847656274
923,0.06875,342.22,0.10728767863314433,3.3409111328125025
924,0.0677099999999999,342.22,0.13553935768658779,3.5594804687500026
925,0.0798499999999999,308.24,0.18728935347096726,3.721726562500003
926,0.08985,308.24,0.31163089542228006,3.815498535156253
927,0.118,308.24,0.20844300607741278,3.8689873046875034
928,0.14087,314.26,0.020643110049444115,3.884265625000003
929,0.15,314.26,0.0,3.8905534667968777
930,0.16049,314.26,0.0,3.878080322265628
931,0.1611,320.25,0.0,3.854510986328128
932,0.1564199999999999,320.25,0.0,3.839543945312503
933,0.149,320.25,0.0,3.8153886718750023
934,0.144,351.31,0.0,3.791174804687503
935,0.13631,351.31,0.0,3.7903984375000026
936,0.135,351.31,0.0,3.8139238281250023
937,0.13451,395.33,0.0,3.790292236328128
938,0.13018,395.33,0.0,3.7615739746093775
939,0.1193,395.33,0.0,3.751971923828128
940,0.11679,406.31,0.0,3.769070312500003
941,0.117,406.31,0.0,3.787142822265628
942,0.117,406.31,0.0,3.7937272949218777
943,0.13343,416.3,0.0,3.808342773437503
944,0.13677,416.3,0.06827412802188859,3.869203369140628
945,0.12397,416.3,0.6280167539101429,3.960441162109378
946,0.11479,358.29,1.214325009039555,4.0
947,0.10565,358.29,0.9317605335927213,4.0
948,0.0987099999999999,358.29,1.3837098980969256,4.0
949,0.09553,333.28,1.4946916513566801,4.0
950,0.1099,333.28,1.178633762595282,4.0
951,0.1204,333.28,0.6504888245912864,4.0
952,0.14196,352.29,0.42627211328182585,3.946898681640628
953,0.14858,352.29,0.0,3.889593994140628
954,0.16193,352.29,0.0,3.792266113281246
955,0.15613,385.31,0.0,3.7570036621093776
956,0.15065,385.31,0.0,3.7364189453125034
957,0.14292,385.31,0.0,3.722484619140628
958,0.143,426.33,0.0,3.7400407714843777
959,0.12797,426.33,0.0,3.742922851562503
960,0.11858,426.33,0.0,3.711340820312503
961,0.1118199999999999,442.28,0.0,3.6546257324218776
962,0.10922,442.28,0.0,3.597445556640628
963,0.10629,442.28,0.0,3.5738835449218778
964,0.10585,468.22,0.0,3.523002197265628
965,0.112,468.22,0.0,3.471908447265628
966,0.14538,468.22,0.0,3.448617431640628
967,0.16202,591.18,0.0,3.4953679199218777
968,0.18136,591.18,0.23862980548784318,3.631429931640628
969,0.16318,591.18,1.0727085527007867,3.811060058593753
970,0.1359,567.13,2.13702683197472,3.934901611328128
971,0.11528,567.13,2.4681728510402468,4.0
972,0.10936,567.13,2.5384901104623805,4.0
973,0.1097399999999999,553.14,1.9443929256777266,4.0
974,0.12307,553.14,1.3949860835170007,4.0
975,0.12854,553.14,0.7384260722409521,3.968395263671878
976,0.13358,419.26,0.456768402983932,3.861791259765628
977,0.13382,419.26,0.0,3.7993706054687526
978,0.14211,419.26,0.0,3.736429931640628
979,0.11485,377.28,0.0,3.7133220214843776
980,0.09437,377.28,0.0,3.6818864746093776
981,0.09148,377.28,0.0,3.610079833984378
982,0.08887,374.27,0.0,3.5228337402343777
983,0.08738,374.27,0.0,3.4470537109375026
984,0.07745,374.27,0.0,3.4326945800781274
985,0.0711,372.3,0.0,3.478895751953128
986,0.07162,372.3,0.0,3.5426347656250026
987,0.07489,372.3,0.0,3.5750810546875025
988,0.07745,384.05,0.0,3.538705322265628
989,0.08744,384.05,0.0,3.468253662109378
990,0.10046,384.05,0.0,3.441113769531246
991,0.13493,482.15,0.0,3.445951416015628
992,0.15553,482.15,0.07073498821026787,3.5172709960937527
993,0.14142,482.15,0.3988796487225924,3.603700439453128
994,0.09665,483.52,0.9065126991698288,3.679751464843753
995,0.09278,483.52,1.8136490152818685,3.7519023437500025
996,0.09768,483.52,2.4987110162753803,3.804523193359378
997,0.11111,470.38,2.7604337836317385,3.826510498046878
998,0.12346,470.38,1.9286729993769516,3.789633056640628
999,0.1436899999999999,470.38,1.0170420121214245,3.684299804687503
1000,0.14447,392.26,0.8424294784387608,3.561586181640628
1001,0.15997,392.26,0.02477023518961991,3.5107634277343776
1002,0.16819,392.26,0.0,3.436254150390628
1003,0.16745,381.33,0.0,3.416603271484377
1004,0.16263,381.33,0.0,3.403972656250003
1005,0.14875,381.33,0.0,3.4119633789062527
1006,0.14295,392.28,0.0,3.4029802246093777
1007,0.12824,392.28,0.0,3.344595214843753
1008,0.12913,392.28,0.0,3.3151335449218777
1009,0.12777,398.29,0.0,3.292465087890628
1010,0.12682,398.29,0.0,3.2916960449218777
1011,0.12659,398.29,0.0,3.2785234375000027
1012,0.12874,437.28,0.0,3.262249023437503
1013,0.13124,437.28,0.0,3.2630253906250024
1014,0.15113,437.28,0.0,3.303612548828128
1015,0.1636399999999999,565.31,0.0,3.318539306640628
1016,0.18,565.31,0.07324703124780207,3.3586064453125024
1017,0.17492,565.31,0.3907551164430563,3.4066459960937525
1018,0.16205,505.09,0.755745137749565,3.455355712890628
1019,0.14401,505.09,1.210274526595586,3.5210283203125026
1020,0.13728,505.09,0.0,3.582676269531246
1021,0.14203,450.16,3.3142227568231,3.6144707031250025
1022,0.1494,450.16,3.7576850675173428,3.576578857421877
1023,0.1596699999999999,450.16,2.6655410454519397,3.5051054687500027
1024,0.17321,371.28,2.9495827247937165,3.3808464355468777
1025,0.18459,371.28,0.04234106483856717,3.249669677734378
1026,0.19713,371.28,0.0,3.236453125000003
1027,0.19257,372.29,0.0,3.1473649902343777
1028,0.1739,372.29,0.0,3.0702812500000025
1029,0.15578,372.29,0.0,3.014247314453128
1030,0.1503799999999999,369.35,0.0,2.955287353515628
1031,0.14181,369.35,0.0,2.9229985351562524
1032,0.14033,369.35,0.0,2.9140556640625026
1033,0.13775,387.26,0.0,2.9042302246093774
1034,0.14079,387.26,0.0,2.9055888671875025
1035,0.13659,387.26,0.0,2.8991032714843774
1036,0.14,431.3,0.0,2.885194580078128
1037,0.142,431.3,0.0,2.8602373046875025
1038,0.15999,431.3,0.0,2.8609916992187525
1039,0.19033,568.12,0.0,2.957279541015628
1040,0.22236,568.12,0.31919486822233145,3.1020134277343776
1041,0.22005,568.12,1.0657605626900832,3.2603959960937527
1042,0.20389,626.16,2.277081703278964,3.3750859375000024
1043,0.18468,626.16,2.676579471686055,3.4539787597656275
1044,0.17452,626.16,2.4266159270774748,3.521288330078128
1045,0.1701,634.6,1.6845784499027465,3.5577519531250026
1046,0.1667,634.6,1.1672710479658834,3.5867851562500026
1047,0.1701,634.6,1.3071066684934893,3.5503105468750027
1048,0.182,549.9,0.7804082130456601,3.458834716796878
1049,0.21305,549.9,0.01102873069464207,3.4009404296875028
1050,0.20717,549.9,0.0,3.402518798828128
1051,0.19652,504.27,0.0,3.371830322265628
1052,0.17703,504.27,0.0,3.363048583984378
1053,0.1629199999999999,504.27,0.0,3.381527587890628
1054,0.15312,505.24,0.0,3.426644775390628
1055,0.13897,505.24,0.0,3.5159782714843777
1056,0.13921,505.24,0.0,3.5521892089843776
1057,0.1328,511.96,0.0,3.5783476562500027
1058,0.1285,511.96,0.0,3.595892822265628
1059,0.12765,511.96,0.0,3.614569580078128
1060,0.12958,551.25,0.0,3.634421875000003
1061,0.13959,551.25,0.0,3.6376042480468778
1062,0.1628899999999999,551.25,0.0,3.618868896484378
1063,0.22708,673.93,0.0,3.6576762695312457
1064,0.26564,673.93,0.1043026135340646,3.7182438964843776
1065,0.21511,673.93,0.44584820135636305,3.809836914062503
1066,0.18103,653.77,0.854585537727803,3.852811767578128
1067,0.16301,653.77,0.8391039575993832,3.897727539062503
1068,0.14986,653.77,0.7360912530254508,3.943782226562503
1069,0.14861,625.37,0.7330489554687303,3.946312744140628
1070,0.1558,625.37,0.4095548674164473,3.9475798339843777
1071,0.17506,625.37,0.40030934040579674,3.9114165039062527
1072,0.2,515.31,0.14830607599799248,3.893333007812503
1073,0.29891,515.31,0.0,3.899144775390628
1074,0.29306,515.31,0.0,3.897621337890628
1075,0.2256999999999999,475.53,0.0,3.908040039062503
1076,0.18355,475.53,0.0,3.914298583984378
1077,0.16379,475.53,0.0,3.9226774902343777
1078,0.153,455.78,0.0,3.924984619140628
1079,0.14003,455.78,0.0,3.927423583984378
1080,0.13529,455.78,0.0,3.905930664062503
1081,0.13034,478.52,0.0,3.8612456054687527
1082,0.12,478.52,0.0,3.786849853515628
1083,0.11824,478.52,0.0,3.7633061523437528
1084,0.11845,481.1,0.0,3.7695134277343776
1085,0.12037,481.1,0.0,3.785769531250003
1086,0.13374,481.1,0.0,3.8716862792968776
1087,0.14858,492.73,0.0,3.880295898437503
1088,0.15067,492.73,0.060556772470251034,3.919740478515628
1089,0.13701,492.73,0.2644713265313422,4.0
1090,0.12459,472.26,0.6660850355149581,4.0
1091,0.1183599999999999,472.26,0.9837793524727857,4.0
1092,0.11239,472.26,1.2188955834360473,4.0
1093,0.11001,468.31,1.8605274049314962,4.0
1094,0.11615,468.31,2.520531804010948,4.0
1095,0.12883,468.31,2.478900942986061,4.0
1096,0.14589,499.27,1.960050173284057,4.0
1097,0.16454,499.27,0.07879137057106424,4.0
1098,0.1747,499.27,0.0,3.994960205078128
1099,0.16476,495.58,0.0,3.962693359375003
1100,0.14965,495.58,0.0,3.956405517578128
1101,0.12831,495.58,0.0,3.943353759765628
1102,0.13237,502.2,0.0,3.919469482421878
1103,0.12454,502.2,0.0,3.895471679687503
1104,0.13411,502.2,0.0,3.903352539062503
1105,0.1289,494.24,0.0,3.9131853027343775
1106,0.12357,494.24,0.0,3.875831787109378
1107,0.1199,494.24,0.0,3.870364257812503
1108,0.11957,515.22,0.0,3.8708842773437526
1109,0.12018,515.22,0.0,3.868313476562503
1110,0.11992,515.22,0.0,3.992656738281246
1111,0.12751,515.24,0.0,4.0
1112,0.1296,515.24,0.33786345396547157,4.0
1113,0.13049,515.24,0.9539152648956561,4.0
1114,0.1277,458.4,1.271646287624215,4.0
1115,0.12403,458.4,1.5496748644761895,4.0
1116,0.12467,458.4,1.223101911467947,4.0
1117,0.11877,421.31,0.6394144156532212,4.0
1118,0.12102,421.31,0.389961685848546,4.0
1119,0.12955,421.31,0.1492832454737074,4.0
1120,0.13768,430.33,0.03281837916335175,3.9462504882812457
1121,0.1539799999999999,430.33,0.0,3.869426757812503
1122,0.16998,430.33,0.0,3.8292167968750026
1123,0.16029,504.27,0.0,3.757567626953128
1124,0.15372,504.27,0.0,3.707982666015628
1125,0.13934,504.27,0.0,3.644979736328128
1126,0.13762,512.32,0.0,3.593329345703128
1127,0.13151,512.32,0.0,3.542913085937503
1128,0.12805,512.32,0.0,3.537273437500003
1129,0.12106,537.08,0.0,3.505804931640628
1130,0.12034,537.08,0.0,3.482488281250003
1131,0.12552,537.08,0.0,3.4872124023437525
1132,0.12894,573.23,0.0,3.4686162109375025
1133,0.13154,573.23,0.0,3.465195800781246
1134,0.15316,573.23,0.0,3.475863525390628
1135,0.20474,713.1,0.0,3.561996337890628
1136,0.20979,713.1,0.24274496575856946,3.629690429687503
1137,0.1713,713.1,0.5424354275530853,3.711644775390628
1138,0.13967,660.12,0.8079039938571335,3.7984624023437528
1139,0.11719,660.12,1.385615977589466,3.8618242187500025
1140,0.10947,660.12,1.3784004662263594,3.924867431640628
1141,0.10678,613.02,1.8607750913725043,3.947649414062503
1142,0.11189,613.02,2.2474614879054795,3.9196562500000023
1143,0.13227,613.02,1.1793415732558215,3.874568359375002
1144,0.15896,522.17,1.3353558839689532,3.7453105468750025
1145,0.2229199999999999,522.17,0.08030637434481534,3.6463933105468778
1146,0.271,522.17,0.0,3.5253972167968777
1147,0.21536,490.32,0.0,3.443248779296878
1148,0.17786,490.32,0.0,3.4259306640625025
1149,0.15519,490.32,0.0,3.395165283203128
1150,0.13939,513.3,0.0,3.407074462890628
1151,0.12957,513.3,0.0,3.4293400878906275
1152,0.1329499999999999,513.3,0.0,3.4820854492187525
1153,0.125,532.35,0.0,3.502245361328128
1154,0.12356,532.35,0.0,3.539957763671877
1155,0.11711,532.35,0.0,3.549541503906253
1156,0.11566,591.24,0.0,3.558638183593753
1157,0.12193,591.24,0.0,3.538152343750003
1158,0.14361,591.24,0.0,3.525682861328128
1159,0.19034,725.11,0.0,3.5027873535156275
1160,0.1938,725.11,0.05820913537962817,3.539906494140628
1161,0.14353,725.11,0.515158286548739,3.591337158203128
1162,0.1242399999999999,663.24,0.7866526064851042,3.652205078125003
1163,0.1097099999999999,663.24,0.9996300935359879,3.7203056640625034
1164,0.09641,663.24,1.2675814863869623,3.673295166015627
1165,0.08853,584.13,0.5612814013026265,3.621945068359378
1166,0.0983499999999999,584.13,0.16978745359977443,3.615734130859378
1167,0.11,584.13,0.11421571856240739,3.6452214355468775
1168,0.12816,487.26,0.03513635748653692,3.7087993164062527
1169,0.17761,487.26,0.0,3.761819335937503
1170,0.17432,487.26,0.0,3.7234038085937526
1171,0.15591,472.31,0.0,3.709011718750003
1172,0.14242,472.31,0.0,3.6544902343750025
1173,0.12941,472.31,0.0,3.5946586914062526
1174,0.1219,480.29,0.0,3.525232421875003
1175,0.11445,480.29,0.0,3.4854033203125026
1176,0.10454,480.29,0.0,3.4704143066406274
1177,0.09929,503.26,0.0,3.4461491699218776
1178,0.0996,503.26,0.0,3.3950737304687526
1179,0.09729,503.26,0.0,3.358708984375003
1180,0.0945,547.7,0.0,3.3377983398437525
1181,0.09748,547.7,0.0,3.3513334960937526
1182,0.115,547.7,0.0,3.460072509765628
1183,0.1495,679.09,0.0,3.529593994140628
1184,0.16637,679.09,0.1188795621776218,3.6282438964843777
1185,0.1287599999999999,679.09,0.6040632236826058,3.721777832031246
1186,0.1079099999999999,634.4,1.2847475557296675,3.8330253906250022
1187,0.08928,634.4,2.7600891804463243,3.8600444335937527
1188,0.08152,634.4,2.2160323009433953,3.833904296875003
1189,0.08274,556.13,1.481887556206064,3.779086181640628
1190,0.0852,556.13,0.9685530582105567,3.722806884765628
1191,0.09063,556.13,0.8468217304804808,3.659188720703128
1192,0.11003,438.5,0.5683476381857018,3.5591032714843776
1193,0.13128,438.5,0.035902023714684754,3.492731201171878
1194,0.14298,438.5,0.0,3.489863769531246
1195,0.14442,431.28,0.0,3.4439482421875027
1196,0.1209,431.28,0.0,3.377147705078128
1197,0.11375,431.28,0.0,3.346195556640628
1198,0.1071299999999999,429.32,0.0,3.3089335937500026
1199,0.09981,429.32,0.0,3.2753154296875024
1200,0.08617,429.32,0.0,3.233036376953128
1201,0.0852,420.3,0.0,3.190676757812503
1202,0.08456,420.3,0.0,3.1490751953125025
1203,0.08364,420.3,0.0,3.138539306640628
1204,0.08218,427.18,0.0,3.135023681640628
1205,0.08384,427.18,0.0,3.1624492187500026
1206,0.08631,427.18,0.0,3.2134477539062525
1207,0.11041,472.16,0.0,3.2793547363281275
1208,0.12798,472.16,0.329231020723069,3.4290507812500026
1209,0.10587,472.16,0.9858638135527399,3.553031494140628
1210,0.09372,372.14,1.6550152043354986,3.6548564453125034
1211,0.08723,372.14,2.1575759396434337,3.752708007812503
1212,0.08687,372.14,2.688394267431583,3.801044189453128
1213,0.08451,259.61,2.2097613682576993,3.8419060058593777
1214,0.08478,259.61,2.13257691253128,3.838196289062503
1215,0.0900499999999999,259.61,1.7180755091187752,3.7682792968750025
1216,0.09834,190.12,0.8853384172713438,3.6623747558593776
1217,0.1101299999999999,190.12,0.12879479625762894,3.5973942871093776
1218,0.11238,190.12,0.0,3.5221525878906275
1219,0.12245,216.39,0.0,3.4524772949218776
1220,0.1059099999999999,216.39,0.0,3.436517822265628
1221,0.0924099999999999,216.39,0.0,3.430087158203128
1222,0.09084,241.34,0.0,3.434734375000003
1223,0.083,241.34,0.0,3.440677978515628
1224,0.07551,241.34,0.0,3.439952880859378
1225,0.07499,201.85,0.0,3.4557841796875026
1226,0.0798,201.85,0.0,3.472769042968753
1227,0.0834,201.85,0.0,3.4740288085937525
1228,0.0824,221.53,0.0,3.4594462890625026
1229,0.08203,221.53,0.0,3.434906494140628
1230,0.10647,221.53,0.0,3.3771660156250025
1231,0.1525,276.11,0.0,3.4094804687500027
1232,0.14521,276.11,0.2778788687967932,3.465258056640628
1233,0.12098,276.11,0.7295930225521065,3.561978027343753
1234,0.09868,202.98,1.242949526832995,3.6457927246093775
1235,0.0834,202.98,1.3611746432000948,3.719261962890628
1236,0.078,202.98,1.4571066185273331,3.784008056640628
1237,0.0764099999999999,141.43,0.0,3.8209440917968776
1238,0.07952,141.43,1.3229793043071953,3.828235351562503
1239,0.08294,141.43,1.0275289487823223,3.7949174804687527
1240,0.1034699999999999,115.48,0.3679228471768183,3.696436035156253
1241,0.10345,115.48,0.02270603783351707,3.5737517089843776
1242,0.10198,115.48,0.0,3.555499755859377
1243,0.08195,150.71,0.0,3.5675224609375027
1244,0.08025,150.71,0.0,3.5859721679687526
1245,0.07085,150.71,0.0,3.606556884765628
1246,0.07064,189.8,0.0,3.618770019531246
1247,0.06433,189.8,0.0,3.6344987792968775
1248,0.05099,189.8,0.0,3.6505058593750026
1249,0.04862,205.17,0.0,3.662074462890628
1250,0.04796,205.17,0.0,3.670878173828128
1251,0.04262,205.17,0.0,3.678499023437503
1252,0.0412,205.09,0.0,3.688031494140628
1253,0.04915,205.09,0.0,3.696487304687503
1254,0.04911,205.09,0.0,3.647469970703128
1255,0.06122,214.61,0.0,3.670343505859378
1256,0.06825,214.61,0.006418811810503662,3.730863525390628
1257,0.06774,214.61,0.175005280212941,3.8016813964843776
1258,0.05321,168.48,0.24805392024623024,3.893878662109378
1259,0.04713,168.48,0.44078157278319974,3.925303222656253
1260,0.0404,168.48,0.3484178208420686,3.9328435058593776
1261,0.05269,141.11,0.7311846029689703,3.929445068359378
1262,0.068,141.11,0.7523503512758991,3.9312028808593777
1263,0.0856,141.11,0.3400101172274723,3.940010253906253
1264,0.10095,154.74,0.20630546452503096,3.922908203125002
1265,0.1083799999999999,154.74,0.0,3.918004638671878
1266,0.10698,154.74,0.0,3.775471679687503
1267,0.11518,212.34,0.0,3.5665080566406275
1268,0.103,212.34,0.0,3.422770263671877
1269,0.10158,212.34,0.0,3.3311040039062525
1270,0.0942699999999999,235.3,0.0,3.273381835937503
1271,0.08351,235.3,0.0,3.196016113281246
1272,0.0911,235.3,0.0,3.1379423828125024
1273,0.08499,247.32,0.0,3.0860466308593777
1274,0.08621,247.32,0.0,3.0676921386718776
1275,0.08363,247.32,0.0,3.0825566406250027
1276,0.08577,270.31,0.0,3.0995488281250028
1277,0.08733,270.31,0.0,3.118452636718753
1278,0.0877,270.31,0.0,3.1799174804687524
1279,0.108,289.31,0.0,3.187509033203128
1280,0.1122399999999999,289.31,0.5006890544753506,3.278644287109377
1281,0.09935,289.31,0.0,3.4276774902343776
1282,0.083,187.01,2.860265110604199,3.528868896484377
1283,0.0815,187.01,3.4318458632563065,3.5505888671875026
1284,0.07112,187.01,2.4316675116736524,3.559883300781246
1285,0.0692,137.04,2.464152795210651,3.595980712890628
1286,0.06475,137.04,3.3385348142852544,3.598708984375002
1287,0.06911,137.04,2.7626288258183798,3.5433598632812457
1288,0.0847,147.72,1.6082536421908007,3.4046501464843777
1289,0.15045,147.72,0.24695213630604182,3.268148681640628
1290,0.15469,147.72,0.0,3.2261955566406275
1291,0.11702,226.3,0.0,3.189347412109377
1292,0.09603,226.3,0.0,3.1518034667968777
1293,0.07732,226.3,0.0,3.110150634765628
1294,0.07381,231.3,0.0,3.0695085449218777
1295,0.06599,231.3,0.0,3.029349853515628
1296,0.07083,231.3,0.0,3.0109038085937527
1297,0.06799,192.92,0.0,3.0055314941406275
1298,0.0409799999999999,192.92,0.0,2.9921354980468777
1299,0.0371,192.92,0.0,3.011863281250003
1300,0.06534,199.44,0.0,2.987905761718753
1301,0.07003,199.44,0.0,2.980394775390628
1302,0.081,199.44,0.0,3.0090544433593776
1303,0.0848,230.73,0.0,3.0315397949218776
1304,0.10668,230.73,0.2286439666208639,3.059027587890628
1305,0.09326,230.73,0.5779743318904637,3.1313359375000025
1306,0.07904,217.45,1.5076066111994804,3.252701904296877
1307,0.08344,217.45,3.5130918720194235,3.3485795898437525
1308,0.08163,217.45,4.416785239907743,3.427787353515628
1309,0.083,196.77,5.171942737872904,3.4558098144531275
1310,0.0864,196.77,4.6213725498786244,3.444299804687503
1311,0.09255,196.77,3.3099022389542174,3.384010498046877
1312,0.1007,186.01,2.3465028257674194,3.2372478027343776
1313,0.11294,186.01,0.2979871939130462,3.1652250976562524
1314,0.13781,186.01,0.0,3.0753056640625025
1315,0.14871,202.34,0.0,3.060331298828128
1316,0.12927,202.34,0.0,3.0761149902343776
1317,0.11229,202.34,0.0,3.0749833984375026
1318,0.1129,239.35,0.0,3.073046142578128
1319,0.10648,239.35,0.0,3.0808171386718777
1320,0.0906,239.35,0.0,3.072859375000003
1321,0.0899099999999999,259.3,0.0,3.0640190429687526
1322,0.09339,259.3,0.0,3.0436760253906274
1323,0.09386,259.3,0.0,3.0274675292968776
1324,0.09743,306.27,0.0,3.0136796875000025
1325,0.10578,306.27,0.0,3.0193120117187524
1326,0.14487,306.27,0.0,3.1211955566406275
1327,0.16716,396.16,0.0,3.198594238281246
1328,0.17334,396.16,0.43716551110652085,3.289388916015628
1329,0.1537299999999999,396.16,1.5424874261945187,3.3806962890625027
1330,0.14036,299.28,2.3791845605429347,3.4946611328125026
1331,0.12675,299.28,3.97475791715468,3.584327880859377
1332,0.1246299999999999,299.28,5.209876037880468,3.621238281250003
1333,0.12581,247.82,4.6915091896310885,3.656387207031246
1334,0.13438,247.82,4.9109413211304105,3.6766569824218776
1335,0.14834,247.82,4.427348557192547,3.628203613281246
1336,0.17068,211.06,2.6650028044061806,3.490167724609378
1337,0.20797,211.06,0.32312381733807694,3.358734619140628
1338,0.23305,211.06,0.0,3.3231206054687528
1339,0.18809,244.28,0.0,3.3116435546875027
1340,0.15696,244.28,0.0,3.3010270996093776
1341,0.1424699999999999,244.28,0.0,3.2836577148437525
1342,0.12946,248.36,0.0,3.2577922363281275
1343,0.11513,248.36,0.0,3.2458427734375026
1344,0.1229899999999999,248.36,0.0,3.2226909179687526
1345,0.11982,272.31,0.0,3.216344482421878
1346,0.11694,272.31,0.0,3.196089355468753
1347,0.11598,272.31,0.0,3.179038574218753
1348,0.11656,346.5,0.0,3.167052490234377
1349,0.11727,346.5,0.0,3.1589042968750025
1350,0.13265,346.5,0.0,3.1828874511718777
1351,0.15993,451.17,0.0,3.2084196777343776
1352,0.1751899999999999,451.17,0.08264030805872065,3.2359184570312456
1353,0.16022,451.17,0.20778354334556823,3.248845703125003
1354,0.14137,375.17,0.2553348239969944,3.262736083984377
1355,0.1299499999999999,375.17,0.3855077531936962,3.254214355468753
1356,0.12053,375.17,0.3582584426818936,3.2828923339843774
1357,0.11989,293.14,0.5905099032116401,3.288488037109378
1358,0.12512,293.14,0.48475830639291717,3.2741069335937527
1359,0.1329,293.14,0.3815372685736376,3.245820800781246
1360,0.14975,233.51,0.14474844701852727,3.234120361328128
1361,0.16501,233.51,0.024852916102056692,3.232270996093753
1362,0.17257,233.51,0.0,3.2363286132812457
1363,0.16282,262.3,0.0,3.2227458496093777
1364,0.1473799999999999,262.3,0.0,3.221200439453128
1365,0.11844,262.3,0.0,3.214194824218753
1366,0.1209399999999999,281.27,0.0,3.200084716796878
1367,0.1124599999999999,281.27,0.0,3.1858427734375026
1368,0.10148,281.27,0.0,3.1553776855468776
1369,0.10381,311.29,0.0,3.1310832519531275
1370,0.10124,311.29,0.0,3.095663330078128
1371,0.0996,311.29,0.0,3.006820556640628
1372,0.10043,341.4,0.0,2.9334721679687528
1373,0.10587,341.4,0.0,2.8807011718750024
1374,0.11518,341.4,0.0,2.8696086425781275
1375,0.1523199999999999,431.14,0.011822740461686387,2.9281657714843776
1376,0.15905,431.14,0.6992381298593434,3.0361833496093777
1377,0.14258,431.14,1.4106866854734177,3.1511113281250025
1378,0.12994,399.14,2.1318652713746276,3.268763916015628
1379,0.11,399.14,2.253875302623937,3.3976042480468776
1380,0.1011,399.14,3.0923887898328557,3.447050048828128
1381,0.10925,439.15,2.0890758916386254,3.513920166015628
1382,0.11,439.15,2.986771134477663,3.520706054687502
1383,0.123,439.15,1.881735225506716,3.464679443359377
1384,0.14262,347.23,1.4695287569124418,3.3630449218750025
1385,0.15869,347.23,0.3047027281071939,3.2429130859375026
1386,0.17471,347.23,0.0,3.088240234375003
1387,0.1631699999999999,356.31,0.0,3.012039062500002
1388,0.14461,356.31,0.0,2.946849853515628
1389,0.13654,356.31,0.0,2.8946721191406275
1390,0.12469,335.27,0.0,2.8350895996093777
1391,0.11489,335.27,0.0,2.7860876464843765
1392,0.11547,335.27,0.0,2.755421549479168
1393,0.11054,368.31,0.0,2.7541377766927098
1394,0.1093799999999999,368.31,0.0,2.71877400716146
1395,0.10693,368.31,0.0,2.724659830729168
1396,0.11203,380.84,0.0,2.7162471516927096
1397,0.11263,380.84,0.0,2.6980159505208348
1398,0.13599,380.84,0.0,2.6788875325520847
1399,0.15,480.14,0.02326924948679628,2.8237297363281275
1400,0.16182,480.14,0.6533732842048504,3.006146728515628
1401,0.1455,480.14,1.0056892612404051,3.183568603515628
1402,0.1277,474.12,1.5348927434322797,3.3392119140625027
1403,0.11597,474.12,2.095954145159528,3.4486577148437525
1404,0.10951,474.12,2.2402177839445088,3.553031494140628
1405,0.10857,430.15,2.833241377920869,3.621670410156253
1406,0.11158,430.15,2.830772768868179,3.646309082031246
1407,0.12557,430.15,2.1502048581136006,3.610424072265628
1408,0.13505,355.23,1.1804198121407221,3.4992351074218777
1409,0.1528499999999999,355.23,0.21832696501298945,3.3480485839843777
1410,0.16124,355.23,0.0,3.2828923339843774
1411,0.15886,366.34,0.0,3.2154216308593777
1412,0.14396,366.34,0.0,3.1651079101562525
1413,0.13294,366.34,0.0,3.108099853515628
1414,0.12743,389.26,0.0,3.0599687500000026
1415,0.11903,389.26,0.0,3.032737304687503
1416,0.12819,389.26,0.0,3.012606689453128
1417,0.12038,453.29,0.0,3.006582519531246
1418,0.11709,453.29,0.0,3.0081022949218776
1419,0.11215,453.29,0.0,3.005656005859377
1420,0.10975,462.31,0.0,3.0138957519531275
1421,0.11438,462.31,0.0,3.049879638671878
1422,0.11886,462.31,0.0,3.1263444824218776
1423,0.13579,477.3,0.01366558014284956,3.2429973144531274
1424,0.13879,477.3,0.48898239205822663,3.372196533203128
1425,0.13774,477.3,1.1519684475528333,3.5427629394531275
1426,0.12508,416.23,1.985232013442967,3.662814208984378
1427,0.11211,416.23,2.214754948640514,3.731321289062503
1428,0.10221,416.23,2.0559713584420316,3.763474609375003
1429,0.09727,392.22,1.6415339877246868,3.806515380859378
1430,0.09939,392.22,1.4996045671997542,3.8166960449218776
1431,0.10923,392.22,1.3080883889988297,3.778020507812503
1432,0.12541,390.23,0.8467071188713586,3.706667968750003
1433,0.145,390.23,0.16749499709383558,3.6661577148437527
1434,0.15855,390.23,0.0,3.5709208984375027
1435,0.15078,402.31,0.0,3.5492009277343777
1436,0.13729,402.31,0.0,3.559890625000002
1437,0.1286,402.31,0.0,3.579351074218753
1438,0.12357,442.32,0.0,3.6010307617187527
1439,0.11992,442.32,0.0,3.550336181640628
1440,0.12394,442.32,0.0,3.5195854492187526
1441,0.10754,450.3,0.0,3.470487548828128
1442,0.0993199999999999,450.3,0.0,3.451854736328128
1443,0.09301,450.3,0.0,3.4983928222656275
1444,0.09423,472.34,0.0,3.5355302734375025
1445,0.09398,472.34,0.0,3.520306884765628
1446,0.09589,472.34,0.0,3.433822509765628
1447,0.1026,483.3,0.0,3.3735148925781275
1448,0.10311,483.3,0.22710974531187267,3.3733720703125027
1449,0.089,483.3,0.9381157331808063,3.485084716796877
1450,0.0683,356.34,2.4819597939531923,3.6313786621093778
1451,0.049,356.34,4.734794403176742,3.726454345703128
1452,0.0275,356.34,5.887012633328586,3.795001708984378
1453,0.00313,275.31,6.182638318610311,3.839829589843753
1454,0.0028399999999999,275.31,5.441811737542399,3.821083251953128
1455,0.05073,275.31,2.19685127374044,3.7736113281250026
1456,0.08043,284.29,1.0405174084461095,3.703405029296878
1457,0.12655,284.29,0.23912167090774775,3.634008056640628
1458,0.14309,284.29,0.0,3.5780290527343777
1459,0.1461,352.32,0.0,3.5160295410156275
1460,0.13298,352.32,0.0,3.486791259765628
1461,0.12,352.32,0.0,3.469213134765628
1462,0.12079,427.29,0.0,3.4558647460937526
1463,0.11278,427.29,0.0,3.482052490234377
1464,0.10801,427.29,0.0,3.504746582031246
1465,0.10369,470.35,0.0,3.5079472656250026
1466,0.10279,470.35,0.0,3.4982207031250026
1467,0.0997,470.35,0.0,3.4822282714843777
1468,0.10337,524.32,0.0,3.5000187988281275
1469,0.1167,524.32,0.0,3.482708007812503
1470,0.13751,524.32,0.0,3.370402099609377
1471,0.163,563.33,0.06317639109268737,3.495184814453128
1472,0.14752,563.33,0.8147235942635656,3.642441894531246
1473,0.10674,563.33,1.6114181432564425,3.782583496093753
1474,0.07239,411.5,2.7244776091786513,3.9308769531250025
1475,0.0064,411.5,3.93723879190854,4.0
1476,0.00033,411.5,3.118043287133583,4.0
1477,1e-05,287.33,1.8473991132988334,4.0
1478,0.0613999999999999,287.33,1.5526432483284893,4.0
1479,0.0841,287.33,1.4661992252840892,3.9589909667968777
1480,0.10636,254.33,0.7281373389117038,3.867266113281246
1481,0.14879,254.33,0.31011247626677796,3.766722900390628
1482,0.18395,254.33,0.0,3.7479326171875034
1483,0.17593,338.31,0.0,3.730676757812503
1484,0.15049,338.31,0.0,3.6889030761718775
1485,0.12821,338.31,0.0,3.641420166015628
1486,0.12493,423.32,0.0,3.624047119140628
1487,0.12246,423.32,0.0,3.647147705078128
1488,0.121,423.32,0.0,3.642474853515628
1489,0.10944,455.25,0.0,3.5462639160156275
1490,0.10379,455.25,0.0,3.4974040527343777
1491,0.10482,455.25,0.0,3.4691948242187527
1492,0.10028,503.29,0.0,3.435854980468753
1493,0.11151,503.29,0.0,3.3819597167968776
1494,0.14186,503.29,0.0,3.3771916503906274
1495,0.16961,615.15,0.06213048747328209,3.503614990234378
1496,0.14195,615.15,0.6343451513426139,3.696157714843753
1497,0.11098,615.15,1.3877719714063241,3.881537353515628
1498,0.08002,439.48,2.726028609312046,4.0
1499,0.04858,439.48,4.876087105880929,4.0
1500,0.02053,439.48,5.815020520537526,4.0
1501,0.01434,270.11,5.605390813770716,4.0
1502,0.05231,270.11,5.347268185064278,4.0
1503,0.08129,270.11,3.3578529429169994,4.0
1504,0.11115,208.25,1.9084838380587632,4.0
1505,0.14861,208.25,0.2697983495120322,3.921381103515628
1506,0.18092,208.25,0.0,3.795950195312503
1507,0.1636699999999999,272.27,0.0,3.675983154296878
1508,0.13413,272.27,0.0,3.5710270996093776
1509,0.11438,272.27,0.0,3.462954589843753
1510,0.11441,326.27,0.0,3.4002885742187527
1511,0.10681,326.27,0.0,3.364271728515628
1512,0.0900499999999999,326.27,0.0,3.3422954101562525
1513,0.0830699999999999,404.29,0.0,3.320967285156253
1514,0.08301,404.29,0.0,3.311057617187503
1515,0.0797099999999999,404.29,0.0,3.302268554687503
1516,0.08163,437.19,0.0,3.292593261718753
1517,0.09194,437.19,0.0,3.2828154296875027
1518,0.1155699999999999,437.19,0.0,3.2508818359375025
1519,0.14016,528.12,0.007682465018861765,3.2768937988281275
1520,0.08564,528.12,0.38509926122992355,3.3552446289062527
1521,0.04163,528.12,1.0979663250077125,3.424949218750003
1522,2e-05,266.35,1.4220458327529844,3.504680664062503
1523,-7.000000000000001e-05,266.35,1.7459857325574342,3.5733635253906275
1524,-0.00428,266.35,1.8768532637641557,3.639237548828128
1525,-0.0037,170.18,1.8377747086213756,3.7010576171875034
1526,5e-05,170.18,1.93894269994135,3.7185368652343778
1527,0.0485,170.18,1.3542723646432442,3.703232910156253
1528,0.08989,135.49,0.7140793165504917,3.650579101562503
1529,0.13313,135.49,0.24064935424690195,3.558685791015628
1530,0.14623,135.49,0.0,3.475717041015628
1531,0.14589,214.17,0.0,3.4485075683593776
1532,0.123,214.17,0.0,3.4300798339843777
1533,0.10812,214.17,0.0,3.4026689453125027
1534,0.10912,266.33,0.0,3.4278422851562524
1535,0.09698,266.33,0.0,3.427172119140628
1536,0.0839,266.33,0.0,3.4430107421875027
1537,0.08484,272.31,0.0,3.438308593750002
1538,0.087,272.31,0.0,3.402577392578128
1539,0.08812,272.31,0.0,3.379583007812503
1540,0.09456,319.9,0.0,3.3001079101562527
1541,0.09591,319.9,0.0,3.229139892578128
1542,0.13928,319.9,0.0,3.331583740234377
1543,0.1513199999999999,365.59,0.0,3.4141716308593777
1544,0.1085,365.59,0.20286834115186364,3.507522460937502
1545,0.0787,365.59,0.6340427336737381,3.5646953125000027
1546,0.05047,154.32,1.3917368561884063,3.621985351562503
1547,0.0040199999999999,154.32,1.9815584559606214,3.630331298828128
1548,8e-05,154.32,1.8123887350739256,3.6359746093750025
1549,2e-05,79.47,1.7254671278779854,3.6351250000000026
1550,0.01316,79.47,1.5736184703305598,3.6487517089843777
1551,0.071,79.47,1.4941838229691544,3.6354069824218778
1552,0.11652,64.81,1.1240051446915817,3.5851298828125024
1553,0.14895,64.81,0.41493056345509083,3.499930908203128
1554,0.16536,64.81,0.0,3.289388916015628
1555,0.1490999999999999,136.53,0.0,3.167836181640628
1556,0.12564,136.53,0.0,3.0925798339843777
1557,0.1066299999999999,136.53,0.0,3.0075676269531275
1558,0.10147,181.03,0.0,2.971019775390628
1559,0.09111,181.03,0.0,2.9658708496093777
1560,0.0902699999999999,181.03,0.0,2.953910400390628
1561,0.0902699999999999,220.31,0.0,2.874706298828128
1562,0.0913799999999999,220.31,0.0,2.840322753906253
1563,0.09169,220.31,0.0,2.838088867187502
1564,0.099,267.3,0.0,2.866605712890628
1565,0.11517,267.3,0.0,2.827003662109377
1566,0.1356699999999999,267.3,0.0,2.808422119140628
1567,0.1477,341.43,0.15230647784474316,3.152418701171878
1568,0.12223,341.43,1.0012417685687827,3.368223144531246
1569,0.083,341.43,1.815886454982733,3.541191894531246
1570,0.0653,171.88,3.9744273401936683,3.619854003906253
1571,0.03181,171.88,4.073113106090832,3.726223632812503
1572,0.01279,171.88,4.325591735966082,3.767532226562503
1573,0.00808,73.96,2.97549389077963,3.808588134765628
1574,0.03706,73.96,3.2821178048834145,3.8027800292968776
1575,0.09015,73.96,2.1554252024569562,3.757014648437503
1576,0.12699,67.64,1.2964957580189789,3.668274414062503
1577,0.14991,67.64,0.3280140743980918,3.546428710937503
1578,0.21664,67.64,0.0,3.4610466308593777
1579,0.17868,140.82,0.0,3.367285644531246
1580,0.1487,140.82,0.0,3.269701416015628
1581,0.1324,140.82,0.0,3.1690739746093777
1582,0.11911,219.16,0.0,3.059774658203128
1583,0.11183,219.16,0.0,2.991029541015628
1584,0.12497,219.16,0.0,2.905951416015628
1585,0.11394,275.26,0.0,2.8617534179687527
1586,0.11722,275.26,0.0,2.860380126953128
1587,0.11676,275.26,0.0,2.854330322265628
1588,0.11842,333.34,0.0,2.8729008789062527
1589,0.1212999999999999,333.34,0.0,2.8794121093750027
1590,0.12782,333.34,0.0,2.8814921875000024
1591,0.12059,277.18,0.1611085757453007,3.098127929687503
1592,0.09804,277.18,0.9938018137480369,3.1967595214843776
1593,0.07254,277.18,1.7292992944106835,3.3270646972656275
1594,0.01805,145.08,3.570480383473842,3.4343388671875026
1595,0.00207,145.08,5.139777718701703,3.5062443847656275
1596,-0.00034,145.08,4.82166045368908,3.535588867187503
1597,-0.0001,73.71,3.5047842018159407,3.5552983398437528
1598,7.000000000000001e-05,73.71,2.5279802464233447,3.5519365234375027
1599,0.0562,73.71,1.7811692074950394,3.502992431640628
1600,0.10086,75.41,0.8687986070142001,3.422671386718753
1601,0.14558,75.41,0.775807173405895,3.369457275390628
1602,0.17405,75.41,0.0,3.3729436035156275
1603,0.14003,135.94,0.0,3.322179443359378
1604,0.1112099999999999,135.94,0.0,3.2704558105468777
1605,0.1,135.94,0.0,3.182814208984378
1606,0.09924,198.83,0.0,3.1154020996093776
1607,0.09794,198.83,0.0,3.0568486328125024
1608,0.09519,198.83,0.0,2.9980644531250027
1609,0.09481,236.23,0.0,2.960037109375002
1610,0.09444,236.23,0.0,2.9426933593750024
1611,0.09651,236.23,0.0,2.8998942871093774
1612,0.09867,255.36,0.0,2.8485661621093774
1613,0.10151,255.36,0.0,2.8145085449218774
1614,0.1,255.36,0.0,2.787241210937501
1615,0.09301,235.13,0.2354342072053751,2.9328862304687524
1616,0.0654,235.13,1.4510732340896304,3.1262089843750025
1617,0.02927,235.13,3.271307134613091,3.3162797851562527
1618,0.0101,131.66,4.94734459895153,3.4794194335937525
1619,3e-05,131.66,6.14250962348128,3.615551025390628
1620,-0.00226,131.66,6.7344507041568145,3.703529541015628
1621,-0.00204,75.88,6.701152008745342,3.742424804687503
1622,8.999999999999999e-05,75.88,6.0744465065603945,3.7309440917968777
1623,0.01739,75.88,4.9274663323253,3.662631103515628
1624,0.09056,83.71,3.4091010214821957,3.523060791015628
1625,0.12574,83.71,2.0020409950682696,3.3842595214843776
1626,0.13537,83.71,0.0,3.363605224609377
1627,0.1367,151.06,0.0,3.318700439453128
1628,0.1301999999999999,151.06,0.0,3.279742919921877
1629,0.1227,151.06,0.0,3.243400146484378
1630,0.1128,196.62,0.0,3.234629394531246
1631,0.10683,196.62,0.0,3.2351274414062527
1632,0.09683,196.62,0.0,3.198491699218753
1633,0.09492,280.84,0.0,3.1821989746093777
1634,0.0967,280.84,0.0,3.1507048339843777
1635,0.09687,280.84,0.0,3.1250517578125026
1636,0.09465,371.81,0.0,3.1058732910156275
1637,0.10637,371.81,0.0,3.076887695312503
1638,0.14849,371.81,0.0,3.109242431640628
1639,0.15975,427.15,0.25142570470722897,3.3033818359375027
1640,0.13396,427.15,1.2722043526359392,3.549768554687503
1641,0.09888,427.15,3.0457215293833126,3.760845214843753
1642,0.08438,219.08,4.672044794973796,3.932220947265628
1643,0.0778799999999999,219.08,5.856099231033477,4.0
1644,0.0760199999999999,219.08,5.82460574361417,4.0
1645,0.07732,101.56,5.782015810986197,4.0
1646,0.08391,101.56,5.064223169942332,4.0
1647,0.09747,101.56,4.142797120853839,4.0
1648,0.12747,82.78,2.3770493763292126,3.9355644531250022
1649,0.14797,82.78,1.2807343753352904,3.831816894531246
1650,0.17492,82.78,0.0,3.7767094726562527
1651,0.16024,151.47,0.0,3.707202636718753
1652,0.14214,151.47,0.0,3.673676025390628
1653,0.12659,151.47,0.0,3.6418669433593776
1654,0.1068799999999999,221.17,0.0,3.604037353515628
1655,0.09797,221.17,0.0,3.5735319824218776
1656,0.10439,221.17,0.0,3.5735759277343777
1657,0.1018,271.38,0.0,3.546146728515628
1658,0.09973,271.38,0.0,3.500560791015628
1659,0.1005,271.38,0.0,3.466356689453128
1660,0.10253,326.93,0.0,3.4357341308593776
1661,0.11086,326.93,0.0,3.388566162109377
1662,0.14804,326.93,0.0,3.499769775390628
1663,0.1529799999999999,458.13,0.10395859282009544,3.5605424804687527
1664,0.14649,458.13,0.6189178307764126,3.6715556640625024
1665,0.12853,458.13,1.4006640641391854,3.856071044921878
1666,0.102,479.14,3.0766278581880195,4.0
1667,0.09748,479.14,4.442441653446351,4.0
1668,0.09644,479.14,4.723288756161327,4.0
1669,0.09838,410.16,5.637103867044317,4.0
1670,0.10235,410.16,5.030318484059016,4.0
1671,0.11284,410.16,3.7410142955091175,4.0
1672,0.13286,331.15,1.6168876558962348,4.0
1673,0.17195,331.15,0.567835836544756,3.881877929687503
1674,0.20502,331.15,0.0,3.736063720703128
1675,0.18095,311.28,0.0,3.6467265625000023
1676,0.14943,311.28,0.0,3.5761137695312457
1677,0.133,311.28,0.0,3.526880371093753
1678,0.12125,342.32,0.0,3.5155241699218776
1679,0.10734,342.32,0.0,3.5088774414062525
1680,0.10173,342.32,0.0,3.4975322265625026
1681,0.10009,406.25,0.0,3.4919584960937526
1682,0.09779,406.25,0.0,3.4838652343750027
1683,0.09738,406.25,0.0,3.4730180664062527
1684,0.1018,460.74,0.0,3.458212158203128
1685,0.11031,460.74,0.0,3.4341337890625026
1686,0.14454,460.74,0.0,3.4028593750000025
1687,0.1616399999999999,540.15,0.0,3.405089599609377
1688,0.14841,540.15,0.10913703345196431,3.431508056640628
1689,0.125,540.15,0.40295523051079185,3.4355839843750027
1690,0.10262,432.14,0.47246103029417963,3.4753691406250025
1691,0.09969,432.14,0.5734167429972663,3.513605224609378
1692,0.0980699999999999,432.14,0.7217111146710189,3.504460937500003
1693,0.09991,385.15,0.6699890853246842,3.5297917480468777
1694,0.10165,385.15,0.7217801195155866,3.536215087890628
1695,0.11774,385.15,0.6456889043274635,3.548545410156253
1696,0.1421,307.21,0.754255350678988,3.517831298828128
1697,0.15703,307.21,0.29676378257959923,3.481700927734378
1698,0.19975,307.21,0.0,3.4865605468750025
1699,0.17949,335.29,0.0,3.457054931640628
1700,0.14805,335.29,0.0,3.4594243164062526
1701,0.1321999999999999,335.29,0.0,3.4535612792968777
1702,0.12,354.3,0.0,3.437228271484378
1703,0.10991,354.3,0.0,3.4104399414062527
1704,0.1085199999999999,354.3,0.0,3.3831938476562526
1705,0.10225,393.25,0.0,3.3496086425781275
1706,0.09898,393.25,0.0,3.3345244140625026
1707,0.0967099999999999,393.25,0.0,3.3198063964843776
1708,0.0983499999999999,434.67,0.0,3.3154851074218774
1709,0.10588,434.67,0.0,3.3063994140625024
1710,0.13299,434.67,0.0,3.3135112304687526
1711,0.15987,605.1,0.06116293066991304,3.347660400390628
1712,0.15803,605.1,0.4108803540840073,3.3967802734375026
1713,0.1481299999999999,605.1,1.0463856404248975,3.4924821777343777
1714,0.1237699999999999,521.08,1.5631878141580189,3.6106328125000022
1715,0.1107,521.08,2.181909011845624,3.723158447265628
1716,0.11001,521.08,2.9413438232965174,3.713420898437503
1717,0.10822,429.13,1.5860206318438743,3.732031738281246
1718,0.10754,429.13,1.2624933470715611,3.740110351562503
1719,0.1099899999999999,429.13,1.1490654937381706,3.7198552246093777
1720,0.12147,344.95,0.8578656654634624,3.643441650390628
1721,0.14265,344.95,0.18505924972127086,3.550753662109378
1722,0.16605,344.95,0.0,3.4848613281250027
1723,0.1734699999999999,367.33,0.0,3.4774125976562527
1724,0.149,367.33,0.0,3.481437255859378
1725,0.13569,367.33,0.0,3.491643554687503
1726,0.12348,418.29,0.0,3.507943603515628
1727,0.11163,418.29,0.0,3.530721923828128
1728,0.10909,418.29,0.0,3.5662187500000027
1729,0.106,431.29,0.0,3.612269775390628
1730,0.1059,431.29,0.0,3.6506889648437526
1731,0.1038299999999999,431.29,0.0,3.6732438964843777
1732,0.1052999999999999,451.11,0.0,3.678491699218753
1733,0.11399,451.11,0.0,3.6744157714843775
1734,0.14302,451.11,0.0,3.689144775390628
1735,0.15511,575.11,0.0,3.694813720703128
1736,0.155,575.11,0.05080663314091021,3.709791748046878
1737,0.13209,575.11,0.1878993173949646,3.737660400390628
1738,0.112,504.11,0.3126409521470545,3.8160808105468775
1739,0.10635,504.11,0.6218698297336995,3.927357666015628
1740,0.1045,504.11,1.1771496356811644,3.9948356933593776
1741,0.10459,454.11,1.1586954682140367,4.0
1742,0.10538,454.11,0.9029396894247331,4.0
1743,0.10939,454.11,0.807529380018035,4.0
1744,0.12484,360.23,0.6800226579665081,3.9685124511718777
1745,0.14644,360.23,0.21680677478374416,3.906252929687503
1746,0.15533,360.23,0.0,3.854719726562503
1747,0.15091,367.31,0.0,3.812587158203128
1748,0.13001,367.31,0.0,3.767275878906253
1749,0.11139,367.31,0.0,3.7364958496093776
1750,0.114,395.28,0.0,3.681772949218753
1751,0.10517,395.28,0.0,3.6356816406250023
1752,0.11215,395.28,0.0,3.6056999511718777
1753,0.10314,424.37,0.0,3.5705693359375026
1754,0.096,424.37,0.0,3.548164550781246
1755,0.0899,424.37,0.0,3.497748291015628
1756,0.0869,456.32,0.0,3.4515874023437525
1757,0.0905499999999999,456.32,0.0,3.4138750000000027
1758,0.09701,456.32,0.0,3.484418212890628
1759,0.09942,467.26,0.34054831714802164,3.708557617187503
1760,0.09877,467.26,1.2761326832905275,3.949652587890628
1761,0.0864,467.26,2.584199565666488,4.0
1762,0.07239,335.22,3.5040256618368506,4.0
1763,0.06716,335.22,4.394069421301552,4.0
1764,0.05732,335.22,4.345395807214638,4.0
1765,0.048,283.98,4.4018080015115375,4.0
1766,0.0545099999999999,283.98,3.5855344225751002,4.0
1767,0.0708,283.98,3.118307894569745,4.0
1768,0.08424,318.22,2.0782082643771225,4.0
1769,0.1219099999999999,318.22,1.0293787274325052,4.0
1770,0.1303,318.22,0.018512208601663496,4.0
1771,0.13296,370.29,0.0,4.0
1772,0.12146,370.29,0.0,3.984757568359378
1773,0.1085,370.29,0.0,3.952776367187503
1774,0.10502,376.29,0.0,3.921289550781246
1775,0.09525,376.29,0.0,3.884379150390628
1776,0.09001,376.29,0.0,3.8596342773437526
1777,0.08579,381.3,0.0,3.8372294921875034
1778,0.07962,381.3,0.0,3.8202519531250023
1779,0.07818,381.3,0.0,3.8028496093750026
1780,0.0785999999999999,456.32,0.0,3.8145244140625034
1781,0.08051,456.32,0.0,3.8286088867187527
1782,0.08514,456.32,0.0,3.902601806640628
1783,0.0820699999999999,427.31,0.19097720497200937,3.962883789062503
1784,0.07795,427.31,0.7929560254802084,4.0
1785,0.0569,427.31,1.686088088762491,4.0
1786,0.02409,311.98,1.951412508336416,4.0
1787,0.0029,311.98,0.0,4.0
1788,0.00101,311.98,2.967520978443948,4.0
1789,0.00019,250.64,3.7383330269663384,4.0
1790,0.0025299999999999,250.64,2.952716421028956,4.0
1791,0.031,250.64,2.7418576909184877,4.0
1792,0.0711099999999999,270.85,1.3636757556679586,4.0
1793,0.11681,270.85,0.49457254386365856,3.992773925781246
1794,0.13084,270.85,0.0,3.892230712890628
1795,0.14,348.32,0.0,3.846216308593753
1796,0.12528,348.32,0.0,3.835013916015628
1797,0.10773,348.32,0.0,3.791031982421878
1798,0.1008,420.31,0.0,3.7647783203125034
1799,0.0797099999999999,420.31,0.0,3.7558574218750023
1800,0.0780999999999999,420.31,0.0,3.7297136230468775
1801,0.07901,420.29,0.0,3.7249528808593775
1802,0.07879,420.29,0.0,3.682644531250003
1803,0.08091,420.29,0.0,3.678627197265628
1804,0.08585,414.63,0.0,3.683058349609378
1805,0.1033,414.63,0.0,3.6842045898437528
1806,0.13518,414.63,0.0,3.623285400390628
1807,0.15287,517.09,0.0,3.545890380859378
1808,0.13524,517.09,0.14433134473268827,3.537833740234378
1809,0.10073,517.09,0.6331407829301954,3.562347900390628
1810,0.0682099999999999,442.11,0.9705637661458175,3.6000712890625026
1811,0.05056,442.11,1.5098741116135295,3.604670898437503
1812,0.03117,442.11,1.3182485067458078,3.627394287109378
1813,0.02795,350.12,1.440623416702741,3.6401677246093778
1814,0.05014,350.12,1.3613009306501525,3.6297819824218776
1815,0.07001,350.12,0.9539094328611891,3.622025634765628
1816,0.09855,272.53,0.6685050047479286,3.582928955078128
1817,0.14305,272.53,0.5485029054106861,3.4952653808593777
1818,0.17733,272.53,0.018553337203003246,3.386405517578128
1819,0.17,340.27,0.0,3.2409685058593776
1820,0.1415,340.27,0.0,3.0889946289062524
1821,0.11885,340.27,0.0,3.0101787109375024
1822,0.10786,388.28,0.0,2.9770439453125026
1823,0.0935,388.28,0.0,2.9449602050781274
1824,0.0922,388.28,0.0,2.921775390625003
1825,0.08999,427.26,0.0,2.8862602539062525
1826,0.09237,427.26,0.0,2.8839421386718778
1827,0.0892,427.26,0.0,2.8856669921875024
1828,0.09525,493.81,0.0,2.871553222656253
1829,0.1107399999999999,493.81,0.0,2.8839750976562524
1830,0.1389,493.81,0.0,3.0883867187500025
1831,0.13668,594.12,0.46066022155643865,3.446361572265628
1832,0.1065199999999999,594.12,1.5825999146462577,3.7194121093750026
1833,0.07153,594.12,0.0,3.9069414062500023
1834,0.02527,449.07,3.3758236562093127,4.0
1835,0.00068,449.07,3.1736103735639225,4.0
1836,-0.00146,449.07,3.1911781668879637,4.0
1837,-0.0003,318.02,2.43401610033901,4.0
1838,0.0057199999999999,318.02,2.0977808002283025,4.0
1839,0.05028,318.02,1.8481375958202102,4.0
1840,0.09594,253.62,1.2985417375039723,4.0
1841,0.1409,253.62,0.4057451975164184,3.925208007812503
1842,0.17091,253.62,0.0,3.828997070312503
1843,0.16746,289.22,0.0,3.789944335937503
1844,0.14239,289.22,0.0,3.7898344726562527
1845,0.12304,289.22,0.0,3.7846855468750022
1846,0.11597,357.31,0.0,3.7810563964843777
1847,0.10329,357.31,0.0,3.759548828125003
1848,0.10729,357.31,0.0,3.730629150390628
1849,0.1024,367.26,0.0,3.7208842773437527
1850,0.10119,367.26,0.0,3.686057617187503
1851,0.102,367.26,0.0,3.6617302246093777
1852,0.10659,416.64,0.0,3.622571289062503
1853,0.1225199999999999,416.64,0.0,3.5715874023437526
1854,0.15805,416.64,0.0,3.652952148437503
1855,0.14774,478.11,0.3442400647458181,3.8354570312500025
1856,0.10823,478.11,0.9314230118047202,3.941361572265628
1857,0.0795,478.11,1.5369799470599363,4.0
1858,0.02652,241.07,2.4193993175600674,4.0
1859,-4e-05,241.07,3.650886676786156,4.0
1860,-0.00056,241.07,3.870720443141583,4.0
1861,-0.00025,133.7,3.6847562376317033,4.0
1862,0.00099,133.7,2.707431358488188,4.0
1863,0.06673,133.7,2.0796067843385075,4.0
1864,0.1098499999999999,99.51,1.9498294695969707,4.0
1865,0.14756,99.51,1.0964777423047962,3.9377946777343777
1866,0.24818,99.51,0.05082610116758908,3.822903320312503
1867,0.2203,161.47,0.0,3.677198974609378
1868,0.17668,161.47,0.0,3.5254484863281275
1869,0.13824,161.47,0.0,3.443138916015628
1870,0.12445,205.12,0.0,3.4305412597656275
1871,0.11114,205.12,0.0,3.3797990722656275
1872,0.11717,205.12,0.0,3.370314208984378
1873,0.10286,239.17,0.0,3.375499755859378
1874,0.09956,239.17,0.0,3.3720720214843776
1875,0.10008,239.17,0.0,3.394740478515628
1876,0.10283,340.17,0.0,3.4219316406250027
1877,0.1197,340.17,0.0,3.443490478515628
1878,0.14484,340.17,0.0,3.475577880859378
1879,0.14121,418.1,0.2546505304703034,3.781418945312503
1880,0.09987,418.1,0.9580999078236513,3.9452360839843776
1881,0.07945,418.1,1.3713610836837835,4.0
1882,0.0375099999999999,174.79,2.341579109348745,4.0
1883,0.00342,174.79,3.457462833024536,4.0
1884,0.00043,174.79,2.879865599914669,4.0
1885,0.00065,95.08,2.691875476466882,4.0
1886,0.0166,95.08,2.1815840455139104,4.0
1887,0.07942,95.08,2.19754781946027,4.0
1888,0.12076,72.82,1.6920962632089784,4.0
1889,0.15514,72.82,0.6788318183045952,4.0
1890,0.28007,72.82,0.03932792481617378,4.0
1891,0.25385,129.62,0.0,3.839895507812503
1892,0.164,129.62,0.0,3.7158378906250022
1893,0.13682,129.62,0.0,3.6222124023437527
1894,0.12503,184.97,0.0,3.603224365234378
1895,0.11791,184.97,0.0,3.5871586914062528
1896,0.12507,184.97,0.0,3.484249755859377
1897,0.11641,253.24,0.0,3.4530485839843776
1898,0.1127399999999999,253.24,0.0,3.4345183105468777
1899,0.10581,253.24,0.0,3.421034423828128
1900,0.1090999999999999,250.98,0.0,3.4251066894531275
1901,0.12749,250.98,0.0,3.390228759765628
1902,0.156,250.98,0.0,3.506786376953128
1903,0.14827,249.63,0.45020705993885807,3.873828613281246
1904,0.11073,249.63,1.4040368976962783,4.0
1905,0.07331,249.63,2.342478163516578,4.0
1906,0.04325,92.6,3.5313163260958715,4.0
1907,0.00735,92.6,4.895991857816972,4.0
1908,0.00081,92.6,5.429320837021607,4.0
1909,0.0,30.49,4.811482367062724,4.0
1910,0.00249,30.49,3.7421178642591904,4.0
1911,0.01236,30.49,3.681711186744594,4.0
1912,0.04622,35.12,2.6641462936506626,4.0
1913,0.10024,35.12,1.0687438510900753,4.0
1914,0.12065,35.12,0.06601549425644616,4.0
1915,0.0835,57.3,0.0,4.0
1916,0.07,57.3,0.0,3.8779448242187526
1917,0.0471899999999999,57.3,0.0,3.7524370117187527
1918,0.0271299999999999,68.59,0.0,3.6306169433593776
1919,0.0184499999999999,68.59,0.0,3.571671630859377
1920,0.02693,68.59,0.0,3.5366508789062525
1921,0.01257,81.1,0.0,3.555404541015628
1922,0.00907,81.1,0.0,3.606761962890628
1923,0.00688,81.1,0.0,3.652776367187503
1924,0.0101199999999999,111.2,0.0,3.671910888671878
1925,0.01295,111.2,0.0,3.6222124023437527
1926,0.0130099999999999,111.2,0.0,3.6210954589843776
1927,0.01304,118.66,0.40516035723732413,3.635179931640628
1928,0.00311,118.66,0.723131856002169,3.684603759765628
1929,0.0,118.66,1.303490522484267,3.722708007812503
1930,-0.00186,73.28,1.5828043033216241,3.7817888183593777
1931,-0.00631,73.28,2.1428705075554926,3.857982666015628
1932,-0.0151799999999999,73.28,2.6847784630478913,3.8844011230468776
1933,-0.01504,59.84,2.3283312398376013,3.928401367187503
1934,-0.00679,59.84,2.711621298585633,3.930902587890628
1935,-0.00151,59.84,1.9068591530498487,3.924779541015628
1936,0.00101,77.32,1.2793640151205592,3.8903044433593776
1937,0.03499,77.32,0.6098932359359228,3.795928222656253
1938,0.06003,77.32,0.08128651791375789,3.7088103027343777
1939,0.05095,114.08,0.0,3.669021484375002
1940,0.04215,114.08,0.0,3.6517070312500026
1941,0.03612,114.08,0.0,3.5960173339843777
1942,0.03714,144.18,0.0,3.605740234375003
1943,0.03569,144.18,0.0,3.5972185058593777
1944,0.0136899999999999,144.18,0.0,3.624702636718753
1945,0.01901,165.94,0.0,3.679956542968753
1946,0.0236499999999999,165.94,0.0,3.691342041015628
1947,0.0234899999999999,165.94,0.0,3.731112548828128
1948,0.02482,178.2,0.0,3.7126481933593776
1949,0.02501,178.2,0.0,3.7267363281250026
1950,0.02484,178.2,0.0,3.926731445312503
1951,0.02426,162.62,0.47082320521218834,3.985607177734378
1952,0.01899,162.62,0.6165596688996643,4.0
1953,0.02309,162.62,2.056401169227004,4.0
1954,0.0137799999999999,134.36,2.322272062089897,4.0
1955,0.0096,134.36,3.0664548526936946,4.0
1956,0.01349,134.36,3.6090431494191395,4.0
1957,0.00501,96.05,3.3938524402375143,4.0
1958,0.01146,96.05,3.7465050794501114,4.0
1959,0.0425,96.05,3.007613412060545,4.0
1960,0.08442,95.45,1.2355766138054776,4.0
1961,0.12423,95.45,0.5207423007968729,3.901722900390628
1962,0.14,95.45,0.051640317806517615,3.750199462890628
1963,0.14251,136.67,0.0,3.685922119140628
1964,0.14058,136.67,0.0,3.6255595703125034
1965,0.13,136.67,0.0,3.5579423828125027
1966,0.12647,159.87,0.0,3.466730224609378
1967,0.11424,159.87,0.0,3.3406547851562527
1968,0.11045,159.87,0.0,3.2298649902343777
1969,0.10729,200.85,0.0,3.153451416015628
1970,0.10191,200.85,0.0,3.115958740234378
1971,0.09894,200.85,0.0,3.096274902343753
1972,0.10199,254.08,0.0,3.093832275390628
1973,0.11982,254.08,0.0,3.0867351074218776
1974,0.1415,254.08,0.0,3.1901201171875027
1975,0.16428,262.35,0.739702917738101,3.307787353515628
1976,0.16186,262.35,2.236205704605332,3.4224736328125025
1977,0.13538,262.35,3.539878963573316,3.4403923339843776
1978,0.11116,142.05,3.150050879875938,3.496854736328128
1979,0.10736,142.05,3.7068641553677204,3.5635673828125025
1980,0.10075,142.05,4.576740388510752,3.573330566406253
1981,0.10087,80.2,4.158849697445609,3.4661259765625028
1982,0.10657,80.2,4.269001334686413,3.458164550781246
1983,0.11585,80.2,3.214473788978487,3.343207275390628
1984,0.1309499999999999,107.02,2.1325668443075805,3.196840087890628
1985,0.15415,107.02,0.7466309647515977,3.1278459472656275
1986,0.21199,107.02,0.11574781613334235,3.0819047851562527
1987,0.193,137.76,0.0,3.0628837890625027
1988,0.16184,137.76,0.0,3.057518798828128
1989,0.13855,137.76,0.0,3.0220439453125025
1990,0.12558,206.06,0.0,3.043815185546878
1991,0.11516,206.06,0.0,3.0342570800781274
1992,0.10207,206.06,0.0,3.015199462890628
1993,0.10176,252.32,0.0,3.0072856445312457
1994,0.1002,252.32,0.0,2.9838591308593774
1995,0.10267,252.32,0.0,2.9744951171875025
1996,0.10196,308.12,0.0,2.9616374511718777
1997,0.10739,308.12,0.0,2.9714299316406274
1998,0.13605,308.12,0.0,3.0358830566406274
1999,0.14213,429.15,0.517935167554732,3.1277067871093776
2000,0.13336,429.15,1.3237245956839823,3.229000732421877
2001,0.1064099999999999,429.15,1.6300940480303838,3.332631103515628
2002,0.09203,338.1,2.1587133384961685,3.4608452148437525
2003,0.0788,338.1,3.071621022596006,3.5743193359375027
2004,0.06845,338.1,3.7462326770238503,3.617953369140628
2005,0.06923,204.08,3.7229985991237835,3.5529143066406275
2006,0.0817,204.08,4.334732137985436,3.5174833984375025
2007,0.09552,204.08,3.065014365915923,3.428358642578128
2008,0.10884,133.3,1.8730196373394095,3.374401123046878
2009,0.13881,133.3,1.1458273117635525,3.2953837890625026
2010,0.1611399999999999,133.3,0.1432501083015361,3.1900578613281274
2011,0.16636,166.15,0.0,3.179507324218753
2012,0.1485999999999999,166.15,0.0,3.1503642578125026
2013,0.12236,166.15,0.0,3.092872802734377
2014,0.11483,226.22,0.0,3.0559660644531275
2015,0.10205,226.22,0.0,3.0161845703125025
2016,0.10102,226.22,0.0,2.9772636718750025
2017,0.0979599999999999,255.29,0.0,2.945084716796877
2018,0.09736,255.29,0.0,2.9023808593750027
2019,0.09739,255.29,0.0,2.8842790527343776
2020,0.09572,275.55,0.0,2.8120622558593777
2021,0.09885,275.55,0.0,2.7950577799479177
2022,0.1287599999999999,275.55,0.021127706733454658,2.9605461425781274
2023,0.14195,391.15,0.6598250492778914,3.2117741699218776
2024,0.13709,391.15,2.019326832056153,3.396879150390628
2025,0.11186,391.15,3.604094311992795,3.5388261718750025
2026,0.1,341.11,4.474055909796826,3.672782470703128
2027,0.09639,341.11,5.0997704780432676,3.777712890625003
2028,0.09481,341.11,5.14183567824372,3.862336914062503
2029,0.0845,305.51,5.197735077325567,3.888770019531246
2030,0.09079,305.51,3.916995637735716,3.891271240234378
2031,0.09436,305.51,3.088256880806231,3.874861328125003
2032,0.10145,212.68,2.8275116854722335,3.750833007812503
2033,0.13516,212.68,1.609773549435115,3.532260009765628
2034,0.162,212.68,0.20043963228207493,3.4476616210937525
2035,0.16954,225.1,0.0,3.396282226562503
2036,0.15327,225.1,0.0,3.340511962890628
2037,0.1294,225.1,0.0,3.269727050781246
2038,0.12027,258.78,0.0,3.2061748046875027
2039,0.1089099999999999,258.78,0.0,3.175548583984378
2040,0.10493,258.78,0.0,3.1481560058593776
2041,0.09898,288.31,0.0,3.1376970214843776
2042,0.0978,288.31,0.0,3.1431755371093777
2043,0.09885,288.31,0.0,3.1475261230468776
2044,0.0970699999999999,368.69,0.0,3.150726806640628
2045,0.1049,368.69,0.0,3.199454833984378
2046,0.12983,368.69,0.014341990187832733,3.288802978515628
2047,0.14,418.11,0.665707117499303,3.518080322265628
2048,0.1235,418.11,1.7463557042597055,3.663363525390628
2049,0.08992,418.11,1.6501340058910479,3.735895263671878
2050,0.07761,287.84,1.5516432336874397,3.859407226562503
2051,0.04548,287.84,2.255262643276773,4.0
2052,0.02481,287.84,4.239726215281899,4.0
2053,0.00667,165.97,3.946300179472421,4.0
2054,0.03034,165.97,2.596546156113461,4.0
2055,0.07493,165.97,1.4667949938527511,4.0
2056,0.0937399999999999,122.98,1.2934596407407153,4.0
2057,0.12725,122.98,1.0943356974620593,4.0
2058,0.1579,122.98,0.1927848518288132,3.947437011718753
2059,0.1707,185.71,0.0,3.8458903808593776
2060,0.14161,185.71,0.0,3.7577214355468778
2061,0.12442,185.71,0.0,3.691642333984378
2062,0.1130999999999999,237.01,0.0,3.602374755859377
2063,0.10091,237.01,0.0,3.5438212890625027
2064,0.09,237.01,0.0,3.534028808593753
2065,0.0793799999999999,302.31,0.0,3.5367497558593777
2066,0.0790199999999999,302.31,0.0,3.4976237792968776
2067,0.0793799999999999,302.31,0.0,3.4569157714843777
2068,0.07984,332.51,0.0,3.4236931152343777
2069,0.10351,332.51,0.0,3.4431865234375025
2070,0.12852,332.51,0.0,3.5713603515625025
2071,0.1222,367.1,0.27903436025703465,3.630679199218753
2072,0.10208,367.1,0.6081348149719112,3.669340087890628
2073,0.07557,367.1,1.3746899035396334,3.619806396484378
2074,0.02577,159.53,1.143831784905352,3.5733195800781274
2075,0.0016799999999999,159.53,1.0564198779868101,3.571459228515628
2076,-1e-05,159.53,1.4344140407155113,3.596145507812502
2077,-3e-05,99.05,1.7420020640684177,3.696146728515628
2078,0.01448,99.05,1.995508869562702,3.745288574218753
2079,0.0701,99.05,1.2131925735552886,3.754491455078128
2080,0.1041899999999999,140.01,0.8385183245561044,3.735950195312503
2081,0.132,140.01,0.8383965255828624,3.594871093750003
2082,0.16599,140.01,0.16965294434106554,3.5259135742187526
2083,0.1659,192.09,0.0,3.423041259765628
2084,0.14803,192.09,0.0,3.3465764160156275
2085,0.12456,192.09,0.0,3.310640136718753
2086,0.11794,217.79,0.0,3.2797319335937525
2087,0.11012,217.79,0.0,3.2647905273437527
2088,0.11362,217.79,0.0,3.2455095214843777
2089,0.10391,250.2,0.0,3.227631103515628
2090,0.09654,250.2,0.0,3.2001433105468777
2091,0.09622,250.2,0.0,3.1754130859375027
2092,0.0965,266.29,0.0,3.164708740234378
2093,0.0927399999999999,266.29,0.0,3.211730224609377
2094,0.09673,266.29,0.07022819409616762,3.3794841308593777
2095,0.09844,247.18,0.5415010215262274,3.457695800781246
2096,0.09186,247.18,0.5845697356671615,3.533157226562502
2097,0.07614,247.18,0.9106030460842087,3.5238811035156274
2098,0.06567,174.53,1.639438009513184,3.4462846679687527
2099,0.06534,174.53,1.086491914662871,3.560070068359378
2100,0.06533,174.53,2.3415982218600586,3.7750322265625034
2101,0.00206,138.68,5.145902258453182,3.9108562011718777
2102,0.00394,138.68,6.102075988041672,3.900239746093753
2103,0.02527,138.68,4.196624723677858,3.854283935546878
2104,0.06626,147.27,2.0832764186501733,3.779467041015628
2105,0.1001,147.27,1.0331183993457618,3.665941650390628
2106,0.1469099999999999,147.27,0.24590172405416189,3.6107243652343777
2107,0.15222,213.89,0.0,3.5777763671875027
2108,0.12107,213.89,0.0,3.5666875000000027
2109,0.10042,213.89,0.0,3.5527019042968777
2110,0.08275,272.29,0.0,3.5451726074218777
2111,0.06827,272.29,0.0,3.569968750000003
2112,0.04631,272.29,0.0,3.586100341796877
2113,0.01589,283.26,0.0,3.604059326171878
2114,0.0050999999999999,283.26,0.0,3.552269775390628
2115,0.0012,283.26,0.0,3.4612553710937526
2116,8.999999999999999e-05,283.26,0.0,3.3487114257812456
2117,3e-05,269.25,0.0,3.360356933593753
2118,0.0,269.25,0.0,3.633451416015628
2119,-1e-05,269.25,0.15917538184964622,3.770374023437503
2120,-4e-05,280.32,0.522235226950548,3.8383208007812457
2121,-0.00347,280.32,0.7714749422094878,4.0
2122,-0.01134,280.32,2.4681779050556427,4.0
2123,-0.0185,204.31,1.602835291469667,4.0
2124,-0.02576,204.31,1.8866222663582135,4.0
2125,-0.02607,204.31,2.28433816816732,4.0
2126,-0.01296,141.77,2.7911795843348535,4.0
2127,-0.00401,141.77,2.543185861768783,4.0
2128,-1e-05,141.77,2.1132237215487844,4.0
2129,0.01441,164.7,0.5035373961805708,3.878230468750002
2130,0.0608299999999999,164.7,0.0580379336724578,3.833083984375002
2131,0.05886,164.7,0.0,3.7719414062500025
2132,0.05001,206.93,0.0,3.731698486328128
2133,0.06171,206.93,0.0,3.690961181640628
2134,0.05644,206.93,0.0,3.626943847656253
2135,0.0655699999999999,223.92,0.0,3.6283208007812457
2136,0.06325,223.92,0.0,3.531161376953128
2137,0.06441,223.92,0.0,3.5211748046875027
2138,0.06722,256.3,0.0,3.478145019531246
2139,0.06897,256.3,0.0,3.454875976562503
2140,0.088,256.3,0.0,3.447504150390628
2141,0.1092699999999999,346.53,0.0,3.513656494140628
2142,0.14354,346.53,0.04509787056447169,3.879120361328128
2143,0.17423,346.53,0.7551187142704859,4.0
2144,0.1331699999999999,408.11,1.6806278719344734,4.0
2145,0.1102699999999999,408.11,2.3174310095335335,4.0
2146,0.09904,408.11,4.548437655752801,4.0
2147,0.08354,327.89,4.208053626970382,4.0
2148,0.0741,327.89,2.6250071753061235,4.0
2149,0.0735799999999999,327.89,2.6528778145074736,4.0
2150,0.06955,202.87,2.827228593925196,4.0
2151,0.0762399999999999,202.87,1.285636857320917,4.0
2152,0.10083,202.87,0.8639914975159811,4.0
2153,0.13157,159.3,0.5882024646399663,3.892908203125003
2154,0.18396,159.3,0.14222439191854827,3.6599467773437526
2155,0.17273,159.3,0.0,3.6166386718750023
2156,0.13503,219.88,0.0,3.6214470214843777
2157,0.11525,219.88,0.0,3.5301689453125027
2158,0.10234,219.88,0.0,3.4015776367187525
2159,0.10156,265.33,0.0,3.2465642089843776
2160,0.09502,265.33,0.0,3.1704948730468776
2161,0.0929099999999999,265.33,0.0,3.1840922851562525
2162,0.0935,339.33,0.0,3.2343547363281275
2163,0.09143,339.33,0.0,3.315470458984377
2164,0.10071,339.33,0.0,3.3719365234375025
2165,0.12946,450.13,0.0,3.4140068359375024
2166,0.17996,450.13,0.07325102479103444,3.667318603515628
2167,0.15937,450.13,0.9932681621605725,3.9424199218750022
2168,0.10847,433.09,2.434584245993121,4.0
2169,0.08617,433.09,3.4990286110059867,4.0
2170,0.07026,433.09,4.469024531478643,4.0
2171,0.0531499999999999,241.37,5.476816318160885,4.0
2172,0.01157,241.37,5.010574563365126,4.0
2173,0.01089,241.37,2.7280264402808743,4.0
2174,0.0266999999999999,171.82,1.700316465958344,4.0
2175,0.06523,171.82,0.9592954504594918,4.0
2176,0.0828,171.82,0.954514762998704,4.0
2177,0.12239,136.06,0.47237864988579004,4.0
2178,0.15572,136.06,0.19510860857912052,3.995403320312503
2179,0.138,136.06,0.0,3.946309082031246
2180,0.1109,189.84,0.0,3.8793767089843776
2181,0.09564,189.84,0.0,3.781448242187503
2182,0.07945,189.84,0.0,3.6979265136718777
2183,0.06806,258.23,0.0,3.643687011718753
2184,0.06693,258.23,0.0,3.6010161132812457
2185,0.0668,258.23,0.0,3.586385986328128
2186,0.06797,284.35,0.0,3.546908447265628
2187,0.0689,284.35,0.0,3.5265397949218777
2188,0.08218,284.35,0.0,3.5330913085937525
2189,0.11384,390.28,0.0,3.5736381835937525
2190,0.15031,390.28,0.0,3.5914689941406275
2191,0.1247,390.28,0.2442115864105525,3.615697509765628
2192,0.08474,353.07,0.28945636293924354,3.6509489746093777
2193,0.04838,353.07,0.6870354393391971,3.719866210937503
2194,0.0,353.07,1.288529874359665,3.695546142578128
2195,-0.00492,144.45,0.8257517216703416,3.7245720214843776
2196,-0.0200599999999999,144.45,1.346706325872112,3.812740966796878
2197,-0.02102,144.45,2.005887418430676,3.907336914062503
2198,-0.01,81.46,2.211670257666874,3.9769829101562526
2199,-0.00173,81.46,2.1317011865198063,3.968900634765628
2200,0.01537,81.46,1.4466985667287,3.911738769531246
2201,0.08884,71.41,0.8267858352169245,3.8269755859375034
2202,0.12535,71.41,0.16824067512655838,3.7936577148437527
2203,0.114,71.41,0.0,3.736254150390628
2204,0.0960699999999999,107.57,0.0,3.699036132812503
2205,0.08263,107.57,0.0,3.641621582031246
2206,0.07143,107.57,0.0,3.5809331054687528
2207,0.067,143.12,0.0,3.547985107421878
2208,0.067,143.12,0.0,3.514242431640628
2209,0.067,143.12,0.0,3.483927490234377
2210,0.06895,174.08,0.0,3.4578935546875025
2211,0.071,174.08,0.0,3.453180419921878
2212,0.08622,174.08,0.0,3.464613525390628
2213,0.12971,240.92,0.0,3.487069580078128
2214,0.16277,240.92,0.11555229158449223,3.619941894531246
2215,0.1333,240.92,0.6718198630589479,3.710249511718753
2216,0.07911,220.29,1.882518903040618,3.801205322265628
2217,0.04047,220.29,2.2862965401124216,3.871085693359378
2218,-0.00016,220.29,2.1192577582063294,3.865834228515628
2219,-0.0011899999999999,92.61,2.7163335178144155,3.8896159667968777
2220,-0.0084,92.61,3.8006545211022744,3.818270751953128
2221,-0.0058499999999999,92.61,1.6914973342219584,3.822852050781246
2222,-0.00027,38.17,1.4697458527433298,3.8409355468750026
2223,0.01609,38.17,1.107453977833509,3.880112792968753
2224,0.075,38.17,0.9893211431256808,3.913177978515628
2225,0.138,33.95,0.9844935691573922,3.884232666015628
2226,0.16348,33.95,0.21748565653459606,3.8350908203125034
2227,0.15588,33.95,0.0,3.741626464843753
2228,0.13703,75.23,0.0,3.681271240234378
2229,0.1132099999999999,75.23,0.0,3.7071989746093776
2230,0.10463,75.23,0.0,3.734320556640628
2231,0.10834,119.64,0.0,3.744534179687503
2232,0.10304,119.64,0.0,3.747083007812503
2233,0.10289,119.64,0.0,3.7422966308593777
2234,0.10361,168.5,0.0,3.7192692871093778
2235,0.10595,168.5,0.0,3.684622070312503
2236,0.11255,168.5,0.0,3.6563798828125034
2237,0.15267,262.33,0.0,3.628851806640628
2238,0.18017,262.33,0.0,3.667201416015628
2239,0.1394,262.33,0.27487616055458386,3.7278093261718777
2240,0.09568,220.92,0.6387765651780084,3.820482666015628
2241,0.065,220.92,1.3730435776654981,3.906124755859378
2242,0.00782,220.92,1.7942859868953576,3.896716796875003
2243,0.0,59.88,1.1322397827999549,3.915052978515628
2244,-0.00131,59.88,1.0089412594207414,3.900631591796878
2245,-0.00121,59.88,0.5402720490280016,3.9228386230468777
2246,-0.00013,25.57,0.48051282104036697,4.0
2247,0.0297,25.57,0.8178453832918164,4.0
2248,0.07987,25.57,1.7941710408889777,4.0
2249,0.12635,24.5,1.0404761904160316,3.984980957031246
2250,0.1676399999999999,24.5,0.20710978576937242,3.901038085937503
2251,0.15599,24.5,0.0,3.818988525390628
2252,0.12067,71.31,0.0,3.743186523437503
2253,0.10615,71.31,0.0,3.6960075683593776
2254,0.09697,71.31,0.0,3.661389648437503
2255,0.10923,121.5,0.0,3.629020263671878
2256,0.10276,121.5,0.0,3.677045166015628
2257,0.09939,121.5,0.0,3.739681884765628
2258,0.0994,166.21,0.0,3.757823974609378
2259,0.09831,166.21,0.0,3.794327880859378
2260,0.0975,166.21,0.0,3.8451433105468777
2261,0.10298,216.9,0.0,3.866390869140628
2262,0.1059,216.9,0.0010264619940614382,3.919857666015628
2263,0.0983,216.9,0.05101479529165156,3.957646972656253
2264,0.0571599999999999,173.11,0.10753749961512532,3.964055664062503
2265,0.00066,173.11,0.1929233524085121,4.0
2266,-0.00094,173.11,1.7731884706414736,4.0
2267,-0.02409,90.38,3.3932270186262747,4.0
2268,-0.0477299999999999,90.38,3.8149325966097054,4.0
2269,-0.0491,90.38,3.117671708915959,4.0
2270,-0.02991,61.61,3.779530119895689,4.0
2271,-0.0043,61.61,3.146971187963999,4.0
2272,0.0,61.61,1.4507493315882447,4.0
2273,0.07,71.2,1.077451555808214,4.0
2274,0.0994,71.2,0.2093575276060576,4.0
2275,0.0989,71.2,0.0,3.999545166015628
2276,0.08425,158.72,0.0,3.933634521484378
2277,0.0789899999999999,158.72,0.0,3.8564665527343776
2278,0.06875,158.72,0.0,3.889154541015628
2279,0.07045,220.15,0.0,3.955706054687503
2280,0.061,220.15,0.0,3.991810791015628
2281,0.06272,220.15,0.0,4.0
2282,0.06828,258.17,0.0,3.9909062500000023
2283,0.06995,258.17,0.0,3.950256835937503
2284,0.07743,258.17,0.0,3.9514946289062527
2285,0.07654,306.31,0.0,3.968856689453128
2286,0.07811,306.31,0.15671993974292078,4.0
2287,0.04179,306.31,0.8468233476292096,4.0
2288,0.0001,300.28,1.5416485832605755,4.0
2289,-0.002,300.28,2.5444793286758465,4.0
2290,-0.0275599999999999,300.28,3.494221611787615,4.0
2291,-0.06001,216.02,2.800145025027529,4.0
2292,-0.10631,216.02,2.665988112211854,4.0
2293,-0.1145699999999999,216.02,1.1820168264789055,4.0
2294,-0.07,148.71,1.9580822493076224,4.0
2295,-0.0189499999999999,148.71,1.8089212880860157,4.0
2296,0.00176,148.71,1.5148303728667953,4.0
2297,0.11241,143.01,0.9056593684462617,4.0
2298,0.13156,143.01,0.25388875075954676,4.0
2299,0.1329,143.01,0.0,4.0
2300,0.12138,228.96,0.0,4.0
2301,0.11184,228.96,0.0,4.0
2302,0.10003,228.96,0.0,4.0
2303,0.08671,292.08,0.0,4.0
2304,0.085,292.08,0.0,4.0
2305,0.08173,292.08,0.0,4.0
2306,0.08353,353.31,0.0,4.0
2307,0.08545,353.31,0.0,4.0
2308,0.09874,353.31,0.0,4.0
2309,0.1311,466.1,0.0,4.0
2310,0.17597,466.1,0.17716274034823118,4.0
2311,0.14461,466.1,1.276051095591682,4.0
2312,0.1071,454.1,2.7347294263144626,4.0
2313,0.08337,454.1,4.231985804214671,4.0
2314,0.065,454.1,5.1519606663350075,4.0
2315,0.0118,302.06,6.376902803439717,4.0
2316,0.00219,302.06,6.828479889243357,4.0
2317,0.00394,302.06,6.733174845256367,4.0
2318,0.06098,177.27,6.040965862585748,4.0
2319,0.072,177.27,4.691267813884195,4.0
2320,0.10243,177.27,2.968266780596978,4.0
2321,0.1276,128.02,1.374646461357217,4.0
2322,0.16845,128.02,0.41886343755774036,4.0
2323,0.16505,128.02,0.0,4.0
2324,0.1382,185.2,0.0,4.0
2325,0.12102,185.2,0.0,4.0
2326,0.10521,185.2,0.0,4.0
2327,0.09493,255.26,0.0,4.0
2328,0.0878299999999999,255.26,0.0,4.0
2329,0.08906,255.26,0.0,4.0
2330,0.0899,331.33,0.0,4.0
2331,0.09162,331.33,0.0,4.0
2332,0.10573,331.33,0.0,4.0
2333,0.1429699999999999,466.09,0.0,4.0
2334,0.18055,466.09,0.09069339484573731,4.0
2335,0.13677,466.09,0.8767318657310093,4.0
2336,0.0912999999999999,409.1,2.184277462377357,4.0
2337,0.07647,409.1,3.7639734000236684,4.0
2338,0.06109,409.1,4.9248175594462165,4.0
2339,0.01957,154.97,5.778749330818326,4.0
2340,0.0168299999999999,154.97,6.2037163059313025,4.0
2341,0.02859,154.97,5.898291112510908,4.0
2342,0.05747,121.32,3.0231893214861896,4.0
2343,0.0733299999999999,121.32,1.23065987166004,4.0
2344,0.09034,121.32,0.8879432742332848,4.0
2345,0.11826,82.6,0.7171005771494696,4.0
2346,0.1804,82.6,0.15988788232817325,4.0
2347,0.17131,82.6,0.0,4.0
2348,0.14,145.48,0.0,4.0
2349,0.12047,145.48,0.0,4.0
2350,0.10512,145.48,0.0,4.0
2351,0.10499,215.77,0.0,4.0
2352,0.0959899999999999,215.77,0.0,4.0
2353,0.09467,215.77,0.0,4.0
2354,0.09445,275.26,0.0,3.939413330078128
2355,0.09579,275.26,0.0,3.928855468750003
2356,0.10945,275.26,0.0,3.930133544921878
2357,0.15268,386.1,0.0,3.947825195312503
2358,0.17556,386.1,0.1015306981938999,4.0
2359,0.13156,386.1,1.213321278037504,4.0
2360,0.09951,382.08,2.4683635581684586,4.0
2361,0.0827099999999999,382.08,3.9909232915748043,4.0
2362,0.05969,382.08,5.309712216194124,4.0
2363,0.0136099999999999,191.33,5.9013430294025,4.0
2364,0.0067199999999999,191.33,5.001381022992136,4.0
2365,0.0132699999999999,191.33,5.160464457312608,4.0
2366,0.03487,119.25,3.8784793960717274,4.0
2367,0.06298,119.25,2.8241902437430166,4.0
2368,0.0835,119.25,3.0736790636254727,4.0
2369,0.10348,104.81,1.5999845547952227,4.0
2370,0.13157,104.81,0.4934627608699524,4.0
2371,0.13873,104.81,0.0,4.0
2372,0.11123,165.73,0.0,4.0
2373,0.10194,165.73,0.0,4.0
2374,0.09851,165.73,0.0,4.0
2375,0.0929,268.01,0.0,4.0
2376,0.0895499999999999,268.01,0.0,4.0
2377,0.0889,268.01,0.0,4.0
2378,0.08792,296.28,0.0,4.0
2379,0.09,296.28,0.0,4.0
2380,0.09754,296.28,0.0,4.0
2381,0.13244,342.08,0.0,3.866782714843753
2382,0.17059,342.08,0.14346085933709327,3.851211425781246
2383,0.13544,342.08,0.2520886952406402,3.867734863281246
2384,0.1024,369.15,1.6126805448813917,3.868060791015628
2385,0.08571,369.15,2.3705142641155956,3.8848808593750026
2386,0.06634,369.15,2.7327181441949047,3.915950195312503
2387,0.03495,325.11,2.6140656576532235,3.981644775390628
2388,0.00218,325.11,2.797257032221024,4.0
2389,8e-05,325.11,3.2136086294437805,4.0
2390,0.0011799999999999,220.18,2.896907964772437,4.0
2391,0.0544399999999999,220.18,2.688470992677681,4.0
2392,0.07,220.18,2.805379687821636,4.0
2393,0.10168,137.22,1.330029523875317,3.892552978515628
2394,0.14042,137.22,0.2986678703634487,3.7395720214843777
2395,0.13717,137.22,0.0,3.694399902343753
2396,0.09756,177.44,0.0,3.626379882812503
2397,0.0920499999999999,177.44,0.0,3.581262695312503
2398,0.08111,177.44,0.0,3.5339116210937527
2399,0.0653199999999999,245.96,0.0,3.4848759765625026
2400,0.06075,245.96,0.0,3.461903564453128
2401,0.05844,245.96,0.0,3.4224846191406275
2402,0.05843,294.34,0.0,3.3842924804687526
2403,0.06193,294.34,0.0,3.3626640625000026
2404,0.07199,294.34,0.0,3.341427490234378
2405,0.0942,399.11,0.0,3.3644511718750025
2406,0.1114,399.11,0.3436303085141559,3.504094726562503
2407,0.0859,399.11,1.5281791182766757,3.675616943359378
2408,0.05889,352.12,2.810090691834307,3.7971696777343777
2409,0.01131,352.12,3.3232884678696397,3.908153564453128
2410,0.0,352.12,4.036417296236403,4.0
2411,-0.003,163.27,4.963493503788513,4.0
2412,-0.00499,163.27,3.221159242187053,4.0
2413,-0.00361,163.27,3.557969841993882,4.0
2414,-0.0001,77.0,3.4416429359602883,4.0
2415,0.0,77.0,3.4177517071817856,4.0
2416,0.07015,77.0,2.9950457022483987,4.0
2417,0.11069,60.24,1.7166674171619654,3.981516601562503
2418,0.1334,60.24,0.5841586403367978,3.7962724609375034
2419,0.155,60.24,0.0,3.566409179687503
2420,0.13046,101.02,0.0,3.451613037109378
2421,0.1191,101.02,0.0,3.4124541015625027
2422,0.10549,101.02,0.0,3.417006103515628
2423,0.10784,166.09,0.0,3.425853759765628
2424,0.10441,166.09,0.0,3.4465153808593776
2425,0.10093,166.09,0.0,3.465898925781246
2426,0.09815,222.77,0.0,3.5083208007812456
2427,0.09899,222.77,0.0,3.5753557128906275
2428,0.09908,222.77,0.0,3.617949707031246
2429,0.10442,287.26,0.0,3.700482666015628
2430,0.09974,287.26,0.1417112984019537,3.861838867187503
2431,0.0954899999999999,287.26,0.6135079051160747,3.979985839843753
2432,0.06726,173.67,1.176472792825279,4.0
2433,0.02019,173.67,1.2923982248176074,4.0
2434,0.0,173.67,2.066473380424917,4.0
2435,-0.00923,53.34,2.7885817732906055,4.0
2436,-0.04004,53.34,3.5975971763427506,4.0
2437,-0.04201,53.34,2.772130824052414,4.0
2438,-0.01868,22.86,1.7098967132899372,4.0
2439,-8e-05,22.86,1.4957844606940942,4.0
2440,0.05947,22.86,0.9703463979051131,4.0
2441,0.11131,22.21,0.5858655994446986,4.0
2442,0.15006,22.21,0.1657352497774118,4.0
2443,0.12089,22.21,0.0,4.0
2444,0.091,37.95,0.0,4.0
2445,0.08627,37.95,0.0,3.961437255859378
2446,0.06427,37.95,0.0,3.942064697265628
2447,0.06399,62.8,0.0,3.967977783203128
2448,0.056,62.8,0.0,3.982659179687503
2449,0.04236,62.8,0.0,4.0
2450,0.0295,68.22,0.0,4.0
2451,0.03206,68.22,0.0,4.0
2452,0.03448,68.22,0.0,4.0
2453,0.02941,98.62,0.0,4.0
2454,0.02775,98.62,0.10541127781049815,4.0
2455,0.01287,98.62,1.031629492489817,4.0
2456,0.00843,97.24,1.5272113793403719,4.0
2457,0.0,97.24,2.1577179543600575,4.0
2458,-2e-05,97.24,2.919015086105428,4.0
2459,-0.00302,69.91,3.9782160484406672,4.0
2460,-0.01884,69.91,2.934388013517987,4.0
2461,-0.02538,69.91,2.2320081498648423,4.0
2462,-0.00993,56.88,2.1198274855104287,4.0
2463,-1e-05,56.88,1.7184879371623156,4.0
2464,0.01756,56.88,1.3463348414771534,4.0
2465,0.09863,84.77,0.8036778195828101,4.0
2466,0.12065,84.77,0.2008537385860221,4.0
2467,0.11801,84.77,0.0,4.0
2468,0.10806,128.48,0.0,4.0
2469,0.10335,128.48,0.0,4.0
2470,0.09498,128.48,0.0,4.0
2471,0.08756,167.34,0.0,4.0
2472,0.08269,167.34,0.0,4.0
2473,0.08211,167.34,0.0,4.0
2474,0.08229,181.42,0.0,4.0
2475,0.08452,181.42,0.0,4.0
2476,0.0970999999999999,181.42,0.0,4.0
2477,0.12434,245.26,0.0,4.0
2478,0.15203,245.26,0.43423936394795937,4.0
2479,0.1437,245.26,1.283124911566866,4.0
2480,0.1047,235.74,2.1557326579177585,4.0
2481,0.0910199999999999,235.74,3.1917747965059373,4.0
2482,0.07707,235.74,4.349641210144182,4.0
2483,0.06235,116.31,5.383806817213855,4.0
2484,0.06164,116.31,6.051194206338745,4.0
2485,0.06436,116.31,6.1295916466683735,4.0
2486,0.07529,63.93,5.667615596596817,4.0
2487,0.0846,63.93,4.718588013332845,4.0
2488,0.09702,63.93,3.2604979932055445,4.0
2489,0.11935,35.38,1.5599810520686743,4.0
2490,0.18,35.38,0.0,4.0
2491,0.14061,35.38,0.0,4.0
2492,0.10283,57.13,0.0,4.0
2493,0.08259,57.13,0.0,4.0
2494,0.076,57.13,0.0,4.0
2495,0.07293,100.26,0.0,4.0
2496,0.0732,100.26,0.0,4.0
2497,0.06738,100.26,0.0,4.0
2498,0.06429,129.65,0.0,3.964506103515628
2499,0.0663,129.65,0.0,3.8927067871093777
2500,0.07042,129.65,0.0,3.854760009765628
2501,0.08303,167.38,0.0,3.877377197265628
2502,0.0969899999999999,167.38,0.24018423675412762,3.9587272949218777
2503,0.09856,167.38,1.3020787052627654,4.0
2504,0.065,127.55,2.592046301162068,4.0
2505,0.04893,127.55,2.9448754971798548,4.0
2506,0.00292,127.55,3.4377251102679502,4.0
2507,8e-05,34.75,3.8295982083840077,4.0
2508,0.0,34.75,4.430174275197779,4.0
2509,0.0001,34.75,4.356044635468046,4.0
2510,0.02927,45.54,4.052657640178255,4.0
2511,0.06808,45.54,3.2378062966472916,4.0
2512,0.08657,45.54,1.6633569161622954,4.0
2513,0.10528,59.11,0.9940507466569412,4.0
2514,0.13358,59.11,0.18900557806558668,4.0
2515,0.14154,59.11,0.0,3.982161132812503
2516,0.11058,85.52,0.0,3.983944580078128
2517,0.10221,85.52,0.0,3.846014892578128
2518,0.09376,85.52,0.0,3.779174072265628
2519,0.08801,115.65,0.0,3.7335661621093776
2520,0.08204,115.65,0.0,3.722832519531246
2521,0.0822,115.65,0.0,3.6633708496093775
2522,0.0814,122.35,0.0,3.6192314453125034
2523,0.08299,122.35,0.0,3.5275871582031275
2524,0.0994,122.35,0.0,3.4039873046875027
2525,0.121,163.69,0.0,3.393839599609377
2526,0.1351399999999999,163.69,0.5097636140682791,3.5733635253906275
2527,0.10994,163.69,1.3343331725773426,3.700874511718753
2528,0.0948199999999999,234.27,2.526978989783185,3.803779785156253
2529,0.07975,234.27,3.0452765368647734,3.895255615234378
2530,0.06408,234.27,3.360920512570945,3.973749267578128
2531,0.0353,267.47,4.5653526573733085,3.934641601562503
2532,0.0224,267.47,3.406205174572436,3.836321289062503
2533,0.02494,267.47,2.051744341023251,3.816750976562503
2534,0.055,256.15,2.536461678464739,3.7039030761718776
2535,0.068,256.15,1.514606493721689,3.441241943359377
2536,0.0931599999999999,256.15,0.6351551498062521,3.4135747070312457
2537,0.118,191.59,0.9994166107170082,3.303319580078128
2538,0.14652,191.59,0.030994033195419757,3.3016569824218776
2539,0.13648,191.59,0.0,3.3056669921875024
2540,0.121,199.28,0.0,3.3159648437500024
2541,0.10969,199.28,0.0,3.3156169433593776
2542,0.09859,199.28,0.0,3.2907841796875026
2543,0.08899,215.83,0.0,3.265394775390628
2544,0.08399,215.83,0.0,3.223210937500003
2545,0.08167,215.83,0.0,3.1921708984375026
2546,0.0800699999999999,226.21,0.0,3.165170166015628
2547,0.08128,226.21,0.0,3.1307170410156275
2548,0.08743,226.21,0.0,3.078802978515628
2549,0.1080199999999999,293.25,0.0,3.1360454101562527
2550,0.1227999999999999,293.25,0.42341163522242437,3.1495732421875027
2551,0.13,293.25,0.7961819143003737,3.1460612792968776
2552,0.121,339.84,0.5382125712978677,3.262670166015628
2553,0.11,339.84,0.44513057126091465,3.4709855957031275
2554,0.09503,339.84,1.2594102737722872,3.644657470703128
2555,0.08084,334.56,2.038473507815403,3.645543701171878
2556,0.08104,334.56,2.467302631409689,3.729277832031246
2557,0.07775,334.56,3.4046594423775645,3.711088134765628
2558,0.07765,307.45,2.4824357519797293,3.661876708984378
2559,0.08387,307.45,2.5938569109235377,3.6447380371093776
2560,0.09763,307.45,1.9945260191556227,3.5238481445312457
2561,0.11265,251.68,1.1567591795405954,3.444288818359378
2562,0.129,251.68,0.216813050079607,3.3553654785156275
2563,0.12279,251.68,0.0,3.321505615234378
2564,0.11476,246.36,0.0,3.2886198730468776
2565,0.0989,246.36,0.0,3.2582170410156275
2566,0.09652,246.36,0.0,3.201003906250002
2567,0.091,240.29,0.0,3.1483098144531274
2568,0.0813,240.29,0.0,3.0539372558593776
2569,0.07912,240.29,0.0,2.9738835449218777
2570,0.07794,257.3,0.0,2.904373046875002
2571,0.07634,257.3,0.0,2.8713884277343777
2572,0.07635,257.3,0.0,2.8745231933593773
2573,0.07939,277.36,0.0,2.9779448242187527
2574,0.08798,277.36,0.4582672433310434,3.1315263671875027
2575,0.09125,277.36,1.190467549730423,3.2329228515625026
2576,0.09014,302.31,1.5696554069494009,3.3568632812500026
2577,0.0883,302.31,2.4984955742021753,3.4529020996093776
2578,0.08328,302.31,3.5924464838812997,3.5633476562500026
2579,0.07503,249.61,4.4776487658939175,3.601426269531246
2580,0.06375,249.61,3.8054301147977228,3.6393217773437527
2581,0.06264,249.61,4.471632838013826,3.577153808593753
2582,0.06536,173.98,3.9304319936021583,3.4170134277343776
2583,0.07661,173.98,2.657114532092564,3.386028320312503
2584,0.08864,173.98,2.0364303740836287,3.362074462890628
2585,0.1035,155.74,1.1316527118256656,3.271517822265628
2586,0.12312,155.74,0.16185052223833216,3.1331816406250024
2587,0.12652,155.74,0.0,3.066113769531246
2588,0.11652,183.37,0.0,3.004528076171878
2589,0.10635,183.37,0.0,2.9665703125000027
2590,0.09912,183.37,0.0,2.9467985839843776
2591,0.08932,199.85,0.0,2.912466308593753
2592,0.08001,199.85,0.0,2.8841069335937526
2593,0.08445,199.85,0.0,2.8730583496093773
2594,0.08239,219.94,0.0,2.866049072265628
2595,0.08498,219.94,0.0,2.8509941406250023
2596,0.09062,219.94,0.0,2.845951416015628
2597,0.0952,221.84,0.0,2.9344426269531274
2598,0.09167,221.84,0.43528277251248454,3.0713395996093777
2599,0.08389,221.84,1.1473503871862023,3.226503173828128
2600,0.07643,188.77,2.181558936797385,3.386907226562503
2601,0.02999,188.77,3.3106602503044225,3.518607666015628
2602,0.00454,188.77,4.022292327192718,3.643221923828128
2603,0.0,119.77,4.706462551845795,3.724370605468753
2604,-0.0030099999999999,119.77,4.6355616494604694,3.769542724609378
2605,-0.00726,119.77,3.9519824569980533,3.8013591308593777
2606,-0.00086,95.48,3.5520172824519514,3.816542236328128
2607,0.0002,95.48,3.426753903685019,3.7801665039062526
2608,0.06401,95.48,1.9926045488156974,3.720214111328128
2609,0.10277,80.23,1.0028473115673058,3.636926757812503
2610,0.12684,80.23,0.17540560597249855,3.5249101562500025
2611,0.14271,80.23,0.0,3.4571318359375027
2612,0.12736,130.04,0.0,3.407177001953128
2613,0.10955,130.04,0.0,3.365359375000003
2614,0.09827,130.04,0.0,3.338146240234378
2615,0.10041,177.28,0.0,3.3432402343750027
2616,0.0949,177.28,0.0,3.3434343261718777
2617,0.09898,177.28,0.0,3.328679687500003
2618,0.09741,216.41,0.0,3.2843828125000027
2619,0.09883,216.41,0.0,3.2322563476562527
2620,0.10864,216.41,0.0,3.2058671875000027
2621,0.1093799999999999,231.29,0.0,3.2186223144531274
2622,0.0943199999999999,231.29,0.02942529087725191,3.248915283203128
2623,0.0686,231.29,0.16105439810202274,3.3617338867187527
2624,0.01863,168.6,0.294816052517884,3.4950200195312457
2625,0.0,168.6,0.8061126358572989,3.574041015625003
2626,-0.0057199999999999,168.6,0.8693996631216424,3.6404350585937526
2627,-0.03499,85.9,1.3047526137153176,3.7410954589843777
2628,-0.05242,85.9,2.743725214492004,3.8633183593750022
2629,-0.0400499999999999,85.9,4.034700887472842,3.8036882324218775
2630,-0.0047599999999999,47.56,3.960318477630957,3.624852783203128
2631,0.0,47.56,2.9527917787098947,3.606681396484378
2632,0.07242,47.56,2.0148085161713363,3.5193583984375025
2633,0.10681,91.9,1.593609998388418,3.429222900390628
2634,0.1199399999999999,91.9,0.07163297302234621,3.301547119140628
2635,0.14495,91.9,0.0,3.247073242187503
2636,0.13756,135.85,0.0,3.229579345703128
2637,0.12182,135.85,0.0,3.192617675781246
2638,0.11068,135.85,0.0,3.1697368164062527
2639,0.10858,179.23,0.0,3.1478886718750028
2640,0.09759,179.23,0.0,3.106155273437502
2641,0.09647,179.23,0.0,3.0875554199218778
2642,0.09684,230.26,0.0,3.0823149414062527
2643,0.09798,230.26,0.0,3.0664946289062525
2644,0.09854,230.26,0.0,3.0595329589843776
2645,0.0970699999999999,251.31,0.0,3.095692626953128
2646,0.09131,251.31,0.3009668730069042,3.1584978027343777
2647,0.0885,251.31,0.7601033438141184,3.2046293945312456
2648,0.08799,171.22,0.9871774706712786,3.3292436523437527
2649,0.0652399999999999,171.22,2.596389112525012,3.514762451171878
2650,0.03388,171.22,4.382007752619816,3.620414306640628
2651,0.01719,112.62,4.662550182546583,3.689159423828128
2652,0.00891,112.62,4.562012667970234,3.707385742187503
2653,0.00843,112.62,4.172557387365265,3.722832519531246
2654,0.01001,105.33,4.122536208124926,3.5679179687500024
2655,0.05005,105.33,3.4254380892519154,3.507522460937502
2656,0.08877,105.33,2.3621889322468945,3.4857548828125027
2657,0.10195,114.39,1.5520860586858303,3.380077392578128
2658,0.12195,114.39,0.14685148274124096,3.3281596679687526
2659,0.1391399999999999,114.39,0.0,3.276864501953128
2660,0.1321,134.02,0.0,3.233596679687502
2661,0.1227699999999999,134.02,0.0,3.185150634765628
2662,0.10654,134.02,0.0,3.123737060546877
2663,0.0962099999999999,169.9,0.0,3.0631657714843774
2664,0.0888,169.9,0.0,2.9491350097656275
2665,0.0874,169.9,0.0,2.898839599609377
2666,0.08501,163.89,0.0,2.8544438476562526
2667,0.08458,163.89,0.0,2.7712011718750014
2668,0.09739,163.89,0.0,2.75153767903646
2669,0.12076,204.88,0.0,2.7803523763020848
2670,0.1515399999999999,204.88,0.5742343435970555,2.8631669921875025
2671,0.147,204.88,1.1520848227317428,3.0111784667968777
2672,0.11188,254.98,2.454343596808943,3.1594316406250025
2673,0.0952,254.98,3.2351141632766005,3.271122314453128
2674,0.08997,254.98,3.5830890774006634,3.398479492187503
2675,0.07992,141.41,4.428460806202186,3.5228374023437525
2676,0.06766,141.41,5.403059393960789,3.609116699218753
2677,0.07147,141.41,6.099579399195457,3.6595476074218776
2678,0.07845,59.48,5.7412860246051105,3.670607177734378
2679,0.0830699999999999,59.48,5.148144848319072,3.612518798828128
2680,0.10004,59.48,3.355471979121339,3.494258300781246
2681,0.1223799999999999,50.31,1.8142430121594724,3.396018554687503
2682,0.19232,50.31,0.0854683863216013,3.182601806640628
2683,0.2632,50.31,0.0384511853838645,3.060012695312502
2684,0.15728,78.71,0.0,2.953654052734377
2685,0.12228,78.71,0.0,2.8714543457031274
2686,0.1095999999999999,78.71,0.0,2.796056722005209
2687,0.10672,120.29,0.0,2.752426757812501
2688,0.0994,120.29,0.0,2.707014567057293
2689,0.09684,120.29,0.0,2.67934529622396
2690,0.0967,147.87,0.0,2.65906941731771
2691,0.1012,147.87,0.0,2.625929361979168
2692,0.10823,147.87,0.0,2.638923746744793
2693,0.13709,198.06,0.008583980606568184,2.764407958984376
2694,0.152,198.06,0.6363463567399407,3.028947021484377
2695,0.12884,198.06,1.6535329656818087,3.1896257324218777
2696,0.1,217.74,2.906854978089547,3.3132878417968774
2697,0.092,217.74,3.976906137274913,3.402449218750003
2698,0.09439,217.74,4.341534283899946,3.495448486328128
2699,0.08104,136.25,5.208063174232145,3.561018554687503
2700,0.08029,136.25,5.732534689892956,3.581584960937503
2701,0.088,136.25,4.885414292062646,3.578893310546878
2702,0.0923499999999999,173.68,4.323760489580804,3.5198967285156275
2703,0.09905,173.68,3.209795919066481,3.4399711914062525
2704,0.10828,173.68,2.213730511014387,3.3060771484375024
2705,0.1289,148.78,1.185635924264211,3.2466191406250027
2706,0.15597,148.78,0.2806833723718084,3.0664873046875027
2707,0.14867,148.78,0.007477661924430477,3.0128886718750025
2708,0.12611,172.11,0.0,2.905804931640628
2709,0.1082,172.11,0.0,2.8181267089843773
2710,0.09715,172.11,0.0,2.755647379557293
2711,0.09417,182.13,0.0,2.700168457031252
2712,0.0883,182.13,0.0,2.665297037760418
2713,0.0867,182.13,0.0,2.6329890950520847
2714,0.08565,173.76,0.0,2.5973730468750014
2715,0.08435,173.76,0.0,2.60230672200521
2716,0.09093,173.76,0.0,2.599372965494793
2717,0.11034,218.87,0.014286855113923892,2.691593017578126
2718,0.11851,218.87,0.6885233793649114,2.8271538085937524
2719,0.11765,218.87,1.6588191397862173,3.0218242187500026
2720,0.1089099999999999,237.4,2.753644966096189,3.265464355468753
2721,0.09667,237.4,4.716730161666623,3.441571533203128
2722,0.09355,237.4,6.2143955808246965,3.5266093750000027
2723,0.08156,221.65,5.600141696227289,3.588140136718753
2724,0.07895,221.65,4.731524164095328,3.6184880371093775
2725,0.07804,221.65,3.851444237176631,3.619703857421878
2726,0.07872,193.11,3.361666123821059,3.6121562500000026
2727,0.08337,193.11,3.071988914218145,3.582716552734378
2728,0.09536,193.11,1.9850002452478683,3.543260986328128
2729,0.10102,136.47,1.369099525020859,3.471271240234377
2730,0.11464,136.47,0.32620884088985147,3.351527587890628
2731,0.12161,136.47,0.05052694025633133,3.2925273437500024
2732,0.11448,159.54,0.0,3.2437846679687525
2733,0.10653,159.54,0.0,3.1852385253906275
2734,0.0930999999999999,159.54,0.0,3.173831054687503
2735,0.09103,181.49,0.0,3.1424943847656275
2736,0.08292,181.49,0.0,3.0933525390625025
2737,0.08223,181.49,0.0,3.0289946289062524
2738,0.0834,179.8,0.0,2.9657646484375024
2739,0.08495,179.8,0.0,2.9036259765625028
2740,0.09464,179.8,0.0,2.8879191894531275
2741,0.10441,235.39,0.0,2.922207519531246
2742,0.11339,235.39,0.4255999492584273,3.0662822265625027
2743,0.111,235.39,1.4956953679197325,3.2231376953125026
2744,0.09941,291.2,3.107902578023907,3.335092041015628
2745,0.08817,291.2,3.985424790330235,3.448009521484378
2746,0.07545,291.2,4.773315967631288,3.545842773437503
2747,0.06661,268.1,5.641555505191653,3.611383544921878
2748,0.04803,268.1,5.23181893070402,3.6424235839843777
2749,0.04099,268.1,4.6200040093054335,3.658046142578128
2750,0.05947,193.99,4.191811432910001,3.538397705078128
2751,0.07304,193.99,3.627289110487199,3.500062744140628
2752,0.08419,193.99,2.53731598354934,3.3763603515625027
2753,0.09943,142.21,1.4565782105034761,3.3027080078125026
2754,0.11599,142.21,0.26243352431410716,3.1922038574218776
2755,0.12378,142.21,0.031979733357767284,3.1400993652343776
2756,0.1096299999999999,181.79,0.0,3.068285400390628
2757,0.10037,181.79,0.0,2.996617919921877
2758,0.09209,181.79,0.0,2.9683317871093777
2759,0.1,233.31,0.0,2.9340947265625026
2760,0.09219,233.31,0.0,2.909349853515628
2761,0.0910199999999999,233.31,0.0,2.8936357421875027
2762,0.0896599999999999,257.39,0.0,2.841498291015628
2763,0.08901,257.39,0.0,2.829208251953128
2764,0.09086,257.39,0.0,2.8425419921875026
2765,0.09301,316.36,0.02001752965985858,2.939291259765628
2766,0.08633,316.36,0.6020616904221885,3.083754150390628
2767,0.07219,316.36,1.6815312622092142,3.1943352050781275
2768,0.03445,213.71,2.326641108775544,3.356171142578128
2769,0.0025499999999999,213.71,4.021423583378242,3.4760722656250027
2770,-1e-05,213.71,4.843559233312019,3.5719975585937527
2771,-0.00763,94.62,5.287241137472636,3.626420166015628
2772,-0.01485,94.62,5.134747164905068,3.688621093750003
2773,-0.01077,94.62,5.702952198941679,3.724154541015628
2774,-0.00219,53.56,4.648694606581687,3.762042724609378
2775,-2e-05,53.56,3.722443091125218,3.7721757812500023
2776,0.0309899999999999,53.56,2.6783169915094667,3.714358398437503
2777,0.079,26.15,1.165934793108318,3.619875976562503
2778,0.09981,26.15,0.3850057844333098,3.522277099609377
2779,0.1074,26.15,0.03832335414835556,3.4780424804687526
2780,0.0968499999999999,70.07,0.0,3.4425236816406275
2781,0.08526,70.07,0.0,3.423715087890628
2782,0.07231,70.07,0.0,3.3906572265625026
2783,0.0677099999999999,111.83,0.0,3.364941894531246
2784,0.06291,111.83,0.0,3.3310490722656274
2785,0.05796,111.83,0.0,3.3018730468750026
2786,0.05912,150.33,0.0,3.275839111328128
2787,0.0619399999999999,150.33,0.0,3.2400712890625027
2788,0.06905,150.33,0.0,3.2223356933593776
2789,0.06914,213.22,0.047409464173425196,3.348293945312503
2790,0.06372,213.22,0.7548143581966553,3.5971416015625026
2791,0.03495,213.22,2.044919587299916,3.760892822265628
2792,4e-05,131.2,2.902430074361969,3.889117919921878
2793,-0.003,131.2,3.843425409500915,3.933282958984378
2794,-0.03388,131.2,3.337053000115761,3.963088867187503
2795,-0.10104,55.14,3.390928288170156,4.0
2796,-0.12981,55.14,3.717235272542116,4.0
2797,-0.11661,55.14,3.4329953129997963,3.9941362304687527
2798,-0.05,18.22,2.6732798885415363,4.0
2799,-0.00517,18.22,3.3353451829806575,3.930448486328128
2800,0.01835,18.22,1.742333581657363,3.884133789062503
2801,0.09198,14.82,1.3117990187489752,3.812162353515628
2802,0.11083,14.82,0.39312762544594093,3.743490478515628
2803,0.12423,14.82,0.032135080165216566,3.6057475585937526
2804,0.1092399999999999,45.49,0.0,3.4871831054687528
2805,0.099,45.49,0.0,3.4311601562500025
2806,0.0937699999999999,45.49,0.0,3.3613017578125026
2807,0.0922399999999999,110.64,0.0,3.3405559082031275
2808,0.08649,110.64,0.0,3.3348759765625027
2809,0.0831,110.64,0.0,3.312181884765628
2810,0.08541,169.59,0.0,3.300741455078128
2811,0.09119,169.59,0.0,3.311328613281246
2812,0.09949,169.59,0.0,3.366523925781246
2813,0.14,253.1,0.05072882995269932,3.5311467285156275
2814,0.13109,253.1,0.6332001039576264,3.720148193359378
2815,0.0968499999999999,253.1,1.1876662615138756,3.834124023437503
2816,0.06737,189.85,1.521144323281527,4.0
2817,0.0100299999999999,189.85,2.6216936361580068,4.0
2818,-1e-05,189.85,4.797495369082192,4.0
2819,-0.0040199999999999,42.22,5.317195299194473,4.0
2820,-0.0059,42.22,5.893277046176515,4.0
2821,-0.00618,42.22,6.336108083126204,4.0
2822,-0.00154,9.06,5.082825967169459,4.0
2823,0.0020099999999999,9.06,3.1790194983032567,4.0
2824,0.07183,9.06,1.4300362625467593,4.0
2825,0.10192,6.72,1.2329940997715874,4.0
2826,0.1499,6.72,0.3894877986637566,4.0
2827,0.19481,6.72,0.040035528575400325,4.0
2828,0.12883,38.76,0.0,4.0
2829,0.10624,38.76,0.0,4.0
2830,0.09683,38.76,0.0,3.990781738281246
2831,0.09064,97.82,0.0,3.969878417968753
2832,0.0868599999999999,97.82,0.0,3.991371337890628
2833,0.08176,97.82,0.0,4.0
2834,0.07917,155.97,0.0,4.0
2835,0.08003,155.97,0.0,4.0
2836,0.09057,155.97,0.0,4.0
2837,0.107,232.63,0.030307767024855638,4.0
2838,0.11313,232.63,0.8106217437287133,4.0
2839,0.09998,232.63,1.5703033087855216,4.0
2840,0.078,163.61,2.497973633089299,4.0
2841,0.00931,163.61,4.3086267573133155,4.0
2842,0.0,163.61,4.922690652769202,4.0
2843,-0.00076,24.36,5.769224132519473,4.0
2844,-0.0019,24.36,5.029303206438846,4.0
2845,-0.0016699999999999,24.36,3.957154707205576,4.0
2846,-1e-05,5.0,3.191407853099537,4.0
2847,0.01482,5.0,3.06744540543687,4.0
2848,0.0775999999999999,5.0,2.3614560391122,4.0
2849,0.102,5.0,1.3992973020258246,4.0
2850,0.13983,5.0,0.403527260031572,4.0
2851,0.17475,5.0,0.049610083589101024,3.963568603515628
2852,0.12911,20.03,0.0,3.822738525390628
2853,0.10883,20.03,0.0,3.723865234375003
2854,0.0978199999999999,20.03,0.0,3.6421892089843775
2855,0.095,57.6,0.0,3.5863530273437525
2856,0.09,57.6,0.0,3.550489990234378
2857,0.08759,57.6,0.0,3.517318603515628
2858,0.08825,99.71,0.0,3.4878496093750027
2859,0.0914,99.71,0.0,3.4519389648437526
2860,0.09583,99.71,0.0,3.4554619140625027
2861,0.11527,173.88,0.09856772403783845,3.665480224609378
2862,0.1202999999999999,173.88,0.9683930892653241,3.989426757812503
2863,0.0999,173.88,2.1430377161167695,4.0
2864,0.0767,106.98,3.6309512628468927,4.0
2865,0.00708,106.98,4.93997744876201,4.0
2866,0.0,106.98,5.461112454404138,4.0
2867,-0.001,8.62,4.863162418188643,4.0
2868,-0.00621,8.62,5.1627047360078935,4.0
2869,-0.003,8.62,5.6265341940993245,4.0
2870,-2e-05,5.58,3.1223322893803847,4.0
2871,0.01991,5.58,1.7944825579274097,4.0
2872,0.07839,5.58,1.7480791473105934,4.0
2873,0.1018,6.0,1.274329253587818,4.0
2874,0.13037,6.0,0.4363724084716079,4.0
2875,0.17643,6.0,0.03017774446945673,4.0
2876,0.128,11.44,0.0,4.0
2877,0.10833,11.44,0.0,4.0
2878,0.09868,11.44,0.0,3.993396484375003
2879,0.09751,23.49,0.0,3.981802246093753
2880,0.09178,23.49,0.0,3.9393437500000026
2881,0.09046,23.49,0.0,3.917015869140628
2882,0.09063,69.32,0.0,3.899397460937503
2883,0.0905,69.32,0.0,3.863486816406253
2884,0.08416,69.32,0.0,3.8480180664062527
2885,0.08394,117.32,0.05562729773813408,4.0
2886,0.07804,117.32,0.6789132297637549,4.0
2887,0.0621,117.32,1.3952264581503635,4.0
2888,0.0,51.16,2.7374553906750227,4.0
2889,-0.003,51.16,4.468144871810726,4.0
2890,-0.0401,51.16,5.834493192414633,4.0
2891,-0.08501,5.04,6.631201971451136,4.0
2892,-0.12999,5.04,6.81748350984834,4.0
2893,-0.1181099999999999,5.04,6.689244509371332,4.0
2894,-0.04999,5.0,5.850015001584195,4.0
2895,-0.00517,5.0,4.071182632957605,4.0
2896,0.04077,5.0,3.138742685000654,4.0
2897,0.09614,5.0,1.503585593866028,4.0
2898,0.12987,5.0,0.3964554142997038,4.0
2899,0.16438,5.0,0.11622650604143611,4.0
2900,0.12245,7.0,0.0,4.0
2901,0.10073,7.0,0.0,4.0
2902,0.0871,7.0,0.0,4.0
2903,0.08992,15.99,0.0,4.0
2904,0.07712,15.99,0.0,3.9585917968750026
2905,0.0669,15.99,0.0,3.925248291015628
2906,0.06391,20.64,0.0,3.950692626953128
2907,0.066,20.64,0.0,3.959397460937503
2908,0.07401,20.64,0.0,3.963037597656253
2909,0.08683,38.18,0.11815461868380345,4.0
2910,0.08855,38.18,0.976822463667225,4.0
2911,0.0849,38.18,2.1812368539431466,4.0
2912,0.055,9.22,3.455966590172074,4.0
2913,0.00085,9.22,4.620587096711259,4.0
2914,-1e-05,9.22,5.692574309141297,4.0
2915,-0.0008,4.25,6.4523313521495975,4.0
2916,-0.003,4.25,6.744812107777719,4.0
2917,-0.004,4.25,6.508062261033713,4.0
2918,-8e-05,4.25,5.684558562538061,4.0
2919,0.0003,4.25,4.181494277390385,4.0
2920,0.0675,4.25,2.349626100342918,4.0
2921,0.0999,6.25,1.3790567155007878,4.0
2922,0.11839,6.25,0.42792122042783043,4.0
2923,0.1504,6.25,0.0997763038686163,4.0
2924,0.12124,8.0,0.0,4.0
2925,0.10672,8.0,0.0,4.0
2926,0.09644,8.0,0.0,4.0
2927,0.09781,11.18,0.0,4.0
2928,0.09334,11.18,0.0,4.0
2929,0.0922,11.18,0.0,4.0
2930,0.092,32.27,0.0,4.0
2931,0.09123,32.27,0.0,4.0
2932,0.09184,32.27,0.0,4.0
2933,0.09286,59.38,0.1397223207172221,4.0
2934,0.08773,59.38,1.0323994462788548,4.0
2935,0.0799,59.38,2.127730019017168,4.0
2936,0.0135299999999999,49.75,3.2549235164804626,4.0
2937,1e-05,49.75,4.699304392484566,4.0
2938,-1e-05,49.75,5.69242780195409,4.0
2939,-0.00116,32.24,6.465124111831455,4.0
2940,-0.00304,32.24,0.0,4.0
2941,-0.00269,32.24,5.664539260139012,4.0
2942,-3e-05,24.0,4.193207399689267,4.0
2943,0.0,24.0,2.4892215517997567,4.0
2944,0.02887,24.0,1.9407480711526464,4.0
2945,0.06811,44.3,0.8952233853126264,4.0
2946,0.07754,44.3,0.31296246338558986,4.0
2947,0.0902699999999999,44.3,0.0,4.0
2948,0.08702,68.27,0.0,4.0
2949,0.0786299999999999,68.27,0.0,4.0
2950,0.06591,68.27,0.0,4.0
2951,0.0603,112.83,0.0,3.955676757812503
2952,0.0448999999999999,112.83,0.0,3.902191650390628
2953,0.03147,112.83,0.0,3.858726074218753
2954,0.02039,172.07,0.0,3.8186442871093775
2955,0.02002,172.07,0.0,3.788179199218753
2956,0.01558,172.07,0.0,3.758549072265628
2957,0.0136199999999999,209.95,0.0,3.738781005859378
2958,0.00783,209.95,0.015381871574771928,3.7390446777343778
2959,0.00293,209.95,0.11991271625087555,3.7397770996093778
2960,0.0,150.43,0.2342305231163453,3.7555534667968775
2961,-1e-05,150.43,0.3877726466497702,3.821724121093753
2962,-1e-05,150.43,0.9105424209062826,3.964103271484378
2963,-2e-05,117.52,2.119386992941117,4.0
2964,-0.002,117.52,2.46051889810615,4.0
2965,-0.00501,117.52,2.6362258380454775,4.0
2966,-0.00159,92.62,2.329504458620071,4.0
2967,-1e-05,92.62,1.7048426315695966,4.0
2968,0.01007,92.62,2.0692099465134968,4.0
2969,0.08008,97.77,1.6210495916740888,4.0
2970,0.09595,97.77,0.46635369031353086,4.0
2971,0.109,97.77,0.13280366340814181,3.892131835937503
2972,0.11238,140.55,0.0,3.7575163574218777
2973,0.10179,140.55,0.0,3.693722412109378
2974,0.08735,140.55,0.0,3.6527836914062526
2975,0.07518,182.76,0.0,3.594808837890628
2976,0.07051,182.76,0.0,3.562823974609377
2977,0.07225,182.76,0.0,3.5322124023437524
2978,0.07515,228.19,0.0,3.484608642578128
2979,0.07498,228.19,0.0,3.4707841796875027
2980,0.08949,228.19,0.0,3.4785551757812456
2981,0.11092,315.34,0.16187594550576415,3.744028808593753
2982,0.12257,315.34,1.019108597138983,3.9714860839843777
2983,0.10669,315.34,1.8271381163776252,4.0
2984,0.09082,265.19,2.6485354065308675,4.0
2985,0.08,265.19,3.287682626751576,4.0
2986,0.0616499999999999,265.19,2.600427308314486,4.0
2987,0.0538299999999999,183.55,3.520556979267262,4.0
2988,0.0496599999999999,183.55,5.328314884840275,4.0
2989,0.0593,183.55,5.537712215589265,4.0
2990,0.07042,125.7,4.675861202341702,4.0
2991,0.0788799999999999,125.7,3.3911850251814135,4.0
2992,0.08922,125.7,1.903197030011018,4.0
2993,0.1001,83.97,0.7880932143077672,4.0
2994,0.1289199999999999,83.97,0.16528141095865298,3.942668945312503
2995,0.128,83.97,0.0,3.914514648437503
2996,0.11317,113.1,0.0,3.9093620605468775
2997,0.10152,113.1,0.0,3.888901855468753
2998,0.0944599999999999,113.1,0.0,3.858363525390628
2999,0.0872199999999999,163.43,0.0,3.775394775390628
3000,0.08168,163.43,0.0,3.740033447265628
3001,0.08129,163.43,0.0,3.678271972656253
3002,0.0799599999999999,223.27,0.0,3.6336235351562527
3003,0.08239,223.27,0.0,3.624849121093753
3004,0.09708,223.27,0.0,3.6573173828125034
3005,0.1145699999999999,324.06,0.14104540715993882,3.752993652343753
3006,0.12186,324.06,0.9337809029147911,3.8909196777343777
3007,0.10837,324.06,2.0144944360294508,4.0
3008,0.08308,258.98,2.643095952401327,4.0
3009,0.07227,258.98,3.0845893763283683,4.0
3010,0.05989,258.98,3.5990059294929453,4.0
3011,0.04281,145.12,3.6433020161756895,4.0
3012,0.03817,145.12,3.3416598863682108,4.0
3013,0.0454399999999999,145.12,2.246352407703677,4.0
3014,0.065,85.26,2.6805857277675953,4.0
3015,0.07373,85.26,2.5893167623022864,4.0
3016,0.08999,85.26,1.4103332549109446,4.0
3017,0.10689,69.38,0.9153936738764624,4.0
3018,0.13409,69.38,0.507460660981665,4.0
3019,0.16118,69.38,0.059869993582712076,4.0
3020,0.1366,96.54,0.0,4.0
3021,0.11828,96.54,0.0,3.999164306640628
3022,0.10127,96.54,0.0,3.914100830078128
3023,0.09267,148.33,0.0,3.805200683593753
3024,0.08705,148.33,0.0,3.7282304687500023
3025,0.08563,148.33,0.0,3.694572021484378
3026,0.0886,198.11,0.0,3.654559814453128
3027,0.09516,198.11,0.0,3.605227539062503
3028,0.10857,198.11,0.0,3.6741191406250016
3029,0.13168,251.08,0.11143882945329037,3.8374675292968776
3030,0.14395,251.08,0.46997530896069634,4.0
3031,0.125,251.08,0.8735006996192226,4.0
3032,0.09643,253.23,1.8622818141709467,4.0
3033,0.08241,253.23,2.8796640685007286,4.0
3034,0.0733,253.23,2.5543866216891105,4.0
3035,0.06443,146.27,2.265430183508122,4.0
3036,0.06392,146.27,1.676407749415138,4.0
3037,0.06804,146.27,1.6829671380718931,4.0
3038,0.075,62.34,1.529869904514537,4.0
3039,0.0818,62.34,1.0699699180302813,4.0
3040,0.0958499999999999,62.34,0.8416875036411661,4.0
3041,0.1084899999999999,40.72,0.32999726143501656,4.0
3042,0.12893,40.72,0.19996079972819097,4.0
3043,0.14715,40.72,0.015358146134272496,4.0
3044,0.12518,70.49,0.0,4.0
3045,0.1084899999999999,70.49,0.0,4.0
3046,0.09659,70.49,0.0,3.945701171875003
3047,0.09586,103.5,0.0,3.881995117187503
3048,0.0916599999999999,103.5,0.0,3.815293457031246
3049,0.09151,103.5,0.0,3.788651611328128
3050,0.09318,134.86,0.0,3.755150634765628
3051,0.09609,134.86,0.0,3.7558610839843776
3052,0.10925,134.86,0.0,3.7981364746093775
3053,0.1242699999999999,204.3,0.0483853939905838,3.861648437500002
3054,0.13873,204.3,0.22731694223471033,3.983098632812503
3055,0.12411,204.3,0.7386056897928334,4.0
3056,0.10113,175.82,1.9785940001604128,4.0
3057,0.08781,175.82,2.168850983155139,4.0
3058,0.07534,175.82,3.0782974692499563,4.0
3059,0.06425,81.03,3.431794821672263,4.0
3060,0.06375,81.03,4.207680265052153,4.0
3061,0.07005,81.03,3.047527248305612,4.0
3062,0.0787699999999999,52.54,3.894762923241101,4.0
3063,0.0853,52.54,3.2138622225083133,4.0
3064,0.0916299999999999,52.54,2.8537624744155026,4.0
3065,0.10909,45.76,1.6333074131588254,4.0
3066,0.13496,45.76,0.5181032113540044,4.0
3067,0.18508,45.76,0.09131375999888033,4.0
3068,0.14318,91.12,0.0,4.0
3069,0.11477,91.12,0.0,3.981117431640628
3070,0.10648,91.12,0.0,3.918015625000003
3071,0.10227,143.25,0.0,3.853192626953128
3072,0.09655,143.25,0.0,3.802245361328128
3073,0.09376,143.25,0.0,3.7640458984375034
3074,0.09509,203.03,0.0,3.723832275390628
3075,0.10028,203.03,0.0,3.727003662109378
3076,0.1124,203.03,0.0,3.748397705078128
3077,0.141,255.64,0.11489480750714196,3.783927490234378
3078,0.13603,255.64,0.5013680510764732,3.845205566406253
3079,0.10061,255.64,1.3113155267727397,3.970892822265628
3080,0.082,192.01,2.094247118603901,4.0
3081,0.0516,192.01,2.6847706662226023,4.0
3082,0.0001,192.01,3.9371090024982864,4.0
3083,-0.00074,57.73,4.160595707076313,4.0
3084,-4e-05,57.73,4.356741123415421,4.0
3085,-1e-05,57.73,3.2437328603485294,4.0
3086,8.999999999999999e-05,23.29,3.8007694869242448,4.0
3087,0.05266,23.29,2.7920157407274475,4.0
3088,0.07906,23.29,1.4491561019004837,4.0
3089,0.0989,19.57,1.2422470149586853,4.0
3090,0.12,19.57,0.5647327107297572,4.0
3091,0.1491299999999999,19.57,0.19985196434100605,4.0
3092,0.13035,48.88,0.0,3.9552702636718777
3093,0.10732,48.88,0.0,3.839269287109378
3094,0.0983199999999999,48.88,0.0,3.7206462402343776
3095,0.10522,112.04,0.0,3.6171110839843776
3096,0.10291,112.04,0.0,3.546769287109377
3097,0.09878,112.04,0.0,3.5242802734375025
3098,0.09628,153.64,0.0,3.5972770996093777
3099,0.1009,153.64,0.0,3.6488688964843776
3100,0.10047,153.64,0.0,3.647854492187503
3101,0.09773,182.93,0.25408153148265145,3.805347167968753
3102,0.09391,182.93,1.209690129426188,4.0
3103,0.07372,182.93,2.45485061439676,4.0
3104,0.00902,95.6,3.750644551642942,4.0
3105,-7.000000000000001e-05,95.6,4.944830581582787,4.0
3106,-0.0228799999999999,95.6,5.686262950326362,4.0
3107,-0.05848,26.28,5.6582723551371865,4.0
3108,-0.11453,26.28,5.062456148944401,4.0
3109,-0.11051,26.28,4.875958698925604,4.0
3110,-0.04952,6.5,3.3402042383235515,4.0
3111,-0.00594,6.5,3.105204949143666,4.0
3112,0.0239899999999999,6.5,2.1829869036337395,4.0
3113,0.09527,6.09,1.260838856373121,4.0
3114,0.12404,6.09,0.5256283444758564,4.0
3115,0.1631999999999999,6.09,0.17961634162822834,4.0
3116,0.12949,21.38,0.0,4.0
3117,0.10772,21.38,0.0,4.0
3118,0.0944899999999999,21.38,0.0,3.950593750000003
3119,0.0978,81.41,0.0,4.0
3120,0.0950999999999999,81.41,0.0,3.960210449218753
3121,0.09451,81.41,0.0,3.807489501953128
3122,0.09542,119.05,0.0,3.756252929687503
3123,0.09539,119.05,0.0,3.733265869140628
3124,0.09545,119.05,0.0,3.752751953125003
3125,0.08761,142.76,0.2748305244086206,3.949993164062503
3126,0.06576,142.76,1.238611303854961,4.0
3127,0.00496,142.76,2.39788032619829,4.0
3128,-0.0001,71.13,3.7968440146002904,4.0
3129,-0.01202,71.13,5.025604992958317,4.0
3130,-0.05195,71.13,6.014445977377133,4.0
3131,-0.2128199999999999,10.21,6.04237278316071,4.0
3132,-0.25032,10.21,6.564333268135563,4.0
3133,-0.23098,10.21,4.779268509562215,4.0
3134,-0.11006,5.17,3.78515794185767,4.0
3135,-0.01852,5.17,3.0519371970155214,4.0
3136,-8e-05,5.17,2.1792991437566034,4.0
3137,0.08596,5.0,1.2094200237654191,4.0
3138,0.11711,5.0,0.5633581844704248,4.0
3139,0.12486,5.0,0.23474585423447603,4.0
3140,0.10955,6.29,0.0,4.0
3141,0.09845,6.29,0.0,4.0
3142,0.08468,6.29,0.0,4.0
3143,0.086,20.52,0.0,3.944320556640628
3144,0.08128,20.52,0.0,3.8983354492187527
3145,0.08095,20.52,0.0,3.893655273437503
3146,0.08148,42.94,0.0,3.918824951171878
3147,0.08465,42.94,0.0,3.9092705078125034
3148,0.0977099999999999,42.94,0.0,3.9291228027343776
3149,0.13705,95.38,0.2709012471034251,4.0
3150,0.14115,95.38,1.2171303097402226,4.0
3151,0.1084899999999999,95.38,2.071520867018951,4.0
3152,0.06974,54.92,3.6179538249205634,4.0
3153,0.00049,54.92,4.736859157109628,4.0
3154,-0.00391,54.92,6.045882377005183,4.0
3155,-0.025,5.38,6.636544905970164,4.0
3156,-0.035,5.38,5.790444081720439,4.0
3157,-0.0299,5.38,4.514599251790681,4.0
3158,-0.00859,5.25,3.8822892220531324,4.0
3159,-1e-05,5.25,3.403977697834411,4.0
3160,0.0725799999999999,5.25,2.7013744690710473,4.0
3161,0.10712,5.0,1.3842640167247717,4.0
3162,0.14141,5.0,0.5703432042926836,4.0
3163,0.1727,5.0,0.30171138305005507,4.0
3164,0.11725,11.92,0.0,4.0
3165,0.10011,11.92,0.0,4.0
3166,0.09297,11.92,0.0,4.0
3167,0.08987,26.63,0.0,4.0
3168,0.08855,26.63,0.0,4.0
3169,0.0892,26.63,0.0,4.0
3170,0.09394,51.37,0.0,4.0
3171,0.0967099999999999,51.37,0.0,3.971962158203128
3172,0.104,51.37,0.0,4.0
3173,0.13677,24.01,0.301732872720577,4.0
3174,0.12833,24.01,1.2542721660981206,4.0
3175,0.10042,24.01,2.4723109094426774,4.0
3176,0.07936,3.44,3.814011162437555,4.0
3177,0.01609,3.44,5.0924067774373265,4.0
3178,-0.00075,3.44,6.021583736203228,4.0
3179,-0.006,0.34,6.74941961723833,4.0
3180,-0.016,0.34,6.392108616451943,4.0
3181,-0.0065499999999999,0.34,4.790585212539084,4.0
3182,-0.00383,0.17,4.326518598237806,4.0
3183,0.00055,0.17,3.2156468912330043,4.0
3184,0.074,0.17,2.7555449305663715,4.0
3185,0.10523,0.92,1.7986466852282141,4.0
3186,0.1510699999999999,0.92,0.49620059898167035,4.0
3187,0.22358,0.92,0.26153256501987776,4.0
3188,0.14896,2.2,0.0,4.0
3189,0.11197,2.2,0.0,4.0
3190,0.10263,2.2,0.0,4.0
3191,0.10278,7.61,0.0,4.0
3192,0.0973,7.61,0.0,4.0
3193,0.09541,7.61,0.0,4.0
3194,0.0969599999999999,10.64,0.0,4.0
3195,0.09856,10.64,0.0,4.0
3196,0.10394,10.64,0.0,4.0
3197,0.12858,8.4,0.23023315454892687,4.0
3198,0.12251,8.4,0.9283712660229759,4.0
3199,0.09956,8.4,2.1497183280368724,4.0
3200,0.07092,1.31,3.025422388845972,4.0
3201,0.0002,1.31,3.649338137804418,4.0
3202,-0.0016699999999999,1.31,5.2129864904880145,4.0
3203,-0.01816,0.02,5.7109673972445805,4.0
3204,-0.02991,0.02,4.9487991576982555,4.0
3205,-0.03182,0.02,4.72806874980727,4.0
3206,-0.01279,0.33,4.179918666553066,4.0
3207,-0.00133,0.33,3.9113807049300573,4.0
3208,0.03094,0.33,2.757293789006195,4.0
3209,0.0916,0.25,1.61547526507028,4.0
3210,0.114,0.25,0.5890932236010742,4.0
3211,0.1584499999999999,0.25,0.2433539754267933,4.0
3212,0.13259,1.59,0.0,4.0
3213,0.10908,1.59,0.0,4.0
3214,0.09986,1.59,0.0,4.0
3215,0.09806,10.7,0.0,4.0
3216,0.08988,10.7,0.0,4.0
3217,0.0878,10.7,0.0,4.0
3218,0.08763,10.13,0.0,4.0
3219,0.09028,10.13,0.0,4.0
3220,0.09894,10.13,0.0,4.0
3221,0.1199,8.7,0.3208463401200159,4.0
3222,0.11991,8.7,1.2562836126907837,4.0
3223,0.10206,8.7,2.438684106238899,4.0
3224,0.07565,4.2,3.6711315975569025,4.0
3225,0.00458,4.2,4.987794067529106,4.0
3226,-8e-05,4.2,5.998496975848492,4.0
3227,-0.00497,0.34,5.903870912001907,4.0
3228,-0.01476,0.34,4.873349063218401,4.0
3229,-0.01425,0.34,4.679821009612883,4.0
3230,-0.00662,0.35,4.333175951416108,4.0
3231,-0.0006,0.35,3.4243535722004035,4.0
3232,0.00383,0.35,2.683786172032331,4.0
3233,0.07611,0.55,1.6389112175511333,4.0
3234,0.10897,0.55,0.4938776754399547,4.0
3235,0.13074,0.55,0.21018769692748251,4.0
3236,0.12513,5.81,0.0,4.0
3237,0.1104899999999999,5.81,0.0,4.0
3238,0.101,5.81,0.0,4.0
3239,0.0945,10.08,0.0,4.0
3240,0.08847,10.08,0.0,4.0
3241,0.08491,10.08,0.0,4.0
3242,0.085,10.67,0.0,4.0
3243,0.08876,10.67,0.0,4.0
3244,0.09826,10.67,0.0,4.0
3245,0.11318,10.15,0.20697989280652515,4.0
3246,0.1176,10.15,0.7753270885878437,4.0
3247,0.1066599999999999,10.15,1.5464073295590972,4.0
3248,0.0789899999999999,2.01,1.7807292927771934,4.0
3249,0.01111,2.01,1.8389796331614754,4.0
3250,-1e-05,2.01,1.5827764492130811,4.0
3251,-0.00315,0.15,2.630273088126014,4.0
3252,-0.00197,0.15,1.4546744618986025,4.0
3253,-0.00155,0.15,1.3096368861725685,4.0
3254,-1e-05,0.19,0.967062944588262,4.0
3255,0.00298,0.19,0.9532205320341794,4.0
3256,0.06979,0.19,0.8189053070253196,4.0
3257,0.10005,0.27,0.9162948322828087,4.0
3258,0.11181,0.27,0.5354625918350994,4.0
3259,0.15491,0.27,0.08829689169732612,4.0
3260,0.14323,7.38,0.0,4.0
3261,0.11608,7.38,0.0,4.0
3262,0.10208,7.38,0.0,4.0
3263,0.093,10.16,0.0,4.0
3264,0.09348,10.16,0.0,4.0
3265,0.08893,10.16,0.0,4.0
3266,0.0889,7.61,0.0,4.0
3267,0.08989,7.61,0.0,4.0
3268,0.0934599999999999,7.61,0.0,4.0
3269,0.09156,7.7,0.006267036737229022,4.0
3270,0.08985,7.7,0.1242162382173997,4.0
3271,0.05911,7.7,1.5678912773808646,4.0
3272,0.00086,1.49,2.445368387371484,4.0
3273,-6e-05,1.49,3.66344573224476,4.0
3274,-0.00449,1.49,4.095718571785695,4.0
3275,-0.00496,0.9,4.341736452787473,4.0
3276,-0.01002,0.9,3.9928207805518836,4.0
3277,-0.0112699999999999,0.9,4.181369076490058,4.0
3278,-0.0058,0.75,3.517272172424335,4.0
3279,-0.0008,0.75,3.630912275113684,4.0
3280,0.00501,0.75,2.534655883022593,4.0
3281,0.0787699999999999,0.3,1.620236382413092,4.0
3282,0.09964,0.3,0.6255881897058947,4.0
3283,0.12138,0.3,0.22772626065690363,4.0
3284,0.13021,4.09,0.0,4.0
3285,0.1299,4.09,0.0,4.0
3286,0.1115999999999999,4.09,0.0,4.0
3287,0.10673,10.01,0.0,4.0
3288,0.10149,10.01,0.0,4.0
3289,0.0985699999999999,10.01,0.0,4.0
3290,0.0974,10.05,0.0,4.0
3291,0.09841,10.05,0.0,3.996648437500003
3292,0.09798,10.05,0.0,4.0
3293,0.0912999999999999,6.41,0.22325758062917853,4.0
3294,0.08716,6.41,0.6562595482977969,4.0
3295,0.06786,6.41,0.7821396853414911,4.0
3296,0.0101,4.73,0.7051127346559689,4.0
3297,0.0,4.73,0.7230942502475843,4.0
3298,-0.0002,4.73,1.1844393919088716,4.0
3299,-0.002,1.32,1.558232977118576,4.0
3300,-0.00737,1.32,0.8311686158766721,4.0
3301,-0.015,1.32,0.8414978583809805,4.0
3302,-0.00897,0.75,0.6853966810246713,4.0
3303,-0.0002,0.75,0.5698807907800537,4.0
3304,0.00967,0.75,0.581447816224644,4.0
3305,0.0913799999999999,1.24,0.6482898105265237,4.0
3306,0.1084,1.24,0.5105096824572303,4.0
3307,0.12517,1.24,0.1463398667065221,4.0
3308,0.13047,6.37,0.0,4.0
3309,0.11841,6.37,0.0,4.0
3310,0.10362,6.37,0.0,4.0
3311,0.11048,9.75,0.0,4.0
3312,0.10262,9.75,0.0,4.0
3313,0.0960999999999999,9.75,0.0,4.0
3314,0.09295,8.98,0.0,4.0
3315,0.09803,8.98,0.0,4.0
3316,0.10939,8.98,0.0,4.0
3317,0.13122,8.28,0.15833669953835192,4.0
3318,0.13722,8.28,0.5732915646683674,4.0
3319,0.11341,8.28,1.1139904514334438,4.0
3320,0.09369,0.44,2.068148077952697,4.0
3321,0.06959,0.44,2.8566143744746486,4.0
3322,0.02856,0.44,3.5604764800697817,4.0
3323,0.01277,0.17,4.809337074739181,4.0
3324,0.005,0.17,4.85698157945467,4.0
3325,0.008,0.17,4.855813626873402,4.0
3326,0.0281499999999999,0.09,4.049817492781227,4.0
3327,0.07298,0.09,2.5882181613553574,4.0
3328,0.09709,0.09,2.3998710980139792,4.0
3329,0.11449,0.0,1.3306122739807134,4.0
3330,0.14845,0.0,0.6588715677485972,4.0
3331,0.22911,0.0,0.27702061586246185,4.0
3332,0.15486,2.66,0.0,4.0
3333,0.12681,2.66,0.0,4.0
3334,0.11188,2.66,0.0,4.0
3335,0.11495,9.06,0.0,4.0
3336,0.10603,9.06,0.0,3.986108886718753
3337,0.1025,9.06,0.0,3.955643798828128
3338,0.10404,8.55,0.0,3.9672416992187527
3339,0.10914,8.55,0.0,3.953098632812503
3340,0.11896,8.55,0.0,3.999969970703128
3341,0.14321,8.5,0.20820019090430222,4.0
3342,0.13081,8.5,0.6854837151498337,4.0
3343,0.1,8.5,1.197054055350838,4.0
3344,0.0852,0.79,1.7299072387874632,4.0
3345,0.0615799999999999,0.79,2.6988189865603562,4.0
3346,0.01595,0.79,3.429474422875609,4.0
3347,0.00017,0.0,4.007448716314867,4.0
3348,1e-05,0.0,4.325175235087145,4.0
3349,8.999999999999999e-05,0.0,4.586992854036792,4.0
3350,0.00761,0.17,4.169160443721463,4.0
3351,0.06787,0.17,3.8082690797454557,4.0
3352,0.09715,0.17,2.743315588401268,4.0
3353,0.11179,0.58,1.606405232636608,4.0
3354,0.14123,0.58,0.577227762648791,4.0
3355,0.19225,0.58,0.09696422729576858,4.0
3356,0.14897,0.54,0.0,4.0
3357,0.12,0.54,0.0,4.0
3358,0.10793,0.54,0.0,3.996018554687503
3359,0.10793,8.38,0.0,3.9755253906250023
3360,0.10233,8.38,0.0,3.951849853515628
3361,0.0979,8.38,0.0,3.9087285156250022
3362,0.0949,10.09,0.0,3.890234863281246
3363,0.0937,10.09,0.0,3.8784355468750022
3364,0.10249,10.09,0.0,3.932063476562503
3365,0.11248,8.97,0.22032106926067935,4.0
3366,0.11654,8.97,0.8281986218704562,4.0
3367,0.10782,8.97,1.1617562105802461,4.0
3368,0.0848199999999999,0.81,2.046609163913219,4.0
3369,0.04222,0.81,2.551165826226089,4.0
3370,0.00015,0.81,3.9936212622936256,4.0
3371,-0.0001,0.31,4.164359336261389,4.0
3372,-0.0022,0.31,4.630561451120827,4.0
3373,-0.00153,0.31,5.722095261360496,4.0
3374,-1e-05,1.0,4.971113774173258,4.0
3375,0.00206,1.0,4.300971494786905,4.0
3376,0.04908,1.0,3.0181355886796313,4.0
3377,0.08632,0.08,1.889844207976859,4.0
3378,0.1001,0.08,0.6246100273018254,4.0
3379,0.11435,0.08,0.3541284955428187,4.0
3380,0.1102699999999999,4.76,0.0,4.0
3381,0.10072,4.76,0.0,4.0
3382,0.09,4.76,0.0,4.0
3383,0.09854,10.16,0.0,4.0
3384,0.08828,10.16,0.0,3.9633415527343776
3385,0.08365,10.16,0.0,3.890502197265628
3386,0.0815,10.99,0.0,3.864310791015628
3387,0.08334,10.99,0.0,3.838914062500003
3388,0.09,10.99,0.0,3.970442382812503
3389,0.10767,8.31,0.41346909330567105,4.0
3390,0.10601,8.31,1.3882057563454524,4.0
3391,0.09816,8.31,2.0762605577585753,4.0
3392,0.05454,2.43,3.3166026243802964,4.0
3393,0.00166,2.43,3.781706979981676,4.0
3394,1e-05,2.43,4.3929273245686,4.0
3395,-0.00191,3.42,4.417223915763934,4.0
3396,-0.01277,3.42,3.4961644401988057,4.0
3397,-0.0154,3.42,3.2700709928605463,4.0
3398,-0.0109,0.56,2.1615542375467616,4.0
3399,-0.00299,0.56,1.6749438767785951,4.0
3400,-1e-05,0.56,0.8359865297160558,4.0
3401,0.05,2.8,0.34165239059810015,4.0
3402,0.10684,2.8,0.09972685844028872,4.0
3403,0.115,2.8,0.0,4.0
3404,0.12725,9.91,0.0,4.0
3405,0.11748,9.91,0.0,4.0
3406,0.10323,9.91,0.0,4.0
3407,0.1011,10.92,0.0,4.0
3408,0.0931599999999999,10.92,0.0,4.0
3409,0.08712,10.92,0.0,4.0
3410,0.08656,11.52,0.0,4.0
3411,0.09308,11.52,0.0,4.0
3412,0.10682,11.52,0.0,4.0
3413,0.12849,8.67,0.2148646452504049,4.0
3414,0.1328,8.67,0.43736706830961436,4.0
3415,0.11467,8.67,1.3055850056013067,4.0
3416,0.0859,2.32,2.2475236621622408,4.0
3417,0.07,2.32,2.6396862371897485,4.0
3418,0.0540499999999999,2.32,3.0800238693293207,4.0
3419,0.0134399999999999,0.37,4.01882074161507,4.0
3420,0.00062,0.37,4.364673415174172,4.0
3421,0.0,0.37,5.150612926042251,4.0
3422,0.0,1.08,3.8456033635319145,4.0
3423,0.02533,1.08,3.0168386561192007,4.0
3424,0.07191,1.08,2.511860938640786,4.0
3425,0.0975999999999999,2.55,1.7162746925661485,4.0
3426,0.11436,2.55,0.709079594587394,4.0
3427,0.13047,2.55,0.36366978037137904,4.0
3428,0.13929,8.89,0.0,4.0
3429,0.12693,8.89,0.0,4.0
3430,0.108,8.89,0.0,4.0
3431,0.09899,10.59,0.0,4.0
3432,0.09476,10.59,0.0,4.0
3433,0.08874,10.59,0.0,3.975803710937503
3434,0.08422,10.06,0.0,3.9337810058593776
3435,0.08293,10.06,0.0,3.9024479980468776
3436,0.0807099999999999,10.06,0.0,3.976404296875003
3437,0.0820699999999999,3.38,0.4506119464023851,4.0
3438,0.0769,3.38,1.4004627407569856,4.0
3439,0.06209,3.38,2.605614889158773,4.0
3440,0.01226,0.94,3.888050260677542,4.0
3441,-1e-05,0.94,4.4913996928728706,4.0
3442,-0.00011,0.94,4.9682230747773755,4.0
3443,-0.00015,0.76,5.314883155406246,4.0
3444,-0.00019,0.76,4.821173742438153,4.0
3445,-0.00039,0.76,4.238829354068515,4.0
3446,-0.00177,6.55,4.618384433879434,4.0
3447,-0.00039,6.55,3.4853328823242324,4.0
3448,0.04867,6.55,3.1461634159076715,4.0
3449,0.08534,7.49,1.5217258595494971,4.0
3450,0.10908,7.49,0.7190674366079377,4.0
3451,0.111,7.49,0.27730656986498253,4.0
3452,0.10792,3.28,0.0,4.0
3453,0.09206,3.28,0.0,4.0
3454,0.07967,3.28,0.0,4.0
3455,0.02382,3.61,0.0,4.0
3456,0.0229,3.61,0.0,4.0
3457,0.01439,3.61,0.0,3.988690673828128
3458,0.00838,1.78,0.0,3.962645751953128
3459,0.0039,1.78,0.0,3.920304443359378
3460,0.00211,1.78,0.0,3.998102294921878
3461,0.00117,1.76,0.1509226866586376,4.0
3462,0.00121,1.76,0.4076894803112094,4.0
3463,3e-05,1.76,0.6300524286149061,4.0
3464,0.0,0.53,0.3352267629703017,4.0
3465,-0.00061,0.53,0.6575335306519925,4.0
3466,-0.0006,0.53,0.6165086499995569,4.0
3467,-0.00025,0.65,0.8604686150398072,4.0
3468,-0.00319,0.65,1.0711911752156116,4.0
3469,-0.00505,0.65,1.5603281677896135,4.0
3470,-0.00495,0.09,1.5541027822711082,4.0
3471,-0.00137,0.09,1.9663457083438565,4.0
3472,0.0,0.09,0.9424680840592954,4.0
3473,0.01172,0.0,1.1017908647949357,4.0
3474,0.09295,0.0,0.6713343752132147,4.0
3475,0.1,0.0,0.20140326180236426,4.0
3476,0.1074099999999999,2.49,0.0,4.0
3477,0.10223,2.49,0.0,4.0
3478,0.09292,2.49,0.0,4.0
3479,0.08813,6.25,0.0,4.0
3480,0.07912,6.25,0.0,4.0
3481,0.07321,6.25,0.0,4.0
3482,0.07183,7.06,0.0,3.9952458496093777
3483,0.0767,7.06,0.0,3.975682861328128
3484,0.08548,7.06,0.0,3.9834831542968776
3485,0.1162,6.97,0.15835845030641438,4.0
3486,0.14317,6.97,0.6313437971171131,4.0
3487,0.12991,6.97,0.6826740277325358,4.0
3488,0.0914099999999999,0.9,1.3439153747668582,4.0
3489,0.01617,0.9,1.4187302516810634,4.0
3490,5e-05,0.9,2.1959305878867865,4.0
3491,-0.0004199999999999,0.76,2.5865961759095444,4.0
3492,-0.00145,0.76,3.1253276611531478,4.0
3493,-0.0011799999999999,0.76,3.812850230718602,4.0
3494,-0.00082,0.23,3.626897474112018,4.0
3495,0.0,0.23,3.669657517620491,4.0
3496,0.01765,0.23,2.9462565214793166,4.0
3497,0.09576,0.09,1.7036419475250997,4.0
3498,0.1193299999999999,0.09,0.7713563029262269,4.0
3499,0.16987,0.09,0.13746375419658077,4.0
3500,0.16157,1.87,0.0,4.0
3501,0.11938,1.87,0.0,4.0
3502,0.09886,1.87,0.0,3.910200683593753
3503,0.08851,4.42,0.0,3.856591064453128
3504,0.07392,4.42,0.0,3.825873291015628
3505,0.06202,4.42,0.0,3.829799072265628
3506,0.0619799999999999,5.33,0.0,3.837046386718753
3507,0.0677,5.33,0.0,3.8470805664062526
3508,0.0622,5.33,0.0,3.994784423828128
3509,0.0677,5.11,0.4461804279870644,4.0
3510,0.0739,5.11,1.3632374416829978,4.0
3511,0.06863,5.11,2.48705048175074,4.0
3512,0.05017,1.38,3.736242189823644,4.0
3513,0.00426,1.38,4.381434288038592,4.0
3514,0.00319,1.38,4.330783655645338,4.0
3515,3e-05,0.19,3.8979128709745026,4.0
3516,2e-05,0.19,3.7565188856548875,4.0
3517,8.999999999999999e-05,0.19,4.04384143743725,4.0
3518,0.00314,0.1,4.107757448648402,4.0
3519,0.05517,0.1,3.3882914986951174,4.0
3520,0.08455,0.1,2.544799864043557,4.0
3521,0.103,3.4,1.4660828074350365,4.0
3522,0.12264,3.4,0.7942194395864574,4.0
3523,0.1376,3.4,0.16062577472365575,4.0
3524,0.11116,3.26,0.0,4.0
3525,0.10034,3.26,0.0,4.0
3526,0.08241,3.26,0.0,4.0
3527,0.07643,2.83,0.0,4.0
3528,0.06901,2.83,0.0,4.0
3529,0.06739,2.83,0.0,4.0
3530,0.0610099999999999,3.76,0.0,4.0
3531,0.06519,3.76,0.0,3.980297119140628
3532,0.07252,3.76,0.0,4.0
3533,0.0928499999999999,3.05,0.38386947779530706,4.0
3534,0.10009,3.05,1.1831070843153555,4.0
3535,0.095,3.05,2.1786548905216403,4.0
3536,0.09,1.59,3.181160413917823,4.0
3537,0.07648,1.59,3.807220194669938,4.0
3538,0.07146,1.59,4.551682087703726,4.0
3539,0.06567,0.42,5.291059603699576,4.0
3540,0.05803,0.42,3.786190928443827,4.0
3541,0.05321,0.42,3.018946146347046,4.0
3542,0.0421,0.34,2.4695948831209504,4.0
3543,0.06728,0.34,1.5748701386247501,4.0
3544,0.0837,0.34,1.6140556893851743,4.0
3545,0.0949899999999999,1.18,1.31419315621368,4.0
3546,0.11483,1.18,0.4300028116560197,4.0
3547,0.13483,1.18,0.12970140484045076,4.0
3548,0.13991,4.49,0.0,3.975129882812503
3549,0.12429,4.49,0.0,3.8956621093750026
3550,0.10427,4.49,0.0,3.826653320312503
3551,0.09913,8.93,0.0,3.7787565917968777
3552,0.0948,8.93,0.0,3.733661376953128
3553,0.09206,8.93,0.0,3.6940593261718777
3554,0.0915499999999999,8.9,0.0,3.705756103515628
3555,0.09154,8.9,0.0,3.669797851562503
3556,0.09136,8.9,0.0,3.721459228515628
3557,0.08946,4.68,0.4810690393998844,3.852980224609378
3558,0.08649,4.68,1.38070387699759,4.0
3559,0.08295,4.68,2.64804937889682,4.0
3560,0.06283,0.94,3.183767517304222,4.0
3561,0.01993,0.94,3.4486716410418854,4.0
3562,0.00171,0.94,4.816404059617966,4.0
3563,3e-05,1.34,5.605772725176218,4.0
3564,-0.0016799999999999,1.34,5.087234472263512,4.0
3565,-0.00199,1.34,3.8176799159821493,4.0
3566,-0.00198,0.19,2.5993178088248396,4.0
3567,-0.00109,0.19,2.021260870007397,4.0
3568,0.0231299999999999,0.19,0.8691974774287011,4.0
3569,0.0655,0.21,0.3305327496860834,4.0
3570,0.0802,0.21,0.14058221357371373,4.0
3571,0.07717,0.21,0.0831668650946589,4.0
3572,0.07373,1.43,0.0,4.0
3573,0.0766599999999999,1.43,0.0,4.0
3574,0.0575,1.43,0.0,4.0
3575,0.04542,2.38,0.0,4.0
3576,0.02567,2.38,0.0,4.0
3577,0.03299,2.38,0.0,4.0
3578,0.03395,2.7,0.0,4.0
3579,0.03739,2.7,0.0,4.0
3580,0.05508,2.7,0.0,4.0
3581,0.06973,3.1,0.022379651845533744,4.0
3582,0.06838,3.1,0.14355765691108957,4.0
3583,0.0530099999999999,3.1,0.7700426769707073,4.0
3584,0.02913,0.17,0.0,4.0
3585,0.00183,0.17,1.973856867715586,4.0
3586,-2e-05,0.17,1.0633560126172465,4.0
3587,-0.00101,0.09,1.7917199527293561,4.0
3588,-0.0031,0.09,2.64674466162743,4.0
3589,-0.003,0.09,1.2433004848029545,4.0
3590,-0.00134,1.19,1.7780721943342699,4.0
3591,-4e-05,1.19,0.9361187336094902,4.0
3592,0.00588,1.19,0.7773584192742493,4.0
3593,0.07352,0.57,1.0049269004519628,4.0
3594,0.11184,0.57,0.8002615695828454,4.0
3595,0.13695,0.57,0.213167671061119,4.0
3596,0.14589,0.06,0.0,4.0
3597,0.13019,0.06,0.0,4.0
3598,0.10815,0.06,0.0,4.0
3599,0.107,0.41,0.0,3.988514892578128
3600,0.09994,0.41,0.0,3.9554313964843777
3601,0.09875,0.41,0.0,3.925321533203128
3602,0.0990699999999999,3.78,0.0,3.8952116699218777
3603,0.09991,3.78,0.0,3.8547966308593775
3604,0.09829,3.78,0.0,3.920912353515628
3605,0.09479,3.77,0.28193981380649297,4.0
3606,0.08461,3.77,1.028230847848151,4.0
3607,0.055,3.77,1.902151481928649,4.0
3608,0.001,0.62,2.308212860943666,4.0
3609,-2e-05,0.62,3.50591042363455,4.0
3610,-0.001,0.62,4.152189767308852,4.0
3611,-0.00307,0.08,5.092283093307633,4.0
3612,-0.01317,0.08,4.623369714238706,4.0
3613,-0.00775,0.08,5.20156540305815,4.0
3614,-0.003,0.08,4.198059531286724,4.0
3615,-5e-05,0.08,2.819209432192768,4.0
3616,0.0414,0.08,2.6347040198583387,4.0
3617,0.08885,0.16,1.802444746153281,4.0
3618,0.13141,0.16,0.8470068751987884,4.0
3619,0.19235,0.16,0.21001539210596046,4.0
3620,0.19237,0.06,0.0,4.0
3621,0.13349,0.06,0.0,4.0
3622,0.10206,0.06,0.0,3.976265136718753
3623,0.09253,0.0,0.0,3.939574462890628
3624,0.08522,0.0,0.0,3.9097978515625034
3625,0.0771299999999999,0.0,0.0,3.890743896484378
3626,0.07409,0.5,0.0,3.881281005859378
3627,0.07266,0.5,0.0,3.891959716796878
3628,0.06611,0.5,0.0,3.945510742187503
3629,0.03584,0.03,0.2332055326338264,4.0
3630,0.013,0.03,0.88567575069376,4.0
3631,0.0024,0.03,0.753139182538374,4.0
3632,-1e-05,2.12,1.6037148701599726,4.0
3633,-0.0006,2.12,2.207823935568994,4.0
3634,-0.00211,2.12,3.157032681539857,4.0
3635,-0.00548,0.19,5.314612439566007,4.0
3636,-0.01293,0.19,5.628455092855344,4.0
3637,-0.02041,0.19,5.021368542056829,4.0
3638,-0.0156099999999999,0.0,3.927132235882603,4.0
3639,-0.006,0.0,2.8975384133015734,4.0
3640,-0.00099,0.0,2.4452800553563705,4.0
3641,0.01923,0.0,1.4234706854687047,4.0
3642,0.0788499999999999,0.0,0.7314998253584345,4.0
3643,0.09366,0.0,0.23146505406836163,4.0
3644,0.10686,0.52,0.0,4.0
3645,0.10593,0.52,0.0,4.0
3646,0.09049,0.52,0.0,4.0
3647,0.08176,3.37,0.0,4.0
3648,0.07531,3.37,0.0,4.0
3649,0.075,3.37,0.0,4.0
3650,0.07775,8.16,0.0,4.0
3651,0.08305,8.16,0.0,4.0
3652,0.09193,8.16,0.0,4.0
3653,0.10815,9.8,0.03098632024441696,4.0
3654,0.1179,9.8,0.1539228092648107,4.0
3655,0.1023599999999999,9.8,0.47387722726611997,4.0
3656,0.0856,1.53,1.0198930220877769,4.0
3657,0.05747,1.53,1.336277141175958,4.0
3658,0.03321,1.53,1.8594403220833975,4.0
3659,0.02,0.34,1.7290602347158297,4.0
3660,0.01278,0.34,2.071399121290324,4.0
3661,0.011,0.34,2.6617531562711694,4.0
3662,0.01975,0.03,1.609110552512726,4.0
3663,0.05584,0.03,2.1340568548486196,4.0
3664,0.0828,0.03,1.606677948338712,4.0
3665,0.09495,0.83,0.9053958493493083,4.0
3666,0.1093199999999999,0.83,0.47692909048418636,4.0
3667,0.19591,0.83,0.16506464291745696,4.0
3668,0.24537,1.93,0.0,4.0
3669,0.14166,1.93,0.0,4.0
3670,0.11004,1.93,0.0,4.0
3671,0.1114899999999999,8.12,0.0,4.0
3672,0.10991,8.12,0.0,4.0
3673,0.10202,8.12,0.0,4.0
3674,0.09923,8.61,0.0,4.0
3675,0.09489,8.61,0.0,4.0
3676,0.1076,8.61,0.0,4.0
3677,0.13076,4.18,0.08477935118120747,4.0
3678,0.11685,4.18,0.42152930096322644,4.0
3679,0.08598,4.18,0.6111473658826714,4.0
3680,0.05946,0.42,1.161046791810446,4.0
3681,0.002,0.42,1.8928986980505282,4.0
3682,-5e-05,0.42,2.9979477533051346,4.0
3683,-0.00101,0.42,3.358380271627046,4.0
3684,-0.003,0.42,3.9646488375118163,4.0
3685,-0.00432,0.42,4.06218935047052,4.0
3686,-0.00133,1.0,3.611584537408879,4.0
3687,0.0,1.0,3.281040461990654,4.0
3688,0.066,1.0,2.4289494906915143,4.0
3689,0.08779,0.78,1.90685624283566,4.0
3690,0.10941,0.78,0.8183247696170222,4.0
3691,0.1329,0.78,0.23728405699543317,4.0
3692,0.11229,0.61,0.0,4.0
3693,0.10612,0.61,0.0,4.0
3694,0.0954899999999999,0.61,0.0,4.0
3695,0.07495,0.6,0.0,3.907629882812503
3696,0.06725,0.6,0.0,3.819043457031246
3697,0.06478,0.6,0.0,3.775248291015628
3698,0.065,4.85,0.0,3.7445122070312458
3699,0.0683199999999999,4.85,0.0,3.719701416015628
3700,0.0803199999999999,4.85,0.0,3.773087646484378
3701,0.09977,4.68,0.3722592204219233,3.8182451171875034
3702,0.11374,4.68,0.7684617543680408,3.910669433593753
3703,0.1124,4.68,1.2886595729806427,3.9628142089843776
3704,0.07908,0.63,1.6848695407186998,4.0
3705,0.0724,0.63,2.722654889884128,4.0
3706,0.04836,0.63,3.2331380428090126,4.0
3707,0.02012,0.17,3.384078339831465,4.0
3708,0.0096899999999999,0.17,3.9272783422646134,4.0
3709,0.01826,0.17,3.59209663442607,4.0
3710,0.04335,0.54,2.555552722079181,4.0
3711,0.0724,0.54,2.3955031203966755,4.0
3712,0.09145,0.54,1.6219299793426805,4.0
3713,0.1089099999999999,0.19,1.1467457637601253,4.0
3714,0.14598,0.19,0.5010436496946155,4.0
3715,0.19285,0.19,0.18464195720231483,4.0
3716,0.13882,1.86,0.0,4.0
3717,0.11243,1.86,0.0,4.0
3718,0.09408,1.86,0.0,4.0
3719,0.09767,4.48,0.0,3.996622802734378
3720,0.0927,4.48,0.0,3.978967773437503
3721,0.08684,4.48,0.0,3.960159179687503
3722,0.0861,5.89,0.0,3.938856689453128
3723,0.08701,5.89,0.0,3.921044189453128
3724,0.08809,5.89,0.0,3.960115234375003
3725,0.11378,3.27,0.20952041759967208,4.0
3726,0.12903,3.27,0.7350105872676711,4.0
3727,0.1166,3.27,0.8892066031878204,4.0
3728,0.08303,0.76,1.7022163139584459,4.0
3729,0.066,0.76,3.264002106993745,4.0
3730,0.04618,0.76,4.04985012387344,4.0
3731,0.02,0.88,5.149452440809602,4.0
3732,0.01103,0.88,4.42576368735416,4.0
3733,0.00707,0.88,4.141568659089094,4.0
3734,0.01987,0.83,3.531197890172659,4.0
3735,0.0575,0.83,2.321449189668282,4.0
3736,0.08108,0.83,2.258099759101116,4.0
3737,0.10094,0.58,1.473830561577247,4.0
3738,0.11219,0.58,0.7506725137813552,4.0
3739,0.1364,0.58,0.23152073791709243,4.0
3740,0.10695,0.98,0.003412151835295356,4.0
3741,0.09637,0.98,0.0,4.0
3742,0.08136,0.98,0.0,4.0
3743,0.07629,4.53,0.0,4.0
3744,0.06612,4.53,0.0,4.0
3745,0.06086,4.53,0.0,4.0
3746,0.05527,3.07,0.0,4.0
3747,0.05278,3.07,0.0,4.0
3748,0.0637,3.07,0.0,4.0
3749,0.06702,4.31,0.17800785265274657,4.0
3750,0.07443,4.31,0.31367663166034415,4.0
3751,0.0596099999999999,4.31,0.629694340081622,4.0
3752,0.00394,2.2,0.7159415203088889,4.0
3753,-1e-05,2.2,0.891693784777614,4.0
3754,-0.00027,2.2,1.3806208607658936,4.0
3755,-0.00207,0.28,1.252481354318434,4.0
3756,-0.0049299999999999,0.28,2.0725276743368917,4.0
3757,-0.0050599999999999,0.28,1.9039056191803718,4.0
3758,-0.00496,0.84,2.081350287736941,4.0
3759,-0.001,0.84,1.2803809478154016,4.0
3760,0.0,0.84,0.9468027151454623,4.0
3761,0.05047,0.0,0.43336497723781975,4.0
3762,0.08419,0.0,0.3020800508997691,4.0
3763,0.1125699999999999,0.0,0.1371717608193151,4.0
3764,0.12929,0.95,0.0,4.0
3765,0.12572,0.95,0.0,3.8552983398437526
3766,0.10324,0.95,0.0,3.893992187500003
3767,0.08761,7.33,0.0,3.7927788085937526
3768,0.0835,7.33,0.0,3.678616210937503
3769,0.0780199999999999,7.33,0.0,3.5944060058593776
3770,0.08189,5.93,0.0,3.505914794921878
3771,0.08227,5.93,0.0,3.430167724609378
3772,0.08199,5.93,0.0,3.6368608398437527
3773,0.08547,4.84,0.41502244301498153,3.916561767578128
3774,0.08674,4.84,1.2021749496967398,4.0
3775,0.07986,4.84,2.217483925910555,4.0
3776,0.0653,2.79,3.081759087103268,4.0
3777,0.03053,2.79,3.8852944747256233,4.0
3778,0.0094399999999999,2.79,4.93067579660099,4.0
3779,0.0011899999999999,0.6,5.885552323796701,4.0
3780,-1e-05,0.6,6.007611415415167,4.0
3781,-2e-05,0.6,6.762703829174121,4.0
3782,-2e-05,0.08,4.5206376857909545,4.0
3783,-0.00087,0.08,4.642991114109497,4.0
3784,0.02691,0.08,3.1690042392338693,4.0
3785,0.0701,1.16,1.9576094245604272,4.0
3786,0.08501,1.16,0.9121752275277004,4.0
3787,0.1099,1.16,0.184050741407167,4.0
3788,0.11026,5.31,0.01354223763737185,4.0
3789,0.09801,5.31,0.0,3.912456542968753
3790,0.08009,5.31,0.0,3.781576416015628
3791,0.09384,4.86,0.0,3.717610351562503
3792,0.083,4.86,0.0,3.655328857421878
3793,0.07686,4.86,0.0,3.5902751464843776
3794,0.06974,4.03,0.0,3.526459228515628
3795,0.06702,4.03,0.0,3.475017578125003
3796,0.0556599999999999,4.03,0.0,3.634432861328128
3797,0.03902,6.17,0.5789652180543556,4.0
3798,0.0037099999999999,6.17,1.5342495557163178,4.0
3799,0.0,6.17,2.641242111434259,4.0
3800,-0.0005,3.28,3.9672876153368968,4.0
3801,-0.002,3.28,4.993941223528575,4.0
3802,-0.00821,3.28,5.105322351517826,4.0
3803,-0.01992,3.21,4.984212711315004,4.0
3804,-0.0399799999999999,3.21,4.370246348926815,4.0
3805,-0.05256,3.21,5.0761908754673986,4.0
3806,-0.05306,1.49,4.10578812753858,4.0
3807,-0.03889,1.49,3.1448618319638992,4.0
3808,-0.01671,1.49,2.823562320163362,4.0
3809,-1e-05,3.17,1.7603671722542795,4.0
3810,0.03965,3.17,0.8911000024204793,4.0
3811,0.06088,3.17,0.14378632769728503,4.0
3812,0.06955,6.34,0.02373880467362899,4.0
3813,0.0650699999999999,6.34,0.0,3.945023681640628
3814,0.05113,6.34,0.0,3.820940429687503
3815,0.0048,10.17,0.0,3.742684814453128
3816,0.00415,10.17,0.0,3.681545898437503
3817,0.00419,10.17,0.0,3.603726074218753
3818,0.0042699999999999,8.14,0.0,3.571005126953128
3819,0.01342,8.14,0.0,3.577523681640628
3820,0.0322,8.14,0.0006723845602168353,3.7544658203125034
3821,0.0449699999999999,5.46,0.5819382811638981,4.0
3822,0.04004,5.46,1.5428158007226205,4.0
3823,0.00297,5.46,2.728261153694102,4.0
3824,-0.00062,0.91,4.017718701027197,4.0
3825,-0.00114,0.91,5.249800212058962,4.0
3826,-0.00414,0.91,6.242994252678224,4.0
3827,-0.01,0.22,6.544307318437046,4.0
3828,-0.01933,0.22,7.121348488541243,4.0
3829,-0.01576,0.22,6.644828056974999,4.0
3830,-0.0045,0.25,4.827954960578156,4.0
3831,-0.001,0.25,3.7573857568055558,4.0
3832,8.999999999999999e-05,0.25,2.2835368372418423,4.0
3833,0.06954,0.25,1.5506318687159155,4.0
3834,0.11779,0.25,0.9121028663537512,4.0
3835,0.1414,0.25,0.26486654583254654,4.0
3836,0.14842,2.78,0.003007694997418346,4.0
3837,0.12652,2.78,0.0,4.0
3838,0.10119,2.78,0.0,4.0
3839,0.08665,10.27,0.0,3.938479492187503
3840,0.0780699999999999,10.27,0.0,3.871473876953128
3841,0.06966,10.27,0.0,3.7735417480468776
3842,0.05995,6.48,0.0,3.7005485839843777
3843,0.05416,6.48,0.0,3.639523193359378
3844,0.06218,6.48,0.0,3.7438054199218778
3845,0.07462,3.06,0.5454837685264644,3.888821289062503
3846,0.08279,3.06,1.434842837807148,4.0
3847,0.08317,3.06,2.783012043587205,4.0
3848,0.069,0.16,4.092698689314734,4.0
3849,0.02221,0.16,5.246529970963458,4.0
3850,0.0001,0.16,6.043620909907698,4.0
3851,-0.00019,0.01,6.574771363706726,4.0
3852,-0.00233,0.01,7.020382933604077,4.0
3853,-0.00426,0.01,6.776753182182871,4.0
3854,-0.00104,0.05,6.133072099117157,4.0
3855,3e-05,0.05,4.874098290255674,4.0
3856,0.05399,0.05,3.8236914310128394,4.0
3857,0.0696,0.55,2.3215057182390963,4.0
3858,0.08208,0.55,0.7981289272915898,4.0
3859,0.08397,0.55,0.12088733149934472,4.0
3860,0.09128,2.71,0.0348989143190659,3.987240478515628
3861,0.09794,2.71,0.0,3.888275634765628
3862,0.08531,2.71,0.0,3.779818603515628
3863,0.07301,9.3,0.0,3.7032292480468776
3864,0.07138,9.3,0.0,3.682120849609378
3865,0.07058,9.3,0.0,3.645452148437503
3866,0.06986,9.63,0.0,3.631444580078128
3867,0.07359,9.63,0.0,3.656420166015628
3868,0.0836,9.63,0.0,3.780536376953128
3869,0.10126,7.3,0.5412836805565014,3.983512451171878
3870,0.1077999999999999,7.3,1.40949558543247,4.0
3871,0.08509,7.3,1.5493753814319504,4.0
3872,0.0667,1.08,1.7843780041448973,4.0
3873,0.02298,1.08,2.0005941453326677,4.0
3874,0.0013,1.08,1.5057954387606205,4.0
3875,-0.0003599999999999,0.07,0.9333634831070651,4.0
3876,-0.0009699999999999,0.07,1.0472610542576326,4.0
3877,-0.0034,0.07,1.091600719129722,4.0
3878,-0.0024,0.0,0.7661454266284303,3.978231689453128
3879,-1e-05,0.0,0.5795705787785883,3.993770019531246
3880,0.06647,0.0,1.5181200017451,3.975580322265628
3881,0.08934,0.0,1.6848379746228994,3.866313964843753
3882,0.13228,0.0,0.958821720071823,3.7685612792968777
3883,0.217,0.0,0.31264505142894944,3.753235351562503
3884,0.18,1.12,0.0,3.7449333496093775
3885,0.11934,1.12,0.0,3.721155273437503
3886,0.0940699999999999,1.12,0.0,3.6768291015625034
3887,0.0929099999999999,5.39,0.0,3.6441337890625034
3888,0.0877,5.39,0.0,3.617122070312503
3889,0.08543,5.39,0.0,3.566134521484378
3890,0.08485,3.78,0.0,3.525997802734377
3891,0.08906,3.78,0.0,3.497550537109378
3892,0.092,3.78,0.0,3.5565141601562527
3893,0.11485,3.36,0.5396706631186236,3.6858085937500022
3894,0.1043,3.36,1.4287684097071927,3.8625310058593776
3895,0.07886,3.36,2.4021836043479228,3.988544189453128
3896,0.03609,0.67,3.5064714594489326,4.0
3897,0.0,0.67,4.1994575390378195,4.0
3898,-0.002,0.67,5.1672384405499,4.0
3899,-0.01591,0.75,5.473220430012167,4.0
3900,-0.0278999999999999,0.75,5.231063020694615,4.0
3901,-0.02547,0.75,5.747274845133986,4.0
3902,-0.01157,1.42,5.374530566503568,4.0
3903,-0.00278,1.42,4.302973236584349,4.0
3904,0.0149,1.42,3.220114268662658,4.0
3905,0.0799599999999999,0.8,2.088246813445264,4.0
3906,0.11255,0.8,0.8627479210713023,4.0
3907,0.132,0.8,0.18321686793990424,3.932473632812503
3908,0.111,0.11,0.0366088912303821,3.8176335449218777
3909,0.105,0.11,0.0,3.760530273437503
3910,0.0869,0.11,0.0,3.668933593750003
3911,0.07029,0.0,0.0,3.587843505859378
3912,0.05525,0.0,0.0,3.534032470703128
3913,0.05861,0.0,0.0,3.4959282226562527
3914,0.06342,0.42,0.0,3.4624199218750027
3915,0.06384,0.42,0.0,3.4353569335937526
3916,0.07071,0.42,0.0,3.547860595703128
3917,0.08368,0.31,0.4420647231692523,3.653984863281246
3918,0.08726,0.31,1.0574718065702733,3.8337358398437527
3919,0.07739,0.31,2.3382741963908407,3.975803710937503
3920,0.04003,1.08,3.363963191796169,4.0
3921,0.0040999999999999,1.08,4.218811775192986,4.0
3922,-3e-05,1.08,5.230935274602984,4.0
3923,-0.0020499999999999,2.33,5.227910984532637,4.0
3924,-0.00609,2.33,4.744891961085652,4.0
3925,-0.00601,2.33,4.659012434081576,4.0
3926,-0.0023799999999999,1.17,4.033333060390669,4.0
3927,-1e-05,1.17,3.261641904186825,4.0
3928,0.0359,1.17,2.596894388899274,4.0
3929,0.08004,0.67,1.8060385979579445,4.0
3930,0.1089,0.67,0.9657922550905801,4.0
3931,0.11119,0.67,0.2952713196292872,3.915041992187503
3932,0.0949,0.33,0.03167721514765064,3.7877214355468776
3933,0.09,0.33,0.0,3.6600493164062526
3934,0.0713,0.33,0.0,3.5347392578125025
3935,0.07399,0.4,0.0,3.4297685546875027
3936,0.0712,0.4,0.0,3.3582329101562527
3937,0.06615,0.4,0.0,3.298672363281246
3938,0.06688,0.12,0.0,3.234724609375003
3939,0.06806,0.12,0.0,3.2003300781250026
3940,0.06452,0.12,0.006008877267739608,3.3909978027343777
3941,0.05468,0.53,0.5861723143279733,3.799033691406253
3942,0.0203,0.53,1.558259237157309,4.0
3943,0.00774,0.53,2.695439420139894,4.0
3944,0.0,2.58,3.9545297694772326,4.0
3945,-0.00202,2.58,5.181280675433132,4.0
3946,-0.00908,2.58,5.036748419018289,4.0
3947,-0.03572,2.25,4.683819961322642,4.0
3948,-0.038,2.25,3.099341610548791,4.0
3949,-0.02575,2.25,3.161858187427336,4.0
3950,-0.0067,0.0,2.91987181231286,4.0
3951,-0.00037,0.0,2.7880986943600905,4.0
3952,0.00886,0.0,2.1395123763035184,4.0
3953,0.08338,0.36,1.5314799415716052,4.0
3954,0.1215499999999999,0.36,0.8590651867124786,4.0
3955,0.12727,0.36,0.31434848085949607,4.0
3956,0.11768,0.67,0.013616831844623279,4.0
3957,0.12139,0.67,0.0,4.0
3958,0.109,0.67,0.0,4.0
3959,0.09193,0.53,0.0,4.0
3960,0.08887,0.53,0.0,4.0
3961,0.08723,0.53,0.0,4.0
3962,0.09094,0.11,0.0,4.0
3963,0.0919899999999999,0.11,0.0,4.0
3964,0.09215,0.11,0.0,4.0
3965,0.08499,5.23,0.1373462968535378,4.0
3966,0.0662099999999999,5.23,0.27397018246303684,4.0
3967,0.05386,5.23,0.7467348810067231,4.0
3968,0.00555,2.88,2.242545835237,4.0
3969,0.0,2.88,2.1550133444052784,4.0
3970,-2e-05,2.88,1.5176018095454433,4.0
3971,-0.00122,0.0,1.2781710128207069,4.0
3972,-0.00561,0.0,1.2257730456123779,4.0
3973,-0.005,0.0,1.5990076359530012,4.0
3974,-0.002,0.03,1.654384863137119,4.0
3975,-1e-05,0.03,1.1525337706550816,4.0
3976,0.05479,0.03,1.5892089712654793,4.0
3977,0.09643,0.47,1.5329012716608545,4.0
3978,0.109,0.47,0.7081939774376405,4.0
3979,0.11459,0.47,0.2558718162190808,4.0
3980,0.13543,0.22,0.016991299132287647,4.0
3981,0.12763,0.22,0.0,4.0
3982,0.10654,0.22,0.0,4.0
3983,0.10572,2.69,0.0,4.0
3984,0.09164,2.69,0.0,4.0
3985,0.08694,2.69,0.0,4.0
3986,0.084,8.74,0.0,4.0
3987,0.08328,8.74,0.0,4.0
3988,0.08839,8.74,0.0,4.0
3989,0.11243,4.85,0.3426612182017508,4.0
3990,0.1234899999999999,4.85,1.0967516871123302,4.0
3991,0.10892,4.85,2.2439184736345963,4.0
3992,0.08449,0.38,3.5018987422162313,4.0
3993,0.06028,0.38,4.80860940129517,4.0
3994,0.01402,0.38,5.128558479292452,4.0
3995,0.00162,0.0,4.794581915880696,4.0
3996,7.000000000000001e-05,0.0,4.12402143528745,4.0
3997,0.0,0.0,3.174423143056843,4.0
3998,0.0,1.0,2.917696596745828,4.0
3999,0.0136099999999999,1.0,2.753105369069104,4.0
4000,0.07,1.0,2.4520644818984385,4.0
4001,0.08924,0.52,1.498104463638494,4.0
4002,0.116,0.52,0.8675176953932365,4.0
4003,0.1861,0.52,0.26109095572065616,4.0
4004,0.19,0.99,0.019955362746065557,4.0
4005,0.12918,0.99,0.0,4.0
4006,0.1069,0.99,0.0,4.0
4007,0.10398,1.5,0.0,4.0
4008,0.09826,1.5,0.0,4.0
4009,0.09495,1.5,0.0,4.0
4010,0.09419,4.22,0.0,4.0
4011,0.0952399999999999,4.22,0.0,4.0
4012,0.10251,4.22,0.0,4.0
4013,0.11876,4.91,0.2978221761833783,4.0
4014,0.10701,4.91,0.8771857766822212,4.0
4015,0.09859,4.91,1.760678165859648,4.0
4016,0.07074,0.01,2.573978926812801,4.0
4017,0.00434,0.01,3.6940956306177175,4.0
4018,-0.00061,0.01,4.163062546893805,4.0
4019,-0.00086,0.92,2.703634049541272,4.0
4020,-0.00491,0.92,1.4688884197405903,4.0
4021,-0.0062,0.92,0.8453256319861028,4.0
4022,-0.00256,1.33,0.8910375162336452,4.0
4023,0.00865,1.33,0.811529256976142,4.0
4024,0.07923,1.33,1.4041870049865335,4.0
4025,0.10336,1.09,1.862224004218339,4.0
4026,0.12908,1.09,0.9407661408831601,4.0
4027,0.2418,1.09,0.33317131711084835,4.0
4028,0.2413799999999999,0.24,0.02845658094326107,4.0
4029,0.13819,0.24,0.0,4.0
4030,0.11636,0.24,0.0,4.0
4031,0.113,0.7,0.0,4.0
4032,0.1067999999999999,0.7,0.0,4.0
4033,0.1015,0.7,0.0,4.0
4034,0.09584,1.36,0.0,4.0
4035,0.09701,1.36,0.0,4.0
4036,0.10357,1.36,0.0,4.0
4037,0.1123499999999999,3.23,0.3156918746650631,4.0
4038,0.1149,3.23,1.1624073149691374,4.0
4039,0.11139,3.23,1.8407314008174815,4.0
4040,0.07897,0.25,2.7117233469533857,4.0
4041,0.02177,0.25,3.602097600476871,4.0
4042,0.00117,0.25,2.1223086657943884,4.0
4043,-0.00023,1.33,2.878877485760794,4.0
4044,-0.00104,1.33,3.022581911949984,4.0
4045,-0.0023,1.33,4.24476450059057,4.0
4046,-0.00217,1.21,4.543672611767695,4.0
4047,0.00099,1.21,3.887329229550314,4.0
4048,0.074,1.21,2.9249684796397775,4.0
4049,0.10715,0.68,1.8741746468889893,4.0
4050,0.1164,0.68,0.9418540065397473,4.0
4051,0.14099,0.68,0.32124539669391616,4.0
4052,0.17532,0.69,0.032541079956111656,4.0
4053,0.13306,0.69,0.0,4.0
4054,0.11535,0.69,0.0,4.0
4055,0.1122,0.21,0.0,4.0
4056,0.1064,0.21,0.0,4.0
4057,0.10529,0.21,0.0,4.0
4058,0.09951,2.58,0.0,4.0
4059,0.10094,2.58,0.0,4.0
4060,0.09568,2.58,0.0,4.0
4061,0.10151,4.18,0.14971248773711887,4.0
4062,0.08925,4.18,0.6731413778563429,4.0
4063,0.07125,4.18,1.59909461597934,4.0
4064,0.00086,0.06,1.6143291403728706,4.0
4065,-0.00133,0.06,2.1020816451208484,4.0
4066,-0.02998,0.06,2.308119893657569,4.0
4067,-0.05221,0.03,1.4707639135007975,4.0
4068,-0.06544,0.03,0.8596020533903718,4.0
4069,-0.06495,0.03,1.6166058236696654,4.0
4070,-0.03979,0.0,2.012586226438533,4.0
4071,-0.00495,0.0,2.29721898759435,4.0
4072,0.0023,0.0,2.015295239374806,4.0
4073,0.08033,0.42,1.1427978375213719,4.0
4074,0.1184699999999999,0.42,0.5866493807616006,4.0
4075,0.13885,0.42,0.08398767709533177,4.0
4076,0.1418,0.08,0.0,4.0
4077,0.12966,0.08,0.0,4.0
4078,0.10889,0.08,0.0,4.0
4079,0.1094899999999999,1.69,0.0,4.0
4080,0.10457,1.69,0.0,4.0
4081,0.10324,1.69,0.0,4.0
4082,0.10501,6.32,0.0,4.0
4083,0.10427,6.32,0.0,4.0
4084,0.10904,6.32,0.0,4.0
4085,0.1209,6.87,0.058569406205574645,4.0
4086,0.11866,6.87,0.2905556160691178,4.0
4087,0.11098,6.87,1.0309158514762788,4.0
4088,0.08169,0.09,1.909579967829502,4.0
4089,0.01583,0.09,2.429710496031789,4.0
4090,0.00403,0.09,2.778848402432781,4.0
4091,0.0,0.33,2.7451062586976804,4.0
4092,-0.001,0.33,3.685552387636842,4.0
4093,-0.00017,0.33,3.5296254512151086,4.0
4094,0.00091,2.11,3.9071500255348033,4.0
4095,0.02899,2.11,3.3188073946052596,4.0
4096,0.08735,2.11,2.6564875523788163,4.0
4097,0.11101,0.84,2.225373482670417,4.0
4098,0.13613,0.84,0.8656005970617526,4.0
4099,0.20129,0.84,0.1292948057352953,4.0
4100,0.1786299999999999,0.28,0.0575235084852336,4.0
4101,0.13705,0.28,0.0,4.0
4102,0.12138,0.28,0.0,4.0
4103,0.11852,0.08,0.0,4.0
4104,0.11048,0.08,0.0,3.950491210937503
4105,0.10815,0.08,0.0,3.890648681640628
4106,0.10676,1.88,0.0,3.8549760742187527
4107,0.1090999999999999,1.88,0.0,3.869229003906253
4108,0.10445,1.88,0.0,4.0
4109,0.10071,3.92,0.38958534498943354,4.0
4110,0.09074,3.92,1.224883278206629,4.0
4111,0.07593,3.92,2.337887733143707,4.0
4112,0.0233999999999999,0.33,3.0650956680639942,4.0
4113,0.00019,0.33,4.209325863712663,4.0
4114,-0.0020099999999999,0.33,3.7444703903518337,4.0
4115,-0.01396,0.25,3.5698190725261827,4.0
4116,-0.02998,0.25,1.8280375194759242,4.0
4117,-0.02631,0.25,2.057679936766474,4.0
4118,-0.00442,0.11,2.6786315241943375,4.0
4119,8.999999999999999e-05,0.11,0.9610220451670711,4.0
4120,0.05999,0.11,0.836588172955874,4.0
4121,0.10095,0.59,1.167670097459185,4.0
4122,0.1279,0.59,0.6018762810683368,4.0
4123,0.15674,0.59,0.18152934395798187,4.0
4124,0.1653,0.7,0.0,4.0
4125,0.14078,0.7,0.0,4.0
4126,0.1192,0.7,0.0,4.0
4127,0.10815,0.73,0.0,4.0
4128,0.10107,0.73,0.0,4.0
4129,0.0974599999999999,0.73,0.0,4.0
4130,0.09212,0.11,0.0,4.0
4131,0.0896899999999999,0.11,0.0,4.0
4132,0.08795,0.11,0.0,4.0
4133,0.07198,0.0,0.23343017889441842,4.0
4134,0.02644,0.0,0.8147578699692147,4.0
4135,0.0,0.0,0.9669712161703435,4.0
4136,-8.999999999999999e-05,0.19,1.604859108223847,4.0
4137,-0.01111,0.19,2.042980633313313,4.0
4138,-0.03856,0.19,1.8420863854441307,4.0
4139,-0.06741,0.92,3.0070674648204463,4.0
4140,-0.09901,0.92,3.3480421395659135,4.0
4141,-0.081,0.92,2.615403366769934,4.0
4142,-0.04009,0.0,2.004678605662026,4.0
4143,-0.0076799999999999,0.0,1.9171430375345913,4.0
4144,-1e-05,0.0,1.6068941850856613,4.0
4145,0.06975,0.42,0.90862132112573,4.0
4146,0.10933,0.42,0.5132673662174634,4.0
4147,0.1239,0.42,0.10075896701050623,4.0
4148,0.13433,1.09,0.0,4.0
4149,0.12632,1.09,0.0,4.0
4150,0.10163,1.09,0.0,4.0
4151,0.0703,0.32,0.0,4.0
4152,0.0638,0.32,0.0,4.0
4153,0.06379,0.32,0.0,4.0
4154,0.06451,1.0,0.0,4.0
4155,0.0725,1.0,0.0,4.0
4156,0.08492,1.0,0.0,4.0
4157,0.08912,0.05,0.34127825502534775,4.0
4158,0.0922399999999999,0.05,0.8002057722929045,4.0
4159,0.0789599999999999,0.05,1.042631775903542,4.0
4160,0.01864,0.03,1.7573934989912394,4.0
4161,-1e-05,0.03,2.4673051858242077,4.0
4162,-0.00611,0.03,2.969064326473778,4.0
4163,-0.01276,0.25,3.6953988655938095,4.0
4164,-0.0264499999999999,0.25,4.30473753333892,4.0
4165,-0.03275,0.25,4.518012258842998,4.0
4166,-0.03269,1.31,4.044035994998211,4.0
4167,-0.025,1.31,2.2672187364308836,4.0
4168,-0.01311,1.31,2.347443326013902,4.0
4169,-0.00101,0.7,1.6393502088020249,4.0
4170,0.02,0.7,0.8514939406985403,4.0
4171,0.0835,0.7,0.3456491499553268,4.0
4172,0.09,0.64,0.02496246128416131,4.0
4173,0.09778,0.64,0.0,4.0
4174,0.08953,0.64,0.0,4.0
4175,0.07708,6.0,0.0,4.0
4176,0.06679,6.0,0.0,4.0
4177,0.06379,6.0,0.0,4.0
4178,0.05812,6.75,0.0,3.9698308105468776
4179,0.06652,6.75,0.0,3.9370292968750022
4180,0.06975,6.75,0.0,4.0
4181,0.08815,8.82,0.5537424630699868,4.0
4182,0.08802,8.82,1.4339247726110995,4.0
4183,0.04127,8.82,2.5053053620056747,4.0
4184,-1e-05,0.95,3.5402957645309563,4.0
4185,-0.00401,0.95,4.11110437319465,4.0
4186,-0.01241,0.95,4.490947560044328,4.0
4187,-0.02009,0.36,4.710200538955461,4.0
4188,-0.02275,0.36,3.5545267057706167,4.0
4189,-0.01927,0.36,4.339997280654387,4.0
4190,-0.00756,0.28,3.687204122061102,4.0
4191,-0.00306,0.28,3.27971966869873,4.0
4192,0.00209,0.28,2.5876019452127905,4.0
4193,0.06177,0.08,1.9778643005463286,4.0
4194,0.09725,0.08,0.9427406761352266,4.0
4195,0.1239,0.08,0.24072434660529363,4.0
4196,0.12249,0.42,0.04748516500030669,4.0
4197,0.09741,0.42,0.0,4.0
4198,0.09802,0.42,0.0,4.0
4199,0.0788499999999999,0.25,0.0,4.0
4200,0.06763,0.25,0.0,4.0
4201,0.07002,0.25,0.0,4.0
4202,0.0690699999999999,0.1,0.0,4.0
4203,0.07001,0.1,0.0,4.0
4204,0.08277,0.1,0.0,4.0
4205,0.10572,0.03,0.5486809773528927,4.0
4206,0.11236,0.03,1.42132455599377,4.0
4207,0.09787,0.03,2.1493277227439704,4.0
4208,0.07002,0.01,3.5459908604246975,4.0
4209,0.01007,0.01,4.774984494417019,4.0
4210,7.000000000000001e-05,0.01,5.764647581966752,4.0
4211,-2e-05,1.75,5.073285673935849,4.0
4212,-0.00014,1.75,4.575682314025317,4.0
4213,-0.00051,1.75,4.254164823070855,4.0
4214,0.0,0.3,3.5753360713223725,4.0
4215,0.0178399999999999,0.3,3.273523069136351,4.0
4216,0.08447,0.3,2.4507615385758226,4.0
4217,0.1057999999999999,1.56,1.6058876470252292,4.0
4218,0.13419,1.56,0.9526680545122956,4.0
4219,0.2,1.56,0.14962560812260958,4.0
4220,0.24702,1.27,0.06633271972426134,4.0
4221,0.17362,1.27,0.0,4.0
4222,0.12684,1.27,0.0,4.0
4223,0.11995,0.97,0.0,4.0
4224,0.1076299999999999,0.97,0.0,4.0
4225,0.10283,0.97,0.0,4.0
4226,0.09862,0.43,0.0,4.0
4227,0.09879,0.43,0.0,4.0
4228,0.10291,0.43,0.0,4.0
4229,0.1199,0.03,0.5529416332195471,4.0
4230,0.1209099999999999,0.03,1.4693693160694001,4.0
4231,0.10679,0.03,2.578516683888583,4.0
4232,0.09645,0.08,3.794070654945391,4.0
4233,0.08895,0.08,4.944605925122853,4.0
4234,0.0778799999999999,0.08,5.877367303891772,4.0
4235,0.07025,0.27,6.488668808407823,4.0
4236,0.05925,0.27,6.717840672071712,4.0
4237,0.05112,0.27,6.4624326492846755,4.0
4238,0.04899,0.77,5.980334897958022,4.0
4239,0.06304,0.77,5.0517942164338505,4.0
4240,0.0703,0.77,3.686924363731599,4.0
4241,0.08923,0.52,2.3038908720389255,4.0
4242,0.09395,0.52,0.822785275257499,4.0
4243,0.09914,0.52,0.12039449288397347,4.0
4244,0.1,0.43,0.06651501423033594,4.0
4245,0.10864,0.43,0.0,4.0
4246,0.09723,0.43,0.0,4.0
4247,0.0845,0.18,0.0,4.0
4248,0.07883,0.18,0.0,4.0
4249,0.07567,0.18,0.0,4.0
4250,0.08041,1.06,0.0,4.0
4251,0.08239,1.06,0.0,4.0
4252,0.0889,1.06,0.0,4.0
4253,0.10558,1.18,0.5430249668685767,4.0
4254,0.1132,1.18,1.4582610795039084,4.0
4255,0.1077,1.18,2.5711254348534807,4.0
4256,0.09094,4.57,3.773412426991141,4.0
4257,0.07912,4.57,4.910697075911965,4.0
4258,0.06745,4.57,5.828647634416359,4.0
4259,0.05453,0.57,6.430230549455778,4.0
4260,0.0283,0.57,6.706240202761106,4.0
4261,0.00787,0.57,6.233833064895429,4.0
4262,0.00988,0.27,5.458262052276487,4.0
4263,0.02992,0.27,4.731154855254744,4.0
4264,0.07068,0.27,3.6289235079550686,4.0
4265,0.09173,0.13,2.222134901324095,4.0
4266,0.10715,0.13,0.860946507882051,4.0
4267,0.12486,0.13,0.12302319815741801,4.0
4268,0.13494,0.3,0.06268504361594984,4.0
4269,0.12624,0.3,0.0,4.0
4270,0.1077,0.3,0.0,4.0
4271,0.0947,0.05,0.0,4.0
4272,0.08961,0.05,0.0,4.0
4273,0.08202,0.05,0.0,4.0
4274,0.07659,0.48,0.0,4.0
4275,0.07027,0.48,0.0,4.0
4276,0.0754,0.48,0.0,4.0
4277,0.074,0.3,0.5091173541701177,4.0
4278,0.05884,0.3,1.312534728575185,4.0
4279,0.0278,0.3,2.3903142970517193,4.0
4280,0.00234,0.0,3.3650923102865358,4.0
4281,1e-05,0.0,4.119489304563308,4.0
4282,-4e-05,0.0,5.468179162138609,4.0
4283,-0.001,0.25,5.872851805408281,4.0
4284,-0.0020099999999999,0.25,4.296949756712836,4.0
4285,-0.00309,0.25,4.555437480472242,4.0
4286,-0.00101,1.25,3.7544226500261444,4.0
4287,-0.001,1.25,4.2273386960973065,4.0
4288,0.00297,1.25,2.907825515915307,4.0
4289,0.06273,1.19,1.9491583478615908,4.0
4290,0.09503,1.19,0.9650608823644855,4.0
4291,0.1089899999999999,1.19,0.2892622092876536,4.0
4292,0.12386,0.17,0.0387472092396942,4.0
4293,0.11984,0.17,0.0,4.0
4294,0.1035,0.17,0.0,4.0
4295,0.0950699999999999,0.12,0.0,4.0
4296,0.08942,0.12,0.0,4.0
4297,0.0896599999999999,0.12,0.0,4.0
4298,0.08682,0.55,0.0,4.0
4299,0.08531,0.55,0.0,4.0
4300,0.0853,0.55,0.0,4.0
4301,0.08639,0.95,0.5406715124258462,4.0
4302,0.07492,0.95,1.492805885777964,4.0
4303,0.04752,0.95,1.9389247017388995,4.0
4304,0.00199,0.19,3.2782017274492867,4.0
4305,0.0,0.19,4.597029888413312,4.0
4306,-0.00026,0.19,5.109856711652267,4.0
4307,-0.0054,0.8,6.726489045968444,4.0
4308,-0.0201,0.8,6.717276535178462,4.0
4309,-0.02401,0.8,6.671134535449704,4.0
4310,-0.0154499999999999,0.03,6.0113996265499265,4.0
4311,-0.00269,0.03,5.027568828680508,4.0
4312,1e-05,0.03,3.8742743490126625,4.0
4313,0.07744,0.42,2.3945918351214015,4.0
4314,0.10214,0.42,0.883534671671707,4.0
4315,0.11198,0.42,0.12594776810759908,4.0
4316,0.11807,0.72,0.07193599205801607,4.0
4317,0.11373,0.72,0.0,4.0
4318,0.101,0.72,0.0,4.0
4319,0.09873,0.73,0.0,4.0
4320,0.08903,0.73,0.0,4.0
4321,0.08503,0.73,0.0,4.0
4322,0.08413,0.2,0.0,4.0
4323,0.08651,0.2,0.0,4.0
4324,0.09741,0.2,0.0,4.0
4325,0.1149,0.14,0.5323139935576726,4.0
4326,0.1117,0.14,1.4353787282533532,4.0
4327,0.1085199999999999,0.14,2.579949261615765,4.0
4328,0.0917699999999999,0.84,3.781332303097875,4.0
4329,0.07465,0.84,4.94696801657588,4.0
4330,0.04373,0.84,5.782345887396808,4.0
4331,0.01905,1.17,6.064455704172385,4.0
4332,0.00996,1.17,6.339528660484144,4.0
4333,0.0196499999999999,1.17,6.176752949275888,4.0
4334,0.06,1.5,5.24718685377797,4.0
4335,0.0805,1.5,3.839553435214736,4.0
4336,0.09198,1.5,3.2774247596692154,4.0
4337,0.11001,0.83,2.0761097403920625,4.0
4338,0.17894,0.83,0.7503073949574831,4.0
4339,0.28897,0.83,0.334765085581999,4.0
4340,0.23335,0.11,0.036272245922965594,4.0
4341,0.157,0.11,0.0,4.0
4342,0.12265,0.11,0.0,4.0
4343,0.11128,1.12,0.0,4.0
4344,0.09529,1.12,0.0,4.0
4345,0.0891,1.12,0.0,4.0
4346,0.0880799999999999,0.74,0.0,4.0
4347,0.09001,0.74,0.0,4.0
4348,0.0965,0.74,0.0,4.0
4349,0.11497,0.48,0.06145970052947291,4.0
4350,0.12011,0.48,0.14764314681929644,4.0
4351,0.11472,0.48,0.18258040784416887,4.0
4352,0.09119,1.09,0.5124798528517864,4.0
4353,0.08431,1.09,1.0782394187150328,4.0
4354,0.06956,1.09,2.3412949474226843,4.0
4355,0.0445399999999999,3.0,2.8383451963867636,4.0
4356,0.04247,3.0,4.260239948185054,4.0
4357,0.05765,3.0,3.7068843205901625,4.0
4358,0.07814,1.42,3.58150324187558,4.0
4359,0.0907999999999999,1.42,3.110293302055351,4.0
4360,0.10202,1.42,1.731876160437606,4.0
4361,0.15208,1.08,0.886532600837737,4.0
4362,0.30727,1.08,0.44767631015390535,4.0
4363,0.47619,1.08,0.15083059561225903,4.0
4364,0.40681,1.17,0.0,4.0
4365,0.25001,1.17,0.0,4.0
4366,0.14765,1.17,0.0,4.0
4367,0.11929,1.0,0.0,4.0
4368,0.1027,1.0,0.0,4.0
4369,0.09254,1.0,0.0,4.0
4370,0.09208,0.62,0.0,4.0
4371,0.09171,0.62,0.0,4.0
4372,0.10055,0.62,0.0,4.0
4373,0.11643,0.62,0.15594936380646301,4.0
4374,0.11042,0.62,0.6479606771437983,4.0
4375,0.10452,0.62,1.7578426188694525,4.0
4376,0.09262,2.08,2.752130753353457,4.0
4377,0.08106,2.08,3.080518224842978,4.0
4378,0.06993,2.08,4.073598702863188,4.0
4379,0.03612,4.67,3.924321206730832,4.0
4380,0.03259,4.67,3.667574709341817,4.0
4381,0.04661,4.67,3.4049620315002818,4.0
4382,0.07149,0.67,3.3255052793671074,4.0
4383,0.0795999999999999,0.67,2.430504330858544,4.0
4384,0.08927,0.67,1.9427593235787817,4.0
4385,0.11399,1.13,1.2958992638150035,4.0
4386,0.1860099999999999,1.13,0.853888056253565,4.0
4387,0.24007,1.13,0.31075549131444635,4.0
4388,0.18021,0.16,0.03567216550023441,4.0
4389,0.13493,0.16,0.0,4.0
4390,0.1085,0.16,0.0,4.0
4391,0.08349,0.74,0.0,4.0
4392,0.08115,0.74,0.0,4.0
4393,0.079,0.74,0.0,4.0
4394,0.07893,2.8,0.0,4.0
4395,0.08088,2.8,0.0,4.0
4396,0.08645,2.8,0.0,4.0
4397,0.10492,7.53,0.1926784005469032,4.0
4398,0.10803,7.53,0.3697116112694521,4.0
4399,0.1049,7.53,0.22935519636052135,4.0
4400,0.09045,3.34,0.3171120466410094,4.0
4401,0.07506,3.34,0.2277449695020474,4.0
4402,0.05735,3.34,0.5638055962802188,4.0
4403,0.0421599999999999,0.06,0.5808738823431114,4.0
4404,0.0339099999999999,0.06,0.5106072360691302,4.0
4405,0.02472,0.06,0.5330026776836119,4.0
4406,0.03786,0.05,0.590857566843035,4.0
4407,0.05857,0.05,0.5750090752830957,4.0
4408,0.081,0.05,0.42530891515086683,4.0
4409,0.09519,0.76,1.012924811236035,4.0
4410,0.1072,0.76,0.6979146243732991,4.0
4411,0.14696,0.76,0.11379396890474845,4.0
4412,0.1666699999999999,0.18,0.0,4.0
4413,0.1333,0.18,0.0,4.0
4414,0.11703,0.18,0.0,3.948228027343753
4415,0.11101,3.59,0.0,3.9056157226562527
4416,0.10545,3.59,0.0,3.856722900390628
4417,0.10131,3.59,0.0,3.833054687500003
4418,0.09844,7.13,0.0,3.7865971679687527
4419,0.1032,7.13,0.0,3.7983378906250023
4420,0.1066299999999999,7.13,0.0,3.856620361328128
4421,0.1223799999999999,6.97,0.3050933607057558,3.972548095703128
4422,0.11646,6.97,0.9265533579731324,4.0
4423,0.1,6.97,1.752902119142718,4.0
4424,0.09115,0.41,2.319039988207428,4.0
4425,0.07001,0.41,2.4150090158085797,4.0
4426,0.00669,0.41,2.2242156511497395,4.0
4427,-5e-05,0.25,1.3648672340570418,4.0
4428,-0.00156,0.25,1.0410753058523878,4.0
4429,-0.00137,0.25,1.5243855618181248,4.0
4430,-0.00061,0.32,2.7042388803662805,4.0
4431,0.00239,0.32,3.416190983580771,4.0
4432,0.06204,0.32,3.0236351664308487,4.0
4433,0.08868,0.59,1.578320493862463,4.0
4434,0.11,0.59,0.5742566186792082,4.0
4435,0.13074,0.59,0.23268354245550044,4.0
4436,0.1500999999999999,0.43,0.0,4.0
4437,0.12968,0.43,0.0,4.0
4438,0.1079899999999999,0.43,0.0,4.0
4439,0.1042,0.9,0.0,4.0
4440,0.09498,0.9,0.0,4.0
4441,0.0965,0.9,0.0,4.0
4442,0.0934,2.58,0.0,4.0
4443,0.0945,2.58,0.0,4.0
4444,0.08349,2.58,0.0,4.0
4445,0.08447,3.8,0.2225090432091,4.0
4446,0.04377,3.8,0.461905640926308,4.0
4447,0.01786,3.8,1.2799666434101322,4.0
4448,0.0033399999999999,0.62,1.6958551443883123,4.0
4449,0.0,0.62,1.5553827420777302,4.0
4450,-8e-05,0.62,2.8543069032148143,4.0
4451,-0.00101,0.5,3.182325819101424,4.0
4452,-0.0020499999999999,0.5,4.194354392449316,4.0
4453,-0.00211,0.5,4.6893988236635025,4.0
4454,-0.0020099999999999,0.87,5.372382153604888,4.0
4455,-0.00226,0.87,4.15538718801794,4.0
4456,0.0,0.87,3.0984874349623652,4.0
4457,0.04125,0.74,1.9398305945067005,4.0
4458,0.085,0.74,0.9109928063634393,4.0
4459,0.11101,0.74,0.3332944164843852,4.0
4460,0.12296,0.07,0.019589013618454956,4.0
4461,0.11714,0.07,0.0,4.0
4462,0.10821,0.07,0.0,4.0
4463,0.09515,0.41,0.0,4.0
4464,0.0895,0.41,0.0,4.0
4465,0.08594,0.41,0.0,3.984955322265628
4466,0.08395,0.36,0.0,3.980560791015628
4467,0.0825999999999999,0.36,0.0,3.986552001953128
4468,0.082,0.36,0.0,4.0
4469,0.0784599999999999,0.06,0.20923166648904093,4.0
4470,0.07757,0.06,0.5541391516579006,4.0
4471,0.07057,0.06,0.33403652960210045,4.0
4472,0.03881,1.41,0.801327977504747,4.0
4473,0.01921,1.41,1.155733415921394,4.0
4474,0.01319,1.41,0.6807416916674865,4.0
4475,0.01026,3.02,0.8035377796434333,4.0
4476,0.0058499999999999,3.02,0.9912274881338117,4.0
4477,0.0112,3.02,1.2181373472490116,4.0
4478,0.05057,5.61,0.8223213164013343,4.0
4479,0.07077,5.61,0.587880472366238,4.0
4480,0.10029,5.61,1.289045795754104,4.0
4481,0.10737,3.04,1.0746830329389474,4.0
4482,0.11216,3.04,0.8598501434791324,4.0
4483,0.12032,3.04,0.23293576085276957,4.0
4484,0.12504,2.51,0.021241089605928735,4.0
4485,0.12221,2.51,0.0,4.0
4486,0.11078,2.51,0.0,4.0
4487,0.11884,3.23,0.0,4.0
4488,0.10742,3.23,0.0,4.0
4489,0.10192,3.23,0.0,4.0
4490,0.09912,2.75,0.0,4.0
4491,0.101,2.75,0.0,4.0
4492,0.10822,2.75,0.0,4.0
4493,0.1341999999999999,2.8,0.4361978118042252,4.0
4494,0.14367,2.8,1.283379875078387,4.0
4495,0.1522899999999999,2.8,2.3274318176293955,4.0
4496,0.13199,1.51,3.261377036249706,4.0
4497,0.10864,1.51,4.641148671405938,4.0
4498,0.10898,1.51,4.879091871370451,4.0
4499,0.09024,0.67,5.285967101205145,4.0
4500,0.071,0.67,4.591381102924169,4.0
4501,0.05302,0.67,2.8330092951057955,4.0
4502,0.05067,0.09,2.8521574201416726,4.0
4503,0.05251,0.09,3.610588469003442,4.0
4504,0.0723,0.09,3.7355977404265905,4.0
4505,0.08795,0.0,2.370201417623737,4.0
4506,0.0922699999999999,0.0,0.9086334842958572,4.0
4507,0.09728,0.0,0.1367177794739135,4.0
4508,0.10992,1.67,0.05527546151791121,4.0
4509,0.11009,1.67,0.0,4.0
4510,0.0958199999999999,1.67,0.0,4.0
4511,0.1038299999999999,7.35,0.0,4.0
4512,0.0929,7.35,0.0,3.956251708984378
4513,0.08613,7.35,0.0,3.902484619140628
4514,0.08478,8.37,0.0,3.854426757812503
4515,0.08537,8.37,0.0,3.8153813476562526
4516,0.09114,8.37,0.0,3.877080566406253
4517,0.1079899999999999,5.75,0.4968519268686036,4.0
4518,0.11865,5.75,1.4459451547092799,4.0
4519,0.11776,5.75,2.551349773117376,4.0
4520,0.09406,3.67,3.7913557613037607,4.0
4521,0.08178,3.67,4.738976101328378,4.0
4522,0.07844,3.67,4.41235290032267,4.0
4523,0.0601499999999999,0.58,4.16135459796716,4.0
4524,0.05472,0.58,4.192132356593056,4.0
4525,0.05304,0.58,3.7892662478004295,4.0
4526,0.05465,0.58,3.5180980762446232,4.0
4527,0.0652,0.58,2.7628573471523503,4.0
4528,0.07998,0.58,2.442450308476039,4.0
4529,0.08392,0.4,1.9947813870609654,4.0
4530,0.1021,0.4,0.9384230573546497,4.0
4531,0.1227699999999999,0.4,0.31588944727994167,4.0
4532,0.12334,2.63,0.029569124797257762,4.0
4533,0.11665,2.63,0.0,4.0
4534,0.10095,2.63,0.0,4.0
4535,0.09715,4.9,0.0,4.0
4536,0.08685,4.9,0.0,4.0
4537,0.08386,4.9,0.0,4.0
4538,0.08465,6.76,0.0,3.951937744140628
4539,0.0851,6.76,0.0,3.905996582031246
4540,0.09615,6.76,0.0,3.982025634765628
4541,0.11366,3.05,0.4399093555131646,4.0
4542,0.11646,3.05,1.396645194227078,4.0
4543,0.11359,3.05,2.48278741292979,4.0
4544,0.09566,0.76,3.7753132780892624,4.0
4545,0.08468,0.76,4.965753014511145,4.0
4546,0.0777699999999999,0.76,5.837633688292377,4.0
4547,0.06567,0.03,5.511281193765319,4.0
4548,0.0466899999999999,0.03,4.430602781076876,4.0
4549,0.03778,0.03,3.1545346662812173,4.0
4550,0.04832,0.0,2.7475587198406584,4.0
4551,0.07113,0.0,2.108440655859786,4.0
4552,0.08473,0.0,1.2773110284683293,4.0
4553,0.09901,0.0,0.7772810374342765,4.0
4554,0.11598,0.0,0.447833393517497,4.0
4555,0.13534,0.0,0.21295576676635478,4.0
4556,0.13824,0.69,0.0,4.0
4557,0.11979,0.69,0.0,4.0
4558,0.1049,0.69,0.0,4.0
4559,0.10091,3.57,0.0,4.0
4560,0.09573,3.57,0.0,4.0
4561,0.0891,3.57,0.0,4.0
4562,0.08645,8.63,0.0,4.0
4563,0.0879699999999999,8.63,0.0,4.0
4564,0.09862,8.63,0.0,4.0
4565,0.10761,5.12,0.3781752384408281,4.0
4566,0.10723,5.12,0.9460569226201335,4.0
4567,0.10535,5.12,2.14265661091422,4.0
4568,0.0889,0.38,3.4964956110444088,4.0
4569,0.082,0.38,4.345170534737798,4.0
4570,0.06533,0.38,4.9216204482875,4.0
4571,0.0452199999999999,0.0,5.381353975881866,4.0
4572,0.0395099999999999,0.0,5.2430746069539795,4.0
4573,0.0395499999999999,0.0,5.259141840384446,4.0
4574,0.05671,0.5,4.575925198965853,4.0
4575,0.0768,0.5,4.178502885895432,4.0
4576,0.0864,0.5,3.5654643043520617,4.0
4577,0.1002,0.2,2.210522351189463,4.0
4578,0.11439,0.2,0.8992264361977813,4.0
4579,0.1346699999999999,0.2,0.22297085386728216,4.0
4580,0.1326999999999999,0.49,0.0,4.0
4581,0.12088,0.49,0.0,4.0
4582,0.10769,0.49,0.0,4.0
4583,0.10475,0.78,0.0,4.0
4584,0.0995699999999999,0.78,0.0,4.0
4585,0.095,0.78,0.0,4.0
4586,0.0906899999999999,2.11,0.0,4.0
4587,0.09153,2.11,0.0,4.0
4588,0.0994,2.11,0.0,4.0
4589,0.1074099999999999,3.38,0.10323698289260835,4.0
4590,0.10592,3.38,0.4283886412711009,4.0
4591,0.10518,3.38,0.48099774463537714,4.0
4592,0.0933,1.07,2.9120400406449267,4.0
4593,0.0829,1.07,4.001813713293696,4.0
4594,0.07315,1.07,4.809678375058671,4.0
4595,0.06382,0.03,5.089583174747274,4.0
4596,0.0421599999999999,0.03,4.959587279964019,4.0
4597,0.03204,0.03,4.477792893957971,4.0
4598,0.0381,0.02,3.3553620048381827,4.0
4599,0.05955,0.02,2.6026018403480893,4.0
4600,0.08315,0.02,2.61942253716886,4.0
4601,0.08644,0.05,2.045667934599371,4.0
4602,0.10193,0.05,0.9416661778724853,4.0
4603,0.1175,0.05,0.27874303189860095,4.0
4604,0.11808,0.39,0.0004254550329291848,4.0
4605,0.1138,0.39,0.0,4.0
4606,0.10382,0.39,0.0,4.0
4607,0.11223,0.61,0.0,4.0
4608,0.10457,0.61,0.0,4.0
4609,0.10368,0.61,0.0,4.0
4610,0.0974,4.14,0.0,4.0
4611,0.09333,4.14,0.0,4.0
4612,0.0899399999999999,4.14,0.0,4.0
4613,0.08527,3.86,0.3290891482313074,4.0
4614,0.08798,3.86,1.1565176978231138,4.0
4615,0.0838,3.86,2.3315478178462095,4.0
4616,0.05986,1.27,3.585064014079065,4.0
4617,0.01819,1.27,4.313701357237933,4.0
4618,0.003,1.27,5.11794094906037,4.0
4619,0.00022,0.5,5.212874410985037,4.0
4620,0.0,0.5,5.5511080923840455,4.0
4621,0.0,0.5,4.702692595030103,4.0
4622,0.00022,0.47,4.039750851683826,4.0
4623,0.01973,0.47,3.0613720298069507,4.0
4624,0.07389,0.47,2.3148834189794094,4.0
4625,0.1062,1.08,1.5152573846998767,4.0
4626,0.1092,1.08,0.8862134619382618,4.0
4627,0.12,1.08,0.2663991765659552,4.0
4628,0.12502,0.09,0.022610002564424275,4.0
4629,0.125,0.09,0.0,4.0
4630,0.11542,0.09,0.0,4.0
4631,0.11535,0.03,0.0,4.0
4632,0.10914,0.03,0.0,4.0
4633,0.10842,0.03,0.0,4.0
4634,0.10735,1.3,0.0,4.0
4635,0.10464,1.3,0.0,4.0
4636,0.10085,1.3,0.0,4.0
4637,0.0958,3.23,0.25762546615669873,4.0
4638,0.09218,3.23,0.5010861775812661,4.0
4639,0.08794,3.23,0.8076584347690188,4.0
4640,0.05762,0.42,2.1358772472909737,4.0
4641,0.00428,0.42,2.0004244906554,4.0
4642,5e-05,0.42,1.5101737121830143,4.0
4643,0.0,0.25,1.905803453333826,4.0
4644,0.0,0.25,2.811625910033752,4.0
4645,0.0,0.25,2.4871629399448594,4.0
4646,0.0,0.56,2.5068718760520587,4.0
4647,0.0023599999999999,0.56,1.6759082854195873,4.0
4648,0.0734,0.56,0.8977257718732721,4.0
4649,0.10061,0.74,0.491291499088051,4.0
4650,0.11374,0.74,0.2850610520903622,4.0
4651,0.12,0.74,0.24133464578692404,4.0
4652,0.1277,0.43,0.0,4.0
4653,0.12694,0.43,0.0,4.0
4654,0.11541,0.43,0.0,4.0
4655,0.11402,0.32,0.0,4.0
4656,0.10401,0.32,0.0,4.0
4657,0.09817,0.32,0.0,3.983428222656253
4658,0.09494,1.69,0.0,3.971324951171878
4659,0.0993199999999999,1.69,0.0,3.952992431640628
4660,0.10893,1.69,0.0,3.995839111328128
4661,0.11787,2.27,0.2463933723655545,4.0
4662,0.12162,2.27,0.9450797722633013,4.0
4663,0.11206,2.27,1.9449036163160554,4.0
4664,0.09243,0.1,2.3066806042791623,4.0
4665,0.08458,0.1,3.2565866194049837,4.0
4666,0.07967,0.1,2.7615087115633576,4.0
4667,0.07098,0.0,3.9855100689458967,4.0
4668,0.06417,0.0,3.7088642935541687,4.0
4669,0.05715,0.0,3.903529822197283,4.0
4670,0.05582,1.0,3.1356538192614773,4.0
4671,0.0711,1.0,2.936770200857752,4.0
4672,0.08458,1.0,2.198011243407076,4.0
4673,0.09894,0.87,2.0035173145763427,4.0
4674,0.11011,0.87,0.9461774997316375,4.0
4675,0.13999,0.87,0.21707270816359078,4.0
4676,0.14157,0.14,0.012128256046330351,4.0
4677,0.12614,0.14,0.0,4.0
4678,0.11515,0.14,0.0,3.986654541015628
4679,0.1061,0.8,0.0,3.9344438476562527
4680,0.10306,0.8,0.0,3.909043457031246
4681,0.09386,0.8,0.0,3.884250976562503
4682,0.08828,1.0,0.0,3.904956542968753
4683,0.08712,1.0,0.0,3.903821289062503
4684,0.093,1.0,0.0,4.0
4685,0.11033,4.86,0.37284770356754077,4.0
4686,0.11341,4.86,1.185198934168643,4.0
4687,0.10686,4.86,2.293734571461383,4.0
4688,0.09082,0.78,3.5807958927377723,4.0
4689,0.07767,0.78,4.953707805481897,4.0
4690,0.065,0.78,5.637152171543291,4.0
4691,0.05919,0.0,6.023420357261896,4.0
4692,0.0472599999999999,0.0,5.042894002265343,4.0
4693,0.0402,0.0,4.975309438975958,4.0
4694,0.04257,0.34,4.643524396282701,4.0
4695,0.065,0.34,3.090375872890312,4.0
4696,0.08487,0.34,1.9196535903745102,4.0
4697,0.10154,0.86,1.4875544580748155,4.0
4698,0.10815,0.86,0.933483411565337,4.0
4699,0.11978,0.86,0.12779451038917466,4.0
4700,0.14199,0.0,0.018039167989509122,4.0
4701,0.12128,0.0,0.0,4.0
4702,0.11245,0.0,0.0,4.0
4703,0.09763,0.34,0.0,4.0
4704,0.0939899999999999,0.34,0.0,4.0
4705,0.08667,0.34,0.0,4.0
4706,0.08343,5.5,0.0,3.979993164062503
4707,0.08426,5.5,0.0,3.946239501953128
4708,0.0904099999999999,5.5,0.0,4.0
4709,0.10574,2.96,0.3853572480794119,4.0
4710,0.11263,2.96,1.3069043255844743,4.0
4711,0.11192,2.96,2.4472046446757103,4.0
4712,0.10421,0.78,3.711192188433494,4.0
4713,0.0897999999999999,0.78,4.914899507784563,4.0
4714,0.08565,0.78,5.887546544010217,4.0
4715,0.0819599999999999,0.25,6.40723741659471,4.0
4716,0.07862,0.25,6.305851820631716,4.0
4717,0.06806,0.25,5.61534983887421,4.0
4718,0.0692,0.31,5.225865989166332,4.0
4719,0.08086,0.31,4.502208098304886,4.0
4720,0.08909,0.31,3.332896386639401,4.0
4721,0.0954899999999999,0.0,1.7462129695067004,4.0
4722,0.10837,0.0,0.8634588578737507,4.0
4723,0.11972,0.0,0.06023251160050654,4.0
4724,0.12904,0.41,0.0,4.0
4725,0.12071,0.41,0.0,4.0
4726,0.11055,0.41,0.0,4.0
4727,0.10376,6.03,0.0,4.0
4728,0.09833,6.03,0.0,4.0
4729,0.08996,6.03,0.0,4.0
4730,0.08481,7.11,0.0,4.0
4731,0.08576,7.11,0.0,4.0
4732,0.089,7.11,0.0,4.0
4733,0.10405,5.7,0.17758280030355192,4.0
4734,0.11033,5.7,0.8232204268265648,4.0
4735,0.10592,5.7,2.1270656210221803,4.0
4736,0.0930999999999999,0.38,2.622972284870211,4.0
4737,0.085,0.38,3.0689434520038192,4.0
4738,0.07707,0.38,4.8481295842740515,4.0
4739,0.07017,0.53,4.496650670831903,4.0
4740,0.05526,0.53,5.015431649602765,4.0
4741,0.04978,0.53,5.169379256670973,4.0
4742,0.06618,0.17,2.5405008280507757,4.0
4743,0.07479,0.17,2.696956180930363,4.0
4744,0.0827099999999999,0.17,3.377638224340271,4.0
4745,0.09498,0.3,1.899819781319275,4.0
4746,0.10973,0.3,0.7009723574112096,4.0
4747,0.12075,0.3,0.22969997613477178,4.0
4748,0.132,0.12,0.0,4.0
4749,0.12507,0.12,0.0,4.0
4750,0.11418,0.12,0.0,4.0
4751,0.1067999999999999,1.02,0.0,4.0
4752,0.09915,1.02,0.0,4.0
4753,0.09536,1.02,0.0,4.0
4754,0.09637,4.14,0.0,4.0
4755,0.09866,4.14,0.0,4.0
4756,0.10823,4.14,0.0,4.0
4757,0.11592,5.46,0.10114198157168412,4.0
4758,0.11617,5.46,0.3833568122349138,4.0
4759,0.10939,5.46,0.9375415040636592,4.0
4760,0.09813,0.5,1.4893904541560956,4.0
4761,0.08498,0.5,2.5881834118168623,4.0
4762,0.08202,0.5,3.376749467088681,4.0
4763,0.08,0.69,4.701927314235817,4.0
4764,0.07302,0.69,5.439492896502586,4.0
4765,0.0712,0.69,5.415903236883023,4.0
4766,0.07268,1.26,4.362045277918748,4.0
4767,0.0799899999999999,1.26,3.4299595552594133,4.0
4768,0.0840699999999999,1.26,2.680698988296482,4.0
4769,0.09992,0.5,1.8463327414280635,4.0
4770,0.12,0.5,0.9022993423858573,4.0
4771,0.14655,0.5,0.09188181536707984,4.0
4772,0.1444399999999999,0.41,0.0,4.0
4773,0.12588,0.41,0.0,4.0
4774,0.11348,0.41,0.0,4.0
4775,0.1076,0.56,0.0,4.0
4776,0.10535,0.56,0.0,4.0
4777,0.10319,0.56,0.0,4.0
4778,0.10163,0.7,0.0,4.0
4779,0.09838,0.7,0.0,4.0
4780,0.09369,0.7,0.0,4.0
4781,0.09839,1.99,0.3251908410242343,4.0
4782,0.08689,1.99,1.1734585340594217,4.0
4783,0.07889,1.99,1.9874289975845694,4.0
4784,0.05298,0.02,2.966780343595448,4.0
4785,0.01,0.02,4.216112977477548,4.0
4786,0.00065,0.02,5.064296373135315,4.0
4787,0.0,1.25,5.1709269165173115,4.0
4788,-1e-05,1.25,4.782220104622385,4.0
4789,0.0,1.25,5.538125020403057,4.0
4790,0.00208,1.28,4.006199144693676,4.0
4791,0.02933,1.28,3.650284275755417,4.0
4792,0.0768499999999999,1.28,2.525252449223683,4.0
4793,0.0984,0.44,1.795671599481056,4.0
4794,0.11447,0.44,0.8840788998772026,4.0
4795,0.11287,0.44,0.05829878301599357,4.0
4796,0.10808,0.89,0.0,4.0
4797,0.10563,0.89,0.0,4.0
4798,0.0980699999999999,0.89,0.0,4.0
4799,0.09129,0.71,0.0,4.0
4800,0.0889399999999999,0.71,0.0,4.0
4801,0.08927,0.71,0.0,4.0
4802,0.10041,0.15,0.0,4.0
4803,0.1017,0.15,0.0,4.0
4804,0.09827,0.15,0.0,4.0
4805,0.0972,0.09,0.269603878452673,4.0
4806,0.08059,0.09,0.9825946031186927,4.0
4807,0.07786,0.09,1.9893838135141182,4.0
4808,0.04458,0.25,2.675448303718779,4.0
4809,0.00904,0.25,3.8822733243694314,4.0
4810,0.00207,0.25,4.731786031700529,4.0
4811,0.0,0.22,4.983196917348028,4.0
4812,-1e-05,0.22,5.109314353999614,4.0
4813,0.0,0.22,4.531795751393751,4.0
4814,0.0090899999999999,0.39,4.316739018846143,4.0
4815,0.06933,0.39,3.978348703198471,4.0
4816,0.0927399999999999,0.39,2.7949475575341403,4.0
4817,0.10026,0.82,1.7128713272262486,4.0
4818,0.112,0.82,0.8263671283730644,4.0
4819,0.116,0.82,0.007970703155818635,4.0
4820,0.11501,1.02,0.0,4.0
4821,0.11485,1.02,0.0,4.0
4822,0.1050499999999999,1.02,0.0,4.0
4823,0.08708,0.51,0.0,4.0
4824,0.07973,0.51,0.0,4.0
4825,0.08348,0.51,0.0,4.0
4826,0.0833,1.66,0.0,4.0
4827,0.08349,1.66,0.0,4.0
4828,0.09622,1.66,0.0,4.0
4829,0.1139599999999999,4.56,0.3220737727612194,4.0
4830,0.12656,4.56,1.1962362404641256,4.0
4831,0.1239099999999999,4.56,2.3030065884845987,4.0
4832,0.10964,0.26,3.5354602657657486,4.0
4833,0.10599,0.26,4.765069079752097,4.0
4834,0.09888,0.26,5.71542212979553,4.0
4835,0.0849,0.19,6.297792344369622,4.0
4836,0.08173,0.19,6.569066836238159,4.0
4837,0.08579,0.19,6.146663284958725,4.0
4838,0.08796,1.13,5.873701502949893,4.0
4839,0.09095,1.13,4.82986011906371,4.0
4840,0.1043,1.13,3.469307148443799,4.0
4841,0.10582,0.47,1.7851786861911312,4.0
4842,0.1196899999999999,0.47,0.8093909253205699,4.0
4843,0.12325,0.47,0.10102908921741476,4.0
4844,0.12009,0.85,0.0,4.0
4845,0.10876,0.85,0.0,4.0
4846,0.10004,0.85,0.0,4.0
4847,0.09279,1.84,0.0,4.0
4848,0.0872,1.84,0.0,4.0
4849,0.08548,1.84,0.0,4.0
4850,0.082,4.88,0.0,4.0
4851,0.081,4.88,0.0,4.0
4852,0.08928,4.88,0.0,4.0
4853,0.1088,6.44,0.11725156720989514,4.0
4854,0.10928,6.44,0.705998629512812,4.0
4855,0.10249,6.44,1.891003741920872,4.0
4856,0.09129,0.9,3.2323665129319177,4.0
4857,0.08173,0.9,3.9090920141294982,4.0
4858,0.06841,0.9,4.004225841120012,4.0
4859,0.03963,0.52,4.003125275183233,4.0
4860,0.01,0.52,3.8580837701098187,4.0
4861,0.00017,0.52,3.1150270179071238,4.0
4862,0.00416,0.14,2.2903620564178437,4.0
4863,0.0368999999999999,0.14,3.1251153730647454,4.0
4864,0.07579,0.14,2.901488979343905,4.0
4865,0.08898,0.06,1.6944396538324886,4.0
4866,0.10857,0.06,0.8321087981392887,4.0
4867,0.11256,0.06,0.1835078887887201,4.0
4868,0.11322,0.19,0.0,4.0
4869,0.10848,0.19,0.0,4.0
4870,0.10293,0.19,0.0,4.0
4871,0.08765,1.41,0.0,4.0
4872,0.07947,1.41,0.0,4.0
4873,0.0785,1.41,0.0,4.0
4874,0.07604,2.4,0.0,4.0
4875,0.07769,2.4,0.0,4.0
4876,0.08064,2.4,0.0,4.0
4877,0.09135,4.9,0.04823707336395726,4.0
4878,0.09987,4.9,0.27685481141668505,4.0
4879,0.0965,4.9,0.8189069299726123,4.0
4880,0.08169,0.69,1.4288988310873936,4.0
4881,0.0673,0.69,1.6277387054179975,4.0
4882,0.0535,0.69,3.657465049165311,4.0
4883,0.03372,0.0,4.037619678149983,4.0
4884,0.02373,0.0,3.610150703006303,4.0
4885,0.02682,0.0,4.54498261266484,4.0
4886,0.0402999999999999,0.36,4.661518502974075,4.0
4887,0.06781,0.36,3.1967124719590894,4.0
4888,0.07805,0.36,3.3174704718485235,4.0
4889,0.08607,0.17,1.833072349152896,4.0
4890,0.105,0.17,0.8441992130597396,4.0
4891,0.11298,0.17,0.10408076235387763,4.0
4892,0.11974,0.16,0.0,4.0
4893,0.11054,0.16,0.0,4.0
4894,0.10306,0.16,0.0,4.0
4895,0.0978199999999999,0.44,0.0,4.0
4896,0.09408,0.44,0.0,4.0
4897,0.08929,0.44,0.0,4.0
4898,0.08929,2.54,0.0,4.0
4899,0.09345,2.54,0.0,4.0
4900,0.10265,2.54,0.0,4.0
4901,0.11205,3.46,0.16381845531167163,4.0
4902,0.11722,3.46,0.5138015940628433,4.0
4903,0.1104,3.46,0.9610363605998218,4.0
4904,0.09622,0.85,1.3616962233411671,4.0
4905,0.08917,0.85,1.2741315500196022,4.0
4906,0.08439,0.85,1.0834280505117093,4.0
4907,0.08217,0.01,2.9141693768961514,4.0
4908,0.08043,0.01,3.6093139654768995,4.0
4909,0.08205,0.01,4.517099878680907,4.0
4910,0.08477,0.02,3.8609967049016323,4.0
4911,0.09334,0.02,3.360021251441943,4.0
4912,0.1006,0.02,2.211319388392481,4.0
4913,0.1092,0.36,1.5745822975275208,4.0
4914,0.13,0.36,0.8351757234309114,4.0
4915,0.15416,0.36,0.19912317230740345,4.0
4916,0.14064,0.42,0.0,4.0
4917,0.11838,0.42,0.0,4.0
4918,0.10939,0.42,0.0,4.0
4919,0.11127,0.47,0.0,4.0
4920,0.10367,0.47,0.0,4.0
4921,0.09705,0.47,0.0,4.0
4922,0.09294,2.65,0.0,4.0
4923,0.09697,2.65,0.0,4.0
4924,0.0982,2.65,0.0,4.0
4925,0.10887,5.08,0.05107784044152606,4.0
4926,0.11295,5.08,0.36637154520877385,4.0
4927,0.1108499999999999,5.08,1.3340859052666691,4.0
4928,0.0982,0.82,2.4059237516173773,4.0
4929,0.09408,0.82,2.5389292670627426,4.0
4930,0.08515,0.82,3.7356407648956473,4.0
4931,0.08309,0.33,4.532668963834823,4.0
4932,0.0787,0.33,4.316843975249368,4.0
4933,0.07631,0.33,3.2787457923358425,4.0
4934,0.07927,1.06,4.01948119055673,4.0
4935,0.08109,1.06,3.4807889613521232,4.0
4936,0.08402,1.06,2.9476803527365902,4.0
4937,0.09045,0.22,2.0417616862690964,4.0
4938,0.10181,0.22,0.7985237148818223,4.0
4939,0.10928,0.22,0.07143330005913202,4.0
4940,0.12121,0.17,0.0,4.0
4941,0.1125999999999999,0.17,0.0,4.0
4942,0.11025,0.17,0.0,4.0
4943,0.10676,0.21,0.0,4.0
4944,0.1007,0.21,0.0,4.0
4945,0.09773,0.21,0.0,4.0
4946,0.09665,1.18,0.0,4.0
4947,0.09645,1.18,0.0,3.9533769531250025
4948,0.09489,1.18,0.0,4.0
4949,0.09713,2.14,0.19336382349638834,4.0
4950,0.0960999999999999,2.14,0.9385465437318092,4.0
4951,0.08796,2.14,1.981633103874429,4.0
4952,0.08585,0.28,2.5358794770965547,4.0
4953,0.07959,0.28,3.6584346873159106,4.0
4954,0.0752,0.28,4.743749696539804,4.0
4955,0.06642,0.05,5.253448821908777,4.0
4956,0.04987,0.05,4.92230487451748,4.0
4957,0.05009,0.05,5.099678517757795,4.0
4958,0.0680699999999999,0.16,3.8371944351924703,4.0
4959,0.07481,0.16,3.3270554778862778,4.0
4960,0.0842,0.16,2.783138989613909,4.0
4961,0.0982,0.28,1.5396890656139302,4.0
4962,0.1066,0.28,0.8074286480008462,4.0
4963,0.12195,0.28,0.15373531548148367,4.0
4964,0.12707,0.12,0.0,4.0
4965,0.11672,0.12,0.0,4.0
4966,0.1088,0.12,0.0,4.0
4967,0.10464,0.09,0.0,4.0
4968,0.09947,0.09,0.0,4.0
4969,0.09501,0.09,0.0,4.0
4970,0.09207,0.72,0.0,4.0
4971,0.0919899999999999,0.72,0.0,4.0
4972,0.08988,0.72,0.0,4.0
4973,0.08879,1.0,0.0,4.0
4974,0.08658,1.0,0.14133561976958814,4.0
4975,0.08376,1.0,0.5372948347185866,4.0
4976,0.0817099999999999,0.65,1.9071971221932316,4.0
4977,0.0759099999999999,0.65,2.9823870017906624,4.0
4978,0.07052,0.65,4.143946524087075,4.0
4979,0.04593,0.08,3.915881169267065,4.0
4980,0.01504,0.08,4.728636620878495,4.0
4981,0.00885,0.08,4.819696269974106,4.0
4982,0.0173,0.28,3.971561439777137,4.0
4983,0.04574,0.28,2.366211215927102,4.0
4984,0.08236,0.28,1.6371827452896381,4.0
4985,0.09566,0.13,1.138206500529313,4.0
4986,0.10247,0.13,0.653976048601261,4.0
4987,0.10795,0.13,0.18901566715882717,4.0
4988,0.1147099999999999,0.36,0.0,4.0
4989,0.10733,0.36,0.0,4.0
4990,0.10269,0.36,0.0,4.0
4991,0.1,3.58,0.0,4.0
4992,0.08877,3.58,0.0,4.0
4993,0.0835,3.58,0.0,4.0
4994,0.07967,5.86,0.0,4.0
4995,0.07951,5.86,0.0,4.0
4996,0.08952,5.86,0.0,4.0
4997,0.1088799999999999,8.43,0.01624212489573596,4.0
4998,0.12197,8.43,0.4494504739260918,4.0
4999,0.11837,8.43,0.4767246539065972,4.0
5000,0.10545,0.74,1.3486234328754945,4.0
5001,0.09725,0.74,2.1228614427624275,4.0
5002,0.09096,0.74,1.883360427353505,4.0
5003,0.08179,0.5,2.5055485809958404,4.0
5004,0.0775199999999999,0.5,2.0920154299296656,4.0
5005,0.06833,0.5,1.224030159209204,4.0
5006,0.07397,0.03,1.195207969304762,4.0
5007,0.07728,0.03,1.0204425265629282,4.0
5008,0.08812,0.03,0.9236629728725919,4.0
5009,0.0972,0.0,0.41178144636749836,4.0
5010,0.10359,0.0,0.11416543905471863,4.0
5011,0.11414,0.0,0.035684282724048444,4.0
5012,0.11434,1.73,0.0,4.0
5013,0.10526,1.73,0.0,4.0
5014,0.09243,1.73,0.0,4.0
5015,0.08751,3.71,0.0,4.0
5016,0.0841,3.71,0.0,4.0
5017,0.0829,3.71,0.0,4.0
5018,0.0820999999999999,4.63,0.0,4.0
5019,0.08389,4.63,0.0,4.0
5020,0.0928799999999999,4.63,0.0,4.0
5021,0.10107,3.74,0.2076276501257139,4.0
5022,0.10925,3.74,0.9786734769247651,4.0
5023,0.09902,3.74,1.8781104927782204,4.0
5024,0.0802,1.24,2.9783882488928195,4.0
5025,0.06637,1.24,4.529248032977459,4.0
5026,0.054,1.24,5.184228286565898,4.0
5027,0.0256,0.1,5.898657924388581,4.0
5028,0.00434,0.1,6.726694395855462,4.0
5029,0.00107,0.1,6.065126800495754,4.0
5030,0.0062,0.03,5.699846237459475,4.0
5031,0.04441,0.03,4.8522834126393475,4.0
5032,0.0782399999999999,0.03,3.8438532128050387,4.0
5033,0.09481,0.14,2.061171718001766,4.0
5034,0.10532,0.14,0.6049950778865284,4.0
5035,0.12356,0.14,0.4981762509961844,4.0
5036,0.12601,0.85,0.0,4.0
5037,0.11194,0.85,0.0,4.0
5038,0.10207,0.85,0.0,4.0
5039,0.09492,2.63,0.0,4.0
5040,0.0908799999999999,2.63,0.0,4.0
5041,0.08693,2.63,0.0,4.0
5042,0.08324,3.85,0.0,4.0
5043,0.08489,3.85,0.0,4.0
5044,0.09472,3.85,0.0,4.0
5045,0.10038,3.55,0.21565764933996667,4.0
5046,0.09747,3.55,1.1156494904629806,4.0
5047,0.0938799999999999,3.55,2.278961470167269,4.0
5048,0.0790199999999999,0.64,3.5986289891345122,4.0
5049,0.06329,0.64,4.872979345683938,4.0
5050,0.04043,0.64,5.942491728216964,4.0
5051,0.02479,0.49,6.649630232234391,4.0
5052,0.01769,0.49,6.834580208704483,4.0
5053,0.0107,0.49,6.762597614649524,4.0
5054,0.02803,0.42,6.2029042446600124,4.0
5055,0.04561,0.42,5.204399749750704,4.0
5056,0.07568,0.42,3.8566724949148723,4.0
5057,0.09397,0.08,2.2614290607438643,4.0
5058,0.10186,0.08,0.527147841021331,4.0
5059,0.1090699999999999,0.08,0.46795361115505224,4.0
5060,0.109,0.24,0.0,4.0
5061,0.104,0.24,0.0,4.0
5062,0.0924099999999999,0.24,0.0,4.0
5063,0.08893,4.42,0.0,4.0
5064,0.08211,4.42,0.0,4.0
5065,0.079,4.42,0.0,4.0
5066,0.0772699999999999,4.15,0.0,4.0
5067,0.07851,4.15,0.0,4.0
5068,0.08543,4.15,0.0,4.0
5069,0.09814,2.17,0.16208432351924806,4.0
5070,0.10046,2.17,0.8957324601684686,4.0
5071,0.09409,2.17,1.6086404548200153,4.0
5072,0.08891,1.84,3.1897718722560287,4.0
5073,0.07417,1.84,4.39477741473798,4.0
5074,0.07004,1.84,5.63385700759194,4.0
5075,0.0611499999999999,0.08,6.3418110939068955,4.0
5076,0.0480499999999999,0.08,6.547368862988725,4.0
5077,0.03506,0.08,6.371943398147308,4.0
5078,0.05507,0.05,5.720230359855161,4.0
5079,0.07243,0.05,4.902907607348087,4.0
5080,0.08456,0.05,3.646435650950674,4.0
5081,0.0969,0.27,2.1762008740625376,4.0
5082,0.11192,0.27,0.5476633131698457,4.0
5083,0.12827,0.27,0.43357410038611954,4.0
5084,0.12511,1.78,0.0,4.0
5085,0.11416,1.78,0.0,4.0
5086,0.10279,1.78,0.0,4.0
5087,0.10531,1.61,0.0,4.0
5088,0.09854,1.61,0.0,4.0
5089,0.09215,1.61,0.0,4.0
5090,0.08917,2.79,0.0,4.0
5091,0.0942099999999999,2.79,0.0,4.0
5092,0.10058,2.79,0.0,4.0
5093,0.10669,3.81,0.16424235495707812,4.0
5094,0.1107099999999999,3.81,0.906132533154282,4.0
5095,0.10664,3.81,1.4150073104632879,4.0
5096,0.10367,1.08,2.2850362244770137,4.0
5097,0.09795,1.08,3.552173029807946,4.0
5098,0.0841,1.08,4.510577110986988,4.0
5099,0.07705,0.04,4.676738331520379,4.0
5100,0.06197,0.04,4.089379312358652,4.0
5101,0.04906,0.04,3.8288465979053723,4.0
5102,0.0491,0.34,3.527476363511683,4.0
5103,0.06993,0.34,3.398302948506807,4.0
5104,0.08359,0.34,3.151676110791675,4.0
5105,0.09645,0.38,1.776561731085915,4.0
5106,0.10951,0.38,0.6804857654707241,4.0
5107,0.11923,0.38,0.28207085460332115,4.0
5108,0.11751,1.56,0.0,4.0
5109,0.11072,1.56,0.0,4.0
5110,0.10273,1.56,0.0,4.0
5111,0.10447,4.99,0.0,4.0
5112,0.1003199999999999,4.99,0.0,4.0
5113,0.09779,4.99,0.0,4.0
5114,0.0921599999999999,5.17,0.0,4.0
5115,0.09129,5.17,0.0,4.0
5116,0.0907699999999999,5.17,0.0,4.0
5117,0.08967,4.68,0.12569501659048066,4.0
5118,0.0847,4.68,0.710166750908977,4.0
5119,0.0784,4.68,1.3135691234541986,4.0
5120,0.06568,1.14,1.691522566028585,4.0
5121,0.03109,1.14,1.9060075660812972,4.0
5122,0.0056799999999999,1.14,1.8131040664593296,4.0
5123,0.00295,0.64,1.6539714071294276,4.0
5124,0.0,0.64,1.568562227531019,4.0
5125,0.0,0.64,1.8179503829338963,4.0
5126,0.0,0.8,1.0506364629863225,4.0
5127,0.0053,0.8,1.018742339312335,4.0
5128,0.06069,0.8,1.4466777198939755,4.0
5129,0.09132,0.66,0.7040401445231537,4.0
5130,0.102,0.66,0.36937690345582486,4.0
5131,0.1094899999999999,0.66,0.14853574676218004,4.0
5132,0.10842,2.01,0.0,4.0
5133,0.10434,2.01,0.0,4.0
5134,0.095,2.01,0.0,4.0
5135,0.08509,3.73,0.0,4.0
5136,0.0775199999999999,3.73,0.0,4.0
5137,0.07195,3.73,0.0,4.0
5138,0.06814,4.53,0.0,4.0
5139,0.06577,4.53,0.0,4.0
5140,0.05998,4.53,0.0,4.0
5141,0.0467999999999999,3.93,0.020896521757862573,4.0
5142,0.026,3.93,0.37091960863403073,4.0
5143,0.00616,3.93,0.890545686825911,4.0
5144,0.0,0.15,1.5494111162635529,4.0
5145,-0.00101,0.15,2.322188353195616,4.0
5146,-0.0021,0.15,2.8614246324933754,4.0
5147,-0.003,0.33,4.01018297572674,4.0
5148,-0.0099,0.33,4.409534697121485,4.0
5149,-0.01008,0.33,4.310295869740801,4.0
5150,-0.00498,0.0,4.241956653194223,4.0
5151,-0.0015,0.0,3.7635991600612932,4.0
5152,0.00361,0.0,3.237173754687235,4.0
5153,0.07113,0.0,1.9958321022285257,4.0
5154,0.08813,0.0,0.48791952354361223,4.0
5155,0.09787,0.0,0.3640071249958168,4.0
5156,0.0959899999999999,0.36,0.0,4.0
5157,0.0973,0.36,0.0,4.0
5158,0.08509,0.36,0.0,4.0
5159,0.08105,2.2,0.0,4.0
5160,0.07007,2.2,0.0,4.0
5161,0.06997,2.2,0.0,4.0
5162,0.07062,2.47,0.0,4.0
5163,0.07403,2.47,0.0,4.0
5164,0.08294,2.47,0.0,4.0
5165,0.09512,0.81,0.03920121998932211,4.0
5166,0.10272,0.81,0.5887220694852519,4.0
5167,0.10144,0.81,1.2202386504202625,4.0
5168,0.09705,0.01,2.0912378569435357,4.0
5169,0.08005,0.01,3.1092135847003264,4.0
5170,0.05633,0.01,3.577921048589613,4.0
5171,0.0148399999999999,0.08,3.238635706352693,4.0
5172,0.00405,0.08,3.2699448061034,4.0
5173,0.00066,0.08,3.3714967585736635,4.0
5174,2e-05,0.97,3.909084744936664,4.0
5175,0.02209,0.97,3.601742972524039,4.0
5176,0.06724,0.97,2.7499360159986193,4.0
5177,0.08091,0.78,1.4443229576592085,4.0
5178,0.08454,0.78,0.5714223078071421,4.0
5179,0.0802099999999999,0.78,0.17976407658904317,4.0
5180,0.0727,0.11,0.0,4.0
5181,0.06663,0.11,0.0,4.0
5182,0.0476899999999999,0.11,0.0,4.0
5183,0.02152,0.12,0.0,4.0
5184,0.01534,0.12,0.0,4.0
5185,0.0159,0.12,0.0,4.0
5186,0.02396,0.06,0.0,4.0
5187,0.05447,0.06,0.0,4.0
5188,0.07619,0.06,0.0,4.0
5189,0.09225,6.91,0.0,4.0
5190,0.09208,6.91,0.15830274871788427,4.0
5191,0.07474,6.91,0.6984098488023235,4.0
5192,0.00389,3.26,0.8009677982040292,4.0
5193,-0.0002099999999999,3.26,1.3371399394024965,4.0
5194,-0.0020099999999999,3.26,1.7595094449438649,4.0
5195,-0.00494,0.01,2.520047511591311,4.0
5196,-0.0095,0.01,2.7385916188753807,4.0
5197,-0.01183,0.01,2.118739815641702,4.0
5198,-0.00992,0.36,2.026907717247303,4.0
5199,-0.00507,0.36,1.7633837380956865,4.0
5200,-0.00052,0.36,1.8195403531872758,4.0
5201,0.00107,0.52,1.3550365708317518,4.0
5202,0.07248,0.52,0.6384496208036451,4.0
5203,0.08997,0.52,0.15641000282873427,4.0
5204,0.10715,1.73,0.0,4.0
5205,0.08718,1.73,0.0,4.0
5206,0.081,1.73,0.0,4.0
5207,0.07513,4.18,0.0,4.0
5208,0.05989,4.18,0.0,4.0
5209,0.0607599999999999,4.18,0.0,4.0
5210,0.0610099999999999,4.88,0.0,4.0
5211,0.06035,4.88,0.0,4.0
5212,0.0817,4.88,0.0,4.0
5213,0.10377,7.25,0.04770295802622483,4.0
5214,0.10294,7.25,0.7106146313670095,4.0
5215,0.08394,7.25,1.9676463992269118,4.0
5216,0.0277399999999999,1.39,3.274009339204307,4.0
5217,-1e-05,1.39,4.363656019989553,4.0
5218,-0.0020499999999999,1.39,4.598309766047336,4.0
5219,-0.00847,0.42,5.872876120475178,4.0
5220,-0.0117899999999999,0.42,6.351507531283525,4.0
5221,-0.006,0.42,6.351125550718426,4.0
5222,-0.00311,0.02,5.800916870385414,4.0
5223,-0.00101,0.02,4.836252929405617,4.0
5224,0.05215,0.02,3.612259168249361,4.0
5225,0.09719,0.08,2.039359851256986,4.0
5226,0.1137,0.08,0.414542232949174,4.0
5227,0.17016,0.08,0.32466784340350047,4.0
5228,0.15708,0.77,0.0,4.0
5229,0.11,0.77,0.0,4.0
5230,0.1016,0.77,0.0,4.0
5231,0.09758,3.02,0.0,4.0
5232,0.09704,3.02,0.0,4.0
5233,0.09144,3.02,0.0,4.0
5234,0.08879,3.07,0.0,4.0
5235,0.08893,3.07,0.0,4.0
5236,0.0928499999999999,3.07,0.0,4.0
5237,0.10746,2.85,0.10339723808137224,4.0
5238,0.1065,2.85,0.9187871763272684,4.0
5239,0.10048,2.85,2.057778342876274,4.0
5240,0.0776299999999999,0.02,3.341778478282572,4.0
5241,0.02223,0.02,4.584822551821668,4.0
5242,0.0,0.02,5.5990065531544175,4.0
5243,-0.0001199999999999,0.69,6.290083382338258,4.0
5244,-0.00199,0.69,6.112418539239156,4.0
5245,-0.00029,0.69,4.588593533843922,4.0
5246,-1e-05,0.75,2.898063567449427,4.0
5247,0.002,0.75,3.334569190137715,4.0
5248,0.06559,0.75,2.570759070154455,4.0
5249,0.09423,0.36,1.5352552372363102,4.0
5250,0.11195,0.36,0.6112235850975641,4.0
5251,0.14194,0.36,0.2336582794059132,4.0
5252,0.1275,0.06,0.0,4.0
5253,0.11,0.06,0.0,4.0
5254,0.10128,0.06,0.0,4.0
5255,0.0939,0.0,0.0,4.0
5256,0.08949,0.0,0.0,4.0
5257,0.08613,0.0,0.0,4.0
5258,0.08266,0.53,0.0,4.0
5259,0.08145,0.53,0.0,4.0
5260,0.09114,0.53,0.0,4.0
5261,0.10043,0.44,0.03853656510723254,4.0
5262,0.10305,0.44,0.5382949875136931,4.0
5263,0.10914,0.44,1.3318661163855157,4.0
5264,0.0899,0.92,2.0836760314874554,4.0
5265,0.066,0.92,2.2102788162413716,4.0
5266,0.00839,0.92,2.624272329525827,4.0
5267,0.0,0.39,2.577455518983531,4.0
5268,-1e-05,0.39,2.585594507741341,4.0
5269,-2e-05,0.39,2.7018254562666164,4.0
5270,-1e-05,0.85,2.3033203182118616,4.0
5271,0.01049,0.85,2.7046837130579675,4.0
5272,0.07174,0.85,2.6069582524412898,4.0
5273,0.10386,0.51,1.8398461102052945,4.0
5274,0.11397,0.51,0.5930896789803674,4.0
5275,0.14462,0.51,0.2439645710047297,4.0
5276,0.1515099999999999,0.08,0.0,4.0
5277,0.12159,0.08,0.0,4.0
5278,0.1084599999999999,0.08,0.0,4.0
5279,0.10193,0.16,0.0,4.0
5280,0.10043,0.16,0.0,4.0
5281,0.09994,0.16,0.0,4.0
5282,0.0978,2.8,0.0,4.0
5283,0.09687,2.8,0.0,4.0
5284,0.09701,2.8,0.0,4.0
5285,0.09726,6.37,0.012825391280205349,4.0
5286,0.09345,6.37,0.2484024444383906,4.0
5287,0.07019,6.37,1.0322553622504078,4.0
5288,0.01534,0.81,1.6576391478785844,4.0
5289,-2e-05,0.81,3.655216251707845,4.0
5290,-0.001,0.81,4.6977167561431425,4.0
5291,-0.00663,0.05,4.094188222425708,4.0
5292,-0.01514,0.05,3.4593318551091103,4.0
5293,-0.01537,0.05,3.919219705800049,4.0
5294,-0.0040999999999999,0.52,3.571970548056595,4.0
5295,-4e-05,0.52,3.3244505289824673,4.0
5296,0.00629,0.52,1.9919784023042464,4.0
5297,0.0859,0.58,1.573785529098665,4.0
5298,0.1042,0.58,0.5453086676061308,4.0
5299,0.12762,0.58,0.15975105639282774,4.0
5300,0.11931,0.11,0.0,4.0
5301,0.10789,0.11,0.0,4.0
5302,0.09497,0.11,0.0,4.0
5303,0.08479,1.47,0.0,4.0
5304,0.08323,1.47,0.0,4.0
5305,0.0831,1.47,0.0,4.0
5306,0.07795,6.18,0.0,4.0
5307,0.08068,6.18,0.0,4.0
5308,0.08369,6.18,0.0,4.0
5309,0.08227,9.06,0.0,4.0
5310,0.0747,9.06,0.27396864852830094,4.0
5311,0.0263599999999999,9.06,1.2654340958579207,4.0
5312,-1e-05,0.97,1.938070866876774,4.0
5313,-0.00311,0.97,3.1087998650553637,4.0
5314,-0.0156,0.97,3.9503121450257317,4.0
5315,-0.04003,0.0,2.3136696611399032,4.0
5316,-0.0610799999999999,0.0,2.4365276544455625,4.0
5317,-0.05094,0.0,2.031891136865836,4.0
5318,-0.02212,0.36,1.2050761883375445,4.0
5319,-0.00121,0.36,1.9338834075504165,4.0
5320,0.00213,0.36,2.153210692557406,4.0
5321,0.08264,0.11,1.6333149323730203,4.0
5322,0.10855,0.11,0.46281057734709075,4.0
5323,0.11895,0.11,0.21052723421364794,4.0
5324,0.12245,0.18,0.0,4.0
5325,0.10698,0.18,0.0,4.0
5326,0.0989,0.18,0.0,4.0
5327,0.0998199999999999,1.13,0.0,4.0
5328,0.09197,1.13,0.0,4.0
5329,0.08744,1.13,0.0,4.0
5330,0.08519,3.69,0.0,4.0
5331,0.0928499999999999,3.69,0.0,4.0
5332,0.10351,3.69,0.0,4.0
5333,0.12922,6.57,0.06403495465508362,4.0
5334,0.13349,6.57,0.8566053600669682,4.0
5335,0.10535,6.57,1.626619266778045,4.0
5336,0.09075,0.02,2.7727267446552486,4.0
5337,0.05,0.02,3.86880052062423,4.0
5338,0.00254,0.02,4.918348040821596,4.0
5339,0.0,0.17,5.216037620227164,4.0
5340,0.0,0.17,6.251543930118769,4.0
5341,0.0,0.17,6.531367824606685,4.0
5342,0.009,0.25,5.951411624771489,4.0
5343,0.05614,0.25,4.968205918939446,4.0
5344,0.09225,0.25,3.623725172797047,4.0
5345,0.10826,0.28,2.022816978753426,4.0
5346,0.154,0.28,0.2913777637378891,4.0
5347,0.1919499999999999,0.28,0.20999205657238312,4.0
5348,0.13888,0.11,0.0,4.0
5349,0.10887,0.11,0.0,4.0
5350,0.096,0.11,0.0,4.0
5351,0.093,0.1,0.0,4.0
5352,0.08967,0.1,0.0,4.0
5353,0.08541,0.1,0.0,4.0
5354,0.08513,1.34,0.0,4.0
5355,0.08648,1.34,0.0,4.0
5356,0.09397,1.34,0.0,4.0
5357,0.1069099999999999,3.56,0.04074086164561905,4.0
5358,0.10463,3.56,0.7225735684801591,4.0
5359,0.0987099999999999,3.56,1.8767735654402036,4.0
5360,0.0924899999999999,0.68,3.202970521297392,4.0
5361,0.07953,0.68,4.460452257753719,4.0
5362,0.0404099999999999,0.68,5.512623277621004,4.0
5363,0.00838,1.03,6.234594822942138,4.0
5364,0.003,1.03,6.539727842155713,4.0
5365,0.00515,1.03,6.44390779920371,4.0
5366,0.03505,0.52,5.868205171327846,4.0
5367,0.07312,0.52,4.898424833828257,4.0
5368,0.09406,0.52,3.573769586723192,4.0
5369,0.1061,0.25,2.007635566578323,4.0
5370,0.14931,0.25,0.23528576939354234,4.0
5371,0.15616,0.25,0.20415927927698702,4.0
5372,0.1404,0.53,0.0,4.0
5373,0.1140699999999999,0.53,0.0,4.0
5374,0.09773,0.53,0.0,4.0
5375,0.09572,0.25,0.0,4.0
5376,0.09,0.25,0.0,4.0
5377,0.08689,0.25,0.0,4.0
5378,0.08471,1.06,0.0,4.0
5379,0.08707,1.06,0.0,4.0
5380,0.0933,1.06,0.0,4.0
5381,0.10887,0.13,0.037739914422563435,4.0
5382,0.1075199999999999,0.13,0.7559619074384681,4.0
5383,0.10587,0.13,1.877367644170218,4.0
5384,0.0935999999999999,0.94,3.1637037179485947,4.0
5385,0.08926,0.94,4.386454521239298,4.0
5386,0.0682,0.94,5.397570304737017,4.0
5387,0.0442899999999999,2.17,6.068538249157313,4.0
5388,0.02789,2.17,6.353862284827493,4.0
5389,0.0416599999999999,2.17,6.1692673977239245,4.0
5390,0.0709,0.5,5.443225867958865,4.0
5391,0.0843,0.5,4.37831964078074,4.0
5392,0.09664,0.5,2.969165615259102,4.0
5393,0.11534,0.33,1.3246758455180985,4.0
5394,0.1933,0.33,0.44110416793296175,4.0
5395,0.2266399999999999,0.33,0.1523291430231706,4.0
5396,0.15452,0.45,0.0,4.0
5397,0.12321,0.45,0.0,4.0
5398,0.1062699999999999,0.45,0.0,4.0
5399,0.0980999999999999,0.42,0.0,4.0
5400,0.092,0.42,0.0,4.0
5401,0.08845,0.42,0.0,4.0
5402,0.0882,0.22,0.0,4.0
5403,0.08853,0.22,0.0,4.0
5404,0.09752,0.22,0.0,4.0
5405,0.10794,0.41,0.03021111708013144,4.0
5406,0.10992,0.41,0.7447624156128483,4.0
5407,0.09951,0.41,1.8449380330701874,4.0
5408,0.0911,0.53,3.068228065746108,4.0
5409,0.08126,0.53,4.3212499994931,4.0
5410,0.0675699999999999,0.53,5.318078766497795,4.0
5411,0.05409,3.42,5.987140438872073,4.0
5412,0.04102,3.42,5.839410514818668,4.0
5413,0.0549,3.42,5.3293539772194025,4.0
5414,0.06943,0.58,4.634807580758987,4.0
5415,0.0789899999999999,0.58,4.176426188829343,4.0
5416,0.09722,0.58,2.8109248008578804,4.0
5417,0.11554,0.33,1.301818067683365,4.0
5418,0.2338,0.33,0.4745919639482186,4.0
5419,0.28389,0.33,0.12992699256366255,4.0
5420,0.15584,0.66,0.0,4.0
5421,0.12071,0.66,0.0,4.0
5422,0.10595,0.66,0.0,4.0
5423,0.09959,0.38,0.0,4.0
5424,0.09897,0.38,0.0,4.0
5425,0.0939,0.38,0.0,4.0
5426,0.09033,1.15,0.0,4.0
5427,0.092,1.15,0.0,4.0
5428,0.09691,1.15,0.0,4.0
5429,0.10166,0.28,0.0,4.0
5430,0.10131,0.28,0.2944554261356991,4.0
5431,0.0965999999999999,0.28,0.7140437600298609,4.0
5432,0.08347,0.39,1.228885635443817,4.0
5433,0.0439,0.39,2.550830166898083,4.0
5434,0.003,0.39,3.2367063255897093,4.0
5435,8e-05,0.71,2.166617471812834,4.0
5436,0.0,0.71,1.6325774414062664,4.0
5437,0.0,0.71,1.9939556973577297,4.0
5438,0.00172,0.88,1.8306594276063375,4.0
5439,0.02766,0.88,1.5664458375397758,4.0
5440,0.0779599999999999,0.88,0.7693069093833984,4.0
5441,0.10589,1.41,0.7375545877868078,4.0
5442,0.11438,1.41,0.4532060435019831,4.0
5443,0.12401,1.41,0.03846678173303978,4.0
5444,0.1115,0.37,0.0,4.0
5445,0.1059399999999999,0.37,0.0,4.0
5446,0.0959599999999999,0.37,0.0,4.0
5447,0.09611,0.28,0.0,4.0
5448,0.09092,0.28,0.0,4.0
5449,0.08978,0.28,0.0,4.0
5450,0.08535,0.43,0.0,4.0
5451,0.08405,0.43,0.0,4.0
5452,0.08709,0.43,0.0,4.0
5453,0.09101,0.12,0.01052769053528956,4.0
5454,0.09002,0.12,0.6857640955201415,4.0
5455,0.0809899999999999,0.12,1.8112309402715077,4.0
5456,0.06794,0.02,3.1150564955263236,4.0
5457,0.02512,0.02,4.362787563231627,4.0
5458,0.0038,0.02,5.4967356844009165,4.0
5459,0.00017,1.04,6.242508966774523,4.0
5460,-1e-05,1.04,5.179509348778305,4.0
5461,-1e-05,1.04,3.0884491042234585,4.0
5462,-1e-05,0.42,3.0371722126852667,4.0
5463,0.0007099999999999,0.42,2.550595187242505,4.0
5464,0.01621,0.42,2.114981669465995,4.0
5465,0.06992,0.36,1.299229445936345,4.0
5466,0.095,0.36,0.4355498353366705,4.0
5467,0.10262,0.36,0.09368973260007318,4.0
5468,0.10061,0.38,0.0,4.0
5469,0.095,0.38,0.0,4.0
5470,0.09,0.38,0.0,4.0
5471,0.09128,3.1,0.0,4.0
5472,0.08534,3.1,0.0,4.0
5473,0.0868599999999999,3.1,0.0,4.0
5474,0.08663,13.72,0.0,4.0
5475,0.08773,13.72,0.0,4.0
5476,0.08993,13.72,0.0,4.0
5477,0.08989,12.5,0.0,4.0
5478,0.08103,12.5,0.48453568460741503,4.0
5479,0.0762399999999999,12.5,1.392886035402959,4.0
5480,0.03259,2.2,2.4270661474842274,4.0
5481,0.00996,2.2,3.5714394270897922,4.0
5482,0.0001,2.2,4.756989439076665,4.0
5483,-0.0002,1.36,5.147574201156484,4.0
5484,-0.00093,1.36,3.9925172707782437,4.0
5485,-0.00125,1.36,3.3051257691667963,4.0
5486,0.00065,0.08,2.102229021264069,4.0
5487,0.01381,0.08,2.257825832331938,4.0
5488,0.0724,0.08,1.411126120445638,4.0
5489,0.09669,0.53,0.8768354056516785,4.0
5490,0.11,0.53,0.2539724305906559,4.0
5491,0.11066,0.53,0.0,4.0
5492,0.11014,0.06,0.0,4.0
5493,0.1051,0.06,0.0,4.0
5494,0.10254,0.06,0.0,4.0
5495,0.0919899999999999,0.41,0.0,4.0
5496,0.08713,0.41,0.0,4.0
5497,0.08433,0.41,0.0,4.0
5498,0.08385,2.16,0.0,4.0
5499,0.08946,2.16,0.0,4.0
5500,0.09927,2.16,0.0,4.0
5501,0.11851,6.02,0.0,4.0
5502,0.13013,6.02,0.1525908317419694,4.0
5503,0.10987,6.02,0.31865147182441317,4.0
5504,0.08884,0.51,0.8419545457518932,4.0
5505,0.07206,0.51,1.9568845757029951,4.0
5506,0.04593,0.51,3.234763621668055,4.0
5507,0.02004,0.17,4.217682266041618,4.0
5508,0.01423,0.17,3.6895383357112403,4.0
5509,0.01834,0.17,4.38599661674191,4.0
5510,0.05456,1.36,3.9651451922152203,4.0
5511,0.07094,1.36,3.048261238623971,4.0
5512,0.09032,1.36,1.5280350467543151,4.0
5513,0.10987,0.58,0.928743054883786,4.0
5514,0.1855,0.58,0.3266740434101007,4.0
5515,0.1974199999999999,0.58,0.0,4.0
5516,0.12467,0.55,0.0,4.0
5517,0.1074899999999999,0.55,0.0,4.0
5518,0.102,0.55,0.0,4.0
5519,0.10101,0.95,0.0,4.0
5520,0.0948199999999999,0.95,0.0,4.0
5521,0.0882,0.95,0.0,4.0
5522,0.08637,4.38,0.0,4.0
5523,0.09009,4.38,0.0,4.0
5524,0.1025,4.38,0.0,4.0
5525,0.1110999999999999,9.3,0.0,4.0
5526,0.10995,9.3,0.07954185082745241,4.0
5527,0.09805,9.3,0.2226637949143913,4.0
5528,0.08857,0.8,0.9841830779010107,4.0
5529,0.06964,0.8,1.8099149793531506,4.0
5530,0.04323,0.8,2.57986776762001,4.0
5531,0.02285,0.86,2.440692561582857,4.0
5532,0.00897,0.86,3.021922468391375,4.0
5533,0.01526,0.86,3.687590452158071,4.0
5534,0.03089,0.28,3.179514481256192,4.0
5535,0.0606,0.28,2.886946406712324,4.0
5536,0.09148,0.28,1.8461392923035427,4.0
5537,0.10191,0.88,1.2060962248467921,4.0
5538,0.12051,0.88,0.3773698959689042,4.0
5539,0.12862,0.88,0.029960461649962546,4.0
5540,0.11106,0.77,0.0,4.0
5541,0.10441,0.77,0.0,4.0
5542,0.0972,0.77,0.0,4.0
5543,0.0977,0.96,0.0,4.0
5544,0.09318,0.96,0.0,4.0
5545,0.08764,0.96,0.0,4.0
5546,0.08578,1.1,0.0,4.0
5547,0.0896599999999999,1.1,0.0,4.0
5548,0.0988,1.1,0.0,4.0
5549,0.10884,6.14,0.0,4.0
5550,0.11012,6.14,0.5782965128596849,4.0
5551,0.10391,6.14,1.7606109501516176,4.0
5552,0.0900499999999999,3.59,3.115803239927073,4.0
5553,0.08098,3.59,4.336140465119964,4.0
5554,0.06906,3.59,5.1267352703864395,4.0
5555,0.04907,0.58,5.050146074228816,4.0
5556,0.035,0.58,5.917554434882849,4.0
5557,0.04203,0.58,5.332742842824809,4.0
5558,0.07302,0.63,4.840738856480219,4.0
5559,0.08145,0.63,4.144012200771472,4.0
5560,0.10169,0.63,2.51538602997011,4.0
5561,0.10916,0.38,1.6202068960453755,4.0
5562,0.13515,0.38,0.046321801868683295,4.0
5563,0.12611,0.38,0.07121449351849732,4.0
5564,0.11495,0.14,0.0,4.0
5565,0.10349,0.14,0.0,4.0
5566,0.09734,0.14,0.0,4.0
5567,0.09611,1.62,0.0,4.0
5568,0.09073,1.62,0.0,4.0
5569,0.08752,1.62,0.0,4.0
5570,0.0908799999999999,4.71,0.0,4.0
5571,0.09237,4.71,0.0,4.0
5572,0.10859,4.71,0.0,4.0
5573,0.1156,9.08,0.0,4.0
5574,0.11689,9.08,0.6011403005673852,4.0
5575,0.10779,9.08,1.6887588054475615,4.0
5576,0.0973199999999999,2.48,3.105874814370523,4.0
5577,0.08585,2.48,4.3948531981327275,4.0
5578,0.07764,2.48,4.834635759727928,4.0
5579,0.06949,0.36,5.399209443923467,4.0
5580,0.06609,0.36,5.647061111052821,4.0
5581,0.05626,0.36,3.6682429336910554,4.0
5582,0.0682,0.18,3.5268490386404956,4.0
5583,0.07239,0.18,3.587320317943569,4.0
5584,0.0928799999999999,0.18,2.936431781905961,4.0
5585,0.1032,0.2,1.5904820722913142,4.0
5586,0.10639,0.2,0.2583657257146899,4.0
5587,0.11073,0.2,0.01217484028184727,4.0
5588,0.11073,0.58,0.0,4.0
5589,0.105,0.58,0.0,4.0
5590,0.09578,0.58,0.0,4.0
5591,0.08927,4.44,0.0,4.0
5592,0.08199,4.44,0.0,4.0
5593,0.07859,4.44,0.0,4.0
5594,0.0775199999999999,9.61,0.0,4.0
5595,0.07765,9.61,0.0,4.0
5596,0.0879,9.61,0.0,4.0
5597,0.10576,6.47,0.0,4.0
5598,0.10745,6.47,0.4911996012489931,4.0
5599,0.10232,6.47,1.4323109492115749,4.0
5600,0.09002,2.54,2.6358126596553966,4.0
5601,0.07244,2.54,3.8477002697099216,4.0
5602,0.0425,2.54,4.651354684786883,4.0
5603,0.01407,0.67,5.491682116679511,4.0
5604,0.0038399999999999,0.67,5.700986248844122,4.0
5605,2e-05,0.67,4.947959414922307,4.0
5606,0.00401,0.05,4.041461160600002,4.0
5607,0.04064,0.05,3.300097158008602,4.0
5608,0.07314,0.05,2.75657278110716,4.0
5609,0.09517,1.73,1.5675365760255633,4.0
5610,0.10607,1.73,0.27456486673009844,4.0
5611,0.113,1.73,0.0014922870941315234,4.0
5612,0.1076299999999999,3.12,0.0,4.0
5613,0.10309,3.12,0.0,4.0
5614,0.09437,3.12,0.0,4.0
5615,0.09533,4.14,0.0,4.0
5616,0.08932,4.14,0.0,4.0
5617,0.08776,4.14,0.0,4.0
5618,0.08521,5.35,0.0,4.0
5619,0.08556,5.35,0.0,4.0
5620,0.0856,5.35,0.0,4.0
5621,0.08667,3.59,0.0,4.0
5622,0.08678,3.59,0.5735341102038544,4.0
5623,0.0835699999999999,3.59,1.6625330518233783,4.0
5624,0.0629,2.19,3.082944059418889,4.0
5625,0.01469,2.19,4.455307077875297,4.0
5626,0.00329,2.19,5.618620675144961,4.0
5627,0.00132,0.33,6.387411722651911,4.0
5628,6e-05,0.33,6.719070442967707,4.0
5629,7.000000000000001e-05,0.33,6.584215467056397,4.0
5630,0.00352,0.06,5.931706297519128,4.0
5631,0.0121,0.06,4.844685861860858,4.0
5632,0.07219,0.06,3.457390235311259,4.0
5633,0.10031,0.0,1.8163508109220143,4.0
5634,0.11222,0.0,0.053054365116874995,4.0
5635,0.12367,0.0,0.02776218443655314,4.0
5636,0.12043,3.04,0.0,4.0
5637,0.11116,3.04,0.0,4.0
5638,0.10528,3.04,0.0,4.0
5639,0.1005,7.2,0.0,4.0
5640,0.0951299999999999,7.2,0.0,4.0
5641,0.09441,7.2,0.0,4.0
5642,0.0921299999999999,9.38,0.0,4.0
5643,0.0912,9.38,0.0,4.0
5644,0.09097,9.38,0.0,4.0
5645,0.09,8.75,0.0,4.0
5646,0.08501,8.75,0.5629371050088378,4.0
5647,0.07284,8.75,1.5748168282783392,4.0
5648,0.0048,1.56,2.8546794806390134,4.0
5649,-1e-05,1.56,4.161883733136392,4.0
5650,-7.000000000000001e-05,1.56,5.211979363900019,4.0
5651,-0.00198,0.53,4.752300364257873,4.0
5652,-0.00745,0.53,3.6251703055859648,4.0
5653,-0.0074,0.53,2.474946022719023,4.0
5654,-0.0001,0.33,1.284188513372951,4.0
5655,0.0,0.33,1.0152863464843536,4.0
5656,0.06336,0.33,0.7210712033317515,4.0
5657,0.09981,0.7,0.616619309619512,4.0
5658,0.1105,0.7,0.2469366498692765,4.0
5659,0.11731,0.7,0.0,4.0
5660,0.1143199999999999,3.38,0.0,4.0
5661,0.1075,3.38,0.0,4.0
5662,0.10052,3.38,0.0,4.0
5663,0.09528,7.34,0.0,4.0
5664,0.08703,7.34,0.0,4.0
5665,0.08402,7.34,0.0,4.0
5666,0.0829,10.11,0.0,4.0
5667,0.0834599999999999,10.11,0.0,4.0
5668,0.10246,10.11,0.0,4.0
5669,0.11538,9.89,0.0,4.0
5670,0.125,9.89,0.4501590261458177,4.0
5671,0.11004,9.89,1.5694231647913373,4.0
5672,0.09197,2.13,2.7048578832926404,4.0
5673,0.07298,2.13,4.017550433224175,4.0
5674,0.03502,2.13,4.8513980965718355,4.0
5675,0.01,0.14,5.732159601438831,4.0
5676,0.0059299999999999,0.14,6.246955686614541,4.0
5677,0.00678,0.14,6.339226444184537,4.0
5678,0.0252,0.67,5.747765789773064,4.0
5679,0.05643,0.67,4.685863613622222,4.0
5680,0.08667,0.67,3.106254217728117,4.0
5681,0.11154,0.11,1.5137000931926783,4.0
5682,0.15903,0.11,0.2527797355872513,4.0
5683,0.23282,0.11,0.0,4.0
5684,0.13804,0.58,0.0,4.0
5685,0.11504,0.58,0.0,4.0
5686,0.10515,0.58,0.0,4.0
5687,0.1057999999999999,3.34,0.0,4.0
5688,0.10044,3.34,0.0,4.0
5689,0.09658,3.34,0.0,4.0
5690,0.09479,2.93,0.0,4.0
5691,0.09627,2.93,0.0,4.0
5692,0.1066,2.93,0.0,4.0
5693,0.12459,6.56,0.0,4.0
5694,0.12345,6.56,0.5116997148168176,4.0
5695,0.10679,6.56,1.6314753772371495,4.0
5696,0.09,1.34,2.4195659023422564,4.0
5697,0.07747,1.34,3.9612720890187743,4.0
5698,0.0616,1.34,5.412237605734278,4.0
5699,0.04195,0.83,5.82985129375258,4.0
5700,0.02628,0.83,5.807848206122857,4.0
5701,0.03805,0.83,5.215250551160723,4.0
5702,0.07239,0.69,4.15816930372706,4.0
5703,0.08826,0.69,3.1961515438058736,4.0
5704,0.1050499999999999,0.69,2.0572258984578977,4.0
5705,0.13109,0.22,1.2796901362366333,4.0
5706,0.19688,0.22,0.11847839684063997,4.0
5707,0.18017,0.22,0.0,4.0
5708,0.1232999999999999,0.45,0.0,4.0
5709,0.10947,0.45,0.0,4.0
5710,0.09767,0.45,0.0,4.0
5711,0.09659,0.08,0.0,4.0
5712,0.08998,0.08,0.0,4.0
5713,0.08652,0.08,0.0,4.0
5714,0.08725,0.65,0.0,4.0
5715,0.09,0.65,0.0,4.0
5716,0.09773,0.65,0.0,3.974305908203128
5717,0.11,1.35,0.0,4.0
5718,0.11519,1.35,0.5025558901983019,4.0
5719,0.11364,1.35,1.3887663112489597,4.0
5720,0.10163,0.5,2.313777571675133,4.0
5721,0.086,0.5,3.9328366688959226,4.0
5722,0.07929,0.5,4.2188618931353306,4.0
5723,0.0643799999999999,1.17,4.836734920978285,4.0
5724,0.05068,1.17,4.1641819321198685,4.0
5725,0.05094,1.17,2.21718458490749,4.0
5726,0.07618,0.69,1.9997787808012317,4.0
5727,0.0851,0.69,1.9257163719694226,4.0
5728,0.1049399999999999,0.69,1.7781938832091488,4.0
5729,0.13463,0.96,1.305944498746166,4.0
5730,0.22207,0.96,0.02961245120106772,4.0
5731,0.22204,0.96,0.0,4.0
5732,0.12887,0.5,0.0,4.0
5733,0.11363,0.5,0.0,4.0
5734,0.10357,0.5,0.0,4.0
5735,0.09715,0.1,0.0,4.0
5736,0.09192,0.1,0.0,4.0
5737,0.08789,0.1,0.0,4.0
5738,0.08709,0.0,0.0,4.0
5739,0.09023,0.0,0.0,3.9589323730468777
5740,0.09872,0.0,0.0,3.9364140625000026
5741,0.12163,0.06,0.0,4.0
5742,0.14379,0.06,0.4964384137241444,4.0
5743,0.14395,0.06,1.6517271424404083,4.0
5744,0.12184,0.07,2.9845368519501063,4.0
5745,0.11227,0.07,4.461745991916868,4.0
5746,0.1081299999999999,0.07,5.6087295235253105,4.0
5747,0.10089,0.22,6.374259944539252,4.0
5748,0.10096,0.22,6.683750629028824,4.0
5749,0.10089,0.22,6.51908837669677,4.0
5750,0.10066,1.09,5.876526142067392,4.0
5751,0.0960999999999999,1.09,4.811053390065632,4.0
5752,0.12984,1.09,3.37086604510553,4.0
5753,0.16085,0.63,1.7038374073652256,4.0
5754,0.21,0.63,0.0,4.0
5755,0.15316,0.63,0.0,4.0
5756,0.12418,1.29,0.0,4.0
5757,0.10711,1.29,0.0,4.0
5758,0.09215,1.29,0.0,4.0
5759,0.08504,3.73,0.0,4.0
5760,0.08327,3.73,0.0,4.0
5761,0.0831,3.73,0.0,4.0
5762,0.08159,5.97,0.0,4.0
5763,0.08301,5.97,0.0,4.0
5764,0.091,5.97,0.0,4.0
5765,0.11755,5.75,0.0,4.0
5766,0.12139,5.75,0.46348670261358127,4.0
5767,0.12,5.75,1.5746917802906066,4.0
5768,0.11036,0.25,2.941940520980711,4.0
5769,0.08425,0.25,4.307524816124026,4.0
5770,0.07808,0.25,5.436922608915361,4.0
5771,0.06744,0.33,6.1872518001319605,4.0
5772,0.05396,0.33,6.497985339608942,4.0
5773,0.05964,0.33,6.345059100218605,4.0
5774,0.07306,0.07,5.6957882941132,4.0
5775,0.085,0.07,4.591931682502264,4.0
5776,0.10482,0.07,3.110639977525506,4.0
5777,0.11851,0.64,1.6228504826215164,4.0
5778,0.14768,0.64,0.0,4.0
5779,0.1165,0.64,0.0,4.0
5780,0.1119599999999999,0.74,0.0,4.0
5781,0.0957,0.74,0.0,4.0
5782,0.08607,0.74,0.0,4.0
5783,0.0925,2.51,0.0,4.0
5784,0.08656,2.51,0.0,4.0
5785,0.0833,2.51,0.0,4.0
5786,0.08151,3.82,0.0,4.0
5787,0.08339,3.82,0.0,4.0
5788,0.0877199999999999,3.82,0.0,4.0
5789,0.09502,3.49,0.0,4.0
5790,0.09809,3.49,0.36368151004589316,4.0
5791,0.08964,3.49,1.3434571576680316,4.0
5792,0.0785999999999999,0.53,2.5142047345747325,4.0
5793,0.03646,0.53,3.013176377947789,4.0
5794,0.00523,0.53,4.0914783708201545,4.0
5795,0.0,0.12,4.289969786546005,4.0
5796,-1e-05,0.12,4.576860593929479,4.0
5797,-1e-05,0.12,4.911960686169256,4.0
5798,-0.00038,0.08,4.53532322720775,4.0
5799,0.00948,0.08,3.4116981378441356,4.0
5800,0.0810999999999999,0.08,2.2664719878579276,4.0
5801,0.1039,0.03,1.2747345004865152,4.0
5802,0.12707,0.03,0.0780711679812565,4.0
5803,0.1299799999999999,0.03,0.0,4.0
5804,0.12039,0.5,0.0,4.0
5805,0.1049399999999999,0.5,0.0,4.0
5806,0.0902999999999999,0.5,0.0,4.0
5807,0.08874,2.25,0.0,4.0
5808,0.07891,2.25,0.0,4.0
5809,0.07053,2.25,0.0,4.0
5810,0.06702,3.05,0.0,4.0
5811,0.06379,3.05,0.0,4.0
5812,0.06456,3.05,0.0,4.0
5813,0.065,2.05,0.0,4.0
5814,0.06213,2.05,0.16012004345367642,4.0
5815,0.0223,2.05,0.4512500124184856,4.0
5816,0.0052,0.26,1.0170886852681447,4.0
5817,-1e-05,0.26,1.3097408955930496,4.0
5818,-2e-05,0.26,2.034291403920893,4.0
5819,-0.00011,0.36,1.7500812281480684,4.0
5820,-0.001,0.36,2.343655334679569,4.0
5821,-0.00061,0.36,1.7223159591203687,4.0
5822,0.0,0.33,1.518555181259931,4.0
5823,0.02547,0.33,1.3866505320445786,4.0
5824,0.0797399999999999,0.33,1.2272389654273332,4.0
5825,0.11759,0.2,0.8580929944828588,4.0
5826,0.1351,0.2,0.34920258495984297,4.0
5827,0.13207,0.2,0.0,4.0
5828,0.11415,0.13,0.0,4.0
5829,0.10263,0.13,0.0,4.0
5830,0.08976,0.13,0.0,4.0
5831,0.08408,0.0,0.0,4.0
5832,0.08143,0.0,0.0,4.0
5833,0.08097,0.0,0.0,4.0
5834,0.08003,3.5,0.0,4.0
5835,0.08137,3.5,0.0,4.0
5836,0.09258,3.5,0.0,4.0
5837,0.12043,3.37,0.0,4.0
5838,0.12567,3.37,0.2982194622765892,4.0
5839,0.1161,3.37,1.2593730658573503,4.0
5840,0.09819,1.46,2.5352043953909678,4.0
5841,0.082,1.46,3.214899648092729,4.0
5842,0.0694,1.46,4.6009693104927765,4.0
5843,0.03827,0.03,4.932914858351238,4.0
5844,0.02503,0.03,5.514634977038236,4.0
5845,0.04273,0.03,5.391754609907658,4.0
5846,0.06776,0.13,5.26022629867509,4.0
5847,0.08467,0.13,4.015637299151196,4.0
5848,0.1097,0.13,2.8450156933255712,4.0
5849,0.1553199999999999,0.28,1.4604933916388763,4.0
5850,0.25065,0.28,0.472424120587811,4.0
5851,0.21056,0.28,0.0,4.0
5852,0.1252,0.03,0.0,4.0
5853,0.1124,0.03,0.0,4.0
5854,0.10053,0.03,0.0,4.0
5855,0.09501,1.68,0.0,4.0
5856,0.09011,1.68,0.0,4.0
5857,0.09084,1.68,0.0,4.0
5858,0.0925,3.63,0.0,4.0
5859,0.0948,3.63,0.0,4.0
5860,0.10685,3.63,0.0,4.0
5861,0.1343899999999999,4.54,0.0,4.0
5862,0.15367,4.54,0.0,4.0
5863,0.14748,4.54,1.4004843591479976,4.0
5864,0.1210499999999999,2.4,2.503513513774526,4.0
5865,0.10214,2.4,3.981108558459269,4.0
5866,0.08466,2.4,4.801713158473577,4.0
5867,0.07894,0.17,5.744505816250497,4.0
5868,0.07973,0.17,5.891480194654848,4.0
5869,0.07854,0.17,5.727339960233069,4.0
5870,0.08437,0.01,4.80170458973032,4.0
5871,0.095,0.01,3.8417622525757005,4.0
5872,0.10897,0.01,2.9276636646655576,4.0
5873,0.17316,0.19,1.3092822552869996,4.0
5874,0.31151,0.19,0.43359473104415047,4.0
5875,0.26379,0.19,0.0,4.0
5876,0.14092,0.0,0.0,4.0
5877,0.11047,0.0,0.0,4.0
5878,0.09121,0.0,0.0,4.0
5879,0.09725,0.68,0.0,4.0
5880,0.09074,0.68,0.0,4.0
5881,0.08595,0.68,0.0,4.0
5882,0.08172,1.97,0.0,4.0
5883,0.08123,1.97,0.0,4.0
5884,0.08697,1.97,0.0,4.0
5885,0.1032,1.08,0.0,4.0
5886,0.11234,1.08,0.33661777667653786,4.0
5887,0.1091299999999999,1.08,1.2064204846508821,4.0
5888,0.0853,0.12,2.1280904768100943,4.0
5889,0.02904,0.12,3.502854050167564,4.0
5890,3e-05,0.12,4.296086696074379,4.0
5891,-0.0001,0.49,5.20157335253644,4.0
5892,-0.0001,0.49,5.260860560947484,4.0
5893,-0.00028,0.49,5.003592163068041,4.0
5894,0.0,0.36,5.116643878117255,4.0
5895,0.00389,0.36,3.900407083182201,4.0
5896,0.06346,0.36,2.97756306725861,4.0
5897,0.10235,0.62,1.364787057547917,4.0
5898,0.11092,0.62,0.3511007356185237,4.0
5899,0.104,0.62,0.0,4.0
5900,0.09417,0.36,0.0,4.0
5901,0.08068,0.36,0.0,4.0
5902,0.05425,0.36,0.0,4.0
5903,0.02165,0.07,0.0,4.0
5904,0.0177,0.07,0.0,4.0
5905,0.01787,0.07,0.0,4.0
5906,0.0300199999999999,0.52,0.0,4.0
5907,0.05992,0.52,0.0,4.0
5908,0.08389,0.52,0.0,4.0
5909,0.10787,1.59,0.0,4.0
5910,0.12,1.59,0.15759462158930104,4.0
5911,0.10809,1.59,0.9891520711257922,4.0
5912,0.07781,0.92,1.4626077451063266,4.0
5913,0.04145,0.92,2.844276326455926,4.0
5914,0.00579,0.92,3.3719278810160613,4.0
5915,0.0032,0.0,3.8652474357302413,4.0
5916,0.0033599999999999,0.0,4.0133724019486365,4.0
5917,0.03489,0.0,3.0551707329579405,4.0
5918,0.071,0.42,3.7541833471432913,4.0
5919,0.0900499999999999,0.42,2.871426166324256,4.0
5920,0.1091299999999999,0.42,1.9047994462072884,4.0
5921,0.1918,0.25,1.0527765338569135,4.0
5922,0.35,0.25,0.18680188747669385,4.0
5923,0.21882,0.25,0.0,4.0
5924,0.12493,1.64,0.0,4.0
5925,0.11214,1.64,0.0,4.0
5926,0.1013,1.64,0.0,4.0
5927,0.09525,5.61,0.0,4.0
5928,0.0861,5.61,0.0,4.0
5929,0.08526,5.61,0.0,4.0
5930,0.0852,6.49,0.0,4.0
5931,0.0856,6.49,0.0,4.0
5932,0.09736,6.49,0.0,4.0
5933,0.11916,9.22,0.0,4.0
5934,0.13213,9.22,0.05488451675158253,4.0
5935,0.12575,9.22,0.2823921709300455,4.0
5936,0.1004,1.52,0.498529275435933,4.0
5937,0.0878299999999999,1.52,0.23886219742917894,4.0
5938,0.08415,1.52,0.3991968293205323,4.0
5939,0.07825,0.42,0.7436822325773444,4.0
5940,0.07219,0.42,1.0332470103580595,4.0
5941,0.07017,0.42,0.0,4.0
5942,0.07753,0.33,0.0,4.0
5943,0.085,0.33,1.700562416623618,4.0
5944,0.09096,0.33,0.9243823655847826,4.0
5945,0.10895,0.8,0.6502937806428116,4.0
5946,0.15453,0.8,0.1498846920465579,4.0
5947,0.15075,0.8,0.0,4.0
5948,0.1171,1.75,0.0,4.0
5949,0.10771,1.75,0.0,4.0
5950,0.1007,1.75,0.0,4.0
5951,0.10121,4.28,0.0,4.0
5952,0.10059,4.28,0.0,4.0
5953,0.0995699999999999,4.28,0.0,4.0
5954,0.09784,10.02,0.0,4.0
5955,0.0969599999999999,10.02,0.0,4.0
5956,0.09801,10.02,0.0,4.0
5957,0.1026,10.6,0.0,4.0
5958,0.10091,10.6,0.08111107016129315,4.0
5959,0.09598,10.6,0.585139405519986,4.0
5960,0.07911,2.16,1.01888881131373,4.0
5961,0.0113499999999999,2.16,1.9147695087801293,4.0
5962,0.0,2.16,2.780604219677803,4.0
5963,-2e-05,1.42,3.682122314116116,4.0
5964,-0.00086,1.42,5.699346033884768,4.0
5965,-0.00099,1.42,6.131600414559068,4.0
5966,-1e-05,0.13,5.442620247506972,4.0
5967,0.04099,0.13,4.368641779532184,4.0
5968,0.0876,0.13,2.8750515795634546,4.0
5969,0.11647,0.61,1.296185497244329,4.0
5970,0.1583899999999999,0.61,0.30235634469705436,4.0
5971,0.13954,0.61,0.0,4.0
5972,0.10995,0.45,0.0,4.0
5973,0.09295,0.45,0.0,4.0
5974,0.08256,0.45,0.0,4.0
5975,0.08972,1.82,0.0,4.0
5976,0.08502,1.82,0.0,4.0
5977,0.08077,1.82,0.0,4.0
5978,0.0834,3.18,0.0,4.0
5979,0.08292,3.18,0.0,4.0
5980,0.08267,3.18,0.0,4.0
5981,0.0815,3.83,0.0,4.0
5982,0.0554799999999999,3.83,0.11211773264747643,4.0
5983,0.0,3.83,0.7667653636076401,4.0
5984,-8.999999999999999e-05,1.35,1.5134383645160618,4.0
5985,-0.004,1.35,1.9119010482980368,4.0
5986,-0.02009,1.35,2.161804043188728,4.0
5987,-0.04002,0.67,2.08106566699045,4.0
5988,-0.0533999999999999,0.67,1.5546950166825748,4.0
5989,-0.04999,0.67,1.3062459375326432,4.0
5990,-0.02121,0.33,1.5191781679124485,4.0
5991,-0.00247,0.33,1.769246789084709,4.0
5992,0.0033599999999999,0.33,1.4587975586818096,4.0
5993,0.09591,0.14,0.7464886721856887,4.0
5994,0.1083,0.14,0.24311703950133462,4.0
5995,0.09625,0.14,0.0,4.0
5996,0.08602,0.19,0.0,4.0
5997,0.08501,0.19,0.0,4.0
5998,0.08606,0.19,0.0,4.0
5999,0.07966,0.02,0.0,4.0
6000,0.08574,0.02,0.0,4.0
6001,0.0847,0.02,0.0,4.0
6002,0.08227,0.07,0.0,4.0
6003,0.08379,0.07,0.0,4.0
6004,0.0955999999999999,0.07,0.0,4.0
6005,0.1099,0.54,0.0,4.0
6006,0.14814,0.54,0.20346803016402576,4.0
6007,0.12553,0.54,0.8646568580566852,4.0
6008,0.10205,0.15,2.0340381970142696,4.0
6009,0.08583,0.15,3.338749042143723,4.0
6010,0.07614,0.15,4.611846285729416,4.0
6011,0.0653499999999999,0.02,5.758616243442577,4.0
6012,0.06084,0.02,0.0,4.0
6013,0.06965,0.02,5.882237458635671,4.0
6014,0.0784599999999999,0.6,5.302153898961983,4.0
6015,0.09972,0.6,4.042777287046574,4.0
6016,0.12428,0.6,2.8132065561092157,4.0
6017,0.19661,0.68,1.3244467014951957,4.0
6018,0.41366,0.68,0.28058116066349914,4.0
6019,0.3085199999999999,0.68,0.0,4.0
6020,0.152,0.21,0.0,4.0
6021,0.12393,0.21,0.0,4.0
6022,0.11312,0.21,0.0,4.0
6023,0.11452,1.53,0.0,4.0
6024,0.1124599999999999,1.53,0.0,4.0
6025,0.1103499999999999,1.53,0.0,4.0
6026,0.1098,6.66,0.0,4.0
6027,0.11086,6.66,0.0,4.0
6028,0.11818,6.66,0.0,4.0
6029,0.18239,8.4,0.0,4.0
6030,0.3,8.4,0.1785486460124764,4.0
6031,0.19698,8.4,0.7500129250504285,4.0
6032,0.12759,4.73,2.098890503387445,4.0
6033,0.10173,4.73,3.773773116381357,4.0
6034,0.09925,4.73,4.669695073134979,4.0
6035,0.08718,3.1,4.870909007891713,4.0
6036,0.08569,3.1,5.969905945338725,4.0
6037,0.08551,3.1,3.559807885860539,4.0
6038,0.0924899999999999,1.92,3.3555839585506644,4.0
6039,0.10335,1.92,3.3107298698212944,4.0
6040,0.12741,1.92,2.492951804184079,4.0
6041,0.19268,2.79,1.188125100545047,4.0
6042,0.3863999999999999,2.79,0.23985415566584686,4.0
6043,0.21559,2.79,0.0,4.0
6044,0.13337,5.44,0.0,4.0
6045,0.11579,5.44,0.0,4.0
6046,0.1093,5.44,0.0,4.0
6047,0.10693,6.09,0.0,4.0
6048,0.10729,6.09,0.0,4.0
6049,0.10373,6.09,0.0,4.0
6050,0.10481,6.7,0.0,4.0
6051,0.10455,6.7,0.0,4.0
6052,0.11428,6.7,0.0,4.0
6053,0.13335,5.95,0.0,4.0
6054,0.2233899999999999,5.95,0.03629135054975451,4.0
6055,0.17194,5.95,0.564288069531804,4.0
6056,0.12946,3.03,1.1467487646896597,4.0
6057,0.10733,3.03,1.0753742146777925,4.0
6058,0.10239,3.03,0.5984973738906281,4.0
6059,0.08885,0.59,1.0600227827190112,4.0
6060,0.08609,0.59,1.6955788611509721,4.0
6061,0.0878,0.59,2.1801807122377155,4.0
6062,0.0907999999999999,0.02,1.1900834536115785,4.0
6063,0.10507,0.02,1.9914072638664844,4.0
6064,0.12778,0.02,1.6775775668162018,4.0
6065,0.17059,0.89,0.8212646030335311,4.0
6066,0.27519,0.89,0.10985143421759949,4.0
6067,0.16907,0.89,0.0,4.0
6068,0.12294,1.3,0.0,4.0
6069,0.10158,1.3,0.0,4.0
6070,0.08763,1.3,0.0,4.0
6071,0.08821,2.65,0.0,4.0
6072,0.085,2.65,0.0,4.0
6073,0.0771299999999999,2.65,0.0,4.0
6074,0.07067,2.34,0.0,4.0
6075,0.07067,2.34,0.0,4.0
6076,0.07905,2.34,0.0,4.0
6077,0.11118,2.45,0.0,4.0
6078,0.12533,2.45,0.019134557129016433,4.0
6079,0.12036,2.45,0.7142121758667113,4.0
6080,0.10205,2.17,1.6638660715143312,4.0
6081,0.07364,2.17,3.3950251290305613,4.0
6082,0.00823,2.17,3.2626668259812077,4.0
6083,-1e-05,0.41,2.876773217527196,4.0
6084,-7.000000000000001e-05,0.41,2.952585625658573,4.0
6085,-0.0007199999999999,0.41,1.8353099836194398,4.0
6086,0.0,0.32,1.7497256945349766,4.0
6087,0.00896,0.32,0.9758088320268784,4.0
6088,0.07582,0.32,0.5271116326473555,4.0
6089,0.11857,4.95,0.18604853205175498,4.0
6090,0.13286,4.95,0.0,4.0
6091,0.12525,4.95,0.0,4.0
6092,0.11145,7.07,0.0,4.0
6093,0.08481,7.07,0.0,4.0
6094,0.06389,7.07,0.0,4.0
6095,0.03283,5.64,0.0,4.0
6096,0.0332299999999999,5.64,0.0,4.0
6097,0.02094,5.64,0.0,4.0
6098,0.01635,5.67,0.0,4.0
6099,0.02915,5.67,0.0,4.0
6100,0.05184,5.67,0.0,3.972170898437503
6101,0.09529,4.81,0.0,3.8920915527343776
6102,0.10573,4.81,0.027975559951909524,3.858967773437503
6103,0.10201,4.81,0.44101937091695814,3.925317871093753
6104,0.04807,2.44,1.3867112481392623,4.0
6105,0.00185,2.44,2.7831964079192053,4.0
6106,-0.00166,2.44,3.7765610834550034,4.0
6107,-0.00511,0.94,4.689528273546467,4.0
6108,-0.00866,0.94,5.716829472813502,4.0
6109,-0.00619,0.94,4.865490394551487,4.0
6110,-0.004,0.86,4.055173760725424,4.0
6111,-1e-05,0.86,3.7248296891375707,4.0
6112,0.05769,0.86,2.3725870333805683,4.0
6113,0.1087099999999999,1.32,1.0214922269909794,3.963883544921878
6114,0.15536,1.32,0.18232921587196455,3.9453276367187526
6115,0.15224,1.32,0.0,3.848424560546878
6116,0.1139599999999999,4.98,0.0,3.782726318359378
6117,0.10285,4.98,0.0,3.687288085937503
6118,0.09666,4.98,0.0,3.629994384765628
6119,0.08589,6.24,0.0,3.597628662109378
6120,0.07275,6.24,0.0,3.591527587890628
6121,0.07245,6.24,0.0,3.574260742187503
6122,0.07245,2.78,0.0,3.5398735351562527
6123,0.06979,2.78,0.0,3.512601806640628
6124,0.07275,2.78,0.0,3.4908745117187525
6125,0.07471,4.04,0.0,3.5096977539062526
6126,0.07411,4.04,0.15495593545284267,3.634883300781246
6127,0.07245,4.04,1.0739758598152274,3.781429931640628
6128,0.05385,3.12,2.3919100054192732,3.9207438964843777
6129,0.0143,3.12,3.3654991523587667,4.0
6130,0.00237,3.12,3.7344358044887045,4.0
6131,0.0,0.0,3.6334251343670494,4.0
6132,-1e-05,0.0,4.961723161963137,4.0
6133,-1e-05,0.0,3.9706466204435116,4.0
6134,-1e-05,0.3,2.9159107198697813,4.0
6135,0.0038799999999999,0.3,3.025461106560375,4.0
6136,0.07411,0.3,2.1438688499763847,4.0
6137,0.1080999999999999,2.33,0.9486851827748654,3.927346679687503
6138,0.1219,2.33,0.1293427798532932,3.760610839843753
6139,0.11877,2.33,0.0,3.719847900390628
6140,0.11117,8.68,0.0,3.651465332031246
6141,0.1,8.68,0.0,3.591472656250003
6142,0.08718,8.68,0.0,3.5469853515625025
6143,0.08569,9.77,0.0,3.512557861328128
6144,0.07757,9.77,0.0,3.490065185546878
6145,0.08061,9.77,0.0,3.450627929687503
6146,0.08593,5.86,0.0,3.435909912109377
6147,0.0937699999999999,5.86,0.0,3.405529052734378
6148,0.0998199999999999,5.86,0.0,3.3946708984375027
6149,0.10075,6.18,0.0,3.4294169921875026
6150,0.10536,6.18,0.1519774708914129,3.593907958984378
6151,0.10848,6.18,0.8478570957180604,3.734104492187503
6152,0.08778,2.71,1.4162168891160536,3.9233220214843776
6153,0.06168,2.71,2.3394943969950055,4.0
6154,0.01758,2.71,2.4815010826743182,4.0
6155,0.00652,0.76,3.6713540462625174,4.0
6156,0.0,0.76,4.078622396268041,4.0
6157,-1e-05,0.76,3.457051403612713,4.0
6158,0.0,0.92,3.264583140768668,4.0
6159,0.01933,0.92,2.819003762111153,4.0
6160,0.0982,0.92,1.8267074324520651,4.0
6161,0.12434,0.6,0.9281496980704208,4.0
6162,0.1532899999999999,0.6,0.0935255675990763,3.954296142578128
6163,0.12601,0.6,0.0,3.871997558593753
6164,0.09737,2.8,0.0,3.8294365234375034
6165,0.0770199999999999,2.8,0.0,3.7737321777343777
6166,0.01427,2.8,0.0,3.7037749023437527
6167,0.02,0.51,0.0,3.6591813964843776
6168,0.00387,0.51,0.0,3.631096679687503
6169,0.00139,0.51,0.0,3.5731071777343777
6170,1e-05,0.0,0.0,3.514114257812502
6171,0.0,0.0,0.0,3.4758891601562527
6172,0.0009,0.0,0.0,3.4416813964843778
6173,0.02027,1.24,0.0,3.4503239746093777
6174,0.05431,1.24,0.13817997942416457,3.6472868652343777
6175,0.0404,1.24,0.9614379640420396,3.8098515625000022
6176,0.0009,1.6,1.9001717554253124,4.0
6177,-0.00047,1.6,3.6193377691516373,4.0
6178,-0.00261,1.6,5.1411328943274395,4.0
6179,-0.008,0.62,3.687029383309435,4.0
6180,-0.01427,0.62,3.6897909022164304,4.0
6181,-0.0136999999999999,0.62,2.638687603673601,4.0
6182,-0.0089,0.0,2.6121109460957417,4.0
6183,-0.00524,0.0,2.0579952073112264,4.0
6184,-0.00053,0.0,1.3215788350895463,4.0
6185,0.01401,3.57,0.5127800216464942,4.0
6186,0.05393,3.57,0.03474535408940242,4.0
6187,0.0473699999999999,3.57,0.0,3.9309978027343777
6188,0.00533,4.15,0.0,3.8211345214843777
6189,0.00291,4.15,0.0,3.767664062500003
6190,6e-05,4.15,0.0,3.697875244140628
6191,-1e-05,3.95,0.0,3.5452934570312458
6192,-8.999999999999999e-05,3.95,0.0,3.4661662597656275
6193,-0.00023,3.95,0.0,3.3926091308593778
6194,-0.00105,3.88,0.0,3.348129150390628
6195,-0.00133,3.88,0.0,3.3165361328125025
6196,-1e-05,3.88,0.0,3.304447509765628
6197,0.00232,4.82,0.0,3.391953613281246
6198,0.01621,4.82,0.11944556147368361,3.7452519531250026
6199,0.00381,4.82,0.8766705408957411,3.9824284667968777
6200,-0.00101,2.69,2.1572937521813715,4.0
6201,-0.00511,2.69,3.7865701286085454,4.0
6202,-0.01038,2.69,4.708406249724692,4.0
6203,-0.02005,0.64,4.761451286148587,4.0
6204,-0.01803,0.64,4.586120699308465,4.0
6205,-0.01117,0.64,5.229111499536278,4.0
6206,-0.00999,1.23,3.7985594173272252,4.0
6207,-0.00324,1.23,2.8688985873289647,4.0
6208,0.0,1.23,1.3703942191461056,4.0
6209,0.07264,0.82,0.6314654782258016,4.0
6210,0.10333,0.82,0.058790930584227755,4.0
6211,0.11297,0.82,0.0,4.0
6212,0.09297,5.29,0.0,4.0
6213,0.08055,5.29,0.0,4.0
6214,0.06544,5.29,0.0,4.0
6215,0.0708,5.67,0.0,4.0
6216,0.06347,5.67,0.0,4.0
6217,0.05095,5.67,0.0,4.0
6218,0.04853,6.25,0.0,4.0
6219,0.06001,6.25,0.0,4.0
6220,0.07382,6.25,0.0,4.0
6221,0.09885,4.54,0.0,4.0
6222,0.11734,4.54,0.0,4.0
6223,0.1127399999999999,4.54,0.4686846457371314,4.0
6224,0.09514,2.41,1.211356161175944,4.0
6225,0.06914,2.41,2.044374846620759,4.0
6226,0.04138,2.41,2.295324849117302,4.0
6227,0.0105,0.85,2.8937903229135666,4.0
6228,0.00788,0.85,3.302436436873262,4.0
6229,0.01059,0.85,2.0190536687559986,4.0
6230,0.04309,0.7,1.3192408436916245,4.0
6231,0.08117,0.7,1.3174502323425121,4.0
6232,0.11,0.7,1.1321726038941713,4.0
6233,0.12331,0.52,0.6974101325777053,4.0
6234,0.14258,0.52,0.0387461453226807,4.0
6235,0.1235199999999999,0.52,0.0,4.0
6236,0.0942,0.48,0.0,4.0
6237,0.0861,0.48,0.0,4.0
6238,0.07307,0.48,0.0,4.0
6239,0.05312,1.12,0.0,4.0
6240,0.04829,1.12,0.0,4.0
6241,0.03847,1.12,0.0,4.0
6242,0.03796,3.09,0.0,4.0
6243,0.0481199999999999,3.09,0.0,4.0
6244,0.07415,3.09,0.0,4.0
6245,0.10581,3.34,0.0,4.0
6246,0.11721,3.34,0.05387131163215874,4.0
6247,0.11128,3.34,0.5481874912286931,4.0
6248,0.0907999999999999,0.87,1.5798199704775735,4.0
6249,0.0650999999999999,0.87,2.5408288896875986,4.0
6250,0.0058899999999999,0.87,3.1597786641038215,4.0
6251,0.0002,0.26,4.1237226965725835,4.0
6252,0.0,0.26,5.25491504907777,4.0
6253,0.0,0.26,4.446501348620793,4.0
6254,0.00052,0.28,4.484339301746214,4.0
6255,0.01531,0.28,3.5510954039756717,4.0
6256,0.08979,0.28,2.1265371822834487,4.0
6257,0.11545,0.55,1.095574781986201,4.0
6258,0.13423,0.55,0.06489326240523138,4.0
6259,0.12868,0.55,0.0,4.0
6260,0.11,1.92,0.0,4.0
6261,0.09894,1.92,0.0,4.0
6262,0.0882,1.92,0.0,4.0
6263,0.07409,2.83,0.0,4.0
6264,0.0724699999999999,2.83,0.0,4.0
6265,0.07345,2.83,0.0,4.0
6266,0.0737,3.84,0.0,4.0
6267,0.07402,3.84,0.0,4.0
6268,0.08959,3.84,0.0,4.0
6269,0.11892,3.93,0.0,4.0
6270,0.14342,3.93,0.08024054429343616,4.0
6271,0.11829,3.93,0.8135231280331303,4.0
6272,0.09518,2.39,1.511777569200726,4.0
6273,0.0537,2.39,2.9784895642987586,4.0
6274,0.01303,2.39,4.385244258822489,4.0
6275,0.00099,0.67,5.627117223685438,4.0
6276,0.0,0.67,6.150930955384361,4.0
6277,0.0,0.67,6.080475299916584,4.0
6278,0.01197,0.58,5.426185649998426,4.0
6279,0.07446,0.58,4.051740503267243,4.0
6280,0.11944,0.58,2.744147642856254,4.0
6281,0.25521,0.79,1.1652793546221292,4.0
6282,0.40924,0.79,0.04872295983848086,4.0
6283,0.16759,0.79,0.0,4.0
6284,0.1118199999999999,0.11,0.0,4.0
6285,0.08604,0.11,0.0,4.0
6286,0.07893,0.11,0.0,4.0
6287,0.08724,0.67,0.0,4.0
6288,0.07791,0.67,0.0,4.0
6289,0.07499,0.67,0.0,4.0
6290,0.0747999999999999,3.63,0.0,4.0
6291,0.07479,3.63,0.0,4.0
6292,0.0802099999999999,3.63,0.0,4.0
6293,0.08851,2.5,0.0,4.0
6294,0.08697,2.5,0.07366988585028245,4.0
6295,0.07529,2.5,0.9710677723204649,4.0
6296,0.0249,0.28,2.3323220383927503,4.0
6297,0.00302,0.28,3.799029446625443,4.0
6298,-0.00028,0.28,5.0238893655077534,4.0
6299,-0.0060999999999999,0.36,5.855875494278013,4.0
6300,-0.01086,0.36,5.900674255136888,4.0
6301,-0.0050999999999999,0.36,5.730244328733716,4.0
6302,-4e-05,0.28,5.075886151511462,4.0
6303,0.0263599999999999,0.28,3.4437137073696187,4.0
6304,0.09384,0.28,1.6434538755147066,4.0
6305,0.12458,0.34,0.7491781458279189,4.0
6306,0.1341,0.34,0.020380946438912566,4.0
6307,0.09908,0.34,0.0,4.0
6308,0.08195,0.26,0.0,4.0
6309,0.0745,0.26,0.0,4.0
6310,0.0482999999999999,0.26,0.0,4.0
6311,0.00807,0.09,0.0,4.0
6312,0.0037,0.09,0.0,4.0
6313,0.00346,0.09,0.0,4.0
6314,0.00165,0.18,0.0,4.0
6315,0.00208,0.18,0.0,4.0
6316,0.00323,0.18,0.0,4.0
6317,0.00441,3.74,0.0,4.0
6318,0.00523,3.74,0.06124499449250642,4.0
6319,0.0030099999999999,3.74,0.9434358044456848,4.0
6320,0.00131,3.65,2.3298777381691407,4.0
6321,0.0,3.65,3.8226346555897264,4.0
6322,-8.999999999999999e-05,3.65,5.072908916459444,4.0
6323,-0.0012,2.43,5.8958935499438825,4.0
6324,-0.00202,2.43,6.222568650424464,4.0
6325,-0.00131,2.43,6.031127472011623,4.0
6326,-1e-05,3.21,5.291264974848981,4.0
6327,0.00947,3.21,4.194619666836279,4.0
6328,0.08518,3.21,2.7278270260248667,4.0
6329,0.1139599999999999,4.55,1.1524737874241646,4.0
6330,0.12057,4.55,0.020947317038000315,4.0
6331,0.11884,4.55,0.0,4.0
6332,0.10468,6.48,0.0,4.0
6333,0.0963499999999999,6.48,0.0,4.0
6334,0.09168,6.48,0.0,4.0
6335,0.08733,6.09,0.0,4.0
6336,0.0835699999999999,6.09,0.0,4.0
6337,0.0792099999999999,6.09,0.0,4.0
6338,0.0792099999999999,10.46,0.0,4.0
6339,0.0803499999999999,10.46,0.0,4.0
6340,0.09359,10.46,0.0,3.998051025390628
6341,0.11869,9.19,0.0,4.0
6342,0.13,9.19,0.05068943442343489,4.0
6343,0.13,9.19,0.9127461805992222,4.0
6344,0.10857,3.88,2.266198004688673,4.0
6345,0.09182,3.88,3.723366224339993,4.0
6346,0.07786,3.88,4.953733197086246,4.0
6347,0.07404,0.34,5.768718111759883,4.0
6348,0.07117,0.34,6.092824782672926,4.0
6349,0.07023,0.34,5.899546646491853,4.0
6350,0.07839,1.54,5.211703915598491,4.0
6351,0.08479,1.54,4.0776455338914355,4.0
6352,0.10013,1.54,2.6550489933788795,4.0
6353,0.12808,4.42,1.141115849069297,4.0
6354,0.14092,4.42,0.008194702163988824,4.0
6355,0.13,4.42,0.0,4.0
6356,0.11424,6.1,0.0,4.0
6357,0.09772,6.1,0.0,4.0
6358,0.08999,6.1,0.0,4.0
6359,0.0886,8.04,0.0,4.0
6360,0.09,8.04,0.0,4.0
6361,0.08973,8.04,0.0,4.0
6362,0.08993,6.0,0.0,3.951670410156253
6363,0.09134,6.0,0.0,3.923153564453128
6364,0.09811,6.0,0.0,3.914510986328128
6365,0.12201,28.88,0.0,3.920212890625003
6366,0.17236,28.88,0.034096473861349064,4.0
6367,0.1628,28.88,0.7865139488063145,4.0
6368,0.12576,171.24,1.9322749842276703,4.0
6369,0.09392,171.24,2.6145301131473193,4.0
6370,0.08551,171.24,3.779188076106033,4.0
6371,0.07754,73.86,4.478227023260943,4.0
6372,0.07424,73.86,5.594974306370094,4.0
6373,0.07425,73.86,5.332294056639232,4.0
6374,0.08411,44.05,4.285305681656104,4.0
6375,0.08576,44.05,3.334409119339098,4.0
6376,0.1029,44.05,1.869930758199239,4.0
6377,0.13683,48.35,0.8260283395629784,4.0
6378,0.14958,48.35,0.0,4.0
6379,0.11581,48.35,0.0,4.0
6380,0.094,84.42,0.0,4.0
6381,0.08491,84.42,0.0,4.0
6382,0.0841,84.42,0.0,4.0
6383,0.08267,109.25,0.0,4.0
6384,0.0823199999999999,109.25,0.0,4.0
6385,0.08161,109.25,0.0,4.0
6386,0.07795,135.53,0.0,4.0
6387,0.07859,135.53,0.0,4.0
6388,0.08267,135.53,0.0,4.0
6389,0.10976,181.7,0.0,4.0
6390,0.11801,181.7,0.0,4.0
6391,0.12045,181.7,0.48350791569325674,4.0
6392,0.107,199.55,1.1847462176346522,4.0
6393,0.08554,199.55,1.8348339928390487,4.0
6394,0.07009,199.55,2.3076773667945067,4.0
6395,0.0271,140.5,3.7334842292037274,4.0
6396,0.01066,140.5,3.321301871855926,4.0
6397,0.0099,140.5,4.4071471855777595,4.0
6398,0.015,80.18,3.9318401529878035,4.0
6399,0.0660999999999999,80.18,2.6162576086446423,4.0
6400,0.08569,80.18,2.0531539544637156,4.0
6401,0.11308,71.03,0.9705634783398048,4.0
6402,0.11593,71.03,0.0,4.0
6403,0.11395,71.03,0.0,4.0
6404,0.09129,92.26,0.0,4.0
6405,0.0855,92.26,0.0,4.0
6406,0.06968,92.26,0.0,4.0
6407,0.0733,108.74,0.0,4.0
6408,0.06969,108.74,0.0,4.0
6409,0.06781,108.74,0.0,4.0
6410,0.06809,126.46,0.0,4.0
6411,0.07169,126.46,0.0,4.0
6412,0.07733,126.46,0.0,4.0
6413,0.10855,199.25,0.0,4.0
6414,0.12426,199.25,0.0,4.0
6415,0.1249899999999999,199.25,0.1237935482388082,4.0
6416,0.10488,249.58,1.3187680518308558,4.0
6417,0.07795,249.58,1.7786689360285084,4.0
6418,0.06924,249.58,2.4623159347303862,4.0
6419,0.03818,230.24,3.650408590428484,4.0
6420,0.01603,230.24,4.101119886714482,4.0
6421,0.0201,230.24,3.7602533934740756,4.0
6422,0.04366,208.31,2.9553361555070925,4.0
6423,0.075,208.31,1.3987053867208732,4.0
6424,0.08879,208.31,0.39871652183444534,4.0
6425,0.11704,178.52,0.055444007973129976,4.0
6426,0.12147,178.52,0.0,4.0
6427,0.12375,178.52,0.0,4.0
6428,0.10583,166.38,0.0,4.0
6429,0.09477,166.38,0.0,4.0
6430,0.08109,166.38,0.0,4.0
6431,0.07848,176.07,0.0,4.0
6432,0.075,176.07,0.0,4.0
6433,0.07317,176.07,0.0,4.0
6434,0.07318,171.52,0.0,4.0
6435,0.07493,171.52,0.0,4.0
6436,0.082,171.52,0.0,4.0
6437,0.1077399999999999,218.05,0.0,4.0
6438,0.1203299999999999,218.05,0.0,4.0
6439,0.12356,218.05,0.3670289126180752,4.0
6440,0.11041,216.25,0.7623012245094293,4.0
6441,0.08984,216.25,1.1942808763268058,4.0
6442,0.08536,216.25,0.9150369990126022,4.0
6443,0.0789599999999999,147.4,0.766486075746194,4.0
6444,0.07316,147.4,1.114597012062183,4.0
6445,0.0750499999999999,147.4,1.6589861431492696,4.0
6446,0.0799899999999999,67.97,1.8128317970263932,4.0
6447,0.09881,67.97,1.8648080432023448,4.0
6448,0.1098,67.97,0.7651626990460146,4.0
6449,0.12365,57.26,0.09445910003584367,4.0
6450,0.13302,57.26,0.0,4.0
6451,0.11961,57.26,0.0,4.0
6452,0.10621,89.35,0.0,4.0
6453,0.0969,89.35,0.0,4.0
6454,0.0899,89.35,0.0,4.0
6455,0.08499,104.94,0.0,4.0
6456,0.08326,104.94,0.0,4.0
6457,0.0827,104.94,0.0,4.0
6458,0.08251,108.11,0.0,4.0
6459,0.08528,108.11,0.0,4.0
6460,0.0891899999999999,108.11,0.0,4.0
6461,0.09057,116.68,0.0,4.0
6462,0.10545,116.68,0.0,4.0
6463,0.1097099999999999,116.68,0.2036518948205786,4.0
6464,0.09692,102.18,1.1221273459798589,4.0
6465,0.08786,102.18,2.1044880238468795,4.0
6466,0.075,102.18,2.104768390231856,4.0
6467,0.05977,54.82,2.6585217147898743,4.0
6468,0.0361099999999999,54.82,1.7565093659779774,4.0
6469,0.04854,54.82,1.5015687926420105,4.0
6470,0.07822,33.04,1.4829512903724813,4.0
6471,0.0930999999999999,33.04,0.9753969190213855,4.0
6472,0.11201,33.04,0.7863779906889578,4.0
6473,0.13335,41.05,0.3429491753589972,4.0
6474,0.14861,41.05,0.0,4.0
6475,0.12253,41.05,0.0,4.0
6476,0.1144,108.78,0.0,4.0
6477,0.10756,108.78,0.0,4.0
6478,0.09954,108.78,0.0,4.0
6479,0.09756,144.92,0.0,4.0
6480,0.09531,144.92,0.0,4.0
6481,0.0943199999999999,144.92,0.0,4.0
6482,0.09147,174.72,0.0,4.0
6483,0.09777,174.72,0.0,4.0
6484,0.09758,174.72,0.0,3.977004882812503
6485,0.10091,203.0,0.0,3.9642790527343776
6486,0.10579,203.0,0.0,4.0
6487,0.09877,203.0,0.6041876647033733,4.0
6488,0.09504,158.44,1.7565449612401882,4.0
6489,0.08208,158.44,2.8461920317691036,4.0
6490,0.0374699999999999,158.44,3.1013775310462615,4.0
6491,0.01711,51.65,4.257463731264225,4.0
6492,0.00853,51.65,4.47225587312136,4.0
6493,0.013,51.65,3.712419451429445,4.0
6494,0.0613299999999999,24.96,3.8284762366310976,4.0
6495,0.086,24.96,1.6884451912624405,4.0
6496,0.10589,24.96,1.1266928825851847,4.0
6497,0.13102,38.26,0.1429756259033207,3.9295476074218776
6498,0.13797,38.26,0.0,3.911350585937503
6499,0.12593,38.26,0.0,3.904886962890628
6500,0.11351,82.74,0.0,3.882526123046878
6501,0.10229,82.74,0.0,3.820867187500003
6502,0.0957399999999999,82.74,0.0,3.775936767578128
6503,0.09095,110.89,0.0,3.713373291015628
6504,0.08876,110.89,0.0,3.6860356445312457
6505,0.08788,110.89,0.0,3.6819047851562527
6506,0.08794,111.4,0.0,3.6508793945312457
6507,0.08831,111.4,0.0,3.6249626464843776
6508,0.09837,111.4,0.0,3.5918864746093777
6509,0.13498,153.74,0.0,3.5811052246093777
6510,0.2221,153.74,0.0,3.622838623046878
6511,0.16691,153.74,0.5522449054008423,3.704965087890628
6512,0.12206,161.47,1.5417219359798415,3.834574462890628
6513,0.09021,161.47,2.7006819431295708,3.9498686523437527
6514,0.08495,161.47,3.6235237432264467,4.0
6515,0.0787099999999999,78.83,4.390205109332167,4.0
6516,0.07708,78.83,4.1508519158187465,4.0
6517,0.08333,78.83,4.82606198697478,4.0
6518,0.0874,16.57,4.407691562883335,4.0
6519,0.09998,16.57,2.7948616601275558,3.977052490234378
6520,0.14079,16.57,1.7632864718752246,3.893450195312503
6521,0.30265,30.42,0.3683854599199422,3.826008789062503
6522,0.40678,30.42,0.0,3.765521728515628
6523,0.1676,30.42,0.0,3.7191411132812457
6524,0.1238499999999999,59.15,0.0,3.648260986328128
6525,0.1083,59.15,0.0,3.604652587890628
6526,0.09368,59.15,0.0,3.5571367187500025
6527,0.1011,93.74,0.0,3.5047685546875025
6528,0.09843,93.74,0.0,3.4401616210937527
6529,0.09893,93.74,0.0,3.354109375000003
6530,0.0949899999999999,113.32,0.0,3.2612822265625026
6531,0.09912,113.32,0.0,3.1783134765625025
6532,0.11208,113.32,0.0,3.0978093261718778
6533,0.14186,153.73,0.0,3.1172661132812456
6534,0.244,153.73,0.0,3.285228759765628
6535,0.20923,153.73,0.6686807600889279,3.593168212890628
6536,0.14185,161.5,1.8616160966592539,3.8264812011718776
6537,0.1152,161.5,3.2193416916508637,3.9999626464843776
6538,0.09672,161.5,4.823424364891888,4.0
6539,0.08791,78.24,5.720063744656902,4.0
6540,0.08604,78.24,5.330976577434985,4.0
6541,0.08726,78.24,4.018265917267546,4.0
6542,0.0968,32.45,3.5007285775405244,4.0
6543,0.10403,32.45,2.1357490671012935,4.0
6544,0.14264,32.45,1.0392593197170537,4.0
6545,0.29454,61.06,0.3028191621531969,3.948850585937503
6546,0.35777,61.06,0.0,3.7945769042968776
6547,0.14728,61.06,0.0,3.742966796875003
6548,0.11604,116.5,0.0,3.712098876953128
6549,0.10163,116.5,0.0,3.694916259765628
6550,0.09254,116.5,0.0,3.6829008789062527
6551,0.09157,154.01,0.0,3.6703471679687527
6552,0.08629,154.01,0.0,3.6526225585937526
6553,0.08487,154.01,0.0,3.634473144531246
6554,0.0883299999999999,193.84,0.0,3.604747802734378
6555,0.08766,193.84,0.0,3.579200927734377
6556,0.09533,193.84,0.0,3.569185058593753
6557,0.1249599999999999,232.71,0.0,3.623772460937503
6558,0.1733,232.71,0.0,3.7203056640625034
6559,0.13909,232.71,0.39795975957650315,3.890787841796878
6560,0.10525,258.22,1.1672149583305567,4.0
6561,0.08604,258.22,2.08597103489203,4.0
6562,0.07057,258.22,2.875029806844965,4.0
6563,0.06603,116.25,4.066092649923933,4.0
6564,0.0684,116.25,1.8218948453448318,4.0
6565,0.07263,116.25,1.517283363396135,4.0
6566,0.08172,49.06,0.7711812098033647,4.0
6567,0.09287,49.06,0.22941569737034004,4.0
6568,0.1354,49.06,0.15427290135410238,4.0
6569,0.25324,61.17,0.07395882353705091,4.0
6570,0.33999,61.17,0.0,4.0
6571,0.15202,61.17,0.0,4.0
6572,0.11304,119.7,0.0,4.0
6573,0.09851,119.7,0.0,4.0
6574,0.09065,119.7,0.0,4.0
6575,0.0907999999999999,144.53,0.0,4.0
6576,0.088,144.53,0.0,4.0
6577,0.08652,144.53,0.0,4.0
6578,0.08856,170.34,0.0,4.0
6579,0.09081,170.34,0.0,4.0
6580,0.09597,170.34,0.0,4.0
6581,0.12872,249.4,0.0,4.0
6582,0.18109,249.4,0.0,4.0
6583,0.13668,249.4,0.11495648216882444,4.0
6584,0.10051,248.47,0.14920941937799242,4.0
6585,0.09148,248.47,0.5005734156683528,4.0
6586,0.07829,248.47,0.5194099189332541,4.0
6587,0.06577,101.12,0.664967811366039,4.0
6588,0.0605,101.12,1.8833311016147907,4.0
6589,0.07129,101.12,1.8748279380878203,4.0
6590,0.08066,42.13,2.3921064519315647,4.0
6591,0.09145,42.13,2.033052539381195,4.0
6592,0.1133199999999999,42.13,1.0297841662061125,4.0
6593,0.16793,59.17,0.26048907525897946,4.0
6594,0.17684,59.17,0.0,4.0
6595,0.10992,59.17,0.0,3.8992985839843777
6596,0.09085,121.88,0.0,3.8252690429687526
6597,0.09666,121.88,0.0,3.758376953125002
6598,0.08209,121.88,0.0,3.694410888671878
6599,0.08593,150.98,0.0,3.631741210937503
6600,0.07714,150.98,0.0,3.5626591796875027
6601,0.07175,150.98,0.0,3.5348417968750026
6602,0.07391,160.21,0.0,3.509496337890628
6603,0.07629,160.21,0.0,3.4736406250000025
6604,0.07798,160.21,0.0,3.465884277343753
6605,0.09378,158.48,0.0,3.475804931640628
6606,0.10042,158.48,0.0,3.566801025390628
6607,0.10368,158.48,0.5588271163191146,3.927566406250002
6608,0.0839,170.04,1.6181774564106073,4.0
6609,0.06,170.04,3.057516857630409,4.0
6610,0.0405,170.04,3.5411451676276737,4.0
6611,0.02635,112.75,2.1596946714031486,4.0
6612,0.0165,112.75,2.117795562805977,4.0
6613,0.0261999999999999,112.75,2.007615785001296,4.0
6614,0.04988,82.47,1.9440497231118041,4.0
6615,0.06339,82.47,1.9989315801383525,3.978392822265628
6616,0.0899,82.47,0.6764014003977834,3.8975517578125034
6617,0.12076,90.66,0.07851521194327508,3.8509001464843777
6618,0.10901,90.66,0.0,3.849189941406253
6619,0.07504,90.66,0.0,3.8254997558593775
6620,0.04344,130.17,0.0,3.7888200683593776
6621,0.0254,130.17,0.0,3.7459147949218776
6622,0.01111,130.17,0.0,3.6941655273437526
6623,0.00073,120.76,0.0,3.6569841308593776
6624,-1e-05,120.76,0.0,3.6071354980468775
6625,-4e-05,120.76,0.0,3.563256103515628
6626,-0.0001,83.34,0.0,3.5517058105468777
6627,-0.00113,83.34,0.0,3.505424072265628
6628,-0.00191,83.34,0.0,3.509492675781246
6629,-0.0019199999999999,37.91,0.0,3.494071533203128
6630,-0.00078,37.91,0.0,3.498751708984378
6631,-0.0003,37.91,0.405407549019107,3.596702148437503
6632,-0.00016,86.17,1.2213816061231206,3.717449218750003
6633,-8.999999999999999e-05,86.17,1.6409197058218663,3.864764892578128
6634,-0.0001,86.17,2.3609388436598677,3.9393913574218775
6635,-8e-05,111.97,1.9165716447835413,3.958917724609378
6636,-0.00044,111.97,1.6453840641699988,3.9892839355468777
6637,-0.0020499999999999,111.97,1.8880593395524807,3.9984978027343776
6638,-0.00261,85.95,1.756858282221552,3.987445556640628
6639,-0.0001,85.95,1.3719205227799787,3.960232421875003
6640,-8.999999999999999e-05,85.95,1.0403736629946654,3.886752197265628
6641,0.00111,104.97,0.2243603806792543,3.812748291015628
6642,0.00323,104.97,0.0,3.7623942871093776
6643,0.00032,104.97,0.0,3.708041259765628
6644,-8.999999999999999e-05,144.02,0.0,3.673170654296878
6645,-5e-05,144.02,0.0,3.6268083496093775
6646,-0.00034,144.02,0.0,3.5593522949218777
6647,-0.00075,130.35,0.0,3.5125798339843777
6648,-0.0014,130.35,0.0,3.4674150390625025
6649,-0.00419,130.35,0.0,3.395670654296877
6650,-0.00438,129.0,0.0,3.340200683593753
6651,-0.00498,129.0,0.0,3.3210844726562527
6652,-0.0044599999999999,129.0,0.0,3.2560197753906275
6653,-0.00376,137.31,0.0,3.272015869140628
6654,-0.00151,137.31,0.0,3.4300102539062527
6655,-8.999999999999999e-05,137.31,0.4688658985526854,3.645624267578128
6656,-0.00139,136.52,1.6078619088650354,3.793998291015628
6657,-0.00333,136.52,2.110767966093559,3.922728759765628
6658,-0.00202,136.52,2.422435320726866,4.0
6659,-0.00342,105.68,2.3205787149876773,4.0
6660,-0.00339,105.68,1.8928795532734632,4.0
6661,-0.00294,105.68,2.2666524850639074,4.0
6662,-0.00239,89.77,2.586645148695432,4.0
6663,-0.00069,89.77,1.2735150798271866,4.0
6664,0.00085,89.77,1.3358381035015956,3.9731523437500025
6665,0.0160799999999999,111.32,0.19914484598173848,3.8672331542968776
6666,0.03505,111.32,0.0,3.744124023437503
6667,0.0198299999999999,111.32,0.0,3.6284050292968777
6668,0.00548,138.56,0.0,3.5206474609375027
6669,0.0052,138.56,0.0,3.5013408203125027
6670,0.00408,138.56,0.0,3.465082275390628
6671,0.02085,155.15,0.0,3.432815429687502
6672,0.01005,155.15,0.0,3.4057927246093778
6673,0.0091,155.15,0.0,3.3611149902343778
6674,0.01073,139.8,0.0,3.3521208496093777
6675,0.0168,139.8,0.0,3.323051025390628
6676,0.0226,139.8,0.0,3.327211181640628
6677,0.06859,182.48,0.0,3.332008544921877
6678,0.1050499999999999,182.48,0.0,3.161541015625003
6679,0.1217699999999999,182.48,0.538090232166575,3.5289384765625025
6680,0.12112,192.41,1.5854309768919215,3.8133305664062527
6681,0.10053,192.41,3.2884617334418667,3.996161376953128
6682,0.0892999999999999,192.41,4.783325690975502,4.0
6683,0.08733,144.11,5.958759423013876,4.0
6684,0.0846,144.11,5.80133793294308,4.0
6685,0.09233,144.11,4.8178819404886255,4.0
6686,0.09455,114.6,2.8125940210987754,4.0
6687,0.10477,114.6,1.6516843798596135,4.0
6688,0.12029,114.6,1.922558756051968,4.0
6689,0.14159,94.49,0.24090945026252708,3.8695585937500026
6690,0.16832,94.49,0.0,3.7869560546875034
6691,0.13368,94.49,0.0,3.7598161621093777
6692,0.1202,104.38,0.0,3.686412841796878
6693,0.11866,104.38,0.0,3.621304199218753
6694,0.1055,104.38,0.0,3.5435063476562525
6695,0.10026,105.19,0.0,3.484257080078128
6696,0.0939899999999999,105.19,0.0,3.4138896484375025
6697,0.08982,105.19,0.0,3.3637883300781275
6698,0.0895499999999999,98.54,0.0,3.318645507812503
6699,0.09298,98.54,0.0,3.297874023437503
6700,0.0967399999999999,98.54,0.0,3.292084228515628
6701,0.1348899999999999,130.21,0.0,3.2990056152343774
6702,0.22856,130.21,0.0,3.4175847167968776
6703,0.28767,130.21,0.4284077032063819,3.602645751953128
6704,0.21218,137.06,1.3952101207826206,3.800937988281246
6705,0.15466,137.06,2.266258610997714,3.970647460937503
6706,0.12991,137.06,3.060089062121079,4.0
6707,0.11094,113.06,3.872207300180567,4.0
6708,0.10618,113.06,4.47069974161819,4.0
6709,0.10535,113.06,2.9940445271044087,4.0
6710,0.11316,77.08,2.932205555134684,4.0
6711,0.1221,77.08,2.7620284147650866,4.0
6712,0.15184,77.08,2.196730419750254,4.0
6713,0.20242,58.33,0.2065905580257828,4.0
6714,0.21328,58.33,0.0,4.0
6715,0.14634,58.33,0.0,4.0
6716,0.1232399999999999,69.38,0.0,4.0
6717,0.10742,69.38,0.0,4.0
6718,0.09748,69.38,0.0,4.0
6719,0.09345,79.93,0.0,4.0
6720,0.0884399999999999,79.93,0.0,4.0
6721,0.08756,79.93,0.0,4.0
6722,0.08698,84.54,0.0,4.0
6723,0.08967,84.54,0.0,4.0
6724,0.09739,84.54,0.0,4.0
6725,0.11711,116.06,0.0,4.0
6726,0.15558,116.06,0.0,4.0
6727,0.1664,116.06,0.2182219516182963,4.0
6728,0.13518,129.22,0.819458462644404,4.0
6729,0.11845,129.22,2.0434217541767845,4.0
6730,0.10333,129.22,2.9802273003198883,4.0
6731,0.09082,112.75,4.217459510618402,4.0
6732,0.08934,112.75,4.621659986326787,4.0
6733,0.0904399999999999,112.75,4.552694660352051,4.0
6734,0.09943,76.84,4.063082908579886,4.0
6735,0.11747,76.84,2.5794331320985173,4.0
6736,0.14948,76.84,1.049602741473344,4.0
6737,0.18381,62.4,0.11302701994800603,4.0
6738,0.199,62.4,0.0,4.0
6739,0.1417,62.4,0.0,4.0
6740,0.11474,77.3,0.0,4.0
6741,0.1082399999999999,77.3,0.0,4.0
6742,0.09783,77.3,0.0,4.0
6743,0.09722,91.85,0.0,4.0
6744,0.09258,91.85,0.0,4.0
6745,0.09326,91.85,0.0,4.0
6746,0.09082,91.74,0.0,4.0
6747,0.0927,91.74,0.0,4.0
6748,0.10115,91.74,0.0,4.0
6749,0.12558,135.47,0.0,4.0
6750,0.145,135.47,0.0,4.0
6751,0.1499,135.47,0.15893331280993794,4.0
6752,0.13249,161.37,0.6447380221847414,4.0
6753,0.10969,161.37,1.2431675491645104,4.0
6754,0.0969599999999999,161.37,1.4806503359068282,4.0
6755,0.0910199999999999,109.89,2.1644145817799982,4.0
6756,0.08335,109.89,2.012655994143852,4.0
6757,0.0832,109.89,1.9641149985839321,4.0
6758,0.0888299999999999,75.09,1.3103675115247018,4.0
6759,0.09208,75.09,0.9930652168984525,4.0
6760,0.11001,75.09,0.4860626272141156,4.0
6761,0.1229099999999999,70.27,0.07802576307058162,4.0
6762,0.12311,70.27,0.0,4.0
6763,0.11236,70.27,0.0,4.0
6764,0.09809,90.82,0.0,4.0
6765,0.09683,90.82,0.0,4.0
6766,0.0887,90.82,0.0,4.0
6767,0.08801,103.3,0.0,4.0
6768,0.08497,103.3,0.0,4.0
6769,0.08009,103.3,0.0,4.0
6770,0.07829,110.74,0.0,4.0
6771,0.0792099999999999,110.74,0.0,4.0
6772,0.08607,110.74,0.0,4.0
6773,0.10264,143.4,0.0,4.0
6774,0.1193299999999999,143.4,0.0,4.0
6775,0.12261,143.4,0.20541134383898282,4.0
6776,0.1077699999999999,152.63,0.7262713682961,4.0
6777,0.09301,152.63,1.0128964579154152,4.0
6778,0.08212,152.63,0.7681028205961435,4.0
6779,0.07753,75.98,0.6509574861399804,4.0
6780,0.07569,75.98,0.44017787420005233,4.0
6781,0.07726,75.98,0.18655700181377138,4.0
6782,0.0889,48.51,0.16540497846601798,4.0
6783,0.09786,48.51,0.047413213684426664,4.0
6784,0.1182,48.51,0.0,4.0
6785,0.12061,43.57,0.0,4.0
6786,0.12329,43.57,0.0,4.0
6787,0.11539,43.57,0.0,4.0
6788,0.10392,60.46,0.0,4.0
6789,0.09774,60.46,0.0,4.0
6790,0.0933499999999999,60.46,0.0,4.0
6791,0.09297,60.6,0.0,4.0
6792,0.08884,60.6,0.0,4.0
6793,0.08739,60.6,0.0,4.0
6794,0.08418,72.59,0.0,4.0
6795,0.08203,72.59,0.0,4.0
6796,0.08476,72.59,0.0,3.978773681640628
6797,0.0902699999999999,82.17,0.0,3.956727783203128
6798,0.09675,82.17,0.0,4.0
6799,0.1004,82.17,0.0,4.0
6800,0.0929599999999999,81.16,0.10502506933208364,4.0
6801,0.08243,81.16,0.18784317993803892,4.0
6802,0.07402,81.16,0.3282336454447897,4.0
6803,0.05542,75.19,0.5462108172723531,4.0
6804,0.04677,75.19,1.6786783790477695,4.0
6805,0.05103,75.19,2.002791495476364,4.0
6806,0.07694,63.6,1.7381604527789036,4.0
6807,0.08365,63.6,1.6134411522911862,4.0
6808,0.11401,63.6,0.6402002090947032,3.949626953125003
6809,0.12644,71.5,0.06492067013383428,3.9000310058593777
6810,0.1301699999999999,71.5,0.0,3.8570817871093777
6811,0.12064,71.5,0.0,3.796418945312503
6812,0.11254,83.18,0.0,3.707777587890628
6813,0.1069099999999999,83.18,0.0,3.658928710937503
6814,0.0950999999999999,83.18,0.0,3.632909423828128
6815,0.09618,86.38,0.0,3.6058867187500026
6816,0.09217,86.38,0.0,3.5645378417968776
6817,0.08886,86.38,0.0,3.5001433105468776
6818,0.08513,93.85,0.0,3.439828369140628
6819,0.08641,93.85,0.0,3.3943193359375026
6820,0.08666,93.85,0.0,3.325717041015628
6821,0.0883,95.47,0.0,3.2678300781250025
6822,0.08917,95.47,0.0,3.394315673828128
6823,0.08866,95.47,0.36446894139079306,3.561791259765628
6824,0.08306,96.54,1.4473207119469484,3.694125244140628
6825,0.07621,96.54,2.3708796313207414,3.812502929687503
6826,0.0719,96.54,3.5715755068813904,3.885052978515628
6827,0.06689,63.19,4.016486145360116,3.9443864746093777
6828,0.05216,63.19,4.369684262980119,3.9704460449218777
6829,0.06247,63.19,4.146523357734439,3.9779497070312457
6830,0.0799899999999999,51.26,2.923580764893486,3.961107666015628
6831,0.088,51.26,2.129047380659,3.9199199218750023
6832,0.1055499999999999,51.26,1.7348004306827702,3.8149492187500025
6833,0.1089,66.66,0.10510174707132813,3.670189697265628
6834,0.11664,66.66,0.0,3.5019084472656274
6835,0.11553,66.66,0.0,3.460940429687503
6836,0.11045,84.56,0.0,3.3925761718750027
6837,0.10779,84.56,0.0,3.333843261718753
6838,0.09345,84.56,0.0,3.296357910156253
6839,0.09345,98.42,0.0,3.274590332031246
6840,0.09026,98.42,0.0,3.250907470703128
6841,0.09083,98.42,0.0,3.246890136718753
6842,0.08912,89.33,0.0,3.235482666015628
6843,0.09345,89.33,0.0,3.228209716796877
6844,0.0980999999999999,89.33,0.0,3.2389287109375027
6845,0.13141,118.56,0.0,3.294988281250003
6846,0.2186399999999999,118.56,0.0,3.390968505859377
6847,0.19956,118.56,0.29183330635444255,3.524730712890628
6848,0.15019,123.13,0.6613377090332506,3.684567138671878
6849,0.1251,123.13,1.1476900012092572,3.856078369140628
6850,0.11,123.13,1.7030549376297994,4.0
6851,0.0950999999999999,101.47,2.4465245582733193,4.0
6852,0.08986,101.47,2.3515376373235144,4.0
6853,0.0920999999999999,101.47,2.140002735123117,4.0
6854,0.10184,74.71,1.873837908534289,4.0
6855,0.1179,74.71,1.126326596724733,4.0
6856,0.1805999999999999,74.71,0.2880680178318131,3.973657714843753
6857,0.30574,66.7,0.0,3.9368828125000026
6858,0.3065799999999999,66.7,0.0,3.881145507812503
6859,0.1869499999999999,66.7,0.0,3.9079960937500022
6860,0.13718,82.82,0.0,3.967179443359378
6861,0.12199,82.82,0.0,4.0
6862,0.11128,82.82,0.0,3.981263916015628
6863,0.10918,92.76,0.0,3.926361572265628
6864,0.10301,92.76,0.0,3.871638671875002
6865,0.09952,92.76,0.0,3.7438457031250025
6866,0.09887,122.71,0.0,3.645177490234378
6867,0.10005,122.71,0.0,3.5607072753906275
6868,0.10145,122.71,0.0,3.483480712890628
6869,0.12329,177.58,0.0,3.450536376953128
6870,0.1601999999999999,177.58,0.0,3.507643310546878
6871,0.19082,177.58,0.2665443237625485,3.5706938476562526
6872,0.1564499999999999,195.01,0.9338017887342959,3.6718339843750023
6873,0.13473,195.01,2.1355688846462497,3.770491210937503
6874,0.11985,195.01,2.663002913974411,3.893860351562503
6875,0.10765,134.38,3.616503746107969,3.939951660156253
6876,0.103,134.38,2.7352198002055452,3.9303496093750026
6877,0.10527,134.38,1.4382538705780963,3.908365966796878
6878,0.12228,108.12,1.2142509583547048,3.8968852539062526
6879,0.1466,108.12,1.660820153957188,3.835002929687503
6880,0.2191999999999999,108.12,1.1137058656990686,3.7139372558593777
6881,0.40496,93.52,0.06485699973453742,3.599174072265628
6882,0.4072099999999999,93.52,0.0,3.4388359375000026
6883,0.2254799999999999,93.52,0.0,3.3968754882812457
6884,0.16304,97.61,0.0,3.364355957031246
6885,0.12986,97.61,0.0,3.354636718750003
6886,0.11536,97.61,0.0,3.3174919433593777
6887,0.11546,97.47,0.0,3.2843388671875027
6888,0.11187,97.47,0.0,3.2396611328125027
6889,0.10768,97.47,0.0,3.218234130859378
6890,0.10362,103.71,0.0,3.2210173339843777
6891,0.10648,103.71,0.0,3.238060791015628
6892,0.1144,103.71,0.0,3.250072509765628
6893,0.15196,149.65,0.0,3.258367187500003
6894,0.27874,149.65,0.0,3.286810791015628
6895,0.2762,149.65,0.27637233949998435,3.524672119140628
6896,0.18105,177.66,1.1930875745690004,3.731705810546878
6897,0.14236,177.66,1.9230463404768836,3.8573894042968777
6898,0.1261,177.66,1.7828130455327091,3.8928239746093776
6899,0.11943,135.78,1.2203770930719224,3.926259033203128
6900,0.11288,135.78,1.345155040368789,3.9310124511718776
6901,0.11539,135.78,1.4757162917377127,3.8965153808593778
6902,0.12264,106.03,0.9167118944178895,3.8359331054687527
6903,0.13569,106.03,0.3807633833368515,3.7895488281250023
6904,0.17,106.03,0.10435313725107938,3.758336669921878
6905,0.22188,98.36,0.0,3.749239990234378
6906,0.22,98.36,0.0,3.662909423828128
6907,0.1528499999999999,98.36,0.0,3.6034550781250023
6908,0.12434,112.6,0.0,3.5504460449218778
6909,0.0982099999999999,112.6,0.0,3.4722526855468776
6910,0.08817,112.6,0.0,3.359364501953128
6911,0.08816,124.93,0.0,3.257407714843753
6912,0.08581,124.93,0.0,3.2016337890625026
6913,0.088,124.93,0.0,3.1992058105468777
6914,0.08666,138.6,0.0,3.2238591308593776
6915,0.08834,138.6,0.0,3.2468571777343778
6916,0.08505,138.6,0.0,3.2766704101562527
6917,0.09619,198.89,0.0,3.3048173828125025
6918,0.11612,198.89,0.0,3.5547783203125025
6919,0.13277,198.89,0.09030490379370314,3.6722185058593775
6920,0.11993,230.53,0.550988932787928,3.771468994140628
6921,0.0922399999999999,230.53,0.7155532675813695,3.910676757812503
6922,0.08831,230.53,1.450966835904106,4.0
6923,0.0834,179.11,2.073632560170912,4.0
6924,0.08148,179.11,3.1534443430742134,4.0
6925,0.08298,179.11,3.5297470597534315,4.0
6926,0.08303,118.36,3.0644958783127296,4.0
6927,0.08903,118.36,2.7413271013996616,4.0
6928,0.12092,118.36,1.6338999746748866,3.909069091796878
6929,0.13,100.45,0.02081262918486897,3.873392822265628
6930,0.14059,100.45,0.0,3.879662353515628
6931,0.12559,100.45,0.0,3.907289306640628
6932,0.10223,112.7,0.0,3.931228515625002
6933,0.09986,112.7,0.0,3.940295898437503
6934,0.09336,112.7,0.0,3.954940673828128
6935,0.08815,117.64,0.0,3.9563249511718777
6936,0.08831,117.64,0.0,3.962795898437503
6937,0.08906,117.64,0.0,3.981036865234378
6938,0.08846,128.28,0.0,3.993579589843753
6939,0.09059,128.28,0.0,4.0
6940,0.09451,128.28,0.0,4.0
6941,0.1079099999999999,174.54,0.0,4.0
6942,0.12949,174.54,0.0,4.0
6943,0.14484,174.54,0.1972844187164206,4.0
6944,0.12902,198.12,1.0717551392099451,4.0
6945,0.11718,198.12,2.196117172174448,4.0
6946,0.09904,198.12,3.310496356946746,4.0
6947,0.08814,154.91,4.341673389702883,4.0
6948,0.08672,154.91,4.655448277870892,4.0
6949,0.08781,154.91,3.6929108750868367,4.0
6950,0.08864,114.67,2.2044130611771755,4.0
6951,0.095,114.67,1.2447414046021827,4.0
6952,0.11717,114.67,0.26479420720803687,4.0
6953,0.12931,104.06,0.0,4.0
6954,0.13069,104.06,0.0,4.0
6955,0.11699,104.06,0.0,4.0
6956,0.10405,125.32,0.0,4.0
6957,0.10218,125.32,0.0,4.0
6958,0.0925,125.32,0.0,4.0
6959,0.09462,142.69,0.0,4.0
6960,0.08986,142.69,0.0,4.0
6961,0.08981,142.69,0.0,4.0
6962,0.08834,158.97,0.0,4.0
6963,0.08835,158.97,0.0,4.0
6964,0.08832,158.97,0.0,4.0
6965,0.09196,173.78,0.0,4.0
6966,0.10947,173.78,0.0,4.0
6967,0.11454,173.78,0.11676361612441102,4.0
6968,0.10224,163.64,0.3937408056076094,4.0
6969,0.09147,163.64,0.546024568909516,4.0
6970,0.08079,163.64,1.0822974203709907,4.0
6971,0.0739399999999999,119.5,1.5525998926796736,4.0
6972,0.06753,119.5,1.3922751625480991,4.0
6973,0.0723,119.5,1.403911555606584,4.0
6974,0.0835,105.9,1.6050572053119778,4.0
6975,0.09655,105.9,0.9668895399258121,4.0
6976,0.12064,105.9,0.3939471444967628,4.0
6977,0.13324,139.57,0.0,4.0
6978,0.1248199999999999,139.57,0.0,4.0
6979,0.113,139.57,0.0,4.0
6980,0.09255,176.64,0.0,4.0
6981,0.09558,176.64,0.0,4.0
6982,0.0943499999999999,176.64,0.0,4.0
6983,0.09234,188.89,0.0,4.0
6984,0.08759,188.89,0.0,4.0
6985,0.08229,188.89,0.0,4.0
6986,0.08214,209.1,0.0,4.0
6987,0.0832099999999999,209.1,0.0,3.992440673828128
6988,0.0835,209.1,0.0,3.9228972167968776
6989,0.08525,213.3,0.0,3.869086181640628
6990,0.08526,213.3,0.0,3.9817985839843777
6991,0.08716,213.3,0.14234040462150246,4.0
6992,0.07843,210.3,0.7850463638142564,4.0
6993,0.06964,210.3,1.4706500087787748,4.0
6994,0.0603,210.3,2.8127910621359393,4.0
6995,0.03457,163.94,3.8625362843136553,4.0
6996,0.0203,163.94,4.1259536980264,4.0
6997,0.03622,163.94,3.3373844113471587,4.0
6998,0.06677,87.47,2.675985049254903,4.0
6999,0.08993,87.47,1.3911399228021755,4.0
7000,0.10607,87.47,0.7582696629464659,4.0
7001,0.10769,89.23,0.0,4.0
7002,0.08562,89.23,0.0,4.0
7003,0.0755,89.23,0.0,4.0
7004,0.07315,110.54,0.0,4.0
7005,0.07474,110.54,0.0,4.0
7006,0.06086,110.54,0.0,4.0
7007,0.07004,106.46,0.0,4.0
7008,0.06398,106.46,0.0,4.0
7009,0.06098,106.46,0.0,4.0
7010,0.06,92.47,0.0,4.0
7011,0.0606,92.47,0.0,4.0
7012,0.07481,92.47,0.0,4.0
7013,0.07625,110.05,0.0,4.0
7014,0.09187,110.05,0.0,4.0
7015,0.1251,110.05,0.0,4.0
7016,0.09219,96.17,0.01636483970236204,4.0
7017,0.07315,96.17,0.16398119419695373,4.0
7018,0.06994,96.17,0.3468609127421099,4.0
7019,0.0602899999999999,61.09,0.6357319757833747,4.0
7020,0.06527,61.09,1.3942317392958765,4.0
7021,0.07609,61.09,1.7385136063968925,4.0
7022,0.09714,16.65,2.0293327924654454,4.0
7023,0.11951,16.65,1.3484455889549831,4.0
7024,0.13112,16.65,1.070675588796302,4.0
7025,0.12509,31.26,0.0,4.0
7026,0.103,31.26,0.0,4.0
7027,0.08229,31.26,0.0,4.0
7028,0.07625,43.34,0.0,4.0
7029,0.06838,43.34,0.0,4.0
7030,0.051,43.34,0.0,4.0
7031,0.06148,58.91,0.0,4.0
7032,0.04383,58.91,0.0,3.971376220703128
7033,0.03307,58.91,0.0,3.953801757812503
7034,0.02228,81.14,0.0,3.941321289062503
7035,0.02591,81.14,0.0,3.959932128906253
7036,0.04746,81.14,0.0,3.976093017578128
7037,0.0751,112.93,0.0,3.973437988281246
7038,0.08812,112.93,0.0,4.0
7039,0.09158,112.93,0.09062392094545269,4.0
7040,0.08472,144.87,0.6028986334143699,4.0
7041,0.07427,144.87,1.2273959222293322,4.0
7042,0.06511,144.87,2.2823466365379734,4.0
7043,0.04746,114.04,2.380308377024736,4.0
7044,0.03158,114.04,2.5561726593995986,4.0
7045,0.03306,114.04,2.7244859440063176,4.0
7046,0.06023,81.51,1.7754618034853766,4.0
7047,0.0682,81.51,1.2062388646460211,4.0
7048,0.1,81.51,1.4007847240919395,4.0
7049,0.1217999999999999,65.64,0.0,4.0
7050,0.11538,65.64,0.0,4.0
7051,0.09967,65.64,0.0,4.0
7052,0.08106,99.65,0.0,4.0
7053,0.08168,99.65,0.0,4.0
7054,0.07433,99.65,0.0,4.0
7055,0.08784,83.36,0.0,4.0
7056,0.08749,83.36,0.0,4.0
7057,0.08541,83.36,0.0,4.0
7058,0.08935,104.43,0.0,4.0
7059,0.0895,104.43,0.0,4.0
7060,0.09018,104.43,0.0,4.0
7061,0.09939,143.77,0.0,4.0
7062,0.10018,143.77,0.0,4.0
7063,0.11376,143.77,0.0,4.0
7064,0.12572,147.4,0.20346420331791745,4.0
7065,0.10573,147.4,0.4938830738708075,4.0
7066,0.09121,147.4,0.47080615945915316,4.0
7067,0.0871,107.03,0.6251060842158218,4.0
7068,0.086,107.03,0.48112124471217416,4.0
7069,0.0934599999999999,107.03,0.6208099044807524,4.0
7070,0.11066,75.02,0.9013291584030999,4.0
7071,0.135,75.02,0.6236683813628275,4.0
7072,0.19805,75.02,0.23147242597292922,4.0
7073,0.29648,79.82,0.0,4.0
7074,0.27976,79.82,0.0,4.0
7075,0.18531,79.82,0.0,4.0
7076,0.1339499999999999,109.04,0.0,4.0
7077,0.12207,109.04,0.0,4.0
7078,0.10809,109.04,0.0,4.0
7079,0.10138,105.13,0.0,4.0
7080,0.09874,105.13,0.0,4.0
7081,0.0950699999999999,105.13,0.0,3.9605583496093777
7082,0.07992,100.11,0.0,3.815509521484378
7083,0.071,100.11,0.0,3.808822509765628
7084,0.06752,100.11,0.0,3.8138103027343777
7085,0.07225,104.05,0.0,3.749521972656253
7086,0.08228,104.05,0.0,3.663143798828128
7087,0.09,104.05,0.13362455964578573,3.7853374023437527
7088,0.08302,106.06,1.0826807348448584,3.945873291015628
7089,0.0797,106.06,2.356579473378911,4.0
7090,0.0696,106.06,3.100922907353378,4.0
7091,0.0660999999999999,91.5,4.165844096956274,4.0
7092,0.06411,91.5,5.072784685419396,4.0
7093,0.06354,91.5,4.78319745049516,4.0
7094,0.07561,154.31,4.0682117573888705,4.0
7095,0.0855,154.31,2.554804893198036,4.0
7096,0.09812,154.31,1.5693651714211643,4.0
7097,0.11493,142.71,0.0,4.0
7098,0.1079099999999999,142.71,0.0,3.9357475585937527
7099,0.08771,142.71,0.0,3.8385661621093776
7100,0.08281,163.88,0.0,3.809163085937503
7101,0.0776599999999999,163.88,0.0,3.733763916015628
7102,0.06008,163.88,0.0,3.720228759765628
7103,0.01434,170.74,0.0,3.717361328125002
7104,0.00984,170.74,0.0,3.6651872558593777
7105,0.00652,170.74,0.0,3.617759277343753
7106,0.00103,207.54,0.0,3.551577636718753
7107,0.00219,207.54,0.0,3.515011474609377
7108,0.00753,207.54,0.0,3.4471708984375025
7109,0.02328,273.09,0.0,3.425945312500003
7110,0.0649899999999999,273.09,0.0,3.4403520507812457
7111,0.08487,273.09,0.09370828673217411,3.6220073242187527
7112,0.0765499999999999,322.4,0.7861712477022026,3.863702880859378
7113,0.0583,322.4,1.6238701272835554,4.0
7114,0.033,322.4,2.6994810021738,4.0
7115,0.00125,244.29,3.7015438041207864,4.0
7116,-1e-05,244.29,5.089097612232953,4.0
7117,-1e-05,244.29,5.098590956883736,4.0
7118,0.00181,199.17,4.3943035411380444,4.0
7119,0.03732,199.17,3.3387831204852363,4.0
7120,0.06626,199.17,0.5785641047049862,4.0
7121,0.07461,192.04,0.0,3.8840642089843778
7122,0.07461,192.04,0.0,3.7565312500000023
7123,0.05705,192.04,0.0,3.651359130859378
7124,0.04151,186.74,0.0,3.5630693359375027
7125,0.02892,186.74,0.0,3.5020439453125025
7126,0.00997,186.74,0.0,3.466627685546878
7127,0.00352,177.89,0.0,3.448097412109377
7128,0.00132,177.89,0.0,3.4256669921875025
7129,0.00092,177.89,0.0,3.4007829589843777
7130,0.0,183.94,0.0,3.378257324218753
7131,-1e-05,183.94,0.0,3.3656706542968777
7132,0.00016,183.94,0.0,3.3791691894531275
7133,0.00052,195.37,0.0,3.386991455078128
7134,0.00099,195.37,0.0,3.4826091308593776
7135,0.004,195.37,0.07928944771882898,3.681534912109378
7136,0.00758,194.98,0.900929606803649,3.897991210937503
7137,0.00673,194.98,2.067288639149112,4.0
7138,0.00477,194.98,3.376522609095222,4.0
7139,0.0060999999999999,177.73,3.9424720113013563,4.0
7140,0.00437,177.73,4.277525727082767,4.0
7141,0.00403,177.73,3.8560472448713297,4.0
7142,0.00395,173.93,3.4740707001129514,4.0
7143,0.00556,173.93,1.4292051939282286,4.0
7144,0.02531,173.93,0.37649682174516985,4.0
7145,0.05525,190.1,0.0,4.0
7146,0.06127,190.1,0.0,4.0
7147,0.034,190.1,0.0,3.951776611328128
7148,0.01411,201.25,0.0,3.928020507812503
7149,0.01668,201.25,0.0,3.939823486328128
7150,0.00817,201.25,0.0,3.952952148437503
7151,0.00557,228.33,0.0,3.983285400390628
7152,0.0037,228.33,0.0,4.0
7153,0.00319,228.33,0.0,4.0
7154,0.00202,255.69,0.0,4.0
7155,0.00034,255.69,0.0,4.0
7156,0.0001,285.44,0.0,4.0
7157,0.00011,285.44,0.0,4.0
7158,0.00011,285.44,0.0,4.0
7159,0.0001,283.29,0.046014325161559094,4.0
7160,-1e-05,283.29,0.7530311963201727,4.0
7161,-0.00031,283.29,1.9931007258300983,4.0
7162,-7.000000000000001e-05,233.74,3.2203443671925536,4.0
7163,-8e-05,233.74,4.132430919266628,4.0
7164,-7.000000000000001e-05,233.74,4.458251702742679,4.0
7165,-0.00054,201.01,2.8993728998102024,4.0
7166,-0.00073,201.01,1.5914111763751988,4.0
7167,-1e-05,201.01,1.211039113399903,4.0
7168,0.00304,221.02,0.35229579688472734,4.0
7169,0.03,221.02,0.0,4.0
7170,0.04202,221.02,0.0,4.0
7171,0.03473,239.28,0.0,4.0
7172,0.01664,239.28,0.0,4.0
7173,0.00307,239.28,0.0,4.0
7174,0.01491,236.32,0.0,4.0
7175,0.0050599999999999,236.32,0.0,4.0
7176,0.00134,236.32,0.0,3.996527587890628
7177,0.00183,233.3,0.0,3.9631657714843778
7178,0.00125,233.3,0.0,3.921300537109378
7179,0.0,233.3,0.0,3.888685791015628
7180,0.00131,237.17,0.0,3.864153320312503
7181,0.01078,237.17,0.0,3.880999023437503
7182,0.055,237.17,0.0,3.968256103515628
7183,0.08607,282.12,0.04467057157525359,4.0
7184,0.10015,282.12,0.6128166580547773,4.0
7185,0.10186,282.12,1.4862203187964094,4.0
7186,0.0967399999999999,273.54,2.431266822893727,4.0
7187,0.0946299999999999,273.54,3.4291820447831407,4.0
7188,0.0827,273.54,4.356113589229316,4.0
7189,0.08112,277.57,4.5106599373115905,4.0
7190,0.08335,277.57,4.037562609323245,4.0
7191,0.08366,277.57,3.136654031769495,4.0
7192,0.09923,201.73,0.4786365218246762,4.0
7193,0.1107099999999999,201.73,0.0,4.0
7194,0.12654,201.73,0.0,4.0
7195,0.1135,211.36,0.0,4.0
7196,0.09504,211.36,0.0,3.9729985351562527
7197,0.07794,211.36,0.0,3.924358398437503
7198,0.07448,210.58,0.0,3.885789062500003
7199,0.06243,210.58,0.0,3.868705322265628
7200,0.0441099999999999,210.58,0.0,3.875055419921878
7201,0.02888,211.39,0.0,3.8994743652343775
7202,0.0185399999999999,211.39,0.0,3.943368408203128
7203,0.01022,211.39,0.0,4.0
7204,0.01095,216.45,0.0,4.0
7205,0.03041,216.45,0.0,4.0
7206,0.05952,216.45,0.0,4.0
7207,0.08038,235.35,0.0,4.0
7208,0.0894,235.35,0.1578603085968219,4.0
7209,0.08737,235.35,0.345740049460578,4.0
7210,0.081,182.5,0.5417426666865617,4.0
7211,0.07542,182.5,0.7798228188772083,4.0
7212,0.06756,182.5,1.056280025353556,4.0
7213,0.0622999999999999,160.49,0.7000889944276211,4.0
7214,0.06442,160.49,0.8224528267980562,4.0
7215,0.0731,160.49,0.40144984015316987,4.0
7216,0.0800699999999999,132.87,0.11479698545371043,4.0
7217,0.09383,132.87,0.0,4.0
7218,0.11023,132.87,0.0,4.0
7219,0.1069099999999999,133.6,0.0,4.0
7220,0.09192,133.6,0.0,4.0
7221,0.08084,133.6,0.0,4.0
7222,0.07958,156.32,0.0,4.0
7223,0.07322,156.32,0.0,4.0
7224,0.0588,156.32,0.0,3.997812988281246
7225,0.05404,158.44,0.0,3.974529296875003
7226,0.05416,158.44,0.0,3.9363188476562527
7227,0.05635,158.44,0.0,3.919520751953128
7228,0.0547299999999999,182.33,0.0,3.963931152343753
7229,0.06662,182.33,0.0,4.0
7230,0.09543,182.33,0.0,4.0
7231,0.10753,187.17,0.001173268737669329,4.0
7232,0.10027,187.17,0.38904230861016137,4.0
7233,0.08581,187.17,1.2063644319936935,4.0
7234,0.07195,137.26,2.2940235569807967,4.0
7235,0.07021,137.26,2.7949953713504527,4.0
7236,0.07084,137.26,3.488869714300707,4.0
7237,0.07711,111.08,2.927043411372686,4.0
7238,0.08885,111.08,3.073562821049162,4.0
7239,0.11636,111.08,1.6541871567128132,4.0
7240,0.12623,91.57,0.3341544092687657,4.0
7241,0.12698,91.57,0.0,4.0
7242,0.12874,91.57,0.0,4.0
7243,0.11354,92.1,0.0,4.0
7244,0.10265,92.1,0.0,4.0
7245,0.0965,92.1,0.0,4.0
7246,0.09442,113.31,0.0,4.0
7247,0.08714,113.31,0.0,4.0
7248,0.07525,113.31,0.0,4.0
7249,0.07011,138.44,0.0,4.0
7250,0.06553,138.44,0.0,4.0
7251,0.06042,138.44,0.0,4.0
7252,0.05715,203.08,0.0,3.9974760742187527
7253,0.06001,203.08,0.0,3.988928710937503
7254,0.06918,203.08,0.0,3.857810546875003
7255,0.07994,267.21,0.01566931343886444,3.964194824218753
7256,0.0853,267.21,0.6023467578197379,4.0
7257,0.06672,267.21,1.0759501079083416,4.0
7258,0.0429,203.82,1.4367598541588267,4.0
7259,0.00708,203.82,1.4256241815714237,4.0
7260,0.0,203.82,1.2539918826843401,4.0
7261,0.0,136.87,1.0790215906795282,4.0
7262,0.03129,136.87,0.49070879060415495,4.0
7263,0.0698,136.87,0.23178492243936102,4.0
7264,0.0853,148.81,0.048971211373200235,4.0
7265,0.11793,148.81,0.0,4.0
7266,0.1177,148.81,0.0,4.0
7267,0.11767,178.8,0.0,4.0
7268,0.10529,178.8,0.0,4.0
7269,0.09804,178.8,0.0,4.0
7270,0.09844,214.29,0.0,4.0
7271,0.08483,214.29,0.0,4.0
7272,0.08774,214.29,0.0,4.0
7273,0.07816,222.3,0.0,4.0
7274,0.07474,222.3,0.0,4.0
7275,0.07568,222.3,0.0,4.0
7276,0.07976,262.61,0.0,4.0
7277,0.09183,262.61,0.0,4.0
7278,0.12039,262.61,0.0,3.9813774414062526
7279,0.11957,311.46,0.0,3.992631103515628
7280,0.1087699999999999,311.46,0.09884627636515063,4.0
7281,0.08301,311.46,0.25036650268357835,4.0
7282,0.07567,232.91,0.45963485161602124,4.0
7283,0.07409,232.91,0.8286591544399469,4.0
7284,0.0759899999999999,232.91,0.935758559159404,4.0
7285,0.08421,159.06,1.1545589654952242,4.0
7286,0.1067,159.06,1.0399635598284682,4.0
7287,0.12708,159.06,0.5477054524181001,4.0
7288,0.13205,109.31,0.14893658863620343,4.0
7289,0.12218,109.31,0.0,4.0
7290,0.10728,109.31,0.0,3.9025505371093776
7291,0.09001,116.87,0.0,3.888499023437503
7292,0.08605,116.87,0.0,3.9006499023437526
7293,0.0874699999999999,116.87,0.0,3.906652099609378
7294,0.0818499999999999,105.15,0.0,3.901594726562503
7295,0.0676,105.15,0.0,3.896650878906253
7296,0.05471,105.15,0.0,3.874681884765628
7297,0.0381199999999999,115.56,0.0,3.858634521484378
7298,0.02827,115.56,0.0,3.805361816406253
7299,0.02996,115.56,0.0,3.716790039062503
7300,0.0198999999999999,127.58,0.0,3.682999755859378
7301,0.01533,127.58,0.0,3.703353759765628
7302,0.01163,127.58,0.0,3.7238945312500022
7303,0.01761,106.97,0.0,3.910413085937503
7304,0.02995,106.97,0.47234080908237197,4.0
7305,0.0270399999999999,106.97,1.2215326133425595,4.0
7306,0.0183,68.4,1.7252500767332777,4.0
7307,0.01576,68.4,3.767391544932995,4.0
7308,0.02102,68.4,3.876232632247374,4.0
7309,0.03174,92.8,3.439245285140598,4.0
7310,0.054,92.8,3.415075779475501,4.0
7311,0.05907,92.8,1.935093733702011,4.0
7312,0.07659,121.71,0.3108853335958578,4.0
7313,0.08879,121.71,0.0,3.881639892578128
7314,0.08906,121.71,0.0,3.745013916015628
7315,0.0864,139.01,0.0,3.6236882324218778
7316,0.0862,139.01,0.0,3.5583671875000027
7317,0.08328,139.01,0.0,3.5504716796875027
7318,0.08293,154.42,0.0,3.537753173828128
7319,0.07751,154.42,0.0,3.4953349609375026
7320,0.06429,154.42,0.0,3.554935791015628
7321,0.06033,153.41,0.0,3.5913078613281275
7322,0.06098,153.41,0.0,3.608223144531246
7323,0.06273,153.41,0.0,3.5906853027343777
7324,0.06702,139.87,0.0,3.607695800781246
7325,0.06881,139.87,0.0,3.611899902343753
7326,0.07035,139.87,0.0,3.574301025390628
7327,0.07553,148.02,0.0,3.643646728515628
7328,0.07712,148.02,0.2714513757906548,3.721927978515628
7329,0.0784599999999999,148.02,0.7402946718776678,3.813934814453128
7330,0.07499,103.62,1.2628410045114968,3.904319335937503
7331,0.07498,103.62,1.962177467820485,3.9728959960937527
7332,0.07521,103.62,2.557532838893155,3.991774169921878
7333,0.08316,92.02,2.107918169179429,3.9797514648437526
7334,0.09255,92.02,1.8552659097829365,3.926438476562503
7335,0.11065,92.02,0.9120599876866915,3.8654020996093776
7336,0.1165,168.92,0.13621318788767942,3.822694580078128
7337,0.13207,168.92,0.0,3.786835205078128
7338,0.13041,168.92,0.0,3.752751953125003
7339,0.11361,181.94,0.0,3.7585270996093776
7340,0.0986,181.94,0.0,3.7597282714843776
7341,0.09533,181.94,0.0,3.752616455078128
7342,0.09318,209.31,0.0,3.7542973632812457
7343,0.08504,209.31,0.0,3.755234863281246
7344,0.08244,209.31,0.0,3.744501220703128
7345,0.08011,230.31,0.0,3.741901123046878
7346,0.075,230.31,0.0,3.737839843750003
7347,0.07314,230.31,0.0,3.7329472656250022
7348,0.07497,261.8,0.0,3.7485954589843775
7349,0.075,261.8,0.0,3.738451416015628
7350,0.09533,261.8,0.0,3.748046142578128
7351,0.11726,316.4,0.0,3.791262695312503
7352,0.105,316.4,0.0847844277311028,3.8193034667968777
7353,0.08576,316.4,0.15698230283473175,3.862578613281246
7354,0.07545,201.19,0.3919606895999668,3.919301025390628
7355,0.07168,201.19,0.6342941720992532,3.9522380371093777
7356,0.06799,201.19,0.627485132143494,3.9802751464843777
7357,0.07193,144.12,0.7326092038990085,3.9841679687500022
7358,0.07498,144.12,0.6051123394440044,3.947924072265628
7359,0.08261,144.12,0.2764468415289207,3.888352539062503
7360,0.0927399999999999,139.87,0.033116284641723656,3.837302734375003
7361,0.0925199999999999,139.87,0.0,3.801729003906253
7362,0.09056,139.87,0.0,3.7570952148437526
7363,0.0815699999999999,123.66,0.0,3.733265869140628
7364,0.07163,123.66,0.0,3.6933745117187526
7365,0.06001,123.66,0.0,3.671185791015628
7366,0.05271,104.99,0.0,3.632133056640628
7367,0.02872,104.99,0.0,3.603997070312503
7368,0.01653,104.99,0.0,3.5465019531250026
7369,0.00726,99.21,0.0,3.5159196777343777
7370,0.0049299999999999,99.21,0.0,3.487109863281246
7371,0.00631,99.21,0.0,3.4427507324218776
7372,0.0212,122.62,0.0,3.368263427734377
7373,0.05843,122.62,0.0,3.2944316406250027
7374,0.08104,122.62,0.0,3.2445317382812457
7375,0.11431,150.47,0.0,3.404042236328128
7376,0.11,150.47,0.6753546720849893,3.680051757812503
7377,0.0808499999999999,150.47,1.9886572144264625,3.840345947265628
7378,0.0606499999999999,98.8,3.171041817539939,3.969838134765628
7379,0.05287,98.8,4.379346443232553,4.0
7380,0.05015,98.8,4.765116853519551,4.0
7381,0.06694,74.38,4.6553963809866525,4.0
7382,0.08105,74.38,4.30769937343175,4.0
7383,0.11626,74.38,3.479820395473553,3.855269042968753
7384,0.12748,80.67,0.29297617229838613,3.682831298828128
7385,0.1291,80.67,0.0,3.5633806152343777
7386,0.12276,80.67,0.0,3.4589628906250027
7387,0.1067,107.12,0.0,3.3691350097656274
7388,0.09675,107.12,0.0,3.282756835937503
7389,0.09137,107.12,0.0,3.202373535156253
7390,0.08624,125.53,0.0,3.140692626953128
7391,0.07612,125.53,0.0,3.090148193359377
7392,0.07733,125.53,0.0,3.039369384765628
7393,0.07582,143.84,0.0,3.001884033203128
7394,0.07436,143.84,0.0,2.9837163085937526
7395,0.07468,143.84,0.0,2.982438232421877
7396,0.0788799999999999,177.6,0.0,3.0086735839843777
7397,0.085,177.6,0.0,3.027053710937502
7398,0.09136,177.6,0.0,3.1269523925781275
7399,0.1159,209.62,0.0,3.3142546386718776
7400,0.10712,209.62,0.5346193733776295,3.520116455078128
7401,0.07454,209.62,1.49815699092958,3.7230229492187528
7402,0.06288,140.13,2.905704286792984,3.894193603515628
7403,0.0620099999999999,140.13,4.628401263915915,4.0
7404,0.06207,140.13,5.161034152851276,4.0
7405,0.07733,75.31,4.941790511262051,4.0
7406,0.09619,75.31,4.346506878406282,3.9520219726562527
7407,0.1154,75.31,3.5293097399777698,3.7601091308593775
7408,0.14138,74.56,0.26196907423535887,3.5912565917968777
7409,0.14742,74.56,0.0,3.483348876953128
7410,0.12758,74.56,0.0,3.453352539062503
7411,0.11476,99.14,0.0,3.422649414062503
7412,0.10479,99.14,0.0,3.394740478515628
7413,0.09892,99.14,0.0,3.3525017089843776
7414,0.08885,107.74,0.0,3.3000053710937527
7415,0.0877,107.74,0.0,3.2520573730468776
7416,0.09337,107.74,0.0,3.2030583496093774
7417,0.09083,148.75,0.0,3.156692382812502
7418,0.0914,148.75,0.0,3.1170244140625027
7419,0.09051,148.75,0.0,3.0853654785156275
7420,0.0919,213.14,0.0,3.0605217285156274
7421,0.09217,213.14,0.0,3.0342167968750027
7422,0.11835,213.14,0.0,3.0064030761718774
7423,0.1302299999999999,291.96,0.0,3.1410295410156275
7424,0.11968,291.96,0.5591406128330266,3.410842773437502
7425,0.0932099999999999,291.96,1.839897568927437,3.6672966308593775
7426,0.08516,177.88,3.1682696845183944,3.8557634277343777
7427,0.0837,177.88,4.121333144167936,3.9966777343750026
7428,0.08399,177.88,4.602447977755947,4.0
7429,0.08718,111.64,4.521687445215305,4.0
7430,0.09949,111.64,4.0092794873491435,4.0
7431,0.12824,111.64,3.1214903784164734,3.8998808593750023
7432,0.1475,114.94,0.2260511505215447,3.6755546875000022
7433,0.1542599999999999,114.94,0.0,3.5476225585937526
7434,0.13745,114.94,0.0,3.3475468750000026
7435,0.12646,157.66,0.0,3.287253906250003
7436,0.11497,157.66,0.0,3.2965666503906275
7437,0.10098,157.66,0.0,3.334689208984378
7438,0.09749,186.88,0.0,3.4113444824218777
7439,0.0905499999999999,186.88,0.0,3.4600615234375027
7440,0.09018,186.88,0.0,3.5126201171875024
7441,0.08882,191.04,0.0,3.5186259765625025
7442,0.0896,191.04,0.0,3.540316650390628
7443,0.08961,191.04,0.0,3.5489885253906275
7444,0.0904099999999999,273.53,0.0,3.552159912109378
7445,0.0942099999999999,273.53,0.0,3.556624023437503
7446,0.11227,273.53,0.0,3.4173906250000026
7447,0.13388,367.9,0.0,3.437579833984377
7448,0.12805,367.9,0.10062321796874565,3.5197685546875026
7449,0.1080999999999999,367.9,0.43960970860571846,3.565607177734378
7450,0.0933799999999999,219.85,0.549446804294622,3.621996337890628
7451,0.08999,219.85,0.7900978413210554,3.658401367187503
7452,0.0888,219.85,0.8338450514925326,3.694905273437503
7453,0.0920499999999999,129.21,0.8921995615222961,3.694868652343753
7454,0.1031,129.21,0.5079026566414132,3.662228271484378
7455,0.12962,129.21,0.2816011263555263,3.6143278808593777
7456,0.16512,130.48,0.02571955730899651,3.580325195312503
7457,0.17854,130.48,0.0,3.552526123046878
7458,0.14568,130.48,0.0,3.509994384765628
7459,0.1314799999999999,189.12,0.0,3.502157470703128
7460,0.11943,189.12,0.0,3.4758562011718777
7461,0.10665,189.12,0.0,3.458995849609378
7462,0.09828,228.35,0.0,3.4538432617187524
7463,0.0920499999999999,228.35,0.0,3.439231445312503
7464,0.09653,228.35,0.0,3.4353935546875025
7465,0.0963199999999999,274.33,0.0,3.4433696289062525
7466,0.094,274.33,0.0,3.418899414062502
7467,0.09397,274.33,0.0,3.401339599609378
7468,0.09504,296.29,0.0,3.337758056640628
7469,0.0942,296.29,0.0,3.2937321777343778
7470,0.09528,296.29,0.0,3.3162724609375025
7471,0.10384,320.26,0.0,3.3227543945312457
7472,0.1055,320.26,0.2848872905621576,3.372716552734378
7473,0.10362,320.26,0.8635285896853604,3.4550078125000026
7474,0.10218,249.22,2.087378691982652,3.537364990234378
7475,0.09695,249.22,2.8026926916004733,3.6145329589843778
7476,0.09516,249.22,3.370791829412438,3.649546386718753
7477,0.09591,163.84,3.5046197290873398,3.666494628906253
7478,0.10154,163.84,4.01119662657403,3.6166752929687527
7479,0.11762,163.84,3.397220782837027,3.479283935546878
7480,0.12464,151.42,0.20505073098950635,3.3539409179687527
7481,0.1349199999999999,151.42,0.0,3.2558110351562526
7482,0.13653,151.42,0.0,3.1538945312500024
7483,0.13198,145.0,0.0,3.109982177734377
7484,0.12297,145.0,0.0,3.1065031738281275
7485,0.1133,145.0,0.0,3.0452507324218776
7486,0.10626,145.54,0.0,3.0215788574218774
7487,0.09691,145.54,0.0,2.9862761230468777
7488,0.0963499999999999,145.54,0.0,2.937698242187502
7489,0.09456,151.79,0.0,2.9049736328125024
7490,0.09283,151.79,0.0,2.9091154785156275
7491,0.0911299999999999,151.79,0.0,2.892375976562503
7492,0.09165,156.08,0.0,2.9328679199218777
7493,0.09169,156.08,0.0,2.931637451171877
7494,0.0899399999999999,156.08,0.0,2.962168457031246
7495,0.08862,157.17,0.0,3.0855449218750026
7496,0.09727,157.17,0.3887345538405115,3.219047119140628
7497,0.09762,157.17,1.0897460819942448,3.330763427734378
7498,0.09703,136.57,1.7787551873969796,3.4530046386718776
7499,0.0973,136.57,2.7623038095516668,3.500216552734378
7500,0.09784,136.57,2.590003063680503,3.5415544433593777
7501,0.0964,124.93,2.9186770202784182,3.5356181640625026
7502,0.0973199999999999,124.93,2.2663406359068867,3.4956865234375027
7503,0.09779,124.93,1.150770431277378,3.4162077636718777
7504,0.1098499999999999,145.89,0.0751583949435129,3.3849772949218777
7505,0.1251,145.89,0.0,3.380099365234378
7506,0.1261,145.89,0.0,3.2274626464843776
7507,0.11796,198.74,0.0,3.2302312011718777
7508,0.106,198.74,0.0,3.236614257812503
7509,0.09354,198.74,0.0,3.288495361328128
7510,0.09232,238.98,0.0,3.305996582031246
7511,0.08993,238.98,0.0,3.3178728027343776
7512,0.08898,238.98,0.0,3.3293535156250025
7513,0.08764,266.3,0.0,3.365059082031246
7514,0.0889,266.3,0.0,3.3883757324218777
7515,0.08752,266.3,0.0,3.427776367187503
7516,0.08718,356.71,0.0,3.4505913085937525
7517,0.09231,356.71,0.0,3.4589702148437524
7518,0.11345,356.71,0.0,3.3139946289062525
7519,0.143,515.0,0.0,3.3865117187500027
7520,0.15788,515.0,0.24576327333580178,3.5893632812500025
7521,0.1443,515.0,1.1915091276379148,3.7275932617187526
7522,0.12627,330.78,1.2768563840375855,3.886550781250002
7523,0.11525,330.78,2.1457636901897787,4.0
7524,0.10592,330.78,2.5682628452082055,4.0
7525,0.1084099999999999,220.18,1.9566874432296346,4.0
7526,0.1155699999999999,220.18,1.2701568778644272,4.0
7527,0.12625,220.18,0.7472998372807792,3.932532226562503
7528,0.13336,200.11,0.07449402004214863,3.8261040039062526
7529,0.1394,200.11,0.0,3.7527849121093775
7530,0.12073,200.11,0.0,3.641881591796878
7531,0.10366,193.06,0.0,3.607728759765628
7532,0.09011,193.06,0.0,3.639651367187503
7533,0.08899,193.06,0.0,3.6495427246093777
7534,0.08839,191.12,0.0,3.6500371093750026
7535,0.08387,191.12,0.0,3.651875488281246
7536,0.08319,191.12,0.0,3.676312744140628
7537,0.07998,176.82,0.0,3.7048112792968775
7538,0.0757999999999999,176.82,0.0,3.7228105468750026
7539,0.07487,176.82,0.0,3.725341064453128
7540,0.0755,206.98,0.0,3.7303618164062526
7541,0.07707,206.98,0.0,3.7224626464843777
7542,0.08679,206.98,0.0,3.543641845703128
7543,0.10521,263.85,0.0,3.596830322265628
7544,0.1138,263.85,0.18445740168930078,3.709550048828128
7545,0.10312,263.85,0.6354648772722088,3.812854492187503
7546,0.09147,189.04,1.169403964596374,3.905062744140628
7547,0.08792,189.04,1.4331058070618892,3.9532780761718778
7548,0.08666,189.04,1.0985894834149406,3.9736979980468776
7549,0.08993,135.87,0.8259879573330214,3.9629753417968776
7550,0.10124,135.87,0.45834605786848315,3.9305107421875034
7551,0.12428,135.87,0.22003104366124965,3.879416992187503
7552,0.14307,134.94,0.0,3.8235075683593776
7553,0.14326,134.94,0.0,3.8021245117187528
7554,0.115,134.94,0.0,3.709593994140628
7555,0.10503,163.12,0.0,3.697523681640628
7556,0.09818,163.12,0.0,3.6942460937500026
7557,0.09638,163.12,0.0,3.682344238281246
7558,0.09206,158.31,0.0,3.6581596679687527
7559,0.0755,158.31,0.0,3.631583740234378
7560,0.07498,158.31,0.0,3.6103032226562526
7561,0.0683199999999999,164.18,0.0,3.5753557128906275
7562,0.06441,164.18,0.0,3.5042485351562527
7563,0.0624,164.18,0.0,3.4522685546875027
7564,0.0622999999999999,189.93,0.0,3.433760253906253
7565,0.0693,189.93,0.0,3.444017822265628
7566,0.077,189.93,0.0,3.5004436035156274
7567,0.10726,256.66,0.0,3.5400712890625026
7568,0.10072,256.66,0.0,3.5687126464843777
7569,0.07811,256.66,0.07430413756332005,3.634476806640628
7570,0.07153,136.24,0.239944335661261,3.7382097167968777
7571,0.06,136.24,0.9758245947214766,3.798528320312503
7572,0.05914,136.24,1.5857782015439725,3.827268554687503
7573,0.07377,89.95,3.084095990964205,3.748514892578128
7574,0.08043,89.95,2.8196795051995815,3.675360595703128
7575,0.10497,89.95,2.0429894204202954,3.582189208984378
7576,0.11363,96.06,0.08006454599464045,3.497697021484377
7577,0.1154,96.06,0.0,3.476848632812503
7578,0.10487,96.06,0.0,3.4897136230468777
7579,0.08893,120.03,0.0,3.517864257812503
7580,0.08095,120.03,0.0,3.523851806640628
7581,0.0769099999999999,120.03,0.0,3.5133635253906275
7582,0.0755499999999999,112.93,0.0,3.4956828613281274
7583,0.05693,112.93,0.0,3.469073974609377
7584,0.03292,112.93,0.0,3.451561767578128
7585,0.0189699999999999,76.71,0.0,3.4534587402343777
7586,0.01119,76.71,0.0,3.4723369140625024
7587,0.00778,76.71,0.0,3.4506206054687527
7588,0.006,70.01,0.0,3.451034423828128
7589,0.02597,70.01,0.0,3.4219645996093777
7590,0.05089,70.01,0.0,3.3644365234375027
7591,0.0768499999999999,90.71,0.0,3.3873613281250026
7592,0.06608,90.71,0.16096076849660723,3.445625488281246
7593,0.05361,90.71,0.7137022390153703,3.521808349609377
7594,0.05032,65.83,0.9032446396222173,3.611097900390628
7595,0.04296,65.83,1.117943758618319,3.678901855468753
7596,0.04809,65.83,1.3283022175766857,3.690159179687503
7597,0.06057,18.34,1.1084775246687182,3.6786235351562526
7598,0.07734,18.34,0.8851156980304131,3.630155517578128
7599,0.10166,18.34,0.6123550686069601,3.556188232421878
7600,0.11151,44.55,0.04679777861275281,3.507731201171877
7601,0.1301,44.55,0.0,3.478958007812502
7602,0.1318,44.55,0.0,3.428336669921878
7603,0.1298899999999999,72.97,0.0,3.4041301269531274
7604,0.1118499999999999,72.97,0.0,3.346862060546877
7605,0.11661,72.97,0.0,3.3278154296875027
7606,0.11059,88.07,0.0,3.2898649902343777
7607,0.10277,88.07,0.0,3.253324462890628
7608,0.09844,88.07,0.0,3.2011503906250027
7609,0.0958,73.7,0.0,3.1514555664062525
7610,0.09493,73.7,0.0,3.1137285156250027
7611,0.09153,73.7,0.0,3.1089567871093777
7612,0.0921299999999999,87.78,0.0,3.095736572265628
7613,0.0916,87.78,0.0,3.1017241210937527
7614,0.11278,87.78,0.0,3.0897526855468778
7615,0.13835,99.86,0.0,3.151927978515628
7616,0.1363899999999999,99.86,0.23142679429083415,3.2465385742187527
7617,0.1209,99.86,0.6303562664437239,3.339962646484378
7618,0.11203,65.74,1.1221677837319501,3.400431396484377
7619,0.10604,65.74,1.0679601950284652,3.443981201171878
7620,0.10123,65.74,0.9607092770594403,3.4822795410156275
7621,0.10542,73.03,1.012704282522172,3.4980778808593778
7622,0.10706,73.03,0.6253401762006513,3.4824516601562525
7623,0.11539,73.03,0.32353571685466964,3.455352050781246
7624,0.11597,64.3,0.0,3.4579448242187527
7625,0.13157,64.3,0.0,3.4697770996093777
7626,0.11981,64.3,0.0,3.470494873046878
7627,0.10649,65.37,0.0,3.4857951660156274
7628,0.09892,65.37,0.0,3.4983232421875026
7629,0.0931599999999999,65.37,0.0,3.505090820312503
7630,0.09702,63.92,0.0,3.5074345703125025
7631,0.07865,63.92,0.0,3.508632080078128
7632,0.0773799999999999,63.92,0.0,3.5097453613281275
7633,0.07795,83.87,0.0,3.518724853515628
7634,0.07472,83.87,0.0,3.526935302734377
7635,0.07303,83.87,0.0,3.5356437988281275
7636,0.0722,111.68,0.0,3.542045166015628
7637,0.07062,111.68,0.0,3.5521232910156275
7638,0.06816,111.68,0.0,3.531721679687503
7639,0.07706,116.41,0.0,3.5626005859375027
7640,0.0800699999999999,116.41,0.021029317986462067,3.613983642578128
7641,0.08524,116.41,0.21397032620946801,3.657328369140628
7642,0.08561,103.49,0.35268469834798377,3.6905253906250026
7643,0.08542,103.49,0.4978653083297699,3.7220964355468777
7644,0.08419,103.49,1.0839446760942564,3.6977617187500025
7645,0.09067,91.23,0.8653172306185246,3.6623601074218777
7646,0.09465,91.23,0.5450686536340431,3.626702148437503
7647,0.10119,91.23,0.34127394791763277,3.5772893066406275
7648,0.10979,95.65,0.0,3.5416643066406275
7649,0.1217999999999999,95.65,0.0,3.5132353515625026
7650,0.1215199999999999,95.65,0.0,3.5070756835937527
7651,0.1140699999999999,107.52,0.0,3.503988525390628
7652,0.1091299999999999,107.52,0.0,3.500377685546878
7653,0.10289,107.52,0.0,3.4876665039062527
7654,0.10172,122.1,0.0,3.467081787109377
7655,0.09787,122.1,0.0,3.450067626953128
7656,0.09375,122.1,0.0,3.423477050781246
7657,0.095,120.86,0.0,3.421389648437503
7658,0.0933499999999999,120.86,0.0,3.3966264648437527
7659,0.09145,120.86,0.0,3.402002441406253
7660,0.0882199999999999,121.85,0.0,3.366542236328128
7661,0.0911299999999999,121.85,0.0,3.3691423339843776
7662,0.08567,121.85,0.0,3.3269255371093776
7663,0.0924899999999999,146.7,0.0,3.3583281250000026
7664,0.09849,146.7,0.09480354052106746,3.4137541503906275
7665,0.10119,146.7,0.41056758258045595,3.466799804687503
7666,0.09928,184.84,0.6895930938138157,3.5122282714843776
7667,0.10257,184.84,0.9345335064626656,3.5706865234375025
7668,0.10247,184.84,1.1906861540102858,3.595321533203128
7669,0.104,214.32,1.255440935235551,3.591172363281246
7670,0.1092699999999999,214.32,1.0844408037163944,3.564552490234377
7671,0.11672,214.32,0.3546610154101726,3.519362060546878
7672,0.1245,234.42,0.007076792250555377,3.467938720703128
7673,0.12937,234.42,0.0,3.4227043457031274
7674,0.12521,234.42,0.0,3.4325004882812458
7675,0.11533,259.46,0.0,3.404291259765628
7676,0.10272,259.46,0.0,3.3470012207031274
7677,0.0914099999999999,259.46,0.0,3.3392851562500026
7678,0.09439,279.85,0.0,3.3185979003906274
7679,0.08653,279.85,0.0,3.289495117187503
7680,0.08829,279.85,0.0,3.2160991210937526
7681,0.08056,335.19,0.0,3.1942583007812457
7682,0.07409,335.19,0.0,3.1650273437500025
7683,0.07132,335.19,0.0,3.1807524414062525
7684,0.0741,378.6,0.0,3.1757829589843776
7685,0.0836,378.6,0.0,3.1480351562500024
7686,0.08959,378.6,0.0,3.0468583984375024
7687,0.11487,440.0,0.0,3.107718994140628
7688,0.12699,440.0,0.2468243152183842,3.240298339843753
7689,0.1216899999999999,440.0,0.8480472207332673,3.334861328125003
7690,0.10522,411.0,1.462382053957709,3.404789306640628
7691,0.08439,411.0,2.11524414016452,3.448375732421878
7692,0.07781,411.0,2.2860965633718586,3.4893474121093777
7693,0.07779,393.02,1.943133450770147,3.4953496093750025
7694,0.08704,393.02,1.5698995874641872,3.471842529296877
7695,0.09752,393.02,0.7797765942064779,3.4433330078125026
7696,0.10732,356.4,0.0021309300505038655,3.419591552734377
7697,0.11736,356.4,0.0,3.410443603515628
7698,0.11649,356.4,0.0,3.360433837890628
7699,0.1107,362.0,0.0,3.381095458984378
7700,0.10289,362.0,0.0,3.406752197265628
7701,0.0927,362.0,0.0,3.4312333984375027
7702,0.08971,394.07,0.0,3.447533447265628
7703,0.08114,394.07,0.0,3.465316650390628
7704,0.08488,394.07,0.0,3.480452148437503
7705,0.08283,390.29,0.0,3.480433837890628
7706,0.07904,390.29,0.0,3.478203613281246
7707,0.07772,390.29,0.0,3.4664921875000028
7708,0.08051,415.15,0.0,3.450686523437503
7709,0.08347,415.15,0.0,3.4417399902343777
7710,0.0910499999999999,415.15,0.0,3.355599853515628
7711,0.10474,534.0,0.0,3.378202392578128
7712,0.11984,534.0,0.0,3.4024931640625025
7713,0.10745,534.0,0.31981628452853667,3.4277214355468777
7714,0.0921299999999999,451.0,0.702377119091931,3.508569824218753
7715,0.0888,451.0,1.3513721329939534,3.493405029296877
7716,0.0892,451.0,1.2886869826276326,3.456732666015628
7717,0.0906,407.44,1.2646143682116517,3.441604492187502
7718,0.09658,407.44,1.9071523153286873,3.3937150878906275
7719,0.1206,407.44,1.9637489243846613,3.3119108886718776
7720,0.14191,368.98,0.04191593956166692,3.2275908203125026
7721,0.15166,368.98,0.0,3.1755449218750025
7722,0.1438,368.98,0.0,3.2008867187500027
7723,0.13115,340.25,0.0,3.161097900390628
7724,0.1071299999999999,340.25,0.0,3.1137431640625026
7725,0.09464,340.25,0.0,3.1332292480468777
7726,0.09748,319.26,0.0,3.1796098632812457
7727,0.08996,319.26,0.0,3.2140703125000027
7728,0.08738,319.26,0.0,3.2460698242187527
7729,0.08623,310.28,0.0,3.2744658203125026
7730,0.08417,310.28,0.0,3.2754216308593778
7731,0.08319,310.28,0.0,3.2518303222656275
7732,0.08439,355.41,0.0,3.2223100585937527
7733,0.087,355.41,0.0,3.1860661621093778
7734,0.09903,355.41,0.0,3.2144511718750026
7735,0.12703,472.0,0.0,3.214418212890628
7736,0.1366699999999999,472.0,0.04678563087471497,3.233607666015628
7737,0.11516,472.0,0.24292341954635854,3.2668449707031275
7738,0.09752,463.0,0.5073384177732116,3.3191655273437526
7739,0.09162,463.0,0.9447681361487593,3.3344877929687526
7740,0.08959,463.0,1.1099278595517665,3.3687431640625025
7741,0.0935999999999999,467.0,1.402911312583857,3.3644841308593776
7742,0.10462,467.0,1.0238641540583,3.3226884765625027
7743,0.11305,467.0,0.7141432805426664,3.2612675781250027
7744,0.11781,356.68,0.011179673256365536,3.217146484375003
7745,0.12757,356.68,0.0,3.194467041015628
7746,0.11919,356.68,0.0,3.1771562500000026
7747,0.11905,341.28,0.0,3.1333793945312456
7748,0.1056899999999999,341.28,0.0,3.1409599609375025
7749,0.10023,341.28,0.0,3.1531657714843777
7750,0.09917,393.23,0.0,3.1588750000000028
7751,0.09189,393.23,0.0,3.192445556640628
7752,0.09063,393.23,0.0,3.2531523437500027
7753,0.08809,378.27,0.0,3.413146240234377
7754,0.08703,378.27,0.0,3.588140136718753
7755,0.0868,378.27,0.0,3.655387451171878
7756,0.08713,430.62,0.0,3.6988200683593777
7757,0.0905,430.62,0.0,3.712970458984378
7758,0.10368,430.62,0.0,3.7831218261718775
7759,0.1444099999999999,582.0,0.0,3.823053466796878
7760,0.15572,582.0,0.0,3.843759033203128
7761,0.15366,582.0,0.11395433065636532,3.8375114746093777
7762,0.14127,528.23,0.21762539684003238,3.773673583984378
7763,0.1293,528.23,0.16618438328372354,3.7432927246093777
7764,0.12505,528.23,0.10697032176561501,3.742758056640628
7765,0.1261,470.0,0.12247111150960689,3.6624626464843777
7766,0.1341999999999999,470.0,0.05120340159727556,3.396461669921877
7767,0.14969,470.0,0.006439757113121279,3.0898002929687527
7768,0.17583,408.81,0.0,2.8823784179687526
7769,0.17547,408.81,0.0,2.813885986328128
7770,0.16325,408.81,0.0,2.852477294921877
7771,0.15602,384.26,0.0,2.8364921875000024
7772,0.1371,384.26,0.0,2.796396484375001
7773,0.12075,384.26,0.0,2.795310058593752
7774,0.1082399999999999,415.25,0.0,2.8123002929687524
7775,0.09376,415.25,0.0,2.8119084472656275
7776,0.10155,415.25,0.0,2.7804805501302097
7777,0.09414,421.27,0.0,2.7675533040364595
7778,0.09028,421.27,0.0,2.771833902994793
7779,0.0901899999999999,421.27,0.0,2.779949544270835
7780,0.0936299999999999,452.1,0.0,2.7905554199218763
7781,0.10187,452.1,0.0,2.8111833496093777
7782,0.13353,452.1,0.0,2.818573486328128
7783,0.18042,597.0,0.0,2.8032915039062525
7784,0.20538,597.0,0.09410054192450788,2.8110039062500025
7785,0.18183,597.0,0.47634419651533505,2.8391582031250024
7786,0.15102,548.0,1.0028275619137852,2.8773173828125027
7787,0.13772,548.0,1.1417209328677376,2.8941630859375027
7788,0.13034,548.0,1.1018463210241805,2.9249138183593777
7789,0.13558,489.01,0.827947548417477,2.930538818359377
7790,0.15375,489.01,0.863405248876303,2.911906005859377
7791,0.19684,489.01,1.3330166025907517,2.8273662109375026
7792,0.25187,449.06,0.027036071451351052,2.789438476562501
7793,0.25001,449.06,0.0,2.7664973958333348
7794,0.20509,449.06,0.0,2.741609293619793
7795,0.17137,453.25,0.0,2.7288427734375014
7796,0.14195,453.25,0.0,2.7079443359375013
7797,0.11731,453.25,0.0,2.712025553385418
7798,0.1049,489.25,0.0,2.735896402994793
7799,0.09503,489.25,0.0,2.745259195963543
7800,0.10225,489.25,0.0,2.758041992187501
7801,0.0945999999999999,499.25,0.0,2.765010172526043
7802,0.0884399999999999,499.25,0.0,2.761750895182293
7803,0.08528,499.25,0.0,2.7402034505208346
7804,0.0861,495.48,0.0,2.695855305989581
7805,0.08528,495.48,0.0,2.64238240559896
7806,0.0905199999999999,495.48,0.0,2.658452962239581
7807,0.10675,533.17,0.0,2.6542272949218764
7808,0.10421,533.17,0.14773175254556217,2.6857478841145848
7809,0.08912,533.17,0.7306585321311054,2.733829345703126
7810,0.08201,475.42,1.422413723382339,2.7764501953125014
7811,0.07858,475.42,1.8157693936977024,2.798536783854168
7812,0.07628,475.42,1.7814539999839143,2.8114982910156274
7813,0.07537,375.4,1.4772632033098485,2.805917236328128
7814,0.08165,375.4,1.21395820847258,2.7810970052083346
7815,0.08897,375.4,1.5844413664380879,2.7264786783854182
7816,0.105,404.49,0.005282368693139653,2.6677709960937515
7817,0.1144599999999999,404.49,0.0,2.623843994140626
7818,0.10925,404.49,0.0,2.5939326985677096
7819,0.09833,451.3,0.0,2.585662434895835
7820,0.0866099999999999,451.3,0.0,2.586720377604168
7821,0.08925,451.3,0.0,2.592937825520835
7822,0.08943,461.31,0.0,2.5856054687500016
7823,0.08223,461.31,0.0,2.58339803059896
7824,0.08153,461.31,0.0,2.584392903645835
7825,0.07435,477.27,0.0,2.5975724283854182
7826,0.07044,477.27,0.0,2.625496012369793
7827,0.06323,477.27,0.0,2.62720906575521
7828,0.06089,456.24,0.0,2.622755533854168
7829,0.0642099999999999,456.24,0.0,2.6129309082031265
7830,0.06203,456.24,0.0,2.6920690917968764
7831,0.06798,439.26,0.0,2.7218908691406263
7832,0.06783,439.26,0.10644702997967793,2.7667293294270845
7833,0.0659599999999999,439.26,0.6495735006626489,2.8281755371093777
7834,0.06599,387.33,1.8101937740581482,2.905790283203128
7835,0.06669,387.33,1.8517712979738,2.9495378417968774
7836,0.06786,387.33,1.8669545813420534,2.944755126953128
7837,0.0654599999999999,337.59,1.5713854099529125,2.982445556640628
7838,0.06943,337.59,1.7282060188489443,3.0126542968750027
7839,0.07729,337.59,2.3302425972412344,2.965303222656253
7840,0.07789,384.27,0.00856104423002218,2.9599052734375024
7841,0.08084,384.27,0.0,2.9219328613281275
7842,0.08254,384.27,0.0,2.8701982421875027
7843,0.0838,333.23,0.0,2.8359575195312456
7844,0.0774099999999999,333.23,0.0,2.7994930013020847
7845,0.0741599999999999,333.23,0.0,2.793122965494793
7846,0.07517,330.32,0.0,2.777400309244793
7847,0.07126,330.32,0.0,2.745523681640626
7848,0.07246,330.32,0.0,2.727345377604168
7849,0.07006,337.27,0.0,2.7044124348958345
7850,0.07226,337.27,0.0,2.683391927083335
7851,0.07328,337.27,0.0,2.7085485839843764
7852,0.07376,349.28,0.0,2.728500976562501
7853,0.0800699999999999,349.28,0.0,2.755832519531251
7854,0.09031,349.28,0.0,2.77125203450521
7855,0.10439,435.0,0.0,2.837198974609377
7856,0.10779,435.0,0.08129985428959131,2.9544414062500026
7857,0.11026,435.0,0.43103967754161693,3.0297783203125026
7858,0.11745,358.74,0.7019484286735233,3.0881413574218777
7859,0.12804,358.74,0.9389475818687849,3.1070378417968776
7860,0.13424,358.74,0.8698570579162799,3.131248046875003
7861,0.14999,324.32,0.7768697089009002,3.154066650390628
7862,0.17354,324.32,0.5195676543918116,3.1796025390625027
7863,0.19581,324.32,0.31784568910141303,3.2234013671875026
7864,0.22578,285.24,0.0,3.2785600585937527
7865,0.26348,285.24,0.0,3.3277714843750026
7866,0.23059,285.24,0.0,3.3414311523437528
7867,0.1883,284.24,0.0,3.348854248046877
7868,0.15119,284.24,0.0,3.456110107421878
7869,0.13524,284.24,0.0,3.5963395996093777
7870,0.12304,287.26,0.0,3.723114501953128
7871,0.1054099999999999,287.26,0.0,3.771201660156253
7872,0.1009,287.26,0.0,3.803479492187503
7873,0.09915,284.24,0.0,3.800879394531246
7874,0.09759,284.24,0.0,3.818534423828128
7875,0.0960999999999999,284.24,0.0,3.896167480468753
7876,0.09951,326.31,0.0,3.932795898437503
7877,0.10673,326.31,0.0,3.944686767578128
7878,0.1224099999999999,326.31,0.0,3.923684570312503
7879,0.29102,431.0,0.0,3.9816960449218777
7880,0.3332799999999999,431.0,0.12951938992424114,4.0
7881,0.2926499999999999,431.0,0.8214286610732151,4.0
7882,0.27309,449.0,1.2223751736714752,4.0
7883,0.32663,449.0,1.718440795804201,4.0
7884,0.351,449.0,2.5607038666234505,4.0
7885,0.31765,438.0,1.9211864716507647,4.0
7886,0.3,438.0,1.5920681879594247,4.0
7887,0.31,438.0,2.4695494527363335,4.0
7888,0.32508,324.84,0.002963034482311413,4.0
7889,0.37331,324.84,0.0,4.0
7890,0.29791,324.84,0.0,4.0
7891,0.24937,289.28,0.0,4.0
7892,0.17283,289.28,0.0,4.0
7893,0.13502,289.28,0.0,4.0
7894,0.11916,283.3,0.0,4.0
7895,0.10204,283.3,0.0,4.0
7896,0.0928499999999999,283.3,0.0,4.0
7897,0.08995,310.26,0.0,4.0
7898,0.0883299999999999,310.26,0.0,4.0
7899,0.0894399999999999,310.26,0.0,4.0
7900,0.0897999999999999,354.59,0.0,4.0
7901,0.09725,354.59,0.0,4.0
7902,0.12982,354.59,0.0,4.0
7903,0.1911699999999999,478.87,0.0,4.0
7904,0.23722,478.87,0.045602566981704874,4.0
7905,0.2118499999999999,478.87,0.5105353484399767,4.0
7906,0.1971399999999999,491.0,0.7729915537260243,4.0
7907,0.1705,491.0,0.3765891616765824,4.0
7908,0.16468,491.0,0.6412455786174001,4.0
7909,0.16824,474.0,0.4444789550918713,4.0
7910,0.18449,474.0,0.32521430386028216,4.0
7911,0.22372,474.0,0.03348346691116692,3.985750000000003
7912,0.29438,387.45,0.0,3.863929931640628
7913,0.29461,387.45,0.0,3.7819609375000023
7914,0.22893,387.45,0.0,3.701976806640628
7915,0.18367,365.26,0.0,3.6630339355468777
7916,0.14126,365.26,0.0,3.640746337890628
7917,0.11495,365.26,0.0,3.621161376953128
7918,0.10199,407.26,0.0,3.598339111328128
7919,0.0901899999999999,407.26,0.0,3.539419433593753
7920,0.08995,407.26,0.0,3.4846708984375026
7921,0.08427,424.29,0.0,3.438890869140628
7922,0.07995,424.29,0.0,3.380520507812503
7923,0.07734,424.29,0.0,3.356782714843753
7924,0.07995,437.9,0.0,3.331074707031246
7925,0.08208,437.9,0.0,3.332748291015628
7926,0.11222,437.9,0.0,3.4274174804687525
7927,0.122,519.0,0.0,3.416211425781246
7928,0.1231,519.0,0.08003138998372544,3.5052482910156275
7929,0.10695,519.0,0.8866592523343576,3.6099003906250022
7930,0.09095,455.0,2.056155797107591,3.6849040527343777
7931,0.08866,455.0,2.24393518378259,3.7396196289062527
7932,0.08706,455.0,2.1497400554476096,3.7377995605468777
7933,0.08576,433.0,1.8576926937159302,3.687152587890628
7934,0.08925,433.0,1.6826941353439784,3.628430664062503
7935,0.0906,433.0,1.5660656143309353,3.5264628906250026
7936,0.09043,309.75,0.0,3.460870849609378
7937,0.09751,309.75,0.0,3.428373291015628
7938,0.10139,309.75,0.0,3.456545898437503
7939,0.08827,252.28,0.0,3.4506132812500026
7940,0.0854,252.28,0.0,3.421730224609377
7941,0.08063,252.28,0.0,3.4092607421875027
7942,0.0851,255.27,0.0,3.3917302246093777
7943,0.06946,255.27,0.0,3.3469609375000027
7944,0.06084,255.27,0.0,3.332374755859377
7945,0.055,240.27,0.0,3.344485351562503
7946,0.05293,240.27,0.0,3.3624260253906275
7947,0.04788,240.27,0.0,3.3593425292968777
7948,0.05838,263.27,0.0,3.329547607421877
7949,0.06104,263.27,0.0,3.3772978515625027
7950,0.08286,263.27,0.0,3.4359428710937525
7951,0.08782,358.0,0.0,3.5180839843750027
7952,0.10048,358.0,0.0,3.5859392089843776
7953,0.1034,358.0,0.13937929536048427,3.690082275390628
7954,0.0978499999999999,327.7,0.6969654650693371,3.782495605468753
7955,0.10282,327.7,1.0188436113278083,3.843041259765628
7956,0.0987099999999999,327.7,1.0264878271517084,3.864043457031246
7957,0.09945,255.4,0.7934095036590059,3.871012451171878
7958,0.09879,255.4,0.2647297154751586,3.8814897460937527
7959,0.10467,255.4,0.07542413532294248,3.8904985351562527
7960,0.1034,192.77,0.0,3.899456054687503
7961,0.09616,192.77,0.0,3.8879570312500022
7962,0.09813,192.77,0.0,3.619788085937503
7963,0.0933199999999999,196.23,0.0,3.406924316406253
7964,0.08846,196.23,0.0,3.343101074218753
7965,0.08541,196.23,0.0,3.333275634765628
7966,0.08554,212.29,0.0,3.3146757812500027
7967,0.07783,212.29,0.0,3.2758867187500025
7968,0.08173,212.29,0.0,3.260472900390628
7969,0.0809,249.28,0.0,3.253917724609378
7970,0.08134,249.28,0.0,3.2423747558593776
7971,0.08256,249.28,0.0,3.230077392578128
7972,0.0857,244.26,0.0,3.2223796386718777
7973,0.09,244.26,0.0,3.1812138671875028
7974,0.09089,244.26,0.0,3.1723149414062526
7975,0.09618,271.22,0.0,3.1690629882812456
7976,0.08915,271.22,0.0668420933286151,3.239196044921877
7977,0.10158,271.22,0.6473276400720666,3.3286320800781275
7978,0.10144,229.43,1.6767972693809614,3.3981791992187524
7979,0.09526,229.43,2.017790581470555,3.456025878906253
7980,0.0861,229.43,2.288245489727124,3.483107177734378
7981,0.08796,165.78,1.8967512145899708,3.4786943359375027
7982,0.09173,165.78,2.5633502413670115,3.4115458984375024
7983,0.10272,165.78,3.2597122482559704,3.2840678710937525
7984,0.10265,173.81,0.0,3.2085698242187526
7985,0.10709,173.81,0.0,3.1296770019531275
7986,0.09813,173.81,0.0,3.1348552246093777
7987,0.08843,168.92,0.0,3.0974064941406274
7988,0.08111,168.92,0.0,3.052128173828128
7989,0.0808,168.92,0.0,3.009318115234377
7990,0.08349,156.03,0.0,2.948893310546877
7991,0.07773,156.03,0.0,2.859904052734377
7992,0.07597,156.03,0.0,2.844047119140628
7993,0.06978,230.28,0.0,2.8120952148437524
7994,0.06744,230.28,0.0,2.776747233072914
7995,0.06536,230.28,0.0,2.7962337239583346
7996,0.067,234.24,0.0,2.7826615397135432
7997,0.07429,234.24,0.0,2.79997517903646
7998,0.07558,234.24,0.0,2.7058020019531264
7999,0.07598,236.27,0.0,2.733859863281251
8000,0.07984,236.27,0.02090993216139622,2.79945027669271
8001,0.08065,236.27,0.42391859388095593,2.925946533203128
8002,0.08442,256.28,0.7205366276007176,3.023138916015628
8003,0.08154,256.28,1.0602661625056613,3.1068510742187527
8004,0.0807,256.28,1.8114838189858287,3.1449516601562526
8005,0.08252,241.23,1.4720295166777269,3.1533452148437524
8006,0.08755,241.23,1.8859997689787857,3.1053642578125027
8007,0.09358,241.23,3.0574562672868817,3.0131120605468777
8008,0.09281,284.3,0.0,2.9578178710937526
8009,0.10405,284.3,0.0,2.9213103027343776
8010,0.10621,284.3,0.0,2.8794450683593777
8011,0.10413,292.27,0.0,2.8451787109375024
8012,0.09752,292.27,0.0,2.8154313964843776
8013,0.09293,292.27,0.0,2.795676269531252
8014,0.0925999999999999,291.26,0.0,2.7850724283854182
8015,0.08713,291.26,0.0,2.7758459472656263
8016,0.088,291.26,0.0,2.766086425781251
8017,0.08602,323.25,0.0,2.7557348632812517
8018,0.08134,323.25,0.0,2.7378759765625014
8019,0.08514,323.25,0.0,2.710857747395835
8020,0.08026,377.51,0.0,2.68787801106771
8021,0.08875,377.51,0.0,2.674611002604168
8022,0.08863,377.51,0.0,2.680930175781252
8023,0.12786,502.0,0.0,2.704158121744793
8024,0.13933,502.0,0.08963916454701336,2.8288310546875026
8025,0.1051,502.0,1.0509814404111637,3.121539794921877
8026,0.09373,427.0,2.573323834283578,3.337377197265628
8027,0.08596,427.0,3.7937251852430545,3.4610979003906275
8028,0.08502,427.0,4.370879014119293,3.521398193359378
8029,0.09007,378.0,4.391931535149839,3.487988769531246
8030,0.10722,378.0,3.948919428201076,3.3491142578125026
8031,0.12032,378.0,4.199552209689026,3.1279228515625026
8032,0.11297,304.62,0.0,2.9838737792968777
8033,0.09441,304.62,0.0,2.8779619140625026
8034,0.08899,304.62,0.0,2.8406303710937526
8035,0.08677,282.28,0.0,2.7838293457031265
8036,0.0823,282.28,0.0,2.752345377604168
8037,0.07595,282.28,0.0,2.721960042317709
8038,0.07643,307.27,0.0,2.700074869791668
8039,0.0718,307.27,0.0,2.676033121744793
8040,0.06578,307.27,0.0,2.655085856119793
8041,0.05882,325.28,0.0,2.638075358072914
8042,0.05493,325.28,0.0,2.626437988281252
8043,0.05373,325.28,0.0,2.619899088541668
8044,0.05047,367.45,0.0,2.624842936197918
8045,0.06459,367.45,0.0,2.637676595052085
8046,0.07851,367.45,0.0,2.673471679687501
8047,0.08779,473.0,0.0,2.716928710937501
8048,0.08765,473.0,0.07238964474247267,2.871835205078128
8049,0.08828,473.0,0.9694499986431891,3.154601318359377
8050,0.08583,399.02,2.396218066185211,3.3971904296875026
8051,0.08672,399.02,3.6174738857308983,3.562454101562502
8052,0.08745,399.02,4.153383474775386,3.650249511718753
8053,0.09704,314.25,4.2036724811413615,3.636223632812503
8054,0.10501,314.25,3.9008005076134475,3.5345341796875025
8055,0.14037,314.25,3.288532003397629,3.481429931640628
8056,0.13634,254.99,0.0,3.5004399414062526
8057,0.15164,254.99,0.0,3.5064384765625025
8058,0.1621399999999999,254.99,0.0,3.3768693847656275
8059,0.1631999999999999,249.27,0.0,3.428380615234377
8060,0.15489,249.27,0.0,3.469213134765628
8061,0.12935,249.27,0.0,3.4899150390625024
8062,0.1192199999999999,248.28,0.0,3.524532958984377
8063,0.09914,248.28,0.0,3.545055419921878
8064,0.09084,248.28,0.0,3.5636296386718778
8065,0.08907,256.27,0.0,3.5931718750000026
8066,0.09026,256.27,0.0,3.628994628906253
8067,0.08988,256.27,0.0,3.6673076171875034
8068,0.09002,274.51,0.0,3.705726806640628
8069,0.09898,274.51,0.0,3.727886230468753
8070,0.15095,274.51,0.0,3.569847900390628
8071,0.2,371.0,0.0,3.605666992187503
8072,0.25,371.0,0.0013790029585386376,3.670424072265628
8073,0.2198899999999999,371.0,0.15977027733478827,3.721682617187503
8074,0.18718,359.0,0.2759187537965076,3.812704345703128
8075,0.17337,359.0,0.9300275517208924,3.827737304687503
8076,0.16773,359.0,0.6458677553626985,3.8494938964843777
8077,0.18141,323.48,0.9734279681572975,3.7909587402343776
8078,0.19994,323.48,1.1499991804493224,3.726102783203128
8079,0.24256,323.48,0.3284437986049898,3.605088378906253
8080,0.30835,249.15,0.0,3.522013427734377
8081,0.2596,249.15,0.0,3.469883300781246
8082,0.20412,249.15,0.0,3.4920134277343777
8083,0.17263,239.3,0.0,3.424590332031246
8084,0.14624,239.3,0.0,3.409945556640628
8085,0.1248199999999999,239.3,0.0,3.3790739746093776
8086,0.11341,257.27,0.0,3.348147460937503
8087,0.10414,257.27,0.0,3.333019287109378
8088,0.09738,257.27,0.0,3.3389482421875027
8089,0.0938799999999999,258.25,0.0,3.3187077636718776
8090,0.09083,258.25,0.0,3.2851665039062525
8091,0.09036,258.25,0.0,3.2681523437500024
8092,0.09233,301.59,0.0,3.2938676757812457
8093,0.09676,301.59,0.0,3.3073405761718777
8094,0.12487,301.59,0.0,3.288422119140628
8095,0.12841,413.65,0.0,3.247794677734378
8096,0.1447,413.65,0.0,3.2454619140625027
8097,0.16398,413.65,0.29254870020611357,3.270543701171878
8098,0.13841,414.0,1.1346559732954977,3.3012321777343776
8099,0.14809,414.0,2.3614859609686047,3.330166503906253
8100,0.14196,414.0,2.780801753030683,3.315258056640628
8101,0.14518,380.0,2.6101522663380994,3.2735026855468776
8102,0.1520699999999999,380.0,1.8643590506486838,3.185736572265628
8103,0.15099,380.0,0.3961995713309983,3.087017089843753
8104,0.1452,326.33,0.0,2.995365478515628
8105,0.1447,326.33,0.0,2.9271696777343776
8106,0.14233,326.33,0.0,2.870216552734377
8107,0.13499,300.29,0.0,2.8320537109375024
8108,0.1186,300.29,0.0,2.790864664713543
8109,0.10335,300.29,0.0,2.775831705729168
8110,0.10904,310.27,0.0,2.79298055013021
8111,0.09826,310.27,0.0,2.8061003417968777
8112,0.0957399999999999,310.27,0.0,2.800731689453128
8113,0.09386,303.22,0.0,2.7882014973958347
8114,0.09092,303.22,0.0,2.7671504720052096
8115,0.09057,303.22,0.0,2.7624263509114595
8116,0.09403,327.65,0.0,2.781062418619793
8117,0.10087,327.65,0.0,2.7838985188802097
8118,0.1239899999999999,327.65,0.0,2.7571386718750013
8119,0.1624199999999999,427.0,0.0,2.7700781250000013
8120,0.18443,427.0,0.013150314171860864,2.844647705078128
8121,0.18414,427.0,0.501269360580271,2.9690385742187524
8122,0.17135,393.0,1.1484405727250162,3.081798583984378
8123,0.16752,393.0,1.8169330658843932,3.1297905273437525
8124,0.16156,393.0,1.6863373891187803,3.142589599609378
8125,0.1574499999999999,317.91,1.4953630542813492,3.138964111328128
8126,0.16118,317.91,0.8471308432274922,3.0735185546875026
8127,0.16235,317.91,0.22555493582445868,3.0359086914062527
8128,0.1695,301.97,0.0,3.017865478515628
8129,0.15831,301.97,0.0,3.0056889648437526
8130,0.14725,301.97,0.0,3.018264648437502
8131,0.13154,302.28,0.0,2.9936186523437525
8132,0.11515,302.28,0.0,3.0019353027343776
8133,0.09755,302.28,0.0,2.9776665039062524
8134,0.09308,292.28,0.0,2.9475310058593776
8135,0.08412,292.28,0.0,2.9462639160156274
8136,0.08208,292.28,0.0,2.933585693359378
8137,0.07697,275.27,0.0,2.958488037109378
8138,0.07363,275.27,0.0,2.9948674316406274
8139,0.07001,275.27,0.0,3.007706787109377
8140,0.06743,287.25,0.0,3.0211210937500024
8141,0.06497,287.25,0.0,2.9696318359375025
8142,0.06459,287.25,0.0,2.988041259765628
8143,0.06787,262.2,0.0,3.0000017089843776
8144,0.07861,262.2,0.0,3.0446647949218777
8145,0.08094,262.2,0.3306236364678596,3.0858452148437525
8146,0.0823,212.35,0.5605860224650223,3.1047709960937526
8147,0.08061,212.35,0.4960581025350845,3.096633789062502
8148,0.08062,212.35,0.3667475194494472,3.122916748046878
8149,0.08133,166.43,0.24240006442936612,3.163346435546877
8150,0.08617,166.43,0.05542271077691784,3.214308349609378
8151,0.0910199999999999,166.43,0.04244117520330525,3.2584916992187525
8152,0.09559,178.44,0.0,3.3072307128906275
8153,0.09512,178.44,0.0,3.362642089843753
8154,0.08918,178.44,0.0,3.3280241699218776
8155,0.0896599999999999,175.67,0.0,3.389514648437503
8156,0.08339,175.67,0.0,3.470168945312502
8157,0.08061,175.67,0.0,3.563256103515628
8158,0.0765,187.31,0.0,3.6307304687500026
8159,0.07157,187.31,0.0,3.642284423828128
8160,0.0673199999999999,187.31,0.0,3.690199462890628
8161,0.061,180.11,0.0,3.5865361328125025
8162,0.05942,180.11,0.0,3.406144287109377
8163,0.05856,180.11,0.0,3.320326416015628
8164,0.0620799999999999,177.95,0.0,3.310980712890628
8165,0.062,177.95,0.0,3.3178142089843776
8166,0.06372,177.95,0.0,3.3688603515625024
8167,0.07184,175.84,0.0,3.3702702636718778
8168,0.078,175.84,0.0,3.3776494140625024
8169,0.08556,175.84,0.2991893994848857,3.4089970703125028
8170,0.09053,151.29,0.6243624254362046,3.4532060546875027
8171,0.09192,151.29,0.9231190268556804,3.471176025390628
8172,0.09744,151.29,0.8169542725099941,3.4670781250000027
8173,0.0995699999999999,134.58,0.41510473927356084,3.4755156250000026
8174,0.10415,134.58,0.33397883829362135,3.4533452148437527
8175,0.10574,134.58,0.14591499206878844,3.4289738769531275
8176,0.10961,154.7,0.0,3.3972636718750024
8177,0.1118199999999999,154.7,0.0,3.3324150390625027
8178,0.09688,154.7,0.0,3.282877685546877
8179,0.08746,118.98,0.0,3.210210449218753
8180,0.08376,118.98,0.0,3.145863525390628
8181,0.07372,118.98,0.0,3.0792094726562524
8182,0.0655999999999999,91.55,0.0,3.0677836914062526
8183,0.04174,91.55,0.0,3.0939421386718777
8184,0.01927,91.55,0.0,3.1617937011718777
8185,0.01109,104.39,0.0,3.2683610839843777
8186,0.01166,104.39,0.0,3.3194951171875027
8187,0.0055899999999999,104.39,0.0,3.357676269531246
8188,0.01289,145.65,0.0,3.4123881835937526
8189,0.02866,145.65,0.0,3.439985839843753
8190,0.0643199999999999,145.65,0.0,3.444105712890628
8191,0.08284,194.63,0.0,3.505189697265628
8192,0.1,194.63,0.0,3.5624797363281275
8193,0.09834,194.63,0.027400235318023818,3.6248161621093775
8194,0.08604,127.16,0.336295915136825,3.677708007812503
8195,0.0799899999999999,127.16,0.8188141540653722,3.703514892578128
8196,0.0793499999999999,127.16,1.4708454841707725,3.666219970703128
8197,0.08685,105.78,1.8634865136154128,3.6009978027343776
8198,0.09408,105.78,1.5053640321895285,3.5051787109375026
8199,0.10015,105.78,0.4094308511948885,3.4129631347656275
8200,0.10107,83.57,0.0,3.363817626953128
8201,0.1098499999999999,83.57,0.0,3.3397612304687527
8202,0.10026,83.57,0.0,3.337461425781246
8203,0.09664,87.07,0.0,3.3129765625000025
8204,0.08935,87.07,0.0,3.2797099609375024
8205,0.08352,87.07,0.0,3.260117675781246
8206,0.0802099999999999,104.46,0.0,3.2282536621093776
8207,0.07325,104.46,0.0,3.196107666015628
8208,0.0737,104.46,0.0,3.188461181640628
8209,0.07279,90.87,0.0,3.1925224609375027
8210,0.07371,90.87,0.0,3.201066162109377
8211,0.07485,90.87,0.0,3.2120158691406275
8212,0.07372,139.52,0.0,3.215842773437503
8213,0.0802099999999999,139.52,0.0,3.204061767578128
8214,0.09885,139.52,0.0,3.2412431640625026
8215,0.10579,195.89,0.0,3.242748291015628
8216,0.12975,195.89,0.0,3.2493767089843777
8217,0.11134,195.89,0.15664314215444403,3.2824858398437526
8218,0.10306,159.09,0.4771765076812406,3.3094462890625027
8219,0.10334,159.09,0.8509269854292858,3.358280517578128
8220,0.09783,159.09,1.4848545636966608,3.368929931640628
8221,0.1011,109.68,1.2048166298076508,3.3646489257812457
8222,0.10022,109.68,0.960735869062429,3.328884765625003
8223,0.1108799999999999,109.68,0.2481584218635959,3.3009355468750026
8224,0.1083,97.24,0.0,3.290234863281246
8225,0.10457,97.24,0.0,3.2093901367187527
8226,0.09691,97.24,0.0,3.0804436035156275
8227,0.0851,121.94,0.0,3.003246337890628
8228,0.08367,121.94,0.0,2.9710527343750024
8229,0.0793499999999999,121.94,0.0,3.0128483886718778
8230,0.0733299999999999,95.1,0.0,3.064000732421877
8231,0.05542,95.1,0.0,3.0966557617187527
8232,0.0439,95.1,0.0,3.0918620605468776
8233,0.03648,98.74,0.0,3.051252929687503
8234,0.031,98.74,0.0,3.0115446777343777
8235,0.03511,98.74,0.0,2.9834013671875024
8236,0.04809,126.7,0.0,2.9812663574218776
8237,0.06965,126.7,0.0,3.0053374023437525
8238,0.07912,126.7,0.0,3.013412353515628
8239,0.08751,162.35,0.0,3.031118652343753
8240,0.09433,162.35,0.0,3.0438444824218776
8241,0.09423,162.35,0.03200747202918792,3.049114257812503
8242,0.08773,155.57,0.15913014447291893,3.0391716308593777
8243,0.081,155.57,0.24563203838287884,3.0372893066406275
8244,0.0795,155.57,0.25361992798705546,3.0605473632812457
8245,0.08144,139.27,0.37103885275318504,3.0779020996093776
8246,0.09022,139.27,0.5055026645570152,3.049593994140628
8247,0.10067,139.27,0.28416244989920764,3.004088623046877
8248,0.104,112.23,0.0,2.954071533203128
8249,0.10567,112.23,0.0,2.9599711914062525
8250,0.1047,112.23,0.0,2.9843828125000025
8251,0.09677,125.91,0.0,2.9880009765625024
8252,0.08775,125.91,0.0,2.997852050781246
8253,0.08631,125.91,0.0,3.0079484863281274
8254,0.08249,155.19,0.0,3.0153789062500027
8255,0.07643,155.19,0.0,3.0260795898437527
8256,0.07398,155.19,0.0,3.0269804687500024
8257,0.07342,188.05,0.0,3.0160490722656275
8258,0.07252,188.05,0.0,3.0186821289062524
8259,0.07521,188.05,0.0,3.014877197265628
8260,0.0769099999999999,228.47,0.0,3.009929687500003
8261,0.08059,228.47,0.0,3.001371337890628
8262,0.09009,228.47,0.0,3.0319353027343774
8263,0.09811,344.0,0.0,3.0310637207031275
8264,0.11036,344.0,0.0,3.0375053710937525
8265,0.10617,344.0,0.08649383488185781,3.0443754882812457
8266,0.09318,259.91,0.20689183719684195,3.046459228515628
8267,0.09192,259.91,0.244977333006818,3.0500993652343777
8268,0.0894,259.91,0.29390078019763083,3.0668937988281275
8269,0.09022,204.03,0.3701840025656088,3.0686223144531275
8270,0.09779,204.03,0.31316653153581386,3.0411967773437527
8271,0.11127,204.03,0.04787376237627903,3.0223698730468778
8272,0.1147,202.8,0.0,2.9974492187500026
8273,0.11541,202.8,0.0,2.9830791015625024
8274,0.1125699999999999,202.8,0.0,2.9963688964843778
8275,0.10779,256.41,0.0,2.9859172363281274
8276,0.10364,256.41,0.0,2.9430705566406274
8277,0.09439,256.41,0.0,2.9252104492187527
8278,0.09359,282.29,0.0,2.8921635742187526
8279,0.0937399999999999,282.29,0.0,2.8760576171875027
8280,0.08378,282.29,0.0,2.8547587890625024
8281,0.08622,286.27,0.0,2.8319365234375025
8282,0.0879,286.27,0.0,2.8140690917968776
8283,0.09018,286.27,0.0,2.7833858235677096
8284,0.09071,277.19,0.0,2.761942138671876
8285,0.09221,277.19,0.0,2.734171142578126
8286,0.10123,277.19,0.0,2.729770507812501
8287,0.12132,363.0,0.0,2.7199621582031264
8288,0.13085,363.0,0.0,2.7515559895833346
8289,0.1269,363.0,0.476235924036537,2.8356755371093776
8290,0.12196,304.39,1.0043815846158843,2.9133562011718777
8291,0.1183,304.39,2.0110701474476733,2.948842041015628
8292,0.1130699999999999,304.39,1.4555452875503705,2.9642082519531274
8293,0.11826,226.13,1.3504278450557048,2.9444072265625025
8294,0.12682,226.13,0.7638186533104656,2.919222900390628
8295,0.1319499999999999,226.13,0.29507985421258864,2.8752519531250025
8296,0.14549,194.76,0.0,2.8308232421875026
8297,0.14683,194.76,0.0,2.8063493652343774
8298,0.1331,194.76,0.0,2.7785396321614595
8299,0.12806,216.92,0.0,2.76162068684896
8300,0.117,216.92,0.0,2.736988932291668
8301,0.11493,216.92,0.0,2.7055131022135432
8302,0.10382,278.24,0.0,2.686531168619793
8303,0.09175,278.24,0.0,2.7009985351562475
8304,0.09228,278.24,0.0,2.693855387369793
8305,0.0905,295.26,0.0,2.673787027994793
8306,0.08739,295.26,0.0,2.670297851562501
8307,0.08704,295.26,0.0,2.6749141438802098
8308,0.085,287.26,0.0,2.6672969563802096
8309,0.08467,287.26,0.0,2.656105143229168
8310,0.07914,287.26,0.0,2.6992590332031265
8311,0.08114,258.09,0.0,2.704776611328126
8312,0.09595,258.09,0.0,2.730641276041668
8313,0.1067699999999999,258.09,0.25180933393217647,2.759073486328126
8314,0.10259,233.6,0.630523242869326,2.794831949869793
8315,0.09809,233.6,1.109644051242192,2.8545134277343776
8316,0.09376,233.6,1.3771023452505147,2.8934123535156275
8317,0.09294,212.24,1.6069917256928659,2.898480712890628
8318,0.09576,212.24,1.5691331838290379,2.8530449218750027
8319,0.11466,212.24,0.2896977435409748,2.8073857421875026
8320,0.11971,218.59,0.0,2.781501871744793
8321,0.11845,218.59,0.0,2.753454182942709
8322,0.11226,218.59,0.0,2.6949845377604182
8323,0.10363,256.26,0.0,2.687654215494793
8324,0.09171,256.26,0.0,2.6532690429687515
8325,0.09056,256.26,0.0,2.6459590657552097
8326,0.09369,280.28,0.0,2.6435888671875016
8327,0.08439,280.28,0.0,2.616316324869793
8328,0.0912,280.28,0.0,2.600947672526043
8329,0.0905199999999999,327.27,0.0,2.594752604166668
8330,0.0819,327.27,0.0,2.5868607584635432
8331,0.07995,327.27,0.0,2.58326375325521
8332,0.07731,298.25,0.0,2.572617187500001
8333,0.07876,298.25,0.0,2.5767696126302098
8334,0.07718,298.25,0.0,2.608623860677085
8335,0.07747,273.2,0.0,2.6203527832031264
8336,0.08176,273.2,0.0,2.6783199055989595
8337,0.0823499999999999,273.2,0.416418681081155,2.7492041015625013
8338,0.08001,255.67,1.1215342713824825,2.820580322265628
8339,0.08408,255.67,2.3534590755249383,2.9061235351562527
8340,0.08727,255.67,3.0653434462719633,2.9559392089843777
8341,0.08696,223.31,3.4192531328635187,2.964076416015628
8342,0.08865,223.31,2.5336607560901037,2.9023222656250027
8343,0.0920999999999999,223.31,0.4759239577725951,2.755618896484376
8344,0.09928,235.27,0.0,2.67554890950521
8345,0.10279,235.27,0.0,2.617189127604168
8346,0.10329,235.27,0.0,2.6012976074218765
8347,0.0929899999999999,296.97,0.0,2.57011678059896
8348,0.0904,296.97,0.0,2.5576086425781264
8349,0.0844,296.97,0.0,2.575058593750001
8350,0.08265,318.29,0.0,2.603718668619793
8351,0.07575,318.29,0.0,2.6417415364583348
8352,0.0725,318.29,0.0,2.684138590494793
8353,0.07188,330.24,0.0,2.725626220703126
8354,0.07104,330.24,0.0,2.7361812337239595
8355,0.07067,330.24,0.0,2.734927978515626
8356,0.07528,358.67,0.0,2.7259130859375014
8357,0.0768,358.67,0.0,2.692758789062501
8358,0.08653,358.67,0.0,2.674582519531252
8359,0.09879,472.64,0.0,2.66555135091146
8360,0.10113,472.64,0.0,2.6968074544270846
8361,0.09665,472.64,0.22650281827797633,2.7415686035156264
8362,0.08962,396.0,0.5312579127864232,2.788600260416668
8363,0.07972,396.0,0.7608299384143234,2.8577397460937526
8364,0.07977,396.0,0.8131007431888514,2.8772148437500027
8365,0.08826,358.94,0.3965359654074755,2.917758056640628
8366,0.09544,358.94,0.33721370430972386,2.9357060546875027
8367,0.1072999999999999,358.94,0.05036679278301735,2.941737548828128
8368,0.1086599999999999,260.16,0.0,2.9600554199218774
8369,0.10421,260.16,0.0,2.9753081054687525
8370,0.09816,260.16,0.0,2.933402587890628
8371,0.09042,235.26,0.0,2.978417236328128
8372,0.08425,235.26,0.0,3.0172172851562524
8373,0.08517,235.26,0.0,3.033275634765628
8374,0.08498,224.69,0.0,3.0107500000000025
8375,0.0804599999999999,224.69,0.0,2.9740446777343776
8376,0.08067,224.69,0.0,2.884601318359377
8377,0.07905,207.95,0.0,2.829867431640628
8378,0.0770999999999999,207.95,0.0,2.807755615234377
8379,0.07905,207.95,0.0,2.8473356933593776
8380,0.08039,250.82,0.0,2.9121843261718774
8381,0.08231,250.82,0.0,2.9596013183593777
8382,0.0884,250.82,0.0,3.005626708984378
8383,0.09139,351.0,0.0,3.0322209472656274
8384,0.10047,351.0,0.0,3.0681132812500027
8385,0.10127,351.0,0.17387151403452367,3.1651079101562525
8386,0.09234,305.34,0.6363049391706025,3.2244853515625027
8387,0.09061,305.34,0.5110777470255041,3.2862138671875027
8388,0.09151,305.34,0.5501813999935283,3.345411865234378
8389,0.09988,277.97,0.4570695098562859,3.3859733886718777
8390,0.1244,277.97,0.3032909641232028,3.403057128906253
8391,0.13938,277.97,0.03800611602984212,3.4221733398437526
8392,0.15531,222.82,0.0,3.451195556640628
8393,0.1621999999999999,222.82,0.0,3.483861572265628
8394,0.14225,222.82,0.0,3.476995117187503
8395,0.1371,239.28,0.0,3.5079619140625025
8396,0.12885,239.28,0.0,3.543942138671877
8397,0.11894,239.28,0.0,3.5817424316406274
8398,0.11558,244.27,0.0,3.614056884765628
8399,0.10342,244.27,0.0,3.640618164062503
8400,0.089,244.27,0.0,3.651333496093753
8401,0.08979,270.24,0.0,3.663129150390628
8402,0.08649,270.24,0.0,3.6686442871093776
8403,0.08503,270.24,0.0,3.6697429199218776
8404,0.0880799999999999,308.85,0.0,3.667142822265628
8405,0.0905,308.85,0.0,3.661298095703128
8406,0.0954899999999999,308.85,0.0,3.6429216308593775
8407,0.10882,355.0,0.0,3.649366943359378
8408,0.13346,355.0,0.0,3.658979980468753
8409,0.1263,355.0,0.04620557293482397,3.6769206542968775
8410,0.12454,270.12,0.2234191535210268,3.691916992187503
8411,0.11815,270.12,0.29697411759052733,3.7030937500000025
8412,0.1119,270.12,0.3444783397729497,3.699094726562503
8413,0.1226599999999999,230.0,0.27138602886643903,3.7138237304687527
8414,0.12997,230.0,0.3143778248961035,3.6950993652343778
8415,0.1275,230.0,0.05352500930522252,3.675507080078128
8416,0.1265,192.94,0.0,3.658500244140628
8417,0.12282,192.94,0.0,3.646733886718753
8418,0.1114,192.94,0.0,3.565182373046878
8419,0.09751,173.17,0.0,3.5548369140625025
8420,0.0947099999999999,173.17,0.0,3.5477507324218776
8421,0.0947,173.17,0.0,3.5422319335937527
8422,0.09322,169.83,0.0,3.5317399902343776
8423,0.085,169.83,0.0,3.526254150390628
8424,0.07776,169.83,0.0,3.522745849609377
8425,0.0690699999999999,189.27,0.0,3.509390136718753
8426,0.06013,189.27,0.0,3.5052226562500026
8427,0.04889,189.27,0.0,3.505819580078128
8428,0.04482,208.92,0.0,3.495646240234377
8429,0.05083,208.92,0.0,3.472384521484378
8430,0.06324,208.92,0.0,3.401152832031246
8431,0.08153,294.21,0.0,3.4045805664062527
8432,0.09074,294.21,0.0,3.458937255859378
8433,0.08856,294.21,0.20740751154679976,3.5216582031250026
8434,0.07828,225.06,0.5126948670368363,3.5586784667968776
8435,0.07829,225.06,0.46312122409593426,3.585928222656253
8436,0.07742,225.06,0.49178584271745307,3.617133056640628
8437,0.07948,181.59,0.640534759066509,3.6238896484375034
8438,0.10376,181.59,0.5684151558205345,3.5715837402343777
8439,0.11449,181.59,0.24674866596267142,3.497744628906253
8440,0.1108799999999999,158.05,0.0,3.4818620605468777
8441,0.10342,158.05,0.0,3.4711906738281275
8442,0.08826,158.05,0.0,3.3645830078125027
8443,0.08014,154.8,0.0,3.3445732421875025
8444,0.06768,154.8,0.0,3.3194841308593777
8445,0.05325,154.8,0.0,3.323065673828128
8446,0.0518,128.8,0.0,3.315375244140628
8447,0.01865,128.8,0.0,3.3371208496093776
8448,0.00984,128.8,0.0,3.3341325683593777
8449,0.00586,96.25,0.0,3.3623198242187526
8450,0.00433,96.25,0.0,3.4415495605468776
8451,0.0035099999999999,96.25,0.0,3.454092285156253
8452,0.00412,130.95,0.0,3.4420146484375027
8453,0.01078,130.95,0.0,3.464474365234377
8454,0.04028,130.95,0.0,3.591593505859377
8455,0.07671,166.59,0.0,3.646389648437503
8456,0.08954,166.59,0.0,3.743636962890628
8457,0.08938,166.59,0.2957111667359951,3.828257324218753
8458,0.08923,191.0,0.34104950990401944,3.868489257812503
8459,0.08749,191.0,0.4584138371509028,3.903905517578128
8460,0.0845699999999999,191.0,1.4339678279523893,3.923461181640628
8461,0.08763,199.75,1.9241058984832757,3.909135009765628
8462,0.0933499999999999,199.75,0.9617541296605262,3.9084978027343777
8463,0.0974,199.75,0.22913665960171803,3.9223845214843776
8464,0.10033,173.49,0.0,3.9326677246093777
8465,0.1069,173.49,0.0,3.936304199218753
8466,0.10748,173.49,0.0,3.885052978515628
8467,0.10512,198.0,0.0,3.898752929687503
8468,0.10291,198.0,0.0,3.900587646484378
8469,0.0984599999999999,198.0,0.0,3.938545410156253
8470,0.09628,242.24,0.0,3.9910966796875034
8471,0.09018,242.24,0.0,4.0
8472,0.08481,242.24,0.0,4.0
8473,0.0834,291.29,0.0,4.0
8474,0.085,291.29,0.0,4.0
8475,0.08749,291.29,0.0,4.0
8476,0.08846,310.26,0.0,3.9778618164062527
8477,0.08992,310.26,0.0,3.9257500000000025
8478,0.09598,310.26,0.0,3.9814140625000025
8479,0.104,352.2,0.0,3.936428710937503
8480,0.1132099999999999,352.2,0.0,3.929261962890628
8481,0.1148,352.2,0.20235101110962955,3.866427490234378
8482,0.11267,303.18,0.34655492033215995,3.606531250000003
8483,0.1109899999999999,303.18,0.30180456893809443,3.3816960449218776
8484,0.1102699999999999,303.18,0.12544374920123155,3.2961381835937527
8485,0.11498,250.38,0.10275005799898247,3.2196623535156275
8486,0.11948,250.38,0.15822794560694645,3.1533159179687527
8487,0.12064,250.38,0.019499150666688145,3.1057304687500027
8488,0.1202,229.07,0.0,3.058547851562502
8489,0.12239,229.07,0.0,3.0229228515625026
8490,0.11827,229.07,0.0,3.0307231445312457
8491,0.10411,218.23,0.0,2.999675781250003
8492,0.09638,218.23,0.0,2.993457519531246
8493,0.09301,218.23,0.0,2.973868896484378
8494,0.0922399999999999,217.73,0.0,2.9608024902343777
8495,0.09067,217.73,0.0,2.9868364257812456
8496,0.0957,217.73,0.0,3.003890869140628
8497,0.0900499999999999,209.32,0.0,3.0049125976562525
8498,0.08649,209.32,0.0,2.983646728515628
8499,0.0854,209.32,0.0,2.970078613281246
8500,0.08563,197.87,0.0,2.943564941406253
8501,0.08683,197.87,0.0,2.900066406250003
8502,0.08814,197.87,0.0,2.8724833984375024
8503,0.0928499999999999,208.14,0.0,2.865294677734377
8504,0.10215,208.14,0.0,2.9113017578125024
8505,0.10701,208.14,0.3529237649610887,2.9805192871093777
8506,0.10258,173.3,1.0609522244780119,3.051036865234378
8507,0.1013,173.3,1.762178583300358,3.098629638671877
8508,0.09848,173.3,1.6231572353247883,3.1016325683593777
8509,0.09487,154.72,1.9495917483154086,3.0855595703125025
8510,0.09889,154.72,0.9561708948309138,3.0287822265625026
8511,0.10087,154.72,0.2184036010535932,3.0102482910156274
8512,0.09752,193.7,0.0,2.9920329589843777
8513,0.0970699999999999,193.7,0.0,2.9618974609375024
8514,0.0907999999999999,193.7,0.0,3.0183562011718776
8515,0.08614,238.31,0.0,3.0656486816406274
8516,0.08166,238.31,0.0,3.126879150390628
8517,0.07886,238.31,0.0,3.150572998046877
8518,0.0775,218.84,0.0,3.161947509765628
8519,0.07091,218.84,0.0,3.167513916015628
8520,0.07023,218.84,0.0,3.1883696289062526
8521,0.06883,241.26,0.0,3.1815068359375025
8522,0.06779,241.26,0.0,3.178529541015628
8523,0.06631,241.26,0.0,3.1741240234375026
8524,0.07152,290.23,0.0,3.1830815429687527
8525,0.07411,290.23,0.0,3.188885986328128
8526,0.07819,290.23,0.0,3.226957275390628
8527,0.09045,343.23,0.0,3.260839111328128
8528,0.09334,343.23,0.0,3.3069707031250024
8529,0.09079,343.23,0.07498138427188981,3.3722441406250026
8530,0.08925,363.23,0.30366501064432,3.4338005371093776
8531,0.085,363.23,0.8231252556565039,3.466517822265628
8532,0.08634,363.23,1.2179528617402664,3.4664189453125025
8533,0.08862,347.29,0.7411055701481658,3.4497050781250027
8534,0.09212,347.29,0.4173409075213936,3.430706054687503
8535,0.09954,347.29,0.07047794339267754,3.423312255859378
8536,0.10118,351.26,0.0,3.422385742187503
8537,0.10789,351.26,0.0,3.4079643554687524
8538,0.1009,351.26,0.0,3.418903076171877
8539,0.09379,336.23,0.0,3.472999755859377
8540,0.08948,336.23,0.0,3.527367431640628
8541,0.08486,336.23,0.0,3.5755681152343777
8542,0.0848199999999999,328.23,0.0,3.584437744140628
8543,0.07797,328.23,0.0,3.545941650390628
8544,0.07223,328.23,0.0,3.464199707031246
8545,0.06503,329.25,0.0,3.392718994140628
8546,0.0620099999999999,329.25,0.0,3.339493896484377
8547,0.05906,329.25,0.0,3.2714006347656275
8548,0.05811,338.24,0.0,3.2050761718750027
8549,0.05902,338.24,0.0,3.149001953125002
8550,0.06785,338.24,0.0,3.1147209472656274
8551,0.0780199999999999,378.24,0.0,3.0977836914062524
8552,0.08388,378.24,0.0,3.0133830566406274
8553,0.08547,378.24,0.13801778754896757,2.950775634765628
8554,0.08384,374.26,0.2808055496817419,2.960004150390628
8555,0.08187,374.26,0.6636990540864853,2.9921245117187527
8556,0.0804899999999999,374.26,1.1364780822711806,3.0012211914062528
8557,0.0792099999999999,371.7,1.9351508440778478,2.9160478515625026
8558,0.07922,371.7,1.2853827072927255,2.889984619140628
8559,0.08183,371.7,0.33077596915843605,2.8386162109375026
8560,0.08369,331.26,0.0,2.8072062988281274
8561,0.08247,331.26,0.0,2.803932373046877
8562,0.08395,331.26,0.0,2.791934814453126
8563,0.08247,322.29,0.0,2.7622737630208345
8564,0.07801,322.29,0.0,2.7493363444010432
8565,0.06993,322.29,0.0,2.7476110839843764
8566,0.07184,330.27,0.0,2.750766601562501
8567,0.06409,330.27,0.0,2.737257486979168
8568,0.06025,330.27,0.0,2.731088867187501
8569,0.05586,362.26,0.0,2.763286946614585
8570,0.0567999999999999,362.26,0.0,2.922108642578128
8571,0.05584,362.26,0.0,3.0775834960937525
8572,0.05585,433.27,0.0,3.1215068359375024
8573,0.05585,433.27,0.0,3.090913574218753
8574,0.05721,433.27,0.0,3.086544677734377
8575,0.06745,503.82,0.0,3.046210205078128
8576,0.081,503.82,0.0,3.075404541015628
8577,0.08247,503.82,0.32696328651449563,3.133284179687503
8578,0.0760199999999999,496.26,0.8788267762685709,3.176427490234378
8579,0.06929,496.26,1.1185632950413529,3.235607177734378
8580,0.06851,496.26,1.959163239558611,3.267181884765628
8581,0.06799,497.28,2.0079637621387763,3.1782292480468777
8582,0.07376,497.28,1.7235950354818834,3.1220561523437524
8583,0.08305,497.28,0.3804273315333739,3.0691130371093776
8584,0.0879,479.24,0.0,3.027635986328128
8585,0.08913,479.24,0.0,2.9835515136718778
8586,0.07891,479.24,0.0,2.978614990234377
8587,0.07177,487.27,0.0,2.9351237792968776
8588,0.06816,487.27,0.0,2.9018425292968777
8589,0.06799,487.27,0.0,2.8699272460937526
8590,0.06901,511.23,0.0,2.8514335937500026
8591,0.06516,511.23,0.0,2.862855712890628
8592,0.06322,511.23,0.0,2.8444243164062524
8593,0.05844,517.25,0.0,2.8409892578125024
8594,0.05686,517.25,0.0,2.8433110351562525
8595,0.05585,517.25,0.0,2.8477421875000024
8596,0.05453,533.22,0.0,2.829999267578128
8597,0.05261,533.22,0.0,2.827435791015628
8598,0.04917,533.22,0.0,2.786561686197918
8599,0.05403,609.81,0.0,2.788681640625001
8600,0.0642099999999999,609.81,0.0,2.8585234375000024
8601,0.0647099999999999,609.81,0.12381254927926509,2.932054931640628
8602,0.05377,592.23,0.30901711455907865,2.995043212890628
8603,0.0489799999999999,592.23,0.40248294672471085,3.0126909179687527
8604,0.04849,592.23,0.2738617561953666,3.0144707031250024
8605,0.0478699999999999,526.61,0.19018558965139515,3.0218095703125027
8606,0.06855,526.61,0.10729293503866633,3.0297783203125026
8607,0.08941,526.61,0.0,3.0388237304687524
8608,0.0922399999999999,513.25,0.0,3.057042724609377
8609,0.09401,513.25,0.0,3.0838750000000026
8610,0.09406,513.25,0.0,3.1196318359375024
8611,0.09171,504.23,0.0,3.147738525390628
8612,0.09103,504.23,0.0,3.1749479980468776
8613,0.0927,504.23,0.0,3.197737304687503
8614,0.09615,516.27,0.0,3.2142534179687527
8615,0.09147,516.27,0.0,3.228660156250003
8616,0.0970999999999999,516.27,0.0,3.2405803222656275
8617,0.0910499999999999,517.23,0.0,3.258041259765628
8618,0.08582,517.23,0.0,3.278373291015628
8619,0.08305,517.23,0.0,3.2965739746093776
8620,0.08239,537.26,0.0,3.3131962890625024
8621,0.08284,537.26,0.0,3.3246440429687527
8622,0.08502,537.26,0.0,3.2721989746093776
8623,0.09312,600.26,0.0,3.2807719726562525
8624,0.0989,600.26,0.0,3.3174040527343776
8625,0.09673,600.26,0.05790867252613139,3.361147949218753
8626,0.08925,561.23,0.1477060929103926,3.431896240234378
8627,0.08499,561.23,0.32712666327884193,3.458212158203128
8628,0.08231,561.23,0.28522565616216894,3.494247314453128
8629,0.0831,473.31,0.33699670203113036,3.5045048828125025
8630,0.0927,473.31,0.2652662314797218,3.483279296875003
8631,0.10914,473.31,0.09599012773374521,3.448053466796878
8632,0.11677,437.23,0.0,3.4232390136718776
8633,0.12047,437.23,0.0,3.4113701171875026
8634,0.11697,437.23,0.0,3.3152324218750024
8635,0.11626,445.27,0.0,3.316136962890628
8636,0.11373,445.27,0.0,3.2860673828125027
8637,0.1115,445.27,0.0,3.292219726562503
8638,0.10826,464.24,0.0,3.282635986328128
8639,0.09937,464.24,0.0,3.286331054687502
8640,0.09669,464.24,0.0,3.2664274902343777
8641,0.09173,488.19,0.0,3.230355712890628
8642,0.08471,488.19,0.0,3.251654541015628
8643,0.08272,488.19,0.0,3.2692692871093776
8644,0.084,509.27,0.0,3.2536247558593776
8645,0.08317,509.27,0.0,3.2412102050781275
8646,0.08802,509.27,0.0,3.134360839843753
8647,0.09951,531.2,0.0,3.1135380859375026
8648,0.10232,531.2,0.0,3.169095947265628
8649,0.09381,531.2,0.2780990794023909,3.2866533203125026
8650,0.08003,501.17,0.7656919431466919,3.380084716796877
8651,0.0754,501.17,1.199434271588502,3.494554931640628
8652,0.07454,501.17,1.956419453668831,3.5371708984375028
8653,0.0767399999999999,427.2,1.7423774097436378,3.524474365234377
8654,0.0812,427.2,1.727627066228981,3.4278825683593777
8655,0.09454,427.2,2.0769836357227134,3.2625676269531274
8656,0.10301,455.16,0.0,3.144076416015628
8657,0.10593,455.16,0.0,3.0487041015625027
8658,0.10843,455.16,0.0,2.9352556152343774
8659,0.105,444.28,0.0,2.8786430664062523
8660,0.10259,444.28,0.0,2.8278605957031275
8661,0.0939,444.28,0.0,2.7882218424479177
8662,0.09542,440.24,0.0,2.7581254069010432
8663,0.0912999999999999,440.24,0.0,2.735005289713543
8664,0.08434,440.24,0.0,2.709659423828126
8665,0.08337,425.26,0.0,2.6908809407552097
8666,0.0799599999999999,425.26,0.0,2.6773311360677097
8667,0.0788199999999999,425.26,0.0,2.657228190104168
8668,0.08045,418.27,0.0,2.6340734863281265
8669,0.08361,418.27,0.0,2.6159541829427098
8670,0.08648,418.27,0.0,2.59655721028646
8671,0.09215,432.27,0.0,2.59511678059896
8672,0.09736,432.27,0.0,2.668763834635418
8673,0.0965699999999999,432.27,0.5031719544601905,2.8829423828125025
8674,0.08821,406.26,1.7628625522642216,3.118676025390628
8675,0.08837,406.26,2.9644879450938073,3.281445800781246
8676,0.08002,406.26,3.80602560763754,3.3520146484375024
8677,0.08003,365.26,3.8152475297733512,3.335604736328128
8678,0.08668,365.26,3.215996473198953,3.2217351074218774
8679,0.10087,365.26,3.986326872062143,2.9992363281250025
8680,0.1108799999999999,414.23,0.0,2.8092094726562524
8681,0.1137,414.23,0.0,2.73498494466146
8682,0.1144599999999999,414.23,0.0,2.6847204589843763
8683,0.10933,468.21,0.0,2.619150390625001
8684,0.10501,468.21,0.0,2.5779150390625016
8685,0.09903,468.21,0.0,2.556617838541668
8686,0.09828,510.26,0.0,2.546229654947918
8687,0.0884399999999999,510.26,0.0,2.5317053222656263
8688,0.08988,510.26,0.0,2.5316544596354182
8689,0.08498,523.2,0.0,2.528120524088543
8690,0.08418,523.2,0.0,2.5306921386718764
8691,0.08219,523.2,0.0,2.5297338867187515
8692,0.08362,544.26,0.0,2.5370723470052097
8693,0.09079,544.26,0.0,2.5224625651041683
8694,0.09633,544.26,0.0,2.547194010416668
8695,0.10472,578.26,0.0,2.56743123372396
8696,0.11388,578.26,0.0,2.6211340332031265
8697,0.11101,578.26,0.4627037839025429,2.7688452148437515
8698,0.09765,561.26,1.4044473002628837,2.9165056152343776
8699,0.09035,561.26,2.60683682700357,3.046993896484377
8700,0.08766,561.26,3.53010965308162,3.118295166015628
8701,0.08852,521.29,3.8186800687762927,3.126487304687503
8702,0.0960999999999999,521.29,3.513557722877468,3.0398125000000027
8703,0.10351,521.29,3.9177771735152396,2.9082548828125026
8704,0.1086599999999999,455.27,0.0007418017895997681,2.750349527994793
8705,0.10701,455.27,0.0,2.664479166666668
8706,0.10331,455.27,0.0,2.5834753417968765
8707,0.09515,423.25,0.0,2.57209431966146
8708,0.09037,423.25,0.0,2.582305501302085
8709,0.08325,423.25,0.0,2.609197591145835
8710,0.08791,406.28,0.0,2.6457434082031264
8711,0.08334,406.28,0.0,2.678706461588543
8712,0.07786,406.28,0.0,2.704560953776043
8713,0.07322,407.23,0.0,2.71718709309896
8714,0.07186,407.23,0.0,2.713815917968751
8715,0.06936,407.23,0.0,2.710389811197918
8716,0.06854,463.27,0.0,2.695173746744793
8717,0.07199,463.27,0.0,2.695405680338543
8718,0.08002,463.27,0.0,2.6672054036458346
8719,0.0879699999999999,532.24,0.0,2.656941324869793
8720,0.0948799999999999,532.24,0.0,2.669321289062501
8721,0.09439,532.24,0.16470589644226521,2.692124023437501
8722,0.08582,523.26,0.5358166165836121,2.7187780761718763
8723,0.0793799999999999,523.26,0.7606821221652131,2.7442175292968765
8724,0.0761599999999999,523.26,0.904391838672307,2.77080037434896
8725,0.07676,459.28,0.9162072237261546,2.7766292317708348
8726,0.08897,459.28,0.7541554432124544,2.7633825683593765
8727,0.10233,459.28,0.7221746063844595,2.7424068196614595
8728,0.1090999999999999,454.25,0.0,2.7380285644531264
8729,0.1107099999999999,454.25,0.0,2.7390824381510432
8730,0.10912,454.25,0.0,2.702980143229168
8731,0.10561,475.26,0.0,2.702266031901043
8732,0.10104,475.26,0.0,2.702188720703126
8733,0.0933199999999999,475.26,0.0,2.70373494466146
8734,0.0920499999999999,497.27,0.0,2.699505208333335
8735,0.08581,497.27,0.0,2.6975480143229142
8736,0.0880799999999999,497.27,0.0,2.705545654296876
8737,0.08434,502.26,0.0,2.7110286458333346
8738,0.0802099999999999,502.26,0.0,2.7229345703125016
8739,0.07658,502.26,0.0,2.7322241210937515
8740,0.07493,508.26,0.0,2.7390437825520846
8741,0.0773799999999999,508.26,0.0,2.761445719401043
8742,0.08187,508.26,0.0,2.744239908854168
8743,0.08528,530.27,0.0,2.754048258463543
8744,0.09579,530.27,0.0,2.7847285970052096
8745,0.09534,530.27,0.09519014297570244,2.858036376953128
8746,0.08926,501.27,0.43886982628855653,2.9098076171875027
8747,0.08348,501.27,0.6010489022471944,2.9504460449218777
8748,0.08305,501.27,0.7483936008197187,3.001602050781246
8749,0.08517,446.24,1.1093855085255144,2.9896708984375024
8750,0.08518,446.24,0.982664769314179,2.9144072265625027
8751,0.09083,446.24,1.5360648000413515,2.815226318359377
8752,0.10071,412.26,0.0,2.7853755696614595
8753,0.1100999999999999,412.26,0.0,2.7712683105468763
8754,0.10753,412.26,0.0,2.776081949869793
8755,0.0959899999999999,401.23,0.0,2.759047037760418
8756,0.0868,401.23,0.0,2.746066894531251
8757,0.0798,401.23,0.0,2.731815185546876
8758,0.08139,409.26,0.0,2.722102457682293
8759,0.076,409.26,0.0,2.7080664062500013
