time,solar_q_Wm2
2025-01-01 01:00:00,0.0
2025-01-01 02:00:00,0.0
2025-01-01 03:00:00,0.0
2025-01-01 04:00:00,0.0
2025-01-01 05:00:00,0.0
2025-01-01 06:00:00,0.0
2025-01-01 07:00:00,0.0
2025-01-01 08:00:00,0.0
2025-01-01 09:00:00,0.0
2025-01-01 10:00:00,0.0
2025-01-01 11:00:00,0.0
2025-01-01 12:00:00,0.0
2025-01-01 13:00:00,0.0
2025-01-01 14:00:00,0.0
2025-01-01 15:00:00,0.0
2025-01-01 16:00:00,0.0
2025-01-01 17:00:00,0.0
2025-01-01 18:00:00,0.0
2025-01-01 19:00:00,0.0
2025-01-01 20:00:00,0.0
2025-01-01 21:00:00,0.0
2025-01-01 22:00:00,0.0
2025-01-01 23:00:00,0.0
2025-01-02 00:00:00,0.0
2025-01-02 01:00:00,0.0
2025-01-02 02:00:00,0.0
2025-01-02 03:00:00,0.0
2025-01-02 04:00:00,0.0
2025-01-02 05:00:00,0.0
2025-01-02 06:00:00,0.0
2025-01-02 07:00:00,0.0
2025-01-02 08:00:00,0.0
2025-01-02 09:00:00,0.0
2025-01-02 10:00:00,0.0
2025-01-02 11:00:00,0.0
2025-01-02 12:00:00,0.0
2025-01-02 13:00:00,0.0
2025-01-02 14:00:00,0.0
2025-01-02 15:00:00,0.0
2025-01-02 16:00:00,0.0
2025-01-02 17:00:00,0.0
2025-01-02 18:00:00,0.0
2025-01-02 19:00:00,0.0
2025-01-02 20:00:00,0.0
2025-01-02 21:00:00,0.0
2025-01-02 22:00:00,0.0
2025-01-02 23:00:00,0.0
2025-01-03 00:00:00,0.0
2025-01-03 01:00:00,0.0
2025-01-03 02:00:00,0.0
2025-01-03 03:00:00,0.0
2025-01-03 04:00:00,0.0
2025-01-03 05:00:00,0.0
2025-01-03 06:00:00,0.0
2025-01-03 07:00:00,0.0
2025-01-03 08:00:00,0.0
2025-01-03 09:00:00,0.0
2025-01-03 10:00:00,0.0
2025-01-03 11:00:00,0.0
2025-01-03 12:00:00,0.0
2025-01-03 13:00:00,0.0
2025-01-03 14:00:00,0.0
2025-01-03 15:00:00,0.0
2025-01-03 16:00:00,0.0
2025-01-03 17:00:00,0.0
2025-01-03 18:00:00,0.0
2025-01-03 19:00:00,0.0
2025-01-03 20:00:00,0.0
2025-01-03 21:00:00,0.0
2025-01-03 22:00:00,0.0
2025-01-03 23:00:00,0.0
2025-01-04 00:00:00,0.0
2025-01-04 01:00:00,0.0
2025-01-04 02:00:00,0.0
2025-01-04 03:00:00,0.0
2025-01-04 04:00:00,0.0
2025-01-04 05:00:00,0.0
2025-01-04 06:00:00,0.0
2025-01-04 07:00:00,0.0
2025-01-04 08:00:00,0.0
2025-01-04 09:00:00,0.0
2025-01-04 10:00:00,0.0
2025-01-04 11:00:00,0.0
2025-01-04 12:00:00,0.0
2025-01-04 13:00:00,0.0
2025-01-04 14:00:00,0.0
2025-01-04 15:00:00,0.0
2025-01-04 16:00:00,0.0
2025-01-04 17:00:00,0.0
2025-01-04 18:00:00,0.0
2025-01-04 19:00:00,0.0
2025-01-04 20:00:00,0.0
2025-01-04 21:00:00,0.0
2025-01-04 22:00:00,0.0
2025-01-04 23:00:00,0.0
2025-01-05 00:00:00,0.0
2025-01-05 01:00:00,0.0
2025-01-05 02:00:00,0.0
2025-01-05 03:00:00,0.0
2025-01-05 04:00:00,0.0
2025-01-05 05:00:00,0.0
2025-01-05 06:00:00,0.0
2025-01-05 07:00:00,0.0
2025-01-05 08:00:00,0.0
2025-01-05 09:00:00,0.0
2025-01-05 10:00:00,0.0
2025-01-05 11:00:00,0.0
2025-01-05 12:00:00,0.0
2025-01-05 13:00:00,0.0
2025-01-05 14:00:00,0.0
2025-01-05 15:00:00,0.0
2025-01-05 16:00:00,0.0
2025-01-05 17:00:00,0.0
2025-01-05 18:00:00,0.0
2025-01-05 19:00:00,0.0
2025-01-05 20:00:00,0.0
2025-01-05 21:00:00,0.0
2025-01-05 22:00:00,0.0
2025-01-05 23:00:00,0.0
2025-01-06 00:00:00,0.0
2025-01-06 01:00:00,0.0
2025-01-06 02:00:00,0.0
2025-01-06 03:00:00,0.0
2025-01-06 04:00:00,0.0
2025-01-06 05:00:00,0.0
2025-01-06 06:00:00,0.0
2025-01-06 07:00:00,0.0
2025-01-06 08:00:00,0.0
2025-01-06 09:00:00,0.0
2025-01-06 10:00:00,0.0
2025-01-06 11:00:00,0.0
2025-01-06 12:00:00,0.013208352864455061
2025-01-06 13:00:00,0.0
2025-01-06 14:00:00,0.0
2025-01-06 15:00:00,0.0
2025-01-06 16:00:00,0.0
2025-01-06 17:00:00,0.0
2025-01-06 18:00:00,0.0
2025-01-06 19:00:00,0.0
2025-01-06 20:00:00,0.0
2025-01-06 21:00:00,0.0
2025-01-06 22:00:00,0.0
2025-01-06 23:00:00,0.0
2025-01-07 00:00:00,0.0
2025-01-07 01:00:00,0.0
2025-01-07 02:00:00,0.0
2025-01-07 03:00:00,0.0
2025-01-07 04:00:00,0.0
2025-01-07 05:00:00,0.0
2025-01-07 06:00:00,0.0
2025-01-07 07:00:00,0.0
2025-01-07 08:00:00,0.0
2025-01-07 09:00:00,0.0
2025-01-07 10:00:00,0.0
2025-01-07 11:00:00,0.0
2025-01-07 12:00:00,0.0
2025-01-07 13:00:00,0.0
2025-01-07 14:00:00,0.0
2025-01-07 15:00:00,0.0
2025-01-07 16:00:00,0.0
2025-01-07 17:00:00,0.0
2025-01-07 18:00:00,0.0
2025-01-07 19:00:00,0.0
2025-01-07 20:00:00,0.0
2025-01-07 21:00:00,0.0
2025-01-07 22:00:00,0.0
2025-01-07 23:00:00,0.0
2025-01-08 00:00:00,0.0
2025-01-08 01:00:00,0.0
2025-01-08 02:00:00,0.0
2025-01-08 03:00:00,0.0
2025-01-08 04:00:00,0.0
2025-01-08 05:00:00,0.0
2025-01-08 06:00:00,0.0
2025-01-08 07:00:00,0.0
2025-01-08 08:00:00,0.0
2025-01-08 09:00:00,0.0
2025-01-08 10:00:00,0.0
2025-01-08 11:00:00,0.0
2025-01-08 12:00:00,0.0
2025-01-08 13:00:00,0.0
2025-01-08 14:00:00,0.0
2025-01-08 15:00:00,0.0
2025-01-08 16:00:00,0.0
2025-01-08 17:00:00,0.0
2025-01-08 18:00:00,0.0
2025-01-08 19:00:00,0.0
2025-01-08 20:00:00,0.0
2025-01-08 21:00:00,0.0
2025-01-08 22:00:00,0.0
2025-01-08 23:00:00,0.0
2025-01-09 00:00:00,0.0
2025-01-09 01:00:00,0.0
2025-01-09 02:00:00,0.0
2025-01-09 03:00:00,0.0
2025-01-09 04:00:00,0.0
2025-01-09 05:00:00,0.0
2025-01-09 06:00:00,0.0
2025-01-09 07:00:00,0.0
2025-01-09 08:00:00,0.0
2025-01-09 09:00:00,0.0
2025-01-09 10:00:00,0.0
2025-01-09 11:00:00,0.0
2025-01-09 12:00:00,0.0
2025-01-09 13:00:00,0.0
2025-01-09 14:00:00,0.0
2025-01-09 15:00:00,0.0
2025-01-09 16:00:00,0.0
2025-01-09 17:00:00,0.0
2025-01-09 18:00:00,0.0
2025-01-09 19:00:00,0.0
2025-01-09 20:00:00,0.0
2025-01-09 21:00:00,0.0
2025-01-09 22:00:00,0.0
2025-01-09 23:00:00,0.0
2025-01-10 00:00:00,0.0
2025-01-10 01:00:00,0.0
2025-01-10 02:00:00,0.0
2025-01-10 03:00:00,0.0
2025-01-10 04:00:00,0.0
2025-01-10 05:00:00,0.0
2025-01-10 06:00:00,0.0
2025-01-10 07:00:00,0.0
2025-01-10 08:00:00,0.0
2025-01-10 09:00:00,0.0
2025-01-10 10:00:00,0.0
2025-01-10 11:00:00,0.0
2025-01-10 12:00:00,0.0
2025-01-10 13:00:00,0.0
2025-01-10 14:00:00,0.0
2025-01-10 15:00:00,0.0
2025-01-10 16:00:00,0.0
2025-01-10 17:00:00,0.0
2025-01-10 18:00:00,0.0
2025-01-10 19:00:00,0.0
2025-01-10 20:00:00,0.0
2025-01-10 21:00:00,0.0
2025-01-10 22:00:00,0.0
2025-01-10 23:00:00,0.0
2025-01-11 00:00:00,0.0
2025-01-11 01:00:00,0.0
2025-01-11 02:00:00,0.0
2025-01-11 03:00:00,0.0
2025-01-11 04:00:00,0.0
2025-01-11 05:00:00,0.0
2025-01-11 06:00:00,0.0
2025-01-11 07:00:00,0.0
2025-01-11 08:00:00,0.0
2025-01-11 09:00:00,0.0
2025-01-11 10:00:00,0.0
2025-01-11 11:00:00,0.0
2025-01-11 12:00:00,0.0
2025-01-11 13:00:00,0.0
2025-01-11 14:00:00,0.0
2025-01-11 15:00:00,0.0
2025-01-11 16:00:00,0.0
2025-01-11 17:00:00,0.0
2025-01-11 18:00:00,0.0
2025-01-11 19:00:00,0.0
2025-01-11 20:00:00,0.0
2025-01-11 21:00:00,0.0
2025-01-11 22:00:00,0.0
2025-01-11 23:00:00,0.0
2025-01-12 00:00:00,0.0
2025-01-12 01:00:00,0.0
2025-01-12 02:00:00,0.0
2025-01-12 03:00:00,0.0
2025-01-12 04:00:00,0.0
2025-01-12 05:00:00,0.0
2025-01-12 06:00:00,0.0
2025-01-12 07:00:00,0.0
2025-01-12 08:00:00,0.0
2025-01-12 09:00:00,0.0
2025-01-12 10:00:00,0.0
2025-01-12 11:00:00,0.0
2025-01-12 12:00:00,0.0
2025-01-12 13:00:00,0.0
2025-01-12 14:00:00,0.0
2025-01-12 15:00:00,0.0
2025-01-12 16:00:00,0.0
2025-01-12 17:00:00,0.0
2025-01-12 18:00:00,0.0
2025-01-12 19:00:00,0.0
2025-01-12 20:00:00,0.0
2025-01-12 21:00:00,0.0
2025-01-12 22:00:00,0.0
2025-01-12 23:00:00,0.0
2025-01-13 00:00:00,0.0
2025-01-13 01:00:00,0.0
2025-01-13 02:00:00,0.0
2025-01-13 03:00:00,0.0
2025-01-13 04:00:00,0.0
2025-01-13 05:00:00,0.0
2025-01-13 06:00:00,0.0
2025-01-13 07:00:00,0.0
2025-01-13 08:00:00,0.0
2025-01-13 09:00:00,0.0
2025-01-13 10:00:00,0.0
2025-01-13 11:00:00,0.0
2025-01-13 12:00:00,0.0
2025-01-13 13:00:00,0.0
2025-01-13 14:00:00,0.0
2025-01-13 15:00:00,0.0
2025-01-13 16:00:00,0.0
2025-01-13 17:00:00,0.0
2025-01-13 18:00:00,0.0
2025-01-13 19:00:00,0.0
2025-01-13 20:00:00,0.0
2025-01-13 21:00:00,0.0
2025-01-13 22:00:00,0.0
2025-01-13 23:00:00,0.0
2025-01-14 00:00:00,0.0
2025-01-14 01:00:00,0.0
2025-01-14 02:00:00,0.0
2025-01-14 03:00:00,0.0
2025-01-14 04:00:00,0.0
2025-01-14 05:00:00,0.0
2025-01-14 06:00:00,0.0
2025-01-14 07:00:00,0.0
2025-01-14 08:00:00,0.0
2025-01-14 09:00:00,0.0
2025-01-14 10:00:00,0.0
2025-01-14 11:00:00,0.0
2025-01-14 12:00:00,0.0
2025-01-14 13:00:00,0.0
2025-01-14 14:00:00,0.0
2025-01-14 15:00:00,0.0
2025-01-14 16:00:00,0.0
2025-01-14 17:00:00,0.0
2025-01-14 18:00:00,0.0
2025-01-14 19:00:00,0.0
2025-01-14 20:00:00,0.0
2025-01-14 21:00:00,0.0
2025-01-14 22:00:00,0.0
2025-01-14 23:00:00,0.0
2025-01-15 00:00:00,0.0
2025-01-15 01:00:00,0.0
2025-01-15 02:00:00,0.0
2025-01-15 03:00:00,0.0
2025-01-15 04:00:00,0.0
2025-01-15 05:00:00,0.0
2025-01-15 06:00:00,0.0
2025-01-15 07:00:00,0.0
2025-01-15 08:00:00,0.0
2025-01-15 09:00:00,0.0
2025-01-15 10:00:00,0.0
2025-01-15 11:00:00,0.0
2025-01-15 12:00:00,0.0
2025-01-15 13:00:00,0.0
2025-01-15 14:00:00,0.0
2025-01-15 15:00:00,0.0
2025-01-15 16:00:00,0.0
2025-01-15 17:00:00,0.0
2025-01-15 18:00:00,0.0
2025-01-15 19:00:00,0.0
2025-01-15 20:00:00,0.0
2025-01-15 21:00:00,0.0
2025-01-15 22:00:00,0.0
2025-01-15 23:00:00,0.0
2025-01-16 00:00:00,0.0
2025-01-16 01:00:00,0.0
2025-01-16 02:00:00,0.0
2025-01-16 03:00:00,0.0
2025-01-16 04:00:00,0.0
2025-01-16 05:00:00,0.0
2025-01-16 06:00:00,0.0
2025-01-16 07:00:00,0.0
2025-01-16 08:00:00,0.0
2025-01-16 09:00:00,0.0
2025-01-16 10:00:00,0.0
2025-01-16 11:00:00,0.0
2025-01-16 12:00:00,0.0
2025-01-16 13:00:00,0.0
2025-01-16 14:00:00,0.0
2025-01-16 15:00:00,0.0
2025-01-16 16:00:00,0.0
2025-01-16 17:00:00,0.0
2025-01-16 18:00:00,0.0
2025-01-16 19:00:00,0.0
2025-01-16 20:00:00,0.0
2025-01-16 21:00:00,0.0
2025-01-16 22:00:00,0.0
2025-01-16 23:00:00,0.0
2025-01-17 00:00:00,0.0
2025-01-17 01:00:00,0.0
2025-01-17 02:00:00,0.0
2025-01-17 03:00:00,0.0
2025-01-17 04:00:00,0.0
2025-01-17 05:00:00,0.0
2025-01-17 06:00:00,0.0
2025-01-17 07:00:00,0.0
2025-01-17 08:00:00,0.0
2025-01-17 09:00:00,0.0
2025-01-17 10:00:00,0.0
2025-01-17 11:00:00,0.0
2025-01-17 12:00:00,0.0
2025-01-17 13:00:00,0.0
2025-01-17 14:00:00,0.0
2025-01-17 15:00:00,0.0
2025-01-17 16:00:00,0.0
2025-01-17 17:00:00,0.0
2025-01-17 18:00:00,0.0
2025-01-17 19:00:00,0.0
2025-01-17 20:00:00,0.0
2025-01-17 21:00:00,0.0
2025-01-17 22:00:00,0.0
2025-01-17 23:00:00,0.0
2025-01-18 00:00:00,0.0
2025-01-18 01:00:00,0.0
2025-01-18 02:00:00,0.0
2025-01-18 03:00:00,0.0
2025-01-18 04:00:00,0.0
2025-01-18 05:00:00,0.0
2025-01-18 06:00:00,0.0
2025-01-18 07:00:00,0.0
2025-01-18 08:00:00,0.0
2025-01-18 09:00:00,0.0
2025-01-18 10:00:00,0.0
2025-01-18 11:00:00,0.0
2025-01-18 12:00:00,0.0
2025-01-18 13:00:00,0.0
2025-01-18 14:00:00,0.0
2025-01-18 15:00:00,0.0
2025-01-18 16:00:00,0.0
2025-01-18 17:00:00,0.0
2025-01-18 18:00:00,0.0
2025-01-18 19:00:00,0.0
2025-01-18 20:00:00,0.0
2025-01-18 21:00:00,0.0
2025-01-18 22:00:00,0.0
2025-01-18 23:00:00,0.0
2025-01-19 00:00:00,0.0
2025-01-19 01:00:00,0.0
2025-01-19 02:00:00,0.0
2025-01-19 03:00:00,0.0
2025-01-19 04:00:00,0.0
2025-01-19 05:00:00,0.0
2025-01-19 06:00:00,0.0
2025-01-19 07:00:00,0.0
2025-01-19 08:00:00,0.0
2025-01-19 09:00:00,0.0
2025-01-19 10:00:00,0.0
2025-01-19 11:00:00,0.0
2025-01-19 12:00:00,0.0
2025-01-19 13:00:00,0.0
2025-01-19 14:00:00,0.0
2025-01-19 15:00:00,0.0
2025-01-19 16:00:00,0.0
2025-01-19 17:00:00,0.0
2025-01-19 18:00:00,0.0
2025-01-19 19:00:00,0.0
2025-01-19 20:00:00,0.0
2025-01-19 21:00:00,0.0
2025-01-19 22:00:00,0.0
2025-01-19 23:00:00,0.0
2025-01-20 00:00:00,0.0
2025-01-20 01:00:00,0.0
2025-01-20 02:00:00,0.0
2025-01-20 03:00:00,0.0
2025-01-20 04:00:00,0.0
2025-01-20 05:00:00,0.0
2025-01-20 06:00:00,0.0
2025-01-20 07:00:00,0.0
2025-01-20 08:00:00,0.0
2025-01-20 09:00:00,0.0
2025-01-20 10:00:00,0.0
2025-01-20 11:00:00,0.0
2025-01-20 12:00:00,0.0
2025-01-20 13:00:00,0.0
2025-01-20 14:00:00,0.0
2025-01-20 15:00:00,0.0
2025-01-20 16:00:00,0.0
2025-01-20 17:00:00,0.0
2025-01-20 18:00:00,0.0
2025-01-20 19:00:00,0.0
2025-01-20 20:00:00,0.0
2025-01-20 21:00:00,0.0
2025-01-20 22:00:00,0.0
2025-01-20 23:00:00,0.0
2025-01-21 00:00:00,0.0
2025-01-21 01:00:00,0.0
2025-01-21 02:00:00,0.0
2025-01-21 03:00:00,0.0
2025-01-21 04:00:00,0.0
2025-01-21 05:00:00,0.0
2025-01-21 06:00:00,0.0
2025-01-21 07:00:00,0.0
2025-01-21 08:00:00,0.0
2025-01-21 09:00:00,0.0
2025-01-21 10:00:00,0.0
2025-01-21 11:00:00,0.0
2025-01-21 12:00:00,0.0
2025-01-21 13:00:00,0.0
2025-01-21 14:00:00,0.0
2025-01-21 15:00:00,0.0
2025-01-21 16:00:00,0.0
2025-01-21 17:00:00,0.0
2025-01-21 18:00:00,0.0
2025-01-21 19:00:00,0.0
2025-01-21 20:00:00,0.0
2025-01-21 21:00:00,0.0
2025-01-21 22:00:00,0.0
2025-01-21 23:00:00,0.0
2025-01-22 00:00:00,0.0
2025-01-22 01:00:00,0.0
2025-01-22 02:00:00,0.0
2025-01-22 03:00:00,0.0
2025-01-22 04:00:00,0.0
2025-01-22 05:00:00,0.0
2025-01-22 06:00:00,0.0
2025-01-22 07:00:00,0.0
2025-01-22 08:00:00,0.0
2025-01-22 09:00:00,0.0
2025-01-22 10:00:00,0.0
2025-01-22 11:00:00,0.0
2025-01-22 12:00:00,0.0
2025-01-22 13:00:00,0.0
2025-01-22 14:00:00,0.0
2025-01-22 15:00:00,0.0
2025-01-22 16:00:00,0.0
2025-01-22 17:00:00,0.0
2025-01-22 18:00:00,0.0
2025-01-22 19:00:00,0.0
2025-01-22 20:00:00,0.0
2025-01-22 21:00:00,0.0
2025-01-22 22:00:00,0.0
2025-01-22 23:00:00,0.0
2025-01-23 00:00:00,0.0
2025-01-23 01:00:00,0.0
2025-01-23 02:00:00,0.0
2025-01-23 03:00:00,0.0
2025-01-23 04:00:00,0.0
2025-01-23 05:00:00,0.0
2025-01-23 06:00:00,0.0
2025-01-23 07:00:00,0.0
2025-01-23 08:00:00,0.0
2025-01-23 09:00:00,0.0
2025-01-23 10:00:00,0.0
2025-01-23 11:00:00,0.0
2025-01-23 12:00:00,0.0
2025-01-23 13:00:00,0.0
2025-01-23 14:00:00,0.0
2025-01-23 15:00:00,0.0
2025-01-23 16:00:00,0.0
2025-01-23 17:00:00,0.0
2025-01-23 18:00:00,0.0
2025-01-23 19:00:00,0.0
2025-01-23 20:00:00,0.0
2025-01-23 21:00:00,0.0
2025-01-23 22:00:00,0.0
2025-01-23 23:00:00,0.0
2025-01-24 00:00:00,0.0
2025-01-24 01:00:00,0.0
2025-01-24 02:00:00,0.0
2025-01-24 03:00:00,0.0
2025-01-24 04:00:00,0.0
2025-01-24 05:00:00,0.0
2025-01-24 06:00:00,0.0
2025-01-24 07:00:00,0.0
2025-01-24 08:00:00,0.0
2025-01-24 09:00:00,0.0
2025-01-24 10:00:00,0.0
2025-01-24 11:00:00,0.0
2025-01-24 12:00:00,0.0
2025-01-24 13:00:00,0.0
2025-01-24 14:00:00,0.0
2025-01-24 15:00:00,0.0
2025-01-24 16:00:00,0.0
2025-01-24 17:00:00,0.0
2025-01-24 18:00:00,0.0
2025-01-24 19:00:00,0.0
2025-01-24 20:00:00,0.0
2025-01-24 21:00:00,0.0
2025-01-24 22:00:00,0.0
2025-01-24 23:00:00,0.0
2025-01-25 00:00:00,0.0
2025-01-25 01:00:00,0.0
2025-01-25 02:00:00,0.0
2025-01-25 03:00:00,0.0
2025-01-25 04:00:00,0.0
2025-01-25 05:00:00,0.0
2025-01-25 06:00:00,0.0
2025-01-25 07:00:00,0.0
2025-01-25 08:00:00,0.0
2025-01-25 09:00:00,0.0
2025-01-25 10:00:00,0.0
2025-01-25 11:00:00,0.0
2025-01-25 12:00:00,0.0
2025-01-25 13:00:00,0.0
2025-01-25 14:00:00,0.0
2025-01-25 15:00:00,0.0
2025-01-25 16:00:00,0.0
2025-01-25 17:00:00,0.0
2025-01-25 18:00:00,0.0
2025-01-25 19:00:00,0.0
2025-01-25 20:00:00,0.0
2025-01-25 21:00:00,0.0
2025-01-25 22:00:00,0.0
2025-01-25 23:00:00,0.0
2025-01-26 00:00:00,0.0
2025-01-26 01:00:00,0.0
2025-01-26 02:00:00,0.0
2025-01-26 03:00:00,0.0
2025-01-26 04:00:00,0.0
2025-01-26 05:00:00,0.0
2025-01-26 06:00:00,0.0
2025-01-26 07:00:00,0.0
2025-01-26 08:00:00,0.0
2025-01-26 09:00:00,0.0
2025-01-26 10:00:00,0.0
2025-01-26 11:00:00,0.0
2025-01-26 12:00:00,0.0
2025-01-26 13:00:00,0.0
2025-01-26 14:00:00,0.0
2025-01-26 15:00:00,0.0
2025-01-26 16:00:00,0.0
2025-01-26 17:00:00,0.0
2025-01-26 18:00:00,0.0
2025-01-26 19:00:00,0.0
2025-01-26 20:00:00,0.0
2025-01-26 21:00:00,0.0
2025-01-26 22:00:00,0.0
2025-01-26 23:00:00,0.0
2025-01-27 00:00:00,0.0
2025-01-27 01:00:00,0.0
2025-01-27 02:00:00,0.0
2025-01-27 03:00:00,0.0
2025-01-27 04:00:00,0.0
2025-01-27 05:00:00,0.0
2025-01-27 06:00:00,0.0
2025-01-27 07:00:00,0.0
2025-01-27 08:00:00,0.0
2025-01-27 09:00:00,0.0
2025-01-27 10:00:00,0.0
2025-01-27 11:00:00,0.0
2025-01-27 12:00:00,0.0
2025-01-27 13:00:00,0.0
2025-01-27 14:00:00,0.0
2025-01-27 15:00:00,0.0
2025-01-27 16:00:00,0.0
2025-01-27 17:00:00,0.0
2025-01-27 18:00:00,0.0
2025-01-27 19:00:00,0.0
2025-01-27 20:00:00,0.0
2025-01-27 21:00:00,0.0
2025-01-27 22:00:00,0.0
2025-01-27 23:00:00,0.0
2025-01-28 00:00:00,0.0
2025-01-28 01:00:00,0.0
2025-01-28 02:00:00,0.0
2025-01-28 03:00:00,0.0
2025-01-28 04:00:00,0.0
2025-01-28 05:00:00,0.0
2025-01-28 06:00:00,0.0
2025-01-28 07:00:00,0.0
2025-01-28 08:00:00,0.0
2025-01-28 09:00:00,0.0
2025-01-28 10:00:00,0.0
2025-01-28 11:00:00,0.06656017631385748
2025-01-28 12:00:00,0.06757383463877688
2025-01-28 13:00:00,0.010724556943244135
2025-01-28 14:00:00,0.0
2025-01-28 15:00:00,0.0
2025-01-28 16:00:00,0.0
2025-01-28 17:00:00,0.0
2025-01-28 18:00:00,0.0
2025-01-28 19:00:00,0.0
2025-01-28 20:00:00,0.0
2025-01-28 21:00:00,0.0
2025-01-28 22:00:00,0.0
2025-01-28 23:00:00,0.0
2025-01-29 00:00:00,0.0
2025-01-29 01:00:00,0.0
2025-01-29 02:00:00,0.0
2025-01-29 03:00:00,0.0
2025-01-29 04:00:00,0.0
2025-01-29 05:00:00,0.0
2025-01-29 06:00:00,0.0
2025-01-29 07:00:00,0.0
2025-01-29 08:00:00,0.0
2025-01-29 09:00:00,0.0
2025-01-29 10:00:00,0.0
2025-01-29 11:00:00,0.012093462094994912
2025-01-29 12:00:00,0.0
2025-01-29 13:00:00,0.03662747416451991
2025-01-29 14:00:00,0.0
2025-01-29 15:00:00,0.0
2025-01-29 16:00:00,0.0
2025-01-29 17:00:00,0.0
2025-01-29 18:00:00,0.0
2025-01-29 19:00:00,0.0
2025-01-29 20:00:00,0.0
2025-01-29 21:00:00,0.0
2025-01-29 22:00:00,0.0
2025-01-29 23:00:00,0.0
2025-01-30 00:00:00,0.0
2025-01-30 01:00:00,0.0
2025-01-30 02:00:00,0.0
2025-01-30 03:00:00,0.0
2025-01-30 04:00:00,0.0
2025-01-30 05:00:00,0.0
2025-01-30 06:00:00,0.0
2025-01-30 07:00:00,0.0
2025-01-30 08:00:00,0.0
2025-01-30 09:00:00,0.0
2025-01-30 10:00:00,0.0
2025-01-30 11:00:00,0.0
2025-01-30 12:00:00,0.0
2025-01-30 13:00:00,0.0
2025-01-30 14:00:00,0.0
2025-01-30 15:00:00,0.0
2025-01-30 16:00:00,0.0
2025-01-30 17:00:00,0.0
2025-01-30 18:00:00,0.0
2025-01-30 19:00:00,0.0
2025-01-30 20:00:00,0.0
2025-01-30 21:00:00,0.0
2025-01-30 22:00:00,0.0
2025-01-30 23:00:00,0.0
2025-01-31 00:00:00,0.0
2025-01-31 01:00:00,0.0
2025-01-31 02:00:00,0.0
2025-01-31 03:00:00,0.0
2025-01-31 04:00:00,0.0
2025-01-31 05:00:00,0.0
2025-01-31 06:00:00,0.0
2025-01-31 07:00:00,0.0
2025-01-31 08:00:00,0.0
2025-01-31 09:00:00,0.0
2025-01-31 10:00:00,0.0
2025-01-31 11:00:00,0.0
2025-01-31 12:00:00,0.07640464886222761
2025-01-31 13:00:00,0.05703233630761691
2025-01-31 14:00:00,0.0
2025-01-31 15:00:00,0.0
2025-01-31 16:00:00,0.0
2025-01-31 17:00:00,0.0
2025-01-31 18:00:00,0.0
2025-01-31 19:00:00,0.0
2025-01-31 20:00:00,0.0
2025-01-31 21:00:00,0.0
2025-01-31 22:00:00,0.0
2025-01-31 23:00:00,0.0
2025-02-01 00:00:00,0.0
2025-02-01 01:00:00,0.0
2025-02-01 02:00:00,0.0
2025-02-01 03:00:00,0.0
2025-02-01 04:00:00,0.0
2025-02-01 05:00:00,0.0
2025-02-01 06:00:00,0.0
2025-02-01 07:00:00,0.0
2025-02-01 08:00:00,0.0
2025-02-01 09:00:00,0.0
2025-02-01 10:00:00,0.0
2025-02-01 11:00:00,0.07959139238047414
2025-02-01 12:00:00,0.14186514108440276
2025-02-01 13:00:00,0.13254563744533895
2025-02-01 14:00:00,0.0538201127802996
2025-02-01 15:00:00,0.0
2025-02-01 16:00:00,0.0
2025-02-01 17:00:00,0.0
2025-02-01 18:00:00,0.0
2025-02-01 19:00:00,0.0
2025-02-01 20:00:00,0.0
2025-02-01 21:00:00,0.0
2025-02-01 22:00:00,0.0
2025-02-01 23:00:00,0.0
2025-02-02 00:00:00,0.0
2025-02-02 01:00:00,0.0
2025-02-02 02:00:00,0.0
2025-02-02 03:00:00,0.0
2025-02-02 04:00:00,0.0
2025-02-02 05:00:00,0.0
2025-02-02 06:00:00,0.0
2025-02-02 07:00:00,0.0
2025-02-02 08:00:00,0.0
2025-02-02 09:00:00,0.0
2025-02-02 10:00:00,0.0
2025-02-02 11:00:00,0.08244834720623516
2025-02-02 12:00:00,0.14674003621399379
2025-02-02 13:00:00,0.1365800334049103
2025-02-02 14:00:00,0.061222346805457045
2025-02-02 15:00:00,0.0
2025-02-02 16:00:00,0.0
2025-02-02 17:00:00,0.0
2025-02-02 18:00:00,0.0
2025-02-02 19:00:00,0.0
2025-02-02 20:00:00,0.0
2025-02-02 21:00:00,0.0
2025-02-02 22:00:00,0.0
2025-02-02 23:00:00,0.0
2025-02-03 00:00:00,0.0
2025-02-03 01:00:00,0.0
2025-02-03 02:00:00,0.0
2025-02-03 03:00:00,0.0
2025-02-03 04:00:00,0.0
2025-02-03 05:00:00,0.0
2025-02-03 06:00:00,0.0
2025-02-03 07:00:00,0.0
2025-02-03 08:00:00,0.0
2025-02-03 09:00:00,0.0
2025-02-03 10:00:00,0.0
2025-02-03 11:00:00,0.08888622534868876
2025-02-03 12:00:00,0.14743641510020986
2025-02-03 13:00:00,0.14022478268786182
2025-02-03 14:00:00,0.06903858878105844
2025-02-03 15:00:00,0.0
2025-02-03 16:00:00,0.0
2025-02-03 17:00:00,0.0
2025-02-03 18:00:00,0.0
2025-02-03 19:00:00,0.0
2025-02-03 20:00:00,0.0
2025-02-03 21:00:00,0.0
2025-02-03 22:00:00,0.0
2025-02-03 23:00:00,0.0
2025-02-04 00:00:00,0.0
2025-02-04 01:00:00,0.0
2025-02-04 02:00:00,0.0
2025-02-04 03:00:00,0.0
2025-02-04 04:00:00,0.0
2025-02-04 05:00:00,0.0
2025-02-04 06:00:00,0.0
2025-02-04 07:00:00,0.0
2025-02-04 08:00:00,0.0
2025-02-04 09:00:00,0.0
2025-02-04 10:00:00,0.0
2025-02-04 11:00:00,0.0
2025-02-04 12:00:00,0.10916501308087743
2025-02-04 13:00:00,0.12578475103997627
2025-02-04 14:00:00,0.06043524767171857
2025-02-04 15:00:00,0.0
2025-02-04 16:00:00,0.0
2025-02-04 17:00:00,0.0
2025-02-04 18:00:00,0.0
2025-02-04 19:00:00,0.0
2025-02-04 20:00:00,0.0
2025-02-04 21:00:00,0.0
2025-02-04 22:00:00,0.0
2025-02-04 23:00:00,0.0
2025-02-05 00:00:00,0.0
2025-02-05 01:00:00,0.0
2025-02-05 02:00:00,0.0
2025-02-05 03:00:00,0.0
2025-02-05 04:00:00,0.0
2025-02-05 05:00:00,0.0
2025-02-05 06:00:00,0.0
2025-02-05 07:00:00,0.0
2025-02-05 08:00:00,0.0
2025-02-05 09:00:00,0.0
2025-02-05 10:00:00,0.0
2025-02-05 11:00:00,0.0
2025-02-05 12:00:00,0.0
2025-02-05 13:00:00,0.0
2025-02-05 14:00:00,0.0
2025-02-05 15:00:00,0.0
2025-02-05 16:00:00,0.0
2025-02-05 17:00:00,0.0
2025-02-05 18:00:00,0.0
2025-02-05 19:00:00,0.0
2025-02-05 20:00:00,0.0
2025-02-05 21:00:00,0.0
2025-02-05 22:00:00,0.0
2025-02-05 23:00:00,0.0
2025-02-06 00:00:00,0.0
2025-02-06 01:00:00,0.0
2025-02-06 02:00:00,0.0
2025-02-06 03:00:00,0.0
2025-02-06 04:00:00,0.0
2025-02-06 05:00:00,0.0
2025-02-06 06:00:00,0.0
2025-02-06 07:00:00,0.0
2025-02-06 08:00:00,0.0
2025-02-06 09:00:00,0.0
2025-02-06 10:00:00,0.0
2025-02-06 11:00:00,0.0
2025-02-06 12:00:00,0.0
2025-02-06 13:00:00,0.0
2025-02-06 14:00:00,0.0
2025-02-06 15:00:00,0.0
2025-02-06 16:00:00,0.0
2025-02-06 17:00:00,0.0
2025-02-06 18:00:00,0.0
2025-02-06 19:00:00,0.0
2025-02-06 20:00:00,0.0
2025-02-06 21:00:00,0.0
2025-02-06 22:00:00,0.0
2025-02-06 23:00:00,0.0
2025-02-07 00:00:00,0.0
2025-02-07 01:00:00,0.0
2025-02-07 02:00:00,0.0
2025-02-07 03:00:00,0.0
2025-02-07 04:00:00,0.0
2025-02-07 05:00:00,0.0
2025-02-07 06:00:00,0.0
2025-02-07 07:00:00,0.0
2025-02-07 08:00:00,0.0
2025-02-07 09:00:00,0.0
2025-02-07 10:00:00,0.0
2025-02-07 11:00:00,0.0
2025-02-07 12:00:00,0.0
2025-02-07 13:00:00,0.0
2025-02-07 14:00:00,0.0
2025-02-07 15:00:00,0.0
2025-02-07 16:00:00,0.0
2025-02-07 17:00:00,0.0
2025-02-07 18:00:00,0.0
2025-02-07 19:00:00,0.0
2025-02-07 20:00:00,0.0
2025-02-07 21:00:00,0.0
2025-02-07 22:00:00,0.0
2025-02-07 23:00:00,0.0
2025-02-08 00:00:00,0.0
2025-02-08 01:00:00,0.0
2025-02-08 02:00:00,0.0
2025-02-08 03:00:00,0.0
2025-02-08 04:00:00,0.0
2025-02-08 05:00:00,0.0
2025-02-08 06:00:00,0.0
2025-02-08 07:00:00,0.0
2025-02-08 08:00:00,0.0
2025-02-08 09:00:00,0.0
2025-02-08 10:00:00,0.0
2025-02-08 11:00:00,0.10332581904421895
2025-02-08 12:00:00,0.1709004823046462
2025-02-08 13:00:00,0.13879682979055313
2025-02-08 14:00:00,0.09198521282806242
2025-02-08 15:00:00,0.0
2025-02-08 16:00:00,0.0
2025-02-08 17:00:00,0.0
2025-02-08 18:00:00,0.0
2025-02-08 19:00:00,0.0
2025-02-08 20:00:00,0.0
2025-02-08 21:00:00,0.0
2025-02-08 22:00:00,0.0
2025-02-08 23:00:00,0.0
2025-02-09 00:00:00,0.0
2025-02-09 01:00:00,0.0
2025-02-09 02:00:00,0.0
2025-02-09 03:00:00,0.0
2025-02-09 04:00:00,0.0
2025-02-09 05:00:00,0.0
2025-02-09 06:00:00,0.0
2025-02-09 07:00:00,0.0
2025-02-09 08:00:00,0.0
2025-02-09 09:00:00,0.0
2025-02-09 10:00:00,0.0
2025-02-09 11:00:00,0.0
2025-02-09 12:00:00,0.0
2025-02-09 13:00:00,0.0
2025-02-09 14:00:00,0.0
2025-02-09 15:00:00,0.0
2025-02-09 16:00:00,0.0
2025-02-09 17:00:00,0.0
2025-02-09 18:00:00,0.0
2025-02-09 19:00:00,0.0
2025-02-09 20:00:00,0.0
2025-02-09 21:00:00,0.0
2025-02-09 22:00:00,0.0
2025-02-09 23:00:00,0.0
2025-02-10 00:00:00,0.0
2025-02-10 01:00:00,0.0
2025-02-10 02:00:00,0.0
2025-02-10 03:00:00,0.0
2025-02-10 04:00:00,0.0
2025-02-10 05:00:00,0.0
2025-02-10 06:00:00,0.0
2025-02-10 07:00:00,0.0
2025-02-10 08:00:00,0.0
2025-02-10 09:00:00,0.0
2025-02-10 10:00:00,0.0
2025-02-10 11:00:00,0.0
2025-02-10 12:00:00,0.0
2025-02-10 13:00:00,0.0
2025-02-10 14:00:00,0.0
2025-02-10 15:00:00,0.0
2025-02-10 16:00:00,0.0
2025-02-10 17:00:00,0.0
2025-02-10 18:00:00,0.0
2025-02-10 19:00:00,0.0
2025-02-10 20:00:00,0.0
2025-02-10 21:00:00,0.0
2025-02-10 22:00:00,0.0
2025-02-10 23:00:00,0.0
2025-02-11 00:00:00,0.0
2025-02-11 01:00:00,0.0
2025-02-11 02:00:00,0.0
2025-02-11 03:00:00,0.0
2025-02-11 04:00:00,0.0
2025-02-11 05:00:00,0.0
2025-02-11 06:00:00,0.0
2025-02-11 07:00:00,0.0
2025-02-11 08:00:00,0.0
2025-02-11 09:00:00,0.0
2025-02-11 10:00:00,0.0
2025-02-11 11:00:00,0.0
2025-02-11 12:00:00,0.010647769520723424
2025-02-11 13:00:00,0.0
2025-02-11 14:00:00,0.0
2025-02-11 15:00:00,0.0
2025-02-11 16:00:00,0.0
2025-02-11 17:00:00,0.0
2025-02-11 18:00:00,0.0
2025-02-11 19:00:00,0.0
2025-02-11 20:00:00,0.0
2025-02-11 21:00:00,0.0
2025-02-11 22:00:00,0.0
2025-02-11 23:00:00,0.0
2025-02-12 00:00:00,0.0
2025-02-12 01:00:00,0.0
2025-02-12 02:00:00,0.0
2025-02-12 03:00:00,0.0
2025-02-12 04:00:00,0.0
2025-02-12 05:00:00,0.0
2025-02-12 06:00:00,0.0
2025-02-12 07:00:00,0.0
2025-02-12 08:00:00,0.0
2025-02-12 09:00:00,0.0
2025-02-12 10:00:00,0.0
2025-02-12 11:00:00,0.0
2025-02-12 12:00:00,0.0
2025-02-12 13:00:00,0.0
2025-02-12 14:00:00,0.0
2025-02-12 15:00:00,0.0
2025-02-12 16:00:00,0.0
2025-02-12 17:00:00,0.0
2025-02-12 18:00:00,0.0
2025-02-12 19:00:00,0.0
2025-02-12 20:00:00,0.0
2025-02-12 21:00:00,0.0
2025-02-12 22:00:00,0.0
2025-02-12 23:00:00,0.0
2025-02-13 00:00:00,0.0
2025-02-13 01:00:00,0.0
2025-02-13 02:00:00,0.0
2025-02-13 03:00:00,0.0
2025-02-13 04:00:00,0.0
2025-02-13 05:00:00,0.0
2025-02-13 06:00:00,0.0
2025-02-13 07:00:00,0.0
2025-02-13 08:00:00,0.0
2025-02-13 09:00:00,0.0
2025-02-13 10:00:00,0.0
2025-02-13 11:00:00,0.0
2025-02-13 12:00:00,0.0
2025-02-13 13:00:00,0.0
2025-02-13 14:00:00,0.0
2025-02-13 15:00:00,0.0
2025-02-13 16:00:00,0.0
2025-02-13 17:00:00,0.0
2025-02-13 18:00:00,0.0
2025-02-13 19:00:00,0.0
2025-02-13 20:00:00,0.0
2025-02-13 21:00:00,0.0
2025-02-13 22:00:00,0.0
2025-02-13 23:00:00,0.0
2025-02-14 00:00:00,0.0
2025-02-14 01:00:00,0.0
2025-02-14 02:00:00,0.0
2025-02-14 03:00:00,0.0
2025-02-14 04:00:00,0.0
2025-02-14 05:00:00,0.0
2025-02-14 06:00:00,0.0
2025-02-14 07:00:00,0.0
2025-02-14 08:00:00,0.0
2025-02-14 09:00:00,0.0
2025-02-14 10:00:00,0.0
2025-02-14 11:00:00,0.0
2025-02-14 12:00:00,0.0
2025-02-14 13:00:00,0.0
2025-02-14 14:00:00,0.0
2025-02-14 15:00:00,0.0
2025-02-14 16:00:00,0.0
2025-02-14 17:00:00,0.0
2025-02-14 18:00:00,0.0
2025-02-14 19:00:00,0.0
2025-02-14 20:00:00,0.0
2025-02-14 21:00:00,0.0
2025-02-14 22:00:00,0.0
2025-02-14 23:00:00,0.0
2025-02-15 00:00:00,0.0
2025-02-15 01:00:00,0.0
2025-02-15 02:00:00,0.0
2025-02-15 03:00:00,0.0
2025-02-15 04:00:00,0.0
2025-02-15 05:00:00,0.0
2025-02-15 06:00:00,0.0
2025-02-15 07:00:00,0.0
2025-02-15 08:00:00,0.0
2025-02-15 09:00:00,0.0
2025-02-15 10:00:00,0.0
2025-02-15 11:00:00,0.1146721626932351
2025-02-15 12:00:00,0.13001054442519963
2025-02-15 13:00:00,0.10596005446604641
2025-02-15 14:00:00,0.0
2025-02-15 15:00:00,0.0
2025-02-15 16:00:00,0.0
2025-02-15 17:00:00,0.0
2025-02-15 18:00:00,0.0
2025-02-15 19:00:00,0.0
2025-02-15 20:00:00,0.0
2025-02-15 21:00:00,0.0
2025-02-15 22:00:00,0.0
2025-02-15 23:00:00,0.0
2025-02-16 00:00:00,0.0
2025-02-16 01:00:00,0.0
2025-02-16 02:00:00,0.0
2025-02-16 03:00:00,0.0
2025-02-16 04:00:00,0.0
2025-02-16 05:00:00,0.0
2025-02-16 06:00:00,0.0
2025-02-16 07:00:00,0.0
2025-02-16 08:00:00,0.0
2025-02-16 09:00:00,0.0
2025-02-16 10:00:00,0.03289233974395589
2025-02-16 11:00:00,0.13828789531233507
2025-02-16 12:00:00,0.18224381995009664
2025-02-16 13:00:00,0.1879001764129096
2025-02-16 14:00:00,0.10429809926867731
2025-02-16 15:00:00,0.0
2025-02-16 16:00:00,0.0
2025-02-16 17:00:00,0.0
2025-02-16 18:00:00,0.0
2025-02-16 19:00:00,0.0
2025-02-16 20:00:00,0.0
2025-02-16 21:00:00,0.0
2025-02-16 22:00:00,0.0
2025-02-16 23:00:00,0.0
2025-02-17 00:00:00,0.0
2025-02-17 01:00:00,0.0
2025-02-17 02:00:00,0.0
2025-02-17 03:00:00,0.0
2025-02-17 04:00:00,0.0
2025-02-17 05:00:00,0.0
2025-02-17 06:00:00,0.0
2025-02-17 07:00:00,0.0
2025-02-17 08:00:00,0.0
2025-02-17 09:00:00,0.0
2025-02-17 10:00:00,0.040163524035267184
2025-02-17 11:00:00,0.17054755891817805
2025-02-17 12:00:00,0.23628413238301735
2025-02-17 13:00:00,0.21688194352228077
2025-02-17 14:00:00,0.1303846358099186
2025-02-17 15:00:00,0.0
2025-02-17 16:00:00,0.0
2025-02-17 17:00:00,0.0
2025-02-17 18:00:00,0.0
2025-02-17 19:00:00,0.0
2025-02-17 20:00:00,0.0
2025-02-17 21:00:00,0.0
2025-02-17 22:00:00,0.0
2025-02-17 23:00:00,0.0
2025-02-18 00:00:00,0.0
2025-02-18 01:00:00,0.0
2025-02-18 02:00:00,0.0
2025-02-18 03:00:00,0.0
2025-02-18 04:00:00,0.0
2025-02-18 05:00:00,0.0
2025-02-18 06:00:00,0.0
2025-02-18 07:00:00,0.0
2025-02-18 08:00:00,0.0
2025-02-18 09:00:00,0.0
2025-02-18 10:00:00,0.051020953364543174
2025-02-18 11:00:00,0.1800749918977719
2025-02-18 12:00:00,0.2443279852649651
2025-02-18 13:00:00,0.23589251918381093
2025-02-18 14:00:00,0.15547658457530625
2025-02-18 15:00:00,0.014270580644891978
2025-02-18 16:00:00,0.0
2025-02-18 17:00:00,0.0
2025-02-18 18:00:00,0.0
2025-02-18 19:00:00,0.0
2025-02-18 20:00:00,0.0
2025-02-18 21:00:00,0.0
2025-02-18 22:00:00,0.0
2025-02-18 23:00:00,0.0
2025-02-19 00:00:00,0.0
2025-02-19 01:00:00,0.0
2025-02-19 02:00:00,0.0
2025-02-19 03:00:00,0.0
2025-02-19 04:00:00,0.0
2025-02-19 05:00:00,0.0
2025-02-19 06:00:00,0.0
2025-02-19 07:00:00,0.0
2025-02-19 08:00:00,0.0
2025-02-19 09:00:00,0.0
2025-02-19 10:00:00,0.014339772661411
2025-02-19 11:00:00,0.12684028515549625
2025-02-19 12:00:00,0.1823115870692703
2025-02-19 13:00:00,0.16562846046641042
2025-02-19 14:00:00,0.08581837768258614
2025-02-19 15:00:00,0.0
2025-02-19 16:00:00,0.0
2025-02-19 17:00:00,0.0
2025-02-19 18:00:00,0.0
2025-02-19 19:00:00,0.0
2025-02-19 20:00:00,0.0
2025-02-19 21:00:00,0.0
2025-02-19 22:00:00,0.0
2025-02-19 23:00:00,0.0
2025-02-20 00:00:00,0.0
2025-02-20 01:00:00,0.0
2025-02-20 02:00:00,0.0
2025-02-20 03:00:00,0.0
2025-02-20 04:00:00,0.0
2025-02-20 05:00:00,0.0
2025-02-20 06:00:00,0.0
2025-02-20 07:00:00,0.0
2025-02-20 08:00:00,0.0
2025-02-20 09:00:00,0.0
2025-02-20 10:00:00,0.013289956775984695
2025-02-20 11:00:00,0.12214738982036541
2025-02-20 12:00:00,0.19291354303805594
2025-02-20 13:00:00,0.2406889363847088
2025-02-20 14:00:00,0.10542656600468527
2025-02-20 15:00:00,0.0
2025-02-20 16:00:00,0.0
2025-02-20 17:00:00,0.0
2025-02-20 18:00:00,0.0
2025-02-20 19:00:00,0.0
2025-02-20 20:00:00,0.0
2025-02-20 21:00:00,0.0
2025-02-20 22:00:00,0.0
2025-02-20 23:00:00,0.0
2025-02-21 00:00:00,0.0
2025-02-21 01:00:00,0.0
2025-02-21 02:00:00,0.0
2025-02-21 03:00:00,0.0
2025-02-21 04:00:00,0.0
2025-02-21 05:00:00,0.0
2025-02-21 06:00:00,0.0
2025-02-21 07:00:00,0.0
2025-02-21 08:00:00,0.0
2025-02-21 09:00:00,0.0
2025-02-21 10:00:00,0.07299187359107352
2025-02-21 11:00:00,0.2780758425452778
2025-02-21 12:00:00,0.33326215026530615
2025-02-21 13:00:00,0.31482402676013294
2025-02-21 14:00:00,0.1917271015988047
2025-02-21 15:00:00,0.12172793471184291
2025-02-21 16:00:00,0.0
2025-02-21 17:00:00,0.0
2025-02-21 18:00:00,0.0
2025-02-21 19:00:00,0.0
2025-02-21 20:00:00,0.0
2025-02-21 21:00:00,0.0
2025-02-21 22:00:00,0.0
2025-02-21 23:00:00,0.0
2025-02-22 00:00:00,0.0
2025-02-22 01:00:00,0.0
2025-02-22 02:00:00,0.0
2025-02-22 03:00:00,0.0
2025-02-22 04:00:00,0.0
2025-02-22 05:00:00,0.0
2025-02-22 06:00:00,0.0
2025-02-22 07:00:00,0.0
2025-02-22 08:00:00,0.0
2025-02-22 09:00:00,0.0
2025-02-22 10:00:00,0.0
2025-02-22 11:00:00,0.0
2025-02-22 12:00:00,0.0
2025-02-22 13:00:00,0.0
2025-02-22 14:00:00,0.0
2025-02-22 15:00:00,0.0
2025-02-22 16:00:00,0.0
2025-02-22 17:00:00,0.0
2025-02-22 18:00:00,0.0
2025-02-22 19:00:00,0.0
2025-02-22 20:00:00,0.0
2025-02-22 21:00:00,0.0
2025-02-22 22:00:00,0.0
2025-02-22 23:00:00,0.0
2025-02-23 00:00:00,0.0
2025-02-23 01:00:00,0.0
2025-02-23 02:00:00,0.0
2025-02-23 03:00:00,0.0
2025-02-23 04:00:00,0.0
2025-02-23 05:00:00,0.0
2025-02-23 06:00:00,0.0
2025-02-23 07:00:00,0.0
2025-02-23 08:00:00,0.0
2025-02-23 09:00:00,0.0
2025-02-23 10:00:00,0.1581772302083113
2025-02-23 11:00:00,0.2982825085029235
2025-02-23 12:00:00,0.29611715359287594
2025-02-23 13:00:00,0.2733219735764645
2025-02-23 14:00:00,0.11251253303459208
2025-02-23 15:00:00,0.007077935562342661
2025-02-23 16:00:00,0.0
2025-02-23 17:00:00,0.0
2025-02-23 18:00:00,0.0
2025-02-23 19:00:00,0.0
2025-02-23 20:00:00,0.0
2025-02-23 21:00:00,0.0
2025-02-23 22:00:00,0.0
2025-02-23 23:00:00,0.0
2025-02-24 00:00:00,0.0
2025-02-24 01:00:00,0.0
2025-02-24 02:00:00,0.0
2025-02-24 03:00:00,0.0
2025-02-24 04:00:00,0.0
2025-02-24 05:00:00,0.0
2025-02-24 06:00:00,0.0
2025-02-24 07:00:00,0.0
2025-02-24 08:00:00,0.0
2025-02-24 09:00:00,0.0
2025-02-24 10:00:00,0.0
2025-02-24 11:00:00,0.0
2025-02-24 12:00:00,0.0015758479574177792
2025-02-24 13:00:00,0.0
2025-02-24 14:00:00,0.0
2025-02-24 15:00:00,0.0
2025-02-24 16:00:00,0.0
2025-02-24 17:00:00,0.0
2025-02-24 18:00:00,0.0
2025-02-24 19:00:00,0.0
2025-02-24 20:00:00,0.0
2025-02-24 21:00:00,0.0
2025-02-24 22:00:00,0.0
2025-02-24 23:00:00,0.0
2025-02-25 00:00:00,0.0
2025-02-25 01:00:00,0.0
2025-02-25 02:00:00,0.0
2025-02-25 03:00:00,0.0
2025-02-25 04:00:00,0.0
2025-02-25 05:00:00,0.0
2025-02-25 06:00:00,0.0
2025-02-25 07:00:00,0.0
2025-02-25 08:00:00,0.0
2025-02-25 09:00:00,0.0
2025-02-25 10:00:00,0.10857568471288481
2025-02-25 11:00:00,0.1316113730123542
2025-02-25 12:00:00,0.17270372198362607
2025-02-25 13:00:00,0.14376435233141802
2025-02-25 14:00:00,0.02127411121351621
2025-02-25 15:00:00,0.0
2025-02-25 16:00:00,0.0
2025-02-25 17:00:00,0.0
2025-02-25 18:00:00,0.0
2025-02-25 19:00:00,0.0
2025-02-25 20:00:00,0.0
2025-02-25 21:00:00,0.0
2025-02-25 22:00:00,0.0
2025-02-25 23:00:00,0.0
2025-02-26 00:00:00,0.0
2025-02-26 01:00:00,0.0
2025-02-26 02:00:00,0.0
2025-02-26 03:00:00,0.0
2025-02-26 04:00:00,0.0
2025-02-26 05:00:00,0.0
2025-02-26 06:00:00,0.0
2025-02-26 07:00:00,0.0
2025-02-26 08:00:00,0.0
2025-02-26 09:00:00,0.0
2025-02-26 10:00:00,0.0
2025-02-26 11:00:00,0.14487814949050992
2025-02-26 12:00:00,0.14402604584171766
2025-02-26 13:00:00,0.12527133055556414
2025-02-26 14:00:00,0.09473144057607033
2025-02-26 15:00:00,0.0
2025-02-26 16:00:00,0.0
2025-02-26 17:00:00,0.0
2025-02-26 18:00:00,0.0
2025-02-26 19:00:00,0.0
2025-02-26 20:00:00,0.0
2025-02-26 21:00:00,0.0
2025-02-26 22:00:00,0.0
2025-02-26 23:00:00,0.0
2025-02-27 00:00:00,0.0
2025-02-27 01:00:00,0.0
2025-02-27 02:00:00,0.0
2025-02-27 03:00:00,0.0
2025-02-27 04:00:00,0.0
2025-02-27 05:00:00,0.0
2025-02-27 06:00:00,0.0
2025-02-27 07:00:00,0.0
2025-02-27 08:00:00,0.0
2025-02-27 09:00:00,0.0
2025-02-27 10:00:00,0.04631293589602304
2025-02-27 11:00:00,0.1315532750186359
2025-02-27 12:00:00,0.17807482485434054
2025-02-27 13:00:00,0.2831374133626361
2025-02-27 14:00:00,0.09681513317018667
2025-02-27 15:00:00,0.0
2025-02-27 16:00:00,0.0
2025-02-27 17:00:00,0.0
2025-02-27 18:00:00,0.0
2025-02-27 19:00:00,0.0
2025-02-27 20:00:00,0.0
2025-02-27 21:00:00,0.0
2025-02-27 22:00:00,0.0
2025-02-27 23:00:00,0.0
2025-02-28 00:00:00,0.0
2025-02-28 01:00:00,0.0
2025-02-28 02:00:00,0.0
2025-02-28 03:00:00,0.0
2025-02-28 04:00:00,0.0
2025-02-28 05:00:00,0.0
2025-02-28 06:00:00,0.0
2025-02-28 07:00:00,0.0
2025-02-28 08:00:00,0.0
2025-02-28 09:00:00,0.0
2025-02-28 10:00:00,0.0
2025-02-28 11:00:00,0.0
2025-02-28 12:00:00,0.0
2025-02-28 13:00:00,0.0
2025-02-28 14:00:00,0.0
2025-02-28 15:00:00,0.0
2025-02-28 16:00:00,0.0
2025-02-28 17:00:00,0.0
2025-02-28 18:00:00,0.0
2025-02-28 19:00:00,0.0
2025-02-28 20:00:00,0.0
2025-02-28 21:00:00,0.0
2025-02-28 22:00:00,0.0
2025-02-28 23:00:00,0.0
2025-03-01 00:00:00,0.0
2025-03-01 01:00:00,0.0
2025-03-01 02:00:00,0.0
2025-03-01 03:00:00,0.0
2025-03-01 04:00:00,0.0
2025-03-01 05:00:00,0.0
2025-03-01 06:00:00,0.0
2025-03-01 07:00:00,0.0
2025-03-01 08:00:00,0.0
2025-03-01 09:00:00,0.0
2025-03-01 10:00:00,0.0
2025-03-01 11:00:00,0.0
2025-03-01 12:00:00,0.0
2025-03-01 13:00:00,0.0
2025-03-01 14:00:00,0.0
2025-03-01 15:00:00,0.0
2025-03-01 16:00:00,0.0
2025-03-01 17:00:00,0.0
2025-03-01 18:00:00,0.0
2025-03-01 19:00:00,0.0
2025-03-01 20:00:00,0.0
2025-03-01 21:00:00,0.0
2025-03-01 22:00:00,0.0
2025-03-01 23:00:00,0.0
2025-03-02 00:00:00,0.0
2025-03-02 01:00:00,0.0
2025-03-02 02:00:00,0.0
2025-03-02 03:00:00,0.0
2025-03-02 04:00:00,0.0
2025-03-02 05:00:00,0.0
2025-03-02 06:00:00,0.0
2025-03-02 07:00:00,0.0
2025-03-02 08:00:00,0.0
2025-03-02 09:00:00,0.0
2025-03-02 10:00:00,0.13931837282120685
2025-03-02 11:00:00,0.3156713979149646
2025-03-02 12:00:00,0.3365727942291428
2025-03-02 13:00:00,0.37875835203923414
2025-03-02 14:00:00,0.29924276865304433
2025-03-02 15:00:00,0.1582961972410471
2025-03-02 16:00:00,0.0
2025-03-02 17:00:00,0.0
2025-03-02 18:00:00,0.0
2025-03-02 19:00:00,0.0
2025-03-02 20:00:00,0.0
2025-03-02 21:00:00,0.0
2025-03-02 22:00:00,0.0
2025-03-02 23:00:00,0.0
2025-03-03 00:00:00,0.0
2025-03-03 01:00:00,0.0
2025-03-03 02:00:00,0.0
2025-03-03 03:00:00,0.0
2025-03-03 04:00:00,0.0
2025-03-03 05:00:00,0.0
2025-03-03 06:00:00,0.0
2025-03-03 07:00:00,0.0
2025-03-03 08:00:00,0.0
2025-03-03 09:00:00,0.03910653805563001
2025-03-03 10:00:00,0.2309399231142341
2025-03-03 11:00:00,0.3658773368311379
2025-03-03 12:00:00,0.4295229624194536
2025-03-03 13:00:00,0.416973760901937
2025-03-03 14:00:00,0.3313608905629894
2025-03-03 15:00:00,0.18656692136698294
2025-03-03 16:00:00,0.0
2025-03-03 17:00:00,0.0
2025-03-03 18:00:00,0.0
2025-03-03 19:00:00,0.0
2025-03-03 20:00:00,0.0
2025-03-03 21:00:00,0.0
2025-03-03 22:00:00,0.0
2025-03-03 23:00:00,0.0
2025-03-04 00:00:00,0.0
2025-03-04 01:00:00,0.0
2025-03-04 02:00:00,0.0
2025-03-04 03:00:00,0.0
2025-03-04 04:00:00,0.0
2025-03-04 05:00:00,0.0
2025-03-04 06:00:00,0.0
2025-03-04 07:00:00,0.0
2025-03-04 08:00:00,0.0
2025-03-04 09:00:00,0.03543661221427491
2025-03-04 10:00:00,0.2441433681453011
2025-03-04 11:00:00,0.3860951497773209
2025-03-04 12:00:00,0.4466526384683473
2025-03-04 13:00:00,0.4369848570518887
2025-03-04 14:00:00,0.3594072835179697
2025-03-04 15:00:00,0.20800631464378022
2025-03-04 16:00:00,0.009719650319231018
2025-03-04 17:00:00,0.0
2025-03-04 18:00:00,0.0
2025-03-04 19:00:00,0.0
2025-03-04 20:00:00,0.0
2025-03-04 21:00:00,0.0
2025-03-04 22:00:00,0.0
2025-03-04 23:00:00,0.0
2025-03-05 00:00:00,0.0
2025-03-05 01:00:00,0.0
2025-03-05 02:00:00,0.0
2025-03-05 03:00:00,0.0
2025-03-05 04:00:00,0.0
2025-03-05 05:00:00,0.0
2025-03-05 06:00:00,0.0
2025-03-05 07:00:00,0.0
2025-03-05 08:00:00,0.0
2025-03-05 09:00:00,0.08608486267532382
2025-03-05 10:00:00,0.2868510249712686
2025-03-05 11:00:00,0.42556443626813867
2025-03-05 12:00:00,0.49124799192096236
2025-03-05 13:00:00,0.4795957202882401
2025-03-05 14:00:00,0.39347783941545406
2025-03-05 15:00:00,0.24262203659222698
2025-03-05 16:00:00,0.043967477944713354
2025-03-05 17:00:00,0.0
2025-03-05 18:00:00,0.0
2025-03-05 19:00:00,0.0
2025-03-05 20:00:00,0.0
2025-03-05 21:00:00,0.0
2025-03-05 22:00:00,0.0
2025-03-05 23:00:00,0.0
2025-03-06 00:00:00,0.0
2025-03-06 01:00:00,0.0
2025-03-06 02:00:00,0.0
2025-03-06 03:00:00,0.0
2025-03-06 04:00:00,0.0
2025-03-06 05:00:00,0.0
2025-03-06 06:00:00,0.0
2025-03-06 07:00:00,0.0
2025-03-06 08:00:00,0.0
2025-03-06 09:00:00,0.11359035284295642
2025-03-06 10:00:00,0.3063019084560445
2025-03-06 11:00:00,0.42727107984689655
2025-03-06 12:00:00,0.4756617290989123
2025-03-06 13:00:00,0.475538976936845
2025-03-06 14:00:00,0.38498232564666063
2025-03-06 15:00:00,0.25083590357163893
2025-03-06 16:00:00,0.05367615299385031
2025-03-06 17:00:00,0.0
2025-03-06 18:00:00,0.0
2025-03-06 19:00:00,0.0
2025-03-06 20:00:00,0.0
2025-03-06 21:00:00,0.0
2025-03-06 22:00:00,0.0
2025-03-06 23:00:00,0.0
2025-03-07 00:00:00,0.0
2025-03-07 01:00:00,0.0
2025-03-07 02:00:00,0.0
2025-03-07 03:00:00,0.0
2025-03-07 04:00:00,0.0
2025-03-07 05:00:00,0.0
2025-03-07 06:00:00,0.0
2025-03-07 07:00:00,0.0
2025-03-07 08:00:00,0.0
2025-03-07 09:00:00,0.09796769533497876
2025-03-07 10:00:00,0.2836244752019906
2025-03-07 11:00:00,0.40806076277705544
2025-03-07 12:00:00,0.4745250468691861
2025-03-07 13:00:00,0.4512313278596138
2025-03-07 14:00:00,0.35458835459700305
2025-03-07 15:00:00,0.20900770877355918
2025-03-07 16:00:00,0.02935404431543009
2025-03-07 17:00:00,0.0
2025-03-07 18:00:00,0.0
2025-03-07 19:00:00,0.0
2025-03-07 20:00:00,0.0
2025-03-07 21:00:00,0.0
2025-03-07 22:00:00,0.0
2025-03-07 23:00:00,0.0
2025-03-08 00:00:00,0.0
2025-03-08 01:00:00,0.0
2025-03-08 02:00:00,0.0
2025-03-08 03:00:00,0.0
2025-03-08 04:00:00,0.0
2025-03-08 05:00:00,0.0
2025-03-08 06:00:00,0.0
2025-03-08 07:00:00,0.0
2025-03-08 08:00:00,0.0
2025-03-08 09:00:00,0.1319135863417759
2025-03-08 10:00:00,0.32012493708690376
2025-03-08 11:00:00,0.4424665823045961
2025-03-08 12:00:00,0.5091201999979614
2025-03-08 13:00:00,0.4941750173409782
2025-03-08 14:00:00,0.40513526306601266
2025-03-08 15:00:00,0.25229183229335
2025-03-08 16:00:00,0.05907516770658762
2025-03-08 17:00:00,0.0
2025-03-08 18:00:00,0.0
2025-03-08 19:00:00,0.0
2025-03-08 20:00:00,0.0
2025-03-08 21:00:00,0.0
2025-03-08 22:00:00,0.0
2025-03-08 23:00:00,0.0
2025-03-09 00:00:00,0.0
2025-03-09 01:00:00,0.0
2025-03-09 02:00:00,0.0
2025-03-09 03:00:00,0.0
2025-03-09 04:00:00,0.0
2025-03-09 05:00:00,0.0
2025-03-09 06:00:00,0.0
2025-03-09 07:00:00,0.0
2025-03-09 08:00:00,0.0
2025-03-09 09:00:00,0.1389003697060127
2025-03-09 10:00:00,0.3274798298748415
2025-03-09 11:00:00,0.45752239671624045
2025-03-09 12:00:00,0.5174055248891085
2025-03-09 13:00:00,0.5018740183680707
2025-03-09 14:00:00,0.41491123203423924
2025-03-09 15:00:00,0.26525806326725077
2025-03-09 16:00:00,0.07003401431349227
2025-03-09 17:00:00,0.0
2025-03-09 18:00:00,0.0
2025-03-09 19:00:00,0.0
2025-03-09 20:00:00,0.0
2025-03-09 21:00:00,0.0
2025-03-09 22:00:00,0.0
2025-03-09 23:00:00,0.0
2025-03-10 00:00:00,0.0
2025-03-10 01:00:00,0.0
2025-03-10 02:00:00,0.0
2025-03-10 03:00:00,0.0
2025-03-10 04:00:00,0.0
2025-03-10 05:00:00,0.0
2025-03-10 06:00:00,0.0
2025-03-10 07:00:00,0.0
2025-03-10 08:00:00,0.0
2025-03-10 09:00:00,0.12540259317295074
2025-03-10 10:00:00,0.3182477947711145
2025-03-10 11:00:00,0.4447045117914942
2025-03-10 12:00:00,0.5200378927111186
2025-03-10 13:00:00,0.5120852623948927
2025-03-10 14:00:00,0.42871151870288476
2025-03-10 15:00:00,0.2731594151292009
2025-03-10 16:00:00,0.07023405700213352
2025-03-10 17:00:00,0.0
2025-03-10 18:00:00,0.0
2025-03-10 19:00:00,0.0
2025-03-10 20:00:00,0.0
2025-03-10 21:00:00,0.0
2025-03-10 22:00:00,0.0
2025-03-10 23:00:00,0.0
2025-03-11 00:00:00,0.0
2025-03-11 01:00:00,0.0
2025-03-11 02:00:00,0.0
2025-03-11 03:00:00,0.0
2025-03-11 04:00:00,0.0
2025-03-11 05:00:00,0.0
2025-03-11 06:00:00,0.0
2025-03-11 07:00:00,0.0
2025-03-11 08:00:00,0.0
2025-03-11 09:00:00,0.0
2025-03-11 10:00:00,0.0
2025-03-11 11:00:00,0.0
2025-03-11 12:00:00,0.0
2025-03-11 13:00:00,0.06477914717899975
2025-03-11 14:00:00,0.0
2025-03-11 15:00:00,0.0
2025-03-11 16:00:00,0.0
2025-03-11 17:00:00,0.0
2025-03-11 18:00:00,0.0
2025-03-11 19:00:00,0.0
2025-03-11 20:00:00,0.0
2025-03-11 21:00:00,0.0
2025-03-11 22:00:00,0.0
2025-03-11 23:00:00,0.0
2025-03-12 00:00:00,0.0
2025-03-12 01:00:00,0.0
2025-03-12 02:00:00,0.0
2025-03-12 03:00:00,0.0
2025-03-12 04:00:00,0.0
2025-03-12 05:00:00,0.0
2025-03-12 06:00:00,0.0
2025-03-12 07:00:00,0.0
2025-03-12 08:00:00,0.0
2025-03-12 09:00:00,0.0
2025-03-12 10:00:00,0.11423222100625767
2025-03-12 11:00:00,0.029781666795059284
2025-03-12 12:00:00,0.04115702338689952
2025-03-12 13:00:00,0.015202695659438242
2025-03-12 14:00:00,0.05554290453536079
2025-03-12 15:00:00,0.0
2025-03-12 16:00:00,0.0
2025-03-12 17:00:00,0.0
2025-03-12 18:00:00,0.0
2025-03-12 19:00:00,0.0
2025-03-12 20:00:00,0.0
2025-03-12 21:00:00,0.0
2025-03-12 22:00:00,0.0
2025-03-12 23:00:00,0.0
2025-03-13 00:00:00,0.0
2025-03-13 01:00:00,0.0
2025-03-13 02:00:00,0.0
2025-03-13 03:00:00,0.0
2025-03-13 04:00:00,0.0
2025-03-13 05:00:00,0.0
2025-03-13 06:00:00,0.0
2025-03-13 07:00:00,0.0
2025-03-13 08:00:00,0.0
2025-03-13 09:00:00,0.0
2025-03-13 10:00:00,0.17806429474458407
2025-03-13 11:00:00,0.1724616549998397
2025-03-13 12:00:00,0.20899914720901488
2025-03-13 13:00:00,0.2038019711409021
2025-03-13 14:00:00,0.0679439530526562
2025-03-13 15:00:00,0.0
2025-03-13 16:00:00,0.0
2025-03-13 17:00:00,0.0
2025-03-13 18:00:00,0.0
2025-03-13 19:00:00,0.0
2025-03-13 20:00:00,0.0
2025-03-13 21:00:00,0.0
2025-03-13 22:00:00,0.0
2025-03-13 23:00:00,0.0
2025-03-14 00:00:00,0.0
2025-03-14 01:00:00,0.0
2025-03-14 02:00:00,0.0
2025-03-14 03:00:00,0.0
2025-03-14 04:00:00,0.0
2025-03-14 05:00:00,0.0
2025-03-14 06:00:00,0.0
2025-03-14 07:00:00,0.0
2025-03-14 08:00:00,0.0
2025-03-14 09:00:00,0.0
2025-03-14 10:00:00,0.10152063697264031
2025-03-14 11:00:00,0.184095135307729
2025-03-14 12:00:00,0.23715782084262946
2025-03-14 13:00:00,0.16866002679299422
2025-03-14 14:00:00,0.1337558271894539
2025-03-14 15:00:00,0.08059535255396263
2025-03-14 16:00:00,0.0
2025-03-14 17:00:00,0.0
2025-03-14 18:00:00,0.0
2025-03-14 19:00:00,0.0
2025-03-14 20:00:00,0.0
2025-03-14 21:00:00,0.0
2025-03-14 22:00:00,0.0
2025-03-14 23:00:00,0.0
2025-03-15 00:00:00,0.0
2025-03-15 01:00:00,0.0
2025-03-15 02:00:00,0.0
2025-03-15 03:00:00,0.0
2025-03-15 04:00:00,0.0
2025-03-15 05:00:00,0.0
2025-03-15 06:00:00,0.0
2025-03-15 07:00:00,0.0
2025-03-15 08:00:00,0.0
2025-03-15 09:00:00,0.028721693847424724
2025-03-15 10:00:00,0.21317395358559635
2025-03-15 11:00:00,0.31465394175453104
2025-03-15 12:00:00,0.2778037829595207
2025-03-15 13:00:00,0.18557054906344644
2025-03-15 14:00:00,0.10130421731750101
2025-03-15 15:00:00,0.0
2025-03-15 16:00:00,0.0
2025-03-15 17:00:00,0.0
2025-03-15 18:00:00,0.0
2025-03-15 19:00:00,0.0
2025-03-15 20:00:00,0.0
2025-03-15 21:00:00,0.0
2025-03-15 22:00:00,0.0
2025-03-15 23:00:00,0.0
2025-03-16 00:00:00,0.0
2025-03-16 01:00:00,0.0
2025-03-16 02:00:00,0.0
2025-03-16 03:00:00,0.0
2025-03-16 04:00:00,0.0
2025-03-16 05:00:00,0.0
2025-03-16 06:00:00,0.0
2025-03-16 07:00:00,0.0
2025-03-16 08:00:00,0.0
2025-03-16 09:00:00,0.0964731533959537
2025-03-16 10:00:00,0.29086526046743294
2025-03-16 11:00:00,0.43044532186662476
2025-03-16 12:00:00,0.4553895488171303
2025-03-16 13:00:00,0.23086125018210335
2025-03-16 14:00:00,0.10820815939034001
2025-03-16 15:00:00,0.1355885473665465
2025-03-16 16:00:00,0.0
2025-03-16 17:00:00,0.0
2025-03-16 18:00:00,0.0
2025-03-16 19:00:00,0.0
2025-03-16 20:00:00,0.0
2025-03-16 21:00:00,0.0
2025-03-16 22:00:00,0.0
2025-03-16 23:00:00,0.0
2025-03-17 00:00:00,0.0
2025-03-17 01:00:00,0.0
2025-03-17 02:00:00,0.0
2025-03-17 03:00:00,0.0
2025-03-17 04:00:00,0.0
2025-03-17 05:00:00,0.0
2025-03-17 06:00:00,0.0
2025-03-17 07:00:00,0.0
2025-03-17 08:00:00,0.0
2025-03-17 09:00:00,0.0
2025-03-17 10:00:00,0.0
2025-03-17 11:00:00,0.12378568643896289
2025-03-17 12:00:00,0.028748210413201688
2025-03-17 13:00:00,0.04379641928037724
2025-03-17 14:00:00,0.11742441756163258
2025-03-17 15:00:00,0.1764634819199922
2025-03-17 16:00:00,0.04638269612011833
2025-03-17 17:00:00,0.0
2025-03-17 18:00:00,0.0
2025-03-17 19:00:00,0.0
2025-03-17 20:00:00,0.0
2025-03-17 21:00:00,0.0
2025-03-17 22:00:00,0.0
2025-03-17 23:00:00,0.0
2025-03-18 00:00:00,0.0
2025-03-18 01:00:00,0.0
2025-03-18 02:00:00,0.0
2025-03-18 03:00:00,0.0
2025-03-18 04:00:00,0.0
2025-03-18 05:00:00,0.0
2025-03-18 06:00:00,0.0
2025-03-18 07:00:00,0.0
2025-03-18 08:00:00,0.0
2025-03-18 09:00:00,0.16098293882460782
2025-03-18 10:00:00,0.35049824916428357
2025-03-18 11:00:00,0.4823066677759954
2025-03-18 12:00:00,0.5437771948236184
2025-03-18 13:00:00,0.530081515074815
2025-03-18 14:00:00,0.44237632692402296
2025-03-18 15:00:00,0.28931479385442005
2025-03-18 16:00:00,0.08620504476180321
2025-03-18 17:00:00,0.0
2025-03-18 18:00:00,0.0
2025-03-18 19:00:00,0.0
2025-03-18 20:00:00,0.0
2025-03-18 21:00:00,0.0
2025-03-18 22:00:00,0.0
2025-03-18 23:00:00,0.0
2025-03-19 00:00:00,0.0
2025-03-19 01:00:00,0.0
2025-03-19 02:00:00,0.0
2025-03-19 03:00:00,0.0
2025-03-19 04:00:00,0.0
2025-03-19 05:00:00,0.0
2025-03-19 06:00:00,0.0
2025-03-19 07:00:00,0.0
2025-03-19 08:00:00,0.0
2025-03-19 09:00:00,0.20661139243204396
2025-03-19 10:00:00,0.39844984011038276
2025-03-19 11:00:00,0.529622640154467
2025-03-19 12:00:00,0.5895088845233788
2025-03-19 13:00:00,0.5748602536876719
2025-03-19 14:00:00,0.4876519141235594
2025-03-19 15:00:00,0.3368351078929786
2025-03-19 16:00:00,0.13790780471198164
2025-03-19 17:00:00,0.0
2025-03-19 18:00:00,0.0
2025-03-19 19:00:00,0.0
2025-03-19 20:00:00,0.0
2025-03-19 21:00:00,0.0
2025-03-19 22:00:00,0.0
2025-03-19 23:00:00,0.0
2025-03-20 00:00:00,0.0
2025-03-20 01:00:00,0.0
2025-03-20 02:00:00,0.0
2025-03-20 03:00:00,0.0
2025-03-20 04:00:00,0.0
2025-03-20 05:00:00,0.0
2025-03-20 06:00:00,0.0
2025-03-20 07:00:00,0.0
2025-03-20 08:00:00,0.0
2025-03-20 09:00:00,0.19459221722895725
2025-03-20 10:00:00,0.391956388446635
2025-03-20 11:00:00,0.48963797651312696
2025-03-20 12:00:00,0.5539301503555416
2025-03-20 13:00:00,0.5038265937444257
2025-03-20 14:00:00,0.38918856533587876
2025-03-20 15:00:00,0.19150739601713496
2025-03-20 16:00:00,0.01835181361854787
2025-03-20 17:00:00,0.0
2025-03-20 18:00:00,0.0
2025-03-20 19:00:00,0.0
2025-03-20 20:00:00,0.0
2025-03-20 21:00:00,0.0
2025-03-20 22:00:00,0.0
2025-03-20 23:00:00,0.0
2025-03-21 00:00:00,0.0
2025-03-21 01:00:00,0.0
2025-03-21 02:00:00,0.0
2025-03-21 03:00:00,0.0
2025-03-21 04:00:00,0.0
2025-03-21 05:00:00,0.0
2025-03-21 06:00:00,0.0
2025-03-21 07:00:00,0.0
2025-03-21 08:00:00,0.029353952164054342
2025-03-21 09:00:00,0.25929143593612214
2025-03-21 10:00:00,0.44408637028718473
2025-03-21 11:00:00,0.5692640314126995
2025-03-21 12:00:00,0.6208990879323129
2025-03-21 13:00:00,0.5915100803939869
2025-03-21 14:00:00,0.4787081168371751
2025-03-21 15:00:00,0.3432737443475903
2025-03-21 16:00:00,0.1545611601548813
2025-03-21 17:00:00,0.0
2025-03-21 18:00:00,0.0
2025-03-21 19:00:00,0.0
2025-03-21 20:00:00,0.0
2025-03-21 21:00:00,0.0
2025-03-21 22:00:00,0.0
2025-03-21 23:00:00,0.0
2025-03-22 00:00:00,0.0
2025-03-22 01:00:00,0.0
2025-03-22 02:00:00,0.0
2025-03-22 03:00:00,0.0
2025-03-22 04:00:00,0.0
2025-03-22 05:00:00,0.0
2025-03-22 06:00:00,0.0
2025-03-22 07:00:00,0.0
2025-03-22 08:00:00,0.0
2025-03-22 09:00:00,0.047277382311073285
2025-03-22 10:00:00,0.18258947114249074
2025-03-22 11:00:00,0.2603579156998601
2025-03-22 12:00:00,0.23245876938017454
2025-03-22 13:00:00,0.34156735204651845
2025-03-22 14:00:00,0.36760697658565
2025-03-22 15:00:00,0.23810853415075822
2025-03-22 16:00:00,0.11169378251338496
2025-03-22 17:00:00,0.0
2025-03-22 18:00:00,0.0
2025-03-22 19:00:00,0.0
2025-03-22 20:00:00,0.0
2025-03-22 21:00:00,0.0
2025-03-22 22:00:00,0.0
2025-03-22 23:00:00,0.0
2025-03-23 00:00:00,0.0
2025-03-23 01:00:00,0.0
2025-03-23 02:00:00,0.0
2025-03-23 03:00:00,0.0
2025-03-23 04:00:00,0.0
2025-03-23 05:00:00,0.0
2025-03-23 06:00:00,0.0
2025-03-23 07:00:00,0.0
2025-03-23 08:00:00,0.0
2025-03-23 09:00:00,0.0
2025-03-23 10:00:00,0.010197292665280293
2025-03-23 11:00:00,0.24275953646525922
2025-03-23 12:00:00,0.3694763609146264
2025-03-23 13:00:00,0.25381411454481484
2025-03-23 14:00:00,0.18101303845218297
2025-03-23 15:00:00,0.12115086963777383
2025-03-23 16:00:00,0.0
2025-03-23 17:00:00,0.0
2025-03-23 18:00:00,0.0
2025-03-23 19:00:00,0.0
2025-03-23 20:00:00,0.0
2025-03-23 21:00:00,0.0
2025-03-23 22:00:00,0.0
2025-03-23 23:00:00,0.0
2025-03-24 00:00:00,0.0
2025-03-24 01:00:00,0.0
2025-03-24 02:00:00,0.0
2025-03-24 03:00:00,0.0
2025-03-24 04:00:00,0.0
2025-03-24 05:00:00,0.0
2025-03-24 06:00:00,0.0
2025-03-24 07:00:00,0.0
2025-03-24 08:00:00,0.04670731811464643
2025-03-24 09:00:00,0.2637653320618581
2025-03-24 10:00:00,0.443108370562083
2025-03-24 11:00:00,0.49359693284694334
2025-03-24 12:00:00,0.42533922887374814
2025-03-24 13:00:00,0.28466706403933856
2025-03-24 14:00:00,0.2241971221285432
2025-03-24 15:00:00,0.1445910799354388
2025-03-24 16:00:00,0.013723330536512118
2025-03-24 17:00:00,0.0
2025-03-24 18:00:00,0.0
2025-03-24 19:00:00,0.0
2025-03-24 20:00:00,0.0
2025-03-24 21:00:00,0.0
2025-03-24 22:00:00,0.0
2025-03-24 23:00:00,0.0
2025-03-25 00:00:00,0.0
2025-03-25 01:00:00,0.0
2025-03-25 02:00:00,0.0
2025-03-25 03:00:00,0.0
2025-03-25 04:00:00,0.0
2025-03-25 05:00:00,0.0
2025-03-25 06:00:00,0.0
2025-03-25 07:00:00,0.0
2025-03-25 08:00:00,0.0
2025-03-25 09:00:00,0.0
2025-03-25 10:00:00,0.11579093351278191
2025-03-25 11:00:00,0.340786046526071
2025-03-25 12:00:00,0.38260202890797745
2025-03-25 13:00:00,0.43531654781269796
2025-03-25 14:00:00,0.29489733654940486
2025-03-25 15:00:00,0.11658604380357215
2025-03-25 16:00:00,0.0
2025-03-25 17:00:00,0.0
2025-03-25 18:00:00,0.0
2025-03-25 19:00:00,0.0
2025-03-25 20:00:00,0.0
2025-03-25 21:00:00,0.0
2025-03-25 22:00:00,0.0
2025-03-25 23:00:00,0.0
2025-03-26 00:00:00,0.0
2025-03-26 01:00:00,0.0
2025-03-26 02:00:00,0.0
2025-03-26 03:00:00,0.0
2025-03-26 04:00:00,0.0
2025-03-26 05:00:00,0.0
2025-03-26 06:00:00,0.0
2025-03-26 07:00:00,0.0
2025-03-26 08:00:00,0.0
2025-03-26 09:00:00,0.0
2025-03-26 10:00:00,0.0
2025-03-26 11:00:00,0.0
2025-03-26 12:00:00,0.026947935263517412
2025-03-26 13:00:00,0.014597535231103926
2025-03-26 14:00:00,0.06262786305423972
2025-03-26 15:00:00,0.0
2025-03-26 16:00:00,0.0
2025-03-26 17:00:00,0.0
2025-03-26 18:00:00,0.0
2025-03-26 19:00:00,0.0
2025-03-26 20:00:00,0.0
2025-03-26 21:00:00,0.0
2025-03-26 22:00:00,0.0
2025-03-26 23:00:00,0.0
2025-03-27 00:00:00,0.0
2025-03-27 01:00:00,0.0
2025-03-27 02:00:00,0.0
2025-03-27 03:00:00,0.0
2025-03-27 04:00:00,0.0
2025-03-27 05:00:00,0.0
2025-03-27 06:00:00,0.0
2025-03-27 07:00:00,0.0
2025-03-27 08:00:00,0.0
2025-03-27 09:00:00,0.1719286498582925
2025-03-27 10:00:00,0.41490887000043825
2025-03-27 11:00:00,0.5463475971032539
2025-03-27 12:00:00,0.6279394134392977
2025-03-27 13:00:00,0.6093168360339586
2025-03-27 14:00:00,0.5241039707106973
2025-03-27 15:00:00,0.37290133090664235
2025-03-27 16:00:00,0.17447133329486997
2025-03-27 17:00:00,0.0
2025-03-27 18:00:00,0.0
2025-03-27 19:00:00,0.0
2025-03-27 20:00:00,0.0
2025-03-27 21:00:00,0.0
2025-03-27 22:00:00,0.0
2025-03-27 23:00:00,0.0
2025-03-28 00:00:00,0.0
2025-03-28 01:00:00,0.0
2025-03-28 02:00:00,0.0
2025-03-28 03:00:00,0.0
2025-03-28 04:00:00,0.0
2025-03-28 05:00:00,0.0
2025-03-28 06:00:00,0.0
2025-03-28 07:00:00,0.0
2025-03-28 08:00:00,0.0841568533686813
2025-03-28 09:00:00,0.3093420567623416
2025-03-28 10:00:00,0.49043789063201976
2025-03-28 11:00:00,0.6094649192367939
2025-03-28 12:00:00,0.6573861079744212
2025-03-28 13:00:00,0.5825477951155502
2025-03-28 14:00:00,0.37488924016625175
2025-03-28 15:00:00,0.2043031665660889
2025-03-28 16:00:00,0.0556421848956045
2025-03-28 17:00:00,0.0
2025-03-28 18:00:00,0.0
2025-03-28 19:00:00,0.0
2025-03-28 20:00:00,0.0
2025-03-28 21:00:00,0.0
2025-03-28 22:00:00,0.0
2025-03-28 23:00:00,0.0
2025-03-29 00:00:00,0.0
2025-03-29 01:00:00,0.0
2025-03-29 02:00:00,0.0
2025-03-29 03:00:00,0.0
2025-03-29 04:00:00,0.0
2025-03-29 05:00:00,0.0
2025-03-29 06:00:00,0.0
2025-03-29 07:00:00,0.0
2025-03-29 08:00:00,0.043966024052909135
2025-03-29 09:00:00,0.2802572141515745
2025-03-29 10:00:00,0.4404528780109938
2025-03-29 11:00:00,0.5156952133768767
2025-03-29 12:00:00,0.44169485598281166
2025-03-29 13:00:00,0.41427427209624235
2025-03-29 14:00:00,0.41176473911968775
2025-03-29 15:00:00,0.3345007549914483
2025-03-29 16:00:00,0.1786066308388156
2025-03-29 17:00:00,0.0
2025-03-29 18:00:00,0.0
2025-03-29 19:00:00,0.0
2025-03-29 20:00:00,0.0
2025-03-29 21:00:00,0.0
2025-03-29 22:00:00,0.0
2025-03-29 23:00:00,0.0
2025-03-30 00:00:00,0.0
2025-03-30 01:00:00,0.0
2025-03-30 02:00:00,0.0
2025-03-30 03:00:00,0.0
2025-03-30 04:00:00,0.0
2025-03-30 05:00:00,0.0
2025-03-30 06:00:00,0.0
2025-03-30 07:00:00,0.0
2025-03-30 08:00:00,0.0
2025-03-30 09:00:00,0.0
2025-03-30 10:00:00,0.0
2025-03-30 11:00:00,0.17225308422288235
2025-03-30 12:00:00,0.18706622361979097
2025-03-30 13:00:00,0.2617724262056264
2025-03-30 14:00:00,0.1957571932197854
2025-03-30 15:00:00,0.09769270919345742
2025-03-30 16:00:00,0.0
2025-03-30 17:00:00,0.0
2025-03-30 18:00:00,0.0
2025-03-30 19:00:00,0.0
2025-03-30 20:00:00,0.0
2025-03-30 21:00:00,0.0
2025-03-30 22:00:00,0.0
2025-03-30 23:00:00,0.0
2025-03-31 00:00:00,0.0
2025-03-31 01:00:00,0.0
2025-03-31 02:00:00,0.0
2025-03-31 03:00:00,0.0
2025-03-31 04:00:00,0.0
2025-03-31 05:00:00,0.0
2025-03-31 06:00:00,0.0
2025-03-31 07:00:00,0.0
2025-03-31 08:00:00,0.0
2025-03-31 09:00:00,0.152029103198597
2025-03-31 10:00:00,0.2047200893347613
2025-03-31 11:00:00,0.256475405398805
2025-03-31 12:00:00,0.31423114957675463
2025-03-31 13:00:00,0.42900485559537715
2025-03-31 14:00:00,0.45914821520729093
2025-03-31 15:00:00,0.268360682641571
2025-03-31 16:00:00,0.09283574189922922
2025-03-31 17:00:00,0.0
2025-03-31 18:00:00,0.0
2025-03-31 19:00:00,0.0
2025-03-31 20:00:00,0.0
2025-03-31 21:00:00,0.0
2025-03-31 22:00:00,0.0
2025-03-31 23:00:00,0.0
2025-04-01 00:00:00,0.0
2025-04-01 01:00:00,0.0
2025-04-01 02:00:00,0.0
2025-04-01 03:00:00,0.0
2025-04-01 04:00:00,0.0
2025-04-01 05:00:00,0.0
2025-04-01 06:00:00,0.0
2025-04-01 07:00:00,0.0
2025-04-01 08:00:00,0.08646793566134423
2025-04-01 09:00:00,0.30743818098512754
2025-04-01 10:00:00,0.4692897934876907
2025-04-01 11:00:00,0.5192212452886679
2025-04-01 12:00:00,0.41028664974602985
2025-04-01 13:00:00,0.30829069738510423
2025-04-01 14:00:00,0.24840698076139914
2025-04-01 15:00:00,0.15349911738757654
2025-04-01 16:00:00,0.06386042936749245
2025-04-01 17:00:00,0.0
2025-04-01 18:00:00,0.0
2025-04-01 19:00:00,0.0
2025-04-01 20:00:00,0.0
2025-04-01 21:00:00,0.0
2025-04-01 22:00:00,0.0
2025-04-01 23:00:00,0.0
2025-04-02 00:00:00,0.0
2025-04-02 01:00:00,0.0
2025-04-02 02:00:00,0.0
2025-04-02 03:00:00,0.0
2025-04-02 04:00:00,0.0
2025-04-02 05:00:00,0.0
2025-04-02 06:00:00,0.0
2025-04-02 07:00:00,0.0
2025-04-02 08:00:00,0.11020685186788873
2025-04-02 09:00:00,0.3287834085309211
2025-04-02 10:00:00,0.5033717953449087
2025-04-02 11:00:00,0.6147169694104061
2025-04-02 12:00:00,0.6850603622690264
2025-04-02 13:00:00,0.613051456670521
2025-04-02 14:00:00,0.4920391810611216
2025-04-02 15:00:00,0.25432127506782976
2025-04-02 16:00:00,0.02113844502487547
2025-04-02 17:00:00,0.0
2025-04-02 18:00:00,0.0
2025-04-02 19:00:00,0.0
2025-04-02 20:00:00,0.0
2025-04-02 21:00:00,0.0
2025-04-02 22:00:00,0.0
2025-04-02 23:00:00,0.0
2025-04-03 00:00:00,0.0
2025-04-03 01:00:00,0.0
2025-04-03 02:00:00,0.0
2025-04-03 03:00:00,0.0
2025-04-03 04:00:00,0.0
2025-04-03 05:00:00,0.0
2025-04-03 06:00:00,0.0
2025-04-03 07:00:00,0.0
2025-04-03 08:00:00,0.1358740007879206
2025-04-03 09:00:00,0.3584274296504889
2025-04-03 10:00:00,0.5356728807664717
2025-04-03 11:00:00,0.6553836393213693
2025-04-03 12:00:00,0.7080039265734643
2025-04-03 13:00:00,0.687897454526318
2025-04-03 14:00:00,0.5980860406673868
2025-04-03 15:00:00,0.44704958806594874
2025-04-03 16:00:00,0.2491827507058567
2025-04-03 17:00:00,0.02410096021877321
2025-04-03 18:00:00,0.0
2025-04-03 19:00:00,0.0
2025-04-03 20:00:00,0.0
2025-04-03 21:00:00,0.0
2025-04-03 22:00:00,0.0
2025-04-03 23:00:00,0.0
2025-04-04 00:00:00,0.0
2025-04-04 01:00:00,0.0
2025-04-04 02:00:00,0.0
2025-04-04 03:00:00,0.0
2025-04-04 04:00:00,0.0
2025-04-04 05:00:00,0.0
2025-04-04 06:00:00,0.0
2025-04-04 07:00:00,0.0
2025-04-04 08:00:00,0.16967353082463862
2025-04-04 09:00:00,0.3939376449090474
2025-04-04 10:00:00,0.5730776581995226
2025-04-04 11:00:00,0.6919372618471409
2025-04-04 12:00:00,0.7402695836062027
2025-04-04 13:00:00,0.7168520055945851
2025-04-04 14:00:00,0.6246398109831419
2025-04-04 15:00:00,0.4716704102529532
2025-04-04 16:00:00,0.271992018597481
2025-04-04 17:00:00,0.044255078400586755
2025-04-04 18:00:00,0.0
2025-04-04 19:00:00,0.0
2025-04-04 20:00:00,0.0
2025-04-04 21:00:00,0.0
2025-04-04 22:00:00,0.0
2025-04-04 23:00:00,0.0
2025-04-05 00:00:00,0.0
2025-04-05 01:00:00,0.0
2025-04-05 02:00:00,0.0
2025-04-05 03:00:00,0.0
2025-04-05 04:00:00,0.0
2025-04-05 05:00:00,0.0
2025-04-05 06:00:00,0.0
2025-04-05 07:00:00,0.0
2025-04-05 08:00:00,0.15491475819062944
2025-04-05 09:00:00,0.3762910519119011
2025-04-05 10:00:00,0.5534405812318607
2025-04-05 11:00:00,0.6715578544081291
2025-04-05 12:00:00,0.7200347205989032
2025-04-05 13:00:00,0.6950938820117818
2025-04-05 14:00:00,0.6001422696159812
2025-04-05 15:00:00,0.44036017676991396
2025-04-05 16:00:00,0.2191806947408965
2025-04-05 17:00:00,0.0
2025-04-05 18:00:00,0.0
2025-04-05 19:00:00,0.0
2025-04-05 20:00:00,0.0
2025-04-05 21:00:00,0.0
2025-04-05 22:00:00,0.0
2025-04-05 23:00:00,0.0
2025-04-06 00:00:00,0.0
2025-04-06 01:00:00,0.0
2025-04-06 02:00:00,0.0
2025-04-06 03:00:00,0.0
2025-04-06 04:00:00,0.0
2025-04-06 05:00:00,0.0
2025-04-06 06:00:00,0.0
2025-04-06 07:00:00,0.0
2025-04-06 08:00:00,0.12739776570190928
2025-04-06 09:00:00,0.3492123179711463
2025-04-06 10:00:00,0.5277189698705544
2025-04-06 11:00:00,0.6466709212893226
2025-04-06 12:00:00,0.6964443935929502
2025-04-06 13:00:00,0.6731166048508882
2025-04-06 14:00:00,0.5792344992299326
2025-04-06 15:00:00,0.4234193732398337
2025-04-06 16:00:00,0.21998951381777668
2025-04-06 17:00:00,0.0
2025-04-06 18:00:00,0.0
2025-04-06 19:00:00,0.0
2025-04-06 20:00:00,0.0
2025-04-06 21:00:00,0.0
2025-04-06 22:00:00,0.0
2025-04-06 23:00:00,0.0
2025-04-07 00:00:00,0.0
2025-04-07 01:00:00,0.0
2025-04-07 02:00:00,0.0
2025-04-07 03:00:00,0.0
2025-04-07 04:00:00,0.0
2025-04-07 05:00:00,0.0
2025-04-07 06:00:00,0.0
2025-04-07 07:00:00,0.0
2025-04-07 08:00:00,0.13095560601810313
2025-04-07 09:00:00,0.35134495442114605
2025-04-07 10:00:00,0.527284840566239
2025-04-07 11:00:00,0.6462985875249607
2025-04-07 12:00:00,0.6964133281367973
2025-04-07 13:00:00,0.6747422057084892
2025-04-07 14:00:00,0.5830719146992536
2025-04-07 15:00:00,0.43032298644983413
2025-04-07 16:00:00,0.23066665358994506
2025-04-07 17:00:00,0.005386421839855128
2025-04-07 18:00:00,0.0
2025-04-07 19:00:00,0.0
2025-04-07 20:00:00,0.0
2025-04-07 21:00:00,0.0
2025-04-07 22:00:00,0.0
2025-04-07 23:00:00,0.0
2025-04-08 00:00:00,0.0
2025-04-08 01:00:00,0.0
2025-04-08 02:00:00,0.0
2025-04-08 03:00:00,0.0
2025-04-08 04:00:00,0.0
2025-04-08 05:00:00,0.0
2025-04-08 06:00:00,0.0
2025-04-08 07:00:00,0.0
2025-04-08 08:00:00,0.16531684983641268
2025-04-08 09:00:00,0.3878761282487088
2025-04-08 10:00:00,0.5479420874857854
2025-04-08 11:00:00,0.6746191124289096
2025-04-08 12:00:00,0.7210549668248709
2025-04-08 13:00:00,0.6951099478146026
2025-04-08 14:00:00,0.6003946898962911
2025-04-08 15:00:00,0.45037265941631677
2025-04-08 16:00:00,0.25179784416603357
2025-04-08 17:00:00,0.026537020316088757
2025-04-08 18:00:00,0.0
2025-04-08 19:00:00,0.0
2025-04-08 20:00:00,0.0
2025-04-08 21:00:00,0.0
2025-04-08 22:00:00,0.0
2025-04-08 23:00:00,0.0
2025-04-09 00:00:00,0.0
2025-04-09 01:00:00,0.0
2025-04-09 02:00:00,0.0
2025-04-09 03:00:00,0.0
2025-04-09 04:00:00,0.0
2025-04-09 05:00:00,0.0
2025-04-09 06:00:00,0.0
2025-04-09 07:00:00,0.0
2025-04-09 08:00:00,0.1427556476562696
2025-04-09 09:00:00,0.37083334492170555
2025-04-09 10:00:00,0.5468083211157699
2025-04-09 11:00:00,0.6643995318247288
2025-04-09 12:00:00,0.7142713210373273
2025-04-09 13:00:00,0.7044966329125786
2025-04-09 14:00:00,0.6097699277506038
2025-04-09 15:00:00,0.4585004455809103
2025-04-09 16:00:00,0.25465600141987416
2025-04-09 17:00:00,0.029606220899388577
2025-04-09 18:00:00,0.0
2025-04-09 19:00:00,0.0
2025-04-09 20:00:00,0.0
2025-04-09 21:00:00,0.0
2025-04-09 22:00:00,0.0
2025-04-09 23:00:00,0.0
2025-04-10 00:00:00,0.0
2025-04-10 01:00:00,0.0
2025-04-10 02:00:00,0.0
2025-04-10 03:00:00,0.0
2025-04-10 04:00:00,0.0
2025-04-10 05:00:00,0.0
2025-04-10 06:00:00,0.0
2025-04-10 07:00:00,0.0
2025-04-10 08:00:00,0.0
2025-04-10 09:00:00,0.0
2025-04-10 10:00:00,0.0726900482534652
2025-04-10 11:00:00,0.25366126277879436
2025-04-10 12:00:00,0.42296625076169087
2025-04-10 13:00:00,0.4874242601007719
2025-04-10 14:00:00,0.5163663445625437
2025-04-10 15:00:00,0.43026718345547865
2025-04-10 16:00:00,0.2418780397758772
2025-04-10 17:00:00,0.022230231741585272
2025-04-10 18:00:00,0.0
2025-04-10 19:00:00,0.0
2025-04-10 20:00:00,0.0
2025-04-10 21:00:00,0.0
2025-04-10 22:00:00,0.0
2025-04-10 23:00:00,0.0
2025-04-11 00:00:00,0.0
2025-04-11 01:00:00,0.0
2025-04-11 02:00:00,0.0
2025-04-11 03:00:00,0.0
2025-04-11 04:00:00,0.0
2025-04-11 05:00:00,0.0
2025-04-11 06:00:00,0.0
2025-04-11 07:00:00,0.0
2025-04-11 08:00:00,0.01952407364867194
2025-04-11 09:00:00,0.3326091468586342
2025-04-11 10:00:00,0.5463564419192103
2025-04-11 11:00:00,0.6888450468621944
2025-04-11 12:00:00,0.7438552206737369
2025-04-11 13:00:00,0.7240446896953522
2025-04-11 14:00:00,0.6307379201261001
2025-04-11 15:00:00,0.4768885847591612
2025-04-11 16:00:00,0.26387030671845385
2025-04-11 17:00:00,0.03312050515809959
2025-04-11 18:00:00,0.0
2025-04-11 19:00:00,0.0
2025-04-11 20:00:00,0.0
2025-04-11 21:00:00,0.0
2025-04-11 22:00:00,0.0
2025-04-11 23:00:00,0.0
2025-04-12 00:00:00,0.0
2025-04-12 01:00:00,0.0
2025-04-12 02:00:00,0.0
2025-04-12 03:00:00,0.0
2025-04-12 04:00:00,0.0
2025-04-12 05:00:00,0.0
2025-04-12 06:00:00,0.0
2025-04-12 07:00:00,0.0
2025-04-12 08:00:00,0.22631790505036917
2025-04-12 09:00:00,0.4473515788379546
2025-04-12 10:00:00,0.6233798148219717
2025-04-12 11:00:00,0.7396396666126754
2025-04-12 12:00:00,0.7880109508061345
2025-04-12 13:00:00,0.7662524139522428
2025-04-12 14:00:00,0.6760436476611617
2025-04-12 15:00:00,0.5248172254336849
2025-04-12 16:00:00,0.32843313797636997
2025-04-12 17:00:00,0.10200842082444915
2025-04-12 18:00:00,0.0
2025-04-12 19:00:00,0.0
2025-04-12 20:00:00,0.0
2025-04-12 21:00:00,0.0
2025-04-12 22:00:00,0.0
2025-04-12 23:00:00,0.0
2025-04-13 00:00:00,0.0
2025-04-13 01:00:00,0.0
2025-04-13 02:00:00,0.0
2025-04-13 03:00:00,0.0
2025-04-13 04:00:00,0.0
2025-04-13 05:00:00,0.0
2025-04-13 06:00:00,0.0
2025-04-13 07:00:00,0.0
2025-04-13 08:00:00,0.0
2025-04-13 09:00:00,0.071733236487276
2025-04-13 10:00:00,0.14266775123776518
2025-04-13 11:00:00,0.27177348066054274
2025-04-13 12:00:00,0.2512194637307528
2025-04-13 13:00:00,0.3222890589600846
2025-04-13 14:00:00,0.3449652508176549
2025-04-13 15:00:00,0.23990978302411325
2025-04-13 16:00:00,0.07953811274467754
2025-04-13 17:00:00,0.0
2025-04-13 18:00:00,0.0
2025-04-13 19:00:00,0.0
2025-04-13 20:00:00,0.0
2025-04-13 21:00:00,0.0
2025-04-13 22:00:00,0.0
2025-04-13 23:00:00,0.0
2025-04-14 00:00:00,0.0
2025-04-14 01:00:00,0.0
2025-04-14 02:00:00,0.0
2025-04-14 03:00:00,0.0
2025-04-14 04:00:00,0.0
2025-04-14 05:00:00,0.0
2025-04-14 06:00:00,0.0
2025-04-14 07:00:00,0.0
2025-04-14 08:00:00,0.1240940354169868
2025-04-14 09:00:00,0.2682443571388591
2025-04-14 10:00:00,0.35151170418640615
2025-04-14 11:00:00,0.4019066713923133
2025-04-14 12:00:00,0.36434265043378866
2025-04-14 13:00:00,0.35037891171475705
2025-04-14 14:00:00,0.3256355203300545
2025-04-14 15:00:00,0.3172940015207204
2025-04-14 16:00:00,0.24329840698995933
2025-04-14 17:00:00,0.04316925718763429
2025-04-14 18:00:00,0.0
2025-04-14 19:00:00,0.0
2025-04-14 20:00:00,0.0
2025-04-14 21:00:00,0.0
2025-04-14 22:00:00,0.0
2025-04-14 23:00:00,0.0
2025-04-15 00:00:00,0.0
2025-04-15 01:00:00,0.0
2025-04-15 02:00:00,0.0
2025-04-15 03:00:00,0.0
2025-04-15 04:00:00,0.0
2025-04-15 05:00:00,0.0
2025-04-15 06:00:00,0.0
2025-04-15 07:00:00,0.002942238739193253
2025-04-15 08:00:00,0.23759563534080833
2025-04-15 09:00:00,0.40082040988125445
2025-04-15 10:00:00,0.523927243523354
2025-04-15 11:00:00,0.39898994817674066
2025-04-15 12:00:00,0.37711231617193
2025-04-15 13:00:00,0.17586205268603344
2025-04-15 14:00:00,0.24312557004879762
2025-04-15 15:00:00,0.05243131713058136
2025-04-15 16:00:00,0.0
2025-04-15 17:00:00,0.0
2025-04-15 18:00:00,0.0
2025-04-15 19:00:00,0.0
2025-04-15 20:00:00,0.0
2025-04-15 21:00:00,0.0
2025-04-15 22:00:00,0.0
2025-04-15 23:00:00,0.0
2025-04-16 00:00:00,0.0
2025-04-16 01:00:00,0.0
2025-04-16 02:00:00,0.0
2025-04-16 03:00:00,0.0
2025-04-16 04:00:00,0.0
2025-04-16 05:00:00,0.0
2025-04-16 06:00:00,0.0
2025-04-16 07:00:00,0.0
2025-04-16 08:00:00,0.0
2025-04-16 09:00:00,0.0
2025-04-16 10:00:00,0.0
2025-04-16 11:00:00,0.0
2025-04-16 12:00:00,0.0
2025-04-16 13:00:00,0.0
2025-04-16 14:00:00,0.0
2025-04-16 15:00:00,0.0
2025-04-16 16:00:00,0.0
2025-04-16 17:00:00,0.0
2025-04-16 18:00:00,0.0
2025-04-16 19:00:00,0.0
2025-04-16 20:00:00,0.0
2025-04-16 21:00:00,0.0
2025-04-16 22:00:00,0.0
2025-04-16 23:00:00,0.0
2025-04-17 00:00:00,0.0
2025-04-17 01:00:00,0.0
2025-04-17 02:00:00,0.0
2025-04-17 03:00:00,0.0
2025-04-17 04:00:00,0.0
2025-04-17 05:00:00,0.0
2025-04-17 06:00:00,0.0
2025-04-17 07:00:00,0.0
2025-04-17 08:00:00,0.0
2025-04-17 09:00:00,0.0
2025-04-17 10:00:00,0.0
2025-04-17 11:00:00,0.0
2025-04-17 12:00:00,0.0
2025-04-17 13:00:00,0.00949749631982421
2025-04-17 14:00:00,0.0
2025-04-17 15:00:00,0.0
2025-04-17 16:00:00,0.0
2025-04-17 17:00:00,0.0
2025-04-17 18:00:00,0.0
2025-04-17 19:00:00,0.0
2025-04-17 20:00:00,0.0
2025-04-17 21:00:00,0.0
2025-04-17 22:00:00,0.0
2025-04-17 23:00:00,0.0
2025-04-18 00:00:00,0.0
2025-04-18 01:00:00,0.0
2025-04-18 02:00:00,0.0
2025-04-18 03:00:00,0.0
2025-04-18 04:00:00,0.0
2025-04-18 05:00:00,0.0
2025-04-18 06:00:00,0.0
2025-04-18 07:00:00,0.0
2025-04-18 08:00:00,0.0
2025-04-18 09:00:00,0.0
2025-04-18 10:00:00,0.07626144944609582
2025-04-18 11:00:00,0.1773344997264837
2025-04-18 12:00:00,0.3026364993350518
2025-04-18 13:00:00,0.32594068848252783
2025-04-18 14:00:00,0.3296816520847862
2025-04-18 15:00:00,0.21675754977144632
2025-04-18 16:00:00,0.03559612583399395
2025-04-18 17:00:00,0.0
2025-04-18 18:00:00,0.0
2025-04-18 19:00:00,0.0
2025-04-18 20:00:00,0.0
2025-04-18 21:00:00,0.0
2025-04-18 22:00:00,0.0
2025-04-18 23:00:00,0.0
2025-04-19 00:00:00,0.0
2025-04-19 01:00:00,0.0
2025-04-19 02:00:00,0.0
2025-04-19 03:00:00,0.0
2025-04-19 04:00:00,0.0
2025-04-19 05:00:00,0.0
2025-04-19 06:00:00,0.0
2025-04-19 07:00:00,0.0
2025-04-19 08:00:00,0.19378203829926952
2025-04-19 09:00:00,0.4180774460823864
2025-04-19 10:00:00,0.610013190448019
2025-04-19 11:00:00,0.6963165006513746
2025-04-19 12:00:00,0.6940000018427092
2025-04-19 13:00:00,0.5776806492065018
2025-04-19 14:00:00,0.4626711305246624
2025-04-19 15:00:00,0.42633736285987733
2025-04-19 16:00:00,0.18761304159183312
2025-04-19 17:00:00,0.0
2025-04-19 18:00:00,0.0
2025-04-19 19:00:00,0.0
2025-04-19 20:00:00,0.0
2025-04-19 21:00:00,0.0
2025-04-19 22:00:00,0.0
2025-04-19 23:00:00,0.0
2025-04-20 00:00:00,0.0
2025-04-20 01:00:00,0.0
2025-04-20 02:00:00,0.0
2025-04-20 03:00:00,0.0
2025-04-20 04:00:00,0.0
2025-04-20 05:00:00,0.0
2025-04-20 06:00:00,0.0
2025-04-20 07:00:00,0.0
2025-04-20 08:00:00,0.24961451395173018
2025-04-20 09:00:00,0.46489796325835603
2025-04-20 10:00:00,0.632006240010546
2025-04-20 11:00:00,0.7245617858023222
2025-04-20 12:00:00,0.632130703703212
2025-04-20 13:00:00,0.4647424451887719
2025-04-20 14:00:00,0.32443818748337117
2025-04-20 15:00:00,0.09742380422910704
2025-04-20 16:00:00,0.0
2025-04-20 17:00:00,0.0
2025-04-20 18:00:00,0.0
2025-04-20 19:00:00,0.0
2025-04-20 20:00:00,0.0
2025-04-20 21:00:00,0.0
2025-04-20 22:00:00,0.0
2025-04-20 23:00:00,0.0
2025-04-21 00:00:00,0.0
2025-04-21 01:00:00,0.0
2025-04-21 02:00:00,0.0
2025-04-21 03:00:00,0.0
2025-04-21 04:00:00,0.0
2025-04-21 05:00:00,0.0
2025-04-21 06:00:00,0.0
2025-04-21 07:00:00,0.007360941382625253
2025-04-21 08:00:00,0.2126611687211294
2025-04-21 09:00:00,0.37750354932402647
2025-04-21 10:00:00,0.4119788806824297
2025-04-21 11:00:00,0.4945558082862112
2025-04-21 12:00:00,0.3737709158656307
2025-04-21 13:00:00,0.4414059863263577
2025-04-21 14:00:00,0.2797718364797301
2025-04-21 15:00:00,0.16843238577100286
2025-04-21 16:00:00,0.15128369647970943
2025-04-21 17:00:00,0.0
2025-04-21 18:00:00,0.0
2025-04-21 19:00:00,0.0
2025-04-21 20:00:00,0.0
2025-04-21 21:00:00,0.0
2025-04-21 22:00:00,0.0
2025-04-21 23:00:00,0.0
2025-04-22 00:00:00,0.0
2025-04-22 01:00:00,0.0
2025-04-22 02:00:00,0.0
2025-04-22 03:00:00,0.0
2025-04-22 04:00:00,0.0
2025-04-22 05:00:00,0.0
2025-04-22 06:00:00,0.0
2025-04-22 07:00:00,0.0
2025-04-22 08:00:00,0.10334719832967527
2025-04-22 09:00:00,0.21562454111252635
2025-04-22 10:00:00,0.31580967101331575
2025-04-22 11:00:00,0.28902338548129397
2025-04-22 12:00:00,0.3769745721858593
2025-04-22 13:00:00,0.49734209222660375
2025-04-22 14:00:00,0.4710013242050472
2025-04-22 15:00:00,0.36598959312187895
2025-04-22 16:00:00,0.1964985907111151
2025-04-22 17:00:00,0.031390353453457365
2025-04-22 18:00:00,0.0
2025-04-22 19:00:00,0.0
2025-04-22 20:00:00,0.0
2025-04-22 21:00:00,0.0
2025-04-22 22:00:00,0.0
2025-04-22 23:00:00,0.0
2025-04-23 00:00:00,0.0
2025-04-23 01:00:00,0.0
2025-04-23 02:00:00,0.0
2025-04-23 03:00:00,0.0
2025-04-23 04:00:00,0.0
2025-04-23 05:00:00,0.0
2025-04-23 06:00:00,0.0
2025-04-23 07:00:00,0.0
2025-04-23 08:00:00,0.1327984755561962
2025-04-23 09:00:00,0.3429055406110295
2025-04-23 10:00:00,0.4703863505738512
2025-04-23 11:00:00,0.3616061558295529
2025-04-23 12:00:00,0.23370731876487166
2025-04-23 13:00:00,0.24126383509096294
2025-04-23 14:00:00,0.21738733478801772
2025-04-23 15:00:00,0.05996125755117789
2025-04-23 16:00:00,0.024433866390750292
2025-04-23 17:00:00,0.0
2025-04-23 18:00:00,0.0
2025-04-23 19:00:00,0.0
2025-04-23 20:00:00,0.0
2025-04-23 21:00:00,0.0
2025-04-23 22:00:00,0.0
2025-04-23 23:00:00,0.0
2025-04-24 00:00:00,0.0
2025-04-24 01:00:00,0.0
2025-04-24 02:00:00,0.0
2025-04-24 03:00:00,0.0
2025-04-24 04:00:00,0.0
2025-04-24 05:00:00,0.0
2025-04-24 06:00:00,0.0
2025-04-24 07:00:00,0.0
2025-04-24 08:00:00,0.0
2025-04-24 09:00:00,0.0
2025-04-24 10:00:00,0.0
2025-04-24 11:00:00,0.0
2025-04-24 12:00:00,0.0
2025-04-24 13:00:00,0.0
2025-04-24 14:00:00,0.0
2025-04-24 15:00:00,0.0
2025-04-24 16:00:00,0.0
2025-04-24 17:00:00,0.0
2025-04-24 18:00:00,0.0
2025-04-24 19:00:00,0.0
2025-04-24 20:00:00,0.0
2025-04-24 21:00:00,0.0
2025-04-24 22:00:00,0.0
2025-04-24 23:00:00,0.0
2025-04-25 00:00:00,0.0
2025-04-25 01:00:00,0.0
2025-04-25 02:00:00,0.0
2025-04-25 03:00:00,0.0
2025-04-25 04:00:00,0.0
2025-04-25 05:00:00,0.0
2025-04-25 06:00:00,0.0
2025-04-25 07:00:00,0.0
2025-04-25 08:00:00,0.0
2025-04-25 09:00:00,0.06837359939380083
2025-04-25 10:00:00,0.24149012694304753
2025-04-25 11:00:00,0.3744437478124527
2025-04-25 12:00:00,0.4766644517917059
2025-04-25 13:00:00,0.37286107993312423
2025-04-25 14:00:00,0.40126776647876816
2025-04-25 15:00:00,0.29171604813496127
2025-04-25 16:00:00,0.06735140535671194
2025-04-25 17:00:00,0.007911017109328405
2025-04-25 18:00:00,0.0
2025-04-25 19:00:00,0.0
2025-04-25 20:00:00,0.0
2025-04-25 21:00:00,0.0
2025-04-25 22:00:00,0.0
2025-04-25 23:00:00,0.0
2025-04-26 00:00:00,0.0
2025-04-26 01:00:00,0.0
2025-04-26 02:00:00,0.0
2025-04-26 03:00:00,0.0
2025-04-26 04:00:00,0.0
2025-04-26 05:00:00,0.0
2025-04-26 06:00:00,0.0
2025-04-26 07:00:00,0.023891072239638288
2025-04-26 08:00:00,0.26736152524171614
2025-04-26 09:00:00,0.5027513196533362
2025-04-26 10:00:00,0.5723072694927397
2025-04-26 11:00:00,0.5123318556707609
2025-04-26 12:00:00,0.5859728074356375
2025-04-26 13:00:00,0.5798169349553214
2025-04-26 14:00:00,0.4583846602459733
2025-04-26 15:00:00,0.3385085575241188
2025-04-26 16:00:00,0.23847159964964013
2025-04-26 17:00:00,0.044052833656698286
2025-04-26 18:00:00,0.0
2025-04-26 19:00:00,0.0
2025-04-26 20:00:00,0.0
2025-04-26 21:00:00,0.0
2025-04-26 22:00:00,0.0
2025-04-26 23:00:00,0.0
2025-04-27 00:00:00,0.0
2025-04-27 01:00:00,0.0
2025-04-27 02:00:00,0.0
2025-04-27 03:00:00,0.0
2025-04-27 04:00:00,0.0
2025-04-27 05:00:00,0.0
2025-04-27 06:00:00,0.0
2025-04-27 07:00:00,0.0532422592989344
2025-04-27 08:00:00,0.27942339036803165
2025-04-27 09:00:00,0.5069319150698061
2025-04-27 10:00:00,0.67089198280481
2025-04-27 11:00:00,0.7772612050634303
2025-04-27 12:00:00,0.8212907166303267
2025-04-27 13:00:00,0.7604841540606532
2025-04-27 14:00:00,0.6377508197690555
2025-04-27 15:00:00,0.46608144903984
2025-04-27 16:00:00,0.2920120728481639
2025-04-27 17:00:00,0.1129896811817055
2025-04-27 18:00:00,0.0
2025-04-27 19:00:00,0.0
2025-04-27 20:00:00,0.0
2025-04-27 21:00:00,0.0
2025-04-27 22:00:00,0.0
2025-04-27 23:00:00,0.0
2025-04-28 00:00:00,0.0
2025-04-28 01:00:00,0.0
2025-04-28 02:00:00,0.0
2025-04-28 03:00:00,0.0
2025-04-28 04:00:00,0.0
2025-04-28 05:00:00,0.0
2025-04-28 06:00:00,0.0
2025-04-28 07:00:00,0.10005119957368833
2025-04-28 08:00:00,0.3337595980338271
2025-04-28 09:00:00,0.5414805650600274
2025-04-28 10:00:00,0.7050395729044872
2025-04-28 11:00:00,0.8096175399927843
2025-04-28 12:00:00,0.8484102675191133
2025-04-28 13:00:00,0.8144094903639432
2025-04-28 14:00:00,0.7270174473605562
2025-04-28 15:00:00,0.5785853338691163
2025-04-28 16:00:00,0.38400720274258837
2025-04-28 17:00:00,0.1627480630773427
2025-04-28 18:00:00,0.0
2025-04-28 19:00:00,0.0
2025-04-28 20:00:00,0.0
2025-04-28 21:00:00,0.0
2025-04-28 22:00:00,0.0
2025-04-28 23:00:00,0.0
2025-04-29 00:00:00,0.0
2025-04-29 01:00:00,0.0
2025-04-29 02:00:00,0.0
2025-04-29 03:00:00,0.0
2025-04-29 04:00:00,0.0
2025-04-29 05:00:00,0.0
2025-04-29 06:00:00,0.0
2025-04-29 07:00:00,0.105999397034114
2025-04-29 08:00:00,0.3511315329345611
2025-04-29 09:00:00,0.5657807589823928
2025-04-29 10:00:00,0.731775876825878
2025-04-29 11:00:00,0.8353671067897528
2025-04-29 12:00:00,0.8741972160578164
2025-04-29 13:00:00,0.8428661254774206
2025-04-29 14:00:00,0.7471194958944154
2025-04-29 15:00:00,0.5931941427344681
2025-04-29 16:00:00,0.39952208619026736
2025-04-29 17:00:00,0.17772153414630815
2025-04-29 18:00:00,0.0
2025-04-29 19:00:00,0.0
2025-04-29 20:00:00,0.0
2025-04-29 21:00:00,0.0
2025-04-29 22:00:00,0.0
2025-04-29 23:00:00,0.0
2025-04-30 00:00:00,0.0
2025-04-30 01:00:00,0.0
2025-04-30 02:00:00,0.0
2025-04-30 03:00:00,0.0
2025-04-30 04:00:00,0.0
2025-04-30 05:00:00,0.0
2025-04-30 06:00:00,0.0
2025-04-30 07:00:00,0.12500830424250464
2025-04-30 08:00:00,0.34076151354671536
2025-04-30 09:00:00,0.5584508955373696
2025-04-30 10:00:00,0.7189585699623626
2025-04-30 11:00:00,0.8296064413032309
2025-04-30 12:00:00,0.8634597922096198
2025-04-30 13:00:00,0.8060370367183036
2025-04-30 14:00:00,0.747926736476693
2025-04-30 15:00:00,0.6030629562715004
2025-04-30 16:00:00,0.41044438359626534
2025-04-30 17:00:00,0.1936142333112013
2025-04-30 18:00:00,0.0
2025-04-30 19:00:00,0.0
2025-04-30 20:00:00,0.0
2025-04-30 21:00:00,0.0
2025-04-30 22:00:00,0.0
2025-04-30 23:00:00,0.0
2025-05-01 00:00:00,0.0
2025-05-01 01:00:00,0.0
2025-05-01 02:00:00,0.0
2025-05-01 03:00:00,0.0
2025-05-01 04:00:00,0.0
2025-05-01 05:00:00,0.0
2025-05-01 06:00:00,0.0
2025-05-01 07:00:00,0.1497956260488436
2025-05-01 08:00:00,0.38948075462672765
2025-05-01 09:00:00,0.598922507420874
2025-05-01 10:00:00,0.7612180265977262
2025-05-01 11:00:00,0.8655642524360116
2025-05-01 12:00:00,0.9033040037655923
2025-05-01 13:00:00,0.8748935618272672
2025-05-01 14:00:00,0.7833135801560055
2025-05-01 15:00:00,0.6326123052374607
2025-05-01 16:00:00,0.4381893315697756
2025-05-01 17:00:00,0.22333816080238902
2025-05-01 18:00:00,0.0
2025-05-01 19:00:00,0.0
2025-05-01 20:00:00,0.0
2025-05-01 21:00:00,0.0
2025-05-01 22:00:00,0.0
2025-05-01 23:00:00,0.0
2025-05-02 00:00:00,0.0
2025-05-02 01:00:00,0.0
2025-05-02 02:00:00,0.0
2025-05-02 03:00:00,0.0
2025-05-02 04:00:00,0.0
2025-05-02 05:00:00,0.0
2025-05-02 06:00:00,0.0
2025-05-02 07:00:00,0.10632053179078285
2025-05-02 08:00:00,0.28005744218459006
2025-05-02 09:00:00,0.4930565077329433
2025-05-02 10:00:00,0.7297846021590622
2025-05-02 11:00:00,0.7784404328758054
2025-05-02 12:00:00,0.7692601487935322
2025-05-02 13:00:00,0.593424858373503
2025-05-02 14:00:00,0.4328879787327301
2025-05-02 15:00:00,0.40135087757968535
2025-05-02 16:00:00,0.37439197930847834
2025-05-02 17:00:00,0.20201586776245276
2025-05-02 18:00:00,0.0
2025-05-02 19:00:00,0.0
2025-05-02 20:00:00,0.0
2025-05-02 21:00:00,0.0
2025-05-02 22:00:00,0.0
2025-05-02 23:00:00,0.0
2025-05-03 00:00:00,0.0
2025-05-03 01:00:00,0.0
2025-05-03 02:00:00,0.0
2025-05-03 03:00:00,0.0
2025-05-03 04:00:00,0.0
2025-05-03 05:00:00,0.0
2025-05-03 06:00:00,0.0
2025-05-03 07:00:00,0.0
2025-05-03 08:00:00,0.12863971479901432
2025-05-03 09:00:00,0.13484074431968884
2025-05-03 10:00:00,0.2120679475328477
2025-05-03 11:00:00,0.47423480025109477
2025-05-03 12:00:00,0.46270830247758454
2025-05-03 13:00:00,0.5016861430231611
2025-05-03 14:00:00,0.3630492066225236
2025-05-03 15:00:00,0.0
2025-05-03 16:00:00,0.0
2025-05-03 17:00:00,0.0
2025-05-03 18:00:00,0.0
2025-05-03 19:00:00,0.0
2025-05-03 20:00:00,0.0
2025-05-03 21:00:00,0.0
2025-05-03 22:00:00,0.0
2025-05-03 23:00:00,0.0
2025-05-04 00:00:00,0.0
2025-05-04 01:00:00,0.0
2025-05-04 02:00:00,0.0
2025-05-04 03:00:00,0.0
2025-05-04 04:00:00,0.0
2025-05-04 05:00:00,0.0
2025-05-04 06:00:00,0.0
2025-05-04 07:00:00,0.0
2025-05-04 08:00:00,0.19309694990060328
2025-05-04 09:00:00,0.19118569387527012
2025-05-04 10:00:00,0.24108942190702753
2025-05-04 11:00:00,0.16044432558271599
2025-05-04 12:00:00,0.3783426306845602
2025-05-04 13:00:00,0.19541549620313234
2025-05-04 14:00:00,0.3453416036341865
2025-05-04 15:00:00,0.3440899065286545
2025-05-04 16:00:00,0.17682010807478782
2025-05-04 17:00:00,0.0
2025-05-04 18:00:00,0.0
2025-05-04 19:00:00,0.0
2025-05-04 20:00:00,0.0
2025-05-04 21:00:00,0.0
2025-05-04 22:00:00,0.0
2025-05-04 23:00:00,0.0
2025-05-05 00:00:00,0.0
2025-05-05 01:00:00,0.0
2025-05-05 02:00:00,0.0
2025-05-05 03:00:00,0.0
2025-05-05 04:00:00,0.0
2025-05-05 05:00:00,0.0
2025-05-05 06:00:00,0.0
2025-05-05 07:00:00,0.0
2025-05-05 08:00:00,0.22159622298571055
2025-05-05 09:00:00,0.4081614264589196
2025-05-05 10:00:00,0.3857943465096834
2025-05-05 11:00:00,0.2795432399697594
2025-05-05 12:00:00,0.23467306480429356
2025-05-05 13:00:00,0.19919566203021874
2025-05-05 14:00:00,0.2005125712774727
2025-05-05 15:00:00,0.11850914518115693
2025-05-05 16:00:00,0.0
2025-05-05 17:00:00,0.0
2025-05-05 18:00:00,0.0
2025-05-05 19:00:00,0.0
2025-05-05 20:00:00,0.0
2025-05-05 21:00:00,0.0
2025-05-05 22:00:00,0.0
2025-05-05 23:00:00,0.0
2025-05-06 00:00:00,0.0
2025-05-06 01:00:00,0.0
2025-05-06 02:00:00,0.0
2025-05-06 03:00:00,0.0
2025-05-06 04:00:00,0.0
2025-05-06 05:00:00,0.0
2025-05-06 06:00:00,0.0
2025-05-06 07:00:00,0.0
2025-05-06 08:00:00,0.2010613191193099
2025-05-06 09:00:00,0.35205758472909926
2025-05-06 10:00:00,0.3747436225998818
2025-05-06 11:00:00,0.4989569602067642
2025-05-06 12:00:00,0.4928994417140564
2025-05-06 13:00:00,0.3347687872400269
2025-05-06 14:00:00,0.3479892762143229
2025-05-06 15:00:00,0.3783933754524604
2025-05-06 16:00:00,0.12334112665966163
2025-05-06 17:00:00,0.0
2025-05-06 18:00:00,0.0
2025-05-06 19:00:00,0.0
2025-05-06 20:00:00,0.0
2025-05-06 21:00:00,0.0
2025-05-06 22:00:00,0.0
2025-05-06 23:00:00,0.0
2025-05-07 00:00:00,0.0
2025-05-07 01:00:00,0.0
2025-05-07 02:00:00,0.0
2025-05-07 03:00:00,0.0
2025-05-07 04:00:00,0.0
2025-05-07 05:00:00,0.0
2025-05-07 06:00:00,0.0
2025-05-07 07:00:00,0.0
2025-05-07 08:00:00,0.06420259894130542
2025-05-07 09:00:00,0.1266931978879062
2025-05-07 10:00:00,0.2739816836450839
2025-05-07 11:00:00,0.2588819788365568
2025-05-07 12:00:00,0.18426901184805003
2025-05-07 13:00:00,0.18449075341798057
2025-05-07 14:00:00,0.2505941788876842
2025-05-07 15:00:00,0.05513736722284057
2025-05-07 16:00:00,0.02396301498914355
2025-05-07 17:00:00,0.0
2025-05-07 18:00:00,0.0
2025-05-07 19:00:00,0.0
2025-05-07 20:00:00,0.0
2025-05-07 21:00:00,0.0
2025-05-07 22:00:00,0.0
2025-05-07 23:00:00,0.0
2025-05-08 00:00:00,0.0
2025-05-08 01:00:00,0.0
2025-05-08 02:00:00,0.0
2025-05-08 03:00:00,0.0
2025-05-08 04:00:00,0.0
2025-05-08 05:00:00,0.0
2025-05-08 06:00:00,0.0
2025-05-08 07:00:00,0.12962045510179734
2025-05-08 08:00:00,0.35948664604921526
2025-05-08 09:00:00,0.5470881914591086
2025-05-08 10:00:00,0.6474747190142193
2025-05-08 11:00:00,0.6863944608010677
2025-05-08 12:00:00,0.6945050938285149
2025-05-08 13:00:00,0.6168420862092906
2025-05-08 14:00:00,0.44643960136026895
2025-05-08 15:00:00,0.25304277171081196
2025-05-08 16:00:00,0.07480502338061071
2025-05-08 17:00:00,0.0
2025-05-08 18:00:00,0.0
2025-05-08 19:00:00,0.0
2025-05-08 20:00:00,0.0
2025-05-08 21:00:00,0.0
2025-05-08 22:00:00,0.0
2025-05-08 23:00:00,0.0
2025-05-09 00:00:00,0.0
2025-05-09 01:00:00,0.0
2025-05-09 02:00:00,0.0
2025-05-09 03:00:00,0.0
2025-05-09 04:00:00,0.0
2025-05-09 05:00:00,0.0
2025-05-09 06:00:00,0.0
2025-05-09 07:00:00,0.1272292692509704
2025-05-09 08:00:00,0.3600013330790805
2025-05-09 09:00:00,0.5639088180824849
2025-05-09 10:00:00,0.6870542498973955
2025-05-09 11:00:00,0.6796123053795398
2025-05-09 12:00:00,0.7150875061555997
2025-05-09 13:00:00,0.5668350849659939
2025-05-09 14:00:00,0.3931778472655509
2025-05-09 15:00:00,0.27095386256586534
2025-05-09 16:00:00,0.07945669866383166
2025-05-09 17:00:00,0.0
2025-05-09 18:00:00,0.0
2025-05-09 19:00:00,0.0
2025-05-09 20:00:00,0.0
2025-05-09 21:00:00,0.0
2025-05-09 22:00:00,0.0
2025-05-09 23:00:00,0.0
2025-05-10 00:00:00,0.0
2025-05-10 01:00:00,0.0
2025-05-10 02:00:00,0.0
2025-05-10 03:00:00,0.0
2025-05-10 04:00:00,0.0
2025-05-10 05:00:00,0.0
2025-05-10 06:00:00,0.0
2025-05-10 07:00:00,0.14845410543878987
2025-05-10 08:00:00,0.3773400265396572
2025-05-10 09:00:00,0.5809946771111097
2025-05-10 10:00:00,0.7376497973778154
2025-05-10 11:00:00,0.8376061414054485
2025-05-10 12:00:00,0.8743213536788415
2025-05-10 13:00:00,0.8445601575560734
2025-05-10 14:00:00,0.7542201287345734
2025-05-10 15:00:00,0.6076402903196593
2025-05-10 16:00:00,0.41891349263424654
2025-05-10 17:00:00,0.20377948162546136
2025-05-10 18:00:00,0.0
2025-05-10 19:00:00,0.0
2025-05-10 20:00:00,0.0
2025-05-10 21:00:00,0.0
2025-05-10 22:00:00,0.0
2025-05-10 23:00:00,0.0
2025-05-11 00:00:00,0.0
2025-05-11 01:00:00,0.0
2025-05-11 02:00:00,0.0
2025-05-11 03:00:00,0.0
2025-05-11 04:00:00,0.0
2025-05-11 05:00:00,0.0
2025-05-11 06:00:00,0.0
2025-05-11 07:00:00,0.17292115329302457
2025-05-11 08:00:00,0.402790077459307
2025-05-11 09:00:00,0.6054072926267299
2025-05-11 10:00:00,0.7638899924199956
2025-05-11 11:00:00,0.864610056689979
2025-05-11 12:00:00,0.901861119588135
2025-05-11 13:00:00,0.8742064075304387
2025-05-11 14:00:00,0.7853637722707194
2025-05-11 15:00:00,0.6338308001021317
2025-05-11 16:00:00,0.44097632923382485
2025-05-11 17:00:00,0.22669443377584841
2025-05-11 18:00:00,0.003885208737228789
2025-05-11 19:00:00,0.0
2025-05-11 20:00:00,0.0
2025-05-11 21:00:00,0.0
2025-05-11 22:00:00,0.0
2025-05-11 23:00:00,0.0
2025-05-12 00:00:00,0.0
2025-05-12 01:00:00,0.0
2025-05-12 02:00:00,0.0
2025-05-12 03:00:00,0.0
2025-05-12 04:00:00,0.0
2025-05-12 05:00:00,0.0
2025-05-12 06:00:00,0.0
2025-05-12 07:00:00,0.1757155770216949
2025-05-12 08:00:00,0.40137499832716766
2025-05-12 09:00:00,0.6007372480024143
2025-05-12 10:00:00,0.7566766984128542
2025-05-12 11:00:00,0.85848980573046
2025-05-12 12:00:00,0.8680939591612694
2025-05-12 13:00:00,0.8020377706595104
2025-05-12 14:00:00,0.7075879646233034
2025-05-12 15:00:00,0.5304189333053565
2025-05-12 16:00:00,0.27755683644596263
2025-05-12 17:00:00,0.2117755684667354
2025-05-12 18:00:00,0.0071612510985286666
2025-05-12 19:00:00,0.0
2025-05-12 20:00:00,0.0
2025-05-12 21:00:00,0.0
2025-05-12 22:00:00,0.0
2025-05-12 23:00:00,0.0
2025-05-13 00:00:00,0.0
2025-05-13 01:00:00,0.0
2025-05-13 02:00:00,0.0
2025-05-13 03:00:00,0.0
2025-05-13 04:00:00,0.0
2025-05-13 05:00:00,0.0
2025-05-13 06:00:00,0.0
2025-05-13 07:00:00,0.17083314758081009
2025-05-13 08:00:00,0.39977145748137355
2025-05-13 09:00:00,0.6042665422618069
2025-05-13 10:00:00,0.763625018943403
2025-05-13 11:00:00,0.8695669987455927
2025-05-13 12:00:00,0.9055894252229739
2025-05-13 13:00:00,0.88029743378516
2025-05-13 14:00:00,0.7889407391835204
2025-05-13 15:00:00,0.6377428090524238
2025-05-13 16:00:00,0.4315156856975972
2025-05-13 17:00:00,0.22020286549380733
2025-05-13 18:00:00,0.014233203739039054
2025-05-13 19:00:00,0.0
2025-05-13 20:00:00,0.0
2025-05-13 21:00:00,0.0
2025-05-13 22:00:00,0.0
2025-05-13 23:00:00,0.0
2025-05-14 00:00:00,0.0
2025-05-14 01:00:00,0.0
2025-05-14 02:00:00,0.0
2025-05-14 03:00:00,0.0
2025-05-14 04:00:00,0.0
2025-05-14 05:00:00,0.0
2025-05-14 06:00:00,0.0
2025-05-14 07:00:00,0.1863926045851606
2025-05-14 08:00:00,0.4069106431521599
2025-05-14 09:00:00,0.5880916072159204
2025-05-14 10:00:00,0.7077730845681153
2025-05-14 11:00:00,0.7846128270013331
2025-05-14 12:00:00,0.751326993481843
2025-05-14 13:00:00,0.7100990524809002
2025-05-14 14:00:00,0.6243980871158004
2025-05-14 15:00:00,0.5259417916672683
2025-05-14 16:00:00,0.3984876123003035
2025-05-14 17:00:00,0.2196358743546918
2025-05-14 18:00:00,0.013090251778964413
2025-05-14 19:00:00,0.0
2025-05-14 20:00:00,0.0
2025-05-14 21:00:00,0.0
2025-05-14 22:00:00,0.0
2025-05-14 23:00:00,0.0
2025-05-15 00:00:00,0.0
2025-05-15 01:00:00,0.0
2025-05-15 02:00:00,0.0
2025-05-15 03:00:00,0.0
2025-05-15 04:00:00,0.0
2025-05-15 05:00:00,0.0
2025-05-15 06:00:00,0.0
2025-05-15 07:00:00,0.0
2025-05-15 08:00:00,0.0
2025-05-15 09:00:00,0.09977145646522131
2025-05-15 10:00:00,0.40536986185052337
2025-05-15 11:00:00,0.7867799064963021
2025-05-15 12:00:00,0.8200980139213739
2025-05-15 13:00:00,0.7481325448563602
2025-05-15 14:00:00,0.6504866438256208
2025-05-15 15:00:00,0.5701652854028502
2025-05-15 16:00:00,0.41946694845789245
2025-05-15 17:00:00,0.21357791114561506
2025-05-15 18:00:00,0.0
2025-05-15 19:00:00,0.0
2025-05-15 20:00:00,0.0
2025-05-15 21:00:00,0.0
2025-05-15 22:00:00,0.0
2025-05-15 23:00:00,0.0
2025-05-16 00:00:00,0.0
2025-05-16 01:00:00,0.0
2025-05-16 02:00:00,0.0
2025-05-16 03:00:00,0.0
2025-05-16 04:00:00,0.0
2025-05-16 05:00:00,0.0
2025-05-16 06:00:00,0.0
2025-05-16 07:00:00,0.13642120760585105
2025-05-16 08:00:00,0.34781872506020084
2025-05-16 09:00:00,0.5517476178671531
2025-05-16 10:00:00,0.7202109980661044
2025-05-16 11:00:00,0.8126606038372957
2025-05-16 12:00:00,0.8708784463163863
2025-05-16 13:00:00,0.8573119960065927
2025-05-16 14:00:00,0.7666374616272162
2025-05-16 15:00:00,0.6286654168884418
2025-05-16 16:00:00,0.3862396116472363
2025-05-16 17:00:00,0.14943422281371227
2025-05-16 18:00:00,0.0
2025-05-16 19:00:00,0.0
2025-05-16 20:00:00,0.0
2025-05-16 21:00:00,0.0
2025-05-16 22:00:00,0.0
2025-05-16 23:00:00,0.0
2025-05-17 00:00:00,0.0
2025-05-17 01:00:00,0.0
2025-05-17 02:00:00,0.0
2025-05-17 03:00:00,0.0
2025-05-17 04:00:00,0.0
2025-05-17 05:00:00,0.0
2025-05-17 06:00:00,0.0
2025-05-17 07:00:00,0.0
2025-05-17 08:00:00,0.1403451731039506
2025-05-17 09:00:00,0.2289089688715187
2025-05-17 10:00:00,0.2903664626875768
2025-05-17 11:00:00,0.4380694731033523
2025-05-17 12:00:00,0.547704032446345
2025-05-17 13:00:00,0.3849279478737491
2025-05-17 14:00:00,0.3105878733807602
2025-05-17 15:00:00,0.18571229385680715
2025-05-17 16:00:00,0.051570659871437524
2025-05-17 17:00:00,0.0
2025-05-17 18:00:00,0.0
2025-05-17 19:00:00,0.0
2025-05-17 20:00:00,0.0
2025-05-17 21:00:00,0.0
2025-05-17 22:00:00,0.0
2025-05-17 23:00:00,0.0
2025-05-18 00:00:00,0.0
2025-05-18 01:00:00,0.0
2025-05-18 02:00:00,0.0
2025-05-18 03:00:00,0.0
2025-05-18 04:00:00,0.0
2025-05-18 05:00:00,0.0
2025-05-18 06:00:00,0.0
2025-05-18 07:00:00,0.0
2025-05-18 08:00:00,0.0
2025-05-18 09:00:00,0.0017929948084871854
2025-05-18 10:00:00,0.03700432278465573
2025-05-18 11:00:00,0.1044875616228994
2025-05-18 12:00:00,0.18224636612727796
2025-05-18 13:00:00,0.15363382521003555
2025-05-18 14:00:00,0.08581835896335746
2025-05-18 15:00:00,0.1423992353414261
2025-05-18 16:00:00,0.20082085796974394
2025-05-18 17:00:00,0.05093453836383178
2025-05-18 18:00:00,0.0
2025-05-18 19:00:00,0.0
2025-05-18 20:00:00,0.0
2025-05-18 21:00:00,0.0
2025-05-18 22:00:00,0.0
2025-05-18 23:00:00,0.0
2025-05-19 00:00:00,0.0
2025-05-19 01:00:00,0.0
2025-05-19 02:00:00,0.0
2025-05-19 03:00:00,0.0
2025-05-19 04:00:00,0.0
2025-05-19 05:00:00,0.0
2025-05-19 06:00:00,0.0
2025-05-19 07:00:00,0.18459299811975738
2025-05-19 08:00:00,0.40772465052474993
2025-05-19 09:00:00,0.6048459500165535
2025-05-19 10:00:00,0.6677099446786636
2025-05-19 11:00:00,0.5710299900578361
2025-05-19 12:00:00,0.501314186071262
2025-05-19 13:00:00,0.6228430582152549
2025-05-19 14:00:00,0.6012347394098372
2025-05-19 15:00:00,0.522769279094294
2025-05-19 16:00:00,0.32597143508997695
2025-05-19 17:00:00,0.20454632043615945
2025-05-19 18:00:00,0.0031541292887545132
2025-05-19 19:00:00,0.0
2025-05-19 20:00:00,0.0
2025-05-19 21:00:00,0.0
2025-05-19 22:00:00,0.0
2025-05-19 23:00:00,0.0
2025-05-20 00:00:00,0.0
2025-05-20 01:00:00,0.0
2025-05-20 02:00:00,0.0
2025-05-20 03:00:00,0.0
2025-05-20 04:00:00,0.0
2025-05-20 05:00:00,0.0
2025-05-20 06:00:00,0.0
2025-05-20 07:00:00,0.20217553970230812
2025-05-20 08:00:00,0.4133582958305761
2025-05-20 09:00:00,0.6088304586323307
2025-05-20 10:00:00,0.7688878692920068
2025-05-20 11:00:00,0.7552758231789775
2025-05-20 12:00:00,0.5224346637394074
2025-05-20 13:00:00,0.48389640604608447
2025-05-20 14:00:00,0.38479072762527605
2025-05-20 15:00:00,0.15144819340786833
2025-05-20 16:00:00,0.0855418827922333
2025-05-20 17:00:00,0.011539412229798245
2025-05-20 18:00:00,0.0
2025-05-20 19:00:00,0.0
2025-05-20 20:00:00,0.0
2025-05-20 21:00:00,0.0
2025-05-20 22:00:00,0.0
2025-05-20 23:00:00,0.0
2025-05-21 00:00:00,0.0
2025-05-21 01:00:00,0.0
2025-05-21 02:00:00,0.0
2025-05-21 03:00:00,0.0
2025-05-21 04:00:00,0.0
2025-05-21 05:00:00,0.0
2025-05-21 06:00:00,0.0
2025-05-21 07:00:00,0.10839457848601398
2025-05-21 08:00:00,0.20781788300340043
2025-05-21 09:00:00,0.27344703682316557
2025-05-21 10:00:00,0.3867647279626497
2025-05-21 11:00:00,0.5781595898816315
2025-05-21 12:00:00,0.6519438085149769
2025-05-21 13:00:00,0.5506598744989133
2025-05-21 14:00:00,0.43225573525427313
2025-05-21 15:00:00,0.3136104965267656
2025-05-21 16:00:00,0.17979736739744773
2025-05-21 17:00:00,0.02959953017338141
2025-05-21 18:00:00,0.0
2025-05-21 19:00:00,0.0
2025-05-21 20:00:00,0.0
2025-05-21 21:00:00,0.0
2025-05-21 22:00:00,0.0
2025-05-21 23:00:00,0.0
2025-05-22 00:00:00,0.0
2025-05-22 01:00:00,0.0
2025-05-22 02:00:00,0.0
2025-05-22 03:00:00,0.0
2025-05-22 04:00:00,0.0
2025-05-22 05:00:00,0.0
2025-05-22 06:00:00,0.0
2025-05-22 07:00:00,0.011897158403771473
2025-05-22 08:00:00,0.0650808190867223
2025-05-22 09:00:00,0.16046715473602563
2025-05-22 10:00:00,0.378891176291705
2025-05-22 11:00:00,0.52190558645536
2025-05-22 12:00:00,0.5071202035960509
2025-05-22 13:00:00,0.5325673197141698
2025-05-22 14:00:00,0.6187209963436373
2025-05-22 15:00:00,0.5427986363871486
2025-05-22 16:00:00,0.32941801429720985
2025-05-22 17:00:00,0.18280202464089104
2025-05-22 18:00:00,0.0
2025-05-22 19:00:00,0.0
2025-05-22 20:00:00,0.0
2025-05-22 21:00:00,0.0
2025-05-22 22:00:00,0.0
2025-05-22 23:00:00,0.0
2025-05-23 00:00:00,0.0
2025-05-23 01:00:00,0.0
2025-05-23 02:00:00,0.0
2025-05-23 03:00:00,0.0
2025-05-23 04:00:00,0.0
2025-05-23 05:00:00,0.0
2025-05-23 06:00:00,0.0
2025-05-23 07:00:00,0.08489592642490651
2025-05-23 08:00:00,0.258506122342548
2025-05-23 09:00:00,0.35336313042182504
2025-05-23 10:00:00,0.464566729030676
2025-05-23 11:00:00,0.4883044166065417
2025-05-23 12:00:00,0.4704422007074267
2025-05-23 13:00:00,0.4700451606050596
2025-05-23 14:00:00,0.39775532054184226
2025-05-23 15:00:00,0.2955900149789514
2025-05-23 16:00:00,0.27552016301153615
2025-05-23 17:00:00,0.10804505867947051
2025-05-23 18:00:00,0.0
2025-05-23 19:00:00,0.0
2025-05-23 20:00:00,0.0
2025-05-23 21:00:00,0.0
2025-05-23 22:00:00,0.0
2025-05-23 23:00:00,0.0
2025-05-24 00:00:00,0.0
2025-05-24 01:00:00,0.0
2025-05-24 02:00:00,0.0
2025-05-24 03:00:00,0.0
2025-05-24 04:00:00,0.0
2025-05-24 05:00:00,0.0
2025-05-24 06:00:00,0.0
2025-05-24 07:00:00,0.11417664838190321
2025-05-24 08:00:00,0.059530698637573536
2025-05-24 09:00:00,0.08901923820177983
2025-05-24 10:00:00,0.13848091693936979
2025-05-24 11:00:00,0.20498728591987112
2025-05-24 12:00:00,0.1740633293986364
2025-05-24 13:00:00,0.16816255624478568
2025-05-24 14:00:00,0.0
2025-05-24 15:00:00,0.0
2025-05-24 16:00:00,0.0
2025-05-24 17:00:00,0.0
2025-05-24 18:00:00,0.0
2025-05-24 19:00:00,0.0
2025-05-24 20:00:00,0.0
2025-05-24 21:00:00,0.0
2025-05-24 22:00:00,0.0
2025-05-24 23:00:00,0.0
2025-05-25 00:00:00,0.0
2025-05-25 01:00:00,0.0
2025-05-25 02:00:00,0.0
2025-05-25 03:00:00,0.0
2025-05-25 04:00:00,0.0
2025-05-25 05:00:00,0.0
2025-05-25 06:00:00,0.0
2025-05-25 07:00:00,0.0
2025-05-25 08:00:00,0.0
2025-05-25 09:00:00,0.0
2025-05-25 10:00:00,0.0
2025-05-25 11:00:00,0.14187589821758878
2025-05-25 12:00:00,0.2578197478166962
2025-05-25 13:00:00,0.37345035082568234
2025-05-25 14:00:00,0.41358901926350544
2025-05-25 15:00:00,0.3328992210978516
2025-05-25 16:00:00,0.26728972810369245
2025-05-25 17:00:00,0.07680766693626367
2025-05-25 18:00:00,0.0
2025-05-25 19:00:00,0.0
2025-05-25 20:00:00,0.0
2025-05-25 21:00:00,0.0
2025-05-25 22:00:00,0.0
2025-05-25 23:00:00,0.0
2025-05-26 00:00:00,0.0
2025-05-26 01:00:00,0.0
2025-05-26 02:00:00,0.0
2025-05-26 03:00:00,0.0
2025-05-26 04:00:00,0.0
2025-05-26 05:00:00,0.0
2025-05-26 06:00:00,0.0
2025-05-26 07:00:00,0.029851305050687952
2025-05-26 08:00:00,0.20856839083091946
2025-05-26 09:00:00,0.38383970196235206
2025-05-26 10:00:00,0.49441139455606153
2025-05-26 11:00:00,0.5183740726383164
2025-05-26 12:00:00,0.6520420802881081
2025-05-26 13:00:00,0.3013110474666681
2025-05-26 14:00:00,0.1391605216733511
2025-05-26 15:00:00,0.2417182038763956
2025-05-26 16:00:00,0.1704908949745083
2025-05-26 17:00:00,0.06628179525007967
2025-05-26 18:00:00,0.0
2025-05-26 19:00:00,0.0
2025-05-26 20:00:00,0.0
2025-05-26 21:00:00,0.0
2025-05-26 22:00:00,0.0
2025-05-26 23:00:00,0.0
2025-05-27 00:00:00,0.0
2025-05-27 01:00:00,0.0
2025-05-27 02:00:00,0.0
2025-05-27 03:00:00,0.0
2025-05-27 04:00:00,0.0
2025-05-27 05:00:00,0.0
2025-05-27 06:00:00,0.0
2025-05-27 07:00:00,0.0
2025-05-27 08:00:00,0.0
2025-05-27 09:00:00,0.1388353624934435
2025-05-27 10:00:00,0.0005933255829147455
2025-05-27 11:00:00,0.0
2025-05-27 12:00:00,0.0
2025-05-27 13:00:00,0.0
2025-05-27 14:00:00,0.007240579432724349
2025-05-27 15:00:00,0.021706519543802358
2025-05-27 16:00:00,0.0
2025-05-27 17:00:00,0.0
2025-05-27 18:00:00,0.0
2025-05-27 19:00:00,0.0
2025-05-27 20:00:00,0.0
2025-05-27 21:00:00,0.0
2025-05-27 22:00:00,0.0
2025-05-27 23:00:00,0.0
2025-05-28 00:00:00,0.0
2025-05-28 01:00:00,0.0
2025-05-28 02:00:00,0.0
2025-05-28 03:00:00,0.0
2025-05-28 04:00:00,0.0
2025-05-28 05:00:00,0.0
2025-05-28 06:00:00,0.0
2025-05-28 07:00:00,0.0
2025-05-28 08:00:00,0.0
2025-05-28 09:00:00,0.0
2025-05-28 10:00:00,0.0
2025-05-28 11:00:00,0.0933055534704903
2025-05-28 12:00:00,0.5632571842181276
2025-05-28 13:00:00,0.5630130328648817
2025-05-28 14:00:00,0.3525358243218194
2025-05-28 15:00:00,0.30208097500480063
2025-05-28 16:00:00,0.10893666790669645
2025-05-28 17:00:00,0.06703189391054808
2025-05-28 18:00:00,0.0
2025-05-28 19:00:00,0.0
2025-05-28 20:00:00,0.0
2025-05-28 21:00:00,0.0
2025-05-28 22:00:00,0.0
2025-05-28 23:00:00,0.0
2025-05-29 00:00:00,0.0
2025-05-29 01:00:00,0.0
2025-05-29 02:00:00,0.0
2025-05-29 03:00:00,0.0
2025-05-29 04:00:00,0.0
2025-05-29 05:00:00,0.0
2025-05-29 06:00:00,0.0
2025-05-29 07:00:00,0.0037807227144301607
2025-05-29 08:00:00,0.0
2025-05-29 09:00:00,0.0
2025-05-29 10:00:00,0.0014060520666863278
2025-05-29 11:00:00,0.030404142260679303
2025-05-29 12:00:00,0.0
2025-05-29 13:00:00,0.0
2025-05-29 14:00:00,0.010946631130406012
2025-05-29 15:00:00,0.031529362859336815
2025-05-29 16:00:00,0.0
2025-05-29 17:00:00,0.0
2025-05-29 18:00:00,0.0
2025-05-29 19:00:00,0.0
2025-05-29 20:00:00,0.0
2025-05-29 21:00:00,0.0
2025-05-29 22:00:00,0.0
2025-05-29 23:00:00,0.0
2025-05-30 00:00:00,0.0
2025-05-30 01:00:00,0.0
2025-05-30 02:00:00,0.0
2025-05-30 03:00:00,0.0
2025-05-30 04:00:00,0.0
2025-05-30 05:00:00,0.0
2025-05-30 06:00:00,0.0
2025-05-30 07:00:00,0.20881914567802407
2025-05-30 08:00:00,0.3594696794468032
2025-05-30 09:00:00,0.42290134883151
2025-05-30 10:00:00,0.3987554394525702
2025-05-30 11:00:00,0.4023291704891762
2025-05-30 12:00:00,0.4751394622851174
2025-05-30 13:00:00,0.48269493447904827
2025-05-30 14:00:00,0.5400078797017323
2025-05-30 15:00:00,0.4637276371258912
2025-05-30 16:00:00,0.35382034115696015
2025-05-30 17:00:00,0.11086268815940611
2025-05-30 18:00:00,0.0
2025-05-30 19:00:00,0.0
2025-05-30 20:00:00,0.0
2025-05-30 21:00:00,0.0
2025-05-30 22:00:00,0.0
2025-05-30 23:00:00,0.0
2025-05-31 00:00:00,0.0
2025-05-31 01:00:00,0.0
2025-05-31 02:00:00,0.0
2025-05-31 03:00:00,0.0
2025-05-31 04:00:00,0.0
2025-05-31 05:00:00,0.0
2025-05-31 06:00:00,0.0
2025-05-31 07:00:00,0.09494393008326638
2025-05-31 08:00:00,0.2600363849889102
2025-05-31 09:00:00,0.52713287055708
2025-05-31 10:00:00,0.6317542536381267
2025-05-31 11:00:00,0.6445522004960541
2025-05-31 12:00:00,0.5208565430894179
2025-05-31 13:00:00,0.12720473760193063
2025-05-31 14:00:00,0.09610235133785358
2025-05-31 15:00:00,0.29267424423158817
2025-05-31 16:00:00,0.2936097622002727
2025-05-31 17:00:00,0.1799795604252505
2025-05-31 18:00:00,0.028452141207481123
2025-05-31 19:00:00,0.0
2025-05-31 20:00:00,0.0
2025-05-31 21:00:00,0.0
2025-05-31 22:00:00,0.0
2025-05-31 23:00:00,0.0
2025-06-01 00:00:00,0.0
2025-06-01 01:00:00,0.0
2025-06-01 02:00:00,0.0
2025-06-01 03:00:00,0.0
2025-06-01 04:00:00,0.0
2025-06-01 05:00:00,0.0
2025-06-01 06:00:00,0.0
2025-06-01 07:00:00,0.1942619044296991
2025-06-01 08:00:00,0.29051587955738767
2025-06-01 09:00:00,0.3236602989789949
2025-06-01 10:00:00,0.36185058416251514
2025-06-01 11:00:00,0.45017423342203183
2025-06-01 12:00:00,0.3484731657976656
2025-06-01 13:00:00,0.4799836716439842
2025-06-01 14:00:00,0.6078249756182132
2025-06-01 15:00:00,0.5756614965051648
2025-06-01 16:00:00,0.3778125695867843
2025-06-01 17:00:00,0.1663570588018418
2025-06-01 18:00:00,0.0
2025-06-01 19:00:00,0.0
2025-06-01 20:00:00,0.0
2025-06-01 21:00:00,0.0
2025-06-01 22:00:00,0.0
2025-06-01 23:00:00,0.0
2025-06-02 00:00:00,0.0
2025-06-02 01:00:00,0.0
2025-06-02 02:00:00,0.0
2025-06-02 03:00:00,0.0
2025-06-02 04:00:00,0.0
2025-06-02 05:00:00,0.0
2025-06-02 06:00:00,0.0
2025-06-02 07:00:00,0.15084514126813817
2025-06-02 08:00:00,0.32529220279965443
2025-06-02 09:00:00,0.4136264656954464
2025-06-02 10:00:00,0.39270032642034397
2025-06-02 11:00:00,0.444217058291309
2025-06-02 12:00:00,0.5805213472657285
2025-06-02 13:00:00,0.48472290859052025
2025-06-02 14:00:00,0.4333966126487578
2025-06-02 15:00:00,0.3870099710955658
2025-06-02 16:00:00,0.15791226860811267
2025-06-02 17:00:00,0.06178724218544089
2025-06-02 18:00:00,0.0
2025-06-02 19:00:00,0.0
2025-06-02 20:00:00,0.0
2025-06-02 21:00:00,0.0
2025-06-02 22:00:00,0.0
2025-06-02 23:00:00,0.0
2025-06-03 00:00:00,0.0
2025-06-03 01:00:00,0.0
2025-06-03 02:00:00,0.0
2025-06-03 03:00:00,0.0
2025-06-03 04:00:00,0.0
2025-06-03 05:00:00,0.0
2025-06-03 06:00:00,0.0018473885424213788
2025-06-03 07:00:00,0.16510070257994566
2025-06-03 08:00:00,0.34737674075889685
2025-06-03 09:00:00,0.4528314717185297
2025-06-03 10:00:00,0.47416638218215196
2025-06-03 11:00:00,0.45023734821723876
2025-06-03 12:00:00,0.6551844536186031
2025-06-03 13:00:00,0.5352455191947487
2025-06-03 14:00:00,0.5319884098778368
2025-06-03 15:00:00,0.3880936439089375
2025-06-03 16:00:00,0.3005040144571001
2025-06-03 17:00:00,0.12347630772747284
2025-06-03 18:00:00,0.022808714096108854
2025-06-03 19:00:00,0.0
2025-06-03 20:00:00,0.0
2025-06-03 21:00:00,0.0
2025-06-03 22:00:00,0.0
2025-06-03 23:00:00,0.0
2025-06-04 00:00:00,0.0
2025-06-04 01:00:00,0.0
2025-06-04 02:00:00,0.0
2025-06-04 03:00:00,0.0
2025-06-04 04:00:00,0.0
2025-06-04 05:00:00,0.0
2025-06-04 06:00:00,0.0
2025-06-04 07:00:00,0.19029706779208838
2025-06-04 08:00:00,0.3477439470102244
2025-06-04 09:00:00,0.5010660151328988
2025-06-04 10:00:00,0.4336069365748268
2025-06-04 11:00:00,0.6456068559800769
2025-06-04 12:00:00,0.42985110223222694
2025-06-04 13:00:00,0.2313150599791397
2025-06-04 14:00:00,0.2072396259788525
2025-06-04 15:00:00,0.18152340415667123
2025-06-04 16:00:00,0.1328816198449384
2025-06-04 17:00:00,0.04390321900761686
2025-06-04 18:00:00,0.0
2025-06-04 19:00:00,0.0
2025-06-04 20:00:00,0.0
2025-06-04 21:00:00,0.0
2025-06-04 22:00:00,0.0
2025-06-04 23:00:00,0.0
2025-06-05 00:00:00,0.0
2025-06-05 01:00:00,0.0
2025-06-05 02:00:00,0.0
2025-06-05 03:00:00,0.0
2025-06-05 04:00:00,0.0
2025-06-05 05:00:00,0.0
2025-06-05 06:00:00,0.0
2025-06-05 07:00:00,0.0
2025-06-05 08:00:00,0.14788202668770917
2025-06-05 09:00:00,0.30952913319488257
2025-06-05 10:00:00,0.5721618332554387
2025-06-05 11:00:00,0.5418556647005974
2025-06-05 12:00:00,0.39520598879823204
2025-06-05 13:00:00,0.23245096943718568
2025-06-05 14:00:00,0.2109244823770335
2025-06-05 15:00:00,0.2786789903245729
2025-06-05 16:00:00,0.28119059485912246
2025-06-05 17:00:00,0.14077062677885352
2025-06-05 18:00:00,0.0
2025-06-05 19:00:00,0.0
2025-06-05 20:00:00,0.0
2025-06-05 21:00:00,0.0
2025-06-05 22:00:00,0.0
2025-06-05 23:00:00,0.0
2025-06-06 00:00:00,0.0
2025-06-06 01:00:00,0.0
2025-06-06 02:00:00,0.0
2025-06-06 03:00:00,0.0
2025-06-06 04:00:00,0.0
2025-06-06 05:00:00,0.0
2025-06-06 06:00:00,0.0
2025-06-06 07:00:00,0.0033894154216439916
2025-06-06 08:00:00,0.12524811513158615
2025-06-06 09:00:00,0.2871317103852463
2025-06-06 10:00:00,0.49274024978344033
2025-06-06 11:00:00,0.5136344764022978
2025-06-06 12:00:00,0.5778204597472083
2025-06-06 13:00:00,0.43644809691255787
2025-06-06 14:00:00,0.4924731664240676
2025-06-06 15:00:00,0.32788530674167643
2025-06-06 16:00:00,0.16993689896044953
2025-06-06 17:00:00,0.08949120053545058
2025-06-06 18:00:00,0.0
2025-06-06 19:00:00,0.0
2025-06-06 20:00:00,0.0
2025-06-06 21:00:00,0.0
2025-06-06 22:00:00,0.0
2025-06-06 23:00:00,0.0
2025-06-07 00:00:00,0.0
2025-06-07 01:00:00,0.0
2025-06-07 02:00:00,0.0
2025-06-07 03:00:00,0.0
2025-06-07 04:00:00,0.0
2025-06-07 05:00:00,0.0
2025-06-07 06:00:00,0.0
2025-06-07 07:00:00,0.0
2025-06-07 08:00:00,0.08944731247277282
2025-06-07 09:00:00,0.3072768249167004
2025-06-07 10:00:00,0.21439464769136102
2025-06-07 11:00:00,0.2374776019641928
2025-06-07 12:00:00,0.23607352059200112
2025-06-07 13:00:00,0.3352850949550554
2025-06-07 14:00:00,0.40668762314600154
2025-06-07 15:00:00,0.3794629052848121
2025-06-07 16:00:00,0.18935572579350102
2025-06-07 17:00:00,0.0
2025-06-07 18:00:00,0.0
2025-06-07 19:00:00,0.0
2025-06-07 20:00:00,0.0
2025-06-07 21:00:00,0.0
2025-06-07 22:00:00,0.0
2025-06-07 23:00:00,0.0
2025-06-08 00:00:00,0.0
2025-06-08 01:00:00,0.0
2025-06-08 02:00:00,0.0
2025-06-08 03:00:00,0.0
2025-06-08 04:00:00,0.0
2025-06-08 05:00:00,0.0
2025-06-08 06:00:00,0.0
2025-06-08 07:00:00,0.0
2025-06-08 08:00:00,0.2720312930918368
2025-06-08 09:00:00,0.2426907233033796
2025-06-08 10:00:00,0.34403446772441143
2025-06-08 11:00:00,0.5296496457642731
2025-06-08 12:00:00,0.5242632861138888
2025-06-08 13:00:00,0.6346528074713221
2025-06-08 14:00:00,0.6168174682322438
2025-06-08 15:00:00,0.5279733693591249
2025-06-08 16:00:00,0.330593784978642
2025-06-08 17:00:00,0.13704441256001754
2025-06-08 18:00:00,0.0
2025-06-08 19:00:00,0.0
2025-06-08 20:00:00,0.0
2025-06-08 21:00:00,0.0
2025-06-08 22:00:00,0.0
2025-06-08 23:00:00,0.0
2025-06-09 00:00:00,0.0
2025-06-09 01:00:00,0.0
2025-06-09 02:00:00,0.0
2025-06-09 03:00:00,0.0
2025-06-09 04:00:00,0.0
2025-06-09 05:00:00,0.0
2025-06-09 06:00:00,0.0
2025-06-09 07:00:00,0.1295944902673315
2025-06-09 08:00:00,0.32076281128820905
2025-06-09 09:00:00,0.4255791752056742
2025-06-09 10:00:00,0.2789130594624159
2025-06-09 11:00:00,0.4643769901386421
2025-06-09 12:00:00,0.40880580761729823
2025-06-09 13:00:00,0.22087849612839802
2025-06-09 14:00:00,0.18876745659026095
2025-06-09 15:00:00,0.149781181411392
2025-06-09 16:00:00,0.1370458967168988
2025-06-09 17:00:00,0.05149283547653815
2025-06-09 18:00:00,0.0
2025-06-09 19:00:00,0.0
2025-06-09 20:00:00,0.0
2025-06-09 21:00:00,0.0
2025-06-09 22:00:00,0.0
2025-06-09 23:00:00,0.0
2025-06-10 00:00:00,0.0
2025-06-10 01:00:00,0.0
2025-06-10 02:00:00,0.0
2025-06-10 03:00:00,0.0
2025-06-10 04:00:00,0.0
2025-06-10 05:00:00,0.0
2025-06-10 06:00:00,0.0
2025-06-10 07:00:00,0.07994828006649882
2025-06-10 08:00:00,0.054055649499301514
2025-06-10 09:00:00,0.15828411446495352
2025-06-10 10:00:00,0.15434794333048235
2025-06-10 11:00:00,0.2755878535632422
2025-06-10 12:00:00,0.3748583950570956
2025-06-10 13:00:00,0.20171811822399058
2025-06-10 14:00:00,0.22337756744932857
2025-06-10 15:00:00,0.12583029101846038
2025-06-10 16:00:00,0.023723738791960634
2025-06-10 17:00:00,0.0
2025-06-10 18:00:00,0.0
2025-06-10 19:00:00,0.0
2025-06-10 20:00:00,0.0
2025-06-10 21:00:00,0.0
2025-06-10 22:00:00,0.0
2025-06-10 23:00:00,0.0
2025-06-11 00:00:00,0.0
2025-06-11 01:00:00,0.0
2025-06-11 02:00:00,0.0
2025-06-11 03:00:00,0.0
2025-06-11 04:00:00,0.0
2025-06-11 05:00:00,0.0
2025-06-11 06:00:00,0.0
2025-06-11 07:00:00,0.16465952549703133
2025-06-11 08:00:00,0.33337989812427093
2025-06-11 09:00:00,0.5075207285973394
2025-06-11 10:00:00,0.6476884514219423
2025-06-11 11:00:00,0.771476896754855
2025-06-11 12:00:00,0.8825621450535855
2025-06-11 13:00:00,0.8881551184436487
2025-06-11 14:00:00,0.7980345570641878
2025-06-11 15:00:00,0.6691806750361866
2025-06-11 16:00:00,0.4897311353990272
2025-06-11 17:00:00,0.2856794278789658
2025-06-11 18:00:00,0.07627631806931952
2025-06-11 19:00:00,0.0
2025-06-11 20:00:00,0.0
2025-06-11 21:00:00,0.0
2025-06-11 22:00:00,0.0
2025-06-11 23:00:00,0.0
2025-06-12 00:00:00,0.0
2025-06-12 01:00:00,0.0
2025-06-12 02:00:00,0.0
2025-06-12 03:00:00,0.0
2025-06-12 04:00:00,0.0
2025-06-12 05:00:00,0.0
2025-06-12 06:00:00,0.020301210649949206
2025-06-12 07:00:00,0.24160192521824694
2025-06-12 08:00:00,0.4591677301090939
2025-06-12 09:00:00,0.654166697241885
2025-06-12 10:00:00,0.808882871384344
2025-06-12 11:00:00,0.9121988127799888
2025-06-12 12:00:00,0.9531073475238113
2025-06-12 13:00:00,0.9307230159918509
2025-06-12 14:00:00,0.8508883733424282
2025-06-12 15:00:00,0.6744409626729645
2025-06-12 16:00:00,0.5353974895563487
2025-06-12 17:00:00,0.3322758186711457
2025-06-12 18:00:00,0.1185468433394717
2025-06-12 19:00:00,0.0
2025-06-12 20:00:00,0.0
2025-06-12 21:00:00,0.0
2025-06-12 22:00:00,0.0
2025-06-12 23:00:00,0.0
2025-06-13 00:00:00,0.0
2025-06-13 01:00:00,0.0
2025-06-13 02:00:00,0.0
2025-06-13 03:00:00,0.0
2025-06-13 04:00:00,0.0
2025-06-13 05:00:00,0.0
2025-06-13 06:00:00,0.019302470930367337
2025-06-13 07:00:00,0.22244525547234584
2025-06-13 08:00:00,0.43641833180057554
2025-06-13 09:00:00,0.6200077912193548
2025-06-13 10:00:00,0.7171022672310474
2025-06-13 11:00:00,0.9024386791433883
2025-06-13 12:00:00,0.9366928849756693
2025-06-13 13:00:00,0.8700382972705718
2025-06-13 14:00:00,0.8311673195963467
2025-06-13 15:00:00,0.6947839177343132
2025-06-13 16:00:00,0.5230391660027585
2025-06-13 17:00:00,0.3146876321040047
2025-06-13 18:00:00,0.11991345902640274
2025-06-13 19:00:00,0.0
2025-06-13 20:00:00,0.0
2025-06-13 21:00:00,0.0
2025-06-13 22:00:00,0.0
2025-06-13 23:00:00,0.0
2025-06-14 00:00:00,0.0
2025-06-14 01:00:00,0.0
2025-06-14 02:00:00,0.0
2025-06-14 03:00:00,0.0
2025-06-14 04:00:00,0.0
2025-06-14 05:00:00,0.0
2025-06-14 06:00:00,0.06136922515677429
2025-06-14 07:00:00,0.2678176689439259
2025-06-14 08:00:00,0.4659679636320968
2025-06-14 09:00:00,0.6591843234267987
2025-06-14 10:00:00,0.7790706503555278
2025-06-14 11:00:00,0.8805434403148518
2025-06-14 12:00:00,0.8082193731603686
2025-06-14 13:00:00,0.7015691290646848
2025-06-14 14:00:00,0.3674593588988771
2025-06-14 15:00:00,0.36855885834770397
2025-06-14 16:00:00,0.4139281741785152
2025-06-14 17:00:00,0.21335118567682498
2025-06-14 18:00:00,0.0
2025-06-14 19:00:00,0.0
2025-06-14 20:00:00,0.0
2025-06-14 21:00:00,0.0
2025-06-14 22:00:00,0.0
2025-06-14 23:00:00,0.0
2025-06-15 00:00:00,0.0
2025-06-15 01:00:00,0.0
2025-06-15 02:00:00,0.0
2025-06-15 03:00:00,0.0
2025-06-15 04:00:00,0.0
2025-06-15 05:00:00,0.0
2025-06-15 06:00:00,0.0
2025-06-15 07:00:00,0.0
2025-06-15 08:00:00,0.0
2025-06-15 09:00:00,0.17543526426048459
2025-06-15 10:00:00,0.16198700031642788
2025-06-15 11:00:00,0.07945390092037675
2025-06-15 12:00:00,0.2007989522497702
2025-06-15 13:00:00,0.20567092680563454
2025-06-15 14:00:00,0.18077596930246512
2025-06-15 15:00:00,0.28016359793026774
2025-06-15 16:00:00,0.1720209171786431
2025-06-15 17:00:00,0.10017954992117248
2025-06-15 18:00:00,0.0
2025-06-15 19:00:00,0.0
2025-06-15 20:00:00,0.0
2025-06-15 21:00:00,0.0
2025-06-15 22:00:00,0.0
2025-06-15 23:00:00,0.0
2025-06-16 00:00:00,0.0
2025-06-16 01:00:00,0.0
2025-06-16 02:00:00,0.0
2025-06-16 03:00:00,0.0
2025-06-16 04:00:00,0.0
2025-06-16 05:00:00,0.0
2025-06-16 06:00:00,0.018813641666230323
2025-06-16 07:00:00,0.22495868250684112
2025-06-16 08:00:00,0.43396016392011943
2025-06-16 09:00:00,0.6255579454608031
2025-06-16 10:00:00,0.635930574395384
2025-06-16 11:00:00,0.5088358072402984
2025-06-16 12:00:00,0.5804427708519095
2025-06-16 13:00:00,0.5627220610731676
2025-06-16 14:00:00,0.41256296509980267
2025-06-16 15:00:00,0.2859635022113866
2025-06-16 16:00:00,0.1861339657348627
2025-06-16 17:00:00,0.09223405209079516
2025-06-16 18:00:00,0.0
2025-06-16 19:00:00,0.0
2025-06-16 20:00:00,0.0
2025-06-16 21:00:00,0.0
2025-06-16 22:00:00,0.0
2025-06-16 23:00:00,0.0
2025-06-17 00:00:00,0.0
2025-06-17 01:00:00,0.0
2025-06-17 02:00:00,0.0
2025-06-17 03:00:00,0.0
2025-06-17 04:00:00,0.0
2025-06-17 05:00:00,0.0
2025-06-17 06:00:00,0.032107600346452284
2025-06-17 07:00:00,0.25072709739342275
2025-06-17 08:00:00,0.46616548254198586
2025-06-17 09:00:00,0.6572626170390865
2025-06-17 10:00:00,0.7967823301688249
2025-06-17 11:00:00,0.8891078974082979
2025-06-17 12:00:00,0.9310591770736913
2025-06-17 13:00:00,0.87325994466104
2025-06-17 14:00:00,0.7517887563024432
2025-06-17 15:00:00,0.6204401366628043
2025-06-17 16:00:00,0.5041621689590652
2025-06-17 17:00:00,0.3236386333532832
2025-06-17 18:00:00,0.10714932017045653
2025-06-17 19:00:00,0.0
2025-06-17 20:00:00,0.0
2025-06-17 21:00:00,0.0
2025-06-17 22:00:00,0.0
2025-06-17 23:00:00,0.0
2025-06-18 00:00:00,0.0
2025-06-18 01:00:00,0.0
2025-06-18 02:00:00,0.0
2025-06-18 03:00:00,0.0
2025-06-18 04:00:00,0.0
2025-06-18 05:00:00,0.0
2025-06-18 06:00:00,0.011445288913453117
2025-06-18 07:00:00,0.19681359091730757
2025-06-18 08:00:00,0.4047542880499558
2025-06-18 09:00:00,0.5805131897853525
2025-06-18 10:00:00,0.7646878445026051
2025-06-18 11:00:00,0.8833321802730041
2025-06-18 12:00:00,0.9022296379414342
2025-06-18 13:00:00,0.8147127990569163
2025-06-18 14:00:00,0.7769894140780168
2025-06-18 15:00:00,0.6699696251972467
2025-06-18 16:00:00,0.5111537137272806
2025-06-18 17:00:00,0.28172888707784915
2025-06-18 18:00:00,0.06559974761730271
2025-06-18 19:00:00,0.0
2025-06-18 20:00:00,0.0
2025-06-18 21:00:00,0.0
2025-06-18 22:00:00,0.0
2025-06-18 23:00:00,0.0
2025-06-19 00:00:00,0.0
2025-06-19 01:00:00,0.0
2025-06-19 02:00:00,0.0
2025-06-19 03:00:00,0.0
2025-06-19 04:00:00,0.0
2025-06-19 05:00:00,0.0
2025-06-19 06:00:00,0.02605419310939554
2025-06-19 07:00:00,0.24032569603178605
2025-06-19 08:00:00,0.4515987922510441
2025-06-19 09:00:00,0.6409089555497435
2025-06-19 10:00:00,0.7903327959930944
2025-06-19 11:00:00,0.8899841992229028
2025-06-19 12:00:00,0.9290325448149707
2025-06-19 13:00:00,0.9056537456976217
2025-06-19 14:00:00,0.8187140044486697
2025-06-19 15:00:00,0.6376296891508212
2025-06-19 16:00:00,0.46549984378283615
2025-06-19 17:00:00,0.3109573290366201
2025-06-19 18:00:00,0.10917712345362635
2025-06-19 19:00:00,0.0
2025-06-19 20:00:00,0.0
2025-06-19 21:00:00,0.0
2025-06-19 22:00:00,0.0
2025-06-19 23:00:00,0.0
2025-06-20 00:00:00,0.0
2025-06-20 01:00:00,0.0
2025-06-20 02:00:00,0.0
2025-06-20 03:00:00,0.0
2025-06-20 04:00:00,0.0
2025-06-20 05:00:00,0.0
2025-06-20 06:00:00,0.02702531899615903
2025-06-20 07:00:00,0.24323684160949416
2025-06-20 08:00:00,0.45984540970279464
2025-06-20 09:00:00,0.6539778495271802
2025-06-20 10:00:00,0.8089708655333182
2025-06-20 11:00:00,0.9126796648814867
2025-06-20 12:00:00,0.957208562153237
2025-06-20 13:00:00,0.9391420486073008
2025-06-20 14:00:00,0.8591054422544284
2025-06-20 15:00:00,0.7261292861003674
2025-06-20 16:00:00,0.5467068364219966
2025-06-20 17:00:00,0.3397262934711539
2025-06-20 18:00:00,0.1221414417331327
2025-06-20 19:00:00,0.0
2025-06-20 20:00:00,0.0
2025-06-20 21:00:00,0.0
2025-06-20 22:00:00,0.0
2025-06-20 23:00:00,0.0
2025-06-21 00:00:00,0.0
2025-06-21 01:00:00,0.0
2025-06-21 02:00:00,0.0
2025-06-21 03:00:00,0.0
2025-06-21 04:00:00,0.0
2025-06-21 05:00:00,0.0
2025-06-21 06:00:00,0.014443324469670058
2025-06-21 07:00:00,0.23587079922807463
2025-06-21 08:00:00,0.48014394529566756
2025-06-21 09:00:00,0.6846996230461654
2025-06-21 10:00:00,0.843126859421491
2025-06-21 11:00:00,0.9458252301701793
2025-06-21 12:00:00,0.9886816404918616
2025-06-21 13:00:00,0.9694655433081111
2025-06-21 14:00:00,0.88914997797037
2025-06-21 15:00:00,0.7552024463013403
2025-06-21 16:00:00,0.5789094879735528
2025-06-21 17:00:00,0.37510653510518244
2025-06-21 18:00:00,0.1599165834446783
2025-06-21 19:00:00,0.0
2025-06-21 20:00:00,0.0
2025-06-21 21:00:00,0.0
2025-06-21 22:00:00,0.0
2025-06-21 23:00:00,0.0
2025-06-22 00:00:00,0.0
2025-06-22 01:00:00,0.0
2025-06-22 02:00:00,0.0
2025-06-22 03:00:00,0.0
2025-06-22 04:00:00,0.0
2025-06-22 05:00:00,0.0
2025-06-22 06:00:00,0.07778734386490771
2025-06-22 07:00:00,0.3048963630703225
2025-06-22 08:00:00,0.5268889949412725
2025-06-22 09:00:00,0.7218330841247852
2025-06-22 10:00:00,0.858880461913986
2025-06-22 11:00:00,0.9463152510833162
2025-06-22 12:00:00,0.9472461029777896
2025-06-22 13:00:00,0.8943690740865939
2025-06-22 14:00:00,0.5100348165241624
2025-06-22 15:00:00,0.2669157547448386
2025-06-22 16:00:00,0.27691534834533765
2025-06-22 17:00:00,0.21704534985619
2025-06-22 18:00:00,0.07284667310091619
2025-06-22 19:00:00,0.0
2025-06-22 20:00:00,0.0
2025-06-22 21:00:00,0.0
2025-06-22 22:00:00,0.0
2025-06-22 23:00:00,0.0
2025-06-23 00:00:00,0.0
2025-06-23 01:00:00,0.0
2025-06-23 02:00:00,0.0
2025-06-23 03:00:00,0.0
2025-06-23 04:00:00,0.0
2025-06-23 05:00:00,0.0
2025-06-23 06:00:00,0.0
2025-06-23 07:00:00,0.14766445868578354
2025-06-23 08:00:00,0.2237099489452582
2025-06-23 09:00:00,0.19888408397173302
2025-06-23 10:00:00,0.1266687069479871
2025-06-23 11:00:00,0.3322146823143962
2025-06-23 12:00:00,0.6770153991561983
2025-06-23 13:00:00,0.6075522623370121
2025-06-23 14:00:00,0.700833026130982
2025-06-23 15:00:00,0.3940132270968374
2025-06-23 16:00:00,0.3844889509691607
2025-06-23 17:00:00,0.20938409480795678
2025-06-23 18:00:00,0.06498829584119824
2025-06-23 19:00:00,0.0
2025-06-23 20:00:00,0.0
2025-06-23 21:00:00,0.0
2025-06-23 22:00:00,0.0
2025-06-23 23:00:00,0.0
2025-06-24 00:00:00,0.0
2025-06-24 01:00:00,0.0
2025-06-24 02:00:00,0.0
2025-06-24 03:00:00,0.0
2025-06-24 04:00:00,0.0
2025-06-24 05:00:00,0.0
2025-06-24 06:00:00,0.010021743664778657
2025-06-24 07:00:00,0.19065711825184825
2025-06-24 08:00:00,0.3867345512123191
2025-06-24 09:00:00,0.467982625144355
2025-06-24 10:00:00,0.5478062930266957
2025-06-24 11:00:00,0.5579050434007432
2025-06-24 12:00:00,0.5987831186800253
2025-06-24 13:00:00,0.33636225500787137
2025-06-24 14:00:00,0.41915282478247556
2025-06-24 15:00:00,0.24361656165126797
2025-06-24 16:00:00,0.23831496179584574
2025-06-24 17:00:00,0.02211493733335148
2025-06-24 18:00:00,0.0
2025-06-24 19:00:00,0.0
2025-06-24 20:00:00,0.0
2025-06-24 21:00:00,0.0
2025-06-24 22:00:00,0.0
2025-06-24 23:00:00,0.0
2025-06-25 00:00:00,0.0
2025-06-25 01:00:00,0.0
2025-06-25 02:00:00,0.0
2025-06-25 03:00:00,0.0
2025-06-25 04:00:00,0.0
2025-06-25 05:00:00,0.0
2025-06-25 06:00:00,0.022653246311243783
2025-06-25 07:00:00,0.2405927137848328
2025-06-25 08:00:00,0.4515274445120912
2025-06-25 09:00:00,0.6299974128210994
2025-06-25 10:00:00,0.7904992422819673
2025-06-25 11:00:00,0.7781731466135093
2025-06-25 12:00:00,0.8165718317165037
2025-06-25 13:00:00,0.7101736721262187
2025-06-25 14:00:00,0.7859100377936659
2025-06-25 15:00:00,0.6963346820987464
2025-06-25 16:00:00,0.4965157481757513
2025-06-25 17:00:00,0.3108543977546505
2025-06-25 18:00:00,0.09932466403290074
2025-06-25 19:00:00,0.0
2025-06-25 20:00:00,0.0
2025-06-25 21:00:00,0.0
2025-06-25 22:00:00,0.0
2025-06-25 23:00:00,0.0
2025-06-26 00:00:00,0.0
2025-06-26 01:00:00,0.0
2025-06-26 02:00:00,0.0
2025-06-26 03:00:00,0.0
2025-06-26 04:00:00,0.0
2025-06-26 05:00:00,0.0
2025-06-26 06:00:00,0.0
2025-06-26 07:00:00,0.0
2025-06-26 08:00:00,0.1965707051402817
2025-06-26 09:00:00,0.25061072283085456
2025-06-26 10:00:00,0.22882983850904512
2025-06-26 11:00:00,0.2301024291136838
2025-06-26 12:00:00,0.36645335142389
2025-06-26 13:00:00,0.5057808161763404
2025-06-26 14:00:00,0.5472196545376298
2025-06-26 15:00:00,0.27276760272594597
2025-06-26 16:00:00,0.2853250557378798
2025-06-26 17:00:00,0.21253427668349203
2025-06-26 18:00:00,0.07048629935618539
2025-06-26 19:00:00,0.0
2025-06-26 20:00:00,0.0
2025-06-26 21:00:00,0.0
2025-06-26 22:00:00,0.0
2025-06-26 23:00:00,0.0
2025-06-27 00:00:00,0.0
2025-06-27 01:00:00,0.0
2025-06-27 02:00:00,0.0
2025-06-27 03:00:00,0.0
2025-06-27 04:00:00,0.0
2025-06-27 05:00:00,0.0
2025-06-27 06:00:00,0.0
2025-06-27 07:00:00,0.0
2025-06-27 08:00:00,0.0713777760081181
2025-06-27 09:00:00,0.3006060981515017
2025-06-27 10:00:00,0.058104594670498486
2025-06-27 11:00:00,0.46305347527234614
2025-06-27 12:00:00,0.7914662327653159
2025-06-27 13:00:00,0.4499782719183598
2025-06-27 14:00:00,0.3225045706040665
2025-06-27 15:00:00,0.08801853332070883
2025-06-27 16:00:00,0.0652060168368883
2025-06-27 17:00:00,0.005852553626757355
2025-06-27 18:00:00,0.0
2025-06-27 19:00:00,0.0
2025-06-27 20:00:00,0.0
2025-06-27 21:00:00,0.0
2025-06-27 22:00:00,0.0
2025-06-27 23:00:00,0.0
2025-06-28 00:00:00,0.0
2025-06-28 01:00:00,0.0
2025-06-28 02:00:00,0.0
2025-06-28 03:00:00,0.0
2025-06-28 04:00:00,0.0
2025-06-28 05:00:00,0.0
2025-06-28 06:00:00,0.0342699818140993
2025-06-28 07:00:00,0.20663025213505654
2025-06-28 08:00:00,0.3427229235181081
2025-06-28 09:00:00,0.5335657204278196
2025-06-28 10:00:00,0.6652572605846736
2025-06-28 11:00:00,0.6988964905447782
2025-06-28 12:00:00,0.6358555233949632
2025-06-28 13:00:00,0.6581041998205653
2025-06-28 14:00:00,0.7045813936820662
2025-06-28 15:00:00,0.5510544555721303
2025-06-28 16:00:00,0.342982045176033
2025-06-28 17:00:00,0.14388345513459336
2025-06-28 18:00:00,0.07723096174694366
2025-06-28 19:00:00,0.0
2025-06-28 20:00:00,0.0
2025-06-28 21:00:00,0.0
2025-06-28 22:00:00,0.0
2025-06-28 23:00:00,0.0
2025-06-29 00:00:00,0.0
2025-06-29 01:00:00,0.0
2025-06-29 02:00:00,0.0
2025-06-29 03:00:00,0.0
2025-06-29 04:00:00,0.0
2025-06-29 05:00:00,0.0
2025-06-29 06:00:00,0.0332300605167382
2025-06-29 07:00:00,0.24486890894256563
2025-06-29 08:00:00,0.4478761773597114
2025-06-29 09:00:00,0.6215823254125115
2025-06-29 10:00:00,0.7239858219573951
2025-06-29 11:00:00,0.7825686170296301
2025-06-29 12:00:00,0.8536461189468353
2025-06-29 13:00:00,0.754848005850871
2025-06-29 14:00:00,0.6963995311080465
2025-06-29 15:00:00,0.4856245352737828
2025-06-29 16:00:00,0.3676288549928227
2025-06-29 17:00:00,0.28099056861959887
2025-06-29 18:00:00,0.14754882096415675
2025-06-29 19:00:00,0.0
2025-06-29 20:00:00,0.0
2025-06-29 21:00:00,0.0
2025-06-29 22:00:00,0.0
2025-06-29 23:00:00,0.0
2025-06-30 00:00:00,0.0
2025-06-30 01:00:00,0.0
2025-06-30 02:00:00,0.0
2025-06-30 03:00:00,0.0
2025-06-30 04:00:00,0.0
2025-06-30 05:00:00,0.0
2025-06-30 06:00:00,0.047115861805644706
2025-06-30 07:00:00,0.2634021315651747
2025-06-30 08:00:00,0.47847456429772456
2025-06-30 09:00:00,0.6721934948284267
2025-06-30 10:00:00,0.8224546060537593
2025-06-30 11:00:00,0.9316278194878664
2025-06-30 12:00:00,0.9729627892241444
2025-06-30 13:00:00,0.95069059020271
2025-06-30 14:00:00,0.8749024583966293
2025-06-30 15:00:00,0.741898544445385
2025-06-30 16:00:00,0.5727916665603131
2025-06-30 17:00:00,0.3728486071295055
2025-06-30 18:00:00,0.15766512254202375
2025-06-30 19:00:00,0.0
2025-06-30 20:00:00,0.0
2025-06-30 21:00:00,0.0
2025-06-30 22:00:00,0.0
2025-06-30 23:00:00,0.0
2025-07-01 00:00:00,0.0
2025-07-01 01:00:00,0.0
2025-07-01 02:00:00,0.0
2025-07-01 03:00:00,0.0
2025-07-01 04:00:00,0.0
2025-07-01 05:00:00,0.0
2025-07-01 06:00:00,0.07388406948451767
2025-07-01 07:00:00,0.27465995052528563
2025-07-01 08:00:00,0.5139124108840099
2025-07-01 09:00:00,0.699909581512442
2025-07-01 10:00:00,0.8610802089241468
2025-07-01 11:00:00,0.9551141534057742
2025-07-01 12:00:00,1.0
2025-07-01 13:00:00,0.9089902411144146
2025-07-01 14:00:00,0.8311592143431243
2025-07-01 15:00:00,0.6731530316571623
2025-07-01 16:00:00,0.5384474215848214
2025-07-01 17:00:00,0.3725350268354554
2025-07-01 18:00:00,0.18086621776489528
2025-07-01 19:00:00,0.0
2025-07-01 20:00:00,0.0
2025-07-01 21:00:00,0.0
2025-07-01 22:00:00,0.0
2025-07-01 23:00:00,0.0
2025-07-02 00:00:00,0.0
2025-07-02 01:00:00,0.0
2025-07-02 02:00:00,0.0
2025-07-02 03:00:00,0.0
2025-07-02 04:00:00,0.0
2025-07-02 05:00:00,0.0
2025-07-02 06:00:00,0.08880208405870335
2025-07-02 07:00:00,0.3073945442659754
2025-07-02 08:00:00,0.5252563153947243
2025-07-02 09:00:00,0.7222674663870545
2025-07-02 10:00:00,0.8736247646450238
2025-07-02 11:00:00,0.9607985620773708
2025-07-02 12:00:00,0.8978370110117042
2025-07-02 13:00:00,0.7367859691465619
2025-07-02 14:00:00,0.6638228529414361
2025-07-02 15:00:00,0.6353089471051149
2025-07-02 16:00:00,0.4645052059564502
2025-07-02 17:00:00,0.2300876669001255
2025-07-02 18:00:00,0.046095804865705484
2025-07-02 19:00:00,0.0
2025-07-02 20:00:00,0.0
2025-07-02 21:00:00,0.0
2025-07-02 22:00:00,0.0
2025-07-02 23:00:00,0.0
2025-07-03 00:00:00,0.0
2025-07-03 01:00:00,0.0
2025-07-03 02:00:00,0.0
2025-07-03 03:00:00,0.0
2025-07-03 04:00:00,0.0
2025-07-03 05:00:00,0.0
2025-07-03 06:00:00,0.0
2025-07-03 07:00:00,0.06495623595547176
2025-07-03 08:00:00,0.23811882552574165
2025-07-03 09:00:00,0.4948777437021689
2025-07-03 10:00:00,0.6644768208023806
2025-07-03 11:00:00,0.87464560717956
2025-07-03 12:00:00,0.9378337335088323
2025-07-03 13:00:00,0.9024294758676891
2025-07-03 14:00:00,0.8015107947246644
2025-07-03 15:00:00,0.6864223221078031
2025-07-03 16:00:00,0.4820135467244176
2025-07-03 17:00:00,0.30366462239380554
2025-07-03 18:00:00,0.11410106346007924
2025-07-03 19:00:00,0.0
2025-07-03 20:00:00,0.0
2025-07-03 21:00:00,0.0
2025-07-03 22:00:00,0.0
2025-07-03 23:00:00,0.0
2025-07-04 00:00:00,0.0
2025-07-04 01:00:00,0.0
2025-07-04 02:00:00,0.0
2025-07-04 03:00:00,0.0
2025-07-04 04:00:00,0.0
2025-07-04 05:00:00,0.0
2025-07-04 06:00:00,0.011306583117676261
2025-07-04 07:00:00,0.22659776887589078
2025-07-04 08:00:00,0.44150515625468517
2025-07-04 09:00:00,0.6353709729658135
2025-07-04 10:00:00,0.7935864287447154
2025-07-04 11:00:00,0.888036304676876
2025-07-04 12:00:00,0.8989437105949486
2025-07-04 13:00:00,0.8761546951013285
2025-07-04 14:00:00,0.6286529859808528
2025-07-04 15:00:00,0.5398615586879977
2025-07-04 16:00:00,0.4715952614259578
2025-07-04 17:00:00,0.15158656158146663
2025-07-04 18:00:00,0.07386173145709697
2025-07-04 19:00:00,0.0
2025-07-04 20:00:00,0.0
2025-07-04 21:00:00,0.0
2025-07-04 22:00:00,0.0
2025-07-04 23:00:00,0.0
2025-07-05 00:00:00,0.0
2025-07-05 01:00:00,0.0
2025-07-05 02:00:00,0.0
2025-07-05 03:00:00,0.0
2025-07-05 04:00:00,0.0
2025-07-05 05:00:00,0.0
2025-07-05 06:00:00,0.0
2025-07-05 07:00:00,0.14881968573555954
2025-07-05 08:00:00,0.41548742295375946
2025-07-05 09:00:00,0.6141895061446059
2025-07-05 10:00:00,0.712503146952388
2025-07-05 11:00:00,0.9112031668525644
2025-07-05 12:00:00,0.9345321776759734
2025-07-05 13:00:00,0.815788581856928
2025-07-05 14:00:00,0.7999477154613894
2025-07-05 15:00:00,0.6745578178771592
2025-07-05 16:00:00,0.4168883729287257
2025-07-05 17:00:00,0.1719917354126651
2025-07-05 18:00:00,0.0
2025-07-05 19:00:00,0.0
2025-07-05 20:00:00,0.0
2025-07-05 21:00:00,0.0
2025-07-05 22:00:00,0.0
2025-07-05 23:00:00,0.0
2025-07-06 00:00:00,0.0
2025-07-06 01:00:00,0.0
2025-07-06 02:00:00,0.0
2025-07-06 03:00:00,0.0
2025-07-06 04:00:00,0.0
2025-07-06 05:00:00,0.0
2025-07-06 06:00:00,0.0
2025-07-06 07:00:00,0.0
2025-07-06 08:00:00,0.0
2025-07-06 09:00:00,0.0
2025-07-06 10:00:00,0.0
2025-07-06 11:00:00,0.0
2025-07-06 12:00:00,0.0
2025-07-06 13:00:00,0.0
2025-07-06 14:00:00,0.0
2025-07-06 15:00:00,0.0
2025-07-06 16:00:00,0.0
2025-07-06 17:00:00,0.0
2025-07-06 18:00:00,0.0
2025-07-06 19:00:00,0.0
2025-07-06 20:00:00,0.0
2025-07-06 21:00:00,0.0
2025-07-06 22:00:00,0.0
2025-07-06 23:00:00,0.0
2025-07-07 00:00:00,0.0
2025-07-07 01:00:00,0.0
2025-07-07 02:00:00,0.0
2025-07-07 03:00:00,0.0
2025-07-07 04:00:00,0.0
2025-07-07 05:00:00,0.0
2025-07-07 06:00:00,0.0
2025-07-07 07:00:00,0.0
2025-07-07 08:00:00,0.0
2025-07-07 09:00:00,0.21926754682512198
2025-07-07 10:00:00,0.25207350021889335
2025-07-07 11:00:00,0.32240380181196926
2025-07-07 12:00:00,0.36560163030228676
2025-07-07 13:00:00,0.38704298009300503
2025-07-07 14:00:00,0.43631546163333806
2025-07-07 15:00:00,0.4083539623961468
2025-07-07 16:00:00,0.30360936435626723
2025-07-07 17:00:00,0.17892460849159836
2025-07-07 18:00:00,0.0
2025-07-07 19:00:00,0.0
2025-07-07 20:00:00,0.0
2025-07-07 21:00:00,0.0
2025-07-07 22:00:00,0.0
2025-07-07 23:00:00,0.0
2025-07-08 00:00:00,0.0
2025-07-08 01:00:00,0.0
2025-07-08 02:00:00,0.0
2025-07-08 03:00:00,0.0
2025-07-08 04:00:00,0.0
2025-07-08 05:00:00,0.0
2025-07-08 06:00:00,0.0
2025-07-08 07:00:00,0.0
2025-07-08 08:00:00,0.03570619248246471
2025-07-08 09:00:00,0.22515250090854674
2025-07-08 10:00:00,0.25670440570084857
2025-07-08 11:00:00,0.34787770093287546
2025-07-08 12:00:00,0.5689770581631163
2025-07-08 13:00:00,0.6098746895623007
2025-07-08 14:00:00,0.504425626277192
2025-07-08 15:00:00,0.38016941480578265
2025-07-08 16:00:00,0.2437665091003409
2025-07-08 17:00:00,0.0702456213063186
2025-07-08 18:00:00,0.0
2025-07-08 19:00:00,0.0
2025-07-08 20:00:00,0.0
2025-07-08 21:00:00,0.0
2025-07-08 22:00:00,0.0
2025-07-08 23:00:00,0.0
2025-07-09 00:00:00,0.0
2025-07-09 01:00:00,0.0
2025-07-09 02:00:00,0.0
2025-07-09 03:00:00,0.0
2025-07-09 04:00:00,0.0
2025-07-09 05:00:00,0.0
2025-07-09 06:00:00,0.0
2025-07-09 07:00:00,0.17188796898509123
2025-07-09 08:00:00,0.32133521708494733
2025-07-09 09:00:00,0.3815799485932291
2025-07-09 10:00:00,0.19768594508419557
2025-07-09 11:00:00,0.16817320927669896
2025-07-09 12:00:00,0.14834886768369468
2025-07-09 13:00:00,0.26136795763052
2025-07-09 14:00:00,0.23730147502514964
2025-07-09 15:00:00,0.09770371264892995
2025-07-09 16:00:00,0.1709076178082496
2025-07-09 17:00:00,0.08667669024373952
2025-07-09 18:00:00,0.04470904245932239
2025-07-09 19:00:00,0.0
2025-07-09 20:00:00,0.0
2025-07-09 21:00:00,0.0
2025-07-09 22:00:00,0.0
2025-07-09 23:00:00,0.0
2025-07-10 00:00:00,0.0
2025-07-10 01:00:00,0.0
2025-07-10 02:00:00,0.0
2025-07-10 03:00:00,0.0
2025-07-10 04:00:00,0.0
2025-07-10 05:00:00,0.0
2025-07-10 06:00:00,0.0
2025-07-10 07:00:00,0.1440053651197289
2025-07-10 08:00:00,0.34493069593763376
2025-07-10 09:00:00,0.48484900827518557
2025-07-10 10:00:00,0.646453179486357
2025-07-10 11:00:00,0.7924996100373964
2025-07-10 12:00:00,0.8781685987158407
2025-07-10 13:00:00,0.7047799925518737
2025-07-10 14:00:00,0.2802047497912324
2025-07-10 15:00:00,0.22273089365770987
2025-07-10 16:00:00,0.1368732694563178
2025-07-10 17:00:00,0.09632319225268596
2025-07-10 18:00:00,0.020773233588005355
2025-07-10 19:00:00,0.0
2025-07-10 20:00:00,0.0
2025-07-10 21:00:00,0.0
2025-07-10 22:00:00,0.0
2025-07-10 23:00:00,0.0
2025-07-11 00:00:00,0.0
2025-07-11 01:00:00,0.0
2025-07-11 02:00:00,0.0
2025-07-11 03:00:00,0.0
2025-07-11 04:00:00,0.0
2025-07-11 05:00:00,0.0
2025-07-11 06:00:00,0.0
2025-07-11 07:00:00,0.0
2025-07-11 08:00:00,0.08039660578812474
2025-07-11 09:00:00,0.18326136211313307
2025-07-11 10:00:00,0.2683284512632684
2025-07-11 11:00:00,0.2787369734461106
2025-07-11 12:00:00,0.2968027693025077
2025-07-11 13:00:00,0.311470599376488
2025-07-11 14:00:00,0.3761141249473297
2025-07-11 15:00:00,0.20058722874828208
2025-07-11 16:00:00,0.037787212342979756
2025-07-11 17:00:00,0.013336860929828713
2025-07-11 18:00:00,0.0
2025-07-11 19:00:00,0.0
2025-07-11 20:00:00,0.0
2025-07-11 21:00:00,0.0
2025-07-11 22:00:00,0.0
2025-07-11 23:00:00,0.0
2025-07-12 00:00:00,0.0
2025-07-12 01:00:00,0.0
2025-07-12 02:00:00,0.0
2025-07-12 03:00:00,0.0
2025-07-12 04:00:00,0.0
2025-07-12 05:00:00,0.0
2025-07-12 06:00:00,0.0
2025-07-12 07:00:00,0.06586599709562908
2025-07-12 08:00:00,0.19936932331933352
2025-07-12 09:00:00,0.4400109733890702
2025-07-12 10:00:00,0.6994699255615663
2025-07-12 11:00:00,0.7968115835468895
2025-07-12 12:00:00,0.8341636388739803
2025-07-12 13:00:00,0.8157937321579244
2025-07-12 14:00:00,0.7944022788915578
2025-07-12 15:00:00,0.6825866333494991
2025-07-12 16:00:00,0.3796406103532792
2025-07-12 17:00:00,0.12645788352806484
2025-07-12 18:00:00,0.0
2025-07-12 19:00:00,0.0
2025-07-12 20:00:00,0.0
2025-07-12 21:00:00,0.0
2025-07-12 22:00:00,0.0
2025-07-12 23:00:00,0.0
2025-07-13 00:00:00,0.0
2025-07-13 01:00:00,0.0
2025-07-13 02:00:00,0.0
2025-07-13 03:00:00,0.0
2025-07-13 04:00:00,0.0
2025-07-13 05:00:00,0.0
2025-07-13 06:00:00,0.0
2025-07-13 07:00:00,0.02620053351647822
2025-07-13 08:00:00,0.15945019378730724
2025-07-13 09:00:00,0.3976612473158962
2025-07-13 10:00:00,0.2863879923734517
2025-07-13 11:00:00,0.39094186847970636
2025-07-13 12:00:00,0.6186618123214749
2025-07-13 13:00:00,0.6739649680899079
2025-07-13 14:00:00,0.688888435842007
2025-07-13 15:00:00,0.5234395032215223
2025-07-13 16:00:00,0.42739536605174877
2025-07-13 17:00:00,0.2187098537086902
2025-07-13 18:00:00,0.07796887061943392
2025-07-13 19:00:00,0.0
2025-07-13 20:00:00,0.0
2025-07-13 21:00:00,0.0
2025-07-13 22:00:00,0.0
2025-07-13 23:00:00,0.0
2025-07-14 00:00:00,0.0
2025-07-14 01:00:00,0.0
2025-07-14 02:00:00,0.0
2025-07-14 03:00:00,0.0
2025-07-14 04:00:00,0.0
2025-07-14 05:00:00,0.0
2025-07-14 06:00:00,0.0
2025-07-14 07:00:00,0.03473934224926334
2025-07-14 08:00:00,0.1865481102544455
2025-07-14 09:00:00,0.3194869219436972
2025-07-14 10:00:00,0.4538683333035447
2025-07-14 11:00:00,0.5317376393907145
2025-07-14 12:00:00,0.7544259229090957
2025-07-14 13:00:00,0.6969747738799589
2025-07-14 14:00:00,0.58049666761842
2025-07-14 15:00:00,0.5078073140105408
2025-07-14 16:00:00,0.3825984172610383
2025-07-14 17:00:00,0.17726422293148944
2025-07-14 18:00:00,0.019306417524705192
2025-07-14 19:00:00,0.0
2025-07-14 20:00:00,0.0
2025-07-14 21:00:00,0.0
2025-07-14 22:00:00,0.0
2025-07-14 23:00:00,0.0
2025-07-15 00:00:00,0.0
2025-07-15 01:00:00,0.0
2025-07-15 02:00:00,0.0
2025-07-15 03:00:00,0.0
2025-07-15 04:00:00,0.0
2025-07-15 05:00:00,0.0
2025-07-15 06:00:00,0.0
2025-07-15 07:00:00,0.022272224866851605
2025-07-15 08:00:00,0.15490844293202224
2025-07-15 09:00:00,0.398149919021418
2025-07-15 10:00:00,0.6272093750643677
2025-07-15 11:00:00,0.7480189295076023
2025-07-15 12:00:00,0.7234932407411514
2025-07-15 13:00:00,0.777367819569441
2025-07-15 14:00:00,0.5395639305030143
2025-07-15 15:00:00,0.31245721765254575
2025-07-15 16:00:00,0.1711309429119739
2025-07-15 17:00:00,0.0
2025-07-15 18:00:00,0.0
2025-07-15 19:00:00,0.0
2025-07-15 20:00:00,0.0
2025-07-15 21:00:00,0.0
2025-07-15 22:00:00,0.0
2025-07-15 23:00:00,0.0
2025-07-16 00:00:00,0.0
2025-07-16 01:00:00,0.0
2025-07-16 02:00:00,0.0
2025-07-16 03:00:00,0.0
2025-07-16 04:00:00,0.0
2025-07-16 05:00:00,0.0
2025-07-16 06:00:00,0.0
2025-07-16 07:00:00,0.0
2025-07-16 08:00:00,0.05884317711677415
2025-07-16 09:00:00,0.16322749793169314
2025-07-16 10:00:00,0.44416760505709213
2025-07-16 11:00:00,0.5393535551865053
2025-07-16 12:00:00,0.5995505218023494
2025-07-16 13:00:00,0.4089003720763392
2025-07-16 14:00:00,0.45018610573790074
2025-07-16 15:00:00,0.3995068923211888
2025-07-16 16:00:00,0.27186888428311534
2025-07-16 17:00:00,0.07950034517607983
2025-07-16 18:00:00,0.0
2025-07-16 19:00:00,0.0
2025-07-16 20:00:00,0.0
2025-07-16 21:00:00,0.0
2025-07-16 22:00:00,0.0
2025-07-16 23:00:00,0.0
2025-07-17 00:00:00,0.0
2025-07-17 01:00:00,0.0
2025-07-17 02:00:00,0.0
2025-07-17 03:00:00,0.0
2025-07-17 04:00:00,0.0
2025-07-17 05:00:00,0.0
2025-07-17 06:00:00,0.0
2025-07-17 07:00:00,0.0
2025-07-17 08:00:00,0.17767797559969323
2025-07-17 09:00:00,0.3227597967323579
2025-07-17 10:00:00,0.5008448860528152
2025-07-17 11:00:00,0.5664717604700888
2025-07-17 12:00:00,0.36885349171975934
2025-07-17 13:00:00,0.32791725057727383
2025-07-17 14:00:00,0.2396774901600705
2025-07-17 15:00:00,0.1622864080678129
2025-07-17 16:00:00,0.19283043301944455
2025-07-17 17:00:00,0.13480955755002383
2025-07-17 18:00:00,0.03595858415352275
2025-07-17 19:00:00,0.0
2025-07-17 20:00:00,0.0
2025-07-17 21:00:00,0.0
2025-07-17 22:00:00,0.0
2025-07-17 23:00:00,0.0
2025-07-18 00:00:00,0.0
2025-07-18 01:00:00,0.0
2025-07-18 02:00:00,0.0
2025-07-18 03:00:00,0.0
2025-07-18 04:00:00,0.0
2025-07-18 05:00:00,0.0
2025-07-18 06:00:00,0.0
2025-07-18 07:00:00,0.20679654900656505
2025-07-18 08:00:00,0.3840970746492774
2025-07-18 09:00:00,0.547938342953244
2025-07-18 10:00:00,0.643175826113633
2025-07-18 11:00:00,0.7786374034962337
2025-07-18 12:00:00,0.8440281502339186
2025-07-18 13:00:00,0.8108125341983407
2025-07-18 14:00:00,0.7368603229851495
2025-07-18 15:00:00,0.6611908601171107
2025-07-18 16:00:00,0.5111970451570873
2025-07-18 17:00:00,0.30417794230044015
2025-07-18 18:00:00,0.09674711787874898
2025-07-18 19:00:00,0.0
2025-07-18 20:00:00,0.0
2025-07-18 21:00:00,0.0
2025-07-18 22:00:00,0.0
2025-07-18 23:00:00,0.0
2025-07-19 00:00:00,0.0
2025-07-19 01:00:00,0.0
2025-07-19 02:00:00,0.0
2025-07-19 03:00:00,0.0
2025-07-19 04:00:00,0.0
2025-07-19 05:00:00,0.0
2025-07-19 06:00:00,0.0
2025-07-19 07:00:00,0.2011442744514498
2025-07-19 08:00:00,0.4035056092626991
2025-07-19 09:00:00,0.5245629691047226
2025-07-19 10:00:00,0.5915746546345042
2025-07-19 11:00:00,0.804531833085348
2025-07-19 12:00:00,0.781714546246264
2025-07-19 13:00:00,0.8031565693547034
2025-07-19 14:00:00,0.5949811617574086
2025-07-19 15:00:00,0.45608870474597885
2025-07-19 16:00:00,0.33372635547410884
2025-07-19 17:00:00,0.13067623400057968
2025-07-19 18:00:00,0.0
2025-07-19 19:00:00,0.0
2025-07-19 20:00:00,0.0
2025-07-19 21:00:00,0.0
2025-07-19 22:00:00,0.0
2025-07-19 23:00:00,0.0
2025-07-20 00:00:00,0.0
2025-07-20 01:00:00,0.0
2025-07-20 02:00:00,0.0
2025-07-20 03:00:00,0.0
2025-07-20 04:00:00,0.0
2025-07-20 05:00:00,0.0
2025-07-20 06:00:00,0.0
2025-07-20 07:00:00,0.0
2025-07-20 08:00:00,0.2618561912699137
2025-07-20 09:00:00,0.5279016271099715
2025-07-20 10:00:00,0.6705175953490901
2025-07-20 11:00:00,0.5667063303190155
2025-07-20 12:00:00,0.533144326481576
2025-07-20 13:00:00,0.5380317128214896
2025-07-20 14:00:00,0.2556074973071416
2025-07-20 15:00:00,0.0
2025-07-20 16:00:00,0.08451602676000884
2025-07-20 17:00:00,0.17246902157268637
2025-07-20 18:00:00,0.022622914772494635
2025-07-20 19:00:00,0.0
2025-07-20 20:00:00,0.0
2025-07-20 21:00:00,0.0
2025-07-20 22:00:00,0.0
2025-07-20 23:00:00,0.0
2025-07-21 00:00:00,0.0
2025-07-21 01:00:00,0.0
2025-07-21 02:00:00,0.0
2025-07-21 03:00:00,0.0
2025-07-21 04:00:00,0.0
2025-07-21 05:00:00,0.0
2025-07-21 06:00:00,0.0
2025-07-21 07:00:00,0.006187846455351595
2025-07-21 08:00:00,0.1482951897437701
2025-07-21 09:00:00,0.35943231176863805
2025-07-21 10:00:00,0.48704686314489837
2025-07-21 11:00:00,0.6035762858878196
2025-07-21 12:00:00,0.6097095459010996
2025-07-21 13:00:00,0.6196158162087889
2025-07-21 14:00:00,0.2195420552714854
2025-07-21 15:00:00,0.27294155175870577
2025-07-21 16:00:00,0.1154880819280117
2025-07-21 17:00:00,0.11722284289717136
2025-07-21 18:00:00,0.0
2025-07-21 19:00:00,0.0
2025-07-21 20:00:00,0.0
2025-07-21 21:00:00,0.0
2025-07-21 22:00:00,0.0
2025-07-21 23:00:00,0.0
2025-07-22 00:00:00,0.0
2025-07-22 01:00:00,0.0
2025-07-22 02:00:00,0.0
2025-07-22 03:00:00,0.0
2025-07-22 04:00:00,0.0
2025-07-22 05:00:00,0.0
2025-07-22 06:00:00,0.0
2025-07-22 07:00:00,0.11147429630025237
2025-07-22 08:00:00,0.23909995563030748
2025-07-22 09:00:00,0.32153695272355887
2025-07-22 10:00:00,0.3418169947777708
2025-07-22 11:00:00,0.5573952101356118
2025-07-22 12:00:00,0.39848530073253247
2025-07-22 13:00:00,0.5042489099440883
2025-07-22 14:00:00,0.5124707314882871
2025-07-22 15:00:00,0.37778491613117215
2025-07-22 16:00:00,0.37461026114314433
2025-07-22 17:00:00,0.12686082846788033
2025-07-22 18:00:00,0.0
2025-07-22 19:00:00,0.0
2025-07-22 20:00:00,0.0
2025-07-22 21:00:00,0.0
2025-07-22 22:00:00,0.0
2025-07-22 23:00:00,0.0
2025-07-23 00:00:00,0.0
2025-07-23 01:00:00,0.0
2025-07-23 02:00:00,0.0
2025-07-23 03:00:00,0.0
2025-07-23 04:00:00,0.0
2025-07-23 05:00:00,0.0
2025-07-23 06:00:00,0.0
2025-07-23 07:00:00,0.10161701522939222
2025-07-23 08:00:00,0.2999833880981877
2025-07-23 09:00:00,0.4895932330352484
2025-07-23 10:00:00,0.5759210757503649
2025-07-23 11:00:00,0.5734758026416653
2025-07-23 12:00:00,0.5475483667161184
2025-07-23 13:00:00,0.5281968922894678
2025-07-23 14:00:00,0.36182278706062787
2025-07-23 15:00:00,0.4727840298846859
2025-07-23 16:00:00,0.21533546158488676
2025-07-23 17:00:00,0.15071732512839472
2025-07-23 18:00:00,0.0
2025-07-23 19:00:00,0.0
2025-07-23 20:00:00,0.0
2025-07-23 21:00:00,0.0
2025-07-23 22:00:00,0.0
2025-07-23 23:00:00,0.0
2025-07-24 00:00:00,0.0
2025-07-24 01:00:00,0.0
2025-07-24 02:00:00,0.0
2025-07-24 03:00:00,0.0
2025-07-24 04:00:00,0.0
2025-07-24 05:00:00,0.0
2025-07-24 06:00:00,0.0
2025-07-24 07:00:00,0.0032213856317510436
2025-07-24 08:00:00,0.04625767300534382
2025-07-24 09:00:00,0.24916609384210553
2025-07-24 10:00:00,0.3962662874067166
2025-07-24 11:00:00,0.6114927309534196
2025-07-24 12:00:00,0.7236463315057651
2025-07-24 13:00:00,0.6045677587877554
2025-07-24 14:00:00,0.6164237721985901
2025-07-24 15:00:00,0.4497648277215298
2025-07-24 16:00:00,0.27340306965906985
2025-07-24 17:00:00,0.10795175968439691
2025-07-24 18:00:00,0.0
2025-07-24 19:00:00,0.0
2025-07-24 20:00:00,0.0
2025-07-24 21:00:00,0.0
2025-07-24 22:00:00,0.0
2025-07-24 23:00:00,0.0
2025-07-25 00:00:00,0.0
2025-07-25 01:00:00,0.0
2025-07-25 02:00:00,0.0
2025-07-25 03:00:00,0.0
2025-07-25 04:00:00,0.0
2025-07-25 05:00:00,0.0
2025-07-25 06:00:00,0.0
2025-07-25 07:00:00,0.0
2025-07-25 08:00:00,0.13290997616359043
2025-07-25 09:00:00,0.22923997828931778
2025-07-25 10:00:00,0.5488184954317433
2025-07-25 11:00:00,0.5542680194379882
2025-07-25 12:00:00,0.6632898929578219
2025-07-25 13:00:00,0.7049167249452397
2025-07-25 14:00:00,0.5825759110895543
2025-07-25 15:00:00,0.440517212756942
2025-07-25 16:00:00,0.207344113810353
2025-07-25 17:00:00,0.0
2025-07-25 18:00:00,0.0
2025-07-25 19:00:00,0.0
2025-07-25 20:00:00,0.0
2025-07-25 21:00:00,0.0
2025-07-25 22:00:00,0.0
2025-07-25 23:00:00,0.0
2025-07-26 00:00:00,0.0
2025-07-26 01:00:00,0.0
2025-07-26 02:00:00,0.0
2025-07-26 03:00:00,0.0
2025-07-26 04:00:00,0.0
2025-07-26 05:00:00,0.0
2025-07-26 06:00:00,0.0
2025-07-26 07:00:00,0.11608165670038081
2025-07-26 08:00:00,0.2659086212685535
2025-07-26 09:00:00,0.4464485817535467
2025-07-26 10:00:00,0.5723544768556321
2025-07-26 11:00:00,0.5982763299661116
2025-07-26 12:00:00,0.5881435408460924
2025-07-26 13:00:00,0.5967463617516563
2025-07-26 14:00:00,0.5544807003288938
2025-07-26 15:00:00,0.3918187521133533
2025-07-26 16:00:00,0.27966846153537395
2025-07-26 17:00:00,0.060013963884389995
2025-07-26 18:00:00,0.0
2025-07-26 19:00:00,0.0
2025-07-26 20:00:00,0.0
2025-07-26 21:00:00,0.0
2025-07-26 22:00:00,0.0
2025-07-26 23:00:00,0.0
2025-07-27 00:00:00,0.0
2025-07-27 01:00:00,0.0
2025-07-27 02:00:00,0.0
2025-07-27 03:00:00,0.0
2025-07-27 04:00:00,0.0
2025-07-27 05:00:00,0.0
2025-07-27 06:00:00,0.0
2025-07-27 07:00:00,0.01991393128799212
2025-07-27 08:00:00,0.07798319709586611
2025-07-27 09:00:00,0.2288696679955516
2025-07-27 10:00:00,0.26014588614943635
2025-07-27 11:00:00,0.4749586213045265
2025-07-27 12:00:00,0.5540107491156542
2025-07-27 13:00:00,0.5748225953827643
2025-07-27 14:00:00,0.5116070102477638
2025-07-27 15:00:00,0.2510378998000657
2025-07-27 16:00:00,0.0979220486529542
2025-07-27 17:00:00,0.0
2025-07-27 18:00:00,0.0
2025-07-27 19:00:00,0.0
2025-07-27 20:00:00,0.0
2025-07-27 21:00:00,0.0
2025-07-27 22:00:00,0.0
2025-07-27 23:00:00,0.0
2025-07-28 00:00:00,0.0
2025-07-28 01:00:00,0.0
2025-07-28 02:00:00,0.0
2025-07-28 03:00:00,0.0
2025-07-28 04:00:00,0.0
2025-07-28 05:00:00,0.0
2025-07-28 06:00:00,0.0
2025-07-28 07:00:00,0.0
2025-07-28 08:00:00,0.19806254981263266
2025-07-28 09:00:00,0.2558769787065508
2025-07-28 10:00:00,0.47401151043081013
2025-07-28 11:00:00,0.44224667676703566
2025-07-28 12:00:00,0.5710167268367004
2025-07-28 13:00:00,0.4195652442726589
2025-07-28 14:00:00,0.48065057639618086
2025-07-28 15:00:00,0.4697460796364699
2025-07-28 16:00:00,0.1362108372139888
2025-07-28 17:00:00,0.0
2025-07-28 18:00:00,0.0
2025-07-28 19:00:00,0.0
2025-07-28 20:00:00,0.0
2025-07-28 21:00:00,0.0
2025-07-28 22:00:00,0.0
2025-07-28 23:00:00,0.0
2025-07-29 00:00:00,0.0
2025-07-29 01:00:00,0.0
2025-07-29 02:00:00,0.0
2025-07-29 03:00:00,0.0
2025-07-29 04:00:00,0.0
2025-07-29 05:00:00,0.0
2025-07-29 06:00:00,0.0
2025-07-29 07:00:00,0.0
2025-07-29 08:00:00,0.16479239662330236
2025-07-29 09:00:00,0.3190328802620519
2025-07-29 10:00:00,0.4287684416287597
2025-07-29 11:00:00,0.3256244117868374
2025-07-29 12:00:00,0.36880294941641406
2025-07-29 13:00:00,0.5159832685714828
2025-07-29 14:00:00,0.34753229084020965
2025-07-29 15:00:00,0.2007373312072666
2025-07-29 16:00:00,0.1283894563386441
2025-07-29 17:00:00,0.02783123963755364
2025-07-29 18:00:00,0.0
2025-07-29 19:00:00,0.0
2025-07-29 20:00:00,0.0
2025-07-29 21:00:00,0.0
2025-07-29 22:00:00,0.0
2025-07-29 23:00:00,0.0
2025-07-30 00:00:00,0.0
2025-07-30 01:00:00,0.0
2025-07-30 02:00:00,0.0
2025-07-30 03:00:00,0.0
2025-07-30 04:00:00,0.0
2025-07-30 05:00:00,0.0
2025-07-30 06:00:00,0.0
2025-07-30 07:00:00,0.03386518102490836
2025-07-30 08:00:00,0.17813084839406967
2025-07-30 09:00:00,0.2943904096169897
2025-07-30 10:00:00,0.47675806021076905
2025-07-30 11:00:00,0.5457645463845844
2025-07-30 12:00:00,0.4643178387439104
2025-07-30 13:00:00,0.3694717634541774
2025-07-30 14:00:00,0.47645646008970605
2025-07-30 15:00:00,0.4287054226351284
2025-07-30 16:00:00,0.252292964980732
2025-07-30 17:00:00,0.11140127318046944
2025-07-30 18:00:00,0.0
2025-07-30 19:00:00,0.0
2025-07-30 20:00:00,0.0
2025-07-30 21:00:00,0.0
2025-07-30 22:00:00,0.0
2025-07-30 23:00:00,0.0
2025-07-31 00:00:00,0.0
2025-07-31 01:00:00,0.0
2025-07-31 02:00:00,0.0
2025-07-31 03:00:00,0.0
2025-07-31 04:00:00,0.0
2025-07-31 05:00:00,0.0
2025-07-31 06:00:00,0.0
2025-07-31 07:00:00,0.0
2025-07-31 08:00:00,0.0
2025-07-31 09:00:00,0.11396495172751268
2025-07-31 10:00:00,0.2622397587313745
2025-07-31 11:00:00,0.4075251815147489
2025-07-31 12:00:00,0.4485777703760752
2025-07-31 13:00:00,0.48793191621070015
2025-07-31 14:00:00,0.26250633389036165
2025-07-31 15:00:00,0.018436742249290424
2025-07-31 16:00:00,0.02844678877498486
2025-07-31 17:00:00,0.0
2025-07-31 18:00:00,0.0
2025-07-31 19:00:00,0.0
2025-07-31 20:00:00,0.0
2025-07-31 21:00:00,0.0
2025-07-31 22:00:00,0.0
2025-07-31 23:00:00,0.0
2025-08-01 00:00:00,0.0
2025-08-01 01:00:00,0.0
2025-08-01 02:00:00,0.0
2025-08-01 03:00:00,0.0
2025-08-01 04:00:00,0.0
2025-08-01 05:00:00,0.0
2025-08-01 06:00:00,0.0
2025-08-01 07:00:00,0.0
2025-08-01 08:00:00,0.15512796229235393
2025-08-01 09:00:00,0.3421057470838531
2025-08-01 10:00:00,0.4993198924518809
2025-08-01 11:00:00,0.5884515556853498
2025-08-01 12:00:00,0.4753967026974551
2025-08-01 13:00:00,0.547619321156216
2025-08-01 14:00:00,0.3433943236569004
2025-08-01 15:00:00,0.29700843726578213
2025-08-01 16:00:00,0.24543948304698
2025-08-01 17:00:00,0.11001277861226563
2025-08-01 18:00:00,0.0
2025-08-01 19:00:00,0.0
2025-08-01 20:00:00,0.0
2025-08-01 21:00:00,0.0
2025-08-01 22:00:00,0.0
2025-08-01 23:00:00,0.0
2025-08-02 00:00:00,0.0
2025-08-02 01:00:00,0.0
2025-08-02 02:00:00,0.0
2025-08-02 03:00:00,0.0
2025-08-02 04:00:00,0.0
2025-08-02 05:00:00,0.0
2025-08-02 06:00:00,0.0
2025-08-02 07:00:00,0.0
2025-08-02 08:00:00,0.0
2025-08-02 09:00:00,0.0
2025-08-02 10:00:00,0.06320543384144553
2025-08-02 11:00:00,0.05096186156804964
2025-08-02 12:00:00,0.15259316416862068
2025-08-02 13:00:00,0.13664598693579258
2025-08-02 14:00:00,0.347280537947424
2025-08-02 15:00:00,0.11729473248184949
2025-08-02 16:00:00,0.11408090564943747
2025-08-02 17:00:00,0.0
2025-08-02 18:00:00,0.0
2025-08-02 19:00:00,0.0
2025-08-02 20:00:00,0.0
2025-08-02 21:00:00,0.0
2025-08-02 22:00:00,0.0
2025-08-02 23:00:00,0.0
2025-08-03 00:00:00,0.0
2025-08-03 01:00:00,0.0
2025-08-03 02:00:00,0.0
2025-08-03 03:00:00,0.0
2025-08-03 04:00:00,0.0
2025-08-03 05:00:00,0.0
2025-08-03 06:00:00,0.0
2025-08-03 07:00:00,0.0
2025-08-03 08:00:00,0.17748857971696325
2025-08-03 09:00:00,0.4113971121260964
2025-08-03 10:00:00,0.6184784693134959
2025-08-03 11:00:00,0.6787618811132858
2025-08-03 12:00:00,0.28064506230352404
2025-08-03 13:00:00,0.3791242598023439
2025-08-03 14:00:00,0.2010757042409389
2025-08-03 15:00:00,0.20174795135922266
2025-08-03 16:00:00,0.03810556694563057
2025-08-03 17:00:00,0.0
2025-08-03 18:00:00,0.0
2025-08-03 19:00:00,0.0
2025-08-03 20:00:00,0.0
2025-08-03 21:00:00,0.0
2025-08-03 22:00:00,0.0
2025-08-03 23:00:00,0.0
2025-08-04 00:00:00,0.0
2025-08-04 01:00:00,0.0
2025-08-04 02:00:00,0.0
2025-08-04 03:00:00,0.0
2025-08-04 04:00:00,0.0
2025-08-04 05:00:00,0.0
2025-08-04 06:00:00,0.0
2025-08-04 07:00:00,0.0
2025-08-04 08:00:00,0.16068432772760624
2025-08-04 09:00:00,0.33516601053673467
2025-08-04 10:00:00,0.24172693970223583
2025-08-04 11:00:00,0.3700415284231248
2025-08-04 12:00:00,0.5479931585091063
2025-08-04 13:00:00,0.6621400826909022
2025-08-04 14:00:00,0.5825635546659489
2025-08-04 15:00:00,0.4767163810646406
2025-08-04 16:00:00,0.2636802838550126
2025-08-04 17:00:00,0.0
2025-08-04 18:00:00,0.0
2025-08-04 19:00:00,0.0
2025-08-04 20:00:00,0.0
2025-08-04 21:00:00,0.0
2025-08-04 22:00:00,0.0
2025-08-04 23:00:00,0.0
2025-08-05 00:00:00,0.0
2025-08-05 01:00:00,0.0
2025-08-05 02:00:00,0.0
2025-08-05 03:00:00,0.0
2025-08-05 04:00:00,0.0
2025-08-05 05:00:00,0.0
2025-08-05 06:00:00,0.0
2025-08-05 07:00:00,0.0
2025-08-05 08:00:00,0.0
2025-08-05 09:00:00,0.0
2025-08-05 10:00:00,0.2920436081408094
2025-08-05 11:00:00,0.6362985663254489
2025-08-05 12:00:00,0.7462763008380521
2025-08-05 13:00:00,0.7635949418704385
2025-08-05 14:00:00,0.6431593404265564
2025-08-05 15:00:00,0.4465898104455783
2025-08-05 16:00:00,0.2534372271281072
2025-08-05 17:00:00,0.08557914635068128
2025-08-05 18:00:00,0.0
2025-08-05 19:00:00,0.0
2025-08-05 20:00:00,0.0
2025-08-05 21:00:00,0.0
2025-08-05 22:00:00,0.0
2025-08-05 23:00:00,0.0
2025-08-06 00:00:00,0.0
2025-08-06 01:00:00,0.0
2025-08-06 02:00:00,0.0
2025-08-06 03:00:00,0.0
2025-08-06 04:00:00,0.0
2025-08-06 05:00:00,0.0
2025-08-06 06:00:00,0.0
2025-08-06 07:00:00,0.07661646277069463
2025-08-06 08:00:00,0.3407269750883773
2025-08-06 09:00:00,0.5205720143749383
2025-08-06 10:00:00,0.6749195308832396
2025-08-06 11:00:00,0.6142017747482751
2025-08-06 12:00:00,0.5136704394959637
2025-08-06 13:00:00,0.39059399878260276
2025-08-06 14:00:00,0.5222505684966235
2025-08-06 15:00:00,0.4844401844227015
2025-08-06 16:00:00,0.4112668478214385
2025-08-06 17:00:00,0.17719882352232738
2025-08-06 18:00:00,0.0
2025-08-06 19:00:00,0.0
2025-08-06 20:00:00,0.0
2025-08-06 21:00:00,0.0
2025-08-06 22:00:00,0.0
2025-08-06 23:00:00,0.0
2025-08-07 00:00:00,0.0
2025-08-07 01:00:00,0.0
2025-08-07 02:00:00,0.0
2025-08-07 03:00:00,0.0
2025-08-07 04:00:00,0.0
2025-08-07 05:00:00,0.0
2025-08-07 06:00:00,0.0
2025-08-07 07:00:00,0.0960611527083584
2025-08-07 08:00:00,0.34117480011222956
2025-08-07 09:00:00,0.5466481118260349
2025-08-07 10:00:00,0.729433087474904
2025-08-07 11:00:00,0.8328124624664422
2025-08-07 12:00:00,0.8750271724065356
2025-08-07 13:00:00,0.8611825066039577
2025-08-07 14:00:00,0.7690075554988033
2025-08-07 15:00:00,0.4953472427802164
2025-08-07 16:00:00,0.1845688494631864
2025-08-07 17:00:00,0.09425954535017898
2025-08-07 18:00:00,0.0
2025-08-07 19:00:00,0.0
2025-08-07 20:00:00,0.0
2025-08-07 21:00:00,0.0
2025-08-07 22:00:00,0.0
2025-08-07 23:00:00,0.0
2025-08-08 00:00:00,0.0
2025-08-08 01:00:00,0.0
2025-08-08 02:00:00,0.0
2025-08-08 03:00:00,0.0
2025-08-08 04:00:00,0.0
2025-08-08 05:00:00,0.0
2025-08-08 06:00:00,0.0
2025-08-08 07:00:00,0.05307968059181769
2025-08-08 08:00:00,0.1415992884795002
2025-08-08 09:00:00,0.27537065738292105
2025-08-08 10:00:00,0.53820102971372
2025-08-08 11:00:00,0.5611263311424117
2025-08-08 12:00:00,0.6407248485841285
2025-08-08 13:00:00,0.5561470063472682
2025-08-08 14:00:00,0.5526333027970306
2025-08-08 15:00:00,0.49783149205864324
2025-08-08 16:00:00,0.2507405449358934
2025-08-08 17:00:00,0.12061662606101131
2025-08-08 18:00:00,0.0
2025-08-08 19:00:00,0.0
2025-08-08 20:00:00,0.0
2025-08-08 21:00:00,0.0
2025-08-08 22:00:00,0.0
2025-08-08 23:00:00,0.0
2025-08-09 00:00:00,0.0
2025-08-09 01:00:00,0.0
2025-08-09 02:00:00,0.0
2025-08-09 03:00:00,0.0
2025-08-09 04:00:00,0.0
2025-08-09 05:00:00,0.0
2025-08-09 06:00:00,0.0
2025-08-09 07:00:00,0.0
2025-08-09 08:00:00,0.08044141202881389
2025-08-09 09:00:00,0.3575955327825382
2025-08-09 10:00:00,0.6649317122525186
2025-08-09 11:00:00,0.8275792318357981
2025-08-09 12:00:00,0.8610437639411819
2025-08-09 13:00:00,0.7872431980931613
2025-08-09 14:00:00,0.7124526001900807
2025-08-09 15:00:00,0.5708294728911074
2025-08-09 16:00:00,0.44866560253512816
2025-08-09 17:00:00,0.24428845832598234
2025-08-09 18:00:00,0.025130596940675702
2025-08-09 19:00:00,0.0
2025-08-09 20:00:00,0.0
2025-08-09 21:00:00,0.0
2025-08-09 22:00:00,0.0
2025-08-09 23:00:00,0.0
2025-08-10 00:00:00,0.0
2025-08-10 01:00:00,0.0
2025-08-10 02:00:00,0.0
2025-08-10 03:00:00,0.0
2025-08-10 04:00:00,0.0
2025-08-10 05:00:00,0.0
2025-08-10 06:00:00,0.0
2025-08-10 07:00:00,0.11595106662425905
2025-08-10 08:00:00,0.3389452817248465
2025-08-10 09:00:00,0.5423717215346006
2025-08-10 10:00:00,0.7058921874716865
2025-08-10 11:00:00,0.814456741035712
2025-08-10 12:00:00,0.8577118735773667
2025-08-10 13:00:00,0.8361024742619184
2025-08-10 14:00:00,0.7314051275334216
2025-08-10 15:00:00,0.6082567388864543
2025-08-10 16:00:00,0.430231779365642
2025-08-10 17:00:00,0.22853361900132382
2025-08-10 18:00:00,0.019912563359911813
2025-08-10 19:00:00,0.0
2025-08-10 20:00:00,0.0
2025-08-10 21:00:00,0.0
2025-08-10 22:00:00,0.0
2025-08-10 23:00:00,0.0
2025-08-11 00:00:00,0.0
2025-08-11 01:00:00,0.0
2025-08-11 02:00:00,0.0
2025-08-11 03:00:00,0.0
2025-08-11 04:00:00,0.0
2025-08-11 05:00:00,0.0
2025-08-11 06:00:00,0.0
2025-08-11 07:00:00,0.12846421405349442
2025-08-11 08:00:00,0.3559916013998387
2025-08-11 09:00:00,0.5631328382774844
2025-08-11 10:00:00,0.7291639399933242
2025-08-11 11:00:00,0.8392964766034143
2025-08-11 12:00:00,0.8868309498013169
2025-08-11 13:00:00,0.8695490802856822
2025-08-11 14:00:00,0.7882532559630149
2025-08-11 15:00:00,0.6503008733816672
2025-08-11 16:00:00,0.46659830599613106
2025-08-11 17:00:00,0.25346533266188687
2025-08-11 18:00:00,0.03294889308049241
2025-08-11 19:00:00,0.0
2025-08-11 20:00:00,0.0
2025-08-11 21:00:00,0.0
2025-08-11 22:00:00,0.0
2025-08-11 23:00:00,0.0
2025-08-12 00:00:00,0.0
2025-08-12 01:00:00,0.0
2025-08-12 02:00:00,0.0
2025-08-12 03:00:00,0.0
2025-08-12 04:00:00,0.0
2025-08-12 05:00:00,0.0
2025-08-12 06:00:00,0.0
2025-08-12 07:00:00,0.1329221201799891
2025-08-12 08:00:00,0.34570747284633296
2025-08-12 09:00:00,0.5555399745462387
2025-08-12 10:00:00,0.7404775628428947
2025-08-12 11:00:00,0.8528421161945999
2025-08-12 12:00:00,0.898399037272122
2025-08-12 13:00:00,0.8805111560955727
2025-08-12 14:00:00,0.8007263785071842
2025-08-12 15:00:00,0.6645896208779507
2025-08-12 16:00:00,0.4838662227849812
2025-08-12 17:00:00,0.2727055999832921
2025-08-12 18:00:00,0.053682172182884666
2025-08-12 19:00:00,0.0
2025-08-12 20:00:00,0.0
2025-08-12 21:00:00,0.0
2025-08-12 22:00:00,0.0
2025-08-12 23:00:00,0.0
2025-08-13 00:00:00,0.0
2025-08-13 01:00:00,0.0
2025-08-13 02:00:00,0.0
2025-08-13 03:00:00,0.0
2025-08-13 04:00:00,0.0
2025-08-13 05:00:00,0.0
2025-08-13 06:00:00,0.0
2025-08-13 07:00:00,0.1496870718062791
2025-08-13 08:00:00,0.3722740078813051
2025-08-13 09:00:00,0.538391118577764
2025-08-13 10:00:00,0.6944767289412184
2025-08-13 11:00:00,0.7823479530584039
2025-08-13 12:00:00,0.8495756725842765
2025-08-13 13:00:00,0.8543578870915225
2025-08-13 14:00:00,0.7942907012017464
2025-08-13 15:00:00,0.6620311151283566
2025-08-13 16:00:00,0.4760529560787018
2025-08-13 17:00:00,0.26909348955166695
2025-08-13 18:00:00,0.055003386046443045
2025-08-13 19:00:00,0.0
2025-08-13 20:00:00,0.0
2025-08-13 21:00:00,0.0
2025-08-13 22:00:00,0.0
2025-08-13 23:00:00,0.0
2025-08-14 00:00:00,0.0
2025-08-14 01:00:00,0.0
2025-08-14 02:00:00,0.0
2025-08-14 03:00:00,0.0
2025-08-14 04:00:00,0.0
2025-08-14 05:00:00,0.0
2025-08-14 06:00:00,0.0
2025-08-14 07:00:00,0.11540796731534209
2025-08-14 08:00:00,0.23845888442095955
2025-08-14 09:00:00,0.2986850810864095
2025-08-14 10:00:00,0.42289709766322076
2025-08-14 11:00:00,0.5917488286151077
2025-08-14 12:00:00,0.7034684743006555
2025-08-14 13:00:00,0.7546062768487718
2025-08-14 14:00:00,0.7406782528047662
2025-08-14 15:00:00,0.5422616237462343
2025-08-14 16:00:00,0.4122921466457794
2025-08-14 17:00:00,0.18931074890901767
2025-08-14 18:00:00,0.002138981850795433
2025-08-14 19:00:00,0.0
2025-08-14 20:00:00,0.0
2025-08-14 21:00:00,0.0
2025-08-14 22:00:00,0.0
2025-08-14 23:00:00,0.0
2025-08-15 00:00:00,0.0
2025-08-15 01:00:00,0.0
2025-08-15 02:00:00,0.0
2025-08-15 03:00:00,0.0
2025-08-15 04:00:00,0.0
2025-08-15 05:00:00,0.0
2025-08-15 06:00:00,0.0
2025-08-15 07:00:00,0.07532706534684823
2025-08-15 08:00:00,0.30262615526879816
2025-08-15 09:00:00,0.5276619250206478
2025-08-15 10:00:00,0.6966062965167592
2025-08-15 11:00:00,0.8113383639931766
2025-08-15 12:00:00,0.8633398616951006
2025-08-15 13:00:00,0.8500580724152486
2025-08-15 14:00:00,0.776207655895289
2025-08-15 15:00:00,0.6408492224121645
2025-08-15 16:00:00,0.44905110724010316
2025-08-15 17:00:00,0.23000210975843902
2025-08-15 18:00:00,0.0181250972722695
2025-08-15 19:00:00,0.0
2025-08-15 20:00:00,0.0
2025-08-15 21:00:00,0.0
2025-08-15 22:00:00,0.0
2025-08-15 23:00:00,0.0
2025-08-16 00:00:00,0.0
2025-08-16 01:00:00,0.0
2025-08-16 02:00:00,0.0
2025-08-16 03:00:00,0.0
2025-08-16 04:00:00,0.0
2025-08-16 05:00:00,0.0
2025-08-16 06:00:00,0.0
2025-08-16 07:00:00,0.0
2025-08-16 08:00:00,0.012057736707020488
2025-08-16 09:00:00,0.1820068214495344
2025-08-16 10:00:00,0.3696465553751786
2025-08-16 11:00:00,0.3877666311354641
2025-08-16 12:00:00,0.38122112046859596
2025-08-16 13:00:00,0.3843626092314981
2025-08-16 14:00:00,0.24382235733786684
2025-08-16 15:00:00,0.1360331119476535
2025-08-16 16:00:00,0.1740680921284942
2025-08-16 17:00:00,0.0538745113112718
2025-08-16 18:00:00,0.0
2025-08-16 19:00:00,0.0
2025-08-16 20:00:00,0.0
2025-08-16 21:00:00,0.0
2025-08-16 22:00:00,0.0
2025-08-16 23:00:00,0.0
2025-08-17 00:00:00,0.0
2025-08-17 01:00:00,0.0
2025-08-17 02:00:00,0.0
2025-08-17 03:00:00,0.0
2025-08-17 04:00:00,0.0
2025-08-17 05:00:00,0.0
2025-08-17 06:00:00,0.0
2025-08-17 07:00:00,0.0
2025-08-17 08:00:00,0.12892006293597139
2025-08-17 09:00:00,0.2581087660497402
2025-08-17 10:00:00,0.36922362325550906
2025-08-17 11:00:00,0.39581399655911564
2025-08-17 12:00:00,0.3570212964813595
2025-08-17 13:00:00,0.4299946720646384
2025-08-17 14:00:00,0.35961395761940784
2025-08-17 15:00:00,0.12281147765247295
2025-08-17 16:00:00,0.0
2025-08-17 17:00:00,0.0
2025-08-17 18:00:00,0.0
2025-08-17 19:00:00,0.0
2025-08-17 20:00:00,0.0
2025-08-17 21:00:00,0.0
2025-08-17 22:00:00,0.0
2025-08-17 23:00:00,0.0
2025-08-18 00:00:00,0.0
2025-08-18 01:00:00,0.0
2025-08-18 02:00:00,0.0
2025-08-18 03:00:00,0.0
2025-08-18 04:00:00,0.0
2025-08-18 05:00:00,0.0
2025-08-18 06:00:00,0.0
2025-08-18 07:00:00,0.030756374707403254
2025-08-18 08:00:00,0.257693768912436
2025-08-18 09:00:00,0.48845428371433786
2025-08-18 10:00:00,0.6157194968232013
2025-08-18 11:00:00,0.7118242035308859
2025-08-18 12:00:00,0.8367082424949775
2025-08-18 13:00:00,0.8219105740169215
2025-08-18 14:00:00,0.7396166632234443
2025-08-18 15:00:00,0.5942366439766533
2025-08-18 16:00:00,0.4087335448935498
2025-08-18 17:00:00,0.1963937613043878
2025-08-18 18:00:00,0.0
2025-08-18 19:00:00,0.0
2025-08-18 20:00:00,0.0
2025-08-18 21:00:00,0.0
2025-08-18 22:00:00,0.0
2025-08-18 23:00:00,0.0
2025-08-19 00:00:00,0.0
2025-08-19 01:00:00,0.0
2025-08-19 02:00:00,0.0
2025-08-19 03:00:00,0.0
2025-08-19 04:00:00,0.0
2025-08-19 05:00:00,0.0
2025-08-19 06:00:00,0.0
2025-08-19 07:00:00,0.08920805354348936
2025-08-19 08:00:00,0.31772314030328164
2025-08-19 09:00:00,0.5253177572247987
2025-08-19 10:00:00,0.6935904753434533
2025-08-19 11:00:00,0.8054499164533147
2025-08-19 12:00:00,0.8524849142791189
2025-08-19 13:00:00,0.8214738142843862
2025-08-19 14:00:00,0.7172651861887726
2025-08-19 15:00:00,0.5032932406611886
2025-08-19 16:00:00,0.3497055978365647
2025-08-19 17:00:00,0.1766058654659515
2025-08-19 18:00:00,0.0
2025-08-19 19:00:00,0.0
2025-08-19 20:00:00,0.0
2025-08-19 21:00:00,0.0
2025-08-19 22:00:00,0.0
2025-08-19 23:00:00,0.0
2025-08-20 00:00:00,0.0
2025-08-20 01:00:00,0.0
2025-08-20 02:00:00,0.0
2025-08-20 03:00:00,0.0
2025-08-20 04:00:00,0.0
2025-08-20 05:00:00,0.0
2025-08-20 06:00:00,0.0
2025-08-20 07:00:00,0.0
2025-08-20 08:00:00,0.0
2025-08-20 09:00:00,0.19926963301533046
2025-08-20 10:00:00,0.42455666081463894
2025-08-20 11:00:00,0.5993759692559721
2025-08-20 12:00:00,0.511379436288924
2025-08-20 13:00:00,0.7483702536616258
2025-08-20 14:00:00,0.671527724752313
2025-08-20 15:00:00,0.5218553899737752
2025-08-20 16:00:00,0.35777009471116206
2025-08-20 17:00:00,0.14470336625673452
2025-08-20 18:00:00,0.0
2025-08-20 19:00:00,0.0
2025-08-20 20:00:00,0.0
2025-08-20 21:00:00,0.0
2025-08-20 22:00:00,0.0
2025-08-20 23:00:00,0.0
2025-08-21 00:00:00,0.0
2025-08-21 01:00:00,0.0
2025-08-21 02:00:00,0.0
2025-08-21 03:00:00,0.0
2025-08-21 04:00:00,0.0
2025-08-21 05:00:00,0.0
2025-08-21 06:00:00,0.0
2025-08-21 07:00:00,0.022875308353626916
2025-08-21 08:00:00,0.24045510150439106
2025-08-21 09:00:00,0.4662045094515386
2025-08-21 10:00:00,0.6286443259165518
2025-08-21 11:00:00,0.5772143098286104
2025-08-21 12:00:00,0.4688918747682371
2025-08-21 13:00:00,0.33816779255108315
2025-08-21 14:00:00,0.3502392082675551
2025-08-21 15:00:00,0.24576818067649125
2025-08-21 16:00:00,0.21219831257069305
2025-08-21 17:00:00,0.05418874615239361
2025-08-21 18:00:00,0.0
2025-08-21 19:00:00,0.0
2025-08-21 20:00:00,0.0
2025-08-21 21:00:00,0.0
2025-08-21 22:00:00,0.0
2025-08-21 23:00:00,0.0
2025-08-22 00:00:00,0.0
2025-08-22 01:00:00,0.0
2025-08-22 02:00:00,0.0
2025-08-22 03:00:00,0.0
2025-08-22 04:00:00,0.0
2025-08-22 05:00:00,0.0
2025-08-22 06:00:00,0.0
2025-08-22 07:00:00,0.0
2025-08-22 08:00:00,0.0006651993861883531
2025-08-22 09:00:00,0.27429450835451746
2025-08-22 10:00:00,0.4075842982854039
2025-08-22 11:00:00,0.31052173227753355
2025-08-22 12:00:00,0.2217441954861712
2025-08-22 13:00:00,0.17644079753495992
2025-08-22 14:00:00,0.0943900589425132
2025-08-22 15:00:00,0.0
2025-08-22 16:00:00,0.0364173770062619
2025-08-22 17:00:00,0.0
2025-08-22 18:00:00,0.0
2025-08-22 19:00:00,0.0
2025-08-22 20:00:00,0.0
2025-08-22 21:00:00,0.0
2025-08-22 22:00:00,0.0
2025-08-22 23:00:00,0.0
2025-08-23 00:00:00,0.0
2025-08-23 01:00:00,0.0
2025-08-23 02:00:00,0.0
2025-08-23 03:00:00,0.0
2025-08-23 04:00:00,0.0
2025-08-23 05:00:00,0.0
2025-08-23 06:00:00,0.0
2025-08-23 07:00:00,0.0
2025-08-23 08:00:00,0.0
2025-08-23 09:00:00,0.0
2025-08-23 10:00:00,0.0
2025-08-23 11:00:00,0.0
2025-08-23 12:00:00,0.06228155588771496
2025-08-23 13:00:00,0.1982451464750823
2025-08-23 14:00:00,0.3379116083685787
2025-08-23 15:00:00,0.19449232501277225
2025-08-23 16:00:00,0.03558918659104209
2025-08-23 17:00:00,0.0
2025-08-23 18:00:00,0.0
2025-08-23 19:00:00,0.0
2025-08-23 20:00:00,0.0
2025-08-23 21:00:00,0.0
2025-08-23 22:00:00,0.0
2025-08-23 23:00:00,0.0
2025-08-24 00:00:00,0.0
2025-08-24 01:00:00,0.0
2025-08-24 02:00:00,0.0
2025-08-24 03:00:00,0.0
2025-08-24 04:00:00,0.0
2025-08-24 05:00:00,0.0
2025-08-24 06:00:00,0.0
2025-08-24 07:00:00,0.01504167677317018
2025-08-24 08:00:00,0.22371101779200891
2025-08-24 09:00:00,0.43512932672583715
2025-08-24 10:00:00,0.48002997406035
2025-08-24 11:00:00,0.471429016548145
2025-08-24 12:00:00,0.584725734794469
2025-08-24 13:00:00,0.5763153904775207
2025-08-24 14:00:00,0.5572443277670083
2025-08-24 15:00:00,0.5307267705283754
2025-08-24 16:00:00,0.31145539385161686
2025-08-24 17:00:00,0.10852564459831662
2025-08-24 18:00:00,0.0
2025-08-24 19:00:00,0.0
2025-08-24 20:00:00,0.0
2025-08-24 21:00:00,0.0
2025-08-24 22:00:00,0.0
2025-08-24 23:00:00,0.0
2025-08-25 00:00:00,0.0
2025-08-25 01:00:00,0.0
2025-08-25 02:00:00,0.0
2025-08-25 03:00:00,0.0
2025-08-25 04:00:00,0.0
2025-08-25 05:00:00,0.0
2025-08-25 06:00:00,0.0
2025-08-25 07:00:00,0.02827872379126888
2025-08-25 08:00:00,0.26589236368255115
2025-08-25 09:00:00,0.47451681236290266
2025-08-25 10:00:00,0.6158353420472592
2025-08-25 11:00:00,0.7405460208138974
2025-08-25 12:00:00,0.7994537469124909
2025-08-25 13:00:00,0.7745140207899168
2025-08-25 14:00:00,0.6879776793043919
2025-08-25 15:00:00,0.5486632338839613
2025-08-25 16:00:00,0.35130278850320307
2025-08-25 17:00:00,0.13612567868430075
2025-08-25 18:00:00,0.0
2025-08-25 19:00:00,0.0
2025-08-25 20:00:00,0.0
2025-08-25 21:00:00,0.0
2025-08-25 22:00:00,0.0
2025-08-25 23:00:00,0.0
2025-08-26 00:00:00,0.0
2025-08-26 01:00:00,0.0
2025-08-26 02:00:00,0.0
2025-08-26 03:00:00,0.0
2025-08-26 04:00:00,0.0
2025-08-26 05:00:00,0.0
2025-08-26 06:00:00,0.0
2025-08-26 07:00:00,0.040697287253887875
2025-08-26 08:00:00,0.24670659594588643
2025-08-26 09:00:00,0.4533018557689627
2025-08-26 10:00:00,0.5971959827937229
2025-08-26 11:00:00,0.7314871280756846
2025-08-26 12:00:00,0.7676497979179383
2025-08-26 13:00:00,0.7062220687520245
2025-08-26 14:00:00,0.586127570820355
2025-08-26 15:00:00,0.3465585285844393
2025-08-26 16:00:00,0.09433669057509016
2025-08-26 17:00:00,0.0
2025-08-26 18:00:00,0.0
2025-08-26 19:00:00,0.0
2025-08-26 20:00:00,0.0
2025-08-26 21:00:00,0.0
2025-08-26 22:00:00,0.0
2025-08-26 23:00:00,0.0
2025-08-27 00:00:00,0.0
2025-08-27 01:00:00,0.0
2025-08-27 02:00:00,0.0
2025-08-27 03:00:00,0.0
2025-08-27 04:00:00,0.0
2025-08-27 05:00:00,0.0
2025-08-27 06:00:00,0.0
2025-08-27 07:00:00,0.0
2025-08-27 08:00:00,0.03900434359932226
2025-08-27 09:00:00,0.18418009238314242
2025-08-27 10:00:00,0.2767061986485892
2025-08-27 11:00:00,0.4189352774864327
2025-08-27 12:00:00,0.265461534915916
2025-08-27 13:00:00,0.24112417841119618
2025-08-27 14:00:00,0.1685399957846626
2025-08-27 15:00:00,0.1494630077853891
2025-08-27 16:00:00,0.1828472591958426
2025-08-27 17:00:00,0.046359619830439174
2025-08-27 18:00:00,0.0
2025-08-27 19:00:00,0.0
2025-08-27 20:00:00,0.0
2025-08-27 21:00:00,0.0
2025-08-27 22:00:00,0.0
2025-08-27 23:00:00,0.0
2025-08-28 00:00:00,0.0
2025-08-28 01:00:00,0.0
2025-08-28 02:00:00,0.0
2025-08-28 03:00:00,0.0
2025-08-28 04:00:00,0.0
2025-08-28 05:00:00,0.0
2025-08-28 06:00:00,0.0
2025-08-28 07:00:00,0.0
2025-08-28 08:00:00,0.0
2025-08-28 09:00:00,0.1486299280501603
2025-08-28 10:00:00,0.30188199566862406
2025-08-28 11:00:00,0.34218197637121667
2025-08-28 12:00:00,0.2954108224626435
2025-08-28 13:00:00,0.3644778354858832
2025-08-28 14:00:00,0.2726648322309558
2025-08-28 15:00:00,0.20766965281171343
2025-08-28 16:00:00,0.14448763850939536
2025-08-28 17:00:00,0.00018186491722006976
2025-08-28 18:00:00,0.0
2025-08-28 19:00:00,0.0
2025-08-28 20:00:00,0.0
2025-08-28 21:00:00,0.0
2025-08-28 22:00:00,0.0
2025-08-28 23:00:00,0.0
2025-08-29 00:00:00,0.0
2025-08-29 01:00:00,0.0
2025-08-29 02:00:00,0.0
2025-08-29 03:00:00,0.0
2025-08-29 04:00:00,0.0
2025-08-29 05:00:00,0.0
2025-08-29 06:00:00,0.0
2025-08-29 07:00:00,0.014554551586112054
2025-08-29 08:00:00,0.2273853204634454
2025-08-29 09:00:00,0.4517194453317526
2025-08-29 10:00:00,0.5841704736751354
2025-08-29 11:00:00,0.583407779392739
2025-08-29 12:00:00,0.45799453304019044
2025-08-29 13:00:00,0.4460079950664857
2025-08-29 14:00:00,0.4190827501233279
2025-08-29 15:00:00,0.21398398761265777
2025-08-29 16:00:00,0.03356709160285597
2025-08-29 17:00:00,0.0
2025-08-29 18:00:00,0.0
2025-08-29 19:00:00,0.0
2025-08-29 20:00:00,0.0
2025-08-29 21:00:00,0.0
2025-08-29 22:00:00,0.0
2025-08-29 23:00:00,0.0
2025-08-30 00:00:00,0.0
2025-08-30 01:00:00,0.0
2025-08-30 02:00:00,0.0
2025-08-30 03:00:00,0.0
2025-08-30 04:00:00,0.0
2025-08-30 05:00:00,0.0
2025-08-30 06:00:00,0.0
2025-08-30 07:00:00,0.0
2025-08-30 08:00:00,0.11799767693571225
2025-08-30 09:00:00,0.2219876855962829
2025-08-30 10:00:00,0.32657128093100607
2025-08-30 11:00:00,0.5843818355768329
2025-08-30 12:00:00,0.5472076724847584
2025-08-30 13:00:00,0.4146239786301075
2025-08-30 14:00:00,0.2610328551821357
2025-08-30 15:00:00,0.3124893843509063
2025-08-30 16:00:00,0.151436764584057
2025-08-30 17:00:00,0.022745502785622183
2025-08-30 18:00:00,0.0
2025-08-30 19:00:00,0.0
2025-08-30 20:00:00,0.0
2025-08-30 21:00:00,0.0
2025-08-30 22:00:00,0.0
2025-08-30 23:00:00,0.0
2025-08-31 00:00:00,0.0
2025-08-31 01:00:00,0.0
2025-08-31 02:00:00,0.0
2025-08-31 03:00:00,0.0
2025-08-31 04:00:00,0.0
2025-08-31 05:00:00,0.0
2025-08-31 06:00:00,0.0
2025-08-31 07:00:00,0.0
2025-08-31 08:00:00,0.0
2025-08-31 09:00:00,0.0
2025-08-31 10:00:00,0.0
2025-08-31 11:00:00,0.13459248327887988
2025-08-31 12:00:00,0.06203727923649061
2025-08-31 13:00:00,0.2732203958584073
2025-08-31 14:00:00,0.27258962925657637
2025-08-31 15:00:00,0.2782390657653505
2025-08-31 16:00:00,0.12184874736835703
2025-08-31 17:00:00,0.0
2025-08-31 18:00:00,0.0
2025-08-31 19:00:00,0.0
2025-08-31 20:00:00,0.0
2025-08-31 21:00:00,0.0
2025-08-31 22:00:00,0.0
2025-08-31 23:00:00,0.0
2025-09-01 00:00:00,0.0
2025-09-01 01:00:00,0.0
2025-09-01 02:00:00,0.0
2025-09-01 03:00:00,0.0
2025-09-01 04:00:00,0.0
2025-09-01 05:00:00,0.0
2025-09-01 06:00:00,0.0
2025-09-01 07:00:00,0.0
2025-09-01 08:00:00,0.0
2025-09-01 09:00:00,0.0
2025-09-01 10:00:00,0.15681645121190477
2025-09-01 11:00:00,0.21890601693134368
2025-09-01 12:00:00,0.2503506875112011
2025-09-01 13:00:00,0.49973742348099065
2025-09-01 14:00:00,0.38987770029304514
2025-09-01 15:00:00,0.34148012122760535
2025-09-01 16:00:00,0.1681572108864277
2025-09-01 17:00:00,0.0
2025-09-01 18:00:00,0.0
2025-09-01 19:00:00,0.0
2025-09-01 20:00:00,0.0
2025-09-01 21:00:00,0.0
2025-09-01 22:00:00,0.0
2025-09-01 23:00:00,0.0
2025-09-02 00:00:00,0.0
2025-09-02 01:00:00,0.0
2025-09-02 02:00:00,0.0
2025-09-02 03:00:00,0.0
2025-09-02 04:00:00,0.0
2025-09-02 05:00:00,0.0
2025-09-02 06:00:00,0.0
2025-09-02 07:00:00,0.0
2025-09-02 08:00:00,0.10332482202338455
2025-09-02 09:00:00,0.236390301102912
2025-09-02 10:00:00,0.5174252457098196
2025-09-02 11:00:00,0.5736003257193911
2025-09-02 12:00:00,0.45929482965618607
2025-09-02 13:00:00,0.4452831048280984
2025-09-02 14:00:00,0.3923044196847045
2025-09-02 15:00:00,0.29943220699660134
2025-09-02 16:00:00,0.09560510691301032
2025-09-02 17:00:00,0.0
2025-09-02 18:00:00,0.0
2025-09-02 19:00:00,0.0
2025-09-02 20:00:00,0.0
2025-09-02 21:00:00,0.0
2025-09-02 22:00:00,0.0
2025-09-02 23:00:00,0.0
2025-09-03 00:00:00,0.0
2025-09-03 01:00:00,0.0
2025-09-03 02:00:00,0.0
2025-09-03 03:00:00,0.0
2025-09-03 04:00:00,0.0
2025-09-03 05:00:00,0.0
2025-09-03 06:00:00,0.0
2025-09-03 07:00:00,0.0
2025-09-03 08:00:00,0.11532724445860701
2025-09-03 09:00:00,0.1441913394498128
2025-09-03 10:00:00,0.10251157687454425
2025-09-03 11:00:00,0.2394307285737491
2025-09-03 12:00:00,0.2675091098301243
2025-09-03 13:00:00,0.2789191676858479
2025-09-03 14:00:00,0.12329374809936024
2025-09-03 15:00:00,0.03852038963621989
2025-09-03 16:00:00,0.0
2025-09-03 17:00:00,0.0
2025-09-03 18:00:00,0.0
2025-09-03 19:00:00,0.0
2025-09-03 20:00:00,0.0
2025-09-03 21:00:00,0.0
2025-09-03 22:00:00,0.0
2025-09-03 23:00:00,0.0
2025-09-04 00:00:00,0.0
2025-09-04 01:00:00,0.0
2025-09-04 02:00:00,0.0
2025-09-04 03:00:00,0.0
2025-09-04 04:00:00,0.0
2025-09-04 05:00:00,0.0
2025-09-04 06:00:00,0.0
2025-09-04 07:00:00,0.0
2025-09-04 08:00:00,0.1779662520133361
2025-09-04 09:00:00,0.2963179780631624
2025-09-04 10:00:00,0.4260357589868484
2025-09-04 11:00:00,0.5904486867091693
2025-09-04 12:00:00,0.5460288729888478
2025-09-04 13:00:00,0.5714670511578896
2025-09-04 14:00:00,0.28913069604962643
2025-09-04 15:00:00,0.10721499855204897
2025-09-04 16:00:00,0.05158836195777398
2025-09-04 17:00:00,0.0
2025-09-04 18:00:00,0.0
2025-09-04 19:00:00,0.0
2025-09-04 20:00:00,0.0
2025-09-04 21:00:00,0.0
2025-09-04 22:00:00,0.0
2025-09-04 23:00:00,0.0
2025-09-05 00:00:00,0.0
2025-09-05 01:00:00,0.0
2025-09-05 02:00:00,0.0
2025-09-05 03:00:00,0.0
2025-09-05 04:00:00,0.0
2025-09-05 05:00:00,0.0
2025-09-05 06:00:00,0.0
2025-09-05 07:00:00,0.0
2025-09-05 08:00:00,0.11699599636405465
2025-09-05 09:00:00,0.2289553833555334
2025-09-05 10:00:00,0.35334651753569685
2025-09-05 11:00:00,0.3970868738759949
2025-09-05 12:00:00,0.5903898129229199
2025-09-05 13:00:00,0.4008439111054495
2025-09-05 14:00:00,0.32739147035649085
2025-09-05 15:00:00,0.24252259734108686
2025-09-05 16:00:00,0.13948488345308493
2025-09-05 17:00:00,0.0
2025-09-05 18:00:00,0.0
2025-09-05 19:00:00,0.0
2025-09-05 20:00:00,0.0
2025-09-05 21:00:00,0.0
2025-09-05 22:00:00,0.0
2025-09-05 23:00:00,0.0
2025-09-06 00:00:00,0.0
2025-09-06 01:00:00,0.0
2025-09-06 02:00:00,0.0
2025-09-06 03:00:00,0.0
2025-09-06 04:00:00,0.0
2025-09-06 05:00:00,0.0
2025-09-06 06:00:00,0.0
2025-09-06 07:00:00,0.0
2025-09-06 08:00:00,0.1986653357304686
2025-09-06 09:00:00,0.39903226146594745
2025-09-06 10:00:00,0.5658945614385033
2025-09-06 11:00:00,0.6795637247937975
2025-09-06 12:00:00,0.7186673464494687
2025-09-06 13:00:00,0.6664564726966735
2025-09-06 14:00:00,0.5749183984938564
2025-09-06 15:00:00,0.43921692996643386
2025-09-06 16:00:00,0.22843240638128715
2025-09-06 17:00:00,0.006872077191937697
2025-09-06 18:00:00,0.0
2025-09-06 19:00:00,0.0
2025-09-06 20:00:00,0.0
2025-09-06 21:00:00,0.0
2025-09-06 22:00:00,0.0
2025-09-06 23:00:00,0.0
2025-09-07 00:00:00,0.0
2025-09-07 01:00:00,0.0
2025-09-07 02:00:00,0.0
2025-09-07 03:00:00,0.0
2025-09-07 04:00:00,0.0
2025-09-07 05:00:00,0.0
2025-09-07 06:00:00,0.0
2025-09-07 07:00:00,0.0
2025-09-07 08:00:00,0.2069951989274692
2025-09-07 09:00:00,0.41947938023178843
2025-09-07 10:00:00,0.5807813711455265
2025-09-07 11:00:00,0.6898827180313438
2025-09-07 12:00:00,0.7410771385758355
2025-09-07 13:00:00,0.7159572138262064
2025-09-07 14:00:00,0.612550564785151
2025-09-07 15:00:00,0.4731763881866032
2025-09-07 16:00:00,0.27707270881810414
2025-09-07 17:00:00,0.05633400994795593
2025-09-07 18:00:00,0.0
2025-09-07 19:00:00,0.0
2025-09-07 20:00:00,0.0
2025-09-07 21:00:00,0.0
2025-09-07 22:00:00,0.0
2025-09-07 23:00:00,0.0
2025-09-08 00:00:00,0.0
2025-09-08 01:00:00,0.0
2025-09-08 02:00:00,0.0
2025-09-08 03:00:00,0.0
2025-09-08 04:00:00,0.0
2025-09-08 05:00:00,0.0
2025-09-08 06:00:00,0.0
2025-09-08 07:00:00,0.0
2025-09-08 08:00:00,0.0
2025-09-08 09:00:00,0.03682035387446301
2025-09-08 10:00:00,0.16470584427685075
2025-09-08 11:00:00,0.27141408246101506
2025-09-08 12:00:00,0.2440360258901955
2025-09-08 13:00:00,0.3299225563774998
2025-09-08 14:00:00,0.36607687821106816
2025-09-08 15:00:00,0.2657801477160272
2025-09-08 16:00:00,0.09347178110032635
2025-09-08 17:00:00,0.0
2025-09-08 18:00:00,0.0
2025-09-08 19:00:00,0.0
2025-09-08 20:00:00,0.0
2025-09-08 21:00:00,0.0
2025-09-08 22:00:00,0.0
2025-09-08 23:00:00,0.0
2025-09-09 00:00:00,0.0
2025-09-09 01:00:00,0.0
2025-09-09 02:00:00,0.0
2025-09-09 03:00:00,0.0
2025-09-09 04:00:00,0.0
2025-09-09 05:00:00,0.0
2025-09-09 06:00:00,0.0
2025-09-09 07:00:00,0.0
2025-09-09 08:00:00,0.0
2025-09-09 09:00:00,0.0
2025-09-09 10:00:00,0.0
2025-09-09 11:00:00,0.0
2025-09-09 12:00:00,0.0
2025-09-09 13:00:00,0.0
2025-09-09 14:00:00,0.0
2025-09-09 15:00:00,0.0
2025-09-09 16:00:00,0.0
2025-09-09 17:00:00,0.0
2025-09-09 18:00:00,0.0
2025-09-09 19:00:00,0.0
2025-09-09 20:00:00,0.0
2025-09-09 21:00:00,0.0
2025-09-09 22:00:00,0.0
2025-09-09 23:00:00,0.0
2025-09-10 00:00:00,0.0
2025-09-10 01:00:00,0.0
2025-09-10 02:00:00,0.0
2025-09-10 03:00:00,0.0
2025-09-10 04:00:00,0.0
2025-09-10 05:00:00,0.0
2025-09-10 06:00:00,0.0
2025-09-10 07:00:00,0.0
2025-09-10 08:00:00,0.0
2025-09-10 09:00:00,0.16733201522251617
2025-09-10 10:00:00,0.396316094142753
2025-09-10 11:00:00,0.5063729680845943
2025-09-10 12:00:00,0.5745385075083195
2025-09-10 13:00:00,0.6182605389858908
2025-09-10 14:00:00,0.399399014544385
2025-09-10 15:00:00,0.2356871846758348
2025-09-10 16:00:00,0.055708447033977614
2025-09-10 17:00:00,0.0
2025-09-10 18:00:00,0.0
2025-09-10 19:00:00,0.0
2025-09-10 20:00:00,0.0
2025-09-10 21:00:00,0.0
2025-09-10 22:00:00,0.0
2025-09-10 23:00:00,0.0
2025-09-11 00:00:00,0.0
2025-09-11 01:00:00,0.0
2025-09-11 02:00:00,0.0
2025-09-11 03:00:00,0.0
2025-09-11 04:00:00,0.0
2025-09-11 05:00:00,0.0
2025-09-11 06:00:00,0.0
2025-09-11 07:00:00,0.0
2025-09-11 08:00:00,0.0
2025-09-11 09:00:00,0.10503882196480809
2025-09-11 10:00:00,0.33296455873411035
2025-09-11 11:00:00,0.39711791112288314
2025-09-11 12:00:00,0.4928110283478344
2025-09-11 13:00:00,0.4129066791512783
2025-09-11 14:00:00,0.3856528185342297
2025-09-11 15:00:00,0.2872531568046156
2025-09-11 16:00:00,0.06833467256464323
2025-09-11 17:00:00,0.0
2025-09-11 18:00:00,0.0
2025-09-11 19:00:00,0.0
2025-09-11 20:00:00,0.0
2025-09-11 21:00:00,0.0
2025-09-11 22:00:00,0.0
2025-09-11 23:00:00,0.0
2025-09-12 00:00:00,0.0
2025-09-12 01:00:00,0.0
2025-09-12 02:00:00,0.0
2025-09-12 03:00:00,0.0
2025-09-12 04:00:00,0.0
2025-09-12 05:00:00,0.0
2025-09-12 06:00:00,0.0
2025-09-12 07:00:00,0.0
2025-09-12 08:00:00,0.06829089745816896
2025-09-12 09:00:00,0.230862401955487
2025-09-12 10:00:00,0.3909521897785356
2025-09-12 11:00:00,0.5314541062515871
2025-09-12 12:00:00,0.5256829559753492
2025-09-12 13:00:00,0.440843851593011
2025-09-12 14:00:00,0.36495220034153186
2025-09-12 15:00:00,0.2457743221959688
2025-09-12 16:00:00,0.04745094931335334
2025-09-12 17:00:00,0.0
2025-09-12 18:00:00,0.0
2025-09-12 19:00:00,0.0
2025-09-12 20:00:00,0.0
2025-09-12 21:00:00,0.0
2025-09-12 22:00:00,0.0
2025-09-12 23:00:00,0.0
2025-09-13 00:00:00,0.0
2025-09-13 01:00:00,0.0
2025-09-13 02:00:00,0.0
2025-09-13 03:00:00,0.0
2025-09-13 04:00:00,0.0
2025-09-13 05:00:00,0.0
2025-09-13 06:00:00,0.0
2025-09-13 07:00:00,0.0
2025-09-13 08:00:00,0.0
2025-09-13 09:00:00,0.25346382151129937
2025-09-13 10:00:00,0.3473255129719391
2025-09-13 11:00:00,0.5303116249410241
2025-09-13 12:00:00,0.5142271868007156
2025-09-13 13:00:00,0.45606801561390137
2025-09-13 14:00:00,0.40368217515119004
2025-09-13 15:00:00,0.1928119864644204
2025-09-13 16:00:00,0.0
2025-09-13 17:00:00,0.0
2025-09-13 18:00:00,0.0
2025-09-13 19:00:00,0.0
2025-09-13 20:00:00,0.0
2025-09-13 21:00:00,0.0
2025-09-13 22:00:00,0.0
2025-09-13 23:00:00,0.0
2025-09-14 00:00:00,0.0
2025-09-14 01:00:00,0.0
2025-09-14 02:00:00,0.0
2025-09-14 03:00:00,0.0
2025-09-14 04:00:00,0.0
2025-09-14 05:00:00,0.0
2025-09-14 06:00:00,0.0
2025-09-14 07:00:00,0.0
2025-09-14 08:00:00,0.0845449624724196
2025-09-14 09:00:00,0.2160461377249246
2025-09-14 10:00:00,0.3585872032927124
2025-09-14 11:00:00,0.48447158803077006
2025-09-14 12:00:00,0.5579210735183756
2025-09-14 13:00:00,0.5593961569080975
2025-09-14 14:00:00,0.42053517621039455
2025-09-14 15:00:00,0.23902399403284624
2025-09-14 16:00:00,0.018751687524136154
2025-09-14 17:00:00,0.0
2025-09-14 18:00:00,0.0
2025-09-14 19:00:00,0.0
2025-09-14 20:00:00,0.0
2025-09-14 21:00:00,0.0
2025-09-14 22:00:00,0.0
2025-09-14 23:00:00,0.0
2025-09-15 00:00:00,0.0
2025-09-15 01:00:00,0.0
2025-09-15 02:00:00,0.0
2025-09-15 03:00:00,0.0
2025-09-15 04:00:00,0.0
2025-09-15 05:00:00,0.0
2025-09-15 06:00:00,0.0
2025-09-15 07:00:00,0.0
2025-09-15 08:00:00,0.03591454223887333
2025-09-15 09:00:00,0.21173638866574274
2025-09-15 10:00:00,0.4499417069421214
2025-09-15 11:00:00,0.525688776004577
2025-09-15 12:00:00,0.5914585006447908
2025-09-15 13:00:00,0.38774113704191987
2025-09-15 14:00:00,0.28590518510000207
2025-09-15 15:00:00,0.23017005553549433
2025-09-15 16:00:00,0.05432859833716996
2025-09-15 17:00:00,0.0
2025-09-15 18:00:00,0.0
2025-09-15 19:00:00,0.0
2025-09-15 20:00:00,0.0
2025-09-15 21:00:00,0.0
2025-09-15 22:00:00,0.0
2025-09-15 23:00:00,0.0
2025-09-16 00:00:00,0.0
2025-09-16 01:00:00,0.0
2025-09-16 02:00:00,0.0
2025-09-16 03:00:00,0.0
2025-09-16 04:00:00,0.0
2025-09-16 05:00:00,0.0
2025-09-16 06:00:00,0.0
2025-09-16 07:00:00,0.0
2025-09-16 08:00:00,0.06301883872524058
2025-09-16 09:00:00,0.12032856340117233
2025-09-16 10:00:00,0.23565868450826039
2025-09-16 11:00:00,0.2972189501900503
2025-09-16 12:00:00,0.4863377595419289
2025-09-16 13:00:00,0.27325735988359323
2025-09-16 14:00:00,0.20321376643313754
2025-09-16 15:00:00,0.14969467132553385
2025-09-16 16:00:00,0.0
2025-09-16 17:00:00,0.0
2025-09-16 18:00:00,0.0
2025-09-16 19:00:00,0.0
2025-09-16 20:00:00,0.0
2025-09-16 21:00:00,0.0
2025-09-16 22:00:00,0.0
2025-09-16 23:00:00,0.0
2025-09-17 00:00:00,0.0
2025-09-17 01:00:00,0.0
2025-09-17 02:00:00,0.0
2025-09-17 03:00:00,0.0
2025-09-17 04:00:00,0.0
2025-09-17 05:00:00,0.0
2025-09-17 06:00:00,0.0
2025-09-17 07:00:00,0.0
2025-09-17 08:00:00,0.0
2025-09-17 09:00:00,0.0
2025-09-17 10:00:00,0.0
2025-09-17 11:00:00,0.0
2025-09-17 12:00:00,0.0
2025-09-17 13:00:00,0.0
2025-09-17 14:00:00,0.0
2025-09-17 15:00:00,0.0057533806643546535
2025-09-17 16:00:00,0.0
2025-09-17 17:00:00,0.0
2025-09-17 18:00:00,0.0
2025-09-17 19:00:00,0.0
2025-09-17 20:00:00,0.0
2025-09-17 21:00:00,0.0
2025-09-17 22:00:00,0.0
2025-09-17 23:00:00,0.0
2025-09-18 00:00:00,0.0
2025-09-18 01:00:00,0.0
2025-09-18 02:00:00,0.0
2025-09-18 03:00:00,0.0
2025-09-18 04:00:00,0.0
2025-09-18 05:00:00,0.0
2025-09-18 06:00:00,0.0
2025-09-18 07:00:00,0.0
2025-09-18 08:00:00,0.0551606236147839
2025-09-18 09:00:00,0.27517982325179613
2025-09-18 10:00:00,0.40080331589052565
2025-09-18 11:00:00,0.4281877028532019
2025-09-18 12:00:00,0.5033859941131563
2025-09-18 13:00:00,0.4060363965116214
2025-09-18 14:00:00,0.37477996056187574
2025-09-18 15:00:00,0.2500108463305693
2025-09-18 16:00:00,0.14273025810116025
2025-09-18 17:00:00,0.0
2025-09-18 18:00:00,0.0
2025-09-18 19:00:00,0.0
2025-09-18 20:00:00,0.0
2025-09-18 21:00:00,0.0
2025-09-18 22:00:00,0.0
2025-09-18 23:00:00,0.0
2025-09-19 00:00:00,0.0
2025-09-19 01:00:00,0.0
2025-09-19 02:00:00,0.0
2025-09-19 03:00:00,0.0
2025-09-19 04:00:00,0.0
2025-09-19 05:00:00,0.0
2025-09-19 06:00:00,0.0
2025-09-19 07:00:00,0.0
2025-09-19 08:00:00,0.1266834819426814
2025-09-19 09:00:00,0.34046927423470424
2025-09-19 10:00:00,0.5113622478814032
2025-09-19 11:00:00,0.6209642476709737
2025-09-19 12:00:00,0.6613635607660079
2025-09-19 13:00:00,0.6189005055986329
2025-09-19 14:00:00,0.5306996444324072
2025-09-19 15:00:00,0.3833964683235432
2025-09-19 16:00:00,0.18137146615667826
2025-09-19 17:00:00,0.0
2025-09-19 18:00:00,0.0
2025-09-19 19:00:00,0.0
2025-09-19 20:00:00,0.0
2025-09-19 21:00:00,0.0
2025-09-19 22:00:00,0.0
2025-09-19 23:00:00,0.0
2025-09-20 00:00:00,0.0
2025-09-20 01:00:00,0.0
2025-09-20 02:00:00,0.0
2025-09-20 03:00:00,0.0
2025-09-20 04:00:00,0.0
2025-09-20 05:00:00,0.0
2025-09-20 06:00:00,0.0
2025-09-20 07:00:00,0.0
2025-09-20 08:00:00,0.09977375323255445
2025-09-20 09:00:00,0.2759542124541363
2025-09-20 10:00:00,0.3895143400233451
2025-09-20 11:00:00,0.546917576349204
2025-09-20 12:00:00,0.5812883656231665
2025-09-20 13:00:00,0.44044599592484274
2025-09-20 14:00:00,0.3396051620152393
2025-09-20 15:00:00,0.130660274422363
2025-09-20 16:00:00,0.0
2025-09-20 17:00:00,0.0
2025-09-20 18:00:00,0.0
2025-09-20 19:00:00,0.0
2025-09-20 20:00:00,0.0
2025-09-20 21:00:00,0.0
2025-09-20 22:00:00,0.0
2025-09-20 23:00:00,0.0
2025-09-21 00:00:00,0.0
2025-09-21 01:00:00,0.0
2025-09-21 02:00:00,0.0
2025-09-21 03:00:00,0.0
2025-09-21 04:00:00,0.0
2025-09-21 05:00:00,0.0
2025-09-21 06:00:00,0.0
2025-09-21 07:00:00,0.0
2025-09-21 08:00:00,0.0
2025-09-21 09:00:00,0.0
2025-09-21 10:00:00,0.0
2025-09-21 11:00:00,0.0
2025-09-21 12:00:00,0.0
2025-09-21 13:00:00,0.0
2025-09-21 14:00:00,0.0
2025-09-21 15:00:00,0.0
2025-09-21 16:00:00,0.0
2025-09-21 17:00:00,0.0
2025-09-21 18:00:00,0.0
2025-09-21 19:00:00,0.0
2025-09-21 20:00:00,0.0
2025-09-21 21:00:00,0.0
2025-09-21 22:00:00,0.0
2025-09-21 23:00:00,0.0
2025-09-22 00:00:00,0.0
2025-09-22 01:00:00,0.0
2025-09-22 02:00:00,0.0
2025-09-22 03:00:00,0.0
2025-09-22 04:00:00,0.0
2025-09-22 05:00:00,0.0
2025-09-22 06:00:00,0.0
2025-09-22 07:00:00,0.0
2025-09-22 08:00:00,0.0
2025-09-22 09:00:00,0.07186090662432358
2025-09-22 10:00:00,0.18472436393514355
2025-09-22 11:00:00,0.25488041833660924
2025-09-22 12:00:00,0.20136520990563522
2025-09-22 13:00:00,0.1310245511310379
2025-09-22 14:00:00,0.15088226843899352
2025-09-22 15:00:00,0.0
2025-09-22 16:00:00,0.0
2025-09-22 17:00:00,0.0
2025-09-22 18:00:00,0.0
2025-09-22 19:00:00,0.0
2025-09-22 20:00:00,0.0
2025-09-22 21:00:00,0.0
2025-09-22 22:00:00,0.0
2025-09-22 23:00:00,0.0
2025-09-23 00:00:00,0.0
2025-09-23 01:00:00,0.0
2025-09-23 02:00:00,0.0
2025-09-23 03:00:00,0.0
2025-09-23 04:00:00,0.0
2025-09-23 05:00:00,0.0
2025-09-23 06:00:00,0.0
2025-09-23 07:00:00,0.0
2025-09-23 08:00:00,0.0
2025-09-23 09:00:00,0.08349007261452261
2025-09-23 10:00:00,0.24436082021090305
2025-09-23 11:00:00,0.31706761728309063
2025-09-23 12:00:00,0.3816961569518659
2025-09-23 13:00:00,0.13879187479168037
2025-09-23 14:00:00,0.013582866474611679
2025-09-23 15:00:00,0.0
2025-09-23 16:00:00,0.0
2025-09-23 17:00:00,0.0
2025-09-23 18:00:00,0.0
2025-09-23 19:00:00,0.0
2025-09-23 20:00:00,0.0
2025-09-23 21:00:00,0.0
2025-09-23 22:00:00,0.0
2025-09-23 23:00:00,0.0
2025-09-24 00:00:00,0.0
2025-09-24 01:00:00,0.0
2025-09-24 02:00:00,0.0
2025-09-24 03:00:00,0.0
2025-09-24 04:00:00,0.0
2025-09-24 05:00:00,0.0
2025-09-24 06:00:00,0.0
2025-09-24 07:00:00,0.0
2025-09-24 08:00:00,0.0
2025-09-24 09:00:00,0.12789499708206356
2025-09-24 10:00:00,0.24358134758710437
2025-09-24 11:00:00,0.2565618728094079
2025-09-24 12:00:00,0.1732879330156411
2025-09-24 13:00:00,0.12045156860524062
2025-09-24 14:00:00,0.019185749372504935
2025-09-24 15:00:00,0.0
2025-09-24 16:00:00,0.0
2025-09-24 17:00:00,0.0
2025-09-24 18:00:00,0.0
2025-09-24 19:00:00,0.0
2025-09-24 20:00:00,0.0
2025-09-24 21:00:00,0.0
2025-09-24 22:00:00,0.0
2025-09-24 23:00:00,0.0
2025-09-25 00:00:00,0.0
2025-09-25 01:00:00,0.0
2025-09-25 02:00:00,0.0
2025-09-25 03:00:00,0.0
2025-09-25 04:00:00,0.0
2025-09-25 05:00:00,0.0
2025-09-25 06:00:00,0.0
2025-09-25 07:00:00,0.0
2025-09-25 08:00:00,0.0
2025-09-25 09:00:00,0.0
2025-09-25 10:00:00,0.0
2025-09-25 11:00:00,0.0
2025-09-25 12:00:00,0.0
2025-09-25 13:00:00,0.0
2025-09-25 14:00:00,0.0
2025-09-25 15:00:00,0.0
2025-09-25 16:00:00,0.0
2025-09-25 17:00:00,0.0
2025-09-25 18:00:00,0.0
2025-09-25 19:00:00,0.0
2025-09-25 20:00:00,0.0
2025-09-25 21:00:00,0.0
2025-09-25 22:00:00,0.0
2025-09-25 23:00:00,0.0
2025-09-26 00:00:00,0.0
2025-09-26 01:00:00,0.0
2025-09-26 02:00:00,0.0
2025-09-26 03:00:00,0.0
2025-09-26 04:00:00,0.0
2025-09-26 05:00:00,0.0
2025-09-26 06:00:00,0.0
2025-09-26 07:00:00,0.0
2025-09-26 08:00:00,0.0
2025-09-26 09:00:00,0.017450704759863253
2025-09-26 10:00:00,0.06658576438317042
2025-09-26 11:00:00,0.10620456987196673
2025-09-26 12:00:00,0.14950337796660657
2025-09-26 13:00:00,0.11015034352263127
2025-09-26 14:00:00,0.0
2025-09-26 15:00:00,0.0
2025-09-26 16:00:00,0.0
2025-09-26 17:00:00,0.0
2025-09-26 18:00:00,0.0
2025-09-26 19:00:00,0.0
2025-09-26 20:00:00,0.0
2025-09-26 21:00:00,0.0
2025-09-26 22:00:00,0.0
2025-09-26 23:00:00,0.0
2025-09-27 00:00:00,0.0
2025-09-27 01:00:00,0.0
2025-09-27 02:00:00,0.0
2025-09-27 03:00:00,0.0
2025-09-27 04:00:00,0.0
2025-09-27 05:00:00,0.0
2025-09-27 06:00:00,0.0
2025-09-27 07:00:00,0.0
2025-09-27 08:00:00,0.0
2025-09-27 09:00:00,0.02940274269711327
2025-09-27 10:00:00,0.28861509670475727
2025-09-27 11:00:00,0.2704236195605178
2025-09-27 12:00:00,0.2522910593628916
2025-09-27 13:00:00,0.16225062880980448
2025-09-27 14:00:00,0.06635037417897093
2025-09-27 15:00:00,0.003295688089151239
2025-09-27 16:00:00,0.0
2025-09-27 17:00:00,0.0
2025-09-27 18:00:00,0.0
2025-09-27 19:00:00,0.0
2025-09-27 20:00:00,0.0
2025-09-27 21:00:00,0.0
2025-09-27 22:00:00,0.0
2025-09-27 23:00:00,0.0
2025-09-28 00:00:00,0.0
2025-09-28 01:00:00,0.0
2025-09-28 02:00:00,0.0
2025-09-28 03:00:00,0.0
2025-09-28 04:00:00,0.0
2025-09-28 05:00:00,0.0
2025-09-28 06:00:00,0.0
2025-09-28 07:00:00,0.0
2025-09-28 08:00:00,0.0
2025-09-28 09:00:00,0.13117458914479171
2025-09-28 10:00:00,0.3032211304694379
2025-09-28 11:00:00,0.44825375901303094
2025-09-28 12:00:00,0.4850271883562513
2025-09-28 13:00:00,0.2658219976754975
2025-09-28 14:00:00,0.16269217218123863
2025-09-28 15:00:00,0.053506270245336836
2025-09-28 16:00:00,0.0
2025-09-28 17:00:00,0.0
2025-09-28 18:00:00,0.0
2025-09-28 19:00:00,0.0
2025-09-28 20:00:00,0.0
2025-09-28 21:00:00,0.0
2025-09-28 22:00:00,0.0
2025-09-28 23:00:00,0.0
2025-09-29 00:00:00,0.0
2025-09-29 01:00:00,0.0
2025-09-29 02:00:00,0.0
2025-09-29 03:00:00,0.0
2025-09-29 04:00:00,0.0
2025-09-29 05:00:00,0.0
2025-09-29 06:00:00,0.0
2025-09-29 07:00:00,0.0
2025-09-29 08:00:00,0.0
2025-09-29 09:00:00,0.04506331588038295
2025-09-29 10:00:00,0.09550342022463956
2025-09-29 11:00:00,0.22340697518419034
2025-09-29 12:00:00,0.27190004119782935
2025-09-29 13:00:00,0.201657841012971
2025-09-29 14:00:00,0.18260734931753822
2025-09-29 15:00:00,0.12626551135650468
2025-09-29 16:00:00,0.0
2025-09-29 17:00:00,0.0
2025-09-29 18:00:00,0.0
2025-09-29 19:00:00,0.0
2025-09-29 20:00:00,0.0
2025-09-29 21:00:00,0.0
2025-09-29 22:00:00,0.0
2025-09-29 23:00:00,0.0
2025-09-30 00:00:00,0.0
2025-09-30 01:00:00,0.0
2025-09-30 02:00:00,0.0
2025-09-30 03:00:00,0.0
2025-09-30 04:00:00,0.0
2025-09-30 05:00:00,0.0
2025-09-30 06:00:00,0.0
2025-09-30 07:00:00,0.0
2025-09-30 08:00:00,0.0
2025-09-30 09:00:00,0.0
2025-09-30 10:00:00,0.0
2025-09-30 11:00:00,0.16884211923637574
2025-09-30 12:00:00,0.2586878524847771
2025-09-30 13:00:00,0.13085187130902634
2025-09-30 14:00:00,0.14286789017786122
2025-09-30 15:00:00,0.1136535868819057
2025-09-30 16:00:00,0.0
2025-09-30 17:00:00,0.0
2025-09-30 18:00:00,0.0
2025-09-30 19:00:00,0.0
2025-09-30 20:00:00,0.0
2025-09-30 21:00:00,0.0
2025-09-30 22:00:00,0.0
2025-09-30 23:00:00,0.0
2025-10-01 00:00:00,0.0
2025-10-01 01:00:00,0.0
2025-10-01 02:00:00,0.0
2025-10-01 03:00:00,0.0
2025-10-01 04:00:00,0.0
2025-10-01 05:00:00,0.0
2025-10-01 06:00:00,0.0
2025-10-01 07:00:00,0.0
2025-10-01 08:00:00,0.0
2025-10-01 09:00:00,0.11431709108442133
2025-10-01 10:00:00,0.363401108553916
2025-10-01 11:00:00,0.4738825619313431
2025-10-01 12:00:00,0.49224480878115145
2025-10-01 13:00:00,0.4492153936163189
2025-10-01 14:00:00,0.2932465534164925
2025-10-01 15:00:00,0.15484778361437368
2025-10-01 16:00:00,0.0
2025-10-01 17:00:00,0.0
2025-10-01 18:00:00,0.0
2025-10-01 19:00:00,0.0
2025-10-01 20:00:00,0.0
2025-10-01 21:00:00,0.0
2025-10-01 22:00:00,0.0
2025-10-01 23:00:00,0.0
2025-10-02 00:00:00,0.0
2025-10-02 01:00:00,0.0
2025-10-02 02:00:00,0.0
2025-10-02 03:00:00,0.0
2025-10-02 04:00:00,0.0
2025-10-02 05:00:00,0.0
2025-10-02 06:00:00,0.0
2025-10-02 07:00:00,0.0
2025-10-02 08:00:00,0.0
2025-10-02 09:00:00,0.1647077519911739
2025-10-02 10:00:00,0.31533539357655815
2025-10-02 11:00:00,0.46340188879222494
2025-10-02 12:00:00,0.4718519608846977
2025-10-02 13:00:00,0.44528835387660004
2025-10-02 14:00:00,0.3427514099375338
2025-10-02 15:00:00,0.1891672910262081
2025-10-02 16:00:00,0.0
2025-10-02 17:00:00,0.0
2025-10-02 18:00:00,0.0
2025-10-02 19:00:00,0.0
2025-10-02 20:00:00,0.0
2025-10-02 21:00:00,0.0
2025-10-02 22:00:00,0.0
2025-10-02 23:00:00,0.0
2025-10-03 00:00:00,0.0
2025-10-03 01:00:00,0.0
2025-10-03 02:00:00,0.0
2025-10-03 03:00:00,0.0
2025-10-03 04:00:00,0.0
2025-10-03 05:00:00,0.0
2025-10-03 06:00:00,0.0
2025-10-03 07:00:00,0.0
2025-10-03 08:00:00,0.0
2025-10-03 09:00:00,0.0
2025-10-03 10:00:00,0.0
2025-10-03 11:00:00,0.0
2025-10-03 12:00:00,0.09563567218267155
2025-10-03 13:00:00,0.0
2025-10-03 14:00:00,0.0
2025-10-03 15:00:00,0.0
2025-10-03 16:00:00,0.0
2025-10-03 17:00:00,0.0
2025-10-03 18:00:00,0.0
2025-10-03 19:00:00,0.0
2025-10-03 20:00:00,0.0
2025-10-03 21:00:00,0.0
2025-10-03 22:00:00,0.0
2025-10-03 23:00:00,0.0
2025-10-04 00:00:00,0.0
2025-10-04 01:00:00,0.0
2025-10-04 02:00:00,0.0
2025-10-04 03:00:00,0.0
2025-10-04 04:00:00,0.0
2025-10-04 05:00:00,0.0
2025-10-04 06:00:00,0.0
2025-10-04 07:00:00,0.0
2025-10-04 08:00:00,0.0
2025-10-04 09:00:00,0.0
2025-10-04 10:00:00,0.0
2025-10-04 11:00:00,0.0
2025-10-04 12:00:00,0.0
2025-10-04 13:00:00,0.2905808302948145
2025-10-04 14:00:00,0.2322808664953168
2025-10-04 15:00:00,0.09738018605396558
2025-10-04 16:00:00,0.0
2025-10-04 17:00:00,0.0
2025-10-04 18:00:00,0.0
2025-10-04 19:00:00,0.0
2025-10-04 20:00:00,0.0
2025-10-04 21:00:00,0.0
2025-10-04 22:00:00,0.0
2025-10-04 23:00:00,0.0
2025-10-05 00:00:00,0.0
2025-10-05 01:00:00,0.0
2025-10-05 02:00:00,0.0
2025-10-05 03:00:00,0.0
2025-10-05 04:00:00,0.0
2025-10-05 05:00:00,0.0
2025-10-05 06:00:00,0.0
2025-10-05 07:00:00,0.0
2025-10-05 08:00:00,0.0
2025-10-05 09:00:00,0.0
2025-10-05 10:00:00,0.12789484287696481
2025-10-05 11:00:00,0.3380874183407241
2025-10-05 12:00:00,0.28461150924019507
2025-10-05 13:00:00,0.214735235742776
2025-10-05 14:00:00,0.02031531104537693
2025-10-05 15:00:00,0.0
2025-10-05 16:00:00,0.0
2025-10-05 17:00:00,0.0
2025-10-05 18:00:00,0.0
2025-10-05 19:00:00,0.0
2025-10-05 20:00:00,0.0
2025-10-05 21:00:00,0.0
2025-10-05 22:00:00,0.0
2025-10-05 23:00:00,0.0
2025-10-06 00:00:00,0.0
2025-10-06 01:00:00,0.0
2025-10-06 02:00:00,0.0
2025-10-06 03:00:00,0.0
2025-10-06 04:00:00,0.0
2025-10-06 05:00:00,0.0
2025-10-06 06:00:00,0.0
2025-10-06 07:00:00,0.0
2025-10-06 08:00:00,0.0
2025-10-06 09:00:00,0.0
2025-10-06 10:00:00,0.0
2025-10-06 11:00:00,0.0
2025-10-06 12:00:00,0.0
2025-10-06 13:00:00,0.0
2025-10-06 14:00:00,0.0
2025-10-06 15:00:00,0.0
2025-10-06 16:00:00,0.0
2025-10-06 17:00:00,0.0
2025-10-06 18:00:00,0.0
2025-10-06 19:00:00,0.0
2025-10-06 20:00:00,0.0
2025-10-06 21:00:00,0.0
2025-10-06 22:00:00,0.0
2025-10-06 23:00:00,0.0
2025-10-07 00:00:00,0.0
2025-10-07 01:00:00,0.0
2025-10-07 02:00:00,0.0
2025-10-07 03:00:00,0.0
2025-10-07 04:00:00,0.0
2025-10-07 05:00:00,0.0
2025-10-07 06:00:00,0.0
2025-10-07 07:00:00,0.0
2025-10-07 08:00:00,0.0
2025-10-07 09:00:00,0.0
2025-10-07 10:00:00,0.0
2025-10-07 11:00:00,0.0
2025-10-07 12:00:00,0.032902488632791174
2025-10-07 13:00:00,0.03088335834055912
2025-10-07 14:00:00,0.04124150988299835
2025-10-07 15:00:00,0.0
2025-10-07 16:00:00,0.0
2025-10-07 17:00:00,0.0
2025-10-07 18:00:00,0.0
2025-10-07 19:00:00,0.0
2025-10-07 20:00:00,0.0
2025-10-07 21:00:00,0.0
2025-10-07 22:00:00,0.0
2025-10-07 23:00:00,0.0
2025-10-08 00:00:00,0.0
2025-10-08 01:00:00,0.0
2025-10-08 02:00:00,0.0
2025-10-08 03:00:00,0.0
2025-10-08 04:00:00,0.0
2025-10-08 05:00:00,0.0
2025-10-08 06:00:00,0.0
2025-10-08 07:00:00,0.0
2025-10-08 08:00:00,0.0
2025-10-08 09:00:00,0.0
2025-10-08 10:00:00,0.0
2025-10-08 11:00:00,0.0
2025-10-08 12:00:00,0.027032314236665043
2025-10-08 13:00:00,0.0
2025-10-08 14:00:00,0.0
2025-10-08 15:00:00,0.0
2025-10-08 16:00:00,0.0
2025-10-08 17:00:00,0.0
2025-10-08 18:00:00,0.0
2025-10-08 19:00:00,0.0
2025-10-08 20:00:00,0.0
2025-10-08 21:00:00,0.0
2025-10-08 22:00:00,0.0
2025-10-08 23:00:00,0.0
2025-10-09 00:00:00,0.0
2025-10-09 01:00:00,0.0
2025-10-09 02:00:00,0.0
2025-10-09 03:00:00,0.0
2025-10-09 04:00:00,0.0
2025-10-09 05:00:00,0.0
2025-10-09 06:00:00,0.0
2025-10-09 07:00:00,0.0
2025-10-09 08:00:00,0.0
2025-10-09 09:00:00,0.0
2025-10-09 10:00:00,0.038782431239822654
2025-10-09 11:00:00,0.17989246147381643
2025-10-09 12:00:00,0.11895439535610926
2025-10-09 13:00:00,0.09663356735410639
2025-10-09 14:00:00,0.0
2025-10-09 15:00:00,0.0
2025-10-09 16:00:00,0.0
2025-10-09 17:00:00,0.0
2025-10-09 18:00:00,0.0
2025-10-09 19:00:00,0.0
2025-10-09 20:00:00,0.0
2025-10-09 21:00:00,0.0
2025-10-09 22:00:00,0.0
2025-10-09 23:00:00,0.0
2025-10-10 00:00:00,0.0
2025-10-10 01:00:00,0.0
2025-10-10 02:00:00,0.0
2025-10-10 03:00:00,0.0
2025-10-10 04:00:00,0.0
2025-10-10 05:00:00,0.0
2025-10-10 06:00:00,0.0
2025-10-10 07:00:00,0.0
2025-10-10 08:00:00,0.0
2025-10-10 09:00:00,0.0
2025-10-10 10:00:00,0.04943744424023931
2025-10-10 11:00:00,0.14513926141450187
2025-10-10 12:00:00,0.024623911823165832
2025-10-10 13:00:00,0.0
2025-10-10 14:00:00,0.0
2025-10-10 15:00:00,0.0
2025-10-10 16:00:00,0.0
2025-10-10 17:00:00,0.0
2025-10-10 18:00:00,0.0
2025-10-10 19:00:00,0.0
2025-10-10 20:00:00,0.0
2025-10-10 21:00:00,0.0
2025-10-10 22:00:00,0.0
2025-10-10 23:00:00,0.0
2025-10-11 00:00:00,0.0
2025-10-11 01:00:00,0.0
2025-10-11 02:00:00,0.0
2025-10-11 03:00:00,0.0
2025-10-11 04:00:00,0.0
2025-10-11 05:00:00,0.0
2025-10-11 06:00:00,0.0
2025-10-11 07:00:00,0.0
2025-10-11 08:00:00,0.0
2025-10-11 09:00:00,0.0
2025-10-11 10:00:00,0.0
2025-10-11 11:00:00,0.0
2025-10-11 12:00:00,0.0
2025-10-11 13:00:00,0.0
2025-10-11 14:00:00,0.0
2025-10-11 15:00:00,0.0
2025-10-11 16:00:00,0.0
2025-10-11 17:00:00,0.0
2025-10-11 18:00:00,0.0
2025-10-11 19:00:00,0.0
2025-10-11 20:00:00,0.0
2025-10-11 21:00:00,0.0
2025-10-11 22:00:00,0.0
2025-10-11 23:00:00,0.0
2025-10-12 00:00:00,0.0
2025-10-12 01:00:00,0.0
2025-10-12 02:00:00,0.0
2025-10-12 03:00:00,0.0
2025-10-12 04:00:00,0.0
2025-10-12 05:00:00,0.0
2025-10-12 06:00:00,0.0
2025-10-12 07:00:00,0.0
2025-10-12 08:00:00,0.0
2025-10-12 09:00:00,0.0
2025-10-12 10:00:00,0.0
2025-10-12 11:00:00,0.0
2025-10-12 12:00:00,0.03579546203006904
2025-10-12 13:00:00,0.013772079797261073
2025-10-12 14:00:00,0.0
2025-10-12 15:00:00,0.0
2025-10-12 16:00:00,0.0
2025-10-12 17:00:00,0.0
2025-10-12 18:00:00,0.0
2025-10-12 19:00:00,0.0
2025-10-12 20:00:00,0.0
2025-10-12 21:00:00,0.0
2025-10-12 22:00:00,0.0
2025-10-12 23:00:00,0.0
2025-10-13 00:00:00,0.0
2025-10-13 01:00:00,0.0
2025-10-13 02:00:00,0.0
2025-10-13 03:00:00,0.0
2025-10-13 04:00:00,0.0
2025-10-13 05:00:00,0.0
2025-10-13 06:00:00,0.0
2025-10-13 07:00:00,0.0
2025-10-13 08:00:00,0.0
2025-10-13 09:00:00,0.0
2025-10-13 10:00:00,0.0
2025-10-13 11:00:00,0.0
2025-10-13 12:00:00,0.0
2025-10-13 13:00:00,0.0
2025-10-13 14:00:00,0.0
2025-10-13 15:00:00,0.0
2025-10-13 16:00:00,0.0
2025-10-13 17:00:00,0.0
2025-10-13 18:00:00,0.0
2025-10-13 19:00:00,0.0
2025-10-13 20:00:00,0.0
2025-10-13 21:00:00,0.0
2025-10-13 22:00:00,0.0
2025-10-13 23:00:00,0.0
2025-10-14 00:00:00,0.0
2025-10-14 01:00:00,0.0
2025-10-14 02:00:00,0.0
2025-10-14 03:00:00,0.0
2025-10-14 04:00:00,0.0
2025-10-14 05:00:00,0.0
2025-10-14 06:00:00,0.0
2025-10-14 07:00:00,0.0
2025-10-14 08:00:00,0.0
2025-10-14 09:00:00,0.0
2025-10-14 10:00:00,0.05520811028671501
2025-10-14 11:00:00,0.025045165163334375
2025-10-14 12:00:00,0.0
2025-10-14 13:00:00,0.0
2025-10-14 14:00:00,0.0
2025-10-14 15:00:00,0.0
2025-10-14 16:00:00,0.0
2025-10-14 17:00:00,0.0
2025-10-14 18:00:00,0.0
2025-10-14 19:00:00,0.0
2025-10-14 20:00:00,0.0
2025-10-14 21:00:00,0.0
2025-10-14 22:00:00,0.0
2025-10-14 23:00:00,0.0
2025-10-15 00:00:00,0.0
2025-10-15 01:00:00,0.0
2025-10-15 02:00:00,0.0
2025-10-15 03:00:00,0.0
2025-10-15 04:00:00,0.0
2025-10-15 05:00:00,0.0
2025-10-15 06:00:00,0.0
2025-10-15 07:00:00,0.0
2025-10-15 08:00:00,0.0
2025-10-15 09:00:00,0.0
2025-10-15 10:00:00,0.0
2025-10-15 11:00:00,0.0
2025-10-15 12:00:00,0.05028348747915085
2025-10-15 13:00:00,0.0
2025-10-15 14:00:00,0.0
2025-10-15 15:00:00,0.0
2025-10-15 16:00:00,0.0
2025-10-15 17:00:00,0.0
2025-10-15 18:00:00,0.0
2025-10-15 19:00:00,0.0
2025-10-15 20:00:00,0.0
2025-10-15 21:00:00,0.0
2025-10-15 22:00:00,0.0
2025-10-15 23:00:00,0.0
2025-10-16 00:00:00,0.0
2025-10-16 01:00:00,0.0
2025-10-16 02:00:00,0.0
2025-10-16 03:00:00,0.0
2025-10-16 04:00:00,0.0
2025-10-16 05:00:00,0.0
2025-10-16 06:00:00,0.0
2025-10-16 07:00:00,0.0
2025-10-16 08:00:00,0.0
2025-10-16 09:00:00,0.0
2025-10-16 10:00:00,0.0
2025-10-16 11:00:00,0.013369869513324436
2025-10-16 12:00:00,0.0
2025-10-16 13:00:00,0.0
2025-10-16 14:00:00,0.0
2025-10-16 15:00:00,0.0
2025-10-16 16:00:00,0.0
2025-10-16 17:00:00,0.0
2025-10-16 18:00:00,0.0
2025-10-16 19:00:00,0.0
2025-10-16 20:00:00,0.0
2025-10-16 21:00:00,0.0
2025-10-16 22:00:00,0.0
2025-10-16 23:00:00,0.0
2025-10-17 00:00:00,0.0
2025-10-17 01:00:00,0.0
2025-10-17 02:00:00,0.0
2025-10-17 03:00:00,0.0
2025-10-17 04:00:00,0.0
2025-10-17 05:00:00,0.0
2025-10-17 06:00:00,0.0
2025-10-17 07:00:00,0.0
2025-10-17 08:00:00,0.0
2025-10-17 09:00:00,0.0
2025-10-17 10:00:00,0.0
2025-10-17 11:00:00,0.04355840114166617
2025-10-17 12:00:00,0.0
2025-10-17 13:00:00,0.020892691978514604
2025-10-17 14:00:00,0.016924383512780247
2025-10-17 15:00:00,0.0
2025-10-17 16:00:00,0.0
2025-10-17 17:00:00,0.0
2025-10-17 18:00:00,0.0
2025-10-17 19:00:00,0.0
2025-10-17 20:00:00,0.0
2025-10-17 21:00:00,0.0
2025-10-17 22:00:00,0.0
2025-10-17 23:00:00,0.0
2025-10-18 00:00:00,0.0
2025-10-18 01:00:00,0.0
2025-10-18 02:00:00,0.0
2025-10-18 03:00:00,0.0
2025-10-18 04:00:00,0.0
2025-10-18 05:00:00,0.0
2025-10-18 06:00:00,0.0
2025-10-18 07:00:00,0.0
2025-10-18 08:00:00,0.0
2025-10-18 09:00:00,0.0
2025-10-18 10:00:00,0.05062840512914149
2025-10-18 11:00:00,0.1401579204935107
2025-10-18 12:00:00,0.15559842517230946
2025-10-18 13:00:00,0.1097812467049291
2025-10-18 14:00:00,0.039738705473855156
2025-10-18 15:00:00,0.0
2025-10-18 16:00:00,0.0
2025-10-18 17:00:00,0.0
2025-10-18 18:00:00,0.0
2025-10-18 19:00:00,0.0
2025-10-18 20:00:00,0.0
2025-10-18 21:00:00,0.0
2025-10-18 22:00:00,0.0
2025-10-18 23:00:00,0.0
2025-10-19 00:00:00,0.0
2025-10-19 01:00:00,0.0
2025-10-19 02:00:00,0.0
2025-10-19 03:00:00,0.0
2025-10-19 04:00:00,0.0
2025-10-19 05:00:00,0.0
2025-10-19 06:00:00,0.0
2025-10-19 07:00:00,0.0
2025-10-19 08:00:00,0.0
2025-10-19 09:00:00,0.0
2025-10-19 10:00:00,0.11810208532679253
2025-10-19 11:00:00,0.2139957746978362
2025-10-19 12:00:00,0.3431302790317255
2025-10-19 13:00:00,0.3136207468114741
2025-10-19 14:00:00,0.20636673187264226
2025-10-19 15:00:00,0.042540395692184
2025-10-19 16:00:00,0.0
2025-10-19 17:00:00,0.0
2025-10-19 18:00:00,0.0
2025-10-19 19:00:00,0.0
2025-10-19 20:00:00,0.0
2025-10-19 21:00:00,0.0
2025-10-19 22:00:00,0.0
2025-10-19 23:00:00,0.0
2025-10-20 00:00:00,0.0
2025-10-20 01:00:00,0.0
2025-10-20 02:00:00,0.0
2025-10-20 03:00:00,0.0
2025-10-20 04:00:00,0.0
2025-10-20 05:00:00,0.0
2025-10-20 06:00:00,0.0
2025-10-20 07:00:00,0.0
2025-10-20 08:00:00,0.0
2025-10-20 09:00:00,0.0
2025-10-20 10:00:00,0.0
2025-10-20 11:00:00,0.0
2025-10-20 12:00:00,0.11192455461848771
2025-10-20 13:00:00,0.08936945120389299
2025-10-20 14:00:00,0.012457039347595757
2025-10-20 15:00:00,0.0
2025-10-20 16:00:00,0.0
2025-10-20 17:00:00,0.0
2025-10-20 18:00:00,0.0
2025-10-20 19:00:00,0.0
2025-10-20 20:00:00,0.0
2025-10-20 21:00:00,0.0
2025-10-20 22:00:00,0.0
2025-10-20 23:00:00,0.0
2025-10-21 00:00:00,0.0
2025-10-21 01:00:00,0.0
2025-10-21 02:00:00,0.0
2025-10-21 03:00:00,0.0
2025-10-21 04:00:00,0.0
2025-10-21 05:00:00,0.0
2025-10-21 06:00:00,0.0
2025-10-21 07:00:00,0.0
2025-10-21 08:00:00,0.0
2025-10-21 09:00:00,0.0
2025-10-21 10:00:00,0.0
2025-10-21 11:00:00,0.07953700400221832
2025-10-21 12:00:00,0.0
2025-10-21 13:00:00,0.020588955111550643
2025-10-21 14:00:00,0.03229726052515558
2025-10-21 15:00:00,0.0
2025-10-21 16:00:00,0.0
2025-10-21 17:00:00,0.0
2025-10-21 18:00:00,0.0
2025-10-21 19:00:00,0.0
2025-10-21 20:00:00,0.0
2025-10-21 21:00:00,0.0
2025-10-21 22:00:00,0.0
2025-10-21 23:00:00,0.0
2025-10-22 00:00:00,0.0
2025-10-22 01:00:00,0.0
2025-10-22 02:00:00,0.0
2025-10-22 03:00:00,0.0
2025-10-22 04:00:00,0.0
2025-10-22 05:00:00,0.0
2025-10-22 06:00:00,0.0
2025-10-22 07:00:00,0.0
2025-10-22 08:00:00,0.0
2025-10-22 09:00:00,0.0
2025-10-22 10:00:00,0.0
2025-10-22 11:00:00,0.05365764730329272
2025-10-22 12:00:00,0.1405664557186901
2025-10-22 13:00:00,0.12926254907298573
2025-10-22 14:00:00,0.06282372236848076
2025-10-22 15:00:00,0.0
2025-10-22 16:00:00,0.0
2025-10-22 17:00:00,0.0
2025-10-22 18:00:00,0.0
2025-10-22 19:00:00,0.0
2025-10-22 20:00:00,0.0
2025-10-22 21:00:00,0.0
2025-10-22 22:00:00,0.0
2025-10-22 23:00:00,0.0
2025-10-23 00:00:00,0.0
2025-10-23 01:00:00,0.0
2025-10-23 02:00:00,0.0
2025-10-23 03:00:00,0.0
2025-10-23 04:00:00,0.0
2025-10-23 05:00:00,0.0
2025-10-23 06:00:00,0.0
2025-10-23 07:00:00,0.0
2025-10-23 08:00:00,0.0
2025-10-23 09:00:00,0.05551565327233929
2025-10-23 10:00:00,0.14578585776997824
2025-10-23 11:00:00,0.17007795568436168
2025-10-23 12:00:00,0.15143369384844116
2025-10-23 13:00:00,0.0
2025-10-23 14:00:00,0.0
2025-10-23 15:00:00,0.0
2025-10-23 16:00:00,0.0
2025-10-23 17:00:00,0.0
2025-10-23 18:00:00,0.0
2025-10-23 19:00:00,0.0
2025-10-23 20:00:00,0.0
2025-10-23 21:00:00,0.0
2025-10-23 22:00:00,0.0
2025-10-23 23:00:00,0.0
2025-10-24 00:00:00,0.0
2025-10-24 01:00:00,0.0
2025-10-24 02:00:00,0.0
2025-10-24 03:00:00,0.0
2025-10-24 04:00:00,0.0
2025-10-24 05:00:00,0.0
2025-10-24 06:00:00,0.0
2025-10-24 07:00:00,0.0
2025-10-24 08:00:00,0.0
2025-10-24 09:00:00,0.0
2025-10-24 10:00:00,0.012941846726747924
2025-10-24 11:00:00,0.1868604715173254
2025-10-24 12:00:00,0.1673131040345984
2025-10-24 13:00:00,0.06822909701859582
2025-10-24 14:00:00,0.0
2025-10-24 15:00:00,0.0
2025-10-24 16:00:00,0.0
2025-10-24 17:00:00,0.0
2025-10-24 18:00:00,0.0
2025-10-24 19:00:00,0.0
2025-10-24 20:00:00,0.0
2025-10-24 21:00:00,0.0
2025-10-24 22:00:00,0.0
2025-10-24 23:00:00,0.0
2025-10-25 00:00:00,0.0
2025-10-25 01:00:00,0.0
2025-10-25 02:00:00,0.0
2025-10-25 03:00:00,0.0
2025-10-25 04:00:00,0.0
2025-10-25 05:00:00,0.0
2025-10-25 06:00:00,0.0
2025-10-25 07:00:00,0.0
2025-10-25 08:00:00,0.0
2025-10-25 09:00:00,0.0
2025-10-25 10:00:00,0.0
2025-10-25 11:00:00,0.02637148737310728
2025-10-25 12:00:00,0.0
2025-10-25 13:00:00,0.0
2025-10-25 14:00:00,0.0
2025-10-25 15:00:00,0.0
2025-10-25 16:00:00,0.0
2025-10-25 17:00:00,0.0
2025-10-25 18:00:00,0.0
2025-10-25 19:00:00,0.0
2025-10-25 20:00:00,0.0
2025-10-25 21:00:00,0.0
2025-10-25 22:00:00,0.0
2025-10-25 23:00:00,0.0
2025-10-26 00:00:00,0.0
2025-10-26 01:00:00,0.0
2025-10-26 02:00:00,0.0
2025-10-26 03:00:00,0.0
2025-10-26 04:00:00,0.0
2025-10-26 05:00:00,0.0
2025-10-26 06:00:00,0.0
2025-10-26 07:00:00,0.0
2025-10-26 08:00:00,0.0
2025-10-26 09:00:00,0.0
2025-10-26 10:00:00,0.0
2025-10-26 11:00:00,0.0
2025-10-26 12:00:00,0.0
2025-10-26 13:00:00,0.0
2025-10-26 14:00:00,0.0
2025-10-26 15:00:00,0.0
2025-10-26 16:00:00,0.0
2025-10-26 17:00:00,0.0
2025-10-26 18:00:00,0.0
2025-10-26 19:00:00,0.0
2025-10-26 20:00:00,0.0
2025-10-26 21:00:00,0.0
2025-10-26 22:00:00,0.0
2025-10-26 23:00:00,0.0
2025-10-27 00:00:00,0.0
2025-10-27 01:00:00,0.0
2025-10-27 02:00:00,0.0
2025-10-27 03:00:00,0.0
2025-10-27 04:00:00,0.0
2025-10-27 05:00:00,0.0
2025-10-27 06:00:00,0.0
2025-10-27 07:00:00,0.0
2025-10-27 08:00:00,0.0
2025-10-27 09:00:00,0.0
2025-10-27 10:00:00,0.0
2025-10-27 11:00:00,0.002060465106226122
2025-10-27 12:00:00,0.0
2025-10-27 13:00:00,0.0
2025-10-27 14:00:00,0.0
2025-10-27 15:00:00,0.0
2025-10-27 16:00:00,0.0
2025-10-27 17:00:00,0.0
2025-10-27 18:00:00,0.0
2025-10-27 19:00:00,0.0
2025-10-27 20:00:00,0.0
2025-10-27 21:00:00,0.0
2025-10-27 22:00:00,0.0
2025-10-27 23:00:00,0.0
2025-10-28 00:00:00,0.0
2025-10-28 01:00:00,0.0
2025-10-28 02:00:00,0.0
2025-10-28 03:00:00,0.0
2025-10-28 04:00:00,0.0
2025-10-28 05:00:00,0.0
2025-10-28 06:00:00,0.0
2025-10-28 07:00:00,0.0
2025-10-28 08:00:00,0.0
2025-10-28 09:00:00,0.0
2025-10-28 10:00:00,0.0
2025-10-28 11:00:00,0.0
2025-10-28 12:00:00,0.0
2025-10-28 13:00:00,0.0
2025-10-28 14:00:00,0.0
2025-10-28 15:00:00,0.0
2025-10-28 16:00:00,0.0
2025-10-28 17:00:00,0.0
2025-10-28 18:00:00,0.0
2025-10-28 19:00:00,0.0
2025-10-28 20:00:00,0.0
2025-10-28 21:00:00,0.0
2025-10-28 22:00:00,0.0
2025-10-28 23:00:00,0.0
2025-10-29 00:00:00,0.0
2025-10-29 01:00:00,0.0
2025-10-29 02:00:00,0.0
2025-10-29 03:00:00,0.0
2025-10-29 04:00:00,0.0
2025-10-29 05:00:00,0.0
2025-10-29 06:00:00,0.0
2025-10-29 07:00:00,0.0
2025-10-29 08:00:00,0.0
2025-10-29 09:00:00,0.0
2025-10-29 10:00:00,0.010669809347534816
2025-10-29 11:00:00,0.07272591216908815
2025-10-29 12:00:00,0.0227711837557173
2025-10-29 13:00:00,0.039502447199794115
2025-10-29 14:00:00,0.0
2025-10-29 15:00:00,0.0
2025-10-29 16:00:00,0.0
2025-10-29 17:00:00,0.0
2025-10-29 18:00:00,0.0
2025-10-29 19:00:00,0.0
2025-10-29 20:00:00,0.0
2025-10-29 21:00:00,0.0
2025-10-29 22:00:00,0.0
2025-10-29 23:00:00,0.0
2025-10-30 00:00:00,0.0
2025-10-30 01:00:00,0.0
2025-10-30 02:00:00,0.0
2025-10-30 03:00:00,0.0
2025-10-30 04:00:00,0.0
2025-10-30 05:00:00,0.0
2025-10-30 06:00:00,0.0
2025-10-30 07:00:00,0.0
2025-10-30 08:00:00,0.0
2025-10-30 09:00:00,0.0
2025-10-30 10:00:00,0.0866050249173799
2025-10-30 11:00:00,0.15029532440124155
2025-10-30 12:00:00,0.1305461631124686
2025-10-30 13:00:00,0.10968533331787247
2025-10-30 14:00:00,0.03904046838937198
2025-10-30 15:00:00,0.0
2025-10-30 16:00:00,0.0
2025-10-30 17:00:00,0.0
2025-10-30 18:00:00,0.0
2025-10-30 19:00:00,0.0
2025-10-30 20:00:00,0.0
2025-10-30 21:00:00,0.0
2025-10-30 22:00:00,0.0
2025-10-30 23:00:00,0.0
2025-10-31 00:00:00,0.0
2025-10-31 01:00:00,0.0
2025-10-31 02:00:00,0.0
2025-10-31 03:00:00,0.0
2025-10-31 04:00:00,0.0
2025-10-31 05:00:00,0.0
2025-10-31 06:00:00,0.0
2025-10-31 07:00:00,0.0
2025-10-31 08:00:00,0.0
2025-10-31 09:00:00,0.0
2025-10-31 10:00:00,0.0
2025-10-31 11:00:00,0.03327850625902528
2025-10-31 12:00:00,0.15417174472633488
2025-10-31 13:00:00,0.12524954291584112
2025-10-31 14:00:00,0.05706629426188493
2025-10-31 15:00:00,0.0
2025-10-31 16:00:00,0.0
2025-10-31 17:00:00,0.0
2025-10-31 18:00:00,0.0
2025-10-31 19:00:00,0.0
2025-10-31 20:00:00,0.0
2025-10-31 21:00:00,0.0
2025-10-31 22:00:00,0.0
2025-10-31 23:00:00,0.0
2025-11-01 00:00:00,0.0
2025-11-01 01:00:00,0.0
2025-11-01 02:00:00,0.0
2025-11-01 03:00:00,0.0
2025-11-01 04:00:00,0.0
2025-11-01 05:00:00,0.0
2025-11-01 06:00:00,0.0
2025-11-01 07:00:00,0.0
2025-11-01 08:00:00,0.0
2025-11-01 09:00:00,0.0
2025-11-01 10:00:00,0.0
2025-11-01 11:00:00,0.0
2025-11-01 12:00:00,0.0
2025-11-01 13:00:00,0.0
2025-11-01 14:00:00,0.0
2025-11-01 15:00:00,0.0
2025-11-01 16:00:00,0.0
2025-11-01 17:00:00,0.0
2025-11-01 18:00:00,0.0
2025-11-01 19:00:00,0.0
2025-11-01 20:00:00,0.0
2025-11-01 21:00:00,0.0
2025-11-01 22:00:00,0.0
2025-11-01 23:00:00,0.0
2025-11-02 00:00:00,0.0
2025-11-02 01:00:00,0.0
2025-11-02 02:00:00,0.0
2025-11-02 03:00:00,0.0
2025-11-02 04:00:00,0.0
2025-11-02 05:00:00,0.0
2025-11-02 06:00:00,0.0
2025-11-02 07:00:00,0.0
2025-11-02 08:00:00,0.0
2025-11-02 09:00:00,0.0
2025-11-02 10:00:00,0.059010603928264446
2025-11-02 11:00:00,0.003300716308946134
2025-11-02 12:00:00,0.0
2025-11-02 13:00:00,0.0
2025-11-02 14:00:00,0.0
2025-11-02 15:00:00,0.0
2025-11-02 16:00:00,0.0
2025-11-02 17:00:00,0.0
2025-11-02 18:00:00,0.0
2025-11-02 19:00:00,0.0
2025-11-02 20:00:00,0.0
2025-11-02 21:00:00,0.0
2025-11-02 22:00:00,0.0
2025-11-02 23:00:00,0.0
2025-11-03 00:00:00,0.0
2025-11-03 01:00:00,0.0
2025-11-03 02:00:00,0.0
2025-11-03 03:00:00,0.0
2025-11-03 04:00:00,0.0
2025-11-03 05:00:00,0.0
2025-11-03 06:00:00,0.0
2025-11-03 07:00:00,0.0
2025-11-03 08:00:00,0.0
2025-11-03 09:00:00,0.0
2025-11-03 10:00:00,0.030797170875974236
2025-11-03 11:00:00,0.09875006833234416
2025-11-03 12:00:00,0.04169688823405701
2025-11-03 13:00:00,0.0
2025-11-03 14:00:00,0.0
2025-11-03 15:00:00,0.0
2025-11-03 16:00:00,0.0
2025-11-03 17:00:00,0.0
2025-11-03 18:00:00,0.0
2025-11-03 19:00:00,0.0
2025-11-03 20:00:00,0.0
2025-11-03 21:00:00,0.0
2025-11-03 22:00:00,0.0
2025-11-03 23:00:00,0.0
2025-11-04 00:00:00,0.0
2025-11-04 01:00:00,0.0
2025-11-04 02:00:00,0.0
2025-11-04 03:00:00,0.0
2025-11-04 04:00:00,0.0
2025-11-04 05:00:00,0.0
2025-11-04 06:00:00,0.0
2025-11-04 07:00:00,0.0
2025-11-04 08:00:00,0.0
2025-11-04 09:00:00,0.0
2025-11-04 10:00:00,0.053517071610528065
2025-11-04 11:00:00,0.16497371708398312
2025-11-04 12:00:00,0.1935556464271934
2025-11-04 13:00:00,0.1398684654598135
2025-11-04 14:00:00,0.053255175247063996
2025-11-04 15:00:00,0.0
2025-11-04 16:00:00,0.0
2025-11-04 17:00:00,0.0
2025-11-04 18:00:00,0.0
2025-11-04 19:00:00,0.0
2025-11-04 20:00:00,0.0
2025-11-04 21:00:00,0.0
2025-11-04 22:00:00,0.0
2025-11-04 23:00:00,0.0
2025-11-05 00:00:00,0.0
2025-11-05 01:00:00,0.0
2025-11-05 02:00:00,0.0
2025-11-05 03:00:00,0.0
2025-11-05 04:00:00,0.0
2025-11-05 05:00:00,0.0
2025-11-05 06:00:00,0.0
2025-11-05 07:00:00,0.0
2025-11-05 08:00:00,0.0
2025-11-05 09:00:00,0.0
2025-11-05 10:00:00,0.0690228615868411
2025-11-05 11:00:00,0.1663999958221156
2025-11-05 12:00:00,0.20931284974404932
2025-11-05 13:00:00,0.1389578642974988
2025-11-05 14:00:00,0.04398683867100243
2025-11-05 15:00:00,0.0
2025-11-05 16:00:00,0.0
2025-11-05 17:00:00,0.0
2025-11-05 18:00:00,0.0
2025-11-05 19:00:00,0.0
2025-11-05 20:00:00,0.0
2025-11-05 21:00:00,0.0
2025-11-05 22:00:00,0.0
2025-11-05 23:00:00,0.0
2025-11-06 00:00:00,0.0
2025-11-06 01:00:00,0.0
2025-11-06 02:00:00,0.0
2025-11-06 03:00:00,0.0
2025-11-06 04:00:00,0.0
2025-11-06 05:00:00,0.0
2025-11-06 06:00:00,0.0
2025-11-06 07:00:00,0.0
2025-11-06 08:00:00,0.0
2025-11-06 09:00:00,0.0
2025-11-06 10:00:00,0.06410114405251625
2025-11-06 11:00:00,0.14920988083353698
2025-11-06 12:00:00,0.14850547406128925
2025-11-06 13:00:00,0.10682103472211973
2025-11-06 14:00:00,0.02113386302104741
2025-11-06 15:00:00,0.0
2025-11-06 16:00:00,0.0
2025-11-06 17:00:00,0.0
2025-11-06 18:00:00,0.0
2025-11-06 19:00:00,0.0
2025-11-06 20:00:00,0.0
2025-11-06 21:00:00,0.0
2025-11-06 22:00:00,0.0
2025-11-06 23:00:00,0.0
2025-11-07 00:00:00,0.0
2025-11-07 01:00:00,0.0
2025-11-07 02:00:00,0.0
2025-11-07 03:00:00,0.0
2025-11-07 04:00:00,0.0
2025-11-07 05:00:00,0.0
2025-11-07 06:00:00,0.0
2025-11-07 07:00:00,0.0
2025-11-07 08:00:00,0.0
2025-11-07 09:00:00,0.0
2025-11-07 10:00:00,0.07817122985657315
2025-11-07 11:00:00,0.18493060998127261
2025-11-07 12:00:00,0.21185613851994498
2025-11-07 13:00:00,0.16595287628038669
2025-11-07 14:00:00,0.0649490075305265
2025-11-07 15:00:00,0.0
2025-11-07 16:00:00,0.0
2025-11-07 17:00:00,0.0
2025-11-07 18:00:00,0.0
2025-11-07 19:00:00,0.0
2025-11-07 20:00:00,0.0
2025-11-07 21:00:00,0.0
2025-11-07 22:00:00,0.0
2025-11-07 23:00:00,0.0
2025-11-08 00:00:00,0.0
2025-11-08 01:00:00,0.0
2025-11-08 02:00:00,0.0
2025-11-08 03:00:00,0.0
2025-11-08 04:00:00,0.0
2025-11-08 05:00:00,0.0
2025-11-08 06:00:00,0.0
2025-11-08 07:00:00,0.0
2025-11-08 08:00:00,0.0
2025-11-08 09:00:00,0.0
2025-11-08 10:00:00,0.005891186333657844
2025-11-08 11:00:00,0.03295895320860893
2025-11-08 12:00:00,0.022343948579023797
2025-11-08 13:00:00,0.0
2025-11-08 14:00:00,0.0
2025-11-08 15:00:00,0.0
2025-11-08 16:00:00,0.0
2025-11-08 17:00:00,0.0
2025-11-08 18:00:00,0.0
2025-11-08 19:00:00,0.0
2025-11-08 20:00:00,0.0
2025-11-08 21:00:00,0.0
2025-11-08 22:00:00,0.0
2025-11-08 23:00:00,0.0
2025-11-09 00:00:00,0.0
2025-11-09 01:00:00,0.0
2025-11-09 02:00:00,0.0
2025-11-09 03:00:00,0.0
2025-11-09 04:00:00,0.0
2025-11-09 05:00:00,0.0
2025-11-09 06:00:00,0.0
2025-11-09 07:00:00,0.0
2025-11-09 08:00:00,0.0
2025-11-09 09:00:00,0.0
2025-11-09 10:00:00,0.0
2025-11-09 11:00:00,0.0
2025-11-09 12:00:00,0.0
2025-11-09 13:00:00,0.0
2025-11-09 14:00:00,0.0
2025-11-09 15:00:00,0.0
2025-11-09 16:00:00,0.0
2025-11-09 17:00:00,0.0
2025-11-09 18:00:00,0.0
2025-11-09 19:00:00,0.0
2025-11-09 20:00:00,0.0
2025-11-09 21:00:00,0.0
2025-11-09 22:00:00,0.0
2025-11-09 23:00:00,0.0
2025-11-10 00:00:00,0.0
2025-11-10 01:00:00,0.0
2025-11-10 02:00:00,0.0
2025-11-10 03:00:00,0.0
2025-11-10 04:00:00,0.0
2025-11-10 05:00:00,0.0
2025-11-10 06:00:00,0.0
2025-11-10 07:00:00,0.0
2025-11-10 08:00:00,0.0
2025-11-10 09:00:00,0.0
2025-11-10 10:00:00,0.0
2025-11-10 11:00:00,0.03710348068142531
2025-11-10 12:00:00,0.10055641967992787
2025-11-10 13:00:00,0.017840321821933264
2025-11-10 14:00:00,0.0
2025-11-10 15:00:00,0.0
2025-11-10 16:00:00,0.0
2025-11-10 17:00:00,0.0
2025-11-10 18:00:00,0.0
2025-11-10 19:00:00,0.0
2025-11-10 20:00:00,0.0
2025-11-10 21:00:00,0.0
2025-11-10 22:00:00,0.0
2025-11-10 23:00:00,0.0
2025-11-11 00:00:00,0.0
2025-11-11 01:00:00,0.0
2025-11-11 02:00:00,0.0
2025-11-11 03:00:00,0.0
2025-11-11 04:00:00,0.0
2025-11-11 05:00:00,0.0
2025-11-11 06:00:00,0.0
2025-11-11 07:00:00,0.0
2025-11-11 08:00:00,0.0
2025-11-11 09:00:00,0.0
2025-11-11 10:00:00,0.0
2025-11-11 11:00:00,0.0014086518576311789
2025-11-11 12:00:00,0.0
2025-11-11 13:00:00,0.0
2025-11-11 14:00:00,0.0
2025-11-11 15:00:00,0.0
2025-11-11 16:00:00,0.0
2025-11-11 17:00:00,0.0
2025-11-11 18:00:00,0.0
2025-11-11 19:00:00,0.0
2025-11-11 20:00:00,0.0
2025-11-11 21:00:00,0.0
2025-11-11 22:00:00,0.0
2025-11-11 23:00:00,0.0
2025-11-12 00:00:00,0.0
2025-11-12 01:00:00,0.0
2025-11-12 02:00:00,0.0
2025-11-12 03:00:00,0.0
2025-11-12 04:00:00,0.0
2025-11-12 05:00:00,0.0
2025-11-12 06:00:00,0.0
2025-11-12 07:00:00,0.0
2025-11-12 08:00:00,0.0
2025-11-12 09:00:00,0.0
2025-11-12 10:00:00,0.04249664391605683
2025-11-12 11:00:00,0.1460719910293699
2025-11-12 12:00:00,0.16810965259157293
2025-11-12 13:00:00,0.1200653288461069
2025-11-12 14:00:00,0.0028967015774697008
2025-11-12 15:00:00,0.0
2025-11-12 16:00:00,0.0
2025-11-12 17:00:00,0.0
2025-11-12 18:00:00,0.0
2025-11-12 19:00:00,0.0
2025-11-12 20:00:00,0.0
2025-11-12 21:00:00,0.0
2025-11-12 22:00:00,0.0
2025-11-12 23:00:00,0.0
2025-11-13 00:00:00,0.0
2025-11-13 01:00:00,0.0
2025-11-13 02:00:00,0.0
2025-11-13 03:00:00,0.0
2025-11-13 04:00:00,0.0
2025-11-13 05:00:00,0.0
2025-11-13 06:00:00,0.0
2025-11-13 07:00:00,0.0
2025-11-13 08:00:00,0.0
2025-11-13 09:00:00,0.0
2025-11-13 10:00:00,0.06502724707058317
2025-11-13 11:00:00,0.15118112061208586
2025-11-13 12:00:00,0.1797018614708876
2025-11-13 13:00:00,0.13331130663441046
2025-11-13 14:00:00,0.01567936632945616
2025-11-13 15:00:00,0.0
2025-11-13 16:00:00,0.0
2025-11-13 17:00:00,0.0
2025-11-13 18:00:00,0.0
2025-11-13 19:00:00,0.0
2025-11-13 20:00:00,0.0
2025-11-13 21:00:00,0.0
2025-11-13 22:00:00,0.0
2025-11-13 23:00:00,0.0
2025-11-14 00:00:00,0.0
2025-11-14 01:00:00,0.0
2025-11-14 02:00:00,0.0
2025-11-14 03:00:00,0.0
2025-11-14 04:00:00,0.0
2025-11-14 05:00:00,0.0
2025-11-14 06:00:00,0.0
2025-11-14 07:00:00,0.0
2025-11-14 08:00:00,0.0
2025-11-14 09:00:00,0.0
2025-11-14 10:00:00,0.0
2025-11-14 11:00:00,0.0
2025-11-14 12:00:00,0.0
2025-11-14 13:00:00,0.0
2025-11-14 14:00:00,0.0
2025-11-14 15:00:00,0.0
2025-11-14 16:00:00,0.0
2025-11-14 17:00:00,0.0
2025-11-14 18:00:00,0.0
2025-11-14 19:00:00,0.0
2025-11-14 20:00:00,0.0
2025-11-14 21:00:00,0.0
2025-11-14 22:00:00,0.0
2025-11-14 23:00:00,0.0
2025-11-15 00:00:00,0.0
2025-11-15 01:00:00,0.0
2025-11-15 02:00:00,0.0
2025-11-15 03:00:00,0.0
2025-11-15 04:00:00,0.0
2025-11-15 05:00:00,0.0
2025-11-15 06:00:00,0.0
2025-11-15 07:00:00,0.0
2025-11-15 08:00:00,0.0
2025-11-15 09:00:00,0.0
2025-11-15 10:00:00,0.0
2025-11-15 11:00:00,0.0
2025-11-15 12:00:00,0.0
2025-11-15 13:00:00,0.0
2025-11-15 14:00:00,0.0
2025-11-15 15:00:00,0.0
2025-11-15 16:00:00,0.0
2025-11-15 17:00:00,0.0
2025-11-15 18:00:00,0.0
2025-11-15 19:00:00,0.0
2025-11-15 20:00:00,0.0
2025-11-15 21:00:00,0.0
2025-11-15 22:00:00,0.0
2025-11-15 23:00:00,0.0
2025-11-16 00:00:00,0.0
2025-11-16 01:00:00,0.0
2025-11-16 02:00:00,0.0
2025-11-16 03:00:00,0.0
2025-11-16 04:00:00,0.0
2025-11-16 05:00:00,0.0
2025-11-16 06:00:00,0.0
2025-11-16 07:00:00,0.0
2025-11-16 08:00:00,0.0
2025-11-16 09:00:00,0.0
2025-11-16 10:00:00,0.0
2025-11-16 11:00:00,0.0
2025-11-16 12:00:00,0.0
2025-11-16 13:00:00,0.0
2025-11-16 14:00:00,0.0
2025-11-16 15:00:00,0.0
2025-11-16 16:00:00,0.0
2025-11-16 17:00:00,0.0
2025-11-16 18:00:00,0.0
2025-11-16 19:00:00,0.0
2025-11-16 20:00:00,0.0
2025-11-16 21:00:00,0.0
2025-11-16 22:00:00,0.0
2025-11-16 23:00:00,0.0
2025-11-17 00:00:00,0.0
2025-11-17 01:00:00,0.0
2025-11-17 02:00:00,0.0
2025-11-17 03:00:00,0.0
2025-11-17 04:00:00,0.0
2025-11-17 05:00:00,0.0
2025-11-17 06:00:00,0.0
2025-11-17 07:00:00,0.0
2025-11-17 08:00:00,0.0
2025-11-17 09:00:00,0.0
2025-11-17 10:00:00,0.0
2025-11-17 11:00:00,0.0
2025-11-17 12:00:00,0.0
2025-11-17 13:00:00,0.0
2025-11-17 14:00:00,0.0
2025-11-17 15:00:00,0.0
2025-11-17 16:00:00,0.0
2025-11-17 17:00:00,0.0
2025-11-17 18:00:00,0.0
2025-11-17 19:00:00,0.0
2025-11-17 20:00:00,0.0
2025-11-17 21:00:00,0.0
2025-11-17 22:00:00,0.0
2025-11-17 23:00:00,0.0
2025-11-18 00:00:00,0.0
2025-11-18 01:00:00,0.0
2025-11-18 02:00:00,0.0
2025-11-18 03:00:00,0.0
2025-11-18 04:00:00,0.0
2025-11-18 05:00:00,0.0
2025-11-18 06:00:00,0.0
2025-11-18 07:00:00,0.0
2025-11-18 08:00:00,0.0
2025-11-18 09:00:00,0.0
2025-11-18 10:00:00,0.0
2025-11-18 11:00:00,0.0
2025-11-18 12:00:00,0.0
2025-11-18 13:00:00,0.0
2025-11-18 14:00:00,0.0
2025-11-18 15:00:00,0.0
2025-11-18 16:00:00,0.0
2025-11-18 17:00:00,0.0
2025-11-18 18:00:00,0.0
2025-11-18 19:00:00,0.0
2025-11-18 20:00:00,0.0
2025-11-18 21:00:00,0.0
2025-11-18 22:00:00,0.0
2025-11-18 23:00:00,0.0
2025-11-19 00:00:00,0.0
2025-11-19 01:00:00,0.0
2025-11-19 02:00:00,0.0
2025-11-19 03:00:00,0.0
2025-11-19 04:00:00,0.0
2025-11-19 05:00:00,0.0
2025-11-19 06:00:00,0.0
2025-11-19 07:00:00,0.0
2025-11-19 08:00:00,0.0
2025-11-19 09:00:00,0.0
2025-11-19 10:00:00,0.0
2025-11-19 11:00:00,0.0
2025-11-19 12:00:00,0.0
2025-11-19 13:00:00,0.0
2025-11-19 14:00:00,0.0
2025-11-19 15:00:00,0.0
2025-11-19 16:00:00,0.0
2025-11-19 17:00:00,0.0
2025-11-19 18:00:00,0.0
2025-11-19 19:00:00,0.0
2025-11-19 20:00:00,0.0
2025-11-19 21:00:00,0.0
2025-11-19 22:00:00,0.0
2025-11-19 23:00:00,0.0
2025-11-20 00:00:00,0.0
2025-11-20 01:00:00,0.0
2025-11-20 02:00:00,0.0
2025-11-20 03:00:00,0.0
2025-11-20 04:00:00,0.0
2025-11-20 05:00:00,0.0
2025-11-20 06:00:00,0.0
2025-11-20 07:00:00,0.0
2025-11-20 08:00:00,0.0
2025-11-20 09:00:00,0.0
2025-11-20 10:00:00,0.0
2025-11-20 11:00:00,0.0
2025-11-20 12:00:00,0.0
2025-11-20 13:00:00,0.0
2025-11-20 14:00:00,0.0
2025-11-20 15:00:00,0.0
2025-11-20 16:00:00,0.0
2025-11-20 17:00:00,0.0
2025-11-20 18:00:00,0.0
2025-11-20 19:00:00,0.0
2025-11-20 20:00:00,0.0
2025-11-20 21:00:00,0.0
2025-11-20 22:00:00,0.0
2025-11-20 23:00:00,0.0
2025-11-21 00:00:00,0.0
2025-11-21 01:00:00,0.0
2025-11-21 02:00:00,0.0
2025-11-21 03:00:00,0.0
2025-11-21 04:00:00,0.0
2025-11-21 05:00:00,0.0
2025-11-21 06:00:00,0.0
2025-11-21 07:00:00,0.0
2025-11-21 08:00:00,0.0
2025-11-21 09:00:00,0.0
2025-11-21 10:00:00,0.0
2025-11-21 11:00:00,0.0
2025-11-21 12:00:00,0.03304438008121632
2025-11-21 13:00:00,0.0
2025-11-21 14:00:00,0.0
2025-11-21 15:00:00,0.0
2025-11-21 16:00:00,0.0
2025-11-21 17:00:00,0.0
2025-11-21 18:00:00,0.0
2025-11-21 19:00:00,0.0
2025-11-21 20:00:00,0.0
2025-11-21 21:00:00,0.0
2025-11-21 22:00:00,0.0
2025-11-21 23:00:00,0.0
2025-11-22 00:00:00,0.0
2025-11-22 01:00:00,0.0
2025-11-22 02:00:00,0.0
2025-11-22 03:00:00,0.0
2025-11-22 04:00:00,0.0
2025-11-22 05:00:00,0.0
2025-11-22 06:00:00,0.0
2025-11-22 07:00:00,0.0
2025-11-22 08:00:00,0.0
2025-11-22 09:00:00,0.0
2025-11-22 10:00:00,0.0
2025-11-22 11:00:00,0.0
2025-11-22 12:00:00,0.0
2025-11-22 13:00:00,0.0
2025-11-22 14:00:00,0.0
2025-11-22 15:00:00,0.0
2025-11-22 16:00:00,0.0
2025-11-22 17:00:00,0.0
2025-11-22 18:00:00,0.0
2025-11-22 19:00:00,0.0
2025-11-22 20:00:00,0.0
2025-11-22 21:00:00,0.0
2025-11-22 22:00:00,0.0
2025-11-22 23:00:00,0.0
2025-11-23 00:00:00,0.0
2025-11-23 01:00:00,0.0
2025-11-23 02:00:00,0.0
2025-11-23 03:00:00,0.0
2025-11-23 04:00:00,0.0
2025-11-23 05:00:00,0.0
2025-11-23 06:00:00,0.0
2025-11-23 07:00:00,0.0
2025-11-23 08:00:00,0.0
2025-11-23 09:00:00,0.0
2025-11-23 10:00:00,0.0
2025-11-23 11:00:00,0.0
2025-11-23 12:00:00,0.0
2025-11-23 13:00:00,0.0
2025-11-23 14:00:00,0.0
2025-11-23 15:00:00,0.0
2025-11-23 16:00:00,0.0
2025-11-23 17:00:00,0.0
2025-11-23 18:00:00,0.0
2025-11-23 19:00:00,0.0
2025-11-23 20:00:00,0.0
2025-11-23 21:00:00,0.0
2025-11-23 22:00:00,0.0
2025-11-23 23:00:00,0.0
2025-11-24 00:00:00,0.0
2025-11-24 01:00:00,0.0
2025-11-24 02:00:00,0.0
2025-11-24 03:00:00,0.0
2025-11-24 04:00:00,0.0
2025-11-24 05:00:00,0.0
2025-11-24 06:00:00,0.0
2025-11-24 07:00:00,0.0
2025-11-24 08:00:00,0.0
2025-11-24 09:00:00,0.0
2025-11-24 10:00:00,0.0
2025-11-24 11:00:00,0.0
2025-11-24 12:00:00,0.0
2025-11-24 13:00:00,0.0
2025-11-24 14:00:00,0.0
2025-11-24 15:00:00,0.0
2025-11-24 16:00:00,0.0
2025-11-24 17:00:00,0.0
2025-11-24 18:00:00,0.0
2025-11-24 19:00:00,0.0
2025-11-24 20:00:00,0.0
2025-11-24 21:00:00,0.0
2025-11-24 22:00:00,0.0
2025-11-24 23:00:00,0.0
2025-11-25 00:00:00,0.0
2025-11-25 01:00:00,0.0
2025-11-25 02:00:00,0.0
2025-11-25 03:00:00,0.0
2025-11-25 04:00:00,0.0
2025-11-25 05:00:00,0.0
2025-11-25 06:00:00,0.0
2025-11-25 07:00:00,0.0
2025-11-25 08:00:00,0.0
2025-11-25 09:00:00,0.0
2025-11-25 10:00:00,0.0
2025-11-25 11:00:00,0.0
2025-11-25 12:00:00,0.0
2025-11-25 13:00:00,0.0
2025-11-25 14:00:00,0.0
2025-11-25 15:00:00,0.0
2025-11-25 16:00:00,0.0
2025-11-25 17:00:00,0.0
2025-11-25 18:00:00,0.0
2025-11-25 19:00:00,0.0
2025-11-25 20:00:00,0.0
2025-11-25 21:00:00,0.0
2025-11-25 22:00:00,0.0
2025-11-25 23:00:00,0.0
2025-11-26 00:00:00,0.0
2025-11-26 01:00:00,0.0
2025-11-26 02:00:00,0.0
2025-11-26 03:00:00,0.0
2025-11-26 04:00:00,0.0
2025-11-26 05:00:00,0.0
2025-11-26 06:00:00,0.0
2025-11-26 07:00:00,0.0
2025-11-26 08:00:00,0.0
2025-11-26 09:00:00,0.0
2025-11-26 10:00:00,0.0
2025-11-26 11:00:00,0.0
2025-11-26 12:00:00,0.0
2025-11-26 13:00:00,0.0
2025-11-26 14:00:00,0.0
2025-11-26 15:00:00,0.0
2025-11-26 16:00:00,0.0
2025-11-26 17:00:00,0.0
2025-11-26 18:00:00,0.0
2025-11-26 19:00:00,0.0
2025-11-26 20:00:00,0.0
2025-11-26 21:00:00,0.0
2025-11-26 22:00:00,0.0
2025-11-26 23:00:00,0.0
2025-11-27 00:00:00,0.0
2025-11-27 01:00:00,0.0
2025-11-27 02:00:00,0.0
2025-11-27 03:00:00,0.0
2025-11-27 04:00:00,0.0
2025-11-27 05:00:00,0.0
2025-11-27 06:00:00,0.0
2025-11-27 07:00:00,0.0
2025-11-27 08:00:00,0.0
2025-11-27 09:00:00,0.0
2025-11-27 10:00:00,0.0
2025-11-27 11:00:00,0.0
2025-11-27 12:00:00,0.0
2025-11-27 13:00:00,0.0
2025-11-27 14:00:00,0.0
2025-11-27 15:00:00,0.0
2025-11-27 16:00:00,0.0
2025-11-27 17:00:00,0.0
2025-11-27 18:00:00,0.0
2025-11-27 19:00:00,0.0
2025-11-27 20:00:00,0.0
2025-11-27 21:00:00,0.0
2025-11-27 22:00:00,0.0
2025-11-27 23:00:00,0.0
2025-11-28 00:00:00,0.0
2025-11-28 01:00:00,0.0
2025-11-28 02:00:00,0.0
2025-11-28 03:00:00,0.0
2025-11-28 04:00:00,0.0
2025-11-28 05:00:00,0.0
2025-11-28 06:00:00,0.0
2025-11-28 07:00:00,0.0
2025-11-28 08:00:00,0.0
2025-11-28 09:00:00,0.0
2025-11-28 10:00:00,0.0
2025-11-28 11:00:00,0.0
2025-11-28 12:00:00,0.0
2025-11-28 13:00:00,0.0
2025-11-28 14:00:00,0.0
2025-11-28 15:00:00,0.0
2025-11-28 16:00:00,0.0
2025-11-28 17:00:00,0.0
2025-11-28 18:00:00,0.0
2025-11-28 19:00:00,0.0
2025-11-28 20:00:00,0.0
2025-11-28 21:00:00,0.0
2025-11-28 22:00:00,0.0
2025-11-28 23:00:00,0.0
2025-11-29 00:00:00,0.0
2025-11-29 01:00:00,0.0
2025-11-29 02:00:00,0.0
2025-11-29 03:00:00,0.0
2025-11-29 04:00:00,0.0
2025-11-29 05:00:00,0.0
2025-11-29 06:00:00,0.0
2025-11-29 07:00:00,0.0
2025-11-29 08:00:00,0.0
2025-11-29 09:00:00,0.0
2025-11-29 10:00:00,0.0
2025-11-29 11:00:00,0.0
2025-11-29 12:00:00,0.0
2025-11-29 13:00:00,0.0
2025-11-29 14:00:00,0.0
2025-11-29 15:00:00,0.0
2025-11-29 16:00:00,0.0
2025-11-29 17:00:00,0.0
2025-11-29 18:00:00,0.0
2025-11-29 19:00:00,0.0
2025-11-29 20:00:00,0.0
2025-11-29 21:00:00,0.0
2025-11-29 22:00:00,0.0
2025-11-29 23:00:00,0.0
2025-11-30 00:00:00,0.0
2025-11-30 01:00:00,0.0
2025-11-30 02:00:00,0.0
2025-11-30 03:00:00,0.0
2025-11-30 04:00:00,0.0
2025-11-30 05:00:00,0.0
2025-11-30 06:00:00,0.0
2025-11-30 07:00:00,0.0
2025-11-30 08:00:00,0.0
2025-11-30 09:00:00,0.0
2025-11-30 10:00:00,0.0
2025-11-30 11:00:00,0.0
2025-11-30 12:00:00,0.0
2025-11-30 13:00:00,0.0
2025-11-30 14:00:00,0.0
2025-11-30 15:00:00,0.0
2025-11-30 16:00:00,0.0
2025-11-30 17:00:00,0.0
2025-11-30 18:00:00,0.0
2025-11-30 19:00:00,0.0
2025-11-30 20:00:00,0.0
2025-11-30 21:00:00,0.0
2025-11-30 22:00:00,0.0
2025-11-30 23:00:00,0.0
2025-12-01 00:00:00,0.0
2025-12-01 01:00:00,0.0
2025-12-01 02:00:00,0.0
2025-12-01 03:00:00,0.0
2025-12-01 04:00:00,0.0
2025-12-01 05:00:00,0.0
2025-12-01 06:00:00,0.0
2025-12-01 07:00:00,0.0
2025-12-01 08:00:00,0.0
2025-12-01 09:00:00,0.0
2025-12-01 10:00:00,0.0
2025-12-01 11:00:00,0.0
2025-12-01 12:00:00,0.0
2025-12-01 13:00:00,0.0
2025-12-01 14:00:00,0.0
2025-12-01 15:00:00,0.0
2025-12-01 16:00:00,0.0
2025-12-01 17:00:00,0.0
2025-12-01 18:00:00,0.0
2025-12-01 19:00:00,0.0
2025-12-01 20:00:00,0.0
2025-12-01 21:00:00,0.0
2025-12-01 22:00:00,0.0
2025-12-01 23:00:00,0.0
2025-12-02 00:00:00,0.0
2025-12-02 01:00:00,0.0
2025-12-02 02:00:00,0.0
2025-12-02 03:00:00,0.0
2025-12-02 04:00:00,0.0
2025-12-02 05:00:00,0.0
2025-12-02 06:00:00,0.0
2025-12-02 07:00:00,0.0
2025-12-02 08:00:00,0.0
2025-12-02 09:00:00,0.0
2025-12-02 10:00:00,0.0
2025-12-02 11:00:00,0.0
2025-12-02 12:00:00,0.0
2025-12-02 13:00:00,0.0
2025-12-02 14:00:00,0.0
2025-12-02 15:00:00,0.0
2025-12-02 16:00:00,0.0
2025-12-02 17:00:00,0.0
2025-12-02 18:00:00,0.0
2025-12-02 19:00:00,0.0
2025-12-02 20:00:00,0.0
2025-12-02 21:00:00,0.0
2025-12-02 22:00:00,0.0
2025-12-02 23:00:00,0.0
2025-12-03 00:00:00,0.0
2025-12-03 01:00:00,0.0
2025-12-03 02:00:00,0.0
2025-12-03 03:00:00,0.0
2025-12-03 04:00:00,0.0
2025-12-03 05:00:00,0.0
2025-12-03 06:00:00,0.0
2025-12-03 07:00:00,0.0
2025-12-03 08:00:00,0.0
2025-12-03 09:00:00,0.0
2025-12-03 10:00:00,0.0
2025-12-03 11:00:00,0.0
2025-12-03 12:00:00,0.0
2025-12-03 13:00:00,0.0
2025-12-03 14:00:00,0.0
2025-12-03 15:00:00,0.0
2025-12-03 16:00:00,0.0
2025-12-03 17:00:00,0.0
2025-12-03 18:00:00,0.0
2025-12-03 19:00:00,0.0
2025-12-03 20:00:00,0.0
2025-12-03 21:00:00,0.0
2025-12-03 22:00:00,0.0
2025-12-03 23:00:00,0.0
2025-12-04 00:00:00,0.0
2025-12-04 01:00:00,0.0
2025-12-04 02:00:00,0.0
2025-12-04 03:00:00,0.0
2025-12-04 04:00:00,0.0
2025-12-04 05:00:00,0.0
2025-12-04 06:00:00,0.0
2025-12-04 07:00:00,0.0
2025-12-04 08:00:00,0.0
2025-12-04 09:00:00,0.0
2025-12-04 10:00:00,0.0
2025-12-04 11:00:00,0.0
2025-12-04 12:00:00,0.0
2025-12-04 13:00:00,0.0
2025-12-04 14:00:00,0.0
2025-12-04 15:00:00,0.0
2025-12-04 16:00:00,0.0
2025-12-04 17:00:00,0.0
2025-12-04 18:00:00,0.0
2025-12-04 19:00:00,0.0
2025-12-04 20:00:00,0.0
2025-12-04 21:00:00,0.0
2025-12-04 22:00:00,0.0
2025-12-04 23:00:00,0.0
2025-12-05 00:00:00,0.0
2025-12-05 01:00:00,0.0
2025-12-05 02:00:00,0.0
2025-12-05 03:00:00,0.0
2025-12-05 04:00:00,0.0
2025-12-05 05:00:00,0.0
2025-12-05 06:00:00,0.0
2025-12-05 07:00:00,0.0
2025-12-05 08:00:00,0.0
2025-12-05 09:00:00,0.0
2025-12-05 10:00:00,0.0
2025-12-05 11:00:00,0.0
2025-12-05 12:00:00,0.0
2025-12-05 13:00:00,0.0
2025-12-05 14:00:00,0.0
2025-12-05 15:00:00,0.0
2025-12-05 16:00:00,0.0
2025-12-05 17:00:00,0.0
2025-12-05 18:00:00,0.0
2025-12-05 19:00:00,0.0
2025-12-05 20:00:00,0.0
2025-12-05 21:00:00,0.0
2025-12-05 22:00:00,0.0
2025-12-05 23:00:00,0.0
2025-12-06 00:00:00,0.0
2025-12-06 01:00:00,0.0
2025-12-06 02:00:00,0.0
2025-12-06 03:00:00,0.0
2025-12-06 04:00:00,0.0
2025-12-06 05:00:00,0.0
2025-12-06 06:00:00,0.0
2025-12-06 07:00:00,0.0
2025-12-06 08:00:00,0.0
2025-12-06 09:00:00,0.0
2025-12-06 10:00:00,0.0
2025-12-06 11:00:00,0.0
2025-12-06 12:00:00,0.0
2025-12-06 13:00:00,0.0
2025-12-06 14:00:00,0.0
2025-12-06 15:00:00,0.0
2025-12-06 16:00:00,0.0
2025-12-06 17:00:00,0.0
2025-12-06 18:00:00,0.0
2025-12-06 19:00:00,0.0
2025-12-06 20:00:00,0.0
2025-12-06 21:00:00,0.0
2025-12-06 22:00:00,0.0
2025-12-06 23:00:00,0.0
2025-12-07 00:00:00,0.0
2025-12-07 01:00:00,0.0
2025-12-07 02:00:00,0.0
2025-12-07 03:00:00,0.0
2025-12-07 04:00:00,0.0
2025-12-07 05:00:00,0.0
2025-12-07 06:00:00,0.0
2025-12-07 07:00:00,0.0
2025-12-07 08:00:00,0.0
2025-12-07 09:00:00,0.0
2025-12-07 10:00:00,0.0
2025-12-07 11:00:00,0.0
2025-12-07 12:00:00,0.0
2025-12-07 13:00:00,0.0
2025-12-07 14:00:00,0.0
2025-12-07 15:00:00,0.0
2025-12-07 16:00:00,0.0
2025-12-07 17:00:00,0.0
2025-12-07 18:00:00,0.0
2025-12-07 19:00:00,0.0
2025-12-07 20:00:00,0.0
2025-12-07 21:00:00,0.0
2025-12-07 22:00:00,0.0
2025-12-07 23:00:00,0.0
2025-12-08 00:00:00,0.0
2025-12-08 01:00:00,0.0
2025-12-08 02:00:00,0.0
2025-12-08 03:00:00,0.0
2025-12-08 04:00:00,0.0
2025-12-08 05:00:00,0.0
2025-12-08 06:00:00,0.0
2025-12-08 07:00:00,0.0
2025-12-08 08:00:00,0.0
2025-12-08 09:00:00,0.0
2025-12-08 10:00:00,0.0
2025-12-08 11:00:00,0.0
2025-12-08 12:00:00,0.0
2025-12-08 13:00:00,0.0
2025-12-08 14:00:00,0.0
2025-12-08 15:00:00,0.0
2025-12-08 16:00:00,0.0
2025-12-08 17:00:00,0.0
2025-12-08 18:00:00,0.0
2025-12-08 19:00:00,0.0
2025-12-08 20:00:00,0.0
2025-12-08 21:00:00,0.0
2025-12-08 22:00:00,0.0
2025-12-08 23:00:00,0.0
2025-12-09 00:00:00,0.0
2025-12-09 01:00:00,0.0
2025-12-09 02:00:00,0.0
2025-12-09 03:00:00,0.0
2025-12-09 04:00:00,0.0
2025-12-09 05:00:00,0.0
2025-12-09 06:00:00,0.0
2025-12-09 07:00:00,0.0
2025-12-09 08:00:00,0.0
2025-12-09 09:00:00,0.0
2025-12-09 10:00:00,0.0
2025-12-09 11:00:00,0.0
2025-12-09 12:00:00,0.0
2025-12-09 13:00:00,0.0
2025-12-09 14:00:00,0.0
2025-12-09 15:00:00,0.0
2025-12-09 16:00:00,0.0
2025-12-09 17:00:00,0.0
2025-12-09 18:00:00,0.0
2025-12-09 19:00:00,0.0
2025-12-09 20:00:00,0.0
2025-12-09 21:00:00,0.0
2025-12-09 22:00:00,0.0
2025-12-09 23:00:00,0.0
2025-12-10 00:00:00,0.0
2025-12-10 01:00:00,0.0
2025-12-10 02:00:00,0.0
2025-12-10 03:00:00,0.0
2025-12-10 04:00:00,0.0
2025-12-10 05:00:00,0.0
2025-12-10 06:00:00,0.0
2025-12-10 07:00:00,0.0
2025-12-10 08:00:00,0.0
2025-12-10 09:00:00,0.0
2025-12-10 10:00:00,0.0
2025-12-10 11:00:00,0.0
2025-12-10 12:00:00,0.0
2025-12-10 13:00:00,0.0
2025-12-10 14:00:00,0.0
2025-12-10 15:00:00,0.0
2025-12-10 16:00:00,0.0
2025-12-10 17:00:00,0.0
2025-12-10 18:00:00,0.0
2025-12-10 19:00:00,0.0
2025-12-10 20:00:00,0.0
2025-12-10 21:00:00,0.0
2025-12-10 22:00:00,0.0
2025-12-10 23:00:00,0.0
2025-12-11 00:00:00,0.0
2025-12-11 01:00:00,0.0
2025-12-11 02:00:00,0.0
2025-12-11 03:00:00,0.0
2025-12-11 04:00:00,0.0
2025-12-11 05:00:00,0.0
2025-12-11 06:00:00,0.0
2025-12-11 07:00:00,0.0
2025-12-11 08:00:00,0.0
2025-12-11 09:00:00,0.0
2025-12-11 10:00:00,0.0
2025-12-11 11:00:00,0.0
2025-12-11 12:00:00,0.0
2025-12-11 13:00:00,0.0
2025-12-11 14:00:00,0.0
2025-12-11 15:00:00,0.0
2025-12-11 16:00:00,0.0
2025-12-11 17:00:00,0.0
2025-12-11 18:00:00,0.0
2025-12-11 19:00:00,0.0
2025-12-11 20:00:00,0.0
2025-12-11 21:00:00,0.0
2025-12-11 22:00:00,0.0
2025-12-11 23:00:00,0.0
2025-12-12 00:00:00,0.0
2025-12-12 01:00:00,0.0
2025-12-12 02:00:00,0.0
2025-12-12 03:00:00,0.0
2025-12-12 04:00:00,0.0
2025-12-12 05:00:00,0.0
2025-12-12 06:00:00,0.0
2025-12-12 07:00:00,0.0
2025-12-12 08:00:00,0.0
2025-12-12 09:00:00,0.0
2025-12-12 10:00:00,0.0
2025-12-12 11:00:00,0.0
2025-12-12 12:00:00,0.0
2025-12-12 13:00:00,0.0
2025-12-12 14:00:00,0.0
2025-12-12 15:00:00,0.0
2025-12-12 16:00:00,0.0
2025-12-12 17:00:00,0.0
2025-12-12 18:00:00,0.0
2025-12-12 19:00:00,0.0
2025-12-12 20:00:00,0.0
2025-12-12 21:00:00,0.0
2025-12-12 22:00:00,0.0
2025-12-12 23:00:00,0.0
2025-12-13 00:00:00,0.0
2025-12-13 01:00:00,0.0
2025-12-13 02:00:00,0.0
2025-12-13 03:00:00,0.0
2025-12-13 04:00:00,0.0
2025-12-13 05:00:00,0.0
2025-12-13 06:00:00,0.0
2025-12-13 07:00:00,0.0
2025-12-13 08:00:00,0.0
2025-12-13 09:00:00,0.0
2025-12-13 10:00:00,0.0
2025-12-13 11:00:00,0.0
2025-12-13 12:00:00,0.0
2025-12-13 13:00:00,0.0
2025-12-13 14:00:00,0.0
2025-12-13 15:00:00,0.0
2025-12-13 16:00:00,0.0
2025-12-13 17:00:00,0.0
2025-12-13 18:00:00,0.0
2025-12-13 19:00:00,0.0
2025-12-13 20:00:00,0.0
2025-12-13 21:00:00,0.0
2025-12-13 22:00:00,0.0
2025-12-13 23:00:00,0.0
2025-12-14 00:00:00,0.0
2025-12-14 01:00:00,0.0
2025-12-14 02:00:00,0.0
2025-12-14 03:00:00,0.0
2025-12-14 04:00:00,0.0
2025-12-14 05:00:00,0.0
2025-12-14 06:00:00,0.0
2025-12-14 07:00:00,0.0
2025-12-14 08:00:00,0.0
2025-12-14 09:00:00,0.0
2025-12-14 10:00:00,0.0
2025-12-14 11:00:00,0.0
2025-12-14 12:00:00,0.0
2025-12-14 13:00:00,0.0
2025-12-14 14:00:00,0.0
2025-12-14 15:00:00,0.0
2025-12-14 16:00:00,0.0
2025-12-14 17:00:00,0.0
2025-12-14 18:00:00,0.0
2025-12-14 19:00:00,0.0
2025-12-14 20:00:00,0.0
2025-12-14 21:00:00,0.0
2025-12-14 22:00:00,0.0
2025-12-14 23:00:00,0.0
2025-12-15 00:00:00,0.0
2025-12-15 01:00:00,0.0
2025-12-15 02:00:00,0.0
2025-12-15 03:00:00,0.0
2025-12-15 04:00:00,0.0
2025-12-15 05:00:00,0.0
2025-12-15 06:00:00,0.0
2025-12-15 07:00:00,0.0
2025-12-15 08:00:00,0.0
2025-12-15 09:00:00,0.0
2025-12-15 10:00:00,0.0
2025-12-15 11:00:00,0.0
2025-12-15 12:00:00,0.0
2025-12-15 13:00:00,0.0
2025-12-15 14:00:00,0.0
2025-12-15 15:00:00,0.0
2025-12-15 16:00:00,0.0
2025-12-15 17:00:00,0.0
2025-12-15 18:00:00,0.0
2025-12-15 19:00:00,0.0
2025-12-15 20:00:00,0.0
2025-12-15 21:00:00,0.0
2025-12-15 22:00:00,0.0
2025-12-15 23:00:00,0.0
2025-12-16 00:00:00,0.0
2025-12-16 01:00:00,0.0
2025-12-16 02:00:00,0.0
2025-12-16 03:00:00,0.0
2025-12-16 04:00:00,0.0
2025-12-16 05:00:00,0.0
2025-12-16 06:00:00,0.0
2025-12-16 07:00:00,0.0
2025-12-16 08:00:00,0.0
2025-12-16 09:00:00,0.0
2025-12-16 10:00:00,0.0
2025-12-16 11:00:00,0.0
2025-12-16 12:00:00,0.0
2025-12-16 13:00:00,0.0
2025-12-16 14:00:00,0.0
2025-12-16 15:00:00,0.0
2025-12-16 16:00:00,0.0
2025-12-16 17:00:00,0.0
2025-12-16 18:00:00,0.0
2025-12-16 19:00:00,0.0
2025-12-16 20:00:00,0.0
2025-12-16 21:00:00,0.0
2025-12-16 22:00:00,0.0
2025-12-16 23:00:00,0.0
2025-12-17 00:00:00,0.0
2025-12-17 01:00:00,0.0
2025-12-17 02:00:00,0.0
2025-12-17 03:00:00,0.0
2025-12-17 04:00:00,0.0
2025-12-17 05:00:00,0.0
2025-12-17 06:00:00,0.0
2025-12-17 07:00:00,0.0
2025-12-17 08:00:00,0.0
2025-12-17 09:00:00,0.0
2025-12-17 10:00:00,0.0
2025-12-17 11:00:00,0.0
2025-12-17 12:00:00,0.0
2025-12-17 13:00:00,0.0
2025-12-17 14:00:00,0.0
2025-12-17 15:00:00,0.0
2025-12-17 16:00:00,0.0
2025-12-17 17:00:00,0.0
2025-12-17 18:00:00,0.0
2025-12-17 19:00:00,0.0
2025-12-17 20:00:00,0.0
2025-12-17 21:00:00,0.0
2025-12-17 22:00:00,0.0
2025-12-17 23:00:00,0.0
2025-12-18 00:00:00,0.0
2025-12-18 01:00:00,0.0
2025-12-18 02:00:00,0.0
2025-12-18 03:00:00,0.0
2025-12-18 04:00:00,0.0
2025-12-18 05:00:00,0.0
2025-12-18 06:00:00,0.0
2025-12-18 07:00:00,0.0
2025-12-18 08:00:00,0.0
2025-12-18 09:00:00,0.0
2025-12-18 10:00:00,0.0
2025-12-18 11:00:00,0.0
2025-12-18 12:00:00,0.0
2025-12-18 13:00:00,0.0
2025-12-18 14:00:00,0.0
2025-12-18 15:00:00,0.0
2025-12-18 16:00:00,0.0
2025-12-18 17:00:00,0.0
2025-12-18 18:00:00,0.0
2025-12-18 19:00:00,0.0
2025-12-18 20:00:00,0.0
2025-12-18 21:00:00,0.0
2025-12-18 22:00:00,0.0
2025-12-18 23:00:00,0.0
2025-12-19 00:00:00,0.0
2025-12-19 01:00:00,0.0
2025-12-19 02:00:00,0.0
2025-12-19 03:00:00,0.0
2025-12-19 04:00:00,0.0
2025-12-19 05:00:00,0.0
2025-12-19 06:00:00,0.0
2025-12-19 07:00:00,0.0
2025-12-19 08:00:00,0.0
2025-12-19 09:00:00,0.0
2025-12-19 10:00:00,0.0
2025-12-19 11:00:00,0.0
2025-12-19 12:00:00,0.0
2025-12-19 13:00:00,0.0
2025-12-19 14:00:00,0.0
2025-12-19 15:00:00,0.0
2025-12-19 16:00:00,0.0
2025-12-19 17:00:00,0.0
2025-12-19 18:00:00,0.0
2025-12-19 19:00:00,0.0
2025-12-19 20:00:00,0.0
2025-12-19 21:00:00,0.0
2025-12-19 22:00:00,0.0
2025-12-19 23:00:00,0.0
2025-12-20 00:00:00,0.0
2025-12-20 01:00:00,0.0
2025-12-20 02:00:00,0.0
2025-12-20 03:00:00,0.0
2025-12-20 04:00:00,0.0
2025-12-20 05:00:00,0.0
2025-12-20 06:00:00,0.0
2025-12-20 07:00:00,0.0
2025-12-20 08:00:00,0.0
2025-12-20 09:00:00,0.0
2025-12-20 10:00:00,0.0
2025-12-20 11:00:00,0.0
2025-12-20 12:00:00,0.0
2025-12-20 13:00:00,0.0
2025-12-20 14:00:00,0.0
2025-12-20 15:00:00,0.0
2025-12-20 16:00:00,0.0
2025-12-20 17:00:00,0.0
2025-12-20 18:00:00,0.0
2025-12-20 19:00:00,0.0
2025-12-20 20:00:00,0.0
2025-12-20 21:00:00,0.0
2025-12-20 22:00:00,0.0
2025-12-20 23:00:00,0.0
2025-12-21 00:00:00,0.0
2025-12-21 01:00:00,0.0
2025-12-21 02:00:00,0.0
2025-12-21 03:00:00,0.0
2025-12-21 04:00:00,0.0
2025-12-21 05:00:00,0.0
2025-12-21 06:00:00,0.0
2025-12-21 07:00:00,0.0
2025-12-21 08:00:00,0.0
2025-12-21 09:00:00,0.0
2025-12-21 10:00:00,0.0
2025-12-21 11:00:00,0.0
2025-12-21 12:00:00,0.0
2025-12-21 13:00:00,0.0
2025-12-21 14:00:00,0.0
2025-12-21 15:00:00,0.0
2025-12-21 16:00:00,0.0
2025-12-21 17:00:00,0.0
2025-12-21 18:00:00,0.0
2025-12-21 19:00:00,0.0
2025-12-21 20:00:00,0.0
2025-12-21 21:00:00,0.0
2025-12-21 22:00:00,0.0
2025-12-21 23:00:00,0.0
2025-12-22 00:00:00,0.0
2025-12-22 01:00:00,0.0
2025-12-22 02:00:00,0.0
2025-12-22 03:00:00,0.0
2025-12-22 04:00:00,0.0
2025-12-22 05:00:00,0.0
2025-12-22 06:00:00,0.0
2025-12-22 07:00:00,0.0
2025-12-22 08:00:00,0.0
2025-12-22 09:00:00,0.0
2025-12-22 10:00:00,0.0
2025-12-22 11:00:00,0.0
2025-12-22 12:00:00,0.0
2025-12-22 13:00:00,0.0
2025-12-22 14:00:00,0.0
2025-12-22 15:00:00,0.0
2025-12-22 16:00:00,0.0
2025-12-22 17:00:00,0.0
2025-12-22 18:00:00,0.0
2025-12-22 19:00:00,0.0
2025-12-22 20:00:00,0.0
2025-12-22 21:00:00,0.0
2025-12-22 22:00:00,0.0
2025-12-22 23:00:00,0.0
2025-12-23 00:00:00,0.0
2025-12-23 01:00:00,0.0
2025-12-23 02:00:00,0.0
2025-12-23 03:00:00,0.0
2025-12-23 04:00:00,0.0
2025-12-23 05:00:00,0.0
2025-12-23 06:00:00,0.0
2025-12-23 07:00:00,0.0
2025-12-23 08:00:00,0.0
2025-12-23 09:00:00,0.0
2025-12-23 10:00:00,0.0
2025-12-23 11:00:00,0.0
2025-12-23 12:00:00,0.0
2025-12-23 13:00:00,0.0
2025-12-23 14:00:00,0.0
2025-12-23 15:00:00,0.0
2025-12-23 16:00:00,0.0
2025-12-23 17:00:00,0.0
2025-12-23 18:00:00,0.0
2025-12-23 19:00:00,0.0
2025-12-23 20:00:00,0.0
2025-12-23 21:00:00,0.0
2025-12-23 22:00:00,0.0
2025-12-23 23:00:00,0.0
2025-12-24 00:00:00,0.0
2025-12-24 01:00:00,0.0
2025-12-24 02:00:00,0.0
2025-12-24 03:00:00,0.0
2025-12-24 04:00:00,0.0
2025-12-24 05:00:00,0.0
2025-12-24 06:00:00,0.0
2025-12-24 07:00:00,0.0
2025-12-24 08:00:00,0.0
2025-12-24 09:00:00,0.0
2025-12-24 10:00:00,0.0
2025-12-24 11:00:00,0.0
2025-12-24 12:00:00,0.0
2025-12-24 13:00:00,0.0
2025-12-24 14:00:00,0.0
2025-12-24 15:00:00,0.0
2025-12-24 16:00:00,0.0
2025-12-24 17:00:00,0.0
2025-12-24 18:00:00,0.0
2025-12-24 19:00:00,0.0
2025-12-24 20:00:00,0.0
2025-12-24 21:00:00,0.0
2025-12-24 22:00:00,0.0
2025-12-24 23:00:00,0.0
2025-12-25 00:00:00,0.0
2025-12-25 01:00:00,0.0
2025-12-25 02:00:00,0.0
2025-12-25 03:00:00,0.0
2025-12-25 04:00:00,0.0
2025-12-25 05:00:00,0.0
2025-12-25 06:00:00,0.0
2025-12-25 07:00:00,0.0
2025-12-25 08:00:00,0.0
2025-12-25 09:00:00,0.0
2025-12-25 10:00:00,0.0
2025-12-25 11:00:00,0.0
2025-12-25 12:00:00,0.0
2025-12-25 13:00:00,0.0
2025-12-25 14:00:00,0.0
2025-12-25 15:00:00,0.0
2025-12-25 16:00:00,0.0
2025-12-25 17:00:00,0.0
2025-12-25 18:00:00,0.0
2025-12-25 19:00:00,0.0
2025-12-25 20:00:00,0.0
2025-12-25 21:00:00,0.0
2025-12-25 22:00:00,0.0
2025-12-25 23:00:00,0.0
2025-12-26 00:00:00,0.0
2025-12-26 01:00:00,0.0
2025-12-26 02:00:00,0.0
2025-12-26 03:00:00,0.0
2025-12-26 04:00:00,0.0
2025-12-26 05:00:00,0.0
2025-12-26 06:00:00,0.0
2025-12-26 07:00:00,0.0
2025-12-26 08:00:00,0.0
2025-12-26 09:00:00,0.0
2025-12-26 10:00:00,0.0
2025-12-26 11:00:00,0.0
2025-12-26 12:00:00,0.0
2025-12-26 13:00:00,0.0
2025-12-26 14:00:00,0.0
2025-12-26 15:00:00,0.0
2025-12-26 16:00:00,0.0
2025-12-26 17:00:00,0.0
2025-12-26 18:00:00,0.0
2025-12-26 19:00:00,0.0
2025-12-26 20:00:00,0.0
2025-12-26 21:00:00,0.0
2025-12-26 22:00:00,0.0
2025-12-26 23:00:00,0.0
2025-12-27 00:00:00,0.0
2025-12-27 01:00:00,0.0
2025-12-27 02:00:00,0.0
2025-12-27 03:00:00,0.0
2025-12-27 04:00:00,0.0
2025-12-27 05:00:00,0.0
2025-12-27 06:00:00,0.0
2025-12-27 07:00:00,0.0
2025-12-27 08:00:00,0.0
2025-12-27 09:00:00,0.0
2025-12-27 10:00:00,0.0
2025-12-27 11:00:00,0.0
2025-12-27 12:00:00,0.0
2025-12-27 13:00:00,0.0
2025-12-27 14:00:00,0.0
2025-12-27 15:00:00,0.0
2025-12-27 16:00:00,0.0
2025-12-27 17:00:00,0.0
2025-12-27 18:00:00,0.0
2025-12-27 19:00:00,0.0
2025-12-27 20:00:00,0.0
2025-12-27 21:00:00,0.0
2025-12-27 22:00:00,0.0
2025-12-27 23:00:00,0.0
2025-12-28 00:00:00,0.0
2025-12-28 01:00:00,0.0
2025-12-28 02:00:00,0.0
2025-12-28 03:00:00,0.0
2025-12-28 04:00:00,0.0
2025-12-28 05:00:00,0.0
2025-12-28 06:00:00,0.0
2025-12-28 07:00:00,0.0
2025-12-28 08:00:00,0.0
2025-12-28 09:00:00,0.0
2025-12-28 10:00:00,0.0
2025-12-28 11:00:00,0.0
2025-12-28 12:00:00,0.0
2025-12-28 13:00:00,0.0
2025-12-28 14:00:00,0.0
2025-12-28 15:00:00,0.0
2025-12-28 16:00:00,0.0
2025-12-28 17:00:00,0.0
2025-12-28 18:00:00,0.0
2025-12-28 19:00:00,0.0
2025-12-28 20:00:00,0.0
2025-12-28 21:00:00,0.0
2025-12-28 22:00:00,0.0
2025-12-28 23:00:00,0.0
2025-12-29 00:00:00,0.0
2025-12-29 01:00:00,0.0
2025-12-29 02:00:00,0.0
2025-12-29 03:00:00,0.0
2025-12-29 04:00:00,0.0
2025-12-29 05:00:00,0.0
2025-12-29 06:00:00,0.0
2025-12-29 07:00:00,0.0
2025-12-29 08:00:00,0.0
2025-12-29 09:00:00,0.0
2025-12-29 10:00:00,0.0
2025-12-29 11:00:00,0.0
2025-12-29 12:00:00,0.0
2025-12-29 13:00:00,0.0
2025-12-29 14:00:00,0.0
2025-12-29 15:00:00,0.0
2025-12-29 16:00:00,0.0
2025-12-29 17:00:00,0.0
2025-12-29 18:00:00,0.0
2025-12-29 19:00:00,0.0
2025-12-29 20:00:00,0.0
2025-12-29 21:00:00,0.0
2025-12-29 22:00:00,0.0
2025-12-29 23:00:00,0.0
2025-12-30 00:00:00,0.0
2025-12-30 01:00:00,0.0
2025-12-30 02:00:00,0.0
2025-12-30 03:00:00,0.0
2025-12-30 04:00:00,0.0
2025-12-30 05:00:00,0.0
2025-12-30 06:00:00,0.0
2025-12-30 07:00:00,0.0
2025-12-30 08:00:00,0.0
2025-12-30 09:00:00,0.0
2025-12-30 10:00:00,0.0
2025-12-30 11:00:00,0.0
2025-12-30 12:00:00,0.0
2025-12-30 13:00:00,0.0
2025-12-30 14:00:00,0.0
2025-12-30 15:00:00,0.0
2025-12-30 16:00:00,0.0
2025-12-30 17:00:00,0.0
2025-12-30 18:00:00,0.0
2025-12-30 19:00:00,0.0
2025-12-30 20:00:00,0.0
2025-12-30 21:00:00,0.0
2025-12-30 22:00:00,0.0
2025-12-30 23:00:00,0.0
2025-12-31 00:00:00,0.0
